1,10000007,10000295,10000583,10000871,10001159,10001447,10001735,10002023
2,10000006,10000294,10000582,10000870,10001158,10001446,10001734,10002022
3,10000005,10000293,10000581,10000869,10001157,10001445,10001733,10002021
4,10000004,10000292,10000580,10000868,10001156,10001444,10001732,10002020
5,10000003,10000291,10000579,10000867,10001155,10001443,10001731,10002019
6,10000002,10000290,10000578,10000866,10001154,10001442,10001730,10002018
7,10000001,10000289,10000577,10000865,10001153,10001441,10001729,10002017
8,10000000,10000288,10000576,10000864,10001152,10001440,10001728,10002016
9,-1,-1,-1,-1,-1,-1,-1,-1
10,-1,-1,-1,-1,-1,-1,-1,-1
11,-1,-1,-1,-1,-1,-1,-1,-1
12,-1,-1,-1,-1,-1,-1,-1,-1
13,-1,-1,-1,-1,-1,-1,-1,-1
14,-1,-1,-1,-1,-1,-1,-1,-1
15,-1,-1,-1,-1,-1,-1,-1,-1
16,-1,-1,-1,-1,-1,-1,-1,-1
17,-1,-1,-1,-1,-1,-1,-1,-1
18,-1,-1,-1,-1,-1,-1,-1,-1
19,-1,-1,-1,-1,-1,-1,-1,-1
20,-1,-1,-1,-1,-1,-1,-1,-1
21,-1,-1,-1,-1,-1,-1,-1,-1
22,-1,-1,-1,-1,-1,-1,-1,-1
23,-1,-1,-1,-1,-1,-1,-1,-1
24,-1,-1,-1,-1,-1,-1,-1,-1
25,-1,-1,-1,-1,-1,-1,-1,-1
26,-1,-1,-1,-1,-1,-1,-1,-1
27,-1,-1,-1,-1,-1,-1,-1,-1
28,-1,-1,-1,-1,-1,-1,-1,-1
29,-1,-1,-1,-1,-1,-1,-1,-1
30,-1,-1,-1,-1,-1,-1,-1,-1
31,-1,-1,-1,-1,-1,-1,-1,-1
32,-1,-1,-1,-1,-1,-1,-1,-1
33,-1,-1,-1,-1,-1,-1,-1,-1
34,-1,-1,-1,-1,-1,-1,-1,-1
35,-1,-1,-1,-1,-1,-1,-1,-1
36,-1,-1,-1,-1,-1,-1,-1,-1
37,-1,-1,-1,-1,-1,-1,-1,-1
38,-1,-1,-1,-1,-1,-1,-1,-1
39,-1,-1,-1,-1,-1,-1,-1,-1
40,-1,-1,-1,-1,-1,-1,-1,-1
41,-1,-1,-1,-1,-1,-1,-1,-1
42,-1,-1,-1,-1,-1,-1,-1,-1
43,-1,-1,-1,-1,-1,-1,-1,-1
44,-1,-1,-1,-1,-1,-1,-1,-1
45,-1,-1,-1,-1,-1,-1,-1,-1
46,-1,-1,-1,-1,-1,-1,-1,-1
47,-1,-1,-1,-1,-1,-1,-1,-1
48,-1,-1,-1,-1,-1,-1,-1,-1
49,-1,-1,-1,-1,-1,-1,-1,-1
50,-1,-1,-1,-1,-1,-1,-1,-1
51,-1,-1,-1,-1,-1,-1,-1,-1
52,-1,-1,-1,-1,-1,-1,-1,-1
53,-1,-1,-1,-1,-1,-1,-1,-1
54,-1,-1,-1,-1,-1,-1,-1,-1
55,-1,-1,-1,-1,-1,-1,-1,-1
56,-1,-1,-1,-1,-1,-1,-1,-1
57,-1,-1,-1,-1,-1,-1,-1,-1
58,-1,-1,-1,-1,-1,-1,-1,-1
59,10000015,10000303,10000591,10000879,10001167,10001455,10001743,10002031
60,10000014,10000302,10000590,10000878,10001166,10001454,10001742,10002030
61,10000013,10000301,10000589,10000877,10001165,10001453,10001741,10002029
62,10000012,10000300,10000588,10000876,10001164,10001452,10001740,10002028
63,10000011,10000299,10000587,10000875,10001163,10001451,10001739,10002027
64,10000010,10000298,10000586,10000874,10001162,10001450,10001738,10002026
65,10000009,10000297,10000585,10000873,10001161,10001449,10001737,10002025
66,10000008,10000296,10000584,10000872,10001160,10001448,10001736,10002024
67,-1,-1,-1,-1,-1,-1,-1,-1
68,-1,-1,-1,-1,-1,-1,-1,-1
69,-1,-1,-1,-1,-1,-1,-1,-1
70,-1,-1,-1,-1,-1,-1,-1,-1
71,-1,-1,-1,-1,-1,-1,-1,-1
72,-1,-1,-1,-1,-1,-1,-1,-1
73,-1,-1,-1,-1,-1,-1,-1,-1
74,-1,-1,-1,-1,-1,-1,-1,-1
75,-1,-1,-1,-1,-1,-1,-1,-1
76,-1,-1,-1,-1,-1,-1,-1,-1
77,-1,-1,-1,-1,-1,-1,-1,-1
78,-1,-1,-1,-1,-1,-1,-1,-1
79,-1,-1,-1,-1,-1,-1,-1,-1
80,-1,-1,-1,-1,-1,-1,-1,-1
81,-1,-1,-1,-1,-1,-1,-1,-1
82,-1,-1,-1,-1,-1,-1,-1,-1
83,-1,-1,-1,-1,-1,-1,-1,-1
84,-1,-1,-1,-1,-1,-1,-1,-1
85,-1,-1,-1,-1,-1,-1,-1,-1
86,-1,-1,-1,-1,-1,-1,-1,-1
87,-1,-1,-1,-1,-1,-1,-1,-1
88,-1,-1,-1,-1,-1,-1,-1,-1
89,-1,-1,-1,-1,-1,-1,-1,-1
90,-1,-1,-1,-1,-1,-1,-1,-1
91,-1,-1,-1,-1,-1,-1,-1,-1
92,-1,-1,-1,-1,-1,-1,-1,-1
93,-1,-1,-1,-1,-1,-1,-1,-1
94,-1,-1,-1,-1,-1,-1,-1,-1
95,-1,-1,-1,-1,-1,-1,-1,-1
96,-1,-1,-1,-1,-1,-1,-1,-1
97,-1,-1,-1,-1,-1,-1,-1,-1
98,-1,-1,-1,-1,-1,-1,-1,-1
99,-1,-1,-1,-1,-1,-1,-1,-1
100,-1,-1,-1,-1,-1,-1,-1,-1
101,-1,-1,-1,-1,-1,-1,-1,-1
102,-1,-1,-1,-1,-1,-1,-1,-1
103,-1,-1,-1,-1,-1,-1,-1,-1
104,-1,-1,-1,-1,-1,-1,-1,-1
105,-1,-1,-1,-1,-1,-1,-1,-1
106,-1,-1,-1,-1,-1,-1,-1,-1
107,-1,-1,-1,-1,-1,-1,-1,-1
108,-1,-1,-1,-1,-1,-1,-1,-1
109,-1,-1,-1,-1,-1,-1,-1,-1
110,-1,-1,-1,-1,-1,-1,-1,-1
111,-1,-1,-1,-1,-1,-1,-1,-1
112,-1,-1,-1,-1,-1,-1,-1,-1
113,-1,-1,-1,-1,-1,-1,-1,-1
114,-1,-1,-1,-1,-1,-1,-1,-1
115,-1,-1,-1,-1,-1,-1,-1,-1
116,-1,-1,-1,-1,-1,-1,-1,-1
117,10000023,10000311,10000599,10000887,10001175,10001463,10001751,10002039
118,10000022,10000310,10000598,10000886,10001174,10001462,10001750,10002038
119,10000021,10000309,10000597,10000885,10001173,10001461,10001749,10002037
120,10000020,10000308,10000596,10000884,10001172,10001460,10001748,10002036
121,10000019,10000307,10000595,10000883,10001171,10001459,10001747,10002035
122,10000018,10000306,10000594,10000882,10001170,10001458,10001746,10002034
123,10000017,10000305,10000593,10000881,10001169,10001457,10001745,10002033
124,10000016,10000304,10000592,10000880,10001168,10001456,10001744,10002032
125,-1,-1,-1,-1,-1,-1,-1,-1
126,-1,-1,-1,-1,-1,-1,-1,-1
127,-1,-1,-1,-1,-1,-1,-1,-1
128,-1,-1,-1,-1,-1,-1,-1,-1
129,-1,-1,-1,-1,-1,-1,-1,-1
130,-1,-1,-1,-1,-1,-1,-1,-1
131,-1,-1,-1,-1,-1,-1,-1,-1
132,-1,-1,-1,-1,-1,-1,-1,-1
133,-1,-1,-1,-1,-1,-1,-1,-1
134,-1,-1,-1,-1,-1,-1,-1,-1
135,-1,-1,-1,-1,-1,-1,-1,-1
136,-1,-1,-1,-1,-1,-1,-1,-1
137,-1,-1,-1,-1,-1,-1,-1,-1
138,-1,-1,-1,-1,-1,-1,-1,-1
139,-1,-1,-1,-1,-1,-1,-1,-1
140,-1,-1,-1,-1,-1,-1,-1,-1
141,-1,-1,-1,-1,-1,-1,-1,-1
142,-1,-1,-1,-1,-1,-1,-1,-1
143,-1,-1,-1,-1,-1,-1,-1,-1
144,-1,-1,-1,-1,-1,-1,-1,-1
145,-1,-1,-1,-1,-1,-1,-1,-1
146,-1,-1,-1,-1,-1,-1,-1,-1
147,-1,-1,-1,-1,-1,-1,-1,-1
148,-1,-1,-1,-1,-1,-1,-1,-1
149,-1,-1,-1,-1,-1,-1,-1,-1
150,-1,-1,-1,-1,-1,-1,-1,-1
151,-1,-1,-1,-1,-1,-1,-1,-1
152,-1,-1,-1,-1,-1,-1,-1,-1
153,-1,-1,-1,-1,-1,-1,-1,-1
154,-1,-1,-1,-1,-1,-1,-1,-1
155,-1,-1,-1,-1,-1,-1,-1,-1
156,-1,-1,-1,-1,-1,-1,-1,-1
157,-1,-1,-1,-1,-1,-1,-1,-1
158,-1,-1,-1,-1,-1,-1,-1,-1
159,-1,-1,-1,-1,-1,-1,-1,-1
160,-1,-1,-1,-1,-1,-1,-1,-1
161,-1,-1,-1,-1,-1,-1,-1,-1
162,-1,-1,-1,-1,-1,-1,-1,-1
163,-1,-1,-1,-1,-1,-1,-1,-1
164,-1,-1,-1,-1,-1,-1,-1,-1
165,-1,-1,-1,-1,-1,-1,-1,-1
166,-1,-1,-1,-1,-1,-1,-1,-1
167,-1,-1,-1,-1,-1,-1,-1,-1
168,-1,-1,-1,-1,-1,-1,-1,-1
169,-1,-1,-1,-1,-1,-1,-1,-1
170,-1,-1,-1,-1,-1,-1,-1,-1
171,-1,-1,-1,-1,-1,-1,-1,-1
172,-1,-1,-1,-1,-1,-1,-1,-1
173,-1,-1,-1,-1,-1,-1,-1,-1
174,-1,-1,-1,-1,-1,-1,-1,-1
175,10000031,10000319,10000607,10000895,10001183,10001471,10001759,10002047
176,10000030,10000318,10000606,10000894,10001182,10001470,10001758,10002046
177,10000029,10000317,10000605,10000893,10001181,10001469,10001757,10002045
178,10000028,10000316,10000604,10000892,10001180,10001468,10001756,10002044
179,10000027,10000315,10000603,10000891,10001179,10001467,10001755,10002043
180,10000026,10000314,10000602,10000890,10001178,10001466,10001754,10002042
181,10000025,10000313,10000601,10000889,10001177,10001465,10001753,10002041
182,10000024,10000312,10000600,10000888,10001176,10001464,10001752,10002040
183,-1,-1,-1,-1,-1,-1,-1,-1
184,-1,-1,-1,-1,-1,-1,-1,-1
185,-1,-1,-1,-1,-1,-1,-1,-1
186,-1,-1,-1,-1,-1,-1,-1,-1
187,-1,-1,-1,-1,-1,-1,-1,-1
188,-1,-1,-1,-1,-1,-1,-1,-1
189,-1,-1,-1,-1,-1,-1,-1,-1
190,-1,-1,-1,-1,-1,-1,-1,-1
191,-1,-1,-1,-1,-1,-1,-1,-1
192,-1,-1,-1,-1,-1,-1,-1,-1
193,-1,-1,-1,-1,-1,-1,-1,-1
194,-1,-1,-1,-1,-1,-1,-1,-1
195,-1,-1,-1,-1,-1,-1,-1,-1
196,-1,-1,-1,-1,-1,-1,-1,-1
197,-1,-1,-1,-1,-1,-1,-1,-1
198,-1,-1,-1,-1,-1,-1,-1,-1
199,-1,-1,-1,-1,-1,-1,-1,-1
200,-1,-1,-1,-1,-1,-1,-1,-1
201,-1,-1,-1,-1,-1,-1,-1,-1
202,-1,-1,-1,-1,-1,-1,-1,-1
203,-1,-1,-1,-1,-1,-1,-1,-1
204,-1,-1,-1,-1,-1,-1,-1,-1
205,-1,-1,-1,-1,-1,-1,-1,-1
206,-1,-1,-1,-1,-1,-1,-1,-1
207,-1,-1,-1,-1,-1,-1,-1,-1
208,-1,-1,-1,-1,-1,-1,-1,-1
209,-1,-1,-1,-1,-1,-1,-1,-1
210,-1,-1,-1,-1,-1,-1,-1,-1
211,-1,-1,-1,-1,-1,-1,-1,-1
212,-1,-1,-1,-1,-1,-1,-1,-1
213,-1,-1,-1,-1,-1,-1,-1,-1
214,-1,-1,-1,-1,-1,-1,-1,-1
215,-1,-1,-1,-1,-1,-1,-1,-1
216,-1,-1,-1,-1,-1,-1,-1,-1
217,-1,-1,-1,-1,-1,-1,-1,-1
218,-1,-1,-1,-1,-1,-1,-1,-1
219,-1,-1,-1,-1,-1,-1,-1,-1
220,-1,-1,-1,-1,-1,-1,-1,-1
221,-1,-1,-1,-1,-1,-1,-1,-1
222,-1,-1,-1,-1,-1,-1,-1,-1
223,-1,-1,-1,-1,-1,-1,-1,-1
224,-1,-1,-1,-1,-1,-1,-1,-1
225,-1,-1,-1,-1,-1,-1,-1,-1
226,-1,-1,-1,-1,-1,-1,-1,-1
227,-1,-1,-1,-1,-1,-1,-1,-1
228,-1,-1,-1,-1,-1,-1,-1,-1
229,-1,-1,-1,-1,-1,-1,-1,-1
230,-1,-1,-1,-1,-1,-1,-1,-1
231,-1,-1,-1,-1,-1,-1,-1,-1
232,-1,-1,-1,-1,-1,-1,-1,-1
233,10000039,10000327,10000615,10000903,10001191,10001479,10001767,10002055
234,10000038,10000326,10000614,10000902,10001190,10001478,10001766,10002054
235,10000037,10000325,10000613,10000901,10001189,10001477,10001765,10002053
236,10000036,10000324,10000612,10000900,10001188,10001476,10001764,10002052
237,10000035,10000323,10000611,10000899,10001187,10001475,10001763,10002051
238,10000034,10000322,10000610,10000898,10001186,10001474,10001762,10002050
239,10000033,10000321,10000609,10000897,10001185,10001473,10001761,10002049
240,10000032,10000320,10000608,10000896,10001184,10001472,10001760,10002048
241,-1,-1,-1,-1,-1,-1,-1,-1
242,-1,-1,-1,-1,-1,-1,-1,-1
243,-1,-1,-1,-1,-1,-1,-1,-1
244,-1,-1,-1,-1,-1,-1,-1,-1
245,-1,-1,-1,-1,-1,-1,-1,-1
246,-1,-1,-1,-1,-1,-1,-1,-1
247,-1,-1,-1,-1,-1,-1,-1,-1
248,-1,-1,-1,-1,-1,-1,-1,-1
249,-1,-1,-1,-1,-1,-1,-1,-1
250,-1,-1,-1,-1,-1,-1,-1,-1
251,-1,-1,-1,-1,-1,-1,-1,-1
252,-1,-1,-1,-1,-1,-1,-1,-1
253,-1,-1,-1,-1,-1,-1,-1,-1
254,-1,-1,-1,-1,-1,-1,-1,-1
255,-1,-1,-1,-1,-1,-1,-1,-1
256,-1,-1,-1,-1,-1,-1,-1,-1
257,-1,-1,-1,-1,-1,-1,-1,-1
258,-1,-1,-1,-1,-1,-1,-1,-1
259,-1,-1,-1,-1,-1,-1,-1,-1
260,-1,-1,-1,-1,-1,-1,-1,-1
261,-1,-1,-1,-1,-1,-1,-1,-1
262,-1,-1,-1,-1,-1,-1,-1,-1
263,-1,-1,-1,-1,-1,-1,-1,-1
264,-1,-1,-1,-1,-1,-1,-1,-1
265,-1,-1,-1,-1,-1,-1,-1,-1
266,-1,-1,-1,-1,-1,-1,-1,-1
267,-1,-1,-1,-1,-1,-1,-1,-1
268,-1,-1,-1,-1,-1,-1,-1,-1
269,-1,-1,-1,-1,-1,-1,-1,-1
270,-1,-1,-1,-1,-1,-1,-1,-1
271,-1,-1,-1,-1,-1,-1,-1,-1
272,-1,-1,-1,-1,-1,-1,-1,-1
273,-1,-1,-1,-1,-1,-1,-1,-1
274,-1,-1,-1,-1,-1,-1,-1,-1
275,-1,-1,-1,-1,-1,-1,-1,-1
276,-1,-1,-1,-1,-1,-1,-1,-1
277,-1,-1,-1,-1,-1,-1,-1,-1
278,-1,-1,-1,-1,-1,-1,-1,-1
279,-1,-1,-1,-1,-1,-1,-1,-1
280,-1,-1,-1,-1,-1,-1,-1,-1
281,-1,-1,-1,-1,-1,-1,-1,-1
282,-1,-1,-1,-1,-1,-1,-1,-1
283,-1,-1,-1,-1,-1,-1,-1,-1
284,-1,-1,-1,-1,-1,-1,-1,-1
285,-1,-1,-1,-1,-1,-1,-1,-1
286,-1,-1,-1,-1,-1,-1,-1,-1
287,-1,-1,-1,-1,-1,-1,-1,-1
288,-1,-1,-1,-1,-1,-1,-1,-1
289,-1,-1,-1,-1,-1,-1,-1,-1
290,-1,-1,-1,-1,-1,-1,-1,-1
291,10000047,10000335,10000623,10000911,10001199,10001487,10001775,10002063
292,10000046,10000334,10000622,10000910,10001198,10001486,10001774,10002062
293,10000045,10000333,10000621,10000909,10001197,10001485,10001773,10002061
294,10000044,10000332,10000620,10000908,10001196,10001484,10001772,10002060
295,10000043,10000331,10000619,10000907,10001195,10001483,10001771,10002059
296,10000042,10000330,10000618,10000906,10001194,10001482,10001770,10002058
297,10000041,10000329,10000617,10000905,10001193,10001481,10001769,10002057
298,10000040,10000328,10000616,10000904,10001192,10001480,10001768,10002056
299,-1,-1,-1,-1,-1,-1,-1,-1
300,-1,-1,-1,-1,-1,-1,-1,-1
301,-1,-1,-1,-1,-1,-1,-1,-1
302,-1,-1,-1,-1,-1,-1,-1,-1
303,-1,-1,-1,-1,-1,-1,-1,-1
304,-1,-1,-1,-1,-1,-1,-1,-1
305,-1,-1,-1,-1,-1,-1,-1,-1
306,-1,-1,-1,-1,-1,-1,-1,-1
307,-1,-1,-1,-1,-1,-1,-1,-1
308,-1,-1,-1,-1,-1,-1,-1,-1
309,-1,-1,-1,-1,-1,-1,-1,-1
310,-1,-1,-1,-1,-1,-1,-1,-1
311,-1,-1,-1,-1,-1,-1,-1,-1
312,-1,-1,-1,-1,-1,-1,-1,-1
313,-1,-1,-1,-1,-1,-1,-1,-1
314,-1,-1,-1,-1,-1,-1,-1,-1
315,-1,-1,-1,-1,-1,-1,-1,-1
316,-1,-1,-1,-1,-1,-1,-1,-1
317,-1,-1,-1,-1,-1,-1,-1,-1
318,-1,-1,-1,-1,-1,-1,-1,-1
319,-1,-1,-1,-1,-1,-1,-1,-1
320,-1,-1,-1,-1,-1,-1,-1,-1
321,-1,-1,-1,-1,-1,-1,-1,-1
322,-1,-1,-1,-1,-1,-1,-1,-1
323,-1,-1,-1,-1,-1,-1,-1,-1
324,-1,-1,-1,-1,-1,-1,-1,-1
325,-1,-1,-1,-1,-1,-1,-1,-1
326,-1,-1,-1,-1,-1,-1,-1,-1
327,-1,-1,-1,-1,-1,-1,-1,-1
328,-1,-1,-1,-1,-1,-1,-1,-1
329,-1,-1,-1,-1,-1,-1,-1,-1
330,-1,-1,-1,-1,-1,-1,-1,-1
331,-1,-1,-1,-1,-1,-1,-1,-1
332,-1,-1,-1,-1,-1,-1,-1,-1
333,-1,-1,-1,-1,-1,-1,-1,-1
334,-1,-1,-1,-1,-1,-1,-1,-1
335,-1,-1,-1,-1,-1,-1,-1,-1
336,-1,-1,-1,-1,-1,-1,-1,-1
337,-1,-1,-1,-1,-1,-1,-1,-1
338,-1,-1,-1,-1,-1,-1,-1,-1
339,-1,-1,-1,-1,-1,-1,-1,-1
340,-1,-1,-1,-1,-1,-1,-1,-1
341,-1,-1,-1,-1,-1,-1,-1,-1
342,-1,-1,-1,-1,-1,-1,-1,-1
343,-1,-1,-1,-1,-1,-1,-1,-1
344,-1,-1,-1,-1,-1,-1,-1,-1
345,-1,-1,-1,-1,-1,-1,-1,-1
346,-1,-1,-1,-1,-1,-1,-1,-1
347,-1,-1,-1,-1,-1,-1,-1,-1
348,-1,-1,-1,-1,-1,-1,-1,-1
349,10000055,10000343,10000631,10000919,10001207,10001495,10001783,10002071
350,10000054,10000342,10000630,10000918,10001206,10001494,10001782,10002070
351,10000053,10000341,10000629,10000917,10001205,10001493,10001781,10002069
352,10000052,10000340,10000628,10000916,10001204,10001492,10001780,10002068
353,10000051,10000339,10000627,10000915,10001203,10001491,10001779,10002067
354,10000050,10000338,10000626,10000914,10001202,10001490,10001778,10002066
355,10000049,10000337,10000625,10000913,10001201,10001489,10001777,10002065
356,10000048,10000336,10000624,10000912,10001200,10001488,10001776,10002064
357,-1,-1,-1,-1,-1,-1,-1,-1
358,-1,-1,-1,-1,-1,-1,-1,-1
359,-1,-1,-1,-1,-1,-1,-1,-1
360,-1,-1,-1,-1,-1,-1,-1,-1
361,-1,-1,-1,-1,-1,-1,-1,-1
362,-1,-1,-1,-1,-1,-1,-1,-1
363,-1,-1,-1,-1,-1,-1,-1,-1
364,-1,-1,-1,-1,-1,-1,-1,-1
365,-1,-1,-1,-1,-1,-1,-1,-1
366,-1,-1,-1,-1,-1,-1,-1,-1
367,-1,-1,-1,-1,-1,-1,-1,-1
368,-1,-1,-1,-1,-1,-1,-1,-1
369,-1,-1,-1,-1,-1,-1,-1,-1
370,-1,-1,-1,-1,-1,-1,-1,-1
371,-1,-1,-1,-1,-1,-1,-1,-1
372,-1,-1,-1,-1,-1,-1,-1,-1
373,-1,-1,-1,-1,-1,-1,-1,-1
374,-1,-1,-1,-1,-1,-1,-1,-1
375,-1,-1,-1,-1,-1,-1,-1,-1
376,-1,-1,-1,-1,-1,-1,-1,-1
377,-1,-1,-1,-1,-1,-1,-1,-1
378,-1,-1,-1,-1,-1,-1,-1,-1
379,-1,-1,-1,-1,-1,-1,-1,-1
380,-1,-1,-1,-1,-1,-1,-1,-1
381,-1,-1,-1,-1,-1,-1,-1,-1
382,-1,-1,-1,-1,-1,-1,-1,-1
383,-1,-1,-1,-1,-1,-1,-1,-1
384,-1,-1,-1,-1,-1,-1,-1,-1
385,-1,-1,-1,-1,-1,-1,-1,-1
386,-1,-1,-1,-1,-1,-1,-1,-1
387,-1,-1,-1,-1,-1,-1,-1,-1
388,-1,-1,-1,-1,-1,-1,-1,-1
389,-1,-1,-1,-1,-1,-1,-1,-1
390,-1,-1,-1,-1,-1,-1,-1,-1
391,-1,-1,-1,-1,-1,-1,-1,-1
392,-1,-1,-1,-1,-1,-1,-1,-1
393,-1,-1,-1,-1,-1,-1,-1,-1
394,-1,-1,-1,-1,-1,-1,-1,-1
395,-1,-1,-1,-1,-1,-1,-1,-1
396,-1,-1,-1,-1,-1,-1,-1,-1
397,-1,-1,-1,-1,-1,-1,-1,-1
398,-1,-1,-1,-1,-1,-1,-1,-1
399,-1,-1,-1,-1,-1,-1,-1,-1
400,-1,-1,-1,-1,-1,-1,-1,-1
401,-1,-1,-1,-1,-1,-1,-1,-1
402,-1,-1,-1,-1,-1,-1,-1,-1
403,-1,-1,-1,-1,-1,-1,-1,-1
404,-1,-1,-1,-1,-1,-1,-1,-1
405,-1,-1,-1,-1,-1,-1,-1,-1
406,-1,-1,-1,-1,-1,-1,-1,-1
407,10000063,10000351,10000639,10000927,10001215,10001503,10001791,10002079
408,10000062,10000350,10000638,10000926,10001214,10001502,10001790,10002078
409,10000061,10000349,10000637,10000925,10001213,10001501,10001789,10002077
410,10000060,10000348,10000636,10000924,10001212,10001500,10001788,10002076
411,10000059,10000347,10000635,10000923,10001211,10001499,10001787,10002075
412,10000058,10000346,10000634,10000922,10001210,10001498,10001786,10002074
413,10000057,10000345,10000633,10000921,10001209,10001497,10001785,10002073
414,10000056,10000344,10000632,10000920,10001208,10001496,10001784,10002072
415,-1,-1,-1,-1,-1,-1,-1,-1
416,-1,-1,-1,-1,-1,-1,-1,-1
417,-1,-1,-1,-1,-1,-1,-1,-1
418,-1,-1,-1,-1,-1,-1,-1,-1
419,-1,-1,-1,-1,-1,-1,-1,-1
420,-1,-1,-1,-1,-1,-1,-1,-1
421,-1,-1,-1,-1,-1,-1,-1,-1
422,-1,-1,-1,-1,-1,-1,-1,-1
423,-1,-1,-1,-1,-1,-1,-1,-1
424,-1,-1,-1,-1,-1,-1,-1,-1
425,-1,-1,-1,-1,-1,-1,-1,-1
426,-1,-1,-1,-1,-1,-1,-1,-1
427,-1,-1,-1,-1,-1,-1,-1,-1
428,-1,-1,-1,-1,-1,-1,-1,-1
429,-1,-1,-1,-1,-1,-1,-1,-1
430,-1,-1,-1,-1,-1,-1,-1,-1
431,-1,-1,-1,-1,-1,-1,-1,-1
432,-1,-1,-1,-1,-1,-1,-1,-1
433,-1,-1,-1,-1,-1,-1,-1,-1
434,-1,-1,-1,-1,-1,-1,-1,-1
435,-1,-1,-1,-1,-1,-1,-1,-1
436,-1,-1,-1,-1,-1,-1,-1,-1
437,-1,-1,-1,-1,-1,-1,-1,-1
438,-1,-1,-1,-1,-1,-1,-1,-1
439,-1,-1,-1,-1,-1,-1,-1,-1
440,-1,-1,-1,-1,-1,-1,-1,-1
441,-1,-1,-1,-1,-1,-1,-1,-1
442,-1,-1,-1,-1,-1,-1,-1,-1
443,-1,-1,-1,-1,-1,-1,-1,-1
444,-1,-1,-1,-1,-1,-1,-1,-1
445,-1,-1,-1,-1,-1,-1,-1,-1
446,-1,-1,-1,-1,-1,-1,-1,-1
447,-1,-1,-1,-1,-1,-1,-1,-1
448,-1,-1,-1,-1,-1,-1,-1,-1
449,-1,-1,-1,-1,-1,-1,-1,-1
450,-1,-1,-1,-1,-1,-1,-1,-1
451,-1,-1,-1,-1,-1,-1,-1,-1
452,-1,-1,-1,-1,-1,-1,-1,-1
453,-1,-1,-1,-1,-1,-1,-1,-1
454,-1,-1,-1,-1,-1,-1,-1,-1
455,-1,-1,-1,-1,-1,-1,-1,-1
456,-1,-1,-1,-1,-1,-1,-1,-1
457,-1,-1,-1,-1,-1,-1,-1,-1
458,-1,-1,-1,-1,-1,-1,-1,-1
459,-1,-1,-1,-1,-1,-1,-1,-1
460,-1,-1,-1,-1,-1,-1,-1,-1
461,-1,-1,-1,-1,-1,-1,-1,-1
462,-1,-1,-1,-1,-1,-1,-1,-1
463,-1,-1,-1,-1,-1,-1,-1,-1
464,-1,-1,-1,-1,-1,-1,-1,-1
465,10000071,10000359,10000647,10000935,10001223,10001511,10001799,10002087
466,10000070,10000358,10000646,10000934,10001222,10001510,10001798,10002086
467,10000069,10000357,10000645,10000933,10001221,10001509,10001797,10002085
468,10000068,10000356,10000644,10000932,10001220,10001508,10001796,10002084
469,10000067,10000355,10000643,10000931,10001219,10001507,10001795,10002083
470,10000066,10000354,10000642,10000930,10001218,10001506,10001794,10002082
471,10000065,10000353,10000641,10000929,10001217,10001505,10001793,10002081
472,10000064,10000352,10000640,10000928,10001216,10001504,10001792,10002080
473,-1,-1,-1,-1,-1,-1,-1,-1
474,-1,-1,-1,-1,-1,-1,-1,-1
475,-1,-1,-1,-1,-1,-1,-1,-1
476,-1,-1,-1,-1,-1,-1,-1,-1
477,-1,-1,-1,-1,-1,-1,-1,-1
478,-1,-1,-1,-1,-1,-1,-1,-1
479,-1,-1,-1,-1,-1,-1,-1,-1
480,-1,-1,-1,-1,-1,-1,-1,-1
481,-1,-1,-1,-1,-1,-1,-1,-1
482,-1,-1,-1,-1,-1,-1,-1,-1
483,-1,-1,-1,-1,-1,-1,-1,-1
484,-1,-1,-1,-1,-1,-1,-1,-1
485,-1,-1,-1,-1,-1,-1,-1,-1
486,-1,-1,-1,-1,-1,-1,-1,-1
487,-1,-1,-1,-1,-1,-1,-1,-1
488,-1,-1,-1,-1,-1,-1,-1,-1
489,-1,-1,-1,-1,-1,-1,-1,-1
490,-1,-1,-1,-1,-1,-1,-1,-1
491,-1,-1,-1,-1,-1,-1,-1,-1
492,-1,-1,-1,-1,-1,-1,-1,-1
493,-1,-1,-1,-1,-1,-1,-1,-1
494,-1,-1,-1,-1,-1,-1,-1,-1
495,-1,-1,-1,-1,-1,-1,-1,-1
496,-1,-1,-1,-1,-1,-1,-1,-1
497,-1,-1,-1,-1,-1,-1,-1,-1
498,-1,-1,-1,-1,-1,-1,-1,-1
499,-1,-1,-1,-1,-1,-1,-1,-1
500,-1,-1,-1,-1,-1,-1,-1,-1
501,-1,-1,-1,-1,-1,-1,-1,-1
502,-1,-1,-1,-1,-1,-1,-1,-1
503,-1,-1,-1,-1,-1,-1,-1,-1
504,-1,-1,-1,-1,-1,-1,-1,-1
505,-1,-1,-1,-1,-1,-1,-1,-1
506,-1,-1,-1,-1,-1,-1,-1,-1
507,-1,-1,-1,-1,-1,-1,-1,-1
508,-1,-1,-1,-1,-1,-1,-1,-1
509,-1,-1,-1,-1,-1,-1,-1,-1
510,-1,-1,-1,-1,-1,-1,-1,-1
511,-1,-1,-1,-1,-1,-1,-1,-1
512,-1,-1,-1,-1,-1,-1,-1,-1
513,-1,-1,-1,-1,-1,-1,-1,-1
514,-1,-1,-1,-1,-1,-1,-1,-1
515,-1,-1,-1,-1,-1,-1,-1,-1
516,-1,-1,-1,-1,-1,-1,-1,-1
517,-1,-1,-1,-1,-1,-1,-1,-1
518,-1,-1,-1,-1,-1,-1,-1,-1
519,-1,-1,-1,-1,-1,-1,-1,-1
520,-1,-1,-1,-1,-1,-1,-1,-1
521,-1,-1,-1,-1,-1,-1,-1,-1
522,-1,-1,-1,-1,-1,-1,-1,-1
523,10000079,10000367,10000655,10000943,10001231,10001519,10001807,10002095
524,10000078,10000366,10000654,10000942,10001230,10001518,10001806,10002094
525,10000077,10000365,10000653,10000941,10001229,10001517,10001805,10002093
526,10000076,10000364,10000652,10000940,10001228,10001516,10001804,10002092
527,10000075,10000363,10000651,10000939,10001227,10001515,10001803,10002091
528,10000074,10000362,10000650,10000938,10001226,10001514,10001802,10002090
529,10000073,10000361,10000649,10000937,10001225,10001513,10001801,10002089
530,10000072,10000360,10000648,10000936,10001224,10001512,10001800,10002088
531,-1,-1,-1,-1,-1,-1,-1,-1
532,-1,-1,-1,-1,-1,-1,-1,-1
533,-1,-1,-1,-1,-1,-1,-1,-1
534,-1,-1,-1,-1,-1,-1,-1,-1
535,-1,-1,-1,-1,-1,-1,-1,-1
536,-1,-1,-1,-1,-1,-1,-1,-1
537,-1,-1,-1,-1,-1,-1,-1,-1
538,-1,-1,-1,-1,-1,-1,-1,-1
539,-1,-1,-1,-1,-1,-1,-1,-1
540,-1,-1,-1,-1,-1,-1,-1,-1
541,-1,-1,-1,-1,-1,-1,-1,-1
542,-1,-1,-1,-1,-1,-1,-1,-1
543,-1,-1,-1,-1,-1,-1,-1,-1
544,-1,-1,-1,-1,-1,-1,-1,-1
545,-1,-1,-1,-1,-1,-1,-1,-1
546,-1,-1,-1,-1,-1,-1,-1,-1
547,-1,-1,-1,-1,-1,-1,-1,-1
548,-1,-1,-1,-1,-1,-1,-1,-1
549,-1,-1,-1,-1,-1,-1,-1,-1
550,-1,-1,-1,-1,-1,-1,-1,-1
551,-1,-1,-1,-1,-1,-1,-1,-1
552,-1,-1,-1,-1,-1,-1,-1,-1
553,-1,-1,-1,-1,-1,-1,-1,-1
554,-1,-1,-1,-1,-1,-1,-1,-1
555,-1,-1,-1,-1,-1,-1,-1,-1
556,-1,-1,-1,-1,-1,-1,-1,-1
557,-1,-1,-1,-1,-1,-1,-1,-1
558,-1,-1,-1,-1,-1,-1,-1,-1
559,-1,-1,-1,-1,-1,-1,-1,-1
560,-1,-1,-1,-1,-1,-1,-1,-1
561,-1,-1,-1,-1,-1,-1,-1,-1
562,-1,-1,-1,-1,-1,-1,-1,-1
563,-1,-1,-1,-1,-1,-1,-1,-1
564,-1,-1,-1,-1,-1,-1,-1,-1
565,-1,-1,-1,-1,-1,-1,-1,-1
566,-1,-1,-1,-1,-1,-1,-1,-1
567,-1,-1,-1,-1,-1,-1,-1,-1
568,-1,-1,-1,-1,-1,-1,-1,-1
569,-1,-1,-1,-1,-1,-1,-1,-1
570,-1,-1,-1,-1,-1,-1,-1,-1
571,-1,-1,-1,-1,-1,-1,-1,-1
572,-1,-1,-1,-1,-1,-1,-1,-1
573,-1,-1,-1,-1,-1,-1,-1,-1
574,-1,-1,-1,-1,-1,-1,-1,-1
575,-1,-1,-1,-1,-1,-1,-1,-1
576,-1,-1,-1,-1,-1,-1,-1,-1
577,-1,-1,-1,-1,-1,-1,-1,-1
578,-1,-1,-1,-1,-1,-1,-1,-1
579,-1,-1,-1,-1,-1,-1,-1,-1
580,-1,-1,-1,-1,-1,-1,-1,-1
581,10000087,10000375,10000663,10000951,10001239,10001527,10001815,10002103
582,10000086,10000374,10000662,10000950,10001238,10001526,10001814,10002102
583,10000085,10000373,10000661,10000949,10001237,10001525,10001813,10002101
584,10000084,10000372,10000660,10000948,10001236,10001524,10001812,10002100
585,10000083,10000371,10000659,10000947,10001235,10001523,10001811,10002099
586,10000082,10000370,10000658,10000946,10001234,10001522,10001810,10002098
587,10000081,10000369,10000657,10000945,10001233,10001521,10001809,10002097
588,10000080,10000368,10000656,10000944,10001232,10001520,10001808,10002096
589,-1,-1,-1,-1,-1,-1,-1,-1
590,-1,-1,-1,-1,-1,-1,-1,-1
591,-1,-1,-1,-1,-1,-1,-1,-1
592,-1,-1,-1,-1,-1,-1,-1,-1
593,-1,-1,-1,-1,-1,-1,-1,-1
594,-1,-1,-1,-1,-1,-1,-1,-1
595,-1,-1,-1,-1,-1,-1,-1,-1
596,-1,-1,-1,-1,-1,-1,-1,-1
597,-1,-1,-1,-1,-1,-1,-1,-1
598,-1,-1,-1,-1,-1,-1,-1,-1
599,-1,-1,-1,-1,-1,-1,-1,-1
600,-1,-1,-1,-1,-1,-1,-1,-1
601,-1,-1,-1,-1,-1,-1,-1,-1
602,-1,-1,-1,-1,-1,-1,-1,-1
603,-1,-1,-1,-1,-1,-1,-1,-1
604,-1,-1,-1,-1,-1,-1,-1,-1
605,-1,-1,-1,-1,-1,-1,-1,-1
606,-1,-1,-1,-1,-1,-1,-1,-1
607,-1,-1,-1,-1,-1,-1,-1,-1
608,-1,-1,-1,-1,-1,-1,-1,-1
609,-1,-1,-1,-1,-1,-1,-1,-1
610,-1,-1,-1,-1,-1,-1,-1,-1
611,-1,-1,-1,-1,-1,-1,-1,-1
612,-1,-1,-1,-1,-1,-1,-1,-1
613,-1,-1,-1,-1,-1,-1,-1,-1
614,-1,-1,-1,-1,-1,-1,-1,-1
615,-1,-1,-1,-1,-1,-1,-1,-1
616,-1,-1,-1,-1,-1,-1,-1,-1
617,-1,-1,-1,-1,-1,-1,-1,-1
618,-1,-1,-1,-1,-1,-1,-1,-1
619,-1,-1,-1,-1,-1,-1,-1,-1
620,-1,-1,-1,-1,-1,-1,-1,-1
621,-1,-1,-1,-1,-1,-1,-1,-1
622,-1,-1,-1,-1,-1,-1,-1,-1
623,-1,-1,-1,-1,-1,-1,-1,-1
624,-1,-1,-1,-1,-1,-1,-1,-1
625,-1,-1,-1,-1,-1,-1,-1,-1
626,-1,-1,-1,-1,-1,-1,-1,-1
627,-1,-1,-1,-1,-1,-1,-1,-1
628,-1,-1,-1,-1,-1,-1,-1,-1
629,-1,-1,-1,-1,-1,-1,-1,-1
630,-1,-1,-1,-1,-1,-1,-1,-1
631,-1,-1,-1,-1,-1,-1,-1,-1
632,-1,-1,-1,-1,-1,-1,-1,-1
633,-1,-1,-1,-1,-1,-1,-1,-1
634,-1,-1,-1,-1,-1,-1,-1,-1
635,-1,-1,-1,-1,-1,-1,-1,-1
636,-1,-1,-1,-1,-1,-1,-1,-1
637,-1,-1,-1,-1,-1,-1,-1,-1
638,-1,-1,-1,-1,-1,-1,-1,-1
639,10000095,10000383,10000671,10000959,10001247,10001535,10001823,10002111
640,10000094,10000382,10000670,10000958,10001246,10001534,10001822,10002110
641,10000093,10000381,10000669,10000957,10001245,10001533,10001821,10002109
642,10000092,10000380,10000668,10000956,10001244,10001532,10001820,10002108
643,10000091,10000379,10000667,10000955,10001243,10001531,10001819,10002107
644,10000090,10000378,10000666,10000954,10001242,10001530,10001818,10002106
645,10000089,10000377,10000665,10000953,10001241,10001529,10001817,10002105
646,10000088,10000376,10000664,10000952,10001240,10001528,10001816,10002104
647,-1,-1,-1,-1,-1,-1,-1,-1
648,-1,-1,-1,-1,-1,-1,-1,-1
649,-1,-1,-1,-1,-1,-1,-1,-1
650,-1,-1,-1,-1,-1,-1,-1,-1
651,-1,-1,-1,-1,-1,-1,-1,-1
652,-1,-1,-1,-1,-1,-1,-1,-1
653,-1,-1,-1,-1,-1,-1,-1,-1
654,-1,-1,-1,-1,-1,-1,-1,-1
655,-1,-1,-1,-1,-1,-1,-1,-1
656,-1,-1,-1,-1,-1,-1,-1,-1
657,-1,-1,-1,-1,-1,-1,-1,-1
658,-1,-1,-1,-1,-1,-1,-1,-1
659,-1,-1,-1,-1,-1,-1,-1,-1
660,-1,-1,-1,-1,-1,-1,-1,-1
661,-1,-1,-1,-1,-1,-1,-1,-1
662,-1,-1,-1,-1,-1,-1,-1,-1
663,-1,-1,-1,-1,-1,-1,-1,-1
664,-1,-1,-1,-1,-1,-1,-1,-1
665,-1,-1,-1,-1,-1,-1,-1,-1
666,-1,-1,-1,-1,-1,-1,-1,-1
667,-1,-1,-1,-1,-1,-1,-1,-1
668,-1,-1,-1,-1,-1,-1,-1,-1
669,-1,-1,-1,-1,-1,-1,-1,-1
670,-1,-1,-1,-1,-1,-1,-1,-1
671,-1,-1,-1,-1,-1,-1,-1,-1
672,-1,-1,-1,-1,-1,-1,-1,-1
673,-1,-1,-1,-1,-1,-1,-1,-1
674,-1,-1,-1,-1,-1,-1,-1,-1
675,-1,-1,-1,-1,-1,-1,-1,-1
676,-1,-1,-1,-1,-1,-1,-1,-1
677,-1,-1,-1,-1,-1,-1,-1,-1
678,-1,-1,-1,-1,-1,-1,-1,-1
679,-1,-1,-1,-1,-1,-1,-1,-1
680,-1,-1,-1,-1,-1,-1,-1,-1
681,-1,-1,-1,-1,-1,-1,-1,-1
682,-1,-1,-1,-1,-1,-1,-1,-1
683,-1,-1,-1,-1,-1,-1,-1,-1
684,-1,-1,-1,-1,-1,-1,-1,-1
685,-1,-1,-1,-1,-1,-1,-1,-1
686,-1,-1,-1,-1,-1,-1,-1,-1
687,-1,-1,-1,-1,-1,-1,-1,-1
688,-1,-1,-1,-1,-1,-1,-1,-1
689,-1,-1,-1,-1,-1,-1,-1,-1
690,-1,-1,-1,-1,-1,-1,-1,-1
691,-1,-1,-1,-1,-1,-1,-1,-1
692,-1,-1,-1,-1,-1,-1,-1,-1
693,-1,-1,-1,-1,-1,-1,-1,-1
694,-1,-1,-1,-1,-1,-1,-1,-1
695,-1,-1,-1,-1,-1,-1,-1,-1
696,-1,-1,-1,-1,-1,-1,-1,-1
697,10000103,10000391,10000679,10000967,10001255,10001543,10001831,10002119
698,10000102,10000390,10000678,10000966,10001254,10001542,10001830,10002118
699,10000101,10000389,10000677,10000965,10001253,10001541,10001829,10002117
700,10000100,10000388,10000676,10000964,10001252,10001540,10001828,10002116
701,10000099,10000387,10000675,10000963,10001251,10001539,10001827,10002115
702,10000098,10000386,10000674,10000962,10001250,10001538,10001826,10002114
703,10000097,10000385,10000673,10000961,10001249,10001537,10001825,10002113
704,10000096,10000384,10000672,10000960,10001248,10001536,10001824,10002112
705,-1,-1,-1,-1,-1,-1,-1,-1
706,-1,-1,-1,-1,-1,-1,-1,-1
707,-1,-1,-1,-1,-1,-1,-1,-1
708,-1,-1,-1,-1,-1,-1,-1,-1
709,-1,-1,-1,-1,-1,-1,-1,-1
710,-1,-1,-1,-1,-1,-1,-1,-1
711,-1,-1,-1,-1,-1,-1,-1,-1
712,-1,-1,-1,-1,-1,-1,-1,-1
713,-1,-1,-1,-1,-1,-1,-1,-1
714,-1,-1,-1,-1,-1,-1,-1,-1
715,-1,-1,-1,-1,-1,-1,-1,-1
716,-1,-1,-1,-1,-1,-1,-1,-1
717,-1,-1,-1,-1,-1,-1,-1,-1
718,-1,-1,-1,-1,-1,-1,-1,-1
719,-1,-1,-1,-1,-1,-1,-1,-1
720,-1,-1,-1,-1,-1,-1,-1,-1
721,-1,-1,-1,-1,-1,-1,-1,-1
722,-1,-1,-1,-1,-1,-1,-1,-1
723,-1,-1,-1,-1,-1,-1,-1,-1
724,-1,-1,-1,-1,-1,-1,-1,-1
725,-1,-1,-1,-1,-1,-1,-1,-1
726,-1,-1,-1,-1,-1,-1,-1,-1
727,-1,-1,-1,-1,-1,-1,-1,-1
728,-1,-1,-1,-1,-1,-1,-1,-1
729,-1,-1,-1,-1,-1,-1,-1,-1
730,-1,-1,-1,-1,-1,-1,-1,-1
731,-1,-1,-1,-1,-1,-1,-1,-1
732,-1,-1,-1,-1,-1,-1,-1,-1
733,-1,-1,-1,-1,-1,-1,-1,-1
734,-1,-1,-1,-1,-1,-1,-1,-1
735,-1,-1,-1,-1,-1,-1,-1,-1
736,-1,-1,-1,-1,-1,-1,-1,-1
737,-1,-1,-1,-1,-1,-1,-1,-1
738,-1,-1,-1,-1,-1,-1,-1,-1
739,-1,-1,-1,-1,-1,-1,-1,-1
740,-1,-1,-1,-1,-1,-1,-1,-1
741,-1,-1,-1,-1,-1,-1,-1,-1
742,-1,-1,-1,-1,-1,-1,-1,-1
743,-1,-1,-1,-1,-1,-1,-1,-1
744,-1,-1,-1,-1,-1,-1,-1,-1
745,-1,-1,-1,-1,-1,-1,-1,-1
746,-1,-1,-1,-1,-1,-1,-1,-1
747,-1,-1,-1,-1,-1,-1,-1,-1
748,-1,-1,-1,-1,-1,-1,-1,-1
749,-1,-1,-1,-1,-1,-1,-1,-1
750,-1,-1,-1,-1,-1,-1,-1,-1
751,-1,-1,-1,-1,-1,-1,-1,-1
752,-1,-1,-1,-1,-1,-1,-1,-1
753,-1,-1,-1,-1,-1,-1,-1,-1
754,-1,-1,-1,-1,-1,-1,-1,-1
755,10000111,10000399,10000687,10000975,10001263,10001551,10001839,10002127
756,10000110,10000398,10000686,10000974,10001262,10001550,10001838,10002126
757,10000109,10000397,10000685,10000973,10001261,10001549,10001837,10002125
758,10000108,10000396,10000684,10000972,10001260,10001548,10001836,10002124
759,10000107,10000395,10000683,10000971,10001259,10001547,10001835,10002123
760,10000106,10000394,10000682,10000970,10001258,10001546,10001834,10002122
761,10000105,10000393,10000681,10000969,10001257,10001545,10001833,10002121
762,10000104,10000392,10000680,10000968,10001256,10001544,10001832,10002120
763,-1,-1,-1,-1,-1,-1,-1,-1
764,-1,-1,-1,-1,-1,-1,-1,-1
765,-1,-1,-1,-1,-1,-1,-1,-1
766,-1,-1,-1,-1,-1,-1,-1,-1
767,-1,-1,-1,-1,-1,-1,-1,-1
768,-1,-1,-1,-1,-1,-1,-1,-1
769,-1,-1,-1,-1,-1,-1,-1,-1
770,-1,-1,-1,-1,-1,-1,-1,-1
771,-1,-1,-1,-1,-1,-1,-1,-1
772,-1,-1,-1,-1,-1,-1,-1,-1
773,-1,-1,-1,-1,-1,-1,-1,-1
774,-1,-1,-1,-1,-1,-1,-1,-1
775,-1,-1,-1,-1,-1,-1,-1,-1
776,-1,-1,-1,-1,-1,-1,-1,-1
777,-1,-1,-1,-1,-1,-1,-1,-1
778,-1,-1,-1,-1,-1,-1,-1,-1
779,-1,-1,-1,-1,-1,-1,-1,-1
780,-1,-1,-1,-1,-1,-1,-1,-1
781,-1,-1,-1,-1,-1,-1,-1,-1
782,-1,-1,-1,-1,-1,-1,-1,-1
783,-1,-1,-1,-1,-1,-1,-1,-1
784,-1,-1,-1,-1,-1,-1,-1,-1
785,-1,-1,-1,-1,-1,-1,-1,-1
786,-1,-1,-1,-1,-1,-1,-1,-1
787,-1,-1,-1,-1,-1,-1,-1,-1
788,-1,-1,-1,-1,-1,-1,-1,-1
789,-1,-1,-1,-1,-1,-1,-1,-1
790,-1,-1,-1,-1,-1,-1,-1,-1
791,-1,-1,-1,-1,-1,-1,-1,-1
792,-1,-1,-1,-1,-1,-1,-1,-1
793,-1,-1,-1,-1,-1,-1,-1,-1
794,-1,-1,-1,-1,-1,-1,-1,-1
795,-1,-1,-1,-1,-1,-1,-1,-1
796,-1,-1,-1,-1,-1,-1,-1,-1
797,-1,-1,-1,-1,-1,-1,-1,-1
798,-1,-1,-1,-1,-1,-1,-1,-1
799,-1,-1,-1,-1,-1,-1,-1,-1
800,-1,-1,-1,-1,-1,-1,-1,-1
801,-1,-1,-1,-1,-1,-1,-1,-1
802,-1,-1,-1,-1,-1,-1,-1,-1
803,-1,-1,-1,-1,-1,-1,-1,-1
804,-1,-1,-1,-1,-1,-1,-1,-1
805,-1,-1,-1,-1,-1,-1,-1,-1
806,-1,-1,-1,-1,-1,-1,-1,-1
807,-1,-1,-1,-1,-1,-1,-1,-1
808,-1,-1,-1,-1,-1,-1,-1,-1
809,-1,-1,-1,-1,-1,-1,-1,-1
810,-1,-1,-1,-1,-1,-1,-1,-1
811,-1,-1,-1,-1,-1,-1,-1,-1
812,-1,-1,-1,-1,-1,-1,-1,-1
813,10000119,10000407,10000695,10000983,10001271,10001559,10001847,10002135
814,10000118,10000406,10000694,10000982,10001270,10001558,10001846,10002134
815,10000117,10000405,10000693,10000981,10001269,10001557,10001845,10002133
816,10000116,10000404,10000692,10000980,10001268,10001556,10001844,10002132
817,10000115,10000403,10000691,10000979,10001267,10001555,10001843,10002131
818,10000114,10000402,10000690,10000978,10001266,10001554,10001842,10002130
819,10000113,10000401,10000689,10000977,10001265,10001553,10001841,10002129
820,10000112,10000400,10000688,10000976,10001264,10001552,10001840,10002128
821,-1,-1,-1,-1,-1,-1,-1,-1
822,-1,-1,-1,-1,-1,-1,-1,-1
823,-1,-1,-1,-1,-1,-1,-1,-1
824,-1,-1,-1,-1,-1,-1,-1,-1
825,-1,-1,-1,-1,-1,-1,-1,-1
826,-1,-1,-1,-1,-1,-1,-1,-1
827,-1,-1,-1,-1,-1,-1,-1,-1
828,-1,-1,-1,-1,-1,-1,-1,-1
829,-1,-1,-1,-1,-1,-1,-1,-1
830,-1,-1,-1,-1,-1,-1,-1,-1
831,-1,-1,-1,-1,-1,-1,-1,-1
832,-1,-1,-1,-1,-1,-1,-1,-1
833,-1,-1,-1,-1,-1,-1,-1,-1
834,-1,-1,-1,-1,-1,-1,-1,-1
835,-1,-1,-1,-1,-1,-1,-1,-1
836,-1,-1,-1,-1,-1,-1,-1,-1
837,-1,-1,-1,-1,-1,-1,-1,-1
838,-1,-1,-1,-1,-1,-1,-1,-1
839,-1,-1,-1,-1,-1,-1,-1,-1
840,-1,-1,-1,-1,-1,-1,-1,-1
841,-1,-1,-1,-1,-1,-1,-1,-1
842,-1,-1,-1,-1,-1,-1,-1,-1
843,-1,-1,-1,-1,-1,-1,-1,-1
844,-1,-1,-1,-1,-1,-1,-1,-1
845,-1,-1,-1,-1,-1,-1,-1,-1
846,-1,-1,-1,-1,-1,-1,-1,-1
847,-1,-1,-1,-1,-1,-1,-1,-1
848,-1,-1,-1,-1,-1,-1,-1,-1
849,-1,-1,-1,-1,-1,-1,-1,-1
850,-1,-1,-1,-1,-1,-1,-1,-1
851,-1,-1,-1,-1,-1,-1,-1,-1
852,-1,-1,-1,-1,-1,-1,-1,-1
853,-1,-1,-1,-1,-1,-1,-1,-1
854,-1,-1,-1,-1,-1,-1,-1,-1
855,-1,-1,-1,-1,-1,-1,-1,-1
856,-1,-1,-1,-1,-1,-1,-1,-1
857,-1,-1,-1,-1,-1,-1,-1,-1
858,-1,-1,-1,-1,-1,-1,-1,-1
859,-1,-1,-1,-1,-1,-1,-1,-1
860,-1,-1,-1,-1,-1,-1,-1,-1
861,-1,-1,-1,-1,-1,-1,-1,-1
862,-1,-1,-1,-1,-1,-1,-1,-1
863,-1,-1,-1,-1,-1,-1,-1,-1
864,-1,-1,-1,-1,-1,-1,-1,-1
865,-1,-1,-1,-1,-1,-1,-1,-1
866,-1,-1,-1,-1,-1,-1,-1,-1
867,-1,-1,-1,-1,-1,-1,-1,-1
868,-1,-1,-1,-1,-1,-1,-1,-1
869,-1,-1,-1,-1,-1,-1,-1,-1
870,-1,-1,-1,-1,-1,-1,-1,-1
871,10000127,10000415,10000703,10000991,10001279,10001567,10001855,10002143
872,10000126,10000414,10000702,10000990,10001278,10001566,10001854,10002142
873,10000125,10000413,10000701,10000989,10001277,10001565,10001853,10002141
874,10000124,10000412,10000700,10000988,10001276,10001564,10001852,10002140
875,10000123,10000411,10000699,10000987,10001275,10001563,10001851,10002139
876,10000122,10000410,10000698,10000986,10001274,10001562,10001850,10002138
877,10000121,10000409,10000697,10000985,10001273,10001561,10001849,10002137
878,10000120,10000408,10000696,10000984,10001272,10001560,10001848,10002136
879,-1,-1,-1,-1,-1,-1,-1,-1
880,-1,-1,-1,-1,-1,-1,-1,-1
881,-1,-1,-1,-1,-1,-1,-1,-1
882,-1,-1,-1,-1,-1,-1,-1,-1
883,-1,-1,-1,-1,-1,-1,-1,-1
884,-1,-1,-1,-1,-1,-1,-1,-1
885,-1,-1,-1,-1,-1,-1,-1,-1
886,-1,-1,-1,-1,-1,-1,-1,-1
887,-1,-1,-1,-1,-1,-1,-1,-1
888,-1,-1,-1,-1,-1,-1,-1,-1
889,-1,-1,-1,-1,-1,-1,-1,-1
890,-1,-1,-1,-1,-1,-1,-1,-1
891,-1,-1,-1,-1,-1,-1,-1,-1
892,-1,-1,-1,-1,-1,-1,-1,-1
893,-1,-1,-1,-1,-1,-1,-1,-1
894,-1,-1,-1,-1,-1,-1,-1,-1
895,-1,-1,-1,-1,-1,-1,-1,-1
896,-1,-1,-1,-1,-1,-1,-1,-1
897,-1,-1,-1,-1,-1,-1,-1,-1
898,-1,-1,-1,-1,-1,-1,-1,-1
899,-1,-1,-1,-1,-1,-1,-1,-1
900,-1,-1,-1,-1,-1,-1,-1,-1
901,-1,-1,-1,-1,-1,-1,-1,-1
902,-1,-1,-1,-1,-1,-1,-1,-1
903,-1,-1,-1,-1,-1,-1,-1,-1
904,-1,-1,-1,-1,-1,-1,-1,-1
905,-1,-1,-1,-1,-1,-1,-1,-1
906,-1,-1,-1,-1,-1,-1,-1,-1
907,-1,-1,-1,-1,-1,-1,-1,-1
908,-1,-1,-1,-1,-1,-1,-1,-1
909,-1,-1,-1,-1,-1,-1,-1,-1
910,-1,-1,-1,-1,-1,-1,-1,-1
911,-1,-1,-1,-1,-1,-1,-1,-1
912,-1,-1,-1,-1,-1,-1,-1,-1
913,-1,-1,-1,-1,-1,-1,-1,-1
914,-1,-1,-1,-1,-1,-1,-1,-1
915,-1,-1,-1,-1,-1,-1,-1,-1
916,-1,-1,-1,-1,-1,-1,-1,-1
917,-1,-1,-1,-1,-1,-1,-1,-1
918,-1,-1,-1,-1,-1,-1,-1,-1
919,-1,-1,-1,-1,-1,-1,-1,-1
920,-1,-1,-1,-1,-1,-1,-1,-1
921,-1,-1,-1,-1,-1,-1,-1,-1
922,-1,-1,-1,-1,-1,-1,-1,-1
923,-1,-1,-1,-1,-1,-1,-1,-1
924,-1,-1,-1,-1,-1,-1,-1,-1
925,-1,-1,-1,-1,-1,-1,-1,-1
926,-1,-1,-1,-1,-1,-1,-1,-1
927,-1,-1,-1,-1,-1,-1,-1,-1
928,-1,-1,-1,-1,-1,-1,-1,-1
929,10000135,10000423,10000711,10000999,10001287,10001575,10001863,10002151
930,10000134,10000422,10000710,10000998,10001286,10001574,10001862,10002150
931,10000133,10000421,10000709,10000997,10001285,10001573,10001861,10002149
932,10000132,10000420,10000708,10000996,10001284,10001572,10001860,10002148
933,10000131,10000419,10000707,10000995,10001283,10001571,10001859,10002147
934,10000130,10000418,10000706,10000994,10001282,10001570,10001858,10002146
935,10000129,10000417,10000705,10000993,10001281,10001569,10001857,10002145
936,10000128,10000416,10000704,10000992,10001280,10001568,10001856,10002144
937,-1,-1,-1,-1,-1,-1,-1,-1
938,-1,-1,-1,-1,-1,-1,-1,-1
939,-1,-1,-1,-1,-1,-1,-1,-1
940,-1,-1,-1,-1,-1,-1,-1,-1
941,-1,-1,-1,-1,-1,-1,-1,-1
942,-1,-1,-1,-1,-1,-1,-1,-1
943,-1,-1,-1,-1,-1,-1,-1,-1
944,-1,-1,-1,-1,-1,-1,-1,-1
945,-1,-1,-1,-1,-1,-1,-1,-1
946,-1,-1,-1,-1,-1,-1,-1,-1
947,-1,-1,-1,-1,-1,-1,-1,-1
948,-1,-1,-1,-1,-1,-1,-1,-1
949,-1,-1,-1,-1,-1,-1,-1,-1
950,-1,-1,-1,-1,-1,-1,-1,-1
951,-1,-1,-1,-1,-1,-1,-1,-1
952,-1,-1,-1,-1,-1,-1,-1,-1
953,-1,-1,-1,-1,-1,-1,-1,-1
954,-1,-1,-1,-1,-1,-1,-1,-1
955,-1,-1,-1,-1,-1,-1,-1,-1
956,-1,-1,-1,-1,-1,-1,-1,-1
957,-1,-1,-1,-1,-1,-1,-1,-1
958,-1,-1,-1,-1,-1,-1,-1,-1
959,-1,-1,-1,-1,-1,-1,-1,-1
960,-1,-1,-1,-1,-1,-1,-1,-1
961,-1,-1,-1,-1,-1,-1,-1,-1
962,-1,-1,-1,-1,-1,-1,-1,-1
963,-1,-1,-1,-1,-1,-1,-1,-1
964,-1,-1,-1,-1,-1,-1,-1,-1
965,-1,-1,-1,-1,-1,-1,-1,-1
966,-1,-1,-1,-1,-1,-1,-1,-1
967,-1,-1,-1,-1,-1,-1,-1,-1
968,-1,-1,-1,-1,-1,-1,-1,-1
969,-1,-1,-1,-1,-1,-1,-1,-1
970,-1,-1,-1,-1,-1,-1,-1,-1
971,-1,-1,-1,-1,-1,-1,-1,-1
972,-1,-1,-1,-1,-1,-1,-1,-1
973,-1,-1,-1,-1,-1,-1,-1,-1
974,-1,-1,-1,-1,-1,-1,-1,-1
975,-1,-1,-1,-1,-1,-1,-1,-1
976,-1,-1,-1,-1,-1,-1,-1,-1
977,-1,-1,-1,-1,-1,-1,-1,-1
978,-1,-1,-1,-1,-1,-1,-1,-1
979,-1,-1,-1,-1,-1,-1,-1,-1
980,-1,-1,-1,-1,-1,-1,-1,-1
981,-1,-1,-1,-1,-1,-1,-1,-1
982,-1,-1,-1,-1,-1,-1,-1,-1
983,-1,-1,-1,-1,-1,-1,-1,-1
984,-1,-1,-1,-1,-1,-1,-1,-1
985,-1,-1,-1,-1,-1,-1,-1,-1
986,-1,-1,-1,-1,-1,-1,-1,-1
987,10000143,10000431,10000719,10001007,10001295,10001583,10001871,10002159
988,10000142,10000430,10000718,10001006,10001294,10001582,10001870,10002158
989,10000141,10000429,10000717,10001005,10001293,10001581,10001869,10002157
990,10000140,10000428,10000716,10001004,10001292,10001580,10001868,10002156
991,10000139,10000427,10000715,10001003,10001291,10001579,10001867,10002155
992,10000138,10000426,10000714,10001002,10001290,10001578,10001866,10002154
993,10000137,10000425,10000713,10001001,10001289,10001577,10001865,10002153
994,10000136,10000424,10000712,10001000,10001288,10001576,10001864,10002152
995,-1,-1,-1,-1,-1,-1,-1,-1
996,-1,-1,-1,-1,-1,-1,-1,-1
997,-1,-1,-1,-1,-1,-1,-1,-1
998,-1,-1,-1,-1,-1,-1,-1,-1
999,-1,-1,-1,-1,-1,-1,-1,-1
1000,-1,-1,-1,-1,-1,-1,-1,-1
1001,-1,-1,-1,-1,-1,-1,-1,-1
1002,-1,-1,-1,-1,-1,-1,-1,-1
1003,-1,-1,-1,-1,-1,-1,-1,-1
1004,-1,-1,-1,-1,-1,-1,-1,-1
1005,-1,-1,-1,-1,-1,-1,-1,-1
1006,-1,-1,-1,-1,-1,-1,-1,-1
1007,-1,-1,-1,-1,-1,-1,-1,-1
1008,-1,-1,-1,-1,-1,-1,-1,-1
1009,-1,-1,-1,-1,-1,-1,-1,-1
1010,-1,-1,-1,-1,-1,-1,-1,-1
1011,-1,-1,-1,-1,-1,-1,-1,-1
1012,-1,-1,-1,-1,-1,-1,-1,-1
1013,-1,-1,-1,-1,-1,-1,-1,-1
1014,-1,-1,-1,-1,-1,-1,-1,-1
1015,-1,-1,-1,-1,-1,-1,-1,-1
1016,-1,-1,-1,-1,-1,-1,-1,-1
1017,-1,-1,-1,-1,-1,-1,-1,-1
1018,-1,-1,-1,-1,-1,-1,-1,-1
1019,-1,-1,-1,-1,-1,-1,-1,-1
1020,-1,-1,-1,-1,-1,-1,-1,-1
1021,-1,-1,-1,-1,-1,-1,-1,-1
1022,-1,-1,-1,-1,-1,-1,-1,-1
1023,-1,-1,-1,-1,-1,-1,-1,-1
1024,-1,-1,-1,-1,-1,-1,-1,-1
1025,-1,-1,-1,-1,-1,-1,-1,-1
1026,-1,-1,-1,-1,-1,-1,-1,-1
1027,-1,-1,-1,-1,-1,-1,-1,-1
1028,-1,-1,-1,-1,-1,-1,-1,-1
1029,-1,-1,-1,-1,-1,-1,-1,-1
1030,-1,-1,-1,-1,-1,-1,-1,-1
1031,-1,-1,-1,-1,-1,-1,-1,-1
1032,-1,-1,-1,-1,-1,-1,-1,-1
1033,-1,-1,-1,-1,-1,-1,-1,-1
1034,-1,-1,-1,-1,-1,-1,-1,-1
1035,-1,-1,-1,-1,-1,-1,-1,-1
1036,-1,-1,-1,-1,-1,-1,-1,-1
1037,-1,-1,-1,-1,-1,-1,-1,-1
1038,-1,-1,-1,-1,-1,-1,-1,-1
1039,-1,-1,-1,-1,-1,-1,-1,-1
1040,-1,-1,-1,-1,-1,-1,-1,-1
1041,-1,-1,-1,-1,-1,-1,-1,-1
1042,-1,-1,-1,-1,-1,-1,-1,-1
1043,-1,-1,-1,-1,-1,-1,-1,-1
1044,-1,-1,-1,-1,-1,-1,-1,-1
1045,10000151,10000439,10000727,10001015,10001303,10001591,10001879,10002167
1046,10000150,10000438,10000726,10001014,10001302,10001590,10001878,10002166
1047,10000149,10000437,10000725,10001013,10001301,10001589,10001877,10002165
1048,10000148,10000436,10000724,10001012,10001300,10001588,10001876,10002164
1049,10000147,10000435,10000723,10001011,10001299,10001587,10001875,10002163
1050,10000146,10000434,10000722,10001010,10001298,10001586,10001874,10002162
1051,10000145,10000433,10000721,10001009,10001297,10001585,10001873,10002161
1052,10000144,10000432,10000720,10001008,10001296,10001584,10001872,10002160
1053,-1,-1,-1,-1,-1,-1,-1,-1
1054,-1,-1,-1,-1,-1,-1,-1,-1
1055,-1,-1,-1,-1,-1,-1,-1,-1
1056,-1,-1,-1,-1,-1,-1,-1,-1
1057,-1,-1,-1,-1,-1,-1,-1,-1
1058,-1,-1,-1,-1,-1,-1,-1,-1
1059,-1,-1,-1,-1,-1,-1,-1,-1
1060,-1,-1,-1,-1,-1,-1,-1,-1
1061,-1,-1,-1,-1,-1,-1,-1,-1
1062,-1,-1,-1,-1,-1,-1,-1,-1
1063,-1,-1,-1,-1,-1,-1,-1,-1
1064,-1,-1,-1,-1,-1,-1,-1,-1
1065,-1,-1,-1,-1,-1,-1,-1,-1
1066,-1,-1,-1,-1,-1,-1,-1,-1
1067,-1,-1,-1,-1,-1,-1,-1,-1
1068,-1,-1,-1,-1,-1,-1,-1,-1
1069,-1,-1,-1,-1,-1,-1,-1,-1
1070,-1,-1,-1,-1,-1,-1,-1,-1
1071,-1,-1,-1,-1,-1,-1,-1,-1
1072,-1,-1,-1,-1,-1,-1,-1,-1
1073,-1,-1,-1,-1,-1,-1,-1,-1
1074,-1,-1,-1,-1,-1,-1,-1,-1
1075,-1,-1,-1,-1,-1,-1,-1,-1
1076,-1,-1,-1,-1,-1,-1,-1,-1
1077,-1,-1,-1,-1,-1,-1,-1,-1
1078,-1,-1,-1,-1,-1,-1,-1,-1
1079,-1,-1,-1,-1,-1,-1,-1,-1
1080,-1,-1,-1,-1,-1,-1,-1,-1
1081,-1,-1,-1,-1,-1,-1,-1,-1
1082,-1,-1,-1,-1,-1,-1,-1,-1
1083,-1,-1,-1,-1,-1,-1,-1,-1
1084,-1,-1,-1,-1,-1,-1,-1,-1
1085,-1,-1,-1,-1,-1,-1,-1,-1
1086,-1,-1,-1,-1,-1,-1,-1,-1
1087,-1,-1,-1,-1,-1,-1,-1,-1
1088,-1,-1,-1,-1,-1,-1,-1,-1
1089,-1,-1,-1,-1,-1,-1,-1,-1
1090,-1,-1,-1,-1,-1,-1,-1,-1
1091,-1,-1,-1,-1,-1,-1,-1,-1
1092,-1,-1,-1,-1,-1,-1,-1,-1
1093,-1,-1,-1,-1,-1,-1,-1,-1
1094,-1,-1,-1,-1,-1,-1,-1,-1
1095,-1,-1,-1,-1,-1,-1,-1,-1
1096,-1,-1,-1,-1,-1,-1,-1,-1
1097,-1,-1,-1,-1,-1,-1,-1,-1
1098,-1,-1,-1,-1,-1,-1,-1,-1
1099,-1,-1,-1,-1,-1,-1,-1,-1
1100,-1,-1,-1,-1,-1,-1,-1,-1
1101,-1,-1,-1,-1,-1,-1,-1,-1
1102,-1,-1,-1,-1,-1,-1,-1,-1
1103,10000159,10000447,10000735,10001023,10001311,10001599,10001887,10002175
1104,10000158,10000446,10000734,10001022,10001310,10001598,10001886,10002174
1105,10000157,10000445,10000733,10001021,10001309,10001597,10001885,10002173
1106,10000156,10000444,10000732,10001020,10001308,10001596,10001884,10002172
1107,10000155,10000443,10000731,10001019,10001307,10001595,10001883,10002171
1108,10000154,10000442,10000730,10001018,10001306,10001594,10001882,10002170
1109,10000153,10000441,10000729,10001017,10001305,10001593,10001881,10002169
1110,10000152,10000440,10000728,10001016,10001304,10001592,10001880,10002168
1111,-1,-1,-1,-1,-1,-1,-1,-1
1112,-1,-1,-1,-1,-1,-1,-1,-1
1113,-1,-1,-1,-1,-1,-1,-1,-1
1114,-1,-1,-1,-1,-1,-1,-1,-1
1115,-1,-1,-1,-1,-1,-1,-1,-1
1116,-1,-1,-1,-1,-1,-1,-1,-1
1117,-1,-1,-1,-1,-1,-1,-1,-1
1118,-1,-1,-1,-1,-1,-1,-1,-1
1119,-1,-1,-1,-1,-1,-1,-1,-1
1120,-1,-1,-1,-1,-1,-1,-1,-1
1121,-1,-1,-1,-1,-1,-1,-1,-1
1122,-1,-1,-1,-1,-1,-1,-1,-1
1123,-1,-1,-1,-1,-1,-1,-1,-1
1124,-1,-1,-1,-1,-1,-1,-1,-1
1125,-1,-1,-1,-1,-1,-1,-1,-1
1126,-1,-1,-1,-1,-1,-1,-1,-1
1127,-1,-1,-1,-1,-1,-1,-1,-1
1128,-1,-1,-1,-1,-1,-1,-1,-1
1129,-1,-1,-1,-1,-1,-1,-1,-1
1130,-1,-1,-1,-1,-1,-1,-1,-1
1131,-1,-1,-1,-1,-1,-1,-1,-1
1132,-1,-1,-1,-1,-1,-1,-1,-1
1133,-1,-1,-1,-1,-1,-1,-1,-1
1134,-1,-1,-1,-1,-1,-1,-1,-1
1135,-1,-1,-1,-1,-1,-1,-1,-1
1136,-1,-1,-1,-1,-1,-1,-1,-1
1137,-1,-1,-1,-1,-1,-1,-1,-1
1138,-1,-1,-1,-1,-1,-1,-1,-1
1139,-1,-1,-1,-1,-1,-1,-1,-1
1140,-1,-1,-1,-1,-1,-1,-1,-1
1141,-1,-1,-1,-1,-1,-1,-1,-1
1142,-1,-1,-1,-1,-1,-1,-1,-1
1143,-1,-1,-1,-1,-1,-1,-1,-1
1144,-1,-1,-1,-1,-1,-1,-1,-1
1145,-1,-1,-1,-1,-1,-1,-1,-1
1146,-1,-1,-1,-1,-1,-1,-1,-1
1147,-1,-1,-1,-1,-1,-1,-1,-1
1148,-1,-1,-1,-1,-1,-1,-1,-1
1149,-1,-1,-1,-1,-1,-1,-1,-1
1150,-1,-1,-1,-1,-1,-1,-1,-1
1151,-1,-1,-1,-1,-1,-1,-1,-1
1152,-1,-1,-1,-1,-1,-1,-1,-1
1153,-1,-1,-1,-1,-1,-1,-1,-1
1154,-1,-1,-1,-1,-1,-1,-1,-1
1155,-1,-1,-1,-1,-1,-1,-1,-1
1156,-1,-1,-1,-1,-1,-1,-1,-1
1157,-1,-1,-1,-1,-1,-1,-1,-1
1158,-1,-1,-1,-1,-1,-1,-1,-1
1159,-1,-1,-1,-1,-1,-1,-1,-1
1160,-1,-1,-1,-1,-1,-1,-1,-1
1161,10000167,10000455,10000743,10001031,10001319,10001607,10001895,10002183
1162,10000166,10000454,10000742,10001030,10001318,10001606,10001894,10002182
1163,10000165,10000453,10000741,10001029,10001317,10001605,10001893,10002181
1164,10000164,10000452,10000740,10001028,10001316,10001604,10001892,10002180
1165,10000163,10000451,10000739,10001027,10001315,10001603,10001891,10002179
1166,10000162,10000450,10000738,10001026,10001314,10001602,10001890,10002178
1167,10000161,10000449,10000737,10001025,10001313,10001601,10001889,10002177
1168,10000160,10000448,10000736,10001024,10001312,10001600,10001888,10002176
1169,-1,-1,-1,-1,-1,-1,-1,-1
1170,-1,-1,-1,-1,-1,-1,-1,-1
1171,-1,-1,-1,-1,-1,-1,-1,-1
1172,-1,-1,-1,-1,-1,-1,-1,-1
1173,-1,-1,-1,-1,-1,-1,-1,-1
1174,-1,-1,-1,-1,-1,-1,-1,-1
1175,-1,-1,-1,-1,-1,-1,-1,-1
1176,-1,-1,-1,-1,-1,-1,-1,-1
1177,-1,-1,-1,-1,-1,-1,-1,-1
1178,-1,-1,-1,-1,-1,-1,-1,-1
1179,-1,-1,-1,-1,-1,-1,-1,-1
1180,-1,-1,-1,-1,-1,-1,-1,-1
1181,-1,-1,-1,-1,-1,-1,-1,-1
1182,-1,-1,-1,-1,-1,-1,-1,-1
1183,-1,-1,-1,-1,-1,-1,-1,-1
1184,-1,-1,-1,-1,-1,-1,-1,-1
1185,-1,-1,-1,-1,-1,-1,-1,-1
1186,-1,-1,-1,-1,-1,-1,-1,-1
1187,-1,-1,-1,-1,-1,-1,-1,-1
1188,-1,-1,-1,-1,-1,-1,-1,-1
1189,-1,-1,-1,-1,-1,-1,-1,-1
1190,-1,-1,-1,-1,-1,-1,-1,-1
1191,-1,-1,-1,-1,-1,-1,-1,-1
1192,-1,-1,-1,-1,-1,-1,-1,-1
1193,-1,-1,-1,-1,-1,-1,-1,-1
1194,-1,-1,-1,-1,-1,-1,-1,-1
1195,-1,-1,-1,-1,-1,-1,-1,-1
1196,-1,-1,-1,-1,-1,-1,-1,-1
1197,-1,-1,-1,-1,-1,-1,-1,-1
1198,-1,-1,-1,-1,-1,-1,-1,-1
1199,-1,-1,-1,-1,-1,-1,-1,-1
1200,-1,-1,-1,-1,-1,-1,-1,-1
1201,-1,-1,-1,-1,-1,-1,-1,-1
1202,-1,-1,-1,-1,-1,-1,-1,-1
1203,-1,-1,-1,-1,-1,-1,-1,-1
1204,-1,-1,-1,-1,-1,-1,-1,-1
1205,-1,-1,-1,-1,-1,-1,-1,-1
1206,-1,-1,-1,-1,-1,-1,-1,-1
1207,-1,-1,-1,-1,-1,-1,-1,-1
1208,-1,-1,-1,-1,-1,-1,-1,-1
1209,-1,-1,-1,-1,-1,-1,-1,-1
1210,-1,-1,-1,-1,-1,-1,-1,-1
1211,-1,-1,-1,-1,-1,-1,-1,-1
1212,-1,-1,-1,-1,-1,-1,-1,-1
1213,-1,-1,-1,-1,-1,-1,-1,-1
1214,-1,-1,-1,-1,-1,-1,-1,-1
1215,-1,-1,-1,-1,-1,-1,-1,-1
1216,-1,-1,-1,-1,-1,-1,-1,-1
1217,-1,-1,-1,-1,-1,-1,-1,-1
1218,-1,-1,-1,-1,-1,-1,-1,-1
1219,10000175,10000463,10000751,10001039,10001327,10001615,10001903,10002191
1220,10000174,10000462,10000750,10001038,10001326,10001614,10001902,10002190
1221,10000173,10000461,10000749,10001037,10001325,10001613,10001901,10002189
1222,10000172,10000460,10000748,10001036,10001324,10001612,10001900,10002188
1223,10000171,10000459,10000747,10001035,10001323,10001611,10001899,10002187
1224,10000170,10000458,10000746,10001034,10001322,10001610,10001898,10002186
1225,10000169,10000457,10000745,10001033,10001321,10001609,10001897,10002185
1226,10000168,10000456,10000744,10001032,10001320,10001608,10001896,10002184
1227,-1,-1,-1,-1,-1,-1,-1,-1
1228,-1,-1,-1,-1,-1,-1,-1,-1
1229,-1,-1,-1,-1,-1,-1,-1,-1
1230,-1,-1,-1,-1,-1,-1,-1,-1
1231,-1,-1,-1,-1,-1,-1,-1,-1
1232,-1,-1,-1,-1,-1,-1,-1,-1
1233,-1,-1,-1,-1,-1,-1,-1,-1
1234,-1,-1,-1,-1,-1,-1,-1,-1
1235,-1,-1,-1,-1,-1,-1,-1,-1
1236,-1,-1,-1,-1,-1,-1,-1,-1
1237,-1,-1,-1,-1,-1,-1,-1,-1
1238,-1,-1,-1,-1,-1,-1,-1,-1
1239,-1,-1,-1,-1,-1,-1,-1,-1
1240,-1,-1,-1,-1,-1,-1,-1,-1
1241,-1,-1,-1,-1,-1,-1,-1,-1
1242,-1,-1,-1,-1,-1,-1,-1,-1
1243,-1,-1,-1,-1,-1,-1,-1,-1
1244,-1,-1,-1,-1,-1,-1,-1,-1
1245,-1,-1,-1,-1,-1,-1,-1,-1
1246,-1,-1,-1,-1,-1,-1,-1,-1
1247,-1,-1,-1,-1,-1,-1,-1,-1
1248,-1,-1,-1,-1,-1,-1,-1,-1
1249,-1,-1,-1,-1,-1,-1,-1,-1
1250,-1,-1,-1,-1,-1,-1,-1,-1
1251,-1,-1,-1,-1,-1,-1,-1,-1
1252,-1,-1,-1,-1,-1,-1,-1,-1
1253,-1,-1,-1,-1,-1,-1,-1,-1
1254,-1,-1,-1,-1,-1,-1,-1,-1
1255,-1,-1,-1,-1,-1,-1,-1,-1
1256,-1,-1,-1,-1,-1,-1,-1,-1
1257,-1,-1,-1,-1,-1,-1,-1,-1
1258,-1,-1,-1,-1,-1,-1,-1,-1
1259,-1,-1,-1,-1,-1,-1,-1,-1
1260,-1,-1,-1,-1,-1,-1,-1,-1
1261,-1,-1,-1,-1,-1,-1,-1,-1
1262,-1,-1,-1,-1,-1,-1,-1,-1
1263,-1,-1,-1,-1,-1,-1,-1,-1
1264,-1,-1,-1,-1,-1,-1,-1,-1
1265,-1,-1,-1,-1,-1,-1,-1,-1
1266,-1,-1,-1,-1,-1,-1,-1,-1
1267,-1,-1,-1,-1,-1,-1,-1,-1
1268,-1,-1,-1,-1,-1,-1,-1,-1
1269,-1,-1,-1,-1,-1,-1,-1,-1
1270,-1,-1,-1,-1,-1,-1,-1,-1
1271,-1,-1,-1,-1,-1,-1,-1,-1
1272,-1,-1,-1,-1,-1,-1,-1,-1
1273,-1,-1,-1,-1,-1,-1,-1,-1
1274,-1,-1,-1,-1,-1,-1,-1,-1
1275,-1,-1,-1,-1,-1,-1,-1,-1
1276,-1,-1,-1,-1,-1,-1,-1,-1
1277,10000183,10000471,10000759,10001047,10001335,10001623,10001911,10002199
1278,10000182,10000470,10000758,10001046,10001334,10001622,10001910,10002198
1279,10000181,10000469,10000757,10001045,10001333,10001621,10001909,10002197
1280,10000180,10000468,10000756,10001044,10001332,10001620,10001908,10002196
1281,10000179,10000467,10000755,10001043,10001331,10001619,10001907,10002195
1282,10000178,10000466,10000754,10001042,10001330,10001618,10001906,10002194
1283,10000177,10000465,10000753,10001041,10001329,10001617,10001905,10002193
1284,10000176,10000464,10000752,10001040,10001328,10001616,10001904,10002192
1285,-1,-1,-1,-1,-1,-1,-1,-1
1286,-1,-1,-1,-1,-1,-1,-1,-1
1287,-1,-1,-1,-1,-1,-1,-1,-1
1288,-1,-1,-1,-1,-1,-1,-1,-1
1289,-1,-1,-1,-1,-1,-1,-1,-1
1290,-1,-1,-1,-1,-1,-1,-1,-1
1291,-1,-1,-1,-1,-1,-1,-1,-1
1292,-1,-1,-1,-1,-1,-1,-1,-1
1293,-1,-1,-1,-1,-1,-1,-1,-1
1294,-1,-1,-1,-1,-1,-1,-1,-1
1295,-1,-1,-1,-1,-1,-1,-1,-1
1296,-1,-1,-1,-1,-1,-1,-1,-1
1297,-1,-1,-1,-1,-1,-1,-1,-1
1298,-1,-1,-1,-1,-1,-1,-1,-1
1299,-1,-1,-1,-1,-1,-1,-1,-1
1300,-1,-1,-1,-1,-1,-1,-1,-1
1301,-1,-1,-1,-1,-1,-1,-1,-1
1302,-1,-1,-1,-1,-1,-1,-1,-1
1303,-1,-1,-1,-1,-1,-1,-1,-1
1304,-1,-1,-1,-1,-1,-1,-1,-1
1305,-1,-1,-1,-1,-1,-1,-1,-1
1306,-1,-1,-1,-1,-1,-1,-1,-1
1307,-1,-1,-1,-1,-1,-1,-1,-1
1308,-1,-1,-1,-1,-1,-1,-1,-1
1309,-1,-1,-1,-1,-1,-1,-1,-1
1310,-1,-1,-1,-1,-1,-1,-1,-1
1311,-1,-1,-1,-1,-1,-1,-1,-1
1312,-1,-1,-1,-1,-1,-1,-1,-1
1313,-1,-1,-1,-1,-1,-1,-1,-1
1314,-1,-1,-1,-1,-1,-1,-1,-1
1315,-1,-1,-1,-1,-1,-1,-1,-1
1316,-1,-1,-1,-1,-1,-1,-1,-1
1317,-1,-1,-1,-1,-1,-1,-1,-1
1318,-1,-1,-1,-1,-1,-1,-1,-1
1319,-1,-1,-1,-1,-1,-1,-1,-1
1320,-1,-1,-1,-1,-1,-1,-1,-1
1321,-1,-1,-1,-1,-1,-1,-1,-1
1322,-1,-1,-1,-1,-1,-1,-1,-1
1323,-1,-1,-1,-1,-1,-1,-1,-1
1324,-1,-1,-1,-1,-1,-1,-1,-1
1325,-1,-1,-1,-1,-1,-1,-1,-1
1326,-1,-1,-1,-1,-1,-1,-1,-1
1327,-1,-1,-1,-1,-1,-1,-1,-1
1328,-1,-1,-1,-1,-1,-1,-1,-1
1329,-1,-1,-1,-1,-1,-1,-1,-1
1330,-1,-1,-1,-1,-1,-1,-1,-1
1331,-1,-1,-1,-1,-1,-1,-1,-1
1332,-1,-1,-1,-1,-1,-1,-1,-1
1333,-1,-1,-1,-1,-1,-1,-1,-1
1334,-1,-1,-1,-1,-1,-1,-1,-1
1335,10000191,10000479,10000767,10001055,10001343,10001631,10001919,10002207
1336,10000190,10000478,10000766,10001054,10001342,10001630,10001918,10002206
1337,10000189,10000477,10000765,10001053,10001341,10001629,10001917,10002205
1338,10000188,10000476,10000764,10001052,10001340,10001628,10001916,10002204
1339,10000187,10000475,10000763,10001051,10001339,10001627,10001915,10002203
1340,10000186,10000474,10000762,10001050,10001338,10001626,10001914,10002202
1341,10000185,10000473,10000761,10001049,10001337,10001625,10001913,10002201
1342,10000184,10000472,10000760,10001048,10001336,10001624,10001912,10002200
1343,-1,-1,-1,-1,-1,-1,-1,-1
1344,-1,-1,-1,-1,-1,-1,-1,-1
1345,-1,-1,-1,-1,-1,-1,-1,-1
1346,-1,-1,-1,-1,-1,-1,-1,-1
1347,-1,-1,-1,-1,-1,-1,-1,-1
1348,-1,-1,-1,-1,-1,-1,-1,-1
1349,-1,-1,-1,-1,-1,-1,-1,-1
1350,-1,-1,-1,-1,-1,-1,-1,-1
1351,-1,-1,-1,-1,-1,-1,-1,-1
1352,-1,-1,-1,-1,-1,-1,-1,-1
1353,-1,-1,-1,-1,-1,-1,-1,-1
1354,-1,-1,-1,-1,-1,-1,-1,-1
1355,-1,-1,-1,-1,-1,-1,-1,-1
1356,-1,-1,-1,-1,-1,-1,-1,-1
1357,-1,-1,-1,-1,-1,-1,-1,-1
1358,-1,-1,-1,-1,-1,-1,-1,-1
1359,-1,-1,-1,-1,-1,-1,-1,-1
1360,-1,-1,-1,-1,-1,-1,-1,-1
1361,-1,-1,-1,-1,-1,-1,-1,-1
1362,-1,-1,-1,-1,-1,-1,-1,-1
1363,-1,-1,-1,-1,-1,-1,-1,-1
1364,-1,-1,-1,-1,-1,-1,-1,-1
1365,-1,-1,-1,-1,-1,-1,-1,-1
1366,-1,-1,-1,-1,-1,-1,-1,-1
1367,-1,-1,-1,-1,-1,-1,-1,-1
1368,-1,-1,-1,-1,-1,-1,-1,-1
1369,-1,-1,-1,-1,-1,-1,-1,-1
1370,-1,-1,-1,-1,-1,-1,-1,-1
1371,-1,-1,-1,-1,-1,-1,-1,-1
1372,-1,-1,-1,-1,-1,-1,-1,-1
1373,-1,-1,-1,-1,-1,-1,-1,-1
1374,-1,-1,-1,-1,-1,-1,-1,-1
1375,-1,-1,-1,-1,-1,-1,-1,-1
1376,-1,-1,-1,-1,-1,-1,-1,-1
1377,-1,-1,-1,-1,-1,-1,-1,-1
1378,-1,-1,-1,-1,-1,-1,-1,-1
1379,-1,-1,-1,-1,-1,-1,-1,-1
1380,-1,-1,-1,-1,-1,-1,-1,-1
1381,-1,-1,-1,-1,-1,-1,-1,-1
1382,-1,-1,-1,-1,-1,-1,-1,-1
1383,-1,-1,-1,-1,-1,-1,-1,-1
1384,-1,-1,-1,-1,-1,-1,-1,-1
1385,-1,-1,-1,-1,-1,-1,-1,-1
1386,-1,-1,-1,-1,-1,-1,-1,-1
1387,-1,-1,-1,-1,-1,-1,-1,-1
1388,-1,-1,-1,-1,-1,-1,-1,-1
1389,-1,-1,-1,-1,-1,-1,-1,-1
1390,-1,-1,-1,-1,-1,-1,-1,-1
1391,-1,-1,-1,-1,-1,-1,-1,-1
1392,-1,-1,-1,-1,-1,-1,-1,-1
1393,10000199,10000487,10000775,10001063,10001351,10001639,10001927,10002215
1394,10000198,10000486,10000774,10001062,10001350,10001638,10001926,10002214
1395,10000197,10000485,10000773,10001061,10001349,10001637,10001925,10002213
1396,10000196,10000484,10000772,10001060,10001348,10001636,10001924,10002212
1397,10000195,10000483,10000771,10001059,10001347,10001635,10001923,10002211
1398,10000194,10000482,10000770,10001058,10001346,10001634,10001922,10002210
1399,10000193,10000481,10000769,10001057,10001345,10001633,10001921,10002209
1400,10000192,10000480,10000768,10001056,10001344,10001632,10001920,10002208
1401,-1,-1,-1,-1,-1,-1,-1,-1
1402,-1,-1,-1,-1,-1,-1,-1,-1
1403,-1,-1,-1,-1,-1,-1,-1,-1
1404,-1,-1,-1,-1,-1,-1,-1,-1
1405,-1,-1,-1,-1,-1,-1,-1,-1
1406,-1,-1,-1,-1,-1,-1,-1,-1
1407,-1,-1,-1,-1,-1,-1,-1,-1
1408,-1,-1,-1,-1,-1,-1,-1,-1
1409,-1,-1,-1,-1,-1,-1,-1,-1
1410,-1,-1,-1,-1,-1,-1,-1,-1
1411,-1,-1,-1,-1,-1,-1,-1,-1
1412,-1,-1,-1,-1,-1,-1,-1,-1
1413,-1,-1,-1,-1,-1,-1,-1,-1
1414,-1,-1,-1,-1,-1,-1,-1,-1
1415,-1,-1,-1,-1,-1,-1,-1,-1
1416,-1,-1,-1,-1,-1,-1,-1,-1
1417,-1,-1,-1,-1,-1,-1,-1,-1
1418,-1,-1,-1,-1,-1,-1,-1,-1
1419,-1,-1,-1,-1,-1,-1,-1,-1
1420,-1,-1,-1,-1,-1,-1,-1,-1
1421,-1,-1,-1,-1,-1,-1,-1,-1
1422,-1,-1,-1,-1,-1,-1,-1,-1
1423,-1,-1,-1,-1,-1,-1,-1,-1
1424,-1,-1,-1,-1,-1,-1,-1,-1
1425,-1,-1,-1,-1,-1,-1,-1,-1
1426,-1,-1,-1,-1,-1,-1,-1,-1
1427,-1,-1,-1,-1,-1,-1,-1,-1
1428,-1,-1,-1,-1,-1,-1,-1,-1
1429,-1,-1,-1,-1,-1,-1,-1,-1
1430,-1,-1,-1,-1,-1,-1,-1,-1
1431,-1,-1,-1,-1,-1,-1,-1,-1
1432,-1,-1,-1,-1,-1,-1,-1,-1
1433,-1,-1,-1,-1,-1,-1,-1,-1
1434,-1,-1,-1,-1,-1,-1,-1,-1
1435,-1,-1,-1,-1,-1,-1,-1,-1
1436,-1,-1,-1,-1,-1,-1,-1,-1
1437,-1,-1,-1,-1,-1,-1,-1,-1
1438,-1,-1,-1,-1,-1,-1,-1,-1
1439,-1,-1,-1,-1,-1,-1,-1,-1
1440,-1,-1,-1,-1,-1,-1,-1,-1
1441,-1,-1,-1,-1,-1,-1,-1,-1
1442,-1,-1,-1,-1,-1,-1,-1,-1
1443,-1,-1,-1,-1,-1,-1,-1,-1
1444,-1,-1,-1,-1,-1,-1,-1,-1
1445,-1,-1,-1,-1,-1,-1,-1,-1
1446,-1,-1,-1,-1,-1,-1,-1,-1
1447,-1,-1,-1,-1,-1,-1,-1,-1
1448,-1,-1,-1,-1,-1,-1,-1,-1
1449,-1,-1,-1,-1,-1,-1,-1,-1
1450,-1,-1,-1,-1,-1,-1,-1,-1
1451,10000207,10000495,10000783,10001071,10001359,10001647,10001935,10002223
1452,10000206,10000494,10000782,10001070,10001358,10001646,10001934,10002222
1453,10000205,10000493,10000781,10001069,10001357,10001645,10001933,10002221
1454,10000204,10000492,10000780,10001068,10001356,10001644,10001932,10002220
1455,10000203,10000491,10000779,10001067,10001355,10001643,10001931,10002219
1456,10000202,10000490,10000778,10001066,10001354,10001642,10001930,10002218
1457,10000201,10000489,10000777,10001065,10001353,10001641,10001929,10002217
1458,10000200,10000488,10000776,10001064,10001352,10001640,10001928,10002216
1459,-1,-1,-1,-1,-1,-1,-1,-1
1460,-1,-1,-1,-1,-1,-1,-1,-1
1461,-1,-1,-1,-1,-1,-1,-1,-1
1462,-1,-1,-1,-1,-1,-1,-1,-1
1463,-1,-1,-1,-1,-1,-1,-1,-1
1464,-1,-1,-1,-1,-1,-1,-1,-1
1465,-1,-1,-1,-1,-1,-1,-1,-1
1466,-1,-1,-1,-1,-1,-1,-1,-1
1467,-1,-1,-1,-1,-1,-1,-1,-1
1468,-1,-1,-1,-1,-1,-1,-1,-1
1469,-1,-1,-1,-1,-1,-1,-1,-1
1470,-1,-1,-1,-1,-1,-1,-1,-1
1471,-1,-1,-1,-1,-1,-1,-1,-1
1472,-1,-1,-1,-1,-1,-1,-1,-1
1473,-1,-1,-1,-1,-1,-1,-1,-1
1474,-1,-1,-1,-1,-1,-1,-1,-1
1475,-1,-1,-1,-1,-1,-1,-1,-1
1476,-1,-1,-1,-1,-1,-1,-1,-1
1477,-1,-1,-1,-1,-1,-1,-1,-1
1478,-1,-1,-1,-1,-1,-1,-1,-1
1479,-1,-1,-1,-1,-1,-1,-1,-1
1480,-1,-1,-1,-1,-1,-1,-1,-1
1481,-1,-1,-1,-1,-1,-1,-1,-1
1482,-1,-1,-1,-1,-1,-1,-1,-1
1483,-1,-1,-1,-1,-1,-1,-1,-1
1484,-1,-1,-1,-1,-1,-1,-1,-1
1485,-1,-1,-1,-1,-1,-1,-1,-1
1486,-1,-1,-1,-1,-1,-1,-1,-1
1487,-1,-1,-1,-1,-1,-1,-1,-1
1488,-1,-1,-1,-1,-1,-1,-1,-1
1489,-1,-1,-1,-1,-1,-1,-1,-1
1490,-1,-1,-1,-1,-1,-1,-1,-1
1491,-1,-1,-1,-1,-1,-1,-1,-1
1492,-1,-1,-1,-1,-1,-1,-1,-1
1493,-1,-1,-1,-1,-1,-1,-1,-1
1494,-1,-1,-1,-1,-1,-1,-1,-1
1495,-1,-1,-1,-1,-1,-1,-1,-1
1496,-1,-1,-1,-1,-1,-1,-1,-1
1497,-1,-1,-1,-1,-1,-1,-1,-1
1498,-1,-1,-1,-1,-1,-1,-1,-1
1499,-1,-1,-1,-1,-1,-1,-1,-1
1500,-1,-1,-1,-1,-1,-1,-1,-1
1501,-1,-1,-1,-1,-1,-1,-1,-1
1502,-1,-1,-1,-1,-1,-1,-1,-1
1503,-1,-1,-1,-1,-1,-1,-1,-1
1504,-1,-1,-1,-1,-1,-1,-1,-1
1505,-1,-1,-1,-1,-1,-1,-1,-1
1506,-1,-1,-1,-1,-1,-1,-1,-1
1507,-1,-1,-1,-1,-1,-1,-1,-1
1508,-1,-1,-1,-1,-1,-1,-1,-1
1509,10000215,10000503,10000791,10001079,10001367,10001655,10001943,10002231
1510,10000214,10000502,10000790,10001078,10001366,10001654,10001942,10002230
1511,10000213,10000501,10000789,10001077,10001365,10001653,10001941,10002229
1512,10000212,10000500,10000788,10001076,10001364,10001652,10001940,10002228
1513,10000211,10000499,10000787,10001075,10001363,10001651,10001939,10002227
1514,10000210,10000498,10000786,10001074,10001362,10001650,10001938,10002226
1515,10000209,10000497,10000785,10001073,10001361,10001649,10001937,10002225
1516,10000208,10000496,10000784,10001072,10001360,10001648,10001936,10002224
1517,-1,-1,-1,-1,-1,-1,-1,-1
1518,-1,-1,-1,-1,-1,-1,-1,-1
1519,-1,-1,-1,-1,-1,-1,-1,-1
1520,-1,-1,-1,-1,-1,-1,-1,-1
1521,-1,-1,-1,-1,-1,-1,-1,-1
1522,-1,-1,-1,-1,-1,-1,-1,-1
1523,-1,-1,-1,-1,-1,-1,-1,-1
1524,-1,-1,-1,-1,-1,-1,-1,-1
1525,-1,-1,-1,-1,-1,-1,-1,-1
1526,-1,-1,-1,-1,-1,-1,-1,-1
1527,-1,-1,-1,-1,-1,-1,-1,-1
1528,-1,-1,-1,-1,-1,-1,-1,-1
1529,-1,-1,-1,-1,-1,-1,-1,-1
1530,-1,-1,-1,-1,-1,-1,-1,-1
1531,-1,-1,-1,-1,-1,-1,-1,-1
1532,-1,-1,-1,-1,-1,-1,-1,-1
1533,-1,-1,-1,-1,-1,-1,-1,-1
1534,-1,-1,-1,-1,-1,-1,-1,-1
1535,-1,-1,-1,-1,-1,-1,-1,-1
1536,-1,-1,-1,-1,-1,-1,-1,-1
1537,-1,-1,-1,-1,-1,-1,-1,-1
1538,-1,-1,-1,-1,-1,-1,-1,-1
1539,-1,-1,-1,-1,-1,-1,-1,-1
1540,-1,-1,-1,-1,-1,-1,-1,-1
1541,-1,-1,-1,-1,-1,-1,-1,-1
1542,-1,-1,-1,-1,-1,-1,-1,-1
1543,-1,-1,-1,-1,-1,-1,-1,-1
1544,-1,-1,-1,-1,-1,-1,-1,-1
1545,-1,-1,-1,-1,-1,-1,-1,-1
1546,-1,-1,-1,-1,-1,-1,-1,-1
1547,-1,-1,-1,-1,-1,-1,-1,-1
1548,-1,-1,-1,-1,-1,-1,-1,-1
1549,-1,-1,-1,-1,-1,-1,-1,-1
1550,-1,-1,-1,-1,-1,-1,-1,-1
1551,-1,-1,-1,-1,-1,-1,-1,-1
1552,-1,-1,-1,-1,-1,-1,-1,-1
1553,-1,-1,-1,-1,-1,-1,-1,-1
1554,-1,-1,-1,-1,-1,-1,-1,-1
1555,-1,-1,-1,-1,-1,-1,-1,-1
1556,-1,-1,-1,-1,-1,-1,-1,-1
1557,-1,-1,-1,-1,-1,-1,-1,-1
1558,-1,-1,-1,-1,-1,-1,-1,-1
1559,-1,-1,-1,-1,-1,-1,-1,-1
1560,-1,-1,-1,-1,-1,-1,-1,-1
1561,-1,-1,-1,-1,-1,-1,-1,-1
1562,-1,-1,-1,-1,-1,-1,-1,-1
1563,-1,-1,-1,-1,-1,-1,-1,-1
1564,-1,-1,-1,-1,-1,-1,-1,-1
1565,-1,-1,-1,-1,-1,-1,-1,-1
1566,-1,-1,-1,-1,-1,-1,-1,-1
1567,10000223,10000511,10000799,10001087,10001375,10001663,10001951,10002239
1568,10000222,10000510,10000798,10001086,10001374,10001662,10001950,10002238
1569,10000221,10000509,10000797,10001085,10001373,10001661,10001949,10002237
1570,10000220,10000508,10000796,10001084,10001372,10001660,10001948,10002236
1571,10000219,10000507,10000795,10001083,10001371,10001659,10001947,10002235
1572,10000218,10000506,10000794,10001082,10001370,10001658,10001946,10002234
1573,10000217,10000505,10000793,10001081,10001369,10001657,10001945,10002233
1574,10000216,10000504,10000792,10001080,10001368,10001656,10001944,10002232
1575,-1,-1,-1,-1,-1,-1,-1,-1
1576,-1,-1,-1,-1,-1,-1,-1,-1
1577,-1,-1,-1,-1,-1,-1,-1,-1
1578,-1,-1,-1,-1,-1,-1,-1,-1
1579,-1,-1,-1,-1,-1,-1,-1,-1
1580,-1,-1,-1,-1,-1,-1,-1,-1
1581,-1,-1,-1,-1,-1,-1,-1,-1
1582,-1,-1,-1,-1,-1,-1,-1,-1
1583,-1,-1,-1,-1,-1,-1,-1,-1
1584,-1,-1,-1,-1,-1,-1,-1,-1
1585,-1,-1,-1,-1,-1,-1,-1,-1
1586,-1,-1,-1,-1,-1,-1,-1,-1
1587,-1,-1,-1,-1,-1,-1,-1,-1
1588,-1,-1,-1,-1,-1,-1,-1,-1
1589,-1,-1,-1,-1,-1,-1,-1,-1
1590,-1,-1,-1,-1,-1,-1,-1,-1
1591,-1,-1,-1,-1,-1,-1,-1,-1
1592,-1,-1,-1,-1,-1,-1,-1,-1
1593,-1,-1,-1,-1,-1,-1,-1,-1
1594,-1,-1,-1,-1,-1,-1,-1,-1
1595,-1,-1,-1,-1,-1,-1,-1,-1
1596,-1,-1,-1,-1,-1,-1,-1,-1
1597,-1,-1,-1,-1,-1,-1,-1,-1
1598,-1,-1,-1,-1,-1,-1,-1,-1
1599,-1,-1,-1,-1,-1,-1,-1,-1
1600,-1,-1,-1,-1,-1,-1,-1,-1
1601,-1,-1,-1,-1,-1,-1,-1,-1
1602,-1,-1,-1,-1,-1,-1,-1,-1
1603,-1,-1,-1,-1,-1,-1,-1,-1
1604,-1,-1,-1,-1,-1,-1,-1,-1
1605,-1,-1,-1,-1,-1,-1,-1,-1
1606,-1,-1,-1,-1,-1,-1,-1,-1
1607,-1,-1,-1,-1,-1,-1,-1,-1
1608,-1,-1,-1,-1,-1,-1,-1,-1
1609,-1,-1,-1,-1,-1,-1,-1,-1
1610,-1,-1,-1,-1,-1,-1,-1,-1
1611,-1,-1,-1,-1,-1,-1,-1,-1
1612,-1,-1,-1,-1,-1,-1,-1,-1
1613,-1,-1,-1,-1,-1,-1,-1,-1
1614,-1,-1,-1,-1,-1,-1,-1,-1
1615,-1,-1,-1,-1,-1,-1,-1,-1
1616,-1,-1,-1,-1,-1,-1,-1,-1
1617,-1,-1,-1,-1,-1,-1,-1,-1
1618,-1,-1,-1,-1,-1,-1,-1,-1
1619,-1,-1,-1,-1,-1,-1,-1,-1
1620,-1,-1,-1,-1,-1,-1,-1,-1
1621,-1,-1,-1,-1,-1,-1,-1,-1
1622,-1,-1,-1,-1,-1,-1,-1,-1
1623,-1,-1,-1,-1,-1,-1,-1,-1
1624,-1,-1,-1,-1,-1,-1,-1,-1
1625,10000231,10000519,10000807,10001095,10001383,10001671,10001959,10002247
1626,10000230,10000518,10000806,10001094,10001382,10001670,10001958,10002246
1627,10000229,10000517,10000805,10001093,10001381,10001669,10001957,10002245
1628,10000228,10000516,10000804,10001092,10001380,10001668,10001956,10002244
1629,10000227,10000515,10000803,10001091,10001379,10001667,10001955,10002243
1630,10000226,10000514,10000802,10001090,10001378,10001666,10001954,10002242
1631,10000225,10000513,10000801,10001089,10001377,10001665,10001953,10002241
1632,10000224,10000512,10000800,10001088,10001376,10001664,10001952,10002240
1633,-1,-1,-1,-1,-1,-1,-1,-1
1634,-1,-1,-1,-1,-1,-1,-1,-1
1635,-1,-1,-1,-1,-1,-1,-1,-1
1636,-1,-1,-1,-1,-1,-1,-1,-1
1637,-1,-1,-1,-1,-1,-1,-1,-1
1638,-1,-1,-1,-1,-1,-1,-1,-1
1639,-1,-1,-1,-1,-1,-1,-1,-1
1640,-1,-1,-1,-1,-1,-1,-1,-1
1641,-1,-1,-1,-1,-1,-1,-1,-1
1642,-1,-1,-1,-1,-1,-1,-1,-1
1643,-1,-1,-1,-1,-1,-1,-1,-1
1644,-1,-1,-1,-1,-1,-1,-1,-1
1645,-1,-1,-1,-1,-1,-1,-1,-1
1646,-1,-1,-1,-1,-1,-1,-1,-1
1647,-1,-1,-1,-1,-1,-1,-1,-1
1648,-1,-1,-1,-1,-1,-1,-1,-1
1649,-1,-1,-1,-1,-1,-1,-1,-1
1650,-1,-1,-1,-1,-1,-1,-1,-1
1651,-1,-1,-1,-1,-1,-1,-1,-1
1652,-1,-1,-1,-1,-1,-1,-1,-1
1653,-1,-1,-1,-1,-1,-1,-1,-1
1654,-1,-1,-1,-1,-1,-1,-1,-1
1655,-1,-1,-1,-1,-1,-1,-1,-1
1656,-1,-1,-1,-1,-1,-1,-1,-1
1657,-1,-1,-1,-1,-1,-1,-1,-1
1658,-1,-1,-1,-1,-1,-1,-1,-1
1659,-1,-1,-1,-1,-1,-1,-1,-1
1660,-1,-1,-1,-1,-1,-1,-1,-1
1661,-1,-1,-1,-1,-1,-1,-1,-1
1662,-1,-1,-1,-1,-1,-1,-1,-1
1663,-1,-1,-1,-1,-1,-1,-1,-1
1664,-1,-1,-1,-1,-1,-1,-1,-1
1665,-1,-1,-1,-1,-1,-1,-1,-1
1666,-1,-1,-1,-1,-1,-1,-1,-1
1667,-1,-1,-1,-1,-1,-1,-1,-1
1668,-1,-1,-1,-1,-1,-1,-1,-1
1669,-1,-1,-1,-1,-1,-1,-1,-1
1670,-1,-1,-1,-1,-1,-1,-1,-1
1671,-1,-1,-1,-1,-1,-1,-1,-1
1672,-1,-1,-1,-1,-1,-1,-1,-1
1673,-1,-1,-1,-1,-1,-1,-1,-1
1674,-1,-1,-1,-1,-1,-1,-1,-1
1675,-1,-1,-1,-1,-1,-1,-1,-1
1676,-1,-1,-1,-1,-1,-1,-1,-1
1677,-1,-1,-1,-1,-1,-1,-1,-1
1678,-1,-1,-1,-1,-1,-1,-1,-1
1679,-1,-1,-1,-1,-1,-1,-1,-1
1680,-1,-1,-1,-1,-1,-1,-1,-1
1681,-1,-1,-1,-1,-1,-1,-1,-1
1682,-1,-1,-1,-1,-1,-1,-1,-1
1683,10000239,10000527,10000815,10001103,10001391,10001679,10001967,10002255
1684,10000238,10000526,10000814,10001102,10001390,10001678,10001966,10002254
1685,10000237,10000525,10000813,10001101,10001389,10001677,10001965,10002253
1686,10000236,10000524,10000812,10001100,10001388,10001676,10001964,10002252
1687,10000235,10000523,10000811,10001099,10001387,10001675,10001963,10002251
1688,10000234,10000522,10000810,10001098,10001386,10001674,10001962,10002250
1689,10000233,10000521,10000809,10001097,10001385,10001673,10001961,10002249
1690,10000232,10000520,10000808,10001096,10001384,10001672,10001960,10002248
1691,-1,-1,-1,-1,-1,-1,-1,-1
1692,-1,-1,-1,-1,-1,-1,-1,-1
1693,-1,-1,-1,-1,-1,-1,-1,-1
1694,-1,-1,-1,-1,-1,-1,-1,-1
1695,-1,-1,-1,-1,-1,-1,-1,-1
1696,-1,-1,-1,-1,-1,-1,-1,-1
1697,-1,-1,-1,-1,-1,-1,-1,-1
1698,-1,-1,-1,-1,-1,-1,-1,-1
1699,-1,-1,-1,-1,-1,-1,-1,-1
1700,-1,-1,-1,-1,-1,-1,-1,-1
1701,-1,-1,-1,-1,-1,-1,-1,-1
1702,-1,-1,-1,-1,-1,-1,-1,-1
1703,-1,-1,-1,-1,-1,-1,-1,-1
1704,-1,-1,-1,-1,-1,-1,-1,-1
1705,-1,-1,-1,-1,-1,-1,-1,-1
1706,-1,-1,-1,-1,-1,-1,-1,-1
1707,-1,-1,-1,-1,-1,-1,-1,-1
1708,-1,-1,-1,-1,-1,-1,-1,-1
1709,-1,-1,-1,-1,-1,-1,-1,-1
1710,-1,-1,-1,-1,-1,-1,-1,-1
1711,-1,-1,-1,-1,-1,-1,-1,-1
1712,-1,-1,-1,-1,-1,-1,-1,-1
1713,-1,-1,-1,-1,-1,-1,-1,-1
1714,-1,-1,-1,-1,-1,-1,-1,-1
1715,-1,-1,-1,-1,-1,-1,-1,-1
1716,-1,-1,-1,-1,-1,-1,-1,-1
1717,-1,-1,-1,-1,-1,-1,-1,-1
1718,-1,-1,-1,-1,-1,-1,-1,-1
1719,-1,-1,-1,-1,-1,-1,-1,-1
1720,-1,-1,-1,-1,-1,-1,-1,-1
1721,-1,-1,-1,-1,-1,-1,-1,-1
1722,-1,-1,-1,-1,-1,-1,-1,-1
1723,-1,-1,-1,-1,-1,-1,-1,-1
1724,-1,-1,-1,-1,-1,-1,-1,-1
1725,-1,-1,-1,-1,-1,-1,-1,-1
1726,-1,-1,-1,-1,-1,-1,-1,-1
1727,-1,-1,-1,-1,-1,-1,-1,-1
1728,-1,-1,-1,-1,-1,-1,-1,-1
1729,-1,-1,-1,-1,-1,-1,-1,-1
1730,-1,-1,-1,-1,-1,-1,-1,-1
1731,-1,-1,-1,-1,-1,-1,-1,-1
1732,-1,-1,-1,-1,-1,-1,-1,-1
1733,-1,-1,-1,-1,-1,-1,-1,-1
1734,-1,-1,-1,-1,-1,-1,-1,-1
1735,-1,-1,-1,-1,-1,-1,-1,-1
1736,-1,-1,-1,-1,-1,-1,-1,-1
1737,-1,-1,-1,-1,-1,-1,-1,-1
1738,-1,-1,-1,-1,-1,-1,-1,-1
1739,-1,-1,-1,-1,-1,-1,-1,-1
1740,-1,-1,-1,-1,-1,-1,-1,-1
1741,10000247,10000535,10000823,10001111,10001399,10001687,10001975,10002263
1742,10000246,10000534,10000822,10001110,10001398,10001686,10001974,10002262
1743,10000245,10000533,10000821,10001109,10001397,10001685,10001973,10002261
1744,10000244,10000532,10000820,10001108,10001396,10001684,10001972,10002260
1745,10000243,10000531,10000819,10001107,10001395,10001683,10001971,10002259
1746,10000242,10000530,10000818,10001106,10001394,10001682,10001970,10002258
1747,10000241,10000529,10000817,10001105,10001393,10001681,10001969,10002257
1748,10000240,10000528,10000816,10001104,10001392,10001680,10001968,10002256
1749,-1,-1,-1,-1,-1,-1,-1,-1
1750,-1,-1,-1,-1,-1,-1,-1,-1
1751,-1,-1,-1,-1,-1,-1,-1,-1
1752,-1,-1,-1,-1,-1,-1,-1,-1
1753,-1,-1,-1,-1,-1,-1,-1,-1
1754,-1,-1,-1,-1,-1,-1,-1,-1
1755,-1,-1,-1,-1,-1,-1,-1,-1
1756,-1,-1,-1,-1,-1,-1,-1,-1
1757,-1,-1,-1,-1,-1,-1,-1,-1
1758,-1,-1,-1,-1,-1,-1,-1,-1
1759,-1,-1,-1,-1,-1,-1,-1,-1
1760,-1,-1,-1,-1,-1,-1,-1,-1
1761,-1,-1,-1,-1,-1,-1,-1,-1
1762,-1,-1,-1,-1,-1,-1,-1,-1
1763,-1,-1,-1,-1,-1,-1,-1,-1
1764,-1,-1,-1,-1,-1,-1,-1,-1
1765,-1,-1,-1,-1,-1,-1,-1,-1
1766,-1,-1,-1,-1,-1,-1,-1,-1
1767,-1,-1,-1,-1,-1,-1,-1,-1
1768,-1,-1,-1,-1,-1,-1,-1,-1
1769,-1,-1,-1,-1,-1,-1,-1,-1
1770,-1,-1,-1,-1,-1,-1,-1,-1
1771,-1,-1,-1,-1,-1,-1,-1,-1
1772,-1,-1,-1,-1,-1,-1,-1,-1
1773,-1,-1,-1,-1,-1,-1,-1,-1
1774,-1,-1,-1,-1,-1,-1,-1,-1
1775,-1,-1,-1,-1,-1,-1,-1,-1
1776,-1,-1,-1,-1,-1,-1,-1,-1
1777,-1,-1,-1,-1,-1,-1,-1,-1
1778,-1,-1,-1,-1,-1,-1,-1,-1
1779,-1,-1,-1,-1,-1,-1,-1,-1
1780,-1,-1,-1,-1,-1,-1,-1,-1
1781,-1,-1,-1,-1,-1,-1,-1,-1
1782,-1,-1,-1,-1,-1,-1,-1,-1
1783,-1,-1,-1,-1,-1,-1,-1,-1
1784,-1,-1,-1,-1,-1,-1,-1,-1
1785,-1,-1,-1,-1,-1,-1,-1,-1
1786,-1,-1,-1,-1,-1,-1,-1,-1
1787,-1,-1,-1,-1,-1,-1,-1,-1
1788,-1,-1,-1,-1,-1,-1,-1,-1
1789,-1,-1,-1,-1,-1,-1,-1,-1
1790,-1,-1,-1,-1,-1,-1,-1,-1
1791,-1,-1,-1,-1,-1,-1,-1,-1
1792,-1,-1,-1,-1,-1,-1,-1,-1
1793,-1,-1,-1,-1,-1,-1,-1,-1
1794,-1,-1,-1,-1,-1,-1,-1,-1
1795,-1,-1,-1,-1,-1,-1,-1,-1
1796,-1,-1,-1,-1,-1,-1,-1,-1
1797,-1,-1,-1,-1,-1,-1,-1,-1
1798,-1,-1,-1,-1,-1,-1,-1,-1
1799,10000255,10000543,10000831,10001119,10001407,10001695,10001983,10002271
1800,10000254,10000542,10000830,10001118,10001406,10001694,10001982,10002270
1801,10000253,10000541,10000829,10001117,10001405,10001693,10001981,10002269
1802,10000252,10000540,10000828,10001116,10001404,10001692,10001980,10002268
1803,10000251,10000539,10000827,10001115,10001403,10001691,10001979,10002267
1804,10000250,10000538,10000826,10001114,10001402,10001690,10001978,10002266
1805,10000249,10000537,10000825,10001113,10001401,10001689,10001977,10002265
1806,10000248,10000536,10000824,10001112,10001400,10001688,10001976,10002264
1807,-1,-1,-1,-1,-1,-1,-1,-1
1808,-1,-1,-1,-1,-1,-1,-1,-1
1809,-1,-1,-1,-1,-1,-1,-1,-1
1810,-1,-1,-1,-1,-1,-1,-1,-1
1811,-1,-1,-1,-1,-1,-1,-1,-1
1812,-1,-1,-1,-1,-1,-1,-1,-1
1813,-1,-1,-1,-1,-1,-1,-1,-1
1814,-1,-1,-1,-1,-1,-1,-1,-1
1815,-1,-1,-1,-1,-1,-1,-1,-1
1816,-1,-1,-1,-1,-1,-1,-1,-1
1817,-1,-1,-1,-1,-1,-1,-1,-1
1818,-1,-1,-1,-1,-1,-1,-1,-1
1819,-1,-1,-1,-1,-1,-1,-1,-1
1820,-1,-1,-1,-1,-1,-1,-1,-1
1821,-1,-1,-1,-1,-1,-1,-1,-1
1822,-1,-1,-1,-1,-1,-1,-1,-1
1823,-1,-1,-1,-1,-1,-1,-1,-1
1824,-1,-1,-1,-1,-1,-1,-1,-1
1825,-1,-1,-1,-1,-1,-1,-1,-1
1826,-1,-1,-1,-1,-1,-1,-1,-1
1827,-1,-1,-1,-1,-1,-1,-1,-1
1828,-1,-1,-1,-1,-1,-1,-1,-1
1829,-1,-1,-1,-1,-1,-1,-1,-1
1830,-1,-1,-1,-1,-1,-1,-1,-1
1831,-1,-1,-1,-1,-1,-1,-1,-1
1832,-1,-1,-1,-1,-1,-1,-1,-1
1833,-1,-1,-1,-1,-1,-1,-1,-1
1834,-1,-1,-1,-1,-1,-1,-1,-1
1835,-1,-1,-1,-1,-1,-1,-1,-1
1836,-1,-1,-1,-1,-1,-1,-1,-1
1837,-1,-1,-1,-1,-1,-1,-1,-1
1838,-1,-1,-1,-1,-1,-1,-1,-1
1839,-1,-1,-1,-1,-1,-1,-1,-1
1840,-1,-1,-1,-1,-1,-1,-1,-1
1841,-1,-1,-1,-1,-1,-1,-1,-1
1842,-1,-1,-1,-1,-1,-1,-1,-1
1843,-1,-1,-1,-1,-1,-1,-1,-1
1844,-1,-1,-1,-1,-1,-1,-1,-1
1845,-1,-1,-1,-1,-1,-1,-1,-1
1846,-1,-1,-1,-1,-1,-1,-1,-1
1847,-1,-1,-1,-1,-1,-1,-1,-1
1848,-1,-1,-1,-1,-1,-1,-1,-1
1849,-1,-1,-1,-1,-1,-1,-1,-1
1850,-1,-1,-1,-1,-1,-1,-1,-1
1851,-1,-1,-1,-1,-1,-1,-1,-1
1852,-1,-1,-1,-1,-1,-1,-1,-1
1853,-1,-1,-1,-1,-1,-1,-1,-1
1854,-1,-1,-1,-1,-1,-1,-1,-1
1855,-1,-1,-1,-1,-1,-1,-1,-1
1856,-1,-1,-1,-1,-1,-1,-1,-1
1857,10000263,10000551,10000839,10001127,10001415,10001703,10001991,10002279
1858,10000262,10000550,10000838,10001126,10001414,10001702,10001990,10002278
1859,10000261,10000549,10000837,10001125,10001413,10001701,10001989,10002277
1860,10000260,10000548,10000836,10001124,10001412,10001700,10001988,10002276
1861,10000259,10000547,10000835,10001123,10001411,10001699,10001987,10002275
1862,10000258,10000546,10000834,10001122,10001410,10001698,10001986,10002274
1863,10000257,10000545,10000833,10001121,10001409,10001697,10001985,10002273
1864,10000256,10000544,10000832,10001120,10001408,10001696,10001984,10002272
1865,-1,-1,-1,-1,-1,-1,-1,-1
1866,-1,-1,-1,-1,-1,-1,-1,-1
1867,-1,-1,-1,-1,-1,-1,-1,-1
1868,-1,-1,-1,-1,-1,-1,-1,-1
1869,-1,-1,-1,-1,-1,-1,-1,-1
1870,-1,-1,-1,-1,-1,-1,-1,-1
1871,-1,-1,-1,-1,-1,-1,-1,-1
1872,-1,-1,-1,-1,-1,-1,-1,-1
1873,-1,-1,-1,-1,-1,-1,-1,-1
1874,-1,-1,-1,-1,-1,-1,-1,-1
1875,-1,-1,-1,-1,-1,-1,-1,-1
1876,-1,-1,-1,-1,-1,-1,-1,-1
1877,-1,-1,-1,-1,-1,-1,-1,-1
1878,-1,-1,-1,-1,-1,-1,-1,-1
1879,-1,-1,-1,-1,-1,-1,-1,-1
1880,-1,-1,-1,-1,-1,-1,-1,-1
1881,-1,-1,-1,-1,-1,-1,-1,-1
1882,-1,-1,-1,-1,-1,-1,-1,-1
1883,-1,-1,-1,-1,-1,-1,-1,-1
1884,-1,-1,-1,-1,-1,-1,-1,-1
1885,-1,-1,-1,-1,-1,-1,-1,-1
1886,-1,-1,-1,-1,-1,-1,-1,-1
1887,-1,-1,-1,-1,-1,-1,-1,-1
1888,-1,-1,-1,-1,-1,-1,-1,-1
1889,-1,-1,-1,-1,-1,-1,-1,-1
1890,-1,-1,-1,-1,-1,-1,-1,-1
1891,-1,-1,-1,-1,-1,-1,-1,-1
1892,-1,-1,-1,-1,-1,-1,-1,-1
1893,-1,-1,-1,-1,-1,-1,-1,-1
1894,-1,-1,-1,-1,-1,-1,-1,-1
1895,-1,-1,-1,-1,-1,-1,-1,-1
1896,-1,-1,-1,-1,-1,-1,-1,-1
1897,-1,-1,-1,-1,-1,-1,-1,-1
1898,-1,-1,-1,-1,-1,-1,-1,-1
1899,-1,-1,-1,-1,-1,-1,-1,-1
1900,-1,-1,-1,-1,-1,-1,-1,-1
1901,-1,-1,-1,-1,-1,-1,-1,-1
1902,-1,-1,-1,-1,-1,-1,-1,-1
1903,-1,-1,-1,-1,-1,-1,-1,-1
1904,-1,-1,-1,-1,-1,-1,-1,-1
1905,-1,-1,-1,-1,-1,-1,-1,-1
1906,-1,-1,-1,-1,-1,-1,-1,-1
1907,-1,-1,-1,-1,-1,-1,-1,-1
1908,-1,-1,-1,-1,-1,-1,-1,-1
1909,-1,-1,-1,-1,-1,-1,-1,-1
1910,-1,-1,-1,-1,-1,-1,-1,-1
1911,-1,-1,-1,-1,-1,-1,-1,-1
1912,-1,-1,-1,-1,-1,-1,-1,-1
1913,-1,-1,-1,-1,-1,-1,-1,-1
1914,-1,-1,-1,-1,-1,-1,-1,-1
1915,10000271,10000559,10000847,10001135,10001423,10001711,10001999,10002287
1916,10000270,10000558,10000846,10001134,10001422,10001710,10001998,10002286
1917,10000269,10000557,10000845,10001133,10001421,10001709,10001997,10002285
1918,10000268,10000556,10000844,10001132,10001420,10001708,10001996,10002284
1919,10000267,10000555,10000843,10001131,10001419,10001707,10001995,10002283
1920,10000266,10000554,10000842,10001130,10001418,10001706,10001994,10002282
1921,10000265,10000553,10000841,10001129,10001417,10001705,10001993,10002281
1922,10000264,10000552,10000840,10001128,10001416,10001704,10001992,10002280
1923,-1,-1,-1,-1,-1,-1,-1,-1
1924,-1,-1,-1,-1,-1,-1,-1,-1
1925,-1,-1,-1,-1,-1,-1,-1,-1
1926,-1,-1,-1,-1,-1,-1,-1,-1
1927,-1,-1,-1,-1,-1,-1,-1,-1
1928,-1,-1,-1,-1,-1,-1,-1,-1
1929,-1,-1,-1,-1,-1,-1,-1,-1
1930,-1,-1,-1,-1,-1,-1,-1,-1
1931,-1,-1,-1,-1,-1,-1,-1,-1
1932,-1,-1,-1,-1,-1,-1,-1,-1
1933,-1,-1,-1,-1,-1,-1,-1,-1
1934,-1,-1,-1,-1,-1,-1,-1,-1
1935,-1,-1,-1,-1,-1,-1,-1,-1
1936,-1,-1,-1,-1,-1,-1,-1,-1
1937,-1,-1,-1,-1,-1,-1,-1,-1
1938,-1,-1,-1,-1,-1,-1,-1,-1
1939,-1,-1,-1,-1,-1,-1,-1,-1
1940,-1,-1,-1,-1,-1,-1,-1,-1
1941,-1,-1,-1,-1,-1,-1,-1,-1
1942,-1,-1,-1,-1,-1,-1,-1,-1
1943,-1,-1,-1,-1,-1,-1,-1,-1
1944,-1,-1,-1,-1,-1,-1,-1,-1
1945,-1,-1,-1,-1,-1,-1,-1,-1
1946,-1,-1,-1,-1,-1,-1,-1,-1
1947,-1,-1,-1,-1,-1,-1,-1,-1
1948,-1,-1,-1,-1,-1,-1,-1,-1
1949,-1,-1,-1,-1,-1,-1,-1,-1
1950,-1,-1,-1,-1,-1,-1,-1,-1
1951,-1,-1,-1,-1,-1,-1,-1,-1
1952,-1,-1,-1,-1,-1,-1,-1,-1
1953,-1,-1,-1,-1,-1,-1,-1,-1
1954,-1,-1,-1,-1,-1,-1,-1,-1
1955,-1,-1,-1,-1,-1,-1,-1,-1
1956,-1,-1,-1,-1,-1,-1,-1,-1
1957,-1,-1,-1,-1,-1,-1,-1,-1
1958,-1,-1,-1,-1,-1,-1,-1,-1
1959,-1,-1,-1,-1,-1,-1,-1,-1
1960,-1,-1,-1,-1,-1,-1,-1,-1
1961,-1,-1,-1,-1,-1,-1,-1,-1
1962,-1,-1,-1,-1,-1,-1,-1,-1
1963,-1,-1,-1,-1,-1,-1,-1,-1
1964,-1,-1,-1,-1,-1,-1,-1,-1
1965,-1,-1,-1,-1,-1,-1,-1,-1
1966,-1,-1,-1,-1,-1,-1,-1,-1
1967,-1,-1,-1,-1,-1,-1,-1,-1
1968,-1,-1,-1,-1,-1,-1,-1,-1
1969,-1,-1,-1,-1,-1,-1,-1,-1
1970,-1,-1,-1,-1,-1,-1,-1,-1
1971,-1,-1,-1,-1,-1,-1,-1,-1
1972,-1,-1,-1,-1,-1,-1,-1,-1
1973,10000279,10000567,10000855,10001143,10001431,10001719,10002007,10002295
1974,10000278,10000566,10000854,10001142,10001430,10001718,10002006,10002294
1975,10000277,10000565,10000853,10001141,10001429,10001717,10002005,10002293
1976,10000276,10000564,10000852,10001140,10001428,10001716,10002004,10002292
1977,10000275,10000563,10000851,10001139,10001427,10001715,10002003,10002291
1978,10000274,10000562,10000850,10001138,10001426,10001714,10002002,10002290
1979,10000273,10000561,10000849,10001137,10001425,10001713,10002001,10002289
1980,10000272,10000560,10000848,10001136,10001424,10001712,10002000,10002288
1981,-1,-1,-1,-1,-1,-1,-1,-1
1982,-1,-1,-1,-1,-1,-1,-1,-1
1983,-1,-1,-1,-1,-1,-1,-1,-1
1984,-1,-1,-1,-1,-1,-1,-1,-1
1985,-1,-1,-1,-1,-1,-1,-1,-1
1986,-1,-1,-1,-1,-1,-1,-1,-1
1987,-1,-1,-1,-1,-1,-1,-1,-1
1988,-1,-1,-1,-1,-1,-1,-1,-1
1989,-1,-1,-1,-1,-1,-1,-1,-1
1990,-1,-1,-1,-1,-1,-1,-1,-1
1991,-1,-1,-1,-1,-1,-1,-1,-1
1992,-1,-1,-1,-1,-1,-1,-1,-1
1993,-1,-1,-1,-1,-1,-1,-1,-1
1994,-1,-1,-1,-1,-1,-1,-1,-1
1995,-1,-1,-1,-1,-1,-1,-1,-1
1996,-1,-1,-1,-1,-1,-1,-1,-1
1997,-1,-1,-1,-1,-1,-1,-1,-1
1998,-1,-1,-1,-1,-1,-1,-1,-1
1999,-1,-1,-1,-1,-1,-1,-1,-1
2000,-1,-1,-1,-1,-1,-1,-1,-1
2001,-1,-1,-1,-1,-1,-1,-1,-1
2002,-1,-1,-1,-1,-1,-1,-1,-1
2003,-1,-1,-1,-1,-1,-1,-1,-1
2004,-1,-1,-1,-1,-1,-1,-1,-1
2005,-1,-1,-1,-1,-1,-1,-1,-1
2006,-1,-1,-1,-1,-1,-1,-1,-1
2007,-1,-1,-1,-1,-1,-1,-1,-1
2008,-1,-1,-1,-1,-1,-1,-1,-1
2009,-1,-1,-1,-1,-1,-1,-1,-1
2010,-1,-1,-1,-1,-1,-1,-1,-1
2011,-1,-1,-1,-1,-1,-1,-1,-1
2012,-1,-1,-1,-1,-1,-1,-1,-1
2013,-1,-1,-1,-1,-1,-1,-1,-1
2014,-1,-1,-1,-1,-1,-1,-1,-1
2015,-1,-1,-1,-1,-1,-1,-1,-1
2016,-1,-1,-1,-1,-1,-1,-1,-1
2017,-1,-1,-1,-1,-1,-1,-1,-1
2018,-1,-1,-1,-1,-1,-1,-1,-1
2019,-1,-1,-1,-1,-1,-1,-1,-1
2020,-1,-1,-1,-1,-1,-1,-1,-1
2021,-1,-1,-1,-1,-1,-1,-1,-1
2022,-1,-1,-1,-1,-1,-1,-1,-1
2023,-1,-1,-1,-1,-1,-1,-1,-1
2024,-1,-1,-1,-1,-1,-1,-1,-1
2025,-1,-1,-1,-1,-1,-1,-1,-1
2026,-1,-1,-1,-1,-1,-1,-1,-1
2027,-1,-1,-1,-1,-1,-1,-1,-1
2028,-1,-1,-1,-1,-1,-1,-1,-1
2029,-1,-1,-1,-1,-1,-1,-1,-1
2030,-1,-1,-1,-1,-1,-1,-1,-1
2031,10000287,10000575,10000863,10001151,10001439,10001727,10002015,10002303
2032,10000286,10000574,10000862,10001150,10001438,10001726,10002014,10002302
2033,10000285,10000573,10000861,10001149,10001437,10001725,10002013,10002301
2034,10000284,10000572,10000860,10001148,10001436,10001724,10002012,10002300
2035,10000283,10000571,10000859,10001147,10001435,10001723,10002011,10002299
2036,10000282,10000570,10000858,10001146,10001434,10001722,10002010,10002298
2037,10000281,10000569,10000857,10001145,10001433,10001721,10002009,10002297
2038,10000280,10000568,10000856,10001144,10001432,10001720,10002008,10002296
2039,-1,-1,-1,-1,-1,-1,-1,-1
2040,-1,-1,-1,-1,-1,-1,-1,-1
2041,-1,-1,-1,-1,-1,-1,-1,-1
2042,-1,-1,-1,-1,-1,-1,-1,-1
2043,-1,-1,-1,-1,-1,-1,-1,-1
2044,-1,-1,-1,-1,-1,-1,-1,-1
2045,-1,-1,-1,-1,-1,-1,-1,-1
2046,-1,-1,-1,-1,-1,-1,-1,-1
2047,-1,-1,-1,-1,-1,-1,-1,-1
2048,-1,-1,-1,-1,-1,-1,-1,-1
2049,-1,-1,-1,-1,-1,-1,-1,-1
2050,-1,-1,-1,-1,-1,-1,-1,-1
2051,-1,-1,-1,-1,-1,-1,-1,-1
2052,-1,-1,-1,-1,-1,-1,-1,-1
2053,-1,-1,-1,-1,-1,-1,-1,-1
2054,-1,-1,-1,-1,-1,-1,-1,-1
2055,-1,-1,-1,-1,-1,-1,-1,-1
2056,-1,-1,-1,-1,-1,-1,-1,-1
2057,-1,-1,-1,-1,-1,-1,-1,-1
2058,-1,-1,-1,-1,-1,-1,-1,-1
2059,-1,-1,-1,-1,-1,-1,-1,-1
2060,-1,-1,-1,-1,-1,-1,-1,-1
2061,-1,-1,-1,-1,-1,-1,-1,-1
2062,-1,-1,-1,-1,-1,-1,-1,-1
2063,-1,-1,-1,-1,-1,-1,-1,-1
2064,-1,-1,-1,-1,-1,-1,-1,-1
2065,-1,-1,-1,-1,-1,-1,-1,-1
2066,-1,-1,-1,-1,-1,-1,-1,-1
2067,-1,-1,-1,-1,-1,-1,-1,-1
2068,-1,-1,-1,-1,-1,-1,-1,-1
2069,-1,-1,-1,-1,-1,-1,-1,-1
2070,-1,-1,-1,-1,-1,-1,-1,-1
2071,-1,-1,-1,-1,-1,-1,-1,-1
2072,-1,-1,-1,-1,-1,-1,-1,-1
2073,-1,-1,-1,-1,-1,-1,-1,-1
2074,-1,-1,-1,-1,-1,-1,-1,-1
2075,-1,-1,-1,-1,-1,-1,-1,-1
2076,-1,-1,-1,-1,-1,-1,-1,-1
2077,-1,-1,-1,-1,-1,-1,-1,-1
2078,-1,-1,-1,-1,-1,-1,-1,-1
2079,-1,-1,-1,-1,-1,-1,-1,-1
2080,-1,-1,-1,-1,-1,-1,-1,-1
2081,-1,-1,-1,-1,-1,-1,-1,-1
2082,-1,-1,-1,-1,-1,-1,-1,-1
2083,-1,-1,-1,-1,-1,-1,-1,-1
2084,-1,-1,-1,-1,-1,-1,-1,-1
2085,-1,-1,-1,-1,-1,-1,-1,-1
2086,-1,-1,-1,-1,-1,-1,-1,-1
2087,-1,-1,-1,-1,-1,-1,-1,-1
2088,-1,-1,-1,-1,-1,-1,-1,-1
2089,10002311,10002599,10002887,10003175,10003463,10003751,10004039,10004327
2090,10002310,10002598,10002886,10003174,10003462,10003750,10004038,10004326
2091,10002309,10002597,10002885,10003173,10003461,10003749,10004037,10004325
2092,10002308,10002596,10002884,10003172,10003460,10003748,10004036,10004324
2093,10002307,10002595,10002883,10003171,10003459,10003747,10004035,10004323
2094,10002306,10002594,10002882,10003170,10003458,10003746,10004034,10004322
2095,10002305,10002593,10002881,10003169,10003457,10003745,10004033,10004321
2096,10002304,10002592,10002880,10003168,10003456,10003744,10004032,10004320
2097,-1,-1,-1,-1,-1,-1,-1,-1
2098,-1,-1,-1,-1,-1,-1,-1,-1
2099,-1,-1,-1,-1,-1,-1,-1,-1
2100,-1,-1,-1,-1,-1,-1,-1,-1
2101,-1,-1,-1,-1,-1,-1,-1,-1
2102,-1,-1,-1,-1,-1,-1,-1,-1
2103,-1,-1,-1,-1,-1,-1,-1,-1
2104,-1,-1,-1,-1,-1,-1,-1,-1
2105,-1,-1,-1,-1,-1,-1,-1,-1
2106,-1,-1,-1,-1,-1,-1,-1,-1
2107,-1,-1,-1,-1,-1,-1,-1,-1
2108,-1,-1,-1,-1,-1,-1,-1,-1
2109,-1,-1,-1,-1,-1,-1,-1,-1
2110,-1,-1,-1,-1,-1,-1,-1,-1
2111,-1,-1,-1,-1,-1,-1,-1,-1
2112,-1,-1,-1,-1,-1,-1,-1,-1
2113,-1,-1,-1,-1,-1,-1,-1,-1
2114,-1,-1,-1,-1,-1,-1,-1,-1
2115,-1,-1,-1,-1,-1,-1,-1,-1
2116,-1,-1,-1,-1,-1,-1,-1,-1
2117,-1,-1,-1,-1,-1,-1,-1,-1
2118,-1,-1,-1,-1,-1,-1,-1,-1
2119,-1,-1,-1,-1,-1,-1,-1,-1
2120,-1,-1,-1,-1,-1,-1,-1,-1
2121,-1,-1,-1,-1,-1,-1,-1,-1
2122,-1,-1,-1,-1,-1,-1,-1,-1
2123,-1,-1,-1,-1,-1,-1,-1,-1
2124,-1,-1,-1,-1,-1,-1,-1,-1
2125,-1,-1,-1,-1,-1,-1,-1,-1
2126,-1,-1,-1,-1,-1,-1,-1,-1
2127,-1,-1,-1,-1,-1,-1,-1,-1
2128,-1,-1,-1,-1,-1,-1,-1,-1
2129,-1,-1,-1,-1,-1,-1,-1,-1
2130,-1,-1,-1,-1,-1,-1,-1,-1
2131,-1,-1,-1,-1,-1,-1,-1,-1
2132,-1,-1,-1,-1,-1,-1,-1,-1
2133,-1,-1,-1,-1,-1,-1,-1,-1
2134,-1,-1,-1,-1,-1,-1,-1,-1
2135,-1,-1,-1,-1,-1,-1,-1,-1
2136,-1,-1,-1,-1,-1,-1,-1,-1
2137,-1,-1,-1,-1,-1,-1,-1,-1
2138,-1,-1,-1,-1,-1,-1,-1,-1
2139,-1,-1,-1,-1,-1,-1,-1,-1
2140,-1,-1,-1,-1,-1,-1,-1,-1
2141,-1,-1,-1,-1,-1,-1,-1,-1
2142,-1,-1,-1,-1,-1,-1,-1,-1
2143,-1,-1,-1,-1,-1,-1,-1,-1
2144,-1,-1,-1,-1,-1,-1,-1,-1
2145,-1,-1,-1,-1,-1,-1,-1,-1
2146,-1,-1,-1,-1,-1,-1,-1,-1
2147,10002319,10002607,10002895,10003183,10003471,10003759,10004047,10004335
2148,10002318,10002606,10002894,10003182,10003470,10003758,10004046,10004334
2149,10002317,10002605,10002893,10003181,10003469,10003757,10004045,10004333
2150,10002316,10002604,10002892,10003180,10003468,10003756,10004044,10004332
2151,10002315,10002603,10002891,10003179,10003467,10003755,10004043,10004331
2152,10002314,10002602,10002890,10003178,10003466,10003754,10004042,10004330
2153,10002313,10002601,10002889,10003177,10003465,10003753,10004041,10004329
2154,10002312,10002600,10002888,10003176,10003464,10003752,10004040,10004328
2155,-1,-1,-1,-1,-1,-1,-1,-1
2156,-1,-1,-1,-1,-1,-1,-1,-1
2157,-1,-1,-1,-1,-1,-1,-1,-1
2158,-1,-1,-1,-1,-1,-1,-1,-1
2159,-1,-1,-1,-1,-1,-1,-1,-1
2160,-1,-1,-1,-1,-1,-1,-1,-1
2161,-1,-1,-1,-1,-1,-1,-1,-1
2162,-1,-1,-1,-1,-1,-1,-1,-1
2163,-1,-1,-1,-1,-1,-1,-1,-1
2164,-1,-1,-1,-1,-1,-1,-1,-1
2165,-1,-1,-1,-1,-1,-1,-1,-1
2166,-1,-1,-1,-1,-1,-1,-1,-1
2167,-1,-1,-1,-1,-1,-1,-1,-1
2168,-1,-1,-1,-1,-1,-1,-1,-1
2169,-1,-1,-1,-1,-1,-1,-1,-1
2170,-1,-1,-1,-1,-1,-1,-1,-1
2171,-1,-1,-1,-1,-1,-1,-1,-1
2172,-1,-1,-1,-1,-1,-1,-1,-1
2173,-1,-1,-1,-1,-1,-1,-1,-1
2174,-1,-1,-1,-1,-1,-1,-1,-1
2175,-1,-1,-1,-1,-1,-1,-1,-1
2176,-1,-1,-1,-1,-1,-1,-1,-1
2177,-1,-1,-1,-1,-1,-1,-1,-1
2178,-1,-1,-1,-1,-1,-1,-1,-1
2179,-1,-1,-1,-1,-1,-1,-1,-1
2180,-1,-1,-1,-1,-1,-1,-1,-1
2181,-1,-1,-1,-1,-1,-1,-1,-1
2182,-1,-1,-1,-1,-1,-1,-1,-1
2183,-1,-1,-1,-1,-1,-1,-1,-1
2184,-1,-1,-1,-1,-1,-1,-1,-1
2185,-1,-1,-1,-1,-1,-1,-1,-1
2186,-1,-1,-1,-1,-1,-1,-1,-1
2187,-1,-1,-1,-1,-1,-1,-1,-1
2188,-1,-1,-1,-1,-1,-1,-1,-1
2189,-1,-1,-1,-1,-1,-1,-1,-1
2190,-1,-1,-1,-1,-1,-1,-1,-1
2191,-1,-1,-1,-1,-1,-1,-1,-1
2192,-1,-1,-1,-1,-1,-1,-1,-1
2193,-1,-1,-1,-1,-1,-1,-1,-1
2194,-1,-1,-1,-1,-1,-1,-1,-1
2195,-1,-1,-1,-1,-1,-1,-1,-1
2196,-1,-1,-1,-1,-1,-1,-1,-1
2197,-1,-1,-1,-1,-1,-1,-1,-1
2198,-1,-1,-1,-1,-1,-1,-1,-1
2199,-1,-1,-1,-1,-1,-1,-1,-1
2200,-1,-1,-1,-1,-1,-1,-1,-1
2201,-1,-1,-1,-1,-1,-1,-1,-1
2202,-1,-1,-1,-1,-1,-1,-1,-1
2203,-1,-1,-1,-1,-1,-1,-1,-1
2204,-1,-1,-1,-1,-1,-1,-1,-1
2205,10002327,10002615,10002903,10003191,10003479,10003767,10004055,10004343
2206,10002326,10002614,10002902,10003190,10003478,10003766,10004054,10004342
2207,10002325,10002613,10002901,10003189,10003477,10003765,10004053,10004341
2208,10002324,10002612,10002900,10003188,10003476,10003764,10004052,10004340
2209,10002323,10002611,10002899,10003187,10003475,10003763,10004051,10004339
2210,10002322,10002610,10002898,10003186,10003474,10003762,10004050,10004338
2211,10002321,10002609,10002897,10003185,10003473,10003761,10004049,10004337
2212,10002320,10002608,10002896,10003184,10003472,10003760,10004048,10004336
2213,-1,-1,-1,-1,-1,-1,-1,-1
2214,-1,-1,-1,-1,-1,-1,-1,-1
2215,-1,-1,-1,-1,-1,-1,-1,-1
2216,-1,-1,-1,-1,-1,-1,-1,-1
2217,-1,-1,-1,-1,-1,-1,-1,-1
2218,-1,-1,-1,-1,-1,-1,-1,-1
2219,-1,-1,-1,-1,-1,-1,-1,-1
2220,-1,-1,-1,-1,-1,-1,-1,-1
2221,-1,-1,-1,-1,-1,-1,-1,-1
2222,-1,-1,-1,-1,-1,-1,-1,-1
2223,-1,-1,-1,-1,-1,-1,-1,-1
2224,-1,-1,-1,-1,-1,-1,-1,-1
2225,-1,-1,-1,-1,-1,-1,-1,-1
2226,-1,-1,-1,-1,-1,-1,-1,-1
2227,-1,-1,-1,-1,-1,-1,-1,-1
2228,-1,-1,-1,-1,-1,-1,-1,-1
2229,-1,-1,-1,-1,-1,-1,-1,-1
2230,-1,-1,-1,-1,-1,-1,-1,-1
2231,-1,-1,-1,-1,-1,-1,-1,-1
2232,-1,-1,-1,-1,-1,-1,-1,-1
2233,-1,-1,-1,-1,-1,-1,-1,-1
2234,-1,-1,-1,-1,-1,-1,-1,-1
2235,-1,-1,-1,-1,-1,-1,-1,-1
2236,-1,-1,-1,-1,-1,-1,-1,-1
2237,-1,-1,-1,-1,-1,-1,-1,-1
2238,-1,-1,-1,-1,-1,-1,-1,-1
2239,-1,-1,-1,-1,-1,-1,-1,-1
2240,-1,-1,-1,-1,-1,-1,-1,-1
2241,-1,-1,-1,-1,-1,-1,-1,-1
2242,-1,-1,-1,-1,-1,-1,-1,-1
2243,-1,-1,-1,-1,-1,-1,-1,-1
2244,-1,-1,-1,-1,-1,-1,-1,-1
2245,-1,-1,-1,-1,-1,-1,-1,-1
2246,-1,-1,-1,-1,-1,-1,-1,-1
2247,-1,-1,-1,-1,-1,-1,-1,-1
2248,-1,-1,-1,-1,-1,-1,-1,-1
2249,-1,-1,-1,-1,-1,-1,-1,-1
2250,-1,-1,-1,-1,-1,-1,-1,-1
2251,-1,-1,-1,-1,-1,-1,-1,-1
2252,-1,-1,-1,-1,-1,-1,-1,-1
2253,-1,-1,-1,-1,-1,-1,-1,-1
2254,-1,-1,-1,-1,-1,-1,-1,-1
2255,-1,-1,-1,-1,-1,-1,-1,-1
2256,-1,-1,-1,-1,-1,-1,-1,-1
2257,-1,-1,-1,-1,-1,-1,-1,-1
2258,-1,-1,-1,-1,-1,-1,-1,-1
2259,-1,-1,-1,-1,-1,-1,-1,-1
2260,-1,-1,-1,-1,-1,-1,-1,-1
2261,-1,-1,-1,-1,-1,-1,-1,-1
2262,-1,-1,-1,-1,-1,-1,-1,-1
2263,10002335,10002623,10002911,10003199,10003487,10003775,10004063,10004351
2264,10002334,10002622,10002910,10003198,10003486,10003774,10004062,10004350
2265,10002333,10002621,10002909,10003197,10003485,10003773,10004061,10004349
2266,10002332,10002620,10002908,10003196,10003484,10003772,10004060,10004348
2267,10002331,10002619,10002907,10003195,10003483,10003771,10004059,10004347
2268,10002330,10002618,10002906,10003194,10003482,10003770,10004058,10004346
2269,10002329,10002617,10002905,10003193,10003481,10003769,10004057,10004345
2270,10002328,10002616,10002904,10003192,10003480,10003768,10004056,10004344
2271,-1,-1,-1,-1,-1,-1,-1,-1
2272,-1,-1,-1,-1,-1,-1,-1,-1
2273,-1,-1,-1,-1,-1,-1,-1,-1
2274,-1,-1,-1,-1,-1,-1,-1,-1
2275,-1,-1,-1,-1,-1,-1,-1,-1
2276,-1,-1,-1,-1,-1,-1,-1,-1
2277,-1,-1,-1,-1,-1,-1,-1,-1
2278,-1,-1,-1,-1,-1,-1,-1,-1
2279,-1,-1,-1,-1,-1,-1,-1,-1
2280,-1,-1,-1,-1,-1,-1,-1,-1
2281,-1,-1,-1,-1,-1,-1,-1,-1
2282,-1,-1,-1,-1,-1,-1,-1,-1
2283,-1,-1,-1,-1,-1,-1,-1,-1
2284,-1,-1,-1,-1,-1,-1,-1,-1
2285,-1,-1,-1,-1,-1,-1,-1,-1
2286,-1,-1,-1,-1,-1,-1,-1,-1
2287,-1,-1,-1,-1,-1,-1,-1,-1
2288,-1,-1,-1,-1,-1,-1,-1,-1
2289,-1,-1,-1,-1,-1,-1,-1,-1
2290,-1,-1,-1,-1,-1,-1,-1,-1
2291,-1,-1,-1,-1,-1,-1,-1,-1
2292,-1,-1,-1,-1,-1,-1,-1,-1
2293,-1,-1,-1,-1,-1,-1,-1,-1
2294,-1,-1,-1,-1,-1,-1,-1,-1
2295,-1,-1,-1,-1,-1,-1,-1,-1
2296,-1,-1,-1,-1,-1,-1,-1,-1
2297,-1,-1,-1,-1,-1,-1,-1,-1
2298,-1,-1,-1,-1,-1,-1,-1,-1
2299,-1,-1,-1,-1,-1,-1,-1,-1
2300,-1,-1,-1,-1,-1,-1,-1,-1
2301,-1,-1,-1,-1,-1,-1,-1,-1
2302,-1,-1,-1,-1,-1,-1,-1,-1
2303,-1,-1,-1,-1,-1,-1,-1,-1
2304,-1,-1,-1,-1,-1,-1,-1,-1
2305,-1,-1,-1,-1,-1,-1,-1,-1
2306,-1,-1,-1,-1,-1,-1,-1,-1
2307,-1,-1,-1,-1,-1,-1,-1,-1
2308,-1,-1,-1,-1,-1,-1,-1,-1
2309,-1,-1,-1,-1,-1,-1,-1,-1
2310,-1,-1,-1,-1,-1,-1,-1,-1
2311,-1,-1,-1,-1,-1,-1,-1,-1
2312,-1,-1,-1,-1,-1,-1,-1,-1
2313,-1,-1,-1,-1,-1,-1,-1,-1
2314,-1,-1,-1,-1,-1,-1,-1,-1
2315,-1,-1,-1,-1,-1,-1,-1,-1
2316,-1,-1,-1,-1,-1,-1,-1,-1
2317,-1,-1,-1,-1,-1,-1,-1,-1
2318,-1,-1,-1,-1,-1,-1,-1,-1
2319,-1,-1,-1,-1,-1,-1,-1,-1
2320,-1,-1,-1,-1,-1,-1,-1,-1
2321,10002343,10002631,10002919,10003207,10003495,10003783,10004071,10004359
2322,10002342,10002630,10002918,10003206,10003494,10003782,10004070,10004358
2323,10002341,10002629,10002917,10003205,10003493,10003781,10004069,10004357
2324,10002340,10002628,10002916,10003204,10003492,10003780,10004068,10004356
2325,10002339,10002627,10002915,10003203,10003491,10003779,10004067,10004355
2326,10002338,10002626,10002914,10003202,10003490,10003778,10004066,10004354
2327,10002337,10002625,10002913,10003201,10003489,10003777,10004065,10004353
2328,10002336,10002624,10002912,10003200,10003488,10003776,10004064,10004352
2329,-1,-1,-1,-1,-1,-1,-1,-1
2330,-1,-1,-1,-1,-1,-1,-1,-1
2331,-1,-1,-1,-1,-1,-1,-1,-1
2332,-1,-1,-1,-1,-1,-1,-1,-1
2333,-1,-1,-1,-1,-1,-1,-1,-1
2334,-1,-1,-1,-1,-1,-1,-1,-1
2335,-1,-1,-1,-1,-1,-1,-1,-1
2336,-1,-1,-1,-1,-1,-1,-1,-1
2337,-1,-1,-1,-1,-1,-1,-1,-1
2338,-1,-1,-1,-1,-1,-1,-1,-1
2339,-1,-1,-1,-1,-1,-1,-1,-1
2340,-1,-1,-1,-1,-1,-1,-1,-1
2341,-1,-1,-1,-1,-1,-1,-1,-1
2342,-1,-1,-1,-1,-1,-1,-1,-1
2343,-1,-1,-1,-1,-1,-1,-1,-1
2344,-1,-1,-1,-1,-1,-1,-1,-1
2345,-1,-1,-1,-1,-1,-1,-1,-1
2346,-1,-1,-1,-1,-1,-1,-1,-1
2347,-1,-1,-1,-1,-1,-1,-1,-1
2348,-1,-1,-1,-1,-1,-1,-1,-1
2349,-1,-1,-1,-1,-1,-1,-1,-1
2350,-1,-1,-1,-1,-1,-1,-1,-1
2351,-1,-1,-1,-1,-1,-1,-1,-1
2352,-1,-1,-1,-1,-1,-1,-1,-1
2353,-1,-1,-1,-1,-1,-1,-1,-1
2354,-1,-1,-1,-1,-1,-1,-1,-1
2355,-1,-1,-1,-1,-1,-1,-1,-1
2356,-1,-1,-1,-1,-1,-1,-1,-1
2357,-1,-1,-1,-1,-1,-1,-1,-1
2358,-1,-1,-1,-1,-1,-1,-1,-1
2359,-1,-1,-1,-1,-1,-1,-1,-1
2360,-1,-1,-1,-1,-1,-1,-1,-1
2361,-1,-1,-1,-1,-1,-1,-1,-1
2362,-1,-1,-1,-1,-1,-1,-1,-1
2363,-1,-1,-1,-1,-1,-1,-1,-1
2364,-1,-1,-1,-1,-1,-1,-1,-1
2365,-1,-1,-1,-1,-1,-1,-1,-1
2366,-1,-1,-1,-1,-1,-1,-1,-1
2367,-1,-1,-1,-1,-1,-1,-1,-1
2368,-1,-1,-1,-1,-1,-1,-1,-1
2369,-1,-1,-1,-1,-1,-1,-1,-1
2370,-1,-1,-1,-1,-1,-1,-1,-1
2371,-1,-1,-1,-1,-1,-1,-1,-1
2372,-1,-1,-1,-1,-1,-1,-1,-1
2373,-1,-1,-1,-1,-1,-1,-1,-1
2374,-1,-1,-1,-1,-1,-1,-1,-1
2375,-1,-1,-1,-1,-1,-1,-1,-1
2376,-1,-1,-1,-1,-1,-1,-1,-1
2377,-1,-1,-1,-1,-1,-1,-1,-1
2378,-1,-1,-1,-1,-1,-1,-1,-1
2379,10002351,10002639,10002927,10003215,10003503,10003791,10004079,10004367
2380,10002350,10002638,10002926,10003214,10003502,10003790,10004078,10004366
2381,10002349,10002637,10002925,10003213,10003501,10003789,10004077,10004365
2382,10002348,10002636,10002924,10003212,10003500,10003788,10004076,10004364
2383,10002347,10002635,10002923,10003211,10003499,10003787,10004075,10004363
2384,10002346,10002634,10002922,10003210,10003498,10003786,10004074,10004362
2385,10002345,10002633,10002921,10003209,10003497,10003785,10004073,10004361
2386,10002344,10002632,10002920,10003208,10003496,10003784,10004072,10004360
2387,-1,-1,-1,-1,-1,-1,-1,-1
2388,-1,-1,-1,-1,-1,-1,-1,-1
2389,-1,-1,-1,-1,-1,-1,-1,-1
2390,-1,-1,-1,-1,-1,-1,-1,-1
2391,-1,-1,-1,-1,-1,-1,-1,-1
2392,-1,-1,-1,-1,-1,-1,-1,-1
2393,-1,-1,-1,-1,-1,-1,-1,-1
2394,-1,-1,-1,-1,-1,-1,-1,-1
2395,-1,-1,-1,-1,-1,-1,-1,-1
2396,-1,-1,-1,-1,-1,-1,-1,-1
2397,-1,-1,-1,-1,-1,-1,-1,-1
2398,-1,-1,-1,-1,-1,-1,-1,-1
2399,-1,-1,-1,-1,-1,-1,-1,-1
2400,-1,-1,-1,-1,-1,-1,-1,-1
2401,-1,-1,-1,-1,-1,-1,-1,-1
2402,-1,-1,-1,-1,-1,-1,-1,-1
2403,-1,-1,-1,-1,-1,-1,-1,-1
2404,-1,-1,-1,-1,-1,-1,-1,-1
2405,-1,-1,-1,-1,-1,-1,-1,-1
2406,-1,-1,-1,-1,-1,-1,-1,-1
2407,-1,-1,-1,-1,-1,-1,-1,-1
2408,-1,-1,-1,-1,-1,-1,-1,-1
2409,-1,-1,-1,-1,-1,-1,-1,-1
2410,-1,-1,-1,-1,-1,-1,-1,-1
2411,-1,-1,-1,-1,-1,-1,-1,-1
2412,-1,-1,-1,-1,-1,-1,-1,-1
2413,-1,-1,-1,-1,-1,-1,-1,-1
2414,-1,-1,-1,-1,-1,-1,-1,-1
2415,-1,-1,-1,-1,-1,-1,-1,-1
2416,-1,-1,-1,-1,-1,-1,-1,-1
2417,-1,-1,-1,-1,-1,-1,-1,-1
2418,-1,-1,-1,-1,-1,-1,-1,-1
2419,-1,-1,-1,-1,-1,-1,-1,-1
2420,-1,-1,-1,-1,-1,-1,-1,-1
2421,-1,-1,-1,-1,-1,-1,-1,-1
2422,-1,-1,-1,-1,-1,-1,-1,-1
2423,-1,-1,-1,-1,-1,-1,-1,-1
2424,-1,-1,-1,-1,-1,-1,-1,-1
2425,-1,-1,-1,-1,-1,-1,-1,-1
2426,-1,-1,-1,-1,-1,-1,-1,-1
2427,-1,-1,-1,-1,-1,-1,-1,-1
2428,-1,-1,-1,-1,-1,-1,-1,-1
2429,-1,-1,-1,-1,-1,-1,-1,-1
2430,-1,-1,-1,-1,-1,-1,-1,-1
2431,-1,-1,-1,-1,-1,-1,-1,-1
2432,-1,-1,-1,-1,-1,-1,-1,-1
2433,-1,-1,-1,-1,-1,-1,-1,-1
2434,-1,-1,-1,-1,-1,-1,-1,-1
2435,-1,-1,-1,-1,-1,-1,-1,-1
2436,-1,-1,-1,-1,-1,-1,-1,-1
2437,10002359,10002647,10002935,10003223,10003511,10003799,10004087,10004375
2438,10002358,10002646,10002934,10003222,10003510,10003798,10004086,10004374
2439,10002357,10002645,10002933,10003221,10003509,10003797,10004085,10004373
2440,10002356,10002644,10002932,10003220,10003508,10003796,10004084,10004372
2441,10002355,10002643,10002931,10003219,10003507,10003795,10004083,10004371
2442,10002354,10002642,10002930,10003218,10003506,10003794,10004082,10004370
2443,10002353,10002641,10002929,10003217,10003505,10003793,10004081,10004369
2444,10002352,10002640,10002928,10003216,10003504,10003792,10004080,10004368
2445,-1,-1,-1,-1,-1,-1,-1,-1
2446,-1,-1,-1,-1,-1,-1,-1,-1
2447,-1,-1,-1,-1,-1,-1,-1,-1
2448,-1,-1,-1,-1,-1,-1,-1,-1
2449,-1,-1,-1,-1,-1,-1,-1,-1
2450,-1,-1,-1,-1,-1,-1,-1,-1
2451,-1,-1,-1,-1,-1,-1,-1,-1
2452,-1,-1,-1,-1,-1,-1,-1,-1
2453,-1,-1,-1,-1,-1,-1,-1,-1
2454,-1,-1,-1,-1,-1,-1,-1,-1
2455,-1,-1,-1,-1,-1,-1,-1,-1
2456,-1,-1,-1,-1,-1,-1,-1,-1
2457,-1,-1,-1,-1,-1,-1,-1,-1
2458,-1,-1,-1,-1,-1,-1,-1,-1
2459,-1,-1,-1,-1,-1,-1,-1,-1
2460,-1,-1,-1,-1,-1,-1,-1,-1
2461,-1,-1,-1,-1,-1,-1,-1,-1
2462,-1,-1,-1,-1,-1,-1,-1,-1
2463,-1,-1,-1,-1,-1,-1,-1,-1
2464,-1,-1,-1,-1,-1,-1,-1,-1
2465,-1,-1,-1,-1,-1,-1,-1,-1
2466,-1,-1,-1,-1,-1,-1,-1,-1
2467,-1,-1,-1,-1,-1,-1,-1,-1
2468,-1,-1,-1,-1,-1,-1,-1,-1
2469,-1,-1,-1,-1,-1,-1,-1,-1
2470,-1,-1,-1,-1,-1,-1,-1,-1
2471,-1,-1,-1,-1,-1,-1,-1,-1
2472,-1,-1,-1,-1,-1,-1,-1,-1
2473,-1,-1,-1,-1,-1,-1,-1,-1
2474,-1,-1,-1,-1,-1,-1,-1,-1
2475,-1,-1,-1,-1,-1,-1,-1,-1
2476,-1,-1,-1,-1,-1,-1,-1,-1
2477,-1,-1,-1,-1,-1,-1,-1,-1
2478,-1,-1,-1,-1,-1,-1,-1,-1
2479,-1,-1,-1,-1,-1,-1,-1,-1
2480,-1,-1,-1,-1,-1,-1,-1,-1
2481,-1,-1,-1,-1,-1,-1,-1,-1
2482,-1,-1,-1,-1,-1,-1,-1,-1
2483,-1,-1,-1,-1,-1,-1,-1,-1
2484,-1,-1,-1,-1,-1,-1,-1,-1
2485,-1,-1,-1,-1,-1,-1,-1,-1
2486,-1,-1,-1,-1,-1,-1,-1,-1
2487,-1,-1,-1,-1,-1,-1,-1,-1
2488,-1,-1,-1,-1,-1,-1,-1,-1
2489,-1,-1,-1,-1,-1,-1,-1,-1
2490,-1,-1,-1,-1,-1,-1,-1,-1
2491,-1,-1,-1,-1,-1,-1,-1,-1
2492,-1,-1,-1,-1,-1,-1,-1,-1
2493,-1,-1,-1,-1,-1,-1,-1,-1
2494,-1,-1,-1,-1,-1,-1,-1,-1
2495,10002367,10002655,10002943,10003231,10003519,10003807,10004095,10004383
2496,10002366,10002654,10002942,10003230,10003518,10003806,10004094,10004382
2497,10002365,10002653,10002941,10003229,10003517,10003805,10004093,10004381
2498,10002364,10002652,10002940,10003228,10003516,10003804,10004092,10004380
2499,10002363,10002651,10002939,10003227,10003515,10003803,10004091,10004379
2500,10002362,10002650,10002938,10003226,10003514,10003802,10004090,10004378
2501,10002361,10002649,10002937,10003225,10003513,10003801,10004089,10004377
2502,10002360,10002648,10002936,10003224,10003512,10003800,10004088,10004376
2503,-1,-1,-1,-1,-1,-1,-1,-1
2504,-1,-1,-1,-1,-1,-1,-1,-1
2505,-1,-1,-1,-1,-1,-1,-1,-1
2506,-1,-1,-1,-1,-1,-1,-1,-1
2507,-1,-1,-1,-1,-1,-1,-1,-1
2508,-1,-1,-1,-1,-1,-1,-1,-1
2509,-1,-1,-1,-1,-1,-1,-1,-1
2510,-1,-1,-1,-1,-1,-1,-1,-1
2511,-1,-1,-1,-1,-1,-1,-1,-1
2512,-1,-1,-1,-1,-1,-1,-1,-1
2513,-1,-1,-1,-1,-1,-1,-1,-1
2514,-1,-1,-1,-1,-1,-1,-1,-1
2515,-1,-1,-1,-1,-1,-1,-1,-1
2516,-1,-1,-1,-1,-1,-1,-1,-1
2517,-1,-1,-1,-1,-1,-1,-1,-1
2518,-1,-1,-1,-1,-1,-1,-1,-1
2519,-1,-1,-1,-1,-1,-1,-1,-1
2520,-1,-1,-1,-1,-1,-1,-1,-1
2521,-1,-1,-1,-1,-1,-1,-1,-1
2522,-1,-1,-1,-1,-1,-1,-1,-1
2523,-1,-1,-1,-1,-1,-1,-1,-1
2524,-1,-1,-1,-1,-1,-1,-1,-1
2525,-1,-1,-1,-1,-1,-1,-1,-1
2526,-1,-1,-1,-1,-1,-1,-1,-1
2527,-1,-1,-1,-1,-1,-1,-1,-1
2528,-1,-1,-1,-1,-1,-1,-1,-1
2529,-1,-1,-1,-1,-1,-1,-1,-1
2530,-1,-1,-1,-1,-1,-1,-1,-1
2531,-1,-1,-1,-1,-1,-1,-1,-1
2532,-1,-1,-1,-1,-1,-1,-1,-1
2533,-1,-1,-1,-1,-1,-1,-1,-1
2534,-1,-1,-1,-1,-1,-1,-1,-1
2535,-1,-1,-1,-1,-1,-1,-1,-1
2536,-1,-1,-1,-1,-1,-1,-1,-1
2537,-1,-1,-1,-1,-1,-1,-1,-1
2538,-1,-1,-1,-1,-1,-1,-1,-1
2539,-1,-1,-1,-1,-1,-1,-1,-1
2540,-1,-1,-1,-1,-1,-1,-1,-1
2541,-1,-1,-1,-1,-1,-1,-1,-1
2542,-1,-1,-1,-1,-1,-1,-1,-1
2543,-1,-1,-1,-1,-1,-1,-1,-1
2544,-1,-1,-1,-1,-1,-1,-1,-1
2545,-1,-1,-1,-1,-1,-1,-1,-1
2546,-1,-1,-1,-1,-1,-1,-1,-1
2547,-1,-1,-1,-1,-1,-1,-1,-1
2548,-1,-1,-1,-1,-1,-1,-1,-1
2549,-1,-1,-1,-1,-1,-1,-1,-1
2550,-1,-1,-1,-1,-1,-1,-1,-1
2551,-1,-1,-1,-1,-1,-1,-1,-1
2552,-1,-1,-1,-1,-1,-1,-1,-1
2553,10002375,10002663,10002951,10003239,10003527,10003815,10004103,10004391
2554,10002374,10002662,10002950,10003238,10003526,10003814,10004102,10004390
2555,10002373,10002661,10002949,10003237,10003525,10003813,10004101,10004389
2556,10002372,10002660,10002948,10003236,10003524,10003812,10004100,10004388
2557,10002371,10002659,10002947,10003235,10003523,10003811,10004099,10004387
2558,10002370,10002658,10002946,10003234,10003522,10003810,10004098,10004386
2559,10002369,10002657,10002945,10003233,10003521,10003809,10004097,10004385
2560,10002368,10002656,10002944,10003232,10003520,10003808,10004096,10004384
2561,-1,-1,-1,-1,-1,-1,-1,-1
2562,-1,-1,-1,-1,-1,-1,-1,-1
2563,-1,-1,-1,-1,-1,-1,-1,-1
2564,-1,-1,-1,-1,-1,-1,-1,-1
2565,-1,-1,-1,-1,-1,-1,-1,-1
2566,-1,-1,-1,-1,-1,-1,-1,-1
2567,-1,-1,-1,-1,-1,-1,-1,-1
2568,-1,-1,-1,-1,-1,-1,-1,-1
2569,-1,-1,-1,-1,-1,-1,-1,-1
2570,-1,-1,-1,-1,-1,-1,-1,-1
2571,-1,-1,-1,-1,-1,-1,-1,-1
2572,-1,-1,-1,-1,-1,-1,-1,-1
2573,-1,-1,-1,-1,-1,-1,-1,-1
2574,-1,-1,-1,-1,-1,-1,-1,-1
2575,-1,-1,-1,-1,-1,-1,-1,-1
2576,-1,-1,-1,-1,-1,-1,-1,-1
2577,-1,-1,-1,-1,-1,-1,-1,-1
2578,-1,-1,-1,-1,-1,-1,-1,-1
2579,-1,-1,-1,-1,-1,-1,-1,-1
2580,-1,-1,-1,-1,-1,-1,-1,-1
2581,-1,-1,-1,-1,-1,-1,-1,-1
2582,-1,-1,-1,-1,-1,-1,-1,-1
2583,-1,-1,-1,-1,-1,-1,-1,-1
2584,-1,-1,-1,-1,-1,-1,-1,-1
2585,-1,-1,-1,-1,-1,-1,-1,-1
2586,-1,-1,-1,-1,-1,-1,-1,-1
2587,-1,-1,-1,-1,-1,-1,-1,-1
2588,-1,-1,-1,-1,-1,-1,-1,-1
2589,-1,-1,-1,-1,-1,-1,-1,-1
2590,-1,-1,-1,-1,-1,-1,-1,-1
2591,-1,-1,-1,-1,-1,-1,-1,-1
2592,-1,-1,-1,-1,-1,-1,-1,-1
2593,-1,-1,-1,-1,-1,-1,-1,-1
2594,-1,-1,-1,-1,-1,-1,-1,-1
2595,-1,-1,-1,-1,-1,-1,-1,-1
2596,-1,-1,-1,-1,-1,-1,-1,-1
2597,-1,-1,-1,-1,-1,-1,-1,-1
2598,-1,-1,-1,-1,-1,-1,-1,-1
2599,-1,-1,-1,-1,-1,-1,-1,-1
2600,-1,-1,-1,-1,-1,-1,-1,-1
2601,-1,-1,-1,-1,-1,-1,-1,-1
2602,-1,-1,-1,-1,-1,-1,-1,-1
2603,-1,-1,-1,-1,-1,-1,-1,-1
2604,-1,-1,-1,-1,-1,-1,-1,-1
2605,-1,-1,-1,-1,-1,-1,-1,-1
2606,-1,-1,-1,-1,-1,-1,-1,-1
2607,-1,-1,-1,-1,-1,-1,-1,-1
2608,-1,-1,-1,-1,-1,-1,-1,-1
2609,-1,-1,-1,-1,-1,-1,-1,-1
2610,-1,-1,-1,-1,-1,-1,-1,-1
2611,10002383,10002671,10002959,10003247,10003535,10003823,10004111,10004399
2612,10002382,10002670,10002958,10003246,10003534,10003822,10004110,10004398
2613,10002381,10002669,10002957,10003245,10003533,10003821,10004109,10004397
2614,10002380,10002668,10002956,10003244,10003532,10003820,10004108,10004396
2615,10002379,10002667,10002955,10003243,10003531,10003819,10004107,10004395
2616,10002378,10002666,10002954,10003242,10003530,10003818,10004106,10004394
2617,10002377,10002665,10002953,10003241,10003529,10003817,10004105,10004393
2618,10002376,10002664,10002952,10003240,10003528,10003816,10004104,10004392
2619,-1,-1,-1,-1,-1,-1,-1,-1
2620,-1,-1,-1,-1,-1,-1,-1,-1
2621,-1,-1,-1,-1,-1,-1,-1,-1
2622,-1,-1,-1,-1,-1,-1,-1,-1
2623,-1,-1,-1,-1,-1,-1,-1,-1
2624,-1,-1,-1,-1,-1,-1,-1,-1
2625,-1,-1,-1,-1,-1,-1,-1,-1
2626,-1,-1,-1,-1,-1,-1,-1,-1
2627,-1,-1,-1,-1,-1,-1,-1,-1
2628,-1,-1,-1,-1,-1,-1,-1,-1
2629,-1,-1,-1,-1,-1,-1,-1,-1
2630,-1,-1,-1,-1,-1,-1,-1,-1
2631,-1,-1,-1,-1,-1,-1,-1,-1
2632,-1,-1,-1,-1,-1,-1,-1,-1
2633,-1,-1,-1,-1,-1,-1,-1,-1
2634,-1,-1,-1,-1,-1,-1,-1,-1
2635,-1,-1,-1,-1,-1,-1,-1,-1
2636,-1,-1,-1,-1,-1,-1,-1,-1
2637,-1,-1,-1,-1,-1,-1,-1,-1
2638,-1,-1,-1,-1,-1,-1,-1,-1
2639,-1,-1,-1,-1,-1,-1,-1,-1
2640,-1,-1,-1,-1,-1,-1,-1,-1
2641,-1,-1,-1,-1,-1,-1,-1,-1
2642,-1,-1,-1,-1,-1,-1,-1,-1
2643,-1,-1,-1,-1,-1,-1,-1,-1
2644,-1,-1,-1,-1,-1,-1,-1,-1
2645,-1,-1,-1,-1,-1,-1,-1,-1
2646,-1,-1,-1,-1,-1,-1,-1,-1
2647,-1,-1,-1,-1,-1,-1,-1,-1
2648,-1,-1,-1,-1,-1,-1,-1,-1
2649,-1,-1,-1,-1,-1,-1,-1,-1
2650,-1,-1,-1,-1,-1,-1,-1,-1
2651,-1,-1,-1,-1,-1,-1,-1,-1
2652,-1,-1,-1,-1,-1,-1,-1,-1
2653,-1,-1,-1,-1,-1,-1,-1,-1
2654,-1,-1,-1,-1,-1,-1,-1,-1
2655,-1,-1,-1,-1,-1,-1,-1,-1
2656,-1,-1,-1,-1,-1,-1,-1,-1
2657,-1,-1,-1,-1,-1,-1,-1,-1
2658,-1,-1,-1,-1,-1,-1,-1,-1
2659,-1,-1,-1,-1,-1,-1,-1,-1
2660,-1,-1,-1,-1,-1,-1,-1,-1
2661,-1,-1,-1,-1,-1,-1,-1,-1
2662,-1,-1,-1,-1,-1,-1,-1,-1
2663,-1,-1,-1,-1,-1,-1,-1,-1
2664,-1,-1,-1,-1,-1,-1,-1,-1
2665,-1,-1,-1,-1,-1,-1,-1,-1
2666,-1,-1,-1,-1,-1,-1,-1,-1
2667,-1,-1,-1,-1,-1,-1,-1,-1
2668,-1,-1,-1,-1,-1,-1,-1,-1
2669,10002391,10002679,10002967,10003255,10003543,10003831,10004119,10004407
2670,10002390,10002678,10002966,10003254,10003542,10003830,10004118,10004406
2671,10002389,10002677,10002965,10003253,10003541,10003829,10004117,10004405
2672,10002388,10002676,10002964,10003252,10003540,10003828,10004116,10004404
2673,10002387,10002675,10002963,10003251,10003539,10003827,10004115,10004403
2674,10002386,10002674,10002962,10003250,10003538,10003826,10004114,10004402
2675,10002385,10002673,10002961,10003249,10003537,10003825,10004113,10004401
2676,10002384,10002672,10002960,10003248,10003536,10003824,10004112,10004400
2677,-1,-1,-1,-1,-1,-1,-1,-1
2678,-1,-1,-1,-1,-1,-1,-1,-1
2679,-1,-1,-1,-1,-1,-1,-1,-1
2680,-1,-1,-1,-1,-1,-1,-1,-1
2681,-1,-1,-1,-1,-1,-1,-1,-1
2682,-1,-1,-1,-1,-1,-1,-1,-1
2683,-1,-1,-1,-1,-1,-1,-1,-1
2684,-1,-1,-1,-1,-1,-1,-1,-1
2685,-1,-1,-1,-1,-1,-1,-1,-1
2686,-1,-1,-1,-1,-1,-1,-1,-1
2687,-1,-1,-1,-1,-1,-1,-1,-1
2688,-1,-1,-1,-1,-1,-1,-1,-1
2689,-1,-1,-1,-1,-1,-1,-1,-1
2690,-1,-1,-1,-1,-1,-1,-1,-1
2691,-1,-1,-1,-1,-1,-1,-1,-1
2692,-1,-1,-1,-1,-1,-1,-1,-1
2693,-1,-1,-1,-1,-1,-1,-1,-1
2694,-1,-1,-1,-1,-1,-1,-1,-1
2695,-1,-1,-1,-1,-1,-1,-1,-1
2696,-1,-1,-1,-1,-1,-1,-1,-1
2697,-1,-1,-1,-1,-1,-1,-1,-1
2698,-1,-1,-1,-1,-1,-1,-1,-1
2699,-1,-1,-1,-1,-1,-1,-1,-1
2700,-1,-1,-1,-1,-1,-1,-1,-1
2701,-1,-1,-1,-1,-1,-1,-1,-1
2702,-1,-1,-1,-1,-1,-1,-1,-1
2703,-1,-1,-1,-1,-1,-1,-1,-1
2704,-1,-1,-1,-1,-1,-1,-1,-1
2705,-1,-1,-1,-1,-1,-1,-1,-1
2706,-1,-1,-1,-1,-1,-1,-1,-1
2707,-1,-1,-1,-1,-1,-1,-1,-1
2708,-1,-1,-1,-1,-1,-1,-1,-1
2709,-1,-1,-1,-1,-1,-1,-1,-1
2710,-1,-1,-1,-1,-1,-1,-1,-1
2711,-1,-1,-1,-1,-1,-1,-1,-1
2712,-1,-1,-1,-1,-1,-1,-1,-1
2713,-1,-1,-1,-1,-1,-1,-1,-1
2714,-1,-1,-1,-1,-1,-1,-1,-1
2715,-1,-1,-1,-1,-1,-1,-1,-1
2716,-1,-1,-1,-1,-1,-1,-1,-1
2717,-1,-1,-1,-1,-1,-1,-1,-1
2718,-1,-1,-1,-1,-1,-1,-1,-1
2719,-1,-1,-1,-1,-1,-1,-1,-1
2720,-1,-1,-1,-1,-1,-1,-1,-1
2721,-1,-1,-1,-1,-1,-1,-1,-1
2722,-1,-1,-1,-1,-1,-1,-1,-1
2723,-1,-1,-1,-1,-1,-1,-1,-1
2724,-1,-1,-1,-1,-1,-1,-1,-1
2725,-1,-1,-1,-1,-1,-1,-1,-1
2726,-1,-1,-1,-1,-1,-1,-1,-1
2727,10002399,10002687,10002975,10003263,10003551,10003839,10004127,10004415
2728,10002398,10002686,10002974,10003262,10003550,10003838,10004126,10004414
2729,10002397,10002685,10002973,10003261,10003549,10003837,10004125,10004413
2730,10002396,10002684,10002972,10003260,10003548,10003836,10004124,10004412
2731,10002395,10002683,10002971,10003259,10003547,10003835,10004123,10004411
2732,10002394,10002682,10002970,10003258,10003546,10003834,10004122,10004410
2733,10002393,10002681,10002969,10003257,10003545,10003833,10004121,10004409
2734,10002392,10002680,10002968,10003256,10003544,10003832,10004120,10004408
2735,-1,-1,-1,-1,-1,-1,-1,-1
2736,-1,-1,-1,-1,-1,-1,-1,-1
2737,-1,-1,-1,-1,-1,-1,-1,-1
2738,-1,-1,-1,-1,-1,-1,-1,-1
2739,-1,-1,-1,-1,-1,-1,-1,-1
2740,-1,-1,-1,-1,-1,-1,-1,-1
2741,-1,-1,-1,-1,-1,-1,-1,-1
2742,-1,-1,-1,-1,-1,-1,-1,-1
2743,-1,-1,-1,-1,-1,-1,-1,-1
2744,-1,-1,-1,-1,-1,-1,-1,-1
2745,-1,-1,-1,-1,-1,-1,-1,-1
2746,-1,-1,-1,-1,-1,-1,-1,-1
2747,-1,-1,-1,-1,-1,-1,-1,-1
2748,-1,-1,-1,-1,-1,-1,-1,-1
2749,-1,-1,-1,-1,-1,-1,-1,-1
2750,-1,-1,-1,-1,-1,-1,-1,-1
2751,-1,-1,-1,-1,-1,-1,-1,-1
2752,-1,-1,-1,-1,-1,-1,-1,-1
2753,-1,-1,-1,-1,-1,-1,-1,-1
2754,-1,-1,-1,-1,-1,-1,-1,-1
2755,-1,-1,-1,-1,-1,-1,-1,-1
2756,-1,-1,-1,-1,-1,-1,-1,-1
2757,-1,-1,-1,-1,-1,-1,-1,-1
2758,-1,-1,-1,-1,-1,-1,-1,-1
2759,-1,-1,-1,-1,-1,-1,-1,-1
2760,-1,-1,-1,-1,-1,-1,-1,-1
2761,-1,-1,-1,-1,-1,-1,-1,-1
2762,-1,-1,-1,-1,-1,-1,-1,-1
2763,-1,-1,-1,-1,-1,-1,-1,-1
2764,-1,-1,-1,-1,-1,-1,-1,-1
2765,-1,-1,-1,-1,-1,-1,-1,-1
2766,-1,-1,-1,-1,-1,-1,-1,-1
2767,-1,-1,-1,-1,-1,-1,-1,-1
2768,-1,-1,-1,-1,-1,-1,-1,-1
2769,-1,-1,-1,-1,-1,-1,-1,-1
2770,-1,-1,-1,-1,-1,-1,-1,-1
2771,-1,-1,-1,-1,-1,-1,-1,-1
2772,-1,-1,-1,-1,-1,-1,-1,-1
2773,-1,-1,-1,-1,-1,-1,-1,-1
2774,-1,-1,-1,-1,-1,-1,-1,-1
2775,-1,-1,-1,-1,-1,-1,-1,-1
2776,-1,-1,-1,-1,-1,-1,-1,-1
2777,-1,-1,-1,-1,-1,-1,-1,-1
2778,-1,-1,-1,-1,-1,-1,-1,-1
2779,-1,-1,-1,-1,-1,-1,-1,-1
2780,-1,-1,-1,-1,-1,-1,-1,-1
2781,-1,-1,-1,-1,-1,-1,-1,-1
2782,-1,-1,-1,-1,-1,-1,-1,-1
2783,-1,-1,-1,-1,-1,-1,-1,-1
2784,-1,-1,-1,-1,-1,-1,-1,-1
2785,10002407,10002695,10002983,10003271,10003559,10003847,10004135,10004423
2786,10002406,10002694,10002982,10003270,10003558,10003846,10004134,10004422
2787,10002405,10002693,10002981,10003269,10003557,10003845,10004133,10004421
2788,10002404,10002692,10002980,10003268,10003556,10003844,10004132,10004420
2789,10002403,10002691,10002979,10003267,10003555,10003843,10004131,10004419
2790,10002402,10002690,10002978,10003266,10003554,10003842,10004130,10004418
2791,10002401,10002689,10002977,10003265,10003553,10003841,10004129,10004417
2792,10002400,10002688,10002976,10003264,10003552,10003840,10004128,10004416
2793,-1,-1,-1,-1,-1,-1,-1,-1
2794,-1,-1,-1,-1,-1,-1,-1,-1
2795,-1,-1,-1,-1,-1,-1,-1,-1
2796,-1,-1,-1,-1,-1,-1,-1,-1
2797,-1,-1,-1,-1,-1,-1,-1,-1
2798,-1,-1,-1,-1,-1,-1,-1,-1
2799,-1,-1,-1,-1,-1,-1,-1,-1
2800,-1,-1,-1,-1,-1,-1,-1,-1
2801,-1,-1,-1,-1,-1,-1,-1,-1
2802,-1,-1,-1,-1,-1,-1,-1,-1
2803,-1,-1,-1,-1,-1,-1,-1,-1
2804,-1,-1,-1,-1,-1,-1,-1,-1
2805,-1,-1,-1,-1,-1,-1,-1,-1
2806,-1,-1,-1,-1,-1,-1,-1,-1
2807,-1,-1,-1,-1,-1,-1,-1,-1
2808,-1,-1,-1,-1,-1,-1,-1,-1
2809,-1,-1,-1,-1,-1,-1,-1,-1
2810,-1,-1,-1,-1,-1,-1,-1,-1
2811,-1,-1,-1,-1,-1,-1,-1,-1
2812,-1,-1,-1,-1,-1,-1,-1,-1
2813,-1,-1,-1,-1,-1,-1,-1,-1
2814,-1,-1,-1,-1,-1,-1,-1,-1
2815,-1,-1,-1,-1,-1,-1,-1,-1
2816,-1,-1,-1,-1,-1,-1,-1,-1
2817,-1,-1,-1,-1,-1,-1,-1,-1
2818,-1,-1,-1,-1,-1,-1,-1,-1
2819,-1,-1,-1,-1,-1,-1,-1,-1
2820,-1,-1,-1,-1,-1,-1,-1,-1
2821,-1,-1,-1,-1,-1,-1,-1,-1
2822,-1,-1,-1,-1,-1,-1,-1,-1
2823,-1,-1,-1,-1,-1,-1,-1,-1
2824,-1,-1,-1,-1,-1,-1,-1,-1
2825,-1,-1,-1,-1,-1,-1,-1,-1
2826,-1,-1,-1,-1,-1,-1,-1,-1
2827,-1,-1,-1,-1,-1,-1,-1,-1
2828,-1,-1,-1,-1,-1,-1,-1,-1
2829,-1,-1,-1,-1,-1,-1,-1,-1
2830,-1,-1,-1,-1,-1,-1,-1,-1
2831,-1,-1,-1,-1,-1,-1,-1,-1
2832,-1,-1,-1,-1,-1,-1,-1,-1
2833,-1,-1,-1,-1,-1,-1,-1,-1
2834,-1,-1,-1,-1,-1,-1,-1,-1
2835,-1,-1,-1,-1,-1,-1,-1,-1
2836,-1,-1,-1,-1,-1,-1,-1,-1
2837,-1,-1,-1,-1,-1,-1,-1,-1
2838,-1,-1,-1,-1,-1,-1,-1,-1
2839,-1,-1,-1,-1,-1,-1,-1,-1
2840,-1,-1,-1,-1,-1,-1,-1,-1
2841,-1,-1,-1,-1,-1,-1,-1,-1
2842,-1,-1,-1,-1,-1,-1,-1,-1
2843,10002415,10002703,10002991,10003279,10003567,10003855,10004143,10004431
2844,10002414,10002702,10002990,10003278,10003566,10003854,10004142,10004430
2845,10002413,10002701,10002989,10003277,10003565,10003853,10004141,10004429
2846,10002412,10002700,10002988,10003276,10003564,10003852,10004140,10004428
2847,10002411,10002699,10002987,10003275,10003563,10003851,10004139,10004427
2848,10002410,10002698,10002986,10003274,10003562,10003850,10004138,10004426
2849,10002409,10002697,10002985,10003273,10003561,10003849,10004137,10004425
2850,10002408,10002696,10002984,10003272,10003560,10003848,10004136,10004424
2851,-1,-1,-1,-1,-1,-1,-1,-1
2852,-1,-1,-1,-1,-1,-1,-1,-1
2853,-1,-1,-1,-1,-1,-1,-1,-1
2854,-1,-1,-1,-1,-1,-1,-1,-1
2855,-1,-1,-1,-1,-1,-1,-1,-1
2856,-1,-1,-1,-1,-1,-1,-1,-1
2857,-1,-1,-1,-1,-1,-1,-1,-1
2858,-1,-1,-1,-1,-1,-1,-1,-1
2859,-1,-1,-1,-1,-1,-1,-1,-1
2860,-1,-1,-1,-1,-1,-1,-1,-1
2861,-1,-1,-1,-1,-1,-1,-1,-1
2862,-1,-1,-1,-1,-1,-1,-1,-1
2863,-1,-1,-1,-1,-1,-1,-1,-1
2864,-1,-1,-1,-1,-1,-1,-1,-1
2865,-1,-1,-1,-1,-1,-1,-1,-1
2866,-1,-1,-1,-1,-1,-1,-1,-1
2867,-1,-1,-1,-1,-1,-1,-1,-1
2868,-1,-1,-1,-1,-1,-1,-1,-1
2869,-1,-1,-1,-1,-1,-1,-1,-1
2870,-1,-1,-1,-1,-1,-1,-1,-1
2871,-1,-1,-1,-1,-1,-1,-1,-1
2872,-1,-1,-1,-1,-1,-1,-1,-1
2873,-1,-1,-1,-1,-1,-1,-1,-1
2874,-1,-1,-1,-1,-1,-1,-1,-1
2875,-1,-1,-1,-1,-1,-1,-1,-1
2876,-1,-1,-1,-1,-1,-1,-1,-1
2877,-1,-1,-1,-1,-1,-1,-1,-1
2878,-1,-1,-1,-1,-1,-1,-1,-1
2879,-1,-1,-1,-1,-1,-1,-1,-1
2880,-1,-1,-1,-1,-1,-1,-1,-1
2881,-1,-1,-1,-1,-1,-1,-1,-1
2882,-1,-1,-1,-1,-1,-1,-1,-1
2883,-1,-1,-1,-1,-1,-1,-1,-1
2884,-1,-1,-1,-1,-1,-1,-1,-1
2885,-1,-1,-1,-1,-1,-1,-1,-1
2886,-1,-1,-1,-1,-1,-1,-1,-1
2887,-1,-1,-1,-1,-1,-1,-1,-1
2888,-1,-1,-1,-1,-1,-1,-1,-1
2889,-1,-1,-1,-1,-1,-1,-1,-1
2890,-1,-1,-1,-1,-1,-1,-1,-1
2891,-1,-1,-1,-1,-1,-1,-1,-1
2892,-1,-1,-1,-1,-1,-1,-1,-1
2893,-1,-1,-1,-1,-1,-1,-1,-1
2894,-1,-1,-1,-1,-1,-1,-1,-1
2895,-1,-1,-1,-1,-1,-1,-1,-1
2896,-1,-1,-1,-1,-1,-1,-1,-1
2897,-1,-1,-1,-1,-1,-1,-1,-1
2898,-1,-1,-1,-1,-1,-1,-1,-1
2899,-1,-1,-1,-1,-1,-1,-1,-1
2900,-1,-1,-1,-1,-1,-1,-1,-1
2901,10002423,10002711,10002999,10003287,10003575,10003863,10004151,10004439
2902,10002422,10002710,10002998,10003286,10003574,10003862,10004150,10004438
2903,10002421,10002709,10002997,10003285,10003573,10003861,10004149,10004437
2904,10002420,10002708,10002996,10003284,10003572,10003860,10004148,10004436
2905,10002419,10002707,10002995,10003283,10003571,10003859,10004147,10004435
2906,10002418,10002706,10002994,10003282,10003570,10003858,10004146,10004434
2907,10002417,10002705,10002993,10003281,10003569,10003857,10004145,10004433
2908,10002416,10002704,10002992,10003280,10003568,10003856,10004144,10004432
2909,-1,-1,-1,-1,-1,-1,-1,-1
2910,-1,-1,-1,-1,-1,-1,-1,-1
2911,-1,-1,-1,-1,-1,-1,-1,-1
2912,-1,-1,-1,-1,-1,-1,-1,-1
2913,-1,-1,-1,-1,-1,-1,-1,-1
2914,-1,-1,-1,-1,-1,-1,-1,-1
2915,-1,-1,-1,-1,-1,-1,-1,-1
2916,-1,-1,-1,-1,-1,-1,-1,-1
2917,-1,-1,-1,-1,-1,-1,-1,-1
2918,-1,-1,-1,-1,-1,-1,-1,-1
2919,-1,-1,-1,-1,-1,-1,-1,-1
2920,-1,-1,-1,-1,-1,-1,-1,-1
2921,-1,-1,-1,-1,-1,-1,-1,-1
2922,-1,-1,-1,-1,-1,-1,-1,-1
2923,-1,-1,-1,-1,-1,-1,-1,-1
2924,-1,-1,-1,-1,-1,-1,-1,-1
2925,-1,-1,-1,-1,-1,-1,-1,-1
2926,-1,-1,-1,-1,-1,-1,-1,-1
2927,-1,-1,-1,-1,-1,-1,-1,-1
2928,-1,-1,-1,-1,-1,-1,-1,-1
2929,-1,-1,-1,-1,-1,-1,-1,-1
2930,-1,-1,-1,-1,-1,-1,-1,-1
2931,-1,-1,-1,-1,-1,-1,-1,-1
2932,-1,-1,-1,-1,-1,-1,-1,-1
2933,-1,-1,-1,-1,-1,-1,-1,-1
2934,-1,-1,-1,-1,-1,-1,-1,-1
2935,-1,-1,-1,-1,-1,-1,-1,-1
2936,-1,-1,-1,-1,-1,-1,-1,-1
2937,-1,-1,-1,-1,-1,-1,-1,-1
2938,-1,-1,-1,-1,-1,-1,-1,-1
2939,-1,-1,-1,-1,-1,-1,-1,-1
2940,-1,-1,-1,-1,-1,-1,-1,-1
2941,-1,-1,-1,-1,-1,-1,-1,-1
2942,-1,-1,-1,-1,-1,-1,-1,-1
2943,-1,-1,-1,-1,-1,-1,-1,-1
2944,-1,-1,-1,-1,-1,-1,-1,-1
2945,-1,-1,-1,-1,-1,-1,-1,-1
2946,-1,-1,-1,-1,-1,-1,-1,-1
2947,-1,-1,-1,-1,-1,-1,-1,-1
2948,-1,-1,-1,-1,-1,-1,-1,-1
2949,-1,-1,-1,-1,-1,-1,-1,-1
2950,-1,-1,-1,-1,-1,-1,-1,-1
2951,-1,-1,-1,-1,-1,-1,-1,-1
2952,-1,-1,-1,-1,-1,-1,-1,-1
2953,-1,-1,-1,-1,-1,-1,-1,-1
2954,-1,-1,-1,-1,-1,-1,-1,-1
2955,-1,-1,-1,-1,-1,-1,-1,-1
2956,-1,-1,-1,-1,-1,-1,-1,-1
2957,-1,-1,-1,-1,-1,-1,-1,-1
2958,-1,-1,-1,-1,-1,-1,-1,-1
2959,10002431,10002719,10003007,10003295,10003583,10003871,10004159,10004447
2960,10002430,10002718,10003006,10003294,10003582,10003870,10004158,10004446
2961,10002429,10002717,10003005,10003293,10003581,10003869,10004157,10004445
2962,10002428,10002716,10003004,10003292,10003580,10003868,10004156,10004444
2963,10002427,10002715,10003003,10003291,10003579,10003867,10004155,10004443
2964,10002426,10002714,10003002,10003290,10003578,10003866,10004154,10004442
2965,10002425,10002713,10003001,10003289,10003577,10003865,10004153,10004441
2966,10002424,10002712,10003000,10003288,10003576,10003864,10004152,10004440
2967,-1,-1,-1,-1,-1,-1,-1,-1
2968,-1,-1,-1,-1,-1,-1,-1,-1
2969,-1,-1,-1,-1,-1,-1,-1,-1
2970,-1,-1,-1,-1,-1,-1,-1,-1
2971,-1,-1,-1,-1,-1,-1,-1,-1
2972,-1,-1,-1,-1,-1,-1,-1,-1
2973,-1,-1,-1,-1,-1,-1,-1,-1
2974,-1,-1,-1,-1,-1,-1,-1,-1
2975,-1,-1,-1,-1,-1,-1,-1,-1
2976,-1,-1,-1,-1,-1,-1,-1,-1
2977,-1,-1,-1,-1,-1,-1,-1,-1
2978,-1,-1,-1,-1,-1,-1,-1,-1
2979,-1,-1,-1,-1,-1,-1,-1,-1
2980,-1,-1,-1,-1,-1,-1,-1,-1
2981,-1,-1,-1,-1,-1,-1,-1,-1
2982,-1,-1,-1,-1,-1,-1,-1,-1
2983,-1,-1,-1,-1,-1,-1,-1,-1
2984,-1,-1,-1,-1,-1,-1,-1,-1
2985,-1,-1,-1,-1,-1,-1,-1,-1
2986,-1,-1,-1,-1,-1,-1,-1,-1
2987,-1,-1,-1,-1,-1,-1,-1,-1
2988,-1,-1,-1,-1,-1,-1,-1,-1
2989,-1,-1,-1,-1,-1,-1,-1,-1
2990,-1,-1,-1,-1,-1,-1,-1,-1
2991,-1,-1,-1,-1,-1,-1,-1,-1
2992,-1,-1,-1,-1,-1,-1,-1,-1
2993,-1,-1,-1,-1,-1,-1,-1,-1
2994,-1,-1,-1,-1,-1,-1,-1,-1
2995,-1,-1,-1,-1,-1,-1,-1,-1
2996,-1,-1,-1,-1,-1,-1,-1,-1
2997,-1,-1,-1,-1,-1,-1,-1,-1
2998,-1,-1,-1,-1,-1,-1,-1,-1
2999,-1,-1,-1,-1,-1,-1,-1,-1
3000,-1,-1,-1,-1,-1,-1,-1,-1
3001,-1,-1,-1,-1,-1,-1,-1,-1
3002,-1,-1,-1,-1,-1,-1,-1,-1
3003,-1,-1,-1,-1,-1,-1,-1,-1
3004,-1,-1,-1,-1,-1,-1,-1,-1
3005,-1,-1,-1,-1,-1,-1,-1,-1
3006,-1,-1,-1,-1,-1,-1,-1,-1
3007,-1,-1,-1,-1,-1,-1,-1,-1
3008,-1,-1,-1,-1,-1,-1,-1,-1
3009,-1,-1,-1,-1,-1,-1,-1,-1
3010,-1,-1,-1,-1,-1,-1,-1,-1
3011,-1,-1,-1,-1,-1,-1,-1,-1
3012,-1,-1,-1,-1,-1,-1,-1,-1
3013,-1,-1,-1,-1,-1,-1,-1,-1
3014,-1,-1,-1,-1,-1,-1,-1,-1
3015,-1,-1,-1,-1,-1,-1,-1,-1
3016,-1,-1,-1,-1,-1,-1,-1,-1
3017,10002439,10002727,10003015,10003303,10003591,10003879,10004167,10004455
3018,10002438,10002726,10003014,10003302,10003590,10003878,10004166,10004454
3019,10002437,10002725,10003013,10003301,10003589,10003877,10004165,10004453
3020,10002436,10002724,10003012,10003300,10003588,10003876,10004164,10004452
3021,10002435,10002723,10003011,10003299,10003587,10003875,10004163,10004451
3022,10002434,10002722,10003010,10003298,10003586,10003874,10004162,10004450
3023,10002433,10002721,10003009,10003297,10003585,10003873,10004161,10004449
3024,10002432,10002720,10003008,10003296,10003584,10003872,10004160,10004448
3025,-1,-1,-1,-1,-1,-1,-1,-1
3026,-1,-1,-1,-1,-1,-1,-1,-1
3027,-1,-1,-1,-1,-1,-1,-1,-1
3028,-1,-1,-1,-1,-1,-1,-1,-1
3029,-1,-1,-1,-1,-1,-1,-1,-1
3030,-1,-1,-1,-1,-1,-1,-1,-1
3031,-1,-1,-1,-1,-1,-1,-1,-1
3032,-1,-1,-1,-1,-1,-1,-1,-1
3033,-1,-1,-1,-1,-1,-1,-1,-1
3034,-1,-1,-1,-1,-1,-1,-1,-1
3035,-1,-1,-1,-1,-1,-1,-1,-1
3036,-1,-1,-1,-1,-1,-1,-1,-1
3037,-1,-1,-1,-1,-1,-1,-1,-1
3038,-1,-1,-1,-1,-1,-1,-1,-1
3039,-1,-1,-1,-1,-1,-1,-1,-1
3040,-1,-1,-1,-1,-1,-1,-1,-1
3041,-1,-1,-1,-1,-1,-1,-1,-1
3042,-1,-1,-1,-1,-1,-1,-1,-1
3043,-1,-1,-1,-1,-1,-1,-1,-1
3044,-1,-1,-1,-1,-1,-1,-1,-1
3045,-1,-1,-1,-1,-1,-1,-1,-1
3046,-1,-1,-1,-1,-1,-1,-1,-1
3047,-1,-1,-1,-1,-1,-1,-1,-1
3048,-1,-1,-1,-1,-1,-1,-1,-1
3049,-1,-1,-1,-1,-1,-1,-1,-1
3050,-1,-1,-1,-1,-1,-1,-1,-1
3051,-1,-1,-1,-1,-1,-1,-1,-1
3052,-1,-1,-1,-1,-1,-1,-1,-1
3053,-1,-1,-1,-1,-1,-1,-1,-1
3054,-1,-1,-1,-1,-1,-1,-1,-1
3055,-1,-1,-1,-1,-1,-1,-1,-1
3056,-1,-1,-1,-1,-1,-1,-1,-1
3057,-1,-1,-1,-1,-1,-1,-1,-1
3058,-1,-1,-1,-1,-1,-1,-1,-1
3059,-1,-1,-1,-1,-1,-1,-1,-1
3060,-1,-1,-1,-1,-1,-1,-1,-1
3061,-1,-1,-1,-1,-1,-1,-1,-1
3062,-1,-1,-1,-1,-1,-1,-1,-1
3063,-1,-1,-1,-1,-1,-1,-1,-1
3064,-1,-1,-1,-1,-1,-1,-1,-1
3065,-1,-1,-1,-1,-1,-1,-1,-1
3066,-1,-1,-1,-1,-1,-1,-1,-1
3067,-1,-1,-1,-1,-1,-1,-1,-1
3068,-1,-1,-1,-1,-1,-1,-1,-1
3069,-1,-1,-1,-1,-1,-1,-1,-1
3070,-1,-1,-1,-1,-1,-1,-1,-1
3071,-1,-1,-1,-1,-1,-1,-1,-1
3072,-1,-1,-1,-1,-1,-1,-1,-1
3073,-1,-1,-1,-1,-1,-1,-1,-1
3074,-1,-1,-1,-1,-1,-1,-1,-1
3075,10002447,10002735,10003023,10003311,10003599,10003887,10004175,10004463
3076,10002446,10002734,10003022,10003310,10003598,10003886,10004174,10004462
3077,10002445,10002733,10003021,10003309,10003597,10003885,10004173,10004461
3078,10002444,10002732,10003020,10003308,10003596,10003884,10004172,10004460
3079,10002443,10002731,10003019,10003307,10003595,10003883,10004171,10004459
3080,10002442,10002730,10003018,10003306,10003594,10003882,10004170,10004458
3081,10002441,10002729,10003017,10003305,10003593,10003881,10004169,10004457
3082,10002440,10002728,10003016,10003304,10003592,10003880,10004168,10004456
3083,-1,-1,-1,-1,-1,-1,-1,-1
3084,-1,-1,-1,-1,-1,-1,-1,-1
3085,-1,-1,-1,-1,-1,-1,-1,-1
3086,-1,-1,-1,-1,-1,-1,-1,-1
3087,-1,-1,-1,-1,-1,-1,-1,-1
3088,-1,-1,-1,-1,-1,-1,-1,-1
3089,-1,-1,-1,-1,-1,-1,-1,-1
3090,-1,-1,-1,-1,-1,-1,-1,-1
3091,-1,-1,-1,-1,-1,-1,-1,-1
3092,-1,-1,-1,-1,-1,-1,-1,-1
3093,-1,-1,-1,-1,-1,-1,-1,-1
3094,-1,-1,-1,-1,-1,-1,-1,-1
3095,-1,-1,-1,-1,-1,-1,-1,-1
3096,-1,-1,-1,-1,-1,-1,-1,-1
3097,-1,-1,-1,-1,-1,-1,-1,-1
3098,-1,-1,-1,-1,-1,-1,-1,-1
3099,-1,-1,-1,-1,-1,-1,-1,-1
3100,-1,-1,-1,-1,-1,-1,-1,-1
3101,-1,-1,-1,-1,-1,-1,-1,-1
3102,-1,-1,-1,-1,-1,-1,-1,-1
3103,-1,-1,-1,-1,-1,-1,-1,-1
3104,-1,-1,-1,-1,-1,-1,-1,-1
3105,-1,-1,-1,-1,-1,-1,-1,-1
3106,-1,-1,-1,-1,-1,-1,-1,-1
3107,-1,-1,-1,-1,-1,-1,-1,-1
3108,-1,-1,-1,-1,-1,-1,-1,-1
3109,-1,-1,-1,-1,-1,-1,-1,-1
3110,-1,-1,-1,-1,-1,-1,-1,-1
3111,-1,-1,-1,-1,-1,-1,-1,-1
3112,-1,-1,-1,-1,-1,-1,-1,-1
3113,-1,-1,-1,-1,-1,-1,-1,-1
3114,-1,-1,-1,-1,-1,-1,-1,-1
3115,-1,-1,-1,-1,-1,-1,-1,-1
3116,-1,-1,-1,-1,-1,-1,-1,-1
3117,-1,-1,-1,-1,-1,-1,-1,-1
3118,-1,-1,-1,-1,-1,-1,-1,-1
3119,-1,-1,-1,-1,-1,-1,-1,-1
3120,-1,-1,-1,-1,-1,-1,-1,-1
3121,-1,-1,-1,-1,-1,-1,-1,-1
3122,-1,-1,-1,-1,-1,-1,-1,-1
3123,-1,-1,-1,-1,-1,-1,-1,-1
3124,-1,-1,-1,-1,-1,-1,-1,-1
3125,-1,-1,-1,-1,-1,-1,-1,-1
3126,-1,-1,-1,-1,-1,-1,-1,-1
3127,-1,-1,-1,-1,-1,-1,-1,-1
3128,-1,-1,-1,-1,-1,-1,-1,-1
3129,-1,-1,-1,-1,-1,-1,-1,-1
3130,-1,-1,-1,-1,-1,-1,-1,-1
3131,-1,-1,-1,-1,-1,-1,-1,-1
3132,-1,-1,-1,-1,-1,-1,-1,-1
3133,10002455,10002743,10003031,10003319,10003607,10003895,10004183,10004471
3134,10002454,10002742,10003030,10003318,10003606,10003894,10004182,10004470
3135,10002453,10002741,10003029,10003317,10003605,10003893,10004181,10004469
3136,10002452,10002740,10003028,10003316,10003604,10003892,10004180,10004468
3137,10002451,10002739,10003027,10003315,10003603,10003891,10004179,10004467
3138,10002450,10002738,10003026,10003314,10003602,10003890,10004178,10004466
3139,10002449,10002737,10003025,10003313,10003601,10003889,10004177,10004465
3140,10002448,10002736,10003024,10003312,10003600,10003888,10004176,10004464
3141,-1,-1,-1,-1,-1,-1,-1,-1
3142,-1,-1,-1,-1,-1,-1,-1,-1
3143,-1,-1,-1,-1,-1,-1,-1,-1
3144,-1,-1,-1,-1,-1,-1,-1,-1
3145,-1,-1,-1,-1,-1,-1,-1,-1
3146,-1,-1,-1,-1,-1,-1,-1,-1
3147,-1,-1,-1,-1,-1,-1,-1,-1
3148,-1,-1,-1,-1,-1,-1,-1,-1
3149,-1,-1,-1,-1,-1,-1,-1,-1
3150,-1,-1,-1,-1,-1,-1,-1,-1
3151,-1,-1,-1,-1,-1,-1,-1,-1
3152,-1,-1,-1,-1,-1,-1,-1,-1
3153,-1,-1,-1,-1,-1,-1,-1,-1
3154,-1,-1,-1,-1,-1,-1,-1,-1
3155,-1,-1,-1,-1,-1,-1,-1,-1
3156,-1,-1,-1,-1,-1,-1,-1,-1
3157,-1,-1,-1,-1,-1,-1,-1,-1
3158,-1,-1,-1,-1,-1,-1,-1,-1
3159,-1,-1,-1,-1,-1,-1,-1,-1
3160,-1,-1,-1,-1,-1,-1,-1,-1
3161,-1,-1,-1,-1,-1,-1,-1,-1
3162,-1,-1,-1,-1,-1,-1,-1,-1
3163,-1,-1,-1,-1,-1,-1,-1,-1
3164,-1,-1,-1,-1,-1,-1,-1,-1
3165,-1,-1,-1,-1,-1,-1,-1,-1
3166,-1,-1,-1,-1,-1,-1,-1,-1
3167,-1,-1,-1,-1,-1,-1,-1,-1
3168,-1,-1,-1,-1,-1,-1,-1,-1
3169,-1,-1,-1,-1,-1,-1,-1,-1
3170,-1,-1,-1,-1,-1,-1,-1,-1
3171,-1,-1,-1,-1,-1,-1,-1,-1
3172,-1,-1,-1,-1,-1,-1,-1,-1
3173,-1,-1,-1,-1,-1,-1,-1,-1
3174,-1,-1,-1,-1,-1,-1,-1,-1
3175,-1,-1,-1,-1,-1,-1,-1,-1
3176,-1,-1,-1,-1,-1,-1,-1,-1
3177,-1,-1,-1,-1,-1,-1,-1,-1
3178,-1,-1,-1,-1,-1,-1,-1,-1
3179,-1,-1,-1,-1,-1,-1,-1,-1
3180,-1,-1,-1,-1,-1,-1,-1,-1
3181,-1,-1,-1,-1,-1,-1,-1,-1
3182,-1,-1,-1,-1,-1,-1,-1,-1
3183,-1,-1,-1,-1,-1,-1,-1,-1
3184,-1,-1,-1,-1,-1,-1,-1,-1
3185,-1,-1,-1,-1,-1,-1,-1,-1
3186,-1,-1,-1,-1,-1,-1,-1,-1
3187,-1,-1,-1,-1,-1,-1,-1,-1
3188,-1,-1,-1,-1,-1,-1,-1,-1
3189,-1,-1,-1,-1,-1,-1,-1,-1
3190,-1,-1,-1,-1,-1,-1,-1,-1
3191,10002463,10002751,10003039,10003327,10003615,10003903,10004191,10004479
3192,10002462,10002750,10003038,10003326,10003614,10003902,10004190,10004478
3193,10002461,10002749,10003037,10003325,10003613,10003901,10004189,10004477
3194,10002460,10002748,10003036,10003324,10003612,10003900,10004188,10004476
3195,10002459,10002747,10003035,10003323,10003611,10003899,10004187,10004475
3196,10002458,10002746,10003034,10003322,10003610,10003898,10004186,10004474
3197,10002457,10002745,10003033,10003321,10003609,10003897,10004185,10004473
3198,10002456,10002744,10003032,10003320,10003608,10003896,10004184,10004472
3199,-1,-1,-1,-1,-1,-1,-1,-1
3200,-1,-1,-1,-1,-1,-1,-1,-1
3201,-1,-1,-1,-1,-1,-1,-1,-1
3202,-1,-1,-1,-1,-1,-1,-1,-1
3203,-1,-1,-1,-1,-1,-1,-1,-1
3204,-1,-1,-1,-1,-1,-1,-1,-1
3205,-1,-1,-1,-1,-1,-1,-1,-1
3206,-1,-1,-1,-1,-1,-1,-1,-1
3207,-1,-1,-1,-1,-1,-1,-1,-1
3208,-1,-1,-1,-1,-1,-1,-1,-1
3209,-1,-1,-1,-1,-1,-1,-1,-1
3210,-1,-1,-1,-1,-1,-1,-1,-1
3211,-1,-1,-1,-1,-1,-1,-1,-1
3212,-1,-1,-1,-1,-1,-1,-1,-1
3213,-1,-1,-1,-1,-1,-1,-1,-1
3214,-1,-1,-1,-1,-1,-1,-1,-1
3215,-1,-1,-1,-1,-1,-1,-1,-1
3216,-1,-1,-1,-1,-1,-1,-1,-1
3217,-1,-1,-1,-1,-1,-1,-1,-1
3218,-1,-1,-1,-1,-1,-1,-1,-1
3219,-1,-1,-1,-1,-1,-1,-1,-1
3220,-1,-1,-1,-1,-1,-1,-1,-1
3221,-1,-1,-1,-1,-1,-1,-1,-1
3222,-1,-1,-1,-1,-1,-1,-1,-1
3223,-1,-1,-1,-1,-1,-1,-1,-1
3224,-1,-1,-1,-1,-1,-1,-1,-1
3225,-1,-1,-1,-1,-1,-1,-1,-1
3226,-1,-1,-1,-1,-1,-1,-1,-1
3227,-1,-1,-1,-1,-1,-1,-1,-1
3228,-1,-1,-1,-1,-1,-1,-1,-1
3229,-1,-1,-1,-1,-1,-1,-1,-1
3230,-1,-1,-1,-1,-1,-1,-1,-1
3231,-1,-1,-1,-1,-1,-1,-1,-1
3232,-1,-1,-1,-1,-1,-1,-1,-1
3233,-1,-1,-1,-1,-1,-1,-1,-1
3234,-1,-1,-1,-1,-1,-1,-1,-1
3235,-1,-1,-1,-1,-1,-1,-1,-1
3236,-1,-1,-1,-1,-1,-1,-1,-1
3237,-1,-1,-1,-1,-1,-1,-1,-1
3238,-1,-1,-1,-1,-1,-1,-1,-1
3239,-1,-1,-1,-1,-1,-1,-1,-1
3240,-1,-1,-1,-1,-1,-1,-1,-1
3241,-1,-1,-1,-1,-1,-1,-1,-1
3242,-1,-1,-1,-1,-1,-1,-1,-1
3243,-1,-1,-1,-1,-1,-1,-1,-1
3244,-1,-1,-1,-1,-1,-1,-1,-1
3245,-1,-1,-1,-1,-1,-1,-1,-1
3246,-1,-1,-1,-1,-1,-1,-1,-1
3247,-1,-1,-1,-1,-1,-1,-1,-1
3248,-1,-1,-1,-1,-1,-1,-1,-1
3249,10002471,10002759,10003047,10003335,10003623,10003911,10004199,10004487
3250,10002470,10002758,10003046,10003334,10003622,10003910,10004198,10004486
3251,10002469,10002757,10003045,10003333,10003621,10003909,10004197,10004485
3252,10002468,10002756,10003044,10003332,10003620,10003908,10004196,10004484
3253,10002467,10002755,10003043,10003331,10003619,10003907,10004195,10004483
3254,10002466,10002754,10003042,10003330,10003618,10003906,10004194,10004482
3255,10002465,10002753,10003041,10003329,10003617,10003905,10004193,10004481
3256,10002464,10002752,10003040,10003328,10003616,10003904,10004192,10004480
3257,-1,-1,-1,-1,-1,-1,-1,-1
3258,-1,-1,-1,-1,-1,-1,-1,-1
3259,-1,-1,-1,-1,-1,-1,-1,-1
3260,-1,-1,-1,-1,-1,-1,-1,-1
3261,-1,-1,-1,-1,-1,-1,-1,-1
3262,-1,-1,-1,-1,-1,-1,-1,-1
3263,-1,-1,-1,-1,-1,-1,-1,-1
3264,-1,-1,-1,-1,-1,-1,-1,-1
3265,-1,-1,-1,-1,-1,-1,-1,-1
3266,-1,-1,-1,-1,-1,-1,-1,-1
3267,-1,-1,-1,-1,-1,-1,-1,-1
3268,-1,-1,-1,-1,-1,-1,-1,-1
3269,-1,-1,-1,-1,-1,-1,-1,-1
3270,-1,-1,-1,-1,-1,-1,-1,-1
3271,-1,-1,-1,-1,-1,-1,-1,-1
3272,-1,-1,-1,-1,-1,-1,-1,-1
3273,-1,-1,-1,-1,-1,-1,-1,-1
3274,-1,-1,-1,-1,-1,-1,-1,-1
3275,-1,-1,-1,-1,-1,-1,-1,-1
3276,-1,-1,-1,-1,-1,-1,-1,-1
3277,-1,-1,-1,-1,-1,-1,-1,-1
3278,-1,-1,-1,-1,-1,-1,-1,-1
3279,-1,-1,-1,-1,-1,-1,-1,-1
3280,-1,-1,-1,-1,-1,-1,-1,-1
3281,-1,-1,-1,-1,-1,-1,-1,-1
3282,-1,-1,-1,-1,-1,-1,-1,-1
3283,-1,-1,-1,-1,-1,-1,-1,-1
3284,-1,-1,-1,-1,-1,-1,-1,-1
3285,-1,-1,-1,-1,-1,-1,-1,-1
3286,-1,-1,-1,-1,-1,-1,-1,-1
3287,-1,-1,-1,-1,-1,-1,-1,-1
3288,-1,-1,-1,-1,-1,-1,-1,-1
3289,-1,-1,-1,-1,-1,-1,-1,-1
3290,-1,-1,-1,-1,-1,-1,-1,-1
3291,-1,-1,-1,-1,-1,-1,-1,-1
3292,-1,-1,-1,-1,-1,-1,-1,-1
3293,-1,-1,-1,-1,-1,-1,-1,-1
3294,-1,-1,-1,-1,-1,-1,-1,-1
3295,-1,-1,-1,-1,-1,-1,-1,-1
3296,-1,-1,-1,-1,-1,-1,-1,-1
3297,-1,-1,-1,-1,-1,-1,-1,-1
3298,-1,-1,-1,-1,-1,-1,-1,-1
3299,-1,-1,-1,-1,-1,-1,-1,-1
3300,-1,-1,-1,-1,-1,-1,-1,-1
3301,-1,-1,-1,-1,-1,-1,-1,-1
3302,-1,-1,-1,-1,-1,-1,-1,-1
3303,-1,-1,-1,-1,-1,-1,-1,-1
3304,-1,-1,-1,-1,-1,-1,-1,-1
3305,-1,-1,-1,-1,-1,-1,-1,-1
3306,-1,-1,-1,-1,-1,-1,-1,-1
3307,10002479,10002767,10003055,10003343,10003631,10003919,10004207,10004495
3308,10002478,10002766,10003054,10003342,10003630,10003918,10004206,10004494
3309,10002477,10002765,10003053,10003341,10003629,10003917,10004205,10004493
3310,10002476,10002764,10003052,10003340,10003628,10003916,10004204,10004492
3311,10002475,10002763,10003051,10003339,10003627,10003915,10004203,10004491
3312,10002474,10002762,10003050,10003338,10003626,10003914,10004202,10004490
3313,10002473,10002761,10003049,10003337,10003625,10003913,10004201,10004489
3314,10002472,10002760,10003048,10003336,10003624,10003912,10004200,10004488
3315,-1,-1,-1,-1,-1,-1,-1,-1
3316,-1,-1,-1,-1,-1,-1,-1,-1
3317,-1,-1,-1,-1,-1,-1,-1,-1
3318,-1,-1,-1,-1,-1,-1,-1,-1
3319,-1,-1,-1,-1,-1,-1,-1,-1
3320,-1,-1,-1,-1,-1,-1,-1,-1
3321,-1,-1,-1,-1,-1,-1,-1,-1
3322,-1,-1,-1,-1,-1,-1,-1,-1
3323,-1,-1,-1,-1,-1,-1,-1,-1
3324,-1,-1,-1,-1,-1,-1,-1,-1
3325,-1,-1,-1,-1,-1,-1,-1,-1
3326,-1,-1,-1,-1,-1,-1,-1,-1
3327,-1,-1,-1,-1,-1,-1,-1,-1
3328,-1,-1,-1,-1,-1,-1,-1,-1
3329,-1,-1,-1,-1,-1,-1,-1,-1
3330,-1,-1,-1,-1,-1,-1,-1,-1
3331,-1,-1,-1,-1,-1,-1,-1,-1
3332,-1,-1,-1,-1,-1,-1,-1,-1
3333,-1,-1,-1,-1,-1,-1,-1,-1
3334,-1,-1,-1,-1,-1,-1,-1,-1
3335,-1,-1,-1,-1,-1,-1,-1,-1
3336,-1,-1,-1,-1,-1,-1,-1,-1
3337,-1,-1,-1,-1,-1,-1,-1,-1
3338,-1,-1,-1,-1,-1,-1,-1,-1
3339,-1,-1,-1,-1,-1,-1,-1,-1
3340,-1,-1,-1,-1,-1,-1,-1,-1
3341,-1,-1,-1,-1,-1,-1,-1,-1
3342,-1,-1,-1,-1,-1,-1,-1,-1
3343,-1,-1,-1,-1,-1,-1,-1,-1
3344,-1,-1,-1,-1,-1,-1,-1,-1
3345,-1,-1,-1,-1,-1,-1,-1,-1
3346,-1,-1,-1,-1,-1,-1,-1,-1
3347,-1,-1,-1,-1,-1,-1,-1,-1
3348,-1,-1,-1,-1,-1,-1,-1,-1
3349,-1,-1,-1,-1,-1,-1,-1,-1
3350,-1,-1,-1,-1,-1,-1,-1,-1
3351,-1,-1,-1,-1,-1,-1,-1,-1
3352,-1,-1,-1,-1,-1,-1,-1,-1
3353,-1,-1,-1,-1,-1,-1,-1,-1
3354,-1,-1,-1,-1,-1,-1,-1,-1
3355,-1,-1,-1,-1,-1,-1,-1,-1
3356,-1,-1,-1,-1,-1,-1,-1,-1
3357,-1,-1,-1,-1,-1,-1,-1,-1
3358,-1,-1,-1,-1,-1,-1,-1,-1
3359,-1,-1,-1,-1,-1,-1,-1,-1
3360,-1,-1,-1,-1,-1,-1,-1,-1
3361,-1,-1,-1,-1,-1,-1,-1,-1
3362,-1,-1,-1,-1,-1,-1,-1,-1
3363,-1,-1,-1,-1,-1,-1,-1,-1
3364,-1,-1,-1,-1,-1,-1,-1,-1
3365,10002487,10002775,10003063,10003351,10003639,10003927,10004215,10004503
3366,10002486,10002774,10003062,10003350,10003638,10003926,10004214,10004502
3367,10002485,10002773,10003061,10003349,10003637,10003925,10004213,10004501
3368,10002484,10002772,10003060,10003348,10003636,10003924,10004212,10004500
3369,10002483,10002771,10003059,10003347,10003635,10003923,10004211,10004499
3370,10002482,10002770,10003058,10003346,10003634,10003922,10004210,10004498
3371,10002481,10002769,10003057,10003345,10003633,10003921,10004209,10004497
3372,10002480,10002768,10003056,10003344,10003632,10003920,10004208,10004496
3373,-1,-1,-1,-1,-1,-1,-1,-1
3374,-1,-1,-1,-1,-1,-1,-1,-1
3375,-1,-1,-1,-1,-1,-1,-1,-1
3376,-1,-1,-1,-1,-1,-1,-1,-1
3377,-1,-1,-1,-1,-1,-1,-1,-1
3378,-1,-1,-1,-1,-1,-1,-1,-1
3379,-1,-1,-1,-1,-1,-1,-1,-1
3380,-1,-1,-1,-1,-1,-1,-1,-1
3381,-1,-1,-1,-1,-1,-1,-1,-1
3382,-1,-1,-1,-1,-1,-1,-1,-1
3383,-1,-1,-1,-1,-1,-1,-1,-1
3384,-1,-1,-1,-1,-1,-1,-1,-1
3385,-1,-1,-1,-1,-1,-1,-1,-1
3386,-1,-1,-1,-1,-1,-1,-1,-1
3387,-1,-1,-1,-1,-1,-1,-1,-1
3388,-1,-1,-1,-1,-1,-1,-1,-1
3389,-1,-1,-1,-1,-1,-1,-1,-1
3390,-1,-1,-1,-1,-1,-1,-1,-1
3391,-1,-1,-1,-1,-1,-1,-1,-1
3392,-1,-1,-1,-1,-1,-1,-1,-1
3393,-1,-1,-1,-1,-1,-1,-1,-1
3394,-1,-1,-1,-1,-1,-1,-1,-1
3395,-1,-1,-1,-1,-1,-1,-1,-1
3396,-1,-1,-1,-1,-1,-1,-1,-1
3397,-1,-1,-1,-1,-1,-1,-1,-1
3398,-1,-1,-1,-1,-1,-1,-1,-1
3399,-1,-1,-1,-1,-1,-1,-1,-1
3400,-1,-1,-1,-1,-1,-1,-1,-1
3401,-1,-1,-1,-1,-1,-1,-1,-1
3402,-1,-1,-1,-1,-1,-1,-1,-1
3403,-1,-1,-1,-1,-1,-1,-1,-1
3404,-1,-1,-1,-1,-1,-1,-1,-1
3405,-1,-1,-1,-1,-1,-1,-1,-1
3406,-1,-1,-1,-1,-1,-1,-1,-1
3407,-1,-1,-1,-1,-1,-1,-1,-1
3408,-1,-1,-1,-1,-1,-1,-1,-1
3409,-1,-1,-1,-1,-1,-1,-1,-1
3410,-1,-1,-1,-1,-1,-1,-1,-1
3411,-1,-1,-1,-1,-1,-1,-1,-1
3412,-1,-1,-1,-1,-1,-1,-1,-1
3413,-1,-1,-1,-1,-1,-1,-1,-1
3414,-1,-1,-1,-1,-1,-1,-1,-1
3415,-1,-1,-1,-1,-1,-1,-1,-1
3416,-1,-1,-1,-1,-1,-1,-1,-1
3417,-1,-1,-1,-1,-1,-1,-1,-1
3418,-1,-1,-1,-1,-1,-1,-1,-1
3419,-1,-1,-1,-1,-1,-1,-1,-1
3420,-1,-1,-1,-1,-1,-1,-1,-1
3421,-1,-1,-1,-1,-1,-1,-1,-1
3422,-1,-1,-1,-1,-1,-1,-1,-1
3423,10002495,10002783,10003071,10003359,10003647,10003935,10004223,10004511
3424,10002494,10002782,10003070,10003358,10003646,10003934,10004222,10004510
3425,10002493,10002781,10003069,10003357,10003645,10003933,10004221,10004509
3426,10002492,10002780,10003068,10003356,10003644,10003932,10004220,10004508
3427,10002491,10002779,10003067,10003355,10003643,10003931,10004219,10004507
3428,10002490,10002778,10003066,10003354,10003642,10003930,10004218,10004506
3429,10002489,10002777,10003065,10003353,10003641,10003929,10004217,10004505
3430,10002488,10002776,10003064,10003352,10003640,10003928,10004216,10004504
3431,-1,-1,-1,-1,-1,-1,-1,-1
3432,-1,-1,-1,-1,-1,-1,-1,-1
3433,-1,-1,-1,-1,-1,-1,-1,-1
3434,-1,-1,-1,-1,-1,-1,-1,-1
3435,-1,-1,-1,-1,-1,-1,-1,-1
3436,-1,-1,-1,-1,-1,-1,-1,-1
3437,-1,-1,-1,-1,-1,-1,-1,-1
3438,-1,-1,-1,-1,-1,-1,-1,-1
3439,-1,-1,-1,-1,-1,-1,-1,-1
3440,-1,-1,-1,-1,-1,-1,-1,-1
3441,-1,-1,-1,-1,-1,-1,-1,-1
3442,-1,-1,-1,-1,-1,-1,-1,-1
3443,-1,-1,-1,-1,-1,-1,-1,-1
3444,-1,-1,-1,-1,-1,-1,-1,-1
3445,-1,-1,-1,-1,-1,-1,-1,-1
3446,-1,-1,-1,-1,-1,-1,-1,-1
3447,-1,-1,-1,-1,-1,-1,-1,-1
3448,-1,-1,-1,-1,-1,-1,-1,-1
3449,-1,-1,-1,-1,-1,-1,-1,-1
3450,-1,-1,-1,-1,-1,-1,-1,-1
3451,-1,-1,-1,-1,-1,-1,-1,-1
3452,-1,-1,-1,-1,-1,-1,-1,-1
3453,-1,-1,-1,-1,-1,-1,-1,-1
3454,-1,-1,-1,-1,-1,-1,-1,-1
3455,-1,-1,-1,-1,-1,-1,-1,-1
3456,-1,-1,-1,-1,-1,-1,-1,-1
3457,-1,-1,-1,-1,-1,-1,-1,-1
3458,-1,-1,-1,-1,-1,-1,-1,-1
3459,-1,-1,-1,-1,-1,-1,-1,-1
3460,-1,-1,-1,-1,-1,-1,-1,-1
3461,-1,-1,-1,-1,-1,-1,-1,-1
3462,-1,-1,-1,-1,-1,-1,-1,-1
3463,-1,-1,-1,-1,-1,-1,-1,-1
3464,-1,-1,-1,-1,-1,-1,-1,-1
3465,-1,-1,-1,-1,-1,-1,-1,-1
3466,-1,-1,-1,-1,-1,-1,-1,-1
3467,-1,-1,-1,-1,-1,-1,-1,-1
3468,-1,-1,-1,-1,-1,-1,-1,-1
3469,-1,-1,-1,-1,-1,-1,-1,-1
3470,-1,-1,-1,-1,-1,-1,-1,-1
3471,-1,-1,-1,-1,-1,-1,-1,-1
3472,-1,-1,-1,-1,-1,-1,-1,-1
3473,-1,-1,-1,-1,-1,-1,-1,-1
3474,-1,-1,-1,-1,-1,-1,-1,-1
3475,-1,-1,-1,-1,-1,-1,-1,-1
3476,-1,-1,-1,-1,-1,-1,-1,-1
3477,-1,-1,-1,-1,-1,-1,-1,-1
3478,-1,-1,-1,-1,-1,-1,-1,-1
3479,-1,-1,-1,-1,-1,-1,-1,-1
3480,-1,-1,-1,-1,-1,-1,-1,-1
3481,10002503,10002791,10003079,10003367,10003655,10003943,10004231,10004519
3482,10002502,10002790,10003078,10003366,10003654,10003942,10004230,10004518
3483,10002501,10002789,10003077,10003365,10003653,10003941,10004229,10004517
3484,10002500,10002788,10003076,10003364,10003652,10003940,10004228,10004516
3485,10002499,10002787,10003075,10003363,10003651,10003939,10004227,10004515
3486,10002498,10002786,10003074,10003362,10003650,10003938,10004226,10004514
3487,10002497,10002785,10003073,10003361,10003649,10003937,10004225,10004513
3488,10002496,10002784,10003072,10003360,10003648,10003936,10004224,10004512
3489,-1,-1,-1,-1,-1,-1,-1,-1
3490,-1,-1,-1,-1,-1,-1,-1,-1
3491,-1,-1,-1,-1,-1,-1,-1,-1
3492,-1,-1,-1,-1,-1,-1,-1,-1
3493,-1,-1,-1,-1,-1,-1,-1,-1
3494,-1,-1,-1,-1,-1,-1,-1,-1
3495,-1,-1,-1,-1,-1,-1,-1,-1
3496,-1,-1,-1,-1,-1,-1,-1,-1
3497,-1,-1,-1,-1,-1,-1,-1,-1
3498,-1,-1,-1,-1,-1,-1,-1,-1
3499,-1,-1,-1,-1,-1,-1,-1,-1
3500,-1,-1,-1,-1,-1,-1,-1,-1
3501,-1,-1,-1,-1,-1,-1,-1,-1
3502,-1,-1,-1,-1,-1,-1,-1,-1
3503,-1,-1,-1,-1,-1,-1,-1,-1
3504,-1,-1,-1,-1,-1,-1,-1,-1
3505,-1,-1,-1,-1,-1,-1,-1,-1
3506,-1,-1,-1,-1,-1,-1,-1,-1
3507,-1,-1,-1,-1,-1,-1,-1,-1
3508,-1,-1,-1,-1,-1,-1,-1,-1
3509,-1,-1,-1,-1,-1,-1,-1,-1
3510,-1,-1,-1,-1,-1,-1,-1,-1
3511,-1,-1,-1,-1,-1,-1,-1,-1
3512,-1,-1,-1,-1,-1,-1,-1,-1
3513,-1,-1,-1,-1,-1,-1,-1,-1
3514,-1,-1,-1,-1,-1,-1,-1,-1
3515,-1,-1,-1,-1,-1,-1,-1,-1
3516,-1,-1,-1,-1,-1,-1,-1,-1
3517,-1,-1,-1,-1,-1,-1,-1,-1
3518,-1,-1,-1,-1,-1,-1,-1,-1
3519,-1,-1,-1,-1,-1,-1,-1,-1
3520,-1,-1,-1,-1,-1,-1,-1,-1
3521,-1,-1,-1,-1,-1,-1,-1,-1
3522,-1,-1,-1,-1,-1,-1,-1,-1
3523,-1,-1,-1,-1,-1,-1,-1,-1
3524,-1,-1,-1,-1,-1,-1,-1,-1
3525,-1,-1,-1,-1,-1,-1,-1,-1
3526,-1,-1,-1,-1,-1,-1,-1,-1
3527,-1,-1,-1,-1,-1,-1,-1,-1
3528,-1,-1,-1,-1,-1,-1,-1,-1
3529,-1,-1,-1,-1,-1,-1,-1,-1
3530,-1,-1,-1,-1,-1,-1,-1,-1
3531,-1,-1,-1,-1,-1,-1,-1,-1
3532,-1,-1,-1,-1,-1,-1,-1,-1
3533,-1,-1,-1,-1,-1,-1,-1,-1
3534,-1,-1,-1,-1,-1,-1,-1,-1
3535,-1,-1,-1,-1,-1,-1,-1,-1
3536,-1,-1,-1,-1,-1,-1,-1,-1
3537,-1,-1,-1,-1,-1,-1,-1,-1
3538,-1,-1,-1,-1,-1,-1,-1,-1
3539,10002511,10002799,10003087,10003375,10003663,10003951,10004239,10004527
3540,10002510,10002798,10003086,10003374,10003662,10003950,10004238,10004526
3541,10002509,10002797,10003085,10003373,10003661,10003949,10004237,10004525
3542,10002508,10002796,10003084,10003372,10003660,10003948,10004236,10004524
3543,10002507,10002795,10003083,10003371,10003659,10003947,10004235,10004523
3544,10002506,10002794,10003082,10003370,10003658,10003946,10004234,10004522
3545,10002505,10002793,10003081,10003369,10003657,10003945,10004233,10004521
3546,10002504,10002792,10003080,10003368,10003656,10003944,10004232,10004520
3547,-1,-1,-1,-1,-1,-1,-1,-1
3548,-1,-1,-1,-1,-1,-1,-1,-1
3549,-1,-1,-1,-1,-1,-1,-1,-1
3550,-1,-1,-1,-1,-1,-1,-1,-1
3551,-1,-1,-1,-1,-1,-1,-1,-1
3552,-1,-1,-1,-1,-1,-1,-1,-1
3553,-1,-1,-1,-1,-1,-1,-1,-1
3554,-1,-1,-1,-1,-1,-1,-1,-1
3555,-1,-1,-1,-1,-1,-1,-1,-1
3556,-1,-1,-1,-1,-1,-1,-1,-1
3557,-1,-1,-1,-1,-1,-1,-1,-1
3558,-1,-1,-1,-1,-1,-1,-1,-1
3559,-1,-1,-1,-1,-1,-1,-1,-1
3560,-1,-1,-1,-1,-1,-1,-1,-1
3561,-1,-1,-1,-1,-1,-1,-1,-1
3562,-1,-1,-1,-1,-1,-1,-1,-1
3563,-1,-1,-1,-1,-1,-1,-1,-1
3564,-1,-1,-1,-1,-1,-1,-1,-1
3565,-1,-1,-1,-1,-1,-1,-1,-1
3566,-1,-1,-1,-1,-1,-1,-1,-1
3567,-1,-1,-1,-1,-1,-1,-1,-1
3568,-1,-1,-1,-1,-1,-1,-1,-1
3569,-1,-1,-1,-1,-1,-1,-1,-1
3570,-1,-1,-1,-1,-1,-1,-1,-1
3571,-1,-1,-1,-1,-1,-1,-1,-1
3572,-1,-1,-1,-1,-1,-1,-1,-1
3573,-1,-1,-1,-1,-1,-1,-1,-1
3574,-1,-1,-1,-1,-1,-1,-1,-1
3575,-1,-1,-1,-1,-1,-1,-1,-1
3576,-1,-1,-1,-1,-1,-1,-1,-1
3577,-1,-1,-1,-1,-1,-1,-1,-1
3578,-1,-1,-1,-1,-1,-1,-1,-1
3579,-1,-1,-1,-1,-1,-1,-1,-1
3580,-1,-1,-1,-1,-1,-1,-1,-1
3581,-1,-1,-1,-1,-1,-1,-1,-1
3582,-1,-1,-1,-1,-1,-1,-1,-1
3583,-1,-1,-1,-1,-1,-1,-1,-1
3584,-1,-1,-1,-1,-1,-1,-1,-1
3585,-1,-1,-1,-1,-1,-1,-1,-1
3586,-1,-1,-1,-1,-1,-1,-1,-1
3587,-1,-1,-1,-1,-1,-1,-1,-1
3588,-1,-1,-1,-1,-1,-1,-1,-1
3589,-1,-1,-1,-1,-1,-1,-1,-1
3590,-1,-1,-1,-1,-1,-1,-1,-1
3591,-1,-1,-1,-1,-1,-1,-1,-1
3592,-1,-1,-1,-1,-1,-1,-1,-1
3593,-1,-1,-1,-1,-1,-1,-1,-1
3594,-1,-1,-1,-1,-1,-1,-1,-1
3595,-1,-1,-1,-1,-1,-1,-1,-1
3596,-1,-1,-1,-1,-1,-1,-1,-1
3597,10002519,10002807,10003095,10003383,10003671,10003959,10004247,10004535
3598,10002518,10002806,10003094,10003382,10003670,10003958,10004246,10004534
3599,10002517,10002805,10003093,10003381,10003669,10003957,10004245,10004533
3600,10002516,10002804,10003092,10003380,10003668,10003956,10004244,10004532
3601,10002515,10002803,10003091,10003379,10003667,10003955,10004243,10004531
3602,10002514,10002802,10003090,10003378,10003666,10003954,10004242,10004530
3603,10002513,10002801,10003089,10003377,10003665,10003953,10004241,10004529
3604,10002512,10002800,10003088,10003376,10003664,10003952,10004240,10004528
3605,-1,-1,-1,-1,-1,-1,-1,-1
3606,-1,-1,-1,-1,-1,-1,-1,-1
3607,-1,-1,-1,-1,-1,-1,-1,-1
3608,-1,-1,-1,-1,-1,-1,-1,-1
3609,-1,-1,-1,-1,-1,-1,-1,-1
3610,-1,-1,-1,-1,-1,-1,-1,-1
3611,-1,-1,-1,-1,-1,-1,-1,-1
3612,-1,-1,-1,-1,-1,-1,-1,-1
3613,-1,-1,-1,-1,-1,-1,-1,-1
3614,-1,-1,-1,-1,-1,-1,-1,-1
3615,-1,-1,-1,-1,-1,-1,-1,-1
3616,-1,-1,-1,-1,-1,-1,-1,-1
3617,-1,-1,-1,-1,-1,-1,-1,-1
3618,-1,-1,-1,-1,-1,-1,-1,-1
3619,-1,-1,-1,-1,-1,-1,-1,-1
3620,-1,-1,-1,-1,-1,-1,-1,-1
3621,-1,-1,-1,-1,-1,-1,-1,-1
3622,-1,-1,-1,-1,-1,-1,-1,-1
3623,-1,-1,-1,-1,-1,-1,-1,-1
3624,-1,-1,-1,-1,-1,-1,-1,-1
3625,-1,-1,-1,-1,-1,-1,-1,-1
3626,-1,-1,-1,-1,-1,-1,-1,-1
3627,-1,-1,-1,-1,-1,-1,-1,-1
3628,-1,-1,-1,-1,-1,-1,-1,-1
3629,-1,-1,-1,-1,-1,-1,-1,-1
3630,-1,-1,-1,-1,-1,-1,-1,-1
3631,-1,-1,-1,-1,-1,-1,-1,-1
3632,-1,-1,-1,-1,-1,-1,-1,-1
3633,-1,-1,-1,-1,-1,-1,-1,-1
3634,-1,-1,-1,-1,-1,-1,-1,-1
3635,-1,-1,-1,-1,-1,-1,-1,-1
3636,-1,-1,-1,-1,-1,-1,-1,-1
3637,-1,-1,-1,-1,-1,-1,-1,-1
3638,-1,-1,-1,-1,-1,-1,-1,-1
3639,-1,-1,-1,-1,-1,-1,-1,-1
3640,-1,-1,-1,-1,-1,-1,-1,-1
3641,-1,-1,-1,-1,-1,-1,-1,-1
3642,-1,-1,-1,-1,-1,-1,-1,-1
3643,-1,-1,-1,-1,-1,-1,-1,-1
3644,-1,-1,-1,-1,-1,-1,-1,-1
3645,-1,-1,-1,-1,-1,-1,-1,-1
3646,-1,-1,-1,-1,-1,-1,-1,-1
3647,-1,-1,-1,-1,-1,-1,-1,-1
3648,-1,-1,-1,-1,-1,-1,-1,-1
3649,-1,-1,-1,-1,-1,-1,-1,-1
3650,-1,-1,-1,-1,-1,-1,-1,-1
3651,-1,-1,-1,-1,-1,-1,-1,-1
3652,-1,-1,-1,-1,-1,-1,-1,-1
3653,-1,-1,-1,-1,-1,-1,-1,-1
3654,-1,-1,-1,-1,-1,-1,-1,-1
3655,10002527,10002815,10003103,10003391,10003679,10003967,10004255,10004543
3656,10002526,10002814,10003102,10003390,10003678,10003966,10004254,10004542
3657,10002525,10002813,10003101,10003389,10003677,10003965,10004253,10004541
3658,10002524,10002812,10003100,10003388,10003676,10003964,10004252,10004540
3659,10002523,10002811,10003099,10003387,10003675,10003963,10004251,10004539
3660,10002522,10002810,10003098,10003386,10003674,10003962,10004250,10004538
3661,10002521,10002809,10003097,10003385,10003673,10003961,10004249,10004537
3662,10002520,10002808,10003096,10003384,10003672,10003960,10004248,10004536
3663,-1,-1,-1,-1,-1,-1,-1,-1
3664,-1,-1,-1,-1,-1,-1,-1,-1
3665,-1,-1,-1,-1,-1,-1,-1,-1
3666,-1,-1,-1,-1,-1,-1,-1,-1
3667,-1,-1,-1,-1,-1,-1,-1,-1
3668,-1,-1,-1,-1,-1,-1,-1,-1
3669,-1,-1,-1,-1,-1,-1,-1,-1
3670,-1,-1,-1,-1,-1,-1,-1,-1
3671,-1,-1,-1,-1,-1,-1,-1,-1
3672,-1,-1,-1,-1,-1,-1,-1,-1
3673,-1,-1,-1,-1,-1,-1,-1,-1
3674,-1,-1,-1,-1,-1,-1,-1,-1
3675,-1,-1,-1,-1,-1,-1,-1,-1
3676,-1,-1,-1,-1,-1,-1,-1,-1
3677,-1,-1,-1,-1,-1,-1,-1,-1
3678,-1,-1,-1,-1,-1,-1,-1,-1
3679,-1,-1,-1,-1,-1,-1,-1,-1
3680,-1,-1,-1,-1,-1,-1,-1,-1
3681,-1,-1,-1,-1,-1,-1,-1,-1
3682,-1,-1,-1,-1,-1,-1,-1,-1
3683,-1,-1,-1,-1,-1,-1,-1,-1
3684,-1,-1,-1,-1,-1,-1,-1,-1
3685,-1,-1,-1,-1,-1,-1,-1,-1
3686,-1,-1,-1,-1,-1,-1,-1,-1
3687,-1,-1,-1,-1,-1,-1,-1,-1
3688,-1,-1,-1,-1,-1,-1,-1,-1
3689,-1,-1,-1,-1,-1,-1,-1,-1
3690,-1,-1,-1,-1,-1,-1,-1,-1
3691,-1,-1,-1,-1,-1,-1,-1,-1
3692,-1,-1,-1,-1,-1,-1,-1,-1
3693,-1,-1,-1,-1,-1,-1,-1,-1
3694,-1,-1,-1,-1,-1,-1,-1,-1
3695,-1,-1,-1,-1,-1,-1,-1,-1
3696,-1,-1,-1,-1,-1,-1,-1,-1
3697,-1,-1,-1,-1,-1,-1,-1,-1
3698,-1,-1,-1,-1,-1,-1,-1,-1
3699,-1,-1,-1,-1,-1,-1,-1,-1
3700,-1,-1,-1,-1,-1,-1,-1,-1
3701,-1,-1,-1,-1,-1,-1,-1,-1
3702,-1,-1,-1,-1,-1,-1,-1,-1
3703,-1,-1,-1,-1,-1,-1,-1,-1
3704,-1,-1,-1,-1,-1,-1,-1,-1
3705,-1,-1,-1,-1,-1,-1,-1,-1
3706,-1,-1,-1,-1,-1,-1,-1,-1
3707,-1,-1,-1,-1,-1,-1,-1,-1
3708,-1,-1,-1,-1,-1,-1,-1,-1
3709,-1,-1,-1,-1,-1,-1,-1,-1
3710,-1,-1,-1,-1,-1,-1,-1,-1
3711,-1,-1,-1,-1,-1,-1,-1,-1
3712,-1,-1,-1,-1,-1,-1,-1,-1
3713,10002535,10002823,10003111,10003399,10003687,10003975,10004263,10004551
3714,10002534,10002822,10003110,10003398,10003686,10003974,10004262,10004550
3715,10002533,10002821,10003109,10003397,10003685,10003973,10004261,10004549
3716,10002532,10002820,10003108,10003396,10003684,10003972,10004260,10004548
3717,10002531,10002819,10003107,10003395,10003683,10003971,10004259,10004547
3718,10002530,10002818,10003106,10003394,10003682,10003970,10004258,10004546
3719,10002529,10002817,10003105,10003393,10003681,10003969,10004257,10004545
3720,10002528,10002816,10003104,10003392,10003680,10003968,10004256,10004544
3721,-1,-1,-1,-1,-1,-1,-1,-1
3722,-1,-1,-1,-1,-1,-1,-1,-1
3723,-1,-1,-1,-1,-1,-1,-1,-1
3724,-1,-1,-1,-1,-1,-1,-1,-1
3725,-1,-1,-1,-1,-1,-1,-1,-1
3726,-1,-1,-1,-1,-1,-1,-1,-1
3727,-1,-1,-1,-1,-1,-1,-1,-1
3728,-1,-1,-1,-1,-1,-1,-1,-1
3729,-1,-1,-1,-1,-1,-1,-1,-1
3730,-1,-1,-1,-1,-1,-1,-1,-1
3731,-1,-1,-1,-1,-1,-1,-1,-1
3732,-1,-1,-1,-1,-1,-1,-1,-1
3733,-1,-1,-1,-1,-1,-1,-1,-1
3734,-1,-1,-1,-1,-1,-1,-1,-1
3735,-1,-1,-1,-1,-1,-1,-1,-1
3736,-1,-1,-1,-1,-1,-1,-1,-1
3737,-1,-1,-1,-1,-1,-1,-1,-1
3738,-1,-1,-1,-1,-1,-1,-1,-1
3739,-1,-1,-1,-1,-1,-1,-1,-1
3740,-1,-1,-1,-1,-1,-1,-1,-1
3741,-1,-1,-1,-1,-1,-1,-1,-1
3742,-1,-1,-1,-1,-1,-1,-1,-1
3743,-1,-1,-1,-1,-1,-1,-1,-1
3744,-1,-1,-1,-1,-1,-1,-1,-1
3745,-1,-1,-1,-1,-1,-1,-1,-1
3746,-1,-1,-1,-1,-1,-1,-1,-1
3747,-1,-1,-1,-1,-1,-1,-1,-1
3748,-1,-1,-1,-1,-1,-1,-1,-1
3749,-1,-1,-1,-1,-1,-1,-1,-1
3750,-1,-1,-1,-1,-1,-1,-1,-1
3751,-1,-1,-1,-1,-1,-1,-1,-1
3752,-1,-1,-1,-1,-1,-1,-1,-1
3753,-1,-1,-1,-1,-1,-1,-1,-1
3754,-1,-1,-1,-1,-1,-1,-1,-1
3755,-1,-1,-1,-1,-1,-1,-1,-1
3756,-1,-1,-1,-1,-1,-1,-1,-1
3757,-1,-1,-1,-1,-1,-1,-1,-1
3758,-1,-1,-1,-1,-1,-1,-1,-1
3759,-1,-1,-1,-1,-1,-1,-1,-1
3760,-1,-1,-1,-1,-1,-1,-1,-1
3761,-1,-1,-1,-1,-1,-1,-1,-1
3762,-1,-1,-1,-1,-1,-1,-1,-1
3763,-1,-1,-1,-1,-1,-1,-1,-1
3764,-1,-1,-1,-1,-1,-1,-1,-1
3765,-1,-1,-1,-1,-1,-1,-1,-1
3766,-1,-1,-1,-1,-1,-1,-1,-1
3767,-1,-1,-1,-1,-1,-1,-1,-1
3768,-1,-1,-1,-1,-1,-1,-1,-1
3769,-1,-1,-1,-1,-1,-1,-1,-1
3770,-1,-1,-1,-1,-1,-1,-1,-1
3771,10002543,10002831,10003119,10003407,10003695,10003983,10004271,10004559
3772,10002542,10002830,10003118,10003406,10003694,10003982,10004270,10004558
3773,10002541,10002829,10003117,10003405,10003693,10003981,10004269,10004557
3774,10002540,10002828,10003116,10003404,10003692,10003980,10004268,10004556
3775,10002539,10002827,10003115,10003403,10003691,10003979,10004267,10004555
3776,10002538,10002826,10003114,10003402,10003690,10003978,10004266,10004554
3777,10002537,10002825,10003113,10003401,10003689,10003977,10004265,10004553
3778,10002536,10002824,10003112,10003400,10003688,10003976,10004264,10004552
3779,-1,-1,-1,-1,-1,-1,-1,-1
3780,-1,-1,-1,-1,-1,-1,-1,-1
3781,-1,-1,-1,-1,-1,-1,-1,-1
3782,-1,-1,-1,-1,-1,-1,-1,-1
3783,-1,-1,-1,-1,-1,-1,-1,-1
3784,-1,-1,-1,-1,-1,-1,-1,-1
3785,-1,-1,-1,-1,-1,-1,-1,-1
3786,-1,-1,-1,-1,-1,-1,-1,-1
3787,-1,-1,-1,-1,-1,-1,-1,-1
3788,-1,-1,-1,-1,-1,-1,-1,-1
3789,-1,-1,-1,-1,-1,-1,-1,-1
3790,-1,-1,-1,-1,-1,-1,-1,-1
3791,-1,-1,-1,-1,-1,-1,-1,-1
3792,-1,-1,-1,-1,-1,-1,-1,-1
3793,-1,-1,-1,-1,-1,-1,-1,-1
3794,-1,-1,-1,-1,-1,-1,-1,-1
3795,-1,-1,-1,-1,-1,-1,-1,-1
3796,-1,-1,-1,-1,-1,-1,-1,-1
3797,-1,-1,-1,-1,-1,-1,-1,-1
3798,-1,-1,-1,-1,-1,-1,-1,-1
3799,-1,-1,-1,-1,-1,-1,-1,-1
3800,-1,-1,-1,-1,-1,-1,-1,-1
3801,-1,-1,-1,-1,-1,-1,-1,-1
3802,-1,-1,-1,-1,-1,-1,-1,-1
3803,-1,-1,-1,-1,-1,-1,-1,-1
3804,-1,-1,-1,-1,-1,-1,-1,-1
3805,-1,-1,-1,-1,-1,-1,-1,-1
3806,-1,-1,-1,-1,-1,-1,-1,-1
3807,-1,-1,-1,-1,-1,-1,-1,-1
3808,-1,-1,-1,-1,-1,-1,-1,-1
3809,-1,-1,-1,-1,-1,-1,-1,-1
3810,-1,-1,-1,-1,-1,-1,-1,-1
3811,-1,-1,-1,-1,-1,-1,-1,-1
3812,-1,-1,-1,-1,-1,-1,-1,-1
3813,-1,-1,-1,-1,-1,-1,-1,-1
3814,-1,-1,-1,-1,-1,-1,-1,-1
3815,-1,-1,-1,-1,-1,-1,-1,-1
3816,-1,-1,-1,-1,-1,-1,-1,-1
3817,-1,-1,-1,-1,-1,-1,-1,-1
3818,-1,-1,-1,-1,-1,-1,-1,-1
3819,-1,-1,-1,-1,-1,-1,-1,-1
3820,-1,-1,-1,-1,-1,-1,-1,-1
3821,-1,-1,-1,-1,-1,-1,-1,-1
3822,-1,-1,-1,-1,-1,-1,-1,-1
3823,-1,-1,-1,-1,-1,-1,-1,-1
3824,-1,-1,-1,-1,-1,-1,-1,-1
3825,-1,-1,-1,-1,-1,-1,-1,-1
3826,-1,-1,-1,-1,-1,-1,-1,-1
3827,-1,-1,-1,-1,-1,-1,-1,-1
3828,-1,-1,-1,-1,-1,-1,-1,-1
3829,10002551,10002839,10003127,10003415,10003703,10003991,10004279,10004567
3830,10002550,10002838,10003126,10003414,10003702,10003990,10004278,10004566
3831,10002549,10002837,10003125,10003413,10003701,10003989,10004277,10004565
3832,10002548,10002836,10003124,10003412,10003700,10003988,10004276,10004564
3833,10002547,10002835,10003123,10003411,10003699,10003987,10004275,10004563
3834,10002546,10002834,10003122,10003410,10003698,10003986,10004274,10004562
3835,10002545,10002833,10003121,10003409,10003697,10003985,10004273,10004561
3836,10002544,10002832,10003120,10003408,10003696,10003984,10004272,10004560
3837,-1,-1,-1,-1,-1,-1,-1,-1
3838,-1,-1,-1,-1,-1,-1,-1,-1
3839,-1,-1,-1,-1,-1,-1,-1,-1
3840,-1,-1,-1,-1,-1,-1,-1,-1
3841,-1,-1,-1,-1,-1,-1,-1,-1
3842,-1,-1,-1,-1,-1,-1,-1,-1
3843,-1,-1,-1,-1,-1,-1,-1,-1
3844,-1,-1,-1,-1,-1,-1,-1,-1
3845,-1,-1,-1,-1,-1,-1,-1,-1
3846,-1,-1,-1,-1,-1,-1,-1,-1
3847,-1,-1,-1,-1,-1,-1,-1,-1
3848,-1,-1,-1,-1,-1,-1,-1,-1
3849,-1,-1,-1,-1,-1,-1,-1,-1
3850,-1,-1,-1,-1,-1,-1,-1,-1
3851,-1,-1,-1,-1,-1,-1,-1,-1
3852,-1,-1,-1,-1,-1,-1,-1,-1
3853,-1,-1,-1,-1,-1,-1,-1,-1
3854,-1,-1,-1,-1,-1,-1,-1,-1
3855,-1,-1,-1,-1,-1,-1,-1,-1
3856,-1,-1,-1,-1,-1,-1,-1,-1
3857,-1,-1,-1,-1,-1,-1,-1,-1
3858,-1,-1,-1,-1,-1,-1,-1,-1
3859,-1,-1,-1,-1,-1,-1,-1,-1
3860,-1,-1,-1,-1,-1,-1,-1,-1
3861,-1,-1,-1,-1,-1,-1,-1,-1
3862,-1,-1,-1,-1,-1,-1,-1,-1
3863,-1,-1,-1,-1,-1,-1,-1,-1
3864,-1,-1,-1,-1,-1,-1,-1,-1
3865,-1,-1,-1,-1,-1,-1,-1,-1
3866,-1,-1,-1,-1,-1,-1,-1,-1
3867,-1,-1,-1,-1,-1,-1,-1,-1
3868,-1,-1,-1,-1,-1,-1,-1,-1
3869,-1,-1,-1,-1,-1,-1,-1,-1
3870,-1,-1,-1,-1,-1,-1,-1,-1
3871,-1,-1,-1,-1,-1,-1,-1,-1
3872,-1,-1,-1,-1,-1,-1,-1,-1
3873,-1,-1,-1,-1,-1,-1,-1,-1
3874,-1,-1,-1,-1,-1,-1,-1,-1
3875,-1,-1,-1,-1,-1,-1,-1,-1
3876,-1,-1,-1,-1,-1,-1,-1,-1
3877,-1,-1,-1,-1,-1,-1,-1,-1
3878,-1,-1,-1,-1,-1,-1,-1,-1
3879,-1,-1,-1,-1,-1,-1,-1,-1
3880,-1,-1,-1,-1,-1,-1,-1,-1
3881,-1,-1,-1,-1,-1,-1,-1,-1
3882,-1,-1,-1,-1,-1,-1,-1,-1
3883,-1,-1,-1,-1,-1,-1,-1,-1
3884,-1,-1,-1,-1,-1,-1,-1,-1
3885,-1,-1,-1,-1,-1,-1,-1,-1
3886,-1,-1,-1,-1,-1,-1,-1,-1
3887,10002559,10002847,10003135,10003423,10003711,10003999,10004287,10004575
3888,10002558,10002846,10003134,10003422,10003710,10003998,10004286,10004574
3889,10002557,10002845,10003133,10003421,10003709,10003997,10004285,10004573
3890,10002556,10002844,10003132,10003420,10003708,10003996,10004284,10004572
3891,10002555,10002843,10003131,10003419,10003707,10003995,10004283,10004571
3892,10002554,10002842,10003130,10003418,10003706,10003994,10004282,10004570
3893,10002553,10002841,10003129,10003417,10003705,10003993,10004281,10004569
3894,10002552,10002840,10003128,10003416,10003704,10003992,10004280,10004568
3895,-1,-1,-1,-1,-1,-1,-1,-1
3896,-1,-1,-1,-1,-1,-1,-1,-1
3897,-1,-1,-1,-1,-1,-1,-1,-1
3898,-1,-1,-1,-1,-1,-1,-1,-1
3899,-1,-1,-1,-1,-1,-1,-1,-1
3900,-1,-1,-1,-1,-1,-1,-1,-1
3901,-1,-1,-1,-1,-1,-1,-1,-1
3902,-1,-1,-1,-1,-1,-1,-1,-1
3903,-1,-1,-1,-1,-1,-1,-1,-1
3904,-1,-1,-1,-1,-1,-1,-1,-1
3905,-1,-1,-1,-1,-1,-1,-1,-1
3906,-1,-1,-1,-1,-1,-1,-1,-1
3907,-1,-1,-1,-1,-1,-1,-1,-1
3908,-1,-1,-1,-1,-1,-1,-1,-1
3909,-1,-1,-1,-1,-1,-1,-1,-1
3910,-1,-1,-1,-1,-1,-1,-1,-1
3911,-1,-1,-1,-1,-1,-1,-1,-1
3912,-1,-1,-1,-1,-1,-1,-1,-1
3913,-1,-1,-1,-1,-1,-1,-1,-1
3914,-1,-1,-1,-1,-1,-1,-1,-1
3915,-1,-1,-1,-1,-1,-1,-1,-1
3916,-1,-1,-1,-1,-1,-1,-1,-1
3917,-1,-1,-1,-1,-1,-1,-1,-1
3918,-1,-1,-1,-1,-1,-1,-1,-1
3919,-1,-1,-1,-1,-1,-1,-1,-1
3920,-1,-1,-1,-1,-1,-1,-1,-1
3921,-1,-1,-1,-1,-1,-1,-1,-1
3922,-1,-1,-1,-1,-1,-1,-1,-1
3923,-1,-1,-1,-1,-1,-1,-1,-1
3924,-1,-1,-1,-1,-1,-1,-1,-1
3925,-1,-1,-1,-1,-1,-1,-1,-1
3926,-1,-1,-1,-1,-1,-1,-1,-1
3927,-1,-1,-1,-1,-1,-1,-1,-1
3928,-1,-1,-1,-1,-1,-1,-1,-1
3929,-1,-1,-1,-1,-1,-1,-1,-1
3930,-1,-1,-1,-1,-1,-1,-1,-1
3931,-1,-1,-1,-1,-1,-1,-1,-1
3932,-1,-1,-1,-1,-1,-1,-1,-1
3933,-1,-1,-1,-1,-1,-1,-1,-1
3934,-1,-1,-1,-1,-1,-1,-1,-1
3935,-1,-1,-1,-1,-1,-1,-1,-1
3936,-1,-1,-1,-1,-1,-1,-1,-1
3937,-1,-1,-1,-1,-1,-1,-1,-1
3938,-1,-1,-1,-1,-1,-1,-1,-1
3939,-1,-1,-1,-1,-1,-1,-1,-1
3940,-1,-1,-1,-1,-1,-1,-1,-1
3941,-1,-1,-1,-1,-1,-1,-1,-1
3942,-1,-1,-1,-1,-1,-1,-1,-1
3943,-1,-1,-1,-1,-1,-1,-1,-1
3944,-1,-1,-1,-1,-1,-1,-1,-1
3945,10002567,10002855,10003143,10003431,10003719,10004007,10004295,10004583
3946,10002566,10002854,10003142,10003430,10003718,10004006,10004294,10004582
3947,10002565,10002853,10003141,10003429,10003717,10004005,10004293,10004581
3948,10002564,10002852,10003140,10003428,10003716,10004004,10004292,10004580
3949,10002563,10002851,10003139,10003427,10003715,10004003,10004291,10004579
3950,10002562,10002850,10003138,10003426,10003714,10004002,10004290,10004578
3951,10002561,10002849,10003137,10003425,10003713,10004001,10004289,10004577
3952,10002560,10002848,10003136,10003424,10003712,10004000,10004288,10004576
3953,-1,-1,-1,-1,-1,-1,-1,-1
3954,-1,-1,-1,-1,-1,-1,-1,-1
3955,-1,-1,-1,-1,-1,-1,-1,-1
3956,-1,-1,-1,-1,-1,-1,-1,-1
3957,-1,-1,-1,-1,-1,-1,-1,-1
3958,-1,-1,-1,-1,-1,-1,-1,-1
3959,-1,-1,-1,-1,-1,-1,-1,-1
3960,-1,-1,-1,-1,-1,-1,-1,-1
3961,-1,-1,-1,-1,-1,-1,-1,-1
3962,-1,-1,-1,-1,-1,-1,-1,-1
3963,-1,-1,-1,-1,-1,-1,-1,-1
3964,-1,-1,-1,-1,-1,-1,-1,-1
3965,-1,-1,-1,-1,-1,-1,-1,-1
3966,-1,-1,-1,-1,-1,-1,-1,-1
3967,-1,-1,-1,-1,-1,-1,-1,-1
3968,-1,-1,-1,-1,-1,-1,-1,-1
3969,-1,-1,-1,-1,-1,-1,-1,-1
3970,-1,-1,-1,-1,-1,-1,-1,-1
3971,-1,-1,-1,-1,-1,-1,-1,-1
3972,-1,-1,-1,-1,-1,-1,-1,-1
3973,-1,-1,-1,-1,-1,-1,-1,-1
3974,-1,-1,-1,-1,-1,-1,-1,-1
3975,-1,-1,-1,-1,-1,-1,-1,-1
3976,-1,-1,-1,-1,-1,-1,-1,-1
3977,-1,-1,-1,-1,-1,-1,-1,-1
3978,-1,-1,-1,-1,-1,-1,-1,-1
3979,-1,-1,-1,-1,-1,-1,-1,-1
3980,-1,-1,-1,-1,-1,-1,-1,-1
3981,-1,-1,-1,-1,-1,-1,-1,-1
3982,-1,-1,-1,-1,-1,-1,-1,-1
3983,-1,-1,-1,-1,-1,-1,-1,-1
3984,-1,-1,-1,-1,-1,-1,-1,-1
3985,-1,-1,-1,-1,-1,-1,-1,-1
3986,-1,-1,-1,-1,-1,-1,-1,-1
3987,-1,-1,-1,-1,-1,-1,-1,-1
3988,-1,-1,-1,-1,-1,-1,-1,-1
3989,-1,-1,-1,-1,-1,-1,-1,-1
3990,-1,-1,-1,-1,-1,-1,-1,-1
3991,-1,-1,-1,-1,-1,-1,-1,-1
3992,-1,-1,-1,-1,-1,-1,-1,-1
3993,-1,-1,-1,-1,-1,-1,-1,-1
3994,-1,-1,-1,-1,-1,-1,-1,-1
3995,-1,-1,-1,-1,-1,-1,-1,-1
3996,-1,-1,-1,-1,-1,-1,-1,-1
3997,-1,-1,-1,-1,-1,-1,-1,-1
3998,-1,-1,-1,-1,-1,-1,-1,-1
3999,-1,-1,-1,-1,-1,-1,-1,-1
4000,-1,-1,-1,-1,-1,-1,-1,-1
4001,-1,-1,-1,-1,-1,-1,-1,-1
4002,-1,-1,-1,-1,-1,-1,-1,-1
4003,10002575,10002863,10003151,10003439,10003727,10004015,10004303,10004591
4004,10002574,10002862,10003150,10003438,10003726,10004014,10004302,10004590
4005,10002573,10002861,10003149,10003437,10003725,10004013,10004301,10004589
4006,10002572,10002860,10003148,10003436,10003724,10004012,10004300,10004588
4007,10002571,10002859,10003147,10003435,10003723,10004011,10004299,10004587
4008,10002570,10002858,10003146,10003434,10003722,10004010,10004298,10004586
4009,10002569,10002857,10003145,10003433,10003721,10004009,10004297,10004585
4010,10002568,10002856,10003144,10003432,10003720,10004008,10004296,10004584
4011,-1,-1,-1,-1,-1,-1,-1,-1
4012,-1,-1,-1,-1,-1,-1,-1,-1
4013,-1,-1,-1,-1,-1,-1,-1,-1
4014,-1,-1,-1,-1,-1,-1,-1,-1
4015,-1,-1,-1,-1,-1,-1,-1,-1
4016,-1,-1,-1,-1,-1,-1,-1,-1
4017,-1,-1,-1,-1,-1,-1,-1,-1
4018,-1,-1,-1,-1,-1,-1,-1,-1
4019,-1,-1,-1,-1,-1,-1,-1,-1
4020,-1,-1,-1,-1,-1,-1,-1,-1
4021,-1,-1,-1,-1,-1,-1,-1,-1
4022,-1,-1,-1,-1,-1,-1,-1,-1
4023,-1,-1,-1,-1,-1,-1,-1,-1
4024,-1,-1,-1,-1,-1,-1,-1,-1
4025,-1,-1,-1,-1,-1,-1,-1,-1
4026,-1,-1,-1,-1,-1,-1,-1,-1
4027,-1,-1,-1,-1,-1,-1,-1,-1
4028,-1,-1,-1,-1,-1,-1,-1,-1
4029,-1,-1,-1,-1,-1,-1,-1,-1
4030,-1,-1,-1,-1,-1,-1,-1,-1
4031,-1,-1,-1,-1,-1,-1,-1,-1
4032,-1,-1,-1,-1,-1,-1,-1,-1
4033,-1,-1,-1,-1,-1,-1,-1,-1
4034,-1,-1,-1,-1,-1,-1,-1,-1
4035,-1,-1,-1,-1,-1,-1,-1,-1
4036,-1,-1,-1,-1,-1,-1,-1,-1
4037,-1,-1,-1,-1,-1,-1,-1,-1
4038,-1,-1,-1,-1,-1,-1,-1,-1
4039,-1,-1,-1,-1,-1,-1,-1,-1
4040,-1,-1,-1,-1,-1,-1,-1,-1
4041,-1,-1,-1,-1,-1,-1,-1,-1
4042,-1,-1,-1,-1,-1,-1,-1,-1
4043,-1,-1,-1,-1,-1,-1,-1,-1
4044,-1,-1,-1,-1,-1,-1,-1,-1
4045,-1,-1,-1,-1,-1,-1,-1,-1
4046,-1,-1,-1,-1,-1,-1,-1,-1
4047,-1,-1,-1,-1,-1,-1,-1,-1
4048,-1,-1,-1,-1,-1,-1,-1,-1
4049,-1,-1,-1,-1,-1,-1,-1,-1
4050,-1,-1,-1,-1,-1,-1,-1,-1
4051,-1,-1,-1,-1,-1,-1,-1,-1
4052,-1,-1,-1,-1,-1,-1,-1,-1
4053,-1,-1,-1,-1,-1,-1,-1,-1
4054,-1,-1,-1,-1,-1,-1,-1,-1
4055,-1,-1,-1,-1,-1,-1,-1,-1
4056,-1,-1,-1,-1,-1,-1,-1,-1
4057,-1,-1,-1,-1,-1,-1,-1,-1
4058,-1,-1,-1,-1,-1,-1,-1,-1
4059,-1,-1,-1,-1,-1,-1,-1,-1
4060,-1,-1,-1,-1,-1,-1,-1,-1
4061,10002583,10002871,10003159,10003447,10003735,10004023,10004311,10004599
4062,10002582,10002870,10003158,10003446,10003734,10004022,10004310,10004598
4063,10002581,10002869,10003157,10003445,10003733,10004021,10004309,10004597
4064,10002580,10002868,10003156,10003444,10003732,10004020,10004308,10004596
4065,10002579,10002867,10003155,10003443,10003731,10004019,10004307,10004595
4066,10002578,10002866,10003154,10003442,10003730,10004018,10004306,10004594
4067,10002577,10002865,10003153,10003441,10003729,10004017,10004305,10004593
4068,10002576,10002864,10003152,10003440,10003728,10004016,10004304,10004592
4069,-1,-1,-1,-1,-1,-1,-1,-1
4070,-1,-1,-1,-1,-1,-1,-1,-1
4071,-1,-1,-1,-1,-1,-1,-1,-1
4072,-1,-1,-1,-1,-1,-1,-1,-1
4073,-1,-1,-1,-1,-1,-1,-1,-1
4074,-1,-1,-1,-1,-1,-1,-1,-1
4075,-1,-1,-1,-1,-1,-1,-1,-1
4076,-1,-1,-1,-1,-1,-1,-1,-1
4077,-1,-1,-1,-1,-1,-1,-1,-1
4078,-1,-1,-1,-1,-1,-1,-1,-1
4079,-1,-1,-1,-1,-1,-1,-1,-1
4080,-1,-1,-1,-1,-1,-1,-1,-1
4081,-1,-1,-1,-1,-1,-1,-1,-1
4082,-1,-1,-1,-1,-1,-1,-1,-1
4083,-1,-1,-1,-1,-1,-1,-1,-1
4084,-1,-1,-1,-1,-1,-1,-1,-1
4085,-1,-1,-1,-1,-1,-1,-1,-1
4086,-1,-1,-1,-1,-1,-1,-1,-1
4087,-1,-1,-1,-1,-1,-1,-1,-1
4088,-1,-1,-1,-1,-1,-1,-1,-1
4089,-1,-1,-1,-1,-1,-1,-1,-1
4090,-1,-1,-1,-1,-1,-1,-1,-1
4091,-1,-1,-1,-1,-1,-1,-1,-1
4092,-1,-1,-1,-1,-1,-1,-1,-1
4093,-1,-1,-1,-1,-1,-1,-1,-1
4094,-1,-1,-1,-1,-1,-1,-1,-1
4095,-1,-1,-1,-1,-1,-1,-1,-1
4096,-1,-1,-1,-1,-1,-1,-1,-1
4097,-1,-1,-1,-1,-1,-1,-1,-1
4098,-1,-1,-1,-1,-1,-1,-1,-1
4099,-1,-1,-1,-1,-1,-1,-1,-1
4100,-1,-1,-1,-1,-1,-1,-1,-1
4101,-1,-1,-1,-1,-1,-1,-1,-1
4102,-1,-1,-1,-1,-1,-1,-1,-1
4103,-1,-1,-1,-1,-1,-1,-1,-1
4104,-1,-1,-1,-1,-1,-1,-1,-1
4105,-1,-1,-1,-1,-1,-1,-1,-1
4106,-1,-1,-1,-1,-1,-1,-1,-1
4107,-1,-1,-1,-1,-1,-1,-1,-1
4108,-1,-1,-1,-1,-1,-1,-1,-1
4109,-1,-1,-1,-1,-1,-1,-1,-1
4110,-1,-1,-1,-1,-1,-1,-1,-1
4111,-1,-1,-1,-1,-1,-1,-1,-1
4112,-1,-1,-1,-1,-1,-1,-1,-1
4113,-1,-1,-1,-1,-1,-1,-1,-1
4114,-1,-1,-1,-1,-1,-1,-1,-1
4115,-1,-1,-1,-1,-1,-1,-1,-1
4116,-1,-1,-1,-1,-1,-1,-1,-1
4117,-1,-1,-1,-1,-1,-1,-1,-1
4118,-1,-1,-1,-1,-1,-1,-1,-1
4119,10002591,10002879,10003167,10003455,10003743,10004031,10004319,10004607
4120,10002590,10002878,10003166,10003454,10003742,10004030,10004318,10004606
4121,10002589,10002877,10003165,10003453,10003741,10004029,10004317,10004605
4122,10002588,10002876,10003164,10003452,10003740,10004028,10004316,10004604
4123,10002587,10002875,10003163,10003451,10003739,10004027,10004315,10004603
4124,10002586,10002874,10003162,10003450,10003738,10004026,10004314,10004602
4125,10002585,10002873,10003161,10003449,10003737,10004025,10004313,10004601
4126,10002584,10002872,10003160,10003448,10003736,10004024,10004312,10004600
4127,-1,-1,-1,-1,-1,-1,-1,-1
4128,-1,-1,-1,-1,-1,-1,-1,-1
4129,-1,-1,-1,-1,-1,-1,-1,-1
4130,-1,-1,-1,-1,-1,-1,-1,-1
4131,-1,-1,-1,-1,-1,-1,-1,-1
4132,-1,-1,-1,-1,-1,-1,-1,-1
4133,-1,-1,-1,-1,-1,-1,-1,-1
4134,-1,-1,-1,-1,-1,-1,-1,-1
4135,-1,-1,-1,-1,-1,-1,-1,-1
4136,-1,-1,-1,-1,-1,-1,-1,-1
4137,-1,-1,-1,-1,-1,-1,-1,-1
4138,-1,-1,-1,-1,-1,-1,-1,-1
4139,-1,-1,-1,-1,-1,-1,-1,-1
4140,-1,-1,-1,-1,-1,-1,-1,-1
4141,-1,-1,-1,-1,-1,-1,-1,-1
4142,-1,-1,-1,-1,-1,-1,-1,-1
4143,-1,-1,-1,-1,-1,-1,-1,-1
4144,-1,-1,-1,-1,-1,-1,-1,-1
4145,-1,-1,-1,-1,-1,-1,-1,-1
4146,-1,-1,-1,-1,-1,-1,-1,-1
4147,-1,-1,-1,-1,-1,-1,-1,-1
4148,-1,-1,-1,-1,-1,-1,-1,-1
4149,-1,-1,-1,-1,-1,-1,-1,-1
4150,-1,-1,-1,-1,-1,-1,-1,-1
4151,-1,-1,-1,-1,-1,-1,-1,-1
4152,-1,-1,-1,-1,-1,-1,-1,-1
4153,-1,-1,-1,-1,-1,-1,-1,-1
4154,-1,-1,-1,-1,-1,-1,-1,-1
4155,-1,-1,-1,-1,-1,-1,-1,-1
4156,-1,-1,-1,-1,-1,-1,-1,-1
4157,-1,-1,-1,-1,-1,-1,-1,-1
4158,-1,-1,-1,-1,-1,-1,-1,-1
4159,-1,-1,-1,-1,-1,-1,-1,-1
4160,-1,-1,-1,-1,-1,-1,-1,-1
4161,-1,-1,-1,-1,-1,-1,-1,-1
4162,-1,-1,-1,-1,-1,-1,-1,-1
4163,-1,-1,-1,-1,-1,-1,-1,-1
4164,-1,-1,-1,-1,-1,-1,-1,-1
4165,-1,-1,-1,-1,-1,-1,-1,-1
4166,-1,-1,-1,-1,-1,-1,-1,-1
4167,-1,-1,-1,-1,-1,-1,-1,-1
4168,-1,-1,-1,-1,-1,-1,-1,-1
4169,-1,-1,-1,-1,-1,-1,-1,-1
4170,-1,-1,-1,-1,-1,-1,-1,-1
4171,-1,-1,-1,-1,-1,-1,-1,-1
4172,-1,-1,-1,-1,-1,-1,-1,-1
4173,-1,-1,-1,-1,-1,-1,-1,-1
4174,-1,-1,-1,-1,-1,-1,-1,-1
4175,-1,-1,-1,-1,-1,-1,-1,-1
4176,-1,-1,-1,-1,-1,-1,-1,-1
4177,10004615,10004903,10005191,10005479,10005767,10006055,10006343,10006631
4178,10004614,10004902,10005190,10005478,10005766,10006054,10006342,10006630
4179,10004613,10004901,10005189,10005477,10005765,10006053,10006341,10006629
4180,10004612,10004900,10005188,10005476,10005764,10006052,10006340,10006628
4181,10004611,10004899,10005187,10005475,10005763,10006051,10006339,10006627
4182,10004610,10004898,10005186,10005474,10005762,10006050,10006338,10006626
4183,10004609,10004897,10005185,10005473,10005761,10006049,10006337,10006625
4184,10004608,10004896,10005184,10005472,10005760,10006048,10006336,10006624
4185,-1,-1,-1,-1,-1,-1,-1,-1
4186,-1,-1,-1,-1,-1,-1,-1,-1
4187,-1,-1,-1,-1,-1,-1,-1,-1
4188,-1,-1,-1,-1,-1,-1,-1,-1
4189,-1,-1,-1,-1,-1,-1,-1,-1
4190,-1,-1,-1,-1,-1,-1,-1,-1
4191,-1,-1,-1,-1,-1,-1,-1,-1
4192,-1,-1,-1,-1,-1,-1,-1,-1
4193,-1,-1,-1,-1,-1,-1,-1,-1
4194,-1,-1,-1,-1,-1,-1,-1,-1
4195,-1,-1,-1,-1,-1,-1,-1,-1
4196,-1,-1,-1,-1,-1,-1,-1,-1
4197,-1,-1,-1,-1,-1,-1,-1,-1
4198,-1,-1,-1,-1,-1,-1,-1,-1
4199,-1,-1,-1,-1,-1,-1,-1,-1
4200,-1,-1,-1,-1,-1,-1,-1,-1
4201,-1,-1,-1,-1,-1,-1,-1,-1
4202,-1,-1,-1,-1,-1,-1,-1,-1
4203,-1,-1,-1,-1,-1,-1,-1,-1
4204,-1,-1,-1,-1,-1,-1,-1,-1
4205,-1,-1,-1,-1,-1,-1,-1,-1
4206,-1,-1,-1,-1,-1,-1,-1,-1
4207,-1,-1,-1,-1,-1,-1,-1,-1
4208,-1,-1,-1,-1,-1,-1,-1,-1
4209,-1,-1,-1,-1,-1,-1,-1,-1
4210,-1,-1,-1,-1,-1,-1,-1,-1
4211,-1,-1,-1,-1,-1,-1,-1,-1
4212,-1,-1,-1,-1,-1,-1,-1,-1
4213,-1,-1,-1,-1,-1,-1,-1,-1
4214,-1,-1,-1,-1,-1,-1,-1,-1
4215,-1,-1,-1,-1,-1,-1,-1,-1
4216,-1,-1,-1,-1,-1,-1,-1,-1
4217,-1,-1,-1,-1,-1,-1,-1,-1
4218,-1,-1,-1,-1,-1,-1,-1,-1
4219,-1,-1,-1,-1,-1,-1,-1,-1
4220,-1,-1,-1,-1,-1,-1,-1,-1
4221,-1,-1,-1,-1,-1,-1,-1,-1
4222,-1,-1,-1,-1,-1,-1,-1,-1
4223,-1,-1,-1,-1,-1,-1,-1,-1
4224,-1,-1,-1,-1,-1,-1,-1,-1
4225,-1,-1,-1,-1,-1,-1,-1,-1
4226,-1,-1,-1,-1,-1,-1,-1,-1
4227,-1,-1,-1,-1,-1,-1,-1,-1
4228,-1,-1,-1,-1,-1,-1,-1,-1
4229,-1,-1,-1,-1,-1,-1,-1,-1
4230,-1,-1,-1,-1,-1,-1,-1,-1
4231,-1,-1,-1,-1,-1,-1,-1,-1
4232,-1,-1,-1,-1,-1,-1,-1,-1
4233,-1,-1,-1,-1,-1,-1,-1,-1
4234,-1,-1,-1,-1,-1,-1,-1,-1
4235,10004623,10004911,10005199,10005487,10005775,10006063,10006351,10006639
4236,10004622,10004910,10005198,10005486,10005774,10006062,10006350,10006638
4237,10004621,10004909,10005197,10005485,10005773,10006061,10006349,10006637
4238,10004620,10004908,10005196,10005484,10005772,10006060,10006348,10006636
4239,10004619,10004907,10005195,10005483,10005771,10006059,10006347,10006635
4240,10004618,10004906,10005194,10005482,10005770,10006058,10006346,10006634
4241,10004617,10004905,10005193,10005481,10005769,10006057,10006345,10006633
4242,10004616,10004904,10005192,10005480,10005768,10006056,10006344,10006632
4243,-1,-1,-1,-1,-1,-1,-1,-1
4244,-1,-1,-1,-1,-1,-1,-1,-1
4245,-1,-1,-1,-1,-1,-1,-1,-1
4246,-1,-1,-1,-1,-1,-1,-1,-1
4247,-1,-1,-1,-1,-1,-1,-1,-1
4248,-1,-1,-1,-1,-1,-1,-1,-1
4249,-1,-1,-1,-1,-1,-1,-1,-1
4250,-1,-1,-1,-1,-1,-1,-1,-1
4251,-1,-1,-1,-1,-1,-1,-1,-1
4252,-1,-1,-1,-1,-1,-1,-1,-1
4253,-1,-1,-1,-1,-1,-1,-1,-1
4254,-1,-1,-1,-1,-1,-1,-1,-1
4255,-1,-1,-1,-1,-1,-1,-1,-1
4256,-1,-1,-1,-1,-1,-1,-1,-1
4257,-1,-1,-1,-1,-1,-1,-1,-1
4258,-1,-1,-1,-1,-1,-1,-1,-1
4259,-1,-1,-1,-1,-1,-1,-1,-1
4260,-1,-1,-1,-1,-1,-1,-1,-1
4261,-1,-1,-1,-1,-1,-1,-1,-1
4262,-1,-1,-1,-1,-1,-1,-1,-1
4263,-1,-1,-1,-1,-1,-1,-1,-1
4264,-1,-1,-1,-1,-1,-1,-1,-1
4265,-1,-1,-1,-1,-1,-1,-1,-1
4266,-1,-1,-1,-1,-1,-1,-1,-1
4267,-1,-1,-1,-1,-1,-1,-1,-1
4268,-1,-1,-1,-1,-1,-1,-1,-1
4269,-1,-1,-1,-1,-1,-1,-1,-1
4270,-1,-1,-1,-1,-1,-1,-1,-1
4271,-1,-1,-1,-1,-1,-1,-1,-1
4272,-1,-1,-1,-1,-1,-1,-1,-1
4273,-1,-1,-1,-1,-1,-1,-1,-1
4274,-1,-1,-1,-1,-1,-1,-1,-1
4275,-1,-1,-1,-1,-1,-1,-1,-1
4276,-1,-1,-1,-1,-1,-1,-1,-1
4277,-1,-1,-1,-1,-1,-1,-1,-1
4278,-1,-1,-1,-1,-1,-1,-1,-1
4279,-1,-1,-1,-1,-1,-1,-1,-1
4280,-1,-1,-1,-1,-1,-1,-1,-1
4281,-1,-1,-1,-1,-1,-1,-1,-1
4282,-1,-1,-1,-1,-1,-1,-1,-1
4283,-1,-1,-1,-1,-1,-1,-1,-1
4284,-1,-1,-1,-1,-1,-1,-1,-1
4285,-1,-1,-1,-1,-1,-1,-1,-1
4286,-1,-1,-1,-1,-1,-1,-1,-1
4287,-1,-1,-1,-1,-1,-1,-1,-1
4288,-1,-1,-1,-1,-1,-1,-1,-1
4289,-1,-1,-1,-1,-1,-1,-1,-1
4290,-1,-1,-1,-1,-1,-1,-1,-1
4291,-1,-1,-1,-1,-1,-1,-1,-1
4292,-1,-1,-1,-1,-1,-1,-1,-1
4293,10004631,10004919,10005207,10005495,10005783,10006071,10006359,10006647
4294,10004630,10004918,10005206,10005494,10005782,10006070,10006358,10006646
4295,10004629,10004917,10005205,10005493,10005781,10006069,10006357,10006645
4296,10004628,10004916,10005204,10005492,10005780,10006068,10006356,10006644
4297,10004627,10004915,10005203,10005491,10005779,10006067,10006355,10006643
4298,10004626,10004914,10005202,10005490,10005778,10006066,10006354,10006642
4299,10004625,10004913,10005201,10005489,10005777,10006065,10006353,10006641
4300,10004624,10004912,10005200,10005488,10005776,10006064,10006352,10006640
4301,-1,-1,-1,-1,-1,-1,-1,-1
4302,-1,-1,-1,-1,-1,-1,-1,-1
4303,-1,-1,-1,-1,-1,-1,-1,-1
4304,-1,-1,-1,-1,-1,-1,-1,-1
4305,-1,-1,-1,-1,-1,-1,-1,-1
4306,-1,-1,-1,-1,-1,-1,-1,-1
4307,-1,-1,-1,-1,-1,-1,-1,-1
4308,-1,-1,-1,-1,-1,-1,-1,-1
4309,-1,-1,-1,-1,-1,-1,-1,-1
4310,-1,-1,-1,-1,-1,-1,-1,-1
4311,-1,-1,-1,-1,-1,-1,-1,-1
4312,-1,-1,-1,-1,-1,-1,-1,-1
4313,-1,-1,-1,-1,-1,-1,-1,-1
4314,-1,-1,-1,-1,-1,-1,-1,-1
4315,-1,-1,-1,-1,-1,-1,-1,-1
4316,-1,-1,-1,-1,-1,-1,-1,-1
4317,-1,-1,-1,-1,-1,-1,-1,-1
4318,-1,-1,-1,-1,-1,-1,-1,-1
4319,-1,-1,-1,-1,-1,-1,-1,-1
4320,-1,-1,-1,-1,-1,-1,-1,-1
4321,-1,-1,-1,-1,-1,-1,-1,-1
4322,-1,-1,-1,-1,-1,-1,-1,-1
4323,-1,-1,-1,-1,-1,-1,-1,-1
4324,-1,-1,-1,-1,-1,-1,-1,-1
4325,-1,-1,-1,-1,-1,-1,-1,-1
4326,-1,-1,-1,-1,-1,-1,-1,-1
4327,-1,-1,-1,-1,-1,-1,-1,-1
4328,-1,-1,-1,-1,-1,-1,-1,-1
4329,-1,-1,-1,-1,-1,-1,-1,-1
4330,-1,-1,-1,-1,-1,-1,-1,-1
4331,-1,-1,-1,-1,-1,-1,-1,-1
4332,-1,-1,-1,-1,-1,-1,-1,-1
4333,-1,-1,-1,-1,-1,-1,-1,-1
4334,-1,-1,-1,-1,-1,-1,-1,-1
4335,-1,-1,-1,-1,-1,-1,-1,-1
4336,-1,-1,-1,-1,-1,-1,-1,-1
4337,-1,-1,-1,-1,-1,-1,-1,-1
4338,-1,-1,-1,-1,-1,-1,-1,-1
4339,-1,-1,-1,-1,-1,-1,-1,-1
4340,-1,-1,-1,-1,-1,-1,-1,-1
4341,-1,-1,-1,-1,-1,-1,-1,-1
4342,-1,-1,-1,-1,-1,-1,-1,-1
4343,-1,-1,-1,-1,-1,-1,-1,-1
4344,-1,-1,-1,-1,-1,-1,-1,-1
4345,-1,-1,-1,-1,-1,-1,-1,-1
4346,-1,-1,-1,-1,-1,-1,-1,-1
4347,-1,-1,-1,-1,-1,-1,-1,-1
4348,-1,-1,-1,-1,-1,-1,-1,-1
4349,-1,-1,-1,-1,-1,-1,-1,-1
4350,-1,-1,-1,-1,-1,-1,-1,-1
4351,10004639,10004927,10005215,10005503,10005791,10006079,10006367,10006655
4352,10004638,10004926,10005214,10005502,10005790,10006078,10006366,10006654
4353,10004637,10004925,10005213,10005501,10005789,10006077,10006365,10006653
4354,10004636,10004924,10005212,10005500,10005788,10006076,10006364,10006652
4355,10004635,10004923,10005211,10005499,10005787,10006075,10006363,10006651
4356,10004634,10004922,10005210,10005498,10005786,10006074,10006362,10006650
4357,10004633,10004921,10005209,10005497,10005785,10006073,10006361,10006649
4358,10004632,10004920,10005208,10005496,10005784,10006072,10006360,10006648
4359,-1,-1,-1,-1,-1,-1,-1,-1
4360,-1,-1,-1,-1,-1,-1,-1,-1
4361,-1,-1,-1,-1,-1,-1,-1,-1
4362,-1,-1,-1,-1,-1,-1,-1,-1
4363,-1,-1,-1,-1,-1,-1,-1,-1
4364,-1,-1,-1,-1,-1,-1,-1,-1
4365,-1,-1,-1,-1,-1,-1,-1,-1
4366,-1,-1,-1,-1,-1,-1,-1,-1
4367,-1,-1,-1,-1,-1,-1,-1,-1
4368,-1,-1,-1,-1,-1,-1,-1,-1
4369,-1,-1,-1,-1,-1,-1,-1,-1
4370,-1,-1,-1,-1,-1,-1,-1,-1
4371,-1,-1,-1,-1,-1,-1,-1,-1
4372,-1,-1,-1,-1,-1,-1,-1,-1
4373,-1,-1,-1,-1,-1,-1,-1,-1
4374,-1,-1,-1,-1,-1,-1,-1,-1
4375,-1,-1,-1,-1,-1,-1,-1,-1
4376,-1,-1,-1,-1,-1,-1,-1,-1
4377,-1,-1,-1,-1,-1,-1,-1,-1
4378,-1,-1,-1,-1,-1,-1,-1,-1
4379,-1,-1,-1,-1,-1,-1,-1,-1
4380,-1,-1,-1,-1,-1,-1,-1,-1
4381,-1,-1,-1,-1,-1,-1,-1,-1
4382,-1,-1,-1,-1,-1,-1,-1,-1
4383,-1,-1,-1,-1,-1,-1,-1,-1
4384,-1,-1,-1,-1,-1,-1,-1,-1
4385,-1,-1,-1,-1,-1,-1,-1,-1
4386,-1,-1,-1,-1,-1,-1,-1,-1
4387,-1,-1,-1,-1,-1,-1,-1,-1
4388,-1,-1,-1,-1,-1,-1,-1,-1
4389,-1,-1,-1,-1,-1,-1,-1,-1
4390,-1,-1,-1,-1,-1,-1,-1,-1
4391,-1,-1,-1,-1,-1,-1,-1,-1
4392,-1,-1,-1,-1,-1,-1,-1,-1
4393,-1,-1,-1,-1,-1,-1,-1,-1
4394,-1,-1,-1,-1,-1,-1,-1,-1
4395,-1,-1,-1,-1,-1,-1,-1,-1
4396,-1,-1,-1,-1,-1,-1,-1,-1
4397,-1,-1,-1,-1,-1,-1,-1,-1
4398,-1,-1,-1,-1,-1,-1,-1,-1
4399,-1,-1,-1,-1,-1,-1,-1,-1
4400,-1,-1,-1,-1,-1,-1,-1,-1
4401,-1,-1,-1,-1,-1,-1,-1,-1
4402,-1,-1,-1,-1,-1,-1,-1,-1
4403,-1,-1,-1,-1,-1,-1,-1,-1
4404,-1,-1,-1,-1,-1,-1,-1,-1
4405,-1,-1,-1,-1,-1,-1,-1,-1
4406,-1,-1,-1,-1,-1,-1,-1,-1
4407,-1,-1,-1,-1,-1,-1,-1,-1
4408,-1,-1,-1,-1,-1,-1,-1,-1
4409,10004647,10004935,10005223,10005511,10005799,10006087,10006375,10006663
4410,10004646,10004934,10005222,10005510,10005798,10006086,10006374,10006662
4411,10004645,10004933,10005221,10005509,10005797,10006085,10006373,10006661
4412,10004644,10004932,10005220,10005508,10005796,10006084,10006372,10006660
4413,10004643,10004931,10005219,10005507,10005795,10006083,10006371,10006659
4414,10004642,10004930,10005218,10005506,10005794,10006082,10006370,10006658
4415,10004641,10004929,10005217,10005505,10005793,10006081,10006369,10006657
4416,10004640,10004928,10005216,10005504,10005792,10006080,10006368,10006656
4417,-1,-1,-1,-1,-1,-1,-1,-1
4418,-1,-1,-1,-1,-1,-1,-1,-1
4419,-1,-1,-1,-1,-1,-1,-1,-1
4420,-1,-1,-1,-1,-1,-1,-1,-1
4421,-1,-1,-1,-1,-1,-1,-1,-1
4422,-1,-1,-1,-1,-1,-1,-1,-1
4423,-1,-1,-1,-1,-1,-1,-1,-1
4424,-1,-1,-1,-1,-1,-1,-1,-1
4425,-1,-1,-1,-1,-1,-1,-1,-1
4426,-1,-1,-1,-1,-1,-1,-1,-1
4427,-1,-1,-1,-1,-1,-1,-1,-1
4428,-1,-1,-1,-1,-1,-1,-1,-1
4429,-1,-1,-1,-1,-1,-1,-1,-1
4430,-1,-1,-1,-1,-1,-1,-1,-1
4431,-1,-1,-1,-1,-1,-1,-1,-1
4432,-1,-1,-1,-1,-1,-1,-1,-1
4433,-1,-1,-1,-1,-1,-1,-1,-1
4434,-1,-1,-1,-1,-1,-1,-1,-1
4435,-1,-1,-1,-1,-1,-1,-1,-1
4436,-1,-1,-1,-1,-1,-1,-1,-1
4437,-1,-1,-1,-1,-1,-1,-1,-1
4438,-1,-1,-1,-1,-1,-1,-1,-1
4439,-1,-1,-1,-1,-1,-1,-1,-1
4440,-1,-1,-1,-1,-1,-1,-1,-1
4441,-1,-1,-1,-1,-1,-1,-1,-1
4442,-1,-1,-1,-1,-1,-1,-1,-1
4443,-1,-1,-1,-1,-1,-1,-1,-1
4444,-1,-1,-1,-1,-1,-1,-1,-1
4445,-1,-1,-1,-1,-1,-1,-1,-1
4446,-1,-1,-1,-1,-1,-1,-1,-1
4447,-1,-1,-1,-1,-1,-1,-1,-1
4448,-1,-1,-1,-1,-1,-1,-1,-1
4449,-1,-1,-1,-1,-1,-1,-1,-1
4450,-1,-1,-1,-1,-1,-1,-1,-1
4451,-1,-1,-1,-1,-1,-1,-1,-1
4452,-1,-1,-1,-1,-1,-1,-1,-1
4453,-1,-1,-1,-1,-1,-1,-1,-1
4454,-1,-1,-1,-1,-1,-1,-1,-1
4455,-1,-1,-1,-1,-1,-1,-1,-1
4456,-1,-1,-1,-1,-1,-1,-1,-1
4457,-1,-1,-1,-1,-1,-1,-1,-1
4458,-1,-1,-1,-1,-1,-1,-1,-1
4459,-1,-1,-1,-1,-1,-1,-1,-1
4460,-1,-1,-1,-1,-1,-1,-1,-1
4461,-1,-1,-1,-1,-1,-1,-1,-1
4462,-1,-1,-1,-1,-1,-1,-1,-1
4463,-1,-1,-1,-1,-1,-1,-1,-1
4464,-1,-1,-1,-1,-1,-1,-1,-1
4465,-1,-1,-1,-1,-1,-1,-1,-1
4466,-1,-1,-1,-1,-1,-1,-1,-1
4467,10004655,10004943,10005231,10005519,10005807,10006095,10006383,10006671
4468,10004654,10004942,10005230,10005518,10005806,10006094,10006382,10006670
4469,10004653,10004941,10005229,10005517,10005805,10006093,10006381,10006669
4470,10004652,10004940,10005228,10005516,10005804,10006092,10006380,10006668
4471,10004651,10004939,10005227,10005515,10005803,10006091,10006379,10006667
4472,10004650,10004938,10005226,10005514,10005802,10006090,10006378,10006666
4473,10004649,10004937,10005225,10005513,10005801,10006089,10006377,10006665
4474,10004648,10004936,10005224,10005512,10005800,10006088,10006376,10006664
4475,-1,-1,-1,-1,-1,-1,-1,-1
4476,-1,-1,-1,-1,-1,-1,-1,-1
4477,-1,-1,-1,-1,-1,-1,-1,-1
4478,-1,-1,-1,-1,-1,-1,-1,-1
4479,-1,-1,-1,-1,-1,-1,-1,-1
4480,-1,-1,-1,-1,-1,-1,-1,-1
4481,-1,-1,-1,-1,-1,-1,-1,-1
4482,-1,-1,-1,-1,-1,-1,-1,-1
4483,-1,-1,-1,-1,-1,-1,-1,-1
4484,-1,-1,-1,-1,-1,-1,-1,-1
4485,-1,-1,-1,-1,-1,-1,-1,-1
4486,-1,-1,-1,-1,-1,-1,-1,-1
4487,-1,-1,-1,-1,-1,-1,-1,-1
4488,-1,-1,-1,-1,-1,-1,-1,-1
4489,-1,-1,-1,-1,-1,-1,-1,-1
4490,-1,-1,-1,-1,-1,-1,-1,-1
4491,-1,-1,-1,-1,-1,-1,-1,-1
4492,-1,-1,-1,-1,-1,-1,-1,-1
4493,-1,-1,-1,-1,-1,-1,-1,-1
4494,-1,-1,-1,-1,-1,-1,-1,-1
4495,-1,-1,-1,-1,-1,-1,-1,-1
4496,-1,-1,-1,-1,-1,-1,-1,-1
4497,-1,-1,-1,-1,-1,-1,-1,-1
4498,-1,-1,-1,-1,-1,-1,-1,-1
4499,-1,-1,-1,-1,-1,-1,-1,-1
4500,-1,-1,-1,-1,-1,-1,-1,-1
4501,-1,-1,-1,-1,-1,-1,-1,-1
4502,-1,-1,-1,-1,-1,-1,-1,-1
4503,-1,-1,-1,-1,-1,-1,-1,-1
4504,-1,-1,-1,-1,-1,-1,-1,-1
4505,-1,-1,-1,-1,-1,-1,-1,-1
4506,-1,-1,-1,-1,-1,-1,-1,-1
4507,-1,-1,-1,-1,-1,-1,-1,-1
4508,-1,-1,-1,-1,-1,-1,-1,-1
4509,-1,-1,-1,-1,-1,-1,-1,-1
4510,-1,-1,-1,-1,-1,-1,-1,-1
4511,-1,-1,-1,-1,-1,-1,-1,-1
4512,-1,-1,-1,-1,-1,-1,-1,-1
4513,-1,-1,-1,-1,-1,-1,-1,-1
4514,-1,-1,-1,-1,-1,-1,-1,-1
4515,-1,-1,-1,-1,-1,-1,-1,-1
4516,-1,-1,-1,-1,-1,-1,-1,-1
4517,-1,-1,-1,-1,-1,-1,-1,-1
4518,-1,-1,-1,-1,-1,-1,-1,-1
4519,-1,-1,-1,-1,-1,-1,-1,-1
4520,-1,-1,-1,-1,-1,-1,-1,-1
4521,-1,-1,-1,-1,-1,-1,-1,-1
4522,-1,-1,-1,-1,-1,-1,-1,-1
4523,-1,-1,-1,-1,-1,-1,-1,-1
4524,-1,-1,-1,-1,-1,-1,-1,-1
4525,10004663,10004951,10005239,10005527,10005815,10006103,10006391,10006679
4526,10004662,10004950,10005238,10005526,10005814,10006102,10006390,10006678
4527,10004661,10004949,10005237,10005525,10005813,10006101,10006389,10006677
4528,10004660,10004948,10005236,10005524,10005812,10006100,10006388,10006676
4529,10004659,10004947,10005235,10005523,10005811,10006099,10006387,10006675
4530,10004658,10004946,10005234,10005522,10005810,10006098,10006386,10006674
4531,10004657,10004945,10005233,10005521,10005809,10006097,10006385,10006673
4532,10004656,10004944,10005232,10005520,10005808,10006096,10006384,10006672
4533,-1,-1,-1,-1,-1,-1,-1,-1
4534,-1,-1,-1,-1,-1,-1,-1,-1
4535,-1,-1,-1,-1,-1,-1,-1,-1
4536,-1,-1,-1,-1,-1,-1,-1,-1
4537,-1,-1,-1,-1,-1,-1,-1,-1
4538,-1,-1,-1,-1,-1,-1,-1,-1
4539,-1,-1,-1,-1,-1,-1,-1,-1
4540,-1,-1,-1,-1,-1,-1,-1,-1
4541,-1,-1,-1,-1,-1,-1,-1,-1
4542,-1,-1,-1,-1,-1,-1,-1,-1
4543,-1,-1,-1,-1,-1,-1,-1,-1
4544,-1,-1,-1,-1,-1,-1,-1,-1
4545,-1,-1,-1,-1,-1,-1,-1,-1
4546,-1,-1,-1,-1,-1,-1,-1,-1
4547,-1,-1,-1,-1,-1,-1,-1,-1
4548,-1,-1,-1,-1,-1,-1,-1,-1
4549,-1,-1,-1,-1,-1,-1,-1,-1
4550,-1,-1,-1,-1,-1,-1,-1,-1
4551,-1,-1,-1,-1,-1,-1,-1,-1
4552,-1,-1,-1,-1,-1,-1,-1,-1
4553,-1,-1,-1,-1,-1,-1,-1,-1
4554,-1,-1,-1,-1,-1,-1,-1,-1
4555,-1,-1,-1,-1,-1,-1,-1,-1
4556,-1,-1,-1,-1,-1,-1,-1,-1
4557,-1,-1,-1,-1,-1,-1,-1,-1
4558,-1,-1,-1,-1,-1,-1,-1,-1
4559,-1,-1,-1,-1,-1,-1,-1,-1
4560,-1,-1,-1,-1,-1,-1,-1,-1
4561,-1,-1,-1,-1,-1,-1,-1,-1
4562,-1,-1,-1,-1,-1,-1,-1,-1
4563,-1,-1,-1,-1,-1,-1,-1,-1
4564,-1,-1,-1,-1,-1,-1,-1,-1
4565,-1,-1,-1,-1,-1,-1,-1,-1
4566,-1,-1,-1,-1,-1,-1,-1,-1
4567,-1,-1,-1,-1,-1,-1,-1,-1
4568,-1,-1,-1,-1,-1,-1,-1,-1
4569,-1,-1,-1,-1,-1,-1,-1,-1
4570,-1,-1,-1,-1,-1,-1,-1,-1
4571,-1,-1,-1,-1,-1,-1,-1,-1
4572,-1,-1,-1,-1,-1,-1,-1,-1
4573,-1,-1,-1,-1,-1,-1,-1,-1
4574,-1,-1,-1,-1,-1,-1,-1,-1
4575,-1,-1,-1,-1,-1,-1,-1,-1
4576,-1,-1,-1,-1,-1,-1,-1,-1
4577,-1,-1,-1,-1,-1,-1,-1,-1
4578,-1,-1,-1,-1,-1,-1,-1,-1
4579,-1,-1,-1,-1,-1,-1,-1,-1
4580,-1,-1,-1,-1,-1,-1,-1,-1
4581,-1,-1,-1,-1,-1,-1,-1,-1
4582,-1,-1,-1,-1,-1,-1,-1,-1
4583,10004671,10004959,10005247,10005535,10005823,10006111,10006399,10006687
4584,10004670,10004958,10005246,10005534,10005822,10006110,10006398,10006686
4585,10004669,10004957,10005245,10005533,10005821,10006109,10006397,10006685
4586,10004668,10004956,10005244,10005532,10005820,10006108,10006396,10006684
4587,10004667,10004955,10005243,10005531,10005819,10006107,10006395,10006683
4588,10004666,10004954,10005242,10005530,10005818,10006106,10006394,10006682
4589,10004665,10004953,10005241,10005529,10005817,10006105,10006393,10006681
4590,10004664,10004952,10005240,10005528,10005816,10006104,10006392,10006680
4591,-1,-1,-1,-1,-1,-1,-1,-1
4592,-1,-1,-1,-1,-1,-1,-1,-1
4593,-1,-1,-1,-1,-1,-1,-1,-1
4594,-1,-1,-1,-1,-1,-1,-1,-1
4595,-1,-1,-1,-1,-1,-1,-1,-1
4596,-1,-1,-1,-1,-1,-1,-1,-1
4597,-1,-1,-1,-1,-1,-1,-1,-1
4598,-1,-1,-1,-1,-1,-1,-1,-1
4599,-1,-1,-1,-1,-1,-1,-1,-1
4600,-1,-1,-1,-1,-1,-1,-1,-1
4601,-1,-1,-1,-1,-1,-1,-1,-1
4602,-1,-1,-1,-1,-1,-1,-1,-1
4603,-1,-1,-1,-1,-1,-1,-1,-1
4604,-1,-1,-1,-1,-1,-1,-1,-1
4605,-1,-1,-1,-1,-1,-1,-1,-1
4606,-1,-1,-1,-1,-1,-1,-1,-1
4607,-1,-1,-1,-1,-1,-1,-1,-1
4608,-1,-1,-1,-1,-1,-1,-1,-1
4609,-1,-1,-1,-1,-1,-1,-1,-1
4610,-1,-1,-1,-1,-1,-1,-1,-1
4611,-1,-1,-1,-1,-1,-1,-1,-1
4612,-1,-1,-1,-1,-1,-1,-1,-1
4613,-1,-1,-1,-1,-1,-1,-1,-1
4614,-1,-1,-1,-1,-1,-1,-1,-1
4615,-1,-1,-1,-1,-1,-1,-1,-1
4616,-1,-1,-1,-1,-1,-1,-1,-1
4617,-1,-1,-1,-1,-1,-1,-1,-1
4618,-1,-1,-1,-1,-1,-1,-1,-1
4619,-1,-1,-1,-1,-1,-1,-1,-1
4620,-1,-1,-1,-1,-1,-1,-1,-1
4621,-1,-1,-1,-1,-1,-1,-1,-1
4622,-1,-1,-1,-1,-1,-1,-1,-1
4623,-1,-1,-1,-1,-1,-1,-1,-1
4624,-1,-1,-1,-1,-1,-1,-1,-1
4625,-1,-1,-1,-1,-1,-1,-1,-1
4626,-1,-1,-1,-1,-1,-1,-1,-1
4627,-1,-1,-1,-1,-1,-1,-1,-1
4628,-1,-1,-1,-1,-1,-1,-1,-1
4629,-1,-1,-1,-1,-1,-1,-1,-1
4630,-1,-1,-1,-1,-1,-1,-1,-1
4631,-1,-1,-1,-1,-1,-1,-1,-1
4632,-1,-1,-1,-1,-1,-1,-1,-1
4633,-1,-1,-1,-1,-1,-1,-1,-1
4634,-1,-1,-1,-1,-1,-1,-1,-1
4635,-1,-1,-1,-1,-1,-1,-1,-1
4636,-1,-1,-1,-1,-1,-1,-1,-1
4637,-1,-1,-1,-1,-1,-1,-1,-1
4638,-1,-1,-1,-1,-1,-1,-1,-1
4639,-1,-1,-1,-1,-1,-1,-1,-1
4640,-1,-1,-1,-1,-1,-1,-1,-1
4641,10004679,10004967,10005255,10005543,10005831,10006119,10006407,10006695
4642,10004678,10004966,10005254,10005542,10005830,10006118,10006406,10006694
4643,10004677,10004965,10005253,10005541,10005829,10006117,10006405,10006693
4644,10004676,10004964,10005252,10005540,10005828,10006116,10006404,10006692
4645,10004675,10004963,10005251,10005539,10005827,10006115,10006403,10006691
4646,10004674,10004962,10005250,10005538,10005826,10006114,10006402,10006690
4647,10004673,10004961,10005249,10005537,10005825,10006113,10006401,10006689
4648,10004672,10004960,10005248,10005536,10005824,10006112,10006400,10006688
4649,-1,-1,-1,-1,-1,-1,-1,-1
4650,-1,-1,-1,-1,-1,-1,-1,-1
4651,-1,-1,-1,-1,-1,-1,-1,-1
4652,-1,-1,-1,-1,-1,-1,-1,-1
4653,-1,-1,-1,-1,-1,-1,-1,-1
4654,-1,-1,-1,-1,-1,-1,-1,-1
4655,-1,-1,-1,-1,-1,-1,-1,-1
4656,-1,-1,-1,-1,-1,-1,-1,-1
4657,-1,-1,-1,-1,-1,-1,-1,-1
4658,-1,-1,-1,-1,-1,-1,-1,-1
4659,-1,-1,-1,-1,-1,-1,-1,-1
4660,-1,-1,-1,-1,-1,-1,-1,-1
4661,-1,-1,-1,-1,-1,-1,-1,-1
4662,-1,-1,-1,-1,-1,-1,-1,-1
4663,-1,-1,-1,-1,-1,-1,-1,-1
4664,-1,-1,-1,-1,-1,-1,-1,-1
4665,-1,-1,-1,-1,-1,-1,-1,-1
4666,-1,-1,-1,-1,-1,-1,-1,-1
4667,-1,-1,-1,-1,-1,-1,-1,-1
4668,-1,-1,-1,-1,-1,-1,-1,-1
4669,-1,-1,-1,-1,-1,-1,-1,-1
4670,-1,-1,-1,-1,-1,-1,-1,-1
4671,-1,-1,-1,-1,-1,-1,-1,-1
4672,-1,-1,-1,-1,-1,-1,-1,-1
4673,-1,-1,-1,-1,-1,-1,-1,-1
4674,-1,-1,-1,-1,-1,-1,-1,-1
4675,-1,-1,-1,-1,-1,-1,-1,-1
4676,-1,-1,-1,-1,-1,-1,-1,-1
4677,-1,-1,-1,-1,-1,-1,-1,-1
4678,-1,-1,-1,-1,-1,-1,-1,-1
4679,-1,-1,-1,-1,-1,-1,-1,-1
4680,-1,-1,-1,-1,-1,-1,-1,-1
4681,-1,-1,-1,-1,-1,-1,-1,-1
4682,-1,-1,-1,-1,-1,-1,-1,-1
4683,-1,-1,-1,-1,-1,-1,-1,-1
4684,-1,-1,-1,-1,-1,-1,-1,-1
4685,-1,-1,-1,-1,-1,-1,-1,-1
4686,-1,-1,-1,-1,-1,-1,-1,-1
4687,-1,-1,-1,-1,-1,-1,-1,-1
4688,-1,-1,-1,-1,-1,-1,-1,-1
4689,-1,-1,-1,-1,-1,-1,-1,-1
4690,-1,-1,-1,-1,-1,-1,-1,-1
4691,-1,-1,-1,-1,-1,-1,-1,-1
4692,-1,-1,-1,-1,-1,-1,-1,-1
4693,-1,-1,-1,-1,-1,-1,-1,-1
4694,-1,-1,-1,-1,-1,-1,-1,-1
4695,-1,-1,-1,-1,-1,-1,-1,-1
4696,-1,-1,-1,-1,-1,-1,-1,-1
4697,-1,-1,-1,-1,-1,-1,-1,-1
4698,-1,-1,-1,-1,-1,-1,-1,-1
4699,10004687,10004975,10005263,10005551,10005839,10006127,10006415,10006703
4700,10004686,10004974,10005262,10005550,10005838,10006126,10006414,10006702
4701,10004685,10004973,10005261,10005549,10005837,10006125,10006413,10006701
4702,10004684,10004972,10005260,10005548,10005836,10006124,10006412,10006700
4703,10004683,10004971,10005259,10005547,10005835,10006123,10006411,10006699
4704,10004682,10004970,10005258,10005546,10005834,10006122,10006410,10006698
4705,10004681,10004969,10005257,10005545,10005833,10006121,10006409,10006697
4706,10004680,10004968,10005256,10005544,10005832,10006120,10006408,10006696
4707,-1,-1,-1,-1,-1,-1,-1,-1
4708,-1,-1,-1,-1,-1,-1,-1,-1
4709,-1,-1,-1,-1,-1,-1,-1,-1
4710,-1,-1,-1,-1,-1,-1,-1,-1
4711,-1,-1,-1,-1,-1,-1,-1,-1
4712,-1,-1,-1,-1,-1,-1,-1,-1
4713,-1,-1,-1,-1,-1,-1,-1,-1
4714,-1,-1,-1,-1,-1,-1,-1,-1
4715,-1,-1,-1,-1,-1,-1,-1,-1
4716,-1,-1,-1,-1,-1,-1,-1,-1
4717,-1,-1,-1,-1,-1,-1,-1,-1
4718,-1,-1,-1,-1,-1,-1,-1,-1
4719,-1,-1,-1,-1,-1,-1,-1,-1
4720,-1,-1,-1,-1,-1,-1,-1,-1
4721,-1,-1,-1,-1,-1,-1,-1,-1
4722,-1,-1,-1,-1,-1,-1,-1,-1
4723,-1,-1,-1,-1,-1,-1,-1,-1
4724,-1,-1,-1,-1,-1,-1,-1,-1
4725,-1,-1,-1,-1,-1,-1,-1,-1
4726,-1,-1,-1,-1,-1,-1,-1,-1
4727,-1,-1,-1,-1,-1,-1,-1,-1
4728,-1,-1,-1,-1,-1,-1,-1,-1
4729,-1,-1,-1,-1,-1,-1,-1,-1
4730,-1,-1,-1,-1,-1,-1,-1,-1
4731,-1,-1,-1,-1,-1,-1,-1,-1
4732,-1,-1,-1,-1,-1,-1,-1,-1
4733,-1,-1,-1,-1,-1,-1,-1,-1
4734,-1,-1,-1,-1,-1,-1,-1,-1
4735,-1,-1,-1,-1,-1,-1,-1,-1
4736,-1,-1,-1,-1,-1,-1,-1,-1
4737,-1,-1,-1,-1,-1,-1,-1,-1
4738,-1,-1,-1,-1,-1,-1,-1,-1
4739,-1,-1,-1,-1,-1,-1,-1,-1
4740,-1,-1,-1,-1,-1,-1,-1,-1
4741,-1,-1,-1,-1,-1,-1,-1,-1
4742,-1,-1,-1,-1,-1,-1,-1,-1
4743,-1,-1,-1,-1,-1,-1,-1,-1
4744,-1,-1,-1,-1,-1,-1,-1,-1
4745,-1,-1,-1,-1,-1,-1,-1,-1
4746,-1,-1,-1,-1,-1,-1,-1,-1
4747,-1,-1,-1,-1,-1,-1,-1,-1
4748,-1,-1,-1,-1,-1,-1,-1,-1
4749,-1,-1,-1,-1,-1,-1,-1,-1
4750,-1,-1,-1,-1,-1,-1,-1,-1
4751,-1,-1,-1,-1,-1,-1,-1,-1
4752,-1,-1,-1,-1,-1,-1,-1,-1
4753,-1,-1,-1,-1,-1,-1,-1,-1
4754,-1,-1,-1,-1,-1,-1,-1,-1
4755,-1,-1,-1,-1,-1,-1,-1,-1
4756,-1,-1,-1,-1,-1,-1,-1,-1
4757,10004695,10004983,10005271,10005559,10005847,10006135,10006423,10006711
4758,10004694,10004982,10005270,10005558,10005846,10006134,10006422,10006710
4759,10004693,10004981,10005269,10005557,10005845,10006133,10006421,10006709
4760,10004692,10004980,10005268,10005556,10005844,10006132,10006420,10006708
4761,10004691,10004979,10005267,10005555,10005843,10006131,10006419,10006707
4762,10004690,10004978,10005266,10005554,10005842,10006130,10006418,10006706
4763,10004689,10004977,10005265,10005553,10005841,10006129,10006417,10006705
4764,10004688,10004976,10005264,10005552,10005840,10006128,10006416,10006704
4765,-1,-1,-1,-1,-1,-1,-1,-1
4766,-1,-1,-1,-1,-1,-1,-1,-1
4767,-1,-1,-1,-1,-1,-1,-1,-1
4768,-1,-1,-1,-1,-1,-1,-1,-1
4769,-1,-1,-1,-1,-1,-1,-1,-1
4770,-1,-1,-1,-1,-1,-1,-1,-1
4771,-1,-1,-1,-1,-1,-1,-1,-1
4772,-1,-1,-1,-1,-1,-1,-1,-1
4773,-1,-1,-1,-1,-1,-1,-1,-1
4774,-1,-1,-1,-1,-1,-1,-1,-1
4775,-1,-1,-1,-1,-1,-1,-1,-1
4776,-1,-1,-1,-1,-1,-1,-1,-1
4777,-1,-1,-1,-1,-1,-1,-1,-1
4778,-1,-1,-1,-1,-1,-1,-1,-1
4779,-1,-1,-1,-1,-1,-1,-1,-1
4780,-1,-1,-1,-1,-1,-1,-1,-1
4781,-1,-1,-1,-1,-1,-1,-1,-1
4782,-1,-1,-1,-1,-1,-1,-1,-1
4783,-1,-1,-1,-1,-1,-1,-1,-1
4784,-1,-1,-1,-1,-1,-1,-1,-1
4785,-1,-1,-1,-1,-1,-1,-1,-1
4786,-1,-1,-1,-1,-1,-1,-1,-1
4787,-1,-1,-1,-1,-1,-1,-1,-1
4788,-1,-1,-1,-1,-1,-1,-1,-1
4789,-1,-1,-1,-1,-1,-1,-1,-1
4790,-1,-1,-1,-1,-1,-1,-1,-1
4791,-1,-1,-1,-1,-1,-1,-1,-1
4792,-1,-1,-1,-1,-1,-1,-1,-1
4793,-1,-1,-1,-1,-1,-1,-1,-1
4794,-1,-1,-1,-1,-1,-1,-1,-1
4795,-1,-1,-1,-1,-1,-1,-1,-1
4796,-1,-1,-1,-1,-1,-1,-1,-1
4797,-1,-1,-1,-1,-1,-1,-1,-1
4798,-1,-1,-1,-1,-1,-1,-1,-1
4799,-1,-1,-1,-1,-1,-1,-1,-1
4800,-1,-1,-1,-1,-1,-1,-1,-1
4801,-1,-1,-1,-1,-1,-1,-1,-1
4802,-1,-1,-1,-1,-1,-1,-1,-1
4803,-1,-1,-1,-1,-1,-1,-1,-1
4804,-1,-1,-1,-1,-1,-1,-1,-1
4805,-1,-1,-1,-1,-1,-1,-1,-1
4806,-1,-1,-1,-1,-1,-1,-1,-1
4807,-1,-1,-1,-1,-1,-1,-1,-1
4808,-1,-1,-1,-1,-1,-1,-1,-1
4809,-1,-1,-1,-1,-1,-1,-1,-1
4810,-1,-1,-1,-1,-1,-1,-1,-1
4811,-1,-1,-1,-1,-1,-1,-1,-1
4812,-1,-1,-1,-1,-1,-1,-1,-1
4813,-1,-1,-1,-1,-1,-1,-1,-1
4814,-1,-1,-1,-1,-1,-1,-1,-1
4815,10004703,10004991,10005279,10005567,10005855,10006143,10006431,10006719
4816,10004702,10004990,10005278,10005566,10005854,10006142,10006430,10006718
4817,10004701,10004989,10005277,10005565,10005853,10006141,10006429,10006717
4818,10004700,10004988,10005276,10005564,10005852,10006140,10006428,10006716
4819,10004699,10004987,10005275,10005563,10005851,10006139,10006427,10006715
4820,10004698,10004986,10005274,10005562,10005850,10006138,10006426,10006714
4821,10004697,10004985,10005273,10005561,10005849,10006137,10006425,10006713
4822,10004696,10004984,10005272,10005560,10005848,10006136,10006424,10006712
4823,-1,-1,-1,-1,-1,-1,-1,-1
4824,-1,-1,-1,-1,-1,-1,-1,-1
4825,-1,-1,-1,-1,-1,-1,-1,-1
4826,-1,-1,-1,-1,-1,-1,-1,-1
4827,-1,-1,-1,-1,-1,-1,-1,-1
4828,-1,-1,-1,-1,-1,-1,-1,-1
4829,-1,-1,-1,-1,-1,-1,-1,-1
4830,-1,-1,-1,-1,-1,-1,-1,-1
4831,-1,-1,-1,-1,-1,-1,-1,-1
4832,-1,-1,-1,-1,-1,-1,-1,-1
4833,-1,-1,-1,-1,-1,-1,-1,-1
4834,-1,-1,-1,-1,-1,-1,-1,-1
4835,-1,-1,-1,-1,-1,-1,-1,-1
4836,-1,-1,-1,-1,-1,-1,-1,-1
4837,-1,-1,-1,-1,-1,-1,-1,-1
4838,-1,-1,-1,-1,-1,-1,-1,-1
4839,-1,-1,-1,-1,-1,-1,-1,-1
4840,-1,-1,-1,-1,-1,-1,-1,-1
4841,-1,-1,-1,-1,-1,-1,-1,-1
4842,-1,-1,-1,-1,-1,-1,-1,-1
4843,-1,-1,-1,-1,-1,-1,-1,-1
4844,-1,-1,-1,-1,-1,-1,-1,-1
4845,-1,-1,-1,-1,-1,-1,-1,-1
4846,-1,-1,-1,-1,-1,-1,-1,-1
4847,-1,-1,-1,-1,-1,-1,-1,-1
4848,-1,-1,-1,-1,-1,-1,-1,-1
4849,-1,-1,-1,-1,-1,-1,-1,-1
4850,-1,-1,-1,-1,-1,-1,-1,-1
4851,-1,-1,-1,-1,-1,-1,-1,-1
4852,-1,-1,-1,-1,-1,-1,-1,-1
4853,-1,-1,-1,-1,-1,-1,-1,-1
4854,-1,-1,-1,-1,-1,-1,-1,-1
4855,-1,-1,-1,-1,-1,-1,-1,-1
4856,-1,-1,-1,-1,-1,-1,-1,-1
4857,-1,-1,-1,-1,-1,-1,-1,-1
4858,-1,-1,-1,-1,-1,-1,-1,-1
4859,-1,-1,-1,-1,-1,-1,-1,-1
4860,-1,-1,-1,-1,-1,-1,-1,-1
4861,-1,-1,-1,-1,-1,-1,-1,-1
4862,-1,-1,-1,-1,-1,-1,-1,-1
4863,-1,-1,-1,-1,-1,-1,-1,-1
4864,-1,-1,-1,-1,-1,-1,-1,-1
4865,-1,-1,-1,-1,-1,-1,-1,-1
4866,-1,-1,-1,-1,-1,-1,-1,-1
4867,-1,-1,-1,-1,-1,-1,-1,-1
4868,-1,-1,-1,-1,-1,-1,-1,-1
4869,-1,-1,-1,-1,-1,-1,-1,-1
4870,-1,-1,-1,-1,-1,-1,-1,-1
4871,-1,-1,-1,-1,-1,-1,-1,-1
4872,-1,-1,-1,-1,-1,-1,-1,-1
4873,10004711,10004999,10005287,10005575,10005863,10006151,10006439,10006727
4874,10004710,10004998,10005286,10005574,10005862,10006150,10006438,10006726
4875,10004709,10004997,10005285,10005573,10005861,10006149,10006437,10006725
4876,10004708,10004996,10005284,10005572,10005860,10006148,10006436,10006724
4877,10004707,10004995,10005283,10005571,10005859,10006147,10006435,10006723
4878,10004706,10004994,10005282,10005570,10005858,10006146,10006434,10006722
4879,10004705,10004993,10005281,10005569,10005857,10006145,10006433,10006721
4880,10004704,10004992,10005280,10005568,10005856,10006144,10006432,10006720
4881,-1,-1,-1,-1,-1,-1,-1,-1
4882,-1,-1,-1,-1,-1,-1,-1,-1
4883,-1,-1,-1,-1,-1,-1,-1,-1
4884,-1,-1,-1,-1,-1,-1,-1,-1
4885,-1,-1,-1,-1,-1,-1,-1,-1
4886,-1,-1,-1,-1,-1,-1,-1,-1
4887,-1,-1,-1,-1,-1,-1,-1,-1
4888,-1,-1,-1,-1,-1,-1,-1,-1
4889,-1,-1,-1,-1,-1,-1,-1,-1
4890,-1,-1,-1,-1,-1,-1,-1,-1
4891,-1,-1,-1,-1,-1,-1,-1,-1
4892,-1,-1,-1,-1,-1,-1,-1,-1
4893,-1,-1,-1,-1,-1,-1,-1,-1
4894,-1,-1,-1,-1,-1,-1,-1,-1
4895,-1,-1,-1,-1,-1,-1,-1,-1
4896,-1,-1,-1,-1,-1,-1,-1,-1
4897,-1,-1,-1,-1,-1,-1,-1,-1
4898,-1,-1,-1,-1,-1,-1,-1,-1
4899,-1,-1,-1,-1,-1,-1,-1,-1
4900,-1,-1,-1,-1,-1,-1,-1,-1
4901,-1,-1,-1,-1,-1,-1,-1,-1
4902,-1,-1,-1,-1,-1,-1,-1,-1
4903,-1,-1,-1,-1,-1,-1,-1,-1
4904,-1,-1,-1,-1,-1,-1,-1,-1
4905,-1,-1,-1,-1,-1,-1,-1,-1
4906,-1,-1,-1,-1,-1,-1,-1,-1
4907,-1,-1,-1,-1,-1,-1,-1,-1
4908,-1,-1,-1,-1,-1,-1,-1,-1
4909,-1,-1,-1,-1,-1,-1,-1,-1
4910,-1,-1,-1,-1,-1,-1,-1,-1
4911,-1,-1,-1,-1,-1,-1,-1,-1
4912,-1,-1,-1,-1,-1,-1,-1,-1
4913,-1,-1,-1,-1,-1,-1,-1,-1
4914,-1,-1,-1,-1,-1,-1,-1,-1
4915,-1,-1,-1,-1,-1,-1,-1,-1
4916,-1,-1,-1,-1,-1,-1,-1,-1
4917,-1,-1,-1,-1,-1,-1,-1,-1
4918,-1,-1,-1,-1,-1,-1,-1,-1
4919,-1,-1,-1,-1,-1,-1,-1,-1
4920,-1,-1,-1,-1,-1,-1,-1,-1
4921,-1,-1,-1,-1,-1,-1,-1,-1
4922,-1,-1,-1,-1,-1,-1,-1,-1
4923,-1,-1,-1,-1,-1,-1,-1,-1
4924,-1,-1,-1,-1,-1,-1,-1,-1
4925,-1,-1,-1,-1,-1,-1,-1,-1
4926,-1,-1,-1,-1,-1,-1,-1,-1
4927,-1,-1,-1,-1,-1,-1,-1,-1
4928,-1,-1,-1,-1,-1,-1,-1,-1
4929,-1,-1,-1,-1,-1,-1,-1,-1
4930,-1,-1,-1,-1,-1,-1,-1,-1
4931,10004719,10005007,10005295,10005583,10005871,10006159,10006447,10006735
4932,10004718,10005006,10005294,10005582,10005870,10006158,10006446,10006734
4933,10004717,10005005,10005293,10005581,10005869,10006157,10006445,10006733
4934,10004716,10005004,10005292,10005580,10005868,10006156,10006444,10006732
4935,10004715,10005003,10005291,10005579,10005867,10006155,10006443,10006731
4936,10004714,10005002,10005290,10005578,10005866,10006154,10006442,10006730
4937,10004713,10005001,10005289,10005577,10005865,10006153,10006441,10006729
4938,10004712,10005000,10005288,10005576,10005864,10006152,10006440,10006728
4939,-1,-1,-1,-1,-1,-1,-1,-1
4940,-1,-1,-1,-1,-1,-1,-1,-1
4941,-1,-1,-1,-1,-1,-1,-1,-1
4942,-1,-1,-1,-1,-1,-1,-1,-1
4943,-1,-1,-1,-1,-1,-1,-1,-1
4944,-1,-1,-1,-1,-1,-1,-1,-1
4945,-1,-1,-1,-1,-1,-1,-1,-1
4946,-1,-1,-1,-1,-1,-1,-1,-1
4947,-1,-1,-1,-1,-1,-1,-1,-1
4948,-1,-1,-1,-1,-1,-1,-1,-1
4949,-1,-1,-1,-1,-1,-1,-1,-1
4950,-1,-1,-1,-1,-1,-1,-1,-1
4951,-1,-1,-1,-1,-1,-1,-1,-1
4952,-1,-1,-1,-1,-1,-1,-1,-1
4953,-1,-1,-1,-1,-1,-1,-1,-1
4954,-1,-1,-1,-1,-1,-1,-1,-1
4955,-1,-1,-1,-1,-1,-1,-1,-1
4956,-1,-1,-1,-1,-1,-1,-1,-1
4957,-1,-1,-1,-1,-1,-1,-1,-1
4958,-1,-1,-1,-1,-1,-1,-1,-1
4959,-1,-1,-1,-1,-1,-1,-1,-1
4960,-1,-1,-1,-1,-1,-1,-1,-1
4961,-1,-1,-1,-1,-1,-1,-1,-1
4962,-1,-1,-1,-1,-1,-1,-1,-1
4963,-1,-1,-1,-1,-1,-1,-1,-1
4964,-1,-1,-1,-1,-1,-1,-1,-1
4965,-1,-1,-1,-1,-1,-1,-1,-1
4966,-1,-1,-1,-1,-1,-1,-1,-1
4967,-1,-1,-1,-1,-1,-1,-1,-1
4968,-1,-1,-1,-1,-1,-1,-1,-1
4969,-1,-1,-1,-1,-1,-1,-1,-1
4970,-1,-1,-1,-1,-1,-1,-1,-1
4971,-1,-1,-1,-1,-1,-1,-1,-1
4972,-1,-1,-1,-1,-1,-1,-1,-1
4973,-1,-1,-1,-1,-1,-1,-1,-1
4974,-1,-1,-1,-1,-1,-1,-1,-1
4975,-1,-1,-1,-1,-1,-1,-1,-1
4976,-1,-1,-1,-1,-1,-1,-1,-1
4977,-1,-1,-1,-1,-1,-1,-1,-1
4978,-1,-1,-1,-1,-1,-1,-1,-1
4979,-1,-1,-1,-1,-1,-1,-1,-1
4980,-1,-1,-1,-1,-1,-1,-1,-1
4981,-1,-1,-1,-1,-1,-1,-1,-1
4982,-1,-1,-1,-1,-1,-1,-1,-1
4983,-1,-1,-1,-1,-1,-1,-1,-1
4984,-1,-1,-1,-1,-1,-1,-1,-1
4985,-1,-1,-1,-1,-1,-1,-1,-1
4986,-1,-1,-1,-1,-1,-1,-1,-1
4987,-1,-1,-1,-1,-1,-1,-1,-1
4988,-1,-1,-1,-1,-1,-1,-1,-1
4989,10004727,10005015,10005303,10005591,10005879,10006167,10006455,10006743
4990,10004726,10005014,10005302,10005590,10005878,10006166,10006454,10006742
4991,10004725,10005013,10005301,10005589,10005877,10006165,10006453,10006741
4992,10004724,10005012,10005300,10005588,10005876,10006164,10006452,10006740
4993,10004723,10005011,10005299,10005587,10005875,10006163,10006451,10006739
4994,10004722,10005010,10005298,10005586,10005874,10006162,10006450,10006738
4995,10004721,10005009,10005297,10005585,10005873,10006161,10006449,10006737
4996,10004720,10005008,10005296,10005584,10005872,10006160,10006448,10006736
4997,-1,-1,-1,-1,-1,-1,-1,-1
4998,-1,-1,-1,-1,-1,-1,-1,-1
4999,-1,-1,-1,-1,-1,-1,-1,-1
5000,-1,-1,-1,-1,-1,-1,-1,-1
5001,-1,-1,-1,-1,-1,-1,-1,-1
5002,-1,-1,-1,-1,-1,-1,-1,-1
5003,-1,-1,-1,-1,-1,-1,-1,-1
5004,-1,-1,-1,-1,-1,-1,-1,-1
5005,-1,-1,-1,-1,-1,-1,-1,-1
5006,-1,-1,-1,-1,-1,-1,-1,-1
5007,-1,-1,-1,-1,-1,-1,-1,-1
5008,-1,-1,-1,-1,-1,-1,-1,-1
5009,-1,-1,-1,-1,-1,-1,-1,-1
5010,-1,-1,-1,-1,-1,-1,-1,-1
5011,-1,-1,-1,-1,-1,-1,-1,-1
5012,-1,-1,-1,-1,-1,-1,-1,-1
5013,-1,-1,-1,-1,-1,-1,-1,-1
5014,-1,-1,-1,-1,-1,-1,-1,-1
5015,-1,-1,-1,-1,-1,-1,-1,-1
5016,-1,-1,-1,-1,-1,-1,-1,-1
5017,-1,-1,-1,-1,-1,-1,-1,-1
5018,-1,-1,-1,-1,-1,-1,-1,-1
5019,-1,-1,-1,-1,-1,-1,-1,-1
5020,-1,-1,-1,-1,-1,-1,-1,-1
5021,-1,-1,-1,-1,-1,-1,-1,-1
5022,-1,-1,-1,-1,-1,-1,-1,-1
5023,-1,-1,-1,-1,-1,-1,-1,-1
5024,-1,-1,-1,-1,-1,-1,-1,-1
5025,-1,-1,-1,-1,-1,-1,-1,-1
5026,-1,-1,-1,-1,-1,-1,-1,-1
5027,-1,-1,-1,-1,-1,-1,-1,-1
5028,-1,-1,-1,-1,-1,-1,-1,-1
5029,-1,-1,-1,-1,-1,-1,-1,-1
5030,-1,-1,-1,-1,-1,-1,-1,-1
5031,-1,-1,-1,-1,-1,-1,-1,-1
5032,-1,-1,-1,-1,-1,-1,-1,-1
5033,-1,-1,-1,-1,-1,-1,-1,-1
5034,-1,-1,-1,-1,-1,-1,-1,-1
5035,-1,-1,-1,-1,-1,-1,-1,-1
5036,-1,-1,-1,-1,-1,-1,-1,-1
5037,-1,-1,-1,-1,-1,-1,-1,-1
5038,-1,-1,-1,-1,-1,-1,-1,-1
5039,-1,-1,-1,-1,-1,-1,-1,-1
5040,-1,-1,-1,-1,-1,-1,-1,-1
5041,-1,-1,-1,-1,-1,-1,-1,-1
5042,-1,-1,-1,-1,-1,-1,-1,-1
5043,-1,-1,-1,-1,-1,-1,-1,-1
5044,-1,-1,-1,-1,-1,-1,-1,-1
5045,-1,-1,-1,-1,-1,-1,-1,-1
5046,-1,-1,-1,-1,-1,-1,-1,-1
5047,10004735,10005023,10005311,10005599,10005887,10006175,10006463,10006751
5048,10004734,10005022,10005310,10005598,10005886,10006174,10006462,10006750
5049,10004733,10005021,10005309,10005597,10005885,10006173,10006461,10006749
5050,10004732,10005020,10005308,10005596,10005884,10006172,10006460,10006748
5051,10004731,10005019,10005307,10005595,10005883,10006171,10006459,10006747
5052,10004730,10005018,10005306,10005594,10005882,10006170,10006458,10006746
5053,10004729,10005017,10005305,10005593,10005881,10006169,10006457,10006745
5054,10004728,10005016,10005304,10005592,10005880,10006168,10006456,10006744
5055,-1,-1,-1,-1,-1,-1,-1,-1
5056,-1,-1,-1,-1,-1,-1,-1,-1
5057,-1,-1,-1,-1,-1,-1,-1,-1
5058,-1,-1,-1,-1,-1,-1,-1,-1
5059,-1,-1,-1,-1,-1,-1,-1,-1
5060,-1,-1,-1,-1,-1,-1,-1,-1
5061,-1,-1,-1,-1,-1,-1,-1,-1
5062,-1,-1,-1,-1,-1,-1,-1,-1
5063,-1,-1,-1,-1,-1,-1,-1,-1
5064,-1,-1,-1,-1,-1,-1,-1,-1
5065,-1,-1,-1,-1,-1,-1,-1,-1
5066,-1,-1,-1,-1,-1,-1,-1,-1
5067,-1,-1,-1,-1,-1,-1,-1,-1
5068,-1,-1,-1,-1,-1,-1,-1,-1
5069,-1,-1,-1,-1,-1,-1,-1,-1
5070,-1,-1,-1,-1,-1,-1,-1,-1
5071,-1,-1,-1,-1,-1,-1,-1,-1
5072,-1,-1,-1,-1,-1,-1,-1,-1
5073,-1,-1,-1,-1,-1,-1,-1,-1
5074,-1,-1,-1,-1,-1,-1,-1,-1
5075,-1,-1,-1,-1,-1,-1,-1,-1
5076,-1,-1,-1,-1,-1,-1,-1,-1
5077,-1,-1,-1,-1,-1,-1,-1,-1
5078,-1,-1,-1,-1,-1,-1,-1,-1
5079,-1,-1,-1,-1,-1,-1,-1,-1
5080,-1,-1,-1,-1,-1,-1,-1,-1
5081,-1,-1,-1,-1,-1,-1,-1,-1
5082,-1,-1,-1,-1,-1,-1,-1,-1
5083,-1,-1,-1,-1,-1,-1,-1,-1
5084,-1,-1,-1,-1,-1,-1,-1,-1
5085,-1,-1,-1,-1,-1,-1,-1,-1
5086,-1,-1,-1,-1,-1,-1,-1,-1
5087,-1,-1,-1,-1,-1,-1,-1,-1
5088,-1,-1,-1,-1,-1,-1,-1,-1
5089,-1,-1,-1,-1,-1,-1,-1,-1
5090,-1,-1,-1,-1,-1,-1,-1,-1
5091,-1,-1,-1,-1,-1,-1,-1,-1
5092,-1,-1,-1,-1,-1,-1,-1,-1
5093,-1,-1,-1,-1,-1,-1,-1,-1
5094,-1,-1,-1,-1,-1,-1,-1,-1
5095,-1,-1,-1,-1,-1,-1,-1,-1
5096,-1,-1,-1,-1,-1,-1,-1,-1
5097,-1,-1,-1,-1,-1,-1,-1,-1
5098,-1,-1,-1,-1,-1,-1,-1,-1
5099,-1,-1,-1,-1,-1,-1,-1,-1
5100,-1,-1,-1,-1,-1,-1,-1,-1
5101,-1,-1,-1,-1,-1,-1,-1,-1
5102,-1,-1,-1,-1,-1,-1,-1,-1
5103,-1,-1,-1,-1,-1,-1,-1,-1
5104,-1,-1,-1,-1,-1,-1,-1,-1
5105,10004743,10005031,10005319,10005607,10005895,10006183,10006471,10006759
5106,10004742,10005030,10005318,10005606,10005894,10006182,10006470,10006758
5107,10004741,10005029,10005317,10005605,10005893,10006181,10006469,10006757
5108,10004740,10005028,10005316,10005604,10005892,10006180,10006468,10006756
5109,10004739,10005027,10005315,10005603,10005891,10006179,10006467,10006755
5110,10004738,10005026,10005314,10005602,10005890,10006178,10006466,10006754
5111,10004737,10005025,10005313,10005601,10005889,10006177,10006465,10006753
5112,10004736,10005024,10005312,10005600,10005888,10006176,10006464,10006752
5113,-1,-1,-1,-1,-1,-1,-1,-1
5114,-1,-1,-1,-1,-1,-1,-1,-1
5115,-1,-1,-1,-1,-1,-1,-1,-1
5116,-1,-1,-1,-1,-1,-1,-1,-1
5117,-1,-1,-1,-1,-1,-1,-1,-1
5118,-1,-1,-1,-1,-1,-1,-1,-1
5119,-1,-1,-1,-1,-1,-1,-1,-1
5120,-1,-1,-1,-1,-1,-1,-1,-1
5121,-1,-1,-1,-1,-1,-1,-1,-1
5122,-1,-1,-1,-1,-1,-1,-1,-1
5123,-1,-1,-1,-1,-1,-1,-1,-1
5124,-1,-1,-1,-1,-1,-1,-1,-1
5125,-1,-1,-1,-1,-1,-1,-1,-1
5126,-1,-1,-1,-1,-1,-1,-1,-1
5127,-1,-1,-1,-1,-1,-1,-1,-1
5128,-1,-1,-1,-1,-1,-1,-1,-1
5129,-1,-1,-1,-1,-1,-1,-1,-1
5130,-1,-1,-1,-1,-1,-1,-1,-1
5131,-1,-1,-1,-1,-1,-1,-1,-1
5132,-1,-1,-1,-1,-1,-1,-1,-1
5133,-1,-1,-1,-1,-1,-1,-1,-1
5134,-1,-1,-1,-1,-1,-1,-1,-1
5135,-1,-1,-1,-1,-1,-1,-1,-1
5136,-1,-1,-1,-1,-1,-1,-1,-1
5137,-1,-1,-1,-1,-1,-1,-1,-1
5138,-1,-1,-1,-1,-1,-1,-1,-1
5139,-1,-1,-1,-1,-1,-1,-1,-1
5140,-1,-1,-1,-1,-1,-1,-1,-1
5141,-1,-1,-1,-1,-1,-1,-1,-1
5142,-1,-1,-1,-1,-1,-1,-1,-1
5143,-1,-1,-1,-1,-1,-1,-1,-1
5144,-1,-1,-1,-1,-1,-1,-1,-1
5145,-1,-1,-1,-1,-1,-1,-1,-1
5146,-1,-1,-1,-1,-1,-1,-1,-1
5147,-1,-1,-1,-1,-1,-1,-1,-1
5148,-1,-1,-1,-1,-1,-1,-1,-1
5149,-1,-1,-1,-1,-1,-1,-1,-1
5150,-1,-1,-1,-1,-1,-1,-1,-1
5151,-1,-1,-1,-1,-1,-1,-1,-1
5152,-1,-1,-1,-1,-1,-1,-1,-1
5153,-1,-1,-1,-1,-1,-1,-1,-1
5154,-1,-1,-1,-1,-1,-1,-1,-1
5155,-1,-1,-1,-1,-1,-1,-1,-1
5156,-1,-1,-1,-1,-1,-1,-1,-1
5157,-1,-1,-1,-1,-1,-1,-1,-1
5158,-1,-1,-1,-1,-1,-1,-1,-1
5159,-1,-1,-1,-1,-1,-1,-1,-1
5160,-1,-1,-1,-1,-1,-1,-1,-1
5161,-1,-1,-1,-1,-1,-1,-1,-1
5162,-1,-1,-1,-1,-1,-1,-1,-1
5163,10004751,10005039,10005327,10005615,10005903,10006191,10006479,10006767
5164,10004750,10005038,10005326,10005614,10005902,10006190,10006478,10006766
5165,10004749,10005037,10005325,10005613,10005901,10006189,10006477,10006765
5166,10004748,10005036,10005324,10005612,10005900,10006188,10006476,10006764
5167,10004747,10005035,10005323,10005611,10005899,10006187,10006475,10006763
5168,10004746,10005034,10005322,10005610,10005898,10006186,10006474,10006762
5169,10004745,10005033,10005321,10005609,10005897,10006185,10006473,10006761
5170,10004744,10005032,10005320,10005608,10005896,10006184,10006472,10006760
5171,-1,-1,-1,-1,-1,-1,-1,-1
5172,-1,-1,-1,-1,-1,-1,-1,-1
5173,-1,-1,-1,-1,-1,-1,-1,-1
5174,-1,-1,-1,-1,-1,-1,-1,-1
5175,-1,-1,-1,-1,-1,-1,-1,-1
5176,-1,-1,-1,-1,-1,-1,-1,-1
5177,-1,-1,-1,-1,-1,-1,-1,-1
5178,-1,-1,-1,-1,-1,-1,-1,-1
5179,-1,-1,-1,-1,-1,-1,-1,-1
5180,-1,-1,-1,-1,-1,-1,-1,-1
5181,-1,-1,-1,-1,-1,-1,-1,-1
5182,-1,-1,-1,-1,-1,-1,-1,-1
5183,-1,-1,-1,-1,-1,-1,-1,-1
5184,-1,-1,-1,-1,-1,-1,-1,-1
5185,-1,-1,-1,-1,-1,-1,-1,-1
5186,-1,-1,-1,-1,-1,-1,-1,-1
5187,-1,-1,-1,-1,-1,-1,-1,-1
5188,-1,-1,-1,-1,-1,-1,-1,-1
5189,-1,-1,-1,-1,-1,-1,-1,-1
5190,-1,-1,-1,-1,-1,-1,-1,-1
5191,-1,-1,-1,-1,-1,-1,-1,-1
5192,-1,-1,-1,-1,-1,-1,-1,-1
5193,-1,-1,-1,-1,-1,-1,-1,-1
5194,-1,-1,-1,-1,-1,-1,-1,-1
5195,-1,-1,-1,-1,-1,-1,-1,-1
5196,-1,-1,-1,-1,-1,-1,-1,-1
5197,-1,-1,-1,-1,-1,-1,-1,-1
5198,-1,-1,-1,-1,-1,-1,-1,-1
5199,-1,-1,-1,-1,-1,-1,-1,-1
5200,-1,-1,-1,-1,-1,-1,-1,-1
5201,-1,-1,-1,-1,-1,-1,-1,-1
5202,-1,-1,-1,-1,-1,-1,-1,-1
5203,-1,-1,-1,-1,-1,-1,-1,-1
5204,-1,-1,-1,-1,-1,-1,-1,-1
5205,-1,-1,-1,-1,-1,-1,-1,-1
5206,-1,-1,-1,-1,-1,-1,-1,-1
5207,-1,-1,-1,-1,-1,-1,-1,-1
5208,-1,-1,-1,-1,-1,-1,-1,-1
5209,-1,-1,-1,-1,-1,-1,-1,-1
5210,-1,-1,-1,-1,-1,-1,-1,-1
5211,-1,-1,-1,-1,-1,-1,-1,-1
5212,-1,-1,-1,-1,-1,-1,-1,-1
5213,-1,-1,-1,-1,-1,-1,-1,-1
5214,-1,-1,-1,-1,-1,-1,-1,-1
5215,-1,-1,-1,-1,-1,-1,-1,-1
5216,-1,-1,-1,-1,-1,-1,-1,-1
5217,-1,-1,-1,-1,-1,-1,-1,-1
5218,-1,-1,-1,-1,-1,-1,-1,-1
5219,-1,-1,-1,-1,-1,-1,-1,-1
5220,-1,-1,-1,-1,-1,-1,-1,-1
5221,10004759,10005047,10005335,10005623,10005911,10006199,10006487,10006775
5222,10004758,10005046,10005334,10005622,10005910,10006198,10006486,10006774
5223,10004757,10005045,10005333,10005621,10005909,10006197,10006485,10006773
5224,10004756,10005044,10005332,10005620,10005908,10006196,10006484,10006772
5225,10004755,10005043,10005331,10005619,10005907,10006195,10006483,10006771
5226,10004754,10005042,10005330,10005618,10005906,10006194,10006482,10006770
5227,10004753,10005041,10005329,10005617,10005905,10006193,10006481,10006769
5228,10004752,10005040,10005328,10005616,10005904,10006192,10006480,10006768
5229,-1,-1,-1,-1,-1,-1,-1,-1
5230,-1,-1,-1,-1,-1,-1,-1,-1
5231,-1,-1,-1,-1,-1,-1,-1,-1
5232,-1,-1,-1,-1,-1,-1,-1,-1
5233,-1,-1,-1,-1,-1,-1,-1,-1
5234,-1,-1,-1,-1,-1,-1,-1,-1
5235,-1,-1,-1,-1,-1,-1,-1,-1
5236,-1,-1,-1,-1,-1,-1,-1,-1
5237,-1,-1,-1,-1,-1,-1,-1,-1
5238,-1,-1,-1,-1,-1,-1,-1,-1
5239,-1,-1,-1,-1,-1,-1,-1,-1
5240,-1,-1,-1,-1,-1,-1,-1,-1
5241,-1,-1,-1,-1,-1,-1,-1,-1
5242,-1,-1,-1,-1,-1,-1,-1,-1
5243,-1,-1,-1,-1,-1,-1,-1,-1
5244,-1,-1,-1,-1,-1,-1,-1,-1
5245,-1,-1,-1,-1,-1,-1,-1,-1
5246,-1,-1,-1,-1,-1,-1,-1,-1
5247,-1,-1,-1,-1,-1,-1,-1,-1
5248,-1,-1,-1,-1,-1,-1,-1,-1
5249,-1,-1,-1,-1,-1,-1,-1,-1
5250,-1,-1,-1,-1,-1,-1,-1,-1
5251,-1,-1,-1,-1,-1,-1,-1,-1
5252,-1,-1,-1,-1,-1,-1,-1,-1
5253,-1,-1,-1,-1,-1,-1,-1,-1
5254,-1,-1,-1,-1,-1,-1,-1,-1
5255,-1,-1,-1,-1,-1,-1,-1,-1
5256,-1,-1,-1,-1,-1,-1,-1,-1
5257,-1,-1,-1,-1,-1,-1,-1,-1
5258,-1,-1,-1,-1,-1,-1,-1,-1
5259,-1,-1,-1,-1,-1,-1,-1,-1
5260,-1,-1,-1,-1,-1,-1,-1,-1
5261,-1,-1,-1,-1,-1,-1,-1,-1
5262,-1,-1,-1,-1,-1,-1,-1,-1
5263,-1,-1,-1,-1,-1,-1,-1,-1
5264,-1,-1,-1,-1,-1,-1,-1,-1
5265,-1,-1,-1,-1,-1,-1,-1,-1
5266,-1,-1,-1,-1,-1,-1,-1,-1
5267,-1,-1,-1,-1,-1,-1,-1,-1
5268,-1,-1,-1,-1,-1,-1,-1,-1
5269,-1,-1,-1,-1,-1,-1,-1,-1
5270,-1,-1,-1,-1,-1,-1,-1,-1
5271,-1,-1,-1,-1,-1,-1,-1,-1
5272,-1,-1,-1,-1,-1,-1,-1,-1
5273,-1,-1,-1,-1,-1,-1,-1,-1
5274,-1,-1,-1,-1,-1,-1,-1,-1
5275,-1,-1,-1,-1,-1,-1,-1,-1
5276,-1,-1,-1,-1,-1,-1,-1,-1
5277,-1,-1,-1,-1,-1,-1,-1,-1
5278,-1,-1,-1,-1,-1,-1,-1,-1
5279,10004767,10005055,10005343,10005631,10005919,10006207,10006495,10006783
5280,10004766,10005054,10005342,10005630,10005918,10006206,10006494,10006782
5281,10004765,10005053,10005341,10005629,10005917,10006205,10006493,10006781
5282,10004764,10005052,10005340,10005628,10005916,10006204,10006492,10006780
5283,10004763,10005051,10005339,10005627,10005915,10006203,10006491,10006779
5284,10004762,10005050,10005338,10005626,10005914,10006202,10006490,10006778
5285,10004761,10005049,10005337,10005625,10005913,10006201,10006489,10006777
5286,10004760,10005048,10005336,10005624,10005912,10006200,10006488,10006776
5287,-1,-1,-1,-1,-1,-1,-1,-1
5288,-1,-1,-1,-1,-1,-1,-1,-1
5289,-1,-1,-1,-1,-1,-1,-1,-1
5290,-1,-1,-1,-1,-1,-1,-1,-1
5291,-1,-1,-1,-1,-1,-1,-1,-1
5292,-1,-1,-1,-1,-1,-1,-1,-1
5293,-1,-1,-1,-1,-1,-1,-1,-1
5294,-1,-1,-1,-1,-1,-1,-1,-1
5295,-1,-1,-1,-1,-1,-1,-1,-1
5296,-1,-1,-1,-1,-1,-1,-1,-1
5297,-1,-1,-1,-1,-1,-1,-1,-1
5298,-1,-1,-1,-1,-1,-1,-1,-1
5299,-1,-1,-1,-1,-1,-1,-1,-1
5300,-1,-1,-1,-1,-1,-1,-1,-1
5301,-1,-1,-1,-1,-1,-1,-1,-1
5302,-1,-1,-1,-1,-1,-1,-1,-1
5303,-1,-1,-1,-1,-1,-1,-1,-1
5304,-1,-1,-1,-1,-1,-1,-1,-1
5305,-1,-1,-1,-1,-1,-1,-1,-1
5306,-1,-1,-1,-1,-1,-1,-1,-1
5307,-1,-1,-1,-1,-1,-1,-1,-1
5308,-1,-1,-1,-1,-1,-1,-1,-1
5309,-1,-1,-1,-1,-1,-1,-1,-1
5310,-1,-1,-1,-1,-1,-1,-1,-1
5311,-1,-1,-1,-1,-1,-1,-1,-1
5312,-1,-1,-1,-1,-1,-1,-1,-1
5313,-1,-1,-1,-1,-1,-1,-1,-1
5314,-1,-1,-1,-1,-1,-1,-1,-1
5315,-1,-1,-1,-1,-1,-1,-1,-1
5316,-1,-1,-1,-1,-1,-1,-1,-1
5317,-1,-1,-1,-1,-1,-1,-1,-1
5318,-1,-1,-1,-1,-1,-1,-1,-1
5319,-1,-1,-1,-1,-1,-1,-1,-1
5320,-1,-1,-1,-1,-1,-1,-1,-1
5321,-1,-1,-1,-1,-1,-1,-1,-1
5322,-1,-1,-1,-1,-1,-1,-1,-1
5323,-1,-1,-1,-1,-1,-1,-1,-1
5324,-1,-1,-1,-1,-1,-1,-1,-1
5325,-1,-1,-1,-1,-1,-1,-1,-1
5326,-1,-1,-1,-1,-1,-1,-1,-1
5327,-1,-1,-1,-1,-1,-1,-1,-1
5328,-1,-1,-1,-1,-1,-1,-1,-1
5329,-1,-1,-1,-1,-1,-1,-1,-1
5330,-1,-1,-1,-1,-1,-1,-1,-1
5331,-1,-1,-1,-1,-1,-1,-1,-1
5332,-1,-1,-1,-1,-1,-1,-1,-1
5333,-1,-1,-1,-1,-1,-1,-1,-1
5334,-1,-1,-1,-1,-1,-1,-1,-1
5335,-1,-1,-1,-1,-1,-1,-1,-1
5336,-1,-1,-1,-1,-1,-1,-1,-1
5337,10004775,10005063,10005351,10005639,10005927,10006215,10006503,10006791
5338,10004774,10005062,10005350,10005638,10005926,10006214,10006502,10006790
5339,10004773,10005061,10005349,10005637,10005925,10006213,10006501,10006789
5340,10004772,10005060,10005348,10005636,10005924,10006212,10006500,10006788
5341,10004771,10005059,10005347,10005635,10005923,10006211,10006499,10006787
5342,10004770,10005058,10005346,10005634,10005922,10006210,10006498,10006786
5343,10004769,10005057,10005345,10005633,10005921,10006209,10006497,10006785
5344,10004768,10005056,10005344,10005632,10005920,10006208,10006496,10006784
5345,-1,-1,-1,-1,-1,-1,-1,-1
5346,-1,-1,-1,-1,-1,-1,-1,-1
5347,-1,-1,-1,-1,-1,-1,-1,-1
5348,-1,-1,-1,-1,-1,-1,-1,-1
5349,-1,-1,-1,-1,-1,-1,-1,-1
5350,-1,-1,-1,-1,-1,-1,-1,-1
5351,-1,-1,-1,-1,-1,-1,-1,-1
5352,-1,-1,-1,-1,-1,-1,-1,-1
5353,-1,-1,-1,-1,-1,-1,-1,-1
5354,-1,-1,-1,-1,-1,-1,-1,-1
5355,-1,-1,-1,-1,-1,-1,-1,-1
5356,-1,-1,-1,-1,-1,-1,-1,-1
5357,-1,-1,-1,-1,-1,-1,-1,-1
5358,-1,-1,-1,-1,-1,-1,-1,-1
5359,-1,-1,-1,-1,-1,-1,-1,-1
5360,-1,-1,-1,-1,-1,-1,-1,-1
5361,-1,-1,-1,-1,-1,-1,-1,-1
5362,-1,-1,-1,-1,-1,-1,-1,-1
5363,-1,-1,-1,-1,-1,-1,-1,-1
5364,-1,-1,-1,-1,-1,-1,-1,-1
5365,-1,-1,-1,-1,-1,-1,-1,-1
5366,-1,-1,-1,-1,-1,-1,-1,-1
5367,-1,-1,-1,-1,-1,-1,-1,-1
5368,-1,-1,-1,-1,-1,-1,-1,-1
5369,-1,-1,-1,-1,-1,-1,-1,-1
5370,-1,-1,-1,-1,-1,-1,-1,-1
5371,-1,-1,-1,-1,-1,-1,-1,-1
5372,-1,-1,-1,-1,-1,-1,-1,-1
5373,-1,-1,-1,-1,-1,-1,-1,-1
5374,-1,-1,-1,-1,-1,-1,-1,-1
5375,-1,-1,-1,-1,-1,-1,-1,-1
5376,-1,-1,-1,-1,-1,-1,-1,-1
5377,-1,-1,-1,-1,-1,-1,-1,-1
5378,-1,-1,-1,-1,-1,-1,-1,-1
5379,-1,-1,-1,-1,-1,-1,-1,-1
5380,-1,-1,-1,-1,-1,-1,-1,-1
5381,-1,-1,-1,-1,-1,-1,-1,-1
5382,-1,-1,-1,-1,-1,-1,-1,-1
5383,-1,-1,-1,-1,-1,-1,-1,-1
5384,-1,-1,-1,-1,-1,-1,-1,-1
5385,-1,-1,-1,-1,-1,-1,-1,-1
5386,-1,-1,-1,-1,-1,-1,-1,-1
5387,-1,-1,-1,-1,-1,-1,-1,-1
5388,-1,-1,-1,-1,-1,-1,-1,-1
5389,-1,-1,-1,-1,-1,-1,-1,-1
5390,-1,-1,-1,-1,-1,-1,-1,-1
5391,-1,-1,-1,-1,-1,-1,-1,-1
5392,-1,-1,-1,-1,-1,-1,-1,-1
5393,-1,-1,-1,-1,-1,-1,-1,-1
5394,-1,-1,-1,-1,-1,-1,-1,-1
5395,10004783,10005071,10005359,10005647,10005935,10006223,10006511,10006799
5396,10004782,10005070,10005358,10005646,10005934,10006222,10006510,10006798
5397,10004781,10005069,10005357,10005645,10005933,10006221,10006509,10006797
5398,10004780,10005068,10005356,10005644,10005932,10006220,10006508,10006796
5399,10004779,10005067,10005355,10005643,10005931,10006219,10006507,10006795
5400,10004778,10005066,10005354,10005642,10005930,10006218,10006506,10006794
5401,10004777,10005065,10005353,10005641,10005929,10006217,10006505,10006793
5402,10004776,10005064,10005352,10005640,10005928,10006216,10006504,10006792
5403,-1,-1,-1,-1,-1,-1,-1,-1
5404,-1,-1,-1,-1,-1,-1,-1,-1
5405,-1,-1,-1,-1,-1,-1,-1,-1
5406,-1,-1,-1,-1,-1,-1,-1,-1
5407,-1,-1,-1,-1,-1,-1,-1,-1
5408,-1,-1,-1,-1,-1,-1,-1,-1
5409,-1,-1,-1,-1,-1,-1,-1,-1
5410,-1,-1,-1,-1,-1,-1,-1,-1
5411,-1,-1,-1,-1,-1,-1,-1,-1
5412,-1,-1,-1,-1,-1,-1,-1,-1
5413,-1,-1,-1,-1,-1,-1,-1,-1
5414,-1,-1,-1,-1,-1,-1,-1,-1
5415,-1,-1,-1,-1,-1,-1,-1,-1
5416,-1,-1,-1,-1,-1,-1,-1,-1
5417,-1,-1,-1,-1,-1,-1,-1,-1
5418,-1,-1,-1,-1,-1,-1,-1,-1
5419,-1,-1,-1,-1,-1,-1,-1,-1
5420,-1,-1,-1,-1,-1,-1,-1,-1
5421,-1,-1,-1,-1,-1,-1,-1,-1
5422,-1,-1,-1,-1,-1,-1,-1,-1
5423,-1,-1,-1,-1,-1,-1,-1,-1
5424,-1,-1,-1,-1,-1,-1,-1,-1
5425,-1,-1,-1,-1,-1,-1,-1,-1
5426,-1,-1,-1,-1,-1,-1,-1,-1
5427,-1,-1,-1,-1,-1,-1,-1,-1
5428,-1,-1,-1,-1,-1,-1,-1,-1
5429,-1,-1,-1,-1,-1,-1,-1,-1
5430,-1,-1,-1,-1,-1,-1,-1,-1
5431,-1,-1,-1,-1,-1,-1,-1,-1
5432,-1,-1,-1,-1,-1,-1,-1,-1
5433,-1,-1,-1,-1,-1,-1,-1,-1
5434,-1,-1,-1,-1,-1,-1,-1,-1
5435,-1,-1,-1,-1,-1,-1,-1,-1
5436,-1,-1,-1,-1,-1,-1,-1,-1
5437,-1,-1,-1,-1,-1,-1,-1,-1
5438,-1,-1,-1,-1,-1,-1,-1,-1
5439,-1,-1,-1,-1,-1,-1,-1,-1
5440,-1,-1,-1,-1,-1,-1,-1,-1
5441,-1,-1,-1,-1,-1,-1,-1,-1
5442,-1,-1,-1,-1,-1,-1,-1,-1
5443,-1,-1,-1,-1,-1,-1,-1,-1
5444,-1,-1,-1,-1,-1,-1,-1,-1
5445,-1,-1,-1,-1,-1,-1,-1,-1
5446,-1,-1,-1,-1,-1,-1,-1,-1
5447,-1,-1,-1,-1,-1,-1,-1,-1
5448,-1,-1,-1,-1,-1,-1,-1,-1
5449,-1,-1,-1,-1,-1,-1,-1,-1
5450,-1,-1,-1,-1,-1,-1,-1,-1
5451,-1,-1,-1,-1,-1,-1,-1,-1
5452,-1,-1,-1,-1,-1,-1,-1,-1
5453,10004791,10005079,10005367,10005655,10005943,10006231,10006519,10006807
5454,10004790,10005078,10005366,10005654,10005942,10006230,10006518,10006806
5455,10004789,10005077,10005365,10005653,10005941,10006229,10006517,10006805
5456,10004788,10005076,10005364,10005652,10005940,10006228,10006516,10006804
5457,10004787,10005075,10005363,10005651,10005939,10006227,10006515,10006803
5458,10004786,10005074,10005362,10005650,10005938,10006226,10006514,10006802
5459,10004785,10005073,10005361,10005649,10005937,10006225,10006513,10006801
5460,10004784,10005072,10005360,10005648,10005936,10006224,10006512,10006800
5461,-1,-1,-1,-1,-1,-1,-1,-1
5462,-1,-1,-1,-1,-1,-1,-1,-1
5463,-1,-1,-1,-1,-1,-1,-1,-1
5464,-1,-1,-1,-1,-1,-1,-1,-1
5465,-1,-1,-1,-1,-1,-1,-1,-1
5466,-1,-1,-1,-1,-1,-1,-1,-1
5467,-1,-1,-1,-1,-1,-1,-1,-1
5468,-1,-1,-1,-1,-1,-1,-1,-1
5469,-1,-1,-1,-1,-1,-1,-1,-1
5470,-1,-1,-1,-1,-1,-1,-1,-1
5471,-1,-1,-1,-1,-1,-1,-1,-1
5472,-1,-1,-1,-1,-1,-1,-1,-1
5473,-1,-1,-1,-1,-1,-1,-1,-1
5474,-1,-1,-1,-1,-1,-1,-1,-1
5475,-1,-1,-1,-1,-1,-1,-1,-1
5476,-1,-1,-1,-1,-1,-1,-1,-1
5477,-1,-1,-1,-1,-1,-1,-1,-1
5478,-1,-1,-1,-1,-1,-1,-1,-1
5479,-1,-1,-1,-1,-1,-1,-1,-1
5480,-1,-1,-1,-1,-1,-1,-1,-1
5481,-1,-1,-1,-1,-1,-1,-1,-1
5482,-1,-1,-1,-1,-1,-1,-1,-1
5483,-1,-1,-1,-1,-1,-1,-1,-1
5484,-1,-1,-1,-1,-1,-1,-1,-1
5485,-1,-1,-1,-1,-1,-1,-1,-1
5486,-1,-1,-1,-1,-1,-1,-1,-1
5487,-1,-1,-1,-1,-1,-1,-1,-1
5488,-1,-1,-1,-1,-1,-1,-1,-1
5489,-1,-1,-1,-1,-1,-1,-1,-1
5490,-1,-1,-1,-1,-1,-1,-1,-1
5491,-1,-1,-1,-1,-1,-1,-1,-1
5492,-1,-1,-1,-1,-1,-1,-1,-1
5493,-1,-1,-1,-1,-1,-1,-1,-1
5494,-1,-1,-1,-1,-1,-1,-1,-1
5495,-1,-1,-1,-1,-1,-1,-1,-1
5496,-1,-1,-1,-1,-1,-1,-1,-1
5497,-1,-1,-1,-1,-1,-1,-1,-1
5498,-1,-1,-1,-1,-1,-1,-1,-1
5499,-1,-1,-1,-1,-1,-1,-1,-1
5500,-1,-1,-1,-1,-1,-1,-1,-1
5501,-1,-1,-1,-1,-1,-1,-1,-1
5502,-1,-1,-1,-1,-1,-1,-1,-1
5503,-1,-1,-1,-1,-1,-1,-1,-1
5504,-1,-1,-1,-1,-1,-1,-1,-1
5505,-1,-1,-1,-1,-1,-1,-1,-1
5506,-1,-1,-1,-1,-1,-1,-1,-1
5507,-1,-1,-1,-1,-1,-1,-1,-1
5508,-1,-1,-1,-1,-1,-1,-1,-1
5509,-1,-1,-1,-1,-1,-1,-1,-1
5510,-1,-1,-1,-1,-1,-1,-1,-1
5511,10004799,10005087,10005375,10005663,10005951,10006239,10006527,10006815
5512,10004798,10005086,10005374,10005662,10005950,10006238,10006526,10006814
5513,10004797,10005085,10005373,10005661,10005949,10006237,10006525,10006813
5514,10004796,10005084,10005372,10005660,10005948,10006236,10006524,10006812
5515,10004795,10005083,10005371,10005659,10005947,10006235,10006523,10006811
5516,10004794,10005082,10005370,10005658,10005946,10006234,10006522,10006810
5517,10004793,10005081,10005369,10005657,10005945,10006233,10006521,10006809
5518,10004792,10005080,10005368,10005656,10005944,10006232,10006520,10006808
5519,-1,-1,-1,-1,-1,-1,-1,-1
5520,-1,-1,-1,-1,-1,-1,-1,-1
5521,-1,-1,-1,-1,-1,-1,-1,-1
5522,-1,-1,-1,-1,-1,-1,-1,-1
5523,-1,-1,-1,-1,-1,-1,-1,-1
5524,-1,-1,-1,-1,-1,-1,-1,-1
5525,-1,-1,-1,-1,-1,-1,-1,-1
5526,-1,-1,-1,-1,-1,-1,-1,-1
5527,-1,-1,-1,-1,-1,-1,-1,-1
5528,-1,-1,-1,-1,-1,-1,-1,-1
5529,-1,-1,-1,-1,-1,-1,-1,-1
5530,-1,-1,-1,-1,-1,-1,-1,-1
5531,-1,-1,-1,-1,-1,-1,-1,-1
5532,-1,-1,-1,-1,-1,-1,-1,-1
5533,-1,-1,-1,-1,-1,-1,-1,-1
5534,-1,-1,-1,-1,-1,-1,-1,-1
5535,-1,-1,-1,-1,-1,-1,-1,-1
5536,-1,-1,-1,-1,-1,-1,-1,-1
5537,-1,-1,-1,-1,-1,-1,-1,-1
5538,-1,-1,-1,-1,-1,-1,-1,-1
5539,-1,-1,-1,-1,-1,-1,-1,-1
5540,-1,-1,-1,-1,-1,-1,-1,-1
5541,-1,-1,-1,-1,-1,-1,-1,-1
5542,-1,-1,-1,-1,-1,-1,-1,-1
5543,-1,-1,-1,-1,-1,-1,-1,-1
5544,-1,-1,-1,-1,-1,-1,-1,-1
5545,-1,-1,-1,-1,-1,-1,-1,-1
5546,-1,-1,-1,-1,-1,-1,-1,-1
5547,-1,-1,-1,-1,-1,-1,-1,-1
5548,-1,-1,-1,-1,-1,-1,-1,-1
5549,-1,-1,-1,-1,-1,-1,-1,-1
5550,-1,-1,-1,-1,-1,-1,-1,-1
5551,-1,-1,-1,-1,-1,-1,-1,-1
5552,-1,-1,-1,-1,-1,-1,-1,-1
5553,-1,-1,-1,-1,-1,-1,-1,-1
5554,-1,-1,-1,-1,-1,-1,-1,-1
5555,-1,-1,-1,-1,-1,-1,-1,-1
5556,-1,-1,-1,-1,-1,-1,-1,-1
5557,-1,-1,-1,-1,-1,-1,-1,-1
5558,-1,-1,-1,-1,-1,-1,-1,-1
5559,-1,-1,-1,-1,-1,-1,-1,-1
5560,-1,-1,-1,-1,-1,-1,-1,-1
5561,-1,-1,-1,-1,-1,-1,-1,-1
5562,-1,-1,-1,-1,-1,-1,-1,-1
5563,-1,-1,-1,-1,-1,-1,-1,-1
5564,-1,-1,-1,-1,-1,-1,-1,-1
5565,-1,-1,-1,-1,-1,-1,-1,-1
5566,-1,-1,-1,-1,-1,-1,-1,-1
5567,-1,-1,-1,-1,-1,-1,-1,-1
5568,-1,-1,-1,-1,-1,-1,-1,-1
5569,10004807,10005095,10005383,10005671,10005959,10006247,10006535,10006823
5570,10004806,10005094,10005382,10005670,10005958,10006246,10006534,10006822
5571,10004805,10005093,10005381,10005669,10005957,10006245,10006533,10006821
5572,10004804,10005092,10005380,10005668,10005956,10006244,10006532,10006820
5573,10004803,10005091,10005379,10005667,10005955,10006243,10006531,10006819
5574,10004802,10005090,10005378,10005666,10005954,10006242,10006530,10006818
5575,10004801,10005089,10005377,10005665,10005953,10006241,10006529,10006817
5576,10004800,10005088,10005376,10005664,10005952,10006240,10006528,10006816
5577,-1,-1,-1,-1,-1,-1,-1,-1
5578,-1,-1,-1,-1,-1,-1,-1,-1
5579,-1,-1,-1,-1,-1,-1,-1,-1
5580,-1,-1,-1,-1,-1,-1,-1,-1
5581,-1,-1,-1,-1,-1,-1,-1,-1
5582,-1,-1,-1,-1,-1,-1,-1,-1
5583,-1,-1,-1,-1,-1,-1,-1,-1
5584,-1,-1,-1,-1,-1,-1,-1,-1
5585,-1,-1,-1,-1,-1,-1,-1,-1
5586,-1,-1,-1,-1,-1,-1,-1,-1
5587,-1,-1,-1,-1,-1,-1,-1,-1
5588,-1,-1,-1,-1,-1,-1,-1,-1
5589,-1,-1,-1,-1,-1,-1,-1,-1
5590,-1,-1,-1,-1,-1,-1,-1,-1
5591,-1,-1,-1,-1,-1,-1,-1,-1
5592,-1,-1,-1,-1,-1,-1,-1,-1
5593,-1,-1,-1,-1,-1,-1,-1,-1
5594,-1,-1,-1,-1,-1,-1,-1,-1
5595,-1,-1,-1,-1,-1,-1,-1,-1
5596,-1,-1,-1,-1,-1,-1,-1,-1
5597,-1,-1,-1,-1,-1,-1,-1,-1
5598,-1,-1,-1,-1,-1,-1,-1,-1
5599,-1,-1,-1,-1,-1,-1,-1,-1
5600,-1,-1,-1,-1,-1,-1,-1,-1
5601,-1,-1,-1,-1,-1,-1,-1,-1
5602,-1,-1,-1,-1,-1,-1,-1,-1
5603,-1,-1,-1,-1,-1,-1,-1,-1
5604,-1,-1,-1,-1,-1,-1,-1,-1
5605,-1,-1,-1,-1,-1,-1,-1,-1
5606,-1,-1,-1,-1,-1,-1,-1,-1
5607,-1,-1,-1,-1,-1,-1,-1,-1
5608,-1,-1,-1,-1,-1,-1,-1,-1
5609,-1,-1,-1,-1,-1,-1,-1,-1
5610,-1,-1,-1,-1,-1,-1,-1,-1
5611,-1,-1,-1,-1,-1,-1,-1,-1
5612,-1,-1,-1,-1,-1,-1,-1,-1
5613,-1,-1,-1,-1,-1,-1,-1,-1
5614,-1,-1,-1,-1,-1,-1,-1,-1
5615,-1,-1,-1,-1,-1,-1,-1,-1
5616,-1,-1,-1,-1,-1,-1,-1,-1
5617,-1,-1,-1,-1,-1,-1,-1,-1
5618,-1,-1,-1,-1,-1,-1,-1,-1
5619,-1,-1,-1,-1,-1,-1,-1,-1
5620,-1,-1,-1,-1,-1,-1,-1,-1
5621,-1,-1,-1,-1,-1,-1,-1,-1
5622,-1,-1,-1,-1,-1,-1,-1,-1
5623,-1,-1,-1,-1,-1,-1,-1,-1
5624,-1,-1,-1,-1,-1,-1,-1,-1
5625,-1,-1,-1,-1,-1,-1,-1,-1
5626,-1,-1,-1,-1,-1,-1,-1,-1
5627,10004815,10005103,10005391,10005679,10005967,10006255,10006543,10006831
5628,10004814,10005102,10005390,10005678,10005966,10006254,10006542,10006830
5629,10004813,10005101,10005389,10005677,10005965,10006253,10006541,10006829
5630,10004812,10005100,10005388,10005676,10005964,10006252,10006540,10006828
5631,10004811,10005099,10005387,10005675,10005963,10006251,10006539,10006827
5632,10004810,10005098,10005386,10005674,10005962,10006250,10006538,10006826
5633,10004809,10005097,10005385,10005673,10005961,10006249,10006537,10006825
5634,10004808,10005096,10005384,10005672,10005960,10006248,10006536,10006824
5635,-1,-1,-1,-1,-1,-1,-1,-1
5636,-1,-1,-1,-1,-1,-1,-1,-1
5637,-1,-1,-1,-1,-1,-1,-1,-1
5638,-1,-1,-1,-1,-1,-1,-1,-1
5639,-1,-1,-1,-1,-1,-1,-1,-1
5640,-1,-1,-1,-1,-1,-1,-1,-1
5641,-1,-1,-1,-1,-1,-1,-1,-1
5642,-1,-1,-1,-1,-1,-1,-1,-1
5643,-1,-1,-1,-1,-1,-1,-1,-1
5644,-1,-1,-1,-1,-1,-1,-1,-1
5645,-1,-1,-1,-1,-1,-1,-1,-1
5646,-1,-1,-1,-1,-1,-1,-1,-1
5647,-1,-1,-1,-1,-1,-1,-1,-1
5648,-1,-1,-1,-1,-1,-1,-1,-1
5649,-1,-1,-1,-1,-1,-1,-1,-1
5650,-1,-1,-1,-1,-1,-1,-1,-1
5651,-1,-1,-1,-1,-1,-1,-1,-1
5652,-1,-1,-1,-1,-1,-1,-1,-1
5653,-1,-1,-1,-1,-1,-1,-1,-1
5654,-1,-1,-1,-1,-1,-1,-1,-1
5655,-1,-1,-1,-1,-1,-1,-1,-1
5656,-1,-1,-1,-1,-1,-1,-1,-1
5657,-1,-1,-1,-1,-1,-1,-1,-1
5658,-1,-1,-1,-1,-1,-1,-1,-1
5659,-1,-1,-1,-1,-1,-1,-1,-1
5660,-1,-1,-1,-1,-1,-1,-1,-1
5661,-1,-1,-1,-1,-1,-1,-1,-1
5662,-1,-1,-1,-1,-1,-1,-1,-1
5663,-1,-1,-1,-1,-1,-1,-1,-1
5664,-1,-1,-1,-1,-1,-1,-1,-1
5665,-1,-1,-1,-1,-1,-1,-1,-1
5666,-1,-1,-1,-1,-1,-1,-1,-1
5667,-1,-1,-1,-1,-1,-1,-1,-1
5668,-1,-1,-1,-1,-1,-1,-1,-1
5669,-1,-1,-1,-1,-1,-1,-1,-1
5670,-1,-1,-1,-1,-1,-1,-1,-1
5671,-1,-1,-1,-1,-1,-1,-1,-1
5672,-1,-1,-1,-1,-1,-1,-1,-1
5673,-1,-1,-1,-1,-1,-1,-1,-1
5674,-1,-1,-1,-1,-1,-1,-1,-1
5675,-1,-1,-1,-1,-1,-1,-1,-1
5676,-1,-1,-1,-1,-1,-1,-1,-1
5677,-1,-1,-1,-1,-1,-1,-1,-1
5678,-1,-1,-1,-1,-1,-1,-1,-1
5679,-1,-1,-1,-1,-1,-1,-1,-1
5680,-1,-1,-1,-1,-1,-1,-1,-1
5681,-1,-1,-1,-1,-1,-1,-1,-1
5682,-1,-1,-1,-1,-1,-1,-1,-1
5683,-1,-1,-1,-1,-1,-1,-1,-1
5684,-1,-1,-1,-1,-1,-1,-1,-1
5685,10004823,10005111,10005399,10005687,10005975,10006263,10006551,10006839
5686,10004822,10005110,10005398,10005686,10005974,10006262,10006550,10006838
5687,10004821,10005109,10005397,10005685,10005973,10006261,10006549,10006837
5688,10004820,10005108,10005396,10005684,10005972,10006260,10006548,10006836
5689,10004819,10005107,10005395,10005683,10005971,10006259,10006547,10006835
5690,10004818,10005106,10005394,10005682,10005970,10006258,10006546,10006834
5691,10004817,10005105,10005393,10005681,10005969,10006257,10006545,10006833
5692,10004816,10005104,10005392,10005680,10005968,10006256,10006544,10006832
5693,-1,-1,-1,-1,-1,-1,-1,-1
5694,-1,-1,-1,-1,-1,-1,-1,-1
5695,-1,-1,-1,-1,-1,-1,-1,-1
5696,-1,-1,-1,-1,-1,-1,-1,-1
5697,-1,-1,-1,-1,-1,-1,-1,-1
5698,-1,-1,-1,-1,-1,-1,-1,-1
5699,-1,-1,-1,-1,-1,-1,-1,-1
5700,-1,-1,-1,-1,-1,-1,-1,-1
5701,-1,-1,-1,-1,-1,-1,-1,-1
5702,-1,-1,-1,-1,-1,-1,-1,-1
5703,-1,-1,-1,-1,-1,-1,-1,-1
5704,-1,-1,-1,-1,-1,-1,-1,-1
5705,-1,-1,-1,-1,-1,-1,-1,-1
5706,-1,-1,-1,-1,-1,-1,-1,-1
5707,-1,-1,-1,-1,-1,-1,-1,-1
5708,-1,-1,-1,-1,-1,-1,-1,-1
5709,-1,-1,-1,-1,-1,-1,-1,-1
5710,-1,-1,-1,-1,-1,-1,-1,-1
5711,-1,-1,-1,-1,-1,-1,-1,-1
5712,-1,-1,-1,-1,-1,-1,-1,-1
5713,-1,-1,-1,-1,-1,-1,-1,-1
5714,-1,-1,-1,-1,-1,-1,-1,-1
5715,-1,-1,-1,-1,-1,-1,-1,-1
5716,-1,-1,-1,-1,-1,-1,-1,-1
5717,-1,-1,-1,-1,-1,-1,-1,-1
5718,-1,-1,-1,-1,-1,-1,-1,-1
5719,-1,-1,-1,-1,-1,-1,-1,-1
5720,-1,-1,-1,-1,-1,-1,-1,-1
5721,-1,-1,-1,-1,-1,-1,-1,-1
5722,-1,-1,-1,-1,-1,-1,-1,-1
5723,-1,-1,-1,-1,-1,-1,-1,-1
5724,-1,-1,-1,-1,-1,-1,-1,-1
5725,-1,-1,-1,-1,-1,-1,-1,-1
5726,-1,-1,-1,-1,-1,-1,-1,-1
5727,-1,-1,-1,-1,-1,-1,-1,-1
5728,-1,-1,-1,-1,-1,-1,-1,-1
5729,-1,-1,-1,-1,-1,-1,-1,-1
5730,-1,-1,-1,-1,-1,-1,-1,-1
5731,-1,-1,-1,-1,-1,-1,-1,-1
5732,-1,-1,-1,-1,-1,-1,-1,-1
5733,-1,-1,-1,-1,-1,-1,-1,-1
5734,-1,-1,-1,-1,-1,-1,-1,-1
5735,-1,-1,-1,-1,-1,-1,-1,-1
5736,-1,-1,-1,-1,-1,-1,-1,-1
5737,-1,-1,-1,-1,-1,-1,-1,-1
5738,-1,-1,-1,-1,-1,-1,-1,-1
5739,-1,-1,-1,-1,-1,-1,-1,-1
5740,-1,-1,-1,-1,-1,-1,-1,-1
5741,-1,-1,-1,-1,-1,-1,-1,-1
5742,-1,-1,-1,-1,-1,-1,-1,-1
5743,10004831,10005119,10005407,10005695,10005983,10006271,10006559,10006847
5744,10004830,10005118,10005406,10005694,10005982,10006270,10006558,10006846
5745,10004829,10005117,10005405,10005693,10005981,10006269,10006557,10006845
5746,10004828,10005116,10005404,10005692,10005980,10006268,10006556,10006844
5747,10004827,10005115,10005403,10005691,10005979,10006267,10006555,10006843
5748,10004826,10005114,10005402,10005690,10005978,10006266,10006554,10006842
5749,10004825,10005113,10005401,10005689,10005977,10006265,10006553,10006841
5750,10004824,10005112,10005400,10005688,10005976,10006264,10006552,10006840
5751,-1,-1,-1,-1,-1,-1,-1,-1
5752,-1,-1,-1,-1,-1,-1,-1,-1
5753,-1,-1,-1,-1,-1,-1,-1,-1
5754,-1,-1,-1,-1,-1,-1,-1,-1
5755,-1,-1,-1,-1,-1,-1,-1,-1
5756,-1,-1,-1,-1,-1,-1,-1,-1
5757,-1,-1,-1,-1,-1,-1,-1,-1
5758,-1,-1,-1,-1,-1,-1,-1,-1
5759,-1,-1,-1,-1,-1,-1,-1,-1
5760,-1,-1,-1,-1,-1,-1,-1,-1
5761,-1,-1,-1,-1,-1,-1,-1,-1
5762,-1,-1,-1,-1,-1,-1,-1,-1
5763,-1,-1,-1,-1,-1,-1,-1,-1
5764,-1,-1,-1,-1,-1,-1,-1,-1
5765,-1,-1,-1,-1,-1,-1,-1,-1
5766,-1,-1,-1,-1,-1,-1,-1,-1
5767,-1,-1,-1,-1,-1,-1,-1,-1
5768,-1,-1,-1,-1,-1,-1,-1,-1
5769,-1,-1,-1,-1,-1,-1,-1,-1
5770,-1,-1,-1,-1,-1,-1,-1,-1
5771,-1,-1,-1,-1,-1,-1,-1,-1
5772,-1,-1,-1,-1,-1,-1,-1,-1
5773,-1,-1,-1,-1,-1,-1,-1,-1
5774,-1,-1,-1,-1,-1,-1,-1,-1
5775,-1,-1,-1,-1,-1,-1,-1,-1
5776,-1,-1,-1,-1,-1,-1,-1,-1
5777,-1,-1,-1,-1,-1,-1,-1,-1
5778,-1,-1,-1,-1,-1,-1,-1,-1
5779,-1,-1,-1,-1,-1,-1,-1,-1
5780,-1,-1,-1,-1,-1,-1,-1,-1
5781,-1,-1,-1,-1,-1,-1,-1,-1
5782,-1,-1,-1,-1,-1,-1,-1,-1
5783,-1,-1,-1,-1,-1,-1,-1,-1
5784,-1,-1,-1,-1,-1,-1,-1,-1
5785,-1,-1,-1,-1,-1,-1,-1,-1
5786,-1,-1,-1,-1,-1,-1,-1,-1
5787,-1,-1,-1,-1,-1,-1,-1,-1
5788,-1,-1,-1,-1,-1,-1,-1,-1
5789,-1,-1,-1,-1,-1,-1,-1,-1
5790,-1,-1,-1,-1,-1,-1,-1,-1
5791,-1,-1,-1,-1,-1,-1,-1,-1
5792,-1,-1,-1,-1,-1,-1,-1,-1
5793,-1,-1,-1,-1,-1,-1,-1,-1
5794,-1,-1,-1,-1,-1,-1,-1,-1
5795,-1,-1,-1,-1,-1,-1,-1,-1
5796,-1,-1,-1,-1,-1,-1,-1,-1
5797,-1,-1,-1,-1,-1,-1,-1,-1
5798,-1,-1,-1,-1,-1,-1,-1,-1
5799,-1,-1,-1,-1,-1,-1,-1,-1
5800,-1,-1,-1,-1,-1,-1,-1,-1
5801,10004839,10005127,10005415,10005703,10005991,10006279,10006567,10006855
5802,10004838,10005126,10005414,10005702,10005990,10006278,10006566,10006854
5803,10004837,10005125,10005413,10005701,10005989,10006277,10006565,10006853
5804,10004836,10005124,10005412,10005700,10005988,10006276,10006564,10006852
5805,10004835,10005123,10005411,10005699,10005987,10006275,10006563,10006851
5806,10004834,10005122,10005410,10005698,10005986,10006274,10006562,10006850
5807,10004833,10005121,10005409,10005697,10005985,10006273,10006561,10006849
5808,10004832,10005120,10005408,10005696,10005984,10006272,10006560,10006848
5809,-1,-1,-1,-1,-1,-1,-1,-1
5810,-1,-1,-1,-1,-1,-1,-1,-1
5811,-1,-1,-1,-1,-1,-1,-1,-1
5812,-1,-1,-1,-1,-1,-1,-1,-1
5813,-1,-1,-1,-1,-1,-1,-1,-1
5814,-1,-1,-1,-1,-1,-1,-1,-1
5815,-1,-1,-1,-1,-1,-1,-1,-1
5816,-1,-1,-1,-1,-1,-1,-1,-1
5817,-1,-1,-1,-1,-1,-1,-1,-1
5818,-1,-1,-1,-1,-1,-1,-1,-1
5819,-1,-1,-1,-1,-1,-1,-1,-1
5820,-1,-1,-1,-1,-1,-1,-1,-1
5821,-1,-1,-1,-1,-1,-1,-1,-1
5822,-1,-1,-1,-1,-1,-1,-1,-1
5823,-1,-1,-1,-1,-1,-1,-1,-1
5824,-1,-1,-1,-1,-1,-1,-1,-1
5825,-1,-1,-1,-1,-1,-1,-1,-1
5826,-1,-1,-1,-1,-1,-1,-1,-1
5827,-1,-1,-1,-1,-1,-1,-1,-1
5828,-1,-1,-1,-1,-1,-1,-1,-1
5829,-1,-1,-1,-1,-1,-1,-1,-1
5830,-1,-1,-1,-1,-1,-1,-1,-1
5831,-1,-1,-1,-1,-1,-1,-1,-1
5832,-1,-1,-1,-1,-1,-1,-1,-1
5833,-1,-1,-1,-1,-1,-1,-1,-1
5834,-1,-1,-1,-1,-1,-1,-1,-1
5835,-1,-1,-1,-1,-1,-1,-1,-1
5836,-1,-1,-1,-1,-1,-1,-1,-1
5837,-1,-1,-1,-1,-1,-1,-1,-1
5838,-1,-1,-1,-1,-1,-1,-1,-1
5839,-1,-1,-1,-1,-1,-1,-1,-1
5840,-1,-1,-1,-1,-1,-1,-1,-1
5841,-1,-1,-1,-1,-1,-1,-1,-1
5842,-1,-1,-1,-1,-1,-1,-1,-1
5843,-1,-1,-1,-1,-1,-1,-1,-1
5844,-1,-1,-1,-1,-1,-1,-1,-1
5845,-1,-1,-1,-1,-1,-1,-1,-1
5846,-1,-1,-1,-1,-1,-1,-1,-1
5847,-1,-1,-1,-1,-1,-1,-1,-1
5848,-1,-1,-1,-1,-1,-1,-1,-1
5849,-1,-1,-1,-1,-1,-1,-1,-1
5850,-1,-1,-1,-1,-1,-1,-1,-1
5851,-1,-1,-1,-1,-1,-1,-1,-1
5852,-1,-1,-1,-1,-1,-1,-1,-1
5853,-1,-1,-1,-1,-1,-1,-1,-1
5854,-1,-1,-1,-1,-1,-1,-1,-1
5855,-1,-1,-1,-1,-1,-1,-1,-1
5856,-1,-1,-1,-1,-1,-1,-1,-1
5857,-1,-1,-1,-1,-1,-1,-1,-1
5858,-1,-1,-1,-1,-1,-1,-1,-1
5859,10004847,10005135,10005423,10005711,10005999,10006287,10006575,10006863
5860,10004846,10005134,10005422,10005710,10005998,10006286,10006574,10006862
5861,10004845,10005133,10005421,10005709,10005997,10006285,10006573,10006861
5862,10004844,10005132,10005420,10005708,10005996,10006284,10006572,10006860
5863,10004843,10005131,10005419,10005707,10005995,10006283,10006571,10006859
5864,10004842,10005130,10005418,10005706,10005994,10006282,10006570,10006858
5865,10004841,10005129,10005417,10005705,10005993,10006281,10006569,10006857
5866,10004840,10005128,10005416,10005704,10005992,10006280,10006568,10006856
5867,-1,-1,-1,-1,-1,-1,-1,-1
5868,-1,-1,-1,-1,-1,-1,-1,-1
5869,-1,-1,-1,-1,-1,-1,-1,-1
5870,-1,-1,-1,-1,-1,-1,-1,-1
5871,-1,-1,-1,-1,-1,-1,-1,-1
5872,-1,-1,-1,-1,-1,-1,-1,-1
5873,-1,-1,-1,-1,-1,-1,-1,-1
5874,-1,-1,-1,-1,-1,-1,-1,-1
5875,-1,-1,-1,-1,-1,-1,-1,-1
5876,-1,-1,-1,-1,-1,-1,-1,-1
5877,-1,-1,-1,-1,-1,-1,-1,-1
5878,-1,-1,-1,-1,-1,-1,-1,-1
5879,-1,-1,-1,-1,-1,-1,-1,-1
5880,-1,-1,-1,-1,-1,-1,-1,-1
5881,-1,-1,-1,-1,-1,-1,-1,-1
5882,-1,-1,-1,-1,-1,-1,-1,-1
5883,-1,-1,-1,-1,-1,-1,-1,-1
5884,-1,-1,-1,-1,-1,-1,-1,-1
5885,-1,-1,-1,-1,-1,-1,-1,-1
5886,-1,-1,-1,-1,-1,-1,-1,-1
5887,-1,-1,-1,-1,-1,-1,-1,-1
5888,-1,-1,-1,-1,-1,-1,-1,-1
5889,-1,-1,-1,-1,-1,-1,-1,-1
5890,-1,-1,-1,-1,-1,-1,-1,-1
5891,-1,-1,-1,-1,-1,-1,-1,-1
5892,-1,-1,-1,-1,-1,-1,-1,-1
5893,-1,-1,-1,-1,-1,-1,-1,-1
5894,-1,-1,-1,-1,-1,-1,-1,-1
5895,-1,-1,-1,-1,-1,-1,-1,-1
5896,-1,-1,-1,-1,-1,-1,-1,-1
5897,-1,-1,-1,-1,-1,-1,-1,-1
5898,-1,-1,-1,-1,-1,-1,-1,-1
5899,-1,-1,-1,-1,-1,-1,-1,-1
5900,-1,-1,-1,-1,-1,-1,-1,-1
5901,-1,-1,-1,-1,-1,-1,-1,-1
5902,-1,-1,-1,-1,-1,-1,-1,-1
5903,-1,-1,-1,-1,-1,-1,-1,-1
5904,-1,-1,-1,-1,-1,-1,-1,-1
5905,-1,-1,-1,-1,-1,-1,-1,-1
5906,-1,-1,-1,-1,-1,-1,-1,-1
5907,-1,-1,-1,-1,-1,-1,-1,-1
5908,-1,-1,-1,-1,-1,-1,-1,-1
5909,-1,-1,-1,-1,-1,-1,-1,-1
5910,-1,-1,-1,-1,-1,-1,-1,-1
5911,-1,-1,-1,-1,-1,-1,-1,-1
5912,-1,-1,-1,-1,-1,-1,-1,-1
5913,-1,-1,-1,-1,-1,-1,-1,-1
5914,-1,-1,-1,-1,-1,-1,-1,-1
5915,-1,-1,-1,-1,-1,-1,-1,-1
5916,-1,-1,-1,-1,-1,-1,-1,-1
5917,10004855,10005143,10005431,10005719,10006007,10006295,10006583,10006871
5918,10004854,10005142,10005430,10005718,10006006,10006294,10006582,10006870
5919,10004853,10005141,10005429,10005717,10006005,10006293,10006581,10006869
5920,10004852,10005140,10005428,10005716,10006004,10006292,10006580,10006868
5921,10004851,10005139,10005427,10005715,10006003,10006291,10006579,10006867
5922,10004850,10005138,10005426,10005714,10006002,10006290,10006578,10006866
5923,10004849,10005137,10005425,10005713,10006001,10006289,10006577,10006865
5924,10004848,10005136,10005424,10005712,10006000,10006288,10006576,10006864
5925,-1,-1,-1,-1,-1,-1,-1,-1
5926,-1,-1,-1,-1,-1,-1,-1,-1
5927,-1,-1,-1,-1,-1,-1,-1,-1
5928,-1,-1,-1,-1,-1,-1,-1,-1
5929,-1,-1,-1,-1,-1,-1,-1,-1
5930,-1,-1,-1,-1,-1,-1,-1,-1
5931,-1,-1,-1,-1,-1,-1,-1,-1
5932,-1,-1,-1,-1,-1,-1,-1,-1
5933,-1,-1,-1,-1,-1,-1,-1,-1
5934,-1,-1,-1,-1,-1,-1,-1,-1
5935,-1,-1,-1,-1,-1,-1,-1,-1
5936,-1,-1,-1,-1,-1,-1,-1,-1
5937,-1,-1,-1,-1,-1,-1,-1,-1
5938,-1,-1,-1,-1,-1,-1,-1,-1
5939,-1,-1,-1,-1,-1,-1,-1,-1
5940,-1,-1,-1,-1,-1,-1,-1,-1
5941,-1,-1,-1,-1,-1,-1,-1,-1
5942,-1,-1,-1,-1,-1,-1,-1,-1
5943,-1,-1,-1,-1,-1,-1,-1,-1
5944,-1,-1,-1,-1,-1,-1,-1,-1
5945,-1,-1,-1,-1,-1,-1,-1,-1
5946,-1,-1,-1,-1,-1,-1,-1,-1
5947,-1,-1,-1,-1,-1,-1,-1,-1
5948,-1,-1,-1,-1,-1,-1,-1,-1
5949,-1,-1,-1,-1,-1,-1,-1,-1
5950,-1,-1,-1,-1,-1,-1,-1,-1
5951,-1,-1,-1,-1,-1,-1,-1,-1
5952,-1,-1,-1,-1,-1,-1,-1,-1
5953,-1,-1,-1,-1,-1,-1,-1,-1
5954,-1,-1,-1,-1,-1,-1,-1,-1
5955,-1,-1,-1,-1,-1,-1,-1,-1
5956,-1,-1,-1,-1,-1,-1,-1,-1
5957,-1,-1,-1,-1,-1,-1,-1,-1
5958,-1,-1,-1,-1,-1,-1,-1,-1
5959,-1,-1,-1,-1,-1,-1,-1,-1
5960,-1,-1,-1,-1,-1,-1,-1,-1
5961,-1,-1,-1,-1,-1,-1,-1,-1
5962,-1,-1,-1,-1,-1,-1,-1,-1
5963,-1,-1,-1,-1,-1,-1,-1,-1
5964,-1,-1,-1,-1,-1,-1,-1,-1
5965,-1,-1,-1,-1,-1,-1,-1,-1
5966,-1,-1,-1,-1,-1,-1,-1,-1
5967,-1,-1,-1,-1,-1,-1,-1,-1
5968,-1,-1,-1,-1,-1,-1,-1,-1
5969,-1,-1,-1,-1,-1,-1,-1,-1
5970,-1,-1,-1,-1,-1,-1,-1,-1
5971,-1,-1,-1,-1,-1,-1,-1,-1
5972,-1,-1,-1,-1,-1,-1,-1,-1
5973,-1,-1,-1,-1,-1,-1,-1,-1
5974,-1,-1,-1,-1,-1,-1,-1,-1
5975,10004863,10005151,10005439,10005727,10006015,10006303,10006591,10006879
5976,10004862,10005150,10005438,10005726,10006014,10006302,10006590,10006878
5977,10004861,10005149,10005437,10005725,10006013,10006301,10006589,10006877
5978,10004860,10005148,10005436,10005724,10006012,10006300,10006588,10006876
5979,10004859,10005147,10005435,10005723,10006011,10006299,10006587,10006875
5980,10004858,10005146,10005434,10005722,10006010,10006298,10006586,10006874
5981,10004857,10005145,10005433,10005721,10006009,10006297,10006585,10006873
5982,10004856,10005144,10005432,10005720,10006008,10006296,10006584,10006872
5983,-1,-1,-1,-1,-1,-1,-1,-1
5984,-1,-1,-1,-1,-1,-1,-1,-1
5985,-1,-1,-1,-1,-1,-1,-1,-1
5986,-1,-1,-1,-1,-1,-1,-1,-1
5987,-1,-1,-1,-1,-1,-1,-1,-1
5988,-1,-1,-1,-1,-1,-1,-1,-1
5989,-1,-1,-1,-1,-1,-1,-1,-1
5990,-1,-1,-1,-1,-1,-1,-1,-1
5991,-1,-1,-1,-1,-1,-1,-1,-1
5992,-1,-1,-1,-1,-1,-1,-1,-1
5993,-1,-1,-1,-1,-1,-1,-1,-1
5994,-1,-1,-1,-1,-1,-1,-1,-1
5995,-1,-1,-1,-1,-1,-1,-1,-1
5996,-1,-1,-1,-1,-1,-1,-1,-1
5997,-1,-1,-1,-1,-1,-1,-1,-1
5998,-1,-1,-1,-1,-1,-1,-1,-1
5999,-1,-1,-1,-1,-1,-1,-1,-1
6000,-1,-1,-1,-1,-1,-1,-1,-1
6001,-1,-1,-1,-1,-1,-1,-1,-1
6002,-1,-1,-1,-1,-1,-1,-1,-1
6003,-1,-1,-1,-1,-1,-1,-1,-1
6004,-1,-1,-1,-1,-1,-1,-1,-1
6005,-1,-1,-1,-1,-1,-1,-1,-1
6006,-1,-1,-1,-1,-1,-1,-1,-1
6007,-1,-1,-1,-1,-1,-1,-1,-1
6008,-1,-1,-1,-1,-1,-1,-1,-1
6009,-1,-1,-1,-1,-1,-1,-1,-1
6010,-1,-1,-1,-1,-1,-1,-1,-1
6011,-1,-1,-1,-1,-1,-1,-1,-1
6012,-1,-1,-1,-1,-1,-1,-1,-1
6013,-1,-1,-1,-1,-1,-1,-1,-1
6014,-1,-1,-1,-1,-1,-1,-1,-1
6015,-1,-1,-1,-1,-1,-1,-1,-1
6016,-1,-1,-1,-1,-1,-1,-1,-1
6017,-1,-1,-1,-1,-1,-1,-1,-1
6018,-1,-1,-1,-1,-1,-1,-1,-1
6019,-1,-1,-1,-1,-1,-1,-1,-1
6020,-1,-1,-1,-1,-1,-1,-1,-1
6021,-1,-1,-1,-1,-1,-1,-1,-1
6022,-1,-1,-1,-1,-1,-1,-1,-1
6023,-1,-1,-1,-1,-1,-1,-1,-1
6024,-1,-1,-1,-1,-1,-1,-1,-1
6025,-1,-1,-1,-1,-1,-1,-1,-1
6026,-1,-1,-1,-1,-1,-1,-1,-1
6027,-1,-1,-1,-1,-1,-1,-1,-1
6028,-1,-1,-1,-1,-1,-1,-1,-1
6029,-1,-1,-1,-1,-1,-1,-1,-1
6030,-1,-1,-1,-1,-1,-1,-1,-1
6031,-1,-1,-1,-1,-1,-1,-1,-1
6032,-1,-1,-1,-1,-1,-1,-1,-1
6033,10004871,10005159,10005447,10005735,10006023,10006311,10006599,10006887
6034,10004870,10005158,10005446,10005734,10006022,10006310,10006598,10006886
6035,10004869,10005157,10005445,10005733,10006021,10006309,10006597,10006885
6036,10004868,10005156,10005444,10005732,10006020,10006308,10006596,10006884
6037,10004867,10005155,10005443,10005731,10006019,10006307,10006595,10006883
6038,10004866,10005154,10005442,10005730,10006018,10006306,10006594,10006882
6039,10004865,10005153,10005441,10005729,10006017,10006305,10006593,10006881
6040,10004864,10005152,10005440,10005728,10006016,10006304,10006592,10006880
6041,-1,-1,-1,-1,-1,-1,-1,-1
6042,-1,-1,-1,-1,-1,-1,-1,-1
6043,-1,-1,-1,-1,-1,-1,-1,-1
6044,-1,-1,-1,-1,-1,-1,-1,-1
6045,-1,-1,-1,-1,-1,-1,-1,-1
6046,-1,-1,-1,-1,-1,-1,-1,-1
6047,-1,-1,-1,-1,-1,-1,-1,-1
6048,-1,-1,-1,-1,-1,-1,-1,-1
6049,-1,-1,-1,-1,-1,-1,-1,-1
6050,-1,-1,-1,-1,-1,-1,-1,-1
6051,-1,-1,-1,-1,-1,-1,-1,-1
6052,-1,-1,-1,-1,-1,-1,-1,-1
6053,-1,-1,-1,-1,-1,-1,-1,-1
6054,-1,-1,-1,-1,-1,-1,-1,-1
6055,-1,-1,-1,-1,-1,-1,-1,-1
6056,-1,-1,-1,-1,-1,-1,-1,-1
6057,-1,-1,-1,-1,-1,-1,-1,-1
6058,-1,-1,-1,-1,-1,-1,-1,-1
6059,-1,-1,-1,-1,-1,-1,-1,-1
6060,-1,-1,-1,-1,-1,-1,-1,-1
6061,-1,-1,-1,-1,-1,-1,-1,-1
6062,-1,-1,-1,-1,-1,-1,-1,-1
6063,-1,-1,-1,-1,-1,-1,-1,-1
6064,-1,-1,-1,-1,-1,-1,-1,-1
6065,-1,-1,-1,-1,-1,-1,-1,-1
6066,-1,-1,-1,-1,-1,-1,-1,-1
6067,-1,-1,-1,-1,-1,-1,-1,-1
6068,-1,-1,-1,-1,-1,-1,-1,-1
6069,-1,-1,-1,-1,-1,-1,-1,-1
6070,-1,-1,-1,-1,-1,-1,-1,-1
6071,-1,-1,-1,-1,-1,-1,-1,-1
6072,-1,-1,-1,-1,-1,-1,-1,-1
6073,-1,-1,-1,-1,-1,-1,-1,-1
6074,-1,-1,-1,-1,-1,-1,-1,-1
6075,-1,-1,-1,-1,-1,-1,-1,-1
6076,-1,-1,-1,-1,-1,-1,-1,-1
6077,-1,-1,-1,-1,-1,-1,-1,-1
6078,-1,-1,-1,-1,-1,-1,-1,-1
6079,-1,-1,-1,-1,-1,-1,-1,-1
6080,-1,-1,-1,-1,-1,-1,-1,-1
6081,-1,-1,-1,-1,-1,-1,-1,-1
6082,-1,-1,-1,-1,-1,-1,-1,-1
6083,-1,-1,-1,-1,-1,-1,-1,-1
6084,-1,-1,-1,-1,-1,-1,-1,-1
6085,-1,-1,-1,-1,-1,-1,-1,-1
6086,-1,-1,-1,-1,-1,-1,-1,-1
6087,-1,-1,-1,-1,-1,-1,-1,-1
6088,-1,-1,-1,-1,-1,-1,-1,-1
6089,-1,-1,-1,-1,-1,-1,-1,-1
6090,-1,-1,-1,-1,-1,-1,-1,-1
6091,10004879,10005167,10005455,10005743,10006031,10006319,10006607,10006895
6092,10004878,10005166,10005454,10005742,10006030,10006318,10006606,10006894
6093,10004877,10005165,10005453,10005741,10006029,10006317,10006605,10006893
6094,10004876,10005164,10005452,10005740,10006028,10006316,10006604,10006892
6095,10004875,10005163,10005451,10005739,10006027,10006315,10006603,10006891
6096,10004874,10005162,10005450,10005738,10006026,10006314,10006602,10006890
6097,10004873,10005161,10005449,10005737,10006025,10006313,10006601,10006889
6098,10004872,10005160,10005448,10005736,10006024,10006312,10006600,10006888
6099,-1,-1,-1,-1,-1,-1,-1,-1
6100,-1,-1,-1,-1,-1,-1,-1,-1
6101,-1,-1,-1,-1,-1,-1,-1,-1
6102,-1,-1,-1,-1,-1,-1,-1,-1
6103,-1,-1,-1,-1,-1,-1,-1,-1
6104,-1,-1,-1,-1,-1,-1,-1,-1
6105,-1,-1,-1,-1,-1,-1,-1,-1
6106,-1,-1,-1,-1,-1,-1,-1,-1
6107,-1,-1,-1,-1,-1,-1,-1,-1
6108,-1,-1,-1,-1,-1,-1,-1,-1
6109,-1,-1,-1,-1,-1,-1,-1,-1
6110,-1,-1,-1,-1,-1,-1,-1,-1
6111,-1,-1,-1,-1,-1,-1,-1,-1
6112,-1,-1,-1,-1,-1,-1,-1,-1
6113,-1,-1,-1,-1,-1,-1,-1,-1
6114,-1,-1,-1,-1,-1,-1,-1,-1
6115,-1,-1,-1,-1,-1,-1,-1,-1
6116,-1,-1,-1,-1,-1,-1,-1,-1
6117,-1,-1,-1,-1,-1,-1,-1,-1
6118,-1,-1,-1,-1,-1,-1,-1,-1
6119,-1,-1,-1,-1,-1,-1,-1,-1
6120,-1,-1,-1,-1,-1,-1,-1,-1
6121,-1,-1,-1,-1,-1,-1,-1,-1
6122,-1,-1,-1,-1,-1,-1,-1,-1
6123,-1,-1,-1,-1,-1,-1,-1,-1
6124,-1,-1,-1,-1,-1,-1,-1,-1
6125,-1,-1,-1,-1,-1,-1,-1,-1
6126,-1,-1,-1,-1,-1,-1,-1,-1
6127,-1,-1,-1,-1,-1,-1,-1,-1
6128,-1,-1,-1,-1,-1,-1,-1,-1
6129,-1,-1,-1,-1,-1,-1,-1,-1
6130,-1,-1,-1,-1,-1,-1,-1,-1
6131,-1,-1,-1,-1,-1,-1,-1,-1
6132,-1,-1,-1,-1,-1,-1,-1,-1
6133,-1,-1,-1,-1,-1,-1,-1,-1
6134,-1,-1,-1,-1,-1,-1,-1,-1
6135,-1,-1,-1,-1,-1,-1,-1,-1
6136,-1,-1,-1,-1,-1,-1,-1,-1
6137,-1,-1,-1,-1,-1,-1,-1,-1
6138,-1,-1,-1,-1,-1,-1,-1,-1
6139,-1,-1,-1,-1,-1,-1,-1,-1
6140,-1,-1,-1,-1,-1,-1,-1,-1
6141,-1,-1,-1,-1,-1,-1,-1,-1
6142,-1,-1,-1,-1,-1,-1,-1,-1
6143,-1,-1,-1,-1,-1,-1,-1,-1
6144,-1,-1,-1,-1,-1,-1,-1,-1
6145,-1,-1,-1,-1,-1,-1,-1,-1
6146,-1,-1,-1,-1,-1,-1,-1,-1
6147,-1,-1,-1,-1,-1,-1,-1,-1
6148,-1,-1,-1,-1,-1,-1,-1,-1
6149,10004887,10005175,10005463,10005751,10006039,10006327,10006615,10006903
6150,10004886,10005174,10005462,10005750,10006038,10006326,10006614,10006902
6151,10004885,10005173,10005461,10005749,10006037,10006325,10006613,10006901
6152,10004884,10005172,10005460,10005748,10006036,10006324,10006612,10006900
6153,10004883,10005171,10005459,10005747,10006035,10006323,10006611,10006899
6154,10004882,10005170,10005458,10005746,10006034,10006322,10006610,10006898
6155,10004881,10005169,10005457,10005745,10006033,10006321,10006609,10006897
6156,10004880,10005168,10005456,10005744,10006032,10006320,10006608,10006896
6157,-1,-1,-1,-1,-1,-1,-1,-1
6158,-1,-1,-1,-1,-1,-1,-1,-1
6159,-1,-1,-1,-1,-1,-1,-1,-1
6160,-1,-1,-1,-1,-1,-1,-1,-1
6161,-1,-1,-1,-1,-1,-1,-1,-1
6162,-1,-1,-1,-1,-1,-1,-1,-1
6163,-1,-1,-1,-1,-1,-1,-1,-1
6164,-1,-1,-1,-1,-1,-1,-1,-1
6165,-1,-1,-1,-1,-1,-1,-1,-1
6166,-1,-1,-1,-1,-1,-1,-1,-1
6167,-1,-1,-1,-1,-1,-1,-1,-1
6168,-1,-1,-1,-1,-1,-1,-1,-1
6169,-1,-1,-1,-1,-1,-1,-1,-1
6170,-1,-1,-1,-1,-1,-1,-1,-1
6171,-1,-1,-1,-1,-1,-1,-1,-1
6172,-1,-1,-1,-1,-1,-1,-1,-1
6173,-1,-1,-1,-1,-1,-1,-1,-1
6174,-1,-1,-1,-1,-1,-1,-1,-1
6175,-1,-1,-1,-1,-1,-1,-1,-1
6176,-1,-1,-1,-1,-1,-1,-1,-1
6177,-1,-1,-1,-1,-1,-1,-1,-1
6178,-1,-1,-1,-1,-1,-1,-1,-1
6179,-1,-1,-1,-1,-1,-1,-1,-1
6180,-1,-1,-1,-1,-1,-1,-1,-1
6181,-1,-1,-1,-1,-1,-1,-1,-1
6182,-1,-1,-1,-1,-1,-1,-1,-1
6183,-1,-1,-1,-1,-1,-1,-1,-1
6184,-1,-1,-1,-1,-1,-1,-1,-1
6185,-1,-1,-1,-1,-1,-1,-1,-1
6186,-1,-1,-1,-1,-1,-1,-1,-1
6187,-1,-1,-1,-1,-1,-1,-1,-1
6188,-1,-1,-1,-1,-1,-1,-1,-1
6189,-1,-1,-1,-1,-1,-1,-1,-1
6190,-1,-1,-1,-1,-1,-1,-1,-1
6191,-1,-1,-1,-1,-1,-1,-1,-1
6192,-1,-1,-1,-1,-1,-1,-1,-1
6193,-1,-1,-1,-1,-1,-1,-1,-1
6194,-1,-1,-1,-1,-1,-1,-1,-1
6195,-1,-1,-1,-1,-1,-1,-1,-1
6196,-1,-1,-1,-1,-1,-1,-1,-1
6197,-1,-1,-1,-1,-1,-1,-1,-1
6198,-1,-1,-1,-1,-1,-1,-1,-1
6199,-1,-1,-1,-1,-1,-1,-1,-1
6200,-1,-1,-1,-1,-1,-1,-1,-1
6201,-1,-1,-1,-1,-1,-1,-1,-1
6202,-1,-1,-1,-1,-1,-1,-1,-1
6203,-1,-1,-1,-1,-1,-1,-1,-1
6204,-1,-1,-1,-1,-1,-1,-1,-1
6205,-1,-1,-1,-1,-1,-1,-1,-1
6206,-1,-1,-1,-1,-1,-1,-1,-1
6207,10004895,10005183,10005471,10005759,10006047,10006335,10006623,10006911
6208,10004894,10005182,10005470,10005758,10006046,10006334,10006622,10006910
6209,10004893,10005181,10005469,10005757,10006045,10006333,10006621,10006909
6210,10004892,10005180,10005468,10005756,10006044,10006332,10006620,10006908
6211,10004891,10005179,10005467,10005755,10006043,10006331,10006619,10006907
6212,10004890,10005178,10005466,10005754,10006042,10006330,10006618,10006906
6213,10004889,10005177,10005465,10005753,10006041,10006329,10006617,10006905
6214,10004888,10005176,10005464,10005752,10006040,10006328,10006616,10006904
6215,-1,-1,-1,-1,-1,-1,-1,-1
6216,-1,-1,-1,-1,-1,-1,-1,-1
6217,-1,-1,-1,-1,-1,-1,-1,-1
6218,-1,-1,-1,-1,-1,-1,-1,-1
6219,-1,-1,-1,-1,-1,-1,-1,-1
6220,-1,-1,-1,-1,-1,-1,-1,-1
6221,-1,-1,-1,-1,-1,-1,-1,-1
6222,-1,-1,-1,-1,-1,-1,-1,-1
6223,-1,-1,-1,-1,-1,-1,-1,-1
6224,-1,-1,-1,-1,-1,-1,-1,-1
6225,-1,-1,-1,-1,-1,-1,-1,-1
6226,-1,-1,-1,-1,-1,-1,-1,-1
6227,-1,-1,-1,-1,-1,-1,-1,-1
6228,-1,-1,-1,-1,-1,-1,-1,-1
6229,-1,-1,-1,-1,-1,-1,-1,-1
6230,-1,-1,-1,-1,-1,-1,-1,-1
6231,-1,-1,-1,-1,-1,-1,-1,-1
6232,-1,-1,-1,-1,-1,-1,-1,-1
6233,-1,-1,-1,-1,-1,-1,-1,-1
6234,-1,-1,-1,-1,-1,-1,-1,-1
6235,-1,-1,-1,-1,-1,-1,-1,-1
6236,-1,-1,-1,-1,-1,-1,-1,-1
6237,-1,-1,-1,-1,-1,-1,-1,-1
6238,-1,-1,-1,-1,-1,-1,-1,-1
6239,-1,-1,-1,-1,-1,-1,-1,-1
6240,-1,-1,-1,-1,-1,-1,-1,-1
6241,-1,-1,-1,-1,-1,-1,-1,-1
6242,-1,-1,-1,-1,-1,-1,-1,-1
6243,-1,-1,-1,-1,-1,-1,-1,-1
6244,-1,-1,-1,-1,-1,-1,-1,-1
6245,-1,-1,-1,-1,-1,-1,-1,-1
6246,-1,-1,-1,-1,-1,-1,-1,-1
6247,-1,-1,-1,-1,-1,-1,-1,-1
6248,-1,-1,-1,-1,-1,-1,-1,-1
6249,-1,-1,-1,-1,-1,-1,-1,-1
6250,-1,-1,-1,-1,-1,-1,-1,-1
6251,-1,-1,-1,-1,-1,-1,-1,-1
6252,-1,-1,-1,-1,-1,-1,-1,-1
6253,-1,-1,-1,-1,-1,-1,-1,-1
6254,-1,-1,-1,-1,-1,-1,-1,-1
6255,-1,-1,-1,-1,-1,-1,-1,-1
6256,-1,-1,-1,-1,-1,-1,-1,-1
6257,-1,-1,-1,-1,-1,-1,-1,-1
6258,-1,-1,-1,-1,-1,-1,-1,-1
6259,-1,-1,-1,-1,-1,-1,-1,-1
6260,-1,-1,-1,-1,-1,-1,-1,-1
6261,-1,-1,-1,-1,-1,-1,-1,-1
6262,-1,-1,-1,-1,-1,-1,-1,-1
6263,-1,-1,-1,-1,-1,-1,-1,-1
6264,-1,-1,-1,-1,-1,-1,-1,-1
6265,10006919,10007207,10007495,10007783,10008071,10008359,10008647,10008935
6266,10006918,10007206,10007494,10007782,10008070,10008358,10008646,10008934
6267,10006917,10007205,10007493,10007781,10008069,10008357,10008645,10008933
6268,10006916,10007204,10007492,10007780,10008068,10008356,10008644,10008932
6269,10006915,10007203,10007491,10007779,10008067,10008355,10008643,10008931
6270,10006914,10007202,10007490,10007778,10008066,10008354,10008642,10008930
6271,10006913,10007201,10007489,10007777,10008065,10008353,10008641,10008929
6272,10006912,10007200,10007488,10007776,10008064,10008352,10008640,10008928
6273,-1,-1,-1,-1,-1,-1,-1,-1
6274,-1,-1,-1,-1,-1,-1,-1,-1
6275,-1,-1,-1,-1,-1,-1,-1,-1
6276,-1,-1,-1,-1,-1,-1,-1,-1
6277,-1,-1,-1,-1,-1,-1,-1,-1
6278,-1,-1,-1,-1,-1,-1,-1,-1
6279,-1,-1,-1,-1,-1,-1,-1,-1
6280,-1,-1,-1,-1,-1,-1,-1,-1
6281,-1,-1,-1,-1,-1,-1,-1,-1
6282,-1,-1,-1,-1,-1,-1,-1,-1
6283,-1,-1,-1,-1,-1,-1,-1,-1
6284,-1,-1,-1,-1,-1,-1,-1,-1
6285,-1,-1,-1,-1,-1,-1,-1,-1
6286,-1,-1,-1,-1,-1,-1,-1,-1
6287,-1,-1,-1,-1,-1,-1,-1,-1
6288,-1,-1,-1,-1,-1,-1,-1,-1
6289,-1,-1,-1,-1,-1,-1,-1,-1
6290,-1,-1,-1,-1,-1,-1,-1,-1
6291,-1,-1,-1,-1,-1,-1,-1,-1
6292,-1,-1,-1,-1,-1,-1,-1,-1
6293,-1,-1,-1,-1,-1,-1,-1,-1
6294,-1,-1,-1,-1,-1,-1,-1,-1
6295,-1,-1,-1,-1,-1,-1,-1,-1
6296,-1,-1,-1,-1,-1,-1,-1,-1
6297,-1,-1,-1,-1,-1,-1,-1,-1
6298,-1,-1,-1,-1,-1,-1,-1,-1
6299,-1,-1,-1,-1,-1,-1,-1,-1
6300,-1,-1,-1,-1,-1,-1,-1,-1
6301,-1,-1,-1,-1,-1,-1,-1,-1
6302,-1,-1,-1,-1,-1,-1,-1,-1
6303,-1,-1,-1,-1,-1,-1,-1,-1
6304,-1,-1,-1,-1,-1,-1,-1,-1
6305,-1,-1,-1,-1,-1,-1,-1,-1
6306,-1,-1,-1,-1,-1,-1,-1,-1
6307,-1,-1,-1,-1,-1,-1,-1,-1
6308,-1,-1,-1,-1,-1,-1,-1,-1
6309,-1,-1,-1,-1,-1,-1,-1,-1
6310,-1,-1,-1,-1,-1,-1,-1,-1
6311,-1,-1,-1,-1,-1,-1,-1,-1
6312,-1,-1,-1,-1,-1,-1,-1,-1
6313,-1,-1,-1,-1,-1,-1,-1,-1
6314,-1,-1,-1,-1,-1,-1,-1,-1
6315,-1,-1,-1,-1,-1,-1,-1,-1
6316,-1,-1,-1,-1,-1,-1,-1,-1
6317,-1,-1,-1,-1,-1,-1,-1,-1
6318,-1,-1,-1,-1,-1,-1,-1,-1
6319,-1,-1,-1,-1,-1,-1,-1,-1
6320,-1,-1,-1,-1,-1,-1,-1,-1
6321,-1,-1,-1,-1,-1,-1,-1,-1
6322,-1,-1,-1,-1,-1,-1,-1,-1
6323,10006927,10007215,10007503,10007791,10008079,10008367,10008655,10008943
6324,10006926,10007214,10007502,10007790,10008078,10008366,10008654,10008942
6325,10006925,10007213,10007501,10007789,10008077,10008365,10008653,10008941
6326,10006924,10007212,10007500,10007788,10008076,10008364,10008652,10008940
6327,10006923,10007211,10007499,10007787,10008075,10008363,10008651,10008939
6328,10006922,10007210,10007498,10007786,10008074,10008362,10008650,10008938
6329,10006921,10007209,10007497,10007785,10008073,10008361,10008649,10008937
6330,10006920,10007208,10007496,10007784,10008072,10008360,10008648,10008936
6331,-1,-1,-1,-1,-1,-1,-1,-1
6332,-1,-1,-1,-1,-1,-1,-1,-1
6333,-1,-1,-1,-1,-1,-1,-1,-1
6334,-1,-1,-1,-1,-1,-1,-1,-1
6335,-1,-1,-1,-1,-1,-1,-1,-1
6336,-1,-1,-1,-1,-1,-1,-1,-1
6337,-1,-1,-1,-1,-1,-1,-1,-1
6338,-1,-1,-1,-1,-1,-1,-1,-1
6339,-1,-1,-1,-1,-1,-1,-1,-1
6340,-1,-1,-1,-1,-1,-1,-1,-1
6341,-1,-1,-1,-1,-1,-1,-1,-1
6342,-1,-1,-1,-1,-1,-1,-1,-1
6343,-1,-1,-1,-1,-1,-1,-1,-1
6344,-1,-1,-1,-1,-1,-1,-1,-1
6345,-1,-1,-1,-1,-1,-1,-1,-1
6346,-1,-1,-1,-1,-1,-1,-1,-1
6347,-1,-1,-1,-1,-1,-1,-1,-1
6348,-1,-1,-1,-1,-1,-1,-1,-1
6349,-1,-1,-1,-1,-1,-1,-1,-1
6350,-1,-1,-1,-1,-1,-1,-1,-1
6351,-1,-1,-1,-1,-1,-1,-1,-1
6352,-1,-1,-1,-1,-1,-1,-1,-1
6353,-1,-1,-1,-1,-1,-1,-1,-1
6354,-1,-1,-1,-1,-1,-1,-1,-1
6355,-1,-1,-1,-1,-1,-1,-1,-1
6356,-1,-1,-1,-1,-1,-1,-1,-1
6357,-1,-1,-1,-1,-1,-1,-1,-1
6358,-1,-1,-1,-1,-1,-1,-1,-1
6359,-1,-1,-1,-1,-1,-1,-1,-1
6360,-1,-1,-1,-1,-1,-1,-1,-1
6361,-1,-1,-1,-1,-1,-1,-1,-1
6362,-1,-1,-1,-1,-1,-1,-1,-1
6363,-1,-1,-1,-1,-1,-1,-1,-1
6364,-1,-1,-1,-1,-1,-1,-1,-1
6365,-1,-1,-1,-1,-1,-1,-1,-1
6366,-1,-1,-1,-1,-1,-1,-1,-1
6367,-1,-1,-1,-1,-1,-1,-1,-1
6368,-1,-1,-1,-1,-1,-1,-1,-1
6369,-1,-1,-1,-1,-1,-1,-1,-1
6370,-1,-1,-1,-1,-1,-1,-1,-1
6371,-1,-1,-1,-1,-1,-1,-1,-1
6372,-1,-1,-1,-1,-1,-1,-1,-1
6373,-1,-1,-1,-1,-1,-1,-1,-1
6374,-1,-1,-1,-1,-1,-1,-1,-1
6375,-1,-1,-1,-1,-1,-1,-1,-1
6376,-1,-1,-1,-1,-1,-1,-1,-1
6377,-1,-1,-1,-1,-1,-1,-1,-1
6378,-1,-1,-1,-1,-1,-1,-1,-1
6379,-1,-1,-1,-1,-1,-1,-1,-1
6380,-1,-1,-1,-1,-1,-1,-1,-1
6381,10006935,10007223,10007511,10007799,10008087,10008375,10008663,10008951
6382,10006934,10007222,10007510,10007798,10008086,10008374,10008662,10008950
6383,10006933,10007221,10007509,10007797,10008085,10008373,10008661,10008949
6384,10006932,10007220,10007508,10007796,10008084,10008372,10008660,10008948
6385,10006931,10007219,10007507,10007795,10008083,10008371,10008659,10008947
6386,10006930,10007218,10007506,10007794,10008082,10008370,10008658,10008946
6387,10006929,10007217,10007505,10007793,10008081,10008369,10008657,10008945
6388,10006928,10007216,10007504,10007792,10008080,10008368,10008656,10008944
6389,-1,-1,-1,-1,-1,-1,-1,-1
6390,-1,-1,-1,-1,-1,-1,-1,-1
6391,-1,-1,-1,-1,-1,-1,-1,-1
6392,-1,-1,-1,-1,-1,-1,-1,-1
6393,-1,-1,-1,-1,-1,-1,-1,-1
6394,-1,-1,-1,-1,-1,-1,-1,-1
6395,-1,-1,-1,-1,-1,-1,-1,-1
6396,-1,-1,-1,-1,-1,-1,-1,-1
6397,-1,-1,-1,-1,-1,-1,-1,-1
6398,-1,-1,-1,-1,-1,-1,-1,-1
6399,-1,-1,-1,-1,-1,-1,-1,-1
6400,-1,-1,-1,-1,-1,-1,-1,-1
6401,-1,-1,-1,-1,-1,-1,-1,-1
6402,-1,-1,-1,-1,-1,-1,-1,-1
6403,-1,-1,-1,-1,-1,-1,-1,-1
6404,-1,-1,-1,-1,-1,-1,-1,-1
6405,-1,-1,-1,-1,-1,-1,-1,-1
6406,-1,-1,-1,-1,-1,-1,-1,-1
6407,-1,-1,-1,-1,-1,-1,-1,-1
6408,-1,-1,-1,-1,-1,-1,-1,-1
6409,-1,-1,-1,-1,-1,-1,-1,-1
6410,-1,-1,-1,-1,-1,-1,-1,-1
6411,-1,-1,-1,-1,-1,-1,-1,-1
6412,-1,-1,-1,-1,-1,-1,-1,-1
6413,-1,-1,-1,-1,-1,-1,-1,-1
6414,-1,-1,-1,-1,-1,-1,-1,-1
6415,-1,-1,-1,-1,-1,-1,-1,-1
6416,-1,-1,-1,-1,-1,-1,-1,-1
6417,-1,-1,-1,-1,-1,-1,-1,-1
6418,-1,-1,-1,-1,-1,-1,-1,-1
6419,-1,-1,-1,-1,-1,-1,-1,-1
6420,-1,-1,-1,-1,-1,-1,-1,-1
6421,-1,-1,-1,-1,-1,-1,-1,-1
6422,-1,-1,-1,-1,-1,-1,-1,-1
6423,-1,-1,-1,-1,-1,-1,-1,-1
6424,-1,-1,-1,-1,-1,-1,-1,-1
6425,-1,-1,-1,-1,-1,-1,-1,-1
6426,-1,-1,-1,-1,-1,-1,-1,-1
6427,-1,-1,-1,-1,-1,-1,-1,-1
6428,-1,-1,-1,-1,-1,-1,-1,-1
6429,-1,-1,-1,-1,-1,-1,-1,-1
6430,-1,-1,-1,-1,-1,-1,-1,-1
6431,-1,-1,-1,-1,-1,-1,-1,-1
6432,-1,-1,-1,-1,-1,-1,-1,-1
6433,-1,-1,-1,-1,-1,-1,-1,-1
6434,-1,-1,-1,-1,-1,-1,-1,-1
6435,-1,-1,-1,-1,-1,-1,-1,-1
6436,-1,-1,-1,-1,-1,-1,-1,-1
6437,-1,-1,-1,-1,-1,-1,-1,-1
6438,-1,-1,-1,-1,-1,-1,-1,-1
6439,10006943,10007231,10007519,10007807,10008095,10008383,10008671,10008959
6440,10006942,10007230,10007518,10007806,10008094,10008382,10008670,10008958
6441,10006941,10007229,10007517,10007805,10008093,10008381,10008669,10008957
6442,10006940,10007228,10007516,10007804,10008092,10008380,10008668,10008956
6443,10006939,10007227,10007515,10007803,10008091,10008379,10008667,10008955
6444,10006938,10007226,10007514,10007802,10008090,10008378,10008666,10008954
6445,10006937,10007225,10007513,10007801,10008089,10008377,10008665,10008953
6446,10006936,10007224,10007512,10007800,10008088,10008376,10008664,10008952
6447,-1,-1,-1,-1,-1,-1,-1,-1
6448,-1,-1,-1,-1,-1,-1,-1,-1
6449,-1,-1,-1,-1,-1,-1,-1,-1
6450,-1,-1,-1,-1,-1,-1,-1,-1
6451,-1,-1,-1,-1,-1,-1,-1,-1
6452,-1,-1,-1,-1,-1,-1,-1,-1
6453,-1,-1,-1,-1,-1,-1,-1,-1
6454,-1,-1,-1,-1,-1,-1,-1,-1
6455,-1,-1,-1,-1,-1,-1,-1,-1
6456,-1,-1,-1,-1,-1,-1,-1,-1
6457,-1,-1,-1,-1,-1,-1,-1,-1
6458,-1,-1,-1,-1,-1,-1,-1,-1
6459,-1,-1,-1,-1,-1,-1,-1,-1
6460,-1,-1,-1,-1,-1,-1,-1,-1
6461,-1,-1,-1,-1,-1,-1,-1,-1
6462,-1,-1,-1,-1,-1,-1,-1,-1
6463,-1,-1,-1,-1,-1,-1,-1,-1
6464,-1,-1,-1,-1,-1,-1,-1,-1
6465,-1,-1,-1,-1,-1,-1,-1,-1
6466,-1,-1,-1,-1,-1,-1,-1,-1
6467,-1,-1,-1,-1,-1,-1,-1,-1
6468,-1,-1,-1,-1,-1,-1,-1,-1
6469,-1,-1,-1,-1,-1,-1,-1,-1
6470,-1,-1,-1,-1,-1,-1,-1,-1
6471,-1,-1,-1,-1,-1,-1,-1,-1
6472,-1,-1,-1,-1,-1,-1,-1,-1
6473,-1,-1,-1,-1,-1,-1,-1,-1
6474,-1,-1,-1,-1,-1,-1,-1,-1
6475,-1,-1,-1,-1,-1,-1,-1,-1
6476,-1,-1,-1,-1,-1,-1,-1,-1
6477,-1,-1,-1,-1,-1,-1,-1,-1
6478,-1,-1,-1,-1,-1,-1,-1,-1
6479,-1,-1,-1,-1,-1,-1,-1,-1
6480,-1,-1,-1,-1,-1,-1,-1,-1
6481,-1,-1,-1,-1,-1,-1,-1,-1
6482,-1,-1,-1,-1,-1,-1,-1,-1
6483,-1,-1,-1,-1,-1,-1,-1,-1
6484,-1,-1,-1,-1,-1,-1,-1,-1
6485,-1,-1,-1,-1,-1,-1,-1,-1
6486,-1,-1,-1,-1,-1,-1,-1,-1
6487,-1,-1,-1,-1,-1,-1,-1,-1
6488,-1,-1,-1,-1,-1,-1,-1,-1
6489,-1,-1,-1,-1,-1,-1,-1,-1
6490,-1,-1,-1,-1,-1,-1,-1,-1
6491,-1,-1,-1,-1,-1,-1,-1,-1
6492,-1,-1,-1,-1,-1,-1,-1,-1
6493,-1,-1,-1,-1,-1,-1,-1,-1
6494,-1,-1,-1,-1,-1,-1,-1,-1
6495,-1,-1,-1,-1,-1,-1,-1,-1
6496,-1,-1,-1,-1,-1,-1,-1,-1
6497,10006951,10007239,10007527,10007815,10008103,10008391,10008679,10008967
6498,10006950,10007238,10007526,10007814,10008102,10008390,10008678,10008966
6499,10006949,10007237,10007525,10007813,10008101,10008389,10008677,10008965
6500,10006948,10007236,10007524,10007812,10008100,10008388,10008676,10008964
6501,10006947,10007235,10007523,10007811,10008099,10008387,10008675,10008963
6502,10006946,10007234,10007522,10007810,10008098,10008386,10008674,10008962
6503,10006945,10007233,10007521,10007809,10008097,10008385,10008673,10008961
6504,10006944,10007232,10007520,10007808,10008096,10008384,10008672,10008960
6505,-1,-1,-1,-1,-1,-1,-1,-1
6506,-1,-1,-1,-1,-1,-1,-1,-1
6507,-1,-1,-1,-1,-1,-1,-1,-1
6508,-1,-1,-1,-1,-1,-1,-1,-1
6509,-1,-1,-1,-1,-1,-1,-1,-1
6510,-1,-1,-1,-1,-1,-1,-1,-1
6511,-1,-1,-1,-1,-1,-1,-1,-1
6512,-1,-1,-1,-1,-1,-1,-1,-1
6513,-1,-1,-1,-1,-1,-1,-1,-1
6514,-1,-1,-1,-1,-1,-1,-1,-1
6515,-1,-1,-1,-1,-1,-1,-1,-1
6516,-1,-1,-1,-1,-1,-1,-1,-1
6517,-1,-1,-1,-1,-1,-1,-1,-1
6518,-1,-1,-1,-1,-1,-1,-1,-1
6519,-1,-1,-1,-1,-1,-1,-1,-1
6520,-1,-1,-1,-1,-1,-1,-1,-1
6521,-1,-1,-1,-1,-1,-1,-1,-1
6522,-1,-1,-1,-1,-1,-1,-1,-1
6523,-1,-1,-1,-1,-1,-1,-1,-1
6524,-1,-1,-1,-1,-1,-1,-1,-1
6525,-1,-1,-1,-1,-1,-1,-1,-1
6526,-1,-1,-1,-1,-1,-1,-1,-1
6527,-1,-1,-1,-1,-1,-1,-1,-1
6528,-1,-1,-1,-1,-1,-1,-1,-1
6529,-1,-1,-1,-1,-1,-1,-1,-1
6530,-1,-1,-1,-1,-1,-1,-1,-1
6531,-1,-1,-1,-1,-1,-1,-1,-1
6532,-1,-1,-1,-1,-1,-1,-1,-1
6533,-1,-1,-1,-1,-1,-1,-1,-1
6534,-1,-1,-1,-1,-1,-1,-1,-1
6535,-1,-1,-1,-1,-1,-1,-1,-1
6536,-1,-1,-1,-1,-1,-1,-1,-1
6537,-1,-1,-1,-1,-1,-1,-1,-1
6538,-1,-1,-1,-1,-1,-1,-1,-1
6539,-1,-1,-1,-1,-1,-1,-1,-1
6540,-1,-1,-1,-1,-1,-1,-1,-1
6541,-1,-1,-1,-1,-1,-1,-1,-1
6542,-1,-1,-1,-1,-1,-1,-1,-1
6543,-1,-1,-1,-1,-1,-1,-1,-1
6544,-1,-1,-1,-1,-1,-1,-1,-1
6545,-1,-1,-1,-1,-1,-1,-1,-1
6546,-1,-1,-1,-1,-1,-1,-1,-1
6547,-1,-1,-1,-1,-1,-1,-1,-1
6548,-1,-1,-1,-1,-1,-1,-1,-1
6549,-1,-1,-1,-1,-1,-1,-1,-1
6550,-1,-1,-1,-1,-1,-1,-1,-1
6551,-1,-1,-1,-1,-1,-1,-1,-1
6552,-1,-1,-1,-1,-1,-1,-1,-1
6553,-1,-1,-1,-1,-1,-1,-1,-1
6554,-1,-1,-1,-1,-1,-1,-1,-1
6555,10006959,10007247,10007535,10007823,10008111,10008399,10008687,10008975
6556,10006958,10007246,10007534,10007822,10008110,10008398,10008686,10008974
6557,10006957,10007245,10007533,10007821,10008109,10008397,10008685,10008973
6558,10006956,10007244,10007532,10007820,10008108,10008396,10008684,10008972
6559,10006955,10007243,10007531,10007819,10008107,10008395,10008683,10008971
6560,10006954,10007242,10007530,10007818,10008106,10008394,10008682,10008970
6561,10006953,10007241,10007529,10007817,10008105,10008393,10008681,10008969
6562,10006952,10007240,10007528,10007816,10008104,10008392,10008680,10008968
6563,-1,-1,-1,-1,-1,-1,-1,-1
6564,-1,-1,-1,-1,-1,-1,-1,-1
6565,-1,-1,-1,-1,-1,-1,-1,-1
6566,-1,-1,-1,-1,-1,-1,-1,-1
6567,-1,-1,-1,-1,-1,-1,-1,-1
6568,-1,-1,-1,-1,-1,-1,-1,-1
6569,-1,-1,-1,-1,-1,-1,-1,-1
6570,-1,-1,-1,-1,-1,-1,-1,-1
6571,-1,-1,-1,-1,-1,-1,-1,-1
6572,-1,-1,-1,-1,-1,-1,-1,-1
6573,-1,-1,-1,-1,-1,-1,-1,-1
6574,-1,-1,-1,-1,-1,-1,-1,-1
6575,-1,-1,-1,-1,-1,-1,-1,-1
6576,-1,-1,-1,-1,-1,-1,-1,-1
6577,-1,-1,-1,-1,-1,-1,-1,-1
6578,-1,-1,-1,-1,-1,-1,-1,-1
6579,-1,-1,-1,-1,-1,-1,-1,-1
6580,-1,-1,-1,-1,-1,-1,-1,-1
6581,-1,-1,-1,-1,-1,-1,-1,-1
6582,-1,-1,-1,-1,-1,-1,-1,-1
6583,-1,-1,-1,-1,-1,-1,-1,-1
6584,-1,-1,-1,-1,-1,-1,-1,-1
6585,-1,-1,-1,-1,-1,-1,-1,-1
6586,-1,-1,-1,-1,-1,-1,-1,-1
6587,-1,-1,-1,-1,-1,-1,-1,-1
6588,-1,-1,-1,-1,-1,-1,-1,-1
6589,-1,-1,-1,-1,-1,-1,-1,-1
6590,-1,-1,-1,-1,-1,-1,-1,-1
6591,-1,-1,-1,-1,-1,-1,-1,-1
6592,-1,-1,-1,-1,-1,-1,-1,-1
6593,-1,-1,-1,-1,-1,-1,-1,-1
6594,-1,-1,-1,-1,-1,-1,-1,-1
6595,-1,-1,-1,-1,-1,-1,-1,-1
6596,-1,-1,-1,-1,-1,-1,-1,-1
6597,-1,-1,-1,-1,-1,-1,-1,-1
6598,-1,-1,-1,-1,-1,-1,-1,-1
6599,-1,-1,-1,-1,-1,-1,-1,-1
6600,-1,-1,-1,-1,-1,-1,-1,-1
6601,-1,-1,-1,-1,-1,-1,-1,-1
6602,-1,-1,-1,-1,-1,-1,-1,-1
6603,-1,-1,-1,-1,-1,-1,-1,-1
6604,-1,-1,-1,-1,-1,-1,-1,-1
6605,-1,-1,-1,-1,-1,-1,-1,-1
6606,-1,-1,-1,-1,-1,-1,-1,-1
6607,-1,-1,-1,-1,-1,-1,-1,-1
6608,-1,-1,-1,-1,-1,-1,-1,-1
6609,-1,-1,-1,-1,-1,-1,-1,-1
6610,-1,-1,-1,-1,-1,-1,-1,-1
6611,-1,-1,-1,-1,-1,-1,-1,-1
6612,-1,-1,-1,-1,-1,-1,-1,-1
6613,10006967,10007255,10007543,10007831,10008119,10008407,10008695,10008983
6614,10006966,10007254,10007542,10007830,10008118,10008406,10008694,10008982
6615,10006965,10007253,10007541,10007829,10008117,10008405,10008693,10008981
6616,10006964,10007252,10007540,10007828,10008116,10008404,10008692,10008980
6617,10006963,10007251,10007539,10007827,10008115,10008403,10008691,10008979
6618,10006962,10007250,10007538,10007826,10008114,10008402,10008690,10008978
6619,10006961,10007249,10007537,10007825,10008113,10008401,10008689,10008977
6620,10006960,10007248,10007536,10007824,10008112,10008400,10008688,10008976
6621,-1,-1,-1,-1,-1,-1,-1,-1
6622,-1,-1,-1,-1,-1,-1,-1,-1
6623,-1,-1,-1,-1,-1,-1,-1,-1
6624,-1,-1,-1,-1,-1,-1,-1,-1
6625,-1,-1,-1,-1,-1,-1,-1,-1
6626,-1,-1,-1,-1,-1,-1,-1,-1
6627,-1,-1,-1,-1,-1,-1,-1,-1
6628,-1,-1,-1,-1,-1,-1,-1,-1
6629,-1,-1,-1,-1,-1,-1,-1,-1
6630,-1,-1,-1,-1,-1,-1,-1,-1
6631,-1,-1,-1,-1,-1,-1,-1,-1
6632,-1,-1,-1,-1,-1,-1,-1,-1
6633,-1,-1,-1,-1,-1,-1,-1,-1
6634,-1,-1,-1,-1,-1,-1,-1,-1
6635,-1,-1,-1,-1,-1,-1,-1,-1
6636,-1,-1,-1,-1,-1,-1,-1,-1
6637,-1,-1,-1,-1,-1,-1,-1,-1
6638,-1,-1,-1,-1,-1,-1,-1,-1
6639,-1,-1,-1,-1,-1,-1,-1,-1
6640,-1,-1,-1,-1,-1,-1,-1,-1
6641,-1,-1,-1,-1,-1,-1,-1,-1
6642,-1,-1,-1,-1,-1,-1,-1,-1
6643,-1,-1,-1,-1,-1,-1,-1,-1
6644,-1,-1,-1,-1,-1,-1,-1,-1
6645,-1,-1,-1,-1,-1,-1,-1,-1
6646,-1,-1,-1,-1,-1,-1,-1,-1
6647,-1,-1,-1,-1,-1,-1,-1,-1
6648,-1,-1,-1,-1,-1,-1,-1,-1
6649,-1,-1,-1,-1,-1,-1,-1,-1
6650,-1,-1,-1,-1,-1,-1,-1,-1
6651,-1,-1,-1,-1,-1,-1,-1,-1
6652,-1,-1,-1,-1,-1,-1,-1,-1
6653,-1,-1,-1,-1,-1,-1,-1,-1
6654,-1,-1,-1,-1,-1,-1,-1,-1
6655,-1,-1,-1,-1,-1,-1,-1,-1
6656,-1,-1,-1,-1,-1,-1,-1,-1
6657,-1,-1,-1,-1,-1,-1,-1,-1
6658,-1,-1,-1,-1,-1,-1,-1,-1
6659,-1,-1,-1,-1,-1,-1,-1,-1
6660,-1,-1,-1,-1,-1,-1,-1,-1
6661,-1,-1,-1,-1,-1,-1,-1,-1
6662,-1,-1,-1,-1,-1,-1,-1,-1
6663,-1,-1,-1,-1,-1,-1,-1,-1
6664,-1,-1,-1,-1,-1,-1,-1,-1
6665,-1,-1,-1,-1,-1,-1,-1,-1
6666,-1,-1,-1,-1,-1,-1,-1,-1
6667,-1,-1,-1,-1,-1,-1,-1,-1
6668,-1,-1,-1,-1,-1,-1,-1,-1
6669,-1,-1,-1,-1,-1,-1,-1,-1
6670,-1,-1,-1,-1,-1,-1,-1,-1
6671,10006975,10007263,10007551,10007839,10008127,10008415,10008703,10008991
6672,10006974,10007262,10007550,10007838,10008126,10008414,10008702,10008990
6673,10006973,10007261,10007549,10007837,10008125,10008413,10008701,10008989
6674,10006972,10007260,10007548,10007836,10008124,10008412,10008700,10008988
6675,10006971,10007259,10007547,10007835,10008123,10008411,10008699,10008987
6676,10006970,10007258,10007546,10007834,10008122,10008410,10008698,10008986
6677,10006969,10007257,10007545,10007833,10008121,10008409,10008697,10008985
6678,10006968,10007256,10007544,10007832,10008120,10008408,10008696,10008984
6679,-1,-1,-1,-1,-1,-1,-1,-1
6680,-1,-1,-1,-1,-1,-1,-1,-1
6681,-1,-1,-1,-1,-1,-1,-1,-1
6682,-1,-1,-1,-1,-1,-1,-1,-1
6683,-1,-1,-1,-1,-1,-1,-1,-1
6684,-1,-1,-1,-1,-1,-1,-1,-1
6685,-1,-1,-1,-1,-1,-1,-1,-1
6686,-1,-1,-1,-1,-1,-1,-1,-1
6687,-1,-1,-1,-1,-1,-1,-1,-1
6688,-1,-1,-1,-1,-1,-1,-1,-1
6689,-1,-1,-1,-1,-1,-1,-1,-1
6690,-1,-1,-1,-1,-1,-1,-1,-1
6691,-1,-1,-1,-1,-1,-1,-1,-1
6692,-1,-1,-1,-1,-1,-1,-1,-1
6693,-1,-1,-1,-1,-1,-1,-1,-1
6694,-1,-1,-1,-1,-1,-1,-1,-1
6695,-1,-1,-1,-1,-1,-1,-1,-1
6696,-1,-1,-1,-1,-1,-1,-1,-1
6697,-1,-1,-1,-1,-1,-1,-1,-1
6698,-1,-1,-1,-1,-1,-1,-1,-1
6699,-1,-1,-1,-1,-1,-1,-1,-1
6700,-1,-1,-1,-1,-1,-1,-1,-1
6701,-1,-1,-1,-1,-1,-1,-1,-1
6702,-1,-1,-1,-1,-1,-1,-1,-1
6703,-1,-1,-1,-1,-1,-1,-1,-1
6704,-1,-1,-1,-1,-1,-1,-1,-1
6705,-1,-1,-1,-1,-1,-1,-1,-1
6706,-1,-1,-1,-1,-1,-1,-1,-1
6707,-1,-1,-1,-1,-1,-1,-1,-1
6708,-1,-1,-1,-1,-1,-1,-1,-1
6709,-1,-1,-1,-1,-1,-1,-1,-1
6710,-1,-1,-1,-1,-1,-1,-1,-1
6711,-1,-1,-1,-1,-1,-1,-1,-1
6712,-1,-1,-1,-1,-1,-1,-1,-1
6713,-1,-1,-1,-1,-1,-1,-1,-1
6714,-1,-1,-1,-1,-1,-1,-1,-1
6715,-1,-1,-1,-1,-1,-1,-1,-1
6716,-1,-1,-1,-1,-1,-1,-1,-1
6717,-1,-1,-1,-1,-1,-1,-1,-1
6718,-1,-1,-1,-1,-1,-1,-1,-1
6719,-1,-1,-1,-1,-1,-1,-1,-1
6720,-1,-1,-1,-1,-1,-1,-1,-1
6721,-1,-1,-1,-1,-1,-1,-1,-1
6722,-1,-1,-1,-1,-1,-1,-1,-1
6723,-1,-1,-1,-1,-1,-1,-1,-1
6724,-1,-1,-1,-1,-1,-1,-1,-1
6725,-1,-1,-1,-1,-1,-1,-1,-1
6726,-1,-1,-1,-1,-1,-1,-1,-1
6727,-1,-1,-1,-1,-1,-1,-1,-1
6728,-1,-1,-1,-1,-1,-1,-1,-1
6729,10006983,10007271,10007559,10007847,10008135,10008423,10008711,10008999
6730,10006982,10007270,10007558,10007846,10008134,10008422,10008710,10008998
6731,10006981,10007269,10007557,10007845,10008133,10008421,10008709,10008997
6732,10006980,10007268,10007556,10007844,10008132,10008420,10008708,10008996
6733,10006979,10007267,10007555,10007843,10008131,10008419,10008707,10008995
6734,10006978,10007266,10007554,10007842,10008130,10008418,10008706,10008994
6735,10006977,10007265,10007553,10007841,10008129,10008417,10008705,10008993
6736,10006976,10007264,10007552,10007840,10008128,10008416,10008704,10008992
6737,-1,-1,-1,-1,-1,-1,-1,-1
6738,-1,-1,-1,-1,-1,-1,-1,-1
6739,-1,-1,-1,-1,-1,-1,-1,-1
6740,-1,-1,-1,-1,-1,-1,-1,-1
6741,-1,-1,-1,-1,-1,-1,-1,-1
6742,-1,-1,-1,-1,-1,-1,-1,-1
6743,-1,-1,-1,-1,-1,-1,-1,-1
6744,-1,-1,-1,-1,-1,-1,-1,-1
6745,-1,-1,-1,-1,-1,-1,-1,-1
6746,-1,-1,-1,-1,-1,-1,-1,-1
6747,-1,-1,-1,-1,-1,-1,-1,-1
6748,-1,-1,-1,-1,-1,-1,-1,-1
6749,-1,-1,-1,-1,-1,-1,-1,-1
6750,-1,-1,-1,-1,-1,-1,-1,-1
6751,-1,-1,-1,-1,-1,-1,-1,-1
6752,-1,-1,-1,-1,-1,-1,-1,-1
6753,-1,-1,-1,-1,-1,-1,-1,-1
6754,-1,-1,-1,-1,-1,-1,-1,-1
6755,-1,-1,-1,-1,-1,-1,-1,-1
6756,-1,-1,-1,-1,-1,-1,-1,-1
6757,-1,-1,-1,-1,-1,-1,-1,-1
6758,-1,-1,-1,-1,-1,-1,-1,-1
6759,-1,-1,-1,-1,-1,-1,-1,-1
6760,-1,-1,-1,-1,-1,-1,-1,-1
6761,-1,-1,-1,-1,-1,-1,-1,-1
6762,-1,-1,-1,-1,-1,-1,-1,-1
6763,-1,-1,-1,-1,-1,-1,-1,-1
6764,-1,-1,-1,-1,-1,-1,-1,-1
6765,-1,-1,-1,-1,-1,-1,-1,-1
6766,-1,-1,-1,-1,-1,-1,-1,-1
6767,-1,-1,-1,-1,-1,-1,-1,-1
6768,-1,-1,-1,-1,-1,-1,-1,-1
6769,-1,-1,-1,-1,-1,-1,-1,-1
6770,-1,-1,-1,-1,-1,-1,-1,-1
6771,-1,-1,-1,-1,-1,-1,-1,-1
6772,-1,-1,-1,-1,-1,-1,-1,-1
6773,-1,-1,-1,-1,-1,-1,-1,-1
6774,-1,-1,-1,-1,-1,-1,-1,-1
6775,-1,-1,-1,-1,-1,-1,-1,-1
6776,-1,-1,-1,-1,-1,-1,-1,-1
6777,-1,-1,-1,-1,-1,-1,-1,-1
6778,-1,-1,-1,-1,-1,-1,-1,-1
6779,-1,-1,-1,-1,-1,-1,-1,-1
6780,-1,-1,-1,-1,-1,-1,-1,-1
6781,-1,-1,-1,-1,-1,-1,-1,-1
6782,-1,-1,-1,-1,-1,-1,-1,-1
6783,-1,-1,-1,-1,-1,-1,-1,-1
6784,-1,-1,-1,-1,-1,-1,-1,-1
6785,-1,-1,-1,-1,-1,-1,-1,-1
6786,-1,-1,-1,-1,-1,-1,-1,-1
6787,10006991,10007279,10007567,10007855,10008143,10008431,10008719,10009007
6788,10006990,10007278,10007566,10007854,10008142,10008430,10008718,10009006
6789,10006989,10007277,10007565,10007853,10008141,10008429,10008717,10009005
6790,10006988,10007276,10007564,10007852,10008140,10008428,10008716,10009004
6791,10006987,10007275,10007563,10007851,10008139,10008427,10008715,10009003
6792,10006986,10007274,10007562,10007850,10008138,10008426,10008714,10009002
6793,10006985,10007273,10007561,10007849,10008137,10008425,10008713,10009001
6794,10006984,10007272,10007560,10007848,10008136,10008424,10008712,10009000
6795,-1,-1,-1,-1,-1,-1,-1,-1
6796,-1,-1,-1,-1,-1,-1,-1,-1
6797,-1,-1,-1,-1,-1,-1,-1,-1
6798,-1,-1,-1,-1,-1,-1,-1,-1
6799,-1,-1,-1,-1,-1,-1,-1,-1
6800,-1,-1,-1,-1,-1,-1,-1,-1
6801,-1,-1,-1,-1,-1,-1,-1,-1
6802,-1,-1,-1,-1,-1,-1,-1,-1
6803,-1,-1,-1,-1,-1,-1,-1,-1
6804,-1,-1,-1,-1,-1,-1,-1,-1
6805,-1,-1,-1,-1,-1,-1,-1,-1
6806,-1,-1,-1,-1,-1,-1,-1,-1
6807,-1,-1,-1,-1,-1,-1,-1,-1
6808,-1,-1,-1,-1,-1,-1,-1,-1
6809,-1,-1,-1,-1,-1,-1,-1,-1
6810,-1,-1,-1,-1,-1,-1,-1,-1
6811,-1,-1,-1,-1,-1,-1,-1,-1
6812,-1,-1,-1,-1,-1,-1,-1,-1
6813,-1,-1,-1,-1,-1,-1,-1,-1
6814,-1,-1,-1,-1,-1,-1,-1,-1
6815,-1,-1,-1,-1,-1,-1,-1,-1
6816,-1,-1,-1,-1,-1,-1,-1,-1
6817,-1,-1,-1,-1,-1,-1,-1,-1
6818,-1,-1,-1,-1,-1,-1,-1,-1
6819,-1,-1,-1,-1,-1,-1,-1,-1
6820,-1,-1,-1,-1,-1,-1,-1,-1
6821,-1,-1,-1,-1,-1,-1,-1,-1
6822,-1,-1,-1,-1,-1,-1,-1,-1
6823,-1,-1,-1,-1,-1,-1,-1,-1
6824,-1,-1,-1,-1,-1,-1,-1,-1
6825,-1,-1,-1,-1,-1,-1,-1,-1
6826,-1,-1,-1,-1,-1,-1,-1,-1
6827,-1,-1,-1,-1,-1,-1,-1,-1
6828,-1,-1,-1,-1,-1,-1,-1,-1
6829,-1,-1,-1,-1,-1,-1,-1,-1
6830,-1,-1,-1,-1,-1,-1,-1,-1
6831,-1,-1,-1,-1,-1,-1,-1,-1
6832,-1,-1,-1,-1,-1,-1,-1,-1
6833,-1,-1,-1,-1,-1,-1,-1,-1
6834,-1,-1,-1,-1,-1,-1,-1,-1
6835,-1,-1,-1,-1,-1,-1,-1,-1
6836,-1,-1,-1,-1,-1,-1,-1,-1
6837,-1,-1,-1,-1,-1,-1,-1,-1
6838,-1,-1,-1,-1,-1,-1,-1,-1
6839,-1,-1,-1,-1,-1,-1,-1,-1
6840,-1,-1,-1,-1,-1,-1,-1,-1
6841,-1,-1,-1,-1,-1,-1,-1,-1
6842,-1,-1,-1,-1,-1,-1,-1,-1
6843,-1,-1,-1,-1,-1,-1,-1,-1
6844,-1,-1,-1,-1,-1,-1,-1,-1
6845,10006999,10007287,10007575,10007863,10008151,10008439,10008727,10009015
6846,10006998,10007286,10007574,10007862,10008150,10008438,10008726,10009014
6847,10006997,10007285,10007573,10007861,10008149,10008437,10008725,10009013
6848,10006996,10007284,10007572,10007860,10008148,10008436,10008724,10009012
6849,10006995,10007283,10007571,10007859,10008147,10008435,10008723,10009011
6850,10006994,10007282,10007570,10007858,10008146,10008434,10008722,10009010
6851,10006993,10007281,10007569,10007857,10008145,10008433,10008721,10009009
6852,10006992,10007280,10007568,10007856,10008144,10008432,10008720,10009008
6853,-1,-1,-1,-1,-1,-1,-1,-1
6854,-1,-1,-1,-1,-1,-1,-1,-1
6855,-1,-1,-1,-1,-1,-1,-1,-1
6856,-1,-1,-1,-1,-1,-1,-1,-1
6857,-1,-1,-1,-1,-1,-1,-1,-1
6858,-1,-1,-1,-1,-1,-1,-1,-1
6859,-1,-1,-1,-1,-1,-1,-1,-1
6860,-1,-1,-1,-1,-1,-1,-1,-1
6861,-1,-1,-1,-1,-1,-1,-1,-1
6862,-1,-1,-1,-1,-1,-1,-1,-1
6863,-1,-1,-1,-1,-1,-1,-1,-1
6864,-1,-1,-1,-1,-1,-1,-1,-1
6865,-1,-1,-1,-1,-1,-1,-1,-1
6866,-1,-1,-1,-1,-1,-1,-1,-1
6867,-1,-1,-1,-1,-1,-1,-1,-1
6868,-1,-1,-1,-1,-1,-1,-1,-1
6869,-1,-1,-1,-1,-1,-1,-1,-1
6870,-1,-1,-1,-1,-1,-1,-1,-1
6871,-1,-1,-1,-1,-1,-1,-1,-1
6872,-1,-1,-1,-1,-1,-1,-1,-1
6873,-1,-1,-1,-1,-1,-1,-1,-1
6874,-1,-1,-1,-1,-1,-1,-1,-1
6875,-1,-1,-1,-1,-1,-1,-1,-1
6876,-1,-1,-1,-1,-1,-1,-1,-1
6877,-1,-1,-1,-1,-1,-1,-1,-1
6878,-1,-1,-1,-1,-1,-1,-1,-1
6879,-1,-1,-1,-1,-1,-1,-1,-1
6880,-1,-1,-1,-1,-1,-1,-1,-1
6881,-1,-1,-1,-1,-1,-1,-1,-1
6882,-1,-1,-1,-1,-1,-1,-1,-1
6883,-1,-1,-1,-1,-1,-1,-1,-1
6884,-1,-1,-1,-1,-1,-1,-1,-1
6885,-1,-1,-1,-1,-1,-1,-1,-1
6886,-1,-1,-1,-1,-1,-1,-1,-1
6887,-1,-1,-1,-1,-1,-1,-1,-1
6888,-1,-1,-1,-1,-1,-1,-1,-1
6889,-1,-1,-1,-1,-1,-1,-1,-1
6890,-1,-1,-1,-1,-1,-1,-1,-1
6891,-1,-1,-1,-1,-1,-1,-1,-1
6892,-1,-1,-1,-1,-1,-1,-1,-1
6893,-1,-1,-1,-1,-1,-1,-1,-1
6894,-1,-1,-1,-1,-1,-1,-1,-1
6895,-1,-1,-1,-1,-1,-1,-1,-1
6896,-1,-1,-1,-1,-1,-1,-1,-1
6897,-1,-1,-1,-1,-1,-1,-1,-1
6898,-1,-1,-1,-1,-1,-1,-1,-1
6899,-1,-1,-1,-1,-1,-1,-1,-1
6900,-1,-1,-1,-1,-1,-1,-1,-1
6901,-1,-1,-1,-1,-1,-1,-1,-1
6902,-1,-1,-1,-1,-1,-1,-1,-1
6903,10007007,10007295,10007583,10007871,10008159,10008447,10008735,10009023
6904,10007006,10007294,10007582,10007870,10008158,10008446,10008734,10009022
6905,10007005,10007293,10007581,10007869,10008157,10008445,10008733,10009021
6906,10007004,10007292,10007580,10007868,10008156,10008444,10008732,10009020
6907,10007003,10007291,10007579,10007867,10008155,10008443,10008731,10009019
6908,10007002,10007290,10007578,10007866,10008154,10008442,10008730,10009018
6909,10007001,10007289,10007577,10007865,10008153,10008441,10008729,10009017
6910,10007000,10007288,10007576,10007864,10008152,10008440,10008728,10009016
6911,-1,-1,-1,-1,-1,-1,-1,-1
6912,-1,-1,-1,-1,-1,-1,-1,-1
6913,-1,-1,-1,-1,-1,-1,-1,-1
6914,-1,-1,-1,-1,-1,-1,-1,-1
6915,-1,-1,-1,-1,-1,-1,-1,-1
6916,-1,-1,-1,-1,-1,-1,-1,-1
6917,-1,-1,-1,-1,-1,-1,-1,-1
6918,-1,-1,-1,-1,-1,-1,-1,-1
6919,-1,-1,-1,-1,-1,-1,-1,-1
6920,-1,-1,-1,-1,-1,-1,-1,-1
6921,-1,-1,-1,-1,-1,-1,-1,-1
6922,-1,-1,-1,-1,-1,-1,-1,-1
6923,-1,-1,-1,-1,-1,-1,-1,-1
6924,-1,-1,-1,-1,-1,-1,-1,-1
6925,-1,-1,-1,-1,-1,-1,-1,-1
6926,-1,-1,-1,-1,-1,-1,-1,-1
6927,-1,-1,-1,-1,-1,-1,-1,-1
6928,-1,-1,-1,-1,-1,-1,-1,-1
6929,-1,-1,-1,-1,-1,-1,-1,-1
6930,-1,-1,-1,-1,-1,-1,-1,-1
6931,-1,-1,-1,-1,-1,-1,-1,-1
6932,-1,-1,-1,-1,-1,-1,-1,-1
6933,-1,-1,-1,-1,-1,-1,-1,-1
6934,-1,-1,-1,-1,-1,-1,-1,-1
6935,-1,-1,-1,-1,-1,-1,-1,-1
6936,-1,-1,-1,-1,-1,-1,-1,-1
6937,-1,-1,-1,-1,-1,-1,-1,-1
6938,-1,-1,-1,-1,-1,-1,-1,-1
6939,-1,-1,-1,-1,-1,-1,-1,-1
6940,-1,-1,-1,-1,-1,-1,-1,-1
6941,-1,-1,-1,-1,-1,-1,-1,-1
6942,-1,-1,-1,-1,-1,-1,-1,-1
6943,-1,-1,-1,-1,-1,-1,-1,-1
6944,-1,-1,-1,-1,-1,-1,-1,-1
6945,-1,-1,-1,-1,-1,-1,-1,-1
6946,-1,-1,-1,-1,-1,-1,-1,-1
6947,-1,-1,-1,-1,-1,-1,-1,-1
6948,-1,-1,-1,-1,-1,-1,-1,-1
6949,-1,-1,-1,-1,-1,-1,-1,-1
6950,-1,-1,-1,-1,-1,-1,-1,-1
6951,-1,-1,-1,-1,-1,-1,-1,-1
6952,-1,-1,-1,-1,-1,-1,-1,-1
6953,-1,-1,-1,-1,-1,-1,-1,-1
6954,-1,-1,-1,-1,-1,-1,-1,-1
6955,-1,-1,-1,-1,-1,-1,-1,-1
6956,-1,-1,-1,-1,-1,-1,-1,-1
6957,-1,-1,-1,-1,-1,-1,-1,-1
6958,-1,-1,-1,-1,-1,-1,-1,-1
6959,-1,-1,-1,-1,-1,-1,-1,-1
6960,-1,-1,-1,-1,-1,-1,-1,-1
6961,10007015,10007303,10007591,10007879,10008167,10008455,10008743,10009031
6962,10007014,10007302,10007590,10007878,10008166,10008454,10008742,10009030
6963,10007013,10007301,10007589,10007877,10008165,10008453,10008741,10009029
6964,10007012,10007300,10007588,10007876,10008164,10008452,10008740,10009028
6965,10007011,10007299,10007587,10007875,10008163,10008451,10008739,10009027
6966,10007010,10007298,10007586,10007874,10008162,10008450,10008738,10009026
6967,10007009,10007297,10007585,10007873,10008161,10008449,10008737,10009025
6968,10007008,10007296,10007584,10007872,10008160,10008448,10008736,10009024
6969,-1,-1,-1,-1,-1,-1,-1,-1
6970,-1,-1,-1,-1,-1,-1,-1,-1
6971,-1,-1,-1,-1,-1,-1,-1,-1
6972,-1,-1,-1,-1,-1,-1,-1,-1
6973,-1,-1,-1,-1,-1,-1,-1,-1
6974,-1,-1,-1,-1,-1,-1,-1,-1
6975,-1,-1,-1,-1,-1,-1,-1,-1
6976,-1,-1,-1,-1,-1,-1,-1,-1
6977,-1,-1,-1,-1,-1,-1,-1,-1
6978,-1,-1,-1,-1,-1,-1,-1,-1
6979,-1,-1,-1,-1,-1,-1,-1,-1
6980,-1,-1,-1,-1,-1,-1,-1,-1
6981,-1,-1,-1,-1,-1,-1,-1,-1
6982,-1,-1,-1,-1,-1,-1,-1,-1
6983,-1,-1,-1,-1,-1,-1,-1,-1
6984,-1,-1,-1,-1,-1,-1,-1,-1
6985,-1,-1,-1,-1,-1,-1,-1,-1
6986,-1,-1,-1,-1,-1,-1,-1,-1
6987,-1,-1,-1,-1,-1,-1,-1,-1
6988,-1,-1,-1,-1,-1,-1,-1,-1
6989,-1,-1,-1,-1,-1,-1,-1,-1
6990,-1,-1,-1,-1,-1,-1,-1,-1
6991,-1,-1,-1,-1,-1,-1,-1,-1
6992,-1,-1,-1,-1,-1,-1,-1,-1
6993,-1,-1,-1,-1,-1,-1,-1,-1
6994,-1,-1,-1,-1,-1,-1,-1,-1
6995,-1,-1,-1,-1,-1,-1,-1,-1
6996,-1,-1,-1,-1,-1,-1,-1,-1
6997,-1,-1,-1,-1,-1,-1,-1,-1
6998,-1,-1,-1,-1,-1,-1,-1,-1
6999,-1,-1,-1,-1,-1,-1,-1,-1
7000,-1,-1,-1,-1,-1,-1,-1,-1
7001,-1,-1,-1,-1,-1,-1,-1,-1
7002,-1,-1,-1,-1,-1,-1,-1,-1
7003,-1,-1,-1,-1,-1,-1,-1,-1
7004,-1,-1,-1,-1,-1,-1,-1,-1
7005,-1,-1,-1,-1,-1,-1,-1,-1
7006,-1,-1,-1,-1,-1,-1,-1,-1
7007,-1,-1,-1,-1,-1,-1,-1,-1
7008,-1,-1,-1,-1,-1,-1,-1,-1
7009,-1,-1,-1,-1,-1,-1,-1,-1
7010,-1,-1,-1,-1,-1,-1,-1,-1
7011,-1,-1,-1,-1,-1,-1,-1,-1
7012,-1,-1,-1,-1,-1,-1,-1,-1
7013,-1,-1,-1,-1,-1,-1,-1,-1
7014,-1,-1,-1,-1,-1,-1,-1,-1
7015,-1,-1,-1,-1,-1,-1,-1,-1
7016,-1,-1,-1,-1,-1,-1,-1,-1
7017,-1,-1,-1,-1,-1,-1,-1,-1
7018,-1,-1,-1,-1,-1,-1,-1,-1
7019,10007023,10007311,10007599,10007887,10008175,10008463,10008751,10009039
7020,10007022,10007310,10007598,10007886,10008174,10008462,10008750,10009038
7021,10007021,10007309,10007597,10007885,10008173,10008461,10008749,10009037
7022,10007020,10007308,10007596,10007884,10008172,10008460,10008748,10009036
7023,10007019,10007307,10007595,10007883,10008171,10008459,10008747,10009035
7024,10007018,10007306,10007594,10007882,10008170,10008458,10008746,10009034
7025,10007017,10007305,10007593,10007881,10008169,10008457,10008745,10009033
7026,10007016,10007304,10007592,10007880,10008168,10008456,10008744,10009032
7027,-1,-1,-1,-1,-1,-1,-1,-1
7028,-1,-1,-1,-1,-1,-1,-1,-1
7029,-1,-1,-1,-1,-1,-1,-1,-1
7030,-1,-1,-1,-1,-1,-1,-1,-1
7031,-1,-1,-1,-1,-1,-1,-1,-1
7032,-1,-1,-1,-1,-1,-1,-1,-1
7033,-1,-1,-1,-1,-1,-1,-1,-1
7034,-1,-1,-1,-1,-1,-1,-1,-1
7035,-1,-1,-1,-1,-1,-1,-1,-1
7036,-1,-1,-1,-1,-1,-1,-1,-1
7037,-1,-1,-1,-1,-1,-1,-1,-1
7038,-1,-1,-1,-1,-1,-1,-1,-1
7039,-1,-1,-1,-1,-1,-1,-1,-1
7040,-1,-1,-1,-1,-1,-1,-1,-1
7041,-1,-1,-1,-1,-1,-1,-1,-1
7042,-1,-1,-1,-1,-1,-1,-1,-1
7043,-1,-1,-1,-1,-1,-1,-1,-1
7044,-1,-1,-1,-1,-1,-1,-1,-1
7045,-1,-1,-1,-1,-1,-1,-1,-1
7046,-1,-1,-1,-1,-1,-1,-1,-1
7047,-1,-1,-1,-1,-1,-1,-1,-1
7048,-1,-1,-1,-1,-1,-1,-1,-1
7049,-1,-1,-1,-1,-1,-1,-1,-1
7050,-1,-1,-1,-1,-1,-1,-1,-1
7051,-1,-1,-1,-1,-1,-1,-1,-1
7052,-1,-1,-1,-1,-1,-1,-1,-1
7053,-1,-1,-1,-1,-1,-1,-1,-1
7054,-1,-1,-1,-1,-1,-1,-1,-1
7055,-1,-1,-1,-1,-1,-1,-1,-1
7056,-1,-1,-1,-1,-1,-1,-1,-1
7057,-1,-1,-1,-1,-1,-1,-1,-1
7058,-1,-1,-1,-1,-1,-1,-1,-1
7059,-1,-1,-1,-1,-1,-1,-1,-1
7060,-1,-1,-1,-1,-1,-1,-1,-1
7061,-1,-1,-1,-1,-1,-1,-1,-1
7062,-1,-1,-1,-1,-1,-1,-1,-1
7063,-1,-1,-1,-1,-1,-1,-1,-1
7064,-1,-1,-1,-1,-1,-1,-1,-1
7065,-1,-1,-1,-1,-1,-1,-1,-1
7066,-1,-1,-1,-1,-1,-1,-1,-1
7067,-1,-1,-1,-1,-1,-1,-1,-1
7068,-1,-1,-1,-1,-1,-1,-1,-1
7069,-1,-1,-1,-1,-1,-1,-1,-1
7070,-1,-1,-1,-1,-1,-1,-1,-1
7071,-1,-1,-1,-1,-1,-1,-1,-1
7072,-1,-1,-1,-1,-1,-1,-1,-1
7073,-1,-1,-1,-1,-1,-1,-1,-1
7074,-1,-1,-1,-1,-1,-1,-1,-1
7075,-1,-1,-1,-1,-1,-1,-1,-1
7076,-1,-1,-1,-1,-1,-1,-1,-1
7077,10007031,10007319,10007607,10007895,10008183,10008471,10008759,10009047
7078,10007030,10007318,10007606,10007894,10008182,10008470,10008758,10009046
7079,10007029,10007317,10007605,10007893,10008181,10008469,10008757,10009045
7080,10007028,10007316,10007604,10007892,10008180,10008468,10008756,10009044
7081,10007027,10007315,10007603,10007891,10008179,10008467,10008755,10009043
7082,10007026,10007314,10007602,10007890,10008178,10008466,10008754,10009042
7083,10007025,10007313,10007601,10007889,10008177,10008465,10008753,10009041
7084,10007024,10007312,10007600,10007888,10008176,10008464,10008752,10009040
7085,-1,-1,-1,-1,-1,-1,-1,-1
7086,-1,-1,-1,-1,-1,-1,-1,-1
7087,-1,-1,-1,-1,-1,-1,-1,-1
7088,-1,-1,-1,-1,-1,-1,-1,-1
7089,-1,-1,-1,-1,-1,-1,-1,-1
7090,-1,-1,-1,-1,-1,-1,-1,-1
7091,-1,-1,-1,-1,-1,-1,-1,-1
7092,-1,-1,-1,-1,-1,-1,-1,-1
7093,-1,-1,-1,-1,-1,-1,-1,-1
7094,-1,-1,-1,-1,-1,-1,-1,-1
7095,-1,-1,-1,-1,-1,-1,-1,-1
7096,-1,-1,-1,-1,-1,-1,-1,-1
7097,-1,-1,-1,-1,-1,-1,-1,-1
7098,-1,-1,-1,-1,-1,-1,-1,-1
7099,-1,-1,-1,-1,-1,-1,-1,-1
7100,-1,-1,-1,-1,-1,-1,-1,-1
7101,-1,-1,-1,-1,-1,-1,-1,-1
7102,-1,-1,-1,-1,-1,-1,-1,-1
7103,-1,-1,-1,-1,-1,-1,-1,-1
7104,-1,-1,-1,-1,-1,-1,-1,-1
7105,-1,-1,-1,-1,-1,-1,-1,-1
7106,-1,-1,-1,-1,-1,-1,-1,-1
7107,-1,-1,-1,-1,-1,-1,-1,-1
7108,-1,-1,-1,-1,-1,-1,-1,-1
7109,-1,-1,-1,-1,-1,-1,-1,-1
7110,-1,-1,-1,-1,-1,-1,-1,-1
7111,-1,-1,-1,-1,-1,-1,-1,-1
7112,-1,-1,-1,-1,-1,-1,-1,-1
7113,-1,-1,-1,-1,-1,-1,-1,-1
7114,-1,-1,-1,-1,-1,-1,-1,-1
7115,-1,-1,-1,-1,-1,-1,-1,-1
7116,-1,-1,-1,-1,-1,-1,-1,-1
7117,-1,-1,-1,-1,-1,-1,-1,-1
7118,-1,-1,-1,-1,-1,-1,-1,-1
7119,-1,-1,-1,-1,-1,-1,-1,-1
7120,-1,-1,-1,-1,-1,-1,-1,-1
7121,-1,-1,-1,-1,-1,-1,-1,-1
7122,-1,-1,-1,-1,-1,-1,-1,-1
7123,-1,-1,-1,-1,-1,-1,-1,-1
7124,-1,-1,-1,-1,-1,-1,-1,-1
7125,-1,-1,-1,-1,-1,-1,-1,-1
7126,-1,-1,-1,-1,-1,-1,-1,-1
7127,-1,-1,-1,-1,-1,-1,-1,-1
7128,-1,-1,-1,-1,-1,-1,-1,-1
7129,-1,-1,-1,-1,-1,-1,-1,-1
7130,-1,-1,-1,-1,-1,-1,-1,-1
7131,-1,-1,-1,-1,-1,-1,-1,-1
7132,-1,-1,-1,-1,-1,-1,-1,-1
7133,-1,-1,-1,-1,-1,-1,-1,-1
7134,-1,-1,-1,-1,-1,-1,-1,-1
7135,10007039,10007327,10007615,10007903,10008191,10008479,10008767,10009055
7136,10007038,10007326,10007614,10007902,10008190,10008478,10008766,10009054
7137,10007037,10007325,10007613,10007901,10008189,10008477,10008765,10009053
7138,10007036,10007324,10007612,10007900,10008188,10008476,10008764,10009052
7139,10007035,10007323,10007611,10007899,10008187,10008475,10008763,10009051
7140,10007034,10007322,10007610,10007898,10008186,10008474,10008762,10009050
7141,10007033,10007321,10007609,10007897,10008185,10008473,10008761,10009049
7142,10007032,10007320,10007608,10007896,10008184,10008472,10008760,10009048
7143,-1,-1,-1,-1,-1,-1,-1,-1
7144,-1,-1,-1,-1,-1,-1,-1,-1
7145,-1,-1,-1,-1,-1,-1,-1,-1
7146,-1,-1,-1,-1,-1,-1,-1,-1
7147,-1,-1,-1,-1,-1,-1,-1,-1
7148,-1,-1,-1,-1,-1,-1,-1,-1
7149,-1,-1,-1,-1,-1,-1,-1,-1
7150,-1,-1,-1,-1,-1,-1,-1,-1
7151,-1,-1,-1,-1,-1,-1,-1,-1
7152,-1,-1,-1,-1,-1,-1,-1,-1
7153,-1,-1,-1,-1,-1,-1,-1,-1
7154,-1,-1,-1,-1,-1,-1,-1,-1
7155,-1,-1,-1,-1,-1,-1,-1,-1
7156,-1,-1,-1,-1,-1,-1,-1,-1
7157,-1,-1,-1,-1,-1,-1,-1,-1
7158,-1,-1,-1,-1,-1,-1,-1,-1
7159,-1,-1,-1,-1,-1,-1,-1,-1
7160,-1,-1,-1,-1,-1,-1,-1,-1
7161,-1,-1,-1,-1,-1,-1,-1,-1
7162,-1,-1,-1,-1,-1,-1,-1,-1
7163,-1,-1,-1,-1,-1,-1,-1,-1
7164,-1,-1,-1,-1,-1,-1,-1,-1
7165,-1,-1,-1,-1,-1,-1,-1,-1
7166,-1,-1,-1,-1,-1,-1,-1,-1
7167,-1,-1,-1,-1,-1,-1,-1,-1
7168,-1,-1,-1,-1,-1,-1,-1,-1
7169,-1,-1,-1,-1,-1,-1,-1,-1
7170,-1,-1,-1,-1,-1,-1,-1,-1
7171,-1,-1,-1,-1,-1,-1,-1,-1
7172,-1,-1,-1,-1,-1,-1,-1,-1
7173,-1,-1,-1,-1,-1,-1,-1,-1
7174,-1,-1,-1,-1,-1,-1,-1,-1
7175,-1,-1,-1,-1,-1,-1,-1,-1
7176,-1,-1,-1,-1,-1,-1,-1,-1
7177,-1,-1,-1,-1,-1,-1,-1,-1
7178,-1,-1,-1,-1,-1,-1,-1,-1
7179,-1,-1,-1,-1,-1,-1,-1,-1
7180,-1,-1,-1,-1,-1,-1,-1,-1
7181,-1,-1,-1,-1,-1,-1,-1,-1
7182,-1,-1,-1,-1,-1,-1,-1,-1
7183,-1,-1,-1,-1,-1,-1,-1,-1
7184,-1,-1,-1,-1,-1,-1,-1,-1
7185,-1,-1,-1,-1,-1,-1,-1,-1
7186,-1,-1,-1,-1,-1,-1,-1,-1
7187,-1,-1,-1,-1,-1,-1,-1,-1
7188,-1,-1,-1,-1,-1,-1,-1,-1
7189,-1,-1,-1,-1,-1,-1,-1,-1
7190,-1,-1,-1,-1,-1,-1,-1,-1
7191,-1,-1,-1,-1,-1,-1,-1,-1
7192,-1,-1,-1,-1,-1,-1,-1,-1
7193,10007047,10007335,10007623,10007911,10008199,10008487,10008775,10009063
7194,10007046,10007334,10007622,10007910,10008198,10008486,10008774,10009062
7195,10007045,10007333,10007621,10007909,10008197,10008485,10008773,10009061
7196,10007044,10007332,10007620,10007908,10008196,10008484,10008772,10009060
7197,10007043,10007331,10007619,10007907,10008195,10008483,10008771,10009059
7198,10007042,10007330,10007618,10007906,10008194,10008482,10008770,10009058
7199,10007041,10007329,10007617,10007905,10008193,10008481,10008769,10009057
7200,10007040,10007328,10007616,10007904,10008192,10008480,10008768,10009056
7201,-1,-1,-1,-1,-1,-1,-1,-1
7202,-1,-1,-1,-1,-1,-1,-1,-1
7203,-1,-1,-1,-1,-1,-1,-1,-1
7204,-1,-1,-1,-1,-1,-1,-1,-1
7205,-1,-1,-1,-1,-1,-1,-1,-1
7206,-1,-1,-1,-1,-1,-1,-1,-1
7207,-1,-1,-1,-1,-1,-1,-1,-1
7208,-1,-1,-1,-1,-1,-1,-1,-1
7209,-1,-1,-1,-1,-1,-1,-1,-1
7210,-1,-1,-1,-1,-1,-1,-1,-1
7211,-1,-1,-1,-1,-1,-1,-1,-1
7212,-1,-1,-1,-1,-1,-1,-1,-1
7213,-1,-1,-1,-1,-1,-1,-1,-1
7214,-1,-1,-1,-1,-1,-1,-1,-1
7215,-1,-1,-1,-1,-1,-1,-1,-1
7216,-1,-1,-1,-1,-1,-1,-1,-1
7217,-1,-1,-1,-1,-1,-1,-1,-1
7218,-1,-1,-1,-1,-1,-1,-1,-1
7219,-1,-1,-1,-1,-1,-1,-1,-1
7220,-1,-1,-1,-1,-1,-1,-1,-1
7221,-1,-1,-1,-1,-1,-1,-1,-1
7222,-1,-1,-1,-1,-1,-1,-1,-1
7223,-1,-1,-1,-1,-1,-1,-1,-1
7224,-1,-1,-1,-1,-1,-1,-1,-1
7225,-1,-1,-1,-1,-1,-1,-1,-1
7226,-1,-1,-1,-1,-1,-1,-1,-1
7227,-1,-1,-1,-1,-1,-1,-1,-1
7228,-1,-1,-1,-1,-1,-1,-1,-1
7229,-1,-1,-1,-1,-1,-1,-1,-1
7230,-1,-1,-1,-1,-1,-1,-1,-1
7231,-1,-1,-1,-1,-1,-1,-1,-1
7232,-1,-1,-1,-1,-1,-1,-1,-1
7233,-1,-1,-1,-1,-1,-1,-1,-1
7234,-1,-1,-1,-1,-1,-1,-1,-1
7235,-1,-1,-1,-1,-1,-1,-1,-1
7236,-1,-1,-1,-1,-1,-1,-1,-1
7237,-1,-1,-1,-1,-1,-1,-1,-1
7238,-1,-1,-1,-1,-1,-1,-1,-1
7239,-1,-1,-1,-1,-1,-1,-1,-1
7240,-1,-1,-1,-1,-1,-1,-1,-1
7241,-1,-1,-1,-1,-1,-1,-1,-1
7242,-1,-1,-1,-1,-1,-1,-1,-1
7243,-1,-1,-1,-1,-1,-1,-1,-1
7244,-1,-1,-1,-1,-1,-1,-1,-1
7245,-1,-1,-1,-1,-1,-1,-1,-1
7246,-1,-1,-1,-1,-1,-1,-1,-1
7247,-1,-1,-1,-1,-1,-1,-1,-1
7248,-1,-1,-1,-1,-1,-1,-1,-1
7249,-1,-1,-1,-1,-1,-1,-1,-1
7250,-1,-1,-1,-1,-1,-1,-1,-1
7251,10007055,10007343,10007631,10007919,10008207,10008495,10008783,10009071
7252,10007054,10007342,10007630,10007918,10008206,10008494,10008782,10009070
7253,10007053,10007341,10007629,10007917,10008205,10008493,10008781,10009069
7254,10007052,10007340,10007628,10007916,10008204,10008492,10008780,10009068
7255,10007051,10007339,10007627,10007915,10008203,10008491,10008779,10009067
7256,10007050,10007338,10007626,10007914,10008202,10008490,10008778,10009066
7257,10007049,10007337,10007625,10007913,10008201,10008489,10008777,10009065
7258,10007048,10007336,10007624,10007912,10008200,10008488,10008776,10009064
7259,-1,-1,-1,-1,-1,-1,-1,-1
7260,-1,-1,-1,-1,-1,-1,-1,-1
7261,-1,-1,-1,-1,-1,-1,-1,-1
7262,-1,-1,-1,-1,-1,-1,-1,-1
7263,-1,-1,-1,-1,-1,-1,-1,-1
7264,-1,-1,-1,-1,-1,-1,-1,-1
7265,-1,-1,-1,-1,-1,-1,-1,-1
7266,-1,-1,-1,-1,-1,-1,-1,-1
7267,-1,-1,-1,-1,-1,-1,-1,-1
7268,-1,-1,-1,-1,-1,-1,-1,-1
7269,-1,-1,-1,-1,-1,-1,-1,-1
7270,-1,-1,-1,-1,-1,-1,-1,-1
7271,-1,-1,-1,-1,-1,-1,-1,-1
7272,-1,-1,-1,-1,-1,-1,-1,-1
7273,-1,-1,-1,-1,-1,-1,-1,-1
7274,-1,-1,-1,-1,-1,-1,-1,-1
7275,-1,-1,-1,-1,-1,-1,-1,-1
7276,-1,-1,-1,-1,-1,-1,-1,-1
7277,-1,-1,-1,-1,-1,-1,-1,-1
7278,-1,-1,-1,-1,-1,-1,-1,-1
7279,-1,-1,-1,-1,-1,-1,-1,-1
7280,-1,-1,-1,-1,-1,-1,-1,-1
7281,-1,-1,-1,-1,-1,-1,-1,-1
7282,-1,-1,-1,-1,-1,-1,-1,-1
7283,-1,-1,-1,-1,-1,-1,-1,-1
7284,-1,-1,-1,-1,-1,-1,-1,-1
7285,-1,-1,-1,-1,-1,-1,-1,-1
7286,-1,-1,-1,-1,-1,-1,-1,-1
7287,-1,-1,-1,-1,-1,-1,-1,-1
7288,-1,-1,-1,-1,-1,-1,-1,-1
7289,-1,-1,-1,-1,-1,-1,-1,-1
7290,-1,-1,-1,-1,-1,-1,-1,-1
7291,-1,-1,-1,-1,-1,-1,-1,-1
7292,-1,-1,-1,-1,-1,-1,-1,-1
7293,-1,-1,-1,-1,-1,-1,-1,-1
7294,-1,-1,-1,-1,-1,-1,-1,-1
7295,-1,-1,-1,-1,-1,-1,-1,-1
7296,-1,-1,-1,-1,-1,-1,-1,-1
7297,-1,-1,-1,-1,-1,-1,-1,-1
7298,-1,-1,-1,-1,-1,-1,-1,-1
7299,-1,-1,-1,-1,-1,-1,-1,-1
7300,-1,-1,-1,-1,-1,-1,-1,-1
7301,-1,-1,-1,-1,-1,-1,-1,-1
7302,-1,-1,-1,-1,-1,-1,-1,-1
7303,-1,-1,-1,-1,-1,-1,-1,-1
7304,-1,-1,-1,-1,-1,-1,-1,-1
7305,-1,-1,-1,-1,-1,-1,-1,-1
7306,-1,-1,-1,-1,-1,-1,-1,-1
7307,-1,-1,-1,-1,-1,-1,-1,-1
7308,-1,-1,-1,-1,-1,-1,-1,-1
7309,10007063,10007351,10007639,10007927,10008215,10008503,10008791,10009079
7310,10007062,10007350,10007638,10007926,10008214,10008502,10008790,10009078
7311,10007061,10007349,10007637,10007925,10008213,10008501,10008789,10009077
7312,10007060,10007348,10007636,10007924,10008212,10008500,10008788,10009076
7313,10007059,10007347,10007635,10007923,10008211,10008499,10008787,10009075
7314,10007058,10007346,10007634,10007922,10008210,10008498,10008786,10009074
7315,10007057,10007345,10007633,10007921,10008209,10008497,10008785,10009073
7316,10007056,10007344,10007632,10007920,10008208,10008496,10008784,10009072
7317,-1,-1,-1,-1,-1,-1,-1,-1
7318,-1,-1,-1,-1,-1,-1,-1,-1
7319,-1,-1,-1,-1,-1,-1,-1,-1
7320,-1,-1,-1,-1,-1,-1,-1,-1
7321,-1,-1,-1,-1,-1,-1,-1,-1
7322,-1,-1,-1,-1,-1,-1,-1,-1
7323,-1,-1,-1,-1,-1,-1,-1,-1
7324,-1,-1,-1,-1,-1,-1,-1,-1
7325,-1,-1,-1,-1,-1,-1,-1,-1
7326,-1,-1,-1,-1,-1,-1,-1,-1
7327,-1,-1,-1,-1,-1,-1,-1,-1
7328,-1,-1,-1,-1,-1,-1,-1,-1
7329,-1,-1,-1,-1,-1,-1,-1,-1
7330,-1,-1,-1,-1,-1,-1,-1,-1
7331,-1,-1,-1,-1,-1,-1,-1,-1
7332,-1,-1,-1,-1,-1,-1,-1,-1
7333,-1,-1,-1,-1,-1,-1,-1,-1
7334,-1,-1,-1,-1,-1,-1,-1,-1
7335,-1,-1,-1,-1,-1,-1,-1,-1
7336,-1,-1,-1,-1,-1,-1,-1,-1
7337,-1,-1,-1,-1,-1,-1,-1,-1
7338,-1,-1,-1,-1,-1,-1,-1,-1
7339,-1,-1,-1,-1,-1,-1,-1,-1
7340,-1,-1,-1,-1,-1,-1,-1,-1
7341,-1,-1,-1,-1,-1,-1,-1,-1
7342,-1,-1,-1,-1,-1,-1,-1,-1
7343,-1,-1,-1,-1,-1,-1,-1,-1
7344,-1,-1,-1,-1,-1,-1,-1,-1
7345,-1,-1,-1,-1,-1,-1,-1,-1
7346,-1,-1,-1,-1,-1,-1,-1,-1
7347,-1,-1,-1,-1,-1,-1,-1,-1
7348,-1,-1,-1,-1,-1,-1,-1,-1
7349,-1,-1,-1,-1,-1,-1,-1,-1
7350,-1,-1,-1,-1,-1,-1,-1,-1
7351,-1,-1,-1,-1,-1,-1,-1,-1
7352,-1,-1,-1,-1,-1,-1,-1,-1
7353,-1,-1,-1,-1,-1,-1,-1,-1
7354,-1,-1,-1,-1,-1,-1,-1,-1
7355,-1,-1,-1,-1,-1,-1,-1,-1
7356,-1,-1,-1,-1,-1,-1,-1,-1
7357,-1,-1,-1,-1,-1,-1,-1,-1
7358,-1,-1,-1,-1,-1,-1,-1,-1
7359,-1,-1,-1,-1,-1,-1,-1,-1
7360,-1,-1,-1,-1,-1,-1,-1,-1
7361,-1,-1,-1,-1,-1,-1,-1,-1
7362,-1,-1,-1,-1,-1,-1,-1,-1
7363,-1,-1,-1,-1,-1,-1,-1,-1
7364,-1,-1,-1,-1,-1,-1,-1,-1
7365,-1,-1,-1,-1,-1,-1,-1,-1
7366,-1,-1,-1,-1,-1,-1,-1,-1
7367,10007071,10007359,10007647,10007935,10008223,10008511,10008799,10009087
7368,10007070,10007358,10007646,10007934,10008222,10008510,10008798,10009086
7369,10007069,10007357,10007645,10007933,10008221,10008509,10008797,10009085
7370,10007068,10007356,10007644,10007932,10008220,10008508,10008796,10009084
7371,10007067,10007355,10007643,10007931,10008219,10008507,10008795,10009083
7372,10007066,10007354,10007642,10007930,10008218,10008506,10008794,10009082
7373,10007065,10007353,10007641,10007929,10008217,10008505,10008793,10009081
7374,10007064,10007352,10007640,10007928,10008216,10008504,10008792,10009080
7375,-1,-1,-1,-1,-1,-1,-1,-1
7376,-1,-1,-1,-1,-1,-1,-1,-1
7377,-1,-1,-1,-1,-1,-1,-1,-1
7378,-1,-1,-1,-1,-1,-1,-1,-1
7379,-1,-1,-1,-1,-1,-1,-1,-1
7380,-1,-1,-1,-1,-1,-1,-1,-1
7381,-1,-1,-1,-1,-1,-1,-1,-1
7382,-1,-1,-1,-1,-1,-1,-1,-1
7383,-1,-1,-1,-1,-1,-1,-1,-1
7384,-1,-1,-1,-1,-1,-1,-1,-1
7385,-1,-1,-1,-1,-1,-1,-1,-1
7386,-1,-1,-1,-1,-1,-1,-1,-1
7387,-1,-1,-1,-1,-1,-1,-1,-1
7388,-1,-1,-1,-1,-1,-1,-1,-1
7389,-1,-1,-1,-1,-1,-1,-1,-1
7390,-1,-1,-1,-1,-1,-1,-1,-1
7391,-1,-1,-1,-1,-1,-1,-1,-1
7392,-1,-1,-1,-1,-1,-1,-1,-1
7393,-1,-1,-1,-1,-1,-1,-1,-1
7394,-1,-1,-1,-1,-1,-1,-1,-1
7395,-1,-1,-1,-1,-1,-1,-1,-1
7396,-1,-1,-1,-1,-1,-1,-1,-1
7397,-1,-1,-1,-1,-1,-1,-1,-1
7398,-1,-1,-1,-1,-1,-1,-1,-1
7399,-1,-1,-1,-1,-1,-1,-1,-1
7400,-1,-1,-1,-1,-1,-1,-1,-1
7401,-1,-1,-1,-1,-1,-1,-1,-1
7402,-1,-1,-1,-1,-1,-1,-1,-1
7403,-1,-1,-1,-1,-1,-1,-1,-1
7404,-1,-1,-1,-1,-1,-1,-1,-1
7405,-1,-1,-1,-1,-1,-1,-1,-1
7406,-1,-1,-1,-1,-1,-1,-1,-1
7407,-1,-1,-1,-1,-1,-1,-1,-1
7408,-1,-1,-1,-1,-1,-1,-1,-1
7409,-1,-1,-1,-1,-1,-1,-1,-1
7410,-1,-1,-1,-1,-1,-1,-1,-1
7411,-1,-1,-1,-1,-1,-1,-1,-1
7412,-1,-1,-1,-1,-1,-1,-1,-1
7413,-1,-1,-1,-1,-1,-1,-1,-1
7414,-1,-1,-1,-1,-1,-1,-1,-1
7415,-1,-1,-1,-1,-1,-1,-1,-1
7416,-1,-1,-1,-1,-1,-1,-1,-1
7417,-1,-1,-1,-1,-1,-1,-1,-1
7418,-1,-1,-1,-1,-1,-1,-1,-1
7419,-1,-1,-1,-1,-1,-1,-1,-1
7420,-1,-1,-1,-1,-1,-1,-1,-1
7421,-1,-1,-1,-1,-1,-1,-1,-1
7422,-1,-1,-1,-1,-1,-1,-1,-1
7423,-1,-1,-1,-1,-1,-1,-1,-1
7424,-1,-1,-1,-1,-1,-1,-1,-1
7425,10007079,10007367,10007655,10007943,10008231,10008519,10008807,10009095
7426,10007078,10007366,10007654,10007942,10008230,10008518,10008806,10009094
7427,10007077,10007365,10007653,10007941,10008229,10008517,10008805,10009093
7428,10007076,10007364,10007652,10007940,10008228,10008516,10008804,10009092
7429,10007075,10007363,10007651,10007939,10008227,10008515,10008803,10009091
7430,10007074,10007362,10007650,10007938,10008226,10008514,10008802,10009090
7431,10007073,10007361,10007649,10007937,10008225,10008513,10008801,10009089
7432,10007072,10007360,10007648,10007936,10008224,10008512,10008800,10009088
7433,-1,-1,-1,-1,-1,-1,-1,-1
7434,-1,-1,-1,-1,-1,-1,-1,-1
7435,-1,-1,-1,-1,-1,-1,-1,-1
7436,-1,-1,-1,-1,-1,-1,-1,-1
7437,-1,-1,-1,-1,-1,-1,-1,-1
7438,-1,-1,-1,-1,-1,-1,-1,-1
7439,-1,-1,-1,-1,-1,-1,-1,-1
7440,-1,-1,-1,-1,-1,-1,-1,-1
7441,-1,-1,-1,-1,-1,-1,-1,-1
7442,-1,-1,-1,-1,-1,-1,-1,-1
7443,-1,-1,-1,-1,-1,-1,-1,-1
7444,-1,-1,-1,-1,-1,-1,-1,-1
7445,-1,-1,-1,-1,-1,-1,-1,-1
7446,-1,-1,-1,-1,-1,-1,-1,-1
7447,-1,-1,-1,-1,-1,-1,-1,-1
7448,-1,-1,-1,-1,-1,-1,-1,-1
7449,-1,-1,-1,-1,-1,-1,-1,-1
7450,-1,-1,-1,-1,-1,-1,-1,-1
7451,-1,-1,-1,-1,-1,-1,-1,-1
7452,-1,-1,-1,-1,-1,-1,-1,-1
7453,-1,-1,-1,-1,-1,-1,-1,-1
7454,-1,-1,-1,-1,-1,-1,-1,-1
7455,-1,-1,-1,-1,-1,-1,-1,-1
7456,-1,-1,-1,-1,-1,-1,-1,-1
7457,-1,-1,-1,-1,-1,-1,-1,-1
7458,-1,-1,-1,-1,-1,-1,-1,-1
7459,-1,-1,-1,-1,-1,-1,-1,-1
7460,-1,-1,-1,-1,-1,-1,-1,-1
7461,-1,-1,-1,-1,-1,-1,-1,-1
7462,-1,-1,-1,-1,-1,-1,-1,-1
7463,-1,-1,-1,-1,-1,-1,-1,-1
7464,-1,-1,-1,-1,-1,-1,-1,-1
7465,-1,-1,-1,-1,-1,-1,-1,-1
7466,-1,-1,-1,-1,-1,-1,-1,-1
7467,-1,-1,-1,-1,-1,-1,-1,-1
7468,-1,-1,-1,-1,-1,-1,-1,-1
7469,-1,-1,-1,-1,-1,-1,-1,-1
7470,-1,-1,-1,-1,-1,-1,-1,-1
7471,-1,-1,-1,-1,-1,-1,-1,-1
7472,-1,-1,-1,-1,-1,-1,-1,-1
7473,-1,-1,-1,-1,-1,-1,-1,-1
7474,-1,-1,-1,-1,-1,-1,-1,-1
7475,-1,-1,-1,-1,-1,-1,-1,-1
7476,-1,-1,-1,-1,-1,-1,-1,-1
7477,-1,-1,-1,-1,-1,-1,-1,-1
7478,-1,-1,-1,-1,-1,-1,-1,-1
7479,-1,-1,-1,-1,-1,-1,-1,-1
7480,-1,-1,-1,-1,-1,-1,-1,-1
7481,-1,-1,-1,-1,-1,-1,-1,-1
7482,-1,-1,-1,-1,-1,-1,-1,-1
7483,10007087,10007375,10007663,10007951,10008239,10008527,10008815,10009103
7484,10007086,10007374,10007662,10007950,10008238,10008526,10008814,10009102
7485,10007085,10007373,10007661,10007949,10008237,10008525,10008813,10009101
7486,10007084,10007372,10007660,10007948,10008236,10008524,10008812,10009100
7487,10007083,10007371,10007659,10007947,10008235,10008523,10008811,10009099
7488,10007082,10007370,10007658,10007946,10008234,10008522,10008810,10009098
7489,10007081,10007369,10007657,10007945,10008233,10008521,10008809,10009097
7490,10007080,10007368,10007656,10007944,10008232,10008520,10008808,10009096
7491,-1,-1,-1,-1,-1,-1,-1,-1
7492,-1,-1,-1,-1,-1,-1,-1,-1
7493,-1,-1,-1,-1,-1,-1,-1,-1
7494,-1,-1,-1,-1,-1,-1,-1,-1
7495,-1,-1,-1,-1,-1,-1,-1,-1
7496,-1,-1,-1,-1,-1,-1,-1,-1
7497,-1,-1,-1,-1,-1,-1,-1,-1
7498,-1,-1,-1,-1,-1,-1,-1,-1
7499,-1,-1,-1,-1,-1,-1,-1,-1
7500,-1,-1,-1,-1,-1,-1,-1,-1
7501,-1,-1,-1,-1,-1,-1,-1,-1
7502,-1,-1,-1,-1,-1,-1,-1,-1
7503,-1,-1,-1,-1,-1,-1,-1,-1
7504,-1,-1,-1,-1,-1,-1,-1,-1
7505,-1,-1,-1,-1,-1,-1,-1,-1
7506,-1,-1,-1,-1,-1,-1,-1,-1
7507,-1,-1,-1,-1,-1,-1,-1,-1
7508,-1,-1,-1,-1,-1,-1,-1,-1
7509,-1,-1,-1,-1,-1,-1,-1,-1
7510,-1,-1,-1,-1,-1,-1,-1,-1
7511,-1,-1,-1,-1,-1,-1,-1,-1
7512,-1,-1,-1,-1,-1,-1,-1,-1
7513,-1,-1,-1,-1,-1,-1,-1,-1
7514,-1,-1,-1,-1,-1,-1,-1,-1
7515,-1,-1,-1,-1,-1,-1,-1,-1
7516,-1,-1,-1,-1,-1,-1,-1,-1
7517,-1,-1,-1,-1,-1,-1,-1,-1
7518,-1,-1,-1,-1,-1,-1,-1,-1
7519,-1,-1,-1,-1,-1,-1,-1,-1
7520,-1,-1,-1,-1,-1,-1,-1,-1
7521,-1,-1,-1,-1,-1,-1,-1,-1
7522,-1,-1,-1,-1,-1,-1,-1,-1
7523,-1,-1,-1,-1,-1,-1,-1,-1
7524,-1,-1,-1,-1,-1,-1,-1,-1
7525,-1,-1,-1,-1,-1,-1,-1,-1
7526,-1,-1,-1,-1,-1,-1,-1,-1
7527,-1,-1,-1,-1,-1,-1,-1,-1
7528,-1,-1,-1,-1,-1,-1,-1,-1
7529,-1,-1,-1,-1,-1,-1,-1,-1
7530,-1,-1,-1,-1,-1,-1,-1,-1
7531,-1,-1,-1,-1,-1,-1,-1,-1
7532,-1,-1,-1,-1,-1,-1,-1,-1
7533,-1,-1,-1,-1,-1,-1,-1,-1
7534,-1,-1,-1,-1,-1,-1,-1,-1
7535,-1,-1,-1,-1,-1,-1,-1,-1
7536,-1,-1,-1,-1,-1,-1,-1,-1
7537,-1,-1,-1,-1,-1,-1,-1,-1
7538,-1,-1,-1,-1,-1,-1,-1,-1
7539,-1,-1,-1,-1,-1,-1,-1,-1
7540,-1,-1,-1,-1,-1,-1,-1,-1
7541,10007095,10007383,10007671,10007959,10008247,10008535,10008823,10009111
7542,10007094,10007382,10007670,10007958,10008246,10008534,10008822,10009110
7543,10007093,10007381,10007669,10007957,10008245,10008533,10008821,10009109
7544,10007092,10007380,10007668,10007956,10008244,10008532,10008820,10009108
7545,10007091,10007379,10007667,10007955,10008243,10008531,10008819,10009107
7546,10007090,10007378,10007666,10007954,10008242,10008530,10008818,10009106
7547,10007089,10007377,10007665,10007953,10008241,10008529,10008817,10009105
7548,10007088,10007376,10007664,10007952,10008240,10008528,10008816,10009104
7549,-1,-1,-1,-1,-1,-1,-1,-1
7550,-1,-1,-1,-1,-1,-1,-1,-1
7551,-1,-1,-1,-1,-1,-1,-1,-1
7552,-1,-1,-1,-1,-1,-1,-1,-1
7553,-1,-1,-1,-1,-1,-1,-1,-1
7554,-1,-1,-1,-1,-1,-1,-1,-1
7555,-1,-1,-1,-1,-1,-1,-1,-1
7556,-1,-1,-1,-1,-1,-1,-1,-1
7557,-1,-1,-1,-1,-1,-1,-1,-1
7558,-1,-1,-1,-1,-1,-1,-1,-1
7559,-1,-1,-1,-1,-1,-1,-1,-1
7560,-1,-1,-1,-1,-1,-1,-1,-1
7561,-1,-1,-1,-1,-1,-1,-1,-1
7562,-1,-1,-1,-1,-1,-1,-1,-1
7563,-1,-1,-1,-1,-1,-1,-1,-1
7564,-1,-1,-1,-1,-1,-1,-1,-1
7565,-1,-1,-1,-1,-1,-1,-1,-1
7566,-1,-1,-1,-1,-1,-1,-1,-1
7567,-1,-1,-1,-1,-1,-1,-1,-1
7568,-1,-1,-1,-1,-1,-1,-1,-1
7569,-1,-1,-1,-1,-1,-1,-1,-1
7570,-1,-1,-1,-1,-1,-1,-1,-1
7571,-1,-1,-1,-1,-1,-1,-1,-1
7572,-1,-1,-1,-1,-1,-1,-1,-1
7573,-1,-1,-1,-1,-1,-1,-1,-1
7574,-1,-1,-1,-1,-1,-1,-1,-1
7575,-1,-1,-1,-1,-1,-1,-1,-1
7576,-1,-1,-1,-1,-1,-1,-1,-1
7577,-1,-1,-1,-1,-1,-1,-1,-1
7578,-1,-1,-1,-1,-1,-1,-1,-1
7579,-1,-1,-1,-1,-1,-1,-1,-1
7580,-1,-1,-1,-1,-1,-1,-1,-1
7581,-1,-1,-1,-1,-1,-1,-1,-1
7582,-1,-1,-1,-1,-1,-1,-1,-1
7583,-1,-1,-1,-1,-1,-1,-1,-1
7584,-1,-1,-1,-1,-1,-1,-1,-1
7585,-1,-1,-1,-1,-1,-1,-1,-1
7586,-1,-1,-1,-1,-1,-1,-1,-1
7587,-1,-1,-1,-1,-1,-1,-1,-1
7588,-1,-1,-1,-1,-1,-1,-1,-1
7589,-1,-1,-1,-1,-1,-1,-1,-1
7590,-1,-1,-1,-1,-1,-1,-1,-1
7591,-1,-1,-1,-1,-1,-1,-1,-1
7592,-1,-1,-1,-1,-1,-1,-1,-1
7593,-1,-1,-1,-1,-1,-1,-1,-1
7594,-1,-1,-1,-1,-1,-1,-1,-1
7595,-1,-1,-1,-1,-1,-1,-1,-1
7596,-1,-1,-1,-1,-1,-1,-1,-1
7597,-1,-1,-1,-1,-1,-1,-1,-1
7598,-1,-1,-1,-1,-1,-1,-1,-1
7599,10007103,10007391,10007679,10007967,10008255,10008543,10008831,10009119
7600,10007102,10007390,10007678,10007966,10008254,10008542,10008830,10009118
7601,10007101,10007389,10007677,10007965,10008253,10008541,10008829,10009117
7602,10007100,10007388,10007676,10007964,10008252,10008540,10008828,10009116
7603,10007099,10007387,10007675,10007963,10008251,10008539,10008827,10009115
7604,10007098,10007386,10007674,10007962,10008250,10008538,10008826,10009114
7605,10007097,10007385,10007673,10007961,10008249,10008537,10008825,10009113
7606,10007096,10007384,10007672,10007960,10008248,10008536,10008824,10009112
7607,-1,-1,-1,-1,-1,-1,-1,-1
7608,-1,-1,-1,-1,-1,-1,-1,-1
7609,-1,-1,-1,-1,-1,-1,-1,-1
7610,-1,-1,-1,-1,-1,-1,-1,-1
7611,-1,-1,-1,-1,-1,-1,-1,-1
7612,-1,-1,-1,-1,-1,-1,-1,-1
7613,-1,-1,-1,-1,-1,-1,-1,-1
7614,-1,-1,-1,-1,-1,-1,-1,-1
7615,-1,-1,-1,-1,-1,-1,-1,-1
7616,-1,-1,-1,-1,-1,-1,-1,-1
7617,-1,-1,-1,-1,-1,-1,-1,-1
7618,-1,-1,-1,-1,-1,-1,-1,-1
7619,-1,-1,-1,-1,-1,-1,-1,-1
7620,-1,-1,-1,-1,-1,-1,-1,-1
7621,-1,-1,-1,-1,-1,-1,-1,-1
7622,-1,-1,-1,-1,-1,-1,-1,-1
7623,-1,-1,-1,-1,-1,-1,-1,-1
7624,-1,-1,-1,-1,-1,-1,-1,-1
7625,-1,-1,-1,-1,-1,-1,-1,-1
7626,-1,-1,-1,-1,-1,-1,-1,-1
7627,-1,-1,-1,-1,-1,-1,-1,-1
7628,-1,-1,-1,-1,-1,-1,-1,-1
7629,-1,-1,-1,-1,-1,-1,-1,-1
7630,-1,-1,-1,-1,-1,-1,-1,-1
7631,-1,-1,-1,-1,-1,-1,-1,-1
7632,-1,-1,-1,-1,-1,-1,-1,-1
7633,-1,-1,-1,-1,-1,-1,-1,-1
7634,-1,-1,-1,-1,-1,-1,-1,-1
7635,-1,-1,-1,-1,-1,-1,-1,-1
7636,-1,-1,-1,-1,-1,-1,-1,-1
7637,-1,-1,-1,-1,-1,-1,-1,-1
7638,-1,-1,-1,-1,-1,-1,-1,-1
7639,-1,-1,-1,-1,-1,-1,-1,-1
7640,-1,-1,-1,-1,-1,-1,-1,-1
7641,-1,-1,-1,-1,-1,-1,-1,-1
7642,-1,-1,-1,-1,-1,-1,-1,-1
7643,-1,-1,-1,-1,-1,-1,-1,-1
7644,-1,-1,-1,-1,-1,-1,-1,-1
7645,-1,-1,-1,-1,-1,-1,-1,-1
7646,-1,-1,-1,-1,-1,-1,-1,-1
7647,-1,-1,-1,-1,-1,-1,-1,-1
7648,-1,-1,-1,-1,-1,-1,-1,-1
7649,-1,-1,-1,-1,-1,-1,-1,-1
7650,-1,-1,-1,-1,-1,-1,-1,-1
7651,-1,-1,-1,-1,-1,-1,-1,-1
7652,-1,-1,-1,-1,-1,-1,-1,-1
7653,-1,-1,-1,-1,-1,-1,-1,-1
7654,-1,-1,-1,-1,-1,-1,-1,-1
7655,-1,-1,-1,-1,-1,-1,-1,-1
7656,-1,-1,-1,-1,-1,-1,-1,-1
7657,10007111,10007399,10007687,10007975,10008263,10008551,10008839,10009127
7658,10007110,10007398,10007686,10007974,10008262,10008550,10008838,10009126
7659,10007109,10007397,10007685,10007973,10008261,10008549,10008837,10009125
7660,10007108,10007396,10007684,10007972,10008260,10008548,10008836,10009124
7661,10007107,10007395,10007683,10007971,10008259,10008547,10008835,10009123
7662,10007106,10007394,10007682,10007970,10008258,10008546,10008834,10009122
7663,10007105,10007393,10007681,10007969,10008257,10008545,10008833,10009121
7664,10007104,10007392,10007680,10007968,10008256,10008544,10008832,10009120
7665,-1,-1,-1,-1,-1,-1,-1,-1
7666,-1,-1,-1,-1,-1,-1,-1,-1
7667,-1,-1,-1,-1,-1,-1,-1,-1
7668,-1,-1,-1,-1,-1,-1,-1,-1
7669,-1,-1,-1,-1,-1,-1,-1,-1
7670,-1,-1,-1,-1,-1,-1,-1,-1
7671,-1,-1,-1,-1,-1,-1,-1,-1
7672,-1,-1,-1,-1,-1,-1,-1,-1
7673,-1,-1,-1,-1,-1,-1,-1,-1
7674,-1,-1,-1,-1,-1,-1,-1,-1
7675,-1,-1,-1,-1,-1,-1,-1,-1
7676,-1,-1,-1,-1,-1,-1,-1,-1
7677,-1,-1,-1,-1,-1,-1,-1,-1
7678,-1,-1,-1,-1,-1,-1,-1,-1
7679,-1,-1,-1,-1,-1,-1,-1,-1
7680,-1,-1,-1,-1,-1,-1,-1,-1
7681,-1,-1,-1,-1,-1,-1,-1,-1
7682,-1,-1,-1,-1,-1,-1,-1,-1
7683,-1,-1,-1,-1,-1,-1,-1,-1
7684,-1,-1,-1,-1,-1,-1,-1,-1
7685,-1,-1,-1,-1,-1,-1,-1,-1
7686,-1,-1,-1,-1,-1,-1,-1,-1
7687,-1,-1,-1,-1,-1,-1,-1,-1
7688,-1,-1,-1,-1,-1,-1,-1,-1
7689,-1,-1,-1,-1,-1,-1,-1,-1
7690,-1,-1,-1,-1,-1,-1,-1,-1
7691,-1,-1,-1,-1,-1,-1,-1,-1
7692,-1,-1,-1,-1,-1,-1,-1,-1
7693,-1,-1,-1,-1,-1,-1,-1,-1
7694,-1,-1,-1,-1,-1,-1,-1,-1
7695,-1,-1,-1,-1,-1,-1,-1,-1
7696,-1,-1,-1,-1,-1,-1,-1,-1
7697,-1,-1,-1,-1,-1,-1,-1,-1
7698,-1,-1,-1,-1,-1,-1,-1,-1
7699,-1,-1,-1,-1,-1,-1,-1,-1
7700,-1,-1,-1,-1,-1,-1,-1,-1
7701,-1,-1,-1,-1,-1,-1,-1,-1
7702,-1,-1,-1,-1,-1,-1,-1,-1
7703,-1,-1,-1,-1,-1,-1,-1,-1
7704,-1,-1,-1,-1,-1,-1,-1,-1
7705,-1,-1,-1,-1,-1,-1,-1,-1
7706,-1,-1,-1,-1,-1,-1,-1,-1
7707,-1,-1,-1,-1,-1,-1,-1,-1
7708,-1,-1,-1,-1,-1,-1,-1,-1
7709,-1,-1,-1,-1,-1,-1,-1,-1
7710,-1,-1,-1,-1,-1,-1,-1,-1
7711,-1,-1,-1,-1,-1,-1,-1,-1
7712,-1,-1,-1,-1,-1,-1,-1,-1
7713,-1,-1,-1,-1,-1,-1,-1,-1
7714,-1,-1,-1,-1,-1,-1,-1,-1
7715,10007119,10007407,10007695,10007983,10008271,10008559,10008847,10009135
7716,10007118,10007406,10007694,10007982,10008270,10008558,10008846,10009134
7717,10007117,10007405,10007693,10007981,10008269,10008557,10008845,10009133
7718,10007116,10007404,10007692,10007980,10008268,10008556,10008844,10009132
7719,10007115,10007403,10007691,10007979,10008267,10008555,10008843,10009131
7720,10007114,10007402,10007690,10007978,10008266,10008554,10008842,10009130
7721,10007113,10007401,10007689,10007977,10008265,10008553,10008841,10009129
7722,10007112,10007400,10007688,10007976,10008264,10008552,10008840,10009128
7723,-1,-1,-1,-1,-1,-1,-1,-1
7724,-1,-1,-1,-1,-1,-1,-1,-1
7725,-1,-1,-1,-1,-1,-1,-1,-1
7726,-1,-1,-1,-1,-1,-1,-1,-1
7727,-1,-1,-1,-1,-1,-1,-1,-1
7728,-1,-1,-1,-1,-1,-1,-1,-1
7729,-1,-1,-1,-1,-1,-1,-1,-1
7730,-1,-1,-1,-1,-1,-1,-1,-1
7731,-1,-1,-1,-1,-1,-1,-1,-1
7732,-1,-1,-1,-1,-1,-1,-1,-1
7733,-1,-1,-1,-1,-1,-1,-1,-1
7734,-1,-1,-1,-1,-1,-1,-1,-1
7735,-1,-1,-1,-1,-1,-1,-1,-1
7736,-1,-1,-1,-1,-1,-1,-1,-1
7737,-1,-1,-1,-1,-1,-1,-1,-1
7738,-1,-1,-1,-1,-1,-1,-1,-1
7739,-1,-1,-1,-1,-1,-1,-1,-1
7740,-1,-1,-1,-1,-1,-1,-1,-1
7741,-1,-1,-1,-1,-1,-1,-1,-1
7742,-1,-1,-1,-1,-1,-1,-1,-1
7743,-1,-1,-1,-1,-1,-1,-1,-1
7744,-1,-1,-1,-1,-1,-1,-1,-1
7745,-1,-1,-1,-1,-1,-1,-1,-1
7746,-1,-1,-1,-1,-1,-1,-1,-1
7747,-1,-1,-1,-1,-1,-1,-1,-1
7748,-1,-1,-1,-1,-1,-1,-1,-1
7749,-1,-1,-1,-1,-1,-1,-1,-1
7750,-1,-1,-1,-1,-1,-1,-1,-1
7751,-1,-1,-1,-1,-1,-1,-1,-1
7752,-1,-1,-1,-1,-1,-1,-1,-1
7753,-1,-1,-1,-1,-1,-1,-1,-1
7754,-1,-1,-1,-1,-1,-1,-1,-1
7755,-1,-1,-1,-1,-1,-1,-1,-1
7756,-1,-1,-1,-1,-1,-1,-1,-1
7757,-1,-1,-1,-1,-1,-1,-1,-1
7758,-1,-1,-1,-1,-1,-1,-1,-1
7759,-1,-1,-1,-1,-1,-1,-1,-1
7760,-1,-1,-1,-1,-1,-1,-1,-1
7761,-1,-1,-1,-1,-1,-1,-1,-1
7762,-1,-1,-1,-1,-1,-1,-1,-1
7763,-1,-1,-1,-1,-1,-1,-1,-1
7764,-1,-1,-1,-1,-1,-1,-1,-1
7765,-1,-1,-1,-1,-1,-1,-1,-1
7766,-1,-1,-1,-1,-1,-1,-1,-1
7767,-1,-1,-1,-1,-1,-1,-1,-1
7768,-1,-1,-1,-1,-1,-1,-1,-1
7769,-1,-1,-1,-1,-1,-1,-1,-1
7770,-1,-1,-1,-1,-1,-1,-1,-1
7771,-1,-1,-1,-1,-1,-1,-1,-1
7772,-1,-1,-1,-1,-1,-1,-1,-1
7773,10007127,10007415,10007703,10007991,10008279,10008567,10008855,10009143
7774,10007126,10007414,10007702,10007990,10008278,10008566,10008854,10009142
7775,10007125,10007413,10007701,10007989,10008277,10008565,10008853,10009141
7776,10007124,10007412,10007700,10007988,10008276,10008564,10008852,10009140
7777,10007123,10007411,10007699,10007987,10008275,10008563,10008851,10009139
7778,10007122,10007410,10007698,10007986,10008274,10008562,10008850,10009138
7779,10007121,10007409,10007697,10007985,10008273,10008561,10008849,10009137
7780,10007120,10007408,10007696,10007984,10008272,10008560,10008848,10009136
7781,-1,-1,-1,-1,-1,-1,-1,-1
7782,-1,-1,-1,-1,-1,-1,-1,-1
7783,-1,-1,-1,-1,-1,-1,-1,-1
7784,-1,-1,-1,-1,-1,-1,-1,-1
7785,-1,-1,-1,-1,-1,-1,-1,-1
7786,-1,-1,-1,-1,-1,-1,-1,-1
7787,-1,-1,-1,-1,-1,-1,-1,-1
7788,-1,-1,-1,-1,-1,-1,-1,-1
7789,-1,-1,-1,-1,-1,-1,-1,-1
7790,-1,-1,-1,-1,-1,-1,-1,-1
7791,-1,-1,-1,-1,-1,-1,-1,-1
7792,-1,-1,-1,-1,-1,-1,-1,-1
7793,-1,-1,-1,-1,-1,-1,-1,-1
7794,-1,-1,-1,-1,-1,-1,-1,-1
7795,-1,-1,-1,-1,-1,-1,-1,-1
7796,-1,-1,-1,-1,-1,-1,-1,-1
7797,-1,-1,-1,-1,-1,-1,-1,-1
7798,-1,-1,-1,-1,-1,-1,-1,-1
7799,-1,-1,-1,-1,-1,-1,-1,-1
7800,-1,-1,-1,-1,-1,-1,-1,-1
7801,-1,-1,-1,-1,-1,-1,-1,-1
7802,-1,-1,-1,-1,-1,-1,-1,-1
7803,-1,-1,-1,-1,-1,-1,-1,-1
7804,-1,-1,-1,-1,-1,-1,-1,-1
7805,-1,-1,-1,-1,-1,-1,-1,-1
7806,-1,-1,-1,-1,-1,-1,-1,-1
7807,-1,-1,-1,-1,-1,-1,-1,-1
7808,-1,-1,-1,-1,-1,-1,-1,-1
7809,-1,-1,-1,-1,-1,-1,-1,-1
7810,-1,-1,-1,-1,-1,-1,-1,-1
7811,-1,-1,-1,-1,-1,-1,-1,-1
7812,-1,-1,-1,-1,-1,-1,-1,-1
7813,-1,-1,-1,-1,-1,-1,-1,-1
7814,-1,-1,-1,-1,-1,-1,-1,-1
7815,-1,-1,-1,-1,-1,-1,-1,-1
7816,-1,-1,-1,-1,-1,-1,-1,-1
7817,-1,-1,-1,-1,-1,-1,-1,-1
7818,-1,-1,-1,-1,-1,-1,-1,-1
7819,-1,-1,-1,-1,-1,-1,-1,-1
7820,-1,-1,-1,-1,-1,-1,-1,-1
7821,-1,-1,-1,-1,-1,-1,-1,-1
7822,-1,-1,-1,-1,-1,-1,-1,-1
7823,-1,-1,-1,-1,-1,-1,-1,-1
7824,-1,-1,-1,-1,-1,-1,-1,-1
7825,-1,-1,-1,-1,-1,-1,-1,-1
7826,-1,-1,-1,-1,-1,-1,-1,-1
7827,-1,-1,-1,-1,-1,-1,-1,-1
7828,-1,-1,-1,-1,-1,-1,-1,-1
7829,-1,-1,-1,-1,-1,-1,-1,-1
7830,-1,-1,-1,-1,-1,-1,-1,-1
7831,10007135,10007423,10007711,10007999,10008287,10008575,10008863,10009151
7832,10007134,10007422,10007710,10007998,10008286,10008574,10008862,10009150
7833,10007133,10007421,10007709,10007997,10008285,10008573,10008861,10009149
7834,10007132,10007420,10007708,10007996,10008284,10008572,10008860,10009148
7835,10007131,10007419,10007707,10007995,10008283,10008571,10008859,10009147
7836,10007130,10007418,10007706,10007994,10008282,10008570,10008858,10009146
7837,10007129,10007417,10007705,10007993,10008281,10008569,10008857,10009145
7838,10007128,10007416,10007704,10007992,10008280,10008568,10008856,10009144
7839,-1,-1,-1,-1,-1,-1,-1,-1
7840,-1,-1,-1,-1,-1,-1,-1,-1
7841,-1,-1,-1,-1,-1,-1,-1,-1
7842,-1,-1,-1,-1,-1,-1,-1,-1
7843,-1,-1,-1,-1,-1,-1,-1,-1
7844,-1,-1,-1,-1,-1,-1,-1,-1
7845,-1,-1,-1,-1,-1,-1,-1,-1
7846,-1,-1,-1,-1,-1,-1,-1,-1
7847,-1,-1,-1,-1,-1,-1,-1,-1
7848,-1,-1,-1,-1,-1,-1,-1,-1
7849,-1,-1,-1,-1,-1,-1,-1,-1
7850,-1,-1,-1,-1,-1,-1,-1,-1
7851,-1,-1,-1,-1,-1,-1,-1,-1
7852,-1,-1,-1,-1,-1,-1,-1,-1
7853,-1,-1,-1,-1,-1,-1,-1,-1
7854,-1,-1,-1,-1,-1,-1,-1,-1
7855,-1,-1,-1,-1,-1,-1,-1,-1
7856,-1,-1,-1,-1,-1,-1,-1,-1
7857,-1,-1,-1,-1,-1,-1,-1,-1
7858,-1,-1,-1,-1,-1,-1,-1,-1
7859,-1,-1,-1,-1,-1,-1,-1,-1
7860,-1,-1,-1,-1,-1,-1,-1,-1
7861,-1,-1,-1,-1,-1,-1,-1,-1
7862,-1,-1,-1,-1,-1,-1,-1,-1
7863,-1,-1,-1,-1,-1,-1,-1,-1
7864,-1,-1,-1,-1,-1,-1,-1,-1
7865,-1,-1,-1,-1,-1,-1,-1,-1
7866,-1,-1,-1,-1,-1,-1,-1,-1
7867,-1,-1,-1,-1,-1,-1,-1,-1
7868,-1,-1,-1,-1,-1,-1,-1,-1
7869,-1,-1,-1,-1,-1,-1,-1,-1
7870,-1,-1,-1,-1,-1,-1,-1,-1
7871,-1,-1,-1,-1,-1,-1,-1,-1
7872,-1,-1,-1,-1,-1,-1,-1,-1
7873,-1,-1,-1,-1,-1,-1,-1,-1
7874,-1,-1,-1,-1,-1,-1,-1,-1
7875,-1,-1,-1,-1,-1,-1,-1,-1
7876,-1,-1,-1,-1,-1,-1,-1,-1
7877,-1,-1,-1,-1,-1,-1,-1,-1
7878,-1,-1,-1,-1,-1,-1,-1,-1
7879,-1,-1,-1,-1,-1,-1,-1,-1
7880,-1,-1,-1,-1,-1,-1,-1,-1
7881,-1,-1,-1,-1,-1,-1,-1,-1
7882,-1,-1,-1,-1,-1,-1,-1,-1
7883,-1,-1,-1,-1,-1,-1,-1,-1
7884,-1,-1,-1,-1,-1,-1,-1,-1
7885,-1,-1,-1,-1,-1,-1,-1,-1
7886,-1,-1,-1,-1,-1,-1,-1,-1
7887,-1,-1,-1,-1,-1,-1,-1,-1
7888,-1,-1,-1,-1,-1,-1,-1,-1
7889,10007143,10007431,10007719,10008007,10008295,10008583,10008871,10009159
7890,10007142,10007430,10007718,10008006,10008294,10008582,10008870,10009158
7891,10007141,10007429,10007717,10008005,10008293,10008581,10008869,10009157
7892,10007140,10007428,10007716,10008004,10008292,10008580,10008868,10009156
7893,10007139,10007427,10007715,10008003,10008291,10008579,10008867,10009155
7894,10007138,10007426,10007714,10008002,10008290,10008578,10008866,10009154
7895,10007137,10007425,10007713,10008001,10008289,10008577,10008865,10009153
7896,10007136,10007424,10007712,10008000,10008288,10008576,10008864,10009152
7897,-1,-1,-1,-1,-1,-1,-1,-1
7898,-1,-1,-1,-1,-1,-1,-1,-1
7899,-1,-1,-1,-1,-1,-1,-1,-1
7900,-1,-1,-1,-1,-1,-1,-1,-1
7901,-1,-1,-1,-1,-1,-1,-1,-1
7902,-1,-1,-1,-1,-1,-1,-1,-1
7903,-1,-1,-1,-1,-1,-1,-1,-1
7904,-1,-1,-1,-1,-1,-1,-1,-1
7905,-1,-1,-1,-1,-1,-1,-1,-1
7906,-1,-1,-1,-1,-1,-1,-1,-1
7907,-1,-1,-1,-1,-1,-1,-1,-1
7908,-1,-1,-1,-1,-1,-1,-1,-1
7909,-1,-1,-1,-1,-1,-1,-1,-1
7910,-1,-1,-1,-1,-1,-1,-1,-1
7911,-1,-1,-1,-1,-1,-1,-1,-1
7912,-1,-1,-1,-1,-1,-1,-1,-1
7913,-1,-1,-1,-1,-1,-1,-1,-1
7914,-1,-1,-1,-1,-1,-1,-1,-1
7915,-1,-1,-1,-1,-1,-1,-1,-1
7916,-1,-1,-1,-1,-1,-1,-1,-1
7917,-1,-1,-1,-1,-1,-1,-1,-1
7918,-1,-1,-1,-1,-1,-1,-1,-1
7919,-1,-1,-1,-1,-1,-1,-1,-1
7920,-1,-1,-1,-1,-1,-1,-1,-1
7921,-1,-1,-1,-1,-1,-1,-1,-1
7922,-1,-1,-1,-1,-1,-1,-1,-1
7923,-1,-1,-1,-1,-1,-1,-1,-1
7924,-1,-1,-1,-1,-1,-1,-1,-1
7925,-1,-1,-1,-1,-1,-1,-1,-1
7926,-1,-1,-1,-1,-1,-1,-1,-1
7927,-1,-1,-1,-1,-1,-1,-1,-1
7928,-1,-1,-1,-1,-1,-1,-1,-1
7929,-1,-1,-1,-1,-1,-1,-1,-1
7930,-1,-1,-1,-1,-1,-1,-1,-1
7931,-1,-1,-1,-1,-1,-1,-1,-1
7932,-1,-1,-1,-1,-1,-1,-1,-1
7933,-1,-1,-1,-1,-1,-1,-1,-1
7934,-1,-1,-1,-1,-1,-1,-1,-1
7935,-1,-1,-1,-1,-1,-1,-1,-1
7936,-1,-1,-1,-1,-1,-1,-1,-1
7937,-1,-1,-1,-1,-1,-1,-1,-1
7938,-1,-1,-1,-1,-1,-1,-1,-1
7939,-1,-1,-1,-1,-1,-1,-1,-1
7940,-1,-1,-1,-1,-1,-1,-1,-1
7941,-1,-1,-1,-1,-1,-1,-1,-1
7942,-1,-1,-1,-1,-1,-1,-1,-1
7943,-1,-1,-1,-1,-1,-1,-1,-1
7944,-1,-1,-1,-1,-1,-1,-1,-1
7945,-1,-1,-1,-1,-1,-1,-1,-1
7946,-1,-1,-1,-1,-1,-1,-1,-1
7947,10007151,10007439,10007727,10008015,10008303,10008591,10008879,10009167
7948,10007150,10007438,10007726,10008014,10008302,10008590,10008878,10009166
7949,10007149,10007437,10007725,10008013,10008301,10008589,10008877,10009165
7950,10007148,10007436,10007724,10008012,10008300,10008588,10008876,10009164
7951,10007147,10007435,10007723,10008011,10008299,10008587,10008875,10009163
7952,10007146,10007434,10007722,10008010,10008298,10008586,10008874,10009162
7953,10007145,10007433,10007721,10008009,10008297,10008585,10008873,10009161
7954,10007144,10007432,10007720,10008008,10008296,10008584,10008872,10009160
7955,-1,-1,-1,-1,-1,-1,-1,-1
7956,-1,-1,-1,-1,-1,-1,-1,-1
7957,-1,-1,-1,-1,-1,-1,-1,-1
7958,-1,-1,-1,-1,-1,-1,-1,-1
7959,-1,-1,-1,-1,-1,-1,-1,-1
7960,-1,-1,-1,-1,-1,-1,-1,-1
7961,-1,-1,-1,-1,-1,-1,-1,-1
7962,-1,-1,-1,-1,-1,-1,-1,-1
7963,-1,-1,-1,-1,-1,-1,-1,-1
7964,-1,-1,-1,-1,-1,-1,-1,-1
7965,-1,-1,-1,-1,-1,-1,-1,-1
7966,-1,-1,-1,-1,-1,-1,-1,-1
7967,-1,-1,-1,-1,-1,-1,-1,-1
7968,-1,-1,-1,-1,-1,-1,-1,-1
7969,-1,-1,-1,-1,-1,-1,-1,-1
7970,-1,-1,-1,-1,-1,-1,-1,-1
7971,-1,-1,-1,-1,-1,-1,-1,-1
7972,-1,-1,-1,-1,-1,-1,-1,-1
7973,-1,-1,-1,-1,-1,-1,-1,-1
7974,-1,-1,-1,-1,-1,-1,-1,-1
7975,-1,-1,-1,-1,-1,-1,-1,-1
7976,-1,-1,-1,-1,-1,-1,-1,-1
7977,-1,-1,-1,-1,-1,-1,-1,-1
7978,-1,-1,-1,-1,-1,-1,-1,-1
7979,-1,-1,-1,-1,-1,-1,-1,-1
7980,-1,-1,-1,-1,-1,-1,-1,-1
7981,-1,-1,-1,-1,-1,-1,-1,-1
7982,-1,-1,-1,-1,-1,-1,-1,-1
7983,-1,-1,-1,-1,-1,-1,-1,-1
7984,-1,-1,-1,-1,-1,-1,-1,-1
7985,-1,-1,-1,-1,-1,-1,-1,-1
7986,-1,-1,-1,-1,-1,-1,-1,-1
7987,-1,-1,-1,-1,-1,-1,-1,-1
7988,-1,-1,-1,-1,-1,-1,-1,-1
7989,-1,-1,-1,-1,-1,-1,-1,-1
7990,-1,-1,-1,-1,-1,-1,-1,-1
7991,-1,-1,-1,-1,-1,-1,-1,-1
7992,-1,-1,-1,-1,-1,-1,-1,-1
7993,-1,-1,-1,-1,-1,-1,-1,-1
7994,-1,-1,-1,-1,-1,-1,-1,-1
7995,-1,-1,-1,-1,-1,-1,-1,-1
7996,-1,-1,-1,-1,-1,-1,-1,-1
7997,-1,-1,-1,-1,-1,-1,-1,-1
7998,-1,-1,-1,-1,-1,-1,-1,-1
7999,-1,-1,-1,-1,-1,-1,-1,-1
8000,-1,-1,-1,-1,-1,-1,-1,-1
8001,-1,-1,-1,-1,-1,-1,-1,-1
8002,-1,-1,-1,-1,-1,-1,-1,-1
8003,-1,-1,-1,-1,-1,-1,-1,-1
8004,-1,-1,-1,-1,-1,-1,-1,-1
8005,10007159,10007447,10007735,10008023,10008311,10008599,10008887,10009175
8006,10007158,10007446,10007734,10008022,10008310,10008598,10008886,10009174
8007,10007157,10007445,10007733,10008021,10008309,10008597,10008885,10009173
8008,10007156,10007444,10007732,10008020,10008308,10008596,10008884,10009172
8009,10007155,10007443,10007731,10008019,10008307,10008595,10008883,10009171
8010,10007154,10007442,10007730,10008018,10008306,10008594,10008882,10009170
8011,10007153,10007441,10007729,10008017,10008305,10008593,10008881,10009169
8012,10007152,10007440,10007728,10008016,10008304,10008592,10008880,10009168
8013,-1,-1,-1,-1,-1,-1,-1,-1
8014,-1,-1,-1,-1,-1,-1,-1,-1
8015,-1,-1,-1,-1,-1,-1,-1,-1
8016,-1,-1,-1,-1,-1,-1,-1,-1
8017,-1,-1,-1,-1,-1,-1,-1,-1
8018,-1,-1,-1,-1,-1,-1,-1,-1
8019,-1,-1,-1,-1,-1,-1,-1,-1
8020,-1,-1,-1,-1,-1,-1,-1,-1
8021,-1,-1,-1,-1,-1,-1,-1,-1
8022,-1,-1,-1,-1,-1,-1,-1,-1
8023,-1,-1,-1,-1,-1,-1,-1,-1
8024,-1,-1,-1,-1,-1,-1,-1,-1
8025,-1,-1,-1,-1,-1,-1,-1,-1
8026,-1,-1,-1,-1,-1,-1,-1,-1
8027,-1,-1,-1,-1,-1,-1,-1,-1
8028,-1,-1,-1,-1,-1,-1,-1,-1
8029,-1,-1,-1,-1,-1,-1,-1,-1
8030,-1,-1,-1,-1,-1,-1,-1,-1
8031,-1,-1,-1,-1,-1,-1,-1,-1
8032,-1,-1,-1,-1,-1,-1,-1,-1
8033,-1,-1,-1,-1,-1,-1,-1,-1
8034,-1,-1,-1,-1,-1,-1,-1,-1
8035,-1,-1,-1,-1,-1,-1,-1,-1
8036,-1,-1,-1,-1,-1,-1,-1,-1
8037,-1,-1,-1,-1,-1,-1,-1,-1
8038,-1,-1,-1,-1,-1,-1,-1,-1
8039,-1,-1,-1,-1,-1,-1,-1,-1
8040,-1,-1,-1,-1,-1,-1,-1,-1
8041,-1,-1,-1,-1,-1,-1,-1,-1
8042,-1,-1,-1,-1,-1,-1,-1,-1
8043,-1,-1,-1,-1,-1,-1,-1,-1
8044,-1,-1,-1,-1,-1,-1,-1,-1
8045,-1,-1,-1,-1,-1,-1,-1,-1
8046,-1,-1,-1,-1,-1,-1,-1,-1
8047,-1,-1,-1,-1,-1,-1,-1,-1
8048,-1,-1,-1,-1,-1,-1,-1,-1
8049,-1,-1,-1,-1,-1,-1,-1,-1
8050,-1,-1,-1,-1,-1,-1,-1,-1
8051,-1,-1,-1,-1,-1,-1,-1,-1
8052,-1,-1,-1,-1,-1,-1,-1,-1
8053,-1,-1,-1,-1,-1,-1,-1,-1
8054,-1,-1,-1,-1,-1,-1,-1,-1
8055,-1,-1,-1,-1,-1,-1,-1,-1
8056,-1,-1,-1,-1,-1,-1,-1,-1
8057,-1,-1,-1,-1,-1,-1,-1,-1
8058,-1,-1,-1,-1,-1,-1,-1,-1
8059,-1,-1,-1,-1,-1,-1,-1,-1
8060,-1,-1,-1,-1,-1,-1,-1,-1
8061,-1,-1,-1,-1,-1,-1,-1,-1
8062,-1,-1,-1,-1,-1,-1,-1,-1
8063,10007167,10007455,10007743,10008031,10008319,10008607,10008895,10009183
8064,10007166,10007454,10007742,10008030,10008318,10008606,10008894,10009182
8065,10007165,10007453,10007741,10008029,10008317,10008605,10008893,10009181
8066,10007164,10007452,10007740,10008028,10008316,10008604,10008892,10009180
8067,10007163,10007451,10007739,10008027,10008315,10008603,10008891,10009179
8068,10007162,10007450,10007738,10008026,10008314,10008602,10008890,10009178
8069,10007161,10007449,10007737,10008025,10008313,10008601,10008889,10009177
8070,10007160,10007448,10007736,10008024,10008312,10008600,10008888,10009176
8071,-1,-1,-1,-1,-1,-1,-1,-1
8072,-1,-1,-1,-1,-1,-1,-1,-1
8073,-1,-1,-1,-1,-1,-1,-1,-1
8074,-1,-1,-1,-1,-1,-1,-1,-1
8075,-1,-1,-1,-1,-1,-1,-1,-1
8076,-1,-1,-1,-1,-1,-1,-1,-1
8077,-1,-1,-1,-1,-1,-1,-1,-1
8078,-1,-1,-1,-1,-1,-1,-1,-1
8079,-1,-1,-1,-1,-1,-1,-1,-1
8080,-1,-1,-1,-1,-1,-1,-1,-1
8081,-1,-1,-1,-1,-1,-1,-1,-1
8082,-1,-1,-1,-1,-1,-1,-1,-1
8083,-1,-1,-1,-1,-1,-1,-1,-1
8084,-1,-1,-1,-1,-1,-1,-1,-1
8085,-1,-1,-1,-1,-1,-1,-1,-1
8086,-1,-1,-1,-1,-1,-1,-1,-1
8087,-1,-1,-1,-1,-1,-1,-1,-1
8088,-1,-1,-1,-1,-1,-1,-1,-1
8089,-1,-1,-1,-1,-1,-1,-1,-1
8090,-1,-1,-1,-1,-1,-1,-1,-1
8091,-1,-1,-1,-1,-1,-1,-1,-1
8092,-1,-1,-1,-1,-1,-1,-1,-1
8093,-1,-1,-1,-1,-1,-1,-1,-1
8094,-1,-1,-1,-1,-1,-1,-1,-1
8095,-1,-1,-1,-1,-1,-1,-1,-1
8096,-1,-1,-1,-1,-1,-1,-1,-1
8097,-1,-1,-1,-1,-1,-1,-1,-1
8098,-1,-1,-1,-1,-1,-1,-1,-1
8099,-1,-1,-1,-1,-1,-1,-1,-1
8100,-1,-1,-1,-1,-1,-1,-1,-1
8101,-1,-1,-1,-1,-1,-1,-1,-1
8102,-1,-1,-1,-1,-1,-1,-1,-1
8103,-1,-1,-1,-1,-1,-1,-1,-1
8104,-1,-1,-1,-1,-1,-1,-1,-1
8105,-1,-1,-1,-1,-1,-1,-1,-1
8106,-1,-1,-1,-1,-1,-1,-1,-1
8107,-1,-1,-1,-1,-1,-1,-1,-1
8108,-1,-1,-1,-1,-1,-1,-1,-1
8109,-1,-1,-1,-1,-1,-1,-1,-1
8110,-1,-1,-1,-1,-1,-1,-1,-1
8111,-1,-1,-1,-1,-1,-1,-1,-1
8112,-1,-1,-1,-1,-1,-1,-1,-1
8113,-1,-1,-1,-1,-1,-1,-1,-1
8114,-1,-1,-1,-1,-1,-1,-1,-1
8115,-1,-1,-1,-1,-1,-1,-1,-1
8116,-1,-1,-1,-1,-1,-1,-1,-1
8117,-1,-1,-1,-1,-1,-1,-1,-1
8118,-1,-1,-1,-1,-1,-1,-1,-1
8119,-1,-1,-1,-1,-1,-1,-1,-1
8120,-1,-1,-1,-1,-1,-1,-1,-1
8121,10007175,10007463,10007751,10008039,10008327,10008615,10008903,10009191
8122,10007174,10007462,10007750,10008038,10008326,10008614,10008902,10009190
8123,10007173,10007461,10007749,10008037,10008325,10008613,10008901,10009189
8124,10007172,10007460,10007748,10008036,10008324,10008612,10008900,10009188
8125,10007171,10007459,10007747,10008035,10008323,10008611,10008899,10009187
8126,10007170,10007458,10007746,10008034,10008322,10008610,10008898,10009186
8127,10007169,10007457,10007745,10008033,10008321,10008609,10008897,10009185
8128,10007168,10007456,10007744,10008032,10008320,10008608,10008896,10009184
8129,-1,-1,-1,-1,-1,-1,-1,-1
8130,-1,-1,-1,-1,-1,-1,-1,-1
8131,-1,-1,-1,-1,-1,-1,-1,-1
8132,-1,-1,-1,-1,-1,-1,-1,-1
8133,-1,-1,-1,-1,-1,-1,-1,-1
8134,-1,-1,-1,-1,-1,-1,-1,-1
8135,-1,-1,-1,-1,-1,-1,-1,-1
8136,-1,-1,-1,-1,-1,-1,-1,-1
8137,-1,-1,-1,-1,-1,-1,-1,-1
8138,-1,-1,-1,-1,-1,-1,-1,-1
8139,-1,-1,-1,-1,-1,-1,-1,-1
8140,-1,-1,-1,-1,-1,-1,-1,-1
8141,-1,-1,-1,-1,-1,-1,-1,-1
8142,-1,-1,-1,-1,-1,-1,-1,-1
8143,-1,-1,-1,-1,-1,-1,-1,-1
8144,-1,-1,-1,-1,-1,-1,-1,-1
8145,-1,-1,-1,-1,-1,-1,-1,-1
8146,-1,-1,-1,-1,-1,-1,-1,-1
8147,-1,-1,-1,-1,-1,-1,-1,-1
8148,-1,-1,-1,-1,-1,-1,-1,-1
8149,-1,-1,-1,-1,-1,-1,-1,-1
8150,-1,-1,-1,-1,-1,-1,-1,-1
8151,-1,-1,-1,-1,-1,-1,-1,-1
8152,-1,-1,-1,-1,-1,-1,-1,-1
8153,-1,-1,-1,-1,-1,-1,-1,-1
8154,-1,-1,-1,-1,-1,-1,-1,-1
8155,-1,-1,-1,-1,-1,-1,-1,-1
8156,-1,-1,-1,-1,-1,-1,-1,-1
8157,-1,-1,-1,-1,-1,-1,-1,-1
8158,-1,-1,-1,-1,-1,-1,-1,-1
8159,-1,-1,-1,-1,-1,-1,-1,-1
8160,-1,-1,-1,-1,-1,-1,-1,-1
8161,-1,-1,-1,-1,-1,-1,-1,-1
8162,-1,-1,-1,-1,-1,-1,-1,-1
8163,-1,-1,-1,-1,-1,-1,-1,-1
8164,-1,-1,-1,-1,-1,-1,-1,-1
8165,-1,-1,-1,-1,-1,-1,-1,-1
8166,-1,-1,-1,-1,-1,-1,-1,-1
8167,-1,-1,-1,-1,-1,-1,-1,-1
8168,-1,-1,-1,-1,-1,-1,-1,-1
8169,-1,-1,-1,-1,-1,-1,-1,-1
8170,-1,-1,-1,-1,-1,-1,-1,-1
8171,-1,-1,-1,-1,-1,-1,-1,-1
8172,-1,-1,-1,-1,-1,-1,-1,-1
8173,-1,-1,-1,-1,-1,-1,-1,-1
8174,-1,-1,-1,-1,-1,-1,-1,-1
8175,-1,-1,-1,-1,-1,-1,-1,-1
8176,-1,-1,-1,-1,-1,-1,-1,-1
8177,-1,-1,-1,-1,-1,-1,-1,-1
8178,-1,-1,-1,-1,-1,-1,-1,-1
8179,10007183,10007471,10007759,10008047,10008335,10008623,10008911,10009199
8180,10007182,10007470,10007758,10008046,10008334,10008622,10008910,10009198
8181,10007181,10007469,10007757,10008045,10008333,10008621,10008909,10009197
8182,10007180,10007468,10007756,10008044,10008332,10008620,10008908,10009196
8183,10007179,10007467,10007755,10008043,10008331,10008619,10008907,10009195
8184,10007178,10007466,10007754,10008042,10008330,10008618,10008906,10009194
8185,10007177,10007465,10007753,10008041,10008329,10008617,10008905,10009193
8186,10007176,10007464,10007752,10008040,10008328,10008616,10008904,10009192
8187,-1,-1,-1,-1,-1,-1,-1,-1
8188,-1,-1,-1,-1,-1,-1,-1,-1
8189,-1,-1,-1,-1,-1,-1,-1,-1
8190,-1,-1,-1,-1,-1,-1,-1,-1
8191,-1,-1,-1,-1,-1,-1,-1,-1
8192,-1,-1,-1,-1,-1,-1,-1,-1
8193,-1,-1,-1,-1,-1,-1,-1,-1
8194,-1,-1,-1,-1,-1,-1,-1,-1
8195,-1,-1,-1,-1,-1,-1,-1,-1
8196,-1,-1,-1,-1,-1,-1,-1,-1
8197,-1,-1,-1,-1,-1,-1,-1,-1
8198,-1,-1,-1,-1,-1,-1,-1,-1
8199,-1,-1,-1,-1,-1,-1,-1,-1
8200,-1,-1,-1,-1,-1,-1,-1,-1
8201,-1,-1,-1,-1,-1,-1,-1,-1
8202,-1,-1,-1,-1,-1,-1,-1,-1
8203,-1,-1,-1,-1,-1,-1,-1,-1
8204,-1,-1,-1,-1,-1,-1,-1,-1
8205,-1,-1,-1,-1,-1,-1,-1,-1
8206,-1,-1,-1,-1,-1,-1,-1,-1
8207,-1,-1,-1,-1,-1,-1,-1,-1
8208,-1,-1,-1,-1,-1,-1,-1,-1
8209,-1,-1,-1,-1,-1,-1,-1,-1
8210,-1,-1,-1,-1,-1,-1,-1,-1
8211,-1,-1,-1,-1,-1,-1,-1,-1
8212,-1,-1,-1,-1,-1,-1,-1,-1
8213,-1,-1,-1,-1,-1,-1,-1,-1
8214,-1,-1,-1,-1,-1,-1,-1,-1
8215,-1,-1,-1,-1,-1,-1,-1,-1
8216,-1,-1,-1,-1,-1,-1,-1,-1
8217,-1,-1,-1,-1,-1,-1,-1,-1
8218,-1,-1,-1,-1,-1,-1,-1,-1
8219,-1,-1,-1,-1,-1,-1,-1,-1
8220,-1,-1,-1,-1,-1,-1,-1,-1
8221,-1,-1,-1,-1,-1,-1,-1,-1
8222,-1,-1,-1,-1,-1,-1,-1,-1
8223,-1,-1,-1,-1,-1,-1,-1,-1
8224,-1,-1,-1,-1,-1,-1,-1,-1
8225,-1,-1,-1,-1,-1,-1,-1,-1
8226,-1,-1,-1,-1,-1,-1,-1,-1
8227,-1,-1,-1,-1,-1,-1,-1,-1
8228,-1,-1,-1,-1,-1,-1,-1,-1
8229,-1,-1,-1,-1,-1,-1,-1,-1
8230,-1,-1,-1,-1,-1,-1,-1,-1
8231,-1,-1,-1,-1,-1,-1,-1,-1
8232,-1,-1,-1,-1,-1,-1,-1,-1
8233,-1,-1,-1,-1,-1,-1,-1,-1
8234,-1,-1,-1,-1,-1,-1,-1,-1
8235,-1,-1,-1,-1,-1,-1,-1,-1
8236,-1,-1,-1,-1,-1,-1,-1,-1
8237,10007191,10007479,10007767,10008055,10008343,10008631,10008919,10009207
8238,10007190,10007478,10007766,10008054,10008342,10008630,10008918,10009206
8239,10007189,10007477,10007765,10008053,10008341,10008629,10008917,10009205
8240,10007188,10007476,10007764,10008052,10008340,10008628,10008916,10009204
8241,10007187,10007475,10007763,10008051,10008339,10008627,10008915,10009203
8242,10007186,10007474,10007762,10008050,10008338,10008626,10008914,10009202
8243,10007185,10007473,10007761,10008049,10008337,10008625,10008913,10009201
8244,10007184,10007472,10007760,10008048,10008336,10008624,10008912,10009200
8245,-1,-1,-1,-1,-1,-1,-1,-1
8246,-1,-1,-1,-1,-1,-1,-1,-1
8247,-1,-1,-1,-1,-1,-1,-1,-1
8248,-1,-1,-1,-1,-1,-1,-1,-1
8249,-1,-1,-1,-1,-1,-1,-1,-1
8250,-1,-1,-1,-1,-1,-1,-1,-1
8251,-1,-1,-1,-1,-1,-1,-1,-1
8252,-1,-1,-1,-1,-1,-1,-1,-1
8253,-1,-1,-1,-1,-1,-1,-1,-1
8254,-1,-1,-1,-1,-1,-1,-1,-1
8255,-1,-1,-1,-1,-1,-1,-1,-1
8256,-1,-1,-1,-1,-1,-1,-1,-1
8257,-1,-1,-1,-1,-1,-1,-1,-1
8258,-1,-1,-1,-1,-1,-1,-1,-1
8259,-1,-1,-1,-1,-1,-1,-1,-1
8260,-1,-1,-1,-1,-1,-1,-1,-1
8261,-1,-1,-1,-1,-1,-1,-1,-1
8262,-1,-1,-1,-1,-1,-1,-1,-1
8263,-1,-1,-1,-1,-1,-1,-1,-1
8264,-1,-1,-1,-1,-1,-1,-1,-1
8265,-1,-1,-1,-1,-1,-1,-1,-1
8266,-1,-1,-1,-1,-1,-1,-1,-1
8267,-1,-1,-1,-1,-1,-1,-1,-1
8268,-1,-1,-1,-1,-1,-1,-1,-1
8269,-1,-1,-1,-1,-1,-1,-1,-1
8270,-1,-1,-1,-1,-1,-1,-1,-1
8271,-1,-1,-1,-1,-1,-1,-1,-1
8272,-1,-1,-1,-1,-1,-1,-1,-1
8273,-1,-1,-1,-1,-1,-1,-1,-1
8274,-1,-1,-1,-1,-1,-1,-1,-1
8275,-1,-1,-1,-1,-1,-1,-1,-1
8276,-1,-1,-1,-1,-1,-1,-1,-1
8277,-1,-1,-1,-1,-1,-1,-1,-1
8278,-1,-1,-1,-1,-1,-1,-1,-1
8279,-1,-1,-1,-1,-1,-1,-1,-1
8280,-1,-1,-1,-1,-1,-1,-1,-1
8281,-1,-1,-1,-1,-1,-1,-1,-1
8282,-1,-1,-1,-1,-1,-1,-1,-1
8283,-1,-1,-1,-1,-1,-1,-1,-1
8284,-1,-1,-1,-1,-1,-1,-1,-1
8285,-1,-1,-1,-1,-1,-1,-1,-1
8286,-1,-1,-1,-1,-1,-1,-1,-1
8287,-1,-1,-1,-1,-1,-1,-1,-1
8288,-1,-1,-1,-1,-1,-1,-1,-1
8289,-1,-1,-1,-1,-1,-1,-1,-1
8290,-1,-1,-1,-1,-1,-1,-1,-1
8291,-1,-1,-1,-1,-1,-1,-1,-1
8292,-1,-1,-1,-1,-1,-1,-1,-1
8293,-1,-1,-1,-1,-1,-1,-1,-1
8294,-1,-1,-1,-1,-1,-1,-1,-1
8295,10007199,10007487,10007775,10008063,10008351,10008639,10008927,10009215
8296,10007198,10007486,10007774,10008062,10008350,10008638,10008926,10009214
8297,10007197,10007485,10007773,10008061,10008349,10008637,10008925,10009213
8298,10007196,10007484,10007772,10008060,10008348,10008636,10008924,10009212
8299,10007195,10007483,10007771,10008059,10008347,10008635,10008923,10009211
8300,10007194,10007482,10007770,10008058,10008346,10008634,10008922,10009210
8301,10007193,10007481,10007769,10008057,10008345,10008633,10008921,10009209
8302,10007192,10007480,10007768,10008056,10008344,10008632,10008920,10009208
8303,-1,-1,-1,-1,-1,-1,-1,-1
8304,-1,-1,-1,-1,-1,-1,-1,-1
8305,-1,-1,-1,-1,-1,-1,-1,-1
8306,-1,-1,-1,-1,-1,-1,-1,-1
8307,-1,-1,-1,-1,-1,-1,-1,-1
8308,-1,-1,-1,-1,-1,-1,-1,-1
8309,-1,-1,-1,-1,-1,-1,-1,-1
8310,-1,-1,-1,-1,-1,-1,-1,-1
8311,-1,-1,-1,-1,-1,-1,-1,-1
8312,-1,-1,-1,-1,-1,-1,-1,-1
8313,-1,-1,-1,-1,-1,-1,-1,-1
8314,-1,-1,-1,-1,-1,-1,-1,-1
8315,-1,-1,-1,-1,-1,-1,-1,-1
8316,-1,-1,-1,-1,-1,-1,-1,-1
8317,-1,-1,-1,-1,-1,-1,-1,-1
8318,-1,-1,-1,-1,-1,-1,-1,-1
8319,-1,-1,-1,-1,-1,-1,-1,-1
8320,-1,-1,-1,-1,-1,-1,-1,-1
8321,-1,-1,-1,-1,-1,-1,-1,-1
8322,-1,-1,-1,-1,-1,-1,-1,-1
8323,-1,-1,-1,-1,-1,-1,-1,-1
8324,-1,-1,-1,-1,-1,-1,-1,-1
8325,-1,-1,-1,-1,-1,-1,-1,-1
8326,-1,-1,-1,-1,-1,-1,-1,-1
8327,-1,-1,-1,-1,-1,-1,-1,-1
8328,-1,-1,-1,-1,-1,-1,-1,-1
8329,-1,-1,-1,-1,-1,-1,-1,-1
8330,-1,-1,-1,-1,-1,-1,-1,-1
8331,-1,-1,-1,-1,-1,-1,-1,-1
8332,-1,-1,-1,-1,-1,-1,-1,-1
8333,-1,-1,-1,-1,-1,-1,-1,-1
8334,-1,-1,-1,-1,-1,-1,-1,-1
8335,-1,-1,-1,-1,-1,-1,-1,-1
8336,-1,-1,-1,-1,-1,-1,-1,-1
8337,-1,-1,-1,-1,-1,-1,-1,-1
8338,-1,-1,-1,-1,-1,-1,-1,-1
8339,-1,-1,-1,-1,-1,-1,-1,-1
8340,-1,-1,-1,-1,-1,-1,-1,-1
8341,-1,-1,-1,-1,-1,-1,-1,-1
8342,-1,-1,-1,-1,-1,-1,-1,-1
8343,-1,-1,-1,-1,-1,-1,-1,-1
8344,-1,-1,-1,-1,-1,-1,-1,-1
8345,-1,-1,-1,-1,-1,-1,-1,-1
8346,-1,-1,-1,-1,-1,-1,-1,-1
8347,-1,-1,-1,-1,-1,-1,-1,-1
8348,-1,-1,-1,-1,-1,-1,-1,-1
8349,-1,-1,-1,-1,-1,-1,-1,-1
8350,-1,-1,-1,-1,-1,-1,-1,-1
8351,-1,-1,-1,-1,-1,-1,-1,-1
8352,-1,-1,-1,-1,-1,-1,-1,-1
8353,10009223,10009511,10009799,10010087,10010375,10010663,10010951,10011239
8354,10009222,10009510,10009798,10010086,10010374,10010662,10010950,10011238
8355,10009221,10009509,10009797,10010085,10010373,10010661,10010949,10011237
8356,10009220,10009508,10009796,10010084,10010372,10010660,10010948,10011236
8357,10009219,10009507,10009795,10010083,10010371,10010659,10010947,10011235
8358,10009218,10009506,10009794,10010082,10010370,10010658,10010946,10011234
8359,10009217,10009505,10009793,10010081,10010369,10010657,10010945,10011233
8360,10009216,10009504,10009792,10010080,10010368,10010656,10010944,10011232
8361,-1,-1,-1,-1,-1,-1,-1,-1
8362,-1,-1,-1,-1,-1,-1,-1,-1
8363,-1,-1,-1,-1,-1,-1,-1,-1
8364,-1,-1,-1,-1,-1,-1,-1,-1
8365,-1,-1,-1,-1,-1,-1,-1,-1
8366,-1,-1,-1,-1,-1,-1,-1,-1
8367,-1,-1,-1,-1,-1,-1,-1,-1
8368,-1,-1,-1,-1,-1,-1,-1,-1
8369,-1,-1,-1,-1,-1,-1,-1,-1
8370,-1,-1,-1,-1,-1,-1,-1,-1
8371,-1,-1,-1,-1,-1,-1,-1,-1
8372,-1,-1,-1,-1,-1,-1,-1,-1
8373,-1,-1,-1,-1,-1,-1,-1,-1
8374,-1,-1,-1,-1,-1,-1,-1,-1
8375,-1,-1,-1,-1,-1,-1,-1,-1
8376,-1,-1,-1,-1,-1,-1,-1,-1
8377,-1,-1,-1,-1,-1,-1,-1,-1
8378,-1,-1,-1,-1,-1,-1,-1,-1
8379,-1,-1,-1,-1,-1,-1,-1,-1
8380,-1,-1,-1,-1,-1,-1,-1,-1
8381,-1,-1,-1,-1,-1,-1,-1,-1
8382,-1,-1,-1,-1,-1,-1,-1,-1
8383,-1,-1,-1,-1,-1,-1,-1,-1
8384,-1,-1,-1,-1,-1,-1,-1,-1
8385,-1,-1,-1,-1,-1,-1,-1,-1
8386,-1,-1,-1,-1,-1,-1,-1,-1
8387,-1,-1,-1,-1,-1,-1,-1,-1
8388,-1,-1,-1,-1,-1,-1,-1,-1
8389,-1,-1,-1,-1,-1,-1,-1,-1
8390,-1,-1,-1,-1,-1,-1,-1,-1
8391,-1,-1,-1,-1,-1,-1,-1,-1
8392,-1,-1,-1,-1,-1,-1,-1,-1
8393,-1,-1,-1,-1,-1,-1,-1,-1
8394,-1,-1,-1,-1,-1,-1,-1,-1
8395,-1,-1,-1,-1,-1,-1,-1,-1
8396,-1,-1,-1,-1,-1,-1,-1,-1
8397,-1,-1,-1,-1,-1,-1,-1,-1
8398,-1,-1,-1,-1,-1,-1,-1,-1
8399,-1,-1,-1,-1,-1,-1,-1,-1
8400,-1,-1,-1,-1,-1,-1,-1,-1
8401,-1,-1,-1,-1,-1,-1,-1,-1
8402,-1,-1,-1,-1,-1,-1,-1,-1
8403,-1,-1,-1,-1,-1,-1,-1,-1
8404,-1,-1,-1,-1,-1,-1,-1,-1
8405,-1,-1,-1,-1,-1,-1,-1,-1
8406,-1,-1,-1,-1,-1,-1,-1,-1
8407,-1,-1,-1,-1,-1,-1,-1,-1
8408,-1,-1,-1,-1,-1,-1,-1,-1
8409,-1,-1,-1,-1,-1,-1,-1,-1
8410,-1,-1,-1,-1,-1,-1,-1,-1
8411,10009231,10009519,10009807,10010095,10010383,10010671,10010959,10011247
8412,10009230,10009518,10009806,10010094,10010382,10010670,10010958,10011246
8413,10009229,10009517,10009805,10010093,10010381,10010669,10010957,10011245
8414,10009228,10009516,10009804,10010092,10010380,10010668,10010956,10011244
8415,10009227,10009515,10009803,10010091,10010379,10010667,10010955,10011243
8416,10009226,10009514,10009802,10010090,10010378,10010666,10010954,10011242
8417,10009225,10009513,10009801,10010089,10010377,10010665,10010953,10011241
8418,10009224,10009512,10009800,10010088,10010376,10010664,10010952,10011240
8419,-1,-1,-1,-1,-1,-1,-1,-1
8420,-1,-1,-1,-1,-1,-1,-1,-1
8421,-1,-1,-1,-1,-1,-1,-1,-1
8422,-1,-1,-1,-1,-1,-1,-1,-1
8423,-1,-1,-1,-1,-1,-1,-1,-1
8424,-1,-1,-1,-1,-1,-1,-1,-1
8425,-1,-1,-1,-1,-1,-1,-1,-1
8426,-1,-1,-1,-1,-1,-1,-1,-1
8427,-1,-1,-1,-1,-1,-1,-1,-1
8428,-1,-1,-1,-1,-1,-1,-1,-1
8429,-1,-1,-1,-1,-1,-1,-1,-1
8430,-1,-1,-1,-1,-1,-1,-1,-1
8431,-1,-1,-1,-1,-1,-1,-1,-1
8432,-1,-1,-1,-1,-1,-1,-1,-1
8433,-1,-1,-1,-1,-1,-1,-1,-1
8434,-1,-1,-1,-1,-1,-1,-1,-1
8435,-1,-1,-1,-1,-1,-1,-1,-1
8436,-1,-1,-1,-1,-1,-1,-1,-1
8437,-1,-1,-1,-1,-1,-1,-1,-1
8438,-1,-1,-1,-1,-1,-1,-1,-1
8439,-1,-1,-1,-1,-1,-1,-1,-1
8440,-1,-1,-1,-1,-1,-1,-1,-1
8441,-1,-1,-1,-1,-1,-1,-1,-1
8442,-1,-1,-1,-1,-1,-1,-1,-1
8443,-1,-1,-1,-1,-1,-1,-1,-1
8444,-1,-1,-1,-1,-1,-1,-1,-1
8445,-1,-1,-1,-1,-1,-1,-1,-1
8446,-1,-1,-1,-1,-1,-1,-1,-1
8447,-1,-1,-1,-1,-1,-1,-1,-1
8448,-1,-1,-1,-1,-1,-1,-1,-1
8449,-1,-1,-1,-1,-1,-1,-1,-1
8450,-1,-1,-1,-1,-1,-1,-1,-1
8451,-1,-1,-1,-1,-1,-1,-1,-1
8452,-1,-1,-1,-1,-1,-1,-1,-1
8453,-1,-1,-1,-1,-1,-1,-1,-1
8454,-1,-1,-1,-1,-1,-1,-1,-1
8455,-1,-1,-1,-1,-1,-1,-1,-1
8456,-1,-1,-1,-1,-1,-1,-1,-1
8457,-1,-1,-1,-1,-1,-1,-1,-1
8458,-1,-1,-1,-1,-1,-1,-1,-1
8459,-1,-1,-1,-1,-1,-1,-1,-1
8460,-1,-1,-1,-1,-1,-1,-1,-1
8461,-1,-1,-1,-1,-1,-1,-1,-1
8462,-1,-1,-1,-1,-1,-1,-1,-1
8463,-1,-1,-1,-1,-1,-1,-1,-1
8464,-1,-1,-1,-1,-1,-1,-1,-1
8465,-1,-1,-1,-1,-1,-1,-1,-1
8466,-1,-1,-1,-1,-1,-1,-1,-1
8467,-1,-1,-1,-1,-1,-1,-1,-1
8468,-1,-1,-1,-1,-1,-1,-1,-1
8469,10009239,10009527,10009815,10010103,10010391,10010679,10010967,10011255
8470,10009238,10009526,10009814,10010102,10010390,10010678,10010966,10011254
8471,10009237,10009525,10009813,10010101,10010389,10010677,10010965,10011253
8472,10009236,10009524,10009812,10010100,10010388,10010676,10010964,10011252
8473,10009235,10009523,10009811,10010099,10010387,10010675,10010963,10011251
8474,10009234,10009522,10009810,10010098,10010386,10010674,10010962,10011250
8475,10009233,10009521,10009809,10010097,10010385,10010673,10010961,10011249
8476,10009232,10009520,10009808,10010096,10010384,10010672,10010960,10011248
8477,-1,-1,-1,-1,-1,-1,-1,-1
8478,-1,-1,-1,-1,-1,-1,-1,-1
8479,-1,-1,-1,-1,-1,-1,-1,-1
8480,-1,-1,-1,-1,-1,-1,-1,-1
8481,-1,-1,-1,-1,-1,-1,-1,-1
8482,-1,-1,-1,-1,-1,-1,-1,-1
8483,-1,-1,-1,-1,-1,-1,-1,-1
8484,-1,-1,-1,-1,-1,-1,-1,-1
8485,-1,-1,-1,-1,-1,-1,-1,-1
8486,-1,-1,-1,-1,-1,-1,-1,-1
8487,-1,-1,-1,-1,-1,-1,-1,-1
8488,-1,-1,-1,-1,-1,-1,-1,-1
8489,-1,-1,-1,-1,-1,-1,-1,-1
8490,-1,-1,-1,-1,-1,-1,-1,-1
8491,-1,-1,-1,-1,-1,-1,-1,-1
8492,-1,-1,-1,-1,-1,-1,-1,-1
8493,-1,-1,-1,-1,-1,-1,-1,-1
8494,-1,-1,-1,-1,-1,-1,-1,-1
8495,-1,-1,-1,-1,-1,-1,-1,-1
8496,-1,-1,-1,-1,-1,-1,-1,-1
8497,-1,-1,-1,-1,-1,-1,-1,-1
8498,-1,-1,-1,-1,-1,-1,-1,-1
8499,-1,-1,-1,-1,-1,-1,-1,-1
8500,-1,-1,-1,-1,-1,-1,-1,-1
8501,-1,-1,-1,-1,-1,-1,-1,-1
8502,-1,-1,-1,-1,-1,-1,-1,-1
8503,-1,-1,-1,-1,-1,-1,-1,-1
8504,-1,-1,-1,-1,-1,-1,-1,-1
8505,-1,-1,-1,-1,-1,-1,-1,-1
8506,-1,-1,-1,-1,-1,-1,-1,-1
8507,-1,-1,-1,-1,-1,-1,-1,-1
8508,-1,-1,-1,-1,-1,-1,-1,-1
8509,-1,-1,-1,-1,-1,-1,-1,-1
8510,-1,-1,-1,-1,-1,-1,-1,-1
8511,-1,-1,-1,-1,-1,-1,-1,-1
8512,-1,-1,-1,-1,-1,-1,-1,-1
8513,-1,-1,-1,-1,-1,-1,-1,-1
8514,-1,-1,-1,-1,-1,-1,-1,-1
8515,-1,-1,-1,-1,-1,-1,-1,-1
8516,-1,-1,-1,-1,-1,-1,-1,-1
8517,-1,-1,-1,-1,-1,-1,-1,-1
8518,-1,-1,-1,-1,-1,-1,-1,-1
8519,-1,-1,-1,-1,-1,-1,-1,-1
8520,-1,-1,-1,-1,-1,-1,-1,-1
8521,-1,-1,-1,-1,-1,-1,-1,-1
8522,-1,-1,-1,-1,-1,-1,-1,-1
8523,-1,-1,-1,-1,-1,-1,-1,-1
8524,-1,-1,-1,-1,-1,-1,-1,-1
8525,-1,-1,-1,-1,-1,-1,-1,-1
8526,-1,-1,-1,-1,-1,-1,-1,-1
8527,10009247,10009535,10009823,10010111,10010399,10010687,10010975,10011263
8528,10009246,10009534,10009822,10010110,10010398,10010686,10010974,10011262
8529,10009245,10009533,10009821,10010109,10010397,10010685,10010973,10011261
8530,10009244,10009532,10009820,10010108,10010396,10010684,10010972,10011260
8531,10009243,10009531,10009819,10010107,10010395,10010683,10010971,10011259
8532,10009242,10009530,10009818,10010106,10010394,10010682,10010970,10011258
8533,10009241,10009529,10009817,10010105,10010393,10010681,10010969,10011257
8534,10009240,10009528,10009816,10010104,10010392,10010680,10010968,10011256
8535,-1,-1,-1,-1,-1,-1,-1,-1
8536,-1,-1,-1,-1,-1,-1,-1,-1
8537,-1,-1,-1,-1,-1,-1,-1,-1
8538,-1,-1,-1,-1,-1,-1,-1,-1
8539,-1,-1,-1,-1,-1,-1,-1,-1
8540,-1,-1,-1,-1,-1,-1,-1,-1
8541,-1,-1,-1,-1,-1,-1,-1,-1
8542,-1,-1,-1,-1,-1,-1,-1,-1
8543,-1,-1,-1,-1,-1,-1,-1,-1
8544,-1,-1,-1,-1,-1,-1,-1,-1
8545,-1,-1,-1,-1,-1,-1,-1,-1
8546,-1,-1,-1,-1,-1,-1,-1,-1
8547,-1,-1,-1,-1,-1,-1,-1,-1
8548,-1,-1,-1,-1,-1,-1,-1,-1
8549,-1,-1,-1,-1,-1,-1,-1,-1
8550,-1,-1,-1,-1,-1,-1,-1,-1
8551,-1,-1,-1,-1,-1,-1,-1,-1
8552,-1,-1,-1,-1,-1,-1,-1,-1
8553,-1,-1,-1,-1,-1,-1,-1,-1
8554,-1,-1,-1,-1,-1,-1,-1,-1
8555,-1,-1,-1,-1,-1,-1,-1,-1
8556,-1,-1,-1,-1,-1,-1,-1,-1
8557,-1,-1,-1,-1,-1,-1,-1,-1
8558,-1,-1,-1,-1,-1,-1,-1,-1
8559,-1,-1,-1,-1,-1,-1,-1,-1
8560,-1,-1,-1,-1,-1,-1,-1,-1
8561,-1,-1,-1,-1,-1,-1,-1,-1
8562,-1,-1,-1,-1,-1,-1,-1,-1
8563,-1,-1,-1,-1,-1,-1,-1,-1
8564,-1,-1,-1,-1,-1,-1,-1,-1
8565,-1,-1,-1,-1,-1,-1,-1,-1
8566,-1,-1,-1,-1,-1,-1,-1,-1
8567,-1,-1,-1,-1,-1,-1,-1,-1
8568,-1,-1,-1,-1,-1,-1,-1,-1
8569,-1,-1,-1,-1,-1,-1,-1,-1
8570,-1,-1,-1,-1,-1,-1,-1,-1
8571,-1,-1,-1,-1,-1,-1,-1,-1
8572,-1,-1,-1,-1,-1,-1,-1,-1
8573,-1,-1,-1,-1,-1,-1,-1,-1
8574,-1,-1,-1,-1,-1,-1,-1,-1
8575,-1,-1,-1,-1,-1,-1,-1,-1
8576,-1,-1,-1,-1,-1,-1,-1,-1
8577,-1,-1,-1,-1,-1,-1,-1,-1
8578,-1,-1,-1,-1,-1,-1,-1,-1
8579,-1,-1,-1,-1,-1,-1,-1,-1
8580,-1,-1,-1,-1,-1,-1,-1,-1
8581,-1,-1,-1,-1,-1,-1,-1,-1
8582,-1,-1,-1,-1,-1,-1,-1,-1
8583,-1,-1,-1,-1,-1,-1,-1,-1
8584,-1,-1,-1,-1,-1,-1,-1,-1
8585,10009255,10009543,10009831,10010119,10010407,10010695,10010983,10011271
8586,10009254,10009542,10009830,10010118,10010406,10010694,10010982,10011270
8587,10009253,10009541,10009829,10010117,10010405,10010693,10010981,10011269
8588,10009252,10009540,10009828,10010116,10010404,10010692,10010980,10011268
8589,10009251,10009539,10009827,10010115,10010403,10010691,10010979,10011267
8590,10009250,10009538,10009826,10010114,10010402,10010690,10010978,10011266
8591,10009249,10009537,10009825,10010113,10010401,10010689,10010977,10011265
8592,10009248,10009536,10009824,10010112,10010400,10010688,10010976,10011264
8593,-1,-1,-1,-1,-1,-1,-1,-1
8594,-1,-1,-1,-1,-1,-1,-1,-1
8595,-1,-1,-1,-1,-1,-1,-1,-1
8596,-1,-1,-1,-1,-1,-1,-1,-1
8597,-1,-1,-1,-1,-1,-1,-1,-1
8598,-1,-1,-1,-1,-1,-1,-1,-1
8599,-1,-1,-1,-1,-1,-1,-1,-1
8600,-1,-1,-1,-1,-1,-1,-1,-1
8601,-1,-1,-1,-1,-1,-1,-1,-1
8602,-1,-1,-1,-1,-1,-1,-1,-1
8603,-1,-1,-1,-1,-1,-1,-1,-1
8604,-1,-1,-1,-1,-1,-1,-1,-1
8605,-1,-1,-1,-1,-1,-1,-1,-1
8606,-1,-1,-1,-1,-1,-1,-1,-1
8607,-1,-1,-1,-1,-1,-1,-1,-1
8608,-1,-1,-1,-1,-1,-1,-1,-1
8609,-1,-1,-1,-1,-1,-1,-1,-1
8610,-1,-1,-1,-1,-1,-1,-1,-1
8611,-1,-1,-1,-1,-1,-1,-1,-1
8612,-1,-1,-1,-1,-1,-1,-1,-1
8613,-1,-1,-1,-1,-1,-1,-1,-1
8614,-1,-1,-1,-1,-1,-1,-1,-1
8615,-1,-1,-1,-1,-1,-1,-1,-1
8616,-1,-1,-1,-1,-1,-1,-1,-1
8617,-1,-1,-1,-1,-1,-1,-1,-1
8618,-1,-1,-1,-1,-1,-1,-1,-1
8619,-1,-1,-1,-1,-1,-1,-1,-1
8620,-1,-1,-1,-1,-1,-1,-1,-1
8621,-1,-1,-1,-1,-1,-1,-1,-1
8622,-1,-1,-1,-1,-1,-1,-1,-1
8623,-1,-1,-1,-1,-1,-1,-1,-1
8624,-1,-1,-1,-1,-1,-1,-1,-1
8625,-1,-1,-1,-1,-1,-1,-1,-1
8626,-1,-1,-1,-1,-1,-1,-1,-1
8627,-1,-1,-1,-1,-1,-1,-1,-1
8628,-1,-1,-1,-1,-1,-1,-1,-1
8629,-1,-1,-1,-1,-1,-1,-1,-1
8630,-1,-1,-1,-1,-1,-1,-1,-1
8631,-1,-1,-1,-1,-1,-1,-1,-1
8632,-1,-1,-1,-1,-1,-1,-1,-1
8633,-1,-1,-1,-1,-1,-1,-1,-1
8634,-1,-1,-1,-1,-1,-1,-1,-1
8635,-1,-1,-1,-1,-1,-1,-1,-1
8636,-1,-1,-1,-1,-1,-1,-1,-1
8637,-1,-1,-1,-1,-1,-1,-1,-1
8638,-1,-1,-1,-1,-1,-1,-1,-1
8639,-1,-1,-1,-1,-1,-1,-1,-1
8640,-1,-1,-1,-1,-1,-1,-1,-1
8641,-1,-1,-1,-1,-1,-1,-1,-1
8642,-1,-1,-1,-1,-1,-1,-1,-1
8643,10009263,10009551,10009839,10010127,10010415,10010703,10010991,10011279
8644,10009262,10009550,10009838,10010126,10010414,10010702,10010990,10011278
8645,10009261,10009549,10009837,10010125,10010413,10010701,10010989,10011277
8646,10009260,10009548,10009836,10010124,10010412,10010700,10010988,10011276
8647,10009259,10009547,10009835,10010123,10010411,10010699,10010987,10011275
8648,10009258,10009546,10009834,10010122,10010410,10010698,10010986,10011274
8649,10009257,10009545,10009833,10010121,10010409,10010697,10010985,10011273
8650,10009256,10009544,10009832,10010120,10010408,10010696,10010984,10011272
8651,-1,-1,-1,-1,-1,-1,-1,-1
8652,-1,-1,-1,-1,-1,-1,-1,-1
8653,-1,-1,-1,-1,-1,-1,-1,-1
8654,-1,-1,-1,-1,-1,-1,-1,-1
8655,-1,-1,-1,-1,-1,-1,-1,-1
8656,-1,-1,-1,-1,-1,-1,-1,-1
8657,-1,-1,-1,-1,-1,-1,-1,-1
8658,-1,-1,-1,-1,-1,-1,-1,-1
8659,-1,-1,-1,-1,-1,-1,-1,-1
8660,-1,-1,-1,-1,-1,-1,-1,-1
8661,-1,-1,-1,-1,-1,-1,-1,-1
8662,-1,-1,-1,-1,-1,-1,-1,-1
8663,-1,-1,-1,-1,-1,-1,-1,-1
8664,-1,-1,-1,-1,-1,-1,-1,-1
8665,-1,-1,-1,-1,-1,-1,-1,-1
8666,-1,-1,-1,-1,-1,-1,-1,-1
8667,-1,-1,-1,-1,-1,-1,-1,-1
8668,-1,-1,-1,-1,-1,-1,-1,-1
8669,-1,-1,-1,-1,-1,-1,-1,-1
8670,-1,-1,-1,-1,-1,-1,-1,-1
8671,-1,-1,-1,-1,-1,-1,-1,-1
8672,-1,-1,-1,-1,-1,-1,-1,-1
8673,-1,-1,-1,-1,-1,-1,-1,-1
8674,-1,-1,-1,-1,-1,-1,-1,-1
8675,-1,-1,-1,-1,-1,-1,-1,-1
8676,-1,-1,-1,-1,-1,-1,-1,-1
8677,-1,-1,-1,-1,-1,-1,-1,-1
8678,-1,-1,-1,-1,-1,-1,-1,-1
8679,-1,-1,-1,-1,-1,-1,-1,-1
8680,-1,-1,-1,-1,-1,-1,-1,-1
8681,-1,-1,-1,-1,-1,-1,-1,-1
8682,-1,-1,-1,-1,-1,-1,-1,-1
8683,-1,-1,-1,-1,-1,-1,-1,-1
8684,-1,-1,-1,-1,-1,-1,-1,-1
8685,-1,-1,-1,-1,-1,-1,-1,-1
8686,-1,-1,-1,-1,-1,-1,-1,-1
8687,-1,-1,-1,-1,-1,-1,-1,-1
8688,-1,-1,-1,-1,-1,-1,-1,-1
8689,-1,-1,-1,-1,-1,-1,-1,-1
8690,-1,-1,-1,-1,-1,-1,-1,-1
8691,-1,-1,-1,-1,-1,-1,-1,-1
8692,-1,-1,-1,-1,-1,-1,-1,-1
8693,-1,-1,-1,-1,-1,-1,-1,-1
8694,-1,-1,-1,-1,-1,-1,-1,-1
8695,-1,-1,-1,-1,-1,-1,-1,-1
8696,-1,-1,-1,-1,-1,-1,-1,-1
8697,-1,-1,-1,-1,-1,-1,-1,-1
8698,-1,-1,-1,-1,-1,-1,-1,-1
8699,-1,-1,-1,-1,-1,-1,-1,-1
8700,-1,-1,-1,-1,-1,-1,-1,-1
8701,10009271,10009559,10009847,10010135,10010423,10010711,10010999,10011287
8702,10009270,10009558,10009846,10010134,10010422,10010710,10010998,10011286
8703,10009269,10009557,10009845,10010133,10010421,10010709,10010997,10011285
8704,10009268,10009556,10009844,10010132,10010420,10010708,10010996,10011284
8705,10009267,10009555,10009843,10010131,10010419,10010707,10010995,10011283
8706,10009266,10009554,10009842,10010130,10010418,10010706,10010994,10011282
8707,10009265,10009553,10009841,10010129,10010417,10010705,10010993,10011281
8708,10009264,10009552,10009840,10010128,10010416,10010704,10010992,10011280
8709,-1,-1,-1,-1,-1,-1,-1,-1
8710,-1,-1,-1,-1,-1,-1,-1,-1
8711,-1,-1,-1,-1,-1,-1,-1,-1
8712,-1,-1,-1,-1,-1,-1,-1,-1
8713,-1,-1,-1,-1,-1,-1,-1,-1
8714,-1,-1,-1,-1,-1,-1,-1,-1
8715,-1,-1,-1,-1,-1,-1,-1,-1
8716,-1,-1,-1,-1,-1,-1,-1,-1
8717,-1,-1,-1,-1,-1,-1,-1,-1
8718,-1,-1,-1,-1,-1,-1,-1,-1
8719,-1,-1,-1,-1,-1,-1,-1,-1
8720,-1,-1,-1,-1,-1,-1,-1,-1
8721,-1,-1,-1,-1,-1,-1,-1,-1
8722,-1,-1,-1,-1,-1,-1,-1,-1
8723,-1,-1,-1,-1,-1,-1,-1,-1
8724,-1,-1,-1,-1,-1,-1,-1,-1
8725,-1,-1,-1,-1,-1,-1,-1,-1
8726,-1,-1,-1,-1,-1,-1,-1,-1
8727,-1,-1,-1,-1,-1,-1,-1,-1
8728,-1,-1,-1,-1,-1,-1,-1,-1
8729,-1,-1,-1,-1,-1,-1,-1,-1
8730,-1,-1,-1,-1,-1,-1,-1,-1
8731,-1,-1,-1,-1,-1,-1,-1,-1
8732,-1,-1,-1,-1,-1,-1,-1,-1
8733,-1,-1,-1,-1,-1,-1,-1,-1
8734,-1,-1,-1,-1,-1,-1,-1,-1
8735,-1,-1,-1,-1,-1,-1,-1,-1
8736,-1,-1,-1,-1,-1,-1,-1,-1
8737,-1,-1,-1,-1,-1,-1,-1,-1
8738,-1,-1,-1,-1,-1,-1,-1,-1
8739,-1,-1,-1,-1,-1,-1,-1,-1
8740,-1,-1,-1,-1,-1,-1,-1,-1
8741,-1,-1,-1,-1,-1,-1,-1,-1
8742,-1,-1,-1,-1,-1,-1,-1,-1
8743,-1,-1,-1,-1,-1,-1,-1,-1
8744,-1,-1,-1,-1,-1,-1,-1,-1
8745,-1,-1,-1,-1,-1,-1,-1,-1
8746,-1,-1,-1,-1,-1,-1,-1,-1
8747,-1,-1,-1,-1,-1,-1,-1,-1
8748,-1,-1,-1,-1,-1,-1,-1,-1
8749,-1,-1,-1,-1,-1,-1,-1,-1
8750,-1,-1,-1,-1,-1,-1,-1,-1
8751,-1,-1,-1,-1,-1,-1,-1,-1
8752,-1,-1,-1,-1,-1,-1,-1,-1
8753,-1,-1,-1,-1,-1,-1,-1,-1
8754,-1,-1,-1,-1,-1,-1,-1,-1
8755,-1,-1,-1,-1,-1,-1,-1,-1
8756,-1,-1,-1,-1,-1,-1,-1,-1
8757,-1,-1,-1,-1,-1,-1,-1,-1
8758,-1,-1,-1,-1,-1,-1,-1,-1
8759,10009279,10009567,10009855,10010143,10010431,10010719,10011007,10011295
8760,10009278,10009566,10009854,10010142,10010430,10010718,10011006,10011294
8761,10009277,10009565,10009853,10010141,10010429,10010717,10011005,10011293
8762,10009276,10009564,10009852,10010140,10010428,10010716,10011004,10011292
8763,10009275,10009563,10009851,10010139,10010427,10010715,10011003,10011291
8764,10009274,10009562,10009850,10010138,10010426,10010714,10011002,10011290
8765,10009273,10009561,10009849,10010137,10010425,10010713,10011001,10011289
8766,10009272,10009560,10009848,10010136,10010424,10010712,10011000,10011288
8767,-1,-1,-1,-1,-1,-1,-1,-1
8768,-1,-1,-1,-1,-1,-1,-1,-1
8769,-1,-1,-1,-1,-1,-1,-1,-1
8770,-1,-1,-1,-1,-1,-1,-1,-1
8771,-1,-1,-1,-1,-1,-1,-1,-1
8772,-1,-1,-1,-1,-1,-1,-1,-1
8773,-1,-1,-1,-1,-1,-1,-1,-1
8774,-1,-1,-1,-1,-1,-1,-1,-1
8775,-1,-1,-1,-1,-1,-1,-1,-1
8776,-1,-1,-1,-1,-1,-1,-1,-1
8777,-1,-1,-1,-1,-1,-1,-1,-1
8778,-1,-1,-1,-1,-1,-1,-1,-1
8779,-1,-1,-1,-1,-1,-1,-1,-1
8780,-1,-1,-1,-1,-1,-1,-1,-1
8781,-1,-1,-1,-1,-1,-1,-1,-1
8782,-1,-1,-1,-1,-1,-1,-1,-1
8783,-1,-1,-1,-1,-1,-1,-1,-1
8784,-1,-1,-1,-1,-1,-1,-1,-1
8785,-1,-1,-1,-1,-1,-1,-1,-1
8786,-1,-1,-1,-1,-1,-1,-1,-1
8787,-1,-1,-1,-1,-1,-1,-1,-1
8788,-1,-1,-1,-1,-1,-1,-1,-1
8789,-1,-1,-1,-1,-1,-1,-1,-1
8790,-1,-1,-1,-1,-1,-1,-1,-1
8791,-1,-1,-1,-1,-1,-1,-1,-1
8792,-1,-1,-1,-1,-1,-1,-1,-1
8793,-1,-1,-1,-1,-1,-1,-1,-1
8794,-1,-1,-1,-1,-1,-1,-1,-1
8795,-1,-1,-1,-1,-1,-1,-1,-1
8796,-1,-1,-1,-1,-1,-1,-1,-1
8797,-1,-1,-1,-1,-1,-1,-1,-1
8798,-1,-1,-1,-1,-1,-1,-1,-1
8799,-1,-1,-1,-1,-1,-1,-1,-1
8800,-1,-1,-1,-1,-1,-1,-1,-1
8801,-1,-1,-1,-1,-1,-1,-1,-1
8802,-1,-1,-1,-1,-1,-1,-1,-1
8803,-1,-1,-1,-1,-1,-1,-1,-1
8804,-1,-1,-1,-1,-1,-1,-1,-1
8805,-1,-1,-1,-1,-1,-1,-1,-1
8806,-1,-1,-1,-1,-1,-1,-1,-1
8807,-1,-1,-1,-1,-1,-1,-1,-1
8808,-1,-1,-1,-1,-1,-1,-1,-1
8809,-1,-1,-1,-1,-1,-1,-1,-1
8810,-1,-1,-1,-1,-1,-1,-1,-1
8811,-1,-1,-1,-1,-1,-1,-1,-1
8812,-1,-1,-1,-1,-1,-1,-1,-1
8813,-1,-1,-1,-1,-1,-1,-1,-1
8814,-1,-1,-1,-1,-1,-1,-1,-1
8815,-1,-1,-1,-1,-1,-1,-1,-1
8816,-1,-1,-1,-1,-1,-1,-1,-1
8817,10009287,10009575,10009863,10010151,10010439,10010727,10011015,10011303
8818,10009286,10009574,10009862,10010150,10010438,10010726,10011014,10011302
8819,10009285,10009573,10009861,10010149,10010437,10010725,10011013,10011301
8820,10009284,10009572,10009860,10010148,10010436,10010724,10011012,10011300
8821,10009283,10009571,10009859,10010147,10010435,10010723,10011011,10011299
8822,10009282,10009570,10009858,10010146,10010434,10010722,10011010,10011298
8823,10009281,10009569,10009857,10010145,10010433,10010721,10011009,10011297
8824,10009280,10009568,10009856,10010144,10010432,10010720,10011008,10011296
8825,-1,-1,-1,-1,-1,-1,-1,-1
8826,-1,-1,-1,-1,-1,-1,-1,-1
8827,-1,-1,-1,-1,-1,-1,-1,-1
8828,-1,-1,-1,-1,-1,-1,-1,-1
8829,-1,-1,-1,-1,-1,-1,-1,-1
8830,-1,-1,-1,-1,-1,-1,-1,-1
8831,-1,-1,-1,-1,-1,-1,-1,-1
8832,-1,-1,-1,-1,-1,-1,-1,-1
8833,-1,-1,-1,-1,-1,-1,-1,-1
8834,-1,-1,-1,-1,-1,-1,-1,-1
8835,-1,-1,-1,-1,-1,-1,-1,-1
8836,-1,-1,-1,-1,-1,-1,-1,-1
8837,-1,-1,-1,-1,-1,-1,-1,-1
8838,-1,-1,-1,-1,-1,-1,-1,-1
8839,-1,-1,-1,-1,-1,-1,-1,-1
8840,-1,-1,-1,-1,-1,-1,-1,-1
8841,-1,-1,-1,-1,-1,-1,-1,-1
8842,-1,-1,-1,-1,-1,-1,-1,-1
8843,-1,-1,-1,-1,-1,-1,-1,-1
8844,-1,-1,-1,-1,-1,-1,-1,-1
8845,-1,-1,-1,-1,-1,-1,-1,-1
8846,-1,-1,-1,-1,-1,-1,-1,-1
8847,-1,-1,-1,-1,-1,-1,-1,-1
8848,-1,-1,-1,-1,-1,-1,-1,-1
8849,-1,-1,-1,-1,-1,-1,-1,-1
8850,-1,-1,-1,-1,-1,-1,-1,-1
8851,-1,-1,-1,-1,-1,-1,-1,-1
8852,-1,-1,-1,-1,-1,-1,-1,-1
8853,-1,-1,-1,-1,-1,-1,-1,-1
8854,-1,-1,-1,-1,-1,-1,-1,-1
8855,-1,-1,-1,-1,-1,-1,-1,-1
8856,-1,-1,-1,-1,-1,-1,-1,-1
8857,-1,-1,-1,-1,-1,-1,-1,-1
8858,-1,-1,-1,-1,-1,-1,-1,-1
8859,-1,-1,-1,-1,-1,-1,-1,-1
8860,-1,-1,-1,-1,-1,-1,-1,-1
8861,-1,-1,-1,-1,-1,-1,-1,-1
8862,-1,-1,-1,-1,-1,-1,-1,-1
8863,-1,-1,-1,-1,-1,-1,-1,-1
8864,-1,-1,-1,-1,-1,-1,-1,-1
8865,-1,-1,-1,-1,-1,-1,-1,-1
8866,-1,-1,-1,-1,-1,-1,-1,-1
8867,-1,-1,-1,-1,-1,-1,-1,-1
8868,-1,-1,-1,-1,-1,-1,-1,-1
8869,-1,-1,-1,-1,-1,-1,-1,-1
8870,-1,-1,-1,-1,-1,-1,-1,-1
8871,-1,-1,-1,-1,-1,-1,-1,-1
8872,-1,-1,-1,-1,-1,-1,-1,-1
8873,-1,-1,-1,-1,-1,-1,-1,-1
8874,-1,-1,-1,-1,-1,-1,-1,-1
8875,10009295,10009583,10009871,10010159,10010447,10010735,10011023,10011311
8876,10009294,10009582,10009870,10010158,10010446,10010734,10011022,10011310
8877,10009293,10009581,10009869,10010157,10010445,10010733,10011021,10011309
8878,10009292,10009580,10009868,10010156,10010444,10010732,10011020,10011308
8879,10009291,10009579,10009867,10010155,10010443,10010731,10011019,10011307
8880,10009290,10009578,10009866,10010154,10010442,10010730,10011018,10011306
8881,10009289,10009577,10009865,10010153,10010441,10010729,10011017,10011305
8882,10009288,10009576,10009864,10010152,10010440,10010728,10011016,10011304
8883,-1,-1,-1,-1,-1,-1,-1,-1
8884,-1,-1,-1,-1,-1,-1,-1,-1
8885,-1,-1,-1,-1,-1,-1,-1,-1
8886,-1,-1,-1,-1,-1,-1,-1,-1
8887,-1,-1,-1,-1,-1,-1,-1,-1
8888,-1,-1,-1,-1,-1,-1,-1,-1
8889,-1,-1,-1,-1,-1,-1,-1,-1
8890,-1,-1,-1,-1,-1,-1,-1,-1
8891,-1,-1,-1,-1,-1,-1,-1,-1
8892,-1,-1,-1,-1,-1,-1,-1,-1
8893,-1,-1,-1,-1,-1,-1,-1,-1
8894,-1,-1,-1,-1,-1,-1,-1,-1
8895,-1,-1,-1,-1,-1,-1,-1,-1
8896,-1,-1,-1,-1,-1,-1,-1,-1
8897,-1,-1,-1,-1,-1,-1,-1,-1
8898,-1,-1,-1,-1,-1,-1,-1,-1
8899,-1,-1,-1,-1,-1,-1,-1,-1
8900,-1,-1,-1,-1,-1,-1,-1,-1
8901,-1,-1,-1,-1,-1,-1,-1,-1
8902,-1,-1,-1,-1,-1,-1,-1,-1
8903,-1,-1,-1,-1,-1,-1,-1,-1
8904,-1,-1,-1,-1,-1,-1,-1,-1
8905,-1,-1,-1,-1,-1,-1,-1,-1
8906,-1,-1,-1,-1,-1,-1,-1,-1
8907,-1,-1,-1,-1,-1,-1,-1,-1
8908,-1,-1,-1,-1,-1,-1,-1,-1
8909,-1,-1,-1,-1,-1,-1,-1,-1
8910,-1,-1,-1,-1,-1,-1,-1,-1
8911,-1,-1,-1,-1,-1,-1,-1,-1
8912,-1,-1,-1,-1,-1,-1,-1,-1
8913,-1,-1,-1,-1,-1,-1,-1,-1
8914,-1,-1,-1,-1,-1,-1,-1,-1
8915,-1,-1,-1,-1,-1,-1,-1,-1
8916,-1,-1,-1,-1,-1,-1,-1,-1
8917,-1,-1,-1,-1,-1,-1,-1,-1
8918,-1,-1,-1,-1,-1,-1,-1,-1
8919,-1,-1,-1,-1,-1,-1,-1,-1
8920,-1,-1,-1,-1,-1,-1,-1,-1
8921,-1,-1,-1,-1,-1,-1,-1,-1
8922,-1,-1,-1,-1,-1,-1,-1,-1
8923,-1,-1,-1,-1,-1,-1,-1,-1
8924,-1,-1,-1,-1,-1,-1,-1,-1
8925,-1,-1,-1,-1,-1,-1,-1,-1
8926,-1,-1,-1,-1,-1,-1,-1,-1
8927,-1,-1,-1,-1,-1,-1,-1,-1
8928,-1,-1,-1,-1,-1,-1,-1,-1
8929,-1,-1,-1,-1,-1,-1,-1,-1
8930,-1,-1,-1,-1,-1,-1,-1,-1
8931,-1,-1,-1,-1,-1,-1,-1,-1
8932,-1,-1,-1,-1,-1,-1,-1,-1
8933,10009303,10009591,10009879,10010167,10010455,10010743,10011031,10011319
8934,10009302,10009590,10009878,10010166,10010454,10010742,10011030,10011318
8935,10009301,10009589,10009877,10010165,10010453,10010741,10011029,10011317
8936,10009300,10009588,10009876,10010164,10010452,10010740,10011028,10011316
8937,10009299,10009587,10009875,10010163,10010451,10010739,10011027,10011315
8938,10009298,10009586,10009874,10010162,10010450,10010738,10011026,10011314
8939,10009297,10009585,10009873,10010161,10010449,10010737,10011025,10011313
8940,10009296,10009584,10009872,10010160,10010448,10010736,10011024,10011312
8941,-1,-1,-1,-1,-1,-1,-1,-1
8942,-1,-1,-1,-1,-1,-1,-1,-1
8943,-1,-1,-1,-1,-1,-1,-1,-1
8944,-1,-1,-1,-1,-1,-1,-1,-1
8945,-1,-1,-1,-1,-1,-1,-1,-1
8946,-1,-1,-1,-1,-1,-1,-1,-1
8947,-1,-1,-1,-1,-1,-1,-1,-1
8948,-1,-1,-1,-1,-1,-1,-1,-1
8949,-1,-1,-1,-1,-1,-1,-1,-1
8950,-1,-1,-1,-1,-1,-1,-1,-1
8951,-1,-1,-1,-1,-1,-1,-1,-1
8952,-1,-1,-1,-1,-1,-1,-1,-1
8953,-1,-1,-1,-1,-1,-1,-1,-1
8954,-1,-1,-1,-1,-1,-1,-1,-1
8955,-1,-1,-1,-1,-1,-1,-1,-1
8956,-1,-1,-1,-1,-1,-1,-1,-1
8957,-1,-1,-1,-1,-1,-1,-1,-1
8958,-1,-1,-1,-1,-1,-1,-1,-1
8959,-1,-1,-1,-1,-1,-1,-1,-1
8960,-1,-1,-1,-1,-1,-1,-1,-1
8961,-1,-1,-1,-1,-1,-1,-1,-1
8962,-1,-1,-1,-1,-1,-1,-1,-1
8963,-1,-1,-1,-1,-1,-1,-1,-1
8964,-1,-1,-1,-1,-1,-1,-1,-1
8965,-1,-1,-1,-1,-1,-1,-1,-1
8966,-1,-1,-1,-1,-1,-1,-1,-1
8967,-1,-1,-1,-1,-1,-1,-1,-1
8968,-1,-1,-1,-1,-1,-1,-1,-1
8969,-1,-1,-1,-1,-1,-1,-1,-1
8970,-1,-1,-1,-1,-1,-1,-1,-1
8971,-1,-1,-1,-1,-1,-1,-1,-1
8972,-1,-1,-1,-1,-1,-1,-1,-1
8973,-1,-1,-1,-1,-1,-1,-1,-1
8974,-1,-1,-1,-1,-1,-1,-1,-1
8975,-1,-1,-1,-1,-1,-1,-1,-1
8976,-1,-1,-1,-1,-1,-1,-1,-1
8977,-1,-1,-1,-1,-1,-1,-1,-1
8978,-1,-1,-1,-1,-1,-1,-1,-1
8979,-1,-1,-1,-1,-1,-1,-1,-1
8980,-1,-1,-1,-1,-1,-1,-1,-1
8981,-1,-1,-1,-1,-1,-1,-1,-1
8982,-1,-1,-1,-1,-1,-1,-1,-1
8983,-1,-1,-1,-1,-1,-1,-1,-1
8984,-1,-1,-1,-1,-1,-1,-1,-1
8985,-1,-1,-1,-1,-1,-1,-1,-1
8986,-1,-1,-1,-1,-1,-1,-1,-1
8987,-1,-1,-1,-1,-1,-1,-1,-1
8988,-1,-1,-1,-1,-1,-1,-1,-1
8989,-1,-1,-1,-1,-1,-1,-1,-1
8990,-1,-1,-1,-1,-1,-1,-1,-1
8991,10009311,10009599,10009887,10010175,10010463,10010751,10011039,10011327
8992,10009310,10009598,10009886,10010174,10010462,10010750,10011038,10011326
8993,10009309,10009597,10009885,10010173,10010461,10010749,10011037,10011325
8994,10009308,10009596,10009884,10010172,10010460,10010748,10011036,10011324
8995,10009307,10009595,10009883,10010171,10010459,10010747,10011035,10011323
8996,10009306,10009594,10009882,10010170,10010458,10010746,10011034,10011322
8997,10009305,10009593,10009881,10010169,10010457,10010745,10011033,10011321
8998,10009304,10009592,10009880,10010168,10010456,10010744,10011032,10011320
8999,-1,-1,-1,-1,-1,-1,-1,-1
9000,-1,-1,-1,-1,-1,-1,-1,-1
9001,-1,-1,-1,-1,-1,-1,-1,-1
9002,-1,-1,-1,-1,-1,-1,-1,-1
9003,-1,-1,-1,-1,-1,-1,-1,-1
9004,-1,-1,-1,-1,-1,-1,-1,-1
9005,-1,-1,-1,-1,-1,-1,-1,-1
9006,-1,-1,-1,-1,-1,-1,-1,-1
9007,-1,-1,-1,-1,-1,-1,-1,-1
9008,-1,-1,-1,-1,-1,-1,-1,-1
9009,-1,-1,-1,-1,-1,-1,-1,-1
9010,-1,-1,-1,-1,-1,-1,-1,-1
9011,-1,-1,-1,-1,-1,-1,-1,-1
9012,-1,-1,-1,-1,-1,-1,-1,-1
9013,-1,-1,-1,-1,-1,-1,-1,-1
9014,-1,-1,-1,-1,-1,-1,-1,-1
9015,-1,-1,-1,-1,-1,-1,-1,-1
9016,-1,-1,-1,-1,-1,-1,-1,-1
9017,-1,-1,-1,-1,-1,-1,-1,-1
9018,-1,-1,-1,-1,-1,-1,-1,-1
9019,-1,-1,-1,-1,-1,-1,-1,-1
9020,-1,-1,-1,-1,-1,-1,-1,-1
9021,-1,-1,-1,-1,-1,-1,-1,-1
9022,-1,-1,-1,-1,-1,-1,-1,-1
9023,-1,-1,-1,-1,-1,-1,-1,-1
9024,-1,-1,-1,-1,-1,-1,-1,-1
9025,-1,-1,-1,-1,-1,-1,-1,-1
9026,-1,-1,-1,-1,-1,-1,-1,-1
9027,-1,-1,-1,-1,-1,-1,-1,-1
9028,-1,-1,-1,-1,-1,-1,-1,-1
9029,-1,-1,-1,-1,-1,-1,-1,-1
9030,-1,-1,-1,-1,-1,-1,-1,-1
9031,-1,-1,-1,-1,-1,-1,-1,-1
9032,-1,-1,-1,-1,-1,-1,-1,-1
9033,-1,-1,-1,-1,-1,-1,-1,-1
9034,-1,-1,-1,-1,-1,-1,-1,-1
9035,-1,-1,-1,-1,-1,-1,-1,-1
9036,-1,-1,-1,-1,-1,-1,-1,-1
9037,-1,-1,-1,-1,-1,-1,-1,-1
9038,-1,-1,-1,-1,-1,-1,-1,-1
9039,-1,-1,-1,-1,-1,-1,-1,-1
9040,-1,-1,-1,-1,-1,-1,-1,-1
9041,-1,-1,-1,-1,-1,-1,-1,-1
9042,-1,-1,-1,-1,-1,-1,-1,-1
9043,-1,-1,-1,-1,-1,-1,-1,-1
9044,-1,-1,-1,-1,-1,-1,-1,-1
9045,-1,-1,-1,-1,-1,-1,-1,-1
9046,-1,-1,-1,-1,-1,-1,-1,-1
9047,-1,-1,-1,-1,-1,-1,-1,-1
9048,-1,-1,-1,-1,-1,-1,-1,-1
9049,10009319,10009607,10009895,10010183,10010471,10010759,10011047,10011335
9050,10009318,10009606,10009894,10010182,10010470,10010758,10011046,10011334
9051,10009317,10009605,10009893,10010181,10010469,10010757,10011045,10011333
9052,10009316,10009604,10009892,10010180,10010468,10010756,10011044,10011332
9053,10009315,10009603,10009891,10010179,10010467,10010755,10011043,10011331
9054,10009314,10009602,10009890,10010178,10010466,10010754,10011042,10011330
9055,10009313,10009601,10009889,10010177,10010465,10010753,10011041,10011329
9056,10009312,10009600,10009888,10010176,10010464,10010752,10011040,10011328
9057,-1,-1,-1,-1,-1,-1,-1,-1
9058,-1,-1,-1,-1,-1,-1,-1,-1
9059,-1,-1,-1,-1,-1,-1,-1,-1
9060,-1,-1,-1,-1,-1,-1,-1,-1
9061,-1,-1,-1,-1,-1,-1,-1,-1
9062,-1,-1,-1,-1,-1,-1,-1,-1
9063,-1,-1,-1,-1,-1,-1,-1,-1
9064,-1,-1,-1,-1,-1,-1,-1,-1
9065,-1,-1,-1,-1,-1,-1,-1,-1
9066,-1,-1,-1,-1,-1,-1,-1,-1
9067,-1,-1,-1,-1,-1,-1,-1,-1
9068,-1,-1,-1,-1,-1,-1,-1,-1
9069,-1,-1,-1,-1,-1,-1,-1,-1
9070,-1,-1,-1,-1,-1,-1,-1,-1
9071,-1,-1,-1,-1,-1,-1,-1,-1
9072,-1,-1,-1,-1,-1,-1,-1,-1
9073,-1,-1,-1,-1,-1,-1,-1,-1
9074,-1,-1,-1,-1,-1,-1,-1,-1
9075,-1,-1,-1,-1,-1,-1,-1,-1
9076,-1,-1,-1,-1,-1,-1,-1,-1
9077,-1,-1,-1,-1,-1,-1,-1,-1
9078,-1,-1,-1,-1,-1,-1,-1,-1
9079,-1,-1,-1,-1,-1,-1,-1,-1
9080,-1,-1,-1,-1,-1,-1,-1,-1
9081,-1,-1,-1,-1,-1,-1,-1,-1
9082,-1,-1,-1,-1,-1,-1,-1,-1
9083,-1,-1,-1,-1,-1,-1,-1,-1
9084,-1,-1,-1,-1,-1,-1,-1,-1
9085,-1,-1,-1,-1,-1,-1,-1,-1
9086,-1,-1,-1,-1,-1,-1,-1,-1
9087,-1,-1,-1,-1,-1,-1,-1,-1
9088,-1,-1,-1,-1,-1,-1,-1,-1
9089,-1,-1,-1,-1,-1,-1,-1,-1
9090,-1,-1,-1,-1,-1,-1,-1,-1
9091,-1,-1,-1,-1,-1,-1,-1,-1
9092,-1,-1,-1,-1,-1,-1,-1,-1
9093,-1,-1,-1,-1,-1,-1,-1,-1
9094,-1,-1,-1,-1,-1,-1,-1,-1
9095,-1,-1,-1,-1,-1,-1,-1,-1
9096,-1,-1,-1,-1,-1,-1,-1,-1
9097,-1,-1,-1,-1,-1,-1,-1,-1
9098,-1,-1,-1,-1,-1,-1,-1,-1
9099,-1,-1,-1,-1,-1,-1,-1,-1
9100,-1,-1,-1,-1,-1,-1,-1,-1
9101,-1,-1,-1,-1,-1,-1,-1,-1
9102,-1,-1,-1,-1,-1,-1,-1,-1
9103,-1,-1,-1,-1,-1,-1,-1,-1
9104,-1,-1,-1,-1,-1,-1,-1,-1
9105,-1,-1,-1,-1,-1,-1,-1,-1
9106,-1,-1,-1,-1,-1,-1,-1,-1
9107,10009327,10009615,10009903,10010191,10010479,10010767,10011055,10011343
9108,10009326,10009614,10009902,10010190,10010478,10010766,10011054,10011342
9109,10009325,10009613,10009901,10010189,10010477,10010765,10011053,10011341
9110,10009324,10009612,10009900,10010188,10010476,10010764,10011052,10011340
9111,10009323,10009611,10009899,10010187,10010475,10010763,10011051,10011339
9112,10009322,10009610,10009898,10010186,10010474,10010762,10011050,10011338
9113,10009321,10009609,10009897,10010185,10010473,10010761,10011049,10011337
9114,10009320,10009608,10009896,10010184,10010472,10010760,10011048,10011336
9115,-1,-1,-1,-1,-1,-1,-1,-1
9116,-1,-1,-1,-1,-1,-1,-1,-1
9117,-1,-1,-1,-1,-1,-1,-1,-1
9118,-1,-1,-1,-1,-1,-1,-1,-1
9119,-1,-1,-1,-1,-1,-1,-1,-1
9120,-1,-1,-1,-1,-1,-1,-1,-1
9121,-1,-1,-1,-1,-1,-1,-1,-1
9122,-1,-1,-1,-1,-1,-1,-1,-1
9123,-1,-1,-1,-1,-1,-1,-1,-1
9124,-1,-1,-1,-1,-1,-1,-1,-1
9125,-1,-1,-1,-1,-1,-1,-1,-1
9126,-1,-1,-1,-1,-1,-1,-1,-1
9127,-1,-1,-1,-1,-1,-1,-1,-1
9128,-1,-1,-1,-1,-1,-1,-1,-1
9129,-1,-1,-1,-1,-1,-1,-1,-1
9130,-1,-1,-1,-1,-1,-1,-1,-1
9131,-1,-1,-1,-1,-1,-1,-1,-1
9132,-1,-1,-1,-1,-1,-1,-1,-1
9133,-1,-1,-1,-1,-1,-1,-1,-1
9134,-1,-1,-1,-1,-1,-1,-1,-1
9135,-1,-1,-1,-1,-1,-1,-1,-1
9136,-1,-1,-1,-1,-1,-1,-1,-1
9137,-1,-1,-1,-1,-1,-1,-1,-1
9138,-1,-1,-1,-1,-1,-1,-1,-1
9139,-1,-1,-1,-1,-1,-1,-1,-1
9140,-1,-1,-1,-1,-1,-1,-1,-1
9141,-1,-1,-1,-1,-1,-1,-1,-1
9142,-1,-1,-1,-1,-1,-1,-1,-1
9143,-1,-1,-1,-1,-1,-1,-1,-1
9144,-1,-1,-1,-1,-1,-1,-1,-1
9145,-1,-1,-1,-1,-1,-1,-1,-1
9146,-1,-1,-1,-1,-1,-1,-1,-1
9147,-1,-1,-1,-1,-1,-1,-1,-1
9148,-1,-1,-1,-1,-1,-1,-1,-1
9149,-1,-1,-1,-1,-1,-1,-1,-1
9150,-1,-1,-1,-1,-1,-1,-1,-1
9151,-1,-1,-1,-1,-1,-1,-1,-1
9152,-1,-1,-1,-1,-1,-1,-1,-1
9153,-1,-1,-1,-1,-1,-1,-1,-1
9154,-1,-1,-1,-1,-1,-1,-1,-1
9155,-1,-1,-1,-1,-1,-1,-1,-1
9156,-1,-1,-1,-1,-1,-1,-1,-1
9157,-1,-1,-1,-1,-1,-1,-1,-1
9158,-1,-1,-1,-1,-1,-1,-1,-1
9159,-1,-1,-1,-1,-1,-1,-1,-1
9160,-1,-1,-1,-1,-1,-1,-1,-1
9161,-1,-1,-1,-1,-1,-1,-1,-1
9162,-1,-1,-1,-1,-1,-1,-1,-1
9163,-1,-1,-1,-1,-1,-1,-1,-1
9164,-1,-1,-1,-1,-1,-1,-1,-1
9165,10009335,10009623,10009911,10010199,10010487,10010775,10011063,10011351
9166,10009334,10009622,10009910,10010198,10010486,10010774,10011062,10011350
9167,10009333,10009621,10009909,10010197,10010485,10010773,10011061,10011349
9168,10009332,10009620,10009908,10010196,10010484,10010772,10011060,10011348
9169,10009331,10009619,10009907,10010195,10010483,10010771,10011059,10011347
9170,10009330,10009618,10009906,10010194,10010482,10010770,10011058,10011346
9171,10009329,10009617,10009905,10010193,10010481,10010769,10011057,10011345
9172,10009328,10009616,10009904,10010192,10010480,10010768,10011056,10011344
9173,-1,-1,-1,-1,-1,-1,-1,-1
9174,-1,-1,-1,-1,-1,-1,-1,-1
9175,-1,-1,-1,-1,-1,-1,-1,-1
9176,-1,-1,-1,-1,-1,-1,-1,-1
9177,-1,-1,-1,-1,-1,-1,-1,-1
9178,-1,-1,-1,-1,-1,-1,-1,-1
9179,-1,-1,-1,-1,-1,-1,-1,-1
9180,-1,-1,-1,-1,-1,-1,-1,-1
9181,-1,-1,-1,-1,-1,-1,-1,-1
9182,-1,-1,-1,-1,-1,-1,-1,-1
9183,-1,-1,-1,-1,-1,-1,-1,-1
9184,-1,-1,-1,-1,-1,-1,-1,-1
9185,-1,-1,-1,-1,-1,-1,-1,-1
9186,-1,-1,-1,-1,-1,-1,-1,-1
9187,-1,-1,-1,-1,-1,-1,-1,-1
9188,-1,-1,-1,-1,-1,-1,-1,-1
9189,-1,-1,-1,-1,-1,-1,-1,-1
9190,-1,-1,-1,-1,-1,-1,-1,-1
9191,-1,-1,-1,-1,-1,-1,-1,-1
9192,-1,-1,-1,-1,-1,-1,-1,-1
9193,-1,-1,-1,-1,-1,-1,-1,-1
9194,-1,-1,-1,-1,-1,-1,-1,-1
9195,-1,-1,-1,-1,-1,-1,-1,-1
9196,-1,-1,-1,-1,-1,-1,-1,-1
9197,-1,-1,-1,-1,-1,-1,-1,-1
9198,-1,-1,-1,-1,-1,-1,-1,-1
9199,-1,-1,-1,-1,-1,-1,-1,-1
9200,-1,-1,-1,-1,-1,-1,-1,-1
9201,-1,-1,-1,-1,-1,-1,-1,-1
9202,-1,-1,-1,-1,-1,-1,-1,-1
9203,-1,-1,-1,-1,-1,-1,-1,-1
9204,-1,-1,-1,-1,-1,-1,-1,-1
9205,-1,-1,-1,-1,-1,-1,-1,-1
9206,-1,-1,-1,-1,-1,-1,-1,-1
9207,-1,-1,-1,-1,-1,-1,-1,-1
9208,-1,-1,-1,-1,-1,-1,-1,-1
9209,-1,-1,-1,-1,-1,-1,-1,-1
9210,-1,-1,-1,-1,-1,-1,-1,-1
9211,-1,-1,-1,-1,-1,-1,-1,-1
9212,-1,-1,-1,-1,-1,-1,-1,-1
9213,-1,-1,-1,-1,-1,-1,-1,-1
9214,-1,-1,-1,-1,-1,-1,-1,-1
9215,-1,-1,-1,-1,-1,-1,-1,-1
9216,-1,-1,-1,-1,-1,-1,-1,-1
9217,-1,-1,-1,-1,-1,-1,-1,-1
9218,-1,-1,-1,-1,-1,-1,-1,-1
9219,-1,-1,-1,-1,-1,-1,-1,-1
9220,-1,-1,-1,-1,-1,-1,-1,-1
9221,-1,-1,-1,-1,-1,-1,-1,-1
9222,-1,-1,-1,-1,-1,-1,-1,-1
9223,10009343,10009631,10009919,10010207,10010495,10010783,10011071,10011359
9224,10009342,10009630,10009918,10010206,10010494,10010782,10011070,10011358
9225,10009341,10009629,10009917,10010205,10010493,10010781,10011069,10011357
9226,10009340,10009628,10009916,10010204,10010492,10010780,10011068,10011356
9227,10009339,10009627,10009915,10010203,10010491,10010779,10011067,10011355
9228,10009338,10009626,10009914,10010202,10010490,10010778,10011066,10011354
9229,10009337,10009625,10009913,10010201,10010489,10010777,10011065,10011353
9230,10009336,10009624,10009912,10010200,10010488,10010776,10011064,10011352
9231,-1,-1,-1,-1,-1,-1,-1,-1
9232,-1,-1,-1,-1,-1,-1,-1,-1
9233,-1,-1,-1,-1,-1,-1,-1,-1
9234,-1,-1,-1,-1,-1,-1,-1,-1
9235,-1,-1,-1,-1,-1,-1,-1,-1
9236,-1,-1,-1,-1,-1,-1,-1,-1
9237,-1,-1,-1,-1,-1,-1,-1,-1
9238,-1,-1,-1,-1,-1,-1,-1,-1
9239,-1,-1,-1,-1,-1,-1,-1,-1
9240,-1,-1,-1,-1,-1,-1,-1,-1
9241,-1,-1,-1,-1,-1,-1,-1,-1
9242,-1,-1,-1,-1,-1,-1,-1,-1
9243,-1,-1,-1,-1,-1,-1,-1,-1
9244,-1,-1,-1,-1,-1,-1,-1,-1
9245,-1,-1,-1,-1,-1,-1,-1,-1
9246,-1,-1,-1,-1,-1,-1,-1,-1
9247,-1,-1,-1,-1,-1,-1,-1,-1
9248,-1,-1,-1,-1,-1,-1,-1,-1
9249,-1,-1,-1,-1,-1,-1,-1,-1
9250,-1,-1,-1,-1,-1,-1,-1,-1
9251,-1,-1,-1,-1,-1,-1,-1,-1
9252,-1,-1,-1,-1,-1,-1,-1,-1
9253,-1,-1,-1,-1,-1,-1,-1,-1
9254,-1,-1,-1,-1,-1,-1,-1,-1
9255,-1,-1,-1,-1,-1,-1,-1,-1
9256,-1,-1,-1,-1,-1,-1,-1,-1
9257,-1,-1,-1,-1,-1,-1,-1,-1
9258,-1,-1,-1,-1,-1,-1,-1,-1
9259,-1,-1,-1,-1,-1,-1,-1,-1
9260,-1,-1,-1,-1,-1,-1,-1,-1
9261,-1,-1,-1,-1,-1,-1,-1,-1
9262,-1,-1,-1,-1,-1,-1,-1,-1
9263,-1,-1,-1,-1,-1,-1,-1,-1
9264,-1,-1,-1,-1,-1,-1,-1,-1
9265,-1,-1,-1,-1,-1,-1,-1,-1
9266,-1,-1,-1,-1,-1,-1,-1,-1
9267,-1,-1,-1,-1,-1,-1,-1,-1
9268,-1,-1,-1,-1,-1,-1,-1,-1
9269,-1,-1,-1,-1,-1,-1,-1,-1
9270,-1,-1,-1,-1,-1,-1,-1,-1
9271,-1,-1,-1,-1,-1,-1,-1,-1
9272,-1,-1,-1,-1,-1,-1,-1,-1
9273,-1,-1,-1,-1,-1,-1,-1,-1
9274,-1,-1,-1,-1,-1,-1,-1,-1
9275,-1,-1,-1,-1,-1,-1,-1,-1
9276,-1,-1,-1,-1,-1,-1,-1,-1
9277,-1,-1,-1,-1,-1,-1,-1,-1
9278,-1,-1,-1,-1,-1,-1,-1,-1
9279,-1,-1,-1,-1,-1,-1,-1,-1
9280,-1,-1,-1,-1,-1,-1,-1,-1
9281,10009351,10009639,10009927,10010215,10010503,10010791,10011079,10011367
9282,10009350,10009638,10009926,10010214,10010502,10010790,10011078,10011366
9283,10009349,10009637,10009925,10010213,10010501,10010789,10011077,10011365
9284,10009348,10009636,10009924,10010212,10010500,10010788,10011076,10011364
9285,10009347,10009635,10009923,10010211,10010499,10010787,10011075,10011363
9286,10009346,10009634,10009922,10010210,10010498,10010786,10011074,10011362
9287,10009345,10009633,10009921,10010209,10010497,10010785,10011073,10011361
9288,10009344,10009632,10009920,10010208,10010496,10010784,10011072,10011360
9289,-1,-1,-1,-1,-1,-1,-1,-1
9290,-1,-1,-1,-1,-1,-1,-1,-1
9291,-1,-1,-1,-1,-1,-1,-1,-1
9292,-1,-1,-1,-1,-1,-1,-1,-1
9293,-1,-1,-1,-1,-1,-1,-1,-1
9294,-1,-1,-1,-1,-1,-1,-1,-1
9295,-1,-1,-1,-1,-1,-1,-1,-1
9296,-1,-1,-1,-1,-1,-1,-1,-1
9297,-1,-1,-1,-1,-1,-1,-1,-1
9298,-1,-1,-1,-1,-1,-1,-1,-1
9299,-1,-1,-1,-1,-1,-1,-1,-1
9300,-1,-1,-1,-1,-1,-1,-1,-1
9301,-1,-1,-1,-1,-1,-1,-1,-1
9302,-1,-1,-1,-1,-1,-1,-1,-1
9303,-1,-1,-1,-1,-1,-1,-1,-1
9304,-1,-1,-1,-1,-1,-1,-1,-1
9305,-1,-1,-1,-1,-1,-1,-1,-1
9306,-1,-1,-1,-1,-1,-1,-1,-1
9307,-1,-1,-1,-1,-1,-1,-1,-1
9308,-1,-1,-1,-1,-1,-1,-1,-1
9309,-1,-1,-1,-1,-1,-1,-1,-1
9310,-1,-1,-1,-1,-1,-1,-1,-1
9311,-1,-1,-1,-1,-1,-1,-1,-1
9312,-1,-1,-1,-1,-1,-1,-1,-1
9313,-1,-1,-1,-1,-1,-1,-1,-1
9314,-1,-1,-1,-1,-1,-1,-1,-1
9315,-1,-1,-1,-1,-1,-1,-1,-1
9316,-1,-1,-1,-1,-1,-1,-1,-1
9317,-1,-1,-1,-1,-1,-1,-1,-1
9318,-1,-1,-1,-1,-1,-1,-1,-1
9319,-1,-1,-1,-1,-1,-1,-1,-1
9320,-1,-1,-1,-1,-1,-1,-1,-1
9321,-1,-1,-1,-1,-1,-1,-1,-1
9322,-1,-1,-1,-1,-1,-1,-1,-1
9323,-1,-1,-1,-1,-1,-1,-1,-1
9324,-1,-1,-1,-1,-1,-1,-1,-1
9325,-1,-1,-1,-1,-1,-1,-1,-1
9326,-1,-1,-1,-1,-1,-1,-1,-1
9327,-1,-1,-1,-1,-1,-1,-1,-1
9328,-1,-1,-1,-1,-1,-1,-1,-1
9329,-1,-1,-1,-1,-1,-1,-1,-1
9330,-1,-1,-1,-1,-1,-1,-1,-1
9331,-1,-1,-1,-1,-1,-1,-1,-1
9332,-1,-1,-1,-1,-1,-1,-1,-1
9333,-1,-1,-1,-1,-1,-1,-1,-1
9334,-1,-1,-1,-1,-1,-1,-1,-1
9335,-1,-1,-1,-1,-1,-1,-1,-1
9336,-1,-1,-1,-1,-1,-1,-1,-1
9337,-1,-1,-1,-1,-1,-1,-1,-1
9338,-1,-1,-1,-1,-1,-1,-1,-1
9339,10009359,10009647,10009935,10010223,10010511,10010799,10011087,10011375
9340,10009358,10009646,10009934,10010222,10010510,10010798,10011086,10011374
9341,10009357,10009645,10009933,10010221,10010509,10010797,10011085,10011373
9342,10009356,10009644,10009932,10010220,10010508,10010796,10011084,10011372
9343,10009355,10009643,10009931,10010219,10010507,10010795,10011083,10011371
9344,10009354,10009642,10009930,10010218,10010506,10010794,10011082,10011370
9345,10009353,10009641,10009929,10010217,10010505,10010793,10011081,10011369
9346,10009352,10009640,10009928,10010216,10010504,10010792,10011080,10011368
9347,-1,-1,-1,-1,-1,-1,-1,-1
9348,-1,-1,-1,-1,-1,-1,-1,-1
9349,-1,-1,-1,-1,-1,-1,-1,-1
9350,-1,-1,-1,-1,-1,-1,-1,-1
9351,-1,-1,-1,-1,-1,-1,-1,-1
9352,-1,-1,-1,-1,-1,-1,-1,-1
9353,-1,-1,-1,-1,-1,-1,-1,-1
9354,-1,-1,-1,-1,-1,-1,-1,-1
9355,-1,-1,-1,-1,-1,-1,-1,-1
9356,-1,-1,-1,-1,-1,-1,-1,-1
9357,-1,-1,-1,-1,-1,-1,-1,-1
9358,-1,-1,-1,-1,-1,-1,-1,-1
9359,-1,-1,-1,-1,-1,-1,-1,-1
9360,-1,-1,-1,-1,-1,-1,-1,-1
9361,-1,-1,-1,-1,-1,-1,-1,-1
9362,-1,-1,-1,-1,-1,-1,-1,-1
9363,-1,-1,-1,-1,-1,-1,-1,-1
9364,-1,-1,-1,-1,-1,-1,-1,-1
9365,-1,-1,-1,-1,-1,-1,-1,-1
9366,-1,-1,-1,-1,-1,-1,-1,-1
9367,-1,-1,-1,-1,-1,-1,-1,-1
9368,-1,-1,-1,-1,-1,-1,-1,-1
9369,-1,-1,-1,-1,-1,-1,-1,-1
9370,-1,-1,-1,-1,-1,-1,-1,-1
9371,-1,-1,-1,-1,-1,-1,-1,-1
9372,-1,-1,-1,-1,-1,-1,-1,-1
9373,-1,-1,-1,-1,-1,-1,-1,-1
9374,-1,-1,-1,-1,-1,-1,-1,-1
9375,-1,-1,-1,-1,-1,-1,-1,-1
9376,-1,-1,-1,-1,-1,-1,-1,-1
9377,-1,-1,-1,-1,-1,-1,-1,-1
9378,-1,-1,-1,-1,-1,-1,-1,-1
9379,-1,-1,-1,-1,-1,-1,-1,-1
9380,-1,-1,-1,-1,-1,-1,-1,-1
9381,-1,-1,-1,-1,-1,-1,-1,-1
9382,-1,-1,-1,-1,-1,-1,-1,-1
9383,-1,-1,-1,-1,-1,-1,-1,-1
9384,-1,-1,-1,-1,-1,-1,-1,-1
9385,-1,-1,-1,-1,-1,-1,-1,-1
9386,-1,-1,-1,-1,-1,-1,-1,-1
9387,-1,-1,-1,-1,-1,-1,-1,-1
9388,-1,-1,-1,-1,-1,-1,-1,-1
9389,-1,-1,-1,-1,-1,-1,-1,-1
9390,-1,-1,-1,-1,-1,-1,-1,-1
9391,-1,-1,-1,-1,-1,-1,-1,-1
9392,-1,-1,-1,-1,-1,-1,-1,-1
9393,-1,-1,-1,-1,-1,-1,-1,-1
9394,-1,-1,-1,-1,-1,-1,-1,-1
9395,-1,-1,-1,-1,-1,-1,-1,-1
9396,-1,-1,-1,-1,-1,-1,-1,-1
9397,10009367,10009655,10009943,10010231,10010519,10010807,10011095,10011383
9398,10009366,10009654,10009942,10010230,10010518,10010806,10011094,10011382
9399,10009365,10009653,10009941,10010229,10010517,10010805,10011093,10011381
9400,10009364,10009652,10009940,10010228,10010516,10010804,10011092,10011380
9401,10009363,10009651,10009939,10010227,10010515,10010803,10011091,10011379
9402,10009362,10009650,10009938,10010226,10010514,10010802,10011090,10011378
9403,10009361,10009649,10009937,10010225,10010513,10010801,10011089,10011377
9404,10009360,10009648,10009936,10010224,10010512,10010800,10011088,10011376
9405,-1,-1,-1,-1,-1,-1,-1,-1
9406,-1,-1,-1,-1,-1,-1,-1,-1
9407,-1,-1,-1,-1,-1,-1,-1,-1
9408,-1,-1,-1,-1,-1,-1,-1,-1
9409,-1,-1,-1,-1,-1,-1,-1,-1
9410,-1,-1,-1,-1,-1,-1,-1,-1
9411,-1,-1,-1,-1,-1,-1,-1,-1
9412,-1,-1,-1,-1,-1,-1,-1,-1
9413,-1,-1,-1,-1,-1,-1,-1,-1
9414,-1,-1,-1,-1,-1,-1,-1,-1
9415,-1,-1,-1,-1,-1,-1,-1,-1
9416,-1,-1,-1,-1,-1,-1,-1,-1
9417,-1,-1,-1,-1,-1,-1,-1,-1
9418,-1,-1,-1,-1,-1,-1,-1,-1
9419,-1,-1,-1,-1,-1,-1,-1,-1
9420,-1,-1,-1,-1,-1,-1,-1,-1
9421,-1,-1,-1,-1,-1,-1,-1,-1
9422,-1,-1,-1,-1,-1,-1,-1,-1
9423,-1,-1,-1,-1,-1,-1,-1,-1
9424,-1,-1,-1,-1,-1,-1,-1,-1
9425,-1,-1,-1,-1,-1,-1,-1,-1
9426,-1,-1,-1,-1,-1,-1,-1,-1
9427,-1,-1,-1,-1,-1,-1,-1,-1
9428,-1,-1,-1,-1,-1,-1,-1,-1
9429,-1,-1,-1,-1,-1,-1,-1,-1
9430,-1,-1,-1,-1,-1,-1,-1,-1
9431,-1,-1,-1,-1,-1,-1,-1,-1
9432,-1,-1,-1,-1,-1,-1,-1,-1
9433,-1,-1,-1,-1,-1,-1,-1,-1
9434,-1,-1,-1,-1,-1,-1,-1,-1
9435,-1,-1,-1,-1,-1,-1,-1,-1
9436,-1,-1,-1,-1,-1,-1,-1,-1
9437,-1,-1,-1,-1,-1,-1,-1,-1
9438,-1,-1,-1,-1,-1,-1,-1,-1
9439,-1,-1,-1,-1,-1,-1,-1,-1
9440,-1,-1,-1,-1,-1,-1,-1,-1
9441,-1,-1,-1,-1,-1,-1,-1,-1
9442,-1,-1,-1,-1,-1,-1,-1,-1
9443,-1,-1,-1,-1,-1,-1,-1,-1
9444,-1,-1,-1,-1,-1,-1,-1,-1
9445,-1,-1,-1,-1,-1,-1,-1,-1
9446,-1,-1,-1,-1,-1,-1,-1,-1
9447,-1,-1,-1,-1,-1,-1,-1,-1
9448,-1,-1,-1,-1,-1,-1,-1,-1
9449,-1,-1,-1,-1,-1,-1,-1,-1
9450,-1,-1,-1,-1,-1,-1,-1,-1
9451,-1,-1,-1,-1,-1,-1,-1,-1
9452,-1,-1,-1,-1,-1,-1,-1,-1
9453,-1,-1,-1,-1,-1,-1,-1,-1
9454,-1,-1,-1,-1,-1,-1,-1,-1
9455,10009375,10009663,10009951,10010239,10010527,10010815,10011103,10011391
9456,10009374,10009662,10009950,10010238,10010526,10010814,10011102,10011390
9457,10009373,10009661,10009949,10010237,10010525,10010813,10011101,10011389
9458,10009372,10009660,10009948,10010236,10010524,10010812,10011100,10011388
9459,10009371,10009659,10009947,10010235,10010523,10010811,10011099,10011387
9460,10009370,10009658,10009946,10010234,10010522,10010810,10011098,10011386
9461,10009369,10009657,10009945,10010233,10010521,10010809,10011097,10011385
9462,10009368,10009656,10009944,10010232,10010520,10010808,10011096,10011384
9463,-1,-1,-1,-1,-1,-1,-1,-1
9464,-1,-1,-1,-1,-1,-1,-1,-1
9465,-1,-1,-1,-1,-1,-1,-1,-1
9466,-1,-1,-1,-1,-1,-1,-1,-1
9467,-1,-1,-1,-1,-1,-1,-1,-1
9468,-1,-1,-1,-1,-1,-1,-1,-1
9469,-1,-1,-1,-1,-1,-1,-1,-1
9470,-1,-1,-1,-1,-1,-1,-1,-1
9471,-1,-1,-1,-1,-1,-1,-1,-1
9472,-1,-1,-1,-1,-1,-1,-1,-1
9473,-1,-1,-1,-1,-1,-1,-1,-1
9474,-1,-1,-1,-1,-1,-1,-1,-1
9475,-1,-1,-1,-1,-1,-1,-1,-1
9476,-1,-1,-1,-1,-1,-1,-1,-1
9477,-1,-1,-1,-1,-1,-1,-1,-1
9478,-1,-1,-1,-1,-1,-1,-1,-1
9479,-1,-1,-1,-1,-1,-1,-1,-1
9480,-1,-1,-1,-1,-1,-1,-1,-1
9481,-1,-1,-1,-1,-1,-1,-1,-1
9482,-1,-1,-1,-1,-1,-1,-1,-1
9483,-1,-1,-1,-1,-1,-1,-1,-1
9484,-1,-1,-1,-1,-1,-1,-1,-1
9485,-1,-1,-1,-1,-1,-1,-1,-1
9486,-1,-1,-1,-1,-1,-1,-1,-1
9487,-1,-1,-1,-1,-1,-1,-1,-1
9488,-1,-1,-1,-1,-1,-1,-1,-1
9489,-1,-1,-1,-1,-1,-1,-1,-1
9490,-1,-1,-1,-1,-1,-1,-1,-1
9491,-1,-1,-1,-1,-1,-1,-1,-1
9492,-1,-1,-1,-1,-1,-1,-1,-1
9493,-1,-1,-1,-1,-1,-1,-1,-1
9494,-1,-1,-1,-1,-1,-1,-1,-1
9495,-1,-1,-1,-1,-1,-1,-1,-1
9496,-1,-1,-1,-1,-1,-1,-1,-1
9497,-1,-1,-1,-1,-1,-1,-1,-1
9498,-1,-1,-1,-1,-1,-1,-1,-1
9499,-1,-1,-1,-1,-1,-1,-1,-1
9500,-1,-1,-1,-1,-1,-1,-1,-1
9501,-1,-1,-1,-1,-1,-1,-1,-1
9502,-1,-1,-1,-1,-1,-1,-1,-1
9503,-1,-1,-1,-1,-1,-1,-1,-1
9504,-1,-1,-1,-1,-1,-1,-1,-1
9505,-1,-1,-1,-1,-1,-1,-1,-1
9506,-1,-1,-1,-1,-1,-1,-1,-1
9507,-1,-1,-1,-1,-1,-1,-1,-1
9508,-1,-1,-1,-1,-1,-1,-1,-1
9509,-1,-1,-1,-1,-1,-1,-1,-1
9510,-1,-1,-1,-1,-1,-1,-1,-1
9511,-1,-1,-1,-1,-1,-1,-1,-1
9512,-1,-1,-1,-1,-1,-1,-1,-1
9513,10009383,10009671,10009959,10010247,10010535,10010823,10011111,10011399
9514,10009382,10009670,10009958,10010246,10010534,10010822,10011110,10011398
9515,10009381,10009669,10009957,10010245,10010533,10010821,10011109,10011397
9516,10009380,10009668,10009956,10010244,10010532,10010820,10011108,10011396
9517,10009379,10009667,10009955,10010243,10010531,10010819,10011107,10011395
9518,10009378,10009666,10009954,10010242,10010530,10010818,10011106,10011394
9519,10009377,10009665,10009953,10010241,10010529,10010817,10011105,10011393
9520,10009376,10009664,10009952,10010240,10010528,10010816,10011104,10011392
9521,-1,-1,-1,-1,-1,-1,-1,-1
9522,-1,-1,-1,-1,-1,-1,-1,-1
9523,-1,-1,-1,-1,-1,-1,-1,-1
9524,-1,-1,-1,-1,-1,-1,-1,-1
9525,-1,-1,-1,-1,-1,-1,-1,-1
9526,-1,-1,-1,-1,-1,-1,-1,-1
9527,-1,-1,-1,-1,-1,-1,-1,-1
9528,-1,-1,-1,-1,-1,-1,-1,-1
9529,-1,-1,-1,-1,-1,-1,-1,-1
9530,-1,-1,-1,-1,-1,-1,-1,-1
9531,-1,-1,-1,-1,-1,-1,-1,-1
9532,-1,-1,-1,-1,-1,-1,-1,-1
9533,-1,-1,-1,-1,-1,-1,-1,-1
9534,-1,-1,-1,-1,-1,-1,-1,-1
9535,-1,-1,-1,-1,-1,-1,-1,-1
9536,-1,-1,-1,-1,-1,-1,-1,-1
9537,-1,-1,-1,-1,-1,-1,-1,-1
9538,-1,-1,-1,-1,-1,-1,-1,-1
9539,-1,-1,-1,-1,-1,-1,-1,-1
9540,-1,-1,-1,-1,-1,-1,-1,-1
9541,-1,-1,-1,-1,-1,-1,-1,-1
9542,-1,-1,-1,-1,-1,-1,-1,-1
9543,-1,-1,-1,-1,-1,-1,-1,-1
9544,-1,-1,-1,-1,-1,-1,-1,-1
9545,-1,-1,-1,-1,-1,-1,-1,-1
9546,-1,-1,-1,-1,-1,-1,-1,-1
9547,-1,-1,-1,-1,-1,-1,-1,-1
9548,-1,-1,-1,-1,-1,-1,-1,-1
9549,-1,-1,-1,-1,-1,-1,-1,-1
9550,-1,-1,-1,-1,-1,-1,-1,-1
9551,-1,-1,-1,-1,-1,-1,-1,-1
9552,-1,-1,-1,-1,-1,-1,-1,-1
9553,-1,-1,-1,-1,-1,-1,-1,-1
9554,-1,-1,-1,-1,-1,-1,-1,-1
9555,-1,-1,-1,-1,-1,-1,-1,-1
9556,-1,-1,-1,-1,-1,-1,-1,-1
9557,-1,-1,-1,-1,-1,-1,-1,-1
9558,-1,-1,-1,-1,-1,-1,-1,-1
9559,-1,-1,-1,-1,-1,-1,-1,-1
9560,-1,-1,-1,-1,-1,-1,-1,-1
9561,-1,-1,-1,-1,-1,-1,-1,-1
9562,-1,-1,-1,-1,-1,-1,-1,-1
9563,-1,-1,-1,-1,-1,-1,-1,-1
9564,-1,-1,-1,-1,-1,-1,-1,-1
9565,-1,-1,-1,-1,-1,-1,-1,-1
9566,-1,-1,-1,-1,-1,-1,-1,-1
9567,-1,-1,-1,-1,-1,-1,-1,-1
9568,-1,-1,-1,-1,-1,-1,-1,-1
9569,-1,-1,-1,-1,-1,-1,-1,-1
9570,-1,-1,-1,-1,-1,-1,-1,-1
9571,10009391,10009679,10009967,10010255,10010543,10010831,10011119,10011407
9572,10009390,10009678,10009966,10010254,10010542,10010830,10011118,10011406
9573,10009389,10009677,10009965,10010253,10010541,10010829,10011117,10011405
9574,10009388,10009676,10009964,10010252,10010540,10010828,10011116,10011404
9575,10009387,10009675,10009963,10010251,10010539,10010827,10011115,10011403
9576,10009386,10009674,10009962,10010250,10010538,10010826,10011114,10011402
9577,10009385,10009673,10009961,10010249,10010537,10010825,10011113,10011401
9578,10009384,10009672,10009960,10010248,10010536,10010824,10011112,10011400
9579,-1,-1,-1,-1,-1,-1,-1,-1
9580,-1,-1,-1,-1,-1,-1,-1,-1
9581,-1,-1,-1,-1,-1,-1,-1,-1
9582,-1,-1,-1,-1,-1,-1,-1,-1
9583,-1,-1,-1,-1,-1,-1,-1,-1
9584,-1,-1,-1,-1,-1,-1,-1,-1
9585,-1,-1,-1,-1,-1,-1,-1,-1
9586,-1,-1,-1,-1,-1,-1,-1,-1
9587,-1,-1,-1,-1,-1,-1,-1,-1
9588,-1,-1,-1,-1,-1,-1,-1,-1
9589,-1,-1,-1,-1,-1,-1,-1,-1
9590,-1,-1,-1,-1,-1,-1,-1,-1
9591,-1,-1,-1,-1,-1,-1,-1,-1
9592,-1,-1,-1,-1,-1,-1,-1,-1
9593,-1,-1,-1,-1,-1,-1,-1,-1
9594,-1,-1,-1,-1,-1,-1,-1,-1
9595,-1,-1,-1,-1,-1,-1,-1,-1
9596,-1,-1,-1,-1,-1,-1,-1,-1
9597,-1,-1,-1,-1,-1,-1,-1,-1
9598,-1,-1,-1,-1,-1,-1,-1,-1
9599,-1,-1,-1,-1,-1,-1,-1,-1
9600,-1,-1,-1,-1,-1,-1,-1,-1
9601,-1,-1,-1,-1,-1,-1,-1,-1
9602,-1,-1,-1,-1,-1,-1,-1,-1
9603,-1,-1,-1,-1,-1,-1,-1,-1
9604,-1,-1,-1,-1,-1,-1,-1,-1
9605,-1,-1,-1,-1,-1,-1,-1,-1
9606,-1,-1,-1,-1,-1,-1,-1,-1
9607,-1,-1,-1,-1,-1,-1,-1,-1
9608,-1,-1,-1,-1,-1,-1,-1,-1
9609,-1,-1,-1,-1,-1,-1,-1,-1
9610,-1,-1,-1,-1,-1,-1,-1,-1
9611,-1,-1,-1,-1,-1,-1,-1,-1
9612,-1,-1,-1,-1,-1,-1,-1,-1
9613,-1,-1,-1,-1,-1,-1,-1,-1
9614,-1,-1,-1,-1,-1,-1,-1,-1
9615,-1,-1,-1,-1,-1,-1,-1,-1
9616,-1,-1,-1,-1,-1,-1,-1,-1
9617,-1,-1,-1,-1,-1,-1,-1,-1
9618,-1,-1,-1,-1,-1,-1,-1,-1
9619,-1,-1,-1,-1,-1,-1,-1,-1
9620,-1,-1,-1,-1,-1,-1,-1,-1
9621,-1,-1,-1,-1,-1,-1,-1,-1
9622,-1,-1,-1,-1,-1,-1,-1,-1
9623,-1,-1,-1,-1,-1,-1,-1,-1
9624,-1,-1,-1,-1,-1,-1,-1,-1
9625,-1,-1,-1,-1,-1,-1,-1,-1
9626,-1,-1,-1,-1,-1,-1,-1,-1
9627,-1,-1,-1,-1,-1,-1,-1,-1
9628,-1,-1,-1,-1,-1,-1,-1,-1
9629,10009399,10009687,10009975,10010263,10010551,10010839,10011127,10011415
9630,10009398,10009686,10009974,10010262,10010550,10010838,10011126,10011414
9631,10009397,10009685,10009973,10010261,10010549,10010837,10011125,10011413
9632,10009396,10009684,10009972,10010260,10010548,10010836,10011124,10011412
9633,10009395,10009683,10009971,10010259,10010547,10010835,10011123,10011411
9634,10009394,10009682,10009970,10010258,10010546,10010834,10011122,10011410
9635,10009393,10009681,10009969,10010257,10010545,10010833,10011121,10011409
9636,10009392,10009680,10009968,10010256,10010544,10010832,10011120,10011408
9637,-1,-1,-1,-1,-1,-1,-1,-1
9638,-1,-1,-1,-1,-1,-1,-1,-1
9639,-1,-1,-1,-1,-1,-1,-1,-1
9640,-1,-1,-1,-1,-1,-1,-1,-1
9641,-1,-1,-1,-1,-1,-1,-1,-1
9642,-1,-1,-1,-1,-1,-1,-1,-1
9643,-1,-1,-1,-1,-1,-1,-1,-1
9644,-1,-1,-1,-1,-1,-1,-1,-1
9645,-1,-1,-1,-1,-1,-1,-1,-1
9646,-1,-1,-1,-1,-1,-1,-1,-1
9647,-1,-1,-1,-1,-1,-1,-1,-1
9648,-1,-1,-1,-1,-1,-1,-1,-1
9649,-1,-1,-1,-1,-1,-1,-1,-1
9650,-1,-1,-1,-1,-1,-1,-1,-1
9651,-1,-1,-1,-1,-1,-1,-1,-1
9652,-1,-1,-1,-1,-1,-1,-1,-1
9653,-1,-1,-1,-1,-1,-1,-1,-1
9654,-1,-1,-1,-1,-1,-1,-1,-1
9655,-1,-1,-1,-1,-1,-1,-1,-1
9656,-1,-1,-1,-1,-1,-1,-1,-1
9657,-1,-1,-1,-1,-1,-1,-1,-1
9658,-1,-1,-1,-1,-1,-1,-1,-1
9659,-1,-1,-1,-1,-1,-1,-1,-1
9660,-1,-1,-1,-1,-1,-1,-1,-1
9661,-1,-1,-1,-1,-1,-1,-1,-1
9662,-1,-1,-1,-1,-1,-1,-1,-1
9663,-1,-1,-1,-1,-1,-1,-1,-1
9664,-1,-1,-1,-1,-1,-1,-1,-1
9665,-1,-1,-1,-1,-1,-1,-1,-1
9666,-1,-1,-1,-1,-1,-1,-1,-1
9667,-1,-1,-1,-1,-1,-1,-1,-1
9668,-1,-1,-1,-1,-1,-1,-1,-1
9669,-1,-1,-1,-1,-1,-1,-1,-1
9670,-1,-1,-1,-1,-1,-1,-1,-1
9671,-1,-1,-1,-1,-1,-1,-1,-1
9672,-1,-1,-1,-1,-1,-1,-1,-1
9673,-1,-1,-1,-1,-1,-1,-1,-1
9674,-1,-1,-1,-1,-1,-1,-1,-1
9675,-1,-1,-1,-1,-1,-1,-1,-1
9676,-1,-1,-1,-1,-1,-1,-1,-1
9677,-1,-1,-1,-1,-1,-1,-1,-1
9678,-1,-1,-1,-1,-1,-1,-1,-1
9679,-1,-1,-1,-1,-1,-1,-1,-1
9680,-1,-1,-1,-1,-1,-1,-1,-1
9681,-1,-1,-1,-1,-1,-1,-1,-1
9682,-1,-1,-1,-1,-1,-1,-1,-1
9683,-1,-1,-1,-1,-1,-1,-1,-1
9684,-1,-1,-1,-1,-1,-1,-1,-1
9685,-1,-1,-1,-1,-1,-1,-1,-1
9686,-1,-1,-1,-1,-1,-1,-1,-1
9687,10009407,10009695,10009983,10010271,10010559,10010847,10011135,10011423
9688,10009406,10009694,10009982,10010270,10010558,10010846,10011134,10011422
9689,10009405,10009693,10009981,10010269,10010557,10010845,10011133,10011421
9690,10009404,10009692,10009980,10010268,10010556,10010844,10011132,10011420
9691,10009403,10009691,10009979,10010267,10010555,10010843,10011131,10011419
9692,10009402,10009690,10009978,10010266,10010554,10010842,10011130,10011418
9693,10009401,10009689,10009977,10010265,10010553,10010841,10011129,10011417
9694,10009400,10009688,10009976,10010264,10010552,10010840,10011128,10011416
9695,-1,-1,-1,-1,-1,-1,-1,-1
9696,-1,-1,-1,-1,-1,-1,-1,-1
9697,-1,-1,-1,-1,-1,-1,-1,-1
9698,-1,-1,-1,-1,-1,-1,-1,-1
9699,-1,-1,-1,-1,-1,-1,-1,-1
9700,-1,-1,-1,-1,-1,-1,-1,-1
9701,-1,-1,-1,-1,-1,-1,-1,-1
9702,-1,-1,-1,-1,-1,-1,-1,-1
9703,-1,-1,-1,-1,-1,-1,-1,-1
9704,-1,-1,-1,-1,-1,-1,-1,-1
9705,-1,-1,-1,-1,-1,-1,-1,-1
9706,-1,-1,-1,-1,-1,-1,-1,-1
9707,-1,-1,-1,-1,-1,-1,-1,-1
9708,-1,-1,-1,-1,-1,-1,-1,-1
9709,-1,-1,-1,-1,-1,-1,-1,-1
9710,-1,-1,-1,-1,-1,-1,-1,-1
9711,-1,-1,-1,-1,-1,-1,-1,-1
9712,-1,-1,-1,-1,-1,-1,-1,-1
9713,-1,-1,-1,-1,-1,-1,-1,-1
9714,-1,-1,-1,-1,-1,-1,-1,-1
9715,-1,-1,-1,-1,-1,-1,-1,-1
9716,-1,-1,-1,-1,-1,-1,-1,-1
9717,-1,-1,-1,-1,-1,-1,-1,-1
9718,-1,-1,-1,-1,-1,-1,-1,-1
9719,-1,-1,-1,-1,-1,-1,-1,-1
9720,-1,-1,-1,-1,-1,-1,-1,-1
9721,-1,-1,-1,-1,-1,-1,-1,-1
9722,-1,-1,-1,-1,-1,-1,-1,-1
9723,-1,-1,-1,-1,-1,-1,-1,-1
9724,-1,-1,-1,-1,-1,-1,-1,-1
9725,-1,-1,-1,-1,-1,-1,-1,-1
9726,-1,-1,-1,-1,-1,-1,-1,-1
9727,-1,-1,-1,-1,-1,-1,-1,-1
9728,-1,-1,-1,-1,-1,-1,-1,-1
9729,-1,-1,-1,-1,-1,-1,-1,-1
9730,-1,-1,-1,-1,-1,-1,-1,-1
9731,-1,-1,-1,-1,-1,-1,-1,-1
9732,-1,-1,-1,-1,-1,-1,-1,-1
9733,-1,-1,-1,-1,-1,-1,-1,-1
9734,-1,-1,-1,-1,-1,-1,-1,-1
9735,-1,-1,-1,-1,-1,-1,-1,-1
9736,-1,-1,-1,-1,-1,-1,-1,-1
9737,-1,-1,-1,-1,-1,-1,-1,-1
9738,-1,-1,-1,-1,-1,-1,-1,-1
9739,-1,-1,-1,-1,-1,-1,-1,-1
9740,-1,-1,-1,-1,-1,-1,-1,-1
9741,-1,-1,-1,-1,-1,-1,-1,-1
9742,-1,-1,-1,-1,-1,-1,-1,-1
9743,-1,-1,-1,-1,-1,-1,-1,-1
9744,-1,-1,-1,-1,-1,-1,-1,-1
9745,10009415,10009703,10009991,10010279,10010567,10010855,10011143,10011431
9746,10009414,10009702,10009990,10010278,10010566,10010854,10011142,10011430
9747,10009413,10009701,10009989,10010277,10010565,10010853,10011141,10011429
9748,10009412,10009700,10009988,10010276,10010564,10010852,10011140,10011428
9749,10009411,10009699,10009987,10010275,10010563,10010851,10011139,10011427
9750,10009410,10009698,10009986,10010274,10010562,10010850,10011138,10011426
9751,10009409,10009697,10009985,10010273,10010561,10010849,10011137,10011425
9752,10009408,10009696,10009984,10010272,10010560,10010848,10011136,10011424
9753,-1,-1,-1,-1,-1,-1,-1,-1
9754,-1,-1,-1,-1,-1,-1,-1,-1
9755,-1,-1,-1,-1,-1,-1,-1,-1
9756,-1,-1,-1,-1,-1,-1,-1,-1
9757,-1,-1,-1,-1,-1,-1,-1,-1
9758,-1,-1,-1,-1,-1,-1,-1,-1
9759,-1,-1,-1,-1,-1,-1,-1,-1
9760,-1,-1,-1,-1,-1,-1,-1,-1
9761,-1,-1,-1,-1,-1,-1,-1,-1
9762,-1,-1,-1,-1,-1,-1,-1,-1
9763,-1,-1,-1,-1,-1,-1,-1,-1
9764,-1,-1,-1,-1,-1,-1,-1,-1
9765,-1,-1,-1,-1,-1,-1,-1,-1
9766,-1,-1,-1,-1,-1,-1,-1,-1
9767,-1,-1,-1,-1,-1,-1,-1,-1
9768,-1,-1,-1,-1,-1,-1,-1,-1
9769,-1,-1,-1,-1,-1,-1,-1,-1
9770,-1,-1,-1,-1,-1,-1,-1,-1
9771,-1,-1,-1,-1,-1,-1,-1,-1
9772,-1,-1,-1,-1,-1,-1,-1,-1
9773,-1,-1,-1,-1,-1,-1,-1,-1
9774,-1,-1,-1,-1,-1,-1,-1,-1
9775,-1,-1,-1,-1,-1,-1,-1,-1
9776,-1,-1,-1,-1,-1,-1,-1,-1
9777,-1,-1,-1,-1,-1,-1,-1,-1
9778,-1,-1,-1,-1,-1,-1,-1,-1
9779,-1,-1,-1,-1,-1,-1,-1,-1
9780,-1,-1,-1,-1,-1,-1,-1,-1
9781,-1,-1,-1,-1,-1,-1,-1,-1
9782,-1,-1,-1,-1,-1,-1,-1,-1
9783,-1,-1,-1,-1,-1,-1,-1,-1
9784,-1,-1,-1,-1,-1,-1,-1,-1
9785,-1,-1,-1,-1,-1,-1,-1,-1
9786,-1,-1,-1,-1,-1,-1,-1,-1
9787,-1,-1,-1,-1,-1,-1,-1,-1
9788,-1,-1,-1,-1,-1,-1,-1,-1
9789,-1,-1,-1,-1,-1,-1,-1,-1
9790,-1,-1,-1,-1,-1,-1,-1,-1
9791,-1,-1,-1,-1,-1,-1,-1,-1
9792,-1,-1,-1,-1,-1,-1,-1,-1
9793,-1,-1,-1,-1,-1,-1,-1,-1
9794,-1,-1,-1,-1,-1,-1,-1,-1
9795,-1,-1,-1,-1,-1,-1,-1,-1
9796,-1,-1,-1,-1,-1,-1,-1,-1
9797,-1,-1,-1,-1,-1,-1,-1,-1
9798,-1,-1,-1,-1,-1,-1,-1,-1
9799,-1,-1,-1,-1,-1,-1,-1,-1
9800,-1,-1,-1,-1,-1,-1,-1,-1
9801,-1,-1,-1,-1,-1,-1,-1,-1
9802,-1,-1,-1,-1,-1,-1,-1,-1
9803,10009423,10009711,10009999,10010287,10010575,10010863,10011151,10011439
9804,10009422,10009710,10009998,10010286,10010574,10010862,10011150,10011438
9805,10009421,10009709,10009997,10010285,10010573,10010861,10011149,10011437
9806,10009420,10009708,10009996,10010284,10010572,10010860,10011148,10011436
9807,10009419,10009707,10009995,10010283,10010571,10010859,10011147,10011435
9808,10009418,10009706,10009994,10010282,10010570,10010858,10011146,10011434
9809,10009417,10009705,10009993,10010281,10010569,10010857,10011145,10011433
9810,10009416,10009704,10009992,10010280,10010568,10010856,10011144,10011432
9811,-1,-1,-1,-1,-1,-1,-1,-1
9812,-1,-1,-1,-1,-1,-1,-1,-1
9813,-1,-1,-1,-1,-1,-1,-1,-1
9814,-1,-1,-1,-1,-1,-1,-1,-1
9815,-1,-1,-1,-1,-1,-1,-1,-1
9816,-1,-1,-1,-1,-1,-1,-1,-1
9817,-1,-1,-1,-1,-1,-1,-1,-1
9818,-1,-1,-1,-1,-1,-1,-1,-1
9819,-1,-1,-1,-1,-1,-1,-1,-1
9820,-1,-1,-1,-1,-1,-1,-1,-1
9821,-1,-1,-1,-1,-1,-1,-1,-1
9822,-1,-1,-1,-1,-1,-1,-1,-1
9823,-1,-1,-1,-1,-1,-1,-1,-1
9824,-1,-1,-1,-1,-1,-1,-1,-1
9825,-1,-1,-1,-1,-1,-1,-1,-1
9826,-1,-1,-1,-1,-1,-1,-1,-1
9827,-1,-1,-1,-1,-1,-1,-1,-1
9828,-1,-1,-1,-1,-1,-1,-1,-1
9829,-1,-1,-1,-1,-1,-1,-1,-1
9830,-1,-1,-1,-1,-1,-1,-1,-1
9831,-1,-1,-1,-1,-1,-1,-1,-1
9832,-1,-1,-1,-1,-1,-1,-1,-1
9833,-1,-1,-1,-1,-1,-1,-1,-1
9834,-1,-1,-1,-1,-1,-1,-1,-1
9835,-1,-1,-1,-1,-1,-1,-1,-1
9836,-1,-1,-1,-1,-1,-1,-1,-1
9837,-1,-1,-1,-1,-1,-1,-1,-1
9838,-1,-1,-1,-1,-1,-1,-1,-1
9839,-1,-1,-1,-1,-1,-1,-1,-1
9840,-1,-1,-1,-1,-1,-1,-1,-1
9841,-1,-1,-1,-1,-1,-1,-1,-1
9842,-1,-1,-1,-1,-1,-1,-1,-1
9843,-1,-1,-1,-1,-1,-1,-1,-1
9844,-1,-1,-1,-1,-1,-1,-1,-1
9845,-1,-1,-1,-1,-1,-1,-1,-1
9846,-1,-1,-1,-1,-1,-1,-1,-1
9847,-1,-1,-1,-1,-1,-1,-1,-1
9848,-1,-1,-1,-1,-1,-1,-1,-1
9849,-1,-1,-1,-1,-1,-1,-1,-1
9850,-1,-1,-1,-1,-1,-1,-1,-1
9851,-1,-1,-1,-1,-1,-1,-1,-1
9852,-1,-1,-1,-1,-1,-1,-1,-1
9853,-1,-1,-1,-1,-1,-1,-1,-1
9854,-1,-1,-1,-1,-1,-1,-1,-1
9855,-1,-1,-1,-1,-1,-1,-1,-1
9856,-1,-1,-1,-1,-1,-1,-1,-1
9857,-1,-1,-1,-1,-1,-1,-1,-1
9858,-1,-1,-1,-1,-1,-1,-1,-1
9859,-1,-1,-1,-1,-1,-1,-1,-1
9860,-1,-1,-1,-1,-1,-1,-1,-1
9861,10009431,10009719,10010007,10010295,10010583,10010871,10011159,10011447
9862,10009430,10009718,10010006,10010294,10010582,10010870,10011158,10011446
9863,10009429,10009717,10010005,10010293,10010581,10010869,10011157,10011445
9864,10009428,10009716,10010004,10010292,10010580,10010868,10011156,10011444
9865,10009427,10009715,10010003,10010291,10010579,10010867,10011155,10011443
9866,10009426,10009714,10010002,10010290,10010578,10010866,10011154,10011442
9867,10009425,10009713,10010001,10010289,10010577,10010865,10011153,10011441
9868,10009424,10009712,10010000,10010288,10010576,10010864,10011152,10011440
9869,-1,-1,-1,-1,-1,-1,-1,-1
9870,-1,-1,-1,-1,-1,-1,-1,-1
9871,-1,-1,-1,-1,-1,-1,-1,-1
9872,-1,-1,-1,-1,-1,-1,-1,-1
9873,-1,-1,-1,-1,-1,-1,-1,-1
9874,-1,-1,-1,-1,-1,-1,-1,-1
9875,-1,-1,-1,-1,-1,-1,-1,-1
9876,-1,-1,-1,-1,-1,-1,-1,-1
9877,-1,-1,-1,-1,-1,-1,-1,-1
9878,-1,-1,-1,-1,-1,-1,-1,-1
9879,-1,-1,-1,-1,-1,-1,-1,-1
9880,-1,-1,-1,-1,-1,-1,-1,-1
9881,-1,-1,-1,-1,-1,-1,-1,-1
9882,-1,-1,-1,-1,-1,-1,-1,-1
9883,-1,-1,-1,-1,-1,-1,-1,-1
9884,-1,-1,-1,-1,-1,-1,-1,-1
9885,-1,-1,-1,-1,-1,-1,-1,-1
9886,-1,-1,-1,-1,-1,-1,-1,-1
9887,-1,-1,-1,-1,-1,-1,-1,-1
9888,-1,-1,-1,-1,-1,-1,-1,-1
9889,-1,-1,-1,-1,-1,-1,-1,-1
9890,-1,-1,-1,-1,-1,-1,-1,-1
9891,-1,-1,-1,-1,-1,-1,-1,-1
9892,-1,-1,-1,-1,-1,-1,-1,-1
9893,-1,-1,-1,-1,-1,-1,-1,-1
9894,-1,-1,-1,-1,-1,-1,-1,-1
9895,-1,-1,-1,-1,-1,-1,-1,-1
9896,-1,-1,-1,-1,-1,-1,-1,-1
9897,-1,-1,-1,-1,-1,-1,-1,-1
9898,-1,-1,-1,-1,-1,-1,-1,-1
9899,-1,-1,-1,-1,-1,-1,-1,-1
9900,-1,-1,-1,-1,-1,-1,-1,-1
9901,-1,-1,-1,-1,-1,-1,-1,-1
9902,-1,-1,-1,-1,-1,-1,-1,-1
9903,-1,-1,-1,-1,-1,-1,-1,-1
9904,-1,-1,-1,-1,-1,-1,-1,-1
9905,-1,-1,-1,-1,-1,-1,-1,-1
9906,-1,-1,-1,-1,-1,-1,-1,-1
9907,-1,-1,-1,-1,-1,-1,-1,-1
9908,-1,-1,-1,-1,-1,-1,-1,-1
9909,-1,-1,-1,-1,-1,-1,-1,-1
9910,-1,-1,-1,-1,-1,-1,-1,-1
9911,-1,-1,-1,-1,-1,-1,-1,-1
9912,-1,-1,-1,-1,-1,-1,-1,-1
9913,-1,-1,-1,-1,-1,-1,-1,-1
9914,-1,-1,-1,-1,-1,-1,-1,-1
9915,-1,-1,-1,-1,-1,-1,-1,-1
9916,-1,-1,-1,-1,-1,-1,-1,-1
9917,-1,-1,-1,-1,-1,-1,-1,-1
9918,-1,-1,-1,-1,-1,-1,-1,-1
9919,10009439,10009727,10010015,10010303,10010591,10010879,10011167,10011455
9920,10009438,10009726,10010014,10010302,10010590,10010878,10011166,10011454
9921,10009437,10009725,10010013,10010301,10010589,10010877,10011165,10011453
9922,10009436,10009724,10010012,10010300,10010588,10010876,10011164,10011452
9923,10009435,10009723,10010011,10010299,10010587,10010875,10011163,10011451
9924,10009434,10009722,10010010,10010298,10010586,10010874,10011162,10011450
9925,10009433,10009721,10010009,10010297,10010585,10010873,10011161,10011449
9926,10009432,10009720,10010008,10010296,10010584,10010872,10011160,10011448
9927,-1,-1,-1,-1,-1,-1,-1,-1
9928,-1,-1,-1,-1,-1,-1,-1,-1
9929,-1,-1,-1,-1,-1,-1,-1,-1
9930,-1,-1,-1,-1,-1,-1,-1,-1
9931,-1,-1,-1,-1,-1,-1,-1,-1
9932,-1,-1,-1,-1,-1,-1,-1,-1
9933,-1,-1,-1,-1,-1,-1,-1,-1
9934,-1,-1,-1,-1,-1,-1,-1,-1
9935,-1,-1,-1,-1,-1,-1,-1,-1
9936,-1,-1,-1,-1,-1,-1,-1,-1
9937,-1,-1,-1,-1,-1,-1,-1,-1
9938,-1,-1,-1,-1,-1,-1,-1,-1
9939,-1,-1,-1,-1,-1,-1,-1,-1
9940,-1,-1,-1,-1,-1,-1,-1,-1
9941,-1,-1,-1,-1,-1,-1,-1,-1
9942,-1,-1,-1,-1,-1,-1,-1,-1
9943,-1,-1,-1,-1,-1,-1,-1,-1
9944,-1,-1,-1,-1,-1,-1,-1,-1
9945,-1,-1,-1,-1,-1,-1,-1,-1
9946,-1,-1,-1,-1,-1,-1,-1,-1
9947,-1,-1,-1,-1,-1,-1,-1,-1
9948,-1,-1,-1,-1,-1,-1,-1,-1
9949,-1,-1,-1,-1,-1,-1,-1,-1
9950,-1,-1,-1,-1,-1,-1,-1,-1
9951,-1,-1,-1,-1,-1,-1,-1,-1
9952,-1,-1,-1,-1,-1,-1,-1,-1
9953,-1,-1,-1,-1,-1,-1,-1,-1
9954,-1,-1,-1,-1,-1,-1,-1,-1
9955,-1,-1,-1,-1,-1,-1,-1,-1
9956,-1,-1,-1,-1,-1,-1,-1,-1
9957,-1,-1,-1,-1,-1,-1,-1,-1
9958,-1,-1,-1,-1,-1,-1,-1,-1
9959,-1,-1,-1,-1,-1,-1,-1,-1
9960,-1,-1,-1,-1,-1,-1,-1,-1
9961,-1,-1,-1,-1,-1,-1,-1,-1
9962,-1,-1,-1,-1,-1,-1,-1,-1
9963,-1,-1,-1,-1,-1,-1,-1,-1
9964,-1,-1,-1,-1,-1,-1,-1,-1
9965,-1,-1,-1,-1,-1,-1,-1,-1
9966,-1,-1,-1,-1,-1,-1,-1,-1
9967,-1,-1,-1,-1,-1,-1,-1,-1
9968,-1,-1,-1,-1,-1,-1,-1,-1
9969,-1,-1,-1,-1,-1,-1,-1,-1
9970,-1,-1,-1,-1,-1,-1,-1,-1
9971,-1,-1,-1,-1,-1,-1,-1,-1
9972,-1,-1,-1,-1,-1,-1,-1,-1
9973,-1,-1,-1,-1,-1,-1,-1,-1
9974,-1,-1,-1,-1,-1,-1,-1,-1
9975,-1,-1,-1,-1,-1,-1,-1,-1
9976,-1,-1,-1,-1,-1,-1,-1,-1
9977,10009447,10009735,10010023,10010311,10010599,10010887,10011175,10011463
9978,10009446,10009734,10010022,10010310,10010598,10010886,10011174,10011462
9979,10009445,10009733,10010021,10010309,10010597,10010885,10011173,10011461
9980,10009444,10009732,10010020,10010308,10010596,10010884,10011172,10011460
9981,10009443,10009731,10010019,10010307,10010595,10010883,10011171,10011459
9982,10009442,10009730,10010018,10010306,10010594,10010882,10011170,10011458
9983,10009441,10009729,10010017,10010305,10010593,10010881,10011169,10011457
9984,10009440,10009728,10010016,10010304,10010592,10010880,10011168,10011456
9985,-1,-1,-1,-1,-1,-1,-1,-1
9986,-1,-1,-1,-1,-1,-1,-1,-1
9987,-1,-1,-1,-1,-1,-1,-1,-1
9988,-1,-1,-1,-1,-1,-1,-1,-1
9989,-1,-1,-1,-1,-1,-1,-1,-1
9990,-1,-1,-1,-1,-1,-1,-1,-1
9991,-1,-1,-1,-1,-1,-1,-1,-1
9992,-1,-1,-1,-1,-1,-1,-1,-1
9993,-1,-1,-1,-1,-1,-1,-1,-1
9994,-1,-1,-1,-1,-1,-1,-1,-1
9995,-1,-1,-1,-1,-1,-1,-1,-1
9996,-1,-1,-1,-1,-1,-1,-1,-1
9997,-1,-1,-1,-1,-1,-1,-1,-1
9998,-1,-1,-1,-1,-1,-1,-1,-1
9999,-1,-1,-1,-1,-1,-1,-1,-1
10000,-1,-1,-1,-1,-1,-1,-1,-1
10001,-1,-1,-1,-1,-1,-1,-1,-1
10002,-1,-1,-1,-1,-1,-1,-1,-1
10003,-1,-1,-1,-1,-1,-1,-1,-1
10004,-1,-1,-1,-1,-1,-1,-1,-1
10005,-1,-1,-1,-1,-1,-1,-1,-1
10006,-1,-1,-1,-1,-1,-1,-1,-1
10007,-1,-1,-1,-1,-1,-1,-1,-1
10008,-1,-1,-1,-1,-1,-1,-1,-1
10009,-1,-1,-1,-1,-1,-1,-1,-1
10010,-1,-1,-1,-1,-1,-1,-1,-1
10011,-1,-1,-1,-1,-1,-1,-1,-1
10012,-1,-1,-1,-1,-1,-1,-1,-1
10013,-1,-1,-1,-1,-1,-1,-1,-1
10014,-1,-1,-1,-1,-1,-1,-1,-1
10015,-1,-1,-1,-1,-1,-1,-1,-1
10016,-1,-1,-1,-1,-1,-1,-1,-1
10017,-1,-1,-1,-1,-1,-1,-1,-1
10018,-1,-1,-1,-1,-1,-1,-1,-1
10019,-1,-1,-1,-1,-1,-1,-1,-1
10020,-1,-1,-1,-1,-1,-1,-1,-1
10021,-1,-1,-1,-1,-1,-1,-1,-1
10022,-1,-1,-1,-1,-1,-1,-1,-1
10023,-1,-1,-1,-1,-1,-1,-1,-1
10024,-1,-1,-1,-1,-1,-1,-1,-1
10025,-1,-1,-1,-1,-1,-1,-1,-1
10026,-1,-1,-1,-1,-1,-1,-1,-1
10027,-1,-1,-1,-1,-1,-1,-1,-1
10028,-1,-1,-1,-1,-1,-1,-1,-1
10029,-1,-1,-1,-1,-1,-1,-1,-1
10030,-1,-1,-1,-1,-1,-1,-1,-1
10031,-1,-1,-1,-1,-1,-1,-1,-1
10032,-1,-1,-1,-1,-1,-1,-1,-1
10033,-1,-1,-1,-1,-1,-1,-1,-1
10034,-1,-1,-1,-1,-1,-1,-1,-1
10035,10009455,10009743,10010031,10010319,10010607,10010895,10011183,10011471
10036,10009454,10009742,10010030,10010318,10010606,10010894,10011182,10011470
10037,10009453,10009741,10010029,10010317,10010605,10010893,10011181,10011469
10038,10009452,10009740,10010028,10010316,10010604,10010892,10011180,10011468
10039,10009451,10009739,10010027,10010315,10010603,10010891,10011179,10011467
10040,10009450,10009738,10010026,10010314,10010602,10010890,10011178,10011466
10041,10009449,10009737,10010025,10010313,10010601,10010889,10011177,10011465
10042,10009448,10009736,10010024,10010312,10010600,10010888,10011176,10011464
10043,-1,-1,-1,-1,-1,-1,-1,-1
10044,-1,-1,-1,-1,-1,-1,-1,-1
10045,-1,-1,-1,-1,-1,-1,-1,-1
10046,-1,-1,-1,-1,-1,-1,-1,-1
10047,-1,-1,-1,-1,-1,-1,-1,-1
10048,-1,-1,-1,-1,-1,-1,-1,-1
10049,-1,-1,-1,-1,-1,-1,-1,-1
10050,-1,-1,-1,-1,-1,-1,-1,-1
10051,-1,-1,-1,-1,-1,-1,-1,-1
10052,-1,-1,-1,-1,-1,-1,-1,-1
10053,-1,-1,-1,-1,-1,-1,-1,-1
10054,-1,-1,-1,-1,-1,-1,-1,-1
10055,-1,-1,-1,-1,-1,-1,-1,-1
10056,-1,-1,-1,-1,-1,-1,-1,-1
10057,-1,-1,-1,-1,-1,-1,-1,-1
10058,-1,-1,-1,-1,-1,-1,-1,-1
10059,-1,-1,-1,-1,-1,-1,-1,-1
10060,-1,-1,-1,-1,-1,-1,-1,-1
10061,-1,-1,-1,-1,-1,-1,-1,-1
10062,-1,-1,-1,-1,-1,-1,-1,-1
10063,-1,-1,-1,-1,-1,-1,-1,-1
10064,-1,-1,-1,-1,-1,-1,-1,-1
10065,-1,-1,-1,-1,-1,-1,-1,-1
10066,-1,-1,-1,-1,-1,-1,-1,-1
10067,-1,-1,-1,-1,-1,-1,-1,-1
10068,-1,-1,-1,-1,-1,-1,-1,-1
10069,-1,-1,-1,-1,-1,-1,-1,-1
10070,-1,-1,-1,-1,-1,-1,-1,-1
10071,-1,-1,-1,-1,-1,-1,-1,-1
10072,-1,-1,-1,-1,-1,-1,-1,-1
10073,-1,-1,-1,-1,-1,-1,-1,-1
10074,-1,-1,-1,-1,-1,-1,-1,-1
10075,-1,-1,-1,-1,-1,-1,-1,-1
10076,-1,-1,-1,-1,-1,-1,-1,-1
10077,-1,-1,-1,-1,-1,-1,-1,-1
10078,-1,-1,-1,-1,-1,-1,-1,-1
10079,-1,-1,-1,-1,-1,-1,-1,-1
10080,-1,-1,-1,-1,-1,-1,-1,-1
10081,-1,-1,-1,-1,-1,-1,-1,-1
10082,-1,-1,-1,-1,-1,-1,-1,-1
10083,-1,-1,-1,-1,-1,-1,-1,-1
10084,-1,-1,-1,-1,-1,-1,-1,-1
10085,-1,-1,-1,-1,-1,-1,-1,-1
10086,-1,-1,-1,-1,-1,-1,-1,-1
10087,-1,-1,-1,-1,-1,-1,-1,-1
10088,-1,-1,-1,-1,-1,-1,-1,-1
10089,-1,-1,-1,-1,-1,-1,-1,-1
10090,-1,-1,-1,-1,-1,-1,-1,-1
10091,-1,-1,-1,-1,-1,-1,-1,-1
10092,-1,-1,-1,-1,-1,-1,-1,-1
10093,10009463,10009751,10010039,10010327,10010615,10010903,10011191,10011479
10094,10009462,10009750,10010038,10010326,10010614,10010902,10011190,10011478
10095,10009461,10009749,10010037,10010325,10010613,10010901,10011189,10011477
10096,10009460,10009748,10010036,10010324,10010612,10010900,10011188,10011476
10097,10009459,10009747,10010035,10010323,10010611,10010899,10011187,10011475
10098,10009458,10009746,10010034,10010322,10010610,10010898,10011186,10011474
10099,10009457,10009745,10010033,10010321,10010609,10010897,10011185,10011473
10100,10009456,10009744,10010032,10010320,10010608,10010896,10011184,10011472
10101,-1,-1,-1,-1,-1,-1,-1,-1
10102,-1,-1,-1,-1,-1,-1,-1,-1
10103,-1,-1,-1,-1,-1,-1,-1,-1
10104,-1,-1,-1,-1,-1,-1,-1,-1
10105,-1,-1,-1,-1,-1,-1,-1,-1
10106,-1,-1,-1,-1,-1,-1,-1,-1
10107,-1,-1,-1,-1,-1,-1,-1,-1
10108,-1,-1,-1,-1,-1,-1,-1,-1
10109,-1,-1,-1,-1,-1,-1,-1,-1
10110,-1,-1,-1,-1,-1,-1,-1,-1
10111,-1,-1,-1,-1,-1,-1,-1,-1
10112,-1,-1,-1,-1,-1,-1,-1,-1
10113,-1,-1,-1,-1,-1,-1,-1,-1
10114,-1,-1,-1,-1,-1,-1,-1,-1
10115,-1,-1,-1,-1,-1,-1,-1,-1
10116,-1,-1,-1,-1,-1,-1,-1,-1
10117,-1,-1,-1,-1,-1,-1,-1,-1
10118,-1,-1,-1,-1,-1,-1,-1,-1
10119,-1,-1,-1,-1,-1,-1,-1,-1
10120,-1,-1,-1,-1,-1,-1,-1,-1
10121,-1,-1,-1,-1,-1,-1,-1,-1
10122,-1,-1,-1,-1,-1,-1,-1,-1
10123,-1,-1,-1,-1,-1,-1,-1,-1
10124,-1,-1,-1,-1,-1,-1,-1,-1
10125,-1,-1,-1,-1,-1,-1,-1,-1
10126,-1,-1,-1,-1,-1,-1,-1,-1
10127,-1,-1,-1,-1,-1,-1,-1,-1
10128,-1,-1,-1,-1,-1,-1,-1,-1
10129,-1,-1,-1,-1,-1,-1,-1,-1
10130,-1,-1,-1,-1,-1,-1,-1,-1
10131,-1,-1,-1,-1,-1,-1,-1,-1
10132,-1,-1,-1,-1,-1,-1,-1,-1
10133,-1,-1,-1,-1,-1,-1,-1,-1
10134,-1,-1,-1,-1,-1,-1,-1,-1
10135,-1,-1,-1,-1,-1,-1,-1,-1
10136,-1,-1,-1,-1,-1,-1,-1,-1
10137,-1,-1,-1,-1,-1,-1,-1,-1
10138,-1,-1,-1,-1,-1,-1,-1,-1
10139,-1,-1,-1,-1,-1,-1,-1,-1
10140,-1,-1,-1,-1,-1,-1,-1,-1
10141,-1,-1,-1,-1,-1,-1,-1,-1
10142,-1,-1,-1,-1,-1,-1,-1,-1
10143,-1,-1,-1,-1,-1,-1,-1,-1
10144,-1,-1,-1,-1,-1,-1,-1,-1
10145,-1,-1,-1,-1,-1,-1,-1,-1
10146,-1,-1,-1,-1,-1,-1,-1,-1
10147,-1,-1,-1,-1,-1,-1,-1,-1
10148,-1,-1,-1,-1,-1,-1,-1,-1
10149,-1,-1,-1,-1,-1,-1,-1,-1
10150,-1,-1,-1,-1,-1,-1,-1,-1
10151,10009471,10009759,10010047,10010335,10010623,10010911,10011199,10011487
10152,10009470,10009758,10010046,10010334,10010622,10010910,10011198,10011486
10153,10009469,10009757,10010045,10010333,10010621,10010909,10011197,10011485
10154,10009468,10009756,10010044,10010332,10010620,10010908,10011196,10011484
10155,10009467,10009755,10010043,10010331,10010619,10010907,10011195,10011483
10156,10009466,10009754,10010042,10010330,10010618,10010906,10011194,10011482
10157,10009465,10009753,10010041,10010329,10010617,10010905,10011193,10011481
10158,10009464,10009752,10010040,10010328,10010616,10010904,10011192,10011480
10159,-1,-1,-1,-1,-1,-1,-1,-1
10160,-1,-1,-1,-1,-1,-1,-1,-1
10161,-1,-1,-1,-1,-1,-1,-1,-1
10162,-1,-1,-1,-1,-1,-1,-1,-1
10163,-1,-1,-1,-1,-1,-1,-1,-1
10164,-1,-1,-1,-1,-1,-1,-1,-1
10165,-1,-1,-1,-1,-1,-1,-1,-1
10166,-1,-1,-1,-1,-1,-1,-1,-1
10167,-1,-1,-1,-1,-1,-1,-1,-1
10168,-1,-1,-1,-1,-1,-1,-1,-1
10169,-1,-1,-1,-1,-1,-1,-1,-1
10170,-1,-1,-1,-1,-1,-1,-1,-1
10171,-1,-1,-1,-1,-1,-1,-1,-1
10172,-1,-1,-1,-1,-1,-1,-1,-1
10173,-1,-1,-1,-1,-1,-1,-1,-1
10174,-1,-1,-1,-1,-1,-1,-1,-1
10175,-1,-1,-1,-1,-1,-1,-1,-1
10176,-1,-1,-1,-1,-1,-1,-1,-1
10177,-1,-1,-1,-1,-1,-1,-1,-1
10178,-1,-1,-1,-1,-1,-1,-1,-1
10179,-1,-1,-1,-1,-1,-1,-1,-1
10180,-1,-1,-1,-1,-1,-1,-1,-1
10181,-1,-1,-1,-1,-1,-1,-1,-1
10182,-1,-1,-1,-1,-1,-1,-1,-1
10183,-1,-1,-1,-1,-1,-1,-1,-1
10184,-1,-1,-1,-1,-1,-1,-1,-1
10185,-1,-1,-1,-1,-1,-1,-1,-1
10186,-1,-1,-1,-1,-1,-1,-1,-1
10187,-1,-1,-1,-1,-1,-1,-1,-1
10188,-1,-1,-1,-1,-1,-1,-1,-1
10189,-1,-1,-1,-1,-1,-1,-1,-1
10190,-1,-1,-1,-1,-1,-1,-1,-1
10191,-1,-1,-1,-1,-1,-1,-1,-1
10192,-1,-1,-1,-1,-1,-1,-1,-1
10193,-1,-1,-1,-1,-1,-1,-1,-1
10194,-1,-1,-1,-1,-1,-1,-1,-1
10195,-1,-1,-1,-1,-1,-1,-1,-1
10196,-1,-1,-1,-1,-1,-1,-1,-1
10197,-1,-1,-1,-1,-1,-1,-1,-1
10198,-1,-1,-1,-1,-1,-1,-1,-1
10199,-1,-1,-1,-1,-1,-1,-1,-1
10200,-1,-1,-1,-1,-1,-1,-1,-1
10201,-1,-1,-1,-1,-1,-1,-1,-1
10202,-1,-1,-1,-1,-1,-1,-1,-1
10203,-1,-1,-1,-1,-1,-1,-1,-1
10204,-1,-1,-1,-1,-1,-1,-1,-1
10205,-1,-1,-1,-1,-1,-1,-1,-1
10206,-1,-1,-1,-1,-1,-1,-1,-1
10207,-1,-1,-1,-1,-1,-1,-1,-1
10208,-1,-1,-1,-1,-1,-1,-1,-1
10209,10009479,10009767,10010055,10010343,10010631,10010919,10011207,10011495
10210,10009478,10009766,10010054,10010342,10010630,10010918,10011206,10011494
10211,10009477,10009765,10010053,10010341,10010629,10010917,10011205,10011493
10212,10009476,10009764,10010052,10010340,10010628,10010916,10011204,10011492
10213,10009475,10009763,10010051,10010339,10010627,10010915,10011203,10011491
10214,10009474,10009762,10010050,10010338,10010626,10010914,10011202,10011490
10215,10009473,10009761,10010049,10010337,10010625,10010913,10011201,10011489
10216,10009472,10009760,10010048,10010336,10010624,10010912,10011200,10011488
10217,-1,-1,-1,-1,-1,-1,-1,-1
10218,-1,-1,-1,-1,-1,-1,-1,-1
10219,-1,-1,-1,-1,-1,-1,-1,-1
10220,-1,-1,-1,-1,-1,-1,-1,-1
10221,-1,-1,-1,-1,-1,-1,-1,-1
10222,-1,-1,-1,-1,-1,-1,-1,-1
10223,-1,-1,-1,-1,-1,-1,-1,-1
10224,-1,-1,-1,-1,-1,-1,-1,-1
10225,-1,-1,-1,-1,-1,-1,-1,-1
10226,-1,-1,-1,-1,-1,-1,-1,-1
10227,-1,-1,-1,-1,-1,-1,-1,-1
10228,-1,-1,-1,-1,-1,-1,-1,-1
10229,-1,-1,-1,-1,-1,-1,-1,-1
10230,-1,-1,-1,-1,-1,-1,-1,-1
10231,-1,-1,-1,-1,-1,-1,-1,-1
10232,-1,-1,-1,-1,-1,-1,-1,-1
10233,-1,-1,-1,-1,-1,-1,-1,-1
10234,-1,-1,-1,-1,-1,-1,-1,-1
10235,-1,-1,-1,-1,-1,-1,-1,-1
10236,-1,-1,-1,-1,-1,-1,-1,-1
10237,-1,-1,-1,-1,-1,-1,-1,-1
10238,-1,-1,-1,-1,-1,-1,-1,-1
10239,-1,-1,-1,-1,-1,-1,-1,-1
10240,-1,-1,-1,-1,-1,-1,-1,-1
10241,-1,-1,-1,-1,-1,-1,-1,-1
10242,-1,-1,-1,-1,-1,-1,-1,-1
10243,-1,-1,-1,-1,-1,-1,-1,-1
10244,-1,-1,-1,-1,-1,-1,-1,-1
10245,-1,-1,-1,-1,-1,-1,-1,-1
10246,-1,-1,-1,-1,-1,-1,-1,-1
10247,-1,-1,-1,-1,-1,-1,-1,-1
10248,-1,-1,-1,-1,-1,-1,-1,-1
10249,-1,-1,-1,-1,-1,-1,-1,-1
10250,-1,-1,-1,-1,-1,-1,-1,-1
10251,-1,-1,-1,-1,-1,-1,-1,-1
10252,-1,-1,-1,-1,-1,-1,-1,-1
10253,-1,-1,-1,-1,-1,-1,-1,-1
10254,-1,-1,-1,-1,-1,-1,-1,-1
10255,-1,-1,-1,-1,-1,-1,-1,-1
10256,-1,-1,-1,-1,-1,-1,-1,-1
10257,-1,-1,-1,-1,-1,-1,-1,-1
10258,-1,-1,-1,-1,-1,-1,-1,-1
10259,-1,-1,-1,-1,-1,-1,-1,-1
10260,-1,-1,-1,-1,-1,-1,-1,-1
10261,-1,-1,-1,-1,-1,-1,-1,-1
10262,-1,-1,-1,-1,-1,-1,-1,-1
10263,-1,-1,-1,-1,-1,-1,-1,-1
10264,-1,-1,-1,-1,-1,-1,-1,-1
10265,-1,-1,-1,-1,-1,-1,-1,-1
10266,-1,-1,-1,-1,-1,-1,-1,-1
10267,10009487,10009775,10010063,10010351,10010639,10010927,10011215,10011503
10268,10009486,10009774,10010062,10010350,10010638,10010926,10011214,10011502
10269,10009485,10009773,10010061,10010349,10010637,10010925,10011213,10011501
10270,10009484,10009772,10010060,10010348,10010636,10010924,10011212,10011500
10271,10009483,10009771,10010059,10010347,10010635,10010923,10011211,10011499
10272,10009482,10009770,10010058,10010346,10010634,10010922,10011210,10011498
10273,10009481,10009769,10010057,10010345,10010633,10010921,10011209,10011497
10274,10009480,10009768,10010056,10010344,10010632,10010920,10011208,10011496
10275,-1,-1,-1,-1,-1,-1,-1,-1
10276,-1,-1,-1,-1,-1,-1,-1,-1
10277,-1,-1,-1,-1,-1,-1,-1,-1
10278,-1,-1,-1,-1,-1,-1,-1,-1
10279,-1,-1,-1,-1,-1,-1,-1,-1
10280,-1,-1,-1,-1,-1,-1,-1,-1
10281,-1,-1,-1,-1,-1,-1,-1,-1
10282,-1,-1,-1,-1,-1,-1,-1,-1
10283,-1,-1,-1,-1,-1,-1,-1,-1
10284,-1,-1,-1,-1,-1,-1,-1,-1
10285,-1,-1,-1,-1,-1,-1,-1,-1
10286,-1,-1,-1,-1,-1,-1,-1,-1
10287,-1,-1,-1,-1,-1,-1,-1,-1
10288,-1,-1,-1,-1,-1,-1,-1,-1
10289,-1,-1,-1,-1,-1,-1,-1,-1
10290,-1,-1,-1,-1,-1,-1,-1,-1
10291,-1,-1,-1,-1,-1,-1,-1,-1
10292,-1,-1,-1,-1,-1,-1,-1,-1
10293,-1,-1,-1,-1,-1,-1,-1,-1
10294,-1,-1,-1,-1,-1,-1,-1,-1
10295,-1,-1,-1,-1,-1,-1,-1,-1
10296,-1,-1,-1,-1,-1,-1,-1,-1
10297,-1,-1,-1,-1,-1,-1,-1,-1
10298,-1,-1,-1,-1,-1,-1,-1,-1
10299,-1,-1,-1,-1,-1,-1,-1,-1
10300,-1,-1,-1,-1,-1,-1,-1,-1
10301,-1,-1,-1,-1,-1,-1,-1,-1
10302,-1,-1,-1,-1,-1,-1,-1,-1
10303,-1,-1,-1,-1,-1,-1,-1,-1
10304,-1,-1,-1,-1,-1,-1,-1,-1
10305,-1,-1,-1,-1,-1,-1,-1,-1
10306,-1,-1,-1,-1,-1,-1,-1,-1
10307,-1,-1,-1,-1,-1,-1,-1,-1
10308,-1,-1,-1,-1,-1,-1,-1,-1
10309,-1,-1,-1,-1,-1,-1,-1,-1
10310,-1,-1,-1,-1,-1,-1,-1,-1
10311,-1,-1,-1,-1,-1,-1,-1,-1
10312,-1,-1,-1,-1,-1,-1,-1,-1
10313,-1,-1,-1,-1,-1,-1,-1,-1
10314,-1,-1,-1,-1,-1,-1,-1,-1
10315,-1,-1,-1,-1,-1,-1,-1,-1
10316,-1,-1,-1,-1,-1,-1,-1,-1
10317,-1,-1,-1,-1,-1,-1,-1,-1
10318,-1,-1,-1,-1,-1,-1,-1,-1
10319,-1,-1,-1,-1,-1,-1,-1,-1
10320,-1,-1,-1,-1,-1,-1,-1,-1
10321,-1,-1,-1,-1,-1,-1,-1,-1
10322,-1,-1,-1,-1,-1,-1,-1,-1
10323,-1,-1,-1,-1,-1,-1,-1,-1
10324,-1,-1,-1,-1,-1,-1,-1,-1
10325,10009495,10009783,10010071,10010359,10010647,10010935,10011223,10011511
10326,10009494,10009782,10010070,10010358,10010646,10010934,10011222,10011510
10327,10009493,10009781,10010069,10010357,10010645,10010933,10011221,10011509
10328,10009492,10009780,10010068,10010356,10010644,10010932,10011220,10011508
10329,10009491,10009779,10010067,10010355,10010643,10010931,10011219,10011507
10330,10009490,10009778,10010066,10010354,10010642,10010930,10011218,10011506
10331,10009489,10009777,10010065,10010353,10010641,10010929,10011217,10011505
10332,10009488,10009776,10010064,10010352,10010640,10010928,10011216,10011504
10333,-1,-1,-1,-1,-1,-1,-1,-1
10334,-1,-1,-1,-1,-1,-1,-1,-1
10335,-1,-1,-1,-1,-1,-1,-1,-1
10336,-1,-1,-1,-1,-1,-1,-1,-1
10337,-1,-1,-1,-1,-1,-1,-1,-1
10338,-1,-1,-1,-1,-1,-1,-1,-1
10339,-1,-1,-1,-1,-1,-1,-1,-1
10340,-1,-1,-1,-1,-1,-1,-1,-1
10341,-1,-1,-1,-1,-1,-1,-1,-1
10342,-1,-1,-1,-1,-1,-1,-1,-1
10343,-1,-1,-1,-1,-1,-1,-1,-1
10344,-1,-1,-1,-1,-1,-1,-1,-1
10345,-1,-1,-1,-1,-1,-1,-1,-1
10346,-1,-1,-1,-1,-1,-1,-1,-1
10347,-1,-1,-1,-1,-1,-1,-1,-1
10348,-1,-1,-1,-1,-1,-1,-1,-1
10349,-1,-1,-1,-1,-1,-1,-1,-1
10350,-1,-1,-1,-1,-1,-1,-1,-1
10351,-1,-1,-1,-1,-1,-1,-1,-1
10352,-1,-1,-1,-1,-1,-1,-1,-1
10353,-1,-1,-1,-1,-1,-1,-1,-1
10354,-1,-1,-1,-1,-1,-1,-1,-1
10355,-1,-1,-1,-1,-1,-1,-1,-1
10356,-1,-1,-1,-1,-1,-1,-1,-1
10357,-1,-1,-1,-1,-1,-1,-1,-1
10358,-1,-1,-1,-1,-1,-1,-1,-1
10359,-1,-1,-1,-1,-1,-1,-1,-1
10360,-1,-1,-1,-1,-1,-1,-1,-1
10361,-1,-1,-1,-1,-1,-1,-1,-1
10362,-1,-1,-1,-1,-1,-1,-1,-1
10363,-1,-1,-1,-1,-1,-1,-1,-1
10364,-1,-1,-1,-1,-1,-1,-1,-1
10365,-1,-1,-1,-1,-1,-1,-1,-1
10366,-1,-1,-1,-1,-1,-1,-1,-1
10367,-1,-1,-1,-1,-1,-1,-1,-1
10368,-1,-1,-1,-1,-1,-1,-1,-1
10369,-1,-1,-1,-1,-1,-1,-1,-1
10370,-1,-1,-1,-1,-1,-1,-1,-1
10371,-1,-1,-1,-1,-1,-1,-1,-1
10372,-1,-1,-1,-1,-1,-1,-1,-1
10373,-1,-1,-1,-1,-1,-1,-1,-1
10374,-1,-1,-1,-1,-1,-1,-1,-1
10375,-1,-1,-1,-1,-1,-1,-1,-1
10376,-1,-1,-1,-1,-1,-1,-1,-1
10377,-1,-1,-1,-1,-1,-1,-1,-1
10378,-1,-1,-1,-1,-1,-1,-1,-1
10379,-1,-1,-1,-1,-1,-1,-1,-1
10380,-1,-1,-1,-1,-1,-1,-1,-1
10381,-1,-1,-1,-1,-1,-1,-1,-1
10382,-1,-1,-1,-1,-1,-1,-1,-1
10383,10009503,10009791,10010079,10010367,10010655,10010943,10011231,10011519
10384,10009502,10009790,10010078,10010366,10010654,10010942,10011230,10011518
10385,10009501,10009789,10010077,10010365,10010653,10010941,10011229,10011517
10386,10009500,10009788,10010076,10010364,10010652,10010940,10011228,10011516
10387,10009499,10009787,10010075,10010363,10010651,10010939,10011227,10011515
10388,10009498,10009786,10010074,10010362,10010650,10010938,10011226,10011514
10389,10009497,10009785,10010073,10010361,10010649,10010937,10011225,10011513
10390,10009496,10009784,10010072,10010360,10010648,10010936,10011224,10011512
10391,-1,-1,-1,-1,-1,-1,-1,-1
10392,-1,-1,-1,-1,-1,-1,-1,-1
10393,-1,-1,-1,-1,-1,-1,-1,-1
10394,-1,-1,-1,-1,-1,-1,-1,-1
10395,-1,-1,-1,-1,-1,-1,-1,-1
10396,-1,-1,-1,-1,-1,-1,-1,-1
10397,-1,-1,-1,-1,-1,-1,-1,-1
10398,-1,-1,-1,-1,-1,-1,-1,-1
10399,-1,-1,-1,-1,-1,-1,-1,-1
10400,-1,-1,-1,-1,-1,-1,-1,-1
10401,-1,-1,-1,-1,-1,-1,-1,-1
10402,-1,-1,-1,-1,-1,-1,-1,-1
10403,-1,-1,-1,-1,-1,-1,-1,-1
10404,-1,-1,-1,-1,-1,-1,-1,-1
10405,-1,-1,-1,-1,-1,-1,-1,-1
10406,-1,-1,-1,-1,-1,-1,-1,-1
10407,-1,-1,-1,-1,-1,-1,-1,-1
10408,-1,-1,-1,-1,-1,-1,-1,-1
10409,-1,-1,-1,-1,-1,-1,-1,-1
10410,-1,-1,-1,-1,-1,-1,-1,-1
10411,-1,-1,-1,-1,-1,-1,-1,-1
10412,-1,-1,-1,-1,-1,-1,-1,-1
10413,-1,-1,-1,-1,-1,-1,-1,-1
10414,-1,-1,-1,-1,-1,-1,-1,-1
10415,-1,-1,-1,-1,-1,-1,-1,-1
10416,-1,-1,-1,-1,-1,-1,-1,-1
10417,-1,-1,-1,-1,-1,-1,-1,-1
10418,-1,-1,-1,-1,-1,-1,-1,-1
10419,-1,-1,-1,-1,-1,-1,-1,-1
10420,-1,-1,-1,-1,-1,-1,-1,-1
10421,-1,-1,-1,-1,-1,-1,-1,-1
10422,-1,-1,-1,-1,-1,-1,-1,-1
10423,-1,-1,-1,-1,-1,-1,-1,-1
10424,-1,-1,-1,-1,-1,-1,-1,-1
10425,-1,-1,-1,-1,-1,-1,-1,-1
10426,-1,-1,-1,-1,-1,-1,-1,-1
10427,-1,-1,-1,-1,-1,-1,-1,-1
10428,-1,-1,-1,-1,-1,-1,-1,-1
10429,-1,-1,-1,-1,-1,-1,-1,-1
10430,-1,-1,-1,-1,-1,-1,-1,-1
10431,-1,-1,-1,-1,-1,-1,-1,-1
10432,-1,-1,-1,-1,-1,-1,-1,-1
10433,-1,-1,-1,-1,-1,-1,-1,-1
10434,-1,-1,-1,-1,-1,-1,-1,-1
10435,-1,-1,-1,-1,-1,-1,-1,-1
10436,-1,-1,-1,-1,-1,-1,-1,-1
10437,-1,-1,-1,-1,-1,-1,-1,-1
10438,-1,-1,-1,-1,-1,-1,-1,-1
10439,-1,-1,-1,-1,-1,-1,-1,-1
10440,-1,-1,-1,-1,-1,-1,-1,-1
10441,10011527,10011815,10012103,10012391,10012679,10012967,10013255,10013543
10442,10011526,10011814,10012102,10012390,10012678,10012966,10013254,10013542
10443,10011525,10011813,10012101,10012389,10012677,10012965,10013253,10013541
10444,10011524,10011812,10012100,10012388,10012676,10012964,10013252,10013540
10445,10011523,10011811,10012099,10012387,10012675,10012963,10013251,10013539
10446,10011522,10011810,10012098,10012386,10012674,10012962,10013250,10013538
10447,10011521,10011809,10012097,10012385,10012673,10012961,10013249,10013537
10448,10011520,10011808,10012096,10012384,10012672,10012960,10013248,10013536
10449,-1,-1,-1,-1,-1,-1,-1,-1
10450,-1,-1,-1,-1,-1,-1,-1,-1
10451,-1,-1,-1,-1,-1,-1,-1,-1
10452,-1,-1,-1,-1,-1,-1,-1,-1
10453,-1,-1,-1,-1,-1,-1,-1,-1
10454,-1,-1,-1,-1,-1,-1,-1,-1
10455,-1,-1,-1,-1,-1,-1,-1,-1
10456,-1,-1,-1,-1,-1,-1,-1,-1
10457,-1,-1,-1,-1,-1,-1,-1,-1
10458,-1,-1,-1,-1,-1,-1,-1,-1
10459,-1,-1,-1,-1,-1,-1,-1,-1
10460,-1,-1,-1,-1,-1,-1,-1,-1
10461,-1,-1,-1,-1,-1,-1,-1,-1
10462,-1,-1,-1,-1,-1,-1,-1,-1
10463,-1,-1,-1,-1,-1,-1,-1,-1
10464,-1,-1,-1,-1,-1,-1,-1,-1
10465,-1,-1,-1,-1,-1,-1,-1,-1
10466,-1,-1,-1,-1,-1,-1,-1,-1
10467,-1,-1,-1,-1,-1,-1,-1,-1
10468,-1,-1,-1,-1,-1,-1,-1,-1
10469,-1,-1,-1,-1,-1,-1,-1,-1
10470,-1,-1,-1,-1,-1,-1,-1,-1
10471,-1,-1,-1,-1,-1,-1,-1,-1
10472,-1,-1,-1,-1,-1,-1,-1,-1
10473,-1,-1,-1,-1,-1,-1,-1,-1
10474,-1,-1,-1,-1,-1,-1,-1,-1
10475,-1,-1,-1,-1,-1,-1,-1,-1
10476,-1,-1,-1,-1,-1,-1,-1,-1
10477,-1,-1,-1,-1,-1,-1,-1,-1
10478,-1,-1,-1,-1,-1,-1,-1,-1
10479,-1,-1,-1,-1,-1,-1,-1,-1
10480,-1,-1,-1,-1,-1,-1,-1,-1
10481,-1,-1,-1,-1,-1,-1,-1,-1
10482,-1,-1,-1,-1,-1,-1,-1,-1
10483,-1,-1,-1,-1,-1,-1,-1,-1
10484,-1,-1,-1,-1,-1,-1,-1,-1
10485,-1,-1,-1,-1,-1,-1,-1,-1
10486,-1,-1,-1,-1,-1,-1,-1,-1
10487,-1,-1,-1,-1,-1,-1,-1,-1
10488,-1,-1,-1,-1,-1,-1,-1,-1
10489,-1,-1,-1,-1,-1,-1,-1,-1
10490,-1,-1,-1,-1,-1,-1,-1,-1
10491,-1,-1,-1,-1,-1,-1,-1,-1
10492,-1,-1,-1,-1,-1,-1,-1,-1
10493,-1,-1,-1,-1,-1,-1,-1,-1
10494,-1,-1,-1,-1,-1,-1,-1,-1
10495,-1,-1,-1,-1,-1,-1,-1,-1
10496,-1,-1,-1,-1,-1,-1,-1,-1
10497,-1,-1,-1,-1,-1,-1,-1,-1
10498,-1,-1,-1,-1,-1,-1,-1,-1
10499,10011535,10011823,10012111,10012399,10012687,10012975,10013263,10013551
10500,10011534,10011822,10012110,10012398,10012686,10012974,10013262,10013550
10501,10011533,10011821,10012109,10012397,10012685,10012973,10013261,10013549
10502,10011532,10011820,10012108,10012396,10012684,10012972,10013260,10013548
10503,10011531,10011819,10012107,10012395,10012683,10012971,10013259,10013547
10504,10011530,10011818,10012106,10012394,10012682,10012970,10013258,10013546
10505,10011529,10011817,10012105,10012393,10012681,10012969,10013257,10013545
10506,10011528,10011816,10012104,10012392,10012680,10012968,10013256,10013544
10507,-1,-1,-1,-1,-1,-1,-1,-1
10508,-1,-1,-1,-1,-1,-1,-1,-1
10509,-1,-1,-1,-1,-1,-1,-1,-1
10510,-1,-1,-1,-1,-1,-1,-1,-1
10511,-1,-1,-1,-1,-1,-1,-1,-1
10512,-1,-1,-1,-1,-1,-1,-1,-1
10513,-1,-1,-1,-1,-1,-1,-1,-1
10514,-1,-1,-1,-1,-1,-1,-1,-1
10515,-1,-1,-1,-1,-1,-1,-1,-1
10516,-1,-1,-1,-1,-1,-1,-1,-1
10517,-1,-1,-1,-1,-1,-1,-1,-1
10518,-1,-1,-1,-1,-1,-1,-1,-1
10519,-1,-1,-1,-1,-1,-1,-1,-1
10520,-1,-1,-1,-1,-1,-1,-1,-1
10521,-1,-1,-1,-1,-1,-1,-1,-1
10522,-1,-1,-1,-1,-1,-1,-1,-1
10523,-1,-1,-1,-1,-1,-1,-1,-1
10524,-1,-1,-1,-1,-1,-1,-1,-1
10525,-1,-1,-1,-1,-1,-1,-1,-1
10526,-1,-1,-1,-1,-1,-1,-1,-1
10527,-1,-1,-1,-1,-1,-1,-1,-1
10528,-1,-1,-1,-1,-1,-1,-1,-1
10529,-1,-1,-1,-1,-1,-1,-1,-1
10530,-1,-1,-1,-1,-1,-1,-1,-1
10531,-1,-1,-1,-1,-1,-1,-1,-1
10532,-1,-1,-1,-1,-1,-1,-1,-1
10533,-1,-1,-1,-1,-1,-1,-1,-1
10534,-1,-1,-1,-1,-1,-1,-1,-1
10535,-1,-1,-1,-1,-1,-1,-1,-1
10536,-1,-1,-1,-1,-1,-1,-1,-1
10537,-1,-1,-1,-1,-1,-1,-1,-1
10538,-1,-1,-1,-1,-1,-1,-1,-1
10539,-1,-1,-1,-1,-1,-1,-1,-1
10540,-1,-1,-1,-1,-1,-1,-1,-1
10541,-1,-1,-1,-1,-1,-1,-1,-1
10542,-1,-1,-1,-1,-1,-1,-1,-1
10543,-1,-1,-1,-1,-1,-1,-1,-1
10544,-1,-1,-1,-1,-1,-1,-1,-1
10545,-1,-1,-1,-1,-1,-1,-1,-1
10546,-1,-1,-1,-1,-1,-1,-1,-1
10547,-1,-1,-1,-1,-1,-1,-1,-1
10548,-1,-1,-1,-1,-1,-1,-1,-1
10549,-1,-1,-1,-1,-1,-1,-1,-1
10550,-1,-1,-1,-1,-1,-1,-1,-1
10551,-1,-1,-1,-1,-1,-1,-1,-1
10552,-1,-1,-1,-1,-1,-1,-1,-1
10553,-1,-1,-1,-1,-1,-1,-1,-1
10554,-1,-1,-1,-1,-1,-1,-1,-1
10555,-1,-1,-1,-1,-1,-1,-1,-1
10556,-1,-1,-1,-1,-1,-1,-1,-1
10557,10011543,10011831,10012119,10012407,10012695,10012983,10013271,10013559
10558,10011542,10011830,10012118,10012406,10012694,10012982,10013270,10013558
10559,10011541,10011829,10012117,10012405,10012693,10012981,10013269,10013557
10560,10011540,10011828,10012116,10012404,10012692,10012980,10013268,10013556
10561,10011539,10011827,10012115,10012403,10012691,10012979,10013267,10013555
10562,10011538,10011826,10012114,10012402,10012690,10012978,10013266,10013554
10563,10011537,10011825,10012113,10012401,10012689,10012977,10013265,10013553
10564,10011536,10011824,10012112,10012400,10012688,10012976,10013264,10013552
10565,-1,-1,-1,-1,-1,-1,-1,-1
10566,-1,-1,-1,-1,-1,-1,-1,-1
10567,-1,-1,-1,-1,-1,-1,-1,-1
10568,-1,-1,-1,-1,-1,-1,-1,-1
10569,-1,-1,-1,-1,-1,-1,-1,-1
10570,-1,-1,-1,-1,-1,-1,-1,-1
10571,-1,-1,-1,-1,-1,-1,-1,-1
10572,-1,-1,-1,-1,-1,-1,-1,-1
10573,-1,-1,-1,-1,-1,-1,-1,-1
10574,-1,-1,-1,-1,-1,-1,-1,-1
10575,-1,-1,-1,-1,-1,-1,-1,-1
10576,-1,-1,-1,-1,-1,-1,-1,-1
10577,-1,-1,-1,-1,-1,-1,-1,-1
10578,-1,-1,-1,-1,-1,-1,-1,-1
10579,-1,-1,-1,-1,-1,-1,-1,-1
10580,-1,-1,-1,-1,-1,-1,-1,-1
10581,-1,-1,-1,-1,-1,-1,-1,-1
10582,-1,-1,-1,-1,-1,-1,-1,-1
10583,-1,-1,-1,-1,-1,-1,-1,-1
10584,-1,-1,-1,-1,-1,-1,-1,-1
10585,-1,-1,-1,-1,-1,-1,-1,-1
10586,-1,-1,-1,-1,-1,-1,-1,-1
10587,-1,-1,-1,-1,-1,-1,-1,-1
10588,-1,-1,-1,-1,-1,-1,-1,-1
10589,-1,-1,-1,-1,-1,-1,-1,-1
10590,-1,-1,-1,-1,-1,-1,-1,-1
10591,-1,-1,-1,-1,-1,-1,-1,-1
10592,-1,-1,-1,-1,-1,-1,-1,-1
10593,-1,-1,-1,-1,-1,-1,-1,-1
10594,-1,-1,-1,-1,-1,-1,-1,-1
10595,-1,-1,-1,-1,-1,-1,-1,-1
10596,-1,-1,-1,-1,-1,-1,-1,-1
10597,-1,-1,-1,-1,-1,-1,-1,-1
10598,-1,-1,-1,-1,-1,-1,-1,-1
10599,-1,-1,-1,-1,-1,-1,-1,-1
10600,-1,-1,-1,-1,-1,-1,-1,-1
10601,-1,-1,-1,-1,-1,-1,-1,-1
10602,-1,-1,-1,-1,-1,-1,-1,-1
10603,-1,-1,-1,-1,-1,-1,-1,-1
10604,-1,-1,-1,-1,-1,-1,-1,-1
10605,-1,-1,-1,-1,-1,-1,-1,-1
10606,-1,-1,-1,-1,-1,-1,-1,-1
10607,-1,-1,-1,-1,-1,-1,-1,-1
10608,-1,-1,-1,-1,-1,-1,-1,-1
10609,-1,-1,-1,-1,-1,-1,-1,-1
10610,-1,-1,-1,-1,-1,-1,-1,-1
10611,-1,-1,-1,-1,-1,-1,-1,-1
10612,-1,-1,-1,-1,-1,-1,-1,-1
10613,-1,-1,-1,-1,-1,-1,-1,-1
10614,-1,-1,-1,-1,-1,-1,-1,-1
10615,10011551,10011839,10012127,10012415,10012703,10012991,10013279,10013567
10616,10011550,10011838,10012126,10012414,10012702,10012990,10013278,10013566
10617,10011549,10011837,10012125,10012413,10012701,10012989,10013277,10013565
10618,10011548,10011836,10012124,10012412,10012700,10012988,10013276,10013564
10619,10011547,10011835,10012123,10012411,10012699,10012987,10013275,10013563
10620,10011546,10011834,10012122,10012410,10012698,10012986,10013274,10013562
10621,10011545,10011833,10012121,10012409,10012697,10012985,10013273,10013561
10622,10011544,10011832,10012120,10012408,10012696,10012984,10013272,10013560
10623,-1,-1,-1,-1,-1,-1,-1,-1
10624,-1,-1,-1,-1,-1,-1,-1,-1
10625,-1,-1,-1,-1,-1,-1,-1,-1
10626,-1,-1,-1,-1,-1,-1,-1,-1
10627,-1,-1,-1,-1,-1,-1,-1,-1
10628,-1,-1,-1,-1,-1,-1,-1,-1
10629,-1,-1,-1,-1,-1,-1,-1,-1
10630,-1,-1,-1,-1,-1,-1,-1,-1
10631,-1,-1,-1,-1,-1,-1,-1,-1
10632,-1,-1,-1,-1,-1,-1,-1,-1
10633,-1,-1,-1,-1,-1,-1,-1,-1
10634,-1,-1,-1,-1,-1,-1,-1,-1
10635,-1,-1,-1,-1,-1,-1,-1,-1
10636,-1,-1,-1,-1,-1,-1,-1,-1
10637,-1,-1,-1,-1,-1,-1,-1,-1
10638,-1,-1,-1,-1,-1,-1,-1,-1
10639,-1,-1,-1,-1,-1,-1,-1,-1
10640,-1,-1,-1,-1,-1,-1,-1,-1
10641,-1,-1,-1,-1,-1,-1,-1,-1
10642,-1,-1,-1,-1,-1,-1,-1,-1
10643,-1,-1,-1,-1,-1,-1,-1,-1
10644,-1,-1,-1,-1,-1,-1,-1,-1
10645,-1,-1,-1,-1,-1,-1,-1,-1
10646,-1,-1,-1,-1,-1,-1,-1,-1
10647,-1,-1,-1,-1,-1,-1,-1,-1
10648,-1,-1,-1,-1,-1,-1,-1,-1
10649,-1,-1,-1,-1,-1,-1,-1,-1
10650,-1,-1,-1,-1,-1,-1,-1,-1
10651,-1,-1,-1,-1,-1,-1,-1,-1
10652,-1,-1,-1,-1,-1,-1,-1,-1
10653,-1,-1,-1,-1,-1,-1,-1,-1
10654,-1,-1,-1,-1,-1,-1,-1,-1
10655,-1,-1,-1,-1,-1,-1,-1,-1
10656,-1,-1,-1,-1,-1,-1,-1,-1
10657,-1,-1,-1,-1,-1,-1,-1,-1
10658,-1,-1,-1,-1,-1,-1,-1,-1
10659,-1,-1,-1,-1,-1,-1,-1,-1
10660,-1,-1,-1,-1,-1,-1,-1,-1
10661,-1,-1,-1,-1,-1,-1,-1,-1
10662,-1,-1,-1,-1,-1,-1,-1,-1
10663,-1,-1,-1,-1,-1,-1,-1,-1
10664,-1,-1,-1,-1,-1,-1,-1,-1
10665,-1,-1,-1,-1,-1,-1,-1,-1
10666,-1,-1,-1,-1,-1,-1,-1,-1
10667,-1,-1,-1,-1,-1,-1,-1,-1
10668,-1,-1,-1,-1,-1,-1,-1,-1
10669,-1,-1,-1,-1,-1,-1,-1,-1
10670,-1,-1,-1,-1,-1,-1,-1,-1
10671,-1,-1,-1,-1,-1,-1,-1,-1
10672,-1,-1,-1,-1,-1,-1,-1,-1
10673,10011559,10011847,10012135,10012423,10012711,10012999,10013287,10013575
10674,10011558,10011846,10012134,10012422,10012710,10012998,10013286,10013574
10675,10011557,10011845,10012133,10012421,10012709,10012997,10013285,10013573
10676,10011556,10011844,10012132,10012420,10012708,10012996,10013284,10013572
10677,10011555,10011843,10012131,10012419,10012707,10012995,10013283,10013571
10678,10011554,10011842,10012130,10012418,10012706,10012994,10013282,10013570
10679,10011553,10011841,10012129,10012417,10012705,10012993,10013281,10013569
10680,10011552,10011840,10012128,10012416,10012704,10012992,10013280,10013568
10681,-1,-1,-1,-1,-1,-1,-1,-1
10682,-1,-1,-1,-1,-1,-1,-1,-1
10683,-1,-1,-1,-1,-1,-1,-1,-1
10684,-1,-1,-1,-1,-1,-1,-1,-1
10685,-1,-1,-1,-1,-1,-1,-1,-1
10686,-1,-1,-1,-1,-1,-1,-1,-1
10687,-1,-1,-1,-1,-1,-1,-1,-1
10688,-1,-1,-1,-1,-1,-1,-1,-1
10689,-1,-1,-1,-1,-1,-1,-1,-1
10690,-1,-1,-1,-1,-1,-1,-1,-1
10691,-1,-1,-1,-1,-1,-1,-1,-1
10692,-1,-1,-1,-1,-1,-1,-1,-1
10693,-1,-1,-1,-1,-1,-1,-1,-1
10694,-1,-1,-1,-1,-1,-1,-1,-1
10695,-1,-1,-1,-1,-1,-1,-1,-1
10696,-1,-1,-1,-1,-1,-1,-1,-1
10697,-1,-1,-1,-1,-1,-1,-1,-1
10698,-1,-1,-1,-1,-1,-1,-1,-1
10699,-1,-1,-1,-1,-1,-1,-1,-1
10700,-1,-1,-1,-1,-1,-1,-1,-1
10701,-1,-1,-1,-1,-1,-1,-1,-1
10702,-1,-1,-1,-1,-1,-1,-1,-1
10703,-1,-1,-1,-1,-1,-1,-1,-1
10704,-1,-1,-1,-1,-1,-1,-1,-1
10705,-1,-1,-1,-1,-1,-1,-1,-1
10706,-1,-1,-1,-1,-1,-1,-1,-1
10707,-1,-1,-1,-1,-1,-1,-1,-1
10708,-1,-1,-1,-1,-1,-1,-1,-1
10709,-1,-1,-1,-1,-1,-1,-1,-1
10710,-1,-1,-1,-1,-1,-1,-1,-1
10711,-1,-1,-1,-1,-1,-1,-1,-1
10712,-1,-1,-1,-1,-1,-1,-1,-1
10713,-1,-1,-1,-1,-1,-1,-1,-1
10714,-1,-1,-1,-1,-1,-1,-1,-1
10715,-1,-1,-1,-1,-1,-1,-1,-1
10716,-1,-1,-1,-1,-1,-1,-1,-1
10717,-1,-1,-1,-1,-1,-1,-1,-1
10718,-1,-1,-1,-1,-1,-1,-1,-1
10719,-1,-1,-1,-1,-1,-1,-1,-1
10720,-1,-1,-1,-1,-1,-1,-1,-1
10721,-1,-1,-1,-1,-1,-1,-1,-1
10722,-1,-1,-1,-1,-1,-1,-1,-1
10723,-1,-1,-1,-1,-1,-1,-1,-1
10724,-1,-1,-1,-1,-1,-1,-1,-1
10725,-1,-1,-1,-1,-1,-1,-1,-1
10726,-1,-1,-1,-1,-1,-1,-1,-1
10727,-1,-1,-1,-1,-1,-1,-1,-1
10728,-1,-1,-1,-1,-1,-1,-1,-1
10729,-1,-1,-1,-1,-1,-1,-1,-1
10730,-1,-1,-1,-1,-1,-1,-1,-1
10731,10011567,10011855,10012143,10012431,10012719,10013007,10013295,10013583
10732,10011566,10011854,10012142,10012430,10012718,10013006,10013294,10013582
10733,10011565,10011853,10012141,10012429,10012717,10013005,10013293,10013581
10734,10011564,10011852,10012140,10012428,10012716,10013004,10013292,10013580
10735,10011563,10011851,10012139,10012427,10012715,10013003,10013291,10013579
10736,10011562,10011850,10012138,10012426,10012714,10013002,10013290,10013578
10737,10011561,10011849,10012137,10012425,10012713,10013001,10013289,10013577
10738,10011560,10011848,10012136,10012424,10012712,10013000,10013288,10013576
10739,-1,-1,-1,-1,-1,-1,-1,-1
10740,-1,-1,-1,-1,-1,-1,-1,-1
10741,-1,-1,-1,-1,-1,-1,-1,-1
10742,-1,-1,-1,-1,-1,-1,-1,-1
10743,-1,-1,-1,-1,-1,-1,-1,-1
10744,-1,-1,-1,-1,-1,-1,-1,-1
10745,-1,-1,-1,-1,-1,-1,-1,-1
10746,-1,-1,-1,-1,-1,-1,-1,-1
10747,-1,-1,-1,-1,-1,-1,-1,-1
10748,-1,-1,-1,-1,-1,-1,-1,-1
10749,-1,-1,-1,-1,-1,-1,-1,-1
10750,-1,-1,-1,-1,-1,-1,-1,-1
10751,-1,-1,-1,-1,-1,-1,-1,-1
10752,-1,-1,-1,-1,-1,-1,-1,-1
10753,-1,-1,-1,-1,-1,-1,-1,-1
10754,-1,-1,-1,-1,-1,-1,-1,-1
10755,-1,-1,-1,-1,-1,-1,-1,-1
10756,-1,-1,-1,-1,-1,-1,-1,-1
10757,-1,-1,-1,-1,-1,-1,-1,-1
10758,-1,-1,-1,-1,-1,-1,-1,-1
10759,-1,-1,-1,-1,-1,-1,-1,-1
10760,-1,-1,-1,-1,-1,-1,-1,-1
10761,-1,-1,-1,-1,-1,-1,-1,-1
10762,-1,-1,-1,-1,-1,-1,-1,-1
10763,-1,-1,-1,-1,-1,-1,-1,-1
10764,-1,-1,-1,-1,-1,-1,-1,-1
10765,-1,-1,-1,-1,-1,-1,-1,-1
10766,-1,-1,-1,-1,-1,-1,-1,-1
10767,-1,-1,-1,-1,-1,-1,-1,-1
10768,-1,-1,-1,-1,-1,-1,-1,-1
10769,-1,-1,-1,-1,-1,-1,-1,-1
10770,-1,-1,-1,-1,-1,-1,-1,-1
10771,-1,-1,-1,-1,-1,-1,-1,-1
10772,-1,-1,-1,-1,-1,-1,-1,-1
10773,-1,-1,-1,-1,-1,-1,-1,-1
10774,-1,-1,-1,-1,-1,-1,-1,-1
10775,-1,-1,-1,-1,-1,-1,-1,-1
10776,-1,-1,-1,-1,-1,-1,-1,-1
10777,-1,-1,-1,-1,-1,-1,-1,-1
10778,-1,-1,-1,-1,-1,-1,-1,-1
10779,-1,-1,-1,-1,-1,-1,-1,-1
10780,-1,-1,-1,-1,-1,-1,-1,-1
10781,-1,-1,-1,-1,-1,-1,-1,-1
10782,-1,-1,-1,-1,-1,-1,-1,-1
10783,-1,-1,-1,-1,-1,-1,-1,-1
10784,-1,-1,-1,-1,-1,-1,-1,-1
10785,-1,-1,-1,-1,-1,-1,-1,-1
10786,-1,-1,-1,-1,-1,-1,-1,-1
10787,-1,-1,-1,-1,-1,-1,-1,-1
10788,-1,-1,-1,-1,-1,-1,-1,-1
10789,10011575,10011863,10012151,10012439,10012727,10013015,10013303,10013591
10790,10011574,10011862,10012150,10012438,10012726,10013014,10013302,10013590
10791,10011573,10011861,10012149,10012437,10012725,10013013,10013301,10013589
10792,10011572,10011860,10012148,10012436,10012724,10013012,10013300,10013588
10793,10011571,10011859,10012147,10012435,10012723,10013011,10013299,10013587
10794,10011570,10011858,10012146,10012434,10012722,10013010,10013298,10013586
10795,10011569,10011857,10012145,10012433,10012721,10013009,10013297,10013585
10796,10011568,10011856,10012144,10012432,10012720,10013008,10013296,10013584
10797,-1,-1,-1,-1,-1,-1,-1,-1
10798,-1,-1,-1,-1,-1,-1,-1,-1
10799,-1,-1,-1,-1,-1,-1,-1,-1
10800,-1,-1,-1,-1,-1,-1,-1,-1
10801,-1,-1,-1,-1,-1,-1,-1,-1
10802,-1,-1,-1,-1,-1,-1,-1,-1
10803,-1,-1,-1,-1,-1,-1,-1,-1
10804,-1,-1,-1,-1,-1,-1,-1,-1
10805,-1,-1,-1,-1,-1,-1,-1,-1
10806,-1,-1,-1,-1,-1,-1,-1,-1
10807,-1,-1,-1,-1,-1,-1,-1,-1
10808,-1,-1,-1,-1,-1,-1,-1,-1
10809,-1,-1,-1,-1,-1,-1,-1,-1
10810,-1,-1,-1,-1,-1,-1,-1,-1
10811,-1,-1,-1,-1,-1,-1,-1,-1
10812,-1,-1,-1,-1,-1,-1,-1,-1
10813,-1,-1,-1,-1,-1,-1,-1,-1
10814,-1,-1,-1,-1,-1,-1,-1,-1
10815,-1,-1,-1,-1,-1,-1,-1,-1
10816,-1,-1,-1,-1,-1,-1,-1,-1
10817,-1,-1,-1,-1,-1,-1,-1,-1
10818,-1,-1,-1,-1,-1,-1,-1,-1
10819,-1,-1,-1,-1,-1,-1,-1,-1
10820,-1,-1,-1,-1,-1,-1,-1,-1
10821,-1,-1,-1,-1,-1,-1,-1,-1
10822,-1,-1,-1,-1,-1,-1,-1,-1
10823,-1,-1,-1,-1,-1,-1,-1,-1
10824,-1,-1,-1,-1,-1,-1,-1,-1
10825,-1,-1,-1,-1,-1,-1,-1,-1
10826,-1,-1,-1,-1,-1,-1,-1,-1
10827,-1,-1,-1,-1,-1,-1,-1,-1
10828,-1,-1,-1,-1,-1,-1,-1,-1
10829,-1,-1,-1,-1,-1,-1,-1,-1
10830,-1,-1,-1,-1,-1,-1,-1,-1
10831,-1,-1,-1,-1,-1,-1,-1,-1
10832,-1,-1,-1,-1,-1,-1,-1,-1
10833,-1,-1,-1,-1,-1,-1,-1,-1
10834,-1,-1,-1,-1,-1,-1,-1,-1
10835,-1,-1,-1,-1,-1,-1,-1,-1
10836,-1,-1,-1,-1,-1,-1,-1,-1
10837,-1,-1,-1,-1,-1,-1,-1,-1
10838,-1,-1,-1,-1,-1,-1,-1,-1
10839,-1,-1,-1,-1,-1,-1,-1,-1
10840,-1,-1,-1,-1,-1,-1,-1,-1
10841,-1,-1,-1,-1,-1,-1,-1,-1
10842,-1,-1,-1,-1,-1,-1,-1,-1
10843,-1,-1,-1,-1,-1,-1,-1,-1
10844,-1,-1,-1,-1,-1,-1,-1,-1
10845,-1,-1,-1,-1,-1,-1,-1,-1
10846,-1,-1,-1,-1,-1,-1,-1,-1
10847,10011583,10011871,10012159,10012447,10012735,10013023,10013311,10013599
10848,10011582,10011870,10012158,10012446,10012734,10013022,10013310,10013598
10849,10011581,10011869,10012157,10012445,10012733,10013021,10013309,10013597
10850,10011580,10011868,10012156,10012444,10012732,10013020,10013308,10013596
10851,10011579,10011867,10012155,10012443,10012731,10013019,10013307,10013595
10852,10011578,10011866,10012154,10012442,10012730,10013018,10013306,10013594
10853,10011577,10011865,10012153,10012441,10012729,10013017,10013305,10013593
10854,10011576,10011864,10012152,10012440,10012728,10013016,10013304,10013592
10855,-1,-1,-1,-1,-1,-1,-1,-1
10856,-1,-1,-1,-1,-1,-1,-1,-1
10857,-1,-1,-1,-1,-1,-1,-1,-1
10858,-1,-1,-1,-1,-1,-1,-1,-1
10859,-1,-1,-1,-1,-1,-1,-1,-1
10860,-1,-1,-1,-1,-1,-1,-1,-1
10861,-1,-1,-1,-1,-1,-1,-1,-1
10862,-1,-1,-1,-1,-1,-1,-1,-1
10863,-1,-1,-1,-1,-1,-1,-1,-1
10864,-1,-1,-1,-1,-1,-1,-1,-1
10865,-1,-1,-1,-1,-1,-1,-1,-1
10866,-1,-1,-1,-1,-1,-1,-1,-1
10867,-1,-1,-1,-1,-1,-1,-1,-1
10868,-1,-1,-1,-1,-1,-1,-1,-1
10869,-1,-1,-1,-1,-1,-1,-1,-1
10870,-1,-1,-1,-1,-1,-1,-1,-1
10871,-1,-1,-1,-1,-1,-1,-1,-1
10872,-1,-1,-1,-1,-1,-1,-1,-1
10873,-1,-1,-1,-1,-1,-1,-1,-1
10874,-1,-1,-1,-1,-1,-1,-1,-1
10875,-1,-1,-1,-1,-1,-1,-1,-1
10876,-1,-1,-1,-1,-1,-1,-1,-1
10877,-1,-1,-1,-1,-1,-1,-1,-1
10878,-1,-1,-1,-1,-1,-1,-1,-1
10879,-1,-1,-1,-1,-1,-1,-1,-1
10880,-1,-1,-1,-1,-1,-1,-1,-1
10881,-1,-1,-1,-1,-1,-1,-1,-1
10882,-1,-1,-1,-1,-1,-1,-1,-1
10883,-1,-1,-1,-1,-1,-1,-1,-1
10884,-1,-1,-1,-1,-1,-1,-1,-1
10885,-1,-1,-1,-1,-1,-1,-1,-1
10886,-1,-1,-1,-1,-1,-1,-1,-1
10887,-1,-1,-1,-1,-1,-1,-1,-1
10888,-1,-1,-1,-1,-1,-1,-1,-1
10889,-1,-1,-1,-1,-1,-1,-1,-1
10890,-1,-1,-1,-1,-1,-1,-1,-1
10891,-1,-1,-1,-1,-1,-1,-1,-1
10892,-1,-1,-1,-1,-1,-1,-1,-1
10893,-1,-1,-1,-1,-1,-1,-1,-1
10894,-1,-1,-1,-1,-1,-1,-1,-1
10895,-1,-1,-1,-1,-1,-1,-1,-1
10896,-1,-1,-1,-1,-1,-1,-1,-1
10897,-1,-1,-1,-1,-1,-1,-1,-1
10898,-1,-1,-1,-1,-1,-1,-1,-1
10899,-1,-1,-1,-1,-1,-1,-1,-1
10900,-1,-1,-1,-1,-1,-1,-1,-1
10901,-1,-1,-1,-1,-1,-1,-1,-1
10902,-1,-1,-1,-1,-1,-1,-1,-1
10903,-1,-1,-1,-1,-1,-1,-1,-1
10904,-1,-1,-1,-1,-1,-1,-1,-1
10905,10011591,10011879,10012167,10012455,10012743,10013031,10013319,10013607
10906,10011590,10011878,10012166,10012454,10012742,10013030,10013318,10013606
10907,10011589,10011877,10012165,10012453,10012741,10013029,10013317,10013605
10908,10011588,10011876,10012164,10012452,10012740,10013028,10013316,10013604
10909,10011587,10011875,10012163,10012451,10012739,10013027,10013315,10013603
10910,10011586,10011874,10012162,10012450,10012738,10013026,10013314,10013602
10911,10011585,10011873,10012161,10012449,10012737,10013025,10013313,10013601
10912,10011584,10011872,10012160,10012448,10012736,10013024,10013312,10013600
10913,-1,-1,-1,-1,-1,-1,-1,-1
10914,-1,-1,-1,-1,-1,-1,-1,-1
10915,-1,-1,-1,-1,-1,-1,-1,-1
10916,-1,-1,-1,-1,-1,-1,-1,-1
10917,-1,-1,-1,-1,-1,-1,-1,-1
10918,-1,-1,-1,-1,-1,-1,-1,-1
10919,-1,-1,-1,-1,-1,-1,-1,-1
10920,-1,-1,-1,-1,-1,-1,-1,-1
10921,-1,-1,-1,-1,-1,-1,-1,-1
10922,-1,-1,-1,-1,-1,-1,-1,-1
10923,-1,-1,-1,-1,-1,-1,-1,-1
10924,-1,-1,-1,-1,-1,-1,-1,-1
10925,-1,-1,-1,-1,-1,-1,-1,-1
10926,-1,-1,-1,-1,-1,-1,-1,-1
10927,-1,-1,-1,-1,-1,-1,-1,-1
10928,-1,-1,-1,-1,-1,-1,-1,-1
10929,-1,-1,-1,-1,-1,-1,-1,-1
10930,-1,-1,-1,-1,-1,-1,-1,-1
10931,-1,-1,-1,-1,-1,-1,-1,-1
10932,-1,-1,-1,-1,-1,-1,-1,-1
10933,-1,-1,-1,-1,-1,-1,-1,-1
10934,-1,-1,-1,-1,-1,-1,-1,-1
10935,-1,-1,-1,-1,-1,-1,-1,-1
10936,-1,-1,-1,-1,-1,-1,-1,-1
10937,-1,-1,-1,-1,-1,-1,-1,-1
10938,-1,-1,-1,-1,-1,-1,-1,-1
10939,-1,-1,-1,-1,-1,-1,-1,-1
10940,-1,-1,-1,-1,-1,-1,-1,-1
10941,-1,-1,-1,-1,-1,-1,-1,-1
10942,-1,-1,-1,-1,-1,-1,-1,-1
10943,-1,-1,-1,-1,-1,-1,-1,-1
10944,-1,-1,-1,-1,-1,-1,-1,-1
10945,-1,-1,-1,-1,-1,-1,-1,-1
10946,-1,-1,-1,-1,-1,-1,-1,-1
10947,-1,-1,-1,-1,-1,-1,-1,-1
10948,-1,-1,-1,-1,-1,-1,-1,-1
10949,-1,-1,-1,-1,-1,-1,-1,-1
10950,-1,-1,-1,-1,-1,-1,-1,-1
10951,-1,-1,-1,-1,-1,-1,-1,-1
10952,-1,-1,-1,-1,-1,-1,-1,-1
10953,-1,-1,-1,-1,-1,-1,-1,-1
10954,-1,-1,-1,-1,-1,-1,-1,-1
10955,-1,-1,-1,-1,-1,-1,-1,-1
10956,-1,-1,-1,-1,-1,-1,-1,-1
10957,-1,-1,-1,-1,-1,-1,-1,-1
10958,-1,-1,-1,-1,-1,-1,-1,-1
10959,-1,-1,-1,-1,-1,-1,-1,-1
10960,-1,-1,-1,-1,-1,-1,-1,-1
10961,-1,-1,-1,-1,-1,-1,-1,-1
10962,-1,-1,-1,-1,-1,-1,-1,-1
10963,10011599,10011887,10012175,10012463,10012751,10013039,10013327,10013615
10964,10011598,10011886,10012174,10012462,10012750,10013038,10013326,10013614
10965,10011597,10011885,10012173,10012461,10012749,10013037,10013325,10013613
10966,10011596,10011884,10012172,10012460,10012748,10013036,10013324,10013612
10967,10011595,10011883,10012171,10012459,10012747,10013035,10013323,10013611
10968,10011594,10011882,10012170,10012458,10012746,10013034,10013322,10013610
10969,10011593,10011881,10012169,10012457,10012745,10013033,10013321,10013609
10970,10011592,10011880,10012168,10012456,10012744,10013032,10013320,10013608
10971,-1,-1,-1,-1,-1,-1,-1,-1
10972,-1,-1,-1,-1,-1,-1,-1,-1
10973,-1,-1,-1,-1,-1,-1,-1,-1
10974,-1,-1,-1,-1,-1,-1,-1,-1
10975,-1,-1,-1,-1,-1,-1,-1,-1
10976,-1,-1,-1,-1,-1,-1,-1,-1
10977,-1,-1,-1,-1,-1,-1,-1,-1
10978,-1,-1,-1,-1,-1,-1,-1,-1
10979,-1,-1,-1,-1,-1,-1,-1,-1
10980,-1,-1,-1,-1,-1,-1,-1,-1
10981,-1,-1,-1,-1,-1,-1,-1,-1
10982,-1,-1,-1,-1,-1,-1,-1,-1
10983,-1,-1,-1,-1,-1,-1,-1,-1
10984,-1,-1,-1,-1,-1,-1,-1,-1
10985,-1,-1,-1,-1,-1,-1,-1,-1
10986,-1,-1,-1,-1,-1,-1,-1,-1
10987,-1,-1,-1,-1,-1,-1,-1,-1
10988,-1,-1,-1,-1,-1,-1,-1,-1
10989,-1,-1,-1,-1,-1,-1,-1,-1
10990,-1,-1,-1,-1,-1,-1,-1,-1
10991,-1,-1,-1,-1,-1,-1,-1,-1
10992,-1,-1,-1,-1,-1,-1,-1,-1
10993,-1,-1,-1,-1,-1,-1,-1,-1
10994,-1,-1,-1,-1,-1,-1,-1,-1
10995,-1,-1,-1,-1,-1,-1,-1,-1
10996,-1,-1,-1,-1,-1,-1,-1,-1
10997,-1,-1,-1,-1,-1,-1,-1,-1
10998,-1,-1,-1,-1,-1,-1,-1,-1
10999,-1,-1,-1,-1,-1,-1,-1,-1
11000,-1,-1,-1,-1,-1,-1,-1,-1
11001,-1,-1,-1,-1,-1,-1,-1,-1
11002,-1,-1,-1,-1,-1,-1,-1,-1
11003,-1,-1,-1,-1,-1,-1,-1,-1
11004,-1,-1,-1,-1,-1,-1,-1,-1
11005,-1,-1,-1,-1,-1,-1,-1,-1
11006,-1,-1,-1,-1,-1,-1,-1,-1
11007,-1,-1,-1,-1,-1,-1,-1,-1
11008,-1,-1,-1,-1,-1,-1,-1,-1
11009,-1,-1,-1,-1,-1,-1,-1,-1
11010,-1,-1,-1,-1,-1,-1,-1,-1
11011,-1,-1,-1,-1,-1,-1,-1,-1
11012,-1,-1,-1,-1,-1,-1,-1,-1
11013,-1,-1,-1,-1,-1,-1,-1,-1
11014,-1,-1,-1,-1,-1,-1,-1,-1
11015,-1,-1,-1,-1,-1,-1,-1,-1
11016,-1,-1,-1,-1,-1,-1,-1,-1
11017,-1,-1,-1,-1,-1,-1,-1,-1
11018,-1,-1,-1,-1,-1,-1,-1,-1
11019,-1,-1,-1,-1,-1,-1,-1,-1
11020,-1,-1,-1,-1,-1,-1,-1,-1
11021,10011607,10011895,10012183,10012471,10012759,10013047,10013335,10013623
11022,10011606,10011894,10012182,10012470,10012758,10013046,10013334,10013622
11023,10011605,10011893,10012181,10012469,10012757,10013045,10013333,10013621
11024,10011604,10011892,10012180,10012468,10012756,10013044,10013332,10013620
11025,10011603,10011891,10012179,10012467,10012755,10013043,10013331,10013619
11026,10011602,10011890,10012178,10012466,10012754,10013042,10013330,10013618
11027,10011601,10011889,10012177,10012465,10012753,10013041,10013329,10013617
11028,10011600,10011888,10012176,10012464,10012752,10013040,10013328,10013616
11029,-1,-1,-1,-1,-1,-1,-1,-1
11030,-1,-1,-1,-1,-1,-1,-1,-1
11031,-1,-1,-1,-1,-1,-1,-1,-1
11032,-1,-1,-1,-1,-1,-1,-1,-1
11033,-1,-1,-1,-1,-1,-1,-1,-1
11034,-1,-1,-1,-1,-1,-1,-1,-1
11035,-1,-1,-1,-1,-1,-1,-1,-1
11036,-1,-1,-1,-1,-1,-1,-1,-1
11037,-1,-1,-1,-1,-1,-1,-1,-1
11038,-1,-1,-1,-1,-1,-1,-1,-1
11039,-1,-1,-1,-1,-1,-1,-1,-1
11040,-1,-1,-1,-1,-1,-1,-1,-1
11041,-1,-1,-1,-1,-1,-1,-1,-1
11042,-1,-1,-1,-1,-1,-1,-1,-1
11043,-1,-1,-1,-1,-1,-1,-1,-1
11044,-1,-1,-1,-1,-1,-1,-1,-1
11045,-1,-1,-1,-1,-1,-1,-1,-1
11046,-1,-1,-1,-1,-1,-1,-1,-1
11047,-1,-1,-1,-1,-1,-1,-1,-1
11048,-1,-1,-1,-1,-1,-1,-1,-1
11049,-1,-1,-1,-1,-1,-1,-1,-1
11050,-1,-1,-1,-1,-1,-1,-1,-1
11051,-1,-1,-1,-1,-1,-1,-1,-1
11052,-1,-1,-1,-1,-1,-1,-1,-1
11053,-1,-1,-1,-1,-1,-1,-1,-1
11054,-1,-1,-1,-1,-1,-1,-1,-1
11055,-1,-1,-1,-1,-1,-1,-1,-1
11056,-1,-1,-1,-1,-1,-1,-1,-1
11057,-1,-1,-1,-1,-1,-1,-1,-1
11058,-1,-1,-1,-1,-1,-1,-1,-1
11059,-1,-1,-1,-1,-1,-1,-1,-1
11060,-1,-1,-1,-1,-1,-1,-1,-1
11061,-1,-1,-1,-1,-1,-1,-1,-1
11062,-1,-1,-1,-1,-1,-1,-1,-1
11063,-1,-1,-1,-1,-1,-1,-1,-1
11064,-1,-1,-1,-1,-1,-1,-1,-1
11065,-1,-1,-1,-1,-1,-1,-1,-1
11066,-1,-1,-1,-1,-1,-1,-1,-1
11067,-1,-1,-1,-1,-1,-1,-1,-1
11068,-1,-1,-1,-1,-1,-1,-1,-1
11069,-1,-1,-1,-1,-1,-1,-1,-1
11070,-1,-1,-1,-1,-1,-1,-1,-1
11071,-1,-1,-1,-1,-1,-1,-1,-1
11072,-1,-1,-1,-1,-1,-1,-1,-1
11073,-1,-1,-1,-1,-1,-1,-1,-1
11074,-1,-1,-1,-1,-1,-1,-1,-1
11075,-1,-1,-1,-1,-1,-1,-1,-1
11076,-1,-1,-1,-1,-1,-1,-1,-1
11077,-1,-1,-1,-1,-1,-1,-1,-1
11078,-1,-1,-1,-1,-1,-1,-1,-1
11079,10011615,10011903,10012191,10012479,10012767,10013055,10013343,10013631
11080,10011614,10011902,10012190,10012478,10012766,10013054,10013342,10013630
11081,10011613,10011901,10012189,10012477,10012765,10013053,10013341,10013629
11082,10011612,10011900,10012188,10012476,10012764,10013052,10013340,10013628
11083,10011611,10011899,10012187,10012475,10012763,10013051,10013339,10013627
11084,10011610,10011898,10012186,10012474,10012762,10013050,10013338,10013626
11085,10011609,10011897,10012185,10012473,10012761,10013049,10013337,10013625
11086,10011608,10011896,10012184,10012472,10012760,10013048,10013336,10013624
11087,-1,-1,-1,-1,-1,-1,-1,-1
11088,-1,-1,-1,-1,-1,-1,-1,-1
11089,-1,-1,-1,-1,-1,-1,-1,-1
11090,-1,-1,-1,-1,-1,-1,-1,-1
11091,-1,-1,-1,-1,-1,-1,-1,-1
11092,-1,-1,-1,-1,-1,-1,-1,-1
11093,-1,-1,-1,-1,-1,-1,-1,-1
11094,-1,-1,-1,-1,-1,-1,-1,-1
11095,-1,-1,-1,-1,-1,-1,-1,-1
11096,-1,-1,-1,-1,-1,-1,-1,-1
11097,-1,-1,-1,-1,-1,-1,-1,-1
11098,-1,-1,-1,-1,-1,-1,-1,-1
11099,-1,-1,-1,-1,-1,-1,-1,-1
11100,-1,-1,-1,-1,-1,-1,-1,-1
11101,-1,-1,-1,-1,-1,-1,-1,-1
11102,-1,-1,-1,-1,-1,-1,-1,-1
11103,-1,-1,-1,-1,-1,-1,-1,-1
11104,-1,-1,-1,-1,-1,-1,-1,-1
11105,-1,-1,-1,-1,-1,-1,-1,-1
11106,-1,-1,-1,-1,-1,-1,-1,-1
11107,-1,-1,-1,-1,-1,-1,-1,-1
11108,-1,-1,-1,-1,-1,-1,-1,-1
11109,-1,-1,-1,-1,-1,-1,-1,-1
11110,-1,-1,-1,-1,-1,-1,-1,-1
11111,-1,-1,-1,-1,-1,-1,-1,-1
11112,-1,-1,-1,-1,-1,-1,-1,-1
11113,-1,-1,-1,-1,-1,-1,-1,-1
11114,-1,-1,-1,-1,-1,-1,-1,-1
11115,-1,-1,-1,-1,-1,-1,-1,-1
11116,-1,-1,-1,-1,-1,-1,-1,-1
11117,-1,-1,-1,-1,-1,-1,-1,-1
11118,-1,-1,-1,-1,-1,-1,-1,-1
11119,-1,-1,-1,-1,-1,-1,-1,-1
11120,-1,-1,-1,-1,-1,-1,-1,-1
11121,-1,-1,-1,-1,-1,-1,-1,-1
11122,-1,-1,-1,-1,-1,-1,-1,-1
11123,-1,-1,-1,-1,-1,-1,-1,-1
11124,-1,-1,-1,-1,-1,-1,-1,-1
11125,-1,-1,-1,-1,-1,-1,-1,-1
11126,-1,-1,-1,-1,-1,-1,-1,-1
11127,-1,-1,-1,-1,-1,-1,-1,-1
11128,-1,-1,-1,-1,-1,-1,-1,-1
11129,-1,-1,-1,-1,-1,-1,-1,-1
11130,-1,-1,-1,-1,-1,-1,-1,-1
11131,-1,-1,-1,-1,-1,-1,-1,-1
11132,-1,-1,-1,-1,-1,-1,-1,-1
11133,-1,-1,-1,-1,-1,-1,-1,-1
11134,-1,-1,-1,-1,-1,-1,-1,-1
11135,-1,-1,-1,-1,-1,-1,-1,-1
11136,-1,-1,-1,-1,-1,-1,-1,-1
11137,10011623,10011911,10012199,10012487,10012775,10013063,10013351,10013639
11138,10011622,10011910,10012198,10012486,10012774,10013062,10013350,10013638
11139,10011621,10011909,10012197,10012485,10012773,10013061,10013349,10013637
11140,10011620,10011908,10012196,10012484,10012772,10013060,10013348,10013636
11141,10011619,10011907,10012195,10012483,10012771,10013059,10013347,10013635
11142,10011618,10011906,10012194,10012482,10012770,10013058,10013346,10013634
11143,10011617,10011905,10012193,10012481,10012769,10013057,10013345,10013633
11144,10011616,10011904,10012192,10012480,10012768,10013056,10013344,10013632
11145,-1,-1,-1,-1,-1,-1,-1,-1
11146,-1,-1,-1,-1,-1,-1,-1,-1
11147,-1,-1,-1,-1,-1,-1,-1,-1
11148,-1,-1,-1,-1,-1,-1,-1,-1
11149,-1,-1,-1,-1,-1,-1,-1,-1
11150,-1,-1,-1,-1,-1,-1,-1,-1
11151,-1,-1,-1,-1,-1,-1,-1,-1
11152,-1,-1,-1,-1,-1,-1,-1,-1
11153,-1,-1,-1,-1,-1,-1,-1,-1
11154,-1,-1,-1,-1,-1,-1,-1,-1
11155,-1,-1,-1,-1,-1,-1,-1,-1
11156,-1,-1,-1,-1,-1,-1,-1,-1
11157,-1,-1,-1,-1,-1,-1,-1,-1
11158,-1,-1,-1,-1,-1,-1,-1,-1
11159,-1,-1,-1,-1,-1,-1,-1,-1
11160,-1,-1,-1,-1,-1,-1,-1,-1
11161,-1,-1,-1,-1,-1,-1,-1,-1
11162,-1,-1,-1,-1,-1,-1,-1,-1
11163,-1,-1,-1,-1,-1,-1,-1,-1
11164,-1,-1,-1,-1,-1,-1,-1,-1
11165,-1,-1,-1,-1,-1,-1,-1,-1
11166,-1,-1,-1,-1,-1,-1,-1,-1
11167,-1,-1,-1,-1,-1,-1,-1,-1
11168,-1,-1,-1,-1,-1,-1,-1,-1
11169,-1,-1,-1,-1,-1,-1,-1,-1
11170,-1,-1,-1,-1,-1,-1,-1,-1
11171,-1,-1,-1,-1,-1,-1,-1,-1
11172,-1,-1,-1,-1,-1,-1,-1,-1
11173,-1,-1,-1,-1,-1,-1,-1,-1
11174,-1,-1,-1,-1,-1,-1,-1,-1
11175,-1,-1,-1,-1,-1,-1,-1,-1
11176,-1,-1,-1,-1,-1,-1,-1,-1
11177,-1,-1,-1,-1,-1,-1,-1,-1
11178,-1,-1,-1,-1,-1,-1,-1,-1
11179,-1,-1,-1,-1,-1,-1,-1,-1
11180,-1,-1,-1,-1,-1,-1,-1,-1
11181,-1,-1,-1,-1,-1,-1,-1,-1
11182,-1,-1,-1,-1,-1,-1,-1,-1
11183,-1,-1,-1,-1,-1,-1,-1,-1
11184,-1,-1,-1,-1,-1,-1,-1,-1
11185,-1,-1,-1,-1,-1,-1,-1,-1
11186,-1,-1,-1,-1,-1,-1,-1,-1
11187,-1,-1,-1,-1,-1,-1,-1,-1
11188,-1,-1,-1,-1,-1,-1,-1,-1
11189,-1,-1,-1,-1,-1,-1,-1,-1
11190,-1,-1,-1,-1,-1,-1,-1,-1
11191,-1,-1,-1,-1,-1,-1,-1,-1
11192,-1,-1,-1,-1,-1,-1,-1,-1
11193,-1,-1,-1,-1,-1,-1,-1,-1
11194,-1,-1,-1,-1,-1,-1,-1,-1
11195,10011631,10011919,10012207,10012495,10012783,10013071,10013359,10013647
11196,10011630,10011918,10012206,10012494,10012782,10013070,10013358,10013646
11197,10011629,10011917,10012205,10012493,10012781,10013069,10013357,10013645
11198,10011628,10011916,10012204,10012492,10012780,10013068,10013356,10013644
11199,10011627,10011915,10012203,10012491,10012779,10013067,10013355,10013643
11200,10011626,10011914,10012202,10012490,10012778,10013066,10013354,10013642
11201,10011625,10011913,10012201,10012489,10012777,10013065,10013353,10013641
11202,10011624,10011912,10012200,10012488,10012776,10013064,10013352,10013640
11203,-1,-1,-1,-1,-1,-1,-1,-1
11204,-1,-1,-1,-1,-1,-1,-1,-1
11205,-1,-1,-1,-1,-1,-1,-1,-1
11206,-1,-1,-1,-1,-1,-1,-1,-1
11207,-1,-1,-1,-1,-1,-1,-1,-1
11208,-1,-1,-1,-1,-1,-1,-1,-1
11209,-1,-1,-1,-1,-1,-1,-1,-1
11210,-1,-1,-1,-1,-1,-1,-1,-1
11211,-1,-1,-1,-1,-1,-1,-1,-1
11212,-1,-1,-1,-1,-1,-1,-1,-1
11213,-1,-1,-1,-1,-1,-1,-1,-1
11214,-1,-1,-1,-1,-1,-1,-1,-1
11215,-1,-1,-1,-1,-1,-1,-1,-1
11216,-1,-1,-1,-1,-1,-1,-1,-1
11217,-1,-1,-1,-1,-1,-1,-1,-1
11218,-1,-1,-1,-1,-1,-1,-1,-1
11219,-1,-1,-1,-1,-1,-1,-1,-1
11220,-1,-1,-1,-1,-1,-1,-1,-1
11221,-1,-1,-1,-1,-1,-1,-1,-1
11222,-1,-1,-1,-1,-1,-1,-1,-1
11223,-1,-1,-1,-1,-1,-1,-1,-1
11224,-1,-1,-1,-1,-1,-1,-1,-1
11225,-1,-1,-1,-1,-1,-1,-1,-1
11226,-1,-1,-1,-1,-1,-1,-1,-1
11227,-1,-1,-1,-1,-1,-1,-1,-1
11228,-1,-1,-1,-1,-1,-1,-1,-1
11229,-1,-1,-1,-1,-1,-1,-1,-1
11230,-1,-1,-1,-1,-1,-1,-1,-1
11231,-1,-1,-1,-1,-1,-1,-1,-1
11232,-1,-1,-1,-1,-1,-1,-1,-1
11233,-1,-1,-1,-1,-1,-1,-1,-1
11234,-1,-1,-1,-1,-1,-1,-1,-1
11235,-1,-1,-1,-1,-1,-1,-1,-1
11236,-1,-1,-1,-1,-1,-1,-1,-1
11237,-1,-1,-1,-1,-1,-1,-1,-1
11238,-1,-1,-1,-1,-1,-1,-1,-1
11239,-1,-1,-1,-1,-1,-1,-1,-1
11240,-1,-1,-1,-1,-1,-1,-1,-1
11241,-1,-1,-1,-1,-1,-1,-1,-1
11242,-1,-1,-1,-1,-1,-1,-1,-1
11243,-1,-1,-1,-1,-1,-1,-1,-1
11244,-1,-1,-1,-1,-1,-1,-1,-1
11245,-1,-1,-1,-1,-1,-1,-1,-1
11246,-1,-1,-1,-1,-1,-1,-1,-1
11247,-1,-1,-1,-1,-1,-1,-1,-1
11248,-1,-1,-1,-1,-1,-1,-1,-1
11249,-1,-1,-1,-1,-1,-1,-1,-1
11250,-1,-1,-1,-1,-1,-1,-1,-1
11251,-1,-1,-1,-1,-1,-1,-1,-1
11252,-1,-1,-1,-1,-1,-1,-1,-1
11253,10011639,10011927,10012215,10012503,10012791,10013079,10013367,10013655
11254,10011638,10011926,10012214,10012502,10012790,10013078,10013366,10013654
11255,10011637,10011925,10012213,10012501,10012789,10013077,10013365,10013653
11256,10011636,10011924,10012212,10012500,10012788,10013076,10013364,10013652
11257,10011635,10011923,10012211,10012499,10012787,10013075,10013363,10013651
11258,10011634,10011922,10012210,10012498,10012786,10013074,10013362,10013650
11259,10011633,10011921,10012209,10012497,10012785,10013073,10013361,10013649
11260,10011632,10011920,10012208,10012496,10012784,10013072,10013360,10013648
11261,-1,-1,-1,-1,-1,-1,-1,-1
11262,-1,-1,-1,-1,-1,-1,-1,-1
11263,-1,-1,-1,-1,-1,-1,-1,-1
11264,-1,-1,-1,-1,-1,-1,-1,-1
11265,-1,-1,-1,-1,-1,-1,-1,-1
11266,-1,-1,-1,-1,-1,-1,-1,-1
11267,-1,-1,-1,-1,-1,-1,-1,-1
11268,-1,-1,-1,-1,-1,-1,-1,-1
11269,-1,-1,-1,-1,-1,-1,-1,-1
11270,-1,-1,-1,-1,-1,-1,-1,-1
11271,-1,-1,-1,-1,-1,-1,-1,-1
11272,-1,-1,-1,-1,-1,-1,-1,-1
11273,-1,-1,-1,-1,-1,-1,-1,-1
11274,-1,-1,-1,-1,-1,-1,-1,-1
11275,-1,-1,-1,-1,-1,-1,-1,-1
11276,-1,-1,-1,-1,-1,-1,-1,-1
11277,-1,-1,-1,-1,-1,-1,-1,-1
11278,-1,-1,-1,-1,-1,-1,-1,-1
11279,-1,-1,-1,-1,-1,-1,-1,-1
11280,-1,-1,-1,-1,-1,-1,-1,-1
11281,-1,-1,-1,-1,-1,-1,-1,-1
11282,-1,-1,-1,-1,-1,-1,-1,-1
11283,-1,-1,-1,-1,-1,-1,-1,-1
11284,-1,-1,-1,-1,-1,-1,-1,-1
11285,-1,-1,-1,-1,-1,-1,-1,-1
11286,-1,-1,-1,-1,-1,-1,-1,-1
11287,-1,-1,-1,-1,-1,-1,-1,-1
11288,-1,-1,-1,-1,-1,-1,-1,-1
11289,-1,-1,-1,-1,-1,-1,-1,-1
11290,-1,-1,-1,-1,-1,-1,-1,-1
11291,-1,-1,-1,-1,-1,-1,-1,-1
11292,-1,-1,-1,-1,-1,-1,-1,-1
11293,-1,-1,-1,-1,-1,-1,-1,-1
11294,-1,-1,-1,-1,-1,-1,-1,-1
11295,-1,-1,-1,-1,-1,-1,-1,-1
11296,-1,-1,-1,-1,-1,-1,-1,-1
11297,-1,-1,-1,-1,-1,-1,-1,-1
11298,-1,-1,-1,-1,-1,-1,-1,-1
11299,-1,-1,-1,-1,-1,-1,-1,-1
11300,-1,-1,-1,-1,-1,-1,-1,-1
11301,-1,-1,-1,-1,-1,-1,-1,-1
11302,-1,-1,-1,-1,-1,-1,-1,-1
11303,-1,-1,-1,-1,-1,-1,-1,-1
11304,-1,-1,-1,-1,-1,-1,-1,-1
11305,-1,-1,-1,-1,-1,-1,-1,-1
11306,-1,-1,-1,-1,-1,-1,-1,-1
11307,-1,-1,-1,-1,-1,-1,-1,-1
11308,-1,-1,-1,-1,-1,-1,-1,-1
11309,-1,-1,-1,-1,-1,-1,-1,-1
11310,-1,-1,-1,-1,-1,-1,-1,-1
11311,10011647,10011935,10012223,10012511,10012799,10013087,10013375,10013663
11312,10011646,10011934,10012222,10012510,10012798,10013086,10013374,10013662
11313,10011645,10011933,10012221,10012509,10012797,10013085,10013373,10013661
11314,10011644,10011932,10012220,10012508,10012796,10013084,10013372,10013660
11315,10011643,10011931,10012219,10012507,10012795,10013083,10013371,10013659
11316,10011642,10011930,10012218,10012506,10012794,10013082,10013370,10013658
11317,10011641,10011929,10012217,10012505,10012793,10013081,10013369,10013657
11318,10011640,10011928,10012216,10012504,10012792,10013080,10013368,10013656
11319,-1,-1,-1,-1,-1,-1,-1,-1
11320,-1,-1,-1,-1,-1,-1,-1,-1
11321,-1,-1,-1,-1,-1,-1,-1,-1
11322,-1,-1,-1,-1,-1,-1,-1,-1
11323,-1,-1,-1,-1,-1,-1,-1,-1
11324,-1,-1,-1,-1,-1,-1,-1,-1
11325,-1,-1,-1,-1,-1,-1,-1,-1
11326,-1,-1,-1,-1,-1,-1,-1,-1
11327,-1,-1,-1,-1,-1,-1,-1,-1
11328,-1,-1,-1,-1,-1,-1,-1,-1
11329,-1,-1,-1,-1,-1,-1,-1,-1
11330,-1,-1,-1,-1,-1,-1,-1,-1
11331,-1,-1,-1,-1,-1,-1,-1,-1
11332,-1,-1,-1,-1,-1,-1,-1,-1
11333,-1,-1,-1,-1,-1,-1,-1,-1
11334,-1,-1,-1,-1,-1,-1,-1,-1
11335,-1,-1,-1,-1,-1,-1,-1,-1
11336,-1,-1,-1,-1,-1,-1,-1,-1
11337,-1,-1,-1,-1,-1,-1,-1,-1
11338,-1,-1,-1,-1,-1,-1,-1,-1
11339,-1,-1,-1,-1,-1,-1,-1,-1
11340,-1,-1,-1,-1,-1,-1,-1,-1
11341,-1,-1,-1,-1,-1,-1,-1,-1
11342,-1,-1,-1,-1,-1,-1,-1,-1
11343,-1,-1,-1,-1,-1,-1,-1,-1
11344,-1,-1,-1,-1,-1,-1,-1,-1
11345,-1,-1,-1,-1,-1,-1,-1,-1
11346,-1,-1,-1,-1,-1,-1,-1,-1
11347,-1,-1,-1,-1,-1,-1,-1,-1
11348,-1,-1,-1,-1,-1,-1,-1,-1
11349,-1,-1,-1,-1,-1,-1,-1,-1
11350,-1,-1,-1,-1,-1,-1,-1,-1
11351,-1,-1,-1,-1,-1,-1,-1,-1
11352,-1,-1,-1,-1,-1,-1,-1,-1
11353,-1,-1,-1,-1,-1,-1,-1,-1
11354,-1,-1,-1,-1,-1,-1,-1,-1
11355,-1,-1,-1,-1,-1,-1,-1,-1
11356,-1,-1,-1,-1,-1,-1,-1,-1
11357,-1,-1,-1,-1,-1,-1,-1,-1
11358,-1,-1,-1,-1,-1,-1,-1,-1
11359,-1,-1,-1,-1,-1,-1,-1,-1
11360,-1,-1,-1,-1,-1,-1,-1,-1
11361,-1,-1,-1,-1,-1,-1,-1,-1
11362,-1,-1,-1,-1,-1,-1,-1,-1
11363,-1,-1,-1,-1,-1,-1,-1,-1
11364,-1,-1,-1,-1,-1,-1,-1,-1
11365,-1,-1,-1,-1,-1,-1,-1,-1
11366,-1,-1,-1,-1,-1,-1,-1,-1
11367,-1,-1,-1,-1,-1,-1,-1,-1
11368,-1,-1,-1,-1,-1,-1,-1,-1
11369,10011655,10011943,10012231,10012519,10012807,10013095,10013383,10013671
11370,10011654,10011942,10012230,10012518,10012806,10013094,10013382,10013670
11371,10011653,10011941,10012229,10012517,10012805,10013093,10013381,10013669
11372,10011652,10011940,10012228,10012516,10012804,10013092,10013380,10013668
11373,10011651,10011939,10012227,10012515,10012803,10013091,10013379,10013667
11374,10011650,10011938,10012226,10012514,10012802,10013090,10013378,10013666
11375,10011649,10011937,10012225,10012513,10012801,10013089,10013377,10013665
11376,10011648,10011936,10012224,10012512,10012800,10013088,10013376,10013664
11377,-1,-1,-1,-1,-1,-1,-1,-1
11378,-1,-1,-1,-1,-1,-1,-1,-1
11379,-1,-1,-1,-1,-1,-1,-1,-1
11380,-1,-1,-1,-1,-1,-1,-1,-1
11381,-1,-1,-1,-1,-1,-1,-1,-1
11382,-1,-1,-1,-1,-1,-1,-1,-1
11383,-1,-1,-1,-1,-1,-1,-1,-1
11384,-1,-1,-1,-1,-1,-1,-1,-1
11385,-1,-1,-1,-1,-1,-1,-1,-1
11386,-1,-1,-1,-1,-1,-1,-1,-1
11387,-1,-1,-1,-1,-1,-1,-1,-1
11388,-1,-1,-1,-1,-1,-1,-1,-1
11389,-1,-1,-1,-1,-1,-1,-1,-1
11390,-1,-1,-1,-1,-1,-1,-1,-1
11391,-1,-1,-1,-1,-1,-1,-1,-1
11392,-1,-1,-1,-1,-1,-1,-1,-1
11393,-1,-1,-1,-1,-1,-1,-1,-1
11394,-1,-1,-1,-1,-1,-1,-1,-1
11395,-1,-1,-1,-1,-1,-1,-1,-1
11396,-1,-1,-1,-1,-1,-1,-1,-1
11397,-1,-1,-1,-1,-1,-1,-1,-1
11398,-1,-1,-1,-1,-1,-1,-1,-1
11399,-1,-1,-1,-1,-1,-1,-1,-1
11400,-1,-1,-1,-1,-1,-1,-1,-1
11401,-1,-1,-1,-1,-1,-1,-1,-1
11402,-1,-1,-1,-1,-1,-1,-1,-1
11403,-1,-1,-1,-1,-1,-1,-1,-1
11404,-1,-1,-1,-1,-1,-1,-1,-1
11405,-1,-1,-1,-1,-1,-1,-1,-1
11406,-1,-1,-1,-1,-1,-1,-1,-1
11407,-1,-1,-1,-1,-1,-1,-1,-1
11408,-1,-1,-1,-1,-1,-1,-1,-1
11409,-1,-1,-1,-1,-1,-1,-1,-1
11410,-1,-1,-1,-1,-1,-1,-1,-1
11411,-1,-1,-1,-1,-1,-1,-1,-1
11412,-1,-1,-1,-1,-1,-1,-1,-1
11413,-1,-1,-1,-1,-1,-1,-1,-1
11414,-1,-1,-1,-1,-1,-1,-1,-1
11415,-1,-1,-1,-1,-1,-1,-1,-1
11416,-1,-1,-1,-1,-1,-1,-1,-1
11417,-1,-1,-1,-1,-1,-1,-1,-1
11418,-1,-1,-1,-1,-1,-1,-1,-1
11419,-1,-1,-1,-1,-1,-1,-1,-1
11420,-1,-1,-1,-1,-1,-1,-1,-1
11421,-1,-1,-1,-1,-1,-1,-1,-1
11422,-1,-1,-1,-1,-1,-1,-1,-1
11423,-1,-1,-1,-1,-1,-1,-1,-1
11424,-1,-1,-1,-1,-1,-1,-1,-1
11425,-1,-1,-1,-1,-1,-1,-1,-1
11426,-1,-1,-1,-1,-1,-1,-1,-1
11427,10011663,10011951,10012239,10012527,10012815,10013103,10013391,10013679
11428,10011662,10011950,10012238,10012526,10012814,10013102,10013390,10013678
11429,10011661,10011949,10012237,10012525,10012813,10013101,10013389,10013677
11430,10011660,10011948,10012236,10012524,10012812,10013100,10013388,10013676
11431,10011659,10011947,10012235,10012523,10012811,10013099,10013387,10013675
11432,10011658,10011946,10012234,10012522,10012810,10013098,10013386,10013674
11433,10011657,10011945,10012233,10012521,10012809,10013097,10013385,10013673
11434,10011656,10011944,10012232,10012520,10012808,10013096,10013384,10013672
11435,-1,-1,-1,-1,-1,-1,-1,-1
11436,-1,-1,-1,-1,-1,-1,-1,-1
11437,-1,-1,-1,-1,-1,-1,-1,-1
11438,-1,-1,-1,-1,-1,-1,-1,-1
11439,-1,-1,-1,-1,-1,-1,-1,-1
11440,-1,-1,-1,-1,-1,-1,-1,-1
11441,-1,-1,-1,-1,-1,-1,-1,-1
11442,-1,-1,-1,-1,-1,-1,-1,-1
11443,-1,-1,-1,-1,-1,-1,-1,-1
11444,-1,-1,-1,-1,-1,-1,-1,-1
11445,-1,-1,-1,-1,-1,-1,-1,-1
11446,-1,-1,-1,-1,-1,-1,-1,-1
11447,-1,-1,-1,-1,-1,-1,-1,-1
11448,-1,-1,-1,-1,-1,-1,-1,-1
11449,-1,-1,-1,-1,-1,-1,-1,-1
11450,-1,-1,-1,-1,-1,-1,-1,-1
11451,-1,-1,-1,-1,-1,-1,-1,-1
11452,-1,-1,-1,-1,-1,-1,-1,-1
11453,-1,-1,-1,-1,-1,-1,-1,-1
11454,-1,-1,-1,-1,-1,-1,-1,-1
11455,-1,-1,-1,-1,-1,-1,-1,-1
11456,-1,-1,-1,-1,-1,-1,-1,-1
11457,-1,-1,-1,-1,-1,-1,-1,-1
11458,-1,-1,-1,-1,-1,-1,-1,-1
11459,-1,-1,-1,-1,-1,-1,-1,-1
11460,-1,-1,-1,-1,-1,-1,-1,-1
11461,-1,-1,-1,-1,-1,-1,-1,-1
11462,-1,-1,-1,-1,-1,-1,-1,-1
11463,-1,-1,-1,-1,-1,-1,-1,-1
11464,-1,-1,-1,-1,-1,-1,-1,-1
11465,-1,-1,-1,-1,-1,-1,-1,-1
11466,-1,-1,-1,-1,-1,-1,-1,-1
11467,-1,-1,-1,-1,-1,-1,-1,-1
11468,-1,-1,-1,-1,-1,-1,-1,-1
11469,-1,-1,-1,-1,-1,-1,-1,-1
11470,-1,-1,-1,-1,-1,-1,-1,-1
11471,-1,-1,-1,-1,-1,-1,-1,-1
11472,-1,-1,-1,-1,-1,-1,-1,-1
11473,-1,-1,-1,-1,-1,-1,-1,-1
11474,-1,-1,-1,-1,-1,-1,-1,-1
11475,-1,-1,-1,-1,-1,-1,-1,-1
11476,-1,-1,-1,-1,-1,-1,-1,-1
11477,-1,-1,-1,-1,-1,-1,-1,-1
11478,-1,-1,-1,-1,-1,-1,-1,-1
11479,-1,-1,-1,-1,-1,-1,-1,-1
11480,-1,-1,-1,-1,-1,-1,-1,-1
11481,-1,-1,-1,-1,-1,-1,-1,-1
11482,-1,-1,-1,-1,-1,-1,-1,-1
11483,-1,-1,-1,-1,-1,-1,-1,-1
11484,-1,-1,-1,-1,-1,-1,-1,-1
11485,10011671,10011959,10012247,10012535,10012823,10013111,10013399,10013687
11486,10011670,10011958,10012246,10012534,10012822,10013110,10013398,10013686
11487,10011669,10011957,10012245,10012533,10012821,10013109,10013397,10013685
11488,10011668,10011956,10012244,10012532,10012820,10013108,10013396,10013684
11489,10011667,10011955,10012243,10012531,10012819,10013107,10013395,10013683
11490,10011666,10011954,10012242,10012530,10012818,10013106,10013394,10013682
11491,10011665,10011953,10012241,10012529,10012817,10013105,10013393,10013681
11492,10011664,10011952,10012240,10012528,10012816,10013104,10013392,10013680
11493,-1,-1,-1,-1,-1,-1,-1,-1
11494,-1,-1,-1,-1,-1,-1,-1,-1
11495,-1,-1,-1,-1,-1,-1,-1,-1
11496,-1,-1,-1,-1,-1,-1,-1,-1
11497,-1,-1,-1,-1,-1,-1,-1,-1
11498,-1,-1,-1,-1,-1,-1,-1,-1
11499,-1,-1,-1,-1,-1,-1,-1,-1
11500,-1,-1,-1,-1,-1,-1,-1,-1
11501,-1,-1,-1,-1,-1,-1,-1,-1
11502,-1,-1,-1,-1,-1,-1,-1,-1
11503,-1,-1,-1,-1,-1,-1,-1,-1
11504,-1,-1,-1,-1,-1,-1,-1,-1
11505,-1,-1,-1,-1,-1,-1,-1,-1
11506,-1,-1,-1,-1,-1,-1,-1,-1
11507,-1,-1,-1,-1,-1,-1,-1,-1
11508,-1,-1,-1,-1,-1,-1,-1,-1
11509,-1,-1,-1,-1,-1,-1,-1,-1
11510,-1,-1,-1,-1,-1,-1,-1,-1
11511,-1,-1,-1,-1,-1,-1,-1,-1
11512,-1,-1,-1,-1,-1,-1,-1,-1
11513,-1,-1,-1,-1,-1,-1,-1,-1
11514,-1,-1,-1,-1,-1,-1,-1,-1
11515,-1,-1,-1,-1,-1,-1,-1,-1
11516,-1,-1,-1,-1,-1,-1,-1,-1
11517,-1,-1,-1,-1,-1,-1,-1,-1
11518,-1,-1,-1,-1,-1,-1,-1,-1
11519,-1,-1,-1,-1,-1,-1,-1,-1
11520,-1,-1,-1,-1,-1,-1,-1,-1
11521,-1,-1,-1,-1,-1,-1,-1,-1
11522,-1,-1,-1,-1,-1,-1,-1,-1
11523,-1,-1,-1,-1,-1,-1,-1,-1
11524,-1,-1,-1,-1,-1,-1,-1,-1
11525,-1,-1,-1,-1,-1,-1,-1,-1
11526,-1,-1,-1,-1,-1,-1,-1,-1
11527,-1,-1,-1,-1,-1,-1,-1,-1
11528,-1,-1,-1,-1,-1,-1,-1,-1
11529,-1,-1,-1,-1,-1,-1,-1,-1
11530,-1,-1,-1,-1,-1,-1,-1,-1
11531,-1,-1,-1,-1,-1,-1,-1,-1
11532,-1,-1,-1,-1,-1,-1,-1,-1
11533,-1,-1,-1,-1,-1,-1,-1,-1
11534,-1,-1,-1,-1,-1,-1,-1,-1
11535,-1,-1,-1,-1,-1,-1,-1,-1
11536,-1,-1,-1,-1,-1,-1,-1,-1
11537,-1,-1,-1,-1,-1,-1,-1,-1
11538,-1,-1,-1,-1,-1,-1,-1,-1
11539,-1,-1,-1,-1,-1,-1,-1,-1
11540,-1,-1,-1,-1,-1,-1,-1,-1
11541,-1,-1,-1,-1,-1,-1,-1,-1
11542,-1,-1,-1,-1,-1,-1,-1,-1
11543,10011679,10011967,10012255,10012543,10012831,10013119,10013407,10013695
11544,10011678,10011966,10012254,10012542,10012830,10013118,10013406,10013694
11545,10011677,10011965,10012253,10012541,10012829,10013117,10013405,10013693
11546,10011676,10011964,10012252,10012540,10012828,10013116,10013404,10013692
11547,10011675,10011963,10012251,10012539,10012827,10013115,10013403,10013691
11548,10011674,10011962,10012250,10012538,10012826,10013114,10013402,10013690
11549,10011673,10011961,10012249,10012537,10012825,10013113,10013401,10013689
11550,10011672,10011960,10012248,10012536,10012824,10013112,10013400,10013688
11551,-1,-1,-1,-1,-1,-1,-1,-1
11552,-1,-1,-1,-1,-1,-1,-1,-1
11553,-1,-1,-1,-1,-1,-1,-1,-1
11554,-1,-1,-1,-1,-1,-1,-1,-1
11555,-1,-1,-1,-1,-1,-1,-1,-1
11556,-1,-1,-1,-1,-1,-1,-1,-1
11557,-1,-1,-1,-1,-1,-1,-1,-1
11558,-1,-1,-1,-1,-1,-1,-1,-1
11559,-1,-1,-1,-1,-1,-1,-1,-1
11560,-1,-1,-1,-1,-1,-1,-1,-1
11561,-1,-1,-1,-1,-1,-1,-1,-1
11562,-1,-1,-1,-1,-1,-1,-1,-1
11563,-1,-1,-1,-1,-1,-1,-1,-1
11564,-1,-1,-1,-1,-1,-1,-1,-1
11565,-1,-1,-1,-1,-1,-1,-1,-1
11566,-1,-1,-1,-1,-1,-1,-1,-1
11567,-1,-1,-1,-1,-1,-1,-1,-1
11568,-1,-1,-1,-1,-1,-1,-1,-1
11569,-1,-1,-1,-1,-1,-1,-1,-1
11570,-1,-1,-1,-1,-1,-1,-1,-1
11571,-1,-1,-1,-1,-1,-1,-1,-1
11572,-1,-1,-1,-1,-1,-1,-1,-1
11573,-1,-1,-1,-1,-1,-1,-1,-1
11574,-1,-1,-1,-1,-1,-1,-1,-1
11575,-1,-1,-1,-1,-1,-1,-1,-1
11576,-1,-1,-1,-1,-1,-1,-1,-1
11577,-1,-1,-1,-1,-1,-1,-1,-1
11578,-1,-1,-1,-1,-1,-1,-1,-1
11579,-1,-1,-1,-1,-1,-1,-1,-1
11580,-1,-1,-1,-1,-1,-1,-1,-1
11581,-1,-1,-1,-1,-1,-1,-1,-1
11582,-1,-1,-1,-1,-1,-1,-1,-1
11583,-1,-1,-1,-1,-1,-1,-1,-1
11584,-1,-1,-1,-1,-1,-1,-1,-1
11585,-1,-1,-1,-1,-1,-1,-1,-1
11586,-1,-1,-1,-1,-1,-1,-1,-1
11587,-1,-1,-1,-1,-1,-1,-1,-1
11588,-1,-1,-1,-1,-1,-1,-1,-1
11589,-1,-1,-1,-1,-1,-1,-1,-1
11590,-1,-1,-1,-1,-1,-1,-1,-1
11591,-1,-1,-1,-1,-1,-1,-1,-1
11592,-1,-1,-1,-1,-1,-1,-1,-1
11593,-1,-1,-1,-1,-1,-1,-1,-1
11594,-1,-1,-1,-1,-1,-1,-1,-1
11595,-1,-1,-1,-1,-1,-1,-1,-1
11596,-1,-1,-1,-1,-1,-1,-1,-1
11597,-1,-1,-1,-1,-1,-1,-1,-1
11598,-1,-1,-1,-1,-1,-1,-1,-1
11599,-1,-1,-1,-1,-1,-1,-1,-1
11600,-1,-1,-1,-1,-1,-1,-1,-1
11601,10011687,10011975,10012263,10012551,10012839,10013127,10013415,10013703
11602,10011686,10011974,10012262,10012550,10012838,10013126,10013414,10013702
11603,10011685,10011973,10012261,10012549,10012837,10013125,10013413,10013701
11604,10011684,10011972,10012260,10012548,10012836,10013124,10013412,10013700
11605,10011683,10011971,10012259,10012547,10012835,10013123,10013411,10013699
11606,10011682,10011970,10012258,10012546,10012834,10013122,10013410,10013698
11607,10011681,10011969,10012257,10012545,10012833,10013121,10013409,10013697
11608,10011680,10011968,10012256,10012544,10012832,10013120,10013408,10013696
11609,-1,-1,-1,-1,-1,-1,-1,-1
11610,-1,-1,-1,-1,-1,-1,-1,-1
11611,-1,-1,-1,-1,-1,-1,-1,-1
11612,-1,-1,-1,-1,-1,-1,-1,-1
11613,-1,-1,-1,-1,-1,-1,-1,-1
11614,-1,-1,-1,-1,-1,-1,-1,-1
11615,-1,-1,-1,-1,-1,-1,-1,-1
11616,-1,-1,-1,-1,-1,-1,-1,-1
11617,-1,-1,-1,-1,-1,-1,-1,-1
11618,-1,-1,-1,-1,-1,-1,-1,-1
11619,-1,-1,-1,-1,-1,-1,-1,-1
11620,-1,-1,-1,-1,-1,-1,-1,-1
11621,-1,-1,-1,-1,-1,-1,-1,-1
11622,-1,-1,-1,-1,-1,-1,-1,-1
11623,-1,-1,-1,-1,-1,-1,-1,-1
11624,-1,-1,-1,-1,-1,-1,-1,-1
11625,-1,-1,-1,-1,-1,-1,-1,-1
11626,-1,-1,-1,-1,-1,-1,-1,-1
11627,-1,-1,-1,-1,-1,-1,-1,-1
11628,-1,-1,-1,-1,-1,-1,-1,-1
11629,-1,-1,-1,-1,-1,-1,-1,-1
11630,-1,-1,-1,-1,-1,-1,-1,-1
11631,-1,-1,-1,-1,-1,-1,-1,-1
11632,-1,-1,-1,-1,-1,-1,-1,-1
11633,-1,-1,-1,-1,-1,-1,-1,-1
11634,-1,-1,-1,-1,-1,-1,-1,-1
11635,-1,-1,-1,-1,-1,-1,-1,-1
11636,-1,-1,-1,-1,-1,-1,-1,-1
11637,-1,-1,-1,-1,-1,-1,-1,-1
11638,-1,-1,-1,-1,-1,-1,-1,-1
11639,-1,-1,-1,-1,-1,-1,-1,-1
11640,-1,-1,-1,-1,-1,-1,-1,-1
11641,-1,-1,-1,-1,-1,-1,-1,-1
11642,-1,-1,-1,-1,-1,-1,-1,-1
11643,-1,-1,-1,-1,-1,-1,-1,-1
11644,-1,-1,-1,-1,-1,-1,-1,-1
11645,-1,-1,-1,-1,-1,-1,-1,-1
11646,-1,-1,-1,-1,-1,-1,-1,-1
11647,-1,-1,-1,-1,-1,-1,-1,-1
11648,-1,-1,-1,-1,-1,-1,-1,-1
11649,-1,-1,-1,-1,-1,-1,-1,-1
11650,-1,-1,-1,-1,-1,-1,-1,-1
11651,-1,-1,-1,-1,-1,-1,-1,-1
11652,-1,-1,-1,-1,-1,-1,-1,-1
11653,-1,-1,-1,-1,-1,-1,-1,-1
11654,-1,-1,-1,-1,-1,-1,-1,-1
11655,-1,-1,-1,-1,-1,-1,-1,-1
11656,-1,-1,-1,-1,-1,-1,-1,-1
11657,-1,-1,-1,-1,-1,-1,-1,-1
11658,-1,-1,-1,-1,-1,-1,-1,-1
11659,10011695,10011983,10012271,10012559,10012847,10013135,10013423,10013711
11660,10011694,10011982,10012270,10012558,10012846,10013134,10013422,10013710
11661,10011693,10011981,10012269,10012557,10012845,10013133,10013421,10013709
11662,10011692,10011980,10012268,10012556,10012844,10013132,10013420,10013708
11663,10011691,10011979,10012267,10012555,10012843,10013131,10013419,10013707
11664,10011690,10011978,10012266,10012554,10012842,10013130,10013418,10013706
11665,10011689,10011977,10012265,10012553,10012841,10013129,10013417,10013705
11666,10011688,10011976,10012264,10012552,10012840,10013128,10013416,10013704
11667,-1,-1,-1,-1,-1,-1,-1,-1
11668,-1,-1,-1,-1,-1,-1,-1,-1
11669,-1,-1,-1,-1,-1,-1,-1,-1
11670,-1,-1,-1,-1,-1,-1,-1,-1
11671,-1,-1,-1,-1,-1,-1,-1,-1
11672,-1,-1,-1,-1,-1,-1,-1,-1
11673,-1,-1,-1,-1,-1,-1,-1,-1
11674,-1,-1,-1,-1,-1,-1,-1,-1
11675,-1,-1,-1,-1,-1,-1,-1,-1
11676,-1,-1,-1,-1,-1,-1,-1,-1
11677,-1,-1,-1,-1,-1,-1,-1,-1
11678,-1,-1,-1,-1,-1,-1,-1,-1
11679,-1,-1,-1,-1,-1,-1,-1,-1
11680,-1,-1,-1,-1,-1,-1,-1,-1
11681,-1,-1,-1,-1,-1,-1,-1,-1
11682,-1,-1,-1,-1,-1,-1,-1,-1
11683,-1,-1,-1,-1,-1,-1,-1,-1
11684,-1,-1,-1,-1,-1,-1,-1,-1
11685,-1,-1,-1,-1,-1,-1,-1,-1
11686,-1,-1,-1,-1,-1,-1,-1,-1
11687,-1,-1,-1,-1,-1,-1,-1,-1
11688,-1,-1,-1,-1,-1,-1,-1,-1
11689,-1,-1,-1,-1,-1,-1,-1,-1
11690,-1,-1,-1,-1,-1,-1,-1,-1
11691,-1,-1,-1,-1,-1,-1,-1,-1
11692,-1,-1,-1,-1,-1,-1,-1,-1
11693,-1,-1,-1,-1,-1,-1,-1,-1
11694,-1,-1,-1,-1,-1,-1,-1,-1
11695,-1,-1,-1,-1,-1,-1,-1,-1
11696,-1,-1,-1,-1,-1,-1,-1,-1
11697,-1,-1,-1,-1,-1,-1,-1,-1
11698,-1,-1,-1,-1,-1,-1,-1,-1
11699,-1,-1,-1,-1,-1,-1,-1,-1
11700,-1,-1,-1,-1,-1,-1,-1,-1
11701,-1,-1,-1,-1,-1,-1,-1,-1
11702,-1,-1,-1,-1,-1,-1,-1,-1
11703,-1,-1,-1,-1,-1,-1,-1,-1
11704,-1,-1,-1,-1,-1,-1,-1,-1
11705,-1,-1,-1,-1,-1,-1,-1,-1
11706,-1,-1,-1,-1,-1,-1,-1,-1
11707,-1,-1,-1,-1,-1,-1,-1,-1
11708,-1,-1,-1,-1,-1,-1,-1,-1
11709,-1,-1,-1,-1,-1,-1,-1,-1
11710,-1,-1,-1,-1,-1,-1,-1,-1
11711,-1,-1,-1,-1,-1,-1,-1,-1
11712,-1,-1,-1,-1,-1,-1,-1,-1
11713,-1,-1,-1,-1,-1,-1,-1,-1
11714,-1,-1,-1,-1,-1,-1,-1,-1
11715,-1,-1,-1,-1,-1,-1,-1,-1
11716,-1,-1,-1,-1,-1,-1,-1,-1
11717,10011703,10011991,10012279,10012567,10012855,10013143,10013431,10013719
11718,10011702,10011990,10012278,10012566,10012854,10013142,10013430,10013718
11719,10011701,10011989,10012277,10012565,10012853,10013141,10013429,10013717
11720,10011700,10011988,10012276,10012564,10012852,10013140,10013428,10013716
11721,10011699,10011987,10012275,10012563,10012851,10013139,10013427,10013715
11722,10011698,10011986,10012274,10012562,10012850,10013138,10013426,10013714
11723,10011697,10011985,10012273,10012561,10012849,10013137,10013425,10013713
11724,10011696,10011984,10012272,10012560,10012848,10013136,10013424,10013712
11725,-1,-1,-1,-1,-1,-1,-1,-1
11726,-1,-1,-1,-1,-1,-1,-1,-1
11727,-1,-1,-1,-1,-1,-1,-1,-1
11728,-1,-1,-1,-1,-1,-1,-1,-1
11729,-1,-1,-1,-1,-1,-1,-1,-1
11730,-1,-1,-1,-1,-1,-1,-1,-1
11731,-1,-1,-1,-1,-1,-1,-1,-1
11732,-1,-1,-1,-1,-1,-1,-1,-1
11733,-1,-1,-1,-1,-1,-1,-1,-1
11734,-1,-1,-1,-1,-1,-1,-1,-1
11735,-1,-1,-1,-1,-1,-1,-1,-1
11736,-1,-1,-1,-1,-1,-1,-1,-1
11737,-1,-1,-1,-1,-1,-1,-1,-1
11738,-1,-1,-1,-1,-1,-1,-1,-1
11739,-1,-1,-1,-1,-1,-1,-1,-1
11740,-1,-1,-1,-1,-1,-1,-1,-1
11741,-1,-1,-1,-1,-1,-1,-1,-1
11742,-1,-1,-1,-1,-1,-1,-1,-1
11743,-1,-1,-1,-1,-1,-1,-1,-1
11744,-1,-1,-1,-1,-1,-1,-1,-1
11745,-1,-1,-1,-1,-1,-1,-1,-1
11746,-1,-1,-1,-1,-1,-1,-1,-1
11747,-1,-1,-1,-1,-1,-1,-1,-1
11748,-1,-1,-1,-1,-1,-1,-1,-1
11749,-1,-1,-1,-1,-1,-1,-1,-1
11750,-1,-1,-1,-1,-1,-1,-1,-1
11751,-1,-1,-1,-1,-1,-1,-1,-1
11752,-1,-1,-1,-1,-1,-1,-1,-1
11753,-1,-1,-1,-1,-1,-1,-1,-1
11754,-1,-1,-1,-1,-1,-1,-1,-1
11755,-1,-1,-1,-1,-1,-1,-1,-1
11756,-1,-1,-1,-1,-1,-1,-1,-1
11757,-1,-1,-1,-1,-1,-1,-1,-1
11758,-1,-1,-1,-1,-1,-1,-1,-1
11759,-1,-1,-1,-1,-1,-1,-1,-1
11760,-1,-1,-1,-1,-1,-1,-1,-1
11761,-1,-1,-1,-1,-1,-1,-1,-1
11762,-1,-1,-1,-1,-1,-1,-1,-1
11763,-1,-1,-1,-1,-1,-1,-1,-1
11764,-1,-1,-1,-1,-1,-1,-1,-1
11765,-1,-1,-1,-1,-1,-1,-1,-1
11766,-1,-1,-1,-1,-1,-1,-1,-1
11767,-1,-1,-1,-1,-1,-1,-1,-1
11768,-1,-1,-1,-1,-1,-1,-1,-1
11769,-1,-1,-1,-1,-1,-1,-1,-1
11770,-1,-1,-1,-1,-1,-1,-1,-1
11771,-1,-1,-1,-1,-1,-1,-1,-1
11772,-1,-1,-1,-1,-1,-1,-1,-1
11773,-1,-1,-1,-1,-1,-1,-1,-1
11774,-1,-1,-1,-1,-1,-1,-1,-1
11775,10011711,10011999,10012287,10012575,10012863,10013151,10013439,10013727
11776,10011710,10011998,10012286,10012574,10012862,10013150,10013438,10013726
11777,10011709,10011997,10012285,10012573,10012861,10013149,10013437,10013725
11778,10011708,10011996,10012284,10012572,10012860,10013148,10013436,10013724
11779,10011707,10011995,10012283,10012571,10012859,10013147,10013435,10013723
11780,10011706,10011994,10012282,10012570,10012858,10013146,10013434,10013722
11781,10011705,10011993,10012281,10012569,10012857,10013145,10013433,10013721
11782,10011704,10011992,10012280,10012568,10012856,10013144,10013432,10013720
11783,-1,-1,-1,-1,-1,-1,-1,-1
11784,-1,-1,-1,-1,-1,-1,-1,-1
11785,-1,-1,-1,-1,-1,-1,-1,-1
11786,-1,-1,-1,-1,-1,-1,-1,-1
11787,-1,-1,-1,-1,-1,-1,-1,-1
11788,-1,-1,-1,-1,-1,-1,-1,-1
11789,-1,-1,-1,-1,-1,-1,-1,-1
11790,-1,-1,-1,-1,-1,-1,-1,-1
11791,-1,-1,-1,-1,-1,-1,-1,-1
11792,-1,-1,-1,-1,-1,-1,-1,-1
11793,-1,-1,-1,-1,-1,-1,-1,-1
11794,-1,-1,-1,-1,-1,-1,-1,-1
11795,-1,-1,-1,-1,-1,-1,-1,-1
11796,-1,-1,-1,-1,-1,-1,-1,-1
11797,-1,-1,-1,-1,-1,-1,-1,-1
11798,-1,-1,-1,-1,-1,-1,-1,-1
11799,-1,-1,-1,-1,-1,-1,-1,-1
11800,-1,-1,-1,-1,-1,-1,-1,-1
11801,-1,-1,-1,-1,-1,-1,-1,-1
11802,-1,-1,-1,-1,-1,-1,-1,-1
11803,-1,-1,-1,-1,-1,-1,-1,-1
11804,-1,-1,-1,-1,-1,-1,-1,-1
11805,-1,-1,-1,-1,-1,-1,-1,-1
11806,-1,-1,-1,-1,-1,-1,-1,-1
11807,-1,-1,-1,-1,-1,-1,-1,-1
11808,-1,-1,-1,-1,-1,-1,-1,-1
11809,-1,-1,-1,-1,-1,-1,-1,-1
11810,-1,-1,-1,-1,-1,-1,-1,-1
11811,-1,-1,-1,-1,-1,-1,-1,-1
11812,-1,-1,-1,-1,-1,-1,-1,-1
11813,-1,-1,-1,-1,-1,-1,-1,-1
11814,-1,-1,-1,-1,-1,-1,-1,-1
11815,-1,-1,-1,-1,-1,-1,-1,-1
11816,-1,-1,-1,-1,-1,-1,-1,-1
11817,-1,-1,-1,-1,-1,-1,-1,-1
11818,-1,-1,-1,-1,-1,-1,-1,-1
11819,-1,-1,-1,-1,-1,-1,-1,-1
11820,-1,-1,-1,-1,-1,-1,-1,-1
11821,-1,-1,-1,-1,-1,-1,-1,-1
11822,-1,-1,-1,-1,-1,-1,-1,-1
11823,-1,-1,-1,-1,-1,-1,-1,-1
11824,-1,-1,-1,-1,-1,-1,-1,-1
11825,-1,-1,-1,-1,-1,-1,-1,-1
11826,-1,-1,-1,-1,-1,-1,-1,-1
11827,-1,-1,-1,-1,-1,-1,-1,-1
11828,-1,-1,-1,-1,-1,-1,-1,-1
11829,-1,-1,-1,-1,-1,-1,-1,-1
11830,-1,-1,-1,-1,-1,-1,-1,-1
11831,-1,-1,-1,-1,-1,-1,-1,-1
11832,-1,-1,-1,-1,-1,-1,-1,-1
11833,10011719,10012007,10012295,10012583,10012871,10013159,10013447,10013735
11834,10011718,10012006,10012294,10012582,10012870,10013158,10013446,10013734
11835,10011717,10012005,10012293,10012581,10012869,10013157,10013445,10013733
11836,10011716,10012004,10012292,10012580,10012868,10013156,10013444,10013732
11837,10011715,10012003,10012291,10012579,10012867,10013155,10013443,10013731
11838,10011714,10012002,10012290,10012578,10012866,10013154,10013442,10013730
11839,10011713,10012001,10012289,10012577,10012865,10013153,10013441,10013729
11840,10011712,10012000,10012288,10012576,10012864,10013152,10013440,10013728
11841,-1,-1,-1,-1,-1,-1,-1,-1
11842,-1,-1,-1,-1,-1,-1,-1,-1
11843,-1,-1,-1,-1,-1,-1,-1,-1
11844,-1,-1,-1,-1,-1,-1,-1,-1
11845,-1,-1,-1,-1,-1,-1,-1,-1
11846,-1,-1,-1,-1,-1,-1,-1,-1
11847,-1,-1,-1,-1,-1,-1,-1,-1
11848,-1,-1,-1,-1,-1,-1,-1,-1
11849,-1,-1,-1,-1,-1,-1,-1,-1
11850,-1,-1,-1,-1,-1,-1,-1,-1
11851,-1,-1,-1,-1,-1,-1,-1,-1
11852,-1,-1,-1,-1,-1,-1,-1,-1
11853,-1,-1,-1,-1,-1,-1,-1,-1
11854,-1,-1,-1,-1,-1,-1,-1,-1
11855,-1,-1,-1,-1,-1,-1,-1,-1
11856,-1,-1,-1,-1,-1,-1,-1,-1
11857,-1,-1,-1,-1,-1,-1,-1,-1
11858,-1,-1,-1,-1,-1,-1,-1,-1
11859,-1,-1,-1,-1,-1,-1,-1,-1
11860,-1,-1,-1,-1,-1,-1,-1,-1
11861,-1,-1,-1,-1,-1,-1,-1,-1
11862,-1,-1,-1,-1,-1,-1,-1,-1
11863,-1,-1,-1,-1,-1,-1,-1,-1
11864,-1,-1,-1,-1,-1,-1,-1,-1
11865,-1,-1,-1,-1,-1,-1,-1,-1
11866,-1,-1,-1,-1,-1,-1,-1,-1
11867,-1,-1,-1,-1,-1,-1,-1,-1
11868,-1,-1,-1,-1,-1,-1,-1,-1
11869,-1,-1,-1,-1,-1,-1,-1,-1
11870,-1,-1,-1,-1,-1,-1,-1,-1
11871,-1,-1,-1,-1,-1,-1,-1,-1
11872,-1,-1,-1,-1,-1,-1,-1,-1
11873,-1,-1,-1,-1,-1,-1,-1,-1
11874,-1,-1,-1,-1,-1,-1,-1,-1
11875,-1,-1,-1,-1,-1,-1,-1,-1
11876,-1,-1,-1,-1,-1,-1,-1,-1
11877,-1,-1,-1,-1,-1,-1,-1,-1
11878,-1,-1,-1,-1,-1,-1,-1,-1
11879,-1,-1,-1,-1,-1,-1,-1,-1
11880,-1,-1,-1,-1,-1,-1,-1,-1
11881,-1,-1,-1,-1,-1,-1,-1,-1
11882,-1,-1,-1,-1,-1,-1,-1,-1
11883,-1,-1,-1,-1,-1,-1,-1,-1
11884,-1,-1,-1,-1,-1,-1,-1,-1
11885,-1,-1,-1,-1,-1,-1,-1,-1
11886,-1,-1,-1,-1,-1,-1,-1,-1
11887,-1,-1,-1,-1,-1,-1,-1,-1
11888,-1,-1,-1,-1,-1,-1,-1,-1
11889,-1,-1,-1,-1,-1,-1,-1,-1
11890,-1,-1,-1,-1,-1,-1,-1,-1
11891,10011727,10012015,10012303,10012591,10012879,10013167,10013455,10013743
11892,10011726,10012014,10012302,10012590,10012878,10013166,10013454,10013742
11893,10011725,10012013,10012301,10012589,10012877,10013165,10013453,10013741
11894,10011724,10012012,10012300,10012588,10012876,10013164,10013452,10013740
11895,10011723,10012011,10012299,10012587,10012875,10013163,10013451,10013739
11896,10011722,10012010,10012298,10012586,10012874,10013162,10013450,10013738
11897,10011721,10012009,10012297,10012585,10012873,10013161,10013449,10013737
11898,10011720,10012008,10012296,10012584,10012872,10013160,10013448,10013736
11899,-1,-1,-1,-1,-1,-1,-1,-1
11900,-1,-1,-1,-1,-1,-1,-1,-1
11901,-1,-1,-1,-1,-1,-1,-1,-1
11902,-1,-1,-1,-1,-1,-1,-1,-1
11903,-1,-1,-1,-1,-1,-1,-1,-1
11904,-1,-1,-1,-1,-1,-1,-1,-1
11905,-1,-1,-1,-1,-1,-1,-1,-1
11906,-1,-1,-1,-1,-1,-1,-1,-1
11907,-1,-1,-1,-1,-1,-1,-1,-1
11908,-1,-1,-1,-1,-1,-1,-1,-1
11909,-1,-1,-1,-1,-1,-1,-1,-1
11910,-1,-1,-1,-1,-1,-1,-1,-1
11911,-1,-1,-1,-1,-1,-1,-1,-1
11912,-1,-1,-1,-1,-1,-1,-1,-1
11913,-1,-1,-1,-1,-1,-1,-1,-1
11914,-1,-1,-1,-1,-1,-1,-1,-1
11915,-1,-1,-1,-1,-1,-1,-1,-1
11916,-1,-1,-1,-1,-1,-1,-1,-1
11917,-1,-1,-1,-1,-1,-1,-1,-1
11918,-1,-1,-1,-1,-1,-1,-1,-1
11919,-1,-1,-1,-1,-1,-1,-1,-1
11920,-1,-1,-1,-1,-1,-1,-1,-1
11921,-1,-1,-1,-1,-1,-1,-1,-1
11922,-1,-1,-1,-1,-1,-1,-1,-1
11923,-1,-1,-1,-1,-1,-1,-1,-1
11924,-1,-1,-1,-1,-1,-1,-1,-1
11925,-1,-1,-1,-1,-1,-1,-1,-1
11926,-1,-1,-1,-1,-1,-1,-1,-1
11927,-1,-1,-1,-1,-1,-1,-1,-1
11928,-1,-1,-1,-1,-1,-1,-1,-1
11929,-1,-1,-1,-1,-1,-1,-1,-1
11930,-1,-1,-1,-1,-1,-1,-1,-1
11931,-1,-1,-1,-1,-1,-1,-1,-1
11932,-1,-1,-1,-1,-1,-1,-1,-1
11933,-1,-1,-1,-1,-1,-1,-1,-1
11934,-1,-1,-1,-1,-1,-1,-1,-1
11935,-1,-1,-1,-1,-1,-1,-1,-1
11936,-1,-1,-1,-1,-1,-1,-1,-1
11937,-1,-1,-1,-1,-1,-1,-1,-1
11938,-1,-1,-1,-1,-1,-1,-1,-1
11939,-1,-1,-1,-1,-1,-1,-1,-1
11940,-1,-1,-1,-1,-1,-1,-1,-1
11941,-1,-1,-1,-1,-1,-1,-1,-1
11942,-1,-1,-1,-1,-1,-1,-1,-1
11943,-1,-1,-1,-1,-1,-1,-1,-1
11944,-1,-1,-1,-1,-1,-1,-1,-1
11945,-1,-1,-1,-1,-1,-1,-1,-1
11946,-1,-1,-1,-1,-1,-1,-1,-1
11947,-1,-1,-1,-1,-1,-1,-1,-1
11948,-1,-1,-1,-1,-1,-1,-1,-1
11949,10011735,10012023,10012311,10012599,10012887,10013175,10013463,10013751
11950,10011734,10012022,10012310,10012598,10012886,10013174,10013462,10013750
11951,10011733,10012021,10012309,10012597,10012885,10013173,10013461,10013749
11952,10011732,10012020,10012308,10012596,10012884,10013172,10013460,10013748
11953,10011731,10012019,10012307,10012595,10012883,10013171,10013459,10013747
11954,10011730,10012018,10012306,10012594,10012882,10013170,10013458,10013746
11955,10011729,10012017,10012305,10012593,10012881,10013169,10013457,10013745
11956,10011728,10012016,10012304,10012592,10012880,10013168,10013456,10013744
11957,-1,-1,-1,-1,-1,-1,-1,-1
11958,-1,-1,-1,-1,-1,-1,-1,-1
11959,-1,-1,-1,-1,-1,-1,-1,-1
11960,-1,-1,-1,-1,-1,-1,-1,-1
11961,-1,-1,-1,-1,-1,-1,-1,-1
11962,-1,-1,-1,-1,-1,-1,-1,-1
11963,-1,-1,-1,-1,-1,-1,-1,-1
11964,-1,-1,-1,-1,-1,-1,-1,-1
11965,-1,-1,-1,-1,-1,-1,-1,-1
11966,-1,-1,-1,-1,-1,-1,-1,-1
11967,-1,-1,-1,-1,-1,-1,-1,-1
11968,-1,-1,-1,-1,-1,-1,-1,-1
11969,-1,-1,-1,-1,-1,-1,-1,-1
11970,-1,-1,-1,-1,-1,-1,-1,-1
11971,-1,-1,-1,-1,-1,-1,-1,-1
11972,-1,-1,-1,-1,-1,-1,-1,-1
11973,-1,-1,-1,-1,-1,-1,-1,-1
11974,-1,-1,-1,-1,-1,-1,-1,-1
11975,-1,-1,-1,-1,-1,-1,-1,-1
11976,-1,-1,-1,-1,-1,-1,-1,-1
11977,-1,-1,-1,-1,-1,-1,-1,-1
11978,-1,-1,-1,-1,-1,-1,-1,-1
11979,-1,-1,-1,-1,-1,-1,-1,-1
11980,-1,-1,-1,-1,-1,-1,-1,-1
11981,-1,-1,-1,-1,-1,-1,-1,-1
11982,-1,-1,-1,-1,-1,-1,-1,-1
11983,-1,-1,-1,-1,-1,-1,-1,-1
11984,-1,-1,-1,-1,-1,-1,-1,-1
11985,-1,-1,-1,-1,-1,-1,-1,-1
11986,-1,-1,-1,-1,-1,-1,-1,-1
11987,-1,-1,-1,-1,-1,-1,-1,-1
11988,-1,-1,-1,-1,-1,-1,-1,-1
11989,-1,-1,-1,-1,-1,-1,-1,-1
11990,-1,-1,-1,-1,-1,-1,-1,-1
11991,-1,-1,-1,-1,-1,-1,-1,-1
11992,-1,-1,-1,-1,-1,-1,-1,-1
11993,-1,-1,-1,-1,-1,-1,-1,-1
11994,-1,-1,-1,-1,-1,-1,-1,-1
11995,-1,-1,-1,-1,-1,-1,-1,-1
11996,-1,-1,-1,-1,-1,-1,-1,-1
11997,-1,-1,-1,-1,-1,-1,-1,-1
11998,-1,-1,-1,-1,-1,-1,-1,-1
11999,-1,-1,-1,-1,-1,-1,-1,-1
12000,-1,-1,-1,-1,-1,-1,-1,-1
12001,-1,-1,-1,-1,-1,-1,-1,-1
12002,-1,-1,-1,-1,-1,-1,-1,-1
12003,-1,-1,-1,-1,-1,-1,-1,-1
12004,-1,-1,-1,-1,-1,-1,-1,-1
12005,-1,-1,-1,-1,-1,-1,-1,-1
12006,-1,-1,-1,-1,-1,-1,-1,-1
12007,10011743,10012031,10012319,10012607,10012895,10013183,10013471,10013759
12008,10011742,10012030,10012318,10012606,10012894,10013182,10013470,10013758
12009,10011741,10012029,10012317,10012605,10012893,10013181,10013469,10013757
12010,10011740,10012028,10012316,10012604,10012892,10013180,10013468,10013756
12011,10011739,10012027,10012315,10012603,10012891,10013179,10013467,10013755
12012,10011738,10012026,10012314,10012602,10012890,10013178,10013466,10013754
12013,10011737,10012025,10012313,10012601,10012889,10013177,10013465,10013753
12014,10011736,10012024,10012312,10012600,10012888,10013176,10013464,10013752
12015,-1,-1,-1,-1,-1,-1,-1,-1
12016,-1,-1,-1,-1,-1,-1,-1,-1
12017,-1,-1,-1,-1,-1,-1,-1,-1
12018,-1,-1,-1,-1,-1,-1,-1,-1
12019,-1,-1,-1,-1,-1,-1,-1,-1
12020,-1,-1,-1,-1,-1,-1,-1,-1
12021,-1,-1,-1,-1,-1,-1,-1,-1
12022,-1,-1,-1,-1,-1,-1,-1,-1
12023,-1,-1,-1,-1,-1,-1,-1,-1
12024,-1,-1,-1,-1,-1,-1,-1,-1
12025,-1,-1,-1,-1,-1,-1,-1,-1
12026,-1,-1,-1,-1,-1,-1,-1,-1
12027,-1,-1,-1,-1,-1,-1,-1,-1
12028,-1,-1,-1,-1,-1,-1,-1,-1
12029,-1,-1,-1,-1,-1,-1,-1,-1
12030,-1,-1,-1,-1,-1,-1,-1,-1
12031,-1,-1,-1,-1,-1,-1,-1,-1
12032,-1,-1,-1,-1,-1,-1,-1,-1
12033,-1,-1,-1,-1,-1,-1,-1,-1
12034,-1,-1,-1,-1,-1,-1,-1,-1
12035,-1,-1,-1,-1,-1,-1,-1,-1
12036,-1,-1,-1,-1,-1,-1,-1,-1
12037,-1,-1,-1,-1,-1,-1,-1,-1
12038,-1,-1,-1,-1,-1,-1,-1,-1
12039,-1,-1,-1,-1,-1,-1,-1,-1
12040,-1,-1,-1,-1,-1,-1,-1,-1
12041,-1,-1,-1,-1,-1,-1,-1,-1
12042,-1,-1,-1,-1,-1,-1,-1,-1
12043,-1,-1,-1,-1,-1,-1,-1,-1
12044,-1,-1,-1,-1,-1,-1,-1,-1
12045,-1,-1,-1,-1,-1,-1,-1,-1
12046,-1,-1,-1,-1,-1,-1,-1,-1
12047,-1,-1,-1,-1,-1,-1,-1,-1
12048,-1,-1,-1,-1,-1,-1,-1,-1
12049,-1,-1,-1,-1,-1,-1,-1,-1
12050,-1,-1,-1,-1,-1,-1,-1,-1
12051,-1,-1,-1,-1,-1,-1,-1,-1
12052,-1,-1,-1,-1,-1,-1,-1,-1
12053,-1,-1,-1,-1,-1,-1,-1,-1
12054,-1,-1,-1,-1,-1,-1,-1,-1
12055,-1,-1,-1,-1,-1,-1,-1,-1
12056,-1,-1,-1,-1,-1,-1,-1,-1
12057,-1,-1,-1,-1,-1,-1,-1,-1
12058,-1,-1,-1,-1,-1,-1,-1,-1
12059,-1,-1,-1,-1,-1,-1,-1,-1
12060,-1,-1,-1,-1,-1,-1,-1,-1
12061,-1,-1,-1,-1,-1,-1,-1,-1
12062,-1,-1,-1,-1,-1,-1,-1,-1
12063,-1,-1,-1,-1,-1,-1,-1,-1
12064,-1,-1,-1,-1,-1,-1,-1,-1
12065,10011751,10012039,10012327,10012615,10012903,10013191,10013479,10013767
12066,10011750,10012038,10012326,10012614,10012902,10013190,10013478,10013766
12067,10011749,10012037,10012325,10012613,10012901,10013189,10013477,10013765
12068,10011748,10012036,10012324,10012612,10012900,10013188,10013476,10013764
12069,10011747,10012035,10012323,10012611,10012899,10013187,10013475,10013763
12070,10011746,10012034,10012322,10012610,10012898,10013186,10013474,10013762
12071,10011745,10012033,10012321,10012609,10012897,10013185,10013473,10013761
12072,10011744,10012032,10012320,10012608,10012896,10013184,10013472,10013760
12073,-1,-1,-1,-1,-1,-1,-1,-1
12074,-1,-1,-1,-1,-1,-1,-1,-1
12075,-1,-1,-1,-1,-1,-1,-1,-1
12076,-1,-1,-1,-1,-1,-1,-1,-1
12077,-1,-1,-1,-1,-1,-1,-1,-1
12078,-1,-1,-1,-1,-1,-1,-1,-1
12079,-1,-1,-1,-1,-1,-1,-1,-1
12080,-1,-1,-1,-1,-1,-1,-1,-1
12081,-1,-1,-1,-1,-1,-1,-1,-1
12082,-1,-1,-1,-1,-1,-1,-1,-1
12083,-1,-1,-1,-1,-1,-1,-1,-1
12084,-1,-1,-1,-1,-1,-1,-1,-1
12085,-1,-1,-1,-1,-1,-1,-1,-1
12086,-1,-1,-1,-1,-1,-1,-1,-1
12087,-1,-1,-1,-1,-1,-1,-1,-1
12088,-1,-1,-1,-1,-1,-1,-1,-1
12089,-1,-1,-1,-1,-1,-1,-1,-1
12090,-1,-1,-1,-1,-1,-1,-1,-1
12091,-1,-1,-1,-1,-1,-1,-1,-1
12092,-1,-1,-1,-1,-1,-1,-1,-1
12093,-1,-1,-1,-1,-1,-1,-1,-1
12094,-1,-1,-1,-1,-1,-1,-1,-1
12095,-1,-1,-1,-1,-1,-1,-1,-1
12096,-1,-1,-1,-1,-1,-1,-1,-1
12097,-1,-1,-1,-1,-1,-1,-1,-1
12098,-1,-1,-1,-1,-1,-1,-1,-1
12099,-1,-1,-1,-1,-1,-1,-1,-1
12100,-1,-1,-1,-1,-1,-1,-1,-1
12101,-1,-1,-1,-1,-1,-1,-1,-1
12102,-1,-1,-1,-1,-1,-1,-1,-1
12103,-1,-1,-1,-1,-1,-1,-1,-1
12104,-1,-1,-1,-1,-1,-1,-1,-1
12105,-1,-1,-1,-1,-1,-1,-1,-1
12106,-1,-1,-1,-1,-1,-1,-1,-1
12107,-1,-1,-1,-1,-1,-1,-1,-1
12108,-1,-1,-1,-1,-1,-1,-1,-1
12109,-1,-1,-1,-1,-1,-1,-1,-1
12110,-1,-1,-1,-1,-1,-1,-1,-1
12111,-1,-1,-1,-1,-1,-1,-1,-1
12112,-1,-1,-1,-1,-1,-1,-1,-1
12113,-1,-1,-1,-1,-1,-1,-1,-1
12114,-1,-1,-1,-1,-1,-1,-1,-1
12115,-1,-1,-1,-1,-1,-1,-1,-1
12116,-1,-1,-1,-1,-1,-1,-1,-1
12117,-1,-1,-1,-1,-1,-1,-1,-1
12118,-1,-1,-1,-1,-1,-1,-1,-1
12119,-1,-1,-1,-1,-1,-1,-1,-1
12120,-1,-1,-1,-1,-1,-1,-1,-1
12121,-1,-1,-1,-1,-1,-1,-1,-1
12122,-1,-1,-1,-1,-1,-1,-1,-1
12123,10011759,10012047,10012335,10012623,10012911,10013199,10013487,10013775
12124,10011758,10012046,10012334,10012622,10012910,10013198,10013486,10013774
12125,10011757,10012045,10012333,10012621,10012909,10013197,10013485,10013773
12126,10011756,10012044,10012332,10012620,10012908,10013196,10013484,10013772
12127,10011755,10012043,10012331,10012619,10012907,10013195,10013483,10013771
12128,10011754,10012042,10012330,10012618,10012906,10013194,10013482,10013770
12129,10011753,10012041,10012329,10012617,10012905,10013193,10013481,10013769
12130,10011752,10012040,10012328,10012616,10012904,10013192,10013480,10013768
12131,-1,-1,-1,-1,-1,-1,-1,-1
12132,-1,-1,-1,-1,-1,-1,-1,-1
12133,-1,-1,-1,-1,-1,-1,-1,-1
12134,-1,-1,-1,-1,-1,-1,-1,-1
12135,-1,-1,-1,-1,-1,-1,-1,-1
12136,-1,-1,-1,-1,-1,-1,-1,-1
12137,-1,-1,-1,-1,-1,-1,-1,-1
12138,-1,-1,-1,-1,-1,-1,-1,-1
12139,-1,-1,-1,-1,-1,-1,-1,-1
12140,-1,-1,-1,-1,-1,-1,-1,-1
12141,-1,-1,-1,-1,-1,-1,-1,-1
12142,-1,-1,-1,-1,-1,-1,-1,-1
12143,-1,-1,-1,-1,-1,-1,-1,-1
12144,-1,-1,-1,-1,-1,-1,-1,-1
12145,-1,-1,-1,-1,-1,-1,-1,-1
12146,-1,-1,-1,-1,-1,-1,-1,-1
12147,-1,-1,-1,-1,-1,-1,-1,-1
12148,-1,-1,-1,-1,-1,-1,-1,-1
12149,-1,-1,-1,-1,-1,-1,-1,-1
12150,-1,-1,-1,-1,-1,-1,-1,-1
12151,-1,-1,-1,-1,-1,-1,-1,-1
12152,-1,-1,-1,-1,-1,-1,-1,-1
12153,-1,-1,-1,-1,-1,-1,-1,-1
12154,-1,-1,-1,-1,-1,-1,-1,-1
12155,-1,-1,-1,-1,-1,-1,-1,-1
12156,-1,-1,-1,-1,-1,-1,-1,-1
12157,-1,-1,-1,-1,-1,-1,-1,-1
12158,-1,-1,-1,-1,-1,-1,-1,-1
12159,-1,-1,-1,-1,-1,-1,-1,-1
12160,-1,-1,-1,-1,-1,-1,-1,-1
12161,-1,-1,-1,-1,-1,-1,-1,-1
12162,-1,-1,-1,-1,-1,-1,-1,-1
12163,-1,-1,-1,-1,-1,-1,-1,-1
12164,-1,-1,-1,-1,-1,-1,-1,-1
12165,-1,-1,-1,-1,-1,-1,-1,-1
12166,-1,-1,-1,-1,-1,-1,-1,-1
12167,-1,-1,-1,-1,-1,-1,-1,-1
12168,-1,-1,-1,-1,-1,-1,-1,-1
12169,-1,-1,-1,-1,-1,-1,-1,-1
12170,-1,-1,-1,-1,-1,-1,-1,-1
12171,-1,-1,-1,-1,-1,-1,-1,-1
12172,-1,-1,-1,-1,-1,-1,-1,-1
12173,-1,-1,-1,-1,-1,-1,-1,-1
12174,-1,-1,-1,-1,-1,-1,-1,-1
12175,-1,-1,-1,-1,-1,-1,-1,-1
12176,-1,-1,-1,-1,-1,-1,-1,-1
12177,-1,-1,-1,-1,-1,-1,-1,-1
12178,-1,-1,-1,-1,-1,-1,-1,-1
12179,-1,-1,-1,-1,-1,-1,-1,-1
12180,-1,-1,-1,-1,-1,-1,-1,-1
12181,10011767,10012055,10012343,10012631,10012919,10013207,10013495,10013783
12182,10011766,10012054,10012342,10012630,10012918,10013206,10013494,10013782
12183,10011765,10012053,10012341,10012629,10012917,10013205,10013493,10013781
12184,10011764,10012052,10012340,10012628,10012916,10013204,10013492,10013780
12185,10011763,10012051,10012339,10012627,10012915,10013203,10013491,10013779
12186,10011762,10012050,10012338,10012626,10012914,10013202,10013490,10013778
12187,10011761,10012049,10012337,10012625,10012913,10013201,10013489,10013777
12188,10011760,10012048,10012336,10012624,10012912,10013200,10013488,10013776
12189,-1,-1,-1,-1,-1,-1,-1,-1
12190,-1,-1,-1,-1,-1,-1,-1,-1
12191,-1,-1,-1,-1,-1,-1,-1,-1
12192,-1,-1,-1,-1,-1,-1,-1,-1
12193,-1,-1,-1,-1,-1,-1,-1,-1
12194,-1,-1,-1,-1,-1,-1,-1,-1
12195,-1,-1,-1,-1,-1,-1,-1,-1
12196,-1,-1,-1,-1,-1,-1,-1,-1
12197,-1,-1,-1,-1,-1,-1,-1,-1
12198,-1,-1,-1,-1,-1,-1,-1,-1
12199,-1,-1,-1,-1,-1,-1,-1,-1
12200,-1,-1,-1,-1,-1,-1,-1,-1
12201,-1,-1,-1,-1,-1,-1,-1,-1
12202,-1,-1,-1,-1,-1,-1,-1,-1
12203,-1,-1,-1,-1,-1,-1,-1,-1
12204,-1,-1,-1,-1,-1,-1,-1,-1
12205,-1,-1,-1,-1,-1,-1,-1,-1
12206,-1,-1,-1,-1,-1,-1,-1,-1
12207,-1,-1,-1,-1,-1,-1,-1,-1
12208,-1,-1,-1,-1,-1,-1,-1,-1
12209,-1,-1,-1,-1,-1,-1,-1,-1
12210,-1,-1,-1,-1,-1,-1,-1,-1
12211,-1,-1,-1,-1,-1,-1,-1,-1
12212,-1,-1,-1,-1,-1,-1,-1,-1
12213,-1,-1,-1,-1,-1,-1,-1,-1
12214,-1,-1,-1,-1,-1,-1,-1,-1
12215,-1,-1,-1,-1,-1,-1,-1,-1
12216,-1,-1,-1,-1,-1,-1,-1,-1
12217,-1,-1,-1,-1,-1,-1,-1,-1
12218,-1,-1,-1,-1,-1,-1,-1,-1
12219,-1,-1,-1,-1,-1,-1,-1,-1
12220,-1,-1,-1,-1,-1,-1,-1,-1
12221,-1,-1,-1,-1,-1,-1,-1,-1
12222,-1,-1,-1,-1,-1,-1,-1,-1
12223,-1,-1,-1,-1,-1,-1,-1,-1
12224,-1,-1,-1,-1,-1,-1,-1,-1
12225,-1,-1,-1,-1,-1,-1,-1,-1
12226,-1,-1,-1,-1,-1,-1,-1,-1
12227,-1,-1,-1,-1,-1,-1,-1,-1
12228,-1,-1,-1,-1,-1,-1,-1,-1
12229,-1,-1,-1,-1,-1,-1,-1,-1
12230,-1,-1,-1,-1,-1,-1,-1,-1
12231,-1,-1,-1,-1,-1,-1,-1,-1
12232,-1,-1,-1,-1,-1,-1,-1,-1
12233,-1,-1,-1,-1,-1,-1,-1,-1
12234,-1,-1,-1,-1,-1,-1,-1,-1
12235,-1,-1,-1,-1,-1,-1,-1,-1
12236,-1,-1,-1,-1,-1,-1,-1,-1
12237,-1,-1,-1,-1,-1,-1,-1,-1
12238,-1,-1,-1,-1,-1,-1,-1,-1
12239,10011775,10012063,10012351,10012639,10012927,10013215,10013503,10013791
12240,10011774,10012062,10012350,10012638,10012926,10013214,10013502,10013790
12241,10011773,10012061,10012349,10012637,10012925,10013213,10013501,10013789
12242,10011772,10012060,10012348,10012636,10012924,10013212,10013500,10013788
12243,10011771,10012059,10012347,10012635,10012923,10013211,10013499,10013787
12244,10011770,10012058,10012346,10012634,10012922,10013210,10013498,10013786
12245,10011769,10012057,10012345,10012633,10012921,10013209,10013497,10013785
12246,10011768,10012056,10012344,10012632,10012920,10013208,10013496,10013784
12247,-1,-1,-1,-1,-1,-1,-1,-1
12248,-1,-1,-1,-1,-1,-1,-1,-1
12249,-1,-1,-1,-1,-1,-1,-1,-1
12250,-1,-1,-1,-1,-1,-1,-1,-1
12251,-1,-1,-1,-1,-1,-1,-1,-1
12252,-1,-1,-1,-1,-1,-1,-1,-1
12253,-1,-1,-1,-1,-1,-1,-1,-1
12254,-1,-1,-1,-1,-1,-1,-1,-1
12255,-1,-1,-1,-1,-1,-1,-1,-1
12256,-1,-1,-1,-1,-1,-1,-1,-1
12257,-1,-1,-1,-1,-1,-1,-1,-1
12258,-1,-1,-1,-1,-1,-1,-1,-1
12259,-1,-1,-1,-1,-1,-1,-1,-1
12260,-1,-1,-1,-1,-1,-1,-1,-1
12261,-1,-1,-1,-1,-1,-1,-1,-1
12262,-1,-1,-1,-1,-1,-1,-1,-1
12263,-1,-1,-1,-1,-1,-1,-1,-1
12264,-1,-1,-1,-1,-1,-1,-1,-1
12265,-1,-1,-1,-1,-1,-1,-1,-1
12266,-1,-1,-1,-1,-1,-1,-1,-1
12267,-1,-1,-1,-1,-1,-1,-1,-1
12268,-1,-1,-1,-1,-1,-1,-1,-1
12269,-1,-1,-1,-1,-1,-1,-1,-1
12270,-1,-1,-1,-1,-1,-1,-1,-1
12271,-1,-1,-1,-1,-1,-1,-1,-1
12272,-1,-1,-1,-1,-1,-1,-1,-1
12273,-1,-1,-1,-1,-1,-1,-1,-1
12274,-1,-1,-1,-1,-1,-1,-1,-1
12275,-1,-1,-1,-1,-1,-1,-1,-1
12276,-1,-1,-1,-1,-1,-1,-1,-1
12277,-1,-1,-1,-1,-1,-1,-1,-1
12278,-1,-1,-1,-1,-1,-1,-1,-1
12279,-1,-1,-1,-1,-1,-1,-1,-1
12280,-1,-1,-1,-1,-1,-1,-1,-1
12281,-1,-1,-1,-1,-1,-1,-1,-1
12282,-1,-1,-1,-1,-1,-1,-1,-1
12283,-1,-1,-1,-1,-1,-1,-1,-1
12284,-1,-1,-1,-1,-1,-1,-1,-1
12285,-1,-1,-1,-1,-1,-1,-1,-1
12286,-1,-1,-1,-1,-1,-1,-1,-1
12287,-1,-1,-1,-1,-1,-1,-1,-1
12288,-1,-1,-1,-1,-1,-1,-1,-1
12289,-1,-1,-1,-1,-1,-1,-1,-1
12290,-1,-1,-1,-1,-1,-1,-1,-1
12291,-1,-1,-1,-1,-1,-1,-1,-1
12292,-1,-1,-1,-1,-1,-1,-1,-1
12293,-1,-1,-1,-1,-1,-1,-1,-1
12294,-1,-1,-1,-1,-1,-1,-1,-1
12295,-1,-1,-1,-1,-1,-1,-1,-1
12296,-1,-1,-1,-1,-1,-1,-1,-1
12297,10011783,10012071,10012359,10012647,10012935,10013223,10013511,10013799
12298,10011782,10012070,10012358,10012646,10012934,10013222,10013510,10013798
12299,10011781,10012069,10012357,10012645,10012933,10013221,10013509,10013797
12300,10011780,10012068,10012356,10012644,10012932,10013220,10013508,10013796
12301,10011779,10012067,10012355,10012643,10012931,10013219,10013507,10013795
12302,10011778,10012066,10012354,10012642,10012930,10013218,10013506,10013794
12303,10011777,10012065,10012353,10012641,10012929,10013217,10013505,10013793
12304,10011776,10012064,10012352,10012640,10012928,10013216,10013504,10013792
12305,-1,-1,-1,-1,-1,-1,-1,-1
12306,-1,-1,-1,-1,-1,-1,-1,-1
12307,-1,-1,-1,-1,-1,-1,-1,-1
12308,-1,-1,-1,-1,-1,-1,-1,-1
12309,-1,-1,-1,-1,-1,-1,-1,-1
12310,-1,-1,-1,-1,-1,-1,-1,-1
12311,-1,-1,-1,-1,-1,-1,-1,-1
12312,-1,-1,-1,-1,-1,-1,-1,-1
12313,-1,-1,-1,-1,-1,-1,-1,-1
12314,-1,-1,-1,-1,-1,-1,-1,-1
12315,-1,-1,-1,-1,-1,-1,-1,-1
12316,-1,-1,-1,-1,-1,-1,-1,-1
12317,-1,-1,-1,-1,-1,-1,-1,-1
12318,-1,-1,-1,-1,-1,-1,-1,-1
12319,-1,-1,-1,-1,-1,-1,-1,-1
12320,-1,-1,-1,-1,-1,-1,-1,-1
12321,-1,-1,-1,-1,-1,-1,-1,-1
12322,-1,-1,-1,-1,-1,-1,-1,-1
12323,-1,-1,-1,-1,-1,-1,-1,-1
12324,-1,-1,-1,-1,-1,-1,-1,-1
12325,-1,-1,-1,-1,-1,-1,-1,-1
12326,-1,-1,-1,-1,-1,-1,-1,-1
12327,-1,-1,-1,-1,-1,-1,-1,-1
12328,-1,-1,-1,-1,-1,-1,-1,-1
12329,-1,-1,-1,-1,-1,-1,-1,-1
12330,-1,-1,-1,-1,-1,-1,-1,-1
12331,-1,-1,-1,-1,-1,-1,-1,-1
12332,-1,-1,-1,-1,-1,-1,-1,-1
12333,-1,-1,-1,-1,-1,-1,-1,-1
12334,-1,-1,-1,-1,-1,-1,-1,-1
12335,-1,-1,-1,-1,-1,-1,-1,-1
12336,-1,-1,-1,-1,-1,-1,-1,-1
12337,-1,-1,-1,-1,-1,-1,-1,-1
12338,-1,-1,-1,-1,-1,-1,-1,-1
12339,-1,-1,-1,-1,-1,-1,-1,-1
12340,-1,-1,-1,-1,-1,-1,-1,-1
12341,-1,-1,-1,-1,-1,-1,-1,-1
12342,-1,-1,-1,-1,-1,-1,-1,-1
12343,-1,-1,-1,-1,-1,-1,-1,-1
12344,-1,-1,-1,-1,-1,-1,-1,-1
12345,-1,-1,-1,-1,-1,-1,-1,-1
12346,-1,-1,-1,-1,-1,-1,-1,-1
12347,-1,-1,-1,-1,-1,-1,-1,-1
12348,-1,-1,-1,-1,-1,-1,-1,-1
12349,-1,-1,-1,-1,-1,-1,-1,-1
12350,-1,-1,-1,-1,-1,-1,-1,-1
12351,-1,-1,-1,-1,-1,-1,-1,-1
12352,-1,-1,-1,-1,-1,-1,-1,-1
12353,-1,-1,-1,-1,-1,-1,-1,-1
12354,-1,-1,-1,-1,-1,-1,-1,-1
12355,10011791,10012079,10012367,10012655,10012943,10013231,10013519,10013807
12356,10011790,10012078,10012366,10012654,10012942,10013230,10013518,10013806
12357,10011789,10012077,10012365,10012653,10012941,10013229,10013517,10013805
12358,10011788,10012076,10012364,10012652,10012940,10013228,10013516,10013804
12359,10011787,10012075,10012363,10012651,10012939,10013227,10013515,10013803
12360,10011786,10012074,10012362,10012650,10012938,10013226,10013514,10013802
12361,10011785,10012073,10012361,10012649,10012937,10013225,10013513,10013801
12362,10011784,10012072,10012360,10012648,10012936,10013224,10013512,10013800
12363,-1,-1,-1,-1,-1,-1,-1,-1
12364,-1,-1,-1,-1,-1,-1,-1,-1
12365,-1,-1,-1,-1,-1,-1,-1,-1
12366,-1,-1,-1,-1,-1,-1,-1,-1
12367,-1,-1,-1,-1,-1,-1,-1,-1
12368,-1,-1,-1,-1,-1,-1,-1,-1
12369,-1,-1,-1,-1,-1,-1,-1,-1
12370,-1,-1,-1,-1,-1,-1,-1,-1
12371,-1,-1,-1,-1,-1,-1,-1,-1
12372,-1,-1,-1,-1,-1,-1,-1,-1
12373,-1,-1,-1,-1,-1,-1,-1,-1
12374,-1,-1,-1,-1,-1,-1,-1,-1
12375,-1,-1,-1,-1,-1,-1,-1,-1
12376,-1,-1,-1,-1,-1,-1,-1,-1
12377,-1,-1,-1,-1,-1,-1,-1,-1
12378,-1,-1,-1,-1,-1,-1,-1,-1
12379,-1,-1,-1,-1,-1,-1,-1,-1
12380,-1,-1,-1,-1,-1,-1,-1,-1
12381,-1,-1,-1,-1,-1,-1,-1,-1
12382,-1,-1,-1,-1,-1,-1,-1,-1
12383,-1,-1,-1,-1,-1,-1,-1,-1
12384,-1,-1,-1,-1,-1,-1,-1,-1
12385,-1,-1,-1,-1,-1,-1,-1,-1
12386,-1,-1,-1,-1,-1,-1,-1,-1
12387,-1,-1,-1,-1,-1,-1,-1,-1
12388,-1,-1,-1,-1,-1,-1,-1,-1
12389,-1,-1,-1,-1,-1,-1,-1,-1
12390,-1,-1,-1,-1,-1,-1,-1,-1
12391,-1,-1,-1,-1,-1,-1,-1,-1
12392,-1,-1,-1,-1,-1,-1,-1,-1
12393,-1,-1,-1,-1,-1,-1,-1,-1
12394,-1,-1,-1,-1,-1,-1,-1,-1
12395,-1,-1,-1,-1,-1,-1,-1,-1
12396,-1,-1,-1,-1,-1,-1,-1,-1
12397,-1,-1,-1,-1,-1,-1,-1,-1
12398,-1,-1,-1,-1,-1,-1,-1,-1
12399,-1,-1,-1,-1,-1,-1,-1,-1
12400,-1,-1,-1,-1,-1,-1,-1,-1
12401,-1,-1,-1,-1,-1,-1,-1,-1
12402,-1,-1,-1,-1,-1,-1,-1,-1
12403,-1,-1,-1,-1,-1,-1,-1,-1
12404,-1,-1,-1,-1,-1,-1,-1,-1
12405,-1,-1,-1,-1,-1,-1,-1,-1
12406,-1,-1,-1,-1,-1,-1,-1,-1
12407,-1,-1,-1,-1,-1,-1,-1,-1
12408,-1,-1,-1,-1,-1,-1,-1,-1
12409,-1,-1,-1,-1,-1,-1,-1,-1
12410,-1,-1,-1,-1,-1,-1,-1,-1
12411,-1,-1,-1,-1,-1,-1,-1,-1
12412,-1,-1,-1,-1,-1,-1,-1,-1
12413,10011799,10012087,10012375,10012663,10012951,10013239,10013527,10013815
12414,10011798,10012086,10012374,10012662,10012950,10013238,10013526,10013814
12415,10011797,10012085,10012373,10012661,10012949,10013237,10013525,10013813
12416,10011796,10012084,10012372,10012660,10012948,10013236,10013524,10013812
12417,10011795,10012083,10012371,10012659,10012947,10013235,10013523,10013811
12418,10011794,10012082,10012370,10012658,10012946,10013234,10013522,10013810
12419,10011793,10012081,10012369,10012657,10012945,10013233,10013521,10013809
12420,10011792,10012080,10012368,10012656,10012944,10013232,10013520,10013808
12421,-1,-1,-1,-1,-1,-1,-1,-1
12422,-1,-1,-1,-1,-1,-1,-1,-1
12423,-1,-1,-1,-1,-1,-1,-1,-1
12424,-1,-1,-1,-1,-1,-1,-1,-1
12425,-1,-1,-1,-1,-1,-1,-1,-1
12426,-1,-1,-1,-1,-1,-1,-1,-1
12427,-1,-1,-1,-1,-1,-1,-1,-1
12428,-1,-1,-1,-1,-1,-1,-1,-1
12429,-1,-1,-1,-1,-1,-1,-1,-1
12430,-1,-1,-1,-1,-1,-1,-1,-1
12431,-1,-1,-1,-1,-1,-1,-1,-1
12432,-1,-1,-1,-1,-1,-1,-1,-1
12433,-1,-1,-1,-1,-1,-1,-1,-1
12434,-1,-1,-1,-1,-1,-1,-1,-1
12435,-1,-1,-1,-1,-1,-1,-1,-1
12436,-1,-1,-1,-1,-1,-1,-1,-1
12437,-1,-1,-1,-1,-1,-1,-1,-1
12438,-1,-1,-1,-1,-1,-1,-1,-1
12439,-1,-1,-1,-1,-1,-1,-1,-1
12440,-1,-1,-1,-1,-1,-1,-1,-1
12441,-1,-1,-1,-1,-1,-1,-1,-1
12442,-1,-1,-1,-1,-1,-1,-1,-1
12443,-1,-1,-1,-1,-1,-1,-1,-1
12444,-1,-1,-1,-1,-1,-1,-1,-1
12445,-1,-1,-1,-1,-1,-1,-1,-1
12446,-1,-1,-1,-1,-1,-1,-1,-1
12447,-1,-1,-1,-1,-1,-1,-1,-1
12448,-1,-1,-1,-1,-1,-1,-1,-1
12449,-1,-1,-1,-1,-1,-1,-1,-1
12450,-1,-1,-1,-1,-1,-1,-1,-1
12451,-1,-1,-1,-1,-1,-1,-1,-1
12452,-1,-1,-1,-1,-1,-1,-1,-1
12453,-1,-1,-1,-1,-1,-1,-1,-1
12454,-1,-1,-1,-1,-1,-1,-1,-1
12455,-1,-1,-1,-1,-1,-1,-1,-1
12456,-1,-1,-1,-1,-1,-1,-1,-1
12457,-1,-1,-1,-1,-1,-1,-1,-1
12458,-1,-1,-1,-1,-1,-1,-1,-1
12459,-1,-1,-1,-1,-1,-1,-1,-1
12460,-1,-1,-1,-1,-1,-1,-1,-1
12461,-1,-1,-1,-1,-1,-1,-1,-1
12462,-1,-1,-1,-1,-1,-1,-1,-1
12463,-1,-1,-1,-1,-1,-1,-1,-1
12464,-1,-1,-1,-1,-1,-1,-1,-1
12465,-1,-1,-1,-1,-1,-1,-1,-1
12466,-1,-1,-1,-1,-1,-1,-1,-1
12467,-1,-1,-1,-1,-1,-1,-1,-1
12468,-1,-1,-1,-1,-1,-1,-1,-1
12469,-1,-1,-1,-1,-1,-1,-1,-1
12470,-1,-1,-1,-1,-1,-1,-1,-1
12471,10011807,10012095,10012383,10012671,10012959,10013247,10013535,10013823
12472,10011806,10012094,10012382,10012670,10012958,10013246,10013534,10013822
12473,10011805,10012093,10012381,10012669,10012957,10013245,10013533,10013821
12474,10011804,10012092,10012380,10012668,10012956,10013244,10013532,10013820
12475,10011803,10012091,10012379,10012667,10012955,10013243,10013531,10013819
12476,10011802,10012090,10012378,10012666,10012954,10013242,10013530,10013818
12477,10011801,10012089,10012377,10012665,10012953,10013241,10013529,10013817
12478,10011800,10012088,10012376,10012664,10012952,10013240,10013528,10013816
12479,-1,-1,-1,-1,-1,-1,-1,-1
12480,-1,-1,-1,-1,-1,-1,-1,-1
12481,-1,-1,-1,-1,-1,-1,-1,-1
12482,-1,-1,-1,-1,-1,-1,-1,-1
12483,-1,-1,-1,-1,-1,-1,-1,-1
12484,-1,-1,-1,-1,-1,-1,-1,-1
12485,-1,-1,-1,-1,-1,-1,-1,-1
12486,-1,-1,-1,-1,-1,-1,-1,-1
12487,-1,-1,-1,-1,-1,-1,-1,-1
12488,-1,-1,-1,-1,-1,-1,-1,-1
12489,-1,-1,-1,-1,-1,-1,-1,-1
12490,-1,-1,-1,-1,-1,-1,-1,-1
12491,-1,-1,-1,-1,-1,-1,-1,-1
12492,-1,-1,-1,-1,-1,-1,-1,-1
12493,-1,-1,-1,-1,-1,-1,-1,-1
12494,-1,-1,-1,-1,-1,-1,-1,-1
12495,-1,-1,-1,-1,-1,-1,-1,-1
12496,-1,-1,-1,-1,-1,-1,-1,-1
12497,-1,-1,-1,-1,-1,-1,-1,-1
12498,-1,-1,-1,-1,-1,-1,-1,-1
12499,-1,-1,-1,-1,-1,-1,-1,-1
12500,-1,-1,-1,-1,-1,-1,-1,-1
12501,-1,-1,-1,-1,-1,-1,-1,-1
12502,-1,-1,-1,-1,-1,-1,-1,-1
12503,-1,-1,-1,-1,-1,-1,-1,-1
12504,-1,-1,-1,-1,-1,-1,-1,-1
12505,-1,-1,-1,-1,-1,-1,-1,-1
12506,-1,-1,-1,-1,-1,-1,-1,-1
12507,-1,-1,-1,-1,-1,-1,-1,-1
12508,-1,-1,-1,-1,-1,-1,-1,-1
12509,-1,-1,-1,-1,-1,-1,-1,-1
12510,-1,-1,-1,-1,-1,-1,-1,-1
12511,-1,-1,-1,-1,-1,-1,-1,-1
12512,-1,-1,-1,-1,-1,-1,-1,-1
12513,-1,-1,-1,-1,-1,-1,-1,-1
12514,-1,-1,-1,-1,-1,-1,-1,-1
12515,-1,-1,-1,-1,-1,-1,-1,-1
12516,-1,-1,-1,-1,-1,-1,-1,-1
12517,-1,-1,-1,-1,-1,-1,-1,-1
12518,-1,-1,-1,-1,-1,-1,-1,-1
12519,-1,-1,-1,-1,-1,-1,-1,-1
12520,-1,-1,-1,-1,-1,-1,-1,-1
12521,-1,-1,-1,-1,-1,-1,-1,-1
12522,-1,-1,-1,-1,-1,-1,-1,-1
12523,-1,-1,-1,-1,-1,-1,-1,-1
12524,-1,-1,-1,-1,-1,-1,-1,-1
12525,-1,-1,-1,-1,-1,-1,-1,-1
12526,-1,-1,-1,-1,-1,-1,-1,-1
12527,-1,-1,-1,-1,-1,-1,-1,-1
12528,-1,-1,-1,-1,-1,-1,-1,-1
12529,10013831,10014119,10014407,10014695,10014983,10015271,10015559,10015847
12530,10013830,10014118,10014406,10014694,10014982,10015270,10015558,10015846
12531,10013829,10014117,10014405,10014693,10014981,10015269,10015557,10015845
12532,10013828,10014116,10014404,10014692,10014980,10015268,10015556,10015844
12533,10013827,10014115,10014403,10014691,10014979,10015267,10015555,10015843
12534,10013826,10014114,10014402,10014690,10014978,10015266,10015554,10015842
12535,10013825,10014113,10014401,10014689,10014977,10015265,10015553,10015841
12536,10013824,10014112,10014400,10014688,10014976,10015264,10015552,10015840
12537,-1,-1,-1,-1,-1,-1,-1,-1
12538,-1,-1,-1,-1,-1,-1,-1,-1
12539,-1,-1,-1,-1,-1,-1,-1,-1
12540,-1,-1,-1,-1,-1,-1,-1,-1
12541,-1,-1,-1,-1,-1,-1,-1,-1
12542,-1,-1,-1,-1,-1,-1,-1,-1
12543,-1,-1,-1,-1,-1,-1,-1,-1
12544,-1,-1,-1,-1,-1,-1,-1,-1
12545,-1,-1,-1,-1,-1,-1,-1,-1
12546,-1,-1,-1,-1,-1,-1,-1,-1
12547,-1,-1,-1,-1,-1,-1,-1,-1
12548,-1,-1,-1,-1,-1,-1,-1,-1
12549,-1,-1,-1,-1,-1,-1,-1,-1
12550,-1,-1,-1,-1,-1,-1,-1,-1
12551,-1,-1,-1,-1,-1,-1,-1,-1
12552,-1,-1,-1,-1,-1,-1,-1,-1
12553,-1,-1,-1,-1,-1,-1,-1,-1
12554,-1,-1,-1,-1,-1,-1,-1,-1
12555,-1,-1,-1,-1,-1,-1,-1,-1
12556,-1,-1,-1,-1,-1,-1,-1,-1
12557,-1,-1,-1,-1,-1,-1,-1,-1
12558,-1,-1,-1,-1,-1,-1,-1,-1
12559,-1,-1,-1,-1,-1,-1,-1,-1
12560,-1,-1,-1,-1,-1,-1,-1,-1
12561,-1,-1,-1,-1,-1,-1,-1,-1
12562,-1,-1,-1,-1,-1,-1,-1,-1
12563,-1,-1,-1,-1,-1,-1,-1,-1
12564,-1,-1,-1,-1,-1,-1,-1,-1
12565,-1,-1,-1,-1,-1,-1,-1,-1
12566,-1,-1,-1,-1,-1,-1,-1,-1
12567,-1,-1,-1,-1,-1,-1,-1,-1
12568,-1,-1,-1,-1,-1,-1,-1,-1
12569,-1,-1,-1,-1,-1,-1,-1,-1
12570,-1,-1,-1,-1,-1,-1,-1,-1
12571,-1,-1,-1,-1,-1,-1,-1,-1
12572,-1,-1,-1,-1,-1,-1,-1,-1
12573,-1,-1,-1,-1,-1,-1,-1,-1
12574,-1,-1,-1,-1,-1,-1,-1,-1
12575,-1,-1,-1,-1,-1,-1,-1,-1
12576,-1,-1,-1,-1,-1,-1,-1,-1
12577,-1,-1,-1,-1,-1,-1,-1,-1
12578,-1,-1,-1,-1,-1,-1,-1,-1
12579,-1,-1,-1,-1,-1,-1,-1,-1
12580,-1,-1,-1,-1,-1,-1,-1,-1
12581,-1,-1,-1,-1,-1,-1,-1,-1
12582,-1,-1,-1,-1,-1,-1,-1,-1
12583,-1,-1,-1,-1,-1,-1,-1,-1
12584,-1,-1,-1,-1,-1,-1,-1,-1
12585,-1,-1,-1,-1,-1,-1,-1,-1
12586,-1,-1,-1,-1,-1,-1,-1,-1
12587,10013839,10014127,10014415,10014703,10014991,10015279,10015567,10015855
12588,10013838,10014126,10014414,10014702,10014990,10015278,10015566,10015854
12589,10013837,10014125,10014413,10014701,10014989,10015277,10015565,10015853
12590,10013836,10014124,10014412,10014700,10014988,10015276,10015564,10015852
12591,10013835,10014123,10014411,10014699,10014987,10015275,10015563,10015851
12592,10013834,10014122,10014410,10014698,10014986,10015274,10015562,10015850
12593,10013833,10014121,10014409,10014697,10014985,10015273,10015561,10015849
12594,10013832,10014120,10014408,10014696,10014984,10015272,10015560,10015848
12595,-1,-1,-1,-1,-1,-1,-1,-1
12596,-1,-1,-1,-1,-1,-1,-1,-1
12597,-1,-1,-1,-1,-1,-1,-1,-1
12598,-1,-1,-1,-1,-1,-1,-1,-1
12599,-1,-1,-1,-1,-1,-1,-1,-1
12600,-1,-1,-1,-1,-1,-1,-1,-1
12601,-1,-1,-1,-1,-1,-1,-1,-1
12602,-1,-1,-1,-1,-1,-1,-1,-1
12603,-1,-1,-1,-1,-1,-1,-1,-1
12604,-1,-1,-1,-1,-1,-1,-1,-1
12605,-1,-1,-1,-1,-1,-1,-1,-1
12606,-1,-1,-1,-1,-1,-1,-1,-1
12607,-1,-1,-1,-1,-1,-1,-1,-1
12608,-1,-1,-1,-1,-1,-1,-1,-1
12609,-1,-1,-1,-1,-1,-1,-1,-1
12610,-1,-1,-1,-1,-1,-1,-1,-1
12611,-1,-1,-1,-1,-1,-1,-1,-1
12612,-1,-1,-1,-1,-1,-1,-1,-1
12613,-1,-1,-1,-1,-1,-1,-1,-1
12614,-1,-1,-1,-1,-1,-1,-1,-1
12615,-1,-1,-1,-1,-1,-1,-1,-1
12616,-1,-1,-1,-1,-1,-1,-1,-1
12617,-1,-1,-1,-1,-1,-1,-1,-1
12618,-1,-1,-1,-1,-1,-1,-1,-1
12619,-1,-1,-1,-1,-1,-1,-1,-1
12620,-1,-1,-1,-1,-1,-1,-1,-1
12621,-1,-1,-1,-1,-1,-1,-1,-1
12622,-1,-1,-1,-1,-1,-1,-1,-1
12623,-1,-1,-1,-1,-1,-1,-1,-1
12624,-1,-1,-1,-1,-1,-1,-1,-1
12625,-1,-1,-1,-1,-1,-1,-1,-1
12626,-1,-1,-1,-1,-1,-1,-1,-1
12627,-1,-1,-1,-1,-1,-1,-1,-1
12628,-1,-1,-1,-1,-1,-1,-1,-1
12629,-1,-1,-1,-1,-1,-1,-1,-1
12630,-1,-1,-1,-1,-1,-1,-1,-1
12631,-1,-1,-1,-1,-1,-1,-1,-1
12632,-1,-1,-1,-1,-1,-1,-1,-1
12633,-1,-1,-1,-1,-1,-1,-1,-1
12634,-1,-1,-1,-1,-1,-1,-1,-1
12635,-1,-1,-1,-1,-1,-1,-1,-1
12636,-1,-1,-1,-1,-1,-1,-1,-1
12637,-1,-1,-1,-1,-1,-1,-1,-1
12638,-1,-1,-1,-1,-1,-1,-1,-1
12639,-1,-1,-1,-1,-1,-1,-1,-1
12640,-1,-1,-1,-1,-1,-1,-1,-1
12641,-1,-1,-1,-1,-1,-1,-1,-1
12642,-1,-1,-1,-1,-1,-1,-1,-1
12643,-1,-1,-1,-1,-1,-1,-1,-1
12644,-1,-1,-1,-1,-1,-1,-1,-1
12645,10013847,10014135,10014423,10014711,10014999,10015287,10015575,10015863
12646,10013846,10014134,10014422,10014710,10014998,10015286,10015574,10015862
12647,10013845,10014133,10014421,10014709,10014997,10015285,10015573,10015861
12648,10013844,10014132,10014420,10014708,10014996,10015284,10015572,10015860
12649,10013843,10014131,10014419,10014707,10014995,10015283,10015571,10015859
12650,10013842,10014130,10014418,10014706,10014994,10015282,10015570,10015858
12651,10013841,10014129,10014417,10014705,10014993,10015281,10015569,10015857
12652,10013840,10014128,10014416,10014704,10014992,10015280,10015568,10015856
12653,-1,-1,-1,-1,-1,-1,-1,-1
12654,-1,-1,-1,-1,-1,-1,-1,-1
12655,-1,-1,-1,-1,-1,-1,-1,-1
12656,-1,-1,-1,-1,-1,-1,-1,-1
12657,-1,-1,-1,-1,-1,-1,-1,-1
12658,-1,-1,-1,-1,-1,-1,-1,-1
12659,-1,-1,-1,-1,-1,-1,-1,-1
12660,-1,-1,-1,-1,-1,-1,-1,-1
12661,-1,-1,-1,-1,-1,-1,-1,-1
12662,-1,-1,-1,-1,-1,-1,-1,-1
12663,-1,-1,-1,-1,-1,-1,-1,-1
12664,-1,-1,-1,-1,-1,-1,-1,-1
12665,-1,-1,-1,-1,-1,-1,-1,-1
12666,-1,-1,-1,-1,-1,-1,-1,-1
12667,-1,-1,-1,-1,-1,-1,-1,-1
12668,-1,-1,-1,-1,-1,-1,-1,-1
12669,-1,-1,-1,-1,-1,-1,-1,-1
12670,-1,-1,-1,-1,-1,-1,-1,-1
12671,-1,-1,-1,-1,-1,-1,-1,-1
12672,-1,-1,-1,-1,-1,-1,-1,-1
12673,-1,-1,-1,-1,-1,-1,-1,-1
12674,-1,-1,-1,-1,-1,-1,-1,-1
12675,-1,-1,-1,-1,-1,-1,-1,-1
12676,-1,-1,-1,-1,-1,-1,-1,-1
12677,-1,-1,-1,-1,-1,-1,-1,-1
12678,-1,-1,-1,-1,-1,-1,-1,-1
12679,-1,-1,-1,-1,-1,-1,-1,-1
12680,-1,-1,-1,-1,-1,-1,-1,-1
12681,-1,-1,-1,-1,-1,-1,-1,-1
12682,-1,-1,-1,-1,-1,-1,-1,-1
12683,-1,-1,-1,-1,-1,-1,-1,-1
12684,-1,-1,-1,-1,-1,-1,-1,-1
12685,-1,-1,-1,-1,-1,-1,-1,-1
12686,-1,-1,-1,-1,-1,-1,-1,-1
12687,-1,-1,-1,-1,-1,-1,-1,-1
12688,-1,-1,-1,-1,-1,-1,-1,-1
12689,-1,-1,-1,-1,-1,-1,-1,-1
12690,-1,-1,-1,-1,-1,-1,-1,-1
12691,-1,-1,-1,-1,-1,-1,-1,-1
12692,-1,-1,-1,-1,-1,-1,-1,-1
12693,-1,-1,-1,-1,-1,-1,-1,-1
12694,-1,-1,-1,-1,-1,-1,-1,-1
12695,-1,-1,-1,-1,-1,-1,-1,-1
12696,-1,-1,-1,-1,-1,-1,-1,-1
12697,-1,-1,-1,-1,-1,-1,-1,-1
12698,-1,-1,-1,-1,-1,-1,-1,-1
12699,-1,-1,-1,-1,-1,-1,-1,-1
12700,-1,-1,-1,-1,-1,-1,-1,-1
12701,-1,-1,-1,-1,-1,-1,-1,-1
12702,-1,-1,-1,-1,-1,-1,-1,-1
12703,10013855,10014143,10014431,10014719,10015007,10015295,10015583,10015871
12704,10013854,10014142,10014430,10014718,10015006,10015294,10015582,10015870
12705,10013853,10014141,10014429,10014717,10015005,10015293,10015581,10015869
12706,10013852,10014140,10014428,10014716,10015004,10015292,10015580,10015868
12707,10013851,10014139,10014427,10014715,10015003,10015291,10015579,10015867
12708,10013850,10014138,10014426,10014714,10015002,10015290,10015578,10015866
12709,10013849,10014137,10014425,10014713,10015001,10015289,10015577,10015865
12710,10013848,10014136,10014424,10014712,10015000,10015288,10015576,10015864
12711,-1,-1,-1,-1,-1,-1,-1,-1
12712,-1,-1,-1,-1,-1,-1,-1,-1
12713,-1,-1,-1,-1,-1,-1,-1,-1
12714,-1,-1,-1,-1,-1,-1,-1,-1
12715,-1,-1,-1,-1,-1,-1,-1,-1
12716,-1,-1,-1,-1,-1,-1,-1,-1
12717,-1,-1,-1,-1,-1,-1,-1,-1
12718,-1,-1,-1,-1,-1,-1,-1,-1
12719,-1,-1,-1,-1,-1,-1,-1,-1
12720,-1,-1,-1,-1,-1,-1,-1,-1
12721,-1,-1,-1,-1,-1,-1,-1,-1
12722,-1,-1,-1,-1,-1,-1,-1,-1
12723,-1,-1,-1,-1,-1,-1,-1,-1
12724,-1,-1,-1,-1,-1,-1,-1,-1
12725,-1,-1,-1,-1,-1,-1,-1,-1
12726,-1,-1,-1,-1,-1,-1,-1,-1
12727,-1,-1,-1,-1,-1,-1,-1,-1
12728,-1,-1,-1,-1,-1,-1,-1,-1
12729,-1,-1,-1,-1,-1,-1,-1,-1
12730,-1,-1,-1,-1,-1,-1,-1,-1
12731,-1,-1,-1,-1,-1,-1,-1,-1
12732,-1,-1,-1,-1,-1,-1,-1,-1
12733,-1,-1,-1,-1,-1,-1,-1,-1
12734,-1,-1,-1,-1,-1,-1,-1,-1
12735,-1,-1,-1,-1,-1,-1,-1,-1
12736,-1,-1,-1,-1,-1,-1,-1,-1
12737,-1,-1,-1,-1,-1,-1,-1,-1
12738,-1,-1,-1,-1,-1,-1,-1,-1
12739,-1,-1,-1,-1,-1,-1,-1,-1
12740,-1,-1,-1,-1,-1,-1,-1,-1
12741,-1,-1,-1,-1,-1,-1,-1,-1
12742,-1,-1,-1,-1,-1,-1,-1,-1
12743,-1,-1,-1,-1,-1,-1,-1,-1
12744,-1,-1,-1,-1,-1,-1,-1,-1
12745,-1,-1,-1,-1,-1,-1,-1,-1
12746,-1,-1,-1,-1,-1,-1,-1,-1
12747,-1,-1,-1,-1,-1,-1,-1,-1
12748,-1,-1,-1,-1,-1,-1,-1,-1
12749,-1,-1,-1,-1,-1,-1,-1,-1
12750,-1,-1,-1,-1,-1,-1,-1,-1
12751,-1,-1,-1,-1,-1,-1,-1,-1
12752,-1,-1,-1,-1,-1,-1,-1,-1
12753,-1,-1,-1,-1,-1,-1,-1,-1
12754,-1,-1,-1,-1,-1,-1,-1,-1
12755,-1,-1,-1,-1,-1,-1,-1,-1
12756,-1,-1,-1,-1,-1,-1,-1,-1
12757,-1,-1,-1,-1,-1,-1,-1,-1
12758,-1,-1,-1,-1,-1,-1,-1,-1
12759,-1,-1,-1,-1,-1,-1,-1,-1
12760,-1,-1,-1,-1,-1,-1,-1,-1
12761,10013863,10014151,10014439,10014727,10015015,10015303,10015591,10015879
12762,10013862,10014150,10014438,10014726,10015014,10015302,10015590,10015878
12763,10013861,10014149,10014437,10014725,10015013,10015301,10015589,10015877
12764,10013860,10014148,10014436,10014724,10015012,10015300,10015588,10015876
12765,10013859,10014147,10014435,10014723,10015011,10015299,10015587,10015875
12766,10013858,10014146,10014434,10014722,10015010,10015298,10015586,10015874
12767,10013857,10014145,10014433,10014721,10015009,10015297,10015585,10015873
12768,10013856,10014144,10014432,10014720,10015008,10015296,10015584,10015872
12769,-1,-1,-1,-1,-1,-1,-1,-1
12770,-1,-1,-1,-1,-1,-1,-1,-1
12771,-1,-1,-1,-1,-1,-1,-1,-1
12772,-1,-1,-1,-1,-1,-1,-1,-1
12773,-1,-1,-1,-1,-1,-1,-1,-1
12774,-1,-1,-1,-1,-1,-1,-1,-1
12775,-1,-1,-1,-1,-1,-1,-1,-1
12776,-1,-1,-1,-1,-1,-1,-1,-1
12777,-1,-1,-1,-1,-1,-1,-1,-1
12778,-1,-1,-1,-1,-1,-1,-1,-1
12779,-1,-1,-1,-1,-1,-1,-1,-1
12780,-1,-1,-1,-1,-1,-1,-1,-1
12781,-1,-1,-1,-1,-1,-1,-1,-1
12782,-1,-1,-1,-1,-1,-1,-1,-1
12783,-1,-1,-1,-1,-1,-1,-1,-1
12784,-1,-1,-1,-1,-1,-1,-1,-1
12785,-1,-1,-1,-1,-1,-1,-1,-1
12786,-1,-1,-1,-1,-1,-1,-1,-1
12787,-1,-1,-1,-1,-1,-1,-1,-1
12788,-1,-1,-1,-1,-1,-1,-1,-1
12789,-1,-1,-1,-1,-1,-1,-1,-1
12790,-1,-1,-1,-1,-1,-1,-1,-1
12791,-1,-1,-1,-1,-1,-1,-1,-1
12792,-1,-1,-1,-1,-1,-1,-1,-1
12793,-1,-1,-1,-1,-1,-1,-1,-1
12794,-1,-1,-1,-1,-1,-1,-1,-1
12795,-1,-1,-1,-1,-1,-1,-1,-1
12796,-1,-1,-1,-1,-1,-1,-1,-1
12797,-1,-1,-1,-1,-1,-1,-1,-1
12798,-1,-1,-1,-1,-1,-1,-1,-1
12799,-1,-1,-1,-1,-1,-1,-1,-1
12800,-1,-1,-1,-1,-1,-1,-1,-1
12801,-1,-1,-1,-1,-1,-1,-1,-1
12802,-1,-1,-1,-1,-1,-1,-1,-1
12803,-1,-1,-1,-1,-1,-1,-1,-1
12804,-1,-1,-1,-1,-1,-1,-1,-1
12805,-1,-1,-1,-1,-1,-1,-1,-1
12806,-1,-1,-1,-1,-1,-1,-1,-1
12807,-1,-1,-1,-1,-1,-1,-1,-1
12808,-1,-1,-1,-1,-1,-1,-1,-1
12809,-1,-1,-1,-1,-1,-1,-1,-1
12810,-1,-1,-1,-1,-1,-1,-1,-1
12811,-1,-1,-1,-1,-1,-1,-1,-1
12812,-1,-1,-1,-1,-1,-1,-1,-1
12813,-1,-1,-1,-1,-1,-1,-1,-1
12814,-1,-1,-1,-1,-1,-1,-1,-1
12815,-1,-1,-1,-1,-1,-1,-1,-1
12816,-1,-1,-1,-1,-1,-1,-1,-1
12817,-1,-1,-1,-1,-1,-1,-1,-1
12818,-1,-1,-1,-1,-1,-1,-1,-1
12819,10013871,10014159,10014447,10014735,10015023,10015311,10015599,10015887
12820,10013870,10014158,10014446,10014734,10015022,10015310,10015598,10015886
12821,10013869,10014157,10014445,10014733,10015021,10015309,10015597,10015885
12822,10013868,10014156,10014444,10014732,10015020,10015308,10015596,10015884
12823,10013867,10014155,10014443,10014731,10015019,10015307,10015595,10015883
12824,10013866,10014154,10014442,10014730,10015018,10015306,10015594,10015882
12825,10013865,10014153,10014441,10014729,10015017,10015305,10015593,10015881
12826,10013864,10014152,10014440,10014728,10015016,10015304,10015592,10015880
12827,-1,-1,-1,-1,-1,-1,-1,-1
12828,-1,-1,-1,-1,-1,-1,-1,-1
12829,-1,-1,-1,-1,-1,-1,-1,-1
12830,-1,-1,-1,-1,-1,-1,-1,-1
12831,-1,-1,-1,-1,-1,-1,-1,-1
12832,-1,-1,-1,-1,-1,-1,-1,-1
12833,-1,-1,-1,-1,-1,-1,-1,-1
12834,-1,-1,-1,-1,-1,-1,-1,-1
12835,-1,-1,-1,-1,-1,-1,-1,-1
12836,-1,-1,-1,-1,-1,-1,-1,-1
12837,-1,-1,-1,-1,-1,-1,-1,-1
12838,-1,-1,-1,-1,-1,-1,-1,-1
12839,-1,-1,-1,-1,-1,-1,-1,-1
12840,-1,-1,-1,-1,-1,-1,-1,-1
12841,-1,-1,-1,-1,-1,-1,-1,-1
12842,-1,-1,-1,-1,-1,-1,-1,-1
12843,-1,-1,-1,-1,-1,-1,-1,-1
12844,-1,-1,-1,-1,-1,-1,-1,-1
12845,-1,-1,-1,-1,-1,-1,-1,-1
12846,-1,-1,-1,-1,-1,-1,-1,-1
12847,-1,-1,-1,-1,-1,-1,-1,-1
12848,-1,-1,-1,-1,-1,-1,-1,-1
12849,-1,-1,-1,-1,-1,-1,-1,-1
12850,-1,-1,-1,-1,-1,-1,-1,-1
12851,-1,-1,-1,-1,-1,-1,-1,-1
12852,-1,-1,-1,-1,-1,-1,-1,-1
12853,-1,-1,-1,-1,-1,-1,-1,-1
12854,-1,-1,-1,-1,-1,-1,-1,-1
12855,-1,-1,-1,-1,-1,-1,-1,-1
12856,-1,-1,-1,-1,-1,-1,-1,-1
12857,-1,-1,-1,-1,-1,-1,-1,-1
12858,-1,-1,-1,-1,-1,-1,-1,-1
12859,-1,-1,-1,-1,-1,-1,-1,-1
12860,-1,-1,-1,-1,-1,-1,-1,-1
12861,-1,-1,-1,-1,-1,-1,-1,-1
12862,-1,-1,-1,-1,-1,-1,-1,-1
12863,-1,-1,-1,-1,-1,-1,-1,-1
12864,-1,-1,-1,-1,-1,-1,-1,-1
12865,-1,-1,-1,-1,-1,-1,-1,-1
12866,-1,-1,-1,-1,-1,-1,-1,-1
12867,-1,-1,-1,-1,-1,-1,-1,-1
12868,-1,-1,-1,-1,-1,-1,-1,-1
12869,-1,-1,-1,-1,-1,-1,-1,-1
12870,-1,-1,-1,-1,-1,-1,-1,-1
12871,-1,-1,-1,-1,-1,-1,-1,-1
12872,-1,-1,-1,-1,-1,-1,-1,-1
12873,-1,-1,-1,-1,-1,-1,-1,-1
12874,-1,-1,-1,-1,-1,-1,-1,-1
12875,-1,-1,-1,-1,-1,-1,-1,-1
12876,-1,-1,-1,-1,-1,-1,-1,-1
12877,10013879,10014167,10014455,10014743,10015031,10015319,10015607,10015895
12878,10013878,10014166,10014454,10014742,10015030,10015318,10015606,10015894
12879,10013877,10014165,10014453,10014741,10015029,10015317,10015605,10015893
12880,10013876,10014164,10014452,10014740,10015028,10015316,10015604,10015892
12881,10013875,10014163,10014451,10014739,10015027,10015315,10015603,10015891
12882,10013874,10014162,10014450,10014738,10015026,10015314,10015602,10015890
12883,10013873,10014161,10014449,10014737,10015025,10015313,10015601,10015889
12884,10013872,10014160,10014448,10014736,10015024,10015312,10015600,10015888
12885,-1,-1,-1,-1,-1,-1,-1,-1
12886,-1,-1,-1,-1,-1,-1,-1,-1
12887,-1,-1,-1,-1,-1,-1,-1,-1
12888,-1,-1,-1,-1,-1,-1,-1,-1
12889,-1,-1,-1,-1,-1,-1,-1,-1
12890,-1,-1,-1,-1,-1,-1,-1,-1
12891,-1,-1,-1,-1,-1,-1,-1,-1
12892,-1,-1,-1,-1,-1,-1,-1,-1
12893,-1,-1,-1,-1,-1,-1,-1,-1
12894,-1,-1,-1,-1,-1,-1,-1,-1
12895,-1,-1,-1,-1,-1,-1,-1,-1
12896,-1,-1,-1,-1,-1,-1,-1,-1
12897,-1,-1,-1,-1,-1,-1,-1,-1
12898,-1,-1,-1,-1,-1,-1,-1,-1
12899,-1,-1,-1,-1,-1,-1,-1,-1
12900,-1,-1,-1,-1,-1,-1,-1,-1
12901,-1,-1,-1,-1,-1,-1,-1,-1
12902,-1,-1,-1,-1,-1,-1,-1,-1
12903,-1,-1,-1,-1,-1,-1,-1,-1
12904,-1,-1,-1,-1,-1,-1,-1,-1
12905,-1,-1,-1,-1,-1,-1,-1,-1
12906,-1,-1,-1,-1,-1,-1,-1,-1
12907,-1,-1,-1,-1,-1,-1,-1,-1
12908,-1,-1,-1,-1,-1,-1,-1,-1
12909,-1,-1,-1,-1,-1,-1,-1,-1
12910,-1,-1,-1,-1,-1,-1,-1,-1
12911,-1,-1,-1,-1,-1,-1,-1,-1
12912,-1,-1,-1,-1,-1,-1,-1,-1
12913,-1,-1,-1,-1,-1,-1,-1,-1
12914,-1,-1,-1,-1,-1,-1,-1,-1
12915,-1,-1,-1,-1,-1,-1,-1,-1
12916,-1,-1,-1,-1,-1,-1,-1,-1
12917,-1,-1,-1,-1,-1,-1,-1,-1
12918,-1,-1,-1,-1,-1,-1,-1,-1
12919,-1,-1,-1,-1,-1,-1,-1,-1
12920,-1,-1,-1,-1,-1,-1,-1,-1
12921,-1,-1,-1,-1,-1,-1,-1,-1
12922,-1,-1,-1,-1,-1,-1,-1,-1
12923,-1,-1,-1,-1,-1,-1,-1,-1
12924,-1,-1,-1,-1,-1,-1,-1,-1
12925,-1,-1,-1,-1,-1,-1,-1,-1
12926,-1,-1,-1,-1,-1,-1,-1,-1
12927,-1,-1,-1,-1,-1,-1,-1,-1
12928,-1,-1,-1,-1,-1,-1,-1,-1
12929,-1,-1,-1,-1,-1,-1,-1,-1
12930,-1,-1,-1,-1,-1,-1,-1,-1
12931,-1,-1,-1,-1,-1,-1,-1,-1
12932,-1,-1,-1,-1,-1,-1,-1,-1
12933,-1,-1,-1,-1,-1,-1,-1,-1
12934,-1,-1,-1,-1,-1,-1,-1,-1
12935,10013887,10014175,10014463,10014751,10015039,10015327,10015615,10015903
12936,10013886,10014174,10014462,10014750,10015038,10015326,10015614,10015902
12937,10013885,10014173,10014461,10014749,10015037,10015325,10015613,10015901
12938,10013884,10014172,10014460,10014748,10015036,10015324,10015612,10015900
12939,10013883,10014171,10014459,10014747,10015035,10015323,10015611,10015899
12940,10013882,10014170,10014458,10014746,10015034,10015322,10015610,10015898
12941,10013881,10014169,10014457,10014745,10015033,10015321,10015609,10015897
12942,10013880,10014168,10014456,10014744,10015032,10015320,10015608,10015896
12943,-1,-1,-1,-1,-1,-1,-1,-1
12944,-1,-1,-1,-1,-1,-1,-1,-1
12945,-1,-1,-1,-1,-1,-1,-1,-1
12946,-1,-1,-1,-1,-1,-1,-1,-1
12947,-1,-1,-1,-1,-1,-1,-1,-1
12948,-1,-1,-1,-1,-1,-1,-1,-1
12949,-1,-1,-1,-1,-1,-1,-1,-1
12950,-1,-1,-1,-1,-1,-1,-1,-1
12951,-1,-1,-1,-1,-1,-1,-1,-1
12952,-1,-1,-1,-1,-1,-1,-1,-1
12953,-1,-1,-1,-1,-1,-1,-1,-1
12954,-1,-1,-1,-1,-1,-1,-1,-1
12955,-1,-1,-1,-1,-1,-1,-1,-1
12956,-1,-1,-1,-1,-1,-1,-1,-1
12957,-1,-1,-1,-1,-1,-1,-1,-1
12958,-1,-1,-1,-1,-1,-1,-1,-1
12959,-1,-1,-1,-1,-1,-1,-1,-1
12960,-1,-1,-1,-1,-1,-1,-1,-1
12961,-1,-1,-1,-1,-1,-1,-1,-1
12962,-1,-1,-1,-1,-1,-1,-1,-1
12963,-1,-1,-1,-1,-1,-1,-1,-1
12964,-1,-1,-1,-1,-1,-1,-1,-1
12965,-1,-1,-1,-1,-1,-1,-1,-1
12966,-1,-1,-1,-1,-1,-1,-1,-1
12967,-1,-1,-1,-1,-1,-1,-1,-1
12968,-1,-1,-1,-1,-1,-1,-1,-1
12969,-1,-1,-1,-1,-1,-1,-1,-1
12970,-1,-1,-1,-1,-1,-1,-1,-1
12971,-1,-1,-1,-1,-1,-1,-1,-1
12972,-1,-1,-1,-1,-1,-1,-1,-1
12973,-1,-1,-1,-1,-1,-1,-1,-1
12974,-1,-1,-1,-1,-1,-1,-1,-1
12975,-1,-1,-1,-1,-1,-1,-1,-1
12976,-1,-1,-1,-1,-1,-1,-1,-1
12977,-1,-1,-1,-1,-1,-1,-1,-1
12978,-1,-1,-1,-1,-1,-1,-1,-1
12979,-1,-1,-1,-1,-1,-1,-1,-1
12980,-1,-1,-1,-1,-1,-1,-1,-1
12981,-1,-1,-1,-1,-1,-1,-1,-1
12982,-1,-1,-1,-1,-1,-1,-1,-1
12983,-1,-1,-1,-1,-1,-1,-1,-1
12984,-1,-1,-1,-1,-1,-1,-1,-1
12985,-1,-1,-1,-1,-1,-1,-1,-1
12986,-1,-1,-1,-1,-1,-1,-1,-1
12987,-1,-1,-1,-1,-1,-1,-1,-1
12988,-1,-1,-1,-1,-1,-1,-1,-1
12989,-1,-1,-1,-1,-1,-1,-1,-1
12990,-1,-1,-1,-1,-1,-1,-1,-1
12991,-1,-1,-1,-1,-1,-1,-1,-1
12992,-1,-1,-1,-1,-1,-1,-1,-1
12993,10013895,10014183,10014471,10014759,10015047,10015335,10015623,10015911
12994,10013894,10014182,10014470,10014758,10015046,10015334,10015622,10015910
12995,10013893,10014181,10014469,10014757,10015045,10015333,10015621,10015909
12996,10013892,10014180,10014468,10014756,10015044,10015332,10015620,10015908
12997,10013891,10014179,10014467,10014755,10015043,10015331,10015619,10015907
12998,10013890,10014178,10014466,10014754,10015042,10015330,10015618,10015906
12999,10013889,10014177,10014465,10014753,10015041,10015329,10015617,10015905
13000,10013888,10014176,10014464,10014752,10015040,10015328,10015616,10015904
13001,-1,-1,-1,-1,-1,-1,-1,-1
13002,-1,-1,-1,-1,-1,-1,-1,-1
13003,-1,-1,-1,-1,-1,-1,-1,-1
13004,-1,-1,-1,-1,-1,-1,-1,-1
13005,-1,-1,-1,-1,-1,-1,-1,-1
13006,-1,-1,-1,-1,-1,-1,-1,-1
13007,-1,-1,-1,-1,-1,-1,-1,-1
13008,-1,-1,-1,-1,-1,-1,-1,-1
13009,-1,-1,-1,-1,-1,-1,-1,-1
13010,-1,-1,-1,-1,-1,-1,-1,-1
13011,-1,-1,-1,-1,-1,-1,-1,-1
13012,-1,-1,-1,-1,-1,-1,-1,-1
13013,-1,-1,-1,-1,-1,-1,-1,-1
13014,-1,-1,-1,-1,-1,-1,-1,-1
13015,-1,-1,-1,-1,-1,-1,-1,-1
13016,-1,-1,-1,-1,-1,-1,-1,-1
13017,-1,-1,-1,-1,-1,-1,-1,-1
13018,-1,-1,-1,-1,-1,-1,-1,-1
13019,-1,-1,-1,-1,-1,-1,-1,-1
13020,-1,-1,-1,-1,-1,-1,-1,-1
13021,-1,-1,-1,-1,-1,-1,-1,-1
13022,-1,-1,-1,-1,-1,-1,-1,-1
13023,-1,-1,-1,-1,-1,-1,-1,-1
13024,-1,-1,-1,-1,-1,-1,-1,-1
13025,-1,-1,-1,-1,-1,-1,-1,-1
13026,-1,-1,-1,-1,-1,-1,-1,-1
13027,-1,-1,-1,-1,-1,-1,-1,-1
13028,-1,-1,-1,-1,-1,-1,-1,-1
13029,-1,-1,-1,-1,-1,-1,-1,-1
13030,-1,-1,-1,-1,-1,-1,-1,-1
13031,-1,-1,-1,-1,-1,-1,-1,-1
13032,-1,-1,-1,-1,-1,-1,-1,-1
13033,-1,-1,-1,-1,-1,-1,-1,-1
13034,-1,-1,-1,-1,-1,-1,-1,-1
13035,-1,-1,-1,-1,-1,-1,-1,-1
13036,-1,-1,-1,-1,-1,-1,-1,-1
13037,-1,-1,-1,-1,-1,-1,-1,-1
13038,-1,-1,-1,-1,-1,-1,-1,-1
13039,-1,-1,-1,-1,-1,-1,-1,-1
13040,-1,-1,-1,-1,-1,-1,-1,-1
13041,-1,-1,-1,-1,-1,-1,-1,-1
13042,-1,-1,-1,-1,-1,-1,-1,-1
13043,-1,-1,-1,-1,-1,-1,-1,-1
13044,-1,-1,-1,-1,-1,-1,-1,-1
13045,-1,-1,-1,-1,-1,-1,-1,-1
13046,-1,-1,-1,-1,-1,-1,-1,-1
13047,-1,-1,-1,-1,-1,-1,-1,-1
13048,-1,-1,-1,-1,-1,-1,-1,-1
13049,-1,-1,-1,-1,-1,-1,-1,-1
13050,-1,-1,-1,-1,-1,-1,-1,-1
13051,10013903,10014191,10014479,10014767,10015055,10015343,10015631,10015919
13052,10013902,10014190,10014478,10014766,10015054,10015342,10015630,10015918
13053,10013901,10014189,10014477,10014765,10015053,10015341,10015629,10015917
13054,10013900,10014188,10014476,10014764,10015052,10015340,10015628,10015916
13055,10013899,10014187,10014475,10014763,10015051,10015339,10015627,10015915
13056,10013898,10014186,10014474,10014762,10015050,10015338,10015626,10015914
13057,10013897,10014185,10014473,10014761,10015049,10015337,10015625,10015913
13058,10013896,10014184,10014472,10014760,10015048,10015336,10015624,10015912
13059,-1,-1,-1,-1,-1,-1,-1,-1
13060,-1,-1,-1,-1,-1,-1,-1,-1
13061,-1,-1,-1,-1,-1,-1,-1,-1
13062,-1,-1,-1,-1,-1,-1,-1,-1
13063,-1,-1,-1,-1,-1,-1,-1,-1
13064,-1,-1,-1,-1,-1,-1,-1,-1
13065,-1,-1,-1,-1,-1,-1,-1,-1
13066,-1,-1,-1,-1,-1,-1,-1,-1
13067,-1,-1,-1,-1,-1,-1,-1,-1
13068,-1,-1,-1,-1,-1,-1,-1,-1
13069,-1,-1,-1,-1,-1,-1,-1,-1
13070,-1,-1,-1,-1,-1,-1,-1,-1
13071,-1,-1,-1,-1,-1,-1,-1,-1
13072,-1,-1,-1,-1,-1,-1,-1,-1
13073,-1,-1,-1,-1,-1,-1,-1,-1
13074,-1,-1,-1,-1,-1,-1,-1,-1
13075,-1,-1,-1,-1,-1,-1,-1,-1
13076,-1,-1,-1,-1,-1,-1,-1,-1
13077,-1,-1,-1,-1,-1,-1,-1,-1
13078,-1,-1,-1,-1,-1,-1,-1,-1
13079,-1,-1,-1,-1,-1,-1,-1,-1
13080,-1,-1,-1,-1,-1,-1,-1,-1
13081,-1,-1,-1,-1,-1,-1,-1,-1
13082,-1,-1,-1,-1,-1,-1,-1,-1
13083,-1,-1,-1,-1,-1,-1,-1,-1
13084,-1,-1,-1,-1,-1,-1,-1,-1
13085,-1,-1,-1,-1,-1,-1,-1,-1
13086,-1,-1,-1,-1,-1,-1,-1,-1
13087,-1,-1,-1,-1,-1,-1,-1,-1
13088,-1,-1,-1,-1,-1,-1,-1,-1
13089,-1,-1,-1,-1,-1,-1,-1,-1
13090,-1,-1,-1,-1,-1,-1,-1,-1
13091,-1,-1,-1,-1,-1,-1,-1,-1
13092,-1,-1,-1,-1,-1,-1,-1,-1
13093,-1,-1,-1,-1,-1,-1,-1,-1
13094,-1,-1,-1,-1,-1,-1,-1,-1
13095,-1,-1,-1,-1,-1,-1,-1,-1
13096,-1,-1,-1,-1,-1,-1,-1,-1
13097,-1,-1,-1,-1,-1,-1,-1,-1
13098,-1,-1,-1,-1,-1,-1,-1,-1
13099,-1,-1,-1,-1,-1,-1,-1,-1
13100,-1,-1,-1,-1,-1,-1,-1,-1
13101,-1,-1,-1,-1,-1,-1,-1,-1
13102,-1,-1,-1,-1,-1,-1,-1,-1
13103,-1,-1,-1,-1,-1,-1,-1,-1
13104,-1,-1,-1,-1,-1,-1,-1,-1
13105,-1,-1,-1,-1,-1,-1,-1,-1
13106,-1,-1,-1,-1,-1,-1,-1,-1
13107,-1,-1,-1,-1,-1,-1,-1,-1
13108,-1,-1,-1,-1,-1,-1,-1,-1
13109,10013911,10014199,10014487,10014775,10015063,10015351,10015639,10015927
13110,10013910,10014198,10014486,10014774,10015062,10015350,10015638,10015926
13111,10013909,10014197,10014485,10014773,10015061,10015349,10015637,10015925
13112,10013908,10014196,10014484,10014772,10015060,10015348,10015636,10015924
13113,10013907,10014195,10014483,10014771,10015059,10015347,10015635,10015923
13114,10013906,10014194,10014482,10014770,10015058,10015346,10015634,10015922
13115,10013905,10014193,10014481,10014769,10015057,10015345,10015633,10015921
13116,10013904,10014192,10014480,10014768,10015056,10015344,10015632,10015920
13117,-1,-1,-1,-1,-1,-1,-1,-1
13118,-1,-1,-1,-1,-1,-1,-1,-1
13119,-1,-1,-1,-1,-1,-1,-1,-1
13120,-1,-1,-1,-1,-1,-1,-1,-1
13121,-1,-1,-1,-1,-1,-1,-1,-1
13122,-1,-1,-1,-1,-1,-1,-1,-1
13123,-1,-1,-1,-1,-1,-1,-1,-1
13124,-1,-1,-1,-1,-1,-1,-1,-1
13125,-1,-1,-1,-1,-1,-1,-1,-1
13126,-1,-1,-1,-1,-1,-1,-1,-1
13127,-1,-1,-1,-1,-1,-1,-1,-1
13128,-1,-1,-1,-1,-1,-1,-1,-1
13129,-1,-1,-1,-1,-1,-1,-1,-1
13130,-1,-1,-1,-1,-1,-1,-1,-1
13131,-1,-1,-1,-1,-1,-1,-1,-1
13132,-1,-1,-1,-1,-1,-1,-1,-1
13133,-1,-1,-1,-1,-1,-1,-1,-1
13134,-1,-1,-1,-1,-1,-1,-1,-1
13135,-1,-1,-1,-1,-1,-1,-1,-1
13136,-1,-1,-1,-1,-1,-1,-1,-1
13137,-1,-1,-1,-1,-1,-1,-1,-1
13138,-1,-1,-1,-1,-1,-1,-1,-1
13139,-1,-1,-1,-1,-1,-1,-1,-1
13140,-1,-1,-1,-1,-1,-1,-1,-1
13141,-1,-1,-1,-1,-1,-1,-1,-1
13142,-1,-1,-1,-1,-1,-1,-1,-1
13143,-1,-1,-1,-1,-1,-1,-1,-1
13144,-1,-1,-1,-1,-1,-1,-1,-1
13145,-1,-1,-1,-1,-1,-1,-1,-1
13146,-1,-1,-1,-1,-1,-1,-1,-1
13147,-1,-1,-1,-1,-1,-1,-1,-1
13148,-1,-1,-1,-1,-1,-1,-1,-1
13149,-1,-1,-1,-1,-1,-1,-1,-1
13150,-1,-1,-1,-1,-1,-1,-1,-1
13151,-1,-1,-1,-1,-1,-1,-1,-1
13152,-1,-1,-1,-1,-1,-1,-1,-1
13153,-1,-1,-1,-1,-1,-1,-1,-1
13154,-1,-1,-1,-1,-1,-1,-1,-1
13155,-1,-1,-1,-1,-1,-1,-1,-1
13156,-1,-1,-1,-1,-1,-1,-1,-1
13157,-1,-1,-1,-1,-1,-1,-1,-1
13158,-1,-1,-1,-1,-1,-1,-1,-1
13159,-1,-1,-1,-1,-1,-1,-1,-1
13160,-1,-1,-1,-1,-1,-1,-1,-1
13161,-1,-1,-1,-1,-1,-1,-1,-1
13162,-1,-1,-1,-1,-1,-1,-1,-1
13163,-1,-1,-1,-1,-1,-1,-1,-1
13164,-1,-1,-1,-1,-1,-1,-1,-1
13165,-1,-1,-1,-1,-1,-1,-1,-1
13166,-1,-1,-1,-1,-1,-1,-1,-1
13167,10013919,10014207,10014495,10014783,10015071,10015359,10015647,10015935
13168,10013918,10014206,10014494,10014782,10015070,10015358,10015646,10015934
13169,10013917,10014205,10014493,10014781,10015069,10015357,10015645,10015933
13170,10013916,10014204,10014492,10014780,10015068,10015356,10015644,10015932
13171,10013915,10014203,10014491,10014779,10015067,10015355,10015643,10015931
13172,10013914,10014202,10014490,10014778,10015066,10015354,10015642,10015930
13173,10013913,10014201,10014489,10014777,10015065,10015353,10015641,10015929
13174,10013912,10014200,10014488,10014776,10015064,10015352,10015640,10015928
13175,-1,-1,-1,-1,-1,-1,-1,-1
13176,-1,-1,-1,-1,-1,-1,-1,-1
13177,-1,-1,-1,-1,-1,-1,-1,-1
13178,-1,-1,-1,-1,-1,-1,-1,-1
13179,-1,-1,-1,-1,-1,-1,-1,-1
13180,-1,-1,-1,-1,-1,-1,-1,-1
13181,-1,-1,-1,-1,-1,-1,-1,-1
13182,-1,-1,-1,-1,-1,-1,-1,-1
13183,-1,-1,-1,-1,-1,-1,-1,-1
13184,-1,-1,-1,-1,-1,-1,-1,-1
13185,-1,-1,-1,-1,-1,-1,-1,-1
13186,-1,-1,-1,-1,-1,-1,-1,-1
13187,-1,-1,-1,-1,-1,-1,-1,-1
13188,-1,-1,-1,-1,-1,-1,-1,-1
13189,-1,-1,-1,-1,-1,-1,-1,-1
13190,-1,-1,-1,-1,-1,-1,-1,-1
13191,-1,-1,-1,-1,-1,-1,-1,-1
13192,-1,-1,-1,-1,-1,-1,-1,-1
13193,-1,-1,-1,-1,-1,-1,-1,-1
13194,-1,-1,-1,-1,-1,-1,-1,-1
13195,-1,-1,-1,-1,-1,-1,-1,-1
13196,-1,-1,-1,-1,-1,-1,-1,-1
13197,-1,-1,-1,-1,-1,-1,-1,-1
13198,-1,-1,-1,-1,-1,-1,-1,-1
13199,-1,-1,-1,-1,-1,-1,-1,-1
13200,-1,-1,-1,-1,-1,-1,-1,-1
13201,-1,-1,-1,-1,-1,-1,-1,-1
13202,-1,-1,-1,-1,-1,-1,-1,-1
13203,-1,-1,-1,-1,-1,-1,-1,-1
13204,-1,-1,-1,-1,-1,-1,-1,-1
13205,-1,-1,-1,-1,-1,-1,-1,-1
13206,-1,-1,-1,-1,-1,-1,-1,-1
13207,-1,-1,-1,-1,-1,-1,-1,-1
13208,-1,-1,-1,-1,-1,-1,-1,-1
13209,-1,-1,-1,-1,-1,-1,-1,-1
13210,-1,-1,-1,-1,-1,-1,-1,-1
13211,-1,-1,-1,-1,-1,-1,-1,-1
13212,-1,-1,-1,-1,-1,-1,-1,-1
13213,-1,-1,-1,-1,-1,-1,-1,-1
13214,-1,-1,-1,-1,-1,-1,-1,-1
13215,-1,-1,-1,-1,-1,-1,-1,-1
13216,-1,-1,-1,-1,-1,-1,-1,-1
13217,-1,-1,-1,-1,-1,-1,-1,-1
13218,-1,-1,-1,-1,-1,-1,-1,-1
13219,-1,-1,-1,-1,-1,-1,-1,-1
13220,-1,-1,-1,-1,-1,-1,-1,-1
13221,-1,-1,-1,-1,-1,-1,-1,-1
13222,-1,-1,-1,-1,-1,-1,-1,-1
13223,-1,-1,-1,-1,-1,-1,-1,-1
13224,-1,-1,-1,-1,-1,-1,-1,-1
13225,10013927,10014215,10014503,10014791,10015079,10015367,10015655,10015943
13226,10013926,10014214,10014502,10014790,10015078,10015366,10015654,10015942
13227,10013925,10014213,10014501,10014789,10015077,10015365,10015653,10015941
13228,10013924,10014212,10014500,10014788,10015076,10015364,10015652,10015940
13229,10013923,10014211,10014499,10014787,10015075,10015363,10015651,10015939
13230,10013922,10014210,10014498,10014786,10015074,10015362,10015650,10015938
13231,10013921,10014209,10014497,10014785,10015073,10015361,10015649,10015937
13232,10013920,10014208,10014496,10014784,10015072,10015360,10015648,10015936
13233,-1,-1,-1,-1,-1,-1,-1,-1
13234,-1,-1,-1,-1,-1,-1,-1,-1
13235,-1,-1,-1,-1,-1,-1,-1,-1
13236,-1,-1,-1,-1,-1,-1,-1,-1
13237,-1,-1,-1,-1,-1,-1,-1,-1
13238,-1,-1,-1,-1,-1,-1,-1,-1
13239,-1,-1,-1,-1,-1,-1,-1,-1
13240,-1,-1,-1,-1,-1,-1,-1,-1
13241,-1,-1,-1,-1,-1,-1,-1,-1
13242,-1,-1,-1,-1,-1,-1,-1,-1
13243,-1,-1,-1,-1,-1,-1,-1,-1
13244,-1,-1,-1,-1,-1,-1,-1,-1
13245,-1,-1,-1,-1,-1,-1,-1,-1
13246,-1,-1,-1,-1,-1,-1,-1,-1
13247,-1,-1,-1,-1,-1,-1,-1,-1
13248,-1,-1,-1,-1,-1,-1,-1,-1
13249,-1,-1,-1,-1,-1,-1,-1,-1
13250,-1,-1,-1,-1,-1,-1,-1,-1
13251,-1,-1,-1,-1,-1,-1,-1,-1
13252,-1,-1,-1,-1,-1,-1,-1,-1
13253,-1,-1,-1,-1,-1,-1,-1,-1
13254,-1,-1,-1,-1,-1,-1,-1,-1
13255,-1,-1,-1,-1,-1,-1,-1,-1
13256,-1,-1,-1,-1,-1,-1,-1,-1
13257,-1,-1,-1,-1,-1,-1,-1,-1
13258,-1,-1,-1,-1,-1,-1,-1,-1
13259,-1,-1,-1,-1,-1,-1,-1,-1
13260,-1,-1,-1,-1,-1,-1,-1,-1
13261,-1,-1,-1,-1,-1,-1,-1,-1
13262,-1,-1,-1,-1,-1,-1,-1,-1
13263,-1,-1,-1,-1,-1,-1,-1,-1
13264,-1,-1,-1,-1,-1,-1,-1,-1
13265,-1,-1,-1,-1,-1,-1,-1,-1
13266,-1,-1,-1,-1,-1,-1,-1,-1
13267,-1,-1,-1,-1,-1,-1,-1,-1
13268,-1,-1,-1,-1,-1,-1,-1,-1
13269,-1,-1,-1,-1,-1,-1,-1,-1
13270,-1,-1,-1,-1,-1,-1,-1,-1
13271,-1,-1,-1,-1,-1,-1,-1,-1
13272,-1,-1,-1,-1,-1,-1,-1,-1
13273,-1,-1,-1,-1,-1,-1,-1,-1
13274,-1,-1,-1,-1,-1,-1,-1,-1
13275,-1,-1,-1,-1,-1,-1,-1,-1
13276,-1,-1,-1,-1,-1,-1,-1,-1
13277,-1,-1,-1,-1,-1,-1,-1,-1
13278,-1,-1,-1,-1,-1,-1,-1,-1
13279,-1,-1,-1,-1,-1,-1,-1,-1
13280,-1,-1,-1,-1,-1,-1,-1,-1
13281,-1,-1,-1,-1,-1,-1,-1,-1
13282,-1,-1,-1,-1,-1,-1,-1,-1
13283,10013935,10014223,10014511,10014799,10015087,10015375,10015663,10015951
13284,10013934,10014222,10014510,10014798,10015086,10015374,10015662,10015950
13285,10013933,10014221,10014509,10014797,10015085,10015373,10015661,10015949
13286,10013932,10014220,10014508,10014796,10015084,10015372,10015660,10015948
13287,10013931,10014219,10014507,10014795,10015083,10015371,10015659,10015947
13288,10013930,10014218,10014506,10014794,10015082,10015370,10015658,10015946
13289,10013929,10014217,10014505,10014793,10015081,10015369,10015657,10015945
13290,10013928,10014216,10014504,10014792,10015080,10015368,10015656,10015944
13291,-1,-1,-1,-1,-1,-1,-1,-1
13292,-1,-1,-1,-1,-1,-1,-1,-1
13293,-1,-1,-1,-1,-1,-1,-1,-1
13294,-1,-1,-1,-1,-1,-1,-1,-1
13295,-1,-1,-1,-1,-1,-1,-1,-1
13296,-1,-1,-1,-1,-1,-1,-1,-1
13297,-1,-1,-1,-1,-1,-1,-1,-1
13298,-1,-1,-1,-1,-1,-1,-1,-1
13299,-1,-1,-1,-1,-1,-1,-1,-1
13300,-1,-1,-1,-1,-1,-1,-1,-1
13301,-1,-1,-1,-1,-1,-1,-1,-1
13302,-1,-1,-1,-1,-1,-1,-1,-1
13303,-1,-1,-1,-1,-1,-1,-1,-1
13304,-1,-1,-1,-1,-1,-1,-1,-1
13305,-1,-1,-1,-1,-1,-1,-1,-1
13306,-1,-1,-1,-1,-1,-1,-1,-1
13307,-1,-1,-1,-1,-1,-1,-1,-1
13308,-1,-1,-1,-1,-1,-1,-1,-1
13309,-1,-1,-1,-1,-1,-1,-1,-1
13310,-1,-1,-1,-1,-1,-1,-1,-1
13311,-1,-1,-1,-1,-1,-1,-1,-1
13312,-1,-1,-1,-1,-1,-1,-1,-1
13313,-1,-1,-1,-1,-1,-1,-1,-1
13314,-1,-1,-1,-1,-1,-1,-1,-1
13315,-1,-1,-1,-1,-1,-1,-1,-1
13316,-1,-1,-1,-1,-1,-1,-1,-1
13317,-1,-1,-1,-1,-1,-1,-1,-1
13318,-1,-1,-1,-1,-1,-1,-1,-1
13319,-1,-1,-1,-1,-1,-1,-1,-1
13320,-1,-1,-1,-1,-1,-1,-1,-1
13321,-1,-1,-1,-1,-1,-1,-1,-1
13322,-1,-1,-1,-1,-1,-1,-1,-1
13323,-1,-1,-1,-1,-1,-1,-1,-1
13324,-1,-1,-1,-1,-1,-1,-1,-1
13325,-1,-1,-1,-1,-1,-1,-1,-1
13326,-1,-1,-1,-1,-1,-1,-1,-1
13327,-1,-1,-1,-1,-1,-1,-1,-1
13328,-1,-1,-1,-1,-1,-1,-1,-1
13329,-1,-1,-1,-1,-1,-1,-1,-1
13330,-1,-1,-1,-1,-1,-1,-1,-1
13331,-1,-1,-1,-1,-1,-1,-1,-1
13332,-1,-1,-1,-1,-1,-1,-1,-1
13333,-1,-1,-1,-1,-1,-1,-1,-1
13334,-1,-1,-1,-1,-1,-1,-1,-1
13335,-1,-1,-1,-1,-1,-1,-1,-1
13336,-1,-1,-1,-1,-1,-1,-1,-1
13337,-1,-1,-1,-1,-1,-1,-1,-1
13338,-1,-1,-1,-1,-1,-1,-1,-1
13339,-1,-1,-1,-1,-1,-1,-1,-1
13340,-1,-1,-1,-1,-1,-1,-1,-1
13341,10013943,10014231,10014519,10014807,10015095,10015383,10015671,10015959
13342,10013942,10014230,10014518,10014806,10015094,10015382,10015670,10015958
13343,10013941,10014229,10014517,10014805,10015093,10015381,10015669,10015957
13344,10013940,10014228,10014516,10014804,10015092,10015380,10015668,10015956
13345,10013939,10014227,10014515,10014803,10015091,10015379,10015667,10015955
13346,10013938,10014226,10014514,10014802,10015090,10015378,10015666,10015954
13347,10013937,10014225,10014513,10014801,10015089,10015377,10015665,10015953
13348,10013936,10014224,10014512,10014800,10015088,10015376,10015664,10015952
13349,-1,-1,-1,-1,-1,-1,-1,-1
13350,-1,-1,-1,-1,-1,-1,-1,-1
13351,-1,-1,-1,-1,-1,-1,-1,-1
13352,-1,-1,-1,-1,-1,-1,-1,-1
13353,-1,-1,-1,-1,-1,-1,-1,-1
13354,-1,-1,-1,-1,-1,-1,-1,-1
13355,-1,-1,-1,-1,-1,-1,-1,-1
13356,-1,-1,-1,-1,-1,-1,-1,-1
13357,-1,-1,-1,-1,-1,-1,-1,-1
13358,-1,-1,-1,-1,-1,-1,-1,-1
13359,-1,-1,-1,-1,-1,-1,-1,-1
13360,-1,-1,-1,-1,-1,-1,-1,-1
13361,-1,-1,-1,-1,-1,-1,-1,-1
13362,-1,-1,-1,-1,-1,-1,-1,-1
13363,-1,-1,-1,-1,-1,-1,-1,-1
13364,-1,-1,-1,-1,-1,-1,-1,-1
13365,-1,-1,-1,-1,-1,-1,-1,-1
13366,-1,-1,-1,-1,-1,-1,-1,-1
13367,-1,-1,-1,-1,-1,-1,-1,-1
13368,-1,-1,-1,-1,-1,-1,-1,-1
13369,-1,-1,-1,-1,-1,-1,-1,-1
13370,-1,-1,-1,-1,-1,-1,-1,-1
13371,-1,-1,-1,-1,-1,-1,-1,-1
13372,-1,-1,-1,-1,-1,-1,-1,-1
13373,-1,-1,-1,-1,-1,-1,-1,-1
13374,-1,-1,-1,-1,-1,-1,-1,-1
13375,-1,-1,-1,-1,-1,-1,-1,-1
13376,-1,-1,-1,-1,-1,-1,-1,-1
13377,-1,-1,-1,-1,-1,-1,-1,-1
13378,-1,-1,-1,-1,-1,-1,-1,-1
13379,-1,-1,-1,-1,-1,-1,-1,-1
13380,-1,-1,-1,-1,-1,-1,-1,-1
13381,-1,-1,-1,-1,-1,-1,-1,-1
13382,-1,-1,-1,-1,-1,-1,-1,-1
13383,-1,-1,-1,-1,-1,-1,-1,-1
13384,-1,-1,-1,-1,-1,-1,-1,-1
13385,-1,-1,-1,-1,-1,-1,-1,-1
13386,-1,-1,-1,-1,-1,-1,-1,-1
13387,-1,-1,-1,-1,-1,-1,-1,-1
13388,-1,-1,-1,-1,-1,-1,-1,-1
13389,-1,-1,-1,-1,-1,-1,-1,-1
13390,-1,-1,-1,-1,-1,-1,-1,-1
13391,-1,-1,-1,-1,-1,-1,-1,-1
13392,-1,-1,-1,-1,-1,-1,-1,-1
13393,-1,-1,-1,-1,-1,-1,-1,-1
13394,-1,-1,-1,-1,-1,-1,-1,-1
13395,-1,-1,-1,-1,-1,-1,-1,-1
13396,-1,-1,-1,-1,-1,-1,-1,-1
13397,-1,-1,-1,-1,-1,-1,-1,-1
13398,-1,-1,-1,-1,-1,-1,-1,-1
13399,10013951,10014239,10014527,10014815,10015103,10015391,10015679,10015967
13400,10013950,10014238,10014526,10014814,10015102,10015390,10015678,10015966
13401,10013949,10014237,10014525,10014813,10015101,10015389,10015677,10015965
13402,10013948,10014236,10014524,10014812,10015100,10015388,10015676,10015964
13403,10013947,10014235,10014523,10014811,10015099,10015387,10015675,10015963
13404,10013946,10014234,10014522,10014810,10015098,10015386,10015674,10015962
13405,10013945,10014233,10014521,10014809,10015097,10015385,10015673,10015961
13406,10013944,10014232,10014520,10014808,10015096,10015384,10015672,10015960
13407,-1,-1,-1,-1,-1,-1,-1,-1
13408,-1,-1,-1,-1,-1,-1,-1,-1
13409,-1,-1,-1,-1,-1,-1,-1,-1
13410,-1,-1,-1,-1,-1,-1,-1,-1
13411,-1,-1,-1,-1,-1,-1,-1,-1
13412,-1,-1,-1,-1,-1,-1,-1,-1
13413,-1,-1,-1,-1,-1,-1,-1,-1
13414,-1,-1,-1,-1,-1,-1,-1,-1
13415,-1,-1,-1,-1,-1,-1,-1,-1
13416,-1,-1,-1,-1,-1,-1,-1,-1
13417,-1,-1,-1,-1,-1,-1,-1,-1
13418,-1,-1,-1,-1,-1,-1,-1,-1
13419,-1,-1,-1,-1,-1,-1,-1,-1
13420,-1,-1,-1,-1,-1,-1,-1,-1
13421,-1,-1,-1,-1,-1,-1,-1,-1
13422,-1,-1,-1,-1,-1,-1,-1,-1
13423,-1,-1,-1,-1,-1,-1,-1,-1
13424,-1,-1,-1,-1,-1,-1,-1,-1
13425,-1,-1,-1,-1,-1,-1,-1,-1
13426,-1,-1,-1,-1,-1,-1,-1,-1
13427,-1,-1,-1,-1,-1,-1,-1,-1
13428,-1,-1,-1,-1,-1,-1,-1,-1
13429,-1,-1,-1,-1,-1,-1,-1,-1
13430,-1,-1,-1,-1,-1,-1,-1,-1
13431,-1,-1,-1,-1,-1,-1,-1,-1
13432,-1,-1,-1,-1,-1,-1,-1,-1
13433,-1,-1,-1,-1,-1,-1,-1,-1
13434,-1,-1,-1,-1,-1,-1,-1,-1
13435,-1,-1,-1,-1,-1,-1,-1,-1
13436,-1,-1,-1,-1,-1,-1,-1,-1
13437,-1,-1,-1,-1,-1,-1,-1,-1
13438,-1,-1,-1,-1,-1,-1,-1,-1
13439,-1,-1,-1,-1,-1,-1,-1,-1
13440,-1,-1,-1,-1,-1,-1,-1,-1
13441,-1,-1,-1,-1,-1,-1,-1,-1
13442,-1,-1,-1,-1,-1,-1,-1,-1
13443,-1,-1,-1,-1,-1,-1,-1,-1
13444,-1,-1,-1,-1,-1,-1,-1,-1
13445,-1,-1,-1,-1,-1,-1,-1,-1
13446,-1,-1,-1,-1,-1,-1,-1,-1
13447,-1,-1,-1,-1,-1,-1,-1,-1
13448,-1,-1,-1,-1,-1,-1,-1,-1
13449,-1,-1,-1,-1,-1,-1,-1,-1
13450,-1,-1,-1,-1,-1,-1,-1,-1
13451,-1,-1,-1,-1,-1,-1,-1,-1
13452,-1,-1,-1,-1,-1,-1,-1,-1
13453,-1,-1,-1,-1,-1,-1,-1,-1
13454,-1,-1,-1,-1,-1,-1,-1,-1
13455,-1,-1,-1,-1,-1,-1,-1,-1
13456,-1,-1,-1,-1,-1,-1,-1,-1
13457,10013959,10014247,10014535,10014823,10015111,10015399,10015687,10015975
13458,10013958,10014246,10014534,10014822,10015110,10015398,10015686,10015974
13459,10013957,10014245,10014533,10014821,10015109,10015397,10015685,10015973
13460,10013956,10014244,10014532,10014820,10015108,10015396,10015684,10015972
13461,10013955,10014243,10014531,10014819,10015107,10015395,10015683,10015971
13462,10013954,10014242,10014530,10014818,10015106,10015394,10015682,10015970
13463,10013953,10014241,10014529,10014817,10015105,10015393,10015681,10015969
13464,10013952,10014240,10014528,10014816,10015104,10015392,10015680,10015968
13465,-1,-1,-1,-1,-1,-1,-1,-1
13466,-1,-1,-1,-1,-1,-1,-1,-1
13467,-1,-1,-1,-1,-1,-1,-1,-1
13468,-1,-1,-1,-1,-1,-1,-1,-1
13469,-1,-1,-1,-1,-1,-1,-1,-1
13470,-1,-1,-1,-1,-1,-1,-1,-1
13471,-1,-1,-1,-1,-1,-1,-1,-1
13472,-1,-1,-1,-1,-1,-1,-1,-1
13473,-1,-1,-1,-1,-1,-1,-1,-1
13474,-1,-1,-1,-1,-1,-1,-1,-1
13475,-1,-1,-1,-1,-1,-1,-1,-1
13476,-1,-1,-1,-1,-1,-1,-1,-1
13477,-1,-1,-1,-1,-1,-1,-1,-1
13478,-1,-1,-1,-1,-1,-1,-1,-1
13479,-1,-1,-1,-1,-1,-1,-1,-1
13480,-1,-1,-1,-1,-1,-1,-1,-1
13481,-1,-1,-1,-1,-1,-1,-1,-1
13482,-1,-1,-1,-1,-1,-1,-1,-1
13483,-1,-1,-1,-1,-1,-1,-1,-1
13484,-1,-1,-1,-1,-1,-1,-1,-1
13485,-1,-1,-1,-1,-1,-1,-1,-1
13486,-1,-1,-1,-1,-1,-1,-1,-1
13487,-1,-1,-1,-1,-1,-1,-1,-1
13488,-1,-1,-1,-1,-1,-1,-1,-1
13489,-1,-1,-1,-1,-1,-1,-1,-1
13490,-1,-1,-1,-1,-1,-1,-1,-1
13491,-1,-1,-1,-1,-1,-1,-1,-1
13492,-1,-1,-1,-1,-1,-1,-1,-1
13493,-1,-1,-1,-1,-1,-1,-1,-1
13494,-1,-1,-1,-1,-1,-1,-1,-1
13495,-1,-1,-1,-1,-1,-1,-1,-1
13496,-1,-1,-1,-1,-1,-1,-1,-1
13497,-1,-1,-1,-1,-1,-1,-1,-1
13498,-1,-1,-1,-1,-1,-1,-1,-1
13499,-1,-1,-1,-1,-1,-1,-1,-1
13500,-1,-1,-1,-1,-1,-1,-1,-1
13501,-1,-1,-1,-1,-1,-1,-1,-1
13502,-1,-1,-1,-1,-1,-1,-1,-1
13503,-1,-1,-1,-1,-1,-1,-1,-1
13504,-1,-1,-1,-1,-1,-1,-1,-1
13505,-1,-1,-1,-1,-1,-1,-1,-1
13506,-1,-1,-1,-1,-1,-1,-1,-1
13507,-1,-1,-1,-1,-1,-1,-1,-1
13508,-1,-1,-1,-1,-1,-1,-1,-1
13509,-1,-1,-1,-1,-1,-1,-1,-1
13510,-1,-1,-1,-1,-1,-1,-1,-1
13511,-1,-1,-1,-1,-1,-1,-1,-1
13512,-1,-1,-1,-1,-1,-1,-1,-1
13513,-1,-1,-1,-1,-1,-1,-1,-1
13514,-1,-1,-1,-1,-1,-1,-1,-1
13515,10013967,10014255,10014543,10014831,10015119,10015407,10015695,10015983
13516,10013966,10014254,10014542,10014830,10015118,10015406,10015694,10015982
13517,10013965,10014253,10014541,10014829,10015117,10015405,10015693,10015981
13518,10013964,10014252,10014540,10014828,10015116,10015404,10015692,10015980
13519,10013963,10014251,10014539,10014827,10015115,10015403,10015691,10015979
13520,10013962,10014250,10014538,10014826,10015114,10015402,10015690,10015978
13521,10013961,10014249,10014537,10014825,10015113,10015401,10015689,10015977
13522,10013960,10014248,10014536,10014824,10015112,10015400,10015688,10015976
13523,-1,-1,-1,-1,-1,-1,-1,-1
13524,-1,-1,-1,-1,-1,-1,-1,-1
13525,-1,-1,-1,-1,-1,-1,-1,-1
13526,-1,-1,-1,-1,-1,-1,-1,-1
13527,-1,-1,-1,-1,-1,-1,-1,-1
13528,-1,-1,-1,-1,-1,-1,-1,-1
13529,-1,-1,-1,-1,-1,-1,-1,-1
13530,-1,-1,-1,-1,-1,-1,-1,-1
13531,-1,-1,-1,-1,-1,-1,-1,-1
13532,-1,-1,-1,-1,-1,-1,-1,-1
13533,-1,-1,-1,-1,-1,-1,-1,-1
13534,-1,-1,-1,-1,-1,-1,-1,-1
13535,-1,-1,-1,-1,-1,-1,-1,-1
13536,-1,-1,-1,-1,-1,-1,-1,-1
13537,-1,-1,-1,-1,-1,-1,-1,-1
13538,-1,-1,-1,-1,-1,-1,-1,-1
13539,-1,-1,-1,-1,-1,-1,-1,-1
13540,-1,-1,-1,-1,-1,-1,-1,-1
13541,-1,-1,-1,-1,-1,-1,-1,-1
13542,-1,-1,-1,-1,-1,-1,-1,-1
13543,-1,-1,-1,-1,-1,-1,-1,-1
13544,-1,-1,-1,-1,-1,-1,-1,-1
13545,-1,-1,-1,-1,-1,-1,-1,-1
13546,-1,-1,-1,-1,-1,-1,-1,-1
13547,-1,-1,-1,-1,-1,-1,-1,-1
13548,-1,-1,-1,-1,-1,-1,-1,-1
13549,-1,-1,-1,-1,-1,-1,-1,-1
13550,-1,-1,-1,-1,-1,-1,-1,-1
13551,-1,-1,-1,-1,-1,-1,-1,-1
13552,-1,-1,-1,-1,-1,-1,-1,-1
13553,-1,-1,-1,-1,-1,-1,-1,-1
13554,-1,-1,-1,-1,-1,-1,-1,-1
13555,-1,-1,-1,-1,-1,-1,-1,-1
13556,-1,-1,-1,-1,-1,-1,-1,-1
13557,-1,-1,-1,-1,-1,-1,-1,-1
13558,-1,-1,-1,-1,-1,-1,-1,-1
13559,-1,-1,-1,-1,-1,-1,-1,-1
13560,-1,-1,-1,-1,-1,-1,-1,-1
13561,-1,-1,-1,-1,-1,-1,-1,-1
13562,-1,-1,-1,-1,-1,-1,-1,-1
13563,-1,-1,-1,-1,-1,-1,-1,-1
13564,-1,-1,-1,-1,-1,-1,-1,-1
13565,-1,-1,-1,-1,-1,-1,-1,-1
13566,-1,-1,-1,-1,-1,-1,-1,-1
13567,-1,-1,-1,-1,-1,-1,-1,-1
13568,-1,-1,-1,-1,-1,-1,-1,-1
13569,-1,-1,-1,-1,-1,-1,-1,-1
13570,-1,-1,-1,-1,-1,-1,-1,-1
13571,-1,-1,-1,-1,-1,-1,-1,-1
13572,-1,-1,-1,-1,-1,-1,-1,-1
13573,10013975,10014263,10014551,10014839,10015127,10015415,10015703,10015991
13574,10013974,10014262,10014550,10014838,10015126,10015414,10015702,10015990
13575,10013973,10014261,10014549,10014837,10015125,10015413,10015701,10015989
13576,10013972,10014260,10014548,10014836,10015124,10015412,10015700,10015988
13577,10013971,10014259,10014547,10014835,10015123,10015411,10015699,10015987
13578,10013970,10014258,10014546,10014834,10015122,10015410,10015698,10015986
13579,10013969,10014257,10014545,10014833,10015121,10015409,10015697,10015985
13580,10013968,10014256,10014544,10014832,10015120,10015408,10015696,10015984
13581,-1,-1,-1,-1,-1,-1,-1,-1
13582,-1,-1,-1,-1,-1,-1,-1,-1
13583,-1,-1,-1,-1,-1,-1,-1,-1
13584,-1,-1,-1,-1,-1,-1,-1,-1
13585,-1,-1,-1,-1,-1,-1,-1,-1
13586,-1,-1,-1,-1,-1,-1,-1,-1
13587,-1,-1,-1,-1,-1,-1,-1,-1
13588,-1,-1,-1,-1,-1,-1,-1,-1
13589,-1,-1,-1,-1,-1,-1,-1,-1
13590,-1,-1,-1,-1,-1,-1,-1,-1
13591,-1,-1,-1,-1,-1,-1,-1,-1
13592,-1,-1,-1,-1,-1,-1,-1,-1
13593,-1,-1,-1,-1,-1,-1,-1,-1
13594,-1,-1,-1,-1,-1,-1,-1,-1
13595,-1,-1,-1,-1,-1,-1,-1,-1
13596,-1,-1,-1,-1,-1,-1,-1,-1
13597,-1,-1,-1,-1,-1,-1,-1,-1
13598,-1,-1,-1,-1,-1,-1,-1,-1
13599,-1,-1,-1,-1,-1,-1,-1,-1
13600,-1,-1,-1,-1,-1,-1,-1,-1
13601,-1,-1,-1,-1,-1,-1,-1,-1
13602,-1,-1,-1,-1,-1,-1,-1,-1
13603,-1,-1,-1,-1,-1,-1,-1,-1
13604,-1,-1,-1,-1,-1,-1,-1,-1
13605,-1,-1,-1,-1,-1,-1,-1,-1
13606,-1,-1,-1,-1,-1,-1,-1,-1
13607,-1,-1,-1,-1,-1,-1,-1,-1
13608,-1,-1,-1,-1,-1,-1,-1,-1
13609,-1,-1,-1,-1,-1,-1,-1,-1
13610,-1,-1,-1,-1,-1,-1,-1,-1
13611,-1,-1,-1,-1,-1,-1,-1,-1
13612,-1,-1,-1,-1,-1,-1,-1,-1
13613,-1,-1,-1,-1,-1,-1,-1,-1
13614,-1,-1,-1,-1,-1,-1,-1,-1
13615,-1,-1,-1,-1,-1,-1,-1,-1
13616,-1,-1,-1,-1,-1,-1,-1,-1
13617,-1,-1,-1,-1,-1,-1,-1,-1
13618,-1,-1,-1,-1,-1,-1,-1,-1
13619,-1,-1,-1,-1,-1,-1,-1,-1
13620,-1,-1,-1,-1,-1,-1,-1,-1
13621,-1,-1,-1,-1,-1,-1,-1,-1
13622,-1,-1,-1,-1,-1,-1,-1,-1
13623,-1,-1,-1,-1,-1,-1,-1,-1
13624,-1,-1,-1,-1,-1,-1,-1,-1
13625,-1,-1,-1,-1,-1,-1,-1,-1
13626,-1,-1,-1,-1,-1,-1,-1,-1
13627,-1,-1,-1,-1,-1,-1,-1,-1
13628,-1,-1,-1,-1,-1,-1,-1,-1
13629,-1,-1,-1,-1,-1,-1,-1,-1
13630,-1,-1,-1,-1,-1,-1,-1,-1
13631,10013983,10014271,10014559,10014847,10015135,10015423,10015711,10015999
13632,10013982,10014270,10014558,10014846,10015134,10015422,10015710,10015998
13633,10013981,10014269,10014557,10014845,10015133,10015421,10015709,10015997
13634,10013980,10014268,10014556,10014844,10015132,10015420,10015708,10015996
13635,10013979,10014267,10014555,10014843,10015131,10015419,10015707,10015995
13636,10013978,10014266,10014554,10014842,10015130,10015418,10015706,10015994
13637,10013977,10014265,10014553,10014841,10015129,10015417,10015705,10015993
13638,10013976,10014264,10014552,10014840,10015128,10015416,10015704,10015992
13639,-1,-1,-1,-1,-1,-1,-1,-1
13640,-1,-1,-1,-1,-1,-1,-1,-1
13641,-1,-1,-1,-1,-1,-1,-1,-1
13642,-1,-1,-1,-1,-1,-1,-1,-1
13643,-1,-1,-1,-1,-1,-1,-1,-1
13644,-1,-1,-1,-1,-1,-1,-1,-1
13645,-1,-1,-1,-1,-1,-1,-1,-1
13646,-1,-1,-1,-1,-1,-1,-1,-1
13647,-1,-1,-1,-1,-1,-1,-1,-1
13648,-1,-1,-1,-1,-1,-1,-1,-1
13649,-1,-1,-1,-1,-1,-1,-1,-1
13650,-1,-1,-1,-1,-1,-1,-1,-1
13651,-1,-1,-1,-1,-1,-1,-1,-1
13652,-1,-1,-1,-1,-1,-1,-1,-1
13653,-1,-1,-1,-1,-1,-1,-1,-1
13654,-1,-1,-1,-1,-1,-1,-1,-1
13655,-1,-1,-1,-1,-1,-1,-1,-1
13656,-1,-1,-1,-1,-1,-1,-1,-1
13657,-1,-1,-1,-1,-1,-1,-1,-1
13658,-1,-1,-1,-1,-1,-1,-1,-1
13659,-1,-1,-1,-1,-1,-1,-1,-1
13660,-1,-1,-1,-1,-1,-1,-1,-1
13661,-1,-1,-1,-1,-1,-1,-1,-1
13662,-1,-1,-1,-1,-1,-1,-1,-1
13663,-1,-1,-1,-1,-1,-1,-1,-1
13664,-1,-1,-1,-1,-1,-1,-1,-1
13665,-1,-1,-1,-1,-1,-1,-1,-1
13666,-1,-1,-1,-1,-1,-1,-1,-1
13667,-1,-1,-1,-1,-1,-1,-1,-1
13668,-1,-1,-1,-1,-1,-1,-1,-1
13669,-1,-1,-1,-1,-1,-1,-1,-1
13670,-1,-1,-1,-1,-1,-1,-1,-1
13671,-1,-1,-1,-1,-1,-1,-1,-1
13672,-1,-1,-1,-1,-1,-1,-1,-1
13673,-1,-1,-1,-1,-1,-1,-1,-1
13674,-1,-1,-1,-1,-1,-1,-1,-1
13675,-1,-1,-1,-1,-1,-1,-1,-1
13676,-1,-1,-1,-1,-1,-1,-1,-1
13677,-1,-1,-1,-1,-1,-1,-1,-1
13678,-1,-1,-1,-1,-1,-1,-1,-1
13679,-1,-1,-1,-1,-1,-1,-1,-1
13680,-1,-1,-1,-1,-1,-1,-1,-1
13681,-1,-1,-1,-1,-1,-1,-1,-1
13682,-1,-1,-1,-1,-1,-1,-1,-1
13683,-1,-1,-1,-1,-1,-1,-1,-1
13684,-1,-1,-1,-1,-1,-1,-1,-1
13685,-1,-1,-1,-1,-1,-1,-1,-1
13686,-1,-1,-1,-1,-1,-1,-1,-1
13687,-1,-1,-1,-1,-1,-1,-1,-1
13688,-1,-1,-1,-1,-1,-1,-1,-1
13689,10013991,10014279,10014567,10014855,10015143,10015431,10015719,10016007
13690,10013990,10014278,10014566,10014854,10015142,10015430,10015718,10016006
13691,10013989,10014277,10014565,10014853,10015141,10015429,10015717,10016005
13692,10013988,10014276,10014564,10014852,10015140,10015428,10015716,10016004
13693,10013987,10014275,10014563,10014851,10015139,10015427,10015715,10016003
13694,10013986,10014274,10014562,10014850,10015138,10015426,10015714,10016002
13695,10013985,10014273,10014561,10014849,10015137,10015425,10015713,10016001
13696,10013984,10014272,10014560,10014848,10015136,10015424,10015712,10016000
13697,-1,-1,-1,-1,-1,-1,-1,-1
13698,-1,-1,-1,-1,-1,-1,-1,-1
13699,-1,-1,-1,-1,-1,-1,-1,-1
13700,-1,-1,-1,-1,-1,-1,-1,-1
13701,-1,-1,-1,-1,-1,-1,-1,-1
13702,-1,-1,-1,-1,-1,-1,-1,-1
13703,-1,-1,-1,-1,-1,-1,-1,-1
13704,-1,-1,-1,-1,-1,-1,-1,-1
13705,-1,-1,-1,-1,-1,-1,-1,-1
13706,-1,-1,-1,-1,-1,-1,-1,-1
13707,-1,-1,-1,-1,-1,-1,-1,-1
13708,-1,-1,-1,-1,-1,-1,-1,-1
13709,-1,-1,-1,-1,-1,-1,-1,-1
13710,-1,-1,-1,-1,-1,-1,-1,-1
13711,-1,-1,-1,-1,-1,-1,-1,-1
13712,-1,-1,-1,-1,-1,-1,-1,-1
13713,-1,-1,-1,-1,-1,-1,-1,-1
13714,-1,-1,-1,-1,-1,-1,-1,-1
13715,-1,-1,-1,-1,-1,-1,-1,-1
13716,-1,-1,-1,-1,-1,-1,-1,-1
13717,-1,-1,-1,-1,-1,-1,-1,-1
13718,-1,-1,-1,-1,-1,-1,-1,-1
13719,-1,-1,-1,-1,-1,-1,-1,-1
13720,-1,-1,-1,-1,-1,-1,-1,-1
13721,-1,-1,-1,-1,-1,-1,-1,-1
13722,-1,-1,-1,-1,-1,-1,-1,-1
13723,-1,-1,-1,-1,-1,-1,-1,-1
13724,-1,-1,-1,-1,-1,-1,-1,-1
13725,-1,-1,-1,-1,-1,-1,-1,-1
13726,-1,-1,-1,-1,-1,-1,-1,-1
13727,-1,-1,-1,-1,-1,-1,-1,-1
13728,-1,-1,-1,-1,-1,-1,-1,-1
13729,-1,-1,-1,-1,-1,-1,-1,-1
13730,-1,-1,-1,-1,-1,-1,-1,-1
13731,-1,-1,-1,-1,-1,-1,-1,-1
13732,-1,-1,-1,-1,-1,-1,-1,-1
13733,-1,-1,-1,-1,-1,-1,-1,-1
13734,-1,-1,-1,-1,-1,-1,-1,-1
13735,-1,-1,-1,-1,-1,-1,-1,-1
13736,-1,-1,-1,-1,-1,-1,-1,-1
13737,-1,-1,-1,-1,-1,-1,-1,-1
13738,-1,-1,-1,-1,-1,-1,-1,-1
13739,-1,-1,-1,-1,-1,-1,-1,-1
13740,-1,-1,-1,-1,-1,-1,-1,-1
13741,-1,-1,-1,-1,-1,-1,-1,-1
13742,-1,-1,-1,-1,-1,-1,-1,-1
13743,-1,-1,-1,-1,-1,-1,-1,-1
13744,-1,-1,-1,-1,-1,-1,-1,-1
13745,-1,-1,-1,-1,-1,-1,-1,-1
13746,-1,-1,-1,-1,-1,-1,-1,-1
13747,10013999,10014287,10014575,10014863,10015151,10015439,10015727,10016015
13748,10013998,10014286,10014574,10014862,10015150,10015438,10015726,10016014
13749,10013997,10014285,10014573,10014861,10015149,10015437,10015725,10016013
13750,10013996,10014284,10014572,10014860,10015148,10015436,10015724,10016012
13751,10013995,10014283,10014571,10014859,10015147,10015435,10015723,10016011
13752,10013994,10014282,10014570,10014858,10015146,10015434,10015722,10016010
13753,10013993,10014281,10014569,10014857,10015145,10015433,10015721,10016009
13754,10013992,10014280,10014568,10014856,10015144,10015432,10015720,10016008
13755,-1,-1,-1,-1,-1,-1,-1,-1
13756,-1,-1,-1,-1,-1,-1,-1,-1
13757,-1,-1,-1,-1,-1,-1,-1,-1
13758,-1,-1,-1,-1,-1,-1,-1,-1
13759,-1,-1,-1,-1,-1,-1,-1,-1
13760,-1,-1,-1,-1,-1,-1,-1,-1
13761,-1,-1,-1,-1,-1,-1,-1,-1
13762,-1,-1,-1,-1,-1,-1,-1,-1
13763,-1,-1,-1,-1,-1,-1,-1,-1
13764,-1,-1,-1,-1,-1,-1,-1,-1
13765,-1,-1,-1,-1,-1,-1,-1,-1
13766,-1,-1,-1,-1,-1,-1,-1,-1
13767,-1,-1,-1,-1,-1,-1,-1,-1
13768,-1,-1,-1,-1,-1,-1,-1,-1
13769,-1,-1,-1,-1,-1,-1,-1,-1
13770,-1,-1,-1,-1,-1,-1,-1,-1
13771,-1,-1,-1,-1,-1,-1,-1,-1
13772,-1,-1,-1,-1,-1,-1,-1,-1
13773,-1,-1,-1,-1,-1,-1,-1,-1
13774,-1,-1,-1,-1,-1,-1,-1,-1
13775,-1,-1,-1,-1,-1,-1,-1,-1
13776,-1,-1,-1,-1,-1,-1,-1,-1
13777,-1,-1,-1,-1,-1,-1,-1,-1
13778,-1,-1,-1,-1,-1,-1,-1,-1
13779,-1,-1,-1,-1,-1,-1,-1,-1
13780,-1,-1,-1,-1,-1,-1,-1,-1
13781,-1,-1,-1,-1,-1,-1,-1,-1
13782,-1,-1,-1,-1,-1,-1,-1,-1
13783,-1,-1,-1,-1,-1,-1,-1,-1
13784,-1,-1,-1,-1,-1,-1,-1,-1
13785,-1,-1,-1,-1,-1,-1,-1,-1
13786,-1,-1,-1,-1,-1,-1,-1,-1
13787,-1,-1,-1,-1,-1,-1,-1,-1
13788,-1,-1,-1,-1,-1,-1,-1,-1
13789,-1,-1,-1,-1,-1,-1,-1,-1
13790,-1,-1,-1,-1,-1,-1,-1,-1
13791,-1,-1,-1,-1,-1,-1,-1,-1
13792,-1,-1,-1,-1,-1,-1,-1,-1
13793,-1,-1,-1,-1,-1,-1,-1,-1
13794,-1,-1,-1,-1,-1,-1,-1,-1
13795,-1,-1,-1,-1,-1,-1,-1,-1
13796,-1,-1,-1,-1,-1,-1,-1,-1
13797,-1,-1,-1,-1,-1,-1,-1,-1
13798,-1,-1,-1,-1,-1,-1,-1,-1
13799,-1,-1,-1,-1,-1,-1,-1,-1
13800,-1,-1,-1,-1,-1,-1,-1,-1
13801,-1,-1,-1,-1,-1,-1,-1,-1
13802,-1,-1,-1,-1,-1,-1,-1,-1
13803,-1,-1,-1,-1,-1,-1,-1,-1
13804,-1,-1,-1,-1,-1,-1,-1,-1
13805,10014007,10014295,10014583,10014871,10015159,10015447,10015735,10016023
13806,10014006,10014294,10014582,10014870,10015158,10015446,10015734,10016022
13807,10014005,10014293,10014581,10014869,10015157,10015445,10015733,10016021
13808,10014004,10014292,10014580,10014868,10015156,10015444,10015732,10016020
13809,10014003,10014291,10014579,10014867,10015155,10015443,10015731,10016019
13810,10014002,10014290,10014578,10014866,10015154,10015442,10015730,10016018
13811,10014001,10014289,10014577,10014865,10015153,10015441,10015729,10016017
13812,10014000,10014288,10014576,10014864,10015152,10015440,10015728,10016016
13813,-1,-1,-1,-1,-1,-1,-1,-1
13814,-1,-1,-1,-1,-1,-1,-1,-1
13815,-1,-1,-1,-1,-1,-1,-1,-1
13816,-1,-1,-1,-1,-1,-1,-1,-1
13817,-1,-1,-1,-1,-1,-1,-1,-1
13818,-1,-1,-1,-1,-1,-1,-1,-1
13819,-1,-1,-1,-1,-1,-1,-1,-1
13820,-1,-1,-1,-1,-1,-1,-1,-1
13821,-1,-1,-1,-1,-1,-1,-1,-1
13822,-1,-1,-1,-1,-1,-1,-1,-1
13823,-1,-1,-1,-1,-1,-1,-1,-1
13824,-1,-1,-1,-1,-1,-1,-1,-1
13825,-1,-1,-1,-1,-1,-1,-1,-1
13826,-1,-1,-1,-1,-1,-1,-1,-1
13827,-1,-1,-1,-1,-1,-1,-1,-1
13828,-1,-1,-1,-1,-1,-1,-1,-1
13829,-1,-1,-1,-1,-1,-1,-1,-1
13830,-1,-1,-1,-1,-1,-1,-1,-1
13831,-1,-1,-1,-1,-1,-1,-1,-1
13832,-1,-1,-1,-1,-1,-1,-1,-1
13833,-1,-1,-1,-1,-1,-1,-1,-1
13834,-1,-1,-1,-1,-1,-1,-1,-1
13835,-1,-1,-1,-1,-1,-1,-1,-1
13836,-1,-1,-1,-1,-1,-1,-1,-1
13837,-1,-1,-1,-1,-1,-1,-1,-1
13838,-1,-1,-1,-1,-1,-1,-1,-1
13839,-1,-1,-1,-1,-1,-1,-1,-1
13840,-1,-1,-1,-1,-1,-1,-1,-1
13841,-1,-1,-1,-1,-1,-1,-1,-1
13842,-1,-1,-1,-1,-1,-1,-1,-1
13843,-1,-1,-1,-1,-1,-1,-1,-1
13844,-1,-1,-1,-1,-1,-1,-1,-1
13845,-1,-1,-1,-1,-1,-1,-1,-1
13846,-1,-1,-1,-1,-1,-1,-1,-1
13847,-1,-1,-1,-1,-1,-1,-1,-1
13848,-1,-1,-1,-1,-1,-1,-1,-1
13849,-1,-1,-1,-1,-1,-1,-1,-1
13850,-1,-1,-1,-1,-1,-1,-1,-1
13851,-1,-1,-1,-1,-1,-1,-1,-1
13852,-1,-1,-1,-1,-1,-1,-1,-1
13853,-1,-1,-1,-1,-1,-1,-1,-1
13854,-1,-1,-1,-1,-1,-1,-1,-1
13855,-1,-1,-1,-1,-1,-1,-1,-1
13856,-1,-1,-1,-1,-1,-1,-1,-1
13857,-1,-1,-1,-1,-1,-1,-1,-1
13858,-1,-1,-1,-1,-1,-1,-1,-1
13859,-1,-1,-1,-1,-1,-1,-1,-1
13860,-1,-1,-1,-1,-1,-1,-1,-1
13861,-1,-1,-1,-1,-1,-1,-1,-1
13862,-1,-1,-1,-1,-1,-1,-1,-1
13863,10014015,10014303,10014591,10014879,10015167,10015455,10015743,10016031
13864,10014014,10014302,10014590,10014878,10015166,10015454,10015742,10016030
13865,10014013,10014301,10014589,10014877,10015165,10015453,10015741,10016029
13866,10014012,10014300,10014588,10014876,10015164,10015452,10015740,10016028
13867,10014011,10014299,10014587,10014875,10015163,10015451,10015739,10016027
13868,10014010,10014298,10014586,10014874,10015162,10015450,10015738,10016026
13869,10014009,10014297,10014585,10014873,10015161,10015449,10015737,10016025
13870,10014008,10014296,10014584,10014872,10015160,10015448,10015736,10016024
13871,-1,-1,-1,-1,-1,-1,-1,-1
13872,-1,-1,-1,-1,-1,-1,-1,-1
13873,-1,-1,-1,-1,-1,-1,-1,-1
13874,-1,-1,-1,-1,-1,-1,-1,-1
13875,-1,-1,-1,-1,-1,-1,-1,-1
13876,-1,-1,-1,-1,-1,-1,-1,-1
13877,-1,-1,-1,-1,-1,-1,-1,-1
13878,-1,-1,-1,-1,-1,-1,-1,-1
13879,-1,-1,-1,-1,-1,-1,-1,-1
13880,-1,-1,-1,-1,-1,-1,-1,-1
13881,-1,-1,-1,-1,-1,-1,-1,-1
13882,-1,-1,-1,-1,-1,-1,-1,-1
13883,-1,-1,-1,-1,-1,-1,-1,-1
13884,-1,-1,-1,-1,-1,-1,-1,-1
13885,-1,-1,-1,-1,-1,-1,-1,-1
13886,-1,-1,-1,-1,-1,-1,-1,-1
13887,-1,-1,-1,-1,-1,-1,-1,-1
13888,-1,-1,-1,-1,-1,-1,-1,-1
13889,-1,-1,-1,-1,-1,-1,-1,-1
13890,-1,-1,-1,-1,-1,-1,-1,-1
13891,-1,-1,-1,-1,-1,-1,-1,-1
13892,-1,-1,-1,-1,-1,-1,-1,-1
13893,-1,-1,-1,-1,-1,-1,-1,-1
13894,-1,-1,-1,-1,-1,-1,-1,-1
13895,-1,-1,-1,-1,-1,-1,-1,-1
13896,-1,-1,-1,-1,-1,-1,-1,-1
13897,-1,-1,-1,-1,-1,-1,-1,-1
13898,-1,-1,-1,-1,-1,-1,-1,-1
13899,-1,-1,-1,-1,-1,-1,-1,-1
13900,-1,-1,-1,-1,-1,-1,-1,-1
13901,-1,-1,-1,-1,-1,-1,-1,-1
13902,-1,-1,-1,-1,-1,-1,-1,-1
13903,-1,-1,-1,-1,-1,-1,-1,-1
13904,-1,-1,-1,-1,-1,-1,-1,-1
13905,-1,-1,-1,-1,-1,-1,-1,-1
13906,-1,-1,-1,-1,-1,-1,-1,-1
13907,-1,-1,-1,-1,-1,-1,-1,-1
13908,-1,-1,-1,-1,-1,-1,-1,-1
13909,-1,-1,-1,-1,-1,-1,-1,-1
13910,-1,-1,-1,-1,-1,-1,-1,-1
13911,-1,-1,-1,-1,-1,-1,-1,-1
13912,-1,-1,-1,-1,-1,-1,-1,-1
13913,-1,-1,-1,-1,-1,-1,-1,-1
13914,-1,-1,-1,-1,-1,-1,-1,-1
13915,-1,-1,-1,-1,-1,-1,-1,-1
13916,-1,-1,-1,-1,-1,-1,-1,-1
13917,-1,-1,-1,-1,-1,-1,-1,-1
13918,-1,-1,-1,-1,-1,-1,-1,-1
13919,-1,-1,-1,-1,-1,-1,-1,-1
13920,-1,-1,-1,-1,-1,-1,-1,-1
13921,10014023,10014311,10014599,10014887,10015175,10015463,10015751,10016039
13922,10014022,10014310,10014598,10014886,10015174,10015462,10015750,10016038
13923,10014021,10014309,10014597,10014885,10015173,10015461,10015749,10016037
13924,10014020,10014308,10014596,10014884,10015172,10015460,10015748,10016036
13925,10014019,10014307,10014595,10014883,10015171,10015459,10015747,10016035
13926,10014018,10014306,10014594,10014882,10015170,10015458,10015746,10016034
13927,10014017,10014305,10014593,10014881,10015169,10015457,10015745,10016033
13928,10014016,10014304,10014592,10014880,10015168,10015456,10015744,10016032
13929,-1,-1,-1,-1,-1,-1,-1,-1
13930,-1,-1,-1,-1,-1,-1,-1,-1
13931,-1,-1,-1,-1,-1,-1,-1,-1
13932,-1,-1,-1,-1,-1,-1,-1,-1
13933,-1,-1,-1,-1,-1,-1,-1,-1
13934,-1,-1,-1,-1,-1,-1,-1,-1
13935,-1,-1,-1,-1,-1,-1,-1,-1
13936,-1,-1,-1,-1,-1,-1,-1,-1
13937,-1,-1,-1,-1,-1,-1,-1,-1
13938,-1,-1,-1,-1,-1,-1,-1,-1
13939,-1,-1,-1,-1,-1,-1,-1,-1
13940,-1,-1,-1,-1,-1,-1,-1,-1
13941,-1,-1,-1,-1,-1,-1,-1,-1
13942,-1,-1,-1,-1,-1,-1,-1,-1
13943,-1,-1,-1,-1,-1,-1,-1,-1
13944,-1,-1,-1,-1,-1,-1,-1,-1
13945,-1,-1,-1,-1,-1,-1,-1,-1
13946,-1,-1,-1,-1,-1,-1,-1,-1
13947,-1,-1,-1,-1,-1,-1,-1,-1
13948,-1,-1,-1,-1,-1,-1,-1,-1
13949,-1,-1,-1,-1,-1,-1,-1,-1
13950,-1,-1,-1,-1,-1,-1,-1,-1
13951,-1,-1,-1,-1,-1,-1,-1,-1
13952,-1,-1,-1,-1,-1,-1,-1,-1
13953,-1,-1,-1,-1,-1,-1,-1,-1
13954,-1,-1,-1,-1,-1,-1,-1,-1
13955,-1,-1,-1,-1,-1,-1,-1,-1
13956,-1,-1,-1,-1,-1,-1,-1,-1
13957,-1,-1,-1,-1,-1,-1,-1,-1
13958,-1,-1,-1,-1,-1,-1,-1,-1
13959,-1,-1,-1,-1,-1,-1,-1,-1
13960,-1,-1,-1,-1,-1,-1,-1,-1
13961,-1,-1,-1,-1,-1,-1,-1,-1
13962,-1,-1,-1,-1,-1,-1,-1,-1
13963,-1,-1,-1,-1,-1,-1,-1,-1
13964,-1,-1,-1,-1,-1,-1,-1,-1
13965,-1,-1,-1,-1,-1,-1,-1,-1
13966,-1,-1,-1,-1,-1,-1,-1,-1
13967,-1,-1,-1,-1,-1,-1,-1,-1
13968,-1,-1,-1,-1,-1,-1,-1,-1
13969,-1,-1,-1,-1,-1,-1,-1,-1
13970,-1,-1,-1,-1,-1,-1,-1,-1
13971,-1,-1,-1,-1,-1,-1,-1,-1
13972,-1,-1,-1,-1,-1,-1,-1,-1
13973,-1,-1,-1,-1,-1,-1,-1,-1
13974,-1,-1,-1,-1,-1,-1,-1,-1
13975,-1,-1,-1,-1,-1,-1,-1,-1
13976,-1,-1,-1,-1,-1,-1,-1,-1
13977,-1,-1,-1,-1,-1,-1,-1,-1
13978,-1,-1,-1,-1,-1,-1,-1,-1
13979,10014031,10014319,10014607,10014895,10015183,10015471,10015759,10016047
13980,10014030,10014318,10014606,10014894,10015182,10015470,10015758,10016046
13981,10014029,10014317,10014605,10014893,10015181,10015469,10015757,10016045
13982,10014028,10014316,10014604,10014892,10015180,10015468,10015756,10016044
13983,10014027,10014315,10014603,10014891,10015179,10015467,10015755,10016043
13984,10014026,10014314,10014602,10014890,10015178,10015466,10015754,10016042
13985,10014025,10014313,10014601,10014889,10015177,10015465,10015753,10016041
13986,10014024,10014312,10014600,10014888,10015176,10015464,10015752,10016040
13987,-1,-1,-1,-1,-1,-1,-1,-1
13988,-1,-1,-1,-1,-1,-1,-1,-1
13989,-1,-1,-1,-1,-1,-1,-1,-1
13990,-1,-1,-1,-1,-1,-1,-1,-1
13991,-1,-1,-1,-1,-1,-1,-1,-1
13992,-1,-1,-1,-1,-1,-1,-1,-1
13993,-1,-1,-1,-1,-1,-1,-1,-1
13994,-1,-1,-1,-1,-1,-1,-1,-1
13995,-1,-1,-1,-1,-1,-1,-1,-1
13996,-1,-1,-1,-1,-1,-1,-1,-1
13997,-1,-1,-1,-1,-1,-1,-1,-1
13998,-1,-1,-1,-1,-1,-1,-1,-1
13999,-1,-1,-1,-1,-1,-1,-1,-1
14000,-1,-1,-1,-1,-1,-1,-1,-1
14001,-1,-1,-1,-1,-1,-1,-1,-1
14002,-1,-1,-1,-1,-1,-1,-1,-1
14003,-1,-1,-1,-1,-1,-1,-1,-1
14004,-1,-1,-1,-1,-1,-1,-1,-1
14005,-1,-1,-1,-1,-1,-1,-1,-1
14006,-1,-1,-1,-1,-1,-1,-1,-1
14007,-1,-1,-1,-1,-1,-1,-1,-1
14008,-1,-1,-1,-1,-1,-1,-1,-1
14009,-1,-1,-1,-1,-1,-1,-1,-1
14010,-1,-1,-1,-1,-1,-1,-1,-1
14011,-1,-1,-1,-1,-1,-1,-1,-1
14012,-1,-1,-1,-1,-1,-1,-1,-1
14013,-1,-1,-1,-1,-1,-1,-1,-1
14014,-1,-1,-1,-1,-1,-1,-1,-1
14015,-1,-1,-1,-1,-1,-1,-1,-1
14016,-1,-1,-1,-1,-1,-1,-1,-1
14017,-1,-1,-1,-1,-1,-1,-1,-1
14018,-1,-1,-1,-1,-1,-1,-1,-1
14019,-1,-1,-1,-1,-1,-1,-1,-1
14020,-1,-1,-1,-1,-1,-1,-1,-1
14021,-1,-1,-1,-1,-1,-1,-1,-1
14022,-1,-1,-1,-1,-1,-1,-1,-1
14023,-1,-1,-1,-1,-1,-1,-1,-1
14024,-1,-1,-1,-1,-1,-1,-1,-1
14025,-1,-1,-1,-1,-1,-1,-1,-1
14026,-1,-1,-1,-1,-1,-1,-1,-1
14027,-1,-1,-1,-1,-1,-1,-1,-1
14028,-1,-1,-1,-1,-1,-1,-1,-1
14029,-1,-1,-1,-1,-1,-1,-1,-1
14030,-1,-1,-1,-1,-1,-1,-1,-1
14031,-1,-1,-1,-1,-1,-1,-1,-1
14032,-1,-1,-1,-1,-1,-1,-1,-1
14033,-1,-1,-1,-1,-1,-1,-1,-1
14034,-1,-1,-1,-1,-1,-1,-1,-1
14035,-1,-1,-1,-1,-1,-1,-1,-1
14036,-1,-1,-1,-1,-1,-1,-1,-1
14037,10014039,10014327,10014615,10014903,10015191,10015479,10015767,10016055
14038,10014038,10014326,10014614,10014902,10015190,10015478,10015766,10016054
14039,10014037,10014325,10014613,10014901,10015189,10015477,10015765,10016053
14040,10014036,10014324,10014612,10014900,10015188,10015476,10015764,10016052
14041,10014035,10014323,10014611,10014899,10015187,10015475,10015763,10016051
14042,10014034,10014322,10014610,10014898,10015186,10015474,10015762,10016050
14043,10014033,10014321,10014609,10014897,10015185,10015473,10015761,10016049
14044,10014032,10014320,10014608,10014896,10015184,10015472,10015760,10016048
14045,-1,-1,-1,-1,-1,-1,-1,-1
14046,-1,-1,-1,-1,-1,-1,-1,-1
14047,-1,-1,-1,-1,-1,-1,-1,-1
14048,-1,-1,-1,-1,-1,-1,-1,-1
14049,-1,-1,-1,-1,-1,-1,-1,-1
14050,-1,-1,-1,-1,-1,-1,-1,-1
14051,-1,-1,-1,-1,-1,-1,-1,-1
14052,-1,-1,-1,-1,-1,-1,-1,-1
14053,-1,-1,-1,-1,-1,-1,-1,-1
14054,-1,-1,-1,-1,-1,-1,-1,-1
14055,-1,-1,-1,-1,-1,-1,-1,-1
14056,-1,-1,-1,-1,-1,-1,-1,-1
14057,-1,-1,-1,-1,-1,-1,-1,-1
14058,-1,-1,-1,-1,-1,-1,-1,-1
14059,-1,-1,-1,-1,-1,-1,-1,-1
14060,-1,-1,-1,-1,-1,-1,-1,-1
14061,-1,-1,-1,-1,-1,-1,-1,-1
14062,-1,-1,-1,-1,-1,-1,-1,-1
14063,-1,-1,-1,-1,-1,-1,-1,-1
14064,-1,-1,-1,-1,-1,-1,-1,-1
14065,-1,-1,-1,-1,-1,-1,-1,-1
14066,-1,-1,-1,-1,-1,-1,-1,-1
14067,-1,-1,-1,-1,-1,-1,-1,-1
14068,-1,-1,-1,-1,-1,-1,-1,-1
14069,-1,-1,-1,-1,-1,-1,-1,-1
14070,-1,-1,-1,-1,-1,-1,-1,-1
14071,-1,-1,-1,-1,-1,-1,-1,-1
14072,-1,-1,-1,-1,-1,-1,-1,-1
14073,-1,-1,-1,-1,-1,-1,-1,-1
14074,-1,-1,-1,-1,-1,-1,-1,-1
14075,-1,-1,-1,-1,-1,-1,-1,-1
14076,-1,-1,-1,-1,-1,-1,-1,-1
14077,-1,-1,-1,-1,-1,-1,-1,-1
14078,-1,-1,-1,-1,-1,-1,-1,-1
14079,-1,-1,-1,-1,-1,-1,-1,-1
14080,-1,-1,-1,-1,-1,-1,-1,-1
14081,-1,-1,-1,-1,-1,-1,-1,-1
14082,-1,-1,-1,-1,-1,-1,-1,-1
14083,-1,-1,-1,-1,-1,-1,-1,-1
14084,-1,-1,-1,-1,-1,-1,-1,-1
14085,-1,-1,-1,-1,-1,-1,-1,-1
14086,-1,-1,-1,-1,-1,-1,-1,-1
14087,-1,-1,-1,-1,-1,-1,-1,-1
14088,-1,-1,-1,-1,-1,-1,-1,-1
14089,-1,-1,-1,-1,-1,-1,-1,-1
14090,-1,-1,-1,-1,-1,-1,-1,-1
14091,-1,-1,-1,-1,-1,-1,-1,-1
14092,-1,-1,-1,-1,-1,-1,-1,-1
14093,-1,-1,-1,-1,-1,-1,-1,-1
14094,-1,-1,-1,-1,-1,-1,-1,-1
14095,10014047,10014335,10014623,10014911,10015199,10015487,10015775,10016063
14096,10014046,10014334,10014622,10014910,10015198,10015486,10015774,10016062
14097,10014045,10014333,10014621,10014909,10015197,10015485,10015773,10016061
14098,10014044,10014332,10014620,10014908,10015196,10015484,10015772,10016060
14099,10014043,10014331,10014619,10014907,10015195,10015483,10015771,10016059
14100,10014042,10014330,10014618,10014906,10015194,10015482,10015770,10016058
14101,10014041,10014329,10014617,10014905,10015193,10015481,10015769,10016057
14102,10014040,10014328,10014616,10014904,10015192,10015480,10015768,10016056
14103,-1,-1,-1,-1,-1,-1,-1,-1
14104,-1,-1,-1,-1,-1,-1,-1,-1
14105,-1,-1,-1,-1,-1,-1,-1,-1
14106,-1,-1,-1,-1,-1,-1,-1,-1
14107,-1,-1,-1,-1,-1,-1,-1,-1
14108,-1,-1,-1,-1,-1,-1,-1,-1
14109,-1,-1,-1,-1,-1,-1,-1,-1
14110,-1,-1,-1,-1,-1,-1,-1,-1
14111,-1,-1,-1,-1,-1,-1,-1,-1
14112,-1,-1,-1,-1,-1,-1,-1,-1
14113,-1,-1,-1,-1,-1,-1,-1,-1
14114,-1,-1,-1,-1,-1,-1,-1,-1
14115,-1,-1,-1,-1,-1,-1,-1,-1
14116,-1,-1,-1,-1,-1,-1,-1,-1
14117,-1,-1,-1,-1,-1,-1,-1,-1
14118,-1,-1,-1,-1,-1,-1,-1,-1
14119,-1,-1,-1,-1,-1,-1,-1,-1
14120,-1,-1,-1,-1,-1,-1,-1,-1
14121,-1,-1,-1,-1,-1,-1,-1,-1
14122,-1,-1,-1,-1,-1,-1,-1,-1
14123,-1,-1,-1,-1,-1,-1,-1,-1
14124,-1,-1,-1,-1,-1,-1,-1,-1
14125,-1,-1,-1,-1,-1,-1,-1,-1
14126,-1,-1,-1,-1,-1,-1,-1,-1
14127,-1,-1,-1,-1,-1,-1,-1,-1
14128,-1,-1,-1,-1,-1,-1,-1,-1
14129,-1,-1,-1,-1,-1,-1,-1,-1
14130,-1,-1,-1,-1,-1,-1,-1,-1
14131,-1,-1,-1,-1,-1,-1,-1,-1
14132,-1,-1,-1,-1,-1,-1,-1,-1
14133,-1,-1,-1,-1,-1,-1,-1,-1
14134,-1,-1,-1,-1,-1,-1,-1,-1
14135,-1,-1,-1,-1,-1,-1,-1,-1
14136,-1,-1,-1,-1,-1,-1,-1,-1
14137,-1,-1,-1,-1,-1,-1,-1,-1
14138,-1,-1,-1,-1,-1,-1,-1,-1
14139,-1,-1,-1,-1,-1,-1,-1,-1
14140,-1,-1,-1,-1,-1,-1,-1,-1
14141,-1,-1,-1,-1,-1,-1,-1,-1
14142,-1,-1,-1,-1,-1,-1,-1,-1
14143,-1,-1,-1,-1,-1,-1,-1,-1
14144,-1,-1,-1,-1,-1,-1,-1,-1
14145,-1,-1,-1,-1,-1,-1,-1,-1
14146,-1,-1,-1,-1,-1,-1,-1,-1
14147,-1,-1,-1,-1,-1,-1,-1,-1
14148,-1,-1,-1,-1,-1,-1,-1,-1
14149,-1,-1,-1,-1,-1,-1,-1,-1
14150,-1,-1,-1,-1,-1,-1,-1,-1
14151,-1,-1,-1,-1,-1,-1,-1,-1
14152,-1,-1,-1,-1,-1,-1,-1,-1
14153,10014055,10014343,10014631,10014919,10015207,10015495,10015783,10016071
14154,10014054,10014342,10014630,10014918,10015206,10015494,10015782,10016070
14155,10014053,10014341,10014629,10014917,10015205,10015493,10015781,10016069
14156,10014052,10014340,10014628,10014916,10015204,10015492,10015780,10016068
14157,10014051,10014339,10014627,10014915,10015203,10015491,10015779,10016067
14158,10014050,10014338,10014626,10014914,10015202,10015490,10015778,10016066
14159,10014049,10014337,10014625,10014913,10015201,10015489,10015777,10016065
14160,10014048,10014336,10014624,10014912,10015200,10015488,10015776,10016064
14161,-1,-1,-1,-1,-1,-1,-1,-1
14162,-1,-1,-1,-1,-1,-1,-1,-1
14163,-1,-1,-1,-1,-1,-1,-1,-1
14164,-1,-1,-1,-1,-1,-1,-1,-1
14165,-1,-1,-1,-1,-1,-1,-1,-1
14166,-1,-1,-1,-1,-1,-1,-1,-1
14167,-1,-1,-1,-1,-1,-1,-1,-1
14168,-1,-1,-1,-1,-1,-1,-1,-1
14169,-1,-1,-1,-1,-1,-1,-1,-1
14170,-1,-1,-1,-1,-1,-1,-1,-1
14171,-1,-1,-1,-1,-1,-1,-1,-1
14172,-1,-1,-1,-1,-1,-1,-1,-1
14173,-1,-1,-1,-1,-1,-1,-1,-1
14174,-1,-1,-1,-1,-1,-1,-1,-1
14175,-1,-1,-1,-1,-1,-1,-1,-1
14176,-1,-1,-1,-1,-1,-1,-1,-1
14177,-1,-1,-1,-1,-1,-1,-1,-1
14178,-1,-1,-1,-1,-1,-1,-1,-1
14179,-1,-1,-1,-1,-1,-1,-1,-1
14180,-1,-1,-1,-1,-1,-1,-1,-1
14181,-1,-1,-1,-1,-1,-1,-1,-1
14182,-1,-1,-1,-1,-1,-1,-1,-1
14183,-1,-1,-1,-1,-1,-1,-1,-1
14184,-1,-1,-1,-1,-1,-1,-1,-1
14185,-1,-1,-1,-1,-1,-1,-1,-1
14186,-1,-1,-1,-1,-1,-1,-1,-1
14187,-1,-1,-1,-1,-1,-1,-1,-1
14188,-1,-1,-1,-1,-1,-1,-1,-1
14189,-1,-1,-1,-1,-1,-1,-1,-1
14190,-1,-1,-1,-1,-1,-1,-1,-1
14191,-1,-1,-1,-1,-1,-1,-1,-1
14192,-1,-1,-1,-1,-1,-1,-1,-1
14193,-1,-1,-1,-1,-1,-1,-1,-1
14194,-1,-1,-1,-1,-1,-1,-1,-1
14195,-1,-1,-1,-1,-1,-1,-1,-1
14196,-1,-1,-1,-1,-1,-1,-1,-1
14197,-1,-1,-1,-1,-1,-1,-1,-1
14198,-1,-1,-1,-1,-1,-1,-1,-1
14199,-1,-1,-1,-1,-1,-1,-1,-1
14200,-1,-1,-1,-1,-1,-1,-1,-1
14201,-1,-1,-1,-1,-1,-1,-1,-1
14202,-1,-1,-1,-1,-1,-1,-1,-1
14203,-1,-1,-1,-1,-1,-1,-1,-1
14204,-1,-1,-1,-1,-1,-1,-1,-1
14205,-1,-1,-1,-1,-1,-1,-1,-1
14206,-1,-1,-1,-1,-1,-1,-1,-1
14207,-1,-1,-1,-1,-1,-1,-1,-1
14208,-1,-1,-1,-1,-1,-1,-1,-1
14209,-1,-1,-1,-1,-1,-1,-1,-1
14210,-1,-1,-1,-1,-1,-1,-1,-1
14211,10014063,10014351,10014639,10014927,10015215,10015503,10015791,10016079
14212,10014062,10014350,10014638,10014926,10015214,10015502,10015790,10016078
14213,10014061,10014349,10014637,10014925,10015213,10015501,10015789,10016077
14214,10014060,10014348,10014636,10014924,10015212,10015500,10015788,10016076
14215,10014059,10014347,10014635,10014923,10015211,10015499,10015787,10016075
14216,10014058,10014346,10014634,10014922,10015210,10015498,10015786,10016074
14217,10014057,10014345,10014633,10014921,10015209,10015497,10015785,10016073
14218,10014056,10014344,10014632,10014920,10015208,10015496,10015784,10016072
14219,-1,-1,-1,-1,-1,-1,-1,-1
14220,-1,-1,-1,-1,-1,-1,-1,-1
14221,-1,-1,-1,-1,-1,-1,-1,-1
14222,-1,-1,-1,-1,-1,-1,-1,-1
14223,-1,-1,-1,-1,-1,-1,-1,-1
14224,-1,-1,-1,-1,-1,-1,-1,-1
14225,-1,-1,-1,-1,-1,-1,-1,-1
14226,-1,-1,-1,-1,-1,-1,-1,-1
14227,-1,-1,-1,-1,-1,-1,-1,-1
14228,-1,-1,-1,-1,-1,-1,-1,-1
14229,-1,-1,-1,-1,-1,-1,-1,-1
14230,-1,-1,-1,-1,-1,-1,-1,-1
14231,-1,-1,-1,-1,-1,-1,-1,-1
14232,-1,-1,-1,-1,-1,-1,-1,-1
14233,-1,-1,-1,-1,-1,-1,-1,-1
14234,-1,-1,-1,-1,-1,-1,-1,-1
14235,-1,-1,-1,-1,-1,-1,-1,-1
14236,-1,-1,-1,-1,-1,-1,-1,-1
14237,-1,-1,-1,-1,-1,-1,-1,-1
14238,-1,-1,-1,-1,-1,-1,-1,-1
14239,-1,-1,-1,-1,-1,-1,-1,-1
14240,-1,-1,-1,-1,-1,-1,-1,-1
14241,-1,-1,-1,-1,-1,-1,-1,-1
14242,-1,-1,-1,-1,-1,-1,-1,-1
14243,-1,-1,-1,-1,-1,-1,-1,-1
14244,-1,-1,-1,-1,-1,-1,-1,-1
14245,-1,-1,-1,-1,-1,-1,-1,-1
14246,-1,-1,-1,-1,-1,-1,-1,-1
14247,-1,-1,-1,-1,-1,-1,-1,-1
14248,-1,-1,-1,-1,-1,-1,-1,-1
14249,-1,-1,-1,-1,-1,-1,-1,-1
14250,-1,-1,-1,-1,-1,-1,-1,-1
14251,-1,-1,-1,-1,-1,-1,-1,-1
14252,-1,-1,-1,-1,-1,-1,-1,-1
14253,-1,-1,-1,-1,-1,-1,-1,-1
14254,-1,-1,-1,-1,-1,-1,-1,-1
14255,-1,-1,-1,-1,-1,-1,-1,-1
14256,-1,-1,-1,-1,-1,-1,-1,-1
14257,-1,-1,-1,-1,-1,-1,-1,-1
14258,-1,-1,-1,-1,-1,-1,-1,-1
14259,-1,-1,-1,-1,-1,-1,-1,-1
14260,-1,-1,-1,-1,-1,-1,-1,-1
14261,-1,-1,-1,-1,-1,-1,-1,-1
14262,-1,-1,-1,-1,-1,-1,-1,-1
14263,-1,-1,-1,-1,-1,-1,-1,-1
14264,-1,-1,-1,-1,-1,-1,-1,-1
14265,-1,-1,-1,-1,-1,-1,-1,-1
14266,-1,-1,-1,-1,-1,-1,-1,-1
14267,-1,-1,-1,-1,-1,-1,-1,-1
14268,-1,-1,-1,-1,-1,-1,-1,-1
14269,10014071,10014359,10014647,10014935,10015223,10015511,10015799,10016087
14270,10014070,10014358,10014646,10014934,10015222,10015510,10015798,10016086
14271,10014069,10014357,10014645,10014933,10015221,10015509,10015797,10016085
14272,10014068,10014356,10014644,10014932,10015220,10015508,10015796,10016084
14273,10014067,10014355,10014643,10014931,10015219,10015507,10015795,10016083
14274,10014066,10014354,10014642,10014930,10015218,10015506,10015794,10016082
14275,10014065,10014353,10014641,10014929,10015217,10015505,10015793,10016081
14276,10014064,10014352,10014640,10014928,10015216,10015504,10015792,10016080
14277,-1,-1,-1,-1,-1,-1,-1,-1
14278,-1,-1,-1,-1,-1,-1,-1,-1
14279,-1,-1,-1,-1,-1,-1,-1,-1
14280,-1,-1,-1,-1,-1,-1,-1,-1
14281,-1,-1,-1,-1,-1,-1,-1,-1
14282,-1,-1,-1,-1,-1,-1,-1,-1
14283,-1,-1,-1,-1,-1,-1,-1,-1
14284,-1,-1,-1,-1,-1,-1,-1,-1
14285,-1,-1,-1,-1,-1,-1,-1,-1
14286,-1,-1,-1,-1,-1,-1,-1,-1
14287,-1,-1,-1,-1,-1,-1,-1,-1
14288,-1,-1,-1,-1,-1,-1,-1,-1
14289,-1,-1,-1,-1,-1,-1,-1,-1
14290,-1,-1,-1,-1,-1,-1,-1,-1
14291,-1,-1,-1,-1,-1,-1,-1,-1
14292,-1,-1,-1,-1,-1,-1,-1,-1
14293,-1,-1,-1,-1,-1,-1,-1,-1
14294,-1,-1,-1,-1,-1,-1,-1,-1
14295,-1,-1,-1,-1,-1,-1,-1,-1
14296,-1,-1,-1,-1,-1,-1,-1,-1
14297,-1,-1,-1,-1,-1,-1,-1,-1
14298,-1,-1,-1,-1,-1,-1,-1,-1
14299,-1,-1,-1,-1,-1,-1,-1,-1
14300,-1,-1,-1,-1,-1,-1,-1,-1
14301,-1,-1,-1,-1,-1,-1,-1,-1
14302,-1,-1,-1,-1,-1,-1,-1,-1
14303,-1,-1,-1,-1,-1,-1,-1,-1
14304,-1,-1,-1,-1,-1,-1,-1,-1
14305,-1,-1,-1,-1,-1,-1,-1,-1
14306,-1,-1,-1,-1,-1,-1,-1,-1
14307,-1,-1,-1,-1,-1,-1,-1,-1
14308,-1,-1,-1,-1,-1,-1,-1,-1
14309,-1,-1,-1,-1,-1,-1,-1,-1
14310,-1,-1,-1,-1,-1,-1,-1,-1
14311,-1,-1,-1,-1,-1,-1,-1,-1
14312,-1,-1,-1,-1,-1,-1,-1,-1
14313,-1,-1,-1,-1,-1,-1,-1,-1
14314,-1,-1,-1,-1,-1,-1,-1,-1
14315,-1,-1,-1,-1,-1,-1,-1,-1
14316,-1,-1,-1,-1,-1,-1,-1,-1
14317,-1,-1,-1,-1,-1,-1,-1,-1
14318,-1,-1,-1,-1,-1,-1,-1,-1
14319,-1,-1,-1,-1,-1,-1,-1,-1
14320,-1,-1,-1,-1,-1,-1,-1,-1
14321,-1,-1,-1,-1,-1,-1,-1,-1
14322,-1,-1,-1,-1,-1,-1,-1,-1
14323,-1,-1,-1,-1,-1,-1,-1,-1
14324,-1,-1,-1,-1,-1,-1,-1,-1
14325,-1,-1,-1,-1,-1,-1,-1,-1
14326,-1,-1,-1,-1,-1,-1,-1,-1
14327,10014079,10014367,10014655,10014943,10015231,10015519,10015807,10016095
14328,10014078,10014366,10014654,10014942,10015230,10015518,10015806,10016094
14329,10014077,10014365,10014653,10014941,10015229,10015517,10015805,10016093
14330,10014076,10014364,10014652,10014940,10015228,10015516,10015804,10016092
14331,10014075,10014363,10014651,10014939,10015227,10015515,10015803,10016091
14332,10014074,10014362,10014650,10014938,10015226,10015514,10015802,10016090
14333,10014073,10014361,10014649,10014937,10015225,10015513,10015801,10016089
14334,10014072,10014360,10014648,10014936,10015224,10015512,10015800,10016088
14335,-1,-1,-1,-1,-1,-1,-1,-1
14336,-1,-1,-1,-1,-1,-1,-1,-1
14337,-1,-1,-1,-1,-1,-1,-1,-1
14338,-1,-1,-1,-1,-1,-1,-1,-1
14339,-1,-1,-1,-1,-1,-1,-1,-1
14340,-1,-1,-1,-1,-1,-1,-1,-1
14341,-1,-1,-1,-1,-1,-1,-1,-1
14342,-1,-1,-1,-1,-1,-1,-1,-1
14343,-1,-1,-1,-1,-1,-1,-1,-1
14344,-1,-1,-1,-1,-1,-1,-1,-1
14345,-1,-1,-1,-1,-1,-1,-1,-1
14346,-1,-1,-1,-1,-1,-1,-1,-1
14347,-1,-1,-1,-1,-1,-1,-1,-1
14348,-1,-1,-1,-1,-1,-1,-1,-1
14349,-1,-1,-1,-1,-1,-1,-1,-1
14350,-1,-1,-1,-1,-1,-1,-1,-1
14351,-1,-1,-1,-1,-1,-1,-1,-1
14352,-1,-1,-1,-1,-1,-1,-1,-1
14353,-1,-1,-1,-1,-1,-1,-1,-1
14354,-1,-1,-1,-1,-1,-1,-1,-1
14355,-1,-1,-1,-1,-1,-1,-1,-1
14356,-1,-1,-1,-1,-1,-1,-1,-1
14357,-1,-1,-1,-1,-1,-1,-1,-1
14358,-1,-1,-1,-1,-1,-1,-1,-1
14359,-1,-1,-1,-1,-1,-1,-1,-1
14360,-1,-1,-1,-1,-1,-1,-1,-1
14361,-1,-1,-1,-1,-1,-1,-1,-1
14362,-1,-1,-1,-1,-1,-1,-1,-1
14363,-1,-1,-1,-1,-1,-1,-1,-1
14364,-1,-1,-1,-1,-1,-1,-1,-1
14365,-1,-1,-1,-1,-1,-1,-1,-1
14366,-1,-1,-1,-1,-1,-1,-1,-1
14367,-1,-1,-1,-1,-1,-1,-1,-1
14368,-1,-1,-1,-1,-1,-1,-1,-1
14369,-1,-1,-1,-1,-1,-1,-1,-1
14370,-1,-1,-1,-1,-1,-1,-1,-1
14371,-1,-1,-1,-1,-1,-1,-1,-1
14372,-1,-1,-1,-1,-1,-1,-1,-1
14373,-1,-1,-1,-1,-1,-1,-1,-1
14374,-1,-1,-1,-1,-1,-1,-1,-1
14375,-1,-1,-1,-1,-1,-1,-1,-1
14376,-1,-1,-1,-1,-1,-1,-1,-1
14377,-1,-1,-1,-1,-1,-1,-1,-1
14378,-1,-1,-1,-1,-1,-1,-1,-1
14379,-1,-1,-1,-1,-1,-1,-1,-1
14380,-1,-1,-1,-1,-1,-1,-1,-1
14381,-1,-1,-1,-1,-1,-1,-1,-1
14382,-1,-1,-1,-1,-1,-1,-1,-1
14383,-1,-1,-1,-1,-1,-1,-1,-1
14384,-1,-1,-1,-1,-1,-1,-1,-1
14385,10014087,10014375,10014663,10014951,10015239,10015527,10015815,10016103
14386,10014086,10014374,10014662,10014950,10015238,10015526,10015814,10016102
14387,10014085,10014373,10014661,10014949,10015237,10015525,10015813,10016101
14388,10014084,10014372,10014660,10014948,10015236,10015524,10015812,10016100
14389,10014083,10014371,10014659,10014947,10015235,10015523,10015811,10016099
14390,10014082,10014370,10014658,10014946,10015234,10015522,10015810,10016098
14391,10014081,10014369,10014657,10014945,10015233,10015521,10015809,10016097
14392,10014080,10014368,10014656,10014944,10015232,10015520,10015808,10016096
14393,-1,-1,-1,-1,-1,-1,-1,-1
14394,-1,-1,-1,-1,-1,-1,-1,-1
14395,-1,-1,-1,-1,-1,-1,-1,-1
14396,-1,-1,-1,-1,-1,-1,-1,-1
14397,-1,-1,-1,-1,-1,-1,-1,-1
14398,-1,-1,-1,-1,-1,-1,-1,-1
14399,-1,-1,-1,-1,-1,-1,-1,-1
14400,-1,-1,-1,-1,-1,-1,-1,-1
14401,-1,-1,-1,-1,-1,-1,-1,-1
14402,-1,-1,-1,-1,-1,-1,-1,-1
14403,-1,-1,-1,-1,-1,-1,-1,-1
14404,-1,-1,-1,-1,-1,-1,-1,-1
14405,-1,-1,-1,-1,-1,-1,-1,-1
14406,-1,-1,-1,-1,-1,-1,-1,-1
14407,-1,-1,-1,-1,-1,-1,-1,-1
14408,-1,-1,-1,-1,-1,-1,-1,-1
14409,-1,-1,-1,-1,-1,-1,-1,-1
14410,-1,-1,-1,-1,-1,-1,-1,-1
14411,-1,-1,-1,-1,-1,-1,-1,-1
14412,-1,-1,-1,-1,-1,-1,-1,-1
14413,-1,-1,-1,-1,-1,-1,-1,-1
14414,-1,-1,-1,-1,-1,-1,-1,-1
14415,-1,-1,-1,-1,-1,-1,-1,-1
14416,-1,-1,-1,-1,-1,-1,-1,-1
14417,-1,-1,-1,-1,-1,-1,-1,-1
14418,-1,-1,-1,-1,-1,-1,-1,-1
14419,-1,-1,-1,-1,-1,-1,-1,-1
14420,-1,-1,-1,-1,-1,-1,-1,-1
14421,-1,-1,-1,-1,-1,-1,-1,-1
14422,-1,-1,-1,-1,-1,-1,-1,-1
14423,-1,-1,-1,-1,-1,-1,-1,-1
14424,-1,-1,-1,-1,-1,-1,-1,-1
14425,-1,-1,-1,-1,-1,-1,-1,-1
14426,-1,-1,-1,-1,-1,-1,-1,-1
14427,-1,-1,-1,-1,-1,-1,-1,-1
14428,-1,-1,-1,-1,-1,-1,-1,-1
14429,-1,-1,-1,-1,-1,-1,-1,-1
14430,-1,-1,-1,-1,-1,-1,-1,-1
14431,-1,-1,-1,-1,-1,-1,-1,-1
14432,-1,-1,-1,-1,-1,-1,-1,-1
14433,-1,-1,-1,-1,-1,-1,-1,-1
14434,-1,-1,-1,-1,-1,-1,-1,-1
14435,-1,-1,-1,-1,-1,-1,-1,-1
14436,-1,-1,-1,-1,-1,-1,-1,-1
14437,-1,-1,-1,-1,-1,-1,-1,-1
14438,-1,-1,-1,-1,-1,-1,-1,-1
14439,-1,-1,-1,-1,-1,-1,-1,-1
14440,-1,-1,-1,-1,-1,-1,-1,-1
14441,-1,-1,-1,-1,-1,-1,-1,-1
14442,-1,-1,-1,-1,-1,-1,-1,-1
14443,10014095,10014383,10014671,10014959,10015247,10015535,10015823,10016111
14444,10014094,10014382,10014670,10014958,10015246,10015534,10015822,10016110
14445,10014093,10014381,10014669,10014957,10015245,10015533,10015821,10016109
14446,10014092,10014380,10014668,10014956,10015244,10015532,10015820,10016108
14447,10014091,10014379,10014667,10014955,10015243,10015531,10015819,10016107
14448,10014090,10014378,10014666,10014954,10015242,10015530,10015818,10016106
14449,10014089,10014377,10014665,10014953,10015241,10015529,10015817,10016105
14450,10014088,10014376,10014664,10014952,10015240,10015528,10015816,10016104
14451,-1,-1,-1,-1,-1,-1,-1,-1
14452,-1,-1,-1,-1,-1,-1,-1,-1
14453,-1,-1,-1,-1,-1,-1,-1,-1
14454,-1,-1,-1,-1,-1,-1,-1,-1
14455,-1,-1,-1,-1,-1,-1,-1,-1
14456,-1,-1,-1,-1,-1,-1,-1,-1
14457,-1,-1,-1,-1,-1,-1,-1,-1
14458,-1,-1,-1,-1,-1,-1,-1,-1
14459,-1,-1,-1,-1,-1,-1,-1,-1
14460,-1,-1,-1,-1,-1,-1,-1,-1
14461,-1,-1,-1,-1,-1,-1,-1,-1
14462,-1,-1,-1,-1,-1,-1,-1,-1
14463,-1,-1,-1,-1,-1,-1,-1,-1
14464,-1,-1,-1,-1,-1,-1,-1,-1
14465,-1,-1,-1,-1,-1,-1,-1,-1
14466,-1,-1,-1,-1,-1,-1,-1,-1
14467,-1,-1,-1,-1,-1,-1,-1,-1
14468,-1,-1,-1,-1,-1,-1,-1,-1
14469,-1,-1,-1,-1,-1,-1,-1,-1
14470,-1,-1,-1,-1,-1,-1,-1,-1
14471,-1,-1,-1,-1,-1,-1,-1,-1
14472,-1,-1,-1,-1,-1,-1,-1,-1
14473,-1,-1,-1,-1,-1,-1,-1,-1
14474,-1,-1,-1,-1,-1,-1,-1,-1
14475,-1,-1,-1,-1,-1,-1,-1,-1
14476,-1,-1,-1,-1,-1,-1,-1,-1
14477,-1,-1,-1,-1,-1,-1,-1,-1
14478,-1,-1,-1,-1,-1,-1,-1,-1
14479,-1,-1,-1,-1,-1,-1,-1,-1
14480,-1,-1,-1,-1,-1,-1,-1,-1
14481,-1,-1,-1,-1,-1,-1,-1,-1
14482,-1,-1,-1,-1,-1,-1,-1,-1
14483,-1,-1,-1,-1,-1,-1,-1,-1
14484,-1,-1,-1,-1,-1,-1,-1,-1
14485,-1,-1,-1,-1,-1,-1,-1,-1
14486,-1,-1,-1,-1,-1,-1,-1,-1
14487,-1,-1,-1,-1,-1,-1,-1,-1
14488,-1,-1,-1,-1,-1,-1,-1,-1
14489,-1,-1,-1,-1,-1,-1,-1,-1
14490,-1,-1,-1,-1,-1,-1,-1,-1
14491,-1,-1,-1,-1,-1,-1,-1,-1
14492,-1,-1,-1,-1,-1,-1,-1,-1
14493,-1,-1,-1,-1,-1,-1,-1,-1
14494,-1,-1,-1,-1,-1,-1,-1,-1
14495,-1,-1,-1,-1,-1,-1,-1,-1
14496,-1,-1,-1,-1,-1,-1,-1,-1
14497,-1,-1,-1,-1,-1,-1,-1,-1
14498,-1,-1,-1,-1,-1,-1,-1,-1
14499,-1,-1,-1,-1,-1,-1,-1,-1
14500,-1,-1,-1,-1,-1,-1,-1,-1
14501,10014103,10014391,10014679,10014967,10015255,10015543,10015831,10016119
14502,10014102,10014390,10014678,10014966,10015254,10015542,10015830,10016118
14503,10014101,10014389,10014677,10014965,10015253,10015541,10015829,10016117
14504,10014100,10014388,10014676,10014964,10015252,10015540,10015828,10016116
14505,10014099,10014387,10014675,10014963,10015251,10015539,10015827,10016115
14506,10014098,10014386,10014674,10014962,10015250,10015538,10015826,10016114
14507,10014097,10014385,10014673,10014961,10015249,10015537,10015825,10016113
14508,10014096,10014384,10014672,10014960,10015248,10015536,10015824,10016112
14509,-1,-1,-1,-1,-1,-1,-1,-1
14510,-1,-1,-1,-1,-1,-1,-1,-1
14511,-1,-1,-1,-1,-1,-1,-1,-1
14512,-1,-1,-1,-1,-1,-1,-1,-1
14513,-1,-1,-1,-1,-1,-1,-1,-1
14514,-1,-1,-1,-1,-1,-1,-1,-1
14515,-1,-1,-1,-1,-1,-1,-1,-1
14516,-1,-1,-1,-1,-1,-1,-1,-1
14517,-1,-1,-1,-1,-1,-1,-1,-1
14518,-1,-1,-1,-1,-1,-1,-1,-1
14519,-1,-1,-1,-1,-1,-1,-1,-1
14520,-1,-1,-1,-1,-1,-1,-1,-1
14521,-1,-1,-1,-1,-1,-1,-1,-1
14522,-1,-1,-1,-1,-1,-1,-1,-1
14523,-1,-1,-1,-1,-1,-1,-1,-1
14524,-1,-1,-1,-1,-1,-1,-1,-1
14525,-1,-1,-1,-1,-1,-1,-1,-1
14526,-1,-1,-1,-1,-1,-1,-1,-1
14527,-1,-1,-1,-1,-1,-1,-1,-1
14528,-1,-1,-1,-1,-1,-1,-1,-1
14529,-1,-1,-1,-1,-1,-1,-1,-1
14530,-1,-1,-1,-1,-1,-1,-1,-1
14531,-1,-1,-1,-1,-1,-1,-1,-1
14532,-1,-1,-1,-1,-1,-1,-1,-1
14533,-1,-1,-1,-1,-1,-1,-1,-1
14534,-1,-1,-1,-1,-1,-1,-1,-1
14535,-1,-1,-1,-1,-1,-1,-1,-1
14536,-1,-1,-1,-1,-1,-1,-1,-1
14537,-1,-1,-1,-1,-1,-1,-1,-1
14538,-1,-1,-1,-1,-1,-1,-1,-1
14539,-1,-1,-1,-1,-1,-1,-1,-1
14540,-1,-1,-1,-1,-1,-1,-1,-1
14541,-1,-1,-1,-1,-1,-1,-1,-1
14542,-1,-1,-1,-1,-1,-1,-1,-1
14543,-1,-1,-1,-1,-1,-1,-1,-1
14544,-1,-1,-1,-1,-1,-1,-1,-1
14545,-1,-1,-1,-1,-1,-1,-1,-1
14546,-1,-1,-1,-1,-1,-1,-1,-1
14547,-1,-1,-1,-1,-1,-1,-1,-1
14548,-1,-1,-1,-1,-1,-1,-1,-1
14549,-1,-1,-1,-1,-1,-1,-1,-1
14550,-1,-1,-1,-1,-1,-1,-1,-1
14551,-1,-1,-1,-1,-1,-1,-1,-1
14552,-1,-1,-1,-1,-1,-1,-1,-1
14553,-1,-1,-1,-1,-1,-1,-1,-1
14554,-1,-1,-1,-1,-1,-1,-1,-1
14555,-1,-1,-1,-1,-1,-1,-1,-1
14556,-1,-1,-1,-1,-1,-1,-1,-1
14557,-1,-1,-1,-1,-1,-1,-1,-1
14558,-1,-1,-1,-1,-1,-1,-1,-1
14559,10014111,10014399,10014687,10014975,10015263,10015551,10015839,10016127
14560,10014110,10014398,10014686,10014974,10015262,10015550,10015838,10016126
14561,10014109,10014397,10014685,10014973,10015261,10015549,10015837,10016125
14562,10014108,10014396,10014684,10014972,10015260,10015548,10015836,10016124
14563,10014107,10014395,10014683,10014971,10015259,10015547,10015835,10016123
14564,10014106,10014394,10014682,10014970,10015258,10015546,10015834,10016122
14565,10014105,10014393,10014681,10014969,10015257,10015545,10015833,10016121
14566,10014104,10014392,10014680,10014968,10015256,10015544,10015832,10016120
14567,-1,-1,-1,-1,-1,-1,-1,-1
14568,-1,-1,-1,-1,-1,-1,-1,-1
14569,-1,-1,-1,-1,-1,-1,-1,-1
14570,-1,-1,-1,-1,-1,-1,-1,-1
14571,-1,-1,-1,-1,-1,-1,-1,-1
14572,-1,-1,-1,-1,-1,-1,-1,-1
14573,-1,-1,-1,-1,-1,-1,-1,-1
14574,-1,-1,-1,-1,-1,-1,-1,-1
14575,-1,-1,-1,-1,-1,-1,-1,-1
14576,-1,-1,-1,-1,-1,-1,-1,-1
14577,-1,-1,-1,-1,-1,-1,-1,-1
14578,-1,-1,-1,-1,-1,-1,-1,-1
14579,-1,-1,-1,-1,-1,-1,-1,-1
14580,-1,-1,-1,-1,-1,-1,-1,-1
14581,-1,-1,-1,-1,-1,-1,-1,-1
14582,-1,-1,-1,-1,-1,-1,-1,-1
14583,-1,-1,-1,-1,-1,-1,-1,-1
14584,-1,-1,-1,-1,-1,-1,-1,-1
14585,-1,-1,-1,-1,-1,-1,-1,-1
14586,-1,-1,-1,-1,-1,-1,-1,-1
14587,-1,-1,-1,-1,-1,-1,-1,-1
14588,-1,-1,-1,-1,-1,-1,-1,-1
14589,-1,-1,-1,-1,-1,-1,-1,-1
14590,-1,-1,-1,-1,-1,-1,-1,-1
14591,-1,-1,-1,-1,-1,-1,-1,-1
14592,-1,-1,-1,-1,-1,-1,-1,-1
14593,-1,-1,-1,-1,-1,-1,-1,-1
14594,-1,-1,-1,-1,-1,-1,-1,-1
14595,-1,-1,-1,-1,-1,-1,-1,-1
14596,-1,-1,-1,-1,-1,-1,-1,-1
14597,-1,-1,-1,-1,-1,-1,-1,-1
14598,-1,-1,-1,-1,-1,-1,-1,-1
14599,-1,-1,-1,-1,-1,-1,-1,-1
14600,-1,-1,-1,-1,-1,-1,-1,-1
14601,-1,-1,-1,-1,-1,-1,-1,-1
14602,-1,-1,-1,-1,-1,-1,-1,-1
14603,-1,-1,-1,-1,-1,-1,-1,-1
14604,-1,-1,-1,-1,-1,-1,-1,-1
14605,-1,-1,-1,-1,-1,-1,-1,-1
14606,-1,-1,-1,-1,-1,-1,-1,-1
14607,-1,-1,-1,-1,-1,-1,-1,-1
14608,-1,-1,-1,-1,-1,-1,-1,-1
14609,-1,-1,-1,-1,-1,-1,-1,-1
14610,-1,-1,-1,-1,-1,-1,-1,-1
14611,-1,-1,-1,-1,-1,-1,-1,-1
14612,-1,-1,-1,-1,-1,-1,-1,-1
14613,-1,-1,-1,-1,-1,-1,-1,-1
14614,-1,-1,-1,-1,-1,-1,-1,-1
14615,-1,-1,-1,-1,-1,-1,-1,-1
14616,-1,-1,-1,-1,-1,-1,-1,-1
14617,10016135,10016423,10016711,10016999,10017287,10017575,10017863,10018151
14618,10016134,10016422,10016710,10016998,10017286,10017574,10017862,10018150
14619,10016133,10016421,10016709,10016997,10017285,10017573,10017861,10018149
14620,10016132,10016420,10016708,10016996,10017284,10017572,10017860,10018148
14621,10016131,10016419,10016707,10016995,10017283,10017571,10017859,10018147
14622,10016130,10016418,10016706,10016994,10017282,10017570,10017858,10018146
14623,10016129,10016417,10016705,10016993,10017281,10017569,10017857,10018145
14624,10016128,10016416,10016704,10016992,10017280,10017568,10017856,10018144
14625,-1,-1,-1,-1,-1,-1,-1,-1
14626,-1,-1,-1,-1,-1,-1,-1,-1
14627,-1,-1,-1,-1,-1,-1,-1,-1
14628,-1,-1,-1,-1,-1,-1,-1,-1
14629,-1,-1,-1,-1,-1,-1,-1,-1
14630,-1,-1,-1,-1,-1,-1,-1,-1
14631,-1,-1,-1,-1,-1,-1,-1,-1
14632,-1,-1,-1,-1,-1,-1,-1,-1
14633,-1,-1,-1,-1,-1,-1,-1,-1
14634,-1,-1,-1,-1,-1,-1,-1,-1
14635,-1,-1,-1,-1,-1,-1,-1,-1
14636,-1,-1,-1,-1,-1,-1,-1,-1
14637,-1,-1,-1,-1,-1,-1,-1,-1
14638,-1,-1,-1,-1,-1,-1,-1,-1
14639,-1,-1,-1,-1,-1,-1,-1,-1
14640,-1,-1,-1,-1,-1,-1,-1,-1
14641,-1,-1,-1,-1,-1,-1,-1,-1
14642,-1,-1,-1,-1,-1,-1,-1,-1
14643,-1,-1,-1,-1,-1,-1,-1,-1
14644,-1,-1,-1,-1,-1,-1,-1,-1
14645,-1,-1,-1,-1,-1,-1,-1,-1
14646,-1,-1,-1,-1,-1,-1,-1,-1
14647,-1,-1,-1,-1,-1,-1,-1,-1
14648,-1,-1,-1,-1,-1,-1,-1,-1
14649,-1,-1,-1,-1,-1,-1,-1,-1
14650,-1,-1,-1,-1,-1,-1,-1,-1
14651,-1,-1,-1,-1,-1,-1,-1,-1
14652,-1,-1,-1,-1,-1,-1,-1,-1
14653,-1,-1,-1,-1,-1,-1,-1,-1
14654,-1,-1,-1,-1,-1,-1,-1,-1
14655,-1,-1,-1,-1,-1,-1,-1,-1
14656,-1,-1,-1,-1,-1,-1,-1,-1
14657,-1,-1,-1,-1,-1,-1,-1,-1
14658,-1,-1,-1,-1,-1,-1,-1,-1
14659,-1,-1,-1,-1,-1,-1,-1,-1
14660,-1,-1,-1,-1,-1,-1,-1,-1
14661,-1,-1,-1,-1,-1,-1,-1,-1
14662,-1,-1,-1,-1,-1,-1,-1,-1
14663,-1,-1,-1,-1,-1,-1,-1,-1
14664,-1,-1,-1,-1,-1,-1,-1,-1
14665,-1,-1,-1,-1,-1,-1,-1,-1
14666,-1,-1,-1,-1,-1,-1,-1,-1
14667,-1,-1,-1,-1,-1,-1,-1,-1
14668,-1,-1,-1,-1,-1,-1,-1,-1
14669,-1,-1,-1,-1,-1,-1,-1,-1
14670,-1,-1,-1,-1,-1,-1,-1,-1
14671,-1,-1,-1,-1,-1,-1,-1,-1
14672,-1,-1,-1,-1,-1,-1,-1,-1
14673,-1,-1,-1,-1,-1,-1,-1,-1
14674,-1,-1,-1,-1,-1,-1,-1,-1
14675,10016143,10016431,10016719,10017007,10017295,10017583,10017871,10018159
14676,10016142,10016430,10016718,10017006,10017294,10017582,10017870,10018158
14677,10016141,10016429,10016717,10017005,10017293,10017581,10017869,10018157
14678,10016140,10016428,10016716,10017004,10017292,10017580,10017868,10018156
14679,10016139,10016427,10016715,10017003,10017291,10017579,10017867,10018155
14680,10016138,10016426,10016714,10017002,10017290,10017578,10017866,10018154
14681,10016137,10016425,10016713,10017001,10017289,10017577,10017865,10018153
14682,10016136,10016424,10016712,10017000,10017288,10017576,10017864,10018152
14683,-1,-1,-1,-1,-1,-1,-1,-1
14684,-1,-1,-1,-1,-1,-1,-1,-1
14685,-1,-1,-1,-1,-1,-1,-1,-1
14686,-1,-1,-1,-1,-1,-1,-1,-1
14687,-1,-1,-1,-1,-1,-1,-1,-1
14688,-1,-1,-1,-1,-1,-1,-1,-1
14689,-1,-1,-1,-1,-1,-1,-1,-1
14690,-1,-1,-1,-1,-1,-1,-1,-1
14691,-1,-1,-1,-1,-1,-1,-1,-1
14692,-1,-1,-1,-1,-1,-1,-1,-1
14693,-1,-1,-1,-1,-1,-1,-1,-1
14694,-1,-1,-1,-1,-1,-1,-1,-1
14695,-1,-1,-1,-1,-1,-1,-1,-1
14696,-1,-1,-1,-1,-1,-1,-1,-1
14697,-1,-1,-1,-1,-1,-1,-1,-1
14698,-1,-1,-1,-1,-1,-1,-1,-1
14699,-1,-1,-1,-1,-1,-1,-1,-1
14700,-1,-1,-1,-1,-1,-1,-1,-1
14701,-1,-1,-1,-1,-1,-1,-1,-1
14702,-1,-1,-1,-1,-1,-1,-1,-1
14703,-1,-1,-1,-1,-1,-1,-1,-1
14704,-1,-1,-1,-1,-1,-1,-1,-1
14705,-1,-1,-1,-1,-1,-1,-1,-1
14706,-1,-1,-1,-1,-1,-1,-1,-1
14707,-1,-1,-1,-1,-1,-1,-1,-1
14708,-1,-1,-1,-1,-1,-1,-1,-1
14709,-1,-1,-1,-1,-1,-1,-1,-1
14710,-1,-1,-1,-1,-1,-1,-1,-1
14711,-1,-1,-1,-1,-1,-1,-1,-1
14712,-1,-1,-1,-1,-1,-1,-1,-1
14713,-1,-1,-1,-1,-1,-1,-1,-1
14714,-1,-1,-1,-1,-1,-1,-1,-1
14715,-1,-1,-1,-1,-1,-1,-1,-1
14716,-1,-1,-1,-1,-1,-1,-1,-1
14717,-1,-1,-1,-1,-1,-1,-1,-1
14718,-1,-1,-1,-1,-1,-1,-1,-1
14719,-1,-1,-1,-1,-1,-1,-1,-1
14720,-1,-1,-1,-1,-1,-1,-1,-1
14721,-1,-1,-1,-1,-1,-1,-1,-1
14722,-1,-1,-1,-1,-1,-1,-1,-1
14723,-1,-1,-1,-1,-1,-1,-1,-1
14724,-1,-1,-1,-1,-1,-1,-1,-1
14725,-1,-1,-1,-1,-1,-1,-1,-1
14726,-1,-1,-1,-1,-1,-1,-1,-1
14727,-1,-1,-1,-1,-1,-1,-1,-1
14728,-1,-1,-1,-1,-1,-1,-1,-1
14729,-1,-1,-1,-1,-1,-1,-1,-1
14730,-1,-1,-1,-1,-1,-1,-1,-1
14731,-1,-1,-1,-1,-1,-1,-1,-1
14732,-1,-1,-1,-1,-1,-1,-1,-1
14733,10016151,10016439,10016727,10017015,10017303,10017591,10017879,10018167
14734,10016150,10016438,10016726,10017014,10017302,10017590,10017878,10018166
14735,10016149,10016437,10016725,10017013,10017301,10017589,10017877,10018165
14736,10016148,10016436,10016724,10017012,10017300,10017588,10017876,10018164
14737,10016147,10016435,10016723,10017011,10017299,10017587,10017875,10018163
14738,10016146,10016434,10016722,10017010,10017298,10017586,10017874,10018162
14739,10016145,10016433,10016721,10017009,10017297,10017585,10017873,10018161
14740,10016144,10016432,10016720,10017008,10017296,10017584,10017872,10018160
14741,-1,-1,-1,-1,-1,-1,-1,-1
14742,-1,-1,-1,-1,-1,-1,-1,-1
14743,-1,-1,-1,-1,-1,-1,-1,-1
14744,-1,-1,-1,-1,-1,-1,-1,-1
14745,-1,-1,-1,-1,-1,-1,-1,-1
14746,-1,-1,-1,-1,-1,-1,-1,-1
14747,-1,-1,-1,-1,-1,-1,-1,-1
14748,-1,-1,-1,-1,-1,-1,-1,-1
14749,-1,-1,-1,-1,-1,-1,-1,-1
14750,-1,-1,-1,-1,-1,-1,-1,-1
14751,-1,-1,-1,-1,-1,-1,-1,-1
14752,-1,-1,-1,-1,-1,-1,-1,-1
14753,-1,-1,-1,-1,-1,-1,-1,-1
14754,-1,-1,-1,-1,-1,-1,-1,-1
14755,-1,-1,-1,-1,-1,-1,-1,-1
14756,-1,-1,-1,-1,-1,-1,-1,-1
14757,-1,-1,-1,-1,-1,-1,-1,-1
14758,-1,-1,-1,-1,-1,-1,-1,-1
14759,-1,-1,-1,-1,-1,-1,-1,-1
14760,-1,-1,-1,-1,-1,-1,-1,-1
14761,-1,-1,-1,-1,-1,-1,-1,-1
14762,-1,-1,-1,-1,-1,-1,-1,-1
14763,-1,-1,-1,-1,-1,-1,-1,-1
14764,-1,-1,-1,-1,-1,-1,-1,-1
14765,-1,-1,-1,-1,-1,-1,-1,-1
14766,-1,-1,-1,-1,-1,-1,-1,-1
14767,-1,-1,-1,-1,-1,-1,-1,-1
14768,-1,-1,-1,-1,-1,-1,-1,-1
14769,-1,-1,-1,-1,-1,-1,-1,-1
14770,-1,-1,-1,-1,-1,-1,-1,-1
14771,-1,-1,-1,-1,-1,-1,-1,-1
14772,-1,-1,-1,-1,-1,-1,-1,-1
14773,-1,-1,-1,-1,-1,-1,-1,-1
14774,-1,-1,-1,-1,-1,-1,-1,-1
14775,-1,-1,-1,-1,-1,-1,-1,-1
14776,-1,-1,-1,-1,-1,-1,-1,-1
14777,-1,-1,-1,-1,-1,-1,-1,-1
14778,-1,-1,-1,-1,-1,-1,-1,-1
14779,-1,-1,-1,-1,-1,-1,-1,-1
14780,-1,-1,-1,-1,-1,-1,-1,-1
14781,-1,-1,-1,-1,-1,-1,-1,-1
14782,-1,-1,-1,-1,-1,-1,-1,-1
14783,-1,-1,-1,-1,-1,-1,-1,-1
14784,-1,-1,-1,-1,-1,-1,-1,-1
14785,-1,-1,-1,-1,-1,-1,-1,-1
14786,-1,-1,-1,-1,-1,-1,-1,-1
14787,-1,-1,-1,-1,-1,-1,-1,-1
14788,-1,-1,-1,-1,-1,-1,-1,-1
14789,-1,-1,-1,-1,-1,-1,-1,-1
14790,-1,-1,-1,-1,-1,-1,-1,-1
14791,10016159,10016447,10016735,10017023,10017311,10017599,10017887,10018175
14792,10016158,10016446,10016734,10017022,10017310,10017598,10017886,10018174
14793,10016157,10016445,10016733,10017021,10017309,10017597,10017885,10018173
14794,10016156,10016444,10016732,10017020,10017308,10017596,10017884,10018172
14795,10016155,10016443,10016731,10017019,10017307,10017595,10017883,10018171
14796,10016154,10016442,10016730,10017018,10017306,10017594,10017882,10018170
14797,10016153,10016441,10016729,10017017,10017305,10017593,10017881,10018169
14798,10016152,10016440,10016728,10017016,10017304,10017592,10017880,10018168
14799,-1,-1,-1,-1,-1,-1,-1,-1
14800,-1,-1,-1,-1,-1,-1,-1,-1
14801,-1,-1,-1,-1,-1,-1,-1,-1
14802,-1,-1,-1,-1,-1,-1,-1,-1
14803,-1,-1,-1,-1,-1,-1,-1,-1
14804,-1,-1,-1,-1,-1,-1,-1,-1
14805,-1,-1,-1,-1,-1,-1,-1,-1
14806,-1,-1,-1,-1,-1,-1,-1,-1
14807,-1,-1,-1,-1,-1,-1,-1,-1
14808,-1,-1,-1,-1,-1,-1,-1,-1
14809,-1,-1,-1,-1,-1,-1,-1,-1
14810,-1,-1,-1,-1,-1,-1,-1,-1
14811,-1,-1,-1,-1,-1,-1,-1,-1
14812,-1,-1,-1,-1,-1,-1,-1,-1
14813,-1,-1,-1,-1,-1,-1,-1,-1
14814,-1,-1,-1,-1,-1,-1,-1,-1
14815,-1,-1,-1,-1,-1,-1,-1,-1
14816,-1,-1,-1,-1,-1,-1,-1,-1
14817,-1,-1,-1,-1,-1,-1,-1,-1
14818,-1,-1,-1,-1,-1,-1,-1,-1
14819,-1,-1,-1,-1,-1,-1,-1,-1
14820,-1,-1,-1,-1,-1,-1,-1,-1
14821,-1,-1,-1,-1,-1,-1,-1,-1
14822,-1,-1,-1,-1,-1,-1,-1,-1
14823,-1,-1,-1,-1,-1,-1,-1,-1
14824,-1,-1,-1,-1,-1,-1,-1,-1
14825,-1,-1,-1,-1,-1,-1,-1,-1
14826,-1,-1,-1,-1,-1,-1,-1,-1
14827,-1,-1,-1,-1,-1,-1,-1,-1
14828,-1,-1,-1,-1,-1,-1,-1,-1
14829,-1,-1,-1,-1,-1,-1,-1,-1
14830,-1,-1,-1,-1,-1,-1,-1,-1
14831,-1,-1,-1,-1,-1,-1,-1,-1
14832,-1,-1,-1,-1,-1,-1,-1,-1
14833,-1,-1,-1,-1,-1,-1,-1,-1
14834,-1,-1,-1,-1,-1,-1,-1,-1
14835,-1,-1,-1,-1,-1,-1,-1,-1
14836,-1,-1,-1,-1,-1,-1,-1,-1
14837,-1,-1,-1,-1,-1,-1,-1,-1
14838,-1,-1,-1,-1,-1,-1,-1,-1
14839,-1,-1,-1,-1,-1,-1,-1,-1
14840,-1,-1,-1,-1,-1,-1,-1,-1
14841,-1,-1,-1,-1,-1,-1,-1,-1
14842,-1,-1,-1,-1,-1,-1,-1,-1
14843,-1,-1,-1,-1,-1,-1,-1,-1
14844,-1,-1,-1,-1,-1,-1,-1,-1
14845,-1,-1,-1,-1,-1,-1,-1,-1
14846,-1,-1,-1,-1,-1,-1,-1,-1
14847,-1,-1,-1,-1,-1,-1,-1,-1
14848,-1,-1,-1,-1,-1,-1,-1,-1
14849,10016167,10016455,10016743,10017031,10017319,10017607,10017895,10018183
14850,10016166,10016454,10016742,10017030,10017318,10017606,10017894,10018182
14851,10016165,10016453,10016741,10017029,10017317,10017605,10017893,10018181
14852,10016164,10016452,10016740,10017028,10017316,10017604,10017892,10018180
14853,10016163,10016451,10016739,10017027,10017315,10017603,10017891,10018179
14854,10016162,10016450,10016738,10017026,10017314,10017602,10017890,10018178
14855,10016161,10016449,10016737,10017025,10017313,10017601,10017889,10018177
14856,10016160,10016448,10016736,10017024,10017312,10017600,10017888,10018176
14857,-1,-1,-1,-1,-1,-1,-1,-1
14858,-1,-1,-1,-1,-1,-1,-1,-1
14859,-1,-1,-1,-1,-1,-1,-1,-1
14860,-1,-1,-1,-1,-1,-1,-1,-1
14861,-1,-1,-1,-1,-1,-1,-1,-1
14862,-1,-1,-1,-1,-1,-1,-1,-1
14863,-1,-1,-1,-1,-1,-1,-1,-1
14864,-1,-1,-1,-1,-1,-1,-1,-1
14865,-1,-1,-1,-1,-1,-1,-1,-1
14866,-1,-1,-1,-1,-1,-1,-1,-1
14867,-1,-1,-1,-1,-1,-1,-1,-1
14868,-1,-1,-1,-1,-1,-1,-1,-1
14869,-1,-1,-1,-1,-1,-1,-1,-1
14870,-1,-1,-1,-1,-1,-1,-1,-1
14871,-1,-1,-1,-1,-1,-1,-1,-1
14872,-1,-1,-1,-1,-1,-1,-1,-1
14873,-1,-1,-1,-1,-1,-1,-1,-1
14874,-1,-1,-1,-1,-1,-1,-1,-1
14875,-1,-1,-1,-1,-1,-1,-1,-1
14876,-1,-1,-1,-1,-1,-1,-1,-1
14877,-1,-1,-1,-1,-1,-1,-1,-1
14878,-1,-1,-1,-1,-1,-1,-1,-1
14879,-1,-1,-1,-1,-1,-1,-1,-1
14880,-1,-1,-1,-1,-1,-1,-1,-1
14881,-1,-1,-1,-1,-1,-1,-1,-1
14882,-1,-1,-1,-1,-1,-1,-1,-1
14883,-1,-1,-1,-1,-1,-1,-1,-1
14884,-1,-1,-1,-1,-1,-1,-1,-1
14885,-1,-1,-1,-1,-1,-1,-1,-1
14886,-1,-1,-1,-1,-1,-1,-1,-1
14887,-1,-1,-1,-1,-1,-1,-1,-1
14888,-1,-1,-1,-1,-1,-1,-1,-1
14889,-1,-1,-1,-1,-1,-1,-1,-1
14890,-1,-1,-1,-1,-1,-1,-1,-1
14891,-1,-1,-1,-1,-1,-1,-1,-1
14892,-1,-1,-1,-1,-1,-1,-1,-1
14893,-1,-1,-1,-1,-1,-1,-1,-1
14894,-1,-1,-1,-1,-1,-1,-1,-1
14895,-1,-1,-1,-1,-1,-1,-1,-1
14896,-1,-1,-1,-1,-1,-1,-1,-1
14897,-1,-1,-1,-1,-1,-1,-1,-1
14898,-1,-1,-1,-1,-1,-1,-1,-1
14899,-1,-1,-1,-1,-1,-1,-1,-1
14900,-1,-1,-1,-1,-1,-1,-1,-1
14901,-1,-1,-1,-1,-1,-1,-1,-1
14902,-1,-1,-1,-1,-1,-1,-1,-1
14903,-1,-1,-1,-1,-1,-1,-1,-1
14904,-1,-1,-1,-1,-1,-1,-1,-1
14905,-1,-1,-1,-1,-1,-1,-1,-1
14906,-1,-1,-1,-1,-1,-1,-1,-1
14907,10016175,10016463,10016751,10017039,10017327,10017615,10017903,10018191
14908,10016174,10016462,10016750,10017038,10017326,10017614,10017902,10018190
14909,10016173,10016461,10016749,10017037,10017325,10017613,10017901,10018189
14910,10016172,10016460,10016748,10017036,10017324,10017612,10017900,10018188
14911,10016171,10016459,10016747,10017035,10017323,10017611,10017899,10018187
14912,10016170,10016458,10016746,10017034,10017322,10017610,10017898,10018186
14913,10016169,10016457,10016745,10017033,10017321,10017609,10017897,10018185
14914,10016168,10016456,10016744,10017032,10017320,10017608,10017896,10018184
14915,-1,-1,-1,-1,-1,-1,-1,-1
14916,-1,-1,-1,-1,-1,-1,-1,-1
14917,-1,-1,-1,-1,-1,-1,-1,-1
14918,-1,-1,-1,-1,-1,-1,-1,-1
14919,-1,-1,-1,-1,-1,-1,-1,-1
14920,-1,-1,-1,-1,-1,-1,-1,-1
14921,-1,-1,-1,-1,-1,-1,-1,-1
14922,-1,-1,-1,-1,-1,-1,-1,-1
14923,-1,-1,-1,-1,-1,-1,-1,-1
14924,-1,-1,-1,-1,-1,-1,-1,-1
14925,-1,-1,-1,-1,-1,-1,-1,-1
14926,-1,-1,-1,-1,-1,-1,-1,-1
14927,-1,-1,-1,-1,-1,-1,-1,-1
14928,-1,-1,-1,-1,-1,-1,-1,-1
14929,-1,-1,-1,-1,-1,-1,-1,-1
14930,-1,-1,-1,-1,-1,-1,-1,-1
14931,-1,-1,-1,-1,-1,-1,-1,-1
14932,-1,-1,-1,-1,-1,-1,-1,-1
14933,-1,-1,-1,-1,-1,-1,-1,-1
14934,-1,-1,-1,-1,-1,-1,-1,-1
14935,-1,-1,-1,-1,-1,-1,-1,-1
14936,-1,-1,-1,-1,-1,-1,-1,-1
14937,-1,-1,-1,-1,-1,-1,-1,-1
14938,-1,-1,-1,-1,-1,-1,-1,-1
14939,-1,-1,-1,-1,-1,-1,-1,-1
14940,-1,-1,-1,-1,-1,-1,-1,-1
14941,-1,-1,-1,-1,-1,-1,-1,-1
14942,-1,-1,-1,-1,-1,-1,-1,-1
14943,-1,-1,-1,-1,-1,-1,-1,-1
14944,-1,-1,-1,-1,-1,-1,-1,-1
14945,-1,-1,-1,-1,-1,-1,-1,-1
14946,-1,-1,-1,-1,-1,-1,-1,-1
14947,-1,-1,-1,-1,-1,-1,-1,-1
14948,-1,-1,-1,-1,-1,-1,-1,-1
14949,-1,-1,-1,-1,-1,-1,-1,-1
14950,-1,-1,-1,-1,-1,-1,-1,-1
14951,-1,-1,-1,-1,-1,-1,-1,-1
14952,-1,-1,-1,-1,-1,-1,-1,-1
14953,-1,-1,-1,-1,-1,-1,-1,-1
14954,-1,-1,-1,-1,-1,-1,-1,-1
14955,-1,-1,-1,-1,-1,-1,-1,-1
14956,-1,-1,-1,-1,-1,-1,-1,-1
14957,-1,-1,-1,-1,-1,-1,-1,-1
14958,-1,-1,-1,-1,-1,-1,-1,-1
14959,-1,-1,-1,-1,-1,-1,-1,-1
14960,-1,-1,-1,-1,-1,-1,-1,-1
14961,-1,-1,-1,-1,-1,-1,-1,-1
14962,-1,-1,-1,-1,-1,-1,-1,-1
14963,-1,-1,-1,-1,-1,-1,-1,-1
14964,-1,-1,-1,-1,-1,-1,-1,-1
14965,10016183,10016471,10016759,10017047,10017335,10017623,10017911,10018199
14966,10016182,10016470,10016758,10017046,10017334,10017622,10017910,10018198
14967,10016181,10016469,10016757,10017045,10017333,10017621,10017909,10018197
14968,10016180,10016468,10016756,10017044,10017332,10017620,10017908,10018196
14969,10016179,10016467,10016755,10017043,10017331,10017619,10017907,10018195
14970,10016178,10016466,10016754,10017042,10017330,10017618,10017906,10018194
14971,10016177,10016465,10016753,10017041,10017329,10017617,10017905,10018193
14972,10016176,10016464,10016752,10017040,10017328,10017616,10017904,10018192
14973,-1,-1,-1,-1,-1,-1,-1,-1
14974,-1,-1,-1,-1,-1,-1,-1,-1
14975,-1,-1,-1,-1,-1,-1,-1,-1
14976,-1,-1,-1,-1,-1,-1,-1,-1
14977,-1,-1,-1,-1,-1,-1,-1,-1
14978,-1,-1,-1,-1,-1,-1,-1,-1
14979,-1,-1,-1,-1,-1,-1,-1,-1
14980,-1,-1,-1,-1,-1,-1,-1,-1
14981,-1,-1,-1,-1,-1,-1,-1,-1
14982,-1,-1,-1,-1,-1,-1,-1,-1
14983,-1,-1,-1,-1,-1,-1,-1,-1
14984,-1,-1,-1,-1,-1,-1,-1,-1
14985,-1,-1,-1,-1,-1,-1,-1,-1
14986,-1,-1,-1,-1,-1,-1,-1,-1
14987,-1,-1,-1,-1,-1,-1,-1,-1
14988,-1,-1,-1,-1,-1,-1,-1,-1
14989,-1,-1,-1,-1,-1,-1,-1,-1
14990,-1,-1,-1,-1,-1,-1,-1,-1
14991,-1,-1,-1,-1,-1,-1,-1,-1
14992,-1,-1,-1,-1,-1,-1,-1,-1
14993,-1,-1,-1,-1,-1,-1,-1,-1
14994,-1,-1,-1,-1,-1,-1,-1,-1
14995,-1,-1,-1,-1,-1,-1,-1,-1
14996,-1,-1,-1,-1,-1,-1,-1,-1
14997,-1,-1,-1,-1,-1,-1,-1,-1
14998,-1,-1,-1,-1,-1,-1,-1,-1
14999,-1,-1,-1,-1,-1,-1,-1,-1
15000,-1,-1,-1,-1,-1,-1,-1,-1
15001,-1,-1,-1,-1,-1,-1,-1,-1
15002,-1,-1,-1,-1,-1,-1,-1,-1
15003,-1,-1,-1,-1,-1,-1,-1,-1
15004,-1,-1,-1,-1,-1,-1,-1,-1
15005,-1,-1,-1,-1,-1,-1,-1,-1
15006,-1,-1,-1,-1,-1,-1,-1,-1
15007,-1,-1,-1,-1,-1,-1,-1,-1
15008,-1,-1,-1,-1,-1,-1,-1,-1
15009,-1,-1,-1,-1,-1,-1,-1,-1
15010,-1,-1,-1,-1,-1,-1,-1,-1
15011,-1,-1,-1,-1,-1,-1,-1,-1
15012,-1,-1,-1,-1,-1,-1,-1,-1
15013,-1,-1,-1,-1,-1,-1,-1,-1
15014,-1,-1,-1,-1,-1,-1,-1,-1
15015,-1,-1,-1,-1,-1,-1,-1,-1
15016,-1,-1,-1,-1,-1,-1,-1,-1
15017,-1,-1,-1,-1,-1,-1,-1,-1
15018,-1,-1,-1,-1,-1,-1,-1,-1
15019,-1,-1,-1,-1,-1,-1,-1,-1
15020,-1,-1,-1,-1,-1,-1,-1,-1
15021,-1,-1,-1,-1,-1,-1,-1,-1
15022,-1,-1,-1,-1,-1,-1,-1,-1
15023,10016191,10016479,10016767,10017055,10017343,10017631,10017919,10018207
15024,10016190,10016478,10016766,10017054,10017342,10017630,10017918,10018206
15025,10016189,10016477,10016765,10017053,10017341,10017629,10017917,10018205
15026,10016188,10016476,10016764,10017052,10017340,10017628,10017916,10018204
15027,10016187,10016475,10016763,10017051,10017339,10017627,10017915,10018203
15028,10016186,10016474,10016762,10017050,10017338,10017626,10017914,10018202
15029,10016185,10016473,10016761,10017049,10017337,10017625,10017913,10018201
15030,10016184,10016472,10016760,10017048,10017336,10017624,10017912,10018200
15031,-1,-1,-1,-1,-1,-1,-1,-1
15032,-1,-1,-1,-1,-1,-1,-1,-1
15033,-1,-1,-1,-1,-1,-1,-1,-1
15034,-1,-1,-1,-1,-1,-1,-1,-1
15035,-1,-1,-1,-1,-1,-1,-1,-1
15036,-1,-1,-1,-1,-1,-1,-1,-1
15037,-1,-1,-1,-1,-1,-1,-1,-1
15038,-1,-1,-1,-1,-1,-1,-1,-1
15039,-1,-1,-1,-1,-1,-1,-1,-1
15040,-1,-1,-1,-1,-1,-1,-1,-1
15041,-1,-1,-1,-1,-1,-1,-1,-1
15042,-1,-1,-1,-1,-1,-1,-1,-1
15043,-1,-1,-1,-1,-1,-1,-1,-1
15044,-1,-1,-1,-1,-1,-1,-1,-1
15045,-1,-1,-1,-1,-1,-1,-1,-1
15046,-1,-1,-1,-1,-1,-1,-1,-1
15047,-1,-1,-1,-1,-1,-1,-1,-1
15048,-1,-1,-1,-1,-1,-1,-1,-1
15049,-1,-1,-1,-1,-1,-1,-1,-1
15050,-1,-1,-1,-1,-1,-1,-1,-1
15051,-1,-1,-1,-1,-1,-1,-1,-1
15052,-1,-1,-1,-1,-1,-1,-1,-1
15053,-1,-1,-1,-1,-1,-1,-1,-1
15054,-1,-1,-1,-1,-1,-1,-1,-1
15055,-1,-1,-1,-1,-1,-1,-1,-1
15056,-1,-1,-1,-1,-1,-1,-1,-1
15057,-1,-1,-1,-1,-1,-1,-1,-1
15058,-1,-1,-1,-1,-1,-1,-1,-1
15059,-1,-1,-1,-1,-1,-1,-1,-1
15060,-1,-1,-1,-1,-1,-1,-1,-1
15061,-1,-1,-1,-1,-1,-1,-1,-1
15062,-1,-1,-1,-1,-1,-1,-1,-1
15063,-1,-1,-1,-1,-1,-1,-1,-1
15064,-1,-1,-1,-1,-1,-1,-1,-1
15065,-1,-1,-1,-1,-1,-1,-1,-1
15066,-1,-1,-1,-1,-1,-1,-1,-1
15067,-1,-1,-1,-1,-1,-1,-1,-1
15068,-1,-1,-1,-1,-1,-1,-1,-1
15069,-1,-1,-1,-1,-1,-1,-1,-1
15070,-1,-1,-1,-1,-1,-1,-1,-1
15071,-1,-1,-1,-1,-1,-1,-1,-1
15072,-1,-1,-1,-1,-1,-1,-1,-1
15073,-1,-1,-1,-1,-1,-1,-1,-1
15074,-1,-1,-1,-1,-1,-1,-1,-1
15075,-1,-1,-1,-1,-1,-1,-1,-1
15076,-1,-1,-1,-1,-1,-1,-1,-1
15077,-1,-1,-1,-1,-1,-1,-1,-1
15078,-1,-1,-1,-1,-1,-1,-1,-1
15079,-1,-1,-1,-1,-1,-1,-1,-1
15080,-1,-1,-1,-1,-1,-1,-1,-1
15081,10016199,10016487,10016775,10017063,10017351,10017639,10017927,10018215
15082,10016198,10016486,10016774,10017062,10017350,10017638,10017926,10018214
15083,10016197,10016485,10016773,10017061,10017349,10017637,10017925,10018213
15084,10016196,10016484,10016772,10017060,10017348,10017636,10017924,10018212
15085,10016195,10016483,10016771,10017059,10017347,10017635,10017923,10018211
15086,10016194,10016482,10016770,10017058,10017346,10017634,10017922,10018210
15087,10016193,10016481,10016769,10017057,10017345,10017633,10017921,10018209
15088,10016192,10016480,10016768,10017056,10017344,10017632,10017920,10018208
15089,-1,-1,-1,-1,-1,-1,-1,-1
15090,-1,-1,-1,-1,-1,-1,-1,-1
15091,-1,-1,-1,-1,-1,-1,-1,-1
15092,-1,-1,-1,-1,-1,-1,-1,-1
15093,-1,-1,-1,-1,-1,-1,-1,-1
15094,-1,-1,-1,-1,-1,-1,-1,-1
15095,-1,-1,-1,-1,-1,-1,-1,-1
15096,-1,-1,-1,-1,-1,-1,-1,-1
15097,-1,-1,-1,-1,-1,-1,-1,-1
15098,-1,-1,-1,-1,-1,-1,-1,-1
15099,-1,-1,-1,-1,-1,-1,-1,-1
15100,-1,-1,-1,-1,-1,-1,-1,-1
15101,-1,-1,-1,-1,-1,-1,-1,-1
15102,-1,-1,-1,-1,-1,-1,-1,-1
15103,-1,-1,-1,-1,-1,-1,-1,-1
15104,-1,-1,-1,-1,-1,-1,-1,-1
15105,-1,-1,-1,-1,-1,-1,-1,-1
15106,-1,-1,-1,-1,-1,-1,-1,-1
15107,-1,-1,-1,-1,-1,-1,-1,-1
15108,-1,-1,-1,-1,-1,-1,-1,-1
15109,-1,-1,-1,-1,-1,-1,-1,-1
15110,-1,-1,-1,-1,-1,-1,-1,-1
15111,-1,-1,-1,-1,-1,-1,-1,-1
15112,-1,-1,-1,-1,-1,-1,-1,-1
15113,-1,-1,-1,-1,-1,-1,-1,-1
15114,-1,-1,-1,-1,-1,-1,-1,-1
15115,-1,-1,-1,-1,-1,-1,-1,-1
15116,-1,-1,-1,-1,-1,-1,-1,-1
15117,-1,-1,-1,-1,-1,-1,-1,-1
15118,-1,-1,-1,-1,-1,-1,-1,-1
15119,-1,-1,-1,-1,-1,-1,-1,-1
15120,-1,-1,-1,-1,-1,-1,-1,-1
15121,-1,-1,-1,-1,-1,-1,-1,-1
15122,-1,-1,-1,-1,-1,-1,-1,-1
15123,-1,-1,-1,-1,-1,-1,-1,-1
15124,-1,-1,-1,-1,-1,-1,-1,-1
15125,-1,-1,-1,-1,-1,-1,-1,-1
15126,-1,-1,-1,-1,-1,-1,-1,-1
15127,-1,-1,-1,-1,-1,-1,-1,-1
15128,-1,-1,-1,-1,-1,-1,-1,-1
15129,-1,-1,-1,-1,-1,-1,-1,-1
15130,-1,-1,-1,-1,-1,-1,-1,-1
15131,-1,-1,-1,-1,-1,-1,-1,-1
15132,-1,-1,-1,-1,-1,-1,-1,-1
15133,-1,-1,-1,-1,-1,-1,-1,-1
15134,-1,-1,-1,-1,-1,-1,-1,-1
15135,-1,-1,-1,-1,-1,-1,-1,-1
15136,-1,-1,-1,-1,-1,-1,-1,-1
15137,-1,-1,-1,-1,-1,-1,-1,-1
15138,-1,-1,-1,-1,-1,-1,-1,-1
15139,10016207,10016495,10016783,10017071,10017359,10017647,10017935,10018223
15140,10016206,10016494,10016782,10017070,10017358,10017646,10017934,10018222
15141,10016205,10016493,10016781,10017069,10017357,10017645,10017933,10018221
15142,10016204,10016492,10016780,10017068,10017356,10017644,10017932,10018220
15143,10016203,10016491,10016779,10017067,10017355,10017643,10017931,10018219
15144,10016202,10016490,10016778,10017066,10017354,10017642,10017930,10018218
15145,10016201,10016489,10016777,10017065,10017353,10017641,10017929,10018217
15146,10016200,10016488,10016776,10017064,10017352,10017640,10017928,10018216
15147,-1,-1,-1,-1,-1,-1,-1,-1
15148,-1,-1,-1,-1,-1,-1,-1,-1
15149,-1,-1,-1,-1,-1,-1,-1,-1
15150,-1,-1,-1,-1,-1,-1,-1,-1
15151,-1,-1,-1,-1,-1,-1,-1,-1
15152,-1,-1,-1,-1,-1,-1,-1,-1
15153,-1,-1,-1,-1,-1,-1,-1,-1
15154,-1,-1,-1,-1,-1,-1,-1,-1
15155,-1,-1,-1,-1,-1,-1,-1,-1
15156,-1,-1,-1,-1,-1,-1,-1,-1
15157,-1,-1,-1,-1,-1,-1,-1,-1
15158,-1,-1,-1,-1,-1,-1,-1,-1
15159,-1,-1,-1,-1,-1,-1,-1,-1
15160,-1,-1,-1,-1,-1,-1,-1,-1
15161,-1,-1,-1,-1,-1,-1,-1,-1
15162,-1,-1,-1,-1,-1,-1,-1,-1
15163,-1,-1,-1,-1,-1,-1,-1,-1
15164,-1,-1,-1,-1,-1,-1,-1,-1
15165,-1,-1,-1,-1,-1,-1,-1,-1
15166,-1,-1,-1,-1,-1,-1,-1,-1
15167,-1,-1,-1,-1,-1,-1,-1,-1
15168,-1,-1,-1,-1,-1,-1,-1,-1
15169,-1,-1,-1,-1,-1,-1,-1,-1
15170,-1,-1,-1,-1,-1,-1,-1,-1
15171,-1,-1,-1,-1,-1,-1,-1,-1
15172,-1,-1,-1,-1,-1,-1,-1,-1
15173,-1,-1,-1,-1,-1,-1,-1,-1
15174,-1,-1,-1,-1,-1,-1,-1,-1
15175,-1,-1,-1,-1,-1,-1,-1,-1
15176,-1,-1,-1,-1,-1,-1,-1,-1
15177,-1,-1,-1,-1,-1,-1,-1,-1
15178,-1,-1,-1,-1,-1,-1,-1,-1
15179,-1,-1,-1,-1,-1,-1,-1,-1
15180,-1,-1,-1,-1,-1,-1,-1,-1
15181,-1,-1,-1,-1,-1,-1,-1,-1
15182,-1,-1,-1,-1,-1,-1,-1,-1
15183,-1,-1,-1,-1,-1,-1,-1,-1
15184,-1,-1,-1,-1,-1,-1,-1,-1
15185,-1,-1,-1,-1,-1,-1,-1,-1
15186,-1,-1,-1,-1,-1,-1,-1,-1
15187,-1,-1,-1,-1,-1,-1,-1,-1
15188,-1,-1,-1,-1,-1,-1,-1,-1
15189,-1,-1,-1,-1,-1,-1,-1,-1
15190,-1,-1,-1,-1,-1,-1,-1,-1
15191,-1,-1,-1,-1,-1,-1,-1,-1
15192,-1,-1,-1,-1,-1,-1,-1,-1
15193,-1,-1,-1,-1,-1,-1,-1,-1
15194,-1,-1,-1,-1,-1,-1,-1,-1
15195,-1,-1,-1,-1,-1,-1,-1,-1
15196,-1,-1,-1,-1,-1,-1,-1,-1
15197,10016215,10016503,10016791,10017079,10017367,10017655,10017943,10018231
15198,10016214,10016502,10016790,10017078,10017366,10017654,10017942,10018230
15199,10016213,10016501,10016789,10017077,10017365,10017653,10017941,10018229
15200,10016212,10016500,10016788,10017076,10017364,10017652,10017940,10018228
15201,10016211,10016499,10016787,10017075,10017363,10017651,10017939,10018227
15202,10016210,10016498,10016786,10017074,10017362,10017650,10017938,10018226
15203,10016209,10016497,10016785,10017073,10017361,10017649,10017937,10018225
15204,10016208,10016496,10016784,10017072,10017360,10017648,10017936,10018224
15205,-1,-1,-1,-1,-1,-1,-1,-1
15206,-1,-1,-1,-1,-1,-1,-1,-1
15207,-1,-1,-1,-1,-1,-1,-1,-1
15208,-1,-1,-1,-1,-1,-1,-1,-1
15209,-1,-1,-1,-1,-1,-1,-1,-1
15210,-1,-1,-1,-1,-1,-1,-1,-1
15211,-1,-1,-1,-1,-1,-1,-1,-1
15212,-1,-1,-1,-1,-1,-1,-1,-1
15213,-1,-1,-1,-1,-1,-1,-1,-1
15214,-1,-1,-1,-1,-1,-1,-1,-1
15215,-1,-1,-1,-1,-1,-1,-1,-1
15216,-1,-1,-1,-1,-1,-1,-1,-1
15217,-1,-1,-1,-1,-1,-1,-1,-1
15218,-1,-1,-1,-1,-1,-1,-1,-1
15219,-1,-1,-1,-1,-1,-1,-1,-1
15220,-1,-1,-1,-1,-1,-1,-1,-1
15221,-1,-1,-1,-1,-1,-1,-1,-1
15222,-1,-1,-1,-1,-1,-1,-1,-1
15223,-1,-1,-1,-1,-1,-1,-1,-1
15224,-1,-1,-1,-1,-1,-1,-1,-1
15225,-1,-1,-1,-1,-1,-1,-1,-1
15226,-1,-1,-1,-1,-1,-1,-1,-1
15227,-1,-1,-1,-1,-1,-1,-1,-1
15228,-1,-1,-1,-1,-1,-1,-1,-1
15229,-1,-1,-1,-1,-1,-1,-1,-1
15230,-1,-1,-1,-1,-1,-1,-1,-1
15231,-1,-1,-1,-1,-1,-1,-1,-1
15232,-1,-1,-1,-1,-1,-1,-1,-1
15233,-1,-1,-1,-1,-1,-1,-1,-1
15234,-1,-1,-1,-1,-1,-1,-1,-1
15235,-1,-1,-1,-1,-1,-1,-1,-1
15236,-1,-1,-1,-1,-1,-1,-1,-1
15237,-1,-1,-1,-1,-1,-1,-1,-1
15238,-1,-1,-1,-1,-1,-1,-1,-1
15239,-1,-1,-1,-1,-1,-1,-1,-1
15240,-1,-1,-1,-1,-1,-1,-1,-1
15241,-1,-1,-1,-1,-1,-1,-1,-1
15242,-1,-1,-1,-1,-1,-1,-1,-1
15243,-1,-1,-1,-1,-1,-1,-1,-1
15244,-1,-1,-1,-1,-1,-1,-1,-1
15245,-1,-1,-1,-1,-1,-1,-1,-1
15246,-1,-1,-1,-1,-1,-1,-1,-1
15247,-1,-1,-1,-1,-1,-1,-1,-1
15248,-1,-1,-1,-1,-1,-1,-1,-1
15249,-1,-1,-1,-1,-1,-1,-1,-1
15250,-1,-1,-1,-1,-1,-1,-1,-1
15251,-1,-1,-1,-1,-1,-1,-1,-1
15252,-1,-1,-1,-1,-1,-1,-1,-1
15253,-1,-1,-1,-1,-1,-1,-1,-1
15254,-1,-1,-1,-1,-1,-1,-1,-1
15255,10016223,10016511,10016799,10017087,10017375,10017663,10017951,10018239
15256,10016222,10016510,10016798,10017086,10017374,10017662,10017950,10018238
15257,10016221,10016509,10016797,10017085,10017373,10017661,10017949,10018237
15258,10016220,10016508,10016796,10017084,10017372,10017660,10017948,10018236
15259,10016219,10016507,10016795,10017083,10017371,10017659,10017947,10018235
15260,10016218,10016506,10016794,10017082,10017370,10017658,10017946,10018234
15261,10016217,10016505,10016793,10017081,10017369,10017657,10017945,10018233
15262,10016216,10016504,10016792,10017080,10017368,10017656,10017944,10018232
15263,-1,-1,-1,-1,-1,-1,-1,-1
15264,-1,-1,-1,-1,-1,-1,-1,-1
15265,-1,-1,-1,-1,-1,-1,-1,-1
15266,-1,-1,-1,-1,-1,-1,-1,-1
15267,-1,-1,-1,-1,-1,-1,-1,-1
15268,-1,-1,-1,-1,-1,-1,-1,-1
15269,-1,-1,-1,-1,-1,-1,-1,-1
15270,-1,-1,-1,-1,-1,-1,-1,-1
15271,-1,-1,-1,-1,-1,-1,-1,-1
15272,-1,-1,-1,-1,-1,-1,-1,-1
15273,-1,-1,-1,-1,-1,-1,-1,-1
15274,-1,-1,-1,-1,-1,-1,-1,-1
15275,-1,-1,-1,-1,-1,-1,-1,-1
15276,-1,-1,-1,-1,-1,-1,-1,-1
15277,-1,-1,-1,-1,-1,-1,-1,-1
15278,-1,-1,-1,-1,-1,-1,-1,-1
15279,-1,-1,-1,-1,-1,-1,-1,-1
15280,-1,-1,-1,-1,-1,-1,-1,-1
15281,-1,-1,-1,-1,-1,-1,-1,-1
15282,-1,-1,-1,-1,-1,-1,-1,-1
15283,-1,-1,-1,-1,-1,-1,-1,-1
15284,-1,-1,-1,-1,-1,-1,-1,-1
15285,-1,-1,-1,-1,-1,-1,-1,-1
15286,-1,-1,-1,-1,-1,-1,-1,-1
15287,-1,-1,-1,-1,-1,-1,-1,-1
15288,-1,-1,-1,-1,-1,-1,-1,-1
15289,-1,-1,-1,-1,-1,-1,-1,-1
15290,-1,-1,-1,-1,-1,-1,-1,-1
15291,-1,-1,-1,-1,-1,-1,-1,-1
15292,-1,-1,-1,-1,-1,-1,-1,-1
15293,-1,-1,-1,-1,-1,-1,-1,-1
15294,-1,-1,-1,-1,-1,-1,-1,-1
15295,-1,-1,-1,-1,-1,-1,-1,-1
15296,-1,-1,-1,-1,-1,-1,-1,-1
15297,-1,-1,-1,-1,-1,-1,-1,-1
15298,-1,-1,-1,-1,-1,-1,-1,-1
15299,-1,-1,-1,-1,-1,-1,-1,-1
15300,-1,-1,-1,-1,-1,-1,-1,-1
15301,-1,-1,-1,-1,-1,-1,-1,-1
15302,-1,-1,-1,-1,-1,-1,-1,-1
15303,-1,-1,-1,-1,-1,-1,-1,-1
15304,-1,-1,-1,-1,-1,-1,-1,-1
15305,-1,-1,-1,-1,-1,-1,-1,-1
15306,-1,-1,-1,-1,-1,-1,-1,-1
15307,-1,-1,-1,-1,-1,-1,-1,-1
15308,-1,-1,-1,-1,-1,-1,-1,-1
15309,-1,-1,-1,-1,-1,-1,-1,-1
15310,-1,-1,-1,-1,-1,-1,-1,-1
15311,-1,-1,-1,-1,-1,-1,-1,-1
15312,-1,-1,-1,-1,-1,-1,-1,-1
15313,10016231,10016519,10016807,10017095,10017383,10017671,10017959,10018247
15314,10016230,10016518,10016806,10017094,10017382,10017670,10017958,10018246
15315,10016229,10016517,10016805,10017093,10017381,10017669,10017957,10018245
15316,10016228,10016516,10016804,10017092,10017380,10017668,10017956,10018244
15317,10016227,10016515,10016803,10017091,10017379,10017667,10017955,10018243
15318,10016226,10016514,10016802,10017090,10017378,10017666,10017954,10018242
15319,10016225,10016513,10016801,10017089,10017377,10017665,10017953,10018241
15320,10016224,10016512,10016800,10017088,10017376,10017664,10017952,10018240
15321,-1,-1,-1,-1,-1,-1,-1,-1
15322,-1,-1,-1,-1,-1,-1,-1,-1
15323,-1,-1,-1,-1,-1,-1,-1,-1
15324,-1,-1,-1,-1,-1,-1,-1,-1
15325,-1,-1,-1,-1,-1,-1,-1,-1
15326,-1,-1,-1,-1,-1,-1,-1,-1
15327,-1,-1,-1,-1,-1,-1,-1,-1
15328,-1,-1,-1,-1,-1,-1,-1,-1
15329,-1,-1,-1,-1,-1,-1,-1,-1
15330,-1,-1,-1,-1,-1,-1,-1,-1
15331,-1,-1,-1,-1,-1,-1,-1,-1
15332,-1,-1,-1,-1,-1,-1,-1,-1
15333,-1,-1,-1,-1,-1,-1,-1,-1
15334,-1,-1,-1,-1,-1,-1,-1,-1
15335,-1,-1,-1,-1,-1,-1,-1,-1
15336,-1,-1,-1,-1,-1,-1,-1,-1
15337,-1,-1,-1,-1,-1,-1,-1,-1
15338,-1,-1,-1,-1,-1,-1,-1,-1
15339,-1,-1,-1,-1,-1,-1,-1,-1
15340,-1,-1,-1,-1,-1,-1,-1,-1
15341,-1,-1,-1,-1,-1,-1,-1,-1
15342,-1,-1,-1,-1,-1,-1,-1,-1
15343,-1,-1,-1,-1,-1,-1,-1,-1
15344,-1,-1,-1,-1,-1,-1,-1,-1
15345,-1,-1,-1,-1,-1,-1,-1,-1
15346,-1,-1,-1,-1,-1,-1,-1,-1
15347,-1,-1,-1,-1,-1,-1,-1,-1
15348,-1,-1,-1,-1,-1,-1,-1,-1
15349,-1,-1,-1,-1,-1,-1,-1,-1
15350,-1,-1,-1,-1,-1,-1,-1,-1
15351,-1,-1,-1,-1,-1,-1,-1,-1
15352,-1,-1,-1,-1,-1,-1,-1,-1
15353,-1,-1,-1,-1,-1,-1,-1,-1
15354,-1,-1,-1,-1,-1,-1,-1,-1
15355,-1,-1,-1,-1,-1,-1,-1,-1
15356,-1,-1,-1,-1,-1,-1,-1,-1
15357,-1,-1,-1,-1,-1,-1,-1,-1
15358,-1,-1,-1,-1,-1,-1,-1,-1
15359,-1,-1,-1,-1,-1,-1,-1,-1
15360,-1,-1,-1,-1,-1,-1,-1,-1
15361,-1,-1,-1,-1,-1,-1,-1,-1
15362,-1,-1,-1,-1,-1,-1,-1,-1
15363,-1,-1,-1,-1,-1,-1,-1,-1
15364,-1,-1,-1,-1,-1,-1,-1,-1
15365,-1,-1,-1,-1,-1,-1,-1,-1
15366,-1,-1,-1,-1,-1,-1,-1,-1
15367,-1,-1,-1,-1,-1,-1,-1,-1
15368,-1,-1,-1,-1,-1,-1,-1,-1
15369,-1,-1,-1,-1,-1,-1,-1,-1
15370,-1,-1,-1,-1,-1,-1,-1,-1
15371,10016239,10016527,10016815,10017103,10017391,10017679,10017967,10018255
15372,10016238,10016526,10016814,10017102,10017390,10017678,10017966,10018254
15373,10016237,10016525,10016813,10017101,10017389,10017677,10017965,10018253
15374,10016236,10016524,10016812,10017100,10017388,10017676,10017964,10018252
15375,10016235,10016523,10016811,10017099,10017387,10017675,10017963,10018251
15376,10016234,10016522,10016810,10017098,10017386,10017674,10017962,10018250
15377,10016233,10016521,10016809,10017097,10017385,10017673,10017961,10018249
15378,10016232,10016520,10016808,10017096,10017384,10017672,10017960,10018248
15379,-1,-1,-1,-1,-1,-1,-1,-1
15380,-1,-1,-1,-1,-1,-1,-1,-1
15381,-1,-1,-1,-1,-1,-1,-1,-1
15382,-1,-1,-1,-1,-1,-1,-1,-1
15383,-1,-1,-1,-1,-1,-1,-1,-1
15384,-1,-1,-1,-1,-1,-1,-1,-1
15385,-1,-1,-1,-1,-1,-1,-1,-1
15386,-1,-1,-1,-1,-1,-1,-1,-1
15387,-1,-1,-1,-1,-1,-1,-1,-1
15388,-1,-1,-1,-1,-1,-1,-1,-1
15389,-1,-1,-1,-1,-1,-1,-1,-1
15390,-1,-1,-1,-1,-1,-1,-1,-1
15391,-1,-1,-1,-1,-1,-1,-1,-1
15392,-1,-1,-1,-1,-1,-1,-1,-1
15393,-1,-1,-1,-1,-1,-1,-1,-1
15394,-1,-1,-1,-1,-1,-1,-1,-1
15395,-1,-1,-1,-1,-1,-1,-1,-1
15396,-1,-1,-1,-1,-1,-1,-1,-1
15397,-1,-1,-1,-1,-1,-1,-1,-1
15398,-1,-1,-1,-1,-1,-1,-1,-1
15399,-1,-1,-1,-1,-1,-1,-1,-1
15400,-1,-1,-1,-1,-1,-1,-1,-1
15401,-1,-1,-1,-1,-1,-1,-1,-1
15402,-1,-1,-1,-1,-1,-1,-1,-1
15403,-1,-1,-1,-1,-1,-1,-1,-1
15404,-1,-1,-1,-1,-1,-1,-1,-1
15405,-1,-1,-1,-1,-1,-1,-1,-1
15406,-1,-1,-1,-1,-1,-1,-1,-1
15407,-1,-1,-1,-1,-1,-1,-1,-1
15408,-1,-1,-1,-1,-1,-1,-1,-1
15409,-1,-1,-1,-1,-1,-1,-1,-1
15410,-1,-1,-1,-1,-1,-1,-1,-1
15411,-1,-1,-1,-1,-1,-1,-1,-1
15412,-1,-1,-1,-1,-1,-1,-1,-1
15413,-1,-1,-1,-1,-1,-1,-1,-1
15414,-1,-1,-1,-1,-1,-1,-1,-1
15415,-1,-1,-1,-1,-1,-1,-1,-1
15416,-1,-1,-1,-1,-1,-1,-1,-1
15417,-1,-1,-1,-1,-1,-1,-1,-1
15418,-1,-1,-1,-1,-1,-1,-1,-1
15419,-1,-1,-1,-1,-1,-1,-1,-1
15420,-1,-1,-1,-1,-1,-1,-1,-1
15421,-1,-1,-1,-1,-1,-1,-1,-1
15422,-1,-1,-1,-1,-1,-1,-1,-1
15423,-1,-1,-1,-1,-1,-1,-1,-1
15424,-1,-1,-1,-1,-1,-1,-1,-1
15425,-1,-1,-1,-1,-1,-1,-1,-1
15426,-1,-1,-1,-1,-1,-1,-1,-1
15427,-1,-1,-1,-1,-1,-1,-1,-1
15428,-1,-1,-1,-1,-1,-1,-1,-1
15429,10016247,10016535,10016823,10017111,10017399,10017687,10017975,10018263
15430,10016246,10016534,10016822,10017110,10017398,10017686,10017974,10018262
15431,10016245,10016533,10016821,10017109,10017397,10017685,10017973,10018261
15432,10016244,10016532,10016820,10017108,10017396,10017684,10017972,10018260
15433,10016243,10016531,10016819,10017107,10017395,10017683,10017971,10018259
15434,10016242,10016530,10016818,10017106,10017394,10017682,10017970,10018258
15435,10016241,10016529,10016817,10017105,10017393,10017681,10017969,10018257
15436,10016240,10016528,10016816,10017104,10017392,10017680,10017968,10018256
15437,-1,-1,-1,-1,-1,-1,-1,-1
15438,-1,-1,-1,-1,-1,-1,-1,-1
15439,-1,-1,-1,-1,-1,-1,-1,-1
15440,-1,-1,-1,-1,-1,-1,-1,-1
15441,-1,-1,-1,-1,-1,-1,-1,-1
15442,-1,-1,-1,-1,-1,-1,-1,-1
15443,-1,-1,-1,-1,-1,-1,-1,-1
15444,-1,-1,-1,-1,-1,-1,-1,-1
15445,-1,-1,-1,-1,-1,-1,-1,-1
15446,-1,-1,-1,-1,-1,-1,-1,-1
15447,-1,-1,-1,-1,-1,-1,-1,-1
15448,-1,-1,-1,-1,-1,-1,-1,-1
15449,-1,-1,-1,-1,-1,-1,-1,-1
15450,-1,-1,-1,-1,-1,-1,-1,-1
15451,-1,-1,-1,-1,-1,-1,-1,-1
15452,-1,-1,-1,-1,-1,-1,-1,-1
15453,-1,-1,-1,-1,-1,-1,-1,-1
15454,-1,-1,-1,-1,-1,-1,-1,-1
15455,-1,-1,-1,-1,-1,-1,-1,-1
15456,-1,-1,-1,-1,-1,-1,-1,-1
15457,-1,-1,-1,-1,-1,-1,-1,-1
15458,-1,-1,-1,-1,-1,-1,-1,-1
15459,-1,-1,-1,-1,-1,-1,-1,-1
15460,-1,-1,-1,-1,-1,-1,-1,-1
15461,-1,-1,-1,-1,-1,-1,-1,-1
15462,-1,-1,-1,-1,-1,-1,-1,-1
15463,-1,-1,-1,-1,-1,-1,-1,-1
15464,-1,-1,-1,-1,-1,-1,-1,-1
15465,-1,-1,-1,-1,-1,-1,-1,-1
15466,-1,-1,-1,-1,-1,-1,-1,-1
15467,-1,-1,-1,-1,-1,-1,-1,-1
15468,-1,-1,-1,-1,-1,-1,-1,-1
15469,-1,-1,-1,-1,-1,-1,-1,-1
15470,-1,-1,-1,-1,-1,-1,-1,-1
15471,-1,-1,-1,-1,-1,-1,-1,-1
15472,-1,-1,-1,-1,-1,-1,-1,-1
15473,-1,-1,-1,-1,-1,-1,-1,-1
15474,-1,-1,-1,-1,-1,-1,-1,-1
15475,-1,-1,-1,-1,-1,-1,-1,-1
15476,-1,-1,-1,-1,-1,-1,-1,-1
15477,-1,-1,-1,-1,-1,-1,-1,-1
15478,-1,-1,-1,-1,-1,-1,-1,-1
15479,-1,-1,-1,-1,-1,-1,-1,-1
15480,-1,-1,-1,-1,-1,-1,-1,-1
15481,-1,-1,-1,-1,-1,-1,-1,-1
15482,-1,-1,-1,-1,-1,-1,-1,-1
15483,-1,-1,-1,-1,-1,-1,-1,-1
15484,-1,-1,-1,-1,-1,-1,-1,-1
15485,-1,-1,-1,-1,-1,-1,-1,-1
15486,-1,-1,-1,-1,-1,-1,-1,-1
15487,10016255,10016543,10016831,10017119,10017407,10017695,10017983,10018271
15488,10016254,10016542,10016830,10017118,10017406,10017694,10017982,10018270
15489,10016253,10016541,10016829,10017117,10017405,10017693,10017981,10018269
15490,10016252,10016540,10016828,10017116,10017404,10017692,10017980,10018268
15491,10016251,10016539,10016827,10017115,10017403,10017691,10017979,10018267
15492,10016250,10016538,10016826,10017114,10017402,10017690,10017978,10018266
15493,10016249,10016537,10016825,10017113,10017401,10017689,10017977,10018265
15494,10016248,10016536,10016824,10017112,10017400,10017688,10017976,10018264
15495,-1,-1,-1,-1,-1,-1,-1,-1
15496,-1,-1,-1,-1,-1,-1,-1,-1
15497,-1,-1,-1,-1,-1,-1,-1,-1
15498,-1,-1,-1,-1,-1,-1,-1,-1
15499,-1,-1,-1,-1,-1,-1,-1,-1
15500,-1,-1,-1,-1,-1,-1,-1,-1
15501,-1,-1,-1,-1,-1,-1,-1,-1
15502,-1,-1,-1,-1,-1,-1,-1,-1
15503,-1,-1,-1,-1,-1,-1,-1,-1
15504,-1,-1,-1,-1,-1,-1,-1,-1
15505,-1,-1,-1,-1,-1,-1,-1,-1
15506,-1,-1,-1,-1,-1,-1,-1,-1
15507,-1,-1,-1,-1,-1,-1,-1,-1
15508,-1,-1,-1,-1,-1,-1,-1,-1
15509,-1,-1,-1,-1,-1,-1,-1,-1
15510,-1,-1,-1,-1,-1,-1,-1,-1
15511,-1,-1,-1,-1,-1,-1,-1,-1
15512,-1,-1,-1,-1,-1,-1,-1,-1
15513,-1,-1,-1,-1,-1,-1,-1,-1
15514,-1,-1,-1,-1,-1,-1,-1,-1
15515,-1,-1,-1,-1,-1,-1,-1,-1
15516,-1,-1,-1,-1,-1,-1,-1,-1
15517,-1,-1,-1,-1,-1,-1,-1,-1
15518,-1,-1,-1,-1,-1,-1,-1,-1
15519,-1,-1,-1,-1,-1,-1,-1,-1
15520,-1,-1,-1,-1,-1,-1,-1,-1
15521,-1,-1,-1,-1,-1,-1,-1,-1
15522,-1,-1,-1,-1,-1,-1,-1,-1
15523,-1,-1,-1,-1,-1,-1,-1,-1
15524,-1,-1,-1,-1,-1,-1,-1,-1
15525,-1,-1,-1,-1,-1,-1,-1,-1
15526,-1,-1,-1,-1,-1,-1,-1,-1
15527,-1,-1,-1,-1,-1,-1,-1,-1
15528,-1,-1,-1,-1,-1,-1,-1,-1
15529,-1,-1,-1,-1,-1,-1,-1,-1
15530,-1,-1,-1,-1,-1,-1,-1,-1
15531,-1,-1,-1,-1,-1,-1,-1,-1
15532,-1,-1,-1,-1,-1,-1,-1,-1
15533,-1,-1,-1,-1,-1,-1,-1,-1
15534,-1,-1,-1,-1,-1,-1,-1,-1
15535,-1,-1,-1,-1,-1,-1,-1,-1
15536,-1,-1,-1,-1,-1,-1,-1,-1
15537,-1,-1,-1,-1,-1,-1,-1,-1
15538,-1,-1,-1,-1,-1,-1,-1,-1
15539,-1,-1,-1,-1,-1,-1,-1,-1
15540,-1,-1,-1,-1,-1,-1,-1,-1
15541,-1,-1,-1,-1,-1,-1,-1,-1
15542,-1,-1,-1,-1,-1,-1,-1,-1
15543,-1,-1,-1,-1,-1,-1,-1,-1
15544,-1,-1,-1,-1,-1,-1,-1,-1
15545,10016263,10016551,10016839,10017127,10017415,10017703,10017991,10018279
15546,10016262,10016550,10016838,10017126,10017414,10017702,10017990,10018278
15547,10016261,10016549,10016837,10017125,10017413,10017701,10017989,10018277
15548,10016260,10016548,10016836,10017124,10017412,10017700,10017988,10018276
15549,10016259,10016547,10016835,10017123,10017411,10017699,10017987,10018275
15550,10016258,10016546,10016834,10017122,10017410,10017698,10017986,10018274
15551,10016257,10016545,10016833,10017121,10017409,10017697,10017985,10018273
15552,10016256,10016544,10016832,10017120,10017408,10017696,10017984,10018272
15553,-1,-1,-1,-1,-1,-1,-1,-1
15554,-1,-1,-1,-1,-1,-1,-1,-1
15555,-1,-1,-1,-1,-1,-1,-1,-1
15556,-1,-1,-1,-1,-1,-1,-1,-1
15557,-1,-1,-1,-1,-1,-1,-1,-1
15558,-1,-1,-1,-1,-1,-1,-1,-1
15559,-1,-1,-1,-1,-1,-1,-1,-1
15560,-1,-1,-1,-1,-1,-1,-1,-1
15561,-1,-1,-1,-1,-1,-1,-1,-1
15562,-1,-1,-1,-1,-1,-1,-1,-1
15563,-1,-1,-1,-1,-1,-1,-1,-1
15564,-1,-1,-1,-1,-1,-1,-1,-1
15565,-1,-1,-1,-1,-1,-1,-1,-1
15566,-1,-1,-1,-1,-1,-1,-1,-1
15567,-1,-1,-1,-1,-1,-1,-1,-1
15568,-1,-1,-1,-1,-1,-1,-1,-1
15569,-1,-1,-1,-1,-1,-1,-1,-1
15570,-1,-1,-1,-1,-1,-1,-1,-1
15571,-1,-1,-1,-1,-1,-1,-1,-1
15572,-1,-1,-1,-1,-1,-1,-1,-1
15573,-1,-1,-1,-1,-1,-1,-1,-1
15574,-1,-1,-1,-1,-1,-1,-1,-1
15575,-1,-1,-1,-1,-1,-1,-1,-1
15576,-1,-1,-1,-1,-1,-1,-1,-1
15577,-1,-1,-1,-1,-1,-1,-1,-1
15578,-1,-1,-1,-1,-1,-1,-1,-1
15579,-1,-1,-1,-1,-1,-1,-1,-1
15580,-1,-1,-1,-1,-1,-1,-1,-1
15581,-1,-1,-1,-1,-1,-1,-1,-1
15582,-1,-1,-1,-1,-1,-1,-1,-1
15583,-1,-1,-1,-1,-1,-1,-1,-1
15584,-1,-1,-1,-1,-1,-1,-1,-1
15585,-1,-1,-1,-1,-1,-1,-1,-1
15586,-1,-1,-1,-1,-1,-1,-1,-1
15587,-1,-1,-1,-1,-1,-1,-1,-1
15588,-1,-1,-1,-1,-1,-1,-1,-1
15589,-1,-1,-1,-1,-1,-1,-1,-1
15590,-1,-1,-1,-1,-1,-1,-1,-1
15591,-1,-1,-1,-1,-1,-1,-1,-1
15592,-1,-1,-1,-1,-1,-1,-1,-1
15593,-1,-1,-1,-1,-1,-1,-1,-1
15594,-1,-1,-1,-1,-1,-1,-1,-1
15595,-1,-1,-1,-1,-1,-1,-1,-1
15596,-1,-1,-1,-1,-1,-1,-1,-1
15597,-1,-1,-1,-1,-1,-1,-1,-1
15598,-1,-1,-1,-1,-1,-1,-1,-1
15599,-1,-1,-1,-1,-1,-1,-1,-1
15600,-1,-1,-1,-1,-1,-1,-1,-1
15601,-1,-1,-1,-1,-1,-1,-1,-1
15602,-1,-1,-1,-1,-1,-1,-1,-1
15603,10016271,10016559,10016847,10017135,10017423,10017711,10017999,10018287
15604,10016270,10016558,10016846,10017134,10017422,10017710,10017998,10018286
15605,10016269,10016557,10016845,10017133,10017421,10017709,10017997,10018285
15606,10016268,10016556,10016844,10017132,10017420,10017708,10017996,10018284
15607,10016267,10016555,10016843,10017131,10017419,10017707,10017995,10018283
15608,10016266,10016554,10016842,10017130,10017418,10017706,10017994,10018282
15609,10016265,10016553,10016841,10017129,10017417,10017705,10017993,10018281
15610,10016264,10016552,10016840,10017128,10017416,10017704,10017992,10018280
15611,-1,-1,-1,-1,-1,-1,-1,-1
15612,-1,-1,-1,-1,-1,-1,-1,-1
15613,-1,-1,-1,-1,-1,-1,-1,-1
15614,-1,-1,-1,-1,-1,-1,-1,-1
15615,-1,-1,-1,-1,-1,-1,-1,-1
15616,-1,-1,-1,-1,-1,-1,-1,-1
15617,-1,-1,-1,-1,-1,-1,-1,-1
15618,-1,-1,-1,-1,-1,-1,-1,-1
15619,-1,-1,-1,-1,-1,-1,-1,-1
15620,-1,-1,-1,-1,-1,-1,-1,-1
15621,-1,-1,-1,-1,-1,-1,-1,-1
15622,-1,-1,-1,-1,-1,-1,-1,-1
15623,-1,-1,-1,-1,-1,-1,-1,-1
15624,-1,-1,-1,-1,-1,-1,-1,-1
15625,-1,-1,-1,-1,-1,-1,-1,-1
15626,-1,-1,-1,-1,-1,-1,-1,-1
15627,-1,-1,-1,-1,-1,-1,-1,-1
15628,-1,-1,-1,-1,-1,-1,-1,-1
15629,-1,-1,-1,-1,-1,-1,-1,-1
15630,-1,-1,-1,-1,-1,-1,-1,-1
15631,-1,-1,-1,-1,-1,-1,-1,-1
15632,-1,-1,-1,-1,-1,-1,-1,-1
15633,-1,-1,-1,-1,-1,-1,-1,-1
15634,-1,-1,-1,-1,-1,-1,-1,-1
15635,-1,-1,-1,-1,-1,-1,-1,-1
15636,-1,-1,-1,-1,-1,-1,-1,-1
15637,-1,-1,-1,-1,-1,-1,-1,-1
15638,-1,-1,-1,-1,-1,-1,-1,-1
15639,-1,-1,-1,-1,-1,-1,-1,-1
15640,-1,-1,-1,-1,-1,-1,-1,-1
15641,-1,-1,-1,-1,-1,-1,-1,-1
15642,-1,-1,-1,-1,-1,-1,-1,-1
15643,-1,-1,-1,-1,-1,-1,-1,-1
15644,-1,-1,-1,-1,-1,-1,-1,-1
15645,-1,-1,-1,-1,-1,-1,-1,-1
15646,-1,-1,-1,-1,-1,-1,-1,-1
15647,-1,-1,-1,-1,-1,-1,-1,-1
15648,-1,-1,-1,-1,-1,-1,-1,-1
15649,-1,-1,-1,-1,-1,-1,-1,-1
15650,-1,-1,-1,-1,-1,-1,-1,-1
15651,-1,-1,-1,-1,-1,-1,-1,-1
15652,-1,-1,-1,-1,-1,-1,-1,-1
15653,-1,-1,-1,-1,-1,-1,-1,-1
15654,-1,-1,-1,-1,-1,-1,-1,-1
15655,-1,-1,-1,-1,-1,-1,-1,-1
15656,-1,-1,-1,-1,-1,-1,-1,-1
15657,-1,-1,-1,-1,-1,-1,-1,-1
15658,-1,-1,-1,-1,-1,-1,-1,-1
15659,-1,-1,-1,-1,-1,-1,-1,-1
15660,-1,-1,-1,-1,-1,-1,-1,-1
15661,10016279,10016567,10016855,10017143,10017431,10017719,10018007,10018295
15662,10016278,10016566,10016854,10017142,10017430,10017718,10018006,10018294
15663,10016277,10016565,10016853,10017141,10017429,10017717,10018005,10018293
15664,10016276,10016564,10016852,10017140,10017428,10017716,10018004,10018292
15665,10016275,10016563,10016851,10017139,10017427,10017715,10018003,10018291
15666,10016274,10016562,10016850,10017138,10017426,10017714,10018002,10018290
15667,10016273,10016561,10016849,10017137,10017425,10017713,10018001,10018289
15668,10016272,10016560,10016848,10017136,10017424,10017712,10018000,10018288
15669,-1,-1,-1,-1,-1,-1,-1,-1
15670,-1,-1,-1,-1,-1,-1,-1,-1
15671,-1,-1,-1,-1,-1,-1,-1,-1
15672,-1,-1,-1,-1,-1,-1,-1,-1
15673,-1,-1,-1,-1,-1,-1,-1,-1
15674,-1,-1,-1,-1,-1,-1,-1,-1
15675,-1,-1,-1,-1,-1,-1,-1,-1
15676,-1,-1,-1,-1,-1,-1,-1,-1
15677,-1,-1,-1,-1,-1,-1,-1,-1
15678,-1,-1,-1,-1,-1,-1,-1,-1
15679,-1,-1,-1,-1,-1,-1,-1,-1
15680,-1,-1,-1,-1,-1,-1,-1,-1
15681,-1,-1,-1,-1,-1,-1,-1,-1
15682,-1,-1,-1,-1,-1,-1,-1,-1
15683,-1,-1,-1,-1,-1,-1,-1,-1
15684,-1,-1,-1,-1,-1,-1,-1,-1
15685,-1,-1,-1,-1,-1,-1,-1,-1
15686,-1,-1,-1,-1,-1,-1,-1,-1
15687,-1,-1,-1,-1,-1,-1,-1,-1
15688,-1,-1,-1,-1,-1,-1,-1,-1
15689,-1,-1,-1,-1,-1,-1,-1,-1
15690,-1,-1,-1,-1,-1,-1,-1,-1
15691,-1,-1,-1,-1,-1,-1,-1,-1
15692,-1,-1,-1,-1,-1,-1,-1,-1
15693,-1,-1,-1,-1,-1,-1,-1,-1
15694,-1,-1,-1,-1,-1,-1,-1,-1
15695,-1,-1,-1,-1,-1,-1,-1,-1
15696,-1,-1,-1,-1,-1,-1,-1,-1
15697,-1,-1,-1,-1,-1,-1,-1,-1
15698,-1,-1,-1,-1,-1,-1,-1,-1
15699,-1,-1,-1,-1,-1,-1,-1,-1
15700,-1,-1,-1,-1,-1,-1,-1,-1
15701,-1,-1,-1,-1,-1,-1,-1,-1
15702,-1,-1,-1,-1,-1,-1,-1,-1
15703,-1,-1,-1,-1,-1,-1,-1,-1
15704,-1,-1,-1,-1,-1,-1,-1,-1
15705,-1,-1,-1,-1,-1,-1,-1,-1
15706,-1,-1,-1,-1,-1,-1,-1,-1
15707,-1,-1,-1,-1,-1,-1,-1,-1
15708,-1,-1,-1,-1,-1,-1,-1,-1
15709,-1,-1,-1,-1,-1,-1,-1,-1
15710,-1,-1,-1,-1,-1,-1,-1,-1
15711,-1,-1,-1,-1,-1,-1,-1,-1
15712,-1,-1,-1,-1,-1,-1,-1,-1
15713,-1,-1,-1,-1,-1,-1,-1,-1
15714,-1,-1,-1,-1,-1,-1,-1,-1
15715,-1,-1,-1,-1,-1,-1,-1,-1
15716,-1,-1,-1,-1,-1,-1,-1,-1
15717,-1,-1,-1,-1,-1,-1,-1,-1
15718,-1,-1,-1,-1,-1,-1,-1,-1
15719,10016287,10016575,10016863,10017151,10017439,10017727,10018015,10018303
15720,10016286,10016574,10016862,10017150,10017438,10017726,10018014,10018302
15721,10016285,10016573,10016861,10017149,10017437,10017725,10018013,10018301
15722,10016284,10016572,10016860,10017148,10017436,10017724,10018012,10018300
15723,10016283,10016571,10016859,10017147,10017435,10017723,10018011,10018299
15724,10016282,10016570,10016858,10017146,10017434,10017722,10018010,10018298
15725,10016281,10016569,10016857,10017145,10017433,10017721,10018009,10018297
15726,10016280,10016568,10016856,10017144,10017432,10017720,10018008,10018296
15727,-1,-1,-1,-1,-1,-1,-1,-1
15728,-1,-1,-1,-1,-1,-1,-1,-1
15729,-1,-1,-1,-1,-1,-1,-1,-1
15730,-1,-1,-1,-1,-1,-1,-1,-1
15731,-1,-1,-1,-1,-1,-1,-1,-1
15732,-1,-1,-1,-1,-1,-1,-1,-1
15733,-1,-1,-1,-1,-1,-1,-1,-1
15734,-1,-1,-1,-1,-1,-1,-1,-1
15735,-1,-1,-1,-1,-1,-1,-1,-1
15736,-1,-1,-1,-1,-1,-1,-1,-1
15737,-1,-1,-1,-1,-1,-1,-1,-1
15738,-1,-1,-1,-1,-1,-1,-1,-1
15739,-1,-1,-1,-1,-1,-1,-1,-1
15740,-1,-1,-1,-1,-1,-1,-1,-1
15741,-1,-1,-1,-1,-1,-1,-1,-1
15742,-1,-1,-1,-1,-1,-1,-1,-1
15743,-1,-1,-1,-1,-1,-1,-1,-1
15744,-1,-1,-1,-1,-1,-1,-1,-1
15745,-1,-1,-1,-1,-1,-1,-1,-1
15746,-1,-1,-1,-1,-1,-1,-1,-1
15747,-1,-1,-1,-1,-1,-1,-1,-1
15748,-1,-1,-1,-1,-1,-1,-1,-1
15749,-1,-1,-1,-1,-1,-1,-1,-1
15750,-1,-1,-1,-1,-1,-1,-1,-1
15751,-1,-1,-1,-1,-1,-1,-1,-1
15752,-1,-1,-1,-1,-1,-1,-1,-1
15753,-1,-1,-1,-1,-1,-1,-1,-1
15754,-1,-1,-1,-1,-1,-1,-1,-1
15755,-1,-1,-1,-1,-1,-1,-1,-1
15756,-1,-1,-1,-1,-1,-1,-1,-1
15757,-1,-1,-1,-1,-1,-1,-1,-1
15758,-1,-1,-1,-1,-1,-1,-1,-1
15759,-1,-1,-1,-1,-1,-1,-1,-1
15760,-1,-1,-1,-1,-1,-1,-1,-1
15761,-1,-1,-1,-1,-1,-1,-1,-1
15762,-1,-1,-1,-1,-1,-1,-1,-1
15763,-1,-1,-1,-1,-1,-1,-1,-1
15764,-1,-1,-1,-1,-1,-1,-1,-1
15765,-1,-1,-1,-1,-1,-1,-1,-1
15766,-1,-1,-1,-1,-1,-1,-1,-1
15767,-1,-1,-1,-1,-1,-1,-1,-1
15768,-1,-1,-1,-1,-1,-1,-1,-1
15769,-1,-1,-1,-1,-1,-1,-1,-1
15770,-1,-1,-1,-1,-1,-1,-1,-1
15771,-1,-1,-1,-1,-1,-1,-1,-1
15772,-1,-1,-1,-1,-1,-1,-1,-1
15773,-1,-1,-1,-1,-1,-1,-1,-1
15774,-1,-1,-1,-1,-1,-1,-1,-1
15775,-1,-1,-1,-1,-1,-1,-1,-1
15776,-1,-1,-1,-1,-1,-1,-1,-1
15777,10016295,10016583,10016871,10017159,10017447,10017735,10018023,10018311
15778,10016294,10016582,10016870,10017158,10017446,10017734,10018022,10018310
15779,10016293,10016581,10016869,10017157,10017445,10017733,10018021,10018309
15780,10016292,10016580,10016868,10017156,10017444,10017732,10018020,10018308
15781,10016291,10016579,10016867,10017155,10017443,10017731,10018019,10018307
15782,10016290,10016578,10016866,10017154,10017442,10017730,10018018,10018306
15783,10016289,10016577,10016865,10017153,10017441,10017729,10018017,10018305
15784,10016288,10016576,10016864,10017152,10017440,10017728,10018016,10018304
15785,-1,-1,-1,-1,-1,-1,-1,-1
15786,-1,-1,-1,-1,-1,-1,-1,-1
15787,-1,-1,-1,-1,-1,-1,-1,-1
15788,-1,-1,-1,-1,-1,-1,-1,-1
15789,-1,-1,-1,-1,-1,-1,-1,-1
15790,-1,-1,-1,-1,-1,-1,-1,-1
15791,-1,-1,-1,-1,-1,-1,-1,-1
15792,-1,-1,-1,-1,-1,-1,-1,-1
15793,-1,-1,-1,-1,-1,-1,-1,-1
15794,-1,-1,-1,-1,-1,-1,-1,-1
15795,-1,-1,-1,-1,-1,-1,-1,-1
15796,-1,-1,-1,-1,-1,-1,-1,-1
15797,-1,-1,-1,-1,-1,-1,-1,-1
15798,-1,-1,-1,-1,-1,-1,-1,-1
15799,-1,-1,-1,-1,-1,-1,-1,-1
15800,-1,-1,-1,-1,-1,-1,-1,-1
15801,-1,-1,-1,-1,-1,-1,-1,-1
15802,-1,-1,-1,-1,-1,-1,-1,-1
15803,-1,-1,-1,-1,-1,-1,-1,-1
15804,-1,-1,-1,-1,-1,-1,-1,-1
15805,-1,-1,-1,-1,-1,-1,-1,-1
15806,-1,-1,-1,-1,-1,-1,-1,-1
15807,-1,-1,-1,-1,-1,-1,-1,-1
15808,-1,-1,-1,-1,-1,-1,-1,-1
15809,-1,-1,-1,-1,-1,-1,-1,-1
15810,-1,-1,-1,-1,-1,-1,-1,-1
15811,-1,-1,-1,-1,-1,-1,-1,-1
15812,-1,-1,-1,-1,-1,-1,-1,-1
15813,-1,-1,-1,-1,-1,-1,-1,-1
15814,-1,-1,-1,-1,-1,-1,-1,-1
15815,-1,-1,-1,-1,-1,-1,-1,-1
15816,-1,-1,-1,-1,-1,-1,-1,-1
15817,-1,-1,-1,-1,-1,-1,-1,-1
15818,-1,-1,-1,-1,-1,-1,-1,-1
15819,-1,-1,-1,-1,-1,-1,-1,-1
15820,-1,-1,-1,-1,-1,-1,-1,-1
15821,-1,-1,-1,-1,-1,-1,-1,-1
15822,-1,-1,-1,-1,-1,-1,-1,-1
15823,-1,-1,-1,-1,-1,-1,-1,-1
15824,-1,-1,-1,-1,-1,-1,-1,-1
15825,-1,-1,-1,-1,-1,-1,-1,-1
15826,-1,-1,-1,-1,-1,-1,-1,-1
15827,-1,-1,-1,-1,-1,-1,-1,-1
15828,-1,-1,-1,-1,-1,-1,-1,-1
15829,-1,-1,-1,-1,-1,-1,-1,-1
15830,-1,-1,-1,-1,-1,-1,-1,-1
15831,-1,-1,-1,-1,-1,-1,-1,-1
15832,-1,-1,-1,-1,-1,-1,-1,-1
15833,-1,-1,-1,-1,-1,-1,-1,-1
15834,-1,-1,-1,-1,-1,-1,-1,-1
15835,10016303,10016591,10016879,10017167,10017455,10017743,10018031,10018319
15836,10016302,10016590,10016878,10017166,10017454,10017742,10018030,10018318
15837,10016301,10016589,10016877,10017165,10017453,10017741,10018029,10018317
15838,10016300,10016588,10016876,10017164,10017452,10017740,10018028,10018316
15839,10016299,10016587,10016875,10017163,10017451,10017739,10018027,10018315
15840,10016298,10016586,10016874,10017162,10017450,10017738,10018026,10018314
15841,10016297,10016585,10016873,10017161,10017449,10017737,10018025,10018313
15842,10016296,10016584,10016872,10017160,10017448,10017736,10018024,10018312
15843,-1,-1,-1,-1,-1,-1,-1,-1
15844,-1,-1,-1,-1,-1,-1,-1,-1
15845,-1,-1,-1,-1,-1,-1,-1,-1
15846,-1,-1,-1,-1,-1,-1,-1,-1
15847,-1,-1,-1,-1,-1,-1,-1,-1
15848,-1,-1,-1,-1,-1,-1,-1,-1
15849,-1,-1,-1,-1,-1,-1,-1,-1
15850,-1,-1,-1,-1,-1,-1,-1,-1
15851,-1,-1,-1,-1,-1,-1,-1,-1
15852,-1,-1,-1,-1,-1,-1,-1,-1
15853,-1,-1,-1,-1,-1,-1,-1,-1
15854,-1,-1,-1,-1,-1,-1,-1,-1
15855,-1,-1,-1,-1,-1,-1,-1,-1
15856,-1,-1,-1,-1,-1,-1,-1,-1
15857,-1,-1,-1,-1,-1,-1,-1,-1
15858,-1,-1,-1,-1,-1,-1,-1,-1
15859,-1,-1,-1,-1,-1,-1,-1,-1
15860,-1,-1,-1,-1,-1,-1,-1,-1
15861,-1,-1,-1,-1,-1,-1,-1,-1
15862,-1,-1,-1,-1,-1,-1,-1,-1
15863,-1,-1,-1,-1,-1,-1,-1,-1
15864,-1,-1,-1,-1,-1,-1,-1,-1
15865,-1,-1,-1,-1,-1,-1,-1,-1
15866,-1,-1,-1,-1,-1,-1,-1,-1
15867,-1,-1,-1,-1,-1,-1,-1,-1
15868,-1,-1,-1,-1,-1,-1,-1,-1
15869,-1,-1,-1,-1,-1,-1,-1,-1
15870,-1,-1,-1,-1,-1,-1,-1,-1
15871,-1,-1,-1,-1,-1,-1,-1,-1
15872,-1,-1,-1,-1,-1,-1,-1,-1
15873,-1,-1,-1,-1,-1,-1,-1,-1
15874,-1,-1,-1,-1,-1,-1,-1,-1
15875,-1,-1,-1,-1,-1,-1,-1,-1
15876,-1,-1,-1,-1,-1,-1,-1,-1
15877,-1,-1,-1,-1,-1,-1,-1,-1
15878,-1,-1,-1,-1,-1,-1,-1,-1
15879,-1,-1,-1,-1,-1,-1,-1,-1
15880,-1,-1,-1,-1,-1,-1,-1,-1
15881,-1,-1,-1,-1,-1,-1,-1,-1
15882,-1,-1,-1,-1,-1,-1,-1,-1
15883,-1,-1,-1,-1,-1,-1,-1,-1
15884,-1,-1,-1,-1,-1,-1,-1,-1
15885,-1,-1,-1,-1,-1,-1,-1,-1
15886,-1,-1,-1,-1,-1,-1,-1,-1
15887,-1,-1,-1,-1,-1,-1,-1,-1
15888,-1,-1,-1,-1,-1,-1,-1,-1
15889,-1,-1,-1,-1,-1,-1,-1,-1
15890,-1,-1,-1,-1,-1,-1,-1,-1
15891,-1,-1,-1,-1,-1,-1,-1,-1
15892,-1,-1,-1,-1,-1,-1,-1,-1
15893,10016311,10016599,10016887,10017175,10017463,10017751,10018039,10018327
15894,10016310,10016598,10016886,10017174,10017462,10017750,10018038,10018326
15895,10016309,10016597,10016885,10017173,10017461,10017749,10018037,10018325
15896,10016308,10016596,10016884,10017172,10017460,10017748,10018036,10018324
15897,10016307,10016595,10016883,10017171,10017459,10017747,10018035,10018323
15898,10016306,10016594,10016882,10017170,10017458,10017746,10018034,10018322
15899,10016305,10016593,10016881,10017169,10017457,10017745,10018033,10018321
15900,10016304,10016592,10016880,10017168,10017456,10017744,10018032,10018320
15901,-1,-1,-1,-1,-1,-1,-1,-1
15902,-1,-1,-1,-1,-1,-1,-1,-1
15903,-1,-1,-1,-1,-1,-1,-1,-1
15904,-1,-1,-1,-1,-1,-1,-1,-1
15905,-1,-1,-1,-1,-1,-1,-1,-1
15906,-1,-1,-1,-1,-1,-1,-1,-1
15907,-1,-1,-1,-1,-1,-1,-1,-1
15908,-1,-1,-1,-1,-1,-1,-1,-1
15909,-1,-1,-1,-1,-1,-1,-1,-1
15910,-1,-1,-1,-1,-1,-1,-1,-1
15911,-1,-1,-1,-1,-1,-1,-1,-1
15912,-1,-1,-1,-1,-1,-1,-1,-1
15913,-1,-1,-1,-1,-1,-1,-1,-1
15914,-1,-1,-1,-1,-1,-1,-1,-1
15915,-1,-1,-1,-1,-1,-1,-1,-1
15916,-1,-1,-1,-1,-1,-1,-1,-1
15917,-1,-1,-1,-1,-1,-1,-1,-1
15918,-1,-1,-1,-1,-1,-1,-1,-1
15919,-1,-1,-1,-1,-1,-1,-1,-1
15920,-1,-1,-1,-1,-1,-1,-1,-1
15921,-1,-1,-1,-1,-1,-1,-1,-1
15922,-1,-1,-1,-1,-1,-1,-1,-1
15923,-1,-1,-1,-1,-1,-1,-1,-1
15924,-1,-1,-1,-1,-1,-1,-1,-1
15925,-1,-1,-1,-1,-1,-1,-1,-1
15926,-1,-1,-1,-1,-1,-1,-1,-1
15927,-1,-1,-1,-1,-1,-1,-1,-1
15928,-1,-1,-1,-1,-1,-1,-1,-1
15929,-1,-1,-1,-1,-1,-1,-1,-1
15930,-1,-1,-1,-1,-1,-1,-1,-1
15931,-1,-1,-1,-1,-1,-1,-1,-1
15932,-1,-1,-1,-1,-1,-1,-1,-1
15933,-1,-1,-1,-1,-1,-1,-1,-1
15934,-1,-1,-1,-1,-1,-1,-1,-1
15935,-1,-1,-1,-1,-1,-1,-1,-1
15936,-1,-1,-1,-1,-1,-1,-1,-1
15937,-1,-1,-1,-1,-1,-1,-1,-1
15938,-1,-1,-1,-1,-1,-1,-1,-1
15939,-1,-1,-1,-1,-1,-1,-1,-1
15940,-1,-1,-1,-1,-1,-1,-1,-1
15941,-1,-1,-1,-1,-1,-1,-1,-1
15942,-1,-1,-1,-1,-1,-1,-1,-1
15943,-1,-1,-1,-1,-1,-1,-1,-1
15944,-1,-1,-1,-1,-1,-1,-1,-1
15945,-1,-1,-1,-1,-1,-1,-1,-1
15946,-1,-1,-1,-1,-1,-1,-1,-1
15947,-1,-1,-1,-1,-1,-1,-1,-1
15948,-1,-1,-1,-1,-1,-1,-1,-1
15949,-1,-1,-1,-1,-1,-1,-1,-1
15950,-1,-1,-1,-1,-1,-1,-1,-1
15951,10016319,10016607,10016895,10017183,10017471,10017759,10018047,10018335
15952,10016318,10016606,10016894,10017182,10017470,10017758,10018046,10018334
15953,10016317,10016605,10016893,10017181,10017469,10017757,10018045,10018333
15954,10016316,10016604,10016892,10017180,10017468,10017756,10018044,10018332
15955,10016315,10016603,10016891,10017179,10017467,10017755,10018043,10018331
15956,10016314,10016602,10016890,10017178,10017466,10017754,10018042,10018330
15957,10016313,10016601,10016889,10017177,10017465,10017753,10018041,10018329
15958,10016312,10016600,10016888,10017176,10017464,10017752,10018040,10018328
15959,-1,-1,-1,-1,-1,-1,-1,-1
15960,-1,-1,-1,-1,-1,-1,-1,-1
15961,-1,-1,-1,-1,-1,-1,-1,-1
15962,-1,-1,-1,-1,-1,-1,-1,-1
15963,-1,-1,-1,-1,-1,-1,-1,-1
15964,-1,-1,-1,-1,-1,-1,-1,-1
15965,-1,-1,-1,-1,-1,-1,-1,-1
15966,-1,-1,-1,-1,-1,-1,-1,-1
15967,-1,-1,-1,-1,-1,-1,-1,-1
15968,-1,-1,-1,-1,-1,-1,-1,-1
15969,-1,-1,-1,-1,-1,-1,-1,-1
15970,-1,-1,-1,-1,-1,-1,-1,-1
15971,-1,-1,-1,-1,-1,-1,-1,-1
15972,-1,-1,-1,-1,-1,-1,-1,-1
15973,-1,-1,-1,-1,-1,-1,-1,-1
15974,-1,-1,-1,-1,-1,-1,-1,-1
15975,-1,-1,-1,-1,-1,-1,-1,-1
15976,-1,-1,-1,-1,-1,-1,-1,-1
15977,-1,-1,-1,-1,-1,-1,-1,-1
15978,-1,-1,-1,-1,-1,-1,-1,-1
15979,-1,-1,-1,-1,-1,-1,-1,-1
15980,-1,-1,-1,-1,-1,-1,-1,-1
15981,-1,-1,-1,-1,-1,-1,-1,-1
15982,-1,-1,-1,-1,-1,-1,-1,-1
15983,-1,-1,-1,-1,-1,-1,-1,-1
15984,-1,-1,-1,-1,-1,-1,-1,-1
15985,-1,-1,-1,-1,-1,-1,-1,-1
15986,-1,-1,-1,-1,-1,-1,-1,-1
15987,-1,-1,-1,-1,-1,-1,-1,-1
15988,-1,-1,-1,-1,-1,-1,-1,-1
15989,-1,-1,-1,-1,-1,-1,-1,-1
15990,-1,-1,-1,-1,-1,-1,-1,-1
15991,-1,-1,-1,-1,-1,-1,-1,-1
15992,-1,-1,-1,-1,-1,-1,-1,-1
15993,-1,-1,-1,-1,-1,-1,-1,-1
15994,-1,-1,-1,-1,-1,-1,-1,-1
15995,-1,-1,-1,-1,-1,-1,-1,-1
15996,-1,-1,-1,-1,-1,-1,-1,-1
15997,-1,-1,-1,-1,-1,-1,-1,-1
15998,-1,-1,-1,-1,-1,-1,-1,-1
15999,-1,-1,-1,-1,-1,-1,-1,-1
16000,-1,-1,-1,-1,-1,-1,-1,-1
16001,-1,-1,-1,-1,-1,-1,-1,-1
16002,-1,-1,-1,-1,-1,-1,-1,-1
16003,-1,-1,-1,-1,-1,-1,-1,-1
16004,-1,-1,-1,-1,-1,-1,-1,-1
16005,-1,-1,-1,-1,-1,-1,-1,-1
16006,-1,-1,-1,-1,-1,-1,-1,-1
16007,-1,-1,-1,-1,-1,-1,-1,-1
16008,-1,-1,-1,-1,-1,-1,-1,-1
16009,10016327,10016615,10016903,10017191,10017479,10017767,10018055,10018343
16010,10016326,10016614,10016902,10017190,10017478,10017766,10018054,10018342
16011,10016325,10016613,10016901,10017189,10017477,10017765,10018053,10018341
16012,10016324,10016612,10016900,10017188,10017476,10017764,10018052,10018340
16013,10016323,10016611,10016899,10017187,10017475,10017763,10018051,10018339
16014,10016322,10016610,10016898,10017186,10017474,10017762,10018050,10018338
16015,10016321,10016609,10016897,10017185,10017473,10017761,10018049,10018337
16016,10016320,10016608,10016896,10017184,10017472,10017760,10018048,10018336
16017,-1,-1,-1,-1,-1,-1,-1,-1
16018,-1,-1,-1,-1,-1,-1,-1,-1
16019,-1,-1,-1,-1,-1,-1,-1,-1
16020,-1,-1,-1,-1,-1,-1,-1,-1
16021,-1,-1,-1,-1,-1,-1,-1,-1
16022,-1,-1,-1,-1,-1,-1,-1,-1
16023,-1,-1,-1,-1,-1,-1,-1,-1
16024,-1,-1,-1,-1,-1,-1,-1,-1
16025,-1,-1,-1,-1,-1,-1,-1,-1
16026,-1,-1,-1,-1,-1,-1,-1,-1
16027,-1,-1,-1,-1,-1,-1,-1,-1
16028,-1,-1,-1,-1,-1,-1,-1,-1
16029,-1,-1,-1,-1,-1,-1,-1,-1
16030,-1,-1,-1,-1,-1,-1,-1,-1
16031,-1,-1,-1,-1,-1,-1,-1,-1
16032,-1,-1,-1,-1,-1,-1,-1,-1
16033,-1,-1,-1,-1,-1,-1,-1,-1
16034,-1,-1,-1,-1,-1,-1,-1,-1
16035,-1,-1,-1,-1,-1,-1,-1,-1
16036,-1,-1,-1,-1,-1,-1,-1,-1
16037,-1,-1,-1,-1,-1,-1,-1,-1
16038,-1,-1,-1,-1,-1,-1,-1,-1
16039,-1,-1,-1,-1,-1,-1,-1,-1
16040,-1,-1,-1,-1,-1,-1,-1,-1
16041,-1,-1,-1,-1,-1,-1,-1,-1
16042,-1,-1,-1,-1,-1,-1,-1,-1
16043,-1,-1,-1,-1,-1,-1,-1,-1
16044,-1,-1,-1,-1,-1,-1,-1,-1
16045,-1,-1,-1,-1,-1,-1,-1,-1
16046,-1,-1,-1,-1,-1,-1,-1,-1
16047,-1,-1,-1,-1,-1,-1,-1,-1
16048,-1,-1,-1,-1,-1,-1,-1,-1
16049,-1,-1,-1,-1,-1,-1,-1,-1
16050,-1,-1,-1,-1,-1,-1,-1,-1
16051,-1,-1,-1,-1,-1,-1,-1,-1
16052,-1,-1,-1,-1,-1,-1,-1,-1
16053,-1,-1,-1,-1,-1,-1,-1,-1
16054,-1,-1,-1,-1,-1,-1,-1,-1
16055,-1,-1,-1,-1,-1,-1,-1,-1
16056,-1,-1,-1,-1,-1,-1,-1,-1
16057,-1,-1,-1,-1,-1,-1,-1,-1
16058,-1,-1,-1,-1,-1,-1,-1,-1
16059,-1,-1,-1,-1,-1,-1,-1,-1
16060,-1,-1,-1,-1,-1,-1,-1,-1
16061,-1,-1,-1,-1,-1,-1,-1,-1
16062,-1,-1,-1,-1,-1,-1,-1,-1
16063,-1,-1,-1,-1,-1,-1,-1,-1
16064,-1,-1,-1,-1,-1,-1,-1,-1
16065,-1,-1,-1,-1,-1,-1,-1,-1
16066,-1,-1,-1,-1,-1,-1,-1,-1
16067,10016335,10016623,10016911,10017199,10017487,10017775,10018063,10018351
16068,10016334,10016622,10016910,10017198,10017486,10017774,10018062,10018350
16069,10016333,10016621,10016909,10017197,10017485,10017773,10018061,10018349
16070,10016332,10016620,10016908,10017196,10017484,10017772,10018060,10018348
16071,10016331,10016619,10016907,10017195,10017483,10017771,10018059,10018347
16072,10016330,10016618,10016906,10017194,10017482,10017770,10018058,10018346
16073,10016329,10016617,10016905,10017193,10017481,10017769,10018057,10018345
16074,10016328,10016616,10016904,10017192,10017480,10017768,10018056,10018344
16075,-1,-1,-1,-1,-1,-1,-1,-1
16076,-1,-1,-1,-1,-1,-1,-1,-1
16077,-1,-1,-1,-1,-1,-1,-1,-1
16078,-1,-1,-1,-1,-1,-1,-1,-1
16079,-1,-1,-1,-1,-1,-1,-1,-1
16080,-1,-1,-1,-1,-1,-1,-1,-1
16081,-1,-1,-1,-1,-1,-1,-1,-1
16082,-1,-1,-1,-1,-1,-1,-1,-1
16083,-1,-1,-1,-1,-1,-1,-1,-1
16084,-1,-1,-1,-1,-1,-1,-1,-1
16085,-1,-1,-1,-1,-1,-1,-1,-1
16086,-1,-1,-1,-1,-1,-1,-1,-1
16087,-1,-1,-1,-1,-1,-1,-1,-1
16088,-1,-1,-1,-1,-1,-1,-1,-1
16089,-1,-1,-1,-1,-1,-1,-1,-1
16090,-1,-1,-1,-1,-1,-1,-1,-1
16091,-1,-1,-1,-1,-1,-1,-1,-1
16092,-1,-1,-1,-1,-1,-1,-1,-1
16093,-1,-1,-1,-1,-1,-1,-1,-1
16094,-1,-1,-1,-1,-1,-1,-1,-1
16095,-1,-1,-1,-1,-1,-1,-1,-1
16096,-1,-1,-1,-1,-1,-1,-1,-1
16097,-1,-1,-1,-1,-1,-1,-1,-1
16098,-1,-1,-1,-1,-1,-1,-1,-1
16099,-1,-1,-1,-1,-1,-1,-1,-1
16100,-1,-1,-1,-1,-1,-1,-1,-1
16101,-1,-1,-1,-1,-1,-1,-1,-1
16102,-1,-1,-1,-1,-1,-1,-1,-1
16103,-1,-1,-1,-1,-1,-1,-1,-1
16104,-1,-1,-1,-1,-1,-1,-1,-1
16105,-1,-1,-1,-1,-1,-1,-1,-1
16106,-1,-1,-1,-1,-1,-1,-1,-1
16107,-1,-1,-1,-1,-1,-1,-1,-1
16108,-1,-1,-1,-1,-1,-1,-1,-1
16109,-1,-1,-1,-1,-1,-1,-1,-1
16110,-1,-1,-1,-1,-1,-1,-1,-1
16111,-1,-1,-1,-1,-1,-1,-1,-1
16112,-1,-1,-1,-1,-1,-1,-1,-1
16113,-1,-1,-1,-1,-1,-1,-1,-1
16114,-1,-1,-1,-1,-1,-1,-1,-1
16115,-1,-1,-1,-1,-1,-1,-1,-1
16116,-1,-1,-1,-1,-1,-1,-1,-1
16117,-1,-1,-1,-1,-1,-1,-1,-1
16118,-1,-1,-1,-1,-1,-1,-1,-1
16119,-1,-1,-1,-1,-1,-1,-1,-1
16120,-1,-1,-1,-1,-1,-1,-1,-1
16121,-1,-1,-1,-1,-1,-1,-1,-1
16122,-1,-1,-1,-1,-1,-1,-1,-1
16123,-1,-1,-1,-1,-1,-1,-1,-1
16124,-1,-1,-1,-1,-1,-1,-1,-1
16125,10016343,10016631,10016919,10017207,10017495,10017783,10018071,10018359
16126,10016342,10016630,10016918,10017206,10017494,10017782,10018070,10018358
16127,10016341,10016629,10016917,10017205,10017493,10017781,10018069,10018357
16128,10016340,10016628,10016916,10017204,10017492,10017780,10018068,10018356
16129,10016339,10016627,10016915,10017203,10017491,10017779,10018067,10018355
16130,10016338,10016626,10016914,10017202,10017490,10017778,10018066,10018354
16131,10016337,10016625,10016913,10017201,10017489,10017777,10018065,10018353
16132,10016336,10016624,10016912,10017200,10017488,10017776,10018064,10018352
16133,-1,-1,-1,-1,-1,-1,-1,-1
16134,-1,-1,-1,-1,-1,-1,-1,-1
16135,-1,-1,-1,-1,-1,-1,-1,-1
16136,-1,-1,-1,-1,-1,-1,-1,-1
16137,-1,-1,-1,-1,-1,-1,-1,-1
16138,-1,-1,-1,-1,-1,-1,-1,-1
16139,-1,-1,-1,-1,-1,-1,-1,-1
16140,-1,-1,-1,-1,-1,-1,-1,-1
16141,-1,-1,-1,-1,-1,-1,-1,-1
16142,-1,-1,-1,-1,-1,-1,-1,-1
16143,-1,-1,-1,-1,-1,-1,-1,-1
16144,-1,-1,-1,-1,-1,-1,-1,-1
16145,-1,-1,-1,-1,-1,-1,-1,-1
16146,-1,-1,-1,-1,-1,-1,-1,-1
16147,-1,-1,-1,-1,-1,-1,-1,-1
16148,-1,-1,-1,-1,-1,-1,-1,-1
16149,-1,-1,-1,-1,-1,-1,-1,-1
16150,-1,-1,-1,-1,-1,-1,-1,-1
16151,-1,-1,-1,-1,-1,-1,-1,-1
16152,-1,-1,-1,-1,-1,-1,-1,-1
16153,-1,-1,-1,-1,-1,-1,-1,-1
16154,-1,-1,-1,-1,-1,-1,-1,-1
16155,-1,-1,-1,-1,-1,-1,-1,-1
16156,-1,-1,-1,-1,-1,-1,-1,-1
16157,-1,-1,-1,-1,-1,-1,-1,-1
16158,-1,-1,-1,-1,-1,-1,-1,-1
16159,-1,-1,-1,-1,-1,-1,-1,-1
16160,-1,-1,-1,-1,-1,-1,-1,-1
16161,-1,-1,-1,-1,-1,-1,-1,-1
16162,-1,-1,-1,-1,-1,-1,-1,-1
16163,-1,-1,-1,-1,-1,-1,-1,-1
16164,-1,-1,-1,-1,-1,-1,-1,-1
16165,-1,-1,-1,-1,-1,-1,-1,-1
16166,-1,-1,-1,-1,-1,-1,-1,-1
16167,-1,-1,-1,-1,-1,-1,-1,-1
16168,-1,-1,-1,-1,-1,-1,-1,-1
16169,-1,-1,-1,-1,-1,-1,-1,-1
16170,-1,-1,-1,-1,-1,-1,-1,-1
16171,-1,-1,-1,-1,-1,-1,-1,-1
16172,-1,-1,-1,-1,-1,-1,-1,-1
16173,-1,-1,-1,-1,-1,-1,-1,-1
16174,-1,-1,-1,-1,-1,-1,-1,-1
16175,-1,-1,-1,-1,-1,-1,-1,-1
16176,-1,-1,-1,-1,-1,-1,-1,-1
16177,-1,-1,-1,-1,-1,-1,-1,-1
16178,-1,-1,-1,-1,-1,-1,-1,-1
16179,-1,-1,-1,-1,-1,-1,-1,-1
16180,-1,-1,-1,-1,-1,-1,-1,-1
16181,-1,-1,-1,-1,-1,-1,-1,-1
16182,-1,-1,-1,-1,-1,-1,-1,-1
16183,10016351,10016639,10016927,10017215,10017503,10017791,10018079,10018367
16184,10016350,10016638,10016926,10017214,10017502,10017790,10018078,10018366
16185,10016349,10016637,10016925,10017213,10017501,10017789,10018077,10018365
16186,10016348,10016636,10016924,10017212,10017500,10017788,10018076,10018364
16187,10016347,10016635,10016923,10017211,10017499,10017787,10018075,10018363
16188,10016346,10016634,10016922,10017210,10017498,10017786,10018074,10018362
16189,10016345,10016633,10016921,10017209,10017497,10017785,10018073,10018361
16190,10016344,10016632,10016920,10017208,10017496,10017784,10018072,10018360
16191,-1,-1,-1,-1,-1,-1,-1,-1
16192,-1,-1,-1,-1,-1,-1,-1,-1
16193,-1,-1,-1,-1,-1,-1,-1,-1
16194,-1,-1,-1,-1,-1,-1,-1,-1
16195,-1,-1,-1,-1,-1,-1,-1,-1
16196,-1,-1,-1,-1,-1,-1,-1,-1
16197,-1,-1,-1,-1,-1,-1,-1,-1
16198,-1,-1,-1,-1,-1,-1,-1,-1
16199,-1,-1,-1,-1,-1,-1,-1,-1
16200,-1,-1,-1,-1,-1,-1,-1,-1
16201,-1,-1,-1,-1,-1,-1,-1,-1
16202,-1,-1,-1,-1,-1,-1,-1,-1
16203,-1,-1,-1,-1,-1,-1,-1,-1
16204,-1,-1,-1,-1,-1,-1,-1,-1
16205,-1,-1,-1,-1,-1,-1,-1,-1
16206,-1,-1,-1,-1,-1,-1,-1,-1
16207,-1,-1,-1,-1,-1,-1,-1,-1
16208,-1,-1,-1,-1,-1,-1,-1,-1
16209,-1,-1,-1,-1,-1,-1,-1,-1
16210,-1,-1,-1,-1,-1,-1,-1,-1
16211,-1,-1,-1,-1,-1,-1,-1,-1
16212,-1,-1,-1,-1,-1,-1,-1,-1
16213,-1,-1,-1,-1,-1,-1,-1,-1
16214,-1,-1,-1,-1,-1,-1,-1,-1
16215,-1,-1,-1,-1,-1,-1,-1,-1
16216,-1,-1,-1,-1,-1,-1,-1,-1
16217,-1,-1,-1,-1,-1,-1,-1,-1
16218,-1,-1,-1,-1,-1,-1,-1,-1
16219,-1,-1,-1,-1,-1,-1,-1,-1
16220,-1,-1,-1,-1,-1,-1,-1,-1
16221,-1,-1,-1,-1,-1,-1,-1,-1
16222,-1,-1,-1,-1,-1,-1,-1,-1
16223,-1,-1,-1,-1,-1,-1,-1,-1
16224,-1,-1,-1,-1,-1,-1,-1,-1
16225,-1,-1,-1,-1,-1,-1,-1,-1
16226,-1,-1,-1,-1,-1,-1,-1,-1
16227,-1,-1,-1,-1,-1,-1,-1,-1
16228,-1,-1,-1,-1,-1,-1,-1,-1
16229,-1,-1,-1,-1,-1,-1,-1,-1
16230,-1,-1,-1,-1,-1,-1,-1,-1
16231,-1,-1,-1,-1,-1,-1,-1,-1
16232,-1,-1,-1,-1,-1,-1,-1,-1
16233,-1,-1,-1,-1,-1,-1,-1,-1
16234,-1,-1,-1,-1,-1,-1,-1,-1
16235,-1,-1,-1,-1,-1,-1,-1,-1
16236,-1,-1,-1,-1,-1,-1,-1,-1
16237,-1,-1,-1,-1,-1,-1,-1,-1
16238,-1,-1,-1,-1,-1,-1,-1,-1
16239,-1,-1,-1,-1,-1,-1,-1,-1
16240,-1,-1,-1,-1,-1,-1,-1,-1
16241,10016359,10016647,10016935,10017223,10017511,10017799,10018087,10018375
16242,10016358,10016646,10016934,10017222,10017510,10017798,10018086,10018374
16243,10016357,10016645,10016933,10017221,10017509,10017797,10018085,10018373
16244,10016356,10016644,10016932,10017220,10017508,10017796,10018084,10018372
16245,10016355,10016643,10016931,10017219,10017507,10017795,10018083,10018371
16246,10016354,10016642,10016930,10017218,10017506,10017794,10018082,10018370
16247,10016353,10016641,10016929,10017217,10017505,10017793,10018081,10018369
16248,10016352,10016640,10016928,10017216,10017504,10017792,10018080,10018368
16249,-1,-1,-1,-1,-1,-1,-1,-1
16250,-1,-1,-1,-1,-1,-1,-1,-1
16251,-1,-1,-1,-1,-1,-1,-1,-1
16252,-1,-1,-1,-1,-1,-1,-1,-1
16253,-1,-1,-1,-1,-1,-1,-1,-1
16254,-1,-1,-1,-1,-1,-1,-1,-1
16255,-1,-1,-1,-1,-1,-1,-1,-1
16256,-1,-1,-1,-1,-1,-1,-1,-1
16257,-1,-1,-1,-1,-1,-1,-1,-1
16258,-1,-1,-1,-1,-1,-1,-1,-1
16259,-1,-1,-1,-1,-1,-1,-1,-1
16260,-1,-1,-1,-1,-1,-1,-1,-1
16261,-1,-1,-1,-1,-1,-1,-1,-1
16262,-1,-1,-1,-1,-1,-1,-1,-1
16263,-1,-1,-1,-1,-1,-1,-1,-1
16264,-1,-1,-1,-1,-1,-1,-1,-1
16265,-1,-1,-1,-1,-1,-1,-1,-1
16266,-1,-1,-1,-1,-1,-1,-1,-1
16267,-1,-1,-1,-1,-1,-1,-1,-1
16268,-1,-1,-1,-1,-1,-1,-1,-1
16269,-1,-1,-1,-1,-1,-1,-1,-1
16270,-1,-1,-1,-1,-1,-1,-1,-1
16271,-1,-1,-1,-1,-1,-1,-1,-1
16272,-1,-1,-1,-1,-1,-1,-1,-1
16273,-1,-1,-1,-1,-1,-1,-1,-1
16274,-1,-1,-1,-1,-1,-1,-1,-1
16275,-1,-1,-1,-1,-1,-1,-1,-1
16276,-1,-1,-1,-1,-1,-1,-1,-1
16277,-1,-1,-1,-1,-1,-1,-1,-1
16278,-1,-1,-1,-1,-1,-1,-1,-1
16279,-1,-1,-1,-1,-1,-1,-1,-1
16280,-1,-1,-1,-1,-1,-1,-1,-1
16281,-1,-1,-1,-1,-1,-1,-1,-1
16282,-1,-1,-1,-1,-1,-1,-1,-1
16283,-1,-1,-1,-1,-1,-1,-1,-1
16284,-1,-1,-1,-1,-1,-1,-1,-1
16285,-1,-1,-1,-1,-1,-1,-1,-1
16286,-1,-1,-1,-1,-1,-1,-1,-1
16287,-1,-1,-1,-1,-1,-1,-1,-1
16288,-1,-1,-1,-1,-1,-1,-1,-1
16289,-1,-1,-1,-1,-1,-1,-1,-1
16290,-1,-1,-1,-1,-1,-1,-1,-1
16291,-1,-1,-1,-1,-1,-1,-1,-1
16292,-1,-1,-1,-1,-1,-1,-1,-1
16293,-1,-1,-1,-1,-1,-1,-1,-1
16294,-1,-1,-1,-1,-1,-1,-1,-1
16295,-1,-1,-1,-1,-1,-1,-1,-1
16296,-1,-1,-1,-1,-1,-1,-1,-1
16297,-1,-1,-1,-1,-1,-1,-1,-1
16298,-1,-1,-1,-1,-1,-1,-1,-1
16299,10016367,10016655,10016943,10017231,10017519,10017807,10018095,10018383
16300,10016366,10016654,10016942,10017230,10017518,10017806,10018094,10018382
16301,10016365,10016653,10016941,10017229,10017517,10017805,10018093,10018381
16302,10016364,10016652,10016940,10017228,10017516,10017804,10018092,10018380
16303,10016363,10016651,10016939,10017227,10017515,10017803,10018091,10018379
16304,10016362,10016650,10016938,10017226,10017514,10017802,10018090,10018378
16305,10016361,10016649,10016937,10017225,10017513,10017801,10018089,10018377
16306,10016360,10016648,10016936,10017224,10017512,10017800,10018088,10018376
16307,-1,-1,-1,-1,-1,-1,-1,-1
16308,-1,-1,-1,-1,-1,-1,-1,-1
16309,-1,-1,-1,-1,-1,-1,-1,-1
16310,-1,-1,-1,-1,-1,-1,-1,-1
16311,-1,-1,-1,-1,-1,-1,-1,-1
16312,-1,-1,-1,-1,-1,-1,-1,-1
16313,-1,-1,-1,-1,-1,-1,-1,-1
16314,-1,-1,-1,-1,-1,-1,-1,-1
16315,-1,-1,-1,-1,-1,-1,-1,-1
16316,-1,-1,-1,-1,-1,-1,-1,-1
16317,-1,-1,-1,-1,-1,-1,-1,-1
16318,-1,-1,-1,-1,-1,-1,-1,-1
16319,-1,-1,-1,-1,-1,-1,-1,-1
16320,-1,-1,-1,-1,-1,-1,-1,-1
16321,-1,-1,-1,-1,-1,-1,-1,-1
16322,-1,-1,-1,-1,-1,-1,-1,-1
16323,-1,-1,-1,-1,-1,-1,-1,-1
16324,-1,-1,-1,-1,-1,-1,-1,-1
16325,-1,-1,-1,-1,-1,-1,-1,-1
16326,-1,-1,-1,-1,-1,-1,-1,-1
16327,-1,-1,-1,-1,-1,-1,-1,-1
16328,-1,-1,-1,-1,-1,-1,-1,-1
16329,-1,-1,-1,-1,-1,-1,-1,-1
16330,-1,-1,-1,-1,-1,-1,-1,-1
16331,-1,-1,-1,-1,-1,-1,-1,-1
16332,-1,-1,-1,-1,-1,-1,-1,-1
16333,-1,-1,-1,-1,-1,-1,-1,-1
16334,-1,-1,-1,-1,-1,-1,-1,-1
16335,-1,-1,-1,-1,-1,-1,-1,-1
16336,-1,-1,-1,-1,-1,-1,-1,-1
16337,-1,-1,-1,-1,-1,-1,-1,-1
16338,-1,-1,-1,-1,-1,-1,-1,-1
16339,-1,-1,-1,-1,-1,-1,-1,-1
16340,-1,-1,-1,-1,-1,-1,-1,-1
16341,-1,-1,-1,-1,-1,-1,-1,-1
16342,-1,-1,-1,-1,-1,-1,-1,-1
16343,-1,-1,-1,-1,-1,-1,-1,-1
16344,-1,-1,-1,-1,-1,-1,-1,-1
16345,-1,-1,-1,-1,-1,-1,-1,-1
16346,-1,-1,-1,-1,-1,-1,-1,-1
16347,-1,-1,-1,-1,-1,-1,-1,-1
16348,-1,-1,-1,-1,-1,-1,-1,-1
16349,-1,-1,-1,-1,-1,-1,-1,-1
16350,-1,-1,-1,-1,-1,-1,-1,-1
16351,-1,-1,-1,-1,-1,-1,-1,-1
16352,-1,-1,-1,-1,-1,-1,-1,-1
16353,-1,-1,-1,-1,-1,-1,-1,-1
16354,-1,-1,-1,-1,-1,-1,-1,-1
16355,-1,-1,-1,-1,-1,-1,-1,-1
16356,-1,-1,-1,-1,-1,-1,-1,-1
16357,10016375,10016663,10016951,10017239,10017527,10017815,10018103,10018391
16358,10016374,10016662,10016950,10017238,10017526,10017814,10018102,10018390
16359,10016373,10016661,10016949,10017237,10017525,10017813,10018101,10018389
16360,10016372,10016660,10016948,10017236,10017524,10017812,10018100,10018388
16361,10016371,10016659,10016947,10017235,10017523,10017811,10018099,10018387
16362,10016370,10016658,10016946,10017234,10017522,10017810,10018098,10018386
16363,10016369,10016657,10016945,10017233,10017521,10017809,10018097,10018385
16364,10016368,10016656,10016944,10017232,10017520,10017808,10018096,10018384
16365,-1,-1,-1,-1,-1,-1,-1,-1
16366,-1,-1,-1,-1,-1,-1,-1,-1
16367,-1,-1,-1,-1,-1,-1,-1,-1
16368,-1,-1,-1,-1,-1,-1,-1,-1
16369,-1,-1,-1,-1,-1,-1,-1,-1
16370,-1,-1,-1,-1,-1,-1,-1,-1
16371,-1,-1,-1,-1,-1,-1,-1,-1
16372,-1,-1,-1,-1,-1,-1,-1,-1
16373,-1,-1,-1,-1,-1,-1,-1,-1
16374,-1,-1,-1,-1,-1,-1,-1,-1
16375,-1,-1,-1,-1,-1,-1,-1,-1
16376,-1,-1,-1,-1,-1,-1,-1,-1
16377,-1,-1,-1,-1,-1,-1,-1,-1
16378,-1,-1,-1,-1,-1,-1,-1,-1
16379,-1,-1,-1,-1,-1,-1,-1,-1
16380,-1,-1,-1,-1,-1,-1,-1,-1
16381,-1,-1,-1,-1,-1,-1,-1,-1
16382,-1,-1,-1,-1,-1,-1,-1,-1
16383,-1,-1,-1,-1,-1,-1,-1,-1
16384,-1,-1,-1,-1,-1,-1,-1,-1
16385,-1,-1,-1,-1,-1,-1,-1,-1
16386,-1,-1,-1,-1,-1,-1,-1,-1
16387,-1,-1,-1,-1,-1,-1,-1,-1
16388,-1,-1,-1,-1,-1,-1,-1,-1
16389,-1,-1,-1,-1,-1,-1,-1,-1
16390,-1,-1,-1,-1,-1,-1,-1,-1
16391,-1,-1,-1,-1,-1,-1,-1,-1
16392,-1,-1,-1,-1,-1,-1,-1,-1
16393,-1,-1,-1,-1,-1,-1,-1,-1
16394,-1,-1,-1,-1,-1,-1,-1,-1
16395,-1,-1,-1,-1,-1,-1,-1,-1
16396,-1,-1,-1,-1,-1,-1,-1,-1
16397,-1,-1,-1,-1,-1,-1,-1,-1
16398,-1,-1,-1,-1,-1,-1,-1,-1
16399,-1,-1,-1,-1,-1,-1,-1,-1
16400,-1,-1,-1,-1,-1,-1,-1,-1
16401,-1,-1,-1,-1,-1,-1,-1,-1
16402,-1,-1,-1,-1,-1,-1,-1,-1
16403,-1,-1,-1,-1,-1,-1,-1,-1
16404,-1,-1,-1,-1,-1,-1,-1,-1
16405,-1,-1,-1,-1,-1,-1,-1,-1
16406,-1,-1,-1,-1,-1,-1,-1,-1
16407,-1,-1,-1,-1,-1,-1,-1,-1
16408,-1,-1,-1,-1,-1,-1,-1,-1
16409,-1,-1,-1,-1,-1,-1,-1,-1
16410,-1,-1,-1,-1,-1,-1,-1,-1
16411,-1,-1,-1,-1,-1,-1,-1,-1
16412,-1,-1,-1,-1,-1,-1,-1,-1
16413,-1,-1,-1,-1,-1,-1,-1,-1
16414,-1,-1,-1,-1,-1,-1,-1,-1
16415,10016383,10016671,10016959,10017247,10017535,10017823,10018111,10018399
16416,10016382,10016670,10016958,10017246,10017534,10017822,10018110,10018398
16417,10016381,10016669,10016957,10017245,10017533,10017821,10018109,10018397
16418,10016380,10016668,10016956,10017244,10017532,10017820,10018108,10018396
16419,10016379,10016667,10016955,10017243,10017531,10017819,10018107,10018395
16420,10016378,10016666,10016954,10017242,10017530,10017818,10018106,10018394
16421,10016377,10016665,10016953,10017241,10017529,10017817,10018105,10018393
16422,10016376,10016664,10016952,10017240,10017528,10017816,10018104,10018392
16423,-1,-1,-1,-1,-1,-1,-1,-1
16424,-1,-1,-1,-1,-1,-1,-1,-1
16425,-1,-1,-1,-1,-1,-1,-1,-1
16426,-1,-1,-1,-1,-1,-1,-1,-1
16427,-1,-1,-1,-1,-1,-1,-1,-1
16428,-1,-1,-1,-1,-1,-1,-1,-1
16429,-1,-1,-1,-1,-1,-1,-1,-1
16430,-1,-1,-1,-1,-1,-1,-1,-1
16431,-1,-1,-1,-1,-1,-1,-1,-1
16432,-1,-1,-1,-1,-1,-1,-1,-1
16433,-1,-1,-1,-1,-1,-1,-1,-1
16434,-1,-1,-1,-1,-1,-1,-1,-1
16435,-1,-1,-1,-1,-1,-1,-1,-1
16436,-1,-1,-1,-1,-1,-1,-1,-1
16437,-1,-1,-1,-1,-1,-1,-1,-1
16438,-1,-1,-1,-1,-1,-1,-1,-1
16439,-1,-1,-1,-1,-1,-1,-1,-1
16440,-1,-1,-1,-1,-1,-1,-1,-1
16441,-1,-1,-1,-1,-1,-1,-1,-1
16442,-1,-1,-1,-1,-1,-1,-1,-1
16443,-1,-1,-1,-1,-1,-1,-1,-1
16444,-1,-1,-1,-1,-1,-1,-1,-1
16445,-1,-1,-1,-1,-1,-1,-1,-1
16446,-1,-1,-1,-1,-1,-1,-1,-1
16447,-1,-1,-1,-1,-1,-1,-1,-1
16448,-1,-1,-1,-1,-1,-1,-1,-1
16449,-1,-1,-1,-1,-1,-1,-1,-1
16450,-1,-1,-1,-1,-1,-1,-1,-1
16451,-1,-1,-1,-1,-1,-1,-1,-1
16452,-1,-1,-1,-1,-1,-1,-1,-1
16453,-1,-1,-1,-1,-1,-1,-1,-1
16454,-1,-1,-1,-1,-1,-1,-1,-1
16455,-1,-1,-1,-1,-1,-1,-1,-1
16456,-1,-1,-1,-1,-1,-1,-1,-1
16457,-1,-1,-1,-1,-1,-1,-1,-1
16458,-1,-1,-1,-1,-1,-1,-1,-1
16459,-1,-1,-1,-1,-1,-1,-1,-1
16460,-1,-1,-1,-1,-1,-1,-1,-1
16461,-1,-1,-1,-1,-1,-1,-1,-1
16462,-1,-1,-1,-1,-1,-1,-1,-1
16463,-1,-1,-1,-1,-1,-1,-1,-1
16464,-1,-1,-1,-1,-1,-1,-1,-1
16465,-1,-1,-1,-1,-1,-1,-1,-1
16466,-1,-1,-1,-1,-1,-1,-1,-1
16467,-1,-1,-1,-1,-1,-1,-1,-1
16468,-1,-1,-1,-1,-1,-1,-1,-1
16469,-1,-1,-1,-1,-1,-1,-1,-1
16470,-1,-1,-1,-1,-1,-1,-1,-1
16471,-1,-1,-1,-1,-1,-1,-1,-1
16472,-1,-1,-1,-1,-1,-1,-1,-1
16473,10016391,10016679,10016967,10017255,10017543,10017831,10018119,10018407
16474,10016390,10016678,10016966,10017254,10017542,10017830,10018118,10018406
16475,10016389,10016677,10016965,10017253,10017541,10017829,10018117,10018405
16476,10016388,10016676,10016964,10017252,10017540,10017828,10018116,10018404
16477,10016387,10016675,10016963,10017251,10017539,10017827,10018115,10018403
16478,10016386,10016674,10016962,10017250,10017538,10017826,10018114,10018402
16479,10016385,10016673,10016961,10017249,10017537,10017825,10018113,10018401
16480,10016384,10016672,10016960,10017248,10017536,10017824,10018112,10018400
16481,-1,-1,-1,-1,-1,-1,-1,-1
16482,-1,-1,-1,-1,-1,-1,-1,-1
16483,-1,-1,-1,-1,-1,-1,-1,-1
16484,-1,-1,-1,-1,-1,-1,-1,-1
16485,-1,-1,-1,-1,-1,-1,-1,-1
16486,-1,-1,-1,-1,-1,-1,-1,-1
16487,-1,-1,-1,-1,-1,-1,-1,-1
16488,-1,-1,-1,-1,-1,-1,-1,-1
16489,-1,-1,-1,-1,-1,-1,-1,-1
16490,-1,-1,-1,-1,-1,-1,-1,-1
16491,-1,-1,-1,-1,-1,-1,-1,-1
16492,-1,-1,-1,-1,-1,-1,-1,-1
16493,-1,-1,-1,-1,-1,-1,-1,-1
16494,-1,-1,-1,-1,-1,-1,-1,-1
16495,-1,-1,-1,-1,-1,-1,-1,-1
16496,-1,-1,-1,-1,-1,-1,-1,-1
16497,-1,-1,-1,-1,-1,-1,-1,-1
16498,-1,-1,-1,-1,-1,-1,-1,-1
16499,-1,-1,-1,-1,-1,-1,-1,-1
16500,-1,-1,-1,-1,-1,-1,-1,-1
16501,-1,-1,-1,-1,-1,-1,-1,-1
16502,-1,-1,-1,-1,-1,-1,-1,-1
16503,-1,-1,-1,-1,-1,-1,-1,-1
16504,-1,-1,-1,-1,-1,-1,-1,-1
16505,-1,-1,-1,-1,-1,-1,-1,-1
16506,-1,-1,-1,-1,-1,-1,-1,-1
16507,-1,-1,-1,-1,-1,-1,-1,-1
16508,-1,-1,-1,-1,-1,-1,-1,-1
16509,-1,-1,-1,-1,-1,-1,-1,-1
16510,-1,-1,-1,-1,-1,-1,-1,-1
16511,-1,-1,-1,-1,-1,-1,-1,-1
16512,-1,-1,-1,-1,-1,-1,-1,-1
16513,-1,-1,-1,-1,-1,-1,-1,-1
16514,-1,-1,-1,-1,-1,-1,-1,-1
16515,-1,-1,-1,-1,-1,-1,-1,-1
16516,-1,-1,-1,-1,-1,-1,-1,-1
16517,-1,-1,-1,-1,-1,-1,-1,-1
16518,-1,-1,-1,-1,-1,-1,-1,-1
16519,-1,-1,-1,-1,-1,-1,-1,-1
16520,-1,-1,-1,-1,-1,-1,-1,-1
16521,-1,-1,-1,-1,-1,-1,-1,-1
16522,-1,-1,-1,-1,-1,-1,-1,-1
16523,-1,-1,-1,-1,-1,-1,-1,-1
16524,-1,-1,-1,-1,-1,-1,-1,-1
16525,-1,-1,-1,-1,-1,-1,-1,-1
16526,-1,-1,-1,-1,-1,-1,-1,-1
16527,-1,-1,-1,-1,-1,-1,-1,-1
16528,-1,-1,-1,-1,-1,-1,-1,-1
16529,-1,-1,-1,-1,-1,-1,-1,-1
16530,-1,-1,-1,-1,-1,-1,-1,-1
16531,10016399,10016687,10016975,10017263,10017551,10017839,10018127,10018415
16532,10016398,10016686,10016974,10017262,10017550,10017838,10018126,10018414
16533,10016397,10016685,10016973,10017261,10017549,10017837,10018125,10018413
16534,10016396,10016684,10016972,10017260,10017548,10017836,10018124,10018412
16535,10016395,10016683,10016971,10017259,10017547,10017835,10018123,10018411
16536,10016394,10016682,10016970,10017258,10017546,10017834,10018122,10018410
16537,10016393,10016681,10016969,10017257,10017545,10017833,10018121,10018409
16538,10016392,10016680,10016968,10017256,10017544,10017832,10018120,10018408
16539,-1,-1,-1,-1,-1,-1,-1,-1
16540,-1,-1,-1,-1,-1,-1,-1,-1
16541,-1,-1,-1,-1,-1,-1,-1,-1
16542,-1,-1,-1,-1,-1,-1,-1,-1
16543,-1,-1,-1,-1,-1,-1,-1,-1
16544,-1,-1,-1,-1,-1,-1,-1,-1
16545,-1,-1,-1,-1,-1,-1,-1,-1
16546,-1,-1,-1,-1,-1,-1,-1,-1
16547,-1,-1,-1,-1,-1,-1,-1,-1
16548,-1,-1,-1,-1,-1,-1,-1,-1
16549,-1,-1,-1,-1,-1,-1,-1,-1
16550,-1,-1,-1,-1,-1,-1,-1,-1
16551,-1,-1,-1,-1,-1,-1,-1,-1
16552,-1,-1,-1,-1,-1,-1,-1,-1
16553,-1,-1,-1,-1,-1,-1,-1,-1
16554,-1,-1,-1,-1,-1,-1,-1,-1
16555,-1,-1,-1,-1,-1,-1,-1,-1
16556,-1,-1,-1,-1,-1,-1,-1,-1
16557,-1,-1,-1,-1,-1,-1,-1,-1
16558,-1,-1,-1,-1,-1,-1,-1,-1
16559,-1,-1,-1,-1,-1,-1,-1,-1
16560,-1,-1,-1,-1,-1,-1,-1,-1
16561,-1,-1,-1,-1,-1,-1,-1,-1
16562,-1,-1,-1,-1,-1,-1,-1,-1
16563,-1,-1,-1,-1,-1,-1,-1,-1
16564,-1,-1,-1,-1,-1,-1,-1,-1
16565,-1,-1,-1,-1,-1,-1,-1,-1
16566,-1,-1,-1,-1,-1,-1,-1,-1
16567,-1,-1,-1,-1,-1,-1,-1,-1
16568,-1,-1,-1,-1,-1,-1,-1,-1
16569,-1,-1,-1,-1,-1,-1,-1,-1
16570,-1,-1,-1,-1,-1,-1,-1,-1
16571,-1,-1,-1,-1,-1,-1,-1,-1
16572,-1,-1,-1,-1,-1,-1,-1,-1
16573,-1,-1,-1,-1,-1,-1,-1,-1
16574,-1,-1,-1,-1,-1,-1,-1,-1
16575,-1,-1,-1,-1,-1,-1,-1,-1
16576,-1,-1,-1,-1,-1,-1,-1,-1
16577,-1,-1,-1,-1,-1,-1,-1,-1
16578,-1,-1,-1,-1,-1,-1,-1,-1
16579,-1,-1,-1,-1,-1,-1,-1,-1
16580,-1,-1,-1,-1,-1,-1,-1,-1
16581,-1,-1,-1,-1,-1,-1,-1,-1
16582,-1,-1,-1,-1,-1,-1,-1,-1
16583,-1,-1,-1,-1,-1,-1,-1,-1
16584,-1,-1,-1,-1,-1,-1,-1,-1
16585,-1,-1,-1,-1,-1,-1,-1,-1
16586,-1,-1,-1,-1,-1,-1,-1,-1
16587,-1,-1,-1,-1,-1,-1,-1,-1
16588,-1,-1,-1,-1,-1,-1,-1,-1
16589,10016407,10016695,10016983,10017271,10017559,10017847,10018135,10018423
16590,10016406,10016694,10016982,10017270,10017558,10017846,10018134,10018422
16591,10016405,10016693,10016981,10017269,10017557,10017845,10018133,10018421
16592,10016404,10016692,10016980,10017268,10017556,10017844,10018132,10018420
16593,10016403,10016691,10016979,10017267,10017555,10017843,10018131,10018419
16594,10016402,10016690,10016978,10017266,10017554,10017842,10018130,10018418
16595,10016401,10016689,10016977,10017265,10017553,10017841,10018129,10018417
16596,10016400,10016688,10016976,10017264,10017552,10017840,10018128,10018416
16597,-1,-1,-1,-1,-1,-1,-1,-1
16598,-1,-1,-1,-1,-1,-1,-1,-1
16599,-1,-1,-1,-1,-1,-1,-1,-1
16600,-1,-1,-1,-1,-1,-1,-1,-1
16601,-1,-1,-1,-1,-1,-1,-1,-1
16602,-1,-1,-1,-1,-1,-1,-1,-1
16603,-1,-1,-1,-1,-1,-1,-1,-1
16604,-1,-1,-1,-1,-1,-1,-1,-1
16605,-1,-1,-1,-1,-1,-1,-1,-1
16606,-1,-1,-1,-1,-1,-1,-1,-1
16607,-1,-1,-1,-1,-1,-1,-1,-1
16608,-1,-1,-1,-1,-1,-1,-1,-1
16609,-1,-1,-1,-1,-1,-1,-1,-1
16610,-1,-1,-1,-1,-1,-1,-1,-1
16611,-1,-1,-1,-1,-1,-1,-1,-1
16612,-1,-1,-1,-1,-1,-1,-1,-1
16613,-1,-1,-1,-1,-1,-1,-1,-1
16614,-1,-1,-1,-1,-1,-1,-1,-1
16615,-1,-1,-1,-1,-1,-1,-1,-1
16616,-1,-1,-1,-1,-1,-1,-1,-1
16617,-1,-1,-1,-1,-1,-1,-1,-1
16618,-1,-1,-1,-1,-1,-1,-1,-1
16619,-1,-1,-1,-1,-1,-1,-1,-1
16620,-1,-1,-1,-1,-1,-1,-1,-1
16621,-1,-1,-1,-1,-1,-1,-1,-1
16622,-1,-1,-1,-1,-1,-1,-1,-1
16623,-1,-1,-1,-1,-1,-1,-1,-1
16624,-1,-1,-1,-1,-1,-1,-1,-1
16625,-1,-1,-1,-1,-1,-1,-1,-1
16626,-1,-1,-1,-1,-1,-1,-1,-1
16627,-1,-1,-1,-1,-1,-1,-1,-1
16628,-1,-1,-1,-1,-1,-1,-1,-1
16629,-1,-1,-1,-1,-1,-1,-1,-1
16630,-1,-1,-1,-1,-1,-1,-1,-1
16631,-1,-1,-1,-1,-1,-1,-1,-1
16632,-1,-1,-1,-1,-1,-1,-1,-1
16633,-1,-1,-1,-1,-1,-1,-1,-1
16634,-1,-1,-1,-1,-1,-1,-1,-1
16635,-1,-1,-1,-1,-1,-1,-1,-1
16636,-1,-1,-1,-1,-1,-1,-1,-1
16637,-1,-1,-1,-1,-1,-1,-1,-1
16638,-1,-1,-1,-1,-1,-1,-1,-1
16639,-1,-1,-1,-1,-1,-1,-1,-1
16640,-1,-1,-1,-1,-1,-1,-1,-1
16641,-1,-1,-1,-1,-1,-1,-1,-1
16642,-1,-1,-1,-1,-1,-1,-1,-1
16643,-1,-1,-1,-1,-1,-1,-1,-1
16644,-1,-1,-1,-1,-1,-1,-1,-1
16645,-1,-1,-1,-1,-1,-1,-1,-1
16646,-1,-1,-1,-1,-1,-1,-1,-1
16647,10016415,10016703,10016991,10017279,10017567,10017855,10018143,10018431
16648,10016414,10016702,10016990,10017278,10017566,10017854,10018142,10018430
16649,10016413,10016701,10016989,10017277,10017565,10017853,10018141,10018429
16650,10016412,10016700,10016988,10017276,10017564,10017852,10018140,10018428
16651,10016411,10016699,10016987,10017275,10017563,10017851,10018139,10018427
16652,10016410,10016698,10016986,10017274,10017562,10017850,10018138,10018426
16653,10016409,10016697,10016985,10017273,10017561,10017849,10018137,10018425
16654,10016408,10016696,10016984,10017272,10017560,10017848,10018136,10018424
16655,-1,-1,-1,-1,-1,-1,-1,-1
16656,-1,-1,-1,-1,-1,-1,-1,-1
16657,-1,-1,-1,-1,-1,-1,-1,-1
16658,-1,-1,-1,-1,-1,-1,-1,-1
16659,-1,-1,-1,-1,-1,-1,-1,-1
16660,-1,-1,-1,-1,-1,-1,-1,-1
16661,-1,-1,-1,-1,-1,-1,-1,-1
16662,-1,-1,-1,-1,-1,-1,-1,-1
16663,-1,-1,-1,-1,-1,-1,-1,-1
16664,-1,-1,-1,-1,-1,-1,-1,-1
16665,-1,-1,-1,-1,-1,-1,-1,-1
16666,-1,-1,-1,-1,-1,-1,-1,-1
16667,-1,-1,-1,-1,-1,-1,-1,-1
16668,-1,-1,-1,-1,-1,-1,-1,-1
16669,-1,-1,-1,-1,-1,-1,-1,-1
16670,-1,-1,-1,-1,-1,-1,-1,-1
16671,-1,-1,-1,-1,-1,-1,-1,-1
16672,-1,-1,-1,-1,-1,-1,-1,-1
16673,-1,-1,-1,-1,-1,-1,-1,-1
16674,-1,-1,-1,-1,-1,-1,-1,-1
16675,-1,-1,-1,-1,-1,-1,-1,-1
16676,-1,-1,-1,-1,-1,-1,-1,-1
16677,-1,-1,-1,-1,-1,-1,-1,-1
16678,-1,-1,-1,-1,-1,-1,-1,-1
16679,-1,-1,-1,-1,-1,-1,-1,-1
16680,-1,-1,-1,-1,-1,-1,-1,-1
16681,-1,-1,-1,-1,-1,-1,-1,-1
16682,-1,-1,-1,-1,-1,-1,-1,-1
16683,-1,-1,-1,-1,-1,-1,-1,-1
16684,-1,-1,-1,-1,-1,-1,-1,-1
16685,-1,-1,-1,-1,-1,-1,-1,-1
16686,-1,-1,-1,-1,-1,-1,-1,-1
16687,-1,-1,-1,-1,-1,-1,-1,-1
16688,-1,-1,-1,-1,-1,-1,-1,-1
16689,-1,-1,-1,-1,-1,-1,-1,-1
16690,-1,-1,-1,-1,-1,-1,-1,-1
16691,-1,-1,-1,-1,-1,-1,-1,-1
16692,-1,-1,-1,-1,-1,-1,-1,-1
16693,-1,-1,-1,-1,-1,-1,-1,-1
16694,-1,-1,-1,-1,-1,-1,-1,-1
16695,-1,-1,-1,-1,-1,-1,-1,-1
16696,-1,-1,-1,-1,-1,-1,-1,-1
16697,-1,-1,-1,-1,-1,-1,-1,-1
16698,-1,-1,-1,-1,-1,-1,-1,-1
16699,-1,-1,-1,-1,-1,-1,-1,-1
16700,-1,-1,-1,-1,-1,-1,-1,-1
16701,-1,-1,-1,-1,-1,-1,-1,-1
16702,-1,-1,-1,-1,-1,-1,-1,-1
16703,-1,-1,-1,-1,-1,-1,-1,-1
16704,-1,-1,-1,-1,-1,-1,-1,-1
