$date
	Wed Sep 23 22:17:58 2026
$end
$version
	Icarus Verilog
$end
$timescale
	1ps
$end
$scope module tb_stage9a_conv $end
$var wire 32 ! zero_count [31:0] $end
$var wire 32 " variance [31:0] $end
$var wire 64 # sum_square [63:0] $end
$var wire 48 $ sum [47:0] $end
$var wire 1 % stats_valid $end
$var wire 2 & stage8a_resource_cfg [1:0] $end
$var wire 2 ' stage8a_resource_at_capture [1:0] $end
$var wire 32 ( sparsity [31:0] $end
$var wire 2 ) selected_resource_cfg [1:0] $end
$var wire 1 * resource_capture_valid $end
$var wire 64 + pe_valid_debug [63:0] $end
$var wire 64 , pe_enable_mask [63:0] $end
$var wire 1 - output_write_valid $end
$var wire 1 . output_valid $end
$var wire 10 / output_index_debug [9:0] $end
$var wire 32 0 mean [31:0] $end
$var wire 1 1 features_valid $end
$var wire 1 2 fallback_to_64 $end
$var wire 1 3 estimate_valid $end
$var wire 32 4 element_count [31:0] $end
$var wire 32 5 degradation_hat_64 [31:0] $end
$var wire 32 6 degradation_hat_32 [31:0] $end
$var wire 32 7 degradation_hat_16 [31:0] $end
$var wire 1 8 decision_valid $end
$var wire 2 9 decision_layer_id [1:0] $end
$var wire 1 : conv_start $end
$var wire 1 ; conv_done $end
$var wire 32 < conv_cycle_count [31:0] $end
$var wire 1 = conv_busy $end
$var wire 2 > captured_resource_cfg [1:0] $end
$var wire 7 ? active_pe_count [6:0] $end
$var parameter 32 @ ACC_WIDTH $end
$var parameter 32 A CLK_PERIOD $end
$var parameter 32 B DATA_WIDTH $end
$var parameter 32 C INPUT_C $end
$var parameter 32 D INPUT_ELEMENTS $end
$var parameter 32 E INPUT_H $end
$var parameter 32 F INPUT_W $end
$var parameter 32 G OUTPUT_C $end
$var parameter 32 H OUTPUT_ELEMENTS $end
$var parameter 32 I PE_COUNT $end
$var parameter 32 J WEIGHT_ELEMENTS $end
$var parameter 32 K WEIGHT_WIDTH $end
$var reg 2 L busy_resource_cfg [1:0] $end
$var reg 1 M busy_seen $end
$var reg 1 N clk $end
$var reg 64 O conv_done_time [63:0] $end
$var reg 64 P conv_start_time [63:0] $end
$var reg 1 Q decision_seen $end
$var reg 64 R decision_time [63:0] $end
$var reg 1 S layer_end $end
$var reg 64 T layer_end_clock_time [63:0] $end
$var reg 2 U layer_id [1:0] $end
$var reg 1 V layer_start $end
$var reg 1 W override_enable $end
$var reg 2 X resource_override_cfg [1:0] $end
$var reg 1 Y rst_n $end
$var reg 16 Z sample_data [15:0] $end
$var reg 1 [ sample_valid $end
$var integer 32 \ capture_events [31:0] $end
$var integer 32 ] output_index [31:0] $end
$var integer 32 ^ pe_index [31:0] $end
$upscope $end
$enddefinitions $end
$comment Show the parameter values. $end
$dumpall
b10000 K
b110110000 J
b1000000 I
b10000000000 H
b10000 G
b1000 F
b1000 E
b11000000 D
b11 C
b10000 B
b1010 A
b110000 @
$end
#0
$dumpvars
bx ^
bx ]
b0 \
0[
b0 Z
0Y
b10 X
0W
0V
b0 U
bx T
0S
b0 R
xQ
b0 P
b0 O
0N
xM
bx L
b1000000 ?
bx >
x=
bx <
x;
x:
bx 9
x8
bx 7
bx 6
bx 5
bx 4
x3
x2
x1
b0 0
bx /
x.
x-
b1111111111111111111111111111111111111111111111111111111111111111 ,
b0 +
x*
bx )
b0 (
bx '
bx &
x%
bx $
bx #
b0 "
bx !
$end
#5000
0-
b0 /
01
b1111111111111111111111111111111111111111111111111111111111111111 ,
b10 )
0.
b0 <
0;
0=
b0 #
b0 $
b0 !
b0 4
0%
b0 5
b0 6
b0 7
03
02
b10 &
b0 9
08
0:
b10 >
b10 '
0*
b0 T
b10 L
0M
0Q
1N
#10000
0N
#15000
1N
#20000
0N
#25000
1N
#30000
1Y
0N
#35000
1N
#40000
b1111111111111111111111111111111111111111111111111111111111111111 ,
b0 X
1W
b1000000 ^
b10000000000 ]
0N
#45000
1N
#50000
1V
0N
#55000
1N
#60000
0V
0N
#65000
1N
#70000
b1 Z
1[
0N
#75000
b10000000000000000 0
b1 #
b1 $
b1 4
1N
#80000
0[
0N
#85000
1N
#90000
b0 Z
1[
0N
#95000
b100000000000000 "
b1000000000000000 (
b1000000000000000 0
b1 !
b10 4
1N
#100000
0[
0N
#105000
1N
#110000
b1 Z
1[
0N
#115000
b11100011100100 "
b1010101010101010 0
b101010101010101 (
b10 #
b10 $
b11 4
1N
#120000
0[
0N
#125000
1N
#130000
b0 Z
1[
0N
#135000
b100000000000000 "
b1000000000000000 0
b1000000000000000 (
b10 !
b100 4
1N
#140000
0[
0N
#145000
1N
#150000
1S
0N
#155000
b100000000000000 "
b1000000000000000 0
b1000000000000000 (
11
1%
b10011011 T
1N
#160000
0S
0N
#165000
b100000000000000 "
b1000000000000000 0
b1000000000000000 (
01
0%
b111011011 6
b1110110110 7
13
1N
#170000
0N
#175000
b1111111111111111111111111111111111111111111111111111111111111111 ,
b10101111 R
b0 &
18
03
1N
#180000
0N
#185000
b10111001 P
b1 \
b1111111111111111 ,
b10000 ?
b0 )
08
1:
1*
b0 >
b0 '
1Q
1N
#190000
0N
#195000
1=
0:
0*
1N
#196000
b1000000 ^
#200000
b1111111111111111 ,
b10 X
0N
#205000
b1111111111111111 +
b0 L
1M
1N
#210000
0N
#215000
b1111111111111111 +
b1 <
1N
#220000
0N
#225000
b1111111111111111 +
b10 <
1N
#230000
0N
#235000
b1111111111111111 +
b11 <
1N
#240000
b1000000 ^
0N
#245000
b1111111111111111 +
b100 <
1N
#250000
0N
#255000
b1111111111111111 +
b101 <
1N
#260000
0N
#265000
b1111111111111111 +
b110 <
1N
#270000
0N
#275000
b1111111111111111 +
b111 <
1N
#280000
0N
#285000
b1111111111111111 +
b1000 <
1N
#290000
0N
#295000
b1111111111111111 +
b1001 <
1N
#300000
0N
#305000
b1111111111111111 +
b1010 <
1N
#310000
0N
#315000
b1111111111111111 +
b1011 <
1N
#320000
0N
#325000
b1111111111111111 +
b1100 <
1N
#330000
0N
#335000
b1111111111111111 +
b1101 <
1N
#340000
0N
#345000
b1111111111111111 +
b1110 <
1N
#350000
0N
#355000
b1111111111111111 +
b1111 <
1N
#360000
0N
#365000
b1111111111111111 +
b10000 <
1N
#370000
0N
#375000
b1111111111111111 +
b10001 <
1N
#380000
0N
#385000
b1111111111111111 +
b10010 <
1N
#390000
0N
#395000
b1111111111111111 +
b10011 <
1N
#400000
0N
#405000
b1111111111111111 +
b10100 <
1N
#410000
0N
#415000
b1111111111111111 +
b10101 <
1N
#420000
0N
#425000
b1111111111111111 +
b10110 <
1N
#430000
0N
#435000
b1111111111111111 +
b10111 <
1N
#440000
0N
#445000
b1111111111111111 +
b11000 <
1N
#450000
0N
#455000
b1111111111111111 +
b11001 <
1N
#460000
0N
#465000
1-
b1111111111111111 +
b11010 <
1N
#470000
0N
#475000
0-
b10000 /
b0 +
b11011 <
1N
#480000
0N
#485000
b1111111111111111 +
1N
#490000
0N
#495000
b1111111111111111 +
b11100 <
1N
#500000
0N
#505000
b1111111111111111 +
b11101 <
1N
#510000
0N
#515000
b1111111111111111 +
b11110 <
1N
#520000
0N
#525000
b1111111111111111 +
b11111 <
1N
#530000
0N
#535000
b1111111111111111 +
b100000 <
1N
#540000
0N
#545000
b1111111111111111 +
b100001 <
1N
#550000
0N
#555000
b1111111111111111 +
b100010 <
1N
#560000
0N
#565000
b1111111111111111 +
b100011 <
1N
#570000
0N
#575000
b1111111111111111 +
b100100 <
1N
#580000
0N
#585000
b1111111111111111 +
b100101 <
1N
#590000
0N
#595000
b1111111111111111 +
b100110 <
1N
#600000
0N
#605000
b1111111111111111 +
b100111 <
1N
#610000
0N
#615000
b1111111111111111 +
b101000 <
1N
#620000
0N
#625000
b1111111111111111 +
b101001 <
1N
#630000
0N
#635000
b1111111111111111 +
b101010 <
1N
#640000
0N
#645000
b1111111111111111 +
b101011 <
1N
#650000
0N
#655000
b1111111111111111 +
b101100 <
1N
#660000
0N
#665000
b1111111111111111 +
b101101 <
1N
#670000
0N
#675000
b1111111111111111 +
b101110 <
1N
#680000
0N
#685000
b1111111111111111 +
b101111 <
1N
#690000
0N
#695000
b1111111111111111 +
b110000 <
1N
#700000
0N
#705000
b1111111111111111 +
b110001 <
1N
#710000
0N
#715000
b1111111111111111 +
b110010 <
1N
#720000
0N
#725000
b1111111111111111 +
b110011 <
1N
#730000
0N
#735000
b1111111111111111 +
b110100 <
1N
#740000
0N
#745000
1-
b1111111111111111 +
b110101 <
1N
#750000
0N
#755000
0-
b100000 /
b0 +
b110110 <
1N
#760000
0N
#765000
b1111111111111111 +
1N
#770000
0N
#775000
b1111111111111111 +
b110111 <
1N
#780000
0N
#785000
b1111111111111111 +
b111000 <
1N
#790000
0N
#795000
b1111111111111111 +
b111001 <
1N
#800000
0N
#805000
b1111111111111111 +
b111010 <
1N
#810000
0N
#815000
b1111111111111111 +
b111011 <
1N
#820000
0N
#825000
b1111111111111111 +
b111100 <
1N
#830000
0N
#835000
b1111111111111111 +
b111101 <
1N
#840000
0N
#845000
b1111111111111111 +
b111110 <
1N
#850000
0N
#855000
b1111111111111111 +
b111111 <
1N
#860000
0N
#865000
b1111111111111111 +
b1000000 <
1N
#870000
0N
#875000
b1111111111111111 +
b1000001 <
1N
#880000
0N
#885000
b1111111111111111 +
b1000010 <
1N
#890000
0N
#895000
b1111111111111111 +
b1000011 <
1N
#900000
0N
#905000
b1111111111111111 +
b1000100 <
1N
#910000
0N
#915000
b1111111111111111 +
b1000101 <
1N
#920000
0N
#925000
b1111111111111111 +
b1000110 <
1N
#930000
0N
#935000
b1111111111111111 +
b1000111 <
1N
#940000
0N
#945000
b1111111111111111 +
b1001000 <
1N
#950000
0N
#955000
b1111111111111111 +
b1001001 <
1N
#960000
0N
#965000
b1111111111111111 +
b1001010 <
1N
#970000
0N
#975000
b1111111111111111 +
b1001011 <
1N
#980000
0N
#985000
b1111111111111111 +
b1001100 <
1N
#990000
0N
#995000
b1111111111111111 +
b1001101 <
1N
#1000000
0N
#1005000
b1111111111111111 +
b1001110 <
1N
#1010000
0N
#1015000
b1111111111111111 +
b1001111 <
1N
#1020000
0N
#1025000
1-
b1111111111111111 +
b1010000 <
1N
#1030000
0N
#1035000
0-
b110000 /
b0 +
b1010001 <
1N
#1040000
0N
#1045000
b1111111111111111 +
1N
#1050000
0N
#1055000
b1111111111111111 +
b1010010 <
1N
#1060000
0N
#1065000
b1111111111111111 +
b1010011 <
1N
#1070000
0N
#1075000
b1111111111111111 +
b1010100 <
1N
#1080000
0N
#1085000
b1111111111111111 +
b1010101 <
1N
#1090000
0N
#1095000
b1111111111111111 +
b1010110 <
1N
#1100000
0N
#1105000
b1111111111111111 +
b1010111 <
1N
#1110000
0N
#1115000
b1111111111111111 +
b1011000 <
1N
#1120000
0N
#1125000
b1111111111111111 +
b1011001 <
1N
#1130000
0N
#1135000
b1111111111111111 +
b1011010 <
1N
#1140000
0N
#1145000
b1111111111111111 +
b1011011 <
1N
#1150000
0N
#1155000
b1111111111111111 +
b1011100 <
1N
#1160000
0N
#1165000
b1111111111111111 +
b1011101 <
1N
#1170000
0N
#1175000
b1111111111111111 +
b1011110 <
1N
#1180000
0N
#1185000
b1111111111111111 +
b1011111 <
1N
#1190000
0N
#1195000
b1111111111111111 +
b1100000 <
1N
#1200000
0N
#1205000
b1111111111111111 +
b1100001 <
1N
#1210000
0N
#1215000
b1111111111111111 +
b1100010 <
1N
#1220000
0N
#1225000
b1111111111111111 +
b1100011 <
1N
#1230000
0N
#1235000
b1111111111111111 +
b1100100 <
1N
#1240000
0N
#1245000
b1111111111111111 +
b1100101 <
1N
#1250000
0N
#1255000
b1111111111111111 +
b1100110 <
1N
#1260000
0N
#1265000
b1111111111111111 +
b1100111 <
1N
#1270000
0N
#1275000
b1111111111111111 +
b1101000 <
1N
#1280000
0N
#1285000
b1111111111111111 +
b1101001 <
1N
#1290000
0N
#1295000
b1111111111111111 +
b1101010 <
1N
#1300000
0N
#1305000
1-
b1111111111111111 +
b1101011 <
1N
#1310000
0N
#1315000
0-
b1000000 /
b0 +
b1101100 <
1N
#1320000
0N
#1325000
b1111111111111111 +
1N
#1330000
0N
#1335000
b1111111111111111 +
b1101101 <
1N
#1340000
0N
#1345000
b1111111111111111 +
b1101110 <
1N
#1350000
0N
#1355000
b1111111111111111 +
b1101111 <
1N
#1360000
0N
#1365000
b1111111111111111 +
b1110000 <
1N
#1370000
0N
#1375000
b1111111111111111 +
b1110001 <
1N
#1380000
0N
#1385000
b1111111111111111 +
b1110010 <
1N
#1390000
0N
#1395000
b1111111111111111 +
b1110011 <
1N
#1400000
0N
#1405000
b1111111111111111 +
b1110100 <
1N
#1410000
0N
#1415000
b1111111111111111 +
b1110101 <
1N
#1420000
0N
#1425000
b1111111111111111 +
b1110110 <
1N
#1430000
0N
#1435000
b1111111111111111 +
b1110111 <
1N
#1440000
0N
#1445000
b1111111111111111 +
b1111000 <
1N
#1450000
0N
#1455000
b1111111111111111 +
b1111001 <
1N
#1460000
0N
#1465000
b1111111111111111 +
b1111010 <
1N
#1470000
0N
#1475000
b1111111111111111 +
b1111011 <
1N
#1480000
0N
#1485000
b1111111111111111 +
b1111100 <
1N
#1490000
0N
#1495000
b1111111111111111 +
b1111101 <
1N
#1500000
0N
#1505000
b1111111111111111 +
b1111110 <
1N
#1510000
0N
#1515000
b1111111111111111 +
b1111111 <
1N
#1520000
0N
#1525000
b1111111111111111 +
b10000000 <
1N
#1530000
0N
#1535000
b1111111111111111 +
b10000001 <
1N
#1540000
0N
#1545000
b1111111111111111 +
b10000010 <
1N
#1550000
0N
#1555000
b1111111111111111 +
b10000011 <
1N
#1560000
0N
#1565000
b1111111111111111 +
b10000100 <
1N
#1570000
0N
#1575000
b1111111111111111 +
b10000101 <
1N
#1580000
0N
#1585000
1-
b1111111111111111 +
b10000110 <
1N
#1590000
0N
#1595000
0-
b1010000 /
b0 +
b10000111 <
1N
#1600000
0N
#1605000
b1111111111111111 +
1N
#1610000
0N
#1615000
b1111111111111111 +
b10001000 <
1N
#1620000
0N
#1625000
b1111111111111111 +
b10001001 <
1N
#1630000
0N
#1635000
b1111111111111111 +
b10001010 <
1N
#1640000
0N
#1645000
b1111111111111111 +
b10001011 <
1N
#1650000
0N
#1655000
b1111111111111111 +
b10001100 <
1N
#1660000
0N
#1665000
b1111111111111111 +
b10001101 <
1N
#1670000
0N
#1675000
b1111111111111111 +
b10001110 <
1N
#1680000
0N
#1685000
b1111111111111111 +
b10001111 <
1N
#1690000
0N
#1695000
b1111111111111111 +
b10010000 <
1N
#1700000
0N
#1705000
b1111111111111111 +
b10010001 <
1N
#1710000
0N
#1715000
b1111111111111111 +
b10010010 <
1N
#1720000
0N
#1725000
b1111111111111111 +
b10010011 <
1N
#1730000
0N
#1735000
b1111111111111111 +
b10010100 <
1N
#1740000
0N
#1745000
b1111111111111111 +
b10010101 <
1N
#1750000
0N
#1755000
b1111111111111111 +
b10010110 <
1N
#1760000
0N
#1765000
b1111111111111111 +
b10010111 <
1N
#1770000
0N
#1775000
b1111111111111111 +
b10011000 <
1N
#1780000
0N
#1785000
b1111111111111111 +
b10011001 <
1N
#1790000
0N
#1795000
b1111111111111111 +
b10011010 <
1N
#1800000
0N
#1805000
b1111111111111111 +
b10011011 <
1N
#1810000
0N
#1815000
b1111111111111111 +
b10011100 <
1N
#1820000
0N
#1825000
b1111111111111111 +
b10011101 <
1N
#1830000
0N
#1835000
b1111111111111111 +
b10011110 <
1N
#1840000
0N
#1845000
b1111111111111111 +
b10011111 <
1N
#1850000
0N
#1855000
b1111111111111111 +
b10100000 <
1N
#1860000
0N
#1865000
1-
b1111111111111111 +
b10100001 <
1N
#1870000
0N
#1875000
0-
b1100000 /
b0 +
b10100010 <
1N
#1880000
0N
#1885000
b1111111111111111 +
1N
#1890000
0N
#1895000
b1111111111111111 +
b10100011 <
1N
#1900000
0N
#1905000
b1111111111111111 +
b10100100 <
1N
#1910000
0N
#1915000
b1111111111111111 +
b10100101 <
1N
#1920000
0N
#1925000
b1111111111111111 +
b10100110 <
1N
#1930000
0N
#1935000
b1111111111111111 +
b10100111 <
1N
#1940000
0N
#1945000
b1111111111111111 +
b10101000 <
1N
#1950000
0N
#1955000
b1111111111111111 +
b10101001 <
1N
#1960000
0N
#1965000
b1111111111111111 +
b10101010 <
1N
#1970000
0N
#1975000
b1111111111111111 +
b10101011 <
1N
#1980000
0N
#1985000
b1111111111111111 +
b10101100 <
1N
#1990000
0N
#1995000
b1111111111111111 +
b10101101 <
1N
#2000000
0N
#2005000
b1111111111111111 +
b10101110 <
1N
#2010000
0N
#2015000
b1111111111111111 +
b10101111 <
1N
#2020000
0N
#2025000
b1111111111111111 +
b10110000 <
1N
#2030000
0N
#2035000
b1111111111111111 +
b10110001 <
1N
#2040000
0N
#2045000
b1111111111111111 +
b10110010 <
1N
#2050000
0N
#2055000
b1111111111111111 +
b10110011 <
1N
#2060000
0N
#2065000
b1111111111111111 +
b10110100 <
1N
#2070000
0N
#2075000
b1111111111111111 +
b10110101 <
1N
#2080000
0N
#2085000
b1111111111111111 +
b10110110 <
1N
#2090000
0N
#2095000
b1111111111111111 +
b10110111 <
1N
#2100000
0N
#2105000
b1111111111111111 +
b10111000 <
1N
#2110000
0N
#2115000
b1111111111111111 +
b10111001 <
1N
#2120000
0N
#2125000
b1111111111111111 +
b10111010 <
1N
#2130000
0N
#2135000
b1111111111111111 +
b10111011 <
1N
#2140000
0N
#2145000
1-
b1111111111111111 +
b10111100 <
1N
#2150000
0N
#2155000
0-
b1110000 /
b0 +
b10111101 <
1N
#2160000
0N
#2165000
b1111111111111111 +
1N
#2170000
0N
#2175000
b1111111111111111 +
b10111110 <
1N
#2180000
0N
#2185000
b1111111111111111 +
b10111111 <
1N
#2190000
0N
#2195000
b1111111111111111 +
b11000000 <
1N
#2200000
0N
#2205000
b1111111111111111 +
b11000001 <
1N
#2210000
0N
#2215000
b1111111111111111 +
b11000010 <
1N
#2220000
0N
#2225000
b1111111111111111 +
b11000011 <
1N
#2230000
0N
#2235000
b1111111111111111 +
b11000100 <
1N
#2240000
0N
#2245000
b1111111111111111 +
b11000101 <
1N
#2250000
0N
#2255000
b1111111111111111 +
b11000110 <
1N
#2260000
0N
#2265000
b1111111111111111 +
b11000111 <
1N
#2270000
0N
#2275000
b1111111111111111 +
b11001000 <
1N
#2280000
0N
#2285000
b1111111111111111 +
b11001001 <
1N
#2290000
0N
#2295000
b1111111111111111 +
b11001010 <
1N
#2300000
0N
#2305000
b1111111111111111 +
b11001011 <
1N
#2310000
0N
#2315000
b1111111111111111 +
b11001100 <
1N
#2320000
0N
#2325000
b1111111111111111 +
b11001101 <
1N
#2330000
0N
#2335000
b1111111111111111 +
b11001110 <
1N
#2340000
0N
#2345000
b1111111111111111 +
b11001111 <
1N
#2350000
0N
#2355000
b1111111111111111 +
b11010000 <
1N
#2360000
0N
#2365000
b1111111111111111 +
b11010001 <
1N
#2370000
0N
#2375000
b1111111111111111 +
b11010010 <
1N
#2380000
0N
#2385000
b1111111111111111 +
b11010011 <
1N
#2390000
0N
#2395000
b1111111111111111 +
b11010100 <
1N
#2400000
0N
#2405000
b1111111111111111 +
b11010101 <
1N
#2410000
0N
#2415000
b1111111111111111 +
b11010110 <
1N
#2420000
0N
#2425000
1-
b1111111111111111 +
b11010111 <
1N
#2430000
0N
#2435000
0-
b10000000 /
b0 +
b11011000 <
1N
#2440000
0N
#2445000
b1111111111111111 +
1N
#2450000
0N
#2455000
b1111111111111111 +
b11011001 <
1N
#2460000
0N
#2465000
b1111111111111111 +
b11011010 <
1N
#2470000
0N
#2475000
b1111111111111111 +
b11011011 <
1N
#2480000
0N
#2485000
b1111111111111111 +
b11011100 <
1N
#2490000
0N
#2495000
b1111111111111111 +
b11011101 <
1N
#2500000
0N
#2505000
b1111111111111111 +
b11011110 <
1N
#2510000
0N
#2515000
b1111111111111111 +
b11011111 <
1N
#2520000
0N
#2525000
b1111111111111111 +
b11100000 <
1N
#2530000
0N
#2535000
b1111111111111111 +
b11100001 <
1N
#2540000
0N
#2545000
b1111111111111111 +
b11100010 <
1N
#2550000
0N
#2555000
b1111111111111111 +
b11100011 <
1N
#2560000
0N
#2565000
b1111111111111111 +
b11100100 <
1N
#2570000
0N
#2575000
b1111111111111111 +
b11100101 <
1N
#2580000
0N
#2585000
b1111111111111111 +
b11100110 <
1N
#2590000
0N
#2595000
b1111111111111111 +
b11100111 <
1N
#2600000
0N
#2605000
b1111111111111111 +
b11101000 <
1N
#2610000
0N
#2615000
b1111111111111111 +
b11101001 <
1N
#2620000
0N
#2625000
b1111111111111111 +
b11101010 <
1N
#2630000
0N
#2635000
b1111111111111111 +
b11101011 <
1N
#2640000
0N
#2645000
b1111111111111111 +
b11101100 <
1N
#2650000
0N
#2655000
b1111111111111111 +
b11101101 <
1N
#2660000
0N
#2665000
b1111111111111111 +
b11101110 <
1N
#2670000
0N
#2675000
b1111111111111111 +
b11101111 <
1N
#2680000
0N
#2685000
b1111111111111111 +
b11110000 <
1N
#2690000
0N
#2695000
b1111111111111111 +
b11110001 <
1N
#2700000
0N
#2705000
1-
b1111111111111111 +
b11110010 <
1N
#2710000
0N
#2715000
0-
b10010000 /
b0 +
b11110011 <
1N
#2720000
0N
#2725000
b1111111111111111 +
1N
#2730000
0N
#2735000
b1111111111111111 +
b11110100 <
1N
#2740000
0N
#2745000
b1111111111111111 +
b11110101 <
1N
#2750000
0N
#2755000
b1111111111111111 +
b11110110 <
1N
#2760000
0N
#2765000
b1111111111111111 +
b11110111 <
1N
#2770000
0N
#2775000
b1111111111111111 +
b11111000 <
1N
#2780000
0N
#2785000
b1111111111111111 +
b11111001 <
1N
#2790000
0N
#2795000
b1111111111111111 +
b11111010 <
1N
#2800000
0N
#2805000
b1111111111111111 +
b11111011 <
1N
#2810000
0N
#2815000
b1111111111111111 +
b11111100 <
1N
#2820000
0N
#2825000
b1111111111111111 +
b11111101 <
1N
#2830000
0N
#2835000
b1111111111111111 +
b11111110 <
1N
#2840000
0N
#2845000
b1111111111111111 +
b11111111 <
1N
#2850000
0N
#2855000
b1111111111111111 +
b100000000 <
1N
#2860000
0N
#2865000
b1111111111111111 +
b100000001 <
1N
#2870000
0N
#2875000
b1111111111111111 +
b100000010 <
1N
#2880000
0N
#2885000
b1111111111111111 +
b100000011 <
1N
#2890000
0N
#2895000
b1111111111111111 +
b100000100 <
1N
#2900000
0N
#2905000
b1111111111111111 +
b100000101 <
1N
#2910000
0N
#2915000
b1111111111111111 +
b100000110 <
1N
#2920000
0N
#2925000
b1111111111111111 +
b100000111 <
1N
#2930000
0N
#2935000
b1111111111111111 +
b100001000 <
1N
#2940000
0N
#2945000
b1111111111111111 +
b100001001 <
1N
#2950000
0N
#2955000
b1111111111111111 +
b100001010 <
1N
#2960000
0N
#2965000
b1111111111111111 +
b100001011 <
1N
#2970000
0N
#2975000
b1111111111111111 +
b100001100 <
1N
#2980000
0N
#2985000
1-
b1111111111111111 +
b100001101 <
1N
#2990000
0N
#2995000
0-
b10100000 /
b0 +
b100001110 <
1N
#3000000
0N
#3005000
b1111111111111111 +
1N
#3010000
0N
#3015000
b1111111111111111 +
b100001111 <
1N
#3020000
0N
#3025000
b1111111111111111 +
b100010000 <
1N
#3030000
0N
#3035000
b1111111111111111 +
b100010001 <
1N
#3040000
0N
#3045000
b1111111111111111 +
b100010010 <
1N
#3050000
0N
#3055000
b1111111111111111 +
b100010011 <
1N
#3060000
0N
#3065000
b1111111111111111 +
b100010100 <
1N
#3070000
0N
#3075000
b1111111111111111 +
b100010101 <
1N
#3080000
0N
#3085000
b1111111111111111 +
b100010110 <
1N
#3090000
0N
#3095000
b1111111111111111 +
b100010111 <
1N
#3100000
0N
#3105000
b1111111111111111 +
b100011000 <
1N
#3110000
0N
#3115000
b1111111111111111 +
b100011001 <
1N
#3120000
0N
#3125000
b1111111111111111 +
b100011010 <
1N
#3130000
0N
#3135000
b1111111111111111 +
b100011011 <
1N
#3140000
0N
#3145000
b1111111111111111 +
b100011100 <
1N
#3150000
0N
#3155000
b1111111111111111 +
b100011101 <
1N
#3160000
0N
#3165000
b1111111111111111 +
b100011110 <
1N
#3170000
0N
#3175000
b1111111111111111 +
b100011111 <
1N
#3180000
0N
#3185000
b1111111111111111 +
b100100000 <
1N
#3190000
0N
#3195000
b1111111111111111 +
b100100001 <
1N
#3200000
0N
#3205000
b1111111111111111 +
b100100010 <
1N
#3210000
0N
#3215000
b1111111111111111 +
b100100011 <
1N
#3220000
0N
#3225000
b1111111111111111 +
b100100100 <
1N
#3230000
0N
#3235000
b1111111111111111 +
b100100101 <
1N
#3240000
0N
#3245000
b1111111111111111 +
b100100110 <
1N
#3250000
0N
#3255000
b1111111111111111 +
b100100111 <
1N
#3260000
0N
#3265000
1-
b1111111111111111 +
b100101000 <
1N
#3270000
0N
#3275000
0-
b10110000 /
b0 +
b100101001 <
1N
#3280000
0N
#3285000
b1111111111111111 +
1N
#3290000
0N
#3295000
b1111111111111111 +
b100101010 <
1N
#3300000
0N
#3305000
b1111111111111111 +
b100101011 <
1N
#3310000
0N
#3315000
b1111111111111111 +
b100101100 <
1N
#3320000
0N
#3325000
b1111111111111111 +
b100101101 <
1N
#3330000
0N
#3335000
b1111111111111111 +
b100101110 <
1N
#3340000
0N
#3345000
b1111111111111111 +
b100101111 <
1N
#3350000
0N
#3355000
b1111111111111111 +
b100110000 <
1N
#3360000
0N
#3365000
b1111111111111111 +
b100110001 <
1N
#3370000
0N
#3375000
b1111111111111111 +
b100110010 <
1N
#3380000
0N
#3385000
b1111111111111111 +
b100110011 <
1N
#3390000
0N
#3395000
b1111111111111111 +
b100110100 <
1N
#3400000
0N
#3405000
b1111111111111111 +
b100110101 <
1N
#3410000
0N
#3415000
b1111111111111111 +
b100110110 <
1N
#3420000
0N
#3425000
b1111111111111111 +
b100110111 <
1N
#3430000
0N
#3435000
b1111111111111111 +
b100111000 <
1N
#3440000
0N
#3445000
b1111111111111111 +
b100111001 <
1N
#3450000
0N
#3455000
b1111111111111111 +
b100111010 <
1N
#3460000
0N
#3465000
b1111111111111111 +
b100111011 <
1N
#3470000
0N
#3475000
b1111111111111111 +
b100111100 <
1N
#3480000
0N
#3485000
b1111111111111111 +
b100111101 <
1N
#3490000
0N
#3495000
b1111111111111111 +
b100111110 <
1N
#3500000
0N
#3505000
b1111111111111111 +
b100111111 <
1N
#3510000
0N
#3515000
b1111111111111111 +
b101000000 <
1N
#3520000
0N
#3525000
b1111111111111111 +
b101000001 <
1N
#3530000
0N
#3535000
b1111111111111111 +
b101000010 <
1N
#3540000
0N
#3545000
1-
b1111111111111111 +
b101000011 <
1N
#3550000
0N
#3555000
0-
b11000000 /
b0 +
b101000100 <
1N
#3560000
0N
#3565000
b1111111111111111 +
1N
#3570000
0N
#3575000
b1111111111111111 +
b101000101 <
1N
#3580000
0N
#3585000
b1111111111111111 +
b101000110 <
1N
#3590000
0N
#3595000
b1111111111111111 +
b101000111 <
1N
#3600000
0N
#3605000
b1111111111111111 +
b101001000 <
1N
#3610000
0N
#3615000
b1111111111111111 +
b101001001 <
1N
#3620000
0N
#3625000
b1111111111111111 +
b101001010 <
1N
#3630000
0N
#3635000
b1111111111111111 +
b101001011 <
1N
#3640000
0N
#3645000
b1111111111111111 +
b101001100 <
1N
#3650000
0N
#3655000
b1111111111111111 +
b101001101 <
1N
#3660000
0N
#3665000
b1111111111111111 +
b101001110 <
1N
#3670000
0N
#3675000
b1111111111111111 +
b101001111 <
1N
#3680000
0N
#3685000
b1111111111111111 +
b101010000 <
1N
#3690000
0N
#3695000
b1111111111111111 +
b101010001 <
1N
#3700000
0N
#3705000
b1111111111111111 +
b101010010 <
1N
#3710000
0N
#3715000
b1111111111111111 +
b101010011 <
1N
#3720000
0N
#3725000
b1111111111111111 +
b101010100 <
1N
#3730000
0N
#3735000
b1111111111111111 +
b101010101 <
1N
#3740000
0N
#3745000
b1111111111111111 +
b101010110 <
1N
#3750000
0N
#3755000
b1111111111111111 +
b101010111 <
1N
#3760000
0N
#3765000
b1111111111111111 +
b101011000 <
1N
#3770000
0N
#3775000
b1111111111111111 +
b101011001 <
1N
#3780000
0N
#3785000
b1111111111111111 +
b101011010 <
1N
#3790000
0N
#3795000
b1111111111111111 +
b101011011 <
1N
#3800000
0N
#3805000
b1111111111111111 +
b101011100 <
1N
#3810000
0N
#3815000
b1111111111111111 +
b101011101 <
1N
#3820000
0N
#3825000
1-
b1111111111111111 +
b101011110 <
1N
#3830000
0N
#3835000
0-
b11010000 /
b0 +
b101011111 <
1N
#3840000
0N
#3845000
b1111111111111111 +
1N
#3850000
0N
#3855000
b1111111111111111 +
b101100000 <
1N
#3860000
0N
#3865000
b1111111111111111 +
b101100001 <
1N
#3870000
0N
#3875000
b1111111111111111 +
b101100010 <
1N
#3880000
0N
#3885000
b1111111111111111 +
b101100011 <
1N
#3890000
0N
#3895000
b1111111111111111 +
b101100100 <
1N
#3900000
0N
#3905000
b1111111111111111 +
b101100101 <
1N
#3910000
0N
#3915000
b1111111111111111 +
b101100110 <
1N
#3920000
0N
#3925000
b1111111111111111 +
b101100111 <
1N
#3930000
0N
#3935000
b1111111111111111 +
b101101000 <
1N
#3940000
0N
#3945000
b1111111111111111 +
b101101001 <
1N
#3950000
0N
#3955000
b1111111111111111 +
b101101010 <
1N
#3960000
0N
#3965000
b1111111111111111 +
b101101011 <
1N
#3970000
0N
#3975000
b1111111111111111 +
b101101100 <
1N
#3980000
0N
#3985000
b1111111111111111 +
b101101101 <
1N
#3990000
0N
#3995000
b1111111111111111 +
b101101110 <
1N
#4000000
0N
#4005000
b1111111111111111 +
b101101111 <
1N
#4010000
0N
#4015000
b1111111111111111 +
b101110000 <
1N
#4020000
0N
#4025000
b1111111111111111 +
b101110001 <
1N
#4030000
0N
#4035000
b1111111111111111 +
b101110010 <
1N
#4040000
0N
#4045000
b1111111111111111 +
b101110011 <
1N
#4050000
0N
#4055000
b1111111111111111 +
b101110100 <
1N
#4060000
0N
#4065000
b1111111111111111 +
b101110101 <
1N
#4070000
0N
#4075000
b1111111111111111 +
b101110110 <
1N
#4080000
0N
#4085000
b1111111111111111 +
b101110111 <
1N
#4090000
0N
#4095000
b1111111111111111 +
b101111000 <
1N
#4100000
0N
#4105000
1-
b1111111111111111 +
b101111001 <
1N
#4110000
0N
#4115000
0-
b11100000 /
b0 +
b101111010 <
1N
#4120000
0N
#4125000
b1111111111111111 +
1N
#4130000
0N
#4135000
b1111111111111111 +
b101111011 <
1N
#4140000
0N
#4145000
b1111111111111111 +
b101111100 <
1N
#4150000
0N
#4155000
b1111111111111111 +
b101111101 <
1N
#4160000
0N
#4165000
b1111111111111111 +
b101111110 <
1N
#4170000
0N
#4175000
b1111111111111111 +
b101111111 <
1N
#4180000
0N
#4185000
b1111111111111111 +
b110000000 <
1N
#4190000
0N
#4195000
b1111111111111111 +
b110000001 <
1N
#4200000
0N
#4205000
b1111111111111111 +
b110000010 <
1N
#4210000
0N
#4215000
b1111111111111111 +
b110000011 <
1N
#4220000
0N
#4225000
b1111111111111111 +
b110000100 <
1N
#4230000
0N
#4235000
b1111111111111111 +
b110000101 <
1N
#4240000
0N
#4245000
b1111111111111111 +
b110000110 <
1N
#4250000
0N
#4255000
b1111111111111111 +
b110000111 <
1N
#4260000
0N
#4265000
b1111111111111111 +
b110001000 <
1N
#4270000
0N
#4275000
b1111111111111111 +
b110001001 <
1N
#4280000
0N
#4285000
b1111111111111111 +
b110001010 <
1N
#4290000
0N
#4295000
b1111111111111111 +
b110001011 <
1N
#4300000
0N
#4305000
b1111111111111111 +
b110001100 <
1N
#4310000
0N
#4315000
b1111111111111111 +
b110001101 <
1N
#4320000
0N
#4325000
b1111111111111111 +
b110001110 <
1N
#4330000
0N
#4335000
b1111111111111111 +
b110001111 <
1N
#4340000
0N
#4345000
b1111111111111111 +
b110010000 <
1N
#4350000
0N
#4355000
b1111111111111111 +
b110010001 <
1N
#4360000
0N
#4365000
b1111111111111111 +
b110010010 <
1N
#4370000
0N
#4375000
b1111111111111111 +
b110010011 <
1N
#4380000
0N
#4385000
1-
b1111111111111111 +
b110010100 <
1N
#4390000
0N
#4395000
0-
b11110000 /
b0 +
b110010101 <
1N
#4400000
0N
#4405000
b1111111111111111 +
1N
#4410000
0N
#4415000
b1111111111111111 +
b110010110 <
1N
#4420000
0N
#4425000
b1111111111111111 +
b110010111 <
1N
#4430000
0N
#4435000
b1111111111111111 +
b110011000 <
1N
#4440000
0N
#4445000
b1111111111111111 +
b110011001 <
1N
#4450000
0N
#4455000
b1111111111111111 +
b110011010 <
1N
#4460000
0N
#4465000
b1111111111111111 +
b110011011 <
1N
#4470000
0N
#4475000
b1111111111111111 +
b110011100 <
1N
#4480000
0N
#4485000
b1111111111111111 +
b110011101 <
1N
#4490000
0N
#4495000
b1111111111111111 +
b110011110 <
1N
#4500000
0N
#4505000
b1111111111111111 +
b110011111 <
1N
#4510000
0N
#4515000
b1111111111111111 +
b110100000 <
1N
#4520000
0N
#4525000
b1111111111111111 +
b110100001 <
1N
#4530000
0N
#4535000
b1111111111111111 +
b110100010 <
1N
#4540000
0N
#4545000
b1111111111111111 +
b110100011 <
1N
#4550000
0N
#4555000
b1111111111111111 +
b110100100 <
1N
#4560000
0N
#4565000
b1111111111111111 +
b110100101 <
1N
#4570000
0N
#4575000
b1111111111111111 +
b110100110 <
1N
#4580000
0N
#4585000
b1111111111111111 +
b110100111 <
1N
#4590000
0N
#4595000
b1111111111111111 +
b110101000 <
1N
#4600000
0N
#4605000
b1111111111111111 +
b110101001 <
1N
#4610000
0N
#4615000
b1111111111111111 +
b110101010 <
1N
#4620000
0N
#4625000
b1111111111111111 +
b110101011 <
1N
#4630000
0N
#4635000
b1111111111111111 +
b110101100 <
1N
#4640000
0N
#4645000
b1111111111111111 +
b110101101 <
1N
#4650000
0N
#4655000
b1111111111111111 +
b110101110 <
1N
#4660000
0N
#4665000
1-
b1111111111111111 +
b110101111 <
1N
#4670000
0N
#4675000
0-
b100000000 /
b0 +
b110110000 <
1N
#4680000
0N
#4685000
b1111111111111111 +
1N
#4690000
0N
#4695000
b1111111111111111 +
b110110001 <
1N
#4700000
0N
#4705000
b1111111111111111 +
b110110010 <
1N
#4710000
0N
#4715000
b1111111111111111 +
b110110011 <
1N
#4720000
0N
#4725000
b1111111111111111 +
b110110100 <
1N
#4730000
0N
#4735000
b1111111111111111 +
b110110101 <
1N
#4740000
0N
#4745000
b1111111111111111 +
b110110110 <
1N
#4750000
0N
#4755000
b1111111111111111 +
b110110111 <
1N
#4760000
0N
#4765000
b1111111111111111 +
b110111000 <
1N
#4770000
0N
#4775000
b1111111111111111 +
b110111001 <
1N
#4780000
0N
#4785000
b1111111111111111 +
b110111010 <
1N
#4790000
0N
#4795000
b1111111111111111 +
b110111011 <
1N
#4800000
0N
#4805000
b1111111111111111 +
b110111100 <
1N
#4810000
0N
#4815000
b1111111111111111 +
b110111101 <
1N
#4820000
0N
#4825000
b1111111111111111 +
b110111110 <
1N
#4830000
0N
#4835000
b1111111111111111 +
b110111111 <
1N
#4840000
0N
#4845000
b1111111111111111 +
b111000000 <
1N
#4850000
0N
#4855000
b1111111111111111 +
b111000001 <
1N
#4860000
0N
#4865000
b1111111111111111 +
b111000010 <
1N
#4870000
0N
#4875000
b1111111111111111 +
b111000011 <
1N
#4880000
0N
#4885000
b1111111111111111 +
b111000100 <
1N
#4890000
0N
#4895000
b1111111111111111 +
b111000101 <
1N
#4900000
0N
#4905000
b1111111111111111 +
b111000110 <
1N
#4910000
0N
#4915000
b1111111111111111 +
b111000111 <
1N
#4920000
0N
#4925000
b1111111111111111 +
b111001000 <
1N
#4930000
0N
#4935000
b1111111111111111 +
b111001001 <
1N
#4940000
0N
#4945000
1-
b1111111111111111 +
b111001010 <
1N
#4950000
0N
#4955000
0-
b100010000 /
b0 +
b111001011 <
1N
#4960000
0N
#4965000
b1111111111111111 +
1N
#4970000
0N
#4975000
b1111111111111111 +
b111001100 <
1N
#4980000
0N
#4985000
b1111111111111111 +
b111001101 <
1N
#4990000
0N
#4995000
b1111111111111111 +
b111001110 <
1N
#5000000
0N
#5005000
b1111111111111111 +
b111001111 <
1N
#5010000
0N
#5015000
b1111111111111111 +
b111010000 <
1N
#5020000
0N
#5025000
b1111111111111111 +
b111010001 <
1N
#5030000
0N
#5035000
b1111111111111111 +
b111010010 <
1N
#5040000
0N
#5045000
b1111111111111111 +
b111010011 <
1N
#5050000
0N
#5055000
b1111111111111111 +
b111010100 <
1N
#5060000
0N
#5065000
b1111111111111111 +
b111010101 <
1N
#5070000
0N
#5075000
b1111111111111111 +
b111010110 <
1N
#5080000
0N
#5085000
b1111111111111111 +
b111010111 <
1N
#5090000
0N
#5095000
b1111111111111111 +
b111011000 <
1N
#5100000
0N
#5105000
b1111111111111111 +
b111011001 <
1N
#5110000
0N
#5115000
b1111111111111111 +
b111011010 <
1N
#5120000
0N
#5125000
b1111111111111111 +
b111011011 <
1N
#5130000
0N
#5135000
b1111111111111111 +
b111011100 <
1N
#5140000
0N
#5145000
b1111111111111111 +
b111011101 <
1N
#5150000
0N
#5155000
b1111111111111111 +
b111011110 <
1N
#5160000
0N
#5165000
b1111111111111111 +
b111011111 <
1N
#5170000
0N
#5175000
b1111111111111111 +
b111100000 <
1N
#5180000
0N
#5185000
b1111111111111111 +
b111100001 <
1N
#5190000
0N
#5195000
b1111111111111111 +
b111100010 <
1N
#5200000
0N
#5205000
b1111111111111111 +
b111100011 <
1N
#5210000
0N
#5215000
b1111111111111111 +
b111100100 <
1N
#5220000
0N
#5225000
1-
b1111111111111111 +
b111100101 <
1N
#5230000
0N
#5235000
0-
b100100000 /
b0 +
b111100110 <
1N
#5240000
0N
#5245000
b1111111111111111 +
1N
#5250000
0N
#5255000
b1111111111111111 +
b111100111 <
1N
#5260000
0N
#5265000
b1111111111111111 +
b111101000 <
1N
#5270000
0N
#5275000
b1111111111111111 +
b111101001 <
1N
#5280000
0N
#5285000
b1111111111111111 +
b111101010 <
1N
#5290000
0N
#5295000
b1111111111111111 +
b111101011 <
1N
#5300000
0N
#5305000
b1111111111111111 +
b111101100 <
1N
#5310000
0N
#5315000
b1111111111111111 +
b111101101 <
1N
#5320000
0N
#5325000
b1111111111111111 +
b111101110 <
1N
#5330000
0N
#5335000
b1111111111111111 +
b111101111 <
1N
#5340000
0N
#5345000
b1111111111111111 +
b111110000 <
1N
#5350000
0N
#5355000
b1111111111111111 +
b111110001 <
1N
#5360000
0N
#5365000
b1111111111111111 +
b111110010 <
1N
#5370000
0N
#5375000
b1111111111111111 +
b111110011 <
1N
#5380000
0N
#5385000
b1111111111111111 +
b111110100 <
1N
#5390000
0N
#5395000
b1111111111111111 +
b111110101 <
1N
#5400000
0N
#5405000
b1111111111111111 +
b111110110 <
1N
#5410000
0N
#5415000
b1111111111111111 +
b111110111 <
1N
#5420000
0N
#5425000
b1111111111111111 +
b111111000 <
1N
#5430000
0N
#5435000
b1111111111111111 +
b111111001 <
1N
#5440000
0N
#5445000
b1111111111111111 +
b111111010 <
1N
#5450000
0N
#5455000
b1111111111111111 +
b111111011 <
1N
#5460000
0N
#5465000
b1111111111111111 +
b111111100 <
1N
#5470000
0N
#5475000
b1111111111111111 +
b111111101 <
1N
#5480000
0N
#5485000
b1111111111111111 +
b111111110 <
1N
#5490000
0N
#5495000
b1111111111111111 +
b111111111 <
1N
#5500000
0N
#5505000
1-
b1111111111111111 +
b1000000000 <
1N
#5510000
0N
#5515000
0-
b100110000 /
b0 +
b1000000001 <
1N
#5520000
0N
#5525000
b1111111111111111 +
1N
#5530000
0N
#5535000
b1111111111111111 +
b1000000010 <
1N
#5540000
0N
#5545000
b1111111111111111 +
b1000000011 <
1N
#5550000
0N
#5555000
b1111111111111111 +
b1000000100 <
1N
#5560000
0N
#5565000
b1111111111111111 +
b1000000101 <
1N
#5570000
0N
#5575000
b1111111111111111 +
b1000000110 <
1N
#5580000
0N
#5585000
b1111111111111111 +
b1000000111 <
1N
#5590000
0N
#5595000
b1111111111111111 +
b1000001000 <
1N
#5600000
0N
#5605000
b1111111111111111 +
b1000001001 <
1N
#5610000
0N
#5615000
b1111111111111111 +
b1000001010 <
1N
#5620000
0N
#5625000
b1111111111111111 +
b1000001011 <
1N
#5630000
0N
#5635000
b1111111111111111 +
b1000001100 <
1N
#5640000
0N
#5645000
b1111111111111111 +
b1000001101 <
1N
#5650000
0N
#5655000
b1111111111111111 +
b1000001110 <
1N
#5660000
0N
#5665000
b1111111111111111 +
b1000001111 <
1N
#5670000
0N
#5675000
b1111111111111111 +
b1000010000 <
1N
#5680000
0N
#5685000
b1111111111111111 +
b1000010001 <
1N
#5690000
0N
#5695000
b1111111111111111 +
b1000010010 <
1N
#5700000
0N
#5705000
b1111111111111111 +
b1000010011 <
1N
#5710000
0N
#5715000
b1111111111111111 +
b1000010100 <
1N
#5720000
0N
#5725000
b1111111111111111 +
b1000010101 <
1N
#5730000
0N
#5735000
b1111111111111111 +
b1000010110 <
1N
#5740000
0N
#5745000
b1111111111111111 +
b1000010111 <
1N
#5750000
0N
#5755000
b1111111111111111 +
b1000011000 <
1N
#5760000
0N
#5765000
b1111111111111111 +
b1000011001 <
1N
#5770000
0N
#5775000
b1111111111111111 +
b1000011010 <
1N
#5780000
0N
#5785000
1-
b1111111111111111 +
b1000011011 <
1N
#5790000
0N
#5795000
0-
b101000000 /
b0 +
b1000011100 <
1N
#5800000
0N
#5805000
b1111111111111111 +
1N
#5810000
0N
#5815000
b1111111111111111 +
b1000011101 <
1N
#5820000
0N
#5825000
b1111111111111111 +
b1000011110 <
1N
#5830000
0N
#5835000
b1111111111111111 +
b1000011111 <
1N
#5840000
0N
#5845000
b1111111111111111 +
b1000100000 <
1N
#5850000
0N
#5855000
b1111111111111111 +
b1000100001 <
1N
#5860000
0N
#5865000
b1111111111111111 +
b1000100010 <
1N
#5870000
0N
#5875000
b1111111111111111 +
b1000100011 <
1N
#5880000
0N
#5885000
b1111111111111111 +
b1000100100 <
1N
#5890000
0N
#5895000
b1111111111111111 +
b1000100101 <
1N
#5900000
0N
#5905000
b1111111111111111 +
b1000100110 <
1N
#5910000
0N
#5915000
b1111111111111111 +
b1000100111 <
1N
#5920000
0N
#5925000
b1111111111111111 +
b1000101000 <
1N
#5930000
0N
#5935000
b1111111111111111 +
b1000101001 <
1N
#5940000
0N
#5945000
b1111111111111111 +
b1000101010 <
1N
#5950000
0N
#5955000
b1111111111111111 +
b1000101011 <
1N
#5960000
0N
#5965000
b1111111111111111 +
b1000101100 <
1N
#5970000
0N
#5975000
b1111111111111111 +
b1000101101 <
1N
#5980000
0N
#5985000
b1111111111111111 +
b1000101110 <
1N
#5990000
0N
#5995000
b1111111111111111 +
b1000101111 <
1N
#6000000
0N
#6005000
b1111111111111111 +
b1000110000 <
1N
#6010000
0N
#6015000
b1111111111111111 +
b1000110001 <
1N
#6020000
0N
#6025000
b1111111111111111 +
b1000110010 <
1N
#6030000
0N
#6035000
b1111111111111111 +
b1000110011 <
1N
#6040000
0N
#6045000
b1111111111111111 +
b1000110100 <
1N
#6050000
0N
#6055000
b1111111111111111 +
b1000110101 <
1N
#6060000
0N
#6065000
1-
b1111111111111111 +
b1000110110 <
1N
#6070000
0N
#6075000
0-
b101010000 /
b0 +
b1000110111 <
1N
#6080000
0N
#6085000
b1111111111111111 +
1N
#6090000
0N
#6095000
b1111111111111111 +
b1000111000 <
1N
#6100000
0N
#6105000
b1111111111111111 +
b1000111001 <
1N
#6110000
0N
#6115000
b1111111111111111 +
b1000111010 <
1N
#6120000
0N
#6125000
b1111111111111111 +
b1000111011 <
1N
#6130000
0N
#6135000
b1111111111111111 +
b1000111100 <
1N
#6140000
0N
#6145000
b1111111111111111 +
b1000111101 <
1N
#6150000
0N
#6155000
b1111111111111111 +
b1000111110 <
1N
#6160000
0N
#6165000
b1111111111111111 +
b1000111111 <
1N
#6170000
0N
#6175000
b1111111111111111 +
b1001000000 <
1N
#6180000
0N
#6185000
b1111111111111111 +
b1001000001 <
1N
#6190000
0N
#6195000
b1111111111111111 +
b1001000010 <
1N
#6200000
0N
#6205000
b1111111111111111 +
b1001000011 <
1N
#6210000
0N
#6215000
b1111111111111111 +
b1001000100 <
1N
#6220000
0N
#6225000
b1111111111111111 +
b1001000101 <
1N
#6230000
0N
#6235000
b1111111111111111 +
b1001000110 <
1N
#6240000
0N
#6245000
b1111111111111111 +
b1001000111 <
1N
#6250000
0N
#6255000
b1111111111111111 +
b1001001000 <
1N
#6260000
0N
#6265000
b1111111111111111 +
b1001001001 <
1N
#6270000
0N
#6275000
b1111111111111111 +
b1001001010 <
1N
#6280000
0N
#6285000
b1111111111111111 +
b1001001011 <
1N
#6290000
0N
#6295000
b1111111111111111 +
b1001001100 <
1N
#6300000
0N
#6305000
b1111111111111111 +
b1001001101 <
1N
#6310000
0N
#6315000
b1111111111111111 +
b1001001110 <
1N
#6320000
0N
#6325000
b1111111111111111 +
b1001001111 <
1N
#6330000
0N
#6335000
b1111111111111111 +
b1001010000 <
1N
#6340000
0N
#6345000
1-
b1111111111111111 +
b1001010001 <
1N
#6350000
0N
#6355000
0-
b101100000 /
b0 +
b1001010010 <
1N
#6360000
0N
#6365000
b1111111111111111 +
1N
#6370000
0N
#6375000
b1111111111111111 +
b1001010011 <
1N
#6380000
0N
#6385000
b1111111111111111 +
b1001010100 <
1N
#6390000
0N
#6395000
b1111111111111111 +
b1001010101 <
1N
#6400000
0N
#6405000
b1111111111111111 +
b1001010110 <
1N
#6410000
0N
#6415000
b1111111111111111 +
b1001010111 <
1N
#6420000
0N
#6425000
b1111111111111111 +
b1001011000 <
1N
#6430000
0N
#6435000
b1111111111111111 +
b1001011001 <
1N
#6440000
0N
#6445000
b1111111111111111 +
b1001011010 <
1N
#6450000
0N
#6455000
b1111111111111111 +
b1001011011 <
1N
#6460000
0N
#6465000
b1111111111111111 +
b1001011100 <
1N
#6470000
0N
#6475000
b1111111111111111 +
b1001011101 <
1N
#6480000
0N
#6485000
b1111111111111111 +
b1001011110 <
1N
#6490000
0N
#6495000
b1111111111111111 +
b1001011111 <
1N
#6500000
0N
#6505000
b1111111111111111 +
b1001100000 <
1N
#6510000
0N
#6515000
b1111111111111111 +
b1001100001 <
1N
#6520000
0N
#6525000
b1111111111111111 +
b1001100010 <
1N
#6530000
0N
#6535000
b1111111111111111 +
b1001100011 <
1N
#6540000
0N
#6545000
b1111111111111111 +
b1001100100 <
1N
#6550000
0N
#6555000
b1111111111111111 +
b1001100101 <
1N
#6560000
0N
#6565000
b1111111111111111 +
b1001100110 <
1N
#6570000
0N
#6575000
b1111111111111111 +
b1001100111 <
1N
#6580000
0N
#6585000
b1111111111111111 +
b1001101000 <
1N
#6590000
0N
#6595000
b1111111111111111 +
b1001101001 <
1N
#6600000
0N
#6605000
b1111111111111111 +
b1001101010 <
1N
#6610000
0N
#6615000
b1111111111111111 +
b1001101011 <
1N
#6620000
0N
#6625000
1-
b1111111111111111 +
b1001101100 <
1N
#6630000
0N
#6635000
0-
b101110000 /
b0 +
b1001101101 <
1N
#6640000
0N
#6645000
b1111111111111111 +
1N
#6650000
0N
#6655000
b1111111111111111 +
b1001101110 <
1N
#6660000
0N
#6665000
b1111111111111111 +
b1001101111 <
1N
#6670000
0N
#6675000
b1111111111111111 +
b1001110000 <
1N
#6680000
0N
#6685000
b1111111111111111 +
b1001110001 <
1N
#6690000
0N
#6695000
b1111111111111111 +
b1001110010 <
1N
#6700000
0N
#6705000
b1111111111111111 +
b1001110011 <
1N
#6710000
0N
#6715000
b1111111111111111 +
b1001110100 <
1N
#6720000
0N
#6725000
b1111111111111111 +
b1001110101 <
1N
#6730000
0N
#6735000
b1111111111111111 +
b1001110110 <
1N
#6740000
0N
#6745000
b1111111111111111 +
b1001110111 <
1N
#6750000
0N
#6755000
b1111111111111111 +
b1001111000 <
1N
#6760000
0N
#6765000
b1111111111111111 +
b1001111001 <
1N
#6770000
0N
#6775000
b1111111111111111 +
b1001111010 <
1N
#6780000
0N
#6785000
b1111111111111111 +
b1001111011 <
1N
#6790000
0N
#6795000
b1111111111111111 +
b1001111100 <
1N
#6800000
0N
#6805000
b1111111111111111 +
b1001111101 <
1N
#6810000
0N
#6815000
b1111111111111111 +
b1001111110 <
1N
#6820000
0N
#6825000
b1111111111111111 +
b1001111111 <
1N
#6830000
0N
#6835000
b1111111111111111 +
b1010000000 <
1N
#6840000
0N
#6845000
b1111111111111111 +
b1010000001 <
1N
#6850000
0N
#6855000
b1111111111111111 +
b1010000010 <
1N
#6860000
0N
#6865000
b1111111111111111 +
b1010000011 <
1N
#6870000
0N
#6875000
b1111111111111111 +
b1010000100 <
1N
#6880000
0N
#6885000
b1111111111111111 +
b1010000101 <
1N
#6890000
0N
#6895000
b1111111111111111 +
b1010000110 <
1N
#6900000
0N
#6905000
1-
b1111111111111111 +
b1010000111 <
1N
#6910000
0N
#6915000
0-
b110000000 /
b0 +
b1010001000 <
1N
#6920000
0N
#6925000
b1111111111111111 +
1N
#6930000
0N
#6935000
b1111111111111111 +
b1010001001 <
1N
#6940000
0N
#6945000
b1111111111111111 +
b1010001010 <
1N
#6950000
0N
#6955000
b1111111111111111 +
b1010001011 <
1N
#6960000
0N
#6965000
b1111111111111111 +
b1010001100 <
1N
#6970000
0N
#6975000
b1111111111111111 +
b1010001101 <
1N
#6980000
0N
#6985000
b1111111111111111 +
b1010001110 <
1N
#6990000
0N
#6995000
b1111111111111111 +
b1010001111 <
1N
#7000000
0N
#7005000
b1111111111111111 +
b1010010000 <
1N
#7010000
0N
#7015000
b1111111111111111 +
b1010010001 <
1N
#7020000
0N
#7025000
b1111111111111111 +
b1010010010 <
1N
#7030000
0N
#7035000
b1111111111111111 +
b1010010011 <
1N
#7040000
0N
#7045000
b1111111111111111 +
b1010010100 <
1N
#7050000
0N
#7055000
b1111111111111111 +
b1010010101 <
1N
#7060000
0N
#7065000
b1111111111111111 +
b1010010110 <
1N
#7070000
0N
#7075000
b1111111111111111 +
b1010010111 <
1N
#7080000
0N
#7085000
b1111111111111111 +
b1010011000 <
1N
#7090000
0N
#7095000
b1111111111111111 +
b1010011001 <
1N
#7100000
0N
#7105000
b1111111111111111 +
b1010011010 <
1N
#7110000
0N
#7115000
b1111111111111111 +
b1010011011 <
1N
#7120000
0N
#7125000
b1111111111111111 +
b1010011100 <
1N
#7130000
0N
#7135000
b1111111111111111 +
b1010011101 <
1N
#7140000
0N
#7145000
b1111111111111111 +
b1010011110 <
1N
#7150000
0N
#7155000
b1111111111111111 +
b1010011111 <
1N
#7160000
0N
#7165000
b1111111111111111 +
b1010100000 <
1N
#7170000
0N
#7175000
b1111111111111111 +
b1010100001 <
1N
#7180000
0N
#7185000
1-
b1111111111111111 +
b1010100010 <
1N
#7190000
0N
#7195000
0-
b110010000 /
b0 +
b1010100011 <
1N
#7200000
0N
#7205000
b1111111111111111 +
1N
#7210000
0N
#7215000
b1111111111111111 +
b1010100100 <
1N
#7220000
0N
#7225000
b1111111111111111 +
b1010100101 <
1N
#7230000
0N
#7235000
b1111111111111111 +
b1010100110 <
1N
#7240000
0N
#7245000
b1111111111111111 +
b1010100111 <
1N
#7250000
0N
#7255000
b1111111111111111 +
b1010101000 <
1N
#7260000
0N
#7265000
b1111111111111111 +
b1010101001 <
1N
#7270000
0N
#7275000
b1111111111111111 +
b1010101010 <
1N
#7280000
0N
#7285000
b1111111111111111 +
b1010101011 <
1N
#7290000
0N
#7295000
b1111111111111111 +
b1010101100 <
1N
#7300000
0N
#7305000
b1111111111111111 +
b1010101101 <
1N
#7310000
0N
#7315000
b1111111111111111 +
b1010101110 <
1N
#7320000
0N
#7325000
b1111111111111111 +
b1010101111 <
1N
#7330000
0N
#7335000
b1111111111111111 +
b1010110000 <
1N
#7340000
0N
#7345000
b1111111111111111 +
b1010110001 <
1N
#7350000
0N
#7355000
b1111111111111111 +
b1010110010 <
1N
#7360000
0N
#7365000
b1111111111111111 +
b1010110011 <
1N
#7370000
0N
#7375000
b1111111111111111 +
b1010110100 <
1N
#7380000
0N
#7385000
b1111111111111111 +
b1010110101 <
1N
#7390000
0N
#7395000
b1111111111111111 +
b1010110110 <
1N
#7400000
0N
#7405000
b1111111111111111 +
b1010110111 <
1N
#7410000
0N
#7415000
b1111111111111111 +
b1010111000 <
1N
#7420000
0N
#7425000
b1111111111111111 +
b1010111001 <
1N
#7430000
0N
#7435000
b1111111111111111 +
b1010111010 <
1N
#7440000
0N
#7445000
b1111111111111111 +
b1010111011 <
1N
#7450000
0N
#7455000
b1111111111111111 +
b1010111100 <
1N
#7460000
0N
#7465000
1-
b1111111111111111 +
b1010111101 <
1N
#7470000
0N
#7475000
0-
b110100000 /
b0 +
b1010111110 <
1N
#7480000
0N
#7485000
b1111111111111111 +
1N
#7490000
0N
#7495000
b1111111111111111 +
b1010111111 <
1N
#7500000
0N
#7505000
b1111111111111111 +
b1011000000 <
1N
#7510000
0N
#7515000
b1111111111111111 +
b1011000001 <
1N
#7520000
0N
#7525000
b1111111111111111 +
b1011000010 <
1N
#7530000
0N
#7535000
b1111111111111111 +
b1011000011 <
1N
#7540000
0N
#7545000
b1111111111111111 +
b1011000100 <
1N
#7550000
0N
#7555000
b1111111111111111 +
b1011000101 <
1N
#7560000
0N
#7565000
b1111111111111111 +
b1011000110 <
1N
#7570000
0N
#7575000
b1111111111111111 +
b1011000111 <
1N
#7580000
0N
#7585000
b1111111111111111 +
b1011001000 <
1N
#7590000
0N
#7595000
b1111111111111111 +
b1011001001 <
1N
#7600000
0N
#7605000
b1111111111111111 +
b1011001010 <
1N
#7610000
0N
#7615000
b1111111111111111 +
b1011001011 <
1N
#7620000
0N
#7625000
b1111111111111111 +
b1011001100 <
1N
#7630000
0N
#7635000
b1111111111111111 +
b1011001101 <
1N
#7640000
0N
#7645000
b1111111111111111 +
b1011001110 <
1N
#7650000
0N
#7655000
b1111111111111111 +
b1011001111 <
1N
#7660000
0N
#7665000
b1111111111111111 +
b1011010000 <
1N
#7670000
0N
#7675000
b1111111111111111 +
b1011010001 <
1N
#7680000
0N
#7685000
b1111111111111111 +
b1011010010 <
1N
#7690000
0N
#7695000
b1111111111111111 +
b1011010011 <
1N
#7700000
0N
#7705000
b1111111111111111 +
b1011010100 <
1N
#7710000
0N
#7715000
b1111111111111111 +
b1011010101 <
1N
#7720000
0N
#7725000
b1111111111111111 +
b1011010110 <
1N
#7730000
0N
#7735000
b1111111111111111 +
b1011010111 <
1N
#7740000
0N
#7745000
1-
b1111111111111111 +
b1011011000 <
1N
#7750000
0N
#7755000
0-
b110110000 /
b0 +
b1011011001 <
1N
#7760000
0N
#7765000
b1111111111111111 +
1N
#7770000
0N
#7775000
b1111111111111111 +
b1011011010 <
1N
#7780000
0N
#7785000
b1111111111111111 +
b1011011011 <
1N
#7790000
0N
#7795000
b1111111111111111 +
b1011011100 <
1N
#7800000
0N
#7805000
b1111111111111111 +
b1011011101 <
1N
#7810000
0N
#7815000
b1111111111111111 +
b1011011110 <
1N
#7820000
0N
#7825000
b1111111111111111 +
b1011011111 <
1N
#7830000
0N
#7835000
b1111111111111111 +
b1011100000 <
1N
#7840000
0N
#7845000
b1111111111111111 +
b1011100001 <
1N
#7850000
0N
#7855000
b1111111111111111 +
b1011100010 <
1N
#7860000
0N
#7865000
b1111111111111111 +
b1011100011 <
1N
#7870000
0N
#7875000
b1111111111111111 +
b1011100100 <
1N
#7880000
0N
#7885000
b1111111111111111 +
b1011100101 <
1N
#7890000
0N
#7895000
b1111111111111111 +
b1011100110 <
1N
#7900000
0N
#7905000
b1111111111111111 +
b1011100111 <
1N
#7910000
0N
#7915000
b1111111111111111 +
b1011101000 <
1N
#7920000
0N
#7925000
b1111111111111111 +
b1011101001 <
1N
#7930000
0N
#7935000
b1111111111111111 +
b1011101010 <
1N
#7940000
0N
#7945000
b1111111111111111 +
b1011101011 <
1N
#7950000
0N
#7955000
b1111111111111111 +
b1011101100 <
1N
#7960000
0N
#7965000
b1111111111111111 +
b1011101101 <
1N
#7970000
0N
#7975000
b1111111111111111 +
b1011101110 <
1N
#7980000
0N
#7985000
b1111111111111111 +
b1011101111 <
1N
#7990000
0N
#7995000
b1111111111111111 +
b1011110000 <
1N
#8000000
0N
#8005000
b1111111111111111 +
b1011110001 <
1N
#8010000
0N
#8015000
b1111111111111111 +
b1011110010 <
1N
#8020000
0N
#8025000
1-
b1111111111111111 +
b1011110011 <
1N
#8030000
0N
#8035000
0-
b111000000 /
b0 +
b1011110100 <
1N
#8040000
0N
#8045000
b1111111111111111 +
1N
#8050000
0N
#8055000
b1111111111111111 +
b1011110101 <
1N
#8060000
0N
#8065000
b1111111111111111 +
b1011110110 <
1N
#8070000
0N
#8075000
b1111111111111111 +
b1011110111 <
1N
#8080000
0N
#8085000
b1111111111111111 +
b1011111000 <
1N
#8090000
0N
#8095000
b1111111111111111 +
b1011111001 <
1N
#8100000
0N
#8105000
b1111111111111111 +
b1011111010 <
1N
#8110000
0N
#8115000
b1111111111111111 +
b1011111011 <
1N
#8120000
0N
#8125000
b1111111111111111 +
b1011111100 <
1N
#8130000
0N
#8135000
b1111111111111111 +
b1011111101 <
1N
#8140000
0N
#8145000
b1111111111111111 +
b1011111110 <
1N
#8150000
0N
#8155000
b1111111111111111 +
b1011111111 <
1N
#8160000
0N
#8165000
b1111111111111111 +
b1100000000 <
1N
#8170000
0N
#8175000
b1111111111111111 +
b1100000001 <
1N
#8180000
0N
#8185000
b1111111111111111 +
b1100000010 <
1N
#8190000
0N
#8195000
b1111111111111111 +
b1100000011 <
1N
#8200000
0N
#8205000
b1111111111111111 +
b1100000100 <
1N
#8210000
0N
#8215000
b1111111111111111 +
b1100000101 <
1N
#8220000
0N
#8225000
b1111111111111111 +
b1100000110 <
1N
#8230000
0N
#8235000
b1111111111111111 +
b1100000111 <
1N
#8240000
0N
#8245000
b1111111111111111 +
b1100001000 <
1N
#8250000
0N
#8255000
b1111111111111111 +
b1100001001 <
1N
#8260000
0N
#8265000
b1111111111111111 +
b1100001010 <
1N
#8270000
0N
#8275000
b1111111111111111 +
b1100001011 <
1N
#8280000
0N
#8285000
b1111111111111111 +
b1100001100 <
1N
#8290000
0N
#8295000
b1111111111111111 +
b1100001101 <
1N
#8300000
0N
#8305000
1-
b1111111111111111 +
b1100001110 <
1N
#8310000
0N
#8315000
0-
b111010000 /
b0 +
b1100001111 <
1N
#8320000
0N
#8325000
b1111111111111111 +
1N
#8330000
0N
#8335000
b1111111111111111 +
b1100010000 <
1N
#8340000
0N
#8345000
b1111111111111111 +
b1100010001 <
1N
#8350000
0N
#8355000
b1111111111111111 +
b1100010010 <
1N
#8360000
0N
#8365000
b1111111111111111 +
b1100010011 <
1N
#8370000
0N
#8375000
b1111111111111111 +
b1100010100 <
1N
#8380000
0N
#8385000
b1111111111111111 +
b1100010101 <
1N
#8390000
0N
#8395000
b1111111111111111 +
b1100010110 <
1N
#8400000
0N
#8405000
b1111111111111111 +
b1100010111 <
1N
#8410000
0N
#8415000
b1111111111111111 +
b1100011000 <
1N
#8420000
0N
#8425000
b1111111111111111 +
b1100011001 <
1N
#8430000
0N
#8435000
b1111111111111111 +
b1100011010 <
1N
#8440000
0N
#8445000
b1111111111111111 +
b1100011011 <
1N
#8450000
0N
#8455000
b1111111111111111 +
b1100011100 <
1N
#8460000
0N
#8465000
b1111111111111111 +
b1100011101 <
1N
#8470000
0N
#8475000
b1111111111111111 +
b1100011110 <
1N
#8480000
0N
#8485000
b1111111111111111 +
b1100011111 <
1N
#8490000
0N
#8495000
b1111111111111111 +
b1100100000 <
1N
#8500000
0N
#8505000
b1111111111111111 +
b1100100001 <
1N
#8510000
0N
#8515000
b1111111111111111 +
b1100100010 <
1N
#8520000
0N
#8525000
b1111111111111111 +
b1100100011 <
1N
#8530000
0N
#8535000
b1111111111111111 +
b1100100100 <
1N
#8540000
0N
#8545000
b1111111111111111 +
b1100100101 <
1N
#8550000
0N
#8555000
b1111111111111111 +
b1100100110 <
1N
#8560000
0N
#8565000
b1111111111111111 +
b1100100111 <
1N
#8570000
0N
#8575000
b1111111111111111 +
b1100101000 <
1N
#8580000
0N
#8585000
1-
b1111111111111111 +
b1100101001 <
1N
#8590000
0N
#8595000
0-
b111100000 /
b0 +
b1100101010 <
1N
#8600000
0N
#8605000
b1111111111111111 +
1N
#8610000
0N
#8615000
b1111111111111111 +
b1100101011 <
1N
#8620000
0N
#8625000
b1111111111111111 +
b1100101100 <
1N
#8630000
0N
#8635000
b1111111111111111 +
b1100101101 <
1N
#8640000
0N
#8645000
b1111111111111111 +
b1100101110 <
1N
#8650000
0N
#8655000
b1111111111111111 +
b1100101111 <
1N
#8660000
0N
#8665000
b1111111111111111 +
b1100110000 <
1N
#8670000
0N
#8675000
b1111111111111111 +
b1100110001 <
1N
#8680000
0N
#8685000
b1111111111111111 +
b1100110010 <
1N
#8690000
0N
#8695000
b1111111111111111 +
b1100110011 <
1N
#8700000
0N
#8705000
b1111111111111111 +
b1100110100 <
1N
#8710000
0N
#8715000
b1111111111111111 +
b1100110101 <
1N
#8720000
0N
#8725000
b1111111111111111 +
b1100110110 <
1N
#8730000
0N
#8735000
b1111111111111111 +
b1100110111 <
1N
#8740000
0N
#8745000
b1111111111111111 +
b1100111000 <
1N
#8750000
0N
#8755000
b1111111111111111 +
b1100111001 <
1N
#8760000
0N
#8765000
b1111111111111111 +
b1100111010 <
1N
#8770000
0N
#8775000
b1111111111111111 +
b1100111011 <
1N
#8780000
0N
#8785000
b1111111111111111 +
b1100111100 <
1N
#8790000
0N
#8795000
b1111111111111111 +
b1100111101 <
1N
#8800000
0N
#8805000
b1111111111111111 +
b1100111110 <
1N
#8810000
0N
#8815000
b1111111111111111 +
b1100111111 <
1N
#8820000
0N
#8825000
b1111111111111111 +
b1101000000 <
1N
#8830000
0N
#8835000
b1111111111111111 +
b1101000001 <
1N
#8840000
0N
#8845000
b1111111111111111 +
b1101000010 <
1N
#8850000
0N
#8855000
b1111111111111111 +
b1101000011 <
1N
#8860000
0N
#8865000
1-
b1111111111111111 +
b1101000100 <
1N
#8870000
0N
#8875000
0-
b111110000 /
b0 +
b1101000101 <
1N
#8880000
0N
#8885000
b1111111111111111 +
1N
#8890000
0N
#8895000
b1111111111111111 +
b1101000110 <
1N
#8900000
0N
#8905000
b1111111111111111 +
b1101000111 <
1N
#8910000
0N
#8915000
b1111111111111111 +
b1101001000 <
1N
#8920000
0N
#8925000
b1111111111111111 +
b1101001001 <
1N
#8930000
0N
#8935000
b1111111111111111 +
b1101001010 <
1N
#8940000
0N
#8945000
b1111111111111111 +
b1101001011 <
1N
#8950000
0N
#8955000
b1111111111111111 +
b1101001100 <
1N
#8960000
0N
#8965000
b1111111111111111 +
b1101001101 <
1N
#8970000
0N
#8975000
b1111111111111111 +
b1101001110 <
1N
#8980000
0N
#8985000
b1111111111111111 +
b1101001111 <
1N
#8990000
0N
#8995000
b1111111111111111 +
b1101010000 <
1N
#9000000
0N
#9005000
b1111111111111111 +
b1101010001 <
1N
#9010000
0N
#9015000
b1111111111111111 +
b1101010010 <
1N
#9020000
0N
#9025000
b1111111111111111 +
b1101010011 <
1N
#9030000
0N
#9035000
b1111111111111111 +
b1101010100 <
1N
#9040000
0N
#9045000
b1111111111111111 +
b1101010101 <
1N
#9050000
0N
#9055000
b1111111111111111 +
b1101010110 <
1N
#9060000
0N
#9065000
b1111111111111111 +
b1101010111 <
1N
#9070000
0N
#9075000
b1111111111111111 +
b1101011000 <
1N
#9080000
0N
#9085000
b1111111111111111 +
b1101011001 <
1N
#9090000
0N
#9095000
b1111111111111111 +
b1101011010 <
1N
#9100000
0N
#9105000
b1111111111111111 +
b1101011011 <
1N
#9110000
0N
#9115000
b1111111111111111 +
b1101011100 <
1N
#9120000
0N
#9125000
b1111111111111111 +
b1101011101 <
1N
#9130000
0N
#9135000
b1111111111111111 +
b1101011110 <
1N
#9140000
0N
#9145000
1-
b1111111111111111 +
b1101011111 <
1N
#9150000
0N
#9155000
0-
b1000000000 /
b0 +
b1101100000 <
1N
#9160000
0N
#9165000
b1111111111111111 +
1N
#9170000
0N
#9175000
b1111111111111111 +
b1101100001 <
1N
#9180000
0N
#9185000
b1111111111111111 +
b1101100010 <
1N
#9190000
0N
#9195000
b1111111111111111 +
b1101100011 <
1N
#9200000
0N
#9205000
b1111111111111111 +
b1101100100 <
1N
#9210000
0N
#9215000
b1111111111111111 +
b1101100101 <
1N
#9220000
0N
#9225000
b1111111111111111 +
b1101100110 <
1N
#9230000
0N
#9235000
b1111111111111111 +
b1101100111 <
1N
#9240000
0N
#9245000
b1111111111111111 +
b1101101000 <
1N
#9250000
0N
#9255000
b1111111111111111 +
b1101101001 <
1N
#9260000
0N
#9265000
b1111111111111111 +
b1101101010 <
1N
#9270000
0N
#9275000
b1111111111111111 +
b1101101011 <
1N
#9280000
0N
#9285000
b1111111111111111 +
b1101101100 <
1N
#9290000
0N
#9295000
b1111111111111111 +
b1101101101 <
1N
#9300000
0N
#9305000
b1111111111111111 +
b1101101110 <
1N
#9310000
0N
#9315000
b1111111111111111 +
b1101101111 <
1N
#9320000
0N
#9325000
b1111111111111111 +
b1101110000 <
1N
#9330000
0N
#9335000
b1111111111111111 +
b1101110001 <
1N
#9340000
0N
#9345000
b1111111111111111 +
b1101110010 <
1N
#9350000
0N
#9355000
b1111111111111111 +
b1101110011 <
1N
#9360000
0N
#9365000
b1111111111111111 +
b1101110100 <
1N
#9370000
0N
#9375000
b1111111111111111 +
b1101110101 <
1N
#9380000
0N
#9385000
b1111111111111111 +
b1101110110 <
1N
#9390000
0N
#9395000
b1111111111111111 +
b1101110111 <
1N
#9400000
0N
#9405000
b1111111111111111 +
b1101111000 <
1N
#9410000
0N
#9415000
b1111111111111111 +
b1101111001 <
1N
#9420000
0N
#9425000
1-
b1111111111111111 +
b1101111010 <
1N
#9430000
0N
#9435000
0-
b1000010000 /
b0 +
b1101111011 <
1N
#9440000
0N
#9445000
b1111111111111111 +
1N
#9450000
0N
#9455000
b1111111111111111 +
b1101111100 <
1N
#9460000
0N
#9465000
b1111111111111111 +
b1101111101 <
1N
#9470000
0N
#9475000
b1111111111111111 +
b1101111110 <
1N
#9480000
0N
#9485000
b1111111111111111 +
b1101111111 <
1N
#9490000
0N
#9495000
b1111111111111111 +
b1110000000 <
1N
#9500000
0N
#9505000
b1111111111111111 +
b1110000001 <
1N
#9510000
0N
#9515000
b1111111111111111 +
b1110000010 <
1N
#9520000
0N
#9525000
b1111111111111111 +
b1110000011 <
1N
#9530000
0N
#9535000
b1111111111111111 +
b1110000100 <
1N
#9540000
0N
#9545000
b1111111111111111 +
b1110000101 <
1N
#9550000
0N
#9555000
b1111111111111111 +
b1110000110 <
1N
#9560000
0N
#9565000
b1111111111111111 +
b1110000111 <
1N
#9570000
0N
#9575000
b1111111111111111 +
b1110001000 <
1N
#9580000
0N
#9585000
b1111111111111111 +
b1110001001 <
1N
#9590000
0N
#9595000
b1111111111111111 +
b1110001010 <
1N
#9600000
0N
#9605000
b1111111111111111 +
b1110001011 <
1N
#9610000
0N
#9615000
b1111111111111111 +
b1110001100 <
1N
#9620000
0N
#9625000
b1111111111111111 +
b1110001101 <
1N
#9630000
0N
#9635000
b1111111111111111 +
b1110001110 <
1N
#9640000
0N
#9645000
b1111111111111111 +
b1110001111 <
1N
#9650000
0N
#9655000
b1111111111111111 +
b1110010000 <
1N
#9660000
0N
#9665000
b1111111111111111 +
b1110010001 <
1N
#9670000
0N
#9675000
b1111111111111111 +
b1110010010 <
1N
#9680000
0N
#9685000
b1111111111111111 +
b1110010011 <
1N
#9690000
0N
#9695000
b1111111111111111 +
b1110010100 <
1N
#9700000
0N
#9705000
1-
b1111111111111111 +
b1110010101 <
1N
#9710000
0N
#9715000
0-
b1000100000 /
b0 +
b1110010110 <
1N
#9720000
0N
#9725000
b1111111111111111 +
1N
#9730000
0N
#9735000
b1111111111111111 +
b1110010111 <
1N
#9740000
0N
#9745000
b1111111111111111 +
b1110011000 <
1N
#9750000
0N
#9755000
b1111111111111111 +
b1110011001 <
1N
#9760000
0N
#9765000
b1111111111111111 +
b1110011010 <
1N
#9770000
0N
#9775000
b1111111111111111 +
b1110011011 <
1N
#9780000
0N
#9785000
b1111111111111111 +
b1110011100 <
1N
#9790000
0N
#9795000
b1111111111111111 +
b1110011101 <
1N
#9800000
0N
#9805000
b1111111111111111 +
b1110011110 <
1N
#9810000
0N
#9815000
b1111111111111111 +
b1110011111 <
1N
#9820000
0N
#9825000
b1111111111111111 +
b1110100000 <
1N
#9830000
0N
#9835000
b1111111111111111 +
b1110100001 <
1N
#9840000
0N
#9845000
b1111111111111111 +
b1110100010 <
1N
#9850000
0N
#9855000
b1111111111111111 +
b1110100011 <
1N
#9860000
0N
#9865000
b1111111111111111 +
b1110100100 <
1N
#9870000
0N
#9875000
b1111111111111111 +
b1110100101 <
1N
#9880000
0N
#9885000
b1111111111111111 +
b1110100110 <
1N
#9890000
0N
#9895000
b1111111111111111 +
b1110100111 <
1N
#9900000
0N
#9905000
b1111111111111111 +
b1110101000 <
1N
#9910000
0N
#9915000
b1111111111111111 +
b1110101001 <
1N
#9920000
0N
#9925000
b1111111111111111 +
b1110101010 <
1N
#9930000
0N
#9935000
b1111111111111111 +
b1110101011 <
1N
#9940000
0N
#9945000
b1111111111111111 +
b1110101100 <
1N
#9950000
0N
#9955000
b1111111111111111 +
b1110101101 <
1N
#9960000
0N
#9965000
b1111111111111111 +
b1110101110 <
1N
#9970000
0N
#9975000
b1111111111111111 +
b1110101111 <
1N
#9980000
0N
#9985000
1-
b1111111111111111 +
b1110110000 <
1N
#9990000
0N
#9995000
0-
b1000110000 /
b0 +
b1110110001 <
1N
#10000000
0N
#10005000
b1111111111111111 +
1N
#10010000
0N
#10015000
b1111111111111111 +
b1110110010 <
1N
#10020000
0N
#10025000
b1111111111111111 +
b1110110011 <
1N
#10030000
0N
#10035000
b1111111111111111 +
b1110110100 <
1N
#10040000
0N
#10045000
b1111111111111111 +
b1110110101 <
1N
#10050000
0N
#10055000
b1111111111111111 +
b1110110110 <
1N
#10060000
0N
#10065000
b1111111111111111 +
b1110110111 <
1N
#10070000
0N
#10075000
b1111111111111111 +
b1110111000 <
1N
#10080000
0N
#10085000
b1111111111111111 +
b1110111001 <
1N
#10090000
0N
#10095000
b1111111111111111 +
b1110111010 <
1N
#10100000
0N
#10105000
b1111111111111111 +
b1110111011 <
1N
#10110000
0N
#10115000
b1111111111111111 +
b1110111100 <
1N
#10120000
0N
#10125000
b1111111111111111 +
b1110111101 <
1N
#10130000
0N
#10135000
b1111111111111111 +
b1110111110 <
1N
#10140000
0N
#10145000
b1111111111111111 +
b1110111111 <
1N
#10150000
0N
#10155000
b1111111111111111 +
b1111000000 <
1N
#10160000
0N
#10165000
b1111111111111111 +
b1111000001 <
1N
#10170000
0N
#10175000
b1111111111111111 +
b1111000010 <
1N
#10180000
0N
#10185000
b1111111111111111 +
b1111000011 <
1N
#10190000
0N
#10195000
b1111111111111111 +
b1111000100 <
1N
#10200000
0N
#10205000
b1111111111111111 +
b1111000101 <
1N
#10210000
0N
#10215000
b1111111111111111 +
b1111000110 <
1N
#10220000
0N
#10225000
b1111111111111111 +
b1111000111 <
1N
#10230000
0N
#10235000
b1111111111111111 +
b1111001000 <
1N
#10240000
0N
#10245000
b1111111111111111 +
b1111001001 <
1N
#10250000
0N
#10255000
b1111111111111111 +
b1111001010 <
1N
#10260000
0N
#10265000
1-
b1111111111111111 +
b1111001011 <
1N
#10270000
0N
#10275000
0-
b1001000000 /
b0 +
b1111001100 <
1N
#10280000
0N
#10285000
b1111111111111111 +
1N
#10290000
0N
#10295000
b1111111111111111 +
b1111001101 <
1N
#10300000
0N
#10305000
b1111111111111111 +
b1111001110 <
1N
#10310000
0N
#10315000
b1111111111111111 +
b1111001111 <
1N
#10320000
0N
#10325000
b1111111111111111 +
b1111010000 <
1N
#10330000
0N
#10335000
b1111111111111111 +
b1111010001 <
1N
#10340000
0N
#10345000
b1111111111111111 +
b1111010010 <
1N
#10350000
0N
#10355000
b1111111111111111 +
b1111010011 <
1N
#10360000
0N
#10365000
b1111111111111111 +
b1111010100 <
1N
#10370000
0N
#10375000
b1111111111111111 +
b1111010101 <
1N
#10380000
0N
#10385000
b1111111111111111 +
b1111010110 <
1N
#10390000
0N
#10395000
b1111111111111111 +
b1111010111 <
1N
#10400000
0N
#10405000
b1111111111111111 +
b1111011000 <
1N
#10410000
0N
#10415000
b1111111111111111 +
b1111011001 <
1N
#10420000
0N
#10425000
b1111111111111111 +
b1111011010 <
1N
#10430000
0N
#10435000
b1111111111111111 +
b1111011011 <
1N
#10440000
0N
#10445000
b1111111111111111 +
b1111011100 <
1N
#10450000
0N
#10455000
b1111111111111111 +
b1111011101 <
1N
#10460000
0N
#10465000
b1111111111111111 +
b1111011110 <
1N
#10470000
0N
#10475000
b1111111111111111 +
b1111011111 <
1N
#10480000
0N
#10485000
b1111111111111111 +
b1111100000 <
1N
#10490000
0N
#10495000
b1111111111111111 +
b1111100001 <
1N
#10500000
0N
#10505000
b1111111111111111 +
b1111100010 <
1N
#10510000
0N
#10515000
b1111111111111111 +
b1111100011 <
1N
#10520000
0N
#10525000
b1111111111111111 +
b1111100100 <
1N
#10530000
0N
#10535000
b1111111111111111 +
b1111100101 <
1N
#10540000
0N
#10545000
1-
b1111111111111111 +
b1111100110 <
1N
#10550000
0N
#10555000
0-
b1001010000 /
b0 +
b1111100111 <
1N
#10560000
0N
#10565000
b1111111111111111 +
1N
#10570000
0N
#10575000
b1111111111111111 +
b1111101000 <
1N
#10580000
0N
#10585000
b1111111111111111 +
b1111101001 <
1N
#10590000
0N
#10595000
b1111111111111111 +
b1111101010 <
1N
#10600000
0N
#10605000
b1111111111111111 +
b1111101011 <
1N
#10610000
0N
#10615000
b1111111111111111 +
b1111101100 <
1N
#10620000
0N
#10625000
b1111111111111111 +
b1111101101 <
1N
#10630000
0N
#10635000
b1111111111111111 +
b1111101110 <
1N
#10640000
0N
#10645000
b1111111111111111 +
b1111101111 <
1N
#10650000
0N
#10655000
b1111111111111111 +
b1111110000 <
1N
#10660000
0N
#10665000
b1111111111111111 +
b1111110001 <
1N
#10670000
0N
#10675000
b1111111111111111 +
b1111110010 <
1N
#10680000
0N
#10685000
b1111111111111111 +
b1111110011 <
1N
#10690000
0N
#10695000
b1111111111111111 +
b1111110100 <
1N
#10700000
0N
#10705000
b1111111111111111 +
b1111110101 <
1N
#10710000
0N
#10715000
b1111111111111111 +
b1111110110 <
1N
#10720000
0N
#10725000
b1111111111111111 +
b1111110111 <
1N
#10730000
0N
#10735000
b1111111111111111 +
b1111111000 <
1N
#10740000
0N
#10745000
b1111111111111111 +
b1111111001 <
1N
#10750000
0N
#10755000
b1111111111111111 +
b1111111010 <
1N
#10760000
0N
#10765000
b1111111111111111 +
b1111111011 <
1N
#10770000
0N
#10775000
b1111111111111111 +
b1111111100 <
1N
#10780000
0N
#10785000
b1111111111111111 +
b1111111101 <
1N
#10790000
0N
#10795000
b1111111111111111 +
b1111111110 <
1N
#10800000
0N
#10805000
b1111111111111111 +
b1111111111 <
1N
#10810000
0N
#10815000
b1111111111111111 +
b10000000000 <
1N
#10820000
0N
#10825000
1-
b1111111111111111 +
b10000000001 <
1N
#10830000
0N
#10835000
0-
b1001100000 /
b0 +
b10000000010 <
1N
#10840000
0N
#10845000
b1111111111111111 +
1N
#10850000
0N
#10855000
b1111111111111111 +
b10000000011 <
1N
#10860000
0N
#10865000
b1111111111111111 +
b10000000100 <
1N
#10870000
0N
#10875000
b1111111111111111 +
b10000000101 <
1N
#10880000
0N
#10885000
b1111111111111111 +
b10000000110 <
1N
#10890000
0N
#10895000
b1111111111111111 +
b10000000111 <
1N
#10900000
0N
#10905000
b1111111111111111 +
b10000001000 <
1N
#10910000
0N
#10915000
b1111111111111111 +
b10000001001 <
1N
#10920000
0N
#10925000
b1111111111111111 +
b10000001010 <
1N
#10930000
0N
#10935000
b1111111111111111 +
b10000001011 <
1N
#10940000
0N
#10945000
b1111111111111111 +
b10000001100 <
1N
#10950000
0N
#10955000
b1111111111111111 +
b10000001101 <
1N
#10960000
0N
#10965000
b1111111111111111 +
b10000001110 <
1N
#10970000
0N
#10975000
b1111111111111111 +
b10000001111 <
1N
#10980000
0N
#10985000
b1111111111111111 +
b10000010000 <
1N
#10990000
0N
#10995000
b1111111111111111 +
b10000010001 <
1N
#11000000
0N
#11005000
b1111111111111111 +
b10000010010 <
1N
#11010000
0N
#11015000
b1111111111111111 +
b10000010011 <
1N
#11020000
0N
#11025000
b1111111111111111 +
b10000010100 <
1N
#11030000
0N
#11035000
b1111111111111111 +
b10000010101 <
1N
#11040000
0N
#11045000
b1111111111111111 +
b10000010110 <
1N
#11050000
0N
#11055000
b1111111111111111 +
b10000010111 <
1N
#11060000
0N
#11065000
b1111111111111111 +
b10000011000 <
1N
#11070000
0N
#11075000
b1111111111111111 +
b10000011001 <
1N
#11080000
0N
#11085000
b1111111111111111 +
b10000011010 <
1N
#11090000
0N
#11095000
b1111111111111111 +
b10000011011 <
1N
#11100000
0N
#11105000
1-
b1111111111111111 +
b10000011100 <
1N
#11110000
0N
#11115000
0-
b1001110000 /
b0 +
b10000011101 <
1N
#11120000
0N
#11125000
b1111111111111111 +
1N
#11130000
0N
#11135000
b1111111111111111 +
b10000011110 <
1N
#11140000
0N
#11145000
b1111111111111111 +
b10000011111 <
1N
#11150000
0N
#11155000
b1111111111111111 +
b10000100000 <
1N
#11160000
0N
#11165000
b1111111111111111 +
b10000100001 <
1N
#11170000
0N
#11175000
b1111111111111111 +
b10000100010 <
1N
#11180000
0N
#11185000
b1111111111111111 +
b10000100011 <
1N
#11190000
0N
#11195000
b1111111111111111 +
b10000100100 <
1N
#11200000
0N
#11205000
b1111111111111111 +
b10000100101 <
1N
#11210000
0N
#11215000
b1111111111111111 +
b10000100110 <
1N
#11220000
0N
#11225000
b1111111111111111 +
b10000100111 <
1N
#11230000
0N
#11235000
b1111111111111111 +
b10000101000 <
1N
#11240000
0N
#11245000
b1111111111111111 +
b10000101001 <
1N
#11250000
0N
#11255000
b1111111111111111 +
b10000101010 <
1N
#11260000
0N
#11265000
b1111111111111111 +
b10000101011 <
1N
#11270000
0N
#11275000
b1111111111111111 +
b10000101100 <
1N
#11280000
0N
#11285000
b1111111111111111 +
b10000101101 <
1N
#11290000
0N
#11295000
b1111111111111111 +
b10000101110 <
1N
#11300000
0N
#11305000
b1111111111111111 +
b10000101111 <
1N
#11310000
0N
#11315000
b1111111111111111 +
b10000110000 <
1N
#11320000
0N
#11325000
b1111111111111111 +
b10000110001 <
1N
#11330000
0N
#11335000
b1111111111111111 +
b10000110010 <
1N
#11340000
0N
#11345000
b1111111111111111 +
b10000110011 <
1N
#11350000
0N
#11355000
b1111111111111111 +
b10000110100 <
1N
#11360000
0N
#11365000
b1111111111111111 +
b10000110101 <
1N
#11370000
0N
#11375000
b1111111111111111 +
b10000110110 <
1N
#11380000
0N
#11385000
1-
b1111111111111111 +
b10000110111 <
1N
#11390000
0N
#11395000
0-
b1010000000 /
b0 +
b10000111000 <
1N
#11400000
0N
#11405000
b1111111111111111 +
1N
#11410000
0N
#11415000
b1111111111111111 +
b10000111001 <
1N
#11420000
0N
#11425000
b1111111111111111 +
b10000111010 <
1N
#11430000
0N
#11435000
b1111111111111111 +
b10000111011 <
1N
#11440000
0N
#11445000
b1111111111111111 +
b10000111100 <
1N
#11450000
0N
#11455000
b1111111111111111 +
b10000111101 <
1N
#11460000
0N
#11465000
b1111111111111111 +
b10000111110 <
1N
#11470000
0N
#11475000
b1111111111111111 +
b10000111111 <
1N
#11480000
0N
#11485000
b1111111111111111 +
b10001000000 <
1N
#11490000
0N
#11495000
b1111111111111111 +
b10001000001 <
1N
#11500000
0N
#11505000
b1111111111111111 +
b10001000010 <
1N
#11510000
0N
#11515000
b1111111111111111 +
b10001000011 <
1N
#11520000
0N
#11525000
b1111111111111111 +
b10001000100 <
1N
#11530000
0N
#11535000
b1111111111111111 +
b10001000101 <
1N
#11540000
0N
#11545000
b1111111111111111 +
b10001000110 <
1N
#11550000
0N
#11555000
b1111111111111111 +
b10001000111 <
1N
#11560000
0N
#11565000
b1111111111111111 +
b10001001000 <
1N
#11570000
0N
#11575000
b1111111111111111 +
b10001001001 <
1N
#11580000
0N
#11585000
b1111111111111111 +
b10001001010 <
1N
#11590000
0N
#11595000
b1111111111111111 +
b10001001011 <
1N
#11600000
0N
#11605000
b1111111111111111 +
b10001001100 <
1N
#11610000
0N
#11615000
b1111111111111111 +
b10001001101 <
1N
#11620000
0N
#11625000
b1111111111111111 +
b10001001110 <
1N
#11630000
0N
#11635000
b1111111111111111 +
b10001001111 <
1N
#11640000
0N
#11645000
b1111111111111111 +
b10001010000 <
1N
#11650000
0N
#11655000
b1111111111111111 +
b10001010001 <
1N
#11660000
0N
#11665000
1-
b1111111111111111 +
b10001010010 <
1N
#11670000
0N
#11675000
0-
b1010010000 /
b0 +
b10001010011 <
1N
#11680000
0N
#11685000
b1111111111111111 +
1N
#11690000
0N
#11695000
b1111111111111111 +
b10001010100 <
1N
#11700000
0N
#11705000
b1111111111111111 +
b10001010101 <
1N
#11710000
0N
#11715000
b1111111111111111 +
b10001010110 <
1N
#11720000
0N
#11725000
b1111111111111111 +
b10001010111 <
1N
#11730000
0N
#11735000
b1111111111111111 +
b10001011000 <
1N
#11740000
0N
#11745000
b1111111111111111 +
b10001011001 <
1N
#11750000
0N
#11755000
b1111111111111111 +
b10001011010 <
1N
#11760000
0N
#11765000
b1111111111111111 +
b10001011011 <
1N
#11770000
0N
#11775000
b1111111111111111 +
b10001011100 <
1N
#11780000
0N
#11785000
b1111111111111111 +
b10001011101 <
1N
#11790000
0N
#11795000
b1111111111111111 +
b10001011110 <
1N
#11800000
0N
#11805000
b1111111111111111 +
b10001011111 <
1N
#11810000
0N
#11815000
b1111111111111111 +
b10001100000 <
1N
#11820000
0N
#11825000
b1111111111111111 +
b10001100001 <
1N
#11830000
0N
#11835000
b1111111111111111 +
b10001100010 <
1N
#11840000
0N
#11845000
b1111111111111111 +
b10001100011 <
1N
#11850000
0N
#11855000
b1111111111111111 +
b10001100100 <
1N
#11860000
0N
#11865000
b1111111111111111 +
b10001100101 <
1N
#11870000
0N
#11875000
b1111111111111111 +
b10001100110 <
1N
#11880000
0N
#11885000
b1111111111111111 +
b10001100111 <
1N
#11890000
0N
#11895000
b1111111111111111 +
b10001101000 <
1N
#11900000
0N
#11905000
b1111111111111111 +
b10001101001 <
1N
#11910000
0N
#11915000
b1111111111111111 +
b10001101010 <
1N
#11920000
0N
#11925000
b1111111111111111 +
b10001101011 <
1N
#11930000
0N
#11935000
b1111111111111111 +
b10001101100 <
1N
#11940000
0N
#11945000
1-
b1111111111111111 +
b10001101101 <
1N
#11950000
0N
#11955000
0-
b1010100000 /
b0 +
b10001101110 <
1N
#11960000
0N
#11965000
b1111111111111111 +
1N
#11970000
0N
#11975000
b1111111111111111 +
b10001101111 <
1N
#11980000
0N
#11985000
b1111111111111111 +
b10001110000 <
1N
#11990000
0N
#11995000
b1111111111111111 +
b10001110001 <
1N
#12000000
0N
#12005000
b1111111111111111 +
b10001110010 <
1N
#12010000
0N
#12015000
b1111111111111111 +
b10001110011 <
1N
#12020000
0N
#12025000
b1111111111111111 +
b10001110100 <
1N
#12030000
0N
#12035000
b1111111111111111 +
b10001110101 <
1N
#12040000
0N
#12045000
b1111111111111111 +
b10001110110 <
1N
#12050000
0N
#12055000
b1111111111111111 +
b10001110111 <
1N
#12060000
0N
#12065000
b1111111111111111 +
b10001111000 <
1N
#12070000
0N
#12075000
b1111111111111111 +
b10001111001 <
1N
#12080000
0N
#12085000
b1111111111111111 +
b10001111010 <
1N
#12090000
0N
#12095000
b1111111111111111 +
b10001111011 <
1N
#12100000
0N
#12105000
b1111111111111111 +
b10001111100 <
1N
#12110000
0N
#12115000
b1111111111111111 +
b10001111101 <
1N
#12120000
0N
#12125000
b1111111111111111 +
b10001111110 <
1N
#12130000
0N
#12135000
b1111111111111111 +
b10001111111 <
1N
#12140000
0N
#12145000
b1111111111111111 +
b10010000000 <
1N
#12150000
0N
#12155000
b1111111111111111 +
b10010000001 <
1N
#12160000
0N
#12165000
b1111111111111111 +
b10010000010 <
1N
#12170000
0N
#12175000
b1111111111111111 +
b10010000011 <
1N
#12180000
0N
#12185000
b1111111111111111 +
b10010000100 <
1N
#12190000
0N
#12195000
b1111111111111111 +
b10010000101 <
1N
#12200000
0N
#12205000
b1111111111111111 +
b10010000110 <
1N
#12210000
0N
#12215000
b1111111111111111 +
b10010000111 <
1N
#12220000
0N
#12225000
1-
b1111111111111111 +
b10010001000 <
1N
#12230000
0N
#12235000
0-
b1010110000 /
b0 +
b10010001001 <
1N
#12240000
0N
#12245000
b1111111111111111 +
1N
#12250000
0N
#12255000
b1111111111111111 +
b10010001010 <
1N
#12260000
0N
#12265000
b1111111111111111 +
b10010001011 <
1N
#12270000
0N
#12275000
b1111111111111111 +
b10010001100 <
1N
#12280000
0N
#12285000
b1111111111111111 +
b10010001101 <
1N
#12290000
0N
#12295000
b1111111111111111 +
b10010001110 <
1N
#12300000
0N
#12305000
b1111111111111111 +
b10010001111 <
1N
#12310000
0N
#12315000
b1111111111111111 +
b10010010000 <
1N
#12320000
0N
#12325000
b1111111111111111 +
b10010010001 <
1N
#12330000
0N
#12335000
b1111111111111111 +
b10010010010 <
1N
#12340000
0N
#12345000
b1111111111111111 +
b10010010011 <
1N
#12350000
0N
#12355000
b1111111111111111 +
b10010010100 <
1N
#12360000
0N
#12365000
b1111111111111111 +
b10010010101 <
1N
#12370000
0N
#12375000
b1111111111111111 +
b10010010110 <
1N
#12380000
0N
#12385000
b1111111111111111 +
b10010010111 <
1N
#12390000
0N
#12395000
b1111111111111111 +
b10010011000 <
1N
#12400000
0N
#12405000
b1111111111111111 +
b10010011001 <
1N
#12410000
0N
#12415000
b1111111111111111 +
b10010011010 <
1N
#12420000
0N
#12425000
b1111111111111111 +
b10010011011 <
1N
#12430000
0N
#12435000
b1111111111111111 +
b10010011100 <
1N
#12440000
0N
#12445000
b1111111111111111 +
b10010011101 <
1N
#12450000
0N
#12455000
b1111111111111111 +
b10010011110 <
1N
#12460000
0N
#12465000
b1111111111111111 +
b10010011111 <
1N
#12470000
0N
#12475000
b1111111111111111 +
b10010100000 <
1N
#12480000
0N
#12485000
b1111111111111111 +
b10010100001 <
1N
#12490000
0N
#12495000
b1111111111111111 +
b10010100010 <
1N
#12500000
0N
#12505000
1-
b1111111111111111 +
b10010100011 <
1N
#12510000
0N
#12515000
0-
b1011000000 /
b0 +
b10010100100 <
1N
#12520000
0N
#12525000
b1111111111111111 +
1N
#12530000
0N
#12535000
b1111111111111111 +
b10010100101 <
1N
#12540000
0N
#12545000
b1111111111111111 +
b10010100110 <
1N
#12550000
0N
#12555000
b1111111111111111 +
b10010100111 <
1N
#12560000
0N
#12565000
b1111111111111111 +
b10010101000 <
1N
#12570000
0N
#12575000
b1111111111111111 +
b10010101001 <
1N
#12580000
0N
#12585000
b1111111111111111 +
b10010101010 <
1N
#12590000
0N
#12595000
b1111111111111111 +
b10010101011 <
1N
#12600000
0N
#12605000
b1111111111111111 +
b10010101100 <
1N
#12610000
0N
#12615000
b1111111111111111 +
b10010101101 <
1N
#12620000
0N
#12625000
b1111111111111111 +
b10010101110 <
1N
#12630000
0N
#12635000
b1111111111111111 +
b10010101111 <
1N
#12640000
0N
#12645000
b1111111111111111 +
b10010110000 <
1N
#12650000
0N
#12655000
b1111111111111111 +
b10010110001 <
1N
#12660000
0N
#12665000
b1111111111111111 +
b10010110010 <
1N
#12670000
0N
#12675000
b1111111111111111 +
b10010110011 <
1N
#12680000
0N
#12685000
b1111111111111111 +
b10010110100 <
1N
#12690000
0N
#12695000
b1111111111111111 +
b10010110101 <
1N
#12700000
0N
#12705000
b1111111111111111 +
b10010110110 <
1N
#12710000
0N
#12715000
b1111111111111111 +
b10010110111 <
1N
#12720000
0N
#12725000
b1111111111111111 +
b10010111000 <
1N
#12730000
0N
#12735000
b1111111111111111 +
b10010111001 <
1N
#12740000
0N
#12745000
b1111111111111111 +
b10010111010 <
1N
#12750000
0N
#12755000
b1111111111111111 +
b10010111011 <
1N
#12760000
0N
#12765000
b1111111111111111 +
b10010111100 <
1N
#12770000
0N
#12775000
b1111111111111111 +
b10010111101 <
1N
#12780000
0N
#12785000
1-
b1111111111111111 +
b10010111110 <
1N
#12790000
0N
#12795000
0-
b1011010000 /
b0 +
b10010111111 <
1N
#12800000
0N
#12805000
b1111111111111111 +
1N
#12810000
0N
#12815000
b1111111111111111 +
b10011000000 <
1N
#12820000
0N
#12825000
b1111111111111111 +
b10011000001 <
1N
#12830000
0N
#12835000
b1111111111111111 +
b10011000010 <
1N
#12840000
0N
#12845000
b1111111111111111 +
b10011000011 <
1N
#12850000
0N
#12855000
b1111111111111111 +
b10011000100 <
1N
#12860000
0N
#12865000
b1111111111111111 +
b10011000101 <
1N
#12870000
0N
#12875000
b1111111111111111 +
b10011000110 <
1N
#12880000
0N
#12885000
b1111111111111111 +
b10011000111 <
1N
#12890000
0N
#12895000
b1111111111111111 +
b10011001000 <
1N
#12900000
0N
#12905000
b1111111111111111 +
b10011001001 <
1N
#12910000
0N
#12915000
b1111111111111111 +
b10011001010 <
1N
#12920000
0N
#12925000
b1111111111111111 +
b10011001011 <
1N
#12930000
0N
#12935000
b1111111111111111 +
b10011001100 <
1N
#12940000
0N
#12945000
b1111111111111111 +
b10011001101 <
1N
#12950000
0N
#12955000
b1111111111111111 +
b10011001110 <
1N
#12960000
0N
#12965000
b1111111111111111 +
b10011001111 <
1N
#12970000
0N
#12975000
b1111111111111111 +
b10011010000 <
1N
#12980000
0N
#12985000
b1111111111111111 +
b10011010001 <
1N
#12990000
0N
#12995000
b1111111111111111 +
b10011010010 <
1N
#13000000
0N
#13005000
b1111111111111111 +
b10011010011 <
1N
#13010000
0N
#13015000
b1111111111111111 +
b10011010100 <
1N
#13020000
0N
#13025000
b1111111111111111 +
b10011010101 <
1N
#13030000
0N
#13035000
b1111111111111111 +
b10011010110 <
1N
#13040000
0N
#13045000
b1111111111111111 +
b10011010111 <
1N
#13050000
0N
#13055000
b1111111111111111 +
b10011011000 <
1N
#13060000
0N
#13065000
1-
b1111111111111111 +
b10011011001 <
1N
#13070000
0N
#13075000
0-
b1011100000 /
b0 +
b10011011010 <
1N
#13080000
0N
#13085000
b1111111111111111 +
1N
#13090000
0N
#13095000
b1111111111111111 +
b10011011011 <
1N
#13100000
0N
#13105000
b1111111111111111 +
b10011011100 <
1N
#13110000
0N
#13115000
b1111111111111111 +
b10011011101 <
1N
#13120000
0N
#13125000
b1111111111111111 +
b10011011110 <
1N
#13130000
0N
#13135000
b1111111111111111 +
b10011011111 <
1N
#13140000
0N
#13145000
b1111111111111111 +
b10011100000 <
1N
#13150000
0N
#13155000
b1111111111111111 +
b10011100001 <
1N
#13160000
0N
#13165000
b1111111111111111 +
b10011100010 <
1N
#13170000
0N
#13175000
b1111111111111111 +
b10011100011 <
1N
#13180000
0N
#13185000
b1111111111111111 +
b10011100100 <
1N
#13190000
0N
#13195000
b1111111111111111 +
b10011100101 <
1N
#13200000
0N
#13205000
b1111111111111111 +
b10011100110 <
1N
#13210000
0N
#13215000
b1111111111111111 +
b10011100111 <
1N
#13220000
0N
#13225000
b1111111111111111 +
b10011101000 <
1N
#13230000
0N
#13235000
b1111111111111111 +
b10011101001 <
1N
#13240000
0N
#13245000
b1111111111111111 +
b10011101010 <
1N
#13250000
0N
#13255000
b1111111111111111 +
b10011101011 <
1N
#13260000
0N
#13265000
b1111111111111111 +
b10011101100 <
1N
#13270000
0N
#13275000
b1111111111111111 +
b10011101101 <
1N
#13280000
0N
#13285000
b1111111111111111 +
b10011101110 <
1N
#13290000
0N
#13295000
b1111111111111111 +
b10011101111 <
1N
#13300000
0N
#13305000
b1111111111111111 +
b10011110000 <
1N
#13310000
0N
#13315000
b1111111111111111 +
b10011110001 <
1N
#13320000
0N
#13325000
b1111111111111111 +
b10011110010 <
1N
#13330000
0N
#13335000
b1111111111111111 +
b10011110011 <
1N
#13340000
0N
#13345000
1-
b1111111111111111 +
b10011110100 <
1N
#13350000
0N
#13355000
0-
b1011110000 /
b0 +
b10011110101 <
1N
#13360000
0N
#13365000
b1111111111111111 +
1N
#13370000
0N
#13375000
b1111111111111111 +
b10011110110 <
1N
#13380000
0N
#13385000
b1111111111111111 +
b10011110111 <
1N
#13390000
0N
#13395000
b1111111111111111 +
b10011111000 <
1N
#13400000
0N
#13405000
b1111111111111111 +
b10011111001 <
1N
#13410000
0N
#13415000
b1111111111111111 +
b10011111010 <
1N
#13420000
0N
#13425000
b1111111111111111 +
b10011111011 <
1N
#13430000
0N
#13435000
b1111111111111111 +
b10011111100 <
1N
#13440000
0N
#13445000
b1111111111111111 +
b10011111101 <
1N
#13450000
0N
#13455000
b1111111111111111 +
b10011111110 <
1N
#13460000
0N
#13465000
b1111111111111111 +
b10011111111 <
1N
#13470000
0N
#13475000
b1111111111111111 +
b10100000000 <
1N
#13480000
0N
#13485000
b1111111111111111 +
b10100000001 <
1N
#13490000
0N
#13495000
b1111111111111111 +
b10100000010 <
1N
#13500000
0N
#13505000
b1111111111111111 +
b10100000011 <
1N
#13510000
0N
#13515000
b1111111111111111 +
b10100000100 <
1N
#13520000
0N
#13525000
b1111111111111111 +
b10100000101 <
1N
#13530000
0N
#13535000
b1111111111111111 +
b10100000110 <
1N
#13540000
0N
#13545000
b1111111111111111 +
b10100000111 <
1N
#13550000
0N
#13555000
b1111111111111111 +
b10100001000 <
1N
#13560000
0N
#13565000
b1111111111111111 +
b10100001001 <
1N
#13570000
0N
#13575000
b1111111111111111 +
b10100001010 <
1N
#13580000
0N
#13585000
b1111111111111111 +
b10100001011 <
1N
#13590000
0N
#13595000
b1111111111111111 +
b10100001100 <
1N
#13600000
0N
#13605000
b1111111111111111 +
b10100001101 <
1N
#13610000
0N
#13615000
b1111111111111111 +
b10100001110 <
1N
#13620000
0N
#13625000
1-
b1111111111111111 +
b10100001111 <
1N
#13630000
0N
#13635000
0-
b1100000000 /
b0 +
b10100010000 <
1N
#13640000
0N
#13645000
b1111111111111111 +
1N
#13650000
0N
#13655000
b1111111111111111 +
b10100010001 <
1N
#13660000
0N
#13665000
b1111111111111111 +
b10100010010 <
1N
#13670000
0N
#13675000
b1111111111111111 +
b10100010011 <
1N
#13680000
0N
#13685000
b1111111111111111 +
b10100010100 <
1N
#13690000
0N
#13695000
b1111111111111111 +
b10100010101 <
1N
#13700000
0N
#13705000
b1111111111111111 +
b10100010110 <
1N
#13710000
0N
#13715000
b1111111111111111 +
b10100010111 <
1N
#13720000
0N
#13725000
b1111111111111111 +
b10100011000 <
1N
#13730000
0N
#13735000
b1111111111111111 +
b10100011001 <
1N
#13740000
0N
#13745000
b1111111111111111 +
b10100011010 <
1N
#13750000
0N
#13755000
b1111111111111111 +
b10100011011 <
1N
#13760000
0N
#13765000
b1111111111111111 +
b10100011100 <
1N
#13770000
0N
#13775000
b1111111111111111 +
b10100011101 <
1N
#13780000
0N
#13785000
b1111111111111111 +
b10100011110 <
1N
#13790000
0N
#13795000
b1111111111111111 +
b10100011111 <
1N
#13800000
0N
#13805000
b1111111111111111 +
b10100100000 <
1N
#13810000
0N
#13815000
b1111111111111111 +
b10100100001 <
1N
#13820000
0N
#13825000
b1111111111111111 +
b10100100010 <
1N
#13830000
0N
#13835000
b1111111111111111 +
b10100100011 <
1N
#13840000
0N
#13845000
b1111111111111111 +
b10100100100 <
1N
#13850000
0N
#13855000
b1111111111111111 +
b10100100101 <
1N
#13860000
0N
#13865000
b1111111111111111 +
b10100100110 <
1N
#13870000
0N
#13875000
b1111111111111111 +
b10100100111 <
1N
#13880000
0N
#13885000
b1111111111111111 +
b10100101000 <
1N
#13890000
0N
#13895000
b1111111111111111 +
b10100101001 <
1N
#13900000
0N
#13905000
1-
b1111111111111111 +
b10100101010 <
1N
#13910000
0N
#13915000
0-
b1100010000 /
b0 +
b10100101011 <
1N
#13920000
0N
#13925000
b1111111111111111 +
1N
#13930000
0N
#13935000
b1111111111111111 +
b10100101100 <
1N
#13940000
0N
#13945000
b1111111111111111 +
b10100101101 <
1N
#13950000
0N
#13955000
b1111111111111111 +
b10100101110 <
1N
#13960000
0N
#13965000
b1111111111111111 +
b10100101111 <
1N
#13970000
0N
#13975000
b1111111111111111 +
b10100110000 <
1N
#13980000
0N
#13985000
b1111111111111111 +
b10100110001 <
1N
#13990000
0N
#13995000
b1111111111111111 +
b10100110010 <
1N
#14000000
0N
#14005000
b1111111111111111 +
b10100110011 <
1N
#14010000
0N
#14015000
b1111111111111111 +
b10100110100 <
1N
#14020000
0N
#14025000
b1111111111111111 +
b10100110101 <
1N
#14030000
0N
#14035000
b1111111111111111 +
b10100110110 <
1N
#14040000
0N
#14045000
b1111111111111111 +
b10100110111 <
1N
#14050000
0N
#14055000
b1111111111111111 +
b10100111000 <
1N
#14060000
0N
#14065000
b1111111111111111 +
b10100111001 <
1N
#14070000
0N
#14075000
b1111111111111111 +
b10100111010 <
1N
#14080000
0N
#14085000
b1111111111111111 +
b10100111011 <
1N
#14090000
0N
#14095000
b1111111111111111 +
b10100111100 <
1N
#14100000
0N
#14105000
b1111111111111111 +
b10100111101 <
1N
#14110000
0N
#14115000
b1111111111111111 +
b10100111110 <
1N
#14120000
0N
#14125000
b1111111111111111 +
b10100111111 <
1N
#14130000
0N
#14135000
b1111111111111111 +
b10101000000 <
1N
#14140000
0N
#14145000
b1111111111111111 +
b10101000001 <
1N
#14150000
0N
#14155000
b1111111111111111 +
b10101000010 <
1N
#14160000
0N
#14165000
b1111111111111111 +
b10101000011 <
1N
#14170000
0N
#14175000
b1111111111111111 +
b10101000100 <
1N
#14180000
0N
#14185000
1-
b1111111111111111 +
b10101000101 <
1N
#14190000
0N
#14195000
0-
b1100100000 /
b0 +
b10101000110 <
1N
#14200000
0N
#14205000
b1111111111111111 +
1N
#14210000
0N
#14215000
b1111111111111111 +
b10101000111 <
1N
#14220000
0N
#14225000
b1111111111111111 +
b10101001000 <
1N
#14230000
0N
#14235000
b1111111111111111 +
b10101001001 <
1N
#14240000
0N
#14245000
b1111111111111111 +
b10101001010 <
1N
#14250000
0N
#14255000
b1111111111111111 +
b10101001011 <
1N
#14260000
0N
#14265000
b1111111111111111 +
b10101001100 <
1N
#14270000
0N
#14275000
b1111111111111111 +
b10101001101 <
1N
#14280000
0N
#14285000
b1111111111111111 +
b10101001110 <
1N
#14290000
0N
#14295000
b1111111111111111 +
b10101001111 <
1N
#14300000
0N
#14305000
b1111111111111111 +
b10101010000 <
1N
#14310000
0N
#14315000
b1111111111111111 +
b10101010001 <
1N
#14320000
0N
#14325000
b1111111111111111 +
b10101010010 <
1N
#14330000
0N
#14335000
b1111111111111111 +
b10101010011 <
1N
#14340000
0N
#14345000
b1111111111111111 +
b10101010100 <
1N
#14350000
0N
#14355000
b1111111111111111 +
b10101010101 <
1N
#14360000
0N
#14365000
b1111111111111111 +
b10101010110 <
1N
#14370000
0N
#14375000
b1111111111111111 +
b10101010111 <
1N
#14380000
0N
#14385000
b1111111111111111 +
b10101011000 <
1N
#14390000
0N
#14395000
b1111111111111111 +
b10101011001 <
1N
#14400000
0N
#14405000
b1111111111111111 +
b10101011010 <
1N
#14410000
0N
#14415000
b1111111111111111 +
b10101011011 <
1N
#14420000
0N
#14425000
b1111111111111111 +
b10101011100 <
1N
#14430000
0N
#14435000
b1111111111111111 +
b10101011101 <
1N
#14440000
0N
#14445000
b1111111111111111 +
b10101011110 <
1N
#14450000
0N
#14455000
b1111111111111111 +
b10101011111 <
1N
#14460000
0N
#14465000
1-
b1111111111111111 +
b10101100000 <
1N
#14470000
0N
#14475000
0-
b1100110000 /
b0 +
b10101100001 <
1N
#14480000
0N
#14485000
b1111111111111111 +
1N
#14490000
0N
#14495000
b1111111111111111 +
b10101100010 <
1N
#14500000
0N
#14505000
b1111111111111111 +
b10101100011 <
1N
#14510000
0N
#14515000
b1111111111111111 +
b10101100100 <
1N
#14520000
0N
#14525000
b1111111111111111 +
b10101100101 <
1N
#14530000
0N
#14535000
b1111111111111111 +
b10101100110 <
1N
#14540000
0N
#14545000
b1111111111111111 +
b10101100111 <
1N
#14550000
0N
#14555000
b1111111111111111 +
b10101101000 <
1N
#14560000
0N
#14565000
b1111111111111111 +
b10101101001 <
1N
#14570000
0N
#14575000
b1111111111111111 +
b10101101010 <
1N
#14580000
0N
#14585000
b1111111111111111 +
b10101101011 <
1N
#14590000
0N
#14595000
b1111111111111111 +
b10101101100 <
1N
#14600000
0N
#14605000
b1111111111111111 +
b10101101101 <
1N
#14610000
0N
#14615000
b1111111111111111 +
b10101101110 <
1N
#14620000
0N
#14625000
b1111111111111111 +
b10101101111 <
1N
#14630000
0N
#14635000
b1111111111111111 +
b10101110000 <
1N
#14640000
0N
#14645000
b1111111111111111 +
b10101110001 <
1N
#14650000
0N
#14655000
b1111111111111111 +
b10101110010 <
1N
#14660000
0N
#14665000
b1111111111111111 +
b10101110011 <
1N
#14670000
0N
#14675000
b1111111111111111 +
b10101110100 <
1N
#14680000
0N
#14685000
b1111111111111111 +
b10101110101 <
1N
#14690000
0N
#14695000
b1111111111111111 +
b10101110110 <
1N
#14700000
0N
#14705000
b1111111111111111 +
b10101110111 <
1N
#14710000
0N
#14715000
b1111111111111111 +
b10101111000 <
1N
#14720000
0N
#14725000
b1111111111111111 +
b10101111001 <
1N
#14730000
0N
#14735000
b1111111111111111 +
b10101111010 <
1N
#14740000
0N
#14745000
1-
b1111111111111111 +
b10101111011 <
1N
#14750000
0N
#14755000
0-
b1101000000 /
b0 +
b10101111100 <
1N
#14760000
0N
#14765000
b1111111111111111 +
1N
#14770000
0N
#14775000
b1111111111111111 +
b10101111101 <
1N
#14780000
0N
#14785000
b1111111111111111 +
b10101111110 <
1N
#14790000
0N
#14795000
b1111111111111111 +
b10101111111 <
1N
#14800000
0N
#14805000
b1111111111111111 +
b10110000000 <
1N
#14810000
0N
#14815000
b1111111111111111 +
b10110000001 <
1N
#14820000
0N
#14825000
b1111111111111111 +
b10110000010 <
1N
#14830000
0N
#14835000
b1111111111111111 +
b10110000011 <
1N
#14840000
0N
#14845000
b1111111111111111 +
b10110000100 <
1N
#14850000
0N
#14855000
b1111111111111111 +
b10110000101 <
1N
#14860000
0N
#14865000
b1111111111111111 +
b10110000110 <
1N
#14870000
0N
#14875000
b1111111111111111 +
b10110000111 <
1N
#14880000
0N
#14885000
b1111111111111111 +
b10110001000 <
1N
#14890000
0N
#14895000
b1111111111111111 +
b10110001001 <
1N
#14900000
0N
#14905000
b1111111111111111 +
b10110001010 <
1N
#14910000
0N
#14915000
b1111111111111111 +
b10110001011 <
1N
#14920000
0N
#14925000
b1111111111111111 +
b10110001100 <
1N
#14930000
0N
#14935000
b1111111111111111 +
b10110001101 <
1N
#14940000
0N
#14945000
b1111111111111111 +
b10110001110 <
1N
#14950000
0N
#14955000
b1111111111111111 +
b10110001111 <
1N
#14960000
0N
#14965000
b1111111111111111 +
b10110010000 <
1N
#14970000
0N
#14975000
b1111111111111111 +
b10110010001 <
1N
#14980000
0N
#14985000
b1111111111111111 +
b10110010010 <
1N
#14990000
0N
#14995000
b1111111111111111 +
b10110010011 <
1N
#15000000
0N
#15005000
b1111111111111111 +
b10110010100 <
1N
#15010000
0N
#15015000
b1111111111111111 +
b10110010101 <
1N
#15020000
0N
#15025000
1-
b1111111111111111 +
b10110010110 <
1N
#15030000
0N
#15035000
0-
b1101010000 /
b0 +
b10110010111 <
1N
#15040000
0N
#15045000
b1111111111111111 +
1N
#15050000
0N
#15055000
b1111111111111111 +
b10110011000 <
1N
#15060000
0N
#15065000
b1111111111111111 +
b10110011001 <
1N
#15070000
0N
#15075000
b1111111111111111 +
b10110011010 <
1N
#15080000
0N
#15085000
b1111111111111111 +
b10110011011 <
1N
#15090000
0N
#15095000
b1111111111111111 +
b10110011100 <
1N
#15100000
0N
#15105000
b1111111111111111 +
b10110011101 <
1N
#15110000
0N
#15115000
b1111111111111111 +
b10110011110 <
1N
#15120000
0N
#15125000
b1111111111111111 +
b10110011111 <
1N
#15130000
0N
#15135000
b1111111111111111 +
b10110100000 <
1N
#15140000
0N
#15145000
b1111111111111111 +
b10110100001 <
1N
#15150000
0N
#15155000
b1111111111111111 +
b10110100010 <
1N
#15160000
0N
#15165000
b1111111111111111 +
b10110100011 <
1N
#15170000
0N
#15175000
b1111111111111111 +
b10110100100 <
1N
#15180000
0N
#15185000
b1111111111111111 +
b10110100101 <
1N
#15190000
0N
#15195000
b1111111111111111 +
b10110100110 <
1N
#15200000
0N
#15205000
b1111111111111111 +
b10110100111 <
1N
#15210000
0N
#15215000
b1111111111111111 +
b10110101000 <
1N
#15220000
0N
#15225000
b1111111111111111 +
b10110101001 <
1N
#15230000
0N
#15235000
b1111111111111111 +
b10110101010 <
1N
#15240000
0N
#15245000
b1111111111111111 +
b10110101011 <
1N
#15250000
0N
#15255000
b1111111111111111 +
b10110101100 <
1N
#15260000
0N
#15265000
b1111111111111111 +
b10110101101 <
1N
#15270000
0N
#15275000
b1111111111111111 +
b10110101110 <
1N
#15280000
0N
#15285000
b1111111111111111 +
b10110101111 <
1N
#15290000
0N
#15295000
b1111111111111111 +
b10110110000 <
1N
#15300000
0N
#15305000
1-
b1111111111111111 +
b10110110001 <
1N
#15310000
0N
#15315000
0-
b1101100000 /
b0 +
b10110110010 <
1N
#15320000
0N
#15325000
b1111111111111111 +
1N
#15330000
0N
#15335000
b1111111111111111 +
b10110110011 <
1N
#15340000
0N
#15345000
b1111111111111111 +
b10110110100 <
1N
#15350000
0N
#15355000
b1111111111111111 +
b10110110101 <
1N
#15360000
0N
#15365000
b1111111111111111 +
b10110110110 <
1N
#15370000
0N
#15375000
b1111111111111111 +
b10110110111 <
1N
#15380000
0N
#15385000
b1111111111111111 +
b10110111000 <
1N
#15390000
0N
#15395000
b1111111111111111 +
b10110111001 <
1N
#15400000
0N
#15405000
b1111111111111111 +
b10110111010 <
1N
#15410000
0N
#15415000
b1111111111111111 +
b10110111011 <
1N
#15420000
0N
#15425000
b1111111111111111 +
b10110111100 <
1N
#15430000
0N
#15435000
b1111111111111111 +
b10110111101 <
1N
#15440000
0N
#15445000
b1111111111111111 +
b10110111110 <
1N
#15450000
0N
#15455000
b1111111111111111 +
b10110111111 <
1N
#15460000
0N
#15465000
b1111111111111111 +
b10111000000 <
1N
#15470000
0N
#15475000
b1111111111111111 +
b10111000001 <
1N
#15480000
0N
#15485000
b1111111111111111 +
b10111000010 <
1N
#15490000
0N
#15495000
b1111111111111111 +
b10111000011 <
1N
#15500000
0N
#15505000
b1111111111111111 +
b10111000100 <
1N
#15510000
0N
#15515000
b1111111111111111 +
b10111000101 <
1N
#15520000
0N
#15525000
b1111111111111111 +
b10111000110 <
1N
#15530000
0N
#15535000
b1111111111111111 +
b10111000111 <
1N
#15540000
0N
#15545000
b1111111111111111 +
b10111001000 <
1N
#15550000
0N
#15555000
b1111111111111111 +
b10111001001 <
1N
#15560000
0N
#15565000
b1111111111111111 +
b10111001010 <
1N
#15570000
0N
#15575000
b1111111111111111 +
b10111001011 <
1N
#15580000
0N
#15585000
1-
b1111111111111111 +
b10111001100 <
1N
#15590000
0N
#15595000
0-
b1101110000 /
b0 +
b10111001101 <
1N
#15600000
0N
#15605000
b1111111111111111 +
1N
#15610000
0N
#15615000
b1111111111111111 +
b10111001110 <
1N
#15620000
0N
#15625000
b1111111111111111 +
b10111001111 <
1N
#15630000
0N
#15635000
b1111111111111111 +
b10111010000 <
1N
#15640000
0N
#15645000
b1111111111111111 +
b10111010001 <
1N
#15650000
0N
#15655000
b1111111111111111 +
b10111010010 <
1N
#15660000
0N
#15665000
b1111111111111111 +
b10111010011 <
1N
#15670000
0N
#15675000
b1111111111111111 +
b10111010100 <
1N
#15680000
0N
#15685000
b1111111111111111 +
b10111010101 <
1N
#15690000
0N
#15695000
b1111111111111111 +
b10111010110 <
1N
#15700000
0N
#15705000
b1111111111111111 +
b10111010111 <
1N
#15710000
0N
#15715000
b1111111111111111 +
b10111011000 <
1N
#15720000
0N
#15725000
b1111111111111111 +
b10111011001 <
1N
#15730000
0N
#15735000
b1111111111111111 +
b10111011010 <
1N
#15740000
0N
#15745000
b1111111111111111 +
b10111011011 <
1N
#15750000
0N
#15755000
b1111111111111111 +
b10111011100 <
1N
#15760000
0N
#15765000
b1111111111111111 +
b10111011101 <
1N
#15770000
0N
#15775000
b1111111111111111 +
b10111011110 <
1N
#15780000
0N
#15785000
b1111111111111111 +
b10111011111 <
1N
#15790000
0N
#15795000
b1111111111111111 +
b10111100000 <
1N
#15800000
0N
#15805000
b1111111111111111 +
b10111100001 <
1N
#15810000
0N
#15815000
b1111111111111111 +
b10111100010 <
1N
#15820000
0N
#15825000
b1111111111111111 +
b10111100011 <
1N
#15830000
0N
#15835000
b1111111111111111 +
b10111100100 <
1N
#15840000
0N
#15845000
b1111111111111111 +
b10111100101 <
1N
#15850000
0N
#15855000
b1111111111111111 +
b10111100110 <
1N
#15860000
0N
#15865000
1-
b1111111111111111 +
b10111100111 <
1N
#15870000
0N
#15875000
0-
b1110000000 /
b0 +
b10111101000 <
1N
#15880000
0N
#15885000
b1111111111111111 +
1N
#15890000
0N
#15895000
b1111111111111111 +
b10111101001 <
1N
#15900000
0N
#15905000
b1111111111111111 +
b10111101010 <
1N
#15910000
0N
#15915000
b1111111111111111 +
b10111101011 <
1N
#15920000
0N
#15925000
b1111111111111111 +
b10111101100 <
1N
#15930000
0N
#15935000
b1111111111111111 +
b10111101101 <
1N
#15940000
0N
#15945000
b1111111111111111 +
b10111101110 <
1N
#15950000
0N
#15955000
b1111111111111111 +
b10111101111 <
1N
#15960000
0N
#15965000
b1111111111111111 +
b10111110000 <
1N
#15970000
0N
#15975000
b1111111111111111 +
b10111110001 <
1N
#15980000
0N
#15985000
b1111111111111111 +
b10111110010 <
1N
#15990000
0N
#15995000
b1111111111111111 +
b10111110011 <
1N
#16000000
0N
#16005000
b1111111111111111 +
b10111110100 <
1N
#16010000
0N
#16015000
b1111111111111111 +
b10111110101 <
1N
#16020000
0N
#16025000
b1111111111111111 +
b10111110110 <
1N
#16030000
0N
#16035000
b1111111111111111 +
b10111110111 <
1N
#16040000
0N
#16045000
b1111111111111111 +
b10111111000 <
1N
#16050000
0N
#16055000
b1111111111111111 +
b10111111001 <
1N
#16060000
0N
#16065000
b1111111111111111 +
b10111111010 <
1N
#16070000
0N
#16075000
b1111111111111111 +
b10111111011 <
1N
#16080000
0N
#16085000
b1111111111111111 +
b10111111100 <
1N
#16090000
0N
#16095000
b1111111111111111 +
b10111111101 <
1N
#16100000
0N
#16105000
b1111111111111111 +
b10111111110 <
1N
#16110000
0N
#16115000
b1111111111111111 +
b10111111111 <
1N
#16120000
0N
#16125000
b1111111111111111 +
b11000000000 <
1N
#16130000
0N
#16135000
b1111111111111111 +
b11000000001 <
1N
#16140000
0N
#16145000
1-
b1111111111111111 +
b11000000010 <
1N
#16150000
0N
#16155000
0-
b1110010000 /
b0 +
b11000000011 <
1N
#16160000
0N
#16165000
b1111111111111111 +
1N
#16170000
0N
#16175000
b1111111111111111 +
b11000000100 <
1N
#16180000
0N
#16185000
b1111111111111111 +
b11000000101 <
1N
#16190000
0N
#16195000
b1111111111111111 +
b11000000110 <
1N
#16200000
0N
#16205000
b1111111111111111 +
b11000000111 <
1N
#16210000
0N
#16215000
b1111111111111111 +
b11000001000 <
1N
#16220000
0N
#16225000
b1111111111111111 +
b11000001001 <
1N
#16230000
0N
#16235000
b1111111111111111 +
b11000001010 <
1N
#16240000
0N
#16245000
b1111111111111111 +
b11000001011 <
1N
#16250000
0N
#16255000
b1111111111111111 +
b11000001100 <
1N
#16260000
0N
#16265000
b1111111111111111 +
b11000001101 <
1N
#16270000
0N
#16275000
b1111111111111111 +
b11000001110 <
1N
#16280000
0N
#16285000
b1111111111111111 +
b11000001111 <
1N
#16290000
0N
#16295000
b1111111111111111 +
b11000010000 <
1N
#16300000
0N
#16305000
b1111111111111111 +
b11000010001 <
1N
#16310000
0N
#16315000
b1111111111111111 +
b11000010010 <
1N
#16320000
0N
#16325000
b1111111111111111 +
b11000010011 <
1N
#16330000
0N
#16335000
b1111111111111111 +
b11000010100 <
1N
#16340000
0N
#16345000
b1111111111111111 +
b11000010101 <
1N
#16350000
0N
#16355000
b1111111111111111 +
b11000010110 <
1N
#16360000
0N
#16365000
b1111111111111111 +
b11000010111 <
1N
#16370000
0N
#16375000
b1111111111111111 +
b11000011000 <
1N
#16380000
0N
#16385000
b1111111111111111 +
b11000011001 <
1N
#16390000
0N
#16395000
b1111111111111111 +
b11000011010 <
1N
#16400000
0N
#16405000
b1111111111111111 +
b11000011011 <
1N
#16410000
0N
#16415000
b1111111111111111 +
b11000011100 <
1N
#16420000
0N
#16425000
1-
b1111111111111111 +
b11000011101 <
1N
#16430000
0N
#16435000
0-
b1110100000 /
b0 +
b11000011110 <
1N
#16440000
0N
#16445000
b1111111111111111 +
1N
#16450000
0N
#16455000
b1111111111111111 +
b11000011111 <
1N
#16460000
0N
#16465000
b1111111111111111 +
b11000100000 <
1N
#16470000
0N
#16475000
b1111111111111111 +
b11000100001 <
1N
#16480000
0N
#16485000
b1111111111111111 +
b11000100010 <
1N
#16490000
0N
#16495000
b1111111111111111 +
b11000100011 <
1N
#16500000
0N
#16505000
b1111111111111111 +
b11000100100 <
1N
#16510000
0N
#16515000
b1111111111111111 +
b11000100101 <
1N
#16520000
0N
#16525000
b1111111111111111 +
b11000100110 <
1N
#16530000
0N
#16535000
b1111111111111111 +
b11000100111 <
1N
#16540000
0N
#16545000
b1111111111111111 +
b11000101000 <
1N
#16550000
0N
#16555000
b1111111111111111 +
b11000101001 <
1N
#16560000
0N
#16565000
b1111111111111111 +
b11000101010 <
1N
#16570000
0N
#16575000
b1111111111111111 +
b11000101011 <
1N
#16580000
0N
#16585000
b1111111111111111 +
b11000101100 <
1N
#16590000
0N
#16595000
b1111111111111111 +
b11000101101 <
1N
#16600000
0N
#16605000
b1111111111111111 +
b11000101110 <
1N
#16610000
0N
#16615000
b1111111111111111 +
b11000101111 <
1N
#16620000
0N
#16625000
b1111111111111111 +
b11000110000 <
1N
#16630000
0N
#16635000
b1111111111111111 +
b11000110001 <
1N
#16640000
0N
#16645000
b1111111111111111 +
b11000110010 <
1N
#16650000
0N
#16655000
b1111111111111111 +
b11000110011 <
1N
#16660000
0N
#16665000
b1111111111111111 +
b11000110100 <
1N
#16670000
0N
#16675000
b1111111111111111 +
b11000110101 <
1N
#16680000
0N
#16685000
b1111111111111111 +
b11000110110 <
1N
#16690000
0N
#16695000
b1111111111111111 +
b11000110111 <
1N
#16700000
0N
#16705000
1-
b1111111111111111 +
b11000111000 <
1N
#16710000
0N
#16715000
0-
b1110110000 /
b0 +
b11000111001 <
1N
#16720000
0N
#16725000
b1111111111111111 +
1N
#16730000
0N
#16735000
b1111111111111111 +
b11000111010 <
1N
#16740000
0N
#16745000
b1111111111111111 +
b11000111011 <
1N
#16750000
0N
#16755000
b1111111111111111 +
b11000111100 <
1N
#16760000
0N
#16765000
b1111111111111111 +
b11000111101 <
1N
#16770000
0N
#16775000
b1111111111111111 +
b11000111110 <
1N
#16780000
0N
#16785000
b1111111111111111 +
b11000111111 <
1N
#16790000
0N
#16795000
b1111111111111111 +
b11001000000 <
1N
#16800000
0N
#16805000
b1111111111111111 +
b11001000001 <
1N
#16810000
0N
#16815000
b1111111111111111 +
b11001000010 <
1N
#16820000
0N
#16825000
b1111111111111111 +
b11001000011 <
1N
#16830000
0N
#16835000
b1111111111111111 +
b11001000100 <
1N
#16840000
0N
#16845000
b1111111111111111 +
b11001000101 <
1N
#16850000
0N
#16855000
b1111111111111111 +
b11001000110 <
1N
#16860000
0N
#16865000
b1111111111111111 +
b11001000111 <
1N
#16870000
0N
#16875000
b1111111111111111 +
b11001001000 <
1N
#16880000
0N
#16885000
b1111111111111111 +
b11001001001 <
1N
#16890000
0N
#16895000
b1111111111111111 +
b11001001010 <
1N
#16900000
0N
#16905000
b1111111111111111 +
b11001001011 <
1N
#16910000
0N
#16915000
b1111111111111111 +
b11001001100 <
1N
#16920000
0N
#16925000
b1111111111111111 +
b11001001101 <
1N
#16930000
0N
#16935000
b1111111111111111 +
b11001001110 <
1N
#16940000
0N
#16945000
b1111111111111111 +
b11001001111 <
1N
#16950000
0N
#16955000
b1111111111111111 +
b11001010000 <
1N
#16960000
0N
#16965000
b1111111111111111 +
b11001010001 <
1N
#16970000
0N
#16975000
b1111111111111111 +
b11001010010 <
1N
#16980000
0N
#16985000
1-
b1111111111111111 +
b11001010011 <
1N
#16990000
0N
#16995000
0-
b1111000000 /
b0 +
b11001010100 <
1N
#17000000
0N
#17005000
b1111111111111111 +
1N
#17010000
0N
#17015000
b1111111111111111 +
b11001010101 <
1N
#17020000
0N
#17025000
b1111111111111111 +
b11001010110 <
1N
#17030000
0N
#17035000
b1111111111111111 +
b11001010111 <
1N
#17040000
0N
#17045000
b1111111111111111 +
b11001011000 <
1N
#17050000
0N
#17055000
b1111111111111111 +
b11001011001 <
1N
#17060000
0N
#17065000
b1111111111111111 +
b11001011010 <
1N
#17070000
0N
#17075000
b1111111111111111 +
b11001011011 <
1N
#17080000
0N
#17085000
b1111111111111111 +
b11001011100 <
1N
#17090000
0N
#17095000
b1111111111111111 +
b11001011101 <
1N
#17100000
0N
#17105000
b1111111111111111 +
b11001011110 <
1N
#17110000
0N
#17115000
b1111111111111111 +
b11001011111 <
1N
#17120000
0N
#17125000
b1111111111111111 +
b11001100000 <
1N
#17130000
0N
#17135000
b1111111111111111 +
b11001100001 <
1N
#17140000
0N
#17145000
b1111111111111111 +
b11001100010 <
1N
#17150000
0N
#17155000
b1111111111111111 +
b11001100011 <
1N
#17160000
0N
#17165000
b1111111111111111 +
b11001100100 <
1N
#17170000
0N
#17175000
b1111111111111111 +
b11001100101 <
1N
#17180000
0N
#17185000
b1111111111111111 +
b11001100110 <
1N
#17190000
0N
#17195000
b1111111111111111 +
b11001100111 <
1N
#17200000
0N
#17205000
b1111111111111111 +
b11001101000 <
1N
#17210000
0N
#17215000
b1111111111111111 +
b11001101001 <
1N
#17220000
0N
#17225000
b1111111111111111 +
b11001101010 <
1N
#17230000
0N
#17235000
b1111111111111111 +
b11001101011 <
1N
#17240000
0N
#17245000
b1111111111111111 +
b11001101100 <
1N
#17250000
0N
#17255000
b1111111111111111 +
b11001101101 <
1N
#17260000
0N
#17265000
1-
b1111111111111111 +
b11001101110 <
1N
#17270000
0N
#17275000
0-
b1111010000 /
b0 +
b11001101111 <
1N
#17280000
0N
#17285000
b1111111111111111 +
1N
#17290000
0N
#17295000
b1111111111111111 +
b11001110000 <
1N
#17300000
0N
#17305000
b1111111111111111 +
b11001110001 <
1N
#17310000
0N
#17315000
b1111111111111111 +
b11001110010 <
1N
#17320000
0N
#17325000
b1111111111111111 +
b11001110011 <
1N
#17330000
0N
#17335000
b1111111111111111 +
b11001110100 <
1N
#17340000
0N
#17345000
b1111111111111111 +
b11001110101 <
1N
#17350000
0N
#17355000
b1111111111111111 +
b11001110110 <
1N
#17360000
0N
#17365000
b1111111111111111 +
b11001110111 <
1N
#17370000
0N
#17375000
b1111111111111111 +
b11001111000 <
1N
#17380000
0N
#17385000
b1111111111111111 +
b11001111001 <
1N
#17390000
0N
#17395000
b1111111111111111 +
b11001111010 <
1N
#17400000
0N
#17405000
b1111111111111111 +
b11001111011 <
1N
#17410000
0N
#17415000
b1111111111111111 +
b11001111100 <
1N
#17420000
0N
#17425000
b1111111111111111 +
b11001111101 <
1N
#17430000
0N
#17435000
b1111111111111111 +
b11001111110 <
1N
#17440000
0N
#17445000
b1111111111111111 +
b11001111111 <
1N
#17450000
0N
#17455000
b1111111111111111 +
b11010000000 <
1N
#17460000
0N
#17465000
b1111111111111111 +
b11010000001 <
1N
#17470000
0N
#17475000
b1111111111111111 +
b11010000010 <
1N
#17480000
0N
#17485000
b1111111111111111 +
b11010000011 <
1N
#17490000
0N
#17495000
b1111111111111111 +
b11010000100 <
1N
#17500000
0N
#17505000
b1111111111111111 +
b11010000101 <
1N
#17510000
0N
#17515000
b1111111111111111 +
b11010000110 <
1N
#17520000
0N
#17525000
b1111111111111111 +
b11010000111 <
1N
#17530000
0N
#17535000
b1111111111111111 +
b11010001000 <
1N
#17540000
0N
#17545000
1-
b1111111111111111 +
b11010001001 <
1N
#17550000
0N
#17555000
0-
b1111100000 /
b0 +
b11010001010 <
1N
#17560000
0N
#17565000
b1111111111111111 +
1N
#17570000
0N
#17575000
b1111111111111111 +
b11010001011 <
1N
#17580000
0N
#17585000
b1111111111111111 +
b11010001100 <
1N
#17590000
0N
#17595000
b1111111111111111 +
b11010001101 <
1N
#17600000
0N
#17605000
b1111111111111111 +
b11010001110 <
1N
#17610000
0N
#17615000
b1111111111111111 +
b11010001111 <
1N
#17620000
0N
#17625000
b1111111111111111 +
b11010010000 <
1N
#17630000
0N
#17635000
b1111111111111111 +
b11010010001 <
1N
#17640000
0N
#17645000
b1111111111111111 +
b11010010010 <
1N
#17650000
0N
#17655000
b1111111111111111 +
b11010010011 <
1N
#17660000
0N
#17665000
b1111111111111111 +
b11010010100 <
1N
#17670000
0N
#17675000
b1111111111111111 +
b11010010101 <
1N
#17680000
0N
#17685000
b1111111111111111 +
b11010010110 <
1N
#17690000
0N
#17695000
b1111111111111111 +
b11010010111 <
1N
#17700000
0N
#17705000
b1111111111111111 +
b11010011000 <
1N
#17710000
0N
#17715000
b1111111111111111 +
b11010011001 <
1N
#17720000
0N
#17725000
b1111111111111111 +
b11010011010 <
1N
#17730000
0N
#17735000
b1111111111111111 +
b11010011011 <
1N
#17740000
0N
#17745000
b1111111111111111 +
b11010011100 <
1N
#17750000
0N
#17755000
b1111111111111111 +
b11010011101 <
1N
#17760000
0N
#17765000
b1111111111111111 +
b11010011110 <
1N
#17770000
0N
#17775000
b1111111111111111 +
b11010011111 <
1N
#17780000
0N
#17785000
b1111111111111111 +
b11010100000 <
1N
#17790000
0N
#17795000
b1111111111111111 +
b11010100001 <
1N
#17800000
0N
#17805000
b1111111111111111 +
b11010100010 <
1N
#17810000
0N
#17815000
b1111111111111111 +
b11010100011 <
1N
#17820000
0N
#17825000
1-
b1111111111111111 +
b11010100100 <
1N
#17830000
0N
#17835000
0-
b1111110000 /
b0 +
b11010100101 <
1N
#17840000
0N
#17845000
b1111111111111111 +
1N
#17850000
0N
#17855000
b1111111111111111 +
b11010100110 <
1N
#17860000
0N
#17865000
b1111111111111111 +
b11010100111 <
1N
#17870000
0N
#17875000
b1111111111111111 +
b11010101000 <
1N
#17880000
0N
#17885000
b1111111111111111 +
b11010101001 <
1N
#17890000
0N
#17895000
b1111111111111111 +
b11010101010 <
1N
#17900000
0N
#17905000
b1111111111111111 +
b11010101011 <
1N
#17910000
0N
#17915000
b1111111111111111 +
b11010101100 <
1N
#17920000
0N
#17925000
b1111111111111111 +
b11010101101 <
1N
#17930000
0N
#17935000
b1111111111111111 +
b11010101110 <
1N
#17940000
0N
#17945000
b1111111111111111 +
b11010101111 <
1N
#17950000
0N
#17955000
b1111111111111111 +
b11010110000 <
1N
#17960000
0N
#17965000
b1111111111111111 +
b11010110001 <
1N
#17970000
0N
#17975000
b1111111111111111 +
b11010110010 <
1N
#17980000
0N
#17985000
b1111111111111111 +
b11010110011 <
1N
#17990000
0N
#17995000
b1111111111111111 +
b11010110100 <
1N
#18000000
0N
#18005000
b1111111111111111 +
b11010110101 <
1N
#18010000
0N
#18015000
b1111111111111111 +
b11010110110 <
1N
#18020000
0N
#18025000
b1111111111111111 +
b11010110111 <
1N
#18030000
0N
#18035000
b1111111111111111 +
b11010111000 <
1N
#18040000
0N
#18045000
b1111111111111111 +
b11010111001 <
1N
#18050000
0N
#18055000
b1111111111111111 +
b11010111010 <
1N
#18060000
0N
#18065000
b1111111111111111 +
b11010111011 <
1N
#18070000
0N
#18075000
b1111111111111111 +
b11010111100 <
1N
#18080000
0N
#18085000
b1111111111111111 +
b11010111101 <
1N
#18090000
0N
#18095000
b1111111111111111 +
b11010111110 <
1N
#18100000
0N
#18105000
1-
b1111111111111111 +
b11010111111 <
1N
#18110000
0N
#18115000
0-
b0 +
b11011000000 <
1N
#18120000
0N
#18125000
b100011011001101 O
1.
1;
0=
1N
#18126000
b0 ]
