1,-1,-1,-1,-1,-1,-1,-1,-1
2,-1,-1,-1,-1,-1,-1,-1,-1
3,-1,-1,-1,-1,-1,-1,-1,-1
4,-1,-1,-1,-1,-1,-1,-1,-1
5,-1,-1,-1,-1,-1,-1,-1,-1
6,-1,-1,-1,-1,-1,-1,-1,-1
7,-1,-1,-1,-1,-1,-1,-1,-1
8,-1,-1,-1,-1,-1,-1,-1,-1
9,0,-1,-1,-1,-1,-1,-1,-1
10,16,1,-1,-1,-1,-1,-1,-1
11,32,17,2,-1,-1,-1,-1,-1
12,48,33,18,3,-1,-1,-1,-1
13,64,49,34,19,4,-1,-1,-1
14,80,65,50,35,20,5,-1,-1
15,96,81,66,51,36,21,6,-1
16,112,97,82,67,52,37,22,7
17,128,113,98,83,68,53,38,23
18,144,129,114,99,84,69,54,39
19,160,145,130,115,100,85,70,55
20,176,161,146,131,116,101,86,71
21,192,177,162,147,132,117,102,87
22,208,193,178,163,148,133,118,103
23,256,209,194,179,164,149,134,119
24,272,257,210,195,180,165,150,135
25,288,273,258,211,196,181,166,151
26,304,289,274,259,212,197,182,167
27,320,305,290,275,260,213,198,183
28,336,321,306,291,276,261,214,199
29,352,337,322,307,292,277,262,215
30,368,353,338,323,308,293,278,263
31,384,369,354,339,324,309,294,279
32,400,385,370,355,340,325,310,295
33,416,401,386,371,356,341,326,311
34,432,417,402,387,372,357,342,327
35,448,433,418,403,388,373,358,343
36,464,449,434,419,404,389,374,359
37,512,465,450,435,420,405,390,375
38,528,513,466,451,436,421,406,391
39,544,529,514,467,452,437,422,407
40,560,545,530,515,468,453,438,423
41,576,561,546,531,516,469,454,439
42,592,577,562,547,532,517,470,455
43,608,593,578,563,548,533,518,471
44,624,609,594,579,564,549,534,519
45,640,625,610,595,580,565,550,535
46,656,641,626,611,596,581,566,551
47,672,657,642,627,612,597,582,567
48,688,673,658,643,628,613,598,583
49,704,689,674,659,644,629,614,599
50,720,705,690,675,660,645,630,615
51,768,721,706,691,676,661,646,631
52,784,769,722,707,692,677,662,647
53,800,785,770,723,708,693,678,663
54,816,801,786,771,724,709,694,679
55,832,817,802,787,772,725,710,695
56,848,833,818,803,788,773,726,711
57,864,849,834,819,804,789,774,727
58,880,865,850,835,820,805,790,775
59,896,881,866,851,836,821,806,791
60,912,897,882,867,852,837,822,807
61,928,913,898,883,868,853,838,823
62,944,929,914,899,884,869,854,839
63,960,945,930,915,900,885,870,855
64,976,961,946,931,916,901,886,871
65,1024,977,962,947,932,917,902,887
66,1040,1025,978,963,948,933,918,903
67,1056,1041,1026,979,964,949,934,919
68,1072,1057,1042,1027,980,965,950,935
69,1088,1073,1058,1043,1028,981,966,951
70,1104,1089,1074,1059,1044,1029,982,967
71,1120,1105,1090,1075,1060,1045,1030,983
72,1136,1121,1106,1091,1076,1061,1046,1031
73,1152,1137,1122,1107,1092,1077,1062,1047
74,1168,1153,1138,1123,1108,1093,1078,1063
75,1184,1169,1154,1139,1124,1109,1094,1079
76,1200,1185,1170,1155,1140,1125,1110,1095
77,1216,1201,1186,1171,1156,1141,1126,1111
78,1232,1217,1202,1187,1172,1157,1142,1127
79,1280,1233,1218,1203,1188,1173,1158,1143
80,1296,1281,1234,1219,1204,1189,1174,1159
81,1312,1297,1282,1235,1220,1205,1190,1175
82,1328,1313,1298,1283,1236,1221,1206,1191
83,1344,1329,1314,1299,1284,1237,1222,1207
84,1360,1345,1330,1315,1300,1285,1238,1223
85,1376,1361,1346,1331,1316,1301,1286,1239
86,1392,1377,1362,1347,1332,1317,1302,1287
87,1408,1393,1378,1363,1348,1333,1318,1303
88,1424,1409,1394,1379,1364,1349,1334,1319
89,1440,1425,1410,1395,1380,1365,1350,1335
90,1456,1441,1426,1411,1396,1381,1366,1351
91,1472,1457,1442,1427,1412,1397,1382,1367
92,1488,1473,1458,1443,1428,1413,1398,1383
93,1536,1489,1474,1459,1444,1429,1414,1399
94,1552,1537,1490,1475,1460,1445,1430,1415
95,1568,1553,1538,1491,1476,1461,1446,1431
96,1584,1569,1554,1539,1492,1477,1462,1447
97,1600,1585,1570,1555,1540,1493,1478,1463
98,1616,1601,1586,1571,1556,1541,1494,1479
99,1632,1617,1602,1587,1572,1557,1542,1495
100,1648,1633,1618,1603,1588,1573,1558,1543
101,1664,1649,1634,1619,1604,1589,1574,1559
102,1680,1665,1650,1635,1620,1605,1590,1575
103,1696,1681,1666,1651,1636,1621,1606,1591
104,1712,1697,1682,1667,1652,1637,1622,1607
105,1728,1713,1698,1683,1668,1653,1638,1623
106,1744,1729,1714,1699,1684,1669,1654,1639
107,1792,1745,1730,1715,1700,1685,1670,1655
108,1808,1793,1746,1731,1716,1701,1686,1671
109,1824,1809,1794,1747,1732,1717,1702,1687
110,1840,1825,1810,1795,1748,1733,1718,1703
111,1856,1841,1826,1811,1796,1749,1734,1719
112,1872,1857,1842,1827,1812,1797,1750,1735
113,1888,1873,1858,1843,1828,1813,1798,1751
114,1904,1889,1874,1859,1844,1829,1814,1799
115,1920,1905,1890,1875,1860,1845,1830,1815
116,1936,1921,1906,1891,1876,1861,1846,1831
117,1952,1937,1922,1907,1892,1877,1862,1847
118,1968,1953,1938,1923,1908,1893,1878,1863
119,1984,1969,1954,1939,1924,1909,1894,1879
120,2000,1985,1970,1955,1940,1925,1910,1895
121,2048,2001,1986,1971,1956,1941,1926,1911
122,2064,2049,2002,1987,1972,1957,1942,1927
123,2080,2065,2050,2003,1988,1973,1958,1943
124,2096,2081,2066,2051,2004,1989,1974,1959
125,2112,2097,2082,2067,2052,2005,1990,1975
126,2128,2113,2098,2083,2068,2053,2006,1991
127,2144,2129,2114,2099,2084,2069,2054,2007
128,2160,2145,2130,2115,2100,2085,2070,2055
129,2176,2161,2146,2131,2116,2101,2086,2071
130,2192,2177,2162,2147,2132,2117,2102,2087
131,2208,2193,2178,2163,2148,2133,2118,2103
132,2224,2209,2194,2179,2164,2149,2134,2119
133,2240,2225,2210,2195,2180,2165,2150,2135
134,2256,2241,2226,2211,2196,2181,2166,2151
135,2304,2257,2242,2227,2212,2197,2182,2167
136,2320,2305,2258,2243,2228,2213,2198,2183
137,2336,2321,2306,2259,2244,2229,2214,2199
138,2352,2337,2322,2307,2260,2245,2230,2215
139,2368,2353,2338,2323,2308,2261,2246,2231
140,2384,2369,2354,2339,2324,2309,2262,2247
141,2400,2385,2370,2355,2340,2325,2310,2263
142,2416,2401,2386,2371,2356,2341,2326,2311
143,2432,2417,2402,2387,2372,2357,2342,2327
144,2448,2433,2418,2403,2388,2373,2358,2343
145,2464,2449,2434,2419,2404,2389,2374,2359
146,2480,2465,2450,2435,2420,2405,2390,2375
147,2496,2481,2466,2451,2436,2421,2406,2391
148,2512,2497,2482,2467,2452,2437,2422,2407
149,2560,2513,2498,2483,2468,2453,2438,2423
150,2576,2561,2514,2499,2484,2469,2454,2439
151,2592,2577,2562,2515,2500,2485,2470,2455
152,2608,2593,2578,2563,2516,2501,2486,2471
153,2624,2609,2594,2579,2564,2517,2502,2487
154,2640,2625,2610,2595,2580,2565,2518,2503
155,2656,2641,2626,2611,2596,2581,2566,2519
156,2672,2657,2642,2627,2612,2597,2582,2567
157,2688,2673,2658,2643,2628,2613,2598,2583
158,2704,2689,2674,2659,2644,2629,2614,2599
159,2720,2705,2690,2675,2660,2645,2630,2615
160,2736,2721,2706,2691,2676,2661,2646,2631
161,2752,2737,2722,2707,2692,2677,2662,2647
162,2768,2753,2738,2723,2708,2693,2678,2663
163,2816,2769,2754,2739,2724,2709,2694,2679
164,2832,2817,2770,2755,2740,2725,2710,2695
165,2848,2833,2818,2771,2756,2741,2726,2711
166,2864,2849,2834,2819,2772,2757,2742,2727
167,2880,2865,2850,2835,2820,2773,2758,2743
168,2896,2881,2866,2851,2836,2821,2774,2759
169,2912,2897,2882,2867,2852,2837,2822,2775
170,2928,2913,2898,2883,2868,2853,2838,2823
171,2944,2929,2914,2899,2884,2869,2854,2839
172,2960,2945,2930,2915,2900,2885,2870,2855
173,2976,2961,2946,2931,2916,2901,2886,2871
174,2992,2977,2962,2947,2932,2917,2902,2887
175,3008,2993,2978,2963,2948,2933,2918,2903
176,3024,3009,2994,2979,2964,2949,2934,2919
177,3072,3025,3010,2995,2980,2965,2950,2935
178,3088,3073,3026,3011,2996,2981,2966,2951
179,3104,3089,3074,3027,3012,2997,2982,2967
180,3120,3105,3090,3075,3028,3013,2998,2983
181,3136,3121,3106,3091,3076,3029,3014,2999
182,3152,3137,3122,3107,3092,3077,3030,3015
183,3168,3153,3138,3123,3108,3093,3078,3031
184,3184,3169,3154,3139,3124,3109,3094,3079
185,3200,3185,3170,3155,3140,3125,3110,3095
186,3216,3201,3186,3171,3156,3141,3126,3111
187,3232,3217,3202,3187,3172,3157,3142,3127
188,3248,3233,3218,3203,3188,3173,3158,3143
189,3264,3249,3234,3219,3204,3189,3174,3159
190,3280,3265,3250,3235,3220,3205,3190,3175
191,3328,3281,3266,3251,3236,3221,3206,3191
192,3344,3329,3282,3267,3252,3237,3222,3207
193,3360,3345,3330,3283,3268,3253,3238,3223
194,3376,3361,3346,3331,3284,3269,3254,3239
195,3392,3377,3362,3347,3332,3285,3270,3255
196,3408,3393,3378,3363,3348,3333,3286,3271
197,3424,3409,3394,3379,3364,3349,3334,3287
198,3440,3425,3410,3395,3380,3365,3350,3335
199,3456,3441,3426,3411,3396,3381,3366,3351
200,3472,3457,3442,3427,3412,3397,3382,3367
201,3488,3473,3458,3443,3428,3413,3398,3383
202,3504,3489,3474,3459,3444,3429,3414,3399
203,3520,3505,3490,3475,3460,3445,3430,3415
204,3536,3521,3506,3491,3476,3461,3446,3431
205,-1,3537,3522,3507,3492,3477,3462,3447
206,-1,-1,3538,3523,3508,3493,3478,3463
207,-1,-1,-1,3539,3524,3509,3494,3479
208,-1,-1,-1,-1,3540,3525,3510,3495
209,-1,-1,-1,-1,-1,3541,3526,3511
210,-1,-1,-1,-1,-1,-1,3542,3527
211,-1,-1,-1,-1,-1,-1,-1,3543
212,-1,-1,-1,-1,-1,-1,-1,-1
213,-1,-1,-1,-1,-1,-1,-1,-1
214,-1,-1,-1,-1,-1,-1,-1,-1
215,-1,-1,-1,-1,-1,-1,-1,-1
216,-1,-1,-1,-1,-1,-1,-1,-1
217,-1,-1,-1,-1,-1,-1,-1,-1
218,-1,-1,-1,-1,-1,-1,-1,-1
219,-1,-1,-1,-1,-1,-1,-1,-1
220,-1,-1,-1,-1,-1,-1,-1,-1
221,-1,-1,-1,-1,-1,-1,-1,-1
222,-1,-1,-1,-1,-1,-1,-1,-1
223,-1,-1,-1,-1,-1,-1,-1,-1
224,-1,-1,-1,-1,-1,-1,-1,-1
225,-1,-1,-1,-1,-1,-1,-1,-1
226,-1,-1,-1,-1,-1,-1,-1,-1
227,8,-1,-1,-1,-1,-1,-1,-1
228,24,9,-1,-1,-1,-1,-1,-1
229,40,25,10,-1,-1,-1,-1,-1
230,56,41,26,11,-1,-1,-1,-1
231,72,57,42,27,12,-1,-1,-1
232,88,73,58,43,28,13,-1,-1
233,104,89,74,59,44,29,14,-1
234,120,105,90,75,60,45,30,15
235,136,121,106,91,76,61,46,31
236,152,137,122,107,92,77,62,47
237,168,153,138,123,108,93,78,63
238,184,169,154,139,124,109,94,79
239,200,185,170,155,140,125,110,95
240,216,201,186,171,156,141,126,111
241,264,217,202,187,172,157,142,127
242,280,265,218,203,188,173,158,143
243,296,281,266,219,204,189,174,159
244,312,297,282,267,220,205,190,175
245,328,313,298,283,268,221,206,191
246,344,329,314,299,284,269,222,207
247,360,345,330,315,300,285,270,223
248,376,361,346,331,316,301,286,271
249,392,377,362,347,332,317,302,287
250,408,393,378,363,348,333,318,303
251,424,409,394,379,364,349,334,319
252,440,425,410,395,380,365,350,335
253,456,441,426,411,396,381,366,351
254,472,457,442,427,412,397,382,367
255,520,473,458,443,428,413,398,383
256,536,521,474,459,444,429,414,399
257,552,537,522,475,460,445,430,415
258,568,553,538,523,476,461,446,431
259,584,569,554,539,524,477,462,447
260,600,585,570,555,540,525,478,463
261,616,601,586,571,556,541,526,479
262,632,617,602,587,572,557,542,527
263,648,633,618,603,588,573,558,543
264,664,649,634,619,604,589,574,559
265,680,665,650,635,620,605,590,575
266,696,681,666,651,636,621,606,591
267,712,697,682,667,652,637,622,607
268,728,713,698,683,668,653,638,623
269,776,729,714,699,684,669,654,639
270,792,777,730,715,700,685,670,655
271,808,793,778,731,716,701,686,671
272,824,809,794,779,732,717,702,687
273,840,825,810,795,780,733,718,703
274,856,841,826,811,796,781,734,719
275,872,857,842,827,812,797,782,735
276,888,873,858,843,828,813,798,783
277,904,889,874,859,844,829,814,799
278,920,905,890,875,860,845,830,815
279,936,921,906,891,876,861,846,831
280,952,937,922,907,892,877,862,847
281,968,953,938,923,908,893,878,863
282,984,969,954,939,924,909,894,879
283,1032,985,970,955,940,925,910,895
284,1048,1033,986,971,956,941,926,911
285,1064,1049,1034,987,972,957,942,927
286,1080,1065,1050,1035,988,973,958,943
287,1096,1081,1066,1051,1036,989,974,959
288,1112,1097,1082,1067,1052,1037,990,975
289,1128,1113,1098,1083,1068,1053,1038,991
290,1144,1129,1114,1099,1084,1069,1054,1039
291,1160,1145,1130,1115,1100,1085,1070,1055
292,1176,1161,1146,1131,1116,1101,1086,1071
293,1192,1177,1162,1147,1132,1117,1102,1087
294,1208,1193,1178,1163,1148,1133,1118,1103
295,1224,1209,1194,1179,1164,1149,1134,1119
296,1240,1225,1210,1195,1180,1165,1150,1135
297,1288,1241,1226,1211,1196,1181,1166,1151
298,1304,1289,1242,1227,1212,1197,1182,1167
299,1320,1305,1290,1243,1228,1213,1198,1183
300,1336,1321,1306,1291,1244,1229,1214,1199
301,1352,1337,1322,1307,1292,1245,1230,1215
302,1368,1353,1338,1323,1308,1293,1246,1231
303,1384,1369,1354,1339,1324,1309,1294,1247
304,1400,1385,1370,1355,1340,1325,1310,1295
305,1416,1401,1386,1371,1356,1341,1326,1311
306,1432,1417,1402,1387,1372,1357,1342,1327
307,1448,1433,1418,1403,1388,1373,1358,1343
308,1464,1449,1434,1419,1404,1389,1374,1359
309,1480,1465,1450,1435,1420,1405,1390,1375
310,1496,1481,1466,1451,1436,1421,1406,1391
311,1544,1497,1482,1467,1452,1437,1422,1407
312,1560,1545,1498,1483,1468,1453,1438,1423
313,1576,1561,1546,1499,1484,1469,1454,1439
314,1592,1577,1562,1547,1500,1485,1470,1455
315,1608,1593,1578,1563,1548,1501,1486,1471
316,1624,1609,1594,1579,1564,1549,1502,1487
317,1640,1625,1610,1595,1580,1565,1550,1503
318,1656,1641,1626,1611,1596,1581,1566,1551
319,1672,1657,1642,1627,1612,1597,1582,1567
320,1688,1673,1658,1643,1628,1613,1598,1583
321,1704,1689,1674,1659,1644,1629,1614,1599
322,1720,1705,1690,1675,1660,1645,1630,1615
323,1736,1721,1706,1691,1676,1661,1646,1631
324,1752,1737,1722,1707,1692,1677,1662,1647
325,1800,1753,1738,1723,1708,1693,1678,1663
326,1816,1801,1754,1739,1724,1709,1694,1679
327,1832,1817,1802,1755,1740,1725,1710,1695
328,1848,1833,1818,1803,1756,1741,1726,1711
329,1864,1849,1834,1819,1804,1757,1742,1727
330,1880,1865,1850,1835,1820,1805,1758,1743
331,1896,1881,1866,1851,1836,1821,1806,1759
332,1912,1897,1882,1867,1852,1837,1822,1807
333,1928,1913,1898,1883,1868,1853,1838,1823
334,1944,1929,1914,1899,1884,1869,1854,1839
335,1960,1945,1930,1915,1900,1885,1870,1855
336,1976,1961,1946,1931,1916,1901,1886,1871
337,1992,1977,1962,1947,1932,1917,1902,1887
338,2008,1993,1978,1963,1948,1933,1918,1903
339,2056,2009,1994,1979,1964,1949,1934,1919
340,2072,2057,2010,1995,1980,1965,1950,1935
341,2088,2073,2058,2011,1996,1981,1966,1951
342,2104,2089,2074,2059,2012,1997,1982,1967
343,2120,2105,2090,2075,2060,2013,1998,1983
344,2136,2121,2106,2091,2076,2061,2014,1999
345,2152,2137,2122,2107,2092,2077,2062,2015
346,2168,2153,2138,2123,2108,2093,2078,2063
347,2184,2169,2154,2139,2124,2109,2094,2079
348,2200,2185,2170,2155,2140,2125,2110,2095
349,2216,2201,2186,2171,2156,2141,2126,2111
350,2232,2217,2202,2187,2172,2157,2142,2127
351,2248,2233,2218,2203,2188,2173,2158,2143
352,2264,2249,2234,2219,2204,2189,2174,2159
353,2312,2265,2250,2235,2220,2205,2190,2175
354,2328,2313,2266,2251,2236,2221,2206,2191
355,2344,2329,2314,2267,2252,2237,2222,2207
356,2360,2345,2330,2315,2268,2253,2238,2223
357,2376,2361,2346,2331,2316,2269,2254,2239
358,2392,2377,2362,2347,2332,2317,2270,2255
359,2408,2393,2378,2363,2348,2333,2318,2271
360,2424,2409,2394,2379,2364,2349,2334,2319
361,2440,2425,2410,2395,2380,2365,2350,2335
362,2456,2441,2426,2411,2396,2381,2366,2351
363,2472,2457,2442,2427,2412,2397,2382,2367
364,2488,2473,2458,2443,2428,2413,2398,2383
365,2504,2489,2474,2459,2444,2429,2414,2399
366,2520,2505,2490,2475,2460,2445,2430,2415
367,2568,2521,2506,2491,2476,2461,2446,2431
368,2584,2569,2522,2507,2492,2477,2462,2447
369,2600,2585,2570,2523,2508,2493,2478,2463
370,2616,2601,2586,2571,2524,2509,2494,2479
371,2632,2617,2602,2587,2572,2525,2510,2495
372,2648,2633,2618,2603,2588,2573,2526,2511
373,2664,2649,2634,2619,2604,2589,2574,2527
374,2680,2665,2650,2635,2620,2605,2590,2575
375,2696,2681,2666,2651,2636,2621,2606,2591
376,2712,2697,2682,2667,2652,2637,2622,2607
377,2728,2713,2698,2683,2668,2653,2638,2623
378,2744,2729,2714,2699,2684,2669,2654,2639
379,2760,2745,2730,2715,2700,2685,2670,2655
380,2776,2761,2746,2731,2716,2701,2686,2671
381,2824,2777,2762,2747,2732,2717,2702,2687
382,2840,2825,2778,2763,2748,2733,2718,2703
383,2856,2841,2826,2779,2764,2749,2734,2719
384,2872,2857,2842,2827,2780,2765,2750,2735
385,2888,2873,2858,2843,2828,2781,2766,2751
386,2904,2889,2874,2859,2844,2829,2782,2767
387,2920,2905,2890,2875,2860,2845,2830,2783
388,2936,2921,2906,2891,2876,2861,2846,2831
389,2952,2937,2922,2907,2892,2877,2862,2847
390,2968,2953,2938,2923,2908,2893,2878,2863
391,2984,2969,2954,2939,2924,2909,2894,2879
392,3000,2985,2970,2955,2940,2925,2910,2895
393,3016,3001,2986,2971,2956,2941,2926,2911
394,3032,3017,3002,2987,2972,2957,2942,2927
395,3080,3033,3018,3003,2988,2973,2958,2943
396,3096,3081,3034,3019,3004,2989,2974,2959
397,3112,3097,3082,3035,3020,3005,2990,2975
398,3128,3113,3098,3083,3036,3021,3006,2991
399,3144,3129,3114,3099,3084,3037,3022,3007
400,3160,3145,3130,3115,3100,3085,3038,3023
401,3176,3161,3146,3131,3116,3101,3086,3039
402,3192,3177,3162,3147,3132,3117,3102,3087
403,3208,3193,3178,3163,3148,3133,3118,3103
404,3224,3209,3194,3179,3164,3149,3134,3119
405,3240,3225,3210,3195,3180,3165,3150,3135
406,3256,3241,3226,3211,3196,3181,3166,3151
407,3272,3257,3242,3227,3212,3197,3182,3167
408,3288,3273,3258,3243,3228,3213,3198,3183
409,3336,3289,3274,3259,3244,3229,3214,3199
410,3352,3337,3290,3275,3260,3245,3230,3215
411,3368,3353,3338,3291,3276,3261,3246,3231
412,3384,3369,3354,3339,3292,3277,3262,3247
413,3400,3385,3370,3355,3340,3293,3278,3263
414,3416,3401,3386,3371,3356,3341,3294,3279
415,3432,3417,3402,3387,3372,3357,3342,3295
416,3448,3433,3418,3403,3388,3373,3358,3343
417,3464,3449,3434,3419,3404,3389,3374,3359
418,3480,3465,3450,3435,3420,3405,3390,3375
419,3496,3481,3466,3451,3436,3421,3406,3391
420,3512,3497,3482,3467,3452,3437,3422,3407
421,3528,3513,3498,3483,3468,3453,3438,3423
422,3544,3529,3514,3499,3484,3469,3454,3439
423,-1,3545,3530,3515,3500,3485,3470,3455
424,-1,-1,3546,3531,3516,3501,3486,3471
425,-1,-1,-1,3547,3532,3517,3502,3487
426,-1,-1,-1,-1,3548,3533,3518,3503
427,-1,-1,-1,-1,-1,3549,3534,3519
428,-1,-1,-1,-1,-1,-1,3550,3535
429,-1,-1,-1,-1,-1,-1,-1,3551
430,-1,-1,-1,-1,-1,-1,-1,-1
431,-1,-1,-1,-1,-1,-1,-1,-1
432,-1,-1,-1,-1,-1,-1,-1,-1
433,-1,-1,-1,-1,-1,-1,-1,-1
434,-1,-1,-1,-1,-1,-1,-1,-1
435,-1,-1,-1,-1,-1,-1,-1,-1
436,-1,-1,-1,-1,-1,-1,-1,-1
437,-1,-1,-1,-1,-1,-1,-1,-1
438,-1,-1,-1,-1,-1,-1,-1,-1
439,-1,-1,-1,-1,-1,-1,-1,-1
440,-1,-1,-1,-1,-1,-1,-1,-1
441,-1,-1,-1,-1,-1,-1,-1,-1
442,-1,-1,-1,-1,-1,-1,-1,-1
443,-1,-1,-1,-1,-1,-1,-1,-1
444,-1,-1,-1,-1,-1,-1,-1,-1
445,16,-1,-1,-1,-1,-1,-1,-1
446,32,17,-1,-1,-1,-1,-1,-1
447,48,33,18,-1,-1,-1,-1,-1
448,64,49,34,19,-1,-1,-1,-1
449,80,65,50,35,20,-1,-1,-1
450,96,81,66,51,36,21,-1,-1
451,112,97,82,67,52,37,22,-1
452,128,113,98,83,68,53,38,23
453,144,129,114,99,84,69,54,39
454,160,145,130,115,100,85,70,55
455,176,161,146,131,116,101,86,71
456,192,177,162,147,132,117,102,87
457,208,193,178,163,148,133,118,103
458,224,209,194,179,164,149,134,119
459,272,225,210,195,180,165,150,135
460,288,273,226,211,196,181,166,151
461,304,289,274,227,212,197,182,167
462,320,305,290,275,228,213,198,183
463,336,321,306,291,276,229,214,199
464,352,337,322,307,292,277,230,215
465,368,353,338,323,308,293,278,231
466,384,369,354,339,324,309,294,279
467,400,385,370,355,340,325,310,295
468,416,401,386,371,356,341,326,311
469,432,417,402,387,372,357,342,327
470,448,433,418,403,388,373,358,343
471,464,449,434,419,404,389,374,359
472,480,465,450,435,420,405,390,375
473,528,481,466,451,436,421,406,391
474,544,529,482,467,452,437,422,407
475,560,545,530,483,468,453,438,423
476,576,561,546,531,484,469,454,439
477,592,577,562,547,532,485,470,455
478,608,593,578,563,548,533,486,471
479,624,609,594,579,564,549,534,487
480,640,625,610,595,580,565,550,535
481,656,641,626,611,596,581,566,551
482,672,657,642,627,612,597,582,567
483,688,673,658,643,628,613,598,583
484,704,689,674,659,644,629,614,599
485,720,705,690,675,660,645,630,615
486,736,721,706,691,676,661,646,631
487,784,737,722,707,692,677,662,647
488,800,785,738,723,708,693,678,663
489,816,801,786,739,724,709,694,679
490,832,817,802,787,740,725,710,695
491,848,833,818,803,788,741,726,711
492,864,849,834,819,804,789,742,727
493,880,865,850,835,820,805,790,743
494,896,881,866,851,836,821,806,791
495,912,897,882,867,852,837,822,807
496,928,913,898,883,868,853,838,823
497,944,929,914,899,884,869,854,839
498,960,945,930,915,900,885,870,855
499,976,961,946,931,916,901,886,871
500,992,977,962,947,932,917,902,887
501,1040,993,978,963,948,933,918,903
502,1056,1041,994,979,964,949,934,919
503,1072,1057,1042,995,980,965,950,935
504,1088,1073,1058,1043,996,981,966,951
505,1104,1089,1074,1059,1044,997,982,967
506,1120,1105,1090,1075,1060,1045,998,983
507,1136,1121,1106,1091,1076,1061,1046,999
508,1152,1137,1122,1107,1092,1077,1062,1047
509,1168,1153,1138,1123,1108,1093,1078,1063
510,1184,1169,1154,1139,1124,1109,1094,1079
511,1200,1185,1170,1155,1140,1125,1110,1095
512,1216,1201,1186,1171,1156,1141,1126,1111
513,1232,1217,1202,1187,1172,1157,1142,1127
514,1248,1233,1218,1203,1188,1173,1158,1143
515,1296,1249,1234,1219,1204,1189,1174,1159
516,1312,1297,1250,1235,1220,1205,1190,1175
517,1328,1313,1298,1251,1236,1221,1206,1191
518,1344,1329,1314,1299,1252,1237,1222,1207
519,1360,1345,1330,1315,1300,1253,1238,1223
520,1376,1361,1346,1331,1316,1301,1254,1239
521,1392,1377,1362,1347,1332,1317,1302,1255
522,1408,1393,1378,1363,1348,1333,1318,1303
523,1424,1409,1394,1379,1364,1349,1334,1319
524,1440,1425,1410,1395,1380,1365,1350,1335
525,1456,1441,1426,1411,1396,1381,1366,1351
526,1472,1457,1442,1427,1412,1397,1382,1367
527,1488,1473,1458,1443,1428,1413,1398,1383
528,1504,1489,1474,1459,1444,1429,1414,1399
529,1552,1505,1490,1475,1460,1445,1430,1415
530,1568,1553,1506,1491,1476,1461,1446,1431
531,1584,1569,1554,1507,1492,1477,1462,1447
532,1600,1585,1570,1555,1508,1493,1478,1463
533,1616,1601,1586,1571,1556,1509,1494,1479
534,1632,1617,1602,1587,1572,1557,1510,1495
535,1648,1633,1618,1603,1588,1573,1558,1511
536,1664,1649,1634,1619,1604,1589,1574,1559
537,1680,1665,1650,1635,1620,1605,1590,1575
538,1696,1681,1666,1651,1636,1621,1606,1591
539,1712,1697,1682,1667,1652,1637,1622,1607
540,1728,1713,1698,1683,1668,1653,1638,1623
541,1744,1729,1714,1699,1684,1669,1654,1639
542,1760,1745,1730,1715,1700,1685,1670,1655
543,1808,1761,1746,1731,1716,1701,1686,1671
544,1824,1809,1762,1747,1732,1717,1702,1687
545,1840,1825,1810,1763,1748,1733,1718,1703
546,1856,1841,1826,1811,1764,1749,1734,1719
547,1872,1857,1842,1827,1812,1765,1750,1735
548,1888,1873,1858,1843,1828,1813,1766,1751
549,1904,1889,1874,1859,1844,1829,1814,1767
550,1920,1905,1890,1875,1860,1845,1830,1815
551,1936,1921,1906,1891,1876,1861,1846,1831
552,1952,1937,1922,1907,1892,1877,1862,1847
553,1968,1953,1938,1923,1908,1893,1878,1863
554,1984,1969,1954,1939,1924,1909,1894,1879
555,2000,1985,1970,1955,1940,1925,1910,1895
556,2016,2001,1986,1971,1956,1941,1926,1911
557,2064,2017,2002,1987,1972,1957,1942,1927
558,2080,2065,2018,2003,1988,1973,1958,1943
559,2096,2081,2066,2019,2004,1989,1974,1959
560,2112,2097,2082,2067,2020,2005,1990,1975
561,2128,2113,2098,2083,2068,2021,2006,1991
562,2144,2129,2114,2099,2084,2069,2022,2007
563,2160,2145,2130,2115,2100,2085,2070,2023
564,2176,2161,2146,2131,2116,2101,2086,2071
565,2192,2177,2162,2147,2132,2117,2102,2087
566,2208,2193,2178,2163,2148,2133,2118,2103
567,2224,2209,2194,2179,2164,2149,2134,2119
568,2240,2225,2210,2195,2180,2165,2150,2135
569,2256,2241,2226,2211,2196,2181,2166,2151
570,2272,2257,2242,2227,2212,2197,2182,2167
571,2320,2273,2258,2243,2228,2213,2198,2183
572,2336,2321,2274,2259,2244,2229,2214,2199
573,2352,2337,2322,2275,2260,2245,2230,2215
574,2368,2353,2338,2323,2276,2261,2246,2231
575,2384,2369,2354,2339,2324,2277,2262,2247
576,2400,2385,2370,2355,2340,2325,2278,2263
577,2416,2401,2386,2371,2356,2341,2326,2279
578,2432,2417,2402,2387,2372,2357,2342,2327
579,2448,2433,2418,2403,2388,2373,2358,2343
580,2464,2449,2434,2419,2404,2389,2374,2359
581,2480,2465,2450,2435,2420,2405,2390,2375
582,2496,2481,2466,2451,2436,2421,2406,2391
583,2512,2497,2482,2467,2452,2437,2422,2407
584,2528,2513,2498,2483,2468,2453,2438,2423
585,2576,2529,2514,2499,2484,2469,2454,2439
586,2592,2577,2530,2515,2500,2485,2470,2455
587,2608,2593,2578,2531,2516,2501,2486,2471
588,2624,2609,2594,2579,2532,2517,2502,2487
589,2640,2625,2610,2595,2580,2533,2518,2503
590,2656,2641,2626,2611,2596,2581,2534,2519
591,2672,2657,2642,2627,2612,2597,2582,2535
592,2688,2673,2658,2643,2628,2613,2598,2583
593,2704,2689,2674,2659,2644,2629,2614,2599
594,2720,2705,2690,2675,2660,2645,2630,2615
595,2736,2721,2706,2691,2676,2661,2646,2631
596,2752,2737,2722,2707,2692,2677,2662,2647
597,2768,2753,2738,2723,2708,2693,2678,2663
598,2784,2769,2754,2739,2724,2709,2694,2679
599,2832,2785,2770,2755,2740,2725,2710,2695
600,2848,2833,2786,2771,2756,2741,2726,2711
601,2864,2849,2834,2787,2772,2757,2742,2727
602,2880,2865,2850,2835,2788,2773,2758,2743
603,2896,2881,2866,2851,2836,2789,2774,2759
604,2912,2897,2882,2867,2852,2837,2790,2775
605,2928,2913,2898,2883,2868,2853,2838,2791
606,2944,2929,2914,2899,2884,2869,2854,2839
607,2960,2945,2930,2915,2900,2885,2870,2855
608,2976,2961,2946,2931,2916,2901,2886,2871
609,2992,2977,2962,2947,2932,2917,2902,2887
610,3008,2993,2978,2963,2948,2933,2918,2903
611,3024,3009,2994,2979,2964,2949,2934,2919
612,3040,3025,3010,2995,2980,2965,2950,2935
613,3088,3041,3026,3011,2996,2981,2966,2951
614,3104,3089,3042,3027,3012,2997,2982,2967
615,3120,3105,3090,3043,3028,3013,2998,2983
616,3136,3121,3106,3091,3044,3029,3014,2999
617,3152,3137,3122,3107,3092,3045,3030,3015
618,3168,3153,3138,3123,3108,3093,3046,3031
619,3184,3169,3154,3139,3124,3109,3094,3047
620,3200,3185,3170,3155,3140,3125,3110,3095
621,3216,3201,3186,3171,3156,3141,3126,3111
622,3232,3217,3202,3187,3172,3157,3142,3127
623,3248,3233,3218,3203,3188,3173,3158,3143
624,3264,3249,3234,3219,3204,3189,3174,3159
625,3280,3265,3250,3235,3220,3205,3190,3175
626,3296,3281,3266,3251,3236,3221,3206,3191
627,3344,3297,3282,3267,3252,3237,3222,3207
628,3360,3345,3298,3283,3268,3253,3238,3223
629,3376,3361,3346,3299,3284,3269,3254,3239
630,3392,3377,3362,3347,3300,3285,3270,3255
631,3408,3393,3378,3363,3348,3301,3286,3271
632,3424,3409,3394,3379,3364,3349,3302,3287
633,3440,3425,3410,3395,3380,3365,3350,3303
634,3456,3441,3426,3411,3396,3381,3366,3351
635,3472,3457,3442,3427,3412,3397,3382,3367
636,3488,3473,3458,3443,3428,3413,3398,3383
637,3504,3489,3474,3459,3444,3429,3414,3399
638,3520,3505,3490,3475,3460,3445,3430,3415
639,3536,3521,3506,3491,3476,3461,3446,3431
640,3552,3537,3522,3507,3492,3477,3462,3447
641,-1,3553,3538,3523,3508,3493,3478,3463
642,-1,-1,3554,3539,3524,3509,3494,3479
643,-1,-1,-1,3555,3540,3525,3510,3495
644,-1,-1,-1,-1,3556,3541,3526,3511
645,-1,-1,-1,-1,-1,3557,3542,3527
646,-1,-1,-1,-1,-1,-1,3558,3543
647,-1,-1,-1,-1,-1,-1,-1,3559
648,-1,-1,-1,-1,-1,-1,-1,-1
649,-1,-1,-1,-1,-1,-1,-1,-1
650,-1,-1,-1,-1,-1,-1,-1,-1
651,-1,-1,-1,-1,-1,-1,-1,-1
652,-1,-1,-1,-1,-1,-1,-1,-1
653,-1,-1,-1,-1,-1,-1,-1,-1
654,-1,-1,-1,-1,-1,-1,-1,-1
655,-1,-1,-1,-1,-1,-1,-1,-1
656,-1,-1,-1,-1,-1,-1,-1,-1
657,-1,-1,-1,-1,-1,-1,-1,-1
658,-1,-1,-1,-1,-1,-1,-1,-1
659,-1,-1,-1,-1,-1,-1,-1,-1
660,-1,-1,-1,-1,-1,-1,-1,-1
661,-1,-1,-1,-1,-1,-1,-1,-1
662,-1,-1,-1,-1,-1,-1,-1,-1
663,24,-1,-1,-1,-1,-1,-1,-1
664,40,25,-1,-1,-1,-1,-1,-1
665,56,41,26,-1,-1,-1,-1,-1
666,72,57,42,27,-1,-1,-1,-1
667,88,73,58,43,28,-1,-1,-1
668,104,89,74,59,44,29,-1,-1
669,120,105,90,75,60,45,30,-1
670,136,121,106,91,76,61,46,31
671,152,137,122,107,92,77,62,47
672,168,153,138,123,108,93,78,63
673,184,169,154,139,124,109,94,79
674,200,185,170,155,140,125,110,95
675,216,201,186,171,156,141,126,111
676,232,217,202,187,172,157,142,127
677,280,233,218,203,188,173,158,143
678,296,281,234,219,204,189,174,159
679,312,297,282,235,220,205,190,175
680,328,313,298,283,236,221,206,191
681,344,329,314,299,284,237,222,207
682,360,345,330,315,300,285,238,223
683,376,361,346,331,316,301,286,239
684,392,377,362,347,332,317,302,287
685,408,393,378,363,348,333,318,303
686,424,409,394,379,364,349,334,319
687,440,425,410,395,380,365,350,335
688,456,441,426,411,396,381,366,351
689,472,457,442,427,412,397,382,367
690,488,473,458,443,428,413,398,383
691,536,489,474,459,444,429,414,399
692,552,537,490,475,460,445,430,415
693,568,553,538,491,476,461,446,431
694,584,569,554,539,492,477,462,447
695,600,585,570,555,540,493,478,463
696,616,601,586,571,556,541,494,479
697,632,617,602,587,572,557,542,495
698,648,633,618,603,588,573,558,543
699,664,649,634,619,604,589,574,559
700,680,665,650,635,620,605,590,575
701,696,681,666,651,636,621,606,591
702,712,697,682,667,652,637,622,607
703,728,713,698,683,668,653,638,623
704,744,729,714,699,684,669,654,639
705,792,745,730,715,700,685,670,655
706,808,793,746,731,716,701,686,671
707,824,809,794,747,732,717,702,687
708,840,825,810,795,748,733,718,703
709,856,841,826,811,796,749,734,719
710,872,857,842,827,812,797,750,735
711,888,873,858,843,828,813,798,751
712,904,889,874,859,844,829,814,799
713,920,905,890,875,860,845,830,815
714,936,921,906,891,876,861,846,831
715,952,937,922,907,892,877,862,847
716,968,953,938,923,908,893,878,863
717,984,969,954,939,924,909,894,879
718,1000,985,970,955,940,925,910,895
719,1048,1001,986,971,956,941,926,911
720,1064,1049,1002,987,972,957,942,927
721,1080,1065,1050,1003,988,973,958,943
722,1096,1081,1066,1051,1004,989,974,959
723,1112,1097,1082,1067,1052,1005,990,975
724,1128,1113,1098,1083,1068,1053,1006,991
725,1144,1129,1114,1099,1084,1069,1054,1007
726,1160,1145,1130,1115,1100,1085,1070,1055
727,1176,1161,1146,1131,1116,1101,1086,1071
728,1192,1177,1162,1147,1132,1117,1102,1087
729,1208,1193,1178,1163,1148,1133,1118,1103
730,1224,1209,1194,1179,1164,1149,1134,1119
731,1240,1225,1210,1195,1180,1165,1150,1135
732,1256,1241,1226,1211,1196,1181,1166,1151
733,1304,1257,1242,1227,1212,1197,1182,1167
734,1320,1305,1258,1243,1228,1213,1198,1183
735,1336,1321,1306,1259,1244,1229,1214,1199
736,1352,1337,1322,1307,1260,1245,1230,1215
737,1368,1353,1338,1323,1308,1261,1246,1231
738,1384,1369,1354,1339,1324,1309,1262,1247
739,1400,1385,1370,1355,1340,1325,1310,1263
740,1416,1401,1386,1371,1356,1341,1326,1311
741,1432,1417,1402,1387,1372,1357,1342,1327
742,1448,1433,1418,1403,1388,1373,1358,1343
743,1464,1449,1434,1419,1404,1389,1374,1359
744,1480,1465,1450,1435,1420,1405,1390,1375
745,1496,1481,1466,1451,1436,1421,1406,1391
746,1512,1497,1482,1467,1452,1437,1422,1407
747,1560,1513,1498,1483,1468,1453,1438,1423
748,1576,1561,1514,1499,1484,1469,1454,1439
749,1592,1577,1562,1515,1500,1485,1470,1455
750,1608,1593,1578,1563,1516,1501,1486,1471
751,1624,1609,1594,1579,1564,1517,1502,1487
752,1640,1625,1610,1595,1580,1565,1518,1503
753,1656,1641,1626,1611,1596,1581,1566,1519
754,1672,1657,1642,1627,1612,1597,1582,1567
755,1688,1673,1658,1643,1628,1613,1598,1583
756,1704,1689,1674,1659,1644,1629,1614,1599
757,1720,1705,1690,1675,1660,1645,1630,1615
758,1736,1721,1706,1691,1676,1661,1646,1631
759,1752,1737,1722,1707,1692,1677,1662,1647
760,1768,1753,1738,1723,1708,1693,1678,1663
761,1816,1769,1754,1739,1724,1709,1694,1679
762,1832,1817,1770,1755,1740,1725,1710,1695
763,1848,1833,1818,1771,1756,1741,1726,1711
764,1864,1849,1834,1819,1772,1757,1742,1727
765,1880,1865,1850,1835,1820,1773,1758,1743
766,1896,1881,1866,1851,1836,1821,1774,1759
767,1912,1897,1882,1867,1852,1837,1822,1775
768,1928,1913,1898,1883,1868,1853,1838,1823
769,1944,1929,1914,1899,1884,1869,1854,1839
770,1960,1945,1930,1915,1900,1885,1870,1855
771,1976,1961,1946,1931,1916,1901,1886,1871
772,1992,1977,1962,1947,1932,1917,1902,1887
773,2008,1993,1978,1963,1948,1933,1918,1903
774,2024,2009,1994,1979,1964,1949,1934,1919
775,2072,2025,2010,1995,1980,1965,1950,1935
776,2088,2073,2026,2011,1996,1981,1966,1951
777,2104,2089,2074,2027,2012,1997,1982,1967
778,2120,2105,2090,2075,2028,2013,1998,1983
779,2136,2121,2106,2091,2076,2029,2014,1999
780,2152,2137,2122,2107,2092,2077,2030,2015
781,2168,2153,2138,2123,2108,2093,2078,2031
782,2184,2169,2154,2139,2124,2109,2094,2079
783,2200,2185,2170,2155,2140,2125,2110,2095
784,2216,2201,2186,2171,2156,2141,2126,2111
785,2232,2217,2202,2187,2172,2157,2142,2127
786,2248,2233,2218,2203,2188,2173,2158,2143
787,2264,2249,2234,2219,2204,2189,2174,2159
788,2280,2265,2250,2235,2220,2205,2190,2175
789,2328,2281,2266,2251,2236,2221,2206,2191
790,2344,2329,2282,2267,2252,2237,2222,2207
791,2360,2345,2330,2283,2268,2253,2238,2223
792,2376,2361,2346,2331,2284,2269,2254,2239
793,2392,2377,2362,2347,2332,2285,2270,2255
794,2408,2393,2378,2363,2348,2333,2286,2271
795,2424,2409,2394,2379,2364,2349,2334,2287
796,2440,2425,2410,2395,2380,2365,2350,2335
797,2456,2441,2426,2411,2396,2381,2366,2351
798,2472,2457,2442,2427,2412,2397,2382,2367
799,2488,2473,2458,2443,2428,2413,2398,2383
800,2504,2489,2474,2459,2444,2429,2414,2399
801,2520,2505,2490,2475,2460,2445,2430,2415
802,2536,2521,2506,2491,2476,2461,2446,2431
803,2584,2537,2522,2507,2492,2477,2462,2447
804,2600,2585,2538,2523,2508,2493,2478,2463
805,2616,2601,2586,2539,2524,2509,2494,2479
806,2632,2617,2602,2587,2540,2525,2510,2495
807,2648,2633,2618,2603,2588,2541,2526,2511
808,2664,2649,2634,2619,2604,2589,2542,2527
809,2680,2665,2650,2635,2620,2605,2590,2543
810,2696,2681,2666,2651,2636,2621,2606,2591
811,2712,2697,2682,2667,2652,2637,2622,2607
812,2728,2713,2698,2683,2668,2653,2638,2623
813,2744,2729,2714,2699,2684,2669,2654,2639
814,2760,2745,2730,2715,2700,2685,2670,2655
815,2776,2761,2746,2731,2716,2701,2686,2671
816,2792,2777,2762,2747,2732,2717,2702,2687
817,2840,2793,2778,2763,2748,2733,2718,2703
818,2856,2841,2794,2779,2764,2749,2734,2719
819,2872,2857,2842,2795,2780,2765,2750,2735
820,2888,2873,2858,2843,2796,2781,2766,2751
821,2904,2889,2874,2859,2844,2797,2782,2767
822,2920,2905,2890,2875,2860,2845,2798,2783
823,2936,2921,2906,2891,2876,2861,2846,2799
824,2952,2937,2922,2907,2892,2877,2862,2847
825,2968,2953,2938,2923,2908,2893,2878,2863
826,2984,2969,2954,2939,2924,2909,2894,2879
827,3000,2985,2970,2955,2940,2925,2910,2895
828,3016,3001,2986,2971,2956,2941,2926,2911
829,3032,3017,3002,2987,2972,2957,2942,2927
830,3048,3033,3018,3003,2988,2973,2958,2943
831,3096,3049,3034,3019,3004,2989,2974,2959
832,3112,3097,3050,3035,3020,3005,2990,2975
833,3128,3113,3098,3051,3036,3021,3006,2991
834,3144,3129,3114,3099,3052,3037,3022,3007
835,3160,3145,3130,3115,3100,3053,3038,3023
836,3176,3161,3146,3131,3116,3101,3054,3039
837,3192,3177,3162,3147,3132,3117,3102,3055
838,3208,3193,3178,3163,3148,3133,3118,3103
839,3224,3209,3194,3179,3164,3149,3134,3119
840,3240,3225,3210,3195,3180,3165,3150,3135
841,3256,3241,3226,3211,3196,3181,3166,3151
842,3272,3257,3242,3227,3212,3197,3182,3167
843,3288,3273,3258,3243,3228,3213,3198,3183
844,3304,3289,3274,3259,3244,3229,3214,3199
845,3352,3305,3290,3275,3260,3245,3230,3215
846,3368,3353,3306,3291,3276,3261,3246,3231
847,3384,3369,3354,3307,3292,3277,3262,3247
848,3400,3385,3370,3355,3308,3293,3278,3263
849,3416,3401,3386,3371,3356,3309,3294,3279
850,3432,3417,3402,3387,3372,3357,3310,3295
851,3448,3433,3418,3403,3388,3373,3358,3311
852,3464,3449,3434,3419,3404,3389,3374,3359
853,3480,3465,3450,3435,3420,3405,3390,3375
854,3496,3481,3466,3451,3436,3421,3406,3391
855,3512,3497,3482,3467,3452,3437,3422,3407
856,3528,3513,3498,3483,3468,3453,3438,3423
857,3544,3529,3514,3499,3484,3469,3454,3439
858,3560,3545,3530,3515,3500,3485,3470,3455
859,-1,3561,3546,3531,3516,3501,3486,3471
860,-1,-1,3562,3547,3532,3517,3502,3487
861,-1,-1,-1,3563,3548,3533,3518,3503
862,-1,-1,-1,-1,3564,3549,3534,3519
863,-1,-1,-1,-1,-1,3565,3550,3535
864,-1,-1,-1,-1,-1,-1,3566,3551
865,-1,-1,-1,-1,-1,-1,-1,3567
866,-1,-1,-1,-1,-1,-1,-1,-1
867,-1,-1,-1,-1,-1,-1,-1,-1
868,-1,-1,-1,-1,-1,-1,-1,-1
869,-1,-1,-1,-1,-1,-1,-1,-1
870,-1,-1,-1,-1,-1,-1,-1,-1
871,-1,-1,-1,-1,-1,-1,-1,-1
872,-1,-1,-1,-1,-1,-1,-1,-1
873,-1,-1,-1,-1,-1,-1,-1,-1
874,-1,-1,-1,-1,-1,-1,-1,-1
875,-1,-1,-1,-1,-1,-1,-1,-1
876,-1,-1,-1,-1,-1,-1,-1,-1
877,-1,-1,-1,-1,-1,-1,-1,-1
878,-1,-1,-1,-1,-1,-1,-1,-1
879,-1,-1,-1,-1,-1,-1,-1,-1
880,-1,-1,-1,-1,-1,-1,-1,-1
881,32,-1,-1,-1,-1,-1,-1,-1
882,48,33,-1,-1,-1,-1,-1,-1
883,64,49,34,-1,-1,-1,-1,-1
884,80,65,50,35,-1,-1,-1,-1
885,96,81,66,51,36,-1,-1,-1
886,112,97,82,67,52,37,-1,-1
887,128,113,98,83,68,53,38,-1
888,144,129,114,99,84,69,54,39
889,160,145,130,115,100,85,70,55
890,176,161,146,131,116,101,86,71
891,192,177,162,147,132,117,102,87
892,208,193,178,163,148,133,118,103
893,224,209,194,179,164,149,134,119
894,240,225,210,195,180,165,150,135
895,288,241,226,211,196,181,166,151
896,304,289,242,227,212,197,182,167
897,320,305,290,243,228,213,198,183
898,336,321,306,291,244,229,214,199
899,352,337,322,307,292,245,230,215
900,368,353,338,323,308,293,246,231
901,384,369,354,339,324,309,294,247
902,400,385,370,355,340,325,310,295
903,416,401,386,371,356,341,326,311
904,432,417,402,387,372,357,342,327
905,448,433,418,403,388,373,358,343
906,464,449,434,419,404,389,374,359
907,480,465,450,435,420,405,390,375
908,496,481,466,451,436,421,406,391
909,544,497,482,467,452,437,422,407
910,560,545,498,483,468,453,438,423
911,576,561,546,499,484,469,454,439
912,592,577,562,547,500,485,470,455
913,608,593,578,563,548,501,486,471
914,624,609,594,579,564,549,502,487
915,640,625,610,595,580,565,550,503
916,656,641,626,611,596,581,566,551
917,672,657,642,627,612,597,582,567
918,688,673,658,643,628,613,598,583
919,704,689,674,659,644,629,614,599
920,720,705,690,675,660,645,630,615
921,736,721,706,691,676,661,646,631
922,752,737,722,707,692,677,662,647
923,800,753,738,723,708,693,678,663
924,816,801,754,739,724,709,694,679
925,832,817,802,755,740,725,710,695
926,848,833,818,803,756,741,726,711
927,864,849,834,819,804,757,742,727
928,880,865,850,835,820,805,758,743
929,896,881,866,851,836,821,806,759
930,912,897,882,867,852,837,822,807
931,928,913,898,883,868,853,838,823
932,944,929,914,899,884,869,854,839
933,960,945,930,915,900,885,870,855
934,976,961,946,931,916,901,886,871
935,992,977,962,947,932,917,902,887
936,1008,993,978,963,948,933,918,903
937,1056,1009,994,979,964,949,934,919
938,1072,1057,1010,995,980,965,950,935
939,1088,1073,1058,1011,996,981,966,951
940,1104,1089,1074,1059,1012,997,982,967
941,1120,1105,1090,1075,1060,1013,998,983
942,1136,1121,1106,1091,1076,1061,1014,999
943,1152,1137,1122,1107,1092,1077,1062,1015
944,1168,1153,1138,1123,1108,1093,1078,1063
945,1184,1169,1154,1139,1124,1109,1094,1079
946,1200,1185,1170,1155,1140,1125,1110,1095
947,1216,1201,1186,1171,1156,1141,1126,1111
948,1232,1217,1202,1187,1172,1157,1142,1127
949,1248,1233,1218,1203,1188,1173,1158,1143
950,1264,1249,1234,1219,1204,1189,1174,1159
951,1312,1265,1250,1235,1220,1205,1190,1175
952,1328,1313,1266,1251,1236,1221,1206,1191
953,1344,1329,1314,1267,1252,1237,1222,1207
954,1360,1345,1330,1315,1268,1253,1238,1223
955,1376,1361,1346,1331,1316,1269,1254,1239
956,1392,1377,1362,1347,1332,1317,1270,1255
957,1408,1393,1378,1363,1348,1333,1318,1271
958,1424,1409,1394,1379,1364,1349,1334,1319
959,1440,1425,1410,1395,1380,1365,1350,1335
960,1456,1441,1426,1411,1396,1381,1366,1351
961,1472,1457,1442,1427,1412,1397,1382,1367
962,1488,1473,1458,1443,1428,1413,1398,1383
963,1504,1489,1474,1459,1444,1429,1414,1399
964,1520,1505,1490,1475,1460,1445,1430,1415
965,1568,1521,1506,1491,1476,1461,1446,1431
966,1584,1569,1522,1507,1492,1477,1462,1447
967,1600,1585,1570,1523,1508,1493,1478,1463
968,1616,1601,1586,1571,1524,1509,1494,1479
969,1632,1617,1602,1587,1572,1525,1510,1495
970,1648,1633,1618,1603,1588,1573,1526,1511
971,1664,1649,1634,1619,1604,1589,1574,1527
972,1680,1665,1650,1635,1620,1605,1590,1575
973,1696,1681,1666,1651,1636,1621,1606,1591
974,1712,1697,1682,1667,1652,1637,1622,1607
975,1728,1713,1698,1683,1668,1653,1638,1623
976,1744,1729,1714,1699,1684,1669,1654,1639
977,1760,1745,1730,1715,1700,1685,1670,1655
978,1776,1761,1746,1731,1716,1701,1686,1671
979,1824,1777,1762,1747,1732,1717,1702,1687
980,1840,1825,1778,1763,1748,1733,1718,1703
981,1856,1841,1826,1779,1764,1749,1734,1719
982,1872,1857,1842,1827,1780,1765,1750,1735
983,1888,1873,1858,1843,1828,1781,1766,1751
984,1904,1889,1874,1859,1844,1829,1782,1767
985,1920,1905,1890,1875,1860,1845,1830,1783
986,1936,1921,1906,1891,1876,1861,1846,1831
987,1952,1937,1922,1907,1892,1877,1862,1847
988,1968,1953,1938,1923,1908,1893,1878,1863
989,1984,1969,1954,1939,1924,1909,1894,1879
990,2000,1985,1970,1955,1940,1925,1910,1895
991,2016,2001,1986,1971,1956,1941,1926,1911
992,2032,2017,2002,1987,1972,1957,1942,1927
993,2080,2033,2018,2003,1988,1973,1958,1943
994,2096,2081,2034,2019,2004,1989,1974,1959
995,2112,2097,2082,2035,2020,2005,1990,1975
996,2128,2113,2098,2083,2036,2021,2006,1991
997,2144,2129,2114,2099,2084,2037,2022,2007
998,2160,2145,2130,2115,2100,2085,2038,2023
999,2176,2161,2146,2131,2116,2101,2086,2039
1000,2192,2177,2162,2147,2132,2117,2102,2087
1001,2208,2193,2178,2163,2148,2133,2118,2103
1002,2224,2209,2194,2179,2164,2149,2134,2119
1003,2240,2225,2210,2195,2180,2165,2150,2135
1004,2256,2241,2226,2211,2196,2181,2166,2151
1005,2272,2257,2242,2227,2212,2197,2182,2167
1006,2288,2273,2258,2243,2228,2213,2198,2183
1007,2336,2289,2274,2259,2244,2229,2214,2199
1008,2352,2337,2290,2275,2260,2245,2230,2215
1009,2368,2353,2338,2291,2276,2261,2246,2231
1010,2384,2369,2354,2339,2292,2277,2262,2247
1011,2400,2385,2370,2355,2340,2293,2278,2263
1012,2416,2401,2386,2371,2356,2341,2294,2279
1013,2432,2417,2402,2387,2372,2357,2342,2295
1014,2448,2433,2418,2403,2388,2373,2358,2343
1015,2464,2449,2434,2419,2404,2389,2374,2359
1016,2480,2465,2450,2435,2420,2405,2390,2375
1017,2496,2481,2466,2451,2436,2421,2406,2391
1018,2512,2497,2482,2467,2452,2437,2422,2407
1019,2528,2513,2498,2483,2468,2453,2438,2423
1020,2544,2529,2514,2499,2484,2469,2454,2439
1021,2592,2545,2530,2515,2500,2485,2470,2455
1022,2608,2593,2546,2531,2516,2501,2486,2471
1023,2624,2609,2594,2547,2532,2517,2502,2487
1024,2640,2625,2610,2595,2548,2533,2518,2503
1025,2656,2641,2626,2611,2596,2549,2534,2519
1026,2672,2657,2642,2627,2612,2597,2550,2535
1027,2688,2673,2658,2643,2628,2613,2598,2551
1028,2704,2689,2674,2659,2644,2629,2614,2599
1029,2720,2705,2690,2675,2660,2645,2630,2615
1030,2736,2721,2706,2691,2676,2661,2646,2631
1031,2752,2737,2722,2707,2692,2677,2662,2647
1032,2768,2753,2738,2723,2708,2693,2678,2663
1033,2784,2769,2754,2739,2724,2709,2694,2679
1034,2800,2785,2770,2755,2740,2725,2710,2695
1035,2848,2801,2786,2771,2756,2741,2726,2711
1036,2864,2849,2802,2787,2772,2757,2742,2727
1037,2880,2865,2850,2803,2788,2773,2758,2743
1038,2896,2881,2866,2851,2804,2789,2774,2759
1039,2912,2897,2882,2867,2852,2805,2790,2775
1040,2928,2913,2898,2883,2868,2853,2806,2791
1041,2944,2929,2914,2899,2884,2869,2854,2807
1042,2960,2945,2930,2915,2900,2885,2870,2855
1043,2976,2961,2946,2931,2916,2901,2886,2871
1044,2992,2977,2962,2947,2932,2917,2902,2887
1045,3008,2993,2978,2963,2948,2933,2918,2903
1046,3024,3009,2994,2979,2964,2949,2934,2919
1047,3040,3025,3010,2995,2980,2965,2950,2935
1048,3056,3041,3026,3011,2996,2981,2966,2951
1049,3104,3057,3042,3027,3012,2997,2982,2967
1050,3120,3105,3058,3043,3028,3013,2998,2983
1051,3136,3121,3106,3059,3044,3029,3014,2999
1052,3152,3137,3122,3107,3060,3045,3030,3015
1053,3168,3153,3138,3123,3108,3061,3046,3031
1054,3184,3169,3154,3139,3124,3109,3062,3047
1055,3200,3185,3170,3155,3140,3125,3110,3063
1056,3216,3201,3186,3171,3156,3141,3126,3111
1057,3232,3217,3202,3187,3172,3157,3142,3127
1058,3248,3233,3218,3203,3188,3173,3158,3143
1059,3264,3249,3234,3219,3204,3189,3174,3159
1060,3280,3265,3250,3235,3220,3205,3190,3175
1061,3296,3281,3266,3251,3236,3221,3206,3191
1062,3312,3297,3282,3267,3252,3237,3222,3207
1063,3360,3313,3298,3283,3268,3253,3238,3223
1064,3376,3361,3314,3299,3284,3269,3254,3239
1065,3392,3377,3362,3315,3300,3285,3270,3255
1066,3408,3393,3378,3363,3316,3301,3286,3271
1067,3424,3409,3394,3379,3364,3317,3302,3287
1068,3440,3425,3410,3395,3380,3365,3318,3303
1069,3456,3441,3426,3411,3396,3381,3366,3319
1070,3472,3457,3442,3427,3412,3397,3382,3367
1071,3488,3473,3458,3443,3428,3413,3398,3383
1072,3504,3489,3474,3459,3444,3429,3414,3399
1073,3520,3505,3490,3475,3460,3445,3430,3415
1074,3536,3521,3506,3491,3476,3461,3446,3431
1075,3552,3537,3522,3507,3492,3477,3462,3447
1076,3568,3553,3538,3523,3508,3493,3478,3463
1077,-1,3569,3554,3539,3524,3509,3494,3479
1078,-1,-1,3570,3555,3540,3525,3510,3495
1079,-1,-1,-1,3571,3556,3541,3526,3511
1080,-1,-1,-1,-1,3572,3557,3542,3527
1081,-1,-1,-1,-1,-1,3573,3558,3543
1082,-1,-1,-1,-1,-1,-1,3574,3559
1083,-1,-1,-1,-1,-1,-1,-1,3575
1084,-1,-1,-1,-1,-1,-1,-1,-1
1085,-1,-1,-1,-1,-1,-1,-1,-1
1086,-1,-1,-1,-1,-1,-1,-1,-1
1087,-1,-1,-1,-1,-1,-1,-1,-1
1088,-1,-1,-1,-1,-1,-1,-1,-1
1089,-1,-1,-1,-1,-1,-1,-1,-1
1090,-1,-1,-1,-1,-1,-1,-1,-1
1091,-1,-1,-1,-1,-1,-1,-1,-1
1092,-1,-1,-1,-1,-1,-1,-1,-1
1093,-1,-1,-1,-1,-1,-1,-1,-1
1094,-1,-1,-1,-1,-1,-1,-1,-1
1095,-1,-1,-1,-1,-1,-1,-1,-1
1096,-1,-1,-1,-1,-1,-1,-1,-1
1097,-1,-1,-1,-1,-1,-1,-1,-1
1098,-1,-1,-1,-1,-1,-1,-1,-1
1099,40,-1,-1,-1,-1,-1,-1,-1
1100,56,41,-1,-1,-1,-1,-1,-1
1101,72,57,42,-1,-1,-1,-1,-1
1102,88,73,58,43,-1,-1,-1,-1
1103,104,89,74,59,44,-1,-1,-1
1104,120,105,90,75,60,45,-1,-1
1105,136,121,106,91,76,61,46,-1
1106,152,137,122,107,92,77,62,47
1107,168,153,138,123,108,93,78,63
1108,184,169,154,139,124,109,94,79
1109,200,185,170,155,140,125,110,95
1110,216,201,186,171,156,141,126,111
1111,232,217,202,187,172,157,142,127
1112,248,233,218,203,188,173,158,143
1113,296,249,234,219,204,189,174,159
1114,312,297,250,235,220,205,190,175
1115,328,313,298,251,236,221,206,191
1116,344,329,314,299,252,237,222,207
1117,360,345,330,315,300,253,238,223
1118,376,361,346,331,316,301,254,239
1119,392,377,362,347,332,317,302,255
1120,408,393,378,363,348,333,318,303
1121,424,409,394,379,364,349,334,319
1122,440,425,410,395,380,365,350,335
1123,456,441,426,411,396,381,366,351
1124,472,457,442,427,412,397,382,367
1125,488,473,458,443,428,413,398,383
1126,504,489,474,459,444,429,414,399
1127,552,505,490,475,460,445,430,415
1128,568,553,506,491,476,461,446,431
1129,584,569,554,507,492,477,462,447
1130,600,585,570,555,508,493,478,463
1131,616,601,586,571,556,509,494,479
1132,632,617,602,587,572,557,510,495
1133,648,633,618,603,588,573,558,511
1134,664,649,634,619,604,589,574,559
1135,680,665,650,635,620,605,590,575
1136,696,681,666,651,636,621,606,591
1137,712,697,682,667,652,637,622,607
1138,728,713,698,683,668,653,638,623
1139,744,729,714,699,684,669,654,639
1140,760,745,730,715,700,685,670,655
1141,808,761,746,731,716,701,686,671
1142,824,809,762,747,732,717,702,687
1143,840,825,810,763,748,733,718,703
1144,856,841,826,811,764,749,734,719
1145,872,857,842,827,812,765,750,735
1146,888,873,858,843,828,813,766,751
1147,904,889,874,859,844,829,814,767
1148,920,905,890,875,860,845,830,815
1149,936,921,906,891,876,861,846,831
1150,952,937,922,907,892,877,862,847
1151,968,953,938,923,908,893,878,863
1152,984,969,954,939,924,909,894,879
1153,1000,985,970,955,940,925,910,895
1154,1016,1001,986,971,956,941,926,911
1155,1064,1017,1002,987,972,957,942,927
1156,1080,1065,1018,1003,988,973,958,943
1157,1096,1081,1066,1019,1004,989,974,959
1158,1112,1097,1082,1067,1020,1005,990,975
1159,1128,1113,1098,1083,1068,1021,1006,991
1160,1144,1129,1114,1099,1084,1069,1022,1007
1161,1160,1145,1130,1115,1100,1085,1070,1023
1162,1176,1161,1146,1131,1116,1101,1086,1071
1163,1192,1177,1162,1147,1132,1117,1102,1087
1164,1208,1193,1178,1163,1148,1133,1118,1103
1165,1224,1209,1194,1179,1164,1149,1134,1119
1166,1240,1225,1210,1195,1180,1165,1150,1135
1167,1256,1241,1226,1211,1196,1181,1166,1151
1168,1272,1257,1242,1227,1212,1197,1182,1167
1169,1320,1273,1258,1243,1228,1213,1198,1183
1170,1336,1321,1274,1259,1244,1229,1214,1199
1171,1352,1337,1322,1275,1260,1245,1230,1215
1172,1368,1353,1338,1323,1276,1261,1246,1231
1173,1384,1369,1354,1339,1324,1277,1262,1247
1174,1400,1385,1370,1355,1340,1325,1278,1263
1175,1416,1401,1386,1371,1356,1341,1326,1279
1176,1432,1417,1402,1387,1372,1357,1342,1327
1177,1448,1433,1418,1403,1388,1373,1358,1343
1178,1464,1449,1434,1419,1404,1389,1374,1359
1179,1480,1465,1450,1435,1420,1405,1390,1375
1180,1496,1481,1466,1451,1436,1421,1406,1391
1181,1512,1497,1482,1467,1452,1437,1422,1407
1182,1528,1513,1498,1483,1468,1453,1438,1423
1183,1576,1529,1514,1499,1484,1469,1454,1439
1184,1592,1577,1530,1515,1500,1485,1470,1455
1185,1608,1593,1578,1531,1516,1501,1486,1471
1186,1624,1609,1594,1579,1532,1517,1502,1487
1187,1640,1625,1610,1595,1580,1533,1518,1503
1188,1656,1641,1626,1611,1596,1581,1534,1519
1189,1672,1657,1642,1627,1612,1597,1582,1535
1190,1688,1673,1658,1643,1628,1613,1598,1583
1191,1704,1689,1674,1659,1644,1629,1614,1599
1192,1720,1705,1690,1675,1660,1645,1630,1615
1193,1736,1721,1706,1691,1676,1661,1646,1631
1194,1752,1737,1722,1707,1692,1677,1662,1647
1195,1768,1753,1738,1723,1708,1693,1678,1663
1196,1784,1769,1754,1739,1724,1709,1694,1679
1197,1832,1785,1770,1755,1740,1725,1710,1695
1198,1848,1833,1786,1771,1756,1741,1726,1711
1199,1864,1849,1834,1787,1772,1757,1742,1727
1200,1880,1865,1850,1835,1788,1773,1758,1743
1201,1896,1881,1866,1851,1836,1789,1774,1759
1202,1912,1897,1882,1867,1852,1837,1790,1775
1203,1928,1913,1898,1883,1868,1853,1838,1791
1204,1944,1929,1914,1899,1884,1869,1854,1839
1205,1960,1945,1930,1915,1900,1885,1870,1855
1206,1976,1961,1946,1931,1916,1901,1886,1871
1207,1992,1977,1962,1947,1932,1917,1902,1887
1208,2008,1993,1978,1963,1948,1933,1918,1903
1209,2024,2009,1994,1979,1964,1949,1934,1919
1210,2040,2025,2010,1995,1980,1965,1950,1935
1211,2088,2041,2026,2011,1996,1981,1966,1951
1212,2104,2089,2042,2027,2012,1997,1982,1967
1213,2120,2105,2090,2043,2028,2013,1998,1983
1214,2136,2121,2106,2091,2044,2029,2014,1999
1215,2152,2137,2122,2107,2092,2045,2030,2015
1216,2168,2153,2138,2123,2108,2093,2046,2031
1217,2184,2169,2154,2139,2124,2109,2094,2047
1218,2200,2185,2170,2155,2140,2125,2110,2095
1219,2216,2201,2186,2171,2156,2141,2126,2111
1220,2232,2217,2202,2187,2172,2157,2142,2127
1221,2248,2233,2218,2203,2188,2173,2158,2143
1222,2264,2249,2234,2219,2204,2189,2174,2159
1223,2280,2265,2250,2235,2220,2205,2190,2175
1224,2296,2281,2266,2251,2236,2221,2206,2191
1225,2344,2297,2282,2267,2252,2237,2222,2207
1226,2360,2345,2298,2283,2268,2253,2238,2223
1227,2376,2361,2346,2299,2284,2269,2254,2239
1228,2392,2377,2362,2347,2300,2285,2270,2255
1229,2408,2393,2378,2363,2348,2301,2286,2271
1230,2424,2409,2394,2379,2364,2349,2302,2287
1231,2440,2425,2410,2395,2380,2365,2350,2303
1232,2456,2441,2426,2411,2396,2381,2366,2351
1233,2472,2457,2442,2427,2412,2397,2382,2367
1234,2488,2473,2458,2443,2428,2413,2398,2383
1235,2504,2489,2474,2459,2444,2429,2414,2399
1236,2520,2505,2490,2475,2460,2445,2430,2415
1237,2536,2521,2506,2491,2476,2461,2446,2431
1238,2552,2537,2522,2507,2492,2477,2462,2447
1239,2600,2553,2538,2523,2508,2493,2478,2463
1240,2616,2601,2554,2539,2524,2509,2494,2479
1241,2632,2617,2602,2555,2540,2525,2510,2495
1242,2648,2633,2618,2603,2556,2541,2526,2511
1243,2664,2649,2634,2619,2604,2557,2542,2527
1244,2680,2665,2650,2635,2620,2605,2558,2543
1245,2696,2681,2666,2651,2636,2621,2606,2559
1246,2712,2697,2682,2667,2652,2637,2622,2607
1247,2728,2713,2698,2683,2668,2653,2638,2623
1248,2744,2729,2714,2699,2684,2669,2654,2639
1249,2760,2745,2730,2715,2700,2685,2670,2655
1250,2776,2761,2746,2731,2716,2701,2686,2671
1251,2792,2777,2762,2747,2732,2717,2702,2687
1252,2808,2793,2778,2763,2748,2733,2718,2703
1253,2856,2809,2794,2779,2764,2749,2734,2719
1254,2872,2857,2810,2795,2780,2765,2750,2735
1255,2888,2873,2858,2811,2796,2781,2766,2751
1256,2904,2889,2874,2859,2812,2797,2782,2767
1257,2920,2905,2890,2875,2860,2813,2798,2783
1258,2936,2921,2906,2891,2876,2861,2814,2799
1259,2952,2937,2922,2907,2892,2877,2862,2815
1260,2968,2953,2938,2923,2908,2893,2878,2863
1261,2984,2969,2954,2939,2924,2909,2894,2879
1262,3000,2985,2970,2955,2940,2925,2910,2895
1263,3016,3001,2986,2971,2956,2941,2926,2911
1264,3032,3017,3002,2987,2972,2957,2942,2927
1265,3048,3033,3018,3003,2988,2973,2958,2943
1266,3064,3049,3034,3019,3004,2989,2974,2959
1267,3112,3065,3050,3035,3020,3005,2990,2975
1268,3128,3113,3066,3051,3036,3021,3006,2991
1269,3144,3129,3114,3067,3052,3037,3022,3007
1270,3160,3145,3130,3115,3068,3053,3038,3023
1271,3176,3161,3146,3131,3116,3069,3054,3039
1272,3192,3177,3162,3147,3132,3117,3070,3055
1273,3208,3193,3178,3163,3148,3133,3118,3071
1274,3224,3209,3194,3179,3164,3149,3134,3119
1275,3240,3225,3210,3195,3180,3165,3150,3135
1276,3256,3241,3226,3211,3196,3181,3166,3151
1277,3272,3257,3242,3227,3212,3197,3182,3167
1278,3288,3273,3258,3243,3228,3213,3198,3183
1279,3304,3289,3274,3259,3244,3229,3214,3199
1280,3320,3305,3290,3275,3260,3245,3230,3215
1281,3368,3321,3306,3291,3276,3261,3246,3231
1282,3384,3369,3322,3307,3292,3277,3262,3247
1283,3400,3385,3370,3323,3308,3293,3278,3263
1284,3416,3401,3386,3371,3324,3309,3294,3279
1285,3432,3417,3402,3387,3372,3325,3310,3295
1286,3448,3433,3418,3403,3388,3373,3326,3311
1287,3464,3449,3434,3419,3404,3389,3374,3327
1288,3480,3465,3450,3435,3420,3405,3390,3375
1289,3496,3481,3466,3451,3436,3421,3406,3391
1290,3512,3497,3482,3467,3452,3437,3422,3407
1291,3528,3513,3498,3483,3468,3453,3438,3423
1292,3544,3529,3514,3499,3484,3469,3454,3439
1293,3560,3545,3530,3515,3500,3485,3470,3455
1294,3576,3561,3546,3531,3516,3501,3486,3471
1295,-1,3577,3562,3547,3532,3517,3502,3487
1296,-1,-1,3578,3563,3548,3533,3518,3503
1297,-1,-1,-1,3579,3564,3549,3534,3519
1298,-1,-1,-1,-1,3580,3565,3550,3535
1299,-1,-1,-1,-1,-1,3581,3566,3551
1300,-1,-1,-1,-1,-1,-1,3582,3567
1301,-1,-1,-1,-1,-1,-1,-1,3583
1302,-1,-1,-1,-1,-1,-1,-1,-1
1303,-1,-1,-1,-1,-1,-1,-1,-1
1304,-1,-1,-1,-1,-1,-1,-1,-1
1305,-1,-1,-1,-1,-1,-1,-1,-1
1306,-1,-1,-1,-1,-1,-1,-1,-1
1307,-1,-1,-1,-1,-1,-1,-1,-1
1308,-1,-1,-1,-1,-1,-1,-1,-1
1309,-1,-1,-1,-1,-1,-1,-1,-1
1310,-1,-1,-1,-1,-1,-1,-1,-1
1311,-1,-1,-1,-1,-1,-1,-1,-1
1312,-1,-1,-1,-1,-1,-1,-1,-1
1313,-1,-1,-1,-1,-1,-1,-1,-1
1314,-1,-1,-1,-1,-1,-1,-1,-1
1315,-1,-1,-1,-1,-1,-1,-1,-1
1316,-1,-1,-1,-1,-1,-1,-1,-1
1317,256,-1,-1,-1,-1,-1,-1,-1
1318,272,257,-1,-1,-1,-1,-1,-1
1319,288,273,258,-1,-1,-1,-1,-1
1320,304,289,274,259,-1,-1,-1,-1
1321,320,305,290,275,260,-1,-1,-1
1322,336,321,306,291,276,261,-1,-1
1323,352,337,322,307,292,277,262,-1
1324,368,353,338,323,308,293,278,263
1325,384,369,354,339,324,309,294,279
1326,400,385,370,355,340,325,310,295
1327,416,401,386,371,356,341,326,311
1328,432,417,402,387,372,357,342,327
1329,448,433,418,403,388,373,358,343
1330,464,449,434,419,404,389,374,359
1331,512,465,450,435,420,405,390,375
1332,528,513,466,451,436,421,406,391
1333,544,529,514,467,452,437,422,407
1334,560,545,530,515,468,453,438,423
1335,576,561,546,531,516,469,454,439
1336,592,577,562,547,532,517,470,455
1337,608,593,578,563,548,533,518,471
1338,624,609,594,579,564,549,534,519
1339,640,625,610,595,580,565,550,535
1340,656,641,626,611,596,581,566,551
1341,672,657,642,627,612,597,582,567
1342,688,673,658,643,628,613,598,583
1343,704,689,674,659,644,629,614,599
1344,720,705,690,675,660,645,630,615
1345,768,721,706,691,676,661,646,631
1346,784,769,722,707,692,677,662,647
1347,800,785,770,723,708,693,678,663
1348,816,801,786,771,724,709,694,679
1349,832,817,802,787,772,725,710,695
1350,848,833,818,803,788,773,726,711
1351,864,849,834,819,804,789,774,727
1352,880,865,850,835,820,805,790,775
1353,896,881,866,851,836,821,806,791
1354,912,897,882,867,852,837,822,807
1355,928,913,898,883,868,853,838,823
1356,944,929,914,899,884,869,854,839
1357,960,945,930,915,900,885,870,855
1358,976,961,946,931,916,901,886,871
1359,1024,977,962,947,932,917,902,887
1360,1040,1025,978,963,948,933,918,903
1361,1056,1041,1026,979,964,949,934,919
1362,1072,1057,1042,1027,980,965,950,935
1363,1088,1073,1058,1043,1028,981,966,951
1364,1104,1089,1074,1059,1044,1029,982,967
1365,1120,1105,1090,1075,1060,1045,1030,983
1366,1136,1121,1106,1091,1076,1061,1046,1031
1367,1152,1137,1122,1107,1092,1077,1062,1047
1368,1168,1153,1138,1123,1108,1093,1078,1063
1369,1184,1169,1154,1139,1124,1109,1094,1079
1370,1200,1185,1170,1155,1140,1125,1110,1095
1371,1216,1201,1186,1171,1156,1141,1126,1111
1372,1232,1217,1202,1187,1172,1157,1142,1127
1373,1280,1233,1218,1203,1188,1173,1158,1143
1374,1296,1281,1234,1219,1204,1189,1174,1159
1375,1312,1297,1282,1235,1220,1205,1190,1175
1376,1328,1313,1298,1283,1236,1221,1206,1191
1377,1344,1329,1314,1299,1284,1237,1222,1207
1378,1360,1345,1330,1315,1300,1285,1238,1223
1379,1376,1361,1346,1331,1316,1301,1286,1239
1380,1392,1377,1362,1347,1332,1317,1302,1287
1381,1408,1393,1378,1363,1348,1333,1318,1303
1382,1424,1409,1394,1379,1364,1349,1334,1319
1383,1440,1425,1410,1395,1380,1365,1350,1335
1384,1456,1441,1426,1411,1396,1381,1366,1351
1385,1472,1457,1442,1427,1412,1397,1382,1367
1386,1488,1473,1458,1443,1428,1413,1398,1383
1387,1536,1489,1474,1459,1444,1429,1414,1399
1388,1552,1537,1490,1475,1460,1445,1430,1415
1389,1568,1553,1538,1491,1476,1461,1446,1431
1390,1584,1569,1554,1539,1492,1477,1462,1447
1391,1600,1585,1570,1555,1540,1493,1478,1463
1392,1616,1601,1586,1571,1556,1541,1494,1479
1393,1632,1617,1602,1587,1572,1557,1542,1495
1394,1648,1633,1618,1603,1588,1573,1558,1543
1395,1664,1649,1634,1619,1604,1589,1574,1559
1396,1680,1665,1650,1635,1620,1605,1590,1575
1397,1696,1681,1666,1651,1636,1621,1606,1591
1398,1712,1697,1682,1667,1652,1637,1622,1607
1399,1728,1713,1698,1683,1668,1653,1638,1623
1400,1744,1729,1714,1699,1684,1669,1654,1639
1401,1792,1745,1730,1715,1700,1685,1670,1655
1402,1808,1793,1746,1731,1716,1701,1686,1671
1403,1824,1809,1794,1747,1732,1717,1702,1687
1404,1840,1825,1810,1795,1748,1733,1718,1703
1405,1856,1841,1826,1811,1796,1749,1734,1719
1406,1872,1857,1842,1827,1812,1797,1750,1735
1407,1888,1873,1858,1843,1828,1813,1798,1751
1408,1904,1889,1874,1859,1844,1829,1814,1799
1409,1920,1905,1890,1875,1860,1845,1830,1815
1410,1936,1921,1906,1891,1876,1861,1846,1831
1411,1952,1937,1922,1907,1892,1877,1862,1847
1412,1968,1953,1938,1923,1908,1893,1878,1863
1413,1984,1969,1954,1939,1924,1909,1894,1879
1414,2000,1985,1970,1955,1940,1925,1910,1895
1415,2048,2001,1986,1971,1956,1941,1926,1911
1416,2064,2049,2002,1987,1972,1957,1942,1927
1417,2080,2065,2050,2003,1988,1973,1958,1943
1418,2096,2081,2066,2051,2004,1989,1974,1959
1419,2112,2097,2082,2067,2052,2005,1990,1975
1420,2128,2113,2098,2083,2068,2053,2006,1991
1421,2144,2129,2114,2099,2084,2069,2054,2007
1422,2160,2145,2130,2115,2100,2085,2070,2055
1423,2176,2161,2146,2131,2116,2101,2086,2071
1424,2192,2177,2162,2147,2132,2117,2102,2087
1425,2208,2193,2178,2163,2148,2133,2118,2103
1426,2224,2209,2194,2179,2164,2149,2134,2119
1427,2240,2225,2210,2195,2180,2165,2150,2135
1428,2256,2241,2226,2211,2196,2181,2166,2151
1429,2304,2257,2242,2227,2212,2197,2182,2167
1430,2320,2305,2258,2243,2228,2213,2198,2183
1431,2336,2321,2306,2259,2244,2229,2214,2199
1432,2352,2337,2322,2307,2260,2245,2230,2215
1433,2368,2353,2338,2323,2308,2261,2246,2231
1434,2384,2369,2354,2339,2324,2309,2262,2247
1435,2400,2385,2370,2355,2340,2325,2310,2263
1436,2416,2401,2386,2371,2356,2341,2326,2311
1437,2432,2417,2402,2387,2372,2357,2342,2327
1438,2448,2433,2418,2403,2388,2373,2358,2343
1439,2464,2449,2434,2419,2404,2389,2374,2359
1440,2480,2465,2450,2435,2420,2405,2390,2375
1441,2496,2481,2466,2451,2436,2421,2406,2391
1442,2512,2497,2482,2467,2452,2437,2422,2407
1443,2560,2513,2498,2483,2468,2453,2438,2423
1444,2576,2561,2514,2499,2484,2469,2454,2439
1445,2592,2577,2562,2515,2500,2485,2470,2455
1446,2608,2593,2578,2563,2516,2501,2486,2471
1447,2624,2609,2594,2579,2564,2517,2502,2487
1448,2640,2625,2610,2595,2580,2565,2518,2503
1449,2656,2641,2626,2611,2596,2581,2566,2519
1450,2672,2657,2642,2627,2612,2597,2582,2567
1451,2688,2673,2658,2643,2628,2613,2598,2583
1452,2704,2689,2674,2659,2644,2629,2614,2599
1453,2720,2705,2690,2675,2660,2645,2630,2615
1454,2736,2721,2706,2691,2676,2661,2646,2631
1455,2752,2737,2722,2707,2692,2677,2662,2647
1456,2768,2753,2738,2723,2708,2693,2678,2663
1457,2816,2769,2754,2739,2724,2709,2694,2679
1458,2832,2817,2770,2755,2740,2725,2710,2695
1459,2848,2833,2818,2771,2756,2741,2726,2711
1460,2864,2849,2834,2819,2772,2757,2742,2727
1461,2880,2865,2850,2835,2820,2773,2758,2743
1462,2896,2881,2866,2851,2836,2821,2774,2759
1463,2912,2897,2882,2867,2852,2837,2822,2775
1464,2928,2913,2898,2883,2868,2853,2838,2823
1465,2944,2929,2914,2899,2884,2869,2854,2839
1466,2960,2945,2930,2915,2900,2885,2870,2855
1467,2976,2961,2946,2931,2916,2901,2886,2871
1468,2992,2977,2962,2947,2932,2917,2902,2887
1469,3008,2993,2978,2963,2948,2933,2918,2903
1470,3024,3009,2994,2979,2964,2949,2934,2919
1471,3072,3025,3010,2995,2980,2965,2950,2935
1472,3088,3073,3026,3011,2996,2981,2966,2951
1473,3104,3089,3074,3027,3012,2997,2982,2967
1474,3120,3105,3090,3075,3028,3013,2998,2983
1475,3136,3121,3106,3091,3076,3029,3014,2999
1476,3152,3137,3122,3107,3092,3077,3030,3015
1477,3168,3153,3138,3123,3108,3093,3078,3031
1478,3184,3169,3154,3139,3124,3109,3094,3079
1479,3200,3185,3170,3155,3140,3125,3110,3095
1480,3216,3201,3186,3171,3156,3141,3126,3111
1481,3232,3217,3202,3187,3172,3157,3142,3127
1482,3248,3233,3218,3203,3188,3173,3158,3143
1483,3264,3249,3234,3219,3204,3189,3174,3159
1484,3280,3265,3250,3235,3220,3205,3190,3175
1485,3328,3281,3266,3251,3236,3221,3206,3191
1486,3344,3329,3282,3267,3252,3237,3222,3207
1487,3360,3345,3330,3283,3268,3253,3238,3223
1488,3376,3361,3346,3331,3284,3269,3254,3239
1489,3392,3377,3362,3347,3332,3285,3270,3255
1490,3408,3393,3378,3363,3348,3333,3286,3271
1491,3424,3409,3394,3379,3364,3349,3334,3287
1492,3440,3425,3410,3395,3380,3365,3350,3335
1493,3456,3441,3426,3411,3396,3381,3366,3351
1494,3472,3457,3442,3427,3412,3397,3382,3367
1495,3488,3473,3458,3443,3428,3413,3398,3383
1496,3504,3489,3474,3459,3444,3429,3414,3399
1497,3520,3505,3490,3475,3460,3445,3430,3415
1498,3536,3521,3506,3491,3476,3461,3446,3431
1499,3584,3537,3522,3507,3492,3477,3462,3447
1500,3600,3585,3538,3523,3508,3493,3478,3463
1501,3616,3601,3586,3539,3524,3509,3494,3479
1502,3632,3617,3602,3587,3540,3525,3510,3495
1503,3648,3633,3618,3603,3588,3541,3526,3511
1504,3664,3649,3634,3619,3604,3589,3542,3527
1505,3680,3665,3650,3635,3620,3605,3590,3543
1506,3696,3681,3666,3651,3636,3621,3606,3591
1507,3712,3697,3682,3667,3652,3637,3622,3607
1508,3728,3713,3698,3683,3668,3653,3638,3623
1509,3744,3729,3714,3699,3684,3669,3654,3639
1510,3760,3745,3730,3715,3700,3685,3670,3655
1511,3776,3761,3746,3731,3716,3701,3686,3671
1512,3792,3777,3762,3747,3732,3717,3702,3687
1513,-1,3793,3778,3763,3748,3733,3718,3703
1514,-1,-1,3794,3779,3764,3749,3734,3719
1515,-1,-1,-1,3795,3780,3765,3750,3735
1516,-1,-1,-1,-1,3796,3781,3766,3751
1517,-1,-1,-1,-1,-1,3797,3782,3767
1518,-1,-1,-1,-1,-1,-1,3798,3783
1519,-1,-1,-1,-1,-1,-1,-1,3799
1520,-1,-1,-1,-1,-1,-1,-1,-1
1521,-1,-1,-1,-1,-1,-1,-1,-1
1522,-1,-1,-1,-1,-1,-1,-1,-1
1523,-1,-1,-1,-1,-1,-1,-1,-1
1524,-1,-1,-1,-1,-1,-1,-1,-1
1525,-1,-1,-1,-1,-1,-1,-1,-1
1526,-1,-1,-1,-1,-1,-1,-1,-1
1527,-1,-1,-1,-1,-1,-1,-1,-1
1528,-1,-1,-1,-1,-1,-1,-1,-1
1529,-1,-1,-1,-1,-1,-1,-1,-1
1530,-1,-1,-1,-1,-1,-1,-1,-1
1531,-1,-1,-1,-1,-1,-1,-1,-1
1532,-1,-1,-1,-1,-1,-1,-1,-1
1533,-1,-1,-1,-1,-1,-1,-1,-1
1534,-1,-1,-1,-1,-1,-1,-1,-1
1535,264,-1,-1,-1,-1,-1,-1,-1
1536,280,265,-1,-1,-1,-1,-1,-1
1537,296,281,266,-1,-1,-1,-1,-1
1538,312,297,282,267,-1,-1,-1,-1
1539,328,313,298,283,268,-1,-1,-1
1540,344,329,314,299,284,269,-1,-1
1541,360,345,330,315,300,285,270,-1
1542,376,361,346,331,316,301,286,271
1543,392,377,362,347,332,317,302,287
1544,408,393,378,363,348,333,318,303
1545,424,409,394,379,364,349,334,319
1546,440,425,410,395,380,365,350,335
1547,456,441,426,411,396,381,366,351
1548,472,457,442,427,412,397,382,367
1549,520,473,458,443,428,413,398,383
1550,536,521,474,459,444,429,414,399
1551,552,537,522,475,460,445,430,415
1552,568,553,538,523,476,461,446,431
1553,584,569,554,539,524,477,462,447
1554,600,585,570,555,540,525,478,463
1555,616,601,586,571,556,541,526,479
1556,632,617,602,587,572,557,542,527
1557,648,633,618,603,588,573,558,543
1558,664,649,634,619,604,589,574,559
1559,680,665,650,635,620,605,590,575
1560,696,681,666,651,636,621,606,591
1561,712,697,682,667,652,637,622,607
1562,728,713,698,683,668,653,638,623
1563,776,729,714,699,684,669,654,639
1564,792,777,730,715,700,685,670,655
1565,808,793,778,731,716,701,686,671
1566,824,809,794,779,732,717,702,687
1567,840,825,810,795,780,733,718,703
1568,856,841,826,811,796,781,734,719
1569,872,857,842,827,812,797,782,735
1570,888,873,858,843,828,813,798,783
1571,904,889,874,859,844,829,814,799
1572,920,905,890,875,860,845,830,815
1573,936,921,906,891,876,861,846,831
1574,952,937,922,907,892,877,862,847
1575,968,953,938,923,908,893,878,863
1576,984,969,954,939,924,909,894,879
1577,1032,985,970,955,940,925,910,895
1578,1048,1033,986,971,956,941,926,911
1579,1064,1049,1034,987,972,957,942,927
1580,1080,1065,1050,1035,988,973,958,943
1581,1096,1081,1066,1051,1036,989,974,959
1582,1112,1097,1082,1067,1052,1037,990,975
1583,1128,1113,1098,1083,1068,1053,1038,991
1584,1144,1129,1114,1099,1084,1069,1054,1039
1585,1160,1145,1130,1115,1100,1085,1070,1055
1586,1176,1161,1146,1131,1116,1101,1086,1071
1587,1192,1177,1162,1147,1132,1117,1102,1087
1588,1208,1193,1178,1163,1148,1133,1118,1103
1589,1224,1209,1194,1179,1164,1149,1134,1119
1590,1240,1225,1210,1195,1180,1165,1150,1135
1591,1288,1241,1226,1211,1196,1181,1166,1151
1592,1304,1289,1242,1227,1212,1197,1182,1167
1593,1320,1305,1290,1243,1228,1213,1198,1183
1594,1336,1321,1306,1291,1244,1229,1214,1199
1595,1352,1337,1322,1307,1292,1245,1230,1215
1596,1368,1353,1338,1323,1308,1293,1246,1231
1597,1384,1369,1354,1339,1324,1309,1294,1247
1598,1400,1385,1370,1355,1340,1325,1310,1295
1599,1416,1401,1386,1371,1356,1341,1326,1311
1600,1432,1417,1402,1387,1372,1357,1342,1327
1601,1448,1433,1418,1403,1388,1373,1358,1343
1602,1464,1449,1434,1419,1404,1389,1374,1359
1603,1480,1465,1450,1435,1420,1405,1390,1375
1604,1496,1481,1466,1451,1436,1421,1406,1391
1605,1544,1497,1482,1467,1452,1437,1422,1407
1606,1560,1545,1498,1483,1468,1453,1438,1423
1607,1576,1561,1546,1499,1484,1469,1454,1439
1608,1592,1577,1562,1547,1500,1485,1470,1455
1609,1608,1593,1578,1563,1548,1501,1486,1471
1610,1624,1609,1594,1579,1564,1549,1502,1487
1611,1640,1625,1610,1595,1580,1565,1550,1503
1612,1656,1641,1626,1611,1596,1581,1566,1551
1613,1672,1657,1642,1627,1612,1597,1582,1567
1614,1688,1673,1658,1643,1628,1613,1598,1583
1615,1704,1689,1674,1659,1644,1629,1614,1599
1616,1720,1705,1690,1675,1660,1645,1630,1615
1617,1736,1721,1706,1691,1676,1661,1646,1631
1618,1752,1737,1722,1707,1692,1677,1662,1647
1619,1800,1753,1738,1723,1708,1693,1678,1663
1620,1816,1801,1754,1739,1724,1709,1694,1679
1621,1832,1817,1802,1755,1740,1725,1710,1695
1622,1848,1833,1818,1803,1756,1741,1726,1711
1623,1864,1849,1834,1819,1804,1757,1742,1727
1624,1880,1865,1850,1835,1820,1805,1758,1743
1625,1896,1881,1866,1851,1836,1821,1806,1759
1626,1912,1897,1882,1867,1852,1837,1822,1807
1627,1928,1913,1898,1883,1868,1853,1838,1823
1628,1944,1929,1914,1899,1884,1869,1854,1839
1629,1960,1945,1930,1915,1900,1885,1870,1855
1630,1976,1961,1946,1931,1916,1901,1886,1871
1631,1992,1977,1962,1947,1932,1917,1902,1887
1632,2008,1993,1978,1963,1948,1933,1918,1903
1633,2056,2009,1994,1979,1964,1949,1934,1919
1634,2072,2057,2010,1995,1980,1965,1950,1935
1635,2088,2073,2058,2011,1996,1981,1966,1951
1636,2104,2089,2074,2059,2012,1997,1982,1967
1637,2120,2105,2090,2075,2060,2013,1998,1983
1638,2136,2121,2106,2091,2076,2061,2014,1999
1639,2152,2137,2122,2107,2092,2077,2062,2015
1640,2168,2153,2138,2123,2108,2093,2078,2063
1641,2184,2169,2154,2139,2124,2109,2094,2079
1642,2200,2185,2170,2155,2140,2125,2110,2095
1643,2216,2201,2186,2171,2156,2141,2126,2111
1644,2232,2217,2202,2187,2172,2157,2142,2127
1645,2248,2233,2218,2203,2188,2173,2158,2143
1646,2264,2249,2234,2219,2204,2189,2174,2159
1647,2312,2265,2250,2235,2220,2205,2190,2175
1648,2328,2313,2266,2251,2236,2221,2206,2191
1649,2344,2329,2314,2267,2252,2237,2222,2207
1650,2360,2345,2330,2315,2268,2253,2238,2223
1651,2376,2361,2346,2331,2316,2269,2254,2239
1652,2392,2377,2362,2347,2332,2317,2270,2255
1653,2408,2393,2378,2363,2348,2333,2318,2271
1654,2424,2409,2394,2379,2364,2349,2334,2319
1655,2440,2425,2410,2395,2380,2365,2350,2335
1656,2456,2441,2426,2411,2396,2381,2366,2351
1657,2472,2457,2442,2427,2412,2397,2382,2367
1658,2488,2473,2458,2443,2428,2413,2398,2383
1659,2504,2489,2474,2459,2444,2429,2414,2399
1660,2520,2505,2490,2475,2460,2445,2430,2415
1661,2568,2521,2506,2491,2476,2461,2446,2431
1662,2584,2569,2522,2507,2492,2477,2462,2447
1663,2600,2585,2570,2523,2508,2493,2478,2463
1664,2616,2601,2586,2571,2524,2509,2494,2479
1665,2632,2617,2602,2587,2572,2525,2510,2495
1666,2648,2633,2618,2603,2588,2573,2526,2511
1667,2664,2649,2634,2619,2604,2589,2574,2527
1668,2680,2665,2650,2635,2620,2605,2590,2575
1669,2696,2681,2666,2651,2636,2621,2606,2591
1670,2712,2697,2682,2667,2652,2637,2622,2607
1671,2728,2713,2698,2683,2668,2653,2638,2623
1672,2744,2729,2714,2699,2684,2669,2654,2639
1673,2760,2745,2730,2715,2700,2685,2670,2655
1674,2776,2761,2746,2731,2716,2701,2686,2671
1675,2824,2777,2762,2747,2732,2717,2702,2687
1676,2840,2825,2778,2763,2748,2733,2718,2703
1677,2856,2841,2826,2779,2764,2749,2734,2719
1678,2872,2857,2842,2827,2780,2765,2750,2735
1679,2888,2873,2858,2843,2828,2781,2766,2751
1680,2904,2889,2874,2859,2844,2829,2782,2767
1681,2920,2905,2890,2875,2860,2845,2830,2783
1682,2936,2921,2906,2891,2876,2861,2846,2831
1683,2952,2937,2922,2907,2892,2877,2862,2847
1684,2968,2953,2938,2923,2908,2893,2878,2863
1685,2984,2969,2954,2939,2924,2909,2894,2879
1686,3000,2985,2970,2955,2940,2925,2910,2895
1687,3016,3001,2986,2971,2956,2941,2926,2911
1688,3032,3017,3002,2987,2972,2957,2942,2927
1689,3080,3033,3018,3003,2988,2973,2958,2943
1690,3096,3081,3034,3019,3004,2989,2974,2959
1691,3112,3097,3082,3035,3020,3005,2990,2975
1692,3128,3113,3098,3083,3036,3021,3006,2991
1693,3144,3129,3114,3099,3084,3037,3022,3007
1694,3160,3145,3130,3115,3100,3085,3038,3023
1695,3176,3161,3146,3131,3116,3101,3086,3039
1696,3192,3177,3162,3147,3132,3117,3102,3087
1697,3208,3193,3178,3163,3148,3133,3118,3103
1698,3224,3209,3194,3179,3164,3149,3134,3119
1699,3240,3225,3210,3195,3180,3165,3150,3135
1700,3256,3241,3226,3211,3196,3181,3166,3151
1701,3272,3257,3242,3227,3212,3197,3182,3167
1702,3288,3273,3258,3243,3228,3213,3198,3183
1703,3336,3289,3274,3259,3244,3229,3214,3199
1704,3352,3337,3290,3275,3260,3245,3230,3215
1705,3368,3353,3338,3291,3276,3261,3246,3231
1706,3384,3369,3354,3339,3292,3277,3262,3247
1707,3400,3385,3370,3355,3340,3293,3278,3263
1708,3416,3401,3386,3371,3356,3341,3294,3279
1709,3432,3417,3402,3387,3372,3357,3342,3295
1710,3448,3433,3418,3403,3388,3373,3358,3343
1711,3464,3449,3434,3419,3404,3389,3374,3359
1712,3480,3465,3450,3435,3420,3405,3390,3375
1713,3496,3481,3466,3451,3436,3421,3406,3391
1714,3512,3497,3482,3467,3452,3437,3422,3407
1715,3528,3513,3498,3483,3468,3453,3438,3423
1716,3544,3529,3514,3499,3484,3469,3454,3439
1717,3592,3545,3530,3515,3500,3485,3470,3455
1718,3608,3593,3546,3531,3516,3501,3486,3471
1719,3624,3609,3594,3547,3532,3517,3502,3487
1720,3640,3625,3610,3595,3548,3533,3518,3503
1721,3656,3641,3626,3611,3596,3549,3534,3519
1722,3672,3657,3642,3627,3612,3597,3550,3535
1723,3688,3673,3658,3643,3628,3613,3598,3551
1724,3704,3689,3674,3659,3644,3629,3614,3599
1725,3720,3705,3690,3675,3660,3645,3630,3615
1726,3736,3721,3706,3691,3676,3661,3646,3631
1727,3752,3737,3722,3707,3692,3677,3662,3647
1728,3768,3753,3738,3723,3708,3693,3678,3663
1729,3784,3769,3754,3739,3724,3709,3694,3679
1730,3800,3785,3770,3755,3740,3725,3710,3695
1731,-1,3801,3786,3771,3756,3741,3726,3711
1732,-1,-1,3802,3787,3772,3757,3742,3727
1733,-1,-1,-1,3803,3788,3773,3758,3743
1734,-1,-1,-1,-1,3804,3789,3774,3759
1735,-1,-1,-1,-1,-1,3805,3790,3775
1736,-1,-1,-1,-1,-1,-1,3806,3791
1737,-1,-1,-1,-1,-1,-1,-1,3807
1738,-1,-1,-1,-1,-1,-1,-1,-1
1739,-1,-1,-1,-1,-1,-1,-1,-1
1740,-1,-1,-1,-1,-1,-1,-1,-1
1741,-1,-1,-1,-1,-1,-1,-1,-1
1742,-1,-1,-1,-1,-1,-1,-1,-1
1743,-1,-1,-1,-1,-1,-1,-1,-1
1744,-1,-1,-1,-1,-1,-1,-1,-1
1745,-1,-1,-1,-1,-1,-1,-1,-1
1746,-1,-1,-1,-1,-1,-1,-1,-1
1747,-1,-1,-1,-1,-1,-1,-1,-1
1748,-1,-1,-1,-1,-1,-1,-1,-1
1749,-1,-1,-1,-1,-1,-1,-1,-1
1750,-1,-1,-1,-1,-1,-1,-1,-1
1751,-1,-1,-1,-1,-1,-1,-1,-1
1752,-1,-1,-1,-1,-1,-1,-1,-1
1753,272,-1,-1,-1,-1,-1,-1,-1
1754,288,273,-1,-1,-1,-1,-1,-1
1755,304,289,274,-1,-1,-1,-1,-1
1756,320,305,290,275,-1,-1,-1,-1
1757,336,321,306,291,276,-1,-1,-1
1758,352,337,322,307,292,277,-1,-1
1759,368,353,338,323,308,293,278,-1
1760,384,369,354,339,324,309,294,279
1761,400,385,370,355,340,325,310,295
1762,416,401,386,371,356,341,326,311
1763,432,417,402,387,372,357,342,327
1764,448,433,418,403,388,373,358,343
1765,464,449,434,419,404,389,374,359
1766,480,465,450,435,420,405,390,375
1767,528,481,466,451,436,421,406,391
1768,544,529,482,467,452,437,422,407
1769,560,545,530,483,468,453,438,423
1770,576,561,546,531,484,469,454,439
1771,592,577,562,547,532,485,470,455
1772,608,593,578,563,548,533,486,471
1773,624,609,594,579,564,549,534,487
1774,640,625,610,595,580,565,550,535
1775,656,641,626,611,596,581,566,551
1776,672,657,642,627,612,597,582,567
1777,688,673,658,643,628,613,598,583
1778,704,689,674,659,644,629,614,599
1779,720,705,690,675,660,645,630,615
1780,736,721,706,691,676,661,646,631
1781,784,737,722,707,692,677,662,647
1782,800,785,738,723,708,693,678,663
1783,816,801,786,739,724,709,694,679
1784,832,817,802,787,740,725,710,695
1785,848,833,818,803,788,741,726,711
1786,864,849,834,819,804,789,742,727
1787,880,865,850,835,820,805,790,743
1788,896,881,866,851,836,821,806,791
1789,912,897,882,867,852,837,822,807
1790,928,913,898,883,868,853,838,823
1791,944,929,914,899,884,869,854,839
1792,960,945,930,915,900,885,870,855
1793,976,961,946,931,916,901,886,871
1794,992,977,962,947,932,917,902,887
1795,1040,993,978,963,948,933,918,903
1796,1056,1041,994,979,964,949,934,919
1797,1072,1057,1042,995,980,965,950,935
1798,1088,1073,1058,1043,996,981,966,951
1799,1104,1089,1074,1059,1044,997,982,967
1800,1120,1105,1090,1075,1060,1045,998,983
1801,1136,1121,1106,1091,1076,1061,1046,999
1802,1152,1137,1122,1107,1092,1077,1062,1047
1803,1168,1153,1138,1123,1108,1093,1078,1063
1804,1184,1169,1154,1139,1124,1109,1094,1079
1805,1200,1185,1170,1155,1140,1125,1110,1095
1806,1216,1201,1186,1171,1156,1141,1126,1111
1807,1232,1217,1202,1187,1172,1157,1142,1127
1808,1248,1233,1218,1203,1188,1173,1158,1143
1809,1296,1249,1234,1219,1204,1189,1174,1159
1810,1312,1297,1250,1235,1220,1205,1190,1175
1811,1328,1313,1298,1251,1236,1221,1206,1191
1812,1344,1329,1314,1299,1252,1237,1222,1207
1813,1360,1345,1330,1315,1300,1253,1238,1223
1814,1376,1361,1346,1331,1316,1301,1254,1239
1815,1392,1377,1362,1347,1332,1317,1302,1255
1816,1408,1393,1378,1363,1348,1333,1318,1303
1817,1424,1409,1394,1379,1364,1349,1334,1319
1818,1440,1425,1410,1395,1380,1365,1350,1335
1819,1456,1441,1426,1411,1396,1381,1366,1351
1820,1472,1457,1442,1427,1412,1397,1382,1367
1821,1488,1473,1458,1443,1428,1413,1398,1383
1822,1504,1489,1474,1459,1444,1429,1414,1399
1823,1552,1505,1490,1475,1460,1445,1430,1415
1824,1568,1553,1506,1491,1476,1461,1446,1431
1825,1584,1569,1554,1507,1492,1477,1462,1447
1826,1600,1585,1570,1555,1508,1493,1478,1463
1827,1616,1601,1586,1571,1556,1509,1494,1479
1828,1632,1617,1602,1587,1572,1557,1510,1495
1829,1648,1633,1618,1603,1588,1573,1558,1511
1830,1664,1649,1634,1619,1604,1589,1574,1559
1831,1680,1665,1650,1635,1620,1605,1590,1575
1832,1696,1681,1666,1651,1636,1621,1606,1591
1833,1712,1697,1682,1667,1652,1637,1622,1607
1834,1728,1713,1698,1683,1668,1653,1638,1623
1835,1744,1729,1714,1699,1684,1669,1654,1639
1836,1760,1745,1730,1715,1700,1685,1670,1655
1837,1808,1761,1746,1731,1716,1701,1686,1671
1838,1824,1809,1762,1747,1732,1717,1702,1687
1839,1840,1825,1810,1763,1748,1733,1718,1703
1840,1856,1841,1826,1811,1764,1749,1734,1719
1841,1872,1857,1842,1827,1812,1765,1750,1735
1842,1888,1873,1858,1843,1828,1813,1766,1751
1843,1904,1889,1874,1859,1844,1829,1814,1767
1844,1920,1905,1890,1875,1860,1845,1830,1815
1845,1936,1921,1906,1891,1876,1861,1846,1831
1846,1952,1937,1922,1907,1892,1877,1862,1847
1847,1968,1953,1938,1923,1908,1893,1878,1863
1848,1984,1969,1954,1939,1924,1909,1894,1879
1849,2000,1985,1970,1955,1940,1925,1910,1895
1850,2016,2001,1986,1971,1956,1941,1926,1911
1851,2064,2017,2002,1987,1972,1957,1942,1927
1852,2080,2065,2018,2003,1988,1973,1958,1943
1853,2096,2081,2066,2019,2004,1989,1974,1959
1854,2112,2097,2082,2067,2020,2005,1990,1975
1855,2128,2113,2098,2083,2068,2021,2006,1991
1856,2144,2129,2114,2099,2084,2069,2022,2007
1857,2160,2145,2130,2115,2100,2085,2070,2023
1858,2176,2161,2146,2131,2116,2101,2086,2071
1859,2192,2177,2162,2147,2132,2117,2102,2087
1860,2208,2193,2178,2163,2148,2133,2118,2103
1861,2224,2209,2194,2179,2164,2149,2134,2119
1862,2240,2225,2210,2195,2180,2165,2150,2135
1863,2256,2241,2226,2211,2196,2181,2166,2151
1864,2272,2257,2242,2227,2212,2197,2182,2167
1865,2320,2273,2258,2243,2228,2213,2198,2183
1866,2336,2321,2274,2259,2244,2229,2214,2199
1867,2352,2337,2322,2275,2260,2245,2230,2215
1868,2368,2353,2338,2323,2276,2261,2246,2231
1869,2384,2369,2354,2339,2324,2277,2262,2247
1870,2400,2385,2370,2355,2340,2325,2278,2263
1871,2416,2401,2386,2371,2356,2341,2326,2279
1872,2432,2417,2402,2387,2372,2357,2342,2327
1873,2448,2433,2418,2403,2388,2373,2358,2343
1874,2464,2449,2434,2419,2404,2389,2374,2359
1875,2480,2465,2450,2435,2420,2405,2390,2375
1876,2496,2481,2466,2451,2436,2421,2406,2391
1877,2512,2497,2482,2467,2452,2437,2422,2407
1878,2528,2513,2498,2483,2468,2453,2438,2423
1879,2576,2529,2514,2499,2484,2469,2454,2439
1880,2592,2577,2530,2515,2500,2485,2470,2455
1881,2608,2593,2578,2531,2516,2501,2486,2471
1882,2624,2609,2594,2579,2532,2517,2502,2487
1883,2640,2625,2610,2595,2580,2533,2518,2503
1884,2656,2641,2626,2611,2596,2581,2534,2519
1885,2672,2657,2642,2627,2612,2597,2582,2535
1886,2688,2673,2658,2643,2628,2613,2598,2583
1887,2704,2689,2674,2659,2644,2629,2614,2599
1888,2720,2705,2690,2675,2660,2645,2630,2615
1889,2736,2721,2706,2691,2676,2661,2646,2631
1890,2752,2737,2722,2707,2692,2677,2662,2647
1891,2768,2753,2738,2723,2708,2693,2678,2663
1892,2784,2769,2754,2739,2724,2709,2694,2679
1893,2832,2785,2770,2755,2740,2725,2710,2695
1894,2848,2833,2786,2771,2756,2741,2726,2711
1895,2864,2849,2834,2787,2772,2757,2742,2727
1896,2880,2865,2850,2835,2788,2773,2758,2743
1897,2896,2881,2866,2851,2836,2789,2774,2759
1898,2912,2897,2882,2867,2852,2837,2790,2775
1899,2928,2913,2898,2883,2868,2853,2838,2791
1900,2944,2929,2914,2899,2884,2869,2854,2839
1901,2960,2945,2930,2915,2900,2885,2870,2855
1902,2976,2961,2946,2931,2916,2901,2886,2871
1903,2992,2977,2962,2947,2932,2917,2902,2887
1904,3008,2993,2978,2963,2948,2933,2918,2903
1905,3024,3009,2994,2979,2964,2949,2934,2919
1906,3040,3025,3010,2995,2980,2965,2950,2935
1907,3088,3041,3026,3011,2996,2981,2966,2951
1908,3104,3089,3042,3027,3012,2997,2982,2967
1909,3120,3105,3090,3043,3028,3013,2998,2983
1910,3136,3121,3106,3091,3044,3029,3014,2999
1911,3152,3137,3122,3107,3092,3045,3030,3015
1912,3168,3153,3138,3123,3108,3093,3046,3031
1913,3184,3169,3154,3139,3124,3109,3094,3047
1914,3200,3185,3170,3155,3140,3125,3110,3095
1915,3216,3201,3186,3171,3156,3141,3126,3111
1916,3232,3217,3202,3187,3172,3157,3142,3127
1917,3248,3233,3218,3203,3188,3173,3158,3143
1918,3264,3249,3234,3219,3204,3189,3174,3159
1919,3280,3265,3250,3235,3220,3205,3190,3175
1920,3296,3281,3266,3251,3236,3221,3206,3191
1921,3344,3297,3282,3267,3252,3237,3222,3207
1922,3360,3345,3298,3283,3268,3253,3238,3223
1923,3376,3361,3346,3299,3284,3269,3254,3239
1924,3392,3377,3362,3347,3300,3285,3270,3255
1925,3408,3393,3378,3363,3348,3301,3286,3271
1926,3424,3409,3394,3379,3364,3349,3302,3287
1927,3440,3425,3410,3395,3380,3365,3350,3303
1928,3456,3441,3426,3411,3396,3381,3366,3351
1929,3472,3457,3442,3427,3412,3397,3382,3367
1930,3488,3473,3458,3443,3428,3413,3398,3383
1931,3504,3489,3474,3459,3444,3429,3414,3399
1932,3520,3505,3490,3475,3460,3445,3430,3415
1933,3536,3521,3506,3491,3476,3461,3446,3431
1934,3552,3537,3522,3507,3492,3477,3462,3447
1935,3600,3553,3538,3523,3508,3493,3478,3463
1936,3616,3601,3554,3539,3524,3509,3494,3479
1937,3632,3617,3602,3555,3540,3525,3510,3495
1938,3648,3633,3618,3603,3556,3541,3526,3511
1939,3664,3649,3634,3619,3604,3557,3542,3527
1940,3680,3665,3650,3635,3620,3605,3558,3543
1941,3696,3681,3666,3651,3636,3621,3606,3559
1942,3712,3697,3682,3667,3652,3637,3622,3607
1943,3728,3713,3698,3683,3668,3653,3638,3623
1944,3744,3729,3714,3699,3684,3669,3654,3639
1945,3760,3745,3730,3715,3700,3685,3670,3655
1946,3776,3761,3746,3731,3716,3701,3686,3671
1947,3792,3777,3762,3747,3732,3717,3702,3687
1948,3808,3793,3778,3763,3748,3733,3718,3703
1949,-1,3809,3794,3779,3764,3749,3734,3719
1950,-1,-1,3810,3795,3780,3765,3750,3735
1951,-1,-1,-1,3811,3796,3781,3766,3751
1952,-1,-1,-1,-1,3812,3797,3782,3767
1953,-1,-1,-1,-1,-1,3813,3798,3783
1954,-1,-1,-1,-1,-1,-1,3814,3799
1955,-1,-1,-1,-1,-1,-1,-1,3815
1956,-1,-1,-1,-1,-1,-1,-1,-1
1957,-1,-1,-1,-1,-1,-1,-1,-1
1958,-1,-1,-1,-1,-1,-1,-1,-1
1959,-1,-1,-1,-1,-1,-1,-1,-1
1960,-1,-1,-1,-1,-1,-1,-1,-1
1961,-1,-1,-1,-1,-1,-1,-1,-1
1962,-1,-1,-1,-1,-1,-1,-1,-1
1963,-1,-1,-1,-1,-1,-1,-1,-1
1964,-1,-1,-1,-1,-1,-1,-1,-1
1965,-1,-1,-1,-1,-1,-1,-1,-1
1966,-1,-1,-1,-1,-1,-1,-1,-1
1967,-1,-1,-1,-1,-1,-1,-1,-1
1968,-1,-1,-1,-1,-1,-1,-1,-1
1969,-1,-1,-1,-1,-1,-1,-1,-1
1970,-1,-1,-1,-1,-1,-1,-1,-1
1971,280,-1,-1,-1,-1,-1,-1,-1
1972,296,281,-1,-1,-1,-1,-1,-1
1973,312,297,282,-1,-1,-1,-1,-1
1974,328,313,298,283,-1,-1,-1,-1
1975,344,329,314,299,284,-1,-1,-1
1976,360,345,330,315,300,285,-1,-1
1977,376,361,346,331,316,301,286,-1
1978,392,377,362,347,332,317,302,287
1979,408,393,378,363,348,333,318,303
1980,424,409,394,379,364,349,334,319
1981,440,425,410,395,380,365,350,335
1982,456,441,426,411,396,381,366,351
1983,472,457,442,427,412,397,382,367
1984,488,473,458,443,428,413,398,383
1985,536,489,474,459,444,429,414,399
1986,552,537,490,475,460,445,430,415
1987,568,553,538,491,476,461,446,431
1988,584,569,554,539,492,477,462,447
1989,600,585,570,555,540,493,478,463
1990,616,601,586,571,556,541,494,479
1991,632,617,602,587,572,557,542,495
1992,648,633,618,603,588,573,558,543
1993,664,649,634,619,604,589,574,559
1994,680,665,650,635,620,605,590,575
1995,696,681,666,651,636,621,606,591
1996,712,697,682,667,652,637,622,607
1997,728,713,698,683,668,653,638,623
1998,744,729,714,699,684,669,654,639
1999,792,745,730,715,700,685,670,655
2000,808,793,746,731,716,701,686,671
2001,824,809,794,747,732,717,702,687
2002,840,825,810,795,748,733,718,703
2003,856,841,826,811,796,749,734,719
2004,872,857,842,827,812,797,750,735
2005,888,873,858,843,828,813,798,751
2006,904,889,874,859,844,829,814,799
2007,920,905,890,875,860,845,830,815
2008,936,921,906,891,876,861,846,831
2009,952,937,922,907,892,877,862,847
2010,968,953,938,923,908,893,878,863
2011,984,969,954,939,924,909,894,879
2012,1000,985,970,955,940,925,910,895
2013,1048,1001,986,971,956,941,926,911
2014,1064,1049,1002,987,972,957,942,927
2015,1080,1065,1050,1003,988,973,958,943
2016,1096,1081,1066,1051,1004,989,974,959
2017,1112,1097,1082,1067,1052,1005,990,975
2018,1128,1113,1098,1083,1068,1053,1006,991
2019,1144,1129,1114,1099,1084,1069,1054,1007
2020,1160,1145,1130,1115,1100,1085,1070,1055
2021,1176,1161,1146,1131,1116,1101,1086,1071
2022,1192,1177,1162,1147,1132,1117,1102,1087
2023,1208,1193,1178,1163,1148,1133,1118,1103
2024,1224,1209,1194,1179,1164,1149,1134,1119
2025,1240,1225,1210,1195,1180,1165,1150,1135
2026,1256,1241,1226,1211,1196,1181,1166,1151
2027,1304,1257,1242,1227,1212,1197,1182,1167
2028,1320,1305,1258,1243,1228,1213,1198,1183
2029,1336,1321,1306,1259,1244,1229,1214,1199
2030,1352,1337,1322,1307,1260,1245,1230,1215
2031,1368,1353,1338,1323,1308,1261,1246,1231
2032,1384,1369,1354,1339,1324,1309,1262,1247
2033,1400,1385,1370,1355,1340,1325,1310,1263
2034,1416,1401,1386,1371,1356,1341,1326,1311
2035,1432,1417,1402,1387,1372,1357,1342,1327
2036,1448,1433,1418,1403,1388,1373,1358,1343
2037,1464,1449,1434,1419,1404,1389,1374,1359
2038,1480,1465,1450,1435,1420,1405,1390,1375
2039,1496,1481,1466,1451,1436,1421,1406,1391
2040,1512,1497,1482,1467,1452,1437,1422,1407
2041,1560,1513,1498,1483,1468,1453,1438,1423
2042,1576,1561,1514,1499,1484,1469,1454,1439
2043,1592,1577,1562,1515,1500,1485,1470,1455
2044,1608,1593,1578,1563,1516,1501,1486,1471
2045,1624,1609,1594,1579,1564,1517,1502,1487
2046,1640,1625,1610,1595,1580,1565,1518,1503
2047,1656,1641,1626,1611,1596,1581,1566,1519
2048,1672,1657,1642,1627,1612,1597,1582,1567
2049,1688,1673,1658,1643,1628,1613,1598,1583
2050,1704,1689,1674,1659,1644,1629,1614,1599
2051,1720,1705,1690,1675,1660,1645,1630,1615
2052,1736,1721,1706,1691,1676,1661,1646,1631
2053,1752,1737,1722,1707,1692,1677,1662,1647
2054,1768,1753,1738,1723,1708,1693,1678,1663
2055,1816,1769,1754,1739,1724,1709,1694,1679
2056,1832,1817,1770,1755,1740,1725,1710,1695
2057,1848,1833,1818,1771,1756,1741,1726,1711
2058,1864,1849,1834,1819,1772,1757,1742,1727
2059,1880,1865,1850,1835,1820,1773,1758,1743
2060,1896,1881,1866,1851,1836,1821,1774,1759
2061,1912,1897,1882,1867,1852,1837,1822,1775
2062,1928,1913,1898,1883,1868,1853,1838,1823
2063,1944,1929,1914,1899,1884,1869,1854,1839
2064,1960,1945,1930,1915,1900,1885,1870,1855
2065,1976,1961,1946,1931,1916,1901,1886,1871
2066,1992,1977,1962,1947,1932,1917,1902,1887
2067,2008,1993,1978,1963,1948,1933,1918,1903
2068,2024,2009,1994,1979,1964,1949,1934,1919
2069,2072,2025,2010,1995,1980,1965,1950,1935
2070,2088,2073,2026,2011,1996,1981,1966,1951
2071,2104,2089,2074,2027,2012,1997,1982,1967
2072,2120,2105,2090,2075,2028,2013,1998,1983
2073,2136,2121,2106,2091,2076,2029,2014,1999
2074,2152,2137,2122,2107,2092,2077,2030,2015
2075,2168,2153,2138,2123,2108,2093,2078,2031
2076,2184,2169,2154,2139,2124,2109,2094,2079
2077,2200,2185,2170,2155,2140,2125,2110,2095
2078,2216,2201,2186,2171,2156,2141,2126,2111
2079,2232,2217,2202,2187,2172,2157,2142,2127
2080,2248,2233,2218,2203,2188,2173,2158,2143
2081,2264,2249,2234,2219,2204,2189,2174,2159
2082,2280,2265,2250,2235,2220,2205,2190,2175
2083,2328,2281,2266,2251,2236,2221,2206,2191
2084,2344,2329,2282,2267,2252,2237,2222,2207
2085,2360,2345,2330,2283,2268,2253,2238,2223
2086,2376,2361,2346,2331,2284,2269,2254,2239
2087,2392,2377,2362,2347,2332,2285,2270,2255
2088,2408,2393,2378,2363,2348,2333,2286,2271
2089,2424,2409,2394,2379,2364,2349,2334,2287
2090,2440,2425,2410,2395,2380,2365,2350,2335
2091,2456,2441,2426,2411,2396,2381,2366,2351
2092,2472,2457,2442,2427,2412,2397,2382,2367
2093,2488,2473,2458,2443,2428,2413,2398,2383
2094,2504,2489,2474,2459,2444,2429,2414,2399
2095,2520,2505,2490,2475,2460,2445,2430,2415
2096,2536,2521,2506,2491,2476,2461,2446,2431
2097,2584,2537,2522,2507,2492,2477,2462,2447
2098,2600,2585,2538,2523,2508,2493,2478,2463
2099,2616,2601,2586,2539,2524,2509,2494,2479
2100,2632,2617,2602,2587,2540,2525,2510,2495
2101,2648,2633,2618,2603,2588,2541,2526,2511
2102,2664,2649,2634,2619,2604,2589,2542,2527
2103,2680,2665,2650,2635,2620,2605,2590,2543
2104,2696,2681,2666,2651,2636,2621,2606,2591
2105,2712,2697,2682,2667,2652,2637,2622,2607
2106,2728,2713,2698,2683,2668,2653,2638,2623
2107,2744,2729,2714,2699,2684,2669,2654,2639
2108,2760,2745,2730,2715,2700,2685,2670,2655
2109,2776,2761,2746,2731,2716,2701,2686,2671
2110,2792,2777,2762,2747,2732,2717,2702,2687
2111,2840,2793,2778,2763,2748,2733,2718,2703
2112,2856,2841,2794,2779,2764,2749,2734,2719
2113,2872,2857,2842,2795,2780,2765,2750,2735
2114,2888,2873,2858,2843,2796,2781,2766,2751
2115,2904,2889,2874,2859,2844,2797,2782,2767
2116,2920,2905,2890,2875,2860,2845,2798,2783
2117,2936,2921,2906,2891,2876,2861,2846,2799
2118,2952,2937,2922,2907,2892,2877,2862,2847
2119,2968,2953,2938,2923,2908,2893,2878,2863
2120,2984,2969,2954,2939,2924,2909,2894,2879
2121,3000,2985,2970,2955,2940,2925,2910,2895
2122,3016,3001,2986,2971,2956,2941,2926,2911
2123,3032,3017,3002,2987,2972,2957,2942,2927
2124,3048,3033,3018,3003,2988,2973,2958,2943
2125,3096,3049,3034,3019,3004,2989,2974,2959
2126,3112,3097,3050,3035,3020,3005,2990,2975
2127,3128,3113,3098,3051,3036,3021,3006,2991
2128,3144,3129,3114,3099,3052,3037,3022,3007
2129,3160,3145,3130,3115,3100,3053,3038,3023
2130,3176,3161,3146,3131,3116,3101,3054,3039
2131,3192,3177,3162,3147,3132,3117,3102,3055
2132,3208,3193,3178,3163,3148,3133,3118,3103
2133,3224,3209,3194,3179,3164,3149,3134,3119
2134,3240,3225,3210,3195,3180,3165,3150,3135
2135,3256,3241,3226,3211,3196,3181,3166,3151
2136,3272,3257,3242,3227,3212,3197,3182,3167
2137,3288,3273,3258,3243,3228,3213,3198,3183
2138,3304,3289,3274,3259,3244,3229,3214,3199
2139,3352,3305,3290,3275,3260,3245,3230,3215
2140,3368,3353,3306,3291,3276,3261,3246,3231
2141,3384,3369,3354,3307,3292,3277,3262,3247
2142,3400,3385,3370,3355,3308,3293,3278,3263
2143,3416,3401,3386,3371,3356,3309,3294,3279
2144,3432,3417,3402,3387,3372,3357,3310,3295
2145,3448,3433,3418,3403,3388,3373,3358,3311
2146,3464,3449,3434,3419,3404,3389,3374,3359
2147,3480,3465,3450,3435,3420,3405,3390,3375
2148,3496,3481,3466,3451,3436,3421,3406,3391
2149,3512,3497,3482,3467,3452,3437,3422,3407
2150,3528,3513,3498,3483,3468,3453,3438,3423
2151,3544,3529,3514,3499,3484,3469,3454,3439
2152,3560,3545,3530,3515,3500,3485,3470,3455
2153,3608,3561,3546,3531,3516,3501,3486,3471
2154,3624,3609,3562,3547,3532,3517,3502,3487
2155,3640,3625,3610,3563,3548,3533,3518,3503
2156,3656,3641,3626,3611,3564,3549,3534,3519
2157,3672,3657,3642,3627,3612,3565,3550,3535
2158,3688,3673,3658,3643,3628,3613,3566,3551
2159,3704,3689,3674,3659,3644,3629,3614,3567
2160,3720,3705,3690,3675,3660,3645,3630,3615
2161,3736,3721,3706,3691,3676,3661,3646,3631
2162,3752,3737,3722,3707,3692,3677,3662,3647
2163,3768,3753,3738,3723,3708,3693,3678,3663
2164,3784,3769,3754,3739,3724,3709,3694,3679
2165,3800,3785,3770,3755,3740,3725,3710,3695
2166,3816,3801,3786,3771,3756,3741,3726,3711
2167,-1,3817,3802,3787,3772,3757,3742,3727
2168,-1,-1,3818,3803,3788,3773,3758,3743
2169,-1,-1,-1,3819,3804,3789,3774,3759
2170,-1,-1,-1,-1,3820,3805,3790,3775
2171,-1,-1,-1,-1,-1,3821,3806,3791
2172,-1,-1,-1,-1,-1,-1,3822,3807
2173,-1,-1,-1,-1,-1,-1,-1,3823
2174,-1,-1,-1,-1,-1,-1,-1,-1
2175,-1,-1,-1,-1,-1,-1,-1,-1
2176,-1,-1,-1,-1,-1,-1,-1,-1
2177,-1,-1,-1,-1,-1,-1,-1,-1
2178,-1,-1,-1,-1,-1,-1,-1,-1
2179,-1,-1,-1,-1,-1,-1,-1,-1
2180,-1,-1,-1,-1,-1,-1,-1,-1
2181,-1,-1,-1,-1,-1,-1,-1,-1
2182,-1,-1,-1,-1,-1,-1,-1,-1
2183,-1,-1,-1,-1,-1,-1,-1,-1
2184,-1,-1,-1,-1,-1,-1,-1,-1
2185,-1,-1,-1,-1,-1,-1,-1,-1
2186,-1,-1,-1,-1,-1,-1,-1,-1
2187,-1,-1,-1,-1,-1,-1,-1,-1
2188,-1,-1,-1,-1,-1,-1,-1,-1
2189,288,-1,-1,-1,-1,-1,-1,-1
2190,304,289,-1,-1,-1,-1,-1,-1
2191,320,305,290,-1,-1,-1,-1,-1
2192,336,321,306,291,-1,-1,-1,-1
2193,352,337,322,307,292,-1,-1,-1
2194,368,353,338,323,308,293,-1,-1
2195,384,369,354,339,324,309,294,-1
2196,400,385,370,355,340,325,310,295
2197,416,401,386,371,356,341,326,311
2198,432,417,402,387,372,357,342,327
2199,448,433,418,403,388,373,358,343
2200,464,449,434,419,404,389,374,359
2201,480,465,450,435,420,405,390,375
2202,496,481,466,451,436,421,406,391
2203,544,497,482,467,452,437,422,407
2204,560,545,498,483,468,453,438,423
2205,576,561,546,499,484,469,454,439
2206,592,577,562,547,500,485,470,455
2207,608,593,578,563,548,501,486,471
2208,624,609,594,579,564,549,502,487
2209,640,625,610,595,580,565,550,503
2210,656,641,626,611,596,581,566,551
2211,672,657,642,627,612,597,582,567
2212,688,673,658,643,628,613,598,583
2213,704,689,674,659,644,629,614,599
2214,720,705,690,675,660,645,630,615
2215,736,721,706,691,676,661,646,631
2216,752,737,722,707,692,677,662,647
2217,800,753,738,723,708,693,678,663
2218,816,801,754,739,724,709,694,679
2219,832,817,802,755,740,725,710,695
2220,848,833,818,803,756,741,726,711
2221,864,849,834,819,804,757,742,727
2222,880,865,850,835,820,805,758,743
2223,896,881,866,851,836,821,806,759
2224,912,897,882,867,852,837,822,807
2225,928,913,898,883,868,853,838,823
2226,944,929,914,899,884,869,854,839
2227,960,945,930,915,900,885,870,855
2228,976,961,946,931,916,901,886,871
2229,992,977,962,947,932,917,902,887
2230,1008,993,978,963,948,933,918,903
2231,1056,1009,994,979,964,949,934,919
2232,1072,1057,1010,995,980,965,950,935
2233,1088,1073,1058,1011,996,981,966,951
2234,1104,1089,1074,1059,1012,997,982,967
2235,1120,1105,1090,1075,1060,1013,998,983
2236,1136,1121,1106,1091,1076,1061,1014,999
2237,1152,1137,1122,1107,1092,1077,1062,1015
2238,1168,1153,1138,1123,1108,1093,1078,1063
2239,1184,1169,1154,1139,1124,1109,1094,1079
2240,1200,1185,1170,1155,1140,1125,1110,1095
2241,1216,1201,1186,1171,1156,1141,1126,1111
2242,1232,1217,1202,1187,1172,1157,1142,1127
2243,1248,1233,1218,1203,1188,1173,1158,1143
2244,1264,1249,1234,1219,1204,1189,1174,1159
2245,1312,1265,1250,1235,1220,1205,1190,1175
2246,1328,1313,1266,1251,1236,1221,1206,1191
2247,1344,1329,1314,1267,1252,1237,1222,1207
2248,1360,1345,1330,1315,1268,1253,1238,1223
2249,1376,1361,1346,1331,1316,1269,1254,1239
2250,1392,1377,1362,1347,1332,1317,1270,1255
2251,1408,1393,1378,1363,1348,1333,1318,1271
2252,1424,1409,1394,1379,1364,1349,1334,1319
2253,1440,1425,1410,1395,1380,1365,1350,1335
2254,1456,1441,1426,1411,1396,1381,1366,1351
2255,1472,1457,1442,1427,1412,1397,1382,1367
2256,1488,1473,1458,1443,1428,1413,1398,1383
2257,1504,1489,1474,1459,1444,1429,1414,1399
2258,1520,1505,1490,1475,1460,1445,1430,1415
2259,1568,1521,1506,1491,1476,1461,1446,1431
2260,1584,1569,1522,1507,1492,1477,1462,1447
2261,1600,1585,1570,1523,1508,1493,1478,1463
2262,1616,1601,1586,1571,1524,1509,1494,1479
2263,1632,1617,1602,1587,1572,1525,1510,1495
2264,1648,1633,1618,1603,1588,1573,1526,1511
2265,1664,1649,1634,1619,1604,1589,1574,1527
2266,1680,1665,1650,1635,1620,1605,1590,1575
2267,1696,1681,1666,1651,1636,1621,1606,1591
2268,1712,1697,1682,1667,1652,1637,1622,1607
2269,1728,1713,1698,1683,1668,1653,1638,1623
2270,1744,1729,1714,1699,1684,1669,1654,1639
2271,1760,1745,1730,1715,1700,1685,1670,1655
2272,1776,1761,1746,1731,1716,1701,1686,1671
2273,1824,1777,1762,1747,1732,1717,1702,1687
2274,1840,1825,1778,1763,1748,1733,1718,1703
2275,1856,1841,1826,1779,1764,1749,1734,1719
2276,1872,1857,1842,1827,1780,1765,1750,1735
2277,1888,1873,1858,1843,1828,1781,1766,1751
2278,1904,1889,1874,1859,1844,1829,1782,1767
2279,1920,1905,1890,1875,1860,1845,1830,1783
2280,1936,1921,1906,1891,1876,1861,1846,1831
2281,1952,1937,1922,1907,1892,1877,1862,1847
2282,1968,1953,1938,1923,1908,1893,1878,1863
2283,1984,1969,1954,1939,1924,1909,1894,1879
2284,2000,1985,1970,1955,1940,1925,1910,1895
2285,2016,2001,1986,1971,1956,1941,1926,1911
2286,2032,2017,2002,1987,1972,1957,1942,1927
2287,2080,2033,2018,2003,1988,1973,1958,1943
2288,2096,2081,2034,2019,2004,1989,1974,1959
2289,2112,2097,2082,2035,2020,2005,1990,1975
2290,2128,2113,2098,2083,2036,2021,2006,1991
2291,2144,2129,2114,2099,2084,2037,2022,2007
2292,2160,2145,2130,2115,2100,2085,2038,2023
2293,2176,2161,2146,2131,2116,2101,2086,2039
2294,2192,2177,2162,2147,2132,2117,2102,2087
2295,2208,2193,2178,2163,2148,2133,2118,2103
2296,2224,2209,2194,2179,2164,2149,2134,2119
2297,2240,2225,2210,2195,2180,2165,2150,2135
2298,2256,2241,2226,2211,2196,2181,2166,2151
2299,2272,2257,2242,2227,2212,2197,2182,2167
2300,2288,2273,2258,2243,2228,2213,2198,2183
2301,2336,2289,2274,2259,2244,2229,2214,2199
2302,2352,2337,2290,2275,2260,2245,2230,2215
2303,2368,2353,2338,2291,2276,2261,2246,2231
2304,2384,2369,2354,2339,2292,2277,2262,2247
2305,2400,2385,2370,2355,2340,2293,2278,2263
2306,2416,2401,2386,2371,2356,2341,2294,2279
2307,2432,2417,2402,2387,2372,2357,2342,2295
2308,2448,2433,2418,2403,2388,2373,2358,2343
2309,2464,2449,2434,2419,2404,2389,2374,2359
2310,2480,2465,2450,2435,2420,2405,2390,2375
2311,2496,2481,2466,2451,2436,2421,2406,2391
2312,2512,2497,2482,2467,2452,2437,2422,2407
2313,2528,2513,2498,2483,2468,2453,2438,2423
2314,2544,2529,2514,2499,2484,2469,2454,2439
2315,2592,2545,2530,2515,2500,2485,2470,2455
2316,2608,2593,2546,2531,2516,2501,2486,2471
2317,2624,2609,2594,2547,2532,2517,2502,2487
2318,2640,2625,2610,2595,2548,2533,2518,2503
2319,2656,2641,2626,2611,2596,2549,2534,2519
2320,2672,2657,2642,2627,2612,2597,2550,2535
2321,2688,2673,2658,2643,2628,2613,2598,2551
2322,2704,2689,2674,2659,2644,2629,2614,2599
2323,2720,2705,2690,2675,2660,2645,2630,2615
2324,2736,2721,2706,2691,2676,2661,2646,2631
2325,2752,2737,2722,2707,2692,2677,2662,2647
2326,2768,2753,2738,2723,2708,2693,2678,2663
2327,2784,2769,2754,2739,2724,2709,2694,2679
2328,2800,2785,2770,2755,2740,2725,2710,2695
2329,2848,2801,2786,2771,2756,2741,2726,2711
2330,2864,2849,2802,2787,2772,2757,2742,2727
2331,2880,2865,2850,2803,2788,2773,2758,2743
2332,2896,2881,2866,2851,2804,2789,2774,2759
2333,2912,2897,2882,2867,2852,2805,2790,2775
2334,2928,2913,2898,2883,2868,2853,2806,2791
2335,2944,2929,2914,2899,2884,2869,2854,2807
2336,2960,2945,2930,2915,2900,2885,2870,2855
2337,2976,2961,2946,2931,2916,2901,2886,2871
2338,2992,2977,2962,2947,2932,2917,2902,2887
2339,3008,2993,2978,2963,2948,2933,2918,2903
2340,3024,3009,2994,2979,2964,2949,2934,2919
2341,3040,3025,3010,2995,2980,2965,2950,2935
2342,3056,3041,3026,3011,2996,2981,2966,2951
2343,3104,3057,3042,3027,3012,2997,2982,2967
2344,3120,3105,3058,3043,3028,3013,2998,2983
2345,3136,3121,3106,3059,3044,3029,3014,2999
2346,3152,3137,3122,3107,3060,3045,3030,3015
2347,3168,3153,3138,3123,3108,3061,3046,3031
2348,3184,3169,3154,3139,3124,3109,3062,3047
2349,3200,3185,3170,3155,3140,3125,3110,3063
2350,3216,3201,3186,3171,3156,3141,3126,3111
2351,3232,3217,3202,3187,3172,3157,3142,3127
2352,3248,3233,3218,3203,3188,3173,3158,3143
2353,3264,3249,3234,3219,3204,3189,3174,3159
2354,3280,3265,3250,3235,3220,3205,3190,3175
2355,3296,3281,3266,3251,3236,3221,3206,3191
2356,3312,3297,3282,3267,3252,3237,3222,3207
2357,3360,3313,3298,3283,3268,3253,3238,3223
2358,3376,3361,3314,3299,3284,3269,3254,3239
2359,3392,3377,3362,3315,3300,3285,3270,3255
2360,3408,3393,3378,3363,3316,3301,3286,3271
2361,3424,3409,3394,3379,3364,3317,3302,3287
2362,3440,3425,3410,3395,3380,3365,3318,3303
2363,3456,3441,3426,3411,3396,3381,3366,3319
2364,3472,3457,3442,3427,3412,3397,3382,3367
2365,3488,3473,3458,3443,3428,3413,3398,3383
2366,3504,3489,3474,3459,3444,3429,3414,3399
2367,3520,3505,3490,3475,3460,3445,3430,3415
2368,3536,3521,3506,3491,3476,3461,3446,3431
2369,3552,3537,3522,3507,3492,3477,3462,3447
2370,3568,3553,3538,3523,3508,3493,3478,3463
2371,3616,3569,3554,3539,3524,3509,3494,3479
2372,3632,3617,3570,3555,3540,3525,3510,3495
2373,3648,3633,3618,3571,3556,3541,3526,3511
2374,3664,3649,3634,3619,3572,3557,3542,3527
2375,3680,3665,3650,3635,3620,3573,3558,3543
2376,3696,3681,3666,3651,3636,3621,3574,3559
2377,3712,3697,3682,3667,3652,3637,3622,3575
2378,3728,3713,3698,3683,3668,3653,3638,3623
2379,3744,3729,3714,3699,3684,3669,3654,3639
2380,3760,3745,3730,3715,3700,3685,3670,3655
2381,3776,3761,3746,3731,3716,3701,3686,3671
2382,3792,3777,3762,3747,3732,3717,3702,3687
2383,3808,3793,3778,3763,3748,3733,3718,3703
2384,3824,3809,3794,3779,3764,3749,3734,3719
2385,-1,3825,3810,3795,3780,3765,3750,3735
2386,-1,-1,3826,3811,3796,3781,3766,3751
2387,-1,-1,-1,3827,3812,3797,3782,3767
2388,-1,-1,-1,-1,3828,3813,3798,3783
2389,-1,-1,-1,-1,-1,3829,3814,3799
2390,-1,-1,-1,-1,-1,-1,3830,3815
2391,-1,-1,-1,-1,-1,-1,-1,3831
2392,-1,-1,-1,-1,-1,-1,-1,-1
2393,-1,-1,-1,-1,-1,-1,-1,-1
2394,-1,-1,-1,-1,-1,-1,-1,-1
2395,-1,-1,-1,-1,-1,-1,-1,-1
2396,-1,-1,-1,-1,-1,-1,-1,-1
2397,-1,-1,-1,-1,-1,-1,-1,-1
2398,-1,-1,-1,-1,-1,-1,-1,-1
2399,-1,-1,-1,-1,-1,-1,-1,-1
2400,-1,-1,-1,-1,-1,-1,-1,-1
2401,-1,-1,-1,-1,-1,-1,-1,-1
2402,-1,-1,-1,-1,-1,-1,-1,-1
2403,-1,-1,-1,-1,-1,-1,-1,-1
2404,-1,-1,-1,-1,-1,-1,-1,-1
2405,-1,-1,-1,-1,-1,-1,-1,-1
2406,-1,-1,-1,-1,-1,-1,-1,-1
2407,296,-1,-1,-1,-1,-1,-1,-1
2408,312,297,-1,-1,-1,-1,-1,-1
2409,328,313,298,-1,-1,-1,-1,-1
2410,344,329,314,299,-1,-1,-1,-1
2411,360,345,330,315,300,-1,-1,-1
2412,376,361,346,331,316,301,-1,-1
2413,392,377,362,347,332,317,302,-1
2414,408,393,378,363,348,333,318,303
2415,424,409,394,379,364,349,334,319
2416,440,425,410,395,380,365,350,335
2417,456,441,426,411,396,381,366,351
2418,472,457,442,427,412,397,382,367
2419,488,473,458,443,428,413,398,383
2420,504,489,474,459,444,429,414,399
2421,552,505,490,475,460,445,430,415
2422,568,553,506,491,476,461,446,431
2423,584,569,554,507,492,477,462,447
2424,600,585,570,555,508,493,478,463
2425,616,601,586,571,556,509,494,479
2426,632,617,602,587,572,557,510,495
2427,648,633,618,603,588,573,558,511
2428,664,649,634,619,604,589,574,559
2429,680,665,650,635,620,605,590,575
2430,696,681,666,651,636,621,606,591
2431,712,697,682,667,652,637,622,607
2432,728,713,698,683,668,653,638,623
2433,744,729,714,699,684,669,654,639
2434,760,745,730,715,700,685,670,655
2435,808,761,746,731,716,701,686,671
2436,824,809,762,747,732,717,702,687
2437,840,825,810,763,748,733,718,703
2438,856,841,826,811,764,749,734,719
2439,872,857,842,827,812,765,750,735
2440,888,873,858,843,828,813,766,751
2441,904,889,874,859,844,829,814,767
2442,920,905,890,875,860,845,830,815
2443,936,921,906,891,876,861,846,831
2444,952,937,922,907,892,877,862,847
2445,968,953,938,923,908,893,878,863
2446,984,969,954,939,924,909,894,879
2447,1000,985,970,955,940,925,910,895
2448,1016,1001,986,971,956,941,926,911
2449,1064,1017,1002,987,972,957,942,927
2450,1080,1065,1018,1003,988,973,958,943
2451,1096,1081,1066,1019,1004,989,974,959
2452,1112,1097,1082,1067,1020,1005,990,975
2453,1128,1113,1098,1083,1068,1021,1006,991
2454,1144,1129,1114,1099,1084,1069,1022,1007
2455,1160,1145,1130,1115,1100,1085,1070,1023
2456,1176,1161,1146,1131,1116,1101,1086,1071
2457,1192,1177,1162,1147,1132,1117,1102,1087
2458,1208,1193,1178,1163,1148,1133,1118,1103
2459,1224,1209,1194,1179,1164,1149,1134,1119
2460,1240,1225,1210,1195,1180,1165,1150,1135
2461,1256,1241,1226,1211,1196,1181,1166,1151
2462,1272,1257,1242,1227,1212,1197,1182,1167
2463,1320,1273,1258,1243,1228,1213,1198,1183
2464,1336,1321,1274,1259,1244,1229,1214,1199
2465,1352,1337,1322,1275,1260,1245,1230,1215
2466,1368,1353,1338,1323,1276,1261,1246,1231
2467,1384,1369,1354,1339,1324,1277,1262,1247
2468,1400,1385,1370,1355,1340,1325,1278,1263
2469,1416,1401,1386,1371,1356,1341,1326,1279
2470,1432,1417,1402,1387,1372,1357,1342,1327
2471,1448,1433,1418,1403,1388,1373,1358,1343
2472,1464,1449,1434,1419,1404,1389,1374,1359
2473,1480,1465,1450,1435,1420,1405,1390,1375
2474,1496,1481,1466,1451,1436,1421,1406,1391
2475,1512,1497,1482,1467,1452,1437,1422,1407
2476,1528,1513,1498,1483,1468,1453,1438,1423
2477,1576,1529,1514,1499,1484,1469,1454,1439
2478,1592,1577,1530,1515,1500,1485,1470,1455
2479,1608,1593,1578,1531,1516,1501,1486,1471
2480,1624,1609,1594,1579,1532,1517,1502,1487
2481,1640,1625,1610,1595,1580,1533,1518,1503
2482,1656,1641,1626,1611,1596,1581,1534,1519
2483,1672,1657,1642,1627,1612,1597,1582,1535
2484,1688,1673,1658,1643,1628,1613,1598,1583
2485,1704,1689,1674,1659,1644,1629,1614,1599
2486,1720,1705,1690,1675,1660,1645,1630,1615
2487,1736,1721,1706,1691,1676,1661,1646,1631
2488,1752,1737,1722,1707,1692,1677,1662,1647
2489,1768,1753,1738,1723,1708,1693,1678,1663
2490,1784,1769,1754,1739,1724,1709,1694,1679
2491,1832,1785,1770,1755,1740,1725,1710,1695
2492,1848,1833,1786,1771,1756,1741,1726,1711
2493,1864,1849,1834,1787,1772,1757,1742,1727
2494,1880,1865,1850,1835,1788,1773,1758,1743
2495,1896,1881,1866,1851,1836,1789,1774,1759
2496,1912,1897,1882,1867,1852,1837,1790,1775
2497,1928,1913,1898,1883,1868,1853,1838,1791
2498,1944,1929,1914,1899,1884,1869,1854,1839
2499,1960,1945,1930,1915,1900,1885,1870,1855
2500,1976,1961,1946,1931,1916,1901,1886,1871
2501,1992,1977,1962,1947,1932,1917,1902,1887
2502,2008,1993,1978,1963,1948,1933,1918,1903
2503,2024,2009,1994,1979,1964,1949,1934,1919
2504,2040,2025,2010,1995,1980,1965,1950,1935
2505,2088,2041,2026,2011,1996,1981,1966,1951
2506,2104,2089,2042,2027,2012,1997,1982,1967
2507,2120,2105,2090,2043,2028,2013,1998,1983
2508,2136,2121,2106,2091,2044,2029,2014,1999
2509,2152,2137,2122,2107,2092,2045,2030,2015
2510,2168,2153,2138,2123,2108,2093,2046,2031
2511,2184,2169,2154,2139,2124,2109,2094,2047
2512,2200,2185,2170,2155,2140,2125,2110,2095
2513,2216,2201,2186,2171,2156,2141,2126,2111
2514,2232,2217,2202,2187,2172,2157,2142,2127
2515,2248,2233,2218,2203,2188,2173,2158,2143
2516,2264,2249,2234,2219,2204,2189,2174,2159
2517,2280,2265,2250,2235,2220,2205,2190,2175
2518,2296,2281,2266,2251,2236,2221,2206,2191
2519,2344,2297,2282,2267,2252,2237,2222,2207
2520,2360,2345,2298,2283,2268,2253,2238,2223
2521,2376,2361,2346,2299,2284,2269,2254,2239
2522,2392,2377,2362,2347,2300,2285,2270,2255
2523,2408,2393,2378,2363,2348,2301,2286,2271
2524,2424,2409,2394,2379,2364,2349,2302,2287
2525,2440,2425,2410,2395,2380,2365,2350,2303
2526,2456,2441,2426,2411,2396,2381,2366,2351
2527,2472,2457,2442,2427,2412,2397,2382,2367
2528,2488,2473,2458,2443,2428,2413,2398,2383
2529,2504,2489,2474,2459,2444,2429,2414,2399
2530,2520,2505,2490,2475,2460,2445,2430,2415
2531,2536,2521,2506,2491,2476,2461,2446,2431
2532,2552,2537,2522,2507,2492,2477,2462,2447
2533,2600,2553,2538,2523,2508,2493,2478,2463
2534,2616,2601,2554,2539,2524,2509,2494,2479
2535,2632,2617,2602,2555,2540,2525,2510,2495
2536,2648,2633,2618,2603,2556,2541,2526,2511
2537,2664,2649,2634,2619,2604,2557,2542,2527
2538,2680,2665,2650,2635,2620,2605,2558,2543
2539,2696,2681,2666,2651,2636,2621,2606,2559
2540,2712,2697,2682,2667,2652,2637,2622,2607
2541,2728,2713,2698,2683,2668,2653,2638,2623
2542,2744,2729,2714,2699,2684,2669,2654,2639
2543,2760,2745,2730,2715,2700,2685,2670,2655
2544,2776,2761,2746,2731,2716,2701,2686,2671
2545,2792,2777,2762,2747,2732,2717,2702,2687
2546,2808,2793,2778,2763,2748,2733,2718,2703
2547,2856,2809,2794,2779,2764,2749,2734,2719
2548,2872,2857,2810,2795,2780,2765,2750,2735
2549,2888,2873,2858,2811,2796,2781,2766,2751
2550,2904,2889,2874,2859,2812,2797,2782,2767
2551,2920,2905,2890,2875,2860,2813,2798,2783
2552,2936,2921,2906,2891,2876,2861,2814,2799
2553,2952,2937,2922,2907,2892,2877,2862,2815
2554,2968,2953,2938,2923,2908,2893,2878,2863
2555,2984,2969,2954,2939,2924,2909,2894,2879
2556,3000,2985,2970,2955,2940,2925,2910,2895
2557,3016,3001,2986,2971,2956,2941,2926,2911
2558,3032,3017,3002,2987,2972,2957,2942,2927
2559,3048,3033,3018,3003,2988,2973,2958,2943
2560,3064,3049,3034,3019,3004,2989,2974,2959
2561,3112,3065,3050,3035,3020,3005,2990,2975
2562,3128,3113,3066,3051,3036,3021,3006,2991
2563,3144,3129,3114,3067,3052,3037,3022,3007
2564,3160,3145,3130,3115,3068,3053,3038,3023
2565,3176,3161,3146,3131,3116,3069,3054,3039
2566,3192,3177,3162,3147,3132,3117,3070,3055
2567,3208,3193,3178,3163,3148,3133,3118,3071
2568,3224,3209,3194,3179,3164,3149,3134,3119
2569,3240,3225,3210,3195,3180,3165,3150,3135
2570,3256,3241,3226,3211,3196,3181,3166,3151
2571,3272,3257,3242,3227,3212,3197,3182,3167
2572,3288,3273,3258,3243,3228,3213,3198,3183
2573,3304,3289,3274,3259,3244,3229,3214,3199
2574,3320,3305,3290,3275,3260,3245,3230,3215
2575,3368,3321,3306,3291,3276,3261,3246,3231
2576,3384,3369,3322,3307,3292,3277,3262,3247
2577,3400,3385,3370,3323,3308,3293,3278,3263
2578,3416,3401,3386,3371,3324,3309,3294,3279
2579,3432,3417,3402,3387,3372,3325,3310,3295
2580,3448,3433,3418,3403,3388,3373,3326,3311
2581,3464,3449,3434,3419,3404,3389,3374,3327
2582,3480,3465,3450,3435,3420,3405,3390,3375
2583,3496,3481,3466,3451,3436,3421,3406,3391
2584,3512,3497,3482,3467,3452,3437,3422,3407
2585,3528,3513,3498,3483,3468,3453,3438,3423
2586,3544,3529,3514,3499,3484,3469,3454,3439
2587,3560,3545,3530,3515,3500,3485,3470,3455
2588,3576,3561,3546,3531,3516,3501,3486,3471
2589,3624,3577,3562,3547,3532,3517,3502,3487
2590,3640,3625,3578,3563,3548,3533,3518,3503
2591,3656,3641,3626,3579,3564,3549,3534,3519
2592,3672,3657,3642,3627,3580,3565,3550,3535
2593,3688,3673,3658,3643,3628,3581,3566,3551
2594,3704,3689,3674,3659,3644,3629,3582,3567
2595,3720,3705,3690,3675,3660,3645,3630,3583
2596,3736,3721,3706,3691,3676,3661,3646,3631
2597,3752,3737,3722,3707,3692,3677,3662,3647
2598,3768,3753,3738,3723,3708,3693,3678,3663
2599,3784,3769,3754,3739,3724,3709,3694,3679
2600,3800,3785,3770,3755,3740,3725,3710,3695
2601,3816,3801,3786,3771,3756,3741,3726,3711
2602,3832,3817,3802,3787,3772,3757,3742,3727
2603,-1,3833,3818,3803,3788,3773,3758,3743
2604,-1,-1,3834,3819,3804,3789,3774,3759
2605,-1,-1,-1,3835,3820,3805,3790,3775
2606,-1,-1,-1,-1,3836,3821,3806,3791
2607,-1,-1,-1,-1,-1,3837,3822,3807
2608,-1,-1,-1,-1,-1,-1,3838,3823
2609,-1,-1,-1,-1,-1,-1,-1,3839
2610,-1,-1,-1,-1,-1,-1,-1,-1
2611,-1,-1,-1,-1,-1,-1,-1,-1
2612,-1,-1,-1,-1,-1,-1,-1,-1
2613,-1,-1,-1,-1,-1,-1,-1,-1
2614,-1,-1,-1,-1,-1,-1,-1,-1
2615,-1,-1,-1,-1,-1,-1,-1,-1
2616,-1,-1,-1,-1,-1,-1,-1,-1
2617,-1,-1,-1,-1,-1,-1,-1,-1
2618,-1,-1,-1,-1,-1,-1,-1,-1
2619,-1,-1,-1,-1,-1,-1,-1,-1
2620,-1,-1,-1,-1,-1,-1,-1,-1
2621,-1,-1,-1,-1,-1,-1,-1,-1
2622,-1,-1,-1,-1,-1,-1,-1,-1
2623,-1,-1,-1,-1,-1,-1,-1,-1
2624,-1,-1,-1,-1,-1,-1,-1,-1
2625,512,-1,-1,-1,-1,-1,-1,-1
2626,528,513,-1,-1,-1,-1,-1,-1
2627,544,529,514,-1,-1,-1,-1,-1
2628,560,545,530,515,-1,-1,-1,-1
2629,576,561,546,531,516,-1,-1,-1
2630,592,577,562,547,532,517,-1,-1
2631,608,593,578,563,548,533,518,-1
2632,624,609,594,579,564,549,534,519
2633,640,625,610,595,580,565,550,535
2634,656,641,626,611,596,581,566,551
2635,672,657,642,627,612,597,582,567
2636,688,673,658,643,628,613,598,583
2637,704,689,674,659,644,629,614,599
2638,720,705,690,675,660,645,630,615
2639,768,721,706,691,676,661,646,631
2640,784,769,722,707,692,677,662,647
2641,800,785,770,723,708,693,678,663
2642,816,801,786,771,724,709,694,679
2643,832,817,802,787,772,725,710,695
2644,848,833,818,803,788,773,726,711
2645,864,849,834,819,804,789,774,727
2646,880,865,850,835,820,805,790,775
2647,896,881,866,851,836,821,806,791
2648,912,897,882,867,852,837,822,807
2649,928,913,898,883,868,853,838,823
2650,944,929,914,899,884,869,854,839
2651,960,945,930,915,900,885,870,855
2652,976,961,946,931,916,901,886,871
2653,1024,977,962,947,932,917,902,887
2654,1040,1025,978,963,948,933,918,903
2655,1056,1041,1026,979,964,949,934,919
2656,1072,1057,1042,1027,980,965,950,935
2657,1088,1073,1058,1043,1028,981,966,951
2658,1104,1089,1074,1059,1044,1029,982,967
2659,1120,1105,1090,1075,1060,1045,1030,983
2660,1136,1121,1106,1091,1076,1061,1046,1031
2661,1152,1137,1122,1107,1092,1077,1062,1047
2662,1168,1153,1138,1123,1108,1093,1078,1063
2663,1184,1169,1154,1139,1124,1109,1094,1079
2664,1200,1185,1170,1155,1140,1125,1110,1095
2665,1216,1201,1186,1171,1156,1141,1126,1111
2666,1232,1217,1202,1187,1172,1157,1142,1127
2667,1280,1233,1218,1203,1188,1173,1158,1143
2668,1296,1281,1234,1219,1204,1189,1174,1159
2669,1312,1297,1282,1235,1220,1205,1190,1175
2670,1328,1313,1298,1283,1236,1221,1206,1191
2671,1344,1329,1314,1299,1284,1237,1222,1207
2672,1360,1345,1330,1315,1300,1285,1238,1223
2673,1376,1361,1346,1331,1316,1301,1286,1239
2674,1392,1377,1362,1347,1332,1317,1302,1287
2675,1408,1393,1378,1363,1348,1333,1318,1303
2676,1424,1409,1394,1379,1364,1349,1334,1319
2677,1440,1425,1410,1395,1380,1365,1350,1335
2678,1456,1441,1426,1411,1396,1381,1366,1351
2679,1472,1457,1442,1427,1412,1397,1382,1367
2680,1488,1473,1458,1443,1428,1413,1398,1383
2681,1536,1489,1474,1459,1444,1429,1414,1399
2682,1552,1537,1490,1475,1460,1445,1430,1415
2683,1568,1553,1538,1491,1476,1461,1446,1431
2684,1584,1569,1554,1539,1492,1477,1462,1447
2685,1600,1585,1570,1555,1540,1493,1478,1463
2686,1616,1601,1586,1571,1556,1541,1494,1479
2687,1632,1617,1602,1587,1572,1557,1542,1495
2688,1648,1633,1618,1603,1588,1573,1558,1543
2689,1664,1649,1634,1619,1604,1589,1574,1559
2690,1680,1665,1650,1635,1620,1605,1590,1575
2691,1696,1681,1666,1651,1636,1621,1606,1591
2692,1712,1697,1682,1667,1652,1637,1622,1607
2693,1728,1713,1698,1683,1668,1653,1638,1623
2694,1744,1729,1714,1699,1684,1669,1654,1639
2695,1792,1745,1730,1715,1700,1685,1670,1655
2696,1808,1793,1746,1731,1716,1701,1686,1671
2697,1824,1809,1794,1747,1732,1717,1702,1687
2698,1840,1825,1810,1795,1748,1733,1718,1703
2699,1856,1841,1826,1811,1796,1749,1734,1719
2700,1872,1857,1842,1827,1812,1797,1750,1735
2701,1888,1873,1858,1843,1828,1813,1798,1751
2702,1904,1889,1874,1859,1844,1829,1814,1799
2703,1920,1905,1890,1875,1860,1845,1830,1815
2704,1936,1921,1906,1891,1876,1861,1846,1831
2705,1952,1937,1922,1907,1892,1877,1862,1847
2706,1968,1953,1938,1923,1908,1893,1878,1863
2707,1984,1969,1954,1939,1924,1909,1894,1879
2708,2000,1985,1970,1955,1940,1925,1910,1895
2709,2048,2001,1986,1971,1956,1941,1926,1911
2710,2064,2049,2002,1987,1972,1957,1942,1927
2711,2080,2065,2050,2003,1988,1973,1958,1943
2712,2096,2081,2066,2051,2004,1989,1974,1959
2713,2112,2097,2082,2067,2052,2005,1990,1975
2714,2128,2113,2098,2083,2068,2053,2006,1991
2715,2144,2129,2114,2099,2084,2069,2054,2007
2716,2160,2145,2130,2115,2100,2085,2070,2055
2717,2176,2161,2146,2131,2116,2101,2086,2071
2718,2192,2177,2162,2147,2132,2117,2102,2087
2719,2208,2193,2178,2163,2148,2133,2118,2103
2720,2224,2209,2194,2179,2164,2149,2134,2119
2721,2240,2225,2210,2195,2180,2165,2150,2135
2722,2256,2241,2226,2211,2196,2181,2166,2151
2723,2304,2257,2242,2227,2212,2197,2182,2167
2724,2320,2305,2258,2243,2228,2213,2198,2183
2725,2336,2321,2306,2259,2244,2229,2214,2199
2726,2352,2337,2322,2307,2260,2245,2230,2215
2727,2368,2353,2338,2323,2308,2261,2246,2231
2728,2384,2369,2354,2339,2324,2309,2262,2247
2729,2400,2385,2370,2355,2340,2325,2310,2263
2730,2416,2401,2386,2371,2356,2341,2326,2311
2731,2432,2417,2402,2387,2372,2357,2342,2327
2732,2448,2433,2418,2403,2388,2373,2358,2343
2733,2464,2449,2434,2419,2404,2389,2374,2359
2734,2480,2465,2450,2435,2420,2405,2390,2375
2735,2496,2481,2466,2451,2436,2421,2406,2391
2736,2512,2497,2482,2467,2452,2437,2422,2407
2737,2560,2513,2498,2483,2468,2453,2438,2423
2738,2576,2561,2514,2499,2484,2469,2454,2439
2739,2592,2577,2562,2515,2500,2485,2470,2455
2740,2608,2593,2578,2563,2516,2501,2486,2471
2741,2624,2609,2594,2579,2564,2517,2502,2487
2742,2640,2625,2610,2595,2580,2565,2518,2503
2743,2656,2641,2626,2611,2596,2581,2566,2519
2744,2672,2657,2642,2627,2612,2597,2582,2567
2745,2688,2673,2658,2643,2628,2613,2598,2583
2746,2704,2689,2674,2659,2644,2629,2614,2599
2747,2720,2705,2690,2675,2660,2645,2630,2615
2748,2736,2721,2706,2691,2676,2661,2646,2631
2749,2752,2737,2722,2707,2692,2677,2662,2647
2750,2768,2753,2738,2723,2708,2693,2678,2663
2751,2816,2769,2754,2739,2724,2709,2694,2679
2752,2832,2817,2770,2755,2740,2725,2710,2695
2753,2848,2833,2818,2771,2756,2741,2726,2711
2754,2864,2849,2834,2819,2772,2757,2742,2727
2755,2880,2865,2850,2835,2820,2773,2758,2743
2756,2896,2881,2866,2851,2836,2821,2774,2759
2757,2912,2897,2882,2867,2852,2837,2822,2775
2758,2928,2913,2898,2883,2868,2853,2838,2823
2759,2944,2929,2914,2899,2884,2869,2854,2839
2760,2960,2945,2930,2915,2900,2885,2870,2855
2761,2976,2961,2946,2931,2916,2901,2886,2871
2762,2992,2977,2962,2947,2932,2917,2902,2887
2763,3008,2993,2978,2963,2948,2933,2918,2903
2764,3024,3009,2994,2979,2964,2949,2934,2919
2765,3072,3025,3010,2995,2980,2965,2950,2935
2766,3088,3073,3026,3011,2996,2981,2966,2951
2767,3104,3089,3074,3027,3012,2997,2982,2967
2768,3120,3105,3090,3075,3028,3013,2998,2983
2769,3136,3121,3106,3091,3076,3029,3014,2999
2770,3152,3137,3122,3107,3092,3077,3030,3015
2771,3168,3153,3138,3123,3108,3093,3078,3031
2772,3184,3169,3154,3139,3124,3109,3094,3079
2773,3200,3185,3170,3155,3140,3125,3110,3095
2774,3216,3201,3186,3171,3156,3141,3126,3111
2775,3232,3217,3202,3187,3172,3157,3142,3127
2776,3248,3233,3218,3203,3188,3173,3158,3143
2777,3264,3249,3234,3219,3204,3189,3174,3159
2778,3280,3265,3250,3235,3220,3205,3190,3175
2779,3328,3281,3266,3251,3236,3221,3206,3191
2780,3344,3329,3282,3267,3252,3237,3222,3207
2781,3360,3345,3330,3283,3268,3253,3238,3223
2782,3376,3361,3346,3331,3284,3269,3254,3239
2783,3392,3377,3362,3347,3332,3285,3270,3255
2784,3408,3393,3378,3363,3348,3333,3286,3271
2785,3424,3409,3394,3379,3364,3349,3334,3287
2786,3440,3425,3410,3395,3380,3365,3350,3335
2787,3456,3441,3426,3411,3396,3381,3366,3351
2788,3472,3457,3442,3427,3412,3397,3382,3367
2789,3488,3473,3458,3443,3428,3413,3398,3383
2790,3504,3489,3474,3459,3444,3429,3414,3399
2791,3520,3505,3490,3475,3460,3445,3430,3415
2792,3536,3521,3506,3491,3476,3461,3446,3431
2793,3584,3537,3522,3507,3492,3477,3462,3447
2794,3600,3585,3538,3523,3508,3493,3478,3463
2795,3616,3601,3586,3539,3524,3509,3494,3479
2796,3632,3617,3602,3587,3540,3525,3510,3495
2797,3648,3633,3618,3603,3588,3541,3526,3511
2798,3664,3649,3634,3619,3604,3589,3542,3527
2799,3680,3665,3650,3635,3620,3605,3590,3543
2800,3696,3681,3666,3651,3636,3621,3606,3591
2801,3712,3697,3682,3667,3652,3637,3622,3607
2802,3728,3713,3698,3683,3668,3653,3638,3623
2803,3744,3729,3714,3699,3684,3669,3654,3639
2804,3760,3745,3730,3715,3700,3685,3670,3655
2805,3776,3761,3746,3731,3716,3701,3686,3671
2806,3792,3777,3762,3747,3732,3717,3702,3687
2807,3840,3793,3778,3763,3748,3733,3718,3703
2808,3856,3841,3794,3779,3764,3749,3734,3719
2809,3872,3857,3842,3795,3780,3765,3750,3735
2810,3888,3873,3858,3843,3796,3781,3766,3751
2811,3904,3889,3874,3859,3844,3797,3782,3767
2812,3920,3905,3890,3875,3860,3845,3798,3783
2813,3936,3921,3906,3891,3876,3861,3846,3799
2814,3952,3937,3922,3907,3892,3877,3862,3847
2815,3968,3953,3938,3923,3908,3893,3878,3863
2816,3984,3969,3954,3939,3924,3909,3894,3879
2817,4000,3985,3970,3955,3940,3925,3910,3895
2818,4016,4001,3986,3971,3956,3941,3926,3911
2819,4032,4017,4002,3987,3972,3957,3942,3927
2820,4048,4033,4018,4003,3988,3973,3958,3943
2821,-1,4049,4034,4019,4004,3989,3974,3959
2822,-1,-1,4050,4035,4020,4005,3990,3975
2823,-1,-1,-1,4051,4036,4021,4006,3991
2824,-1,-1,-1,-1,4052,4037,4022,4007
2825,-1,-1,-1,-1,-1,4053,4038,4023
2826,-1,-1,-1,-1,-1,-1,4054,4039
2827,-1,-1,-1,-1,-1,-1,-1,4055
2828,-1,-1,-1,-1,-1,-1,-1,-1
2829,-1,-1,-1,-1,-1,-1,-1,-1
2830,-1,-1,-1,-1,-1,-1,-1,-1
2831,-1,-1,-1,-1,-1,-1,-1,-1
2832,-1,-1,-1,-1,-1,-1,-1,-1
2833,-1,-1,-1,-1,-1,-1,-1,-1
2834,-1,-1,-1,-1,-1,-1,-1,-1
2835,-1,-1,-1,-1,-1,-1,-1,-1
2836,-1,-1,-1,-1,-1,-1,-1,-1
2837,-1,-1,-1,-1,-1,-1,-1,-1
2838,-1,-1,-1,-1,-1,-1,-1,-1
2839,-1,-1,-1,-1,-1,-1,-1,-1
2840,-1,-1,-1,-1,-1,-1,-1,-1
2841,-1,-1,-1,-1,-1,-1,-1,-1
2842,-1,-1,-1,-1,-1,-1,-1,-1
2843,520,-1,-1,-1,-1,-1,-1,-1
2844,536,521,-1,-1,-1,-1,-1,-1
2845,552,537,522,-1,-1,-1,-1,-1
2846,568,553,538,523,-1,-1,-1,-1
2847,584,569,554,539,524,-1,-1,-1
2848,600,585,570,555,540,525,-1,-1
2849,616,601,586,571,556,541,526,-1
2850,632,617,602,587,572,557,542,527
2851,648,633,618,603,588,573,558,543
2852,664,649,634,619,604,589,574,559
2853,680,665,650,635,620,605,590,575
2854,696,681,666,651,636,621,606,591
2855,712,697,682,667,652,637,622,607
2856,728,713,698,683,668,653,638,623
2857,776,729,714,699,684,669,654,639
2858,792,777,730,715,700,685,670,655
2859,808,793,778,731,716,701,686,671
2860,824,809,794,779,732,717,702,687
2861,840,825,810,795,780,733,718,703
2862,856,841,826,811,796,781,734,719
2863,872,857,842,827,812,797,782,735
2864,888,873,858,843,828,813,798,783
2865,904,889,874,859,844,829,814,799
2866,920,905,890,875,860,845,830,815
2867,936,921,906,891,876,861,846,831
2868,952,937,922,907,892,877,862,847
2869,968,953,938,923,908,893,878,863
2870,984,969,954,939,924,909,894,879
2871,1032,985,970,955,940,925,910,895
2872,1048,1033,986,971,956,941,926,911
2873,1064,1049,1034,987,972,957,942,927
2874,1080,1065,1050,1035,988,973,958,943
2875,1096,1081,1066,1051,1036,989,974,959
2876,1112,1097,1082,1067,1052,1037,990,975
2877,1128,1113,1098,1083,1068,1053,1038,991
2878,1144,1129,1114,1099,1084,1069,1054,1039
2879,1160,1145,1130,1115,1100,1085,1070,1055
2880,1176,1161,1146,1131,1116,1101,1086,1071
2881,1192,1177,1162,1147,1132,1117,1102,1087
2882,1208,1193,1178,1163,1148,1133,1118,1103
2883,1224,1209,1194,1179,1164,1149,1134,1119
2884,1240,1225,1210,1195,1180,1165,1150,1135
2885,1288,1241,1226,1211,1196,1181,1166,1151
2886,1304,1289,1242,1227,1212,1197,1182,1167
2887,1320,1305,1290,1243,1228,1213,1198,1183
2888,1336,1321,1306,1291,1244,1229,1214,1199
2889,1352,1337,1322,1307,1292,1245,1230,1215
2890,1368,1353,1338,1323,1308,1293,1246,1231
2891,1384,1369,1354,1339,1324,1309,1294,1247
2892,1400,1385,1370,1355,1340,1325,1310,1295
2893,1416,1401,1386,1371,1356,1341,1326,1311
2894,1432,1417,1402,1387,1372,1357,1342,1327
2895,1448,1433,1418,1403,1388,1373,1358,1343
2896,1464,1449,1434,1419,1404,1389,1374,1359
2897,1480,1465,1450,1435,1420,1405,1390,1375
2898,1496,1481,1466,1451,1436,1421,1406,1391
2899,1544,1497,1482,1467,1452,1437,1422,1407
2900,1560,1545,1498,1483,1468,1453,1438,1423
2901,1576,1561,1546,1499,1484,1469,1454,1439
2902,1592,1577,1562,1547,1500,1485,1470,1455
2903,1608,1593,1578,1563,1548,1501,1486,1471
2904,1624,1609,1594,1579,1564,1549,1502,1487
2905,1640,1625,1610,1595,1580,1565,1550,1503
2906,1656,1641,1626,1611,1596,1581,1566,1551
2907,1672,1657,1642,1627,1612,1597,1582,1567
2908,1688,1673,1658,1643,1628,1613,1598,1583
2909,1704,1689,1674,1659,1644,1629,1614,1599
2910,1720,1705,1690,1675,1660,1645,1630,1615
2911,1736,1721,1706,1691,1676,1661,1646,1631
2912,1752,1737,1722,1707,1692,1677,1662,1647
2913,1800,1753,1738,1723,1708,1693,1678,1663
2914,1816,1801,1754,1739,1724,1709,1694,1679
2915,1832,1817,1802,1755,1740,1725,1710,1695
2916,1848,1833,1818,1803,1756,1741,1726,1711
2917,1864,1849,1834,1819,1804,1757,1742,1727
2918,1880,1865,1850,1835,1820,1805,1758,1743
2919,1896,1881,1866,1851,1836,1821,1806,1759
2920,1912,1897,1882,1867,1852,1837,1822,1807
2921,1928,1913,1898,1883,1868,1853,1838,1823
2922,1944,1929,1914,1899,1884,1869,1854,1839
2923,1960,1945,1930,1915,1900,1885,1870,1855
2924,1976,1961,1946,1931,1916,1901,1886,1871
2925,1992,1977,1962,1947,1932,1917,1902,1887
2926,2008,1993,1978,1963,1948,1933,1918,1903
2927,2056,2009,1994,1979,1964,1949,1934,1919
2928,2072,2057,2010,1995,1980,1965,1950,1935
2929,2088,2073,2058,2011,1996,1981,1966,1951
2930,2104,2089,2074,2059,2012,1997,1982,1967
2931,2120,2105,2090,2075,2060,2013,1998,1983
2932,2136,2121,2106,2091,2076,2061,2014,1999
2933,2152,2137,2122,2107,2092,2077,2062,2015
2934,2168,2153,2138,2123,2108,2093,2078,2063
2935,2184,2169,2154,2139,2124,2109,2094,2079
2936,2200,2185,2170,2155,2140,2125,2110,2095
2937,2216,2201,2186,2171,2156,2141,2126,2111
2938,2232,2217,2202,2187,2172,2157,2142,2127
2939,2248,2233,2218,2203,2188,2173,2158,2143
2940,2264,2249,2234,2219,2204,2189,2174,2159
2941,2312,2265,2250,2235,2220,2205,2190,2175
2942,2328,2313,2266,2251,2236,2221,2206,2191
2943,2344,2329,2314,2267,2252,2237,2222,2207
2944,2360,2345,2330,2315,2268,2253,2238,2223
2945,2376,2361,2346,2331,2316,2269,2254,2239
2946,2392,2377,2362,2347,2332,2317,2270,2255
2947,2408,2393,2378,2363,2348,2333,2318,2271
2948,2424,2409,2394,2379,2364,2349,2334,2319
2949,2440,2425,2410,2395,2380,2365,2350,2335
2950,2456,2441,2426,2411,2396,2381,2366,2351
2951,2472,2457,2442,2427,2412,2397,2382,2367
2952,2488,2473,2458,2443,2428,2413,2398,2383
2953,2504,2489,2474,2459,2444,2429,2414,2399
2954,2520,2505,2490,2475,2460,2445,2430,2415
2955,2568,2521,2506,2491,2476,2461,2446,2431
2956,2584,2569,2522,2507,2492,2477,2462,2447
2957,2600,2585,2570,2523,2508,2493,2478,2463
2958,2616,2601,2586,2571,2524,2509,2494,2479
2959,2632,2617,2602,2587,2572,2525,2510,2495
2960,2648,2633,2618,2603,2588,2573,2526,2511
2961,2664,2649,2634,2619,2604,2589,2574,2527
2962,2680,2665,2650,2635,2620,2605,2590,2575
2963,2696,2681,2666,2651,2636,2621,2606,2591
2964,2712,2697,2682,2667,2652,2637,2622,2607
2965,2728,2713,2698,2683,2668,2653,2638,2623
2966,2744,2729,2714,2699,2684,2669,2654,2639
2967,2760,2745,2730,2715,2700,2685,2670,2655
2968,2776,2761,2746,2731,2716,2701,2686,2671
2969,2824,2777,2762,2747,2732,2717,2702,2687
2970,2840,2825,2778,2763,2748,2733,2718,2703
2971,2856,2841,2826,2779,2764,2749,2734,2719
2972,2872,2857,2842,2827,2780,2765,2750,2735
2973,2888,2873,2858,2843,2828,2781,2766,2751
2974,2904,2889,2874,2859,2844,2829,2782,2767
2975,2920,2905,2890,2875,2860,2845,2830,2783
2976,2936,2921,2906,2891,2876,2861,2846,2831
2977,2952,2937,2922,2907,2892,2877,2862,2847
2978,2968,2953,2938,2923,2908,2893,2878,2863
2979,2984,2969,2954,2939,2924,2909,2894,2879
2980,3000,2985,2970,2955,2940,2925,2910,2895
2981,3016,3001,2986,2971,2956,2941,2926,2911
2982,3032,3017,3002,2987,2972,2957,2942,2927
2983,3080,3033,3018,3003,2988,2973,2958,2943
2984,3096,3081,3034,3019,3004,2989,2974,2959
2985,3112,3097,3082,3035,3020,3005,2990,2975
2986,3128,3113,3098,3083,3036,3021,3006,2991
2987,3144,3129,3114,3099,3084,3037,3022,3007
2988,3160,3145,3130,3115,3100,3085,3038,3023
2989,3176,3161,3146,3131,3116,3101,3086,3039
2990,3192,3177,3162,3147,3132,3117,3102,3087
2991,3208,3193,3178,3163,3148,3133,3118,3103
2992,3224,3209,3194,3179,3164,3149,3134,3119
2993,3240,3225,3210,3195,3180,3165,3150,3135
2994,3256,3241,3226,3211,3196,3181,3166,3151
2995,3272,3257,3242,3227,3212,3197,3182,3167
2996,3288,3273,3258,3243,3228,3213,3198,3183
2997,3336,3289,3274,3259,3244,3229,3214,3199
2998,3352,3337,3290,3275,3260,3245,3230,3215
2999,3368,3353,3338,3291,3276,3261,3246,3231
3000,3384,3369,3354,3339,3292,3277,3262,3247
3001,3400,3385,3370,3355,3340,3293,3278,3263
3002,3416,3401,3386,3371,3356,3341,3294,3279
3003,3432,3417,3402,3387,3372,3357,3342,3295
3004,3448,3433,3418,3403,3388,3373,3358,3343
3005,3464,3449,3434,3419,3404,3389,3374,3359
3006,3480,3465,3450,3435,3420,3405,3390,3375
3007,3496,3481,3466,3451,3436,3421,3406,3391
3008,3512,3497,3482,3467,3452,3437,3422,3407
3009,3528,3513,3498,3483,3468,3453,3438,3423
3010,3544,3529,3514,3499,3484,3469,3454,3439
3011,3592,3545,3530,3515,3500,3485,3470,3455
3012,3608,3593,3546,3531,3516,3501,3486,3471
3013,3624,3609,3594,3547,3532,3517,3502,3487
3014,3640,3625,3610,3595,3548,3533,3518,3503
3015,3656,3641,3626,3611,3596,3549,3534,3519
3016,3672,3657,3642,3627,3612,3597,3550,3535
3017,3688,3673,3658,3643,3628,3613,3598,3551
3018,3704,3689,3674,3659,3644,3629,3614,3599
3019,3720,3705,3690,3675,3660,3645,3630,3615
3020,3736,3721,3706,3691,3676,3661,3646,3631
3021,3752,3737,3722,3707,3692,3677,3662,3647
3022,3768,3753,3738,3723,3708,3693,3678,3663
3023,3784,3769,3754,3739,3724,3709,3694,3679
3024,3800,3785,3770,3755,3740,3725,3710,3695
3025,3848,3801,3786,3771,3756,3741,3726,3711
3026,3864,3849,3802,3787,3772,3757,3742,3727
3027,3880,3865,3850,3803,3788,3773,3758,3743
3028,3896,3881,3866,3851,3804,3789,3774,3759
3029,3912,3897,3882,3867,3852,3805,3790,3775
3030,3928,3913,3898,3883,3868,3853,3806,3791
3031,3944,3929,3914,3899,3884,3869,3854,3807
3032,3960,3945,3930,3915,3900,3885,3870,3855
3033,3976,3961,3946,3931,3916,3901,3886,3871
3034,3992,3977,3962,3947,3932,3917,3902,3887
3035,4008,3993,3978,3963,3948,3933,3918,3903
3036,4024,4009,3994,3979,3964,3949,3934,3919
3037,4040,4025,4010,3995,3980,3965,3950,3935
3038,4056,4041,4026,4011,3996,3981,3966,3951
3039,-1,4057,4042,4027,4012,3997,3982,3967
3040,-1,-1,4058,4043,4028,4013,3998,3983
3041,-1,-1,-1,4059,4044,4029,4014,3999
3042,-1,-1,-1,-1,4060,4045,4030,4015
3043,-1,-1,-1,-1,-1,4061,4046,4031
3044,-1,-1,-1,-1,-1,-1,4062,4047
3045,-1,-1,-1,-1,-1,-1,-1,4063
3046,-1,-1,-1,-1,-1,-1,-1,-1
3047,-1,-1,-1,-1,-1,-1,-1,-1
3048,-1,-1,-1,-1,-1,-1,-1,-1
3049,-1,-1,-1,-1,-1,-1,-1,-1
3050,-1,-1,-1,-1,-1,-1,-1,-1
3051,-1,-1,-1,-1,-1,-1,-1,-1
3052,-1,-1,-1,-1,-1,-1,-1,-1
3053,-1,-1,-1,-1,-1,-1,-1,-1
3054,-1,-1,-1,-1,-1,-1,-1,-1
3055,-1,-1,-1,-1,-1,-1,-1,-1
3056,-1,-1,-1,-1,-1,-1,-1,-1
3057,-1,-1,-1,-1,-1,-1,-1,-1
3058,-1,-1,-1,-1,-1,-1,-1,-1
3059,-1,-1,-1,-1,-1,-1,-1,-1
3060,-1,-1,-1,-1,-1,-1,-1,-1
3061,528,-1,-1,-1,-1,-1,-1,-1
3062,544,529,-1,-1,-1,-1,-1,-1
3063,560,545,530,-1,-1,-1,-1,-1
3064,576,561,546,531,-1,-1,-1,-1
3065,592,577,562,547,532,-1,-1,-1
3066,608,593,578,563,548,533,-1,-1
3067,624,609,594,579,564,549,534,-1
3068,640,625,610,595,580,565,550,535
3069,656,641,626,611,596,581,566,551
3070,672,657,642,627,612,597,582,567
3071,688,673,658,643,628,613,598,583
3072,704,689,674,659,644,629,614,599
3073,720,705,690,675,660,645,630,615
3074,736,721,706,691,676,661,646,631
3075,784,737,722,707,692,677,662,647
3076,800,785,738,723,708,693,678,663
3077,816,801,786,739,724,709,694,679
3078,832,817,802,787,740,725,710,695
3079,848,833,818,803,788,741,726,711
3080,864,849,834,819,804,789,742,727
3081,880,865,850,835,820,805,790,743
3082,896,881,866,851,836,821,806,791
3083,912,897,882,867,852,837,822,807
3084,928,913,898,883,868,853,838,823
3085,944,929,914,899,884,869,854,839
3086,960,945,930,915,900,885,870,855
3087,976,961,946,931,916,901,886,871
3088,992,977,962,947,932,917,902,887
3089,1040,993,978,963,948,933,918,903
3090,1056,1041,994,979,964,949,934,919
3091,1072,1057,1042,995,980,965,950,935
3092,1088,1073,1058,1043,996,981,966,951
3093,1104,1089,1074,1059,1044,997,982,967
3094,1120,1105,1090,1075,1060,1045,998,983
3095,1136,1121,1106,1091,1076,1061,1046,999
3096,1152,1137,1122,1107,1092,1077,1062,1047
3097,1168,1153,1138,1123,1108,1093,1078,1063
3098,1184,1169,1154,1139,1124,1109,1094,1079
3099,1200,1185,1170,1155,1140,1125,1110,1095
3100,1216,1201,1186,1171,1156,1141,1126,1111
3101,1232,1217,1202,1187,1172,1157,1142,1127
3102,1248,1233,1218,1203,1188,1173,1158,1143
3103,1296,1249,1234,1219,1204,1189,1174,1159
3104,1312,1297,1250,1235,1220,1205,1190,1175
3105,1328,1313,1298,1251,1236,1221,1206,1191
3106,1344,1329,1314,1299,1252,1237,1222,1207
3107,1360,1345,1330,1315,1300,1253,1238,1223
3108,1376,1361,1346,1331,1316,1301,1254,1239
3109,1392,1377,1362,1347,1332,1317,1302,1255
3110,1408,1393,1378,1363,1348,1333,1318,1303
3111,1424,1409,1394,1379,1364,1349,1334,1319
3112,1440,1425,1410,1395,1380,1365,1350,1335
3113,1456,1441,1426,1411,1396,1381,1366,1351
3114,1472,1457,1442,1427,1412,1397,1382,1367
3115,1488,1473,1458,1443,1428,1413,1398,1383
3116,1504,1489,1474,1459,1444,1429,1414,1399
3117,1552,1505,1490,1475,1460,1445,1430,1415
3118,1568,1553,1506,1491,1476,1461,1446,1431
3119,1584,1569,1554,1507,1492,1477,1462,1447
3120,1600,1585,1570,1555,1508,1493,1478,1463
3121,1616,1601,1586,1571,1556,1509,1494,1479
3122,1632,1617,1602,1587,1572,1557,1510,1495
3123,1648,1633,1618,1603,1588,1573,1558,1511
3124,1664,1649,1634,1619,1604,1589,1574,1559
3125,1680,1665,1650,1635,1620,1605,1590,1575
3126,1696,1681,1666,1651,1636,1621,1606,1591
3127,1712,1697,1682,1667,1652,1637,1622,1607
3128,1728,1713,1698,1683,1668,1653,1638,1623
3129,1744,1729,1714,1699,1684,1669,1654,1639
3130,1760,1745,1730,1715,1700,1685,1670,1655
3131,1808,1761,1746,1731,1716,1701,1686,1671
3132,1824,1809,1762,1747,1732,1717,1702,1687
3133,1840,1825,1810,1763,1748,1733,1718,1703
3134,1856,1841,1826,1811,1764,1749,1734,1719
3135,1872,1857,1842,1827,1812,1765,1750,1735
3136,1888,1873,1858,1843,1828,1813,1766,1751
3137,1904,1889,1874,1859,1844,1829,1814,1767
3138,1920,1905,1890,1875,1860,1845,1830,1815
3139,1936,1921,1906,1891,1876,1861,1846,1831
3140,1952,1937,1922,1907,1892,1877,1862,1847
3141,1968,1953,1938,1923,1908,1893,1878,1863
3142,1984,1969,1954,1939,1924,1909,1894,1879
3143,2000,1985,1970,1955,1940,1925,1910,1895
3144,2016,2001,1986,1971,1956,1941,1926,1911
3145,2064,2017,2002,1987,1972,1957,1942,1927
3146,2080,2065,2018,2003,1988,1973,1958,1943
3147,2096,2081,2066,2019,2004,1989,1974,1959
3148,2112,2097,2082,2067,2020,2005,1990,1975
3149,2128,2113,2098,2083,2068,2021,2006,1991
3150,2144,2129,2114,2099,2084,2069,2022,2007
3151,2160,2145,2130,2115,2100,2085,2070,2023
3152,2176,2161,2146,2131,2116,2101,2086,2071
3153,2192,2177,2162,2147,2132,2117,2102,2087
3154,2208,2193,2178,2163,2148,2133,2118,2103
3155,2224,2209,2194,2179,2164,2149,2134,2119
3156,2240,2225,2210,2195,2180,2165,2150,2135
3157,2256,2241,2226,2211,2196,2181,2166,2151
3158,2272,2257,2242,2227,2212,2197,2182,2167
3159,2320,2273,2258,2243,2228,2213,2198,2183
3160,2336,2321,2274,2259,2244,2229,2214,2199
3161,2352,2337,2322,2275,2260,2245,2230,2215
3162,2368,2353,2338,2323,2276,2261,2246,2231
3163,2384,2369,2354,2339,2324,2277,2262,2247
3164,2400,2385,2370,2355,2340,2325,2278,2263
3165,2416,2401,2386,2371,2356,2341,2326,2279
3166,2432,2417,2402,2387,2372,2357,2342,2327
3167,2448,2433,2418,2403,2388,2373,2358,2343
3168,2464,2449,2434,2419,2404,2389,2374,2359
3169,2480,2465,2450,2435,2420,2405,2390,2375
3170,2496,2481,2466,2451,2436,2421,2406,2391
3171,2512,2497,2482,2467,2452,2437,2422,2407
3172,2528,2513,2498,2483,2468,2453,2438,2423
3173,2576,2529,2514,2499,2484,2469,2454,2439
3174,2592,2577,2530,2515,2500,2485,2470,2455
3175,2608,2593,2578,2531,2516,2501,2486,2471
3176,2624,2609,2594,2579,2532,2517,2502,2487
3177,2640,2625,2610,2595,2580,2533,2518,2503
3178,2656,2641,2626,2611,2596,2581,2534,2519
3179,2672,2657,2642,2627,2612,2597,2582,2535
3180,2688,2673,2658,2643,2628,2613,2598,2583
3181,2704,2689,2674,2659,2644,2629,2614,2599
3182,2720,2705,2690,2675,2660,2645,2630,2615
3183,2736,2721,2706,2691,2676,2661,2646,2631
3184,2752,2737,2722,2707,2692,2677,2662,2647
3185,2768,2753,2738,2723,2708,2693,2678,2663
3186,2784,2769,2754,2739,2724,2709,2694,2679
3187,2832,2785,2770,2755,2740,2725,2710,2695
3188,2848,2833,2786,2771,2756,2741,2726,2711
3189,2864,2849,2834,2787,2772,2757,2742,2727
3190,2880,2865,2850,2835,2788,2773,2758,2743
3191,2896,2881,2866,2851,2836,2789,2774,2759
3192,2912,2897,2882,2867,2852,2837,2790,2775
3193,2928,2913,2898,2883,2868,2853,2838,2791
3194,2944,2929,2914,2899,2884,2869,2854,2839
3195,2960,2945,2930,2915,2900,2885,2870,2855
3196,2976,2961,2946,2931,2916,2901,2886,2871
3197,2992,2977,2962,2947,2932,2917,2902,2887
3198,3008,2993,2978,2963,2948,2933,2918,2903
3199,3024,3009,2994,2979,2964,2949,2934,2919
3200,3040,3025,3010,2995,2980,2965,2950,2935
3201,3088,3041,3026,3011,2996,2981,2966,2951
3202,3104,3089,3042,3027,3012,2997,2982,2967
3203,3120,3105,3090,3043,3028,3013,2998,2983
3204,3136,3121,3106,3091,3044,3029,3014,2999
3205,3152,3137,3122,3107,3092,3045,3030,3015
3206,3168,3153,3138,3123,3108,3093,3046,3031
3207,3184,3169,3154,3139,3124,3109,3094,3047
3208,3200,3185,3170,3155,3140,3125,3110,3095
3209,3216,3201,3186,3171,3156,3141,3126,3111
3210,3232,3217,3202,3187,3172,3157,3142,3127
3211,3248,3233,3218,3203,3188,3173,3158,3143
3212,3264,3249,3234,3219,3204,3189,3174,3159
3213,3280,3265,3250,3235,3220,3205,3190,3175
3214,3296,3281,3266,3251,3236,3221,3206,3191
3215,3344,3297,3282,3267,3252,3237,3222,3207
3216,3360,3345,3298,3283,3268,3253,3238,3223
3217,3376,3361,3346,3299,3284,3269,3254,3239
3218,3392,3377,3362,3347,3300,3285,3270,3255
3219,3408,3393,3378,3363,3348,3301,3286,3271
3220,3424,3409,3394,3379,3364,3349,3302,3287
3221,3440,3425,3410,3395,3380,3365,3350,3303
3222,3456,3441,3426,3411,3396,3381,3366,3351
3223,3472,3457,3442,3427,3412,3397,3382,3367
3224,3488,3473,3458,3443,3428,3413,3398,3383
3225,3504,3489,3474,3459,3444,3429,3414,3399
3226,3520,3505,3490,3475,3460,3445,3430,3415
3227,3536,3521,3506,3491,3476,3461,3446,3431
3228,3552,3537,3522,3507,3492,3477,3462,3447
3229,3600,3553,3538,3523,3508,3493,3478,3463
3230,3616,3601,3554,3539,3524,3509,3494,3479
3231,3632,3617,3602,3555,3540,3525,3510,3495
3232,3648,3633,3618,3603,3556,3541,3526,3511
3233,3664,3649,3634,3619,3604,3557,3542,3527
3234,3680,3665,3650,3635,3620,3605,3558,3543
3235,3696,3681,3666,3651,3636,3621,3606,3559
3236,3712,3697,3682,3667,3652,3637,3622,3607
3237,3728,3713,3698,3683,3668,3653,3638,3623
3238,3744,3729,3714,3699,3684,3669,3654,3639
3239,3760,3745,3730,3715,3700,3685,3670,3655
3240,3776,3761,3746,3731,3716,3701,3686,3671
3241,3792,3777,3762,3747,3732,3717,3702,3687
3242,3808,3793,3778,3763,3748,3733,3718,3703
3243,3856,3809,3794,3779,3764,3749,3734,3719
3244,3872,3857,3810,3795,3780,3765,3750,3735
3245,3888,3873,3858,3811,3796,3781,3766,3751
3246,3904,3889,3874,3859,3812,3797,3782,3767
3247,3920,3905,3890,3875,3860,3813,3798,3783
3248,3936,3921,3906,3891,3876,3861,3814,3799
3249,3952,3937,3922,3907,3892,3877,3862,3815
3250,3968,3953,3938,3923,3908,3893,3878,3863
3251,3984,3969,3954,3939,3924,3909,3894,3879
3252,4000,3985,3970,3955,3940,3925,3910,3895
3253,4016,4001,3986,3971,3956,3941,3926,3911
3254,4032,4017,4002,3987,3972,3957,3942,3927
3255,4048,4033,4018,4003,3988,3973,3958,3943
3256,4064,4049,4034,4019,4004,3989,3974,3959
3257,-1,4065,4050,4035,4020,4005,3990,3975
3258,-1,-1,4066,4051,4036,4021,4006,3991
3259,-1,-1,-1,4067,4052,4037,4022,4007
3260,-1,-1,-1,-1,4068,4053,4038,4023
3261,-1,-1,-1,-1,-1,4069,4054,4039
3262,-1,-1,-1,-1,-1,-1,4070,4055
3263,-1,-1,-1,-1,-1,-1,-1,4071
3264,-1,-1,-1,-1,-1,-1,-1,-1
3265,-1,-1,-1,-1,-1,-1,-1,-1
3266,-1,-1,-1,-1,-1,-1,-1,-1
3267,-1,-1,-1,-1,-1,-1,-1,-1
3268,-1,-1,-1,-1,-1,-1,-1,-1
3269,-1,-1,-1,-1,-1,-1,-1,-1
3270,-1,-1,-1,-1,-1,-1,-1,-1
3271,-1,-1,-1,-1,-1,-1,-1,-1
3272,-1,-1,-1,-1,-1,-1,-1,-1
3273,-1,-1,-1,-1,-1,-1,-1,-1
3274,-1,-1,-1,-1,-1,-1,-1,-1
3275,-1,-1,-1,-1,-1,-1,-1,-1
3276,-1,-1,-1,-1,-1,-1,-1,-1
3277,-1,-1,-1,-1,-1,-1,-1,-1
3278,-1,-1,-1,-1,-1,-1,-1,-1
3279,536,-1,-1,-1,-1,-1,-1,-1
3280,552,537,-1,-1,-1,-1,-1,-1
3281,568,553,538,-1,-1,-1,-1,-1
3282,584,569,554,539,-1,-1,-1,-1
3283,600,585,570,555,540,-1,-1,-1
3284,616,601,586,571,556,541,-1,-1
3285,632,617,602,587,572,557,542,-1
3286,648,633,618,603,588,573,558,543
3287,664,649,634,619,604,589,574,559
3288,680,665,650,635,620,605,590,575
3289,696,681,666,651,636,621,606,591
3290,712,697,682,667,652,637,622,607
3291,728,713,698,683,668,653,638,623
3292,744,729,714,699,684,669,654,639
3293,792,745,730,715,700,685,670,655
3294,808,793,746,731,716,701,686,671
3295,824,809,794,747,732,717,702,687
3296,840,825,810,795,748,733,718,703
3297,856,841,826,811,796,749,734,719
3298,872,857,842,827,812,797,750,735
3299,888,873,858,843,828,813,798,751
3300,904,889,874,859,844,829,814,799
3301,920,905,890,875,860,845,830,815
3302,936,921,906,891,876,861,846,831
3303,952,937,922,907,892,877,862,847
3304,968,953,938,923,908,893,878,863
3305,984,969,954,939,924,909,894,879
3306,1000,985,970,955,940,925,910,895
3307,1048,1001,986,971,956,941,926,911
3308,1064,1049,1002,987,972,957,942,927
3309,1080,1065,1050,1003,988,973,958,943
3310,1096,1081,1066,1051,1004,989,974,959
3311,1112,1097,1082,1067,1052,1005,990,975
3312,1128,1113,1098,1083,1068,1053,1006,991
3313,1144,1129,1114,1099,1084,1069,1054,1007
3314,1160,1145,1130,1115,1100,1085,1070,1055
3315,1176,1161,1146,1131,1116,1101,1086,1071
3316,1192,1177,1162,1147,1132,1117,1102,1087
3317,1208,1193,1178,1163,1148,1133,1118,1103
3318,1224,1209,1194,1179,1164,1149,1134,1119
3319,1240,1225,1210,1195,1180,1165,1150,1135
3320,1256,1241,1226,1211,1196,1181,1166,1151
3321,1304,1257,1242,1227,1212,1197,1182,1167
3322,1320,1305,1258,1243,1228,1213,1198,1183
3323,1336,1321,1306,1259,1244,1229,1214,1199
3324,1352,1337,1322,1307,1260,1245,1230,1215
3325,1368,1353,1338,1323,1308,1261,1246,1231
3326,1384,1369,1354,1339,1324,1309,1262,1247
3327,1400,1385,1370,1355,1340,1325,1310,1263
3328,1416,1401,1386,1371,1356,1341,1326,1311
3329,1432,1417,1402,1387,1372,1357,1342,1327
3330,1448,1433,1418,1403,1388,1373,1358,1343
3331,1464,1449,1434,1419,1404,1389,1374,1359
3332,1480,1465,1450,1435,1420,1405,1390,1375
3333,1496,1481,1466,1451,1436,1421,1406,1391
3334,1512,1497,1482,1467,1452,1437,1422,1407
3335,1560,1513,1498,1483,1468,1453,1438,1423
3336,1576,1561,1514,1499,1484,1469,1454,1439
3337,1592,1577,1562,1515,1500,1485,1470,1455
3338,1608,1593,1578,1563,1516,1501,1486,1471
3339,1624,1609,1594,1579,1564,1517,1502,1487
3340,1640,1625,1610,1595,1580,1565,1518,1503
3341,1656,1641,1626,1611,1596,1581,1566,1519
3342,1672,1657,1642,1627,1612,1597,1582,1567
3343,1688,1673,1658,1643,1628,1613,1598,1583
3344,1704,1689,1674,1659,1644,1629,1614,1599
3345,1720,1705,1690,1675,1660,1645,1630,1615
3346,1736,1721,1706,1691,1676,1661,1646,1631
3347,1752,1737,1722,1707,1692,1677,1662,1647
3348,1768,1753,1738,1723,1708,1693,1678,1663
3349,1816,1769,1754,1739,1724,1709,1694,1679
3350,1832,1817,1770,1755,1740,1725,1710,1695
3351,1848,1833,1818,1771,1756,1741,1726,1711
3352,1864,1849,1834,1819,1772,1757,1742,1727
3353,1880,1865,1850,1835,1820,1773,1758,1743
3354,1896,1881,1866,1851,1836,1821,1774,1759
3355,1912,1897,1882,1867,1852,1837,1822,1775
3356,1928,1913,1898,1883,1868,1853,1838,1823
3357,1944,1929,1914,1899,1884,1869,1854,1839
3358,1960,1945,1930,1915,1900,1885,1870,1855
3359,1976,1961,1946,1931,1916,1901,1886,1871
3360,1992,1977,1962,1947,1932,1917,1902,1887
3361,2008,1993,1978,1963,1948,1933,1918,1903
3362,2024,2009,1994,1979,1964,1949,1934,1919
3363,2072,2025,2010,1995,1980,1965,1950,1935
3364,2088,2073,2026,2011,1996,1981,1966,1951
3365,2104,2089,2074,2027,2012,1997,1982,1967
3366,2120,2105,2090,2075,2028,2013,1998,1983
3367,2136,2121,2106,2091,2076,2029,2014,1999
3368,2152,2137,2122,2107,2092,2077,2030,2015
3369,2168,2153,2138,2123,2108,2093,2078,2031
3370,2184,2169,2154,2139,2124,2109,2094,2079
3371,2200,2185,2170,2155,2140,2125,2110,2095
3372,2216,2201,2186,2171,2156,2141,2126,2111
3373,2232,2217,2202,2187,2172,2157,2142,2127
3374,2248,2233,2218,2203,2188,2173,2158,2143
3375,2264,2249,2234,2219,2204,2189,2174,2159
3376,2280,2265,2250,2235,2220,2205,2190,2175
3377,2328,2281,2266,2251,2236,2221,2206,2191
3378,2344,2329,2282,2267,2252,2237,2222,2207
3379,2360,2345,2330,2283,2268,2253,2238,2223
3380,2376,2361,2346,2331,2284,2269,2254,2239
3381,2392,2377,2362,2347,2332,2285,2270,2255
3382,2408,2393,2378,2363,2348,2333,2286,2271
3383,2424,2409,2394,2379,2364,2349,2334,2287
3384,2440,2425,2410,2395,2380,2365,2350,2335
3385,2456,2441,2426,2411,2396,2381,2366,2351
3386,2472,2457,2442,2427,2412,2397,2382,2367
3387,2488,2473,2458,2443,2428,2413,2398,2383
3388,2504,2489,2474,2459,2444,2429,2414,2399
3389,2520,2505,2490,2475,2460,2445,2430,2415
3390,2536,2521,2506,2491,2476,2461,2446,2431
3391,2584,2537,2522,2507,2492,2477,2462,2447
3392,2600,2585,2538,2523,2508,2493,2478,2463
3393,2616,2601,2586,2539,2524,2509,2494,2479
3394,2632,2617,2602,2587,2540,2525,2510,2495
3395,2648,2633,2618,2603,2588,2541,2526,2511
3396,2664,2649,2634,2619,2604,2589,2542,2527
3397,2680,2665,2650,2635,2620,2605,2590,2543
3398,2696,2681,2666,2651,2636,2621,2606,2591
3399,2712,2697,2682,2667,2652,2637,2622,2607
3400,2728,2713,2698,2683,2668,2653,2638,2623
3401,2744,2729,2714,2699,2684,2669,2654,2639
3402,2760,2745,2730,2715,2700,2685,2670,2655
3403,2776,2761,2746,2731,2716,2701,2686,2671
3404,2792,2777,2762,2747,2732,2717,2702,2687
3405,2840,2793,2778,2763,2748,2733,2718,2703
3406,2856,2841,2794,2779,2764,2749,2734,2719
3407,2872,2857,2842,2795,2780,2765,2750,2735
3408,2888,2873,2858,2843,2796,2781,2766,2751
3409,2904,2889,2874,2859,2844,2797,2782,2767
3410,2920,2905,2890,2875,2860,2845,2798,2783
3411,2936,2921,2906,2891,2876,2861,2846,2799
3412,2952,2937,2922,2907,2892,2877,2862,2847
3413,2968,2953,2938,2923,2908,2893,2878,2863
3414,2984,2969,2954,2939,2924,2909,2894,2879
3415,3000,2985,2970,2955,2940,2925,2910,2895
3416,3016,3001,2986,2971,2956,2941,2926,2911
3417,3032,3017,3002,2987,2972,2957,2942,2927
3418,3048,3033,3018,3003,2988,2973,2958,2943
3419,3096,3049,3034,3019,3004,2989,2974,2959
3420,3112,3097,3050,3035,3020,3005,2990,2975
3421,3128,3113,3098,3051,3036,3021,3006,2991
3422,3144,3129,3114,3099,3052,3037,3022,3007
3423,3160,3145,3130,3115,3100,3053,3038,3023
3424,3176,3161,3146,3131,3116,3101,3054,3039
3425,3192,3177,3162,3147,3132,3117,3102,3055
3426,3208,3193,3178,3163,3148,3133,3118,3103
3427,3224,3209,3194,3179,3164,3149,3134,3119
3428,3240,3225,3210,3195,3180,3165,3150,3135
3429,3256,3241,3226,3211,3196,3181,3166,3151
3430,3272,3257,3242,3227,3212,3197,3182,3167
3431,3288,3273,3258,3243,3228,3213,3198,3183
3432,3304,3289,3274,3259,3244,3229,3214,3199
3433,3352,3305,3290,3275,3260,3245,3230,3215
3434,3368,3353,3306,3291,3276,3261,3246,3231
3435,3384,3369,3354,3307,3292,3277,3262,3247
3436,3400,3385,3370,3355,3308,3293,3278,3263
3437,3416,3401,3386,3371,3356,3309,3294,3279
3438,3432,3417,3402,3387,3372,3357,3310,3295
3439,3448,3433,3418,3403,3388,3373,3358,3311
3440,3464,3449,3434,3419,3404,3389,3374,3359
3441,3480,3465,3450,3435,3420,3405,3390,3375
3442,3496,3481,3466,3451,3436,3421,3406,3391
3443,3512,3497,3482,3467,3452,3437,3422,3407
3444,3528,3513,3498,3483,3468,3453,3438,3423
3445,3544,3529,3514,3499,3484,3469,3454,3439
3446,3560,3545,3530,3515,3500,3485,3470,3455
3447,3608,3561,3546,3531,3516,3501,3486,3471
3448,3624,3609,3562,3547,3532,3517,3502,3487
3449,3640,3625,3610,3563,3548,3533,3518,3503
3450,3656,3641,3626,3611,3564,3549,3534,3519
3451,3672,3657,3642,3627,3612,3565,3550,3535
3452,3688,3673,3658,3643,3628,3613,3566,3551
3453,3704,3689,3674,3659,3644,3629,3614,3567
3454,3720,3705,3690,3675,3660,3645,3630,3615
3455,3736,3721,3706,3691,3676,3661,3646,3631
3456,3752,3737,3722,3707,3692,3677,3662,3647
3457,3768,3753,3738,3723,3708,3693,3678,3663
3458,3784,3769,3754,3739,3724,3709,3694,3679
3459,3800,3785,3770,3755,3740,3725,3710,3695
3460,3816,3801,3786,3771,3756,3741,3726,3711
3461,3864,3817,3802,3787,3772,3757,3742,3727
3462,3880,3865,3818,3803,3788,3773,3758,3743
3463,3896,3881,3866,3819,3804,3789,3774,3759
3464,3912,3897,3882,3867,3820,3805,3790,3775
3465,3928,3913,3898,3883,3868,3821,3806,3791
3466,3944,3929,3914,3899,3884,3869,3822,3807
3467,3960,3945,3930,3915,3900,3885,3870,3823
3468,3976,3961,3946,3931,3916,3901,3886,3871
3469,3992,3977,3962,3947,3932,3917,3902,3887
3470,4008,3993,3978,3963,3948,3933,3918,3903
3471,4024,4009,3994,3979,3964,3949,3934,3919
3472,4040,4025,4010,3995,3980,3965,3950,3935
3473,4056,4041,4026,4011,3996,3981,3966,3951
3474,4072,4057,4042,4027,4012,3997,3982,3967
3475,-1,4073,4058,4043,4028,4013,3998,3983
3476,-1,-1,4074,4059,4044,4029,4014,3999
3477,-1,-1,-1,4075,4060,4045,4030,4015
3478,-1,-1,-1,-1,4076,4061,4046,4031
3479,-1,-1,-1,-1,-1,4077,4062,4047
3480,-1,-1,-1,-1,-1,-1,4078,4063
3481,-1,-1,-1,-1,-1,-1,-1,4079
3482,-1,-1,-1,-1,-1,-1,-1,-1
3483,-1,-1,-1,-1,-1,-1,-1,-1
3484,-1,-1,-1,-1,-1,-1,-1,-1
3485,-1,-1,-1,-1,-1,-1,-1,-1
3486,-1,-1,-1,-1,-1,-1,-1,-1
3487,-1,-1,-1,-1,-1,-1,-1,-1
3488,-1,-1,-1,-1,-1,-1,-1,-1
3489,-1,-1,-1,-1,-1,-1,-1,-1
3490,-1,-1,-1,-1,-1,-1,-1,-1
3491,-1,-1,-1,-1,-1,-1,-1,-1
3492,-1,-1,-1,-1,-1,-1,-1,-1
3493,-1,-1,-1,-1,-1,-1,-1,-1
3494,-1,-1,-1,-1,-1,-1,-1,-1
3495,-1,-1,-1,-1,-1,-1,-1,-1
3496,-1,-1,-1,-1,-1,-1,-1,-1
3497,544,-1,-1,-1,-1,-1,-1,-1
3498,560,545,-1,-1,-1,-1,-1,-1
3499,576,561,546,-1,-1,-1,-1,-1
3500,592,577,562,547,-1,-1,-1,-1
3501,608,593,578,563,548,-1,-1,-1
3502,624,609,594,579,564,549,-1,-1
3503,640,625,610,595,580,565,550,-1
3504,656,641,626,611,596,581,566,551
3505,672,657,642,627,612,597,582,567
3506,688,673,658,643,628,613,598,583
3507,704,689,674,659,644,629,614,599
3508,720,705,690,675,660,645,630,615
3509,736,721,706,691,676,661,646,631
3510,752,737,722,707,692,677,662,647
3511,800,753,738,723,708,693,678,663
3512,816,801,754,739,724,709,694,679
3513,832,817,802,755,740,725,710,695
3514,848,833,818,803,756,741,726,711
3515,864,849,834,819,804,757,742,727
3516,880,865,850,835,820,805,758,743
3517,896,881,866,851,836,821,806,759
3518,912,897,882,867,852,837,822,807
3519,928,913,898,883,868,853,838,823
3520,944,929,914,899,884,869,854,839
3521,960,945,930,915,900,885,870,855
3522,976,961,946,931,916,901,886,871
3523,992,977,962,947,932,917,902,887
3524,1008,993,978,963,948,933,918,903
3525,1056,1009,994,979,964,949,934,919
3526,1072,1057,1010,995,980,965,950,935
3527,1088,1073,1058,1011,996,981,966,951
3528,1104,1089,1074,1059,1012,997,982,967
3529,1120,1105,1090,1075,1060,1013,998,983
3530,1136,1121,1106,1091,1076,1061,1014,999
3531,1152,1137,1122,1107,1092,1077,1062,1015
3532,1168,1153,1138,1123,1108,1093,1078,1063
3533,1184,1169,1154,1139,1124,1109,1094,1079
3534,1200,1185,1170,1155,1140,1125,1110,1095
3535,1216,1201,1186,1171,1156,1141,1126,1111
3536,1232,1217,1202,1187,1172,1157,1142,1127
3537,1248,1233,1218,1203,1188,1173,1158,1143
3538,1264,1249,1234,1219,1204,1189,1174,1159
3539,1312,1265,1250,1235,1220,1205,1190,1175
3540,1328,1313,1266,1251,1236,1221,1206,1191
3541,1344,1329,1314,1267,1252,1237,1222,1207
3542,1360,1345,1330,1315,1268,1253,1238,1223
3543,1376,1361,1346,1331,1316,1269,1254,1239
3544,1392,1377,1362,1347,1332,1317,1270,1255
3545,1408,1393,1378,1363,1348,1333,1318,1271
3546,1424,1409,1394,1379,1364,1349,1334,1319
3547,1440,1425,1410,1395,1380,1365,1350,1335
3548,1456,1441,1426,1411,1396,1381,1366,1351
3549,1472,1457,1442,1427,1412,1397,1382,1367
3550,1488,1473,1458,1443,1428,1413,1398,1383
3551,1504,1489,1474,1459,1444,1429,1414,1399
3552,1520,1505,1490,1475,1460,1445,1430,1415
3553,1568,1521,1506,1491,1476,1461,1446,1431
3554,1584,1569,1522,1507,1492,1477,1462,1447
3555,1600,1585,1570,1523,1508,1493,1478,1463
3556,1616,1601,1586,1571,1524,1509,1494,1479
3557,1632,1617,1602,1587,1572,1525,1510,1495
3558,1648,1633,1618,1603,1588,1573,1526,1511
3559,1664,1649,1634,1619,1604,1589,1574,1527
3560,1680,1665,1650,1635,1620,1605,1590,1575
3561,1696,1681,1666,1651,1636,1621,1606,1591
3562,1712,1697,1682,1667,1652,1637,1622,1607
3563,1728,1713,1698,1683,1668,1653,1638,1623
3564,1744,1729,1714,1699,1684,1669,1654,1639
3565,1760,1745,1730,1715,1700,1685,1670,1655
3566,1776,1761,1746,1731,1716,1701,1686,1671
3567,1824,1777,1762,1747,1732,1717,1702,1687
3568,1840,1825,1778,1763,1748,1733,1718,1703
3569,1856,1841,1826,1779,1764,1749,1734,1719
3570,1872,1857,1842,1827,1780,1765,1750,1735
3571,1888,1873,1858,1843,1828,1781,1766,1751
3572,1904,1889,1874,1859,1844,1829,1782,1767
3573,1920,1905,1890,1875,1860,1845,1830,1783
3574,1936,1921,1906,1891,1876,1861,1846,1831
3575,1952,1937,1922,1907,1892,1877,1862,1847
3576,1968,1953,1938,1923,1908,1893,1878,1863
3577,1984,1969,1954,1939,1924,1909,1894,1879
3578,2000,1985,1970,1955,1940,1925,1910,1895
3579,2016,2001,1986,1971,1956,1941,1926,1911
3580,2032,2017,2002,1987,1972,1957,1942,1927
3581,2080,2033,2018,2003,1988,1973,1958,1943
3582,2096,2081,2034,2019,2004,1989,1974,1959
3583,2112,2097,2082,2035,2020,2005,1990,1975
3584,2128,2113,2098,2083,2036,2021,2006,1991
3585,2144,2129,2114,2099,2084,2037,2022,2007
3586,2160,2145,2130,2115,2100,2085,2038,2023
3587,2176,2161,2146,2131,2116,2101,2086,2039
3588,2192,2177,2162,2147,2132,2117,2102,2087
3589,2208,2193,2178,2163,2148,2133,2118,2103
3590,2224,2209,2194,2179,2164,2149,2134,2119
3591,2240,2225,2210,2195,2180,2165,2150,2135
3592,2256,2241,2226,2211,2196,2181,2166,2151
3593,2272,2257,2242,2227,2212,2197,2182,2167
3594,2288,2273,2258,2243,2228,2213,2198,2183
3595,2336,2289,2274,2259,2244,2229,2214,2199
3596,2352,2337,2290,2275,2260,2245,2230,2215
3597,2368,2353,2338,2291,2276,2261,2246,2231
3598,2384,2369,2354,2339,2292,2277,2262,2247
3599,2400,2385,2370,2355,2340,2293,2278,2263
3600,2416,2401,2386,2371,2356,2341,2294,2279
3601,2432,2417,2402,2387,2372,2357,2342,2295
3602,2448,2433,2418,2403,2388,2373,2358,2343
3603,2464,2449,2434,2419,2404,2389,2374,2359
3604,2480,2465,2450,2435,2420,2405,2390,2375
3605,2496,2481,2466,2451,2436,2421,2406,2391
3606,2512,2497,2482,2467,2452,2437,2422,2407
3607,2528,2513,2498,2483,2468,2453,2438,2423
3608,2544,2529,2514,2499,2484,2469,2454,2439
3609,2592,2545,2530,2515,2500,2485,2470,2455
3610,2608,2593,2546,2531,2516,2501,2486,2471
3611,2624,2609,2594,2547,2532,2517,2502,2487
3612,2640,2625,2610,2595,2548,2533,2518,2503
3613,2656,2641,2626,2611,2596,2549,2534,2519
3614,2672,2657,2642,2627,2612,2597,2550,2535
3615,2688,2673,2658,2643,2628,2613,2598,2551
3616,2704,2689,2674,2659,2644,2629,2614,2599
3617,2720,2705,2690,2675,2660,2645,2630,2615
3618,2736,2721,2706,2691,2676,2661,2646,2631
3619,2752,2737,2722,2707,2692,2677,2662,2647
3620,2768,2753,2738,2723,2708,2693,2678,2663
3621,2784,2769,2754,2739,2724,2709,2694,2679
3622,2800,2785,2770,2755,2740,2725,2710,2695
3623,2848,2801,2786,2771,2756,2741,2726,2711
3624,2864,2849,2802,2787,2772,2757,2742,2727
3625,2880,2865,2850,2803,2788,2773,2758,2743
3626,2896,2881,2866,2851,2804,2789,2774,2759
3627,2912,2897,2882,2867,2852,2805,2790,2775
3628,2928,2913,2898,2883,2868,2853,2806,2791
3629,2944,2929,2914,2899,2884,2869,2854,2807
3630,2960,2945,2930,2915,2900,2885,2870,2855
3631,2976,2961,2946,2931,2916,2901,2886,2871
3632,2992,2977,2962,2947,2932,2917,2902,2887
3633,3008,2993,2978,2963,2948,2933,2918,2903
3634,3024,3009,2994,2979,2964,2949,2934,2919
3635,3040,3025,3010,2995,2980,2965,2950,2935
3636,3056,3041,3026,3011,2996,2981,2966,2951
3637,3104,3057,3042,3027,3012,2997,2982,2967
3638,3120,3105,3058,3043,3028,3013,2998,2983
3639,3136,3121,3106,3059,3044,3029,3014,2999
3640,3152,3137,3122,3107,3060,3045,3030,3015
3641,3168,3153,3138,3123,3108,3061,3046,3031
3642,3184,3169,3154,3139,3124,3109,3062,3047
3643,3200,3185,3170,3155,3140,3125,3110,3063
3644,3216,3201,3186,3171,3156,3141,3126,3111
3645,3232,3217,3202,3187,3172,3157,3142,3127
3646,3248,3233,3218,3203,3188,3173,3158,3143
3647,3264,3249,3234,3219,3204,3189,3174,3159
3648,3280,3265,3250,3235,3220,3205,3190,3175
3649,3296,3281,3266,3251,3236,3221,3206,3191
3650,3312,3297,3282,3267,3252,3237,3222,3207
3651,3360,3313,3298,3283,3268,3253,3238,3223
3652,3376,3361,3314,3299,3284,3269,3254,3239
3653,3392,3377,3362,3315,3300,3285,3270,3255
3654,3408,3393,3378,3363,3316,3301,3286,3271
3655,3424,3409,3394,3379,3364,3317,3302,3287
3656,3440,3425,3410,3395,3380,3365,3318,3303
3657,3456,3441,3426,3411,3396,3381,3366,3319
3658,3472,3457,3442,3427,3412,3397,3382,3367
3659,3488,3473,3458,3443,3428,3413,3398,3383
3660,3504,3489,3474,3459,3444,3429,3414,3399
3661,3520,3505,3490,3475,3460,3445,3430,3415
3662,3536,3521,3506,3491,3476,3461,3446,3431
3663,3552,3537,3522,3507,3492,3477,3462,3447
3664,3568,3553,3538,3523,3508,3493,3478,3463
3665,3616,3569,3554,3539,3524,3509,3494,3479
3666,3632,3617,3570,3555,3540,3525,3510,3495
3667,3648,3633,3618,3571,3556,3541,3526,3511
3668,3664,3649,3634,3619,3572,3557,3542,3527
3669,3680,3665,3650,3635,3620,3573,3558,3543
3670,3696,3681,3666,3651,3636,3621,3574,3559
3671,3712,3697,3682,3667,3652,3637,3622,3575
3672,3728,3713,3698,3683,3668,3653,3638,3623
3673,3744,3729,3714,3699,3684,3669,3654,3639
3674,3760,3745,3730,3715,3700,3685,3670,3655
3675,3776,3761,3746,3731,3716,3701,3686,3671
3676,3792,3777,3762,3747,3732,3717,3702,3687
3677,3808,3793,3778,3763,3748,3733,3718,3703
3678,3824,3809,3794,3779,3764,3749,3734,3719
3679,3872,3825,3810,3795,3780,3765,3750,3735
3680,3888,3873,3826,3811,3796,3781,3766,3751
3681,3904,3889,3874,3827,3812,3797,3782,3767
3682,3920,3905,3890,3875,3828,3813,3798,3783
3683,3936,3921,3906,3891,3876,3829,3814,3799
3684,3952,3937,3922,3907,3892,3877,3830,3815
3685,3968,3953,3938,3923,3908,3893,3878,3831
3686,3984,3969,3954,3939,3924,3909,3894,3879
3687,4000,3985,3970,3955,3940,3925,3910,3895
3688,4016,4001,3986,3971,3956,3941,3926,3911
3689,4032,4017,4002,3987,3972,3957,3942,3927
3690,4048,4033,4018,4003,3988,3973,3958,3943
3691,4064,4049,4034,4019,4004,3989,3974,3959
3692,4080,4065,4050,4035,4020,4005,3990,3975
3693,-1,4081,4066,4051,4036,4021,4006,3991
3694,-1,-1,4082,4067,4052,4037,4022,4007
3695,-1,-1,-1,4083,4068,4053,4038,4023
3696,-1,-1,-1,-1,4084,4069,4054,4039
3697,-1,-1,-1,-1,-1,4085,4070,4055
3698,-1,-1,-1,-1,-1,-1,4086,4071
3699,-1,-1,-1,-1,-1,-1,-1,4087
3700,-1,-1,-1,-1,-1,-1,-1,-1
3701,-1,-1,-1,-1,-1,-1,-1,-1
3702,-1,-1,-1,-1,-1,-1,-1,-1
3703,-1,-1,-1,-1,-1,-1,-1,-1
3704,-1,-1,-1,-1,-1,-1,-1,-1
3705,-1,-1,-1,-1,-1,-1,-1,-1
3706,-1,-1,-1,-1,-1,-1,-1,-1
3707,-1,-1,-1,-1,-1,-1,-1,-1
3708,-1,-1,-1,-1,-1,-1,-1,-1
3709,-1,-1,-1,-1,-1,-1,-1,-1
3710,-1,-1,-1,-1,-1,-1,-1,-1
3711,-1,-1,-1,-1,-1,-1,-1,-1
3712,-1,-1,-1,-1,-1,-1,-1,-1
3713,-1,-1,-1,-1,-1,-1,-1,-1
3714,-1,-1,-1,-1,-1,-1,-1,-1
3715,552,-1,-1,-1,-1,-1,-1,-1
3716,568,553,-1,-1,-1,-1,-1,-1
3717,584,569,554,-1,-1,-1,-1,-1
3718,600,585,570,555,-1,-1,-1,-1
3719,616,601,586,571,556,-1,-1,-1
3720,632,617,602,587,572,557,-1,-1
3721,648,633,618,603,588,573,558,-1
3722,664,649,634,619,604,589,574,559
3723,680,665,650,635,620,605,590,575
3724,696,681,666,651,636,621,606,591
3725,712,697,682,667,652,637,622,607
3726,728,713,698,683,668,653,638,623
3727,744,729,714,699,684,669,654,639
3728,760,745,730,715,700,685,670,655
3729,808,761,746,731,716,701,686,671
3730,824,809,762,747,732,717,702,687
3731,840,825,810,763,748,733,718,703
3732,856,841,826,811,764,749,734,719
3733,872,857,842,827,812,765,750,735
3734,888,873,858,843,828,813,766,751
3735,904,889,874,859,844,829,814,767
3736,920,905,890,875,860,845,830,815
3737,936,921,906,891,876,861,846,831
3738,952,937,922,907,892,877,862,847
3739,968,953,938,923,908,893,878,863
3740,984,969,954,939,924,909,894,879
3741,1000,985,970,955,940,925,910,895
3742,1016,1001,986,971,956,941,926,911
3743,1064,1017,1002,987,972,957,942,927
3744,1080,1065,1018,1003,988,973,958,943
3745,1096,1081,1066,1019,1004,989,974,959
3746,1112,1097,1082,1067,1020,1005,990,975
3747,1128,1113,1098,1083,1068,1021,1006,991
3748,1144,1129,1114,1099,1084,1069,1022,1007
3749,1160,1145,1130,1115,1100,1085,1070,1023
3750,1176,1161,1146,1131,1116,1101,1086,1071
3751,1192,1177,1162,1147,1132,1117,1102,1087
3752,1208,1193,1178,1163,1148,1133,1118,1103
3753,1224,1209,1194,1179,1164,1149,1134,1119
3754,1240,1225,1210,1195,1180,1165,1150,1135
3755,1256,1241,1226,1211,1196,1181,1166,1151
3756,1272,1257,1242,1227,1212,1197,1182,1167
3757,1320,1273,1258,1243,1228,1213,1198,1183
3758,1336,1321,1274,1259,1244,1229,1214,1199
3759,1352,1337,1322,1275,1260,1245,1230,1215
3760,1368,1353,1338,1323,1276,1261,1246,1231
3761,1384,1369,1354,1339,1324,1277,1262,1247
3762,1400,1385,1370,1355,1340,1325,1278,1263
3763,1416,1401,1386,1371,1356,1341,1326,1279
3764,1432,1417,1402,1387,1372,1357,1342,1327
3765,1448,1433,1418,1403,1388,1373,1358,1343
3766,1464,1449,1434,1419,1404,1389,1374,1359
3767,1480,1465,1450,1435,1420,1405,1390,1375
3768,1496,1481,1466,1451,1436,1421,1406,1391
3769,1512,1497,1482,1467,1452,1437,1422,1407
3770,1528,1513,1498,1483,1468,1453,1438,1423
3771,1576,1529,1514,1499,1484,1469,1454,1439
3772,1592,1577,1530,1515,1500,1485,1470,1455
3773,1608,1593,1578,1531,1516,1501,1486,1471
3774,1624,1609,1594,1579,1532,1517,1502,1487
3775,1640,1625,1610,1595,1580,1533,1518,1503
3776,1656,1641,1626,1611,1596,1581,1534,1519
3777,1672,1657,1642,1627,1612,1597,1582,1535
3778,1688,1673,1658,1643,1628,1613,1598,1583
3779,1704,1689,1674,1659,1644,1629,1614,1599
3780,1720,1705,1690,1675,1660,1645,1630,1615
3781,1736,1721,1706,1691,1676,1661,1646,1631
3782,1752,1737,1722,1707,1692,1677,1662,1647
3783,1768,1753,1738,1723,1708,1693,1678,1663
3784,1784,1769,1754,1739,1724,1709,1694,1679
3785,1832,1785,1770,1755,1740,1725,1710,1695
3786,1848,1833,1786,1771,1756,1741,1726,1711
3787,1864,1849,1834,1787,1772,1757,1742,1727
3788,1880,1865,1850,1835,1788,1773,1758,1743
3789,1896,1881,1866,1851,1836,1789,1774,1759
3790,1912,1897,1882,1867,1852,1837,1790,1775
3791,1928,1913,1898,1883,1868,1853,1838,1791
3792,1944,1929,1914,1899,1884,1869,1854,1839
3793,1960,1945,1930,1915,1900,1885,1870,1855
3794,1976,1961,1946,1931,1916,1901,1886,1871
3795,1992,1977,1962,1947,1932,1917,1902,1887
3796,2008,1993,1978,1963,1948,1933,1918,1903
3797,2024,2009,1994,1979,1964,1949,1934,1919
3798,2040,2025,2010,1995,1980,1965,1950,1935
3799,2088,2041,2026,2011,1996,1981,1966,1951
3800,2104,2089,2042,2027,2012,1997,1982,1967
3801,2120,2105,2090,2043,2028,2013,1998,1983
3802,2136,2121,2106,2091,2044,2029,2014,1999
3803,2152,2137,2122,2107,2092,2045,2030,2015
3804,2168,2153,2138,2123,2108,2093,2046,2031
3805,2184,2169,2154,2139,2124,2109,2094,2047
3806,2200,2185,2170,2155,2140,2125,2110,2095
3807,2216,2201,2186,2171,2156,2141,2126,2111
3808,2232,2217,2202,2187,2172,2157,2142,2127
3809,2248,2233,2218,2203,2188,2173,2158,2143
3810,2264,2249,2234,2219,2204,2189,2174,2159
3811,2280,2265,2250,2235,2220,2205,2190,2175
3812,2296,2281,2266,2251,2236,2221,2206,2191
3813,2344,2297,2282,2267,2252,2237,2222,2207
3814,2360,2345,2298,2283,2268,2253,2238,2223
3815,2376,2361,2346,2299,2284,2269,2254,2239
3816,2392,2377,2362,2347,2300,2285,2270,2255
3817,2408,2393,2378,2363,2348,2301,2286,2271
3818,2424,2409,2394,2379,2364,2349,2302,2287
3819,2440,2425,2410,2395,2380,2365,2350,2303
3820,2456,2441,2426,2411,2396,2381,2366,2351
3821,2472,2457,2442,2427,2412,2397,2382,2367
3822,2488,2473,2458,2443,2428,2413,2398,2383
3823,2504,2489,2474,2459,2444,2429,2414,2399
3824,2520,2505,2490,2475,2460,2445,2430,2415
3825,2536,2521,2506,2491,2476,2461,2446,2431
3826,2552,2537,2522,2507,2492,2477,2462,2447
3827,2600,2553,2538,2523,2508,2493,2478,2463
3828,2616,2601,2554,2539,2524,2509,2494,2479
3829,2632,2617,2602,2555,2540,2525,2510,2495
3830,2648,2633,2618,2603,2556,2541,2526,2511
3831,2664,2649,2634,2619,2604,2557,2542,2527
3832,2680,2665,2650,2635,2620,2605,2558,2543
3833,2696,2681,2666,2651,2636,2621,2606,2559
3834,2712,2697,2682,2667,2652,2637,2622,2607
3835,2728,2713,2698,2683,2668,2653,2638,2623
3836,2744,2729,2714,2699,2684,2669,2654,2639
3837,2760,2745,2730,2715,2700,2685,2670,2655
3838,2776,2761,2746,2731,2716,2701,2686,2671
3839,2792,2777,2762,2747,2732,2717,2702,2687
3840,2808,2793,2778,2763,2748,2733,2718,2703
3841,2856,2809,2794,2779,2764,2749,2734,2719
3842,2872,2857,2810,2795,2780,2765,2750,2735
3843,2888,2873,2858,2811,2796,2781,2766,2751
3844,2904,2889,2874,2859,2812,2797,2782,2767
3845,2920,2905,2890,2875,2860,2813,2798,2783
3846,2936,2921,2906,2891,2876,2861,2814,2799
3847,2952,2937,2922,2907,2892,2877,2862,2815
3848,2968,2953,2938,2923,2908,2893,2878,2863
3849,2984,2969,2954,2939,2924,2909,2894,2879
3850,3000,2985,2970,2955,2940,2925,2910,2895
3851,3016,3001,2986,2971,2956,2941,2926,2911
3852,3032,3017,3002,2987,2972,2957,2942,2927
3853,3048,3033,3018,3003,2988,2973,2958,2943
3854,3064,3049,3034,3019,3004,2989,2974,2959
3855,3112,3065,3050,3035,3020,3005,2990,2975
3856,3128,3113,3066,3051,3036,3021,3006,2991
3857,3144,3129,3114,3067,3052,3037,3022,3007
3858,3160,3145,3130,3115,3068,3053,3038,3023
3859,3176,3161,3146,3131,3116,3069,3054,3039
3860,3192,3177,3162,3147,3132,3117,3070,3055
3861,3208,3193,3178,3163,3148,3133,3118,3071
3862,3224,3209,3194,3179,3164,3149,3134,3119
3863,3240,3225,3210,3195,3180,3165,3150,3135
3864,3256,3241,3226,3211,3196,3181,3166,3151
3865,3272,3257,3242,3227,3212,3197,3182,3167
3866,3288,3273,3258,3243,3228,3213,3198,3183
3867,3304,3289,3274,3259,3244,3229,3214,3199
3868,3320,3305,3290,3275,3260,3245,3230,3215
3869,3368,3321,3306,3291,3276,3261,3246,3231
3870,3384,3369,3322,3307,3292,3277,3262,3247
3871,3400,3385,3370,3323,3308,3293,3278,3263
3872,3416,3401,3386,3371,3324,3309,3294,3279
3873,3432,3417,3402,3387,3372,3325,3310,3295
3874,3448,3433,3418,3403,3388,3373,3326,3311
3875,3464,3449,3434,3419,3404,3389,3374,3327
3876,3480,3465,3450,3435,3420,3405,3390,3375
3877,3496,3481,3466,3451,3436,3421,3406,3391
3878,3512,3497,3482,3467,3452,3437,3422,3407
3879,3528,3513,3498,3483,3468,3453,3438,3423
3880,3544,3529,3514,3499,3484,3469,3454,3439
3881,3560,3545,3530,3515,3500,3485,3470,3455
3882,3576,3561,3546,3531,3516,3501,3486,3471
3883,3624,3577,3562,3547,3532,3517,3502,3487
3884,3640,3625,3578,3563,3548,3533,3518,3503
3885,3656,3641,3626,3579,3564,3549,3534,3519
3886,3672,3657,3642,3627,3580,3565,3550,3535
3887,3688,3673,3658,3643,3628,3581,3566,3551
3888,3704,3689,3674,3659,3644,3629,3582,3567
3889,3720,3705,3690,3675,3660,3645,3630,3583
3890,3736,3721,3706,3691,3676,3661,3646,3631
3891,3752,3737,3722,3707,3692,3677,3662,3647
3892,3768,3753,3738,3723,3708,3693,3678,3663
3893,3784,3769,3754,3739,3724,3709,3694,3679
3894,3800,3785,3770,3755,3740,3725,3710,3695
3895,3816,3801,3786,3771,3756,3741,3726,3711
3896,3832,3817,3802,3787,3772,3757,3742,3727
3897,3880,3833,3818,3803,3788,3773,3758,3743
3898,3896,3881,3834,3819,3804,3789,3774,3759
3899,3912,3897,3882,3835,3820,3805,3790,3775
3900,3928,3913,3898,3883,3836,3821,3806,3791
3901,3944,3929,3914,3899,3884,3837,3822,3807
3902,3960,3945,3930,3915,3900,3885,3838,3823
3903,3976,3961,3946,3931,3916,3901,3886,3839
3904,3992,3977,3962,3947,3932,3917,3902,3887
3905,4008,3993,3978,3963,3948,3933,3918,3903
3906,4024,4009,3994,3979,3964,3949,3934,3919
3907,4040,4025,4010,3995,3980,3965,3950,3935
3908,4056,4041,4026,4011,3996,3981,3966,3951
3909,4072,4057,4042,4027,4012,3997,3982,3967
3910,4088,4073,4058,4043,4028,4013,3998,3983
3911,-1,4089,4074,4059,4044,4029,4014,3999
3912,-1,-1,4090,4075,4060,4045,4030,4015
3913,-1,-1,-1,4091,4076,4061,4046,4031
3914,-1,-1,-1,-1,4092,4077,4062,4047
3915,-1,-1,-1,-1,-1,4093,4078,4063
3916,-1,-1,-1,-1,-1,-1,4094,4079
3917,-1,-1,-1,-1,-1,-1,-1,4095
3918,-1,-1,-1,-1,-1,-1,-1,-1
3919,-1,-1,-1,-1,-1,-1,-1,-1
3920,-1,-1,-1,-1,-1,-1,-1,-1
3921,-1,-1,-1,-1,-1,-1,-1,-1
3922,-1,-1,-1,-1,-1,-1,-1,-1
3923,-1,-1,-1,-1,-1,-1,-1,-1
3924,-1,-1,-1,-1,-1,-1,-1,-1
3925,-1,-1,-1,-1,-1,-1,-1,-1
3926,-1,-1,-1,-1,-1,-1,-1,-1
3927,-1,-1,-1,-1,-1,-1,-1,-1
3928,-1,-1,-1,-1,-1,-1,-1,-1
3929,-1,-1,-1,-1,-1,-1,-1,-1
3930,-1,-1,-1,-1,-1,-1,-1,-1
3931,-1,-1,-1,-1,-1,-1,-1,-1
3932,-1,-1,-1,-1,-1,-1,-1,-1
3933,0,-1,-1,-1,-1,-1,-1,-1
3934,16,1,-1,-1,-1,-1,-1,-1
3935,32,17,2,-1,-1,-1,-1,-1
3936,48,33,18,3,-1,-1,-1,-1
3937,64,49,34,19,4,-1,-1,-1
3938,80,65,50,35,20,5,-1,-1
3939,96,81,66,51,36,21,6,-1
3940,112,97,82,67,52,37,22,7
3941,128,113,98,83,68,53,38,23
3942,144,129,114,99,84,69,54,39
3943,160,145,130,115,100,85,70,55
3944,176,161,146,131,116,101,86,71
3945,192,177,162,147,132,117,102,87
3946,208,193,178,163,148,133,118,103
3947,256,209,194,179,164,149,134,119
3948,272,257,210,195,180,165,150,135
3949,288,273,258,211,196,181,166,151
3950,304,289,274,259,212,197,182,167
3951,320,305,290,275,260,213,198,183
3952,336,321,306,291,276,261,214,199
3953,352,337,322,307,292,277,262,215
3954,368,353,338,323,308,293,278,263
3955,384,369,354,339,324,309,294,279
3956,400,385,370,355,340,325,310,295
3957,416,401,386,371,356,341,326,311
3958,432,417,402,387,372,357,342,327
3959,448,433,418,403,388,373,358,343
3960,464,449,434,419,404,389,374,359
3961,512,465,450,435,420,405,390,375
3962,528,513,466,451,436,421,406,391
3963,544,529,514,467,452,437,422,407
3964,560,545,530,515,468,453,438,423
3965,576,561,546,531,516,469,454,439
3966,592,577,562,547,532,517,470,455
3967,608,593,578,563,548,533,518,471
3968,624,609,594,579,564,549,534,519
3969,640,625,610,595,580,565,550,535
3970,656,641,626,611,596,581,566,551
3971,672,657,642,627,612,597,582,567
3972,688,673,658,643,628,613,598,583
3973,704,689,674,659,644,629,614,599
3974,720,705,690,675,660,645,630,615
3975,768,721,706,691,676,661,646,631
3976,784,769,722,707,692,677,662,647
3977,800,785,770,723,708,693,678,663
3978,816,801,786,771,724,709,694,679
3979,832,817,802,787,772,725,710,695
3980,848,833,818,803,788,773,726,711
3981,864,849,834,819,804,789,774,727
3982,880,865,850,835,820,805,790,775
3983,896,881,866,851,836,821,806,791
3984,912,897,882,867,852,837,822,807
3985,928,913,898,883,868,853,838,823
3986,944,929,914,899,884,869,854,839
3987,960,945,930,915,900,885,870,855
3988,976,961,946,931,916,901,886,871
3989,1024,977,962,947,932,917,902,887
3990,1040,1025,978,963,948,933,918,903
3991,1056,1041,1026,979,964,949,934,919
3992,1072,1057,1042,1027,980,965,950,935
3993,1088,1073,1058,1043,1028,981,966,951
3994,1104,1089,1074,1059,1044,1029,982,967
3995,1120,1105,1090,1075,1060,1045,1030,983
3996,1136,1121,1106,1091,1076,1061,1046,1031
3997,1152,1137,1122,1107,1092,1077,1062,1047
3998,1168,1153,1138,1123,1108,1093,1078,1063
3999,1184,1169,1154,1139,1124,1109,1094,1079
4000,1200,1185,1170,1155,1140,1125,1110,1095
4001,1216,1201,1186,1171,1156,1141,1126,1111
4002,1232,1217,1202,1187,1172,1157,1142,1127
4003,1280,1233,1218,1203,1188,1173,1158,1143
4004,1296,1281,1234,1219,1204,1189,1174,1159
4005,1312,1297,1282,1235,1220,1205,1190,1175
4006,1328,1313,1298,1283,1236,1221,1206,1191
4007,1344,1329,1314,1299,1284,1237,1222,1207
4008,1360,1345,1330,1315,1300,1285,1238,1223
4009,1376,1361,1346,1331,1316,1301,1286,1239
4010,1392,1377,1362,1347,1332,1317,1302,1287
4011,1408,1393,1378,1363,1348,1333,1318,1303
4012,1424,1409,1394,1379,1364,1349,1334,1319
4013,1440,1425,1410,1395,1380,1365,1350,1335
4014,1456,1441,1426,1411,1396,1381,1366,1351
4015,1472,1457,1442,1427,1412,1397,1382,1367
4016,1488,1473,1458,1443,1428,1413,1398,1383
4017,1536,1489,1474,1459,1444,1429,1414,1399
4018,1552,1537,1490,1475,1460,1445,1430,1415
4019,1568,1553,1538,1491,1476,1461,1446,1431
4020,1584,1569,1554,1539,1492,1477,1462,1447
4021,1600,1585,1570,1555,1540,1493,1478,1463
4022,1616,1601,1586,1571,1556,1541,1494,1479
4023,1632,1617,1602,1587,1572,1557,1542,1495
4024,1648,1633,1618,1603,1588,1573,1558,1543
4025,1664,1649,1634,1619,1604,1589,1574,1559
4026,1680,1665,1650,1635,1620,1605,1590,1575
4027,1696,1681,1666,1651,1636,1621,1606,1591
4028,1712,1697,1682,1667,1652,1637,1622,1607
4029,1728,1713,1698,1683,1668,1653,1638,1623
4030,1744,1729,1714,1699,1684,1669,1654,1639
4031,1792,1745,1730,1715,1700,1685,1670,1655
4032,1808,1793,1746,1731,1716,1701,1686,1671
4033,1824,1809,1794,1747,1732,1717,1702,1687
4034,1840,1825,1810,1795,1748,1733,1718,1703
4035,1856,1841,1826,1811,1796,1749,1734,1719
4036,1872,1857,1842,1827,1812,1797,1750,1735
4037,1888,1873,1858,1843,1828,1813,1798,1751
4038,1904,1889,1874,1859,1844,1829,1814,1799
4039,1920,1905,1890,1875,1860,1845,1830,1815
4040,1936,1921,1906,1891,1876,1861,1846,1831
4041,1952,1937,1922,1907,1892,1877,1862,1847
4042,1968,1953,1938,1923,1908,1893,1878,1863
4043,1984,1969,1954,1939,1924,1909,1894,1879
4044,2000,1985,1970,1955,1940,1925,1910,1895
4045,2048,2001,1986,1971,1956,1941,1926,1911
4046,2064,2049,2002,1987,1972,1957,1942,1927
4047,2080,2065,2050,2003,1988,1973,1958,1943
4048,2096,2081,2066,2051,2004,1989,1974,1959
4049,2112,2097,2082,2067,2052,2005,1990,1975
4050,2128,2113,2098,2083,2068,2053,2006,1991
4051,2144,2129,2114,2099,2084,2069,2054,2007
4052,2160,2145,2130,2115,2100,2085,2070,2055
4053,2176,2161,2146,2131,2116,2101,2086,2071
4054,2192,2177,2162,2147,2132,2117,2102,2087
4055,2208,2193,2178,2163,2148,2133,2118,2103
4056,2224,2209,2194,2179,2164,2149,2134,2119
4057,2240,2225,2210,2195,2180,2165,2150,2135
4058,2256,2241,2226,2211,2196,2181,2166,2151
4059,2304,2257,2242,2227,2212,2197,2182,2167
4060,2320,2305,2258,2243,2228,2213,2198,2183
4061,2336,2321,2306,2259,2244,2229,2214,2199
4062,2352,2337,2322,2307,2260,2245,2230,2215
4063,2368,2353,2338,2323,2308,2261,2246,2231
4064,2384,2369,2354,2339,2324,2309,2262,2247
4065,2400,2385,2370,2355,2340,2325,2310,2263
4066,2416,2401,2386,2371,2356,2341,2326,2311
4067,2432,2417,2402,2387,2372,2357,2342,2327
4068,2448,2433,2418,2403,2388,2373,2358,2343
4069,2464,2449,2434,2419,2404,2389,2374,2359
4070,2480,2465,2450,2435,2420,2405,2390,2375
4071,2496,2481,2466,2451,2436,2421,2406,2391
4072,2512,2497,2482,2467,2452,2437,2422,2407
4073,2560,2513,2498,2483,2468,2453,2438,2423
4074,2576,2561,2514,2499,2484,2469,2454,2439
4075,2592,2577,2562,2515,2500,2485,2470,2455
4076,2608,2593,2578,2563,2516,2501,2486,2471
4077,2624,2609,2594,2579,2564,2517,2502,2487
4078,2640,2625,2610,2595,2580,2565,2518,2503
4079,2656,2641,2626,2611,2596,2581,2566,2519
4080,2672,2657,2642,2627,2612,2597,2582,2567
4081,2688,2673,2658,2643,2628,2613,2598,2583
4082,2704,2689,2674,2659,2644,2629,2614,2599
4083,2720,2705,2690,2675,2660,2645,2630,2615
4084,2736,2721,2706,2691,2676,2661,2646,2631
4085,2752,2737,2722,2707,2692,2677,2662,2647
4086,2768,2753,2738,2723,2708,2693,2678,2663
4087,2816,2769,2754,2739,2724,2709,2694,2679
4088,2832,2817,2770,2755,2740,2725,2710,2695
4089,2848,2833,2818,2771,2756,2741,2726,2711
4090,2864,2849,2834,2819,2772,2757,2742,2727
4091,2880,2865,2850,2835,2820,2773,2758,2743
4092,2896,2881,2866,2851,2836,2821,2774,2759
4093,2912,2897,2882,2867,2852,2837,2822,2775
4094,2928,2913,2898,2883,2868,2853,2838,2823
4095,2944,2929,2914,2899,2884,2869,2854,2839
4096,2960,2945,2930,2915,2900,2885,2870,2855
4097,2976,2961,2946,2931,2916,2901,2886,2871
4098,2992,2977,2962,2947,2932,2917,2902,2887
4099,3008,2993,2978,2963,2948,2933,2918,2903
4100,3024,3009,2994,2979,2964,2949,2934,2919
4101,3072,3025,3010,2995,2980,2965,2950,2935
4102,3088,3073,3026,3011,2996,2981,2966,2951
4103,3104,3089,3074,3027,3012,2997,2982,2967
4104,3120,3105,3090,3075,3028,3013,2998,2983
4105,3136,3121,3106,3091,3076,3029,3014,2999
4106,3152,3137,3122,3107,3092,3077,3030,3015
4107,3168,3153,3138,3123,3108,3093,3078,3031
4108,3184,3169,3154,3139,3124,3109,3094,3079
4109,3200,3185,3170,3155,3140,3125,3110,3095
4110,3216,3201,3186,3171,3156,3141,3126,3111
4111,3232,3217,3202,3187,3172,3157,3142,3127
4112,3248,3233,3218,3203,3188,3173,3158,3143
4113,3264,3249,3234,3219,3204,3189,3174,3159
4114,3280,3265,3250,3235,3220,3205,3190,3175
4115,3328,3281,3266,3251,3236,3221,3206,3191
4116,3344,3329,3282,3267,3252,3237,3222,3207
4117,3360,3345,3330,3283,3268,3253,3238,3223
4118,3376,3361,3346,3331,3284,3269,3254,3239
4119,3392,3377,3362,3347,3332,3285,3270,3255
4120,3408,3393,3378,3363,3348,3333,3286,3271
4121,3424,3409,3394,3379,3364,3349,3334,3287
4122,3440,3425,3410,3395,3380,3365,3350,3335
4123,3456,3441,3426,3411,3396,3381,3366,3351
4124,3472,3457,3442,3427,3412,3397,3382,3367
4125,3488,3473,3458,3443,3428,3413,3398,3383
4126,3504,3489,3474,3459,3444,3429,3414,3399
4127,3520,3505,3490,3475,3460,3445,3430,3415
4128,3536,3521,3506,3491,3476,3461,3446,3431
4129,-1,3537,3522,3507,3492,3477,3462,3447
4130,-1,-1,3538,3523,3508,3493,3478,3463
4131,-1,-1,-1,3539,3524,3509,3494,3479
4132,-1,-1,-1,-1,3540,3525,3510,3495
4133,-1,-1,-1,-1,-1,3541,3526,3511
4134,-1,-1,-1,-1,-1,-1,3542,3527
4135,-1,-1,-1,-1,-1,-1,-1,3543
4136,-1,-1,-1,-1,-1,-1,-1,-1
4137,-1,-1,-1,-1,-1,-1,-1,-1
4138,-1,-1,-1,-1,-1,-1,-1,-1
4139,-1,-1,-1,-1,-1,-1,-1,-1
4140,-1,-1,-1,-1,-1,-1,-1,-1
4141,-1,-1,-1,-1,-1,-1,-1,-1
4142,-1,-1,-1,-1,-1,-1,-1,-1
4143,-1,-1,-1,-1,-1,-1,-1,-1
4144,-1,-1,-1,-1,-1,-1,-1,-1
4145,-1,-1,-1,-1,-1,-1,-1,-1
4146,-1,-1,-1,-1,-1,-1,-1,-1
4147,-1,-1,-1,-1,-1,-1,-1,-1
4148,-1,-1,-1,-1,-1,-1,-1,-1
4149,-1,-1,-1,-1,-1,-1,-1,-1
4150,-1,-1,-1,-1,-1,-1,-1,-1
4151,8,-1,-1,-1,-1,-1,-1,-1
4152,24,9,-1,-1,-1,-1,-1,-1
4153,40,25,10,-1,-1,-1,-1,-1
4154,56,41,26,11,-1,-1,-1,-1
4155,72,57,42,27,12,-1,-1,-1
4156,88,73,58,43,28,13,-1,-1
4157,104,89,74,59,44,29,14,-1
4158,120,105,90,75,60,45,30,15
4159,136,121,106,91,76,61,46,31
4160,152,137,122,107,92,77,62,47
4161,168,153,138,123,108,93,78,63
4162,184,169,154,139,124,109,94,79
4163,200,185,170,155,140,125,110,95
4164,216,201,186,171,156,141,126,111
4165,264,217,202,187,172,157,142,127
4166,280,265,218,203,188,173,158,143
4167,296,281,266,219,204,189,174,159
4168,312,297,282,267,220,205,190,175
4169,328,313,298,283,268,221,206,191
4170,344,329,314,299,284,269,222,207
4171,360,345,330,315,300,285,270,223
4172,376,361,346,331,316,301,286,271
4173,392,377,362,347,332,317,302,287
4174,408,393,378,363,348,333,318,303
4175,424,409,394,379,364,349,334,319
4176,440,425,410,395,380,365,350,335
4177,456,441,426,411,396,381,366,351
4178,472,457,442,427,412,397,382,367
4179,520,473,458,443,428,413,398,383
4180,536,521,474,459,444,429,414,399
4181,552,537,522,475,460,445,430,415
4182,568,553,538,523,476,461,446,431
4183,584,569,554,539,524,477,462,447
4184,600,585,570,555,540,525,478,463
4185,616,601,586,571,556,541,526,479
4186,632,617,602,587,572,557,542,527
4187,648,633,618,603,588,573,558,543
4188,664,649,634,619,604,589,574,559
4189,680,665,650,635,620,605,590,575
4190,696,681,666,651,636,621,606,591
4191,712,697,682,667,652,637,622,607
4192,728,713,698,683,668,653,638,623
4193,776,729,714,699,684,669,654,639
4194,792,777,730,715,700,685,670,655
4195,808,793,778,731,716,701,686,671
4196,824,809,794,779,732,717,702,687
4197,840,825,810,795,780,733,718,703
4198,856,841,826,811,796,781,734,719
4199,872,857,842,827,812,797,782,735
4200,888,873,858,843,828,813,798,783
4201,904,889,874,859,844,829,814,799
4202,920,905,890,875,860,845,830,815
4203,936,921,906,891,876,861,846,831
4204,952,937,922,907,892,877,862,847
4205,968,953,938,923,908,893,878,863
4206,984,969,954,939,924,909,894,879
4207,1032,985,970,955,940,925,910,895
4208,1048,1033,986,971,956,941,926,911
4209,1064,1049,1034,987,972,957,942,927
4210,1080,1065,1050,1035,988,973,958,943
4211,1096,1081,1066,1051,1036,989,974,959
4212,1112,1097,1082,1067,1052,1037,990,975
4213,1128,1113,1098,1083,1068,1053,1038,991
4214,1144,1129,1114,1099,1084,1069,1054,1039
4215,1160,1145,1130,1115,1100,1085,1070,1055
4216,1176,1161,1146,1131,1116,1101,1086,1071
4217,1192,1177,1162,1147,1132,1117,1102,1087
4218,1208,1193,1178,1163,1148,1133,1118,1103
4219,1224,1209,1194,1179,1164,1149,1134,1119
4220,1240,1225,1210,1195,1180,1165,1150,1135
4221,1288,1241,1226,1211,1196,1181,1166,1151
4222,1304,1289,1242,1227,1212,1197,1182,1167
4223,1320,1305,1290,1243,1228,1213,1198,1183
4224,1336,1321,1306,1291,1244,1229,1214,1199
4225,1352,1337,1322,1307,1292,1245,1230,1215
4226,1368,1353,1338,1323,1308,1293,1246,1231
4227,1384,1369,1354,1339,1324,1309,1294,1247
4228,1400,1385,1370,1355,1340,1325,1310,1295
4229,1416,1401,1386,1371,1356,1341,1326,1311
4230,1432,1417,1402,1387,1372,1357,1342,1327
4231,1448,1433,1418,1403,1388,1373,1358,1343
4232,1464,1449,1434,1419,1404,1389,1374,1359
4233,1480,1465,1450,1435,1420,1405,1390,1375
4234,1496,1481,1466,1451,1436,1421,1406,1391
4235,1544,1497,1482,1467,1452,1437,1422,1407
4236,1560,1545,1498,1483,1468,1453,1438,1423
4237,1576,1561,1546,1499,1484,1469,1454,1439
4238,1592,1577,1562,1547,1500,1485,1470,1455
4239,1608,1593,1578,1563,1548,1501,1486,1471
4240,1624,1609,1594,1579,1564,1549,1502,1487
4241,1640,1625,1610,1595,1580,1565,1550,1503
4242,1656,1641,1626,1611,1596,1581,1566,1551
4243,1672,1657,1642,1627,1612,1597,1582,1567
4244,1688,1673,1658,1643,1628,1613,1598,1583
4245,1704,1689,1674,1659,1644,1629,1614,1599
4246,1720,1705,1690,1675,1660,1645,1630,1615
4247,1736,1721,1706,1691,1676,1661,1646,1631
4248,1752,1737,1722,1707,1692,1677,1662,1647
4249,1800,1753,1738,1723,1708,1693,1678,1663
4250,1816,1801,1754,1739,1724,1709,1694,1679
4251,1832,1817,1802,1755,1740,1725,1710,1695
4252,1848,1833,1818,1803,1756,1741,1726,1711
4253,1864,1849,1834,1819,1804,1757,1742,1727
4254,1880,1865,1850,1835,1820,1805,1758,1743
4255,1896,1881,1866,1851,1836,1821,1806,1759
4256,1912,1897,1882,1867,1852,1837,1822,1807
4257,1928,1913,1898,1883,1868,1853,1838,1823
4258,1944,1929,1914,1899,1884,1869,1854,1839
4259,1960,1945,1930,1915,1900,1885,1870,1855
4260,1976,1961,1946,1931,1916,1901,1886,1871
4261,1992,1977,1962,1947,1932,1917,1902,1887
4262,2008,1993,1978,1963,1948,1933,1918,1903
4263,2056,2009,1994,1979,1964,1949,1934,1919
4264,2072,2057,2010,1995,1980,1965,1950,1935
4265,2088,2073,2058,2011,1996,1981,1966,1951
4266,2104,2089,2074,2059,2012,1997,1982,1967
4267,2120,2105,2090,2075,2060,2013,1998,1983
4268,2136,2121,2106,2091,2076,2061,2014,1999
4269,2152,2137,2122,2107,2092,2077,2062,2015
4270,2168,2153,2138,2123,2108,2093,2078,2063
4271,2184,2169,2154,2139,2124,2109,2094,2079
4272,2200,2185,2170,2155,2140,2125,2110,2095
4273,2216,2201,2186,2171,2156,2141,2126,2111
4274,2232,2217,2202,2187,2172,2157,2142,2127
4275,2248,2233,2218,2203,2188,2173,2158,2143
4276,2264,2249,2234,2219,2204,2189,2174,2159
4277,2312,2265,2250,2235,2220,2205,2190,2175
4278,2328,2313,2266,2251,2236,2221,2206,2191
4279,2344,2329,2314,2267,2252,2237,2222,2207
4280,2360,2345,2330,2315,2268,2253,2238,2223
4281,2376,2361,2346,2331,2316,2269,2254,2239
4282,2392,2377,2362,2347,2332,2317,2270,2255
4283,2408,2393,2378,2363,2348,2333,2318,2271
4284,2424,2409,2394,2379,2364,2349,2334,2319
4285,2440,2425,2410,2395,2380,2365,2350,2335
4286,2456,2441,2426,2411,2396,2381,2366,2351
4287,2472,2457,2442,2427,2412,2397,2382,2367
4288,2488,2473,2458,2443,2428,2413,2398,2383
4289,2504,2489,2474,2459,2444,2429,2414,2399
4290,2520,2505,2490,2475,2460,2445,2430,2415
4291,2568,2521,2506,2491,2476,2461,2446,2431
4292,2584,2569,2522,2507,2492,2477,2462,2447
4293,2600,2585,2570,2523,2508,2493,2478,2463
4294,2616,2601,2586,2571,2524,2509,2494,2479
4295,2632,2617,2602,2587,2572,2525,2510,2495
4296,2648,2633,2618,2603,2588,2573,2526,2511
4297,2664,2649,2634,2619,2604,2589,2574,2527
4298,2680,2665,2650,2635,2620,2605,2590,2575
4299,2696,2681,2666,2651,2636,2621,2606,2591
4300,2712,2697,2682,2667,2652,2637,2622,2607
4301,2728,2713,2698,2683,2668,2653,2638,2623
4302,2744,2729,2714,2699,2684,2669,2654,2639
4303,2760,2745,2730,2715,2700,2685,2670,2655
4304,2776,2761,2746,2731,2716,2701,2686,2671
4305,2824,2777,2762,2747,2732,2717,2702,2687
4306,2840,2825,2778,2763,2748,2733,2718,2703
4307,2856,2841,2826,2779,2764,2749,2734,2719
4308,2872,2857,2842,2827,2780,2765,2750,2735
4309,2888,2873,2858,2843,2828,2781,2766,2751
4310,2904,2889,2874,2859,2844,2829,2782,2767
4311,2920,2905,2890,2875,2860,2845,2830,2783
4312,2936,2921,2906,2891,2876,2861,2846,2831
4313,2952,2937,2922,2907,2892,2877,2862,2847
4314,2968,2953,2938,2923,2908,2893,2878,2863
4315,2984,2969,2954,2939,2924,2909,2894,2879
4316,3000,2985,2970,2955,2940,2925,2910,2895
4317,3016,3001,2986,2971,2956,2941,2926,2911
4318,3032,3017,3002,2987,2972,2957,2942,2927
4319,3080,3033,3018,3003,2988,2973,2958,2943
4320,3096,3081,3034,3019,3004,2989,2974,2959
4321,3112,3097,3082,3035,3020,3005,2990,2975
4322,3128,3113,3098,3083,3036,3021,3006,2991
4323,3144,3129,3114,3099,3084,3037,3022,3007
4324,3160,3145,3130,3115,3100,3085,3038,3023
4325,3176,3161,3146,3131,3116,3101,3086,3039
4326,3192,3177,3162,3147,3132,3117,3102,3087
4327,3208,3193,3178,3163,3148,3133,3118,3103
4328,3224,3209,3194,3179,3164,3149,3134,3119
4329,3240,3225,3210,3195,3180,3165,3150,3135
4330,3256,3241,3226,3211,3196,3181,3166,3151
4331,3272,3257,3242,3227,3212,3197,3182,3167
4332,3288,3273,3258,3243,3228,3213,3198,3183
4333,3336,3289,3274,3259,3244,3229,3214,3199
4334,3352,3337,3290,3275,3260,3245,3230,3215
4335,3368,3353,3338,3291,3276,3261,3246,3231
4336,3384,3369,3354,3339,3292,3277,3262,3247
4337,3400,3385,3370,3355,3340,3293,3278,3263
4338,3416,3401,3386,3371,3356,3341,3294,3279
4339,3432,3417,3402,3387,3372,3357,3342,3295
4340,3448,3433,3418,3403,3388,3373,3358,3343
4341,3464,3449,3434,3419,3404,3389,3374,3359
4342,3480,3465,3450,3435,3420,3405,3390,3375
4343,3496,3481,3466,3451,3436,3421,3406,3391
4344,3512,3497,3482,3467,3452,3437,3422,3407
4345,3528,3513,3498,3483,3468,3453,3438,3423
4346,3544,3529,3514,3499,3484,3469,3454,3439
4347,-1,3545,3530,3515,3500,3485,3470,3455
4348,-1,-1,3546,3531,3516,3501,3486,3471
4349,-1,-1,-1,3547,3532,3517,3502,3487
4350,-1,-1,-1,-1,3548,3533,3518,3503
4351,-1,-1,-1,-1,-1,3549,3534,3519
4352,-1,-1,-1,-1,-1,-1,3550,3535
4353,-1,-1,-1,-1,-1,-1,-1,3551
4354,-1,-1,-1,-1,-1,-1,-1,-1
4355,-1,-1,-1,-1,-1,-1,-1,-1
4356,-1,-1,-1,-1,-1,-1,-1,-1
4357,-1,-1,-1,-1,-1,-1,-1,-1
4358,-1,-1,-1,-1,-1,-1,-1,-1
4359,-1,-1,-1,-1,-1,-1,-1,-1
4360,-1,-1,-1,-1,-1,-1,-1,-1
4361,-1,-1,-1,-1,-1,-1,-1,-1
4362,-1,-1,-1,-1,-1,-1,-1,-1
4363,-1,-1,-1,-1,-1,-1,-1,-1
4364,-1,-1,-1,-1,-1,-1,-1,-1
4365,-1,-1,-1,-1,-1,-1,-1,-1
4366,-1,-1,-1,-1,-1,-1,-1,-1
4367,-1,-1,-1,-1,-1,-1,-1,-1
4368,-1,-1,-1,-1,-1,-1,-1,-1
4369,16,-1,-1,-1,-1,-1,-1,-1
4370,32,17,-1,-1,-1,-1,-1,-1
4371,48,33,18,-1,-1,-1,-1,-1
4372,64,49,34,19,-1,-1,-1,-1
4373,80,65,50,35,20,-1,-1,-1
4374,96,81,66,51,36,21,-1,-1
4375,112,97,82,67,52,37,22,-1
4376,128,113,98,83,68,53,38,23
4377,144,129,114,99,84,69,54,39
4378,160,145,130,115,100,85,70,55
4379,176,161,146,131,116,101,86,71
4380,192,177,162,147,132,117,102,87
4381,208,193,178,163,148,133,118,103
4382,224,209,194,179,164,149,134,119
4383,272,225,210,195,180,165,150,135
4384,288,273,226,211,196,181,166,151
4385,304,289,274,227,212,197,182,167
4386,320,305,290,275,228,213,198,183
4387,336,321,306,291,276,229,214,199
4388,352,337,322,307,292,277,230,215
4389,368,353,338,323,308,293,278,231
4390,384,369,354,339,324,309,294,279
4391,400,385,370,355,340,325,310,295
4392,416,401,386,371,356,341,326,311
4393,432,417,402,387,372,357,342,327
4394,448,433,418,403,388,373,358,343
4395,464,449,434,419,404,389,374,359
4396,480,465,450,435,420,405,390,375
4397,528,481,466,451,436,421,406,391
4398,544,529,482,467,452,437,422,407
4399,560,545,530,483,468,453,438,423
4400,576,561,546,531,484,469,454,439
4401,592,577,562,547,532,485,470,455
4402,608,593,578,563,548,533,486,471
4403,624,609,594,579,564,549,534,487
4404,640,625,610,595,580,565,550,535
4405,656,641,626,611,596,581,566,551
4406,672,657,642,627,612,597,582,567
4407,688,673,658,643,628,613,598,583
4408,704,689,674,659,644,629,614,599
4409,720,705,690,675,660,645,630,615
4410,736,721,706,691,676,661,646,631
4411,784,737,722,707,692,677,662,647
4412,800,785,738,723,708,693,678,663
4413,816,801,786,739,724,709,694,679
4414,832,817,802,787,740,725,710,695
4415,848,833,818,803,788,741,726,711
4416,864,849,834,819,804,789,742,727
4417,880,865,850,835,820,805,790,743
4418,896,881,866,851,836,821,806,791
4419,912,897,882,867,852,837,822,807
4420,928,913,898,883,868,853,838,823
4421,944,929,914,899,884,869,854,839
4422,960,945,930,915,900,885,870,855
4423,976,961,946,931,916,901,886,871
4424,992,977,962,947,932,917,902,887
4425,1040,993,978,963,948,933,918,903
4426,1056,1041,994,979,964,949,934,919
4427,1072,1057,1042,995,980,965,950,935
4428,1088,1073,1058,1043,996,981,966,951
4429,1104,1089,1074,1059,1044,997,982,967
4430,1120,1105,1090,1075,1060,1045,998,983
4431,1136,1121,1106,1091,1076,1061,1046,999
4432,1152,1137,1122,1107,1092,1077,1062,1047
4433,1168,1153,1138,1123,1108,1093,1078,1063
4434,1184,1169,1154,1139,1124,1109,1094,1079
4435,1200,1185,1170,1155,1140,1125,1110,1095
4436,1216,1201,1186,1171,1156,1141,1126,1111
4437,1232,1217,1202,1187,1172,1157,1142,1127
4438,1248,1233,1218,1203,1188,1173,1158,1143
4439,1296,1249,1234,1219,1204,1189,1174,1159
4440,1312,1297,1250,1235,1220,1205,1190,1175
4441,1328,1313,1298,1251,1236,1221,1206,1191
4442,1344,1329,1314,1299,1252,1237,1222,1207
4443,1360,1345,1330,1315,1300,1253,1238,1223
4444,1376,1361,1346,1331,1316,1301,1254,1239
4445,1392,1377,1362,1347,1332,1317,1302,1255
4446,1408,1393,1378,1363,1348,1333,1318,1303
4447,1424,1409,1394,1379,1364,1349,1334,1319
4448,1440,1425,1410,1395,1380,1365,1350,1335
4449,1456,1441,1426,1411,1396,1381,1366,1351
4450,1472,1457,1442,1427,1412,1397,1382,1367
4451,1488,1473,1458,1443,1428,1413,1398,1383
4452,1504,1489,1474,1459,1444,1429,1414,1399
4453,1552,1505,1490,1475,1460,1445,1430,1415
4454,1568,1553,1506,1491,1476,1461,1446,1431
4455,1584,1569,1554,1507,1492,1477,1462,1447
4456,1600,1585,1570,1555,1508,1493,1478,1463
4457,1616,1601,1586,1571,1556,1509,1494,1479
4458,1632,1617,1602,1587,1572,1557,1510,1495
4459,1648,1633,1618,1603,1588,1573,1558,1511
4460,1664,1649,1634,1619,1604,1589,1574,1559
4461,1680,1665,1650,1635,1620,1605,1590,1575
4462,1696,1681,1666,1651,1636,1621,1606,1591
4463,1712,1697,1682,1667,1652,1637,1622,1607
4464,1728,1713,1698,1683,1668,1653,1638,1623
4465,1744,1729,1714,1699,1684,1669,1654,1639
4466,1760,1745,1730,1715,1700,1685,1670,1655
4467,1808,1761,1746,1731,1716,1701,1686,1671
4468,1824,1809,1762,1747,1732,1717,1702,1687
4469,1840,1825,1810,1763,1748,1733,1718,1703
4470,1856,1841,1826,1811,1764,1749,1734,1719
4471,1872,1857,1842,1827,1812,1765,1750,1735
4472,1888,1873,1858,1843,1828,1813,1766,1751
4473,1904,1889,1874,1859,1844,1829,1814,1767
4474,1920,1905,1890,1875,1860,1845,1830,1815
4475,1936,1921,1906,1891,1876,1861,1846,1831
4476,1952,1937,1922,1907,1892,1877,1862,1847
4477,1968,1953,1938,1923,1908,1893,1878,1863
4478,1984,1969,1954,1939,1924,1909,1894,1879
4479,2000,1985,1970,1955,1940,1925,1910,1895
4480,2016,2001,1986,1971,1956,1941,1926,1911
4481,2064,2017,2002,1987,1972,1957,1942,1927
4482,2080,2065,2018,2003,1988,1973,1958,1943
4483,2096,2081,2066,2019,2004,1989,1974,1959
4484,2112,2097,2082,2067,2020,2005,1990,1975
4485,2128,2113,2098,2083,2068,2021,2006,1991
4486,2144,2129,2114,2099,2084,2069,2022,2007
4487,2160,2145,2130,2115,2100,2085,2070,2023
4488,2176,2161,2146,2131,2116,2101,2086,2071
4489,2192,2177,2162,2147,2132,2117,2102,2087
4490,2208,2193,2178,2163,2148,2133,2118,2103
4491,2224,2209,2194,2179,2164,2149,2134,2119
4492,2240,2225,2210,2195,2180,2165,2150,2135
4493,2256,2241,2226,2211,2196,2181,2166,2151
4494,2272,2257,2242,2227,2212,2197,2182,2167
4495,2320,2273,2258,2243,2228,2213,2198,2183
4496,2336,2321,2274,2259,2244,2229,2214,2199
4497,2352,2337,2322,2275,2260,2245,2230,2215
4498,2368,2353,2338,2323,2276,2261,2246,2231
4499,2384,2369,2354,2339,2324,2277,2262,2247
4500,2400,2385,2370,2355,2340,2325,2278,2263
4501,2416,2401,2386,2371,2356,2341,2326,2279
4502,2432,2417,2402,2387,2372,2357,2342,2327
4503,2448,2433,2418,2403,2388,2373,2358,2343
4504,2464,2449,2434,2419,2404,2389,2374,2359
4505,2480,2465,2450,2435,2420,2405,2390,2375
4506,2496,2481,2466,2451,2436,2421,2406,2391
4507,2512,2497,2482,2467,2452,2437,2422,2407
4508,2528,2513,2498,2483,2468,2453,2438,2423
4509,2576,2529,2514,2499,2484,2469,2454,2439
4510,2592,2577,2530,2515,2500,2485,2470,2455
4511,2608,2593,2578,2531,2516,2501,2486,2471
4512,2624,2609,2594,2579,2532,2517,2502,2487
4513,2640,2625,2610,2595,2580,2533,2518,2503
4514,2656,2641,2626,2611,2596,2581,2534,2519
4515,2672,2657,2642,2627,2612,2597,2582,2535
4516,2688,2673,2658,2643,2628,2613,2598,2583
4517,2704,2689,2674,2659,2644,2629,2614,2599
4518,2720,2705,2690,2675,2660,2645,2630,2615
4519,2736,2721,2706,2691,2676,2661,2646,2631
4520,2752,2737,2722,2707,2692,2677,2662,2647
4521,2768,2753,2738,2723,2708,2693,2678,2663
4522,2784,2769,2754,2739,2724,2709,2694,2679
4523,2832,2785,2770,2755,2740,2725,2710,2695
4524,2848,2833,2786,2771,2756,2741,2726,2711
4525,2864,2849,2834,2787,2772,2757,2742,2727
4526,2880,2865,2850,2835,2788,2773,2758,2743
4527,2896,2881,2866,2851,2836,2789,2774,2759
4528,2912,2897,2882,2867,2852,2837,2790,2775
4529,2928,2913,2898,2883,2868,2853,2838,2791
4530,2944,2929,2914,2899,2884,2869,2854,2839
4531,2960,2945,2930,2915,2900,2885,2870,2855
4532,2976,2961,2946,2931,2916,2901,2886,2871
4533,2992,2977,2962,2947,2932,2917,2902,2887
4534,3008,2993,2978,2963,2948,2933,2918,2903
4535,3024,3009,2994,2979,2964,2949,2934,2919
4536,3040,3025,3010,2995,2980,2965,2950,2935
4537,3088,3041,3026,3011,2996,2981,2966,2951
4538,3104,3089,3042,3027,3012,2997,2982,2967
4539,3120,3105,3090,3043,3028,3013,2998,2983
4540,3136,3121,3106,3091,3044,3029,3014,2999
4541,3152,3137,3122,3107,3092,3045,3030,3015
4542,3168,3153,3138,3123,3108,3093,3046,3031
4543,3184,3169,3154,3139,3124,3109,3094,3047
4544,3200,3185,3170,3155,3140,3125,3110,3095
4545,3216,3201,3186,3171,3156,3141,3126,3111
4546,3232,3217,3202,3187,3172,3157,3142,3127
4547,3248,3233,3218,3203,3188,3173,3158,3143
4548,3264,3249,3234,3219,3204,3189,3174,3159
4549,3280,3265,3250,3235,3220,3205,3190,3175
4550,3296,3281,3266,3251,3236,3221,3206,3191
4551,3344,3297,3282,3267,3252,3237,3222,3207
4552,3360,3345,3298,3283,3268,3253,3238,3223
4553,3376,3361,3346,3299,3284,3269,3254,3239
4554,3392,3377,3362,3347,3300,3285,3270,3255
4555,3408,3393,3378,3363,3348,3301,3286,3271
4556,3424,3409,3394,3379,3364,3349,3302,3287
4557,3440,3425,3410,3395,3380,3365,3350,3303
4558,3456,3441,3426,3411,3396,3381,3366,3351
4559,3472,3457,3442,3427,3412,3397,3382,3367
4560,3488,3473,3458,3443,3428,3413,3398,3383
4561,3504,3489,3474,3459,3444,3429,3414,3399
4562,3520,3505,3490,3475,3460,3445,3430,3415
4563,3536,3521,3506,3491,3476,3461,3446,3431
4564,3552,3537,3522,3507,3492,3477,3462,3447
4565,-1,3553,3538,3523,3508,3493,3478,3463
4566,-1,-1,3554,3539,3524,3509,3494,3479
4567,-1,-1,-1,3555,3540,3525,3510,3495
4568,-1,-1,-1,-1,3556,3541,3526,3511
4569,-1,-1,-1,-1,-1,3557,3542,3527
4570,-1,-1,-1,-1,-1,-1,3558,3543
4571,-1,-1,-1,-1,-1,-1,-1,3559
4572,-1,-1,-1,-1,-1,-1,-1,-1
4573,-1,-1,-1,-1,-1,-1,-1,-1
4574,-1,-1,-1,-1,-1,-1,-1,-1
4575,-1,-1,-1,-1,-1,-1,-1,-1
4576,-1,-1,-1,-1,-1,-1,-1,-1
4577,-1,-1,-1,-1,-1,-1,-1,-1
4578,-1,-1,-1,-1,-1,-1,-1,-1
4579,-1,-1,-1,-1,-1,-1,-1,-1
4580,-1,-1,-1,-1,-1,-1,-1,-1
4581,-1,-1,-1,-1,-1,-1,-1,-1
4582,-1,-1,-1,-1,-1,-1,-1,-1
4583,-1,-1,-1,-1,-1,-1,-1,-1
4584,-1,-1,-1,-1,-1,-1,-1,-1
4585,-1,-1,-1,-1,-1,-1,-1,-1
4586,-1,-1,-1,-1,-1,-1,-1,-1
4587,24,-1,-1,-1,-1,-1,-1,-1
4588,40,25,-1,-1,-1,-1,-1,-1
4589,56,41,26,-1,-1,-1,-1,-1
4590,72,57,42,27,-1,-1,-1,-1
4591,88,73,58,43,28,-1,-1,-1
4592,104,89,74,59,44,29,-1,-1
4593,120,105,90,75,60,45,30,-1
4594,136,121,106,91,76,61,46,31
4595,152,137,122,107,92,77,62,47
4596,168,153,138,123,108,93,78,63
4597,184,169,154,139,124,109,94,79
4598,200,185,170,155,140,125,110,95
4599,216,201,186,171,156,141,126,111
4600,232,217,202,187,172,157,142,127
4601,280,233,218,203,188,173,158,143
4602,296,281,234,219,204,189,174,159
4603,312,297,282,235,220,205,190,175
4604,328,313,298,283,236,221,206,191
4605,344,329,314,299,284,237,222,207
4606,360,345,330,315,300,285,238,223
4607,376,361,346,331,316,301,286,239
4608,392,377,362,347,332,317,302,287
4609,408,393,378,363,348,333,318,303
4610,424,409,394,379,364,349,334,319
4611,440,425,410,395,380,365,350,335
4612,456,441,426,411,396,381,366,351
4613,472,457,442,427,412,397,382,367
4614,488,473,458,443,428,413,398,383
4615,536,489,474,459,444,429,414,399
4616,552,537,490,475,460,445,430,415
4617,568,553,538,491,476,461,446,431
4618,584,569,554,539,492,477,462,447
4619,600,585,570,555,540,493,478,463
4620,616,601,586,571,556,541,494,479
4621,632,617,602,587,572,557,542,495
4622,648,633,618,603,588,573,558,543
4623,664,649,634,619,604,589,574,559
4624,680,665,650,635,620,605,590,575
4625,696,681,666,651,636,621,606,591
4626,712,697,682,667,652,637,622,607
4627,728,713,698,683,668,653,638,623
4628,744,729,714,699,684,669,654,639
4629,792,745,730,715,700,685,670,655
4630,808,793,746,731,716,701,686,671
4631,824,809,794,747,732,717,702,687
4632,840,825,810,795,748,733,718,703
4633,856,841,826,811,796,749,734,719
4634,872,857,842,827,812,797,750,735
4635,888,873,858,843,828,813,798,751
4636,904,889,874,859,844,829,814,799
4637,920,905,890,875,860,845,830,815
4638,936,921,906,891,876,861,846,831
4639,952,937,922,907,892,877,862,847
4640,968,953,938,923,908,893,878,863
4641,984,969,954,939,924,909,894,879
4642,1000,985,970,955,940,925,910,895
4643,1048,1001,986,971,956,941,926,911
4644,1064,1049,1002,987,972,957,942,927
4645,1080,1065,1050,1003,988,973,958,943
4646,1096,1081,1066,1051,1004,989,974,959
4647,1112,1097,1082,1067,1052,1005,990,975
4648,1128,1113,1098,1083,1068,1053,1006,991
4649,1144,1129,1114,1099,1084,1069,1054,1007
4650,1160,1145,1130,1115,1100,1085,1070,1055
4651,1176,1161,1146,1131,1116,1101,1086,1071
4652,1192,1177,1162,1147,1132,1117,1102,1087
4653,1208,1193,1178,1163,1148,1133,1118,1103
4654,1224,1209,1194,1179,1164,1149,1134,1119
4655,1240,1225,1210,1195,1180,1165,1150,1135
4656,1256,1241,1226,1211,1196,1181,1166,1151
4657,1304,1257,1242,1227,1212,1197,1182,1167
4658,1320,1305,1258,1243,1228,1213,1198,1183
4659,1336,1321,1306,1259,1244,1229,1214,1199
4660,1352,1337,1322,1307,1260,1245,1230,1215
4661,1368,1353,1338,1323,1308,1261,1246,1231
4662,1384,1369,1354,1339,1324,1309,1262,1247
4663,1400,1385,1370,1355,1340,1325,1310,1263
4664,1416,1401,1386,1371,1356,1341,1326,1311
4665,1432,1417,1402,1387,1372,1357,1342,1327
4666,1448,1433,1418,1403,1388,1373,1358,1343
4667,1464,1449,1434,1419,1404,1389,1374,1359
4668,1480,1465,1450,1435,1420,1405,1390,1375
4669,1496,1481,1466,1451,1436,1421,1406,1391
4670,1512,1497,1482,1467,1452,1437,1422,1407
4671,1560,1513,1498,1483,1468,1453,1438,1423
4672,1576,1561,1514,1499,1484,1469,1454,1439
4673,1592,1577,1562,1515,1500,1485,1470,1455
4674,1608,1593,1578,1563,1516,1501,1486,1471
4675,1624,1609,1594,1579,1564,1517,1502,1487
4676,1640,1625,1610,1595,1580,1565,1518,1503
4677,1656,1641,1626,1611,1596,1581,1566,1519
4678,1672,1657,1642,1627,1612,1597,1582,1567
4679,1688,1673,1658,1643,1628,1613,1598,1583
4680,1704,1689,1674,1659,1644,1629,1614,1599
4681,1720,1705,1690,1675,1660,1645,1630,1615
4682,1736,1721,1706,1691,1676,1661,1646,1631
4683,1752,1737,1722,1707,1692,1677,1662,1647
4684,1768,1753,1738,1723,1708,1693,1678,1663
4685,1816,1769,1754,1739,1724,1709,1694,1679
4686,1832,1817,1770,1755,1740,1725,1710,1695
4687,1848,1833,1818,1771,1756,1741,1726,1711
4688,1864,1849,1834,1819,1772,1757,1742,1727
4689,1880,1865,1850,1835,1820,1773,1758,1743
4690,1896,1881,1866,1851,1836,1821,1774,1759
4691,1912,1897,1882,1867,1852,1837,1822,1775
4692,1928,1913,1898,1883,1868,1853,1838,1823
4693,1944,1929,1914,1899,1884,1869,1854,1839
4694,1960,1945,1930,1915,1900,1885,1870,1855
4695,1976,1961,1946,1931,1916,1901,1886,1871
4696,1992,1977,1962,1947,1932,1917,1902,1887
4697,2008,1993,1978,1963,1948,1933,1918,1903
4698,2024,2009,1994,1979,1964,1949,1934,1919
4699,2072,2025,2010,1995,1980,1965,1950,1935
4700,2088,2073,2026,2011,1996,1981,1966,1951
4701,2104,2089,2074,2027,2012,1997,1982,1967
4702,2120,2105,2090,2075,2028,2013,1998,1983
4703,2136,2121,2106,2091,2076,2029,2014,1999
4704,2152,2137,2122,2107,2092,2077,2030,2015
4705,2168,2153,2138,2123,2108,2093,2078,2031
4706,2184,2169,2154,2139,2124,2109,2094,2079
4707,2200,2185,2170,2155,2140,2125,2110,2095
4708,2216,2201,2186,2171,2156,2141,2126,2111
4709,2232,2217,2202,2187,2172,2157,2142,2127
4710,2248,2233,2218,2203,2188,2173,2158,2143
4711,2264,2249,2234,2219,2204,2189,2174,2159
4712,2280,2265,2250,2235,2220,2205,2190,2175
4713,2328,2281,2266,2251,2236,2221,2206,2191
4714,2344,2329,2282,2267,2252,2237,2222,2207
4715,2360,2345,2330,2283,2268,2253,2238,2223
4716,2376,2361,2346,2331,2284,2269,2254,2239
4717,2392,2377,2362,2347,2332,2285,2270,2255
4718,2408,2393,2378,2363,2348,2333,2286,2271
4719,2424,2409,2394,2379,2364,2349,2334,2287
4720,2440,2425,2410,2395,2380,2365,2350,2335
4721,2456,2441,2426,2411,2396,2381,2366,2351
4722,2472,2457,2442,2427,2412,2397,2382,2367
4723,2488,2473,2458,2443,2428,2413,2398,2383
4724,2504,2489,2474,2459,2444,2429,2414,2399
4725,2520,2505,2490,2475,2460,2445,2430,2415
4726,2536,2521,2506,2491,2476,2461,2446,2431
4727,2584,2537,2522,2507,2492,2477,2462,2447
4728,2600,2585,2538,2523,2508,2493,2478,2463
4729,2616,2601,2586,2539,2524,2509,2494,2479
4730,2632,2617,2602,2587,2540,2525,2510,2495
4731,2648,2633,2618,2603,2588,2541,2526,2511
4732,2664,2649,2634,2619,2604,2589,2542,2527
4733,2680,2665,2650,2635,2620,2605,2590,2543
4734,2696,2681,2666,2651,2636,2621,2606,2591
4735,2712,2697,2682,2667,2652,2637,2622,2607
4736,2728,2713,2698,2683,2668,2653,2638,2623
4737,2744,2729,2714,2699,2684,2669,2654,2639
4738,2760,2745,2730,2715,2700,2685,2670,2655
4739,2776,2761,2746,2731,2716,2701,2686,2671
4740,2792,2777,2762,2747,2732,2717,2702,2687
4741,2840,2793,2778,2763,2748,2733,2718,2703
4742,2856,2841,2794,2779,2764,2749,2734,2719
4743,2872,2857,2842,2795,2780,2765,2750,2735
4744,2888,2873,2858,2843,2796,2781,2766,2751
4745,2904,2889,2874,2859,2844,2797,2782,2767
4746,2920,2905,2890,2875,2860,2845,2798,2783
4747,2936,2921,2906,2891,2876,2861,2846,2799
4748,2952,2937,2922,2907,2892,2877,2862,2847
4749,2968,2953,2938,2923,2908,2893,2878,2863
4750,2984,2969,2954,2939,2924,2909,2894,2879
4751,3000,2985,2970,2955,2940,2925,2910,2895
4752,3016,3001,2986,2971,2956,2941,2926,2911
4753,3032,3017,3002,2987,2972,2957,2942,2927
4754,3048,3033,3018,3003,2988,2973,2958,2943
4755,3096,3049,3034,3019,3004,2989,2974,2959
4756,3112,3097,3050,3035,3020,3005,2990,2975
4757,3128,3113,3098,3051,3036,3021,3006,2991
4758,3144,3129,3114,3099,3052,3037,3022,3007
4759,3160,3145,3130,3115,3100,3053,3038,3023
4760,3176,3161,3146,3131,3116,3101,3054,3039
4761,3192,3177,3162,3147,3132,3117,3102,3055
4762,3208,3193,3178,3163,3148,3133,3118,3103
4763,3224,3209,3194,3179,3164,3149,3134,3119
4764,3240,3225,3210,3195,3180,3165,3150,3135
4765,3256,3241,3226,3211,3196,3181,3166,3151
4766,3272,3257,3242,3227,3212,3197,3182,3167
4767,3288,3273,3258,3243,3228,3213,3198,3183
4768,3304,3289,3274,3259,3244,3229,3214,3199
4769,3352,3305,3290,3275,3260,3245,3230,3215
4770,3368,3353,3306,3291,3276,3261,3246,3231
4771,3384,3369,3354,3307,3292,3277,3262,3247
4772,3400,3385,3370,3355,3308,3293,3278,3263
4773,3416,3401,3386,3371,3356,3309,3294,3279
4774,3432,3417,3402,3387,3372,3357,3310,3295
4775,3448,3433,3418,3403,3388,3373,3358,3311
4776,3464,3449,3434,3419,3404,3389,3374,3359
4777,3480,3465,3450,3435,3420,3405,3390,3375
4778,3496,3481,3466,3451,3436,3421,3406,3391
4779,3512,3497,3482,3467,3452,3437,3422,3407
4780,3528,3513,3498,3483,3468,3453,3438,3423
4781,3544,3529,3514,3499,3484,3469,3454,3439
4782,3560,3545,3530,3515,3500,3485,3470,3455
4783,-1,3561,3546,3531,3516,3501,3486,3471
4784,-1,-1,3562,3547,3532,3517,3502,3487
4785,-1,-1,-1,3563,3548,3533,3518,3503
4786,-1,-1,-1,-1,3564,3549,3534,3519
4787,-1,-1,-1,-1,-1,3565,3550,3535
4788,-1,-1,-1,-1,-1,-1,3566,3551
4789,-1,-1,-1,-1,-1,-1,-1,3567
4790,-1,-1,-1,-1,-1,-1,-1,-1
4791,-1,-1,-1,-1,-1,-1,-1,-1
4792,-1,-1,-1,-1,-1,-1,-1,-1
4793,-1,-1,-1,-1,-1,-1,-1,-1
4794,-1,-1,-1,-1,-1,-1,-1,-1
4795,-1,-1,-1,-1,-1,-1,-1,-1
4796,-1,-1,-1,-1,-1,-1,-1,-1
4797,-1,-1,-1,-1,-1,-1,-1,-1
4798,-1,-1,-1,-1,-1,-1,-1,-1
4799,-1,-1,-1,-1,-1,-1,-1,-1
4800,-1,-1,-1,-1,-1,-1,-1,-1
4801,-1,-1,-1,-1,-1,-1,-1,-1
4802,-1,-1,-1,-1,-1,-1,-1,-1
4803,-1,-1,-1,-1,-1,-1,-1,-1
4804,-1,-1,-1,-1,-1,-1,-1,-1
4805,32,-1,-1,-1,-1,-1,-1,-1
4806,48,33,-1,-1,-1,-1,-1,-1
4807,64,49,34,-1,-1,-1,-1,-1
4808,80,65,50,35,-1,-1,-1,-1
4809,96,81,66,51,36,-1,-1,-1
4810,112,97,82,67,52,37,-1,-1
4811,128,113,98,83,68,53,38,-1
4812,144,129,114,99,84,69,54,39
4813,160,145,130,115,100,85,70,55
4814,176,161,146,131,116,101,86,71
4815,192,177,162,147,132,117,102,87
4816,208,193,178,163,148,133,118,103
4817,224,209,194,179,164,149,134,119
4818,240,225,210,195,180,165,150,135
4819,288,241,226,211,196,181,166,151
4820,304,289,242,227,212,197,182,167
4821,320,305,290,243,228,213,198,183
4822,336,321,306,291,244,229,214,199
4823,352,337,322,307,292,245,230,215
4824,368,353,338,323,308,293,246,231
4825,384,369,354,339,324,309,294,247
4826,400,385,370,355,340,325,310,295
4827,416,401,386,371,356,341,326,311
4828,432,417,402,387,372,357,342,327
4829,448,433,418,403,388,373,358,343
4830,464,449,434,419,404,389,374,359
4831,480,465,450,435,420,405,390,375
4832,496,481,466,451,436,421,406,391
4833,544,497,482,467,452,437,422,407
4834,560,545,498,483,468,453,438,423
4835,576,561,546,499,484,469,454,439
4836,592,577,562,547,500,485,470,455
4837,608,593,578,563,548,501,486,471
4838,624,609,594,579,564,549,502,487
4839,640,625,610,595,580,565,550,503
4840,656,641,626,611,596,581,566,551
4841,672,657,642,627,612,597,582,567
4842,688,673,658,643,628,613,598,583
4843,704,689,674,659,644,629,614,599
4844,720,705,690,675,660,645,630,615
4845,736,721,706,691,676,661,646,631
4846,752,737,722,707,692,677,662,647
4847,800,753,738,723,708,693,678,663
4848,816,801,754,739,724,709,694,679
4849,832,817,802,755,740,725,710,695
4850,848,833,818,803,756,741,726,711
4851,864,849,834,819,804,757,742,727
4852,880,865,850,835,820,805,758,743
4853,896,881,866,851,836,821,806,759
4854,912,897,882,867,852,837,822,807
4855,928,913,898,883,868,853,838,823
4856,944,929,914,899,884,869,854,839
4857,960,945,930,915,900,885,870,855
4858,976,961,946,931,916,901,886,871
4859,992,977,962,947,932,917,902,887
4860,1008,993,978,963,948,933,918,903
4861,1056,1009,994,979,964,949,934,919
4862,1072,1057,1010,995,980,965,950,935
4863,1088,1073,1058,1011,996,981,966,951
4864,1104,1089,1074,1059,1012,997,982,967
4865,1120,1105,1090,1075,1060,1013,998,983
4866,1136,1121,1106,1091,1076,1061,1014,999
4867,1152,1137,1122,1107,1092,1077,1062,1015
4868,1168,1153,1138,1123,1108,1093,1078,1063
4869,1184,1169,1154,1139,1124,1109,1094,1079
4870,1200,1185,1170,1155,1140,1125,1110,1095
4871,1216,1201,1186,1171,1156,1141,1126,1111
4872,1232,1217,1202,1187,1172,1157,1142,1127
4873,1248,1233,1218,1203,1188,1173,1158,1143
4874,1264,1249,1234,1219,1204,1189,1174,1159
4875,1312,1265,1250,1235,1220,1205,1190,1175
4876,1328,1313,1266,1251,1236,1221,1206,1191
4877,1344,1329,1314,1267,1252,1237,1222,1207
4878,1360,1345,1330,1315,1268,1253,1238,1223
4879,1376,1361,1346,1331,1316,1269,1254,1239
4880,1392,1377,1362,1347,1332,1317,1270,1255
4881,1408,1393,1378,1363,1348,1333,1318,1271
4882,1424,1409,1394,1379,1364,1349,1334,1319
4883,1440,1425,1410,1395,1380,1365,1350,1335
4884,1456,1441,1426,1411,1396,1381,1366,1351
4885,1472,1457,1442,1427,1412,1397,1382,1367
4886,1488,1473,1458,1443,1428,1413,1398,1383
4887,1504,1489,1474,1459,1444,1429,1414,1399
4888,1520,1505,1490,1475,1460,1445,1430,1415
4889,1568,1521,1506,1491,1476,1461,1446,1431
4890,1584,1569,1522,1507,1492,1477,1462,1447
4891,1600,1585,1570,1523,1508,1493,1478,1463
4892,1616,1601,1586,1571,1524,1509,1494,1479
4893,1632,1617,1602,1587,1572,1525,1510,1495
4894,1648,1633,1618,1603,1588,1573,1526,1511
4895,1664,1649,1634,1619,1604,1589,1574,1527
4896,1680,1665,1650,1635,1620,1605,1590,1575
4897,1696,1681,1666,1651,1636,1621,1606,1591
4898,1712,1697,1682,1667,1652,1637,1622,1607
4899,1728,1713,1698,1683,1668,1653,1638,1623
4900,1744,1729,1714,1699,1684,1669,1654,1639
4901,1760,1745,1730,1715,1700,1685,1670,1655
4902,1776,1761,1746,1731,1716,1701,1686,1671
4903,1824,1777,1762,1747,1732,1717,1702,1687
4904,1840,1825,1778,1763,1748,1733,1718,1703
4905,1856,1841,1826,1779,1764,1749,1734,1719
4906,1872,1857,1842,1827,1780,1765,1750,1735
4907,1888,1873,1858,1843,1828,1781,1766,1751
4908,1904,1889,1874,1859,1844,1829,1782,1767
4909,1920,1905,1890,1875,1860,1845,1830,1783
4910,1936,1921,1906,1891,1876,1861,1846,1831
4911,1952,1937,1922,1907,1892,1877,1862,1847
4912,1968,1953,1938,1923,1908,1893,1878,1863
4913,1984,1969,1954,1939,1924,1909,1894,1879
4914,2000,1985,1970,1955,1940,1925,1910,1895
4915,2016,2001,1986,1971,1956,1941,1926,1911
4916,2032,2017,2002,1987,1972,1957,1942,1927
4917,2080,2033,2018,2003,1988,1973,1958,1943
4918,2096,2081,2034,2019,2004,1989,1974,1959
4919,2112,2097,2082,2035,2020,2005,1990,1975
4920,2128,2113,2098,2083,2036,2021,2006,1991
4921,2144,2129,2114,2099,2084,2037,2022,2007
4922,2160,2145,2130,2115,2100,2085,2038,2023
4923,2176,2161,2146,2131,2116,2101,2086,2039
4924,2192,2177,2162,2147,2132,2117,2102,2087
4925,2208,2193,2178,2163,2148,2133,2118,2103
4926,2224,2209,2194,2179,2164,2149,2134,2119
4927,2240,2225,2210,2195,2180,2165,2150,2135
4928,2256,2241,2226,2211,2196,2181,2166,2151
4929,2272,2257,2242,2227,2212,2197,2182,2167
4930,2288,2273,2258,2243,2228,2213,2198,2183
4931,2336,2289,2274,2259,2244,2229,2214,2199
4932,2352,2337,2290,2275,2260,2245,2230,2215
4933,2368,2353,2338,2291,2276,2261,2246,2231
4934,2384,2369,2354,2339,2292,2277,2262,2247
4935,2400,2385,2370,2355,2340,2293,2278,2263
4936,2416,2401,2386,2371,2356,2341,2294,2279
4937,2432,2417,2402,2387,2372,2357,2342,2295
4938,2448,2433,2418,2403,2388,2373,2358,2343
4939,2464,2449,2434,2419,2404,2389,2374,2359
4940,2480,2465,2450,2435,2420,2405,2390,2375
4941,2496,2481,2466,2451,2436,2421,2406,2391
4942,2512,2497,2482,2467,2452,2437,2422,2407
4943,2528,2513,2498,2483,2468,2453,2438,2423
4944,2544,2529,2514,2499,2484,2469,2454,2439
4945,2592,2545,2530,2515,2500,2485,2470,2455
4946,2608,2593,2546,2531,2516,2501,2486,2471
4947,2624,2609,2594,2547,2532,2517,2502,2487
4948,2640,2625,2610,2595,2548,2533,2518,2503
4949,2656,2641,2626,2611,2596,2549,2534,2519
4950,2672,2657,2642,2627,2612,2597,2550,2535
4951,2688,2673,2658,2643,2628,2613,2598,2551
4952,2704,2689,2674,2659,2644,2629,2614,2599
4953,2720,2705,2690,2675,2660,2645,2630,2615
4954,2736,2721,2706,2691,2676,2661,2646,2631
4955,2752,2737,2722,2707,2692,2677,2662,2647
4956,2768,2753,2738,2723,2708,2693,2678,2663
4957,2784,2769,2754,2739,2724,2709,2694,2679
4958,2800,2785,2770,2755,2740,2725,2710,2695
4959,2848,2801,2786,2771,2756,2741,2726,2711
4960,2864,2849,2802,2787,2772,2757,2742,2727
4961,2880,2865,2850,2803,2788,2773,2758,2743
4962,2896,2881,2866,2851,2804,2789,2774,2759
4963,2912,2897,2882,2867,2852,2805,2790,2775
4964,2928,2913,2898,2883,2868,2853,2806,2791
4965,2944,2929,2914,2899,2884,2869,2854,2807
4966,2960,2945,2930,2915,2900,2885,2870,2855
4967,2976,2961,2946,2931,2916,2901,2886,2871
4968,2992,2977,2962,2947,2932,2917,2902,2887
4969,3008,2993,2978,2963,2948,2933,2918,2903
4970,3024,3009,2994,2979,2964,2949,2934,2919
4971,3040,3025,3010,2995,2980,2965,2950,2935
4972,3056,3041,3026,3011,2996,2981,2966,2951
4973,3104,3057,3042,3027,3012,2997,2982,2967
4974,3120,3105,3058,3043,3028,3013,2998,2983
4975,3136,3121,3106,3059,3044,3029,3014,2999
4976,3152,3137,3122,3107,3060,3045,3030,3015
4977,3168,3153,3138,3123,3108,3061,3046,3031
4978,3184,3169,3154,3139,3124,3109,3062,3047
4979,3200,3185,3170,3155,3140,3125,3110,3063
4980,3216,3201,3186,3171,3156,3141,3126,3111
4981,3232,3217,3202,3187,3172,3157,3142,3127
4982,3248,3233,3218,3203,3188,3173,3158,3143
4983,3264,3249,3234,3219,3204,3189,3174,3159
4984,3280,3265,3250,3235,3220,3205,3190,3175
4985,3296,3281,3266,3251,3236,3221,3206,3191
4986,3312,3297,3282,3267,3252,3237,3222,3207
4987,3360,3313,3298,3283,3268,3253,3238,3223
4988,3376,3361,3314,3299,3284,3269,3254,3239
4989,3392,3377,3362,3315,3300,3285,3270,3255
4990,3408,3393,3378,3363,3316,3301,3286,3271
4991,3424,3409,3394,3379,3364,3317,3302,3287
4992,3440,3425,3410,3395,3380,3365,3318,3303
4993,3456,3441,3426,3411,3396,3381,3366,3319
4994,3472,3457,3442,3427,3412,3397,3382,3367
4995,3488,3473,3458,3443,3428,3413,3398,3383
4996,3504,3489,3474,3459,3444,3429,3414,3399
4997,3520,3505,3490,3475,3460,3445,3430,3415
4998,3536,3521,3506,3491,3476,3461,3446,3431
4999,3552,3537,3522,3507,3492,3477,3462,3447
5000,3568,3553,3538,3523,3508,3493,3478,3463
5001,-1,3569,3554,3539,3524,3509,3494,3479
5002,-1,-1,3570,3555,3540,3525,3510,3495
5003,-1,-1,-1,3571,3556,3541,3526,3511
5004,-1,-1,-1,-1,3572,3557,3542,3527
5005,-1,-1,-1,-1,-1,3573,3558,3543
5006,-1,-1,-1,-1,-1,-1,3574,3559
5007,-1,-1,-1,-1,-1,-1,-1,3575
5008,-1,-1,-1,-1,-1,-1,-1,-1
5009,-1,-1,-1,-1,-1,-1,-1,-1
5010,-1,-1,-1,-1,-1,-1,-1,-1
5011,-1,-1,-1,-1,-1,-1,-1,-1
5012,-1,-1,-1,-1,-1,-1,-1,-1
5013,-1,-1,-1,-1,-1,-1,-1,-1
5014,-1,-1,-1,-1,-1,-1,-1,-1
5015,-1,-1,-1,-1,-1,-1,-1,-1
5016,-1,-1,-1,-1,-1,-1,-1,-1
5017,-1,-1,-1,-1,-1,-1,-1,-1
5018,-1,-1,-1,-1,-1,-1,-1,-1
5019,-1,-1,-1,-1,-1,-1,-1,-1
5020,-1,-1,-1,-1,-1,-1,-1,-1
5021,-1,-1,-1,-1,-1,-1,-1,-1
5022,-1,-1,-1,-1,-1,-1,-1,-1
5023,40,-1,-1,-1,-1,-1,-1,-1
5024,56,41,-1,-1,-1,-1,-1,-1
5025,72,57,42,-1,-1,-1,-1,-1
5026,88,73,58,43,-1,-1,-1,-1
5027,104,89,74,59,44,-1,-1,-1
5028,120,105,90,75,60,45,-1,-1
5029,136,121,106,91,76,61,46,-1
5030,152,137,122,107,92,77,62,47
5031,168,153,138,123,108,93,78,63
5032,184,169,154,139,124,109,94,79
5033,200,185,170,155,140,125,110,95
5034,216,201,186,171,156,141,126,111
5035,232,217,202,187,172,157,142,127
5036,248,233,218,203,188,173,158,143
5037,296,249,234,219,204,189,174,159
5038,312,297,250,235,220,205,190,175
5039,328,313,298,251,236,221,206,191
5040,344,329,314,299,252,237,222,207
5041,360,345,330,315,300,253,238,223
5042,376,361,346,331,316,301,254,239
5043,392,377,362,347,332,317,302,255
5044,408,393,378,363,348,333,318,303
5045,424,409,394,379,364,349,334,319
5046,440,425,410,395,380,365,350,335
5047,456,441,426,411,396,381,366,351
5048,472,457,442,427,412,397,382,367
5049,488,473,458,443,428,413,398,383
5050,504,489,474,459,444,429,414,399
5051,552,505,490,475,460,445,430,415
5052,568,553,506,491,476,461,446,431
5053,584,569,554,507,492,477,462,447
5054,600,585,570,555,508,493,478,463
5055,616,601,586,571,556,509,494,479
5056,632,617,602,587,572,557,510,495
5057,648,633,618,603,588,573,558,511
5058,664,649,634,619,604,589,574,559
5059,680,665,650,635,620,605,590,575
5060,696,681,666,651,636,621,606,591
5061,712,697,682,667,652,637,622,607
5062,728,713,698,683,668,653,638,623
5063,744,729,714,699,684,669,654,639
5064,760,745,730,715,700,685,670,655
5065,808,761,746,731,716,701,686,671
5066,824,809,762,747,732,717,702,687
5067,840,825,810,763,748,733,718,703
5068,856,841,826,811,764,749,734,719
5069,872,857,842,827,812,765,750,735
5070,888,873,858,843,828,813,766,751
5071,904,889,874,859,844,829,814,767
5072,920,905,890,875,860,845,830,815
5073,936,921,906,891,876,861,846,831
5074,952,937,922,907,892,877,862,847
5075,968,953,938,923,908,893,878,863
5076,984,969,954,939,924,909,894,879
5077,1000,985,970,955,940,925,910,895
5078,1016,1001,986,971,956,941,926,911
5079,1064,1017,1002,987,972,957,942,927
5080,1080,1065,1018,1003,988,973,958,943
5081,1096,1081,1066,1019,1004,989,974,959
5082,1112,1097,1082,1067,1020,1005,990,975
5083,1128,1113,1098,1083,1068,1021,1006,991
5084,1144,1129,1114,1099,1084,1069,1022,1007
5085,1160,1145,1130,1115,1100,1085,1070,1023
5086,1176,1161,1146,1131,1116,1101,1086,1071
5087,1192,1177,1162,1147,1132,1117,1102,1087
5088,1208,1193,1178,1163,1148,1133,1118,1103
5089,1224,1209,1194,1179,1164,1149,1134,1119
5090,1240,1225,1210,1195,1180,1165,1150,1135
5091,1256,1241,1226,1211,1196,1181,1166,1151
5092,1272,1257,1242,1227,1212,1197,1182,1167
5093,1320,1273,1258,1243,1228,1213,1198,1183
5094,1336,1321,1274,1259,1244,1229,1214,1199
5095,1352,1337,1322,1275,1260,1245,1230,1215
5096,1368,1353,1338,1323,1276,1261,1246,1231
5097,1384,1369,1354,1339,1324,1277,1262,1247
5098,1400,1385,1370,1355,1340,1325,1278,1263
5099,1416,1401,1386,1371,1356,1341,1326,1279
5100,1432,1417,1402,1387,1372,1357,1342,1327
5101,1448,1433,1418,1403,1388,1373,1358,1343
5102,1464,1449,1434,1419,1404,1389,1374,1359
5103,1480,1465,1450,1435,1420,1405,1390,1375
5104,1496,1481,1466,1451,1436,1421,1406,1391
5105,1512,1497,1482,1467,1452,1437,1422,1407
5106,1528,1513,1498,1483,1468,1453,1438,1423
5107,1576,1529,1514,1499,1484,1469,1454,1439
5108,1592,1577,1530,1515,1500,1485,1470,1455
5109,1608,1593,1578,1531,1516,1501,1486,1471
5110,1624,1609,1594,1579,1532,1517,1502,1487
5111,1640,1625,1610,1595,1580,1533,1518,1503
5112,1656,1641,1626,1611,1596,1581,1534,1519
5113,1672,1657,1642,1627,1612,1597,1582,1535
5114,1688,1673,1658,1643,1628,1613,1598,1583
5115,1704,1689,1674,1659,1644,1629,1614,1599
5116,1720,1705,1690,1675,1660,1645,1630,1615
5117,1736,1721,1706,1691,1676,1661,1646,1631
5118,1752,1737,1722,1707,1692,1677,1662,1647
5119,1768,1753,1738,1723,1708,1693,1678,1663
5120,1784,1769,1754,1739,1724,1709,1694,1679
5121,1832,1785,1770,1755,1740,1725,1710,1695
5122,1848,1833,1786,1771,1756,1741,1726,1711
5123,1864,1849,1834,1787,1772,1757,1742,1727
5124,1880,1865,1850,1835,1788,1773,1758,1743
5125,1896,1881,1866,1851,1836,1789,1774,1759
5126,1912,1897,1882,1867,1852,1837,1790,1775
5127,1928,1913,1898,1883,1868,1853,1838,1791
5128,1944,1929,1914,1899,1884,1869,1854,1839
5129,1960,1945,1930,1915,1900,1885,1870,1855
5130,1976,1961,1946,1931,1916,1901,1886,1871
5131,1992,1977,1962,1947,1932,1917,1902,1887
5132,2008,1993,1978,1963,1948,1933,1918,1903
5133,2024,2009,1994,1979,1964,1949,1934,1919
5134,2040,2025,2010,1995,1980,1965,1950,1935
5135,2088,2041,2026,2011,1996,1981,1966,1951
5136,2104,2089,2042,2027,2012,1997,1982,1967
5137,2120,2105,2090,2043,2028,2013,1998,1983
5138,2136,2121,2106,2091,2044,2029,2014,1999
5139,2152,2137,2122,2107,2092,2045,2030,2015
5140,2168,2153,2138,2123,2108,2093,2046,2031
5141,2184,2169,2154,2139,2124,2109,2094,2047
5142,2200,2185,2170,2155,2140,2125,2110,2095
5143,2216,2201,2186,2171,2156,2141,2126,2111
5144,2232,2217,2202,2187,2172,2157,2142,2127
5145,2248,2233,2218,2203,2188,2173,2158,2143
5146,2264,2249,2234,2219,2204,2189,2174,2159
5147,2280,2265,2250,2235,2220,2205,2190,2175
5148,2296,2281,2266,2251,2236,2221,2206,2191
5149,2344,2297,2282,2267,2252,2237,2222,2207
5150,2360,2345,2298,2283,2268,2253,2238,2223
5151,2376,2361,2346,2299,2284,2269,2254,2239
5152,2392,2377,2362,2347,2300,2285,2270,2255
5153,2408,2393,2378,2363,2348,2301,2286,2271
5154,2424,2409,2394,2379,2364,2349,2302,2287
5155,2440,2425,2410,2395,2380,2365,2350,2303
5156,2456,2441,2426,2411,2396,2381,2366,2351
5157,2472,2457,2442,2427,2412,2397,2382,2367
5158,2488,2473,2458,2443,2428,2413,2398,2383
5159,2504,2489,2474,2459,2444,2429,2414,2399
5160,2520,2505,2490,2475,2460,2445,2430,2415
5161,2536,2521,2506,2491,2476,2461,2446,2431
5162,2552,2537,2522,2507,2492,2477,2462,2447
5163,2600,2553,2538,2523,2508,2493,2478,2463
5164,2616,2601,2554,2539,2524,2509,2494,2479
5165,2632,2617,2602,2555,2540,2525,2510,2495
5166,2648,2633,2618,2603,2556,2541,2526,2511
5167,2664,2649,2634,2619,2604,2557,2542,2527
5168,2680,2665,2650,2635,2620,2605,2558,2543
5169,2696,2681,2666,2651,2636,2621,2606,2559
5170,2712,2697,2682,2667,2652,2637,2622,2607
5171,2728,2713,2698,2683,2668,2653,2638,2623
5172,2744,2729,2714,2699,2684,2669,2654,2639
5173,2760,2745,2730,2715,2700,2685,2670,2655
5174,2776,2761,2746,2731,2716,2701,2686,2671
5175,2792,2777,2762,2747,2732,2717,2702,2687
5176,2808,2793,2778,2763,2748,2733,2718,2703
5177,2856,2809,2794,2779,2764,2749,2734,2719
5178,2872,2857,2810,2795,2780,2765,2750,2735
5179,2888,2873,2858,2811,2796,2781,2766,2751
5180,2904,2889,2874,2859,2812,2797,2782,2767
5181,2920,2905,2890,2875,2860,2813,2798,2783
5182,2936,2921,2906,2891,2876,2861,2814,2799
5183,2952,2937,2922,2907,2892,2877,2862,2815
5184,2968,2953,2938,2923,2908,2893,2878,2863
5185,2984,2969,2954,2939,2924,2909,2894,2879
5186,3000,2985,2970,2955,2940,2925,2910,2895
5187,3016,3001,2986,2971,2956,2941,2926,2911
5188,3032,3017,3002,2987,2972,2957,2942,2927
5189,3048,3033,3018,3003,2988,2973,2958,2943
5190,3064,3049,3034,3019,3004,2989,2974,2959
5191,3112,3065,3050,3035,3020,3005,2990,2975
5192,3128,3113,3066,3051,3036,3021,3006,2991
5193,3144,3129,3114,3067,3052,3037,3022,3007
5194,3160,3145,3130,3115,3068,3053,3038,3023
5195,3176,3161,3146,3131,3116,3069,3054,3039
5196,3192,3177,3162,3147,3132,3117,3070,3055
5197,3208,3193,3178,3163,3148,3133,3118,3071
5198,3224,3209,3194,3179,3164,3149,3134,3119
5199,3240,3225,3210,3195,3180,3165,3150,3135
5200,3256,3241,3226,3211,3196,3181,3166,3151
5201,3272,3257,3242,3227,3212,3197,3182,3167
5202,3288,3273,3258,3243,3228,3213,3198,3183
5203,3304,3289,3274,3259,3244,3229,3214,3199
5204,3320,3305,3290,3275,3260,3245,3230,3215
5205,3368,3321,3306,3291,3276,3261,3246,3231
5206,3384,3369,3322,3307,3292,3277,3262,3247
5207,3400,3385,3370,3323,3308,3293,3278,3263
5208,3416,3401,3386,3371,3324,3309,3294,3279
5209,3432,3417,3402,3387,3372,3325,3310,3295
5210,3448,3433,3418,3403,3388,3373,3326,3311
5211,3464,3449,3434,3419,3404,3389,3374,3327
5212,3480,3465,3450,3435,3420,3405,3390,3375
5213,3496,3481,3466,3451,3436,3421,3406,3391
5214,3512,3497,3482,3467,3452,3437,3422,3407
5215,3528,3513,3498,3483,3468,3453,3438,3423
5216,3544,3529,3514,3499,3484,3469,3454,3439
5217,3560,3545,3530,3515,3500,3485,3470,3455
5218,3576,3561,3546,3531,3516,3501,3486,3471
5219,-1,3577,3562,3547,3532,3517,3502,3487
5220,-1,-1,3578,3563,3548,3533,3518,3503
5221,-1,-1,-1,3579,3564,3549,3534,3519
5222,-1,-1,-1,-1,3580,3565,3550,3535
5223,-1,-1,-1,-1,-1,3581,3566,3551
5224,-1,-1,-1,-1,-1,-1,3582,3567
5225,-1,-1,-1,-1,-1,-1,-1,3583
5226,-1,-1,-1,-1,-1,-1,-1,-1
5227,-1,-1,-1,-1,-1,-1,-1,-1
5228,-1,-1,-1,-1,-1,-1,-1,-1
5229,-1,-1,-1,-1,-1,-1,-1,-1
5230,-1,-1,-1,-1,-1,-1,-1,-1
5231,-1,-1,-1,-1,-1,-1,-1,-1
5232,-1,-1,-1,-1,-1,-1,-1,-1
5233,-1,-1,-1,-1,-1,-1,-1,-1
5234,-1,-1,-1,-1,-1,-1,-1,-1
5235,-1,-1,-1,-1,-1,-1,-1,-1
5236,-1,-1,-1,-1,-1,-1,-1,-1
5237,-1,-1,-1,-1,-1,-1,-1,-1
5238,-1,-1,-1,-1,-1,-1,-1,-1
5239,-1,-1,-1,-1,-1,-1,-1,-1
5240,-1,-1,-1,-1,-1,-1,-1,-1
5241,256,-1,-1,-1,-1,-1,-1,-1
5242,272,257,-1,-1,-1,-1,-1,-1
5243,288,273,258,-1,-1,-1,-1,-1
5244,304,289,274,259,-1,-1,-1,-1
5245,320,305,290,275,260,-1,-1,-1
5246,336,321,306,291,276,261,-1,-1
5247,352,337,322,307,292,277,262,-1
5248,368,353,338,323,308,293,278,263
5249,384,369,354,339,324,309,294,279
5250,400,385,370,355,340,325,310,295
5251,416,401,386,371,356,341,326,311
5252,432,417,402,387,372,357,342,327
5253,448,433,418,403,388,373,358,343
5254,464,449,434,419,404,389,374,359
5255,512,465,450,435,420,405,390,375
5256,528,513,466,451,436,421,406,391
5257,544,529,514,467,452,437,422,407
5258,560,545,530,515,468,453,438,423
5259,576,561,546,531,516,469,454,439
5260,592,577,562,547,532,517,470,455
5261,608,593,578,563,548,533,518,471
5262,624,609,594,579,564,549,534,519
5263,640,625,610,595,580,565,550,535
5264,656,641,626,611,596,581,566,551
5265,672,657,642,627,612,597,582,567
5266,688,673,658,643,628,613,598,583
5267,704,689,674,659,644,629,614,599
5268,720,705,690,675,660,645,630,615
5269,768,721,706,691,676,661,646,631
5270,784,769,722,707,692,677,662,647
5271,800,785,770,723,708,693,678,663
5272,816,801,786,771,724,709,694,679
5273,832,817,802,787,772,725,710,695
5274,848,833,818,803,788,773,726,711
5275,864,849,834,819,804,789,774,727
5276,880,865,850,835,820,805,790,775
5277,896,881,866,851,836,821,806,791
5278,912,897,882,867,852,837,822,807
5279,928,913,898,883,868,853,838,823
5280,944,929,914,899,884,869,854,839
5281,960,945,930,915,900,885,870,855
5282,976,961,946,931,916,901,886,871
5283,1024,977,962,947,932,917,902,887
5284,1040,1025,978,963,948,933,918,903
5285,1056,1041,1026,979,964,949,934,919
5286,1072,1057,1042,1027,980,965,950,935
5287,1088,1073,1058,1043,1028,981,966,951
5288,1104,1089,1074,1059,1044,1029,982,967
5289,1120,1105,1090,1075,1060,1045,1030,983
5290,1136,1121,1106,1091,1076,1061,1046,1031
5291,1152,1137,1122,1107,1092,1077,1062,1047
5292,1168,1153,1138,1123,1108,1093,1078,1063
5293,1184,1169,1154,1139,1124,1109,1094,1079
5294,1200,1185,1170,1155,1140,1125,1110,1095
5295,1216,1201,1186,1171,1156,1141,1126,1111
5296,1232,1217,1202,1187,1172,1157,1142,1127
5297,1280,1233,1218,1203,1188,1173,1158,1143
5298,1296,1281,1234,1219,1204,1189,1174,1159
5299,1312,1297,1282,1235,1220,1205,1190,1175
5300,1328,1313,1298,1283,1236,1221,1206,1191
5301,1344,1329,1314,1299,1284,1237,1222,1207
5302,1360,1345,1330,1315,1300,1285,1238,1223
5303,1376,1361,1346,1331,1316,1301,1286,1239
5304,1392,1377,1362,1347,1332,1317,1302,1287
5305,1408,1393,1378,1363,1348,1333,1318,1303
5306,1424,1409,1394,1379,1364,1349,1334,1319
5307,1440,1425,1410,1395,1380,1365,1350,1335
5308,1456,1441,1426,1411,1396,1381,1366,1351
5309,1472,1457,1442,1427,1412,1397,1382,1367
5310,1488,1473,1458,1443,1428,1413,1398,1383
5311,1536,1489,1474,1459,1444,1429,1414,1399
5312,1552,1537,1490,1475,1460,1445,1430,1415
5313,1568,1553,1538,1491,1476,1461,1446,1431
5314,1584,1569,1554,1539,1492,1477,1462,1447
5315,1600,1585,1570,1555,1540,1493,1478,1463
5316,1616,1601,1586,1571,1556,1541,1494,1479
5317,1632,1617,1602,1587,1572,1557,1542,1495
5318,1648,1633,1618,1603,1588,1573,1558,1543
5319,1664,1649,1634,1619,1604,1589,1574,1559
5320,1680,1665,1650,1635,1620,1605,1590,1575
5321,1696,1681,1666,1651,1636,1621,1606,1591
5322,1712,1697,1682,1667,1652,1637,1622,1607
5323,1728,1713,1698,1683,1668,1653,1638,1623
5324,1744,1729,1714,1699,1684,1669,1654,1639
5325,1792,1745,1730,1715,1700,1685,1670,1655
5326,1808,1793,1746,1731,1716,1701,1686,1671
5327,1824,1809,1794,1747,1732,1717,1702,1687
5328,1840,1825,1810,1795,1748,1733,1718,1703
5329,1856,1841,1826,1811,1796,1749,1734,1719
5330,1872,1857,1842,1827,1812,1797,1750,1735
5331,1888,1873,1858,1843,1828,1813,1798,1751
5332,1904,1889,1874,1859,1844,1829,1814,1799
5333,1920,1905,1890,1875,1860,1845,1830,1815
5334,1936,1921,1906,1891,1876,1861,1846,1831
5335,1952,1937,1922,1907,1892,1877,1862,1847
5336,1968,1953,1938,1923,1908,1893,1878,1863
5337,1984,1969,1954,1939,1924,1909,1894,1879
5338,2000,1985,1970,1955,1940,1925,1910,1895
5339,2048,2001,1986,1971,1956,1941,1926,1911
5340,2064,2049,2002,1987,1972,1957,1942,1927
5341,2080,2065,2050,2003,1988,1973,1958,1943
5342,2096,2081,2066,2051,2004,1989,1974,1959
5343,2112,2097,2082,2067,2052,2005,1990,1975
5344,2128,2113,2098,2083,2068,2053,2006,1991
5345,2144,2129,2114,2099,2084,2069,2054,2007
5346,2160,2145,2130,2115,2100,2085,2070,2055
5347,2176,2161,2146,2131,2116,2101,2086,2071
5348,2192,2177,2162,2147,2132,2117,2102,2087
5349,2208,2193,2178,2163,2148,2133,2118,2103
5350,2224,2209,2194,2179,2164,2149,2134,2119
5351,2240,2225,2210,2195,2180,2165,2150,2135
5352,2256,2241,2226,2211,2196,2181,2166,2151
5353,2304,2257,2242,2227,2212,2197,2182,2167
5354,2320,2305,2258,2243,2228,2213,2198,2183
5355,2336,2321,2306,2259,2244,2229,2214,2199
5356,2352,2337,2322,2307,2260,2245,2230,2215
5357,2368,2353,2338,2323,2308,2261,2246,2231
5358,2384,2369,2354,2339,2324,2309,2262,2247
5359,2400,2385,2370,2355,2340,2325,2310,2263
5360,2416,2401,2386,2371,2356,2341,2326,2311
5361,2432,2417,2402,2387,2372,2357,2342,2327
5362,2448,2433,2418,2403,2388,2373,2358,2343
5363,2464,2449,2434,2419,2404,2389,2374,2359
5364,2480,2465,2450,2435,2420,2405,2390,2375
5365,2496,2481,2466,2451,2436,2421,2406,2391
5366,2512,2497,2482,2467,2452,2437,2422,2407
5367,2560,2513,2498,2483,2468,2453,2438,2423
5368,2576,2561,2514,2499,2484,2469,2454,2439
5369,2592,2577,2562,2515,2500,2485,2470,2455
5370,2608,2593,2578,2563,2516,2501,2486,2471
5371,2624,2609,2594,2579,2564,2517,2502,2487
5372,2640,2625,2610,2595,2580,2565,2518,2503
5373,2656,2641,2626,2611,2596,2581,2566,2519
5374,2672,2657,2642,2627,2612,2597,2582,2567
5375,2688,2673,2658,2643,2628,2613,2598,2583
5376,2704,2689,2674,2659,2644,2629,2614,2599
5377,2720,2705,2690,2675,2660,2645,2630,2615
5378,2736,2721,2706,2691,2676,2661,2646,2631
5379,2752,2737,2722,2707,2692,2677,2662,2647
5380,2768,2753,2738,2723,2708,2693,2678,2663
5381,2816,2769,2754,2739,2724,2709,2694,2679
5382,2832,2817,2770,2755,2740,2725,2710,2695
5383,2848,2833,2818,2771,2756,2741,2726,2711
5384,2864,2849,2834,2819,2772,2757,2742,2727
5385,2880,2865,2850,2835,2820,2773,2758,2743
5386,2896,2881,2866,2851,2836,2821,2774,2759
5387,2912,2897,2882,2867,2852,2837,2822,2775
5388,2928,2913,2898,2883,2868,2853,2838,2823
5389,2944,2929,2914,2899,2884,2869,2854,2839
5390,2960,2945,2930,2915,2900,2885,2870,2855
5391,2976,2961,2946,2931,2916,2901,2886,2871
5392,2992,2977,2962,2947,2932,2917,2902,2887
5393,3008,2993,2978,2963,2948,2933,2918,2903
5394,3024,3009,2994,2979,2964,2949,2934,2919
5395,3072,3025,3010,2995,2980,2965,2950,2935
5396,3088,3073,3026,3011,2996,2981,2966,2951
5397,3104,3089,3074,3027,3012,2997,2982,2967
5398,3120,3105,3090,3075,3028,3013,2998,2983
5399,3136,3121,3106,3091,3076,3029,3014,2999
5400,3152,3137,3122,3107,3092,3077,3030,3015
5401,3168,3153,3138,3123,3108,3093,3078,3031
5402,3184,3169,3154,3139,3124,3109,3094,3079
5403,3200,3185,3170,3155,3140,3125,3110,3095
5404,3216,3201,3186,3171,3156,3141,3126,3111
5405,3232,3217,3202,3187,3172,3157,3142,3127
5406,3248,3233,3218,3203,3188,3173,3158,3143
5407,3264,3249,3234,3219,3204,3189,3174,3159
5408,3280,3265,3250,3235,3220,3205,3190,3175
5409,3328,3281,3266,3251,3236,3221,3206,3191
5410,3344,3329,3282,3267,3252,3237,3222,3207
5411,3360,3345,3330,3283,3268,3253,3238,3223
5412,3376,3361,3346,3331,3284,3269,3254,3239
5413,3392,3377,3362,3347,3332,3285,3270,3255
5414,3408,3393,3378,3363,3348,3333,3286,3271
5415,3424,3409,3394,3379,3364,3349,3334,3287
5416,3440,3425,3410,3395,3380,3365,3350,3335
5417,3456,3441,3426,3411,3396,3381,3366,3351
5418,3472,3457,3442,3427,3412,3397,3382,3367
5419,3488,3473,3458,3443,3428,3413,3398,3383
5420,3504,3489,3474,3459,3444,3429,3414,3399
5421,3520,3505,3490,3475,3460,3445,3430,3415
5422,3536,3521,3506,3491,3476,3461,3446,3431
5423,3584,3537,3522,3507,3492,3477,3462,3447
5424,3600,3585,3538,3523,3508,3493,3478,3463
5425,3616,3601,3586,3539,3524,3509,3494,3479
5426,3632,3617,3602,3587,3540,3525,3510,3495
5427,3648,3633,3618,3603,3588,3541,3526,3511
5428,3664,3649,3634,3619,3604,3589,3542,3527
5429,3680,3665,3650,3635,3620,3605,3590,3543
5430,3696,3681,3666,3651,3636,3621,3606,3591
5431,3712,3697,3682,3667,3652,3637,3622,3607
5432,3728,3713,3698,3683,3668,3653,3638,3623
5433,3744,3729,3714,3699,3684,3669,3654,3639
5434,3760,3745,3730,3715,3700,3685,3670,3655
5435,3776,3761,3746,3731,3716,3701,3686,3671
5436,3792,3777,3762,3747,3732,3717,3702,3687
5437,-1,3793,3778,3763,3748,3733,3718,3703
5438,-1,-1,3794,3779,3764,3749,3734,3719
5439,-1,-1,-1,3795,3780,3765,3750,3735
5440,-1,-1,-1,-1,3796,3781,3766,3751
5441,-1,-1,-1,-1,-1,3797,3782,3767
5442,-1,-1,-1,-1,-1,-1,3798,3783
5443,-1,-1,-1,-1,-1,-1,-1,3799
5444,-1,-1,-1,-1,-1,-1,-1,-1
5445,-1,-1,-1,-1,-1,-1,-1,-1
5446,-1,-1,-1,-1,-1,-1,-1,-1
5447,-1,-1,-1,-1,-1,-1,-1,-1
5448,-1,-1,-1,-1,-1,-1,-1,-1
5449,-1,-1,-1,-1,-1,-1,-1,-1
5450,-1,-1,-1,-1,-1,-1,-1,-1
5451,-1,-1,-1,-1,-1,-1,-1,-1
5452,-1,-1,-1,-1,-1,-1,-1,-1
5453,-1,-1,-1,-1,-1,-1,-1,-1
5454,-1,-1,-1,-1,-1,-1,-1,-1
5455,-1,-1,-1,-1,-1,-1,-1,-1
5456,-1,-1,-1,-1,-1,-1,-1,-1
5457,-1,-1,-1,-1,-1,-1,-1,-1
5458,-1,-1,-1,-1,-1,-1,-1,-1
5459,264,-1,-1,-1,-1,-1,-1,-1
5460,280,265,-1,-1,-1,-1,-1,-1
5461,296,281,266,-1,-1,-1,-1,-1
5462,312,297,282,267,-1,-1,-1,-1
5463,328,313,298,283,268,-1,-1,-1
5464,344,329,314,299,284,269,-1,-1
5465,360,345,330,315,300,285,270,-1
5466,376,361,346,331,316,301,286,271
5467,392,377,362,347,332,317,302,287
5468,408,393,378,363,348,333,318,303
5469,424,409,394,379,364,349,334,319
5470,440,425,410,395,380,365,350,335
5471,456,441,426,411,396,381,366,351
5472,472,457,442,427,412,397,382,367
5473,520,473,458,443,428,413,398,383
5474,536,521,474,459,444,429,414,399
5475,552,537,522,475,460,445,430,415
5476,568,553,538,523,476,461,446,431
5477,584,569,554,539,524,477,462,447
5478,600,585,570,555,540,525,478,463
5479,616,601,586,571,556,541,526,479
5480,632,617,602,587,572,557,542,527
5481,648,633,618,603,588,573,558,543
5482,664,649,634,619,604,589,574,559
5483,680,665,650,635,620,605,590,575
5484,696,681,666,651,636,621,606,591
5485,712,697,682,667,652,637,622,607
5486,728,713,698,683,668,653,638,623
5487,776,729,714,699,684,669,654,639
5488,792,777,730,715,700,685,670,655
5489,808,793,778,731,716,701,686,671
5490,824,809,794,779,732,717,702,687
5491,840,825,810,795,780,733,718,703
5492,856,841,826,811,796,781,734,719
5493,872,857,842,827,812,797,782,735
5494,888,873,858,843,828,813,798,783
5495,904,889,874,859,844,829,814,799
5496,920,905,890,875,860,845,830,815
5497,936,921,906,891,876,861,846,831
5498,952,937,922,907,892,877,862,847
5499,968,953,938,923,908,893,878,863
5500,984,969,954,939,924,909,894,879
5501,1032,985,970,955,940,925,910,895
5502,1048,1033,986,971,956,941,926,911
5503,1064,1049,1034,987,972,957,942,927
5504,1080,1065,1050,1035,988,973,958,943
5505,1096,1081,1066,1051,1036,989,974,959
5506,1112,1097,1082,1067,1052,1037,990,975
5507,1128,1113,1098,1083,1068,1053,1038,991
5508,1144,1129,1114,1099,1084,1069,1054,1039
5509,1160,1145,1130,1115,1100,1085,1070,1055
5510,1176,1161,1146,1131,1116,1101,1086,1071
5511,1192,1177,1162,1147,1132,1117,1102,1087
5512,1208,1193,1178,1163,1148,1133,1118,1103
5513,1224,1209,1194,1179,1164,1149,1134,1119
5514,1240,1225,1210,1195,1180,1165,1150,1135
5515,1288,1241,1226,1211,1196,1181,1166,1151
5516,1304,1289,1242,1227,1212,1197,1182,1167
5517,1320,1305,1290,1243,1228,1213,1198,1183
5518,1336,1321,1306,1291,1244,1229,1214,1199
5519,1352,1337,1322,1307,1292,1245,1230,1215
5520,1368,1353,1338,1323,1308,1293,1246,1231
5521,1384,1369,1354,1339,1324,1309,1294,1247
5522,1400,1385,1370,1355,1340,1325,1310,1295
5523,1416,1401,1386,1371,1356,1341,1326,1311
5524,1432,1417,1402,1387,1372,1357,1342,1327
5525,1448,1433,1418,1403,1388,1373,1358,1343
5526,1464,1449,1434,1419,1404,1389,1374,1359
5527,1480,1465,1450,1435,1420,1405,1390,1375
5528,1496,1481,1466,1451,1436,1421,1406,1391
5529,1544,1497,1482,1467,1452,1437,1422,1407
5530,1560,1545,1498,1483,1468,1453,1438,1423
5531,1576,1561,1546,1499,1484,1469,1454,1439
5532,1592,1577,1562,1547,1500,1485,1470,1455
5533,1608,1593,1578,1563,1548,1501,1486,1471
5534,1624,1609,1594,1579,1564,1549,1502,1487
5535,1640,1625,1610,1595,1580,1565,1550,1503
5536,1656,1641,1626,1611,1596,1581,1566,1551
5537,1672,1657,1642,1627,1612,1597,1582,1567
5538,1688,1673,1658,1643,1628,1613,1598,1583
5539,1704,1689,1674,1659,1644,1629,1614,1599
5540,1720,1705,1690,1675,1660,1645,1630,1615
5541,1736,1721,1706,1691,1676,1661,1646,1631
5542,1752,1737,1722,1707,1692,1677,1662,1647
5543,1800,1753,1738,1723,1708,1693,1678,1663
5544,1816,1801,1754,1739,1724,1709,1694,1679
5545,1832,1817,1802,1755,1740,1725,1710,1695
5546,1848,1833,1818,1803,1756,1741,1726,1711
5547,1864,1849,1834,1819,1804,1757,1742,1727
5548,1880,1865,1850,1835,1820,1805,1758,1743
5549,1896,1881,1866,1851,1836,1821,1806,1759
5550,1912,1897,1882,1867,1852,1837,1822,1807
5551,1928,1913,1898,1883,1868,1853,1838,1823
5552,1944,1929,1914,1899,1884,1869,1854,1839
5553,1960,1945,1930,1915,1900,1885,1870,1855
5554,1976,1961,1946,1931,1916,1901,1886,1871
5555,1992,1977,1962,1947,1932,1917,1902,1887
5556,2008,1993,1978,1963,1948,1933,1918,1903
5557,2056,2009,1994,1979,1964,1949,1934,1919
5558,2072,2057,2010,1995,1980,1965,1950,1935
5559,2088,2073,2058,2011,1996,1981,1966,1951
5560,2104,2089,2074,2059,2012,1997,1982,1967
5561,2120,2105,2090,2075,2060,2013,1998,1983
5562,2136,2121,2106,2091,2076,2061,2014,1999
5563,2152,2137,2122,2107,2092,2077,2062,2015
5564,2168,2153,2138,2123,2108,2093,2078,2063
5565,2184,2169,2154,2139,2124,2109,2094,2079
5566,2200,2185,2170,2155,2140,2125,2110,2095
5567,2216,2201,2186,2171,2156,2141,2126,2111
5568,2232,2217,2202,2187,2172,2157,2142,2127
5569,2248,2233,2218,2203,2188,2173,2158,2143
5570,2264,2249,2234,2219,2204,2189,2174,2159
5571,2312,2265,2250,2235,2220,2205,2190,2175
5572,2328,2313,2266,2251,2236,2221,2206,2191
5573,2344,2329,2314,2267,2252,2237,2222,2207
5574,2360,2345,2330,2315,2268,2253,2238,2223
5575,2376,2361,2346,2331,2316,2269,2254,2239
5576,2392,2377,2362,2347,2332,2317,2270,2255
5577,2408,2393,2378,2363,2348,2333,2318,2271
5578,2424,2409,2394,2379,2364,2349,2334,2319
5579,2440,2425,2410,2395,2380,2365,2350,2335
5580,2456,2441,2426,2411,2396,2381,2366,2351
5581,2472,2457,2442,2427,2412,2397,2382,2367
5582,2488,2473,2458,2443,2428,2413,2398,2383
5583,2504,2489,2474,2459,2444,2429,2414,2399
5584,2520,2505,2490,2475,2460,2445,2430,2415
5585,2568,2521,2506,2491,2476,2461,2446,2431
5586,2584,2569,2522,2507,2492,2477,2462,2447
5587,2600,2585,2570,2523,2508,2493,2478,2463
5588,2616,2601,2586,2571,2524,2509,2494,2479
5589,2632,2617,2602,2587,2572,2525,2510,2495
5590,2648,2633,2618,2603,2588,2573,2526,2511
5591,2664,2649,2634,2619,2604,2589,2574,2527
5592,2680,2665,2650,2635,2620,2605,2590,2575
5593,2696,2681,2666,2651,2636,2621,2606,2591
5594,2712,2697,2682,2667,2652,2637,2622,2607
5595,2728,2713,2698,2683,2668,2653,2638,2623
5596,2744,2729,2714,2699,2684,2669,2654,2639
5597,2760,2745,2730,2715,2700,2685,2670,2655
5598,2776,2761,2746,2731,2716,2701,2686,2671
5599,2824,2777,2762,2747,2732,2717,2702,2687
5600,2840,2825,2778,2763,2748,2733,2718,2703
5601,2856,2841,2826,2779,2764,2749,2734,2719
5602,2872,2857,2842,2827,2780,2765,2750,2735
5603,2888,2873,2858,2843,2828,2781,2766,2751
5604,2904,2889,2874,2859,2844,2829,2782,2767
5605,2920,2905,2890,2875,2860,2845,2830,2783
5606,2936,2921,2906,2891,2876,2861,2846,2831
5607,2952,2937,2922,2907,2892,2877,2862,2847
5608,2968,2953,2938,2923,2908,2893,2878,2863
5609,2984,2969,2954,2939,2924,2909,2894,2879
5610,3000,2985,2970,2955,2940,2925,2910,2895
5611,3016,3001,2986,2971,2956,2941,2926,2911
5612,3032,3017,3002,2987,2972,2957,2942,2927
5613,3080,3033,3018,3003,2988,2973,2958,2943
5614,3096,3081,3034,3019,3004,2989,2974,2959
5615,3112,3097,3082,3035,3020,3005,2990,2975
5616,3128,3113,3098,3083,3036,3021,3006,2991
5617,3144,3129,3114,3099,3084,3037,3022,3007
5618,3160,3145,3130,3115,3100,3085,3038,3023
5619,3176,3161,3146,3131,3116,3101,3086,3039
5620,3192,3177,3162,3147,3132,3117,3102,3087
5621,3208,3193,3178,3163,3148,3133,3118,3103
5622,3224,3209,3194,3179,3164,3149,3134,3119
5623,3240,3225,3210,3195,3180,3165,3150,3135
5624,3256,3241,3226,3211,3196,3181,3166,3151
5625,3272,3257,3242,3227,3212,3197,3182,3167
5626,3288,3273,3258,3243,3228,3213,3198,3183
5627,3336,3289,3274,3259,3244,3229,3214,3199
5628,3352,3337,3290,3275,3260,3245,3230,3215
5629,3368,3353,3338,3291,3276,3261,3246,3231
5630,3384,3369,3354,3339,3292,3277,3262,3247
5631,3400,3385,3370,3355,3340,3293,3278,3263
5632,3416,3401,3386,3371,3356,3341,3294,3279
5633,3432,3417,3402,3387,3372,3357,3342,3295
5634,3448,3433,3418,3403,3388,3373,3358,3343
5635,3464,3449,3434,3419,3404,3389,3374,3359
5636,3480,3465,3450,3435,3420,3405,3390,3375
5637,3496,3481,3466,3451,3436,3421,3406,3391
5638,3512,3497,3482,3467,3452,3437,3422,3407
5639,3528,3513,3498,3483,3468,3453,3438,3423
5640,3544,3529,3514,3499,3484,3469,3454,3439
5641,3592,3545,3530,3515,3500,3485,3470,3455
5642,3608,3593,3546,3531,3516,3501,3486,3471
5643,3624,3609,3594,3547,3532,3517,3502,3487
5644,3640,3625,3610,3595,3548,3533,3518,3503
5645,3656,3641,3626,3611,3596,3549,3534,3519
5646,3672,3657,3642,3627,3612,3597,3550,3535
5647,3688,3673,3658,3643,3628,3613,3598,3551
5648,3704,3689,3674,3659,3644,3629,3614,3599
5649,3720,3705,3690,3675,3660,3645,3630,3615
5650,3736,3721,3706,3691,3676,3661,3646,3631
5651,3752,3737,3722,3707,3692,3677,3662,3647
5652,3768,3753,3738,3723,3708,3693,3678,3663
5653,3784,3769,3754,3739,3724,3709,3694,3679
5654,3800,3785,3770,3755,3740,3725,3710,3695
5655,-1,3801,3786,3771,3756,3741,3726,3711
5656,-1,-1,3802,3787,3772,3757,3742,3727
5657,-1,-1,-1,3803,3788,3773,3758,3743
5658,-1,-1,-1,-1,3804,3789,3774,3759
5659,-1,-1,-1,-1,-1,3805,3790,3775
5660,-1,-1,-1,-1,-1,-1,3806,3791
5661,-1,-1,-1,-1,-1,-1,-1,3807
5662,-1,-1,-1,-1,-1,-1,-1,-1
5663,-1,-1,-1,-1,-1,-1,-1,-1
5664,-1,-1,-1,-1,-1,-1,-1,-1
5665,-1,-1,-1,-1,-1,-1,-1,-1
5666,-1,-1,-1,-1,-1,-1,-1,-1
5667,-1,-1,-1,-1,-1,-1,-1,-1
5668,-1,-1,-1,-1,-1,-1,-1,-1
5669,-1,-1,-1,-1,-1,-1,-1,-1
5670,-1,-1,-1,-1,-1,-1,-1,-1
5671,-1,-1,-1,-1,-1,-1,-1,-1
5672,-1,-1,-1,-1,-1,-1,-1,-1
5673,-1,-1,-1,-1,-1,-1,-1,-1
5674,-1,-1,-1,-1,-1,-1,-1,-1
5675,-1,-1,-1,-1,-1,-1,-1,-1
5676,-1,-1,-1,-1,-1,-1,-1,-1
5677,272,-1,-1,-1,-1,-1,-1,-1
5678,288,273,-1,-1,-1,-1,-1,-1
5679,304,289,274,-1,-1,-1,-1,-1
5680,320,305,290,275,-1,-1,-1,-1
5681,336,321,306,291,276,-1,-1,-1
5682,352,337,322,307,292,277,-1,-1
5683,368,353,338,323,308,293,278,-1
5684,384,369,354,339,324,309,294,279
5685,400,385,370,355,340,325,310,295
5686,416,401,386,371,356,341,326,311
5687,432,417,402,387,372,357,342,327
5688,448,433,418,403,388,373,358,343
5689,464,449,434,419,404,389,374,359
5690,480,465,450,435,420,405,390,375
5691,528,481,466,451,436,421,406,391
5692,544,529,482,467,452,437,422,407
5693,560,545,530,483,468,453,438,423
5694,576,561,546,531,484,469,454,439
5695,592,577,562,547,532,485,470,455
5696,608,593,578,563,548,533,486,471
5697,624,609,594,579,564,549,534,487
5698,640,625,610,595,580,565,550,535
5699,656,641,626,611,596,581,566,551
5700,672,657,642,627,612,597,582,567
5701,688,673,658,643,628,613,598,583
5702,704,689,674,659,644,629,614,599
5703,720,705,690,675,660,645,630,615
5704,736,721,706,691,676,661,646,631
5705,784,737,722,707,692,677,662,647
5706,800,785,738,723,708,693,678,663
5707,816,801,786,739,724,709,694,679
5708,832,817,802,787,740,725,710,695
5709,848,833,818,803,788,741,726,711
5710,864,849,834,819,804,789,742,727
5711,880,865,850,835,820,805,790,743
5712,896,881,866,851,836,821,806,791
5713,912,897,882,867,852,837,822,807
5714,928,913,898,883,868,853,838,823
5715,944,929,914,899,884,869,854,839
5716,960,945,930,915,900,885,870,855
5717,976,961,946,931,916,901,886,871
5718,992,977,962,947,932,917,902,887
5719,1040,993,978,963,948,933,918,903
5720,1056,1041,994,979,964,949,934,919
5721,1072,1057,1042,995,980,965,950,935
5722,1088,1073,1058,1043,996,981,966,951
5723,1104,1089,1074,1059,1044,997,982,967
5724,1120,1105,1090,1075,1060,1045,998,983
5725,1136,1121,1106,1091,1076,1061,1046,999
5726,1152,1137,1122,1107,1092,1077,1062,1047
5727,1168,1153,1138,1123,1108,1093,1078,1063
5728,1184,1169,1154,1139,1124,1109,1094,1079
5729,1200,1185,1170,1155,1140,1125,1110,1095
5730,1216,1201,1186,1171,1156,1141,1126,1111
5731,1232,1217,1202,1187,1172,1157,1142,1127
5732,1248,1233,1218,1203,1188,1173,1158,1143
5733,1296,1249,1234,1219,1204,1189,1174,1159
5734,1312,1297,1250,1235,1220,1205,1190,1175
5735,1328,1313,1298,1251,1236,1221,1206,1191
5736,1344,1329,1314,1299,1252,1237,1222,1207
5737,1360,1345,1330,1315,1300,1253,1238,1223
5738,1376,1361,1346,1331,1316,1301,1254,1239
5739,1392,1377,1362,1347,1332,1317,1302,1255
5740,1408,1393,1378,1363,1348,1333,1318,1303
5741,1424,1409,1394,1379,1364,1349,1334,1319
5742,1440,1425,1410,1395,1380,1365,1350,1335
5743,1456,1441,1426,1411,1396,1381,1366,1351
5744,1472,1457,1442,1427,1412,1397,1382,1367
5745,1488,1473,1458,1443,1428,1413,1398,1383
5746,1504,1489,1474,1459,1444,1429,1414,1399
5747,1552,1505,1490,1475,1460,1445,1430,1415
5748,1568,1553,1506,1491,1476,1461,1446,1431
5749,1584,1569,1554,1507,1492,1477,1462,1447
5750,1600,1585,1570,1555,1508,1493,1478,1463
5751,1616,1601,1586,1571,1556,1509,1494,1479
5752,1632,1617,1602,1587,1572,1557,1510,1495
5753,1648,1633,1618,1603,1588,1573,1558,1511
5754,1664,1649,1634,1619,1604,1589,1574,1559
5755,1680,1665,1650,1635,1620,1605,1590,1575
5756,1696,1681,1666,1651,1636,1621,1606,1591
5757,1712,1697,1682,1667,1652,1637,1622,1607
5758,1728,1713,1698,1683,1668,1653,1638,1623
5759,1744,1729,1714,1699,1684,1669,1654,1639
5760,1760,1745,1730,1715,1700,1685,1670,1655
5761,1808,1761,1746,1731,1716,1701,1686,1671
5762,1824,1809,1762,1747,1732,1717,1702,1687
5763,1840,1825,1810,1763,1748,1733,1718,1703
5764,1856,1841,1826,1811,1764,1749,1734,1719
5765,1872,1857,1842,1827,1812,1765,1750,1735
5766,1888,1873,1858,1843,1828,1813,1766,1751
5767,1904,1889,1874,1859,1844,1829,1814,1767
5768,1920,1905,1890,1875,1860,1845,1830,1815
5769,1936,1921,1906,1891,1876,1861,1846,1831
5770,1952,1937,1922,1907,1892,1877,1862,1847
5771,1968,1953,1938,1923,1908,1893,1878,1863
5772,1984,1969,1954,1939,1924,1909,1894,1879
5773,2000,1985,1970,1955,1940,1925,1910,1895
5774,2016,2001,1986,1971,1956,1941,1926,1911
5775,2064,2017,2002,1987,1972,1957,1942,1927
5776,2080,2065,2018,2003,1988,1973,1958,1943
5777,2096,2081,2066,2019,2004,1989,1974,1959
5778,2112,2097,2082,2067,2020,2005,1990,1975
5779,2128,2113,2098,2083,2068,2021,2006,1991
5780,2144,2129,2114,2099,2084,2069,2022,2007
5781,2160,2145,2130,2115,2100,2085,2070,2023
5782,2176,2161,2146,2131,2116,2101,2086,2071
5783,2192,2177,2162,2147,2132,2117,2102,2087
5784,2208,2193,2178,2163,2148,2133,2118,2103
5785,2224,2209,2194,2179,2164,2149,2134,2119
5786,2240,2225,2210,2195,2180,2165,2150,2135
5787,2256,2241,2226,2211,2196,2181,2166,2151
5788,2272,2257,2242,2227,2212,2197,2182,2167
5789,2320,2273,2258,2243,2228,2213,2198,2183
5790,2336,2321,2274,2259,2244,2229,2214,2199
5791,2352,2337,2322,2275,2260,2245,2230,2215
5792,2368,2353,2338,2323,2276,2261,2246,2231
5793,2384,2369,2354,2339,2324,2277,2262,2247
5794,2400,2385,2370,2355,2340,2325,2278,2263
5795,2416,2401,2386,2371,2356,2341,2326,2279
5796,2432,2417,2402,2387,2372,2357,2342,2327
5797,2448,2433,2418,2403,2388,2373,2358,2343
5798,2464,2449,2434,2419,2404,2389,2374,2359
5799,2480,2465,2450,2435,2420,2405,2390,2375
5800,2496,2481,2466,2451,2436,2421,2406,2391
5801,2512,2497,2482,2467,2452,2437,2422,2407
5802,2528,2513,2498,2483,2468,2453,2438,2423
5803,2576,2529,2514,2499,2484,2469,2454,2439
5804,2592,2577,2530,2515,2500,2485,2470,2455
5805,2608,2593,2578,2531,2516,2501,2486,2471
5806,2624,2609,2594,2579,2532,2517,2502,2487
5807,2640,2625,2610,2595,2580,2533,2518,2503
5808,2656,2641,2626,2611,2596,2581,2534,2519
5809,2672,2657,2642,2627,2612,2597,2582,2535
5810,2688,2673,2658,2643,2628,2613,2598,2583
5811,2704,2689,2674,2659,2644,2629,2614,2599
5812,2720,2705,2690,2675,2660,2645,2630,2615
5813,2736,2721,2706,2691,2676,2661,2646,2631
5814,2752,2737,2722,2707,2692,2677,2662,2647
5815,2768,2753,2738,2723,2708,2693,2678,2663
5816,2784,2769,2754,2739,2724,2709,2694,2679
5817,2832,2785,2770,2755,2740,2725,2710,2695
5818,2848,2833,2786,2771,2756,2741,2726,2711
5819,2864,2849,2834,2787,2772,2757,2742,2727
5820,2880,2865,2850,2835,2788,2773,2758,2743
5821,2896,2881,2866,2851,2836,2789,2774,2759
5822,2912,2897,2882,2867,2852,2837,2790,2775
5823,2928,2913,2898,2883,2868,2853,2838,2791
5824,2944,2929,2914,2899,2884,2869,2854,2839
5825,2960,2945,2930,2915,2900,2885,2870,2855
5826,2976,2961,2946,2931,2916,2901,2886,2871
5827,2992,2977,2962,2947,2932,2917,2902,2887
5828,3008,2993,2978,2963,2948,2933,2918,2903
5829,3024,3009,2994,2979,2964,2949,2934,2919
5830,3040,3025,3010,2995,2980,2965,2950,2935
5831,3088,3041,3026,3011,2996,2981,2966,2951
5832,3104,3089,3042,3027,3012,2997,2982,2967
5833,3120,3105,3090,3043,3028,3013,2998,2983
5834,3136,3121,3106,3091,3044,3029,3014,2999
5835,3152,3137,3122,3107,3092,3045,3030,3015
5836,3168,3153,3138,3123,3108,3093,3046,3031
5837,3184,3169,3154,3139,3124,3109,3094,3047
5838,3200,3185,3170,3155,3140,3125,3110,3095
5839,3216,3201,3186,3171,3156,3141,3126,3111
5840,3232,3217,3202,3187,3172,3157,3142,3127
5841,3248,3233,3218,3203,3188,3173,3158,3143
5842,3264,3249,3234,3219,3204,3189,3174,3159
5843,3280,3265,3250,3235,3220,3205,3190,3175
5844,3296,3281,3266,3251,3236,3221,3206,3191
5845,3344,3297,3282,3267,3252,3237,3222,3207
5846,3360,3345,3298,3283,3268,3253,3238,3223
5847,3376,3361,3346,3299,3284,3269,3254,3239
5848,3392,3377,3362,3347,3300,3285,3270,3255
5849,3408,3393,3378,3363,3348,3301,3286,3271
5850,3424,3409,3394,3379,3364,3349,3302,3287
5851,3440,3425,3410,3395,3380,3365,3350,3303
5852,3456,3441,3426,3411,3396,3381,3366,3351
5853,3472,3457,3442,3427,3412,3397,3382,3367
5854,3488,3473,3458,3443,3428,3413,3398,3383
5855,3504,3489,3474,3459,3444,3429,3414,3399
5856,3520,3505,3490,3475,3460,3445,3430,3415
5857,3536,3521,3506,3491,3476,3461,3446,3431
5858,3552,3537,3522,3507,3492,3477,3462,3447
5859,3600,3553,3538,3523,3508,3493,3478,3463
5860,3616,3601,3554,3539,3524,3509,3494,3479
5861,3632,3617,3602,3555,3540,3525,3510,3495
5862,3648,3633,3618,3603,3556,3541,3526,3511
5863,3664,3649,3634,3619,3604,3557,3542,3527
5864,3680,3665,3650,3635,3620,3605,3558,3543
5865,3696,3681,3666,3651,3636,3621,3606,3559
5866,3712,3697,3682,3667,3652,3637,3622,3607
5867,3728,3713,3698,3683,3668,3653,3638,3623
5868,3744,3729,3714,3699,3684,3669,3654,3639
5869,3760,3745,3730,3715,3700,3685,3670,3655
5870,3776,3761,3746,3731,3716,3701,3686,3671
5871,3792,3777,3762,3747,3732,3717,3702,3687
5872,3808,3793,3778,3763,3748,3733,3718,3703
5873,-1,3809,3794,3779,3764,3749,3734,3719
5874,-1,-1,3810,3795,3780,3765,3750,3735
5875,-1,-1,-1,3811,3796,3781,3766,3751
5876,-1,-1,-1,-1,3812,3797,3782,3767
5877,-1,-1,-1,-1,-1,3813,3798,3783
5878,-1,-1,-1,-1,-1,-1,3814,3799
5879,-1,-1,-1,-1,-1,-1,-1,3815
5880,-1,-1,-1,-1,-1,-1,-1,-1
5881,-1,-1,-1,-1,-1,-1,-1,-1
5882,-1,-1,-1,-1,-1,-1,-1,-1
5883,-1,-1,-1,-1,-1,-1,-1,-1
5884,-1,-1,-1,-1,-1,-1,-1,-1
5885,-1,-1,-1,-1,-1,-1,-1,-1
5886,-1,-1,-1,-1,-1,-1,-1,-1
5887,-1,-1,-1,-1,-1,-1,-1,-1
5888,-1,-1,-1,-1,-1,-1,-1,-1
5889,-1,-1,-1,-1,-1,-1,-1,-1
5890,-1,-1,-1,-1,-1,-1,-1,-1
5891,-1,-1,-1,-1,-1,-1,-1,-1
5892,-1,-1,-1,-1,-1,-1,-1,-1
5893,-1,-1,-1,-1,-1,-1,-1,-1
5894,-1,-1,-1,-1,-1,-1,-1,-1
5895,280,-1,-1,-1,-1,-1,-1,-1
5896,296,281,-1,-1,-1,-1,-1,-1
5897,312,297,282,-1,-1,-1,-1,-1
5898,328,313,298,283,-1,-1,-1,-1
5899,344,329,314,299,284,-1,-1,-1
5900,360,345,330,315,300,285,-1,-1
5901,376,361,346,331,316,301,286,-1
5902,392,377,362,347,332,317,302,287
5903,408,393,378,363,348,333,318,303
5904,424,409,394,379,364,349,334,319
5905,440,425,410,395,380,365,350,335
5906,456,441,426,411,396,381,366,351
5907,472,457,442,427,412,397,382,367
5908,488,473,458,443,428,413,398,383
5909,536,489,474,459,444,429,414,399
5910,552,537,490,475,460,445,430,415
5911,568,553,538,491,476,461,446,431
5912,584,569,554,539,492,477,462,447
5913,600,585,570,555,540,493,478,463
5914,616,601,586,571,556,541,494,479
5915,632,617,602,587,572,557,542,495
5916,648,633,618,603,588,573,558,543
5917,664,649,634,619,604,589,574,559
5918,680,665,650,635,620,605,590,575
5919,696,681,666,651,636,621,606,591
5920,712,697,682,667,652,637,622,607
5921,728,713,698,683,668,653,638,623
5922,744,729,714,699,684,669,654,639
5923,792,745,730,715,700,685,670,655
5924,808,793,746,731,716,701,686,671
5925,824,809,794,747,732,717,702,687
5926,840,825,810,795,748,733,718,703
5927,856,841,826,811,796,749,734,719
5928,872,857,842,827,812,797,750,735
5929,888,873,858,843,828,813,798,751
5930,904,889,874,859,844,829,814,799
5931,920,905,890,875,860,845,830,815
5932,936,921,906,891,876,861,846,831
5933,952,937,922,907,892,877,862,847
5934,968,953,938,923,908,893,878,863
5935,984,969,954,939,924,909,894,879
5936,1000,985,970,955,940,925,910,895
5937,1048,1001,986,971,956,941,926,911
5938,1064,1049,1002,987,972,957,942,927
5939,1080,1065,1050,1003,988,973,958,943
5940,1096,1081,1066,1051,1004,989,974,959
5941,1112,1097,1082,1067,1052,1005,990,975
5942,1128,1113,1098,1083,1068,1053,1006,991
5943,1144,1129,1114,1099,1084,1069,1054,1007
5944,1160,1145,1130,1115,1100,1085,1070,1055
5945,1176,1161,1146,1131,1116,1101,1086,1071
5946,1192,1177,1162,1147,1132,1117,1102,1087
5947,1208,1193,1178,1163,1148,1133,1118,1103
5948,1224,1209,1194,1179,1164,1149,1134,1119
5949,1240,1225,1210,1195,1180,1165,1150,1135
5950,1256,1241,1226,1211,1196,1181,1166,1151
5951,1304,1257,1242,1227,1212,1197,1182,1167
5952,1320,1305,1258,1243,1228,1213,1198,1183
5953,1336,1321,1306,1259,1244,1229,1214,1199
5954,1352,1337,1322,1307,1260,1245,1230,1215
5955,1368,1353,1338,1323,1308,1261,1246,1231
5956,1384,1369,1354,1339,1324,1309,1262,1247
5957,1400,1385,1370,1355,1340,1325,1310,1263
5958,1416,1401,1386,1371,1356,1341,1326,1311
5959,1432,1417,1402,1387,1372,1357,1342,1327
5960,1448,1433,1418,1403,1388,1373,1358,1343
5961,1464,1449,1434,1419,1404,1389,1374,1359
5962,1480,1465,1450,1435,1420,1405,1390,1375
5963,1496,1481,1466,1451,1436,1421,1406,1391
5964,1512,1497,1482,1467,1452,1437,1422,1407
5965,1560,1513,1498,1483,1468,1453,1438,1423
5966,1576,1561,1514,1499,1484,1469,1454,1439
5967,1592,1577,1562,1515,1500,1485,1470,1455
5968,1608,1593,1578,1563,1516,1501,1486,1471
5969,1624,1609,1594,1579,1564,1517,1502,1487
5970,1640,1625,1610,1595,1580,1565,1518,1503
5971,1656,1641,1626,1611,1596,1581,1566,1519
5972,1672,1657,1642,1627,1612,1597,1582,1567
5973,1688,1673,1658,1643,1628,1613,1598,1583
5974,1704,1689,1674,1659,1644,1629,1614,1599
5975,1720,1705,1690,1675,1660,1645,1630,1615
5976,1736,1721,1706,1691,1676,1661,1646,1631
5977,1752,1737,1722,1707,1692,1677,1662,1647
5978,1768,1753,1738,1723,1708,1693,1678,1663
5979,1816,1769,1754,1739,1724,1709,1694,1679
5980,1832,1817,1770,1755,1740,1725,1710,1695
5981,1848,1833,1818,1771,1756,1741,1726,1711
5982,1864,1849,1834,1819,1772,1757,1742,1727
5983,1880,1865,1850,1835,1820,1773,1758,1743
5984,1896,1881,1866,1851,1836,1821,1774,1759
5985,1912,1897,1882,1867,1852,1837,1822,1775
5986,1928,1913,1898,1883,1868,1853,1838,1823
5987,1944,1929,1914,1899,1884,1869,1854,1839
5988,1960,1945,1930,1915,1900,1885,1870,1855
5989,1976,1961,1946,1931,1916,1901,1886,1871
5990,1992,1977,1962,1947,1932,1917,1902,1887
5991,2008,1993,1978,1963,1948,1933,1918,1903
5992,2024,2009,1994,1979,1964,1949,1934,1919
5993,2072,2025,2010,1995,1980,1965,1950,1935
5994,2088,2073,2026,2011,1996,1981,1966,1951
5995,2104,2089,2074,2027,2012,1997,1982,1967
5996,2120,2105,2090,2075,2028,2013,1998,1983
5997,2136,2121,2106,2091,2076,2029,2014,1999
5998,2152,2137,2122,2107,2092,2077,2030,2015
5999,2168,2153,2138,2123,2108,2093,2078,2031
6000,2184,2169,2154,2139,2124,2109,2094,2079
6001,2200,2185,2170,2155,2140,2125,2110,2095
6002,2216,2201,2186,2171,2156,2141,2126,2111
6003,2232,2217,2202,2187,2172,2157,2142,2127
6004,2248,2233,2218,2203,2188,2173,2158,2143
6005,2264,2249,2234,2219,2204,2189,2174,2159
6006,2280,2265,2250,2235,2220,2205,2190,2175
6007,2328,2281,2266,2251,2236,2221,2206,2191
6008,2344,2329,2282,2267,2252,2237,2222,2207
6009,2360,2345,2330,2283,2268,2253,2238,2223
6010,2376,2361,2346,2331,2284,2269,2254,2239
6011,2392,2377,2362,2347,2332,2285,2270,2255
6012,2408,2393,2378,2363,2348,2333,2286,2271
6013,2424,2409,2394,2379,2364,2349,2334,2287
6014,2440,2425,2410,2395,2380,2365,2350,2335
6015,2456,2441,2426,2411,2396,2381,2366,2351
6016,2472,2457,2442,2427,2412,2397,2382,2367
6017,2488,2473,2458,2443,2428,2413,2398,2383
6018,2504,2489,2474,2459,2444,2429,2414,2399
6019,2520,2505,2490,2475,2460,2445,2430,2415
6020,2536,2521,2506,2491,2476,2461,2446,2431
6021,2584,2537,2522,2507,2492,2477,2462,2447
6022,2600,2585,2538,2523,2508,2493,2478,2463
6023,2616,2601,2586,2539,2524,2509,2494,2479
6024,2632,2617,2602,2587,2540,2525,2510,2495
6025,2648,2633,2618,2603,2588,2541,2526,2511
6026,2664,2649,2634,2619,2604,2589,2542,2527
6027,2680,2665,2650,2635,2620,2605,2590,2543
6028,2696,2681,2666,2651,2636,2621,2606,2591
6029,2712,2697,2682,2667,2652,2637,2622,2607
6030,2728,2713,2698,2683,2668,2653,2638,2623
6031,2744,2729,2714,2699,2684,2669,2654,2639
6032,2760,2745,2730,2715,2700,2685,2670,2655
6033,2776,2761,2746,2731,2716,2701,2686,2671
6034,2792,2777,2762,2747,2732,2717,2702,2687
6035,2840,2793,2778,2763,2748,2733,2718,2703
6036,2856,2841,2794,2779,2764,2749,2734,2719
6037,2872,2857,2842,2795,2780,2765,2750,2735
6038,2888,2873,2858,2843,2796,2781,2766,2751
6039,2904,2889,2874,2859,2844,2797,2782,2767
6040,2920,2905,2890,2875,2860,2845,2798,2783
6041,2936,2921,2906,2891,2876,2861,2846,2799
6042,2952,2937,2922,2907,2892,2877,2862,2847
6043,2968,2953,2938,2923,2908,2893,2878,2863
6044,2984,2969,2954,2939,2924,2909,2894,2879
6045,3000,2985,2970,2955,2940,2925,2910,2895
6046,3016,3001,2986,2971,2956,2941,2926,2911
6047,3032,3017,3002,2987,2972,2957,2942,2927
6048,3048,3033,3018,3003,2988,2973,2958,2943
6049,3096,3049,3034,3019,3004,2989,2974,2959
6050,3112,3097,3050,3035,3020,3005,2990,2975
6051,3128,3113,3098,3051,3036,3021,3006,2991
6052,3144,3129,3114,3099,3052,3037,3022,3007
6053,3160,3145,3130,3115,3100,3053,3038,3023
6054,3176,3161,3146,3131,3116,3101,3054,3039
6055,3192,3177,3162,3147,3132,3117,3102,3055
6056,3208,3193,3178,3163,3148,3133,3118,3103
6057,3224,3209,3194,3179,3164,3149,3134,3119
6058,3240,3225,3210,3195,3180,3165,3150,3135
6059,3256,3241,3226,3211,3196,3181,3166,3151
6060,3272,3257,3242,3227,3212,3197,3182,3167
6061,3288,3273,3258,3243,3228,3213,3198,3183
6062,3304,3289,3274,3259,3244,3229,3214,3199
6063,3352,3305,3290,3275,3260,3245,3230,3215
6064,3368,3353,3306,3291,3276,3261,3246,3231
6065,3384,3369,3354,3307,3292,3277,3262,3247
6066,3400,3385,3370,3355,3308,3293,3278,3263
6067,3416,3401,3386,3371,3356,3309,3294,3279
6068,3432,3417,3402,3387,3372,3357,3310,3295
6069,3448,3433,3418,3403,3388,3373,3358,3311
6070,3464,3449,3434,3419,3404,3389,3374,3359
6071,3480,3465,3450,3435,3420,3405,3390,3375
6072,3496,3481,3466,3451,3436,3421,3406,3391
6073,3512,3497,3482,3467,3452,3437,3422,3407
6074,3528,3513,3498,3483,3468,3453,3438,3423
6075,3544,3529,3514,3499,3484,3469,3454,3439
6076,3560,3545,3530,3515,3500,3485,3470,3455
6077,3608,3561,3546,3531,3516,3501,3486,3471
6078,3624,3609,3562,3547,3532,3517,3502,3487
6079,3640,3625,3610,3563,3548,3533,3518,3503
6080,3656,3641,3626,3611,3564,3549,3534,3519
6081,3672,3657,3642,3627,3612,3565,3550,3535
6082,3688,3673,3658,3643,3628,3613,3566,3551
6083,3704,3689,3674,3659,3644,3629,3614,3567
6084,3720,3705,3690,3675,3660,3645,3630,3615
6085,3736,3721,3706,3691,3676,3661,3646,3631
6086,3752,3737,3722,3707,3692,3677,3662,3647
6087,3768,3753,3738,3723,3708,3693,3678,3663
6088,3784,3769,3754,3739,3724,3709,3694,3679
6089,3800,3785,3770,3755,3740,3725,3710,3695
6090,3816,3801,3786,3771,3756,3741,3726,3711
6091,-1,3817,3802,3787,3772,3757,3742,3727
6092,-1,-1,3818,3803,3788,3773,3758,3743
6093,-1,-1,-1,3819,3804,3789,3774,3759
6094,-1,-1,-1,-1,3820,3805,3790,3775
6095,-1,-1,-1,-1,-1,3821,3806,3791
6096,-1,-1,-1,-1,-1,-1,3822,3807
6097,-1,-1,-1,-1,-1,-1,-1,3823
6098,-1,-1,-1,-1,-1,-1,-1,-1
6099,-1,-1,-1,-1,-1,-1,-1,-1
6100,-1,-1,-1,-1,-1,-1,-1,-1
6101,-1,-1,-1,-1,-1,-1,-1,-1
6102,-1,-1,-1,-1,-1,-1,-1,-1
6103,-1,-1,-1,-1,-1,-1,-1,-1
6104,-1,-1,-1,-1,-1,-1,-1,-1
6105,-1,-1,-1,-1,-1,-1,-1,-1
6106,-1,-1,-1,-1,-1,-1,-1,-1
6107,-1,-1,-1,-1,-1,-1,-1,-1
6108,-1,-1,-1,-1,-1,-1,-1,-1
6109,-1,-1,-1,-1,-1,-1,-1,-1
6110,-1,-1,-1,-1,-1,-1,-1,-1
6111,-1,-1,-1,-1,-1,-1,-1,-1
6112,-1,-1,-1,-1,-1,-1,-1,-1
6113,288,-1,-1,-1,-1,-1,-1,-1
6114,304,289,-1,-1,-1,-1,-1,-1
6115,320,305,290,-1,-1,-1,-1,-1
6116,336,321,306,291,-1,-1,-1,-1
6117,352,337,322,307,292,-1,-1,-1
6118,368,353,338,323,308,293,-1,-1
6119,384,369,354,339,324,309,294,-1
6120,400,385,370,355,340,325,310,295
6121,416,401,386,371,356,341,326,311
6122,432,417,402,387,372,357,342,327
6123,448,433,418,403,388,373,358,343
6124,464,449,434,419,404,389,374,359
6125,480,465,450,435,420,405,390,375
6126,496,481,466,451,436,421,406,391
6127,544,497,482,467,452,437,422,407
6128,560,545,498,483,468,453,438,423
6129,576,561,546,499,484,469,454,439
6130,592,577,562,547,500,485,470,455
6131,608,593,578,563,548,501,486,471
6132,624,609,594,579,564,549,502,487
6133,640,625,610,595,580,565,550,503
6134,656,641,626,611,596,581,566,551
6135,672,657,642,627,612,597,582,567
6136,688,673,658,643,628,613,598,583
6137,704,689,674,659,644,629,614,599
6138,720,705,690,675,660,645,630,615
6139,736,721,706,691,676,661,646,631
6140,752,737,722,707,692,677,662,647
6141,800,753,738,723,708,693,678,663
6142,816,801,754,739,724,709,694,679
6143,832,817,802,755,740,725,710,695
6144,848,833,818,803,756,741,726,711
6145,864,849,834,819,804,757,742,727
6146,880,865,850,835,820,805,758,743
6147,896,881,866,851,836,821,806,759
6148,912,897,882,867,852,837,822,807
6149,928,913,898,883,868,853,838,823
6150,944,929,914,899,884,869,854,839
6151,960,945,930,915,900,885,870,855
6152,976,961,946,931,916,901,886,871
6153,992,977,962,947,932,917,902,887
6154,1008,993,978,963,948,933,918,903
6155,1056,1009,994,979,964,949,934,919
6156,1072,1057,1010,995,980,965,950,935
6157,1088,1073,1058,1011,996,981,966,951
6158,1104,1089,1074,1059,1012,997,982,967
6159,1120,1105,1090,1075,1060,1013,998,983
6160,1136,1121,1106,1091,1076,1061,1014,999
6161,1152,1137,1122,1107,1092,1077,1062,1015
6162,1168,1153,1138,1123,1108,1093,1078,1063
6163,1184,1169,1154,1139,1124,1109,1094,1079
6164,1200,1185,1170,1155,1140,1125,1110,1095
6165,1216,1201,1186,1171,1156,1141,1126,1111
6166,1232,1217,1202,1187,1172,1157,1142,1127
6167,1248,1233,1218,1203,1188,1173,1158,1143
6168,1264,1249,1234,1219,1204,1189,1174,1159
6169,1312,1265,1250,1235,1220,1205,1190,1175
6170,1328,1313,1266,1251,1236,1221,1206,1191
6171,1344,1329,1314,1267,1252,1237,1222,1207
6172,1360,1345,1330,1315,1268,1253,1238,1223
6173,1376,1361,1346,1331,1316,1269,1254,1239
6174,1392,1377,1362,1347,1332,1317,1270,1255
6175,1408,1393,1378,1363,1348,1333,1318,1271
6176,1424,1409,1394,1379,1364,1349,1334,1319
6177,1440,1425,1410,1395,1380,1365,1350,1335
6178,1456,1441,1426,1411,1396,1381,1366,1351
6179,1472,1457,1442,1427,1412,1397,1382,1367
6180,1488,1473,1458,1443,1428,1413,1398,1383
6181,1504,1489,1474,1459,1444,1429,1414,1399
6182,1520,1505,1490,1475,1460,1445,1430,1415
6183,1568,1521,1506,1491,1476,1461,1446,1431
6184,1584,1569,1522,1507,1492,1477,1462,1447
6185,1600,1585,1570,1523,1508,1493,1478,1463
6186,1616,1601,1586,1571,1524,1509,1494,1479
6187,1632,1617,1602,1587,1572,1525,1510,1495
6188,1648,1633,1618,1603,1588,1573,1526,1511
6189,1664,1649,1634,1619,1604,1589,1574,1527
6190,1680,1665,1650,1635,1620,1605,1590,1575
6191,1696,1681,1666,1651,1636,1621,1606,1591
6192,1712,1697,1682,1667,1652,1637,1622,1607
6193,1728,1713,1698,1683,1668,1653,1638,1623
6194,1744,1729,1714,1699,1684,1669,1654,1639
6195,1760,1745,1730,1715,1700,1685,1670,1655
6196,1776,1761,1746,1731,1716,1701,1686,1671
6197,1824,1777,1762,1747,1732,1717,1702,1687
6198,1840,1825,1778,1763,1748,1733,1718,1703
6199,1856,1841,1826,1779,1764,1749,1734,1719
6200,1872,1857,1842,1827,1780,1765,1750,1735
6201,1888,1873,1858,1843,1828,1781,1766,1751
6202,1904,1889,1874,1859,1844,1829,1782,1767
6203,1920,1905,1890,1875,1860,1845,1830,1783
6204,1936,1921,1906,1891,1876,1861,1846,1831
6205,1952,1937,1922,1907,1892,1877,1862,1847
6206,1968,1953,1938,1923,1908,1893,1878,1863
6207,1984,1969,1954,1939,1924,1909,1894,1879
6208,2000,1985,1970,1955,1940,1925,1910,1895
6209,2016,2001,1986,1971,1956,1941,1926,1911
6210,2032,2017,2002,1987,1972,1957,1942,1927
6211,2080,2033,2018,2003,1988,1973,1958,1943
6212,2096,2081,2034,2019,2004,1989,1974,1959
6213,2112,2097,2082,2035,2020,2005,1990,1975
6214,2128,2113,2098,2083,2036,2021,2006,1991
6215,2144,2129,2114,2099,2084,2037,2022,2007
6216,2160,2145,2130,2115,2100,2085,2038,2023
6217,2176,2161,2146,2131,2116,2101,2086,2039
6218,2192,2177,2162,2147,2132,2117,2102,2087
6219,2208,2193,2178,2163,2148,2133,2118,2103
6220,2224,2209,2194,2179,2164,2149,2134,2119
6221,2240,2225,2210,2195,2180,2165,2150,2135
6222,2256,2241,2226,2211,2196,2181,2166,2151
6223,2272,2257,2242,2227,2212,2197,2182,2167
6224,2288,2273,2258,2243,2228,2213,2198,2183
6225,2336,2289,2274,2259,2244,2229,2214,2199
6226,2352,2337,2290,2275,2260,2245,2230,2215
6227,2368,2353,2338,2291,2276,2261,2246,2231
6228,2384,2369,2354,2339,2292,2277,2262,2247
6229,2400,2385,2370,2355,2340,2293,2278,2263
6230,2416,2401,2386,2371,2356,2341,2294,2279
6231,2432,2417,2402,2387,2372,2357,2342,2295
6232,2448,2433,2418,2403,2388,2373,2358,2343
6233,2464,2449,2434,2419,2404,2389,2374,2359
6234,2480,2465,2450,2435,2420,2405,2390,2375
6235,2496,2481,2466,2451,2436,2421,2406,2391
6236,2512,2497,2482,2467,2452,2437,2422,2407
6237,2528,2513,2498,2483,2468,2453,2438,2423
6238,2544,2529,2514,2499,2484,2469,2454,2439
6239,2592,2545,2530,2515,2500,2485,2470,2455
6240,2608,2593,2546,2531,2516,2501,2486,2471
6241,2624,2609,2594,2547,2532,2517,2502,2487
6242,2640,2625,2610,2595,2548,2533,2518,2503
6243,2656,2641,2626,2611,2596,2549,2534,2519
6244,2672,2657,2642,2627,2612,2597,2550,2535
6245,2688,2673,2658,2643,2628,2613,2598,2551
6246,2704,2689,2674,2659,2644,2629,2614,2599
6247,2720,2705,2690,2675,2660,2645,2630,2615
6248,2736,2721,2706,2691,2676,2661,2646,2631
6249,2752,2737,2722,2707,2692,2677,2662,2647
6250,2768,2753,2738,2723,2708,2693,2678,2663
6251,2784,2769,2754,2739,2724,2709,2694,2679
6252,2800,2785,2770,2755,2740,2725,2710,2695
6253,2848,2801,2786,2771,2756,2741,2726,2711
6254,2864,2849,2802,2787,2772,2757,2742,2727
6255,2880,2865,2850,2803,2788,2773,2758,2743
6256,2896,2881,2866,2851,2804,2789,2774,2759
6257,2912,2897,2882,2867,2852,2805,2790,2775
6258,2928,2913,2898,2883,2868,2853,2806,2791
6259,2944,2929,2914,2899,2884,2869,2854,2807
6260,2960,2945,2930,2915,2900,2885,2870,2855
6261,2976,2961,2946,2931,2916,2901,2886,2871
6262,2992,2977,2962,2947,2932,2917,2902,2887
6263,3008,2993,2978,2963,2948,2933,2918,2903
6264,3024,3009,2994,2979,2964,2949,2934,2919
6265,3040,3025,3010,2995,2980,2965,2950,2935
6266,3056,3041,3026,3011,2996,2981,2966,2951
6267,3104,3057,3042,3027,3012,2997,2982,2967
6268,3120,3105,3058,3043,3028,3013,2998,2983
6269,3136,3121,3106,3059,3044,3029,3014,2999
6270,3152,3137,3122,3107,3060,3045,3030,3015
6271,3168,3153,3138,3123,3108,3061,3046,3031
6272,3184,3169,3154,3139,3124,3109,3062,3047
6273,3200,3185,3170,3155,3140,3125,3110,3063
6274,3216,3201,3186,3171,3156,3141,3126,3111
6275,3232,3217,3202,3187,3172,3157,3142,3127
6276,3248,3233,3218,3203,3188,3173,3158,3143
6277,3264,3249,3234,3219,3204,3189,3174,3159
6278,3280,3265,3250,3235,3220,3205,3190,3175
6279,3296,3281,3266,3251,3236,3221,3206,3191
6280,3312,3297,3282,3267,3252,3237,3222,3207
6281,3360,3313,3298,3283,3268,3253,3238,3223
6282,3376,3361,3314,3299,3284,3269,3254,3239
6283,3392,3377,3362,3315,3300,3285,3270,3255
6284,3408,3393,3378,3363,3316,3301,3286,3271
6285,3424,3409,3394,3379,3364,3317,3302,3287
6286,3440,3425,3410,3395,3380,3365,3318,3303
6287,3456,3441,3426,3411,3396,3381,3366,3319
6288,3472,3457,3442,3427,3412,3397,3382,3367
6289,3488,3473,3458,3443,3428,3413,3398,3383
6290,3504,3489,3474,3459,3444,3429,3414,3399
6291,3520,3505,3490,3475,3460,3445,3430,3415
6292,3536,3521,3506,3491,3476,3461,3446,3431
6293,3552,3537,3522,3507,3492,3477,3462,3447
6294,3568,3553,3538,3523,3508,3493,3478,3463
6295,3616,3569,3554,3539,3524,3509,3494,3479
6296,3632,3617,3570,3555,3540,3525,3510,3495
6297,3648,3633,3618,3571,3556,3541,3526,3511
6298,3664,3649,3634,3619,3572,3557,3542,3527
6299,3680,3665,3650,3635,3620,3573,3558,3543
6300,3696,3681,3666,3651,3636,3621,3574,3559
6301,3712,3697,3682,3667,3652,3637,3622,3575
6302,3728,3713,3698,3683,3668,3653,3638,3623
6303,3744,3729,3714,3699,3684,3669,3654,3639
6304,3760,3745,3730,3715,3700,3685,3670,3655
6305,3776,3761,3746,3731,3716,3701,3686,3671
6306,3792,3777,3762,3747,3732,3717,3702,3687
6307,3808,3793,3778,3763,3748,3733,3718,3703
6308,3824,3809,3794,3779,3764,3749,3734,3719
6309,-1,3825,3810,3795,3780,3765,3750,3735
6310,-1,-1,3826,3811,3796,3781,3766,3751
6311,-1,-1,-1,3827,3812,3797,3782,3767
6312,-1,-1,-1,-1,3828,3813,3798,3783
6313,-1,-1,-1,-1,-1,3829,3814,3799
6314,-1,-1,-1,-1,-1,-1,3830,3815
6315,-1,-1,-1,-1,-1,-1,-1,3831
6316,-1,-1,-1,-1,-1,-1,-1,-1
6317,-1,-1,-1,-1,-1,-1,-1,-1
6318,-1,-1,-1,-1,-1,-1,-1,-1
6319,-1,-1,-1,-1,-1,-1,-1,-1
6320,-1,-1,-1,-1,-1,-1,-1,-1
6321,-1,-1,-1,-1,-1,-1,-1,-1
6322,-1,-1,-1,-1,-1,-1,-1,-1
6323,-1,-1,-1,-1,-1,-1,-1,-1
6324,-1,-1,-1,-1,-1,-1,-1,-1
6325,-1,-1,-1,-1,-1,-1,-1,-1
6326,-1,-1,-1,-1,-1,-1,-1,-1
6327,-1,-1,-1,-1,-1,-1,-1,-1
6328,-1,-1,-1,-1,-1,-1,-1,-1
6329,-1,-1,-1,-1,-1,-1,-1,-1
6330,-1,-1,-1,-1,-1,-1,-1,-1
6331,296,-1,-1,-1,-1,-1,-1,-1
6332,312,297,-1,-1,-1,-1,-1,-1
6333,328,313,298,-1,-1,-1,-1,-1
6334,344,329,314,299,-1,-1,-1,-1
6335,360,345,330,315,300,-1,-1,-1
6336,376,361,346,331,316,301,-1,-1
6337,392,377,362,347,332,317,302,-1
6338,408,393,378,363,348,333,318,303
6339,424,409,394,379,364,349,334,319
6340,440,425,410,395,380,365,350,335
6341,456,441,426,411,396,381,366,351
6342,472,457,442,427,412,397,382,367
6343,488,473,458,443,428,413,398,383
6344,504,489,474,459,444,429,414,399
6345,552,505,490,475,460,445,430,415
6346,568,553,506,491,476,461,446,431
6347,584,569,554,507,492,477,462,447
6348,600,585,570,555,508,493,478,463
6349,616,601,586,571,556,509,494,479
6350,632,617,602,587,572,557,510,495
6351,648,633,618,603,588,573,558,511
6352,664,649,634,619,604,589,574,559
6353,680,665,650,635,620,605,590,575
6354,696,681,666,651,636,621,606,591
6355,712,697,682,667,652,637,622,607
6356,728,713,698,683,668,653,638,623
6357,744,729,714,699,684,669,654,639
6358,760,745,730,715,700,685,670,655
6359,808,761,746,731,716,701,686,671
6360,824,809,762,747,732,717,702,687
6361,840,825,810,763,748,733,718,703
6362,856,841,826,811,764,749,734,719
6363,872,857,842,827,812,765,750,735
6364,888,873,858,843,828,813,766,751
6365,904,889,874,859,844,829,814,767
6366,920,905,890,875,860,845,830,815
6367,936,921,906,891,876,861,846,831
6368,952,937,922,907,892,877,862,847
6369,968,953,938,923,908,893,878,863
6370,984,969,954,939,924,909,894,879
6371,1000,985,970,955,940,925,910,895
6372,1016,1001,986,971,956,941,926,911
6373,1064,1017,1002,987,972,957,942,927
6374,1080,1065,1018,1003,988,973,958,943
6375,1096,1081,1066,1019,1004,989,974,959
6376,1112,1097,1082,1067,1020,1005,990,975
6377,1128,1113,1098,1083,1068,1021,1006,991
6378,1144,1129,1114,1099,1084,1069,1022,1007
6379,1160,1145,1130,1115,1100,1085,1070,1023
6380,1176,1161,1146,1131,1116,1101,1086,1071
6381,1192,1177,1162,1147,1132,1117,1102,1087
6382,1208,1193,1178,1163,1148,1133,1118,1103
6383,1224,1209,1194,1179,1164,1149,1134,1119
6384,1240,1225,1210,1195,1180,1165,1150,1135
6385,1256,1241,1226,1211,1196,1181,1166,1151
6386,1272,1257,1242,1227,1212,1197,1182,1167
6387,1320,1273,1258,1243,1228,1213,1198,1183
6388,1336,1321,1274,1259,1244,1229,1214,1199
6389,1352,1337,1322,1275,1260,1245,1230,1215
6390,1368,1353,1338,1323,1276,1261,1246,1231
6391,1384,1369,1354,1339,1324,1277,1262,1247
6392,1400,1385,1370,1355,1340,1325,1278,1263
6393,1416,1401,1386,1371,1356,1341,1326,1279
6394,1432,1417,1402,1387,1372,1357,1342,1327
6395,1448,1433,1418,1403,1388,1373,1358,1343
6396,1464,1449,1434,1419,1404,1389,1374,1359
6397,1480,1465,1450,1435,1420,1405,1390,1375
6398,1496,1481,1466,1451,1436,1421,1406,1391
6399,1512,1497,1482,1467,1452,1437,1422,1407
6400,1528,1513,1498,1483,1468,1453,1438,1423
6401,1576,1529,1514,1499,1484,1469,1454,1439
6402,1592,1577,1530,1515,1500,1485,1470,1455
6403,1608,1593,1578,1531,1516,1501,1486,1471
6404,1624,1609,1594,1579,1532,1517,1502,1487
6405,1640,1625,1610,1595,1580,1533,1518,1503
6406,1656,1641,1626,1611,1596,1581,1534,1519
6407,1672,1657,1642,1627,1612,1597,1582,1535
6408,1688,1673,1658,1643,1628,1613,1598,1583
6409,1704,1689,1674,1659,1644,1629,1614,1599
6410,1720,1705,1690,1675,1660,1645,1630,1615
6411,1736,1721,1706,1691,1676,1661,1646,1631
6412,1752,1737,1722,1707,1692,1677,1662,1647
6413,1768,1753,1738,1723,1708,1693,1678,1663
6414,1784,1769,1754,1739,1724,1709,1694,1679
6415,1832,1785,1770,1755,1740,1725,1710,1695
6416,1848,1833,1786,1771,1756,1741,1726,1711
6417,1864,1849,1834,1787,1772,1757,1742,1727
6418,1880,1865,1850,1835,1788,1773,1758,1743
6419,1896,1881,1866,1851,1836,1789,1774,1759
6420,1912,1897,1882,1867,1852,1837,1790,1775
6421,1928,1913,1898,1883,1868,1853,1838,1791
6422,1944,1929,1914,1899,1884,1869,1854,1839
6423,1960,1945,1930,1915,1900,1885,1870,1855
6424,1976,1961,1946,1931,1916,1901,1886,1871
6425,1992,1977,1962,1947,1932,1917,1902,1887
6426,2008,1993,1978,1963,1948,1933,1918,1903
6427,2024,2009,1994,1979,1964,1949,1934,1919
6428,2040,2025,2010,1995,1980,1965,1950,1935
6429,2088,2041,2026,2011,1996,1981,1966,1951
6430,2104,2089,2042,2027,2012,1997,1982,1967
6431,2120,2105,2090,2043,2028,2013,1998,1983
6432,2136,2121,2106,2091,2044,2029,2014,1999
6433,2152,2137,2122,2107,2092,2045,2030,2015
6434,2168,2153,2138,2123,2108,2093,2046,2031
6435,2184,2169,2154,2139,2124,2109,2094,2047
6436,2200,2185,2170,2155,2140,2125,2110,2095
6437,2216,2201,2186,2171,2156,2141,2126,2111
6438,2232,2217,2202,2187,2172,2157,2142,2127
6439,2248,2233,2218,2203,2188,2173,2158,2143
6440,2264,2249,2234,2219,2204,2189,2174,2159
6441,2280,2265,2250,2235,2220,2205,2190,2175
6442,2296,2281,2266,2251,2236,2221,2206,2191
6443,2344,2297,2282,2267,2252,2237,2222,2207
6444,2360,2345,2298,2283,2268,2253,2238,2223
6445,2376,2361,2346,2299,2284,2269,2254,2239
6446,2392,2377,2362,2347,2300,2285,2270,2255
6447,2408,2393,2378,2363,2348,2301,2286,2271
6448,2424,2409,2394,2379,2364,2349,2302,2287
6449,2440,2425,2410,2395,2380,2365,2350,2303
6450,2456,2441,2426,2411,2396,2381,2366,2351
6451,2472,2457,2442,2427,2412,2397,2382,2367
6452,2488,2473,2458,2443,2428,2413,2398,2383
6453,2504,2489,2474,2459,2444,2429,2414,2399
6454,2520,2505,2490,2475,2460,2445,2430,2415
6455,2536,2521,2506,2491,2476,2461,2446,2431
6456,2552,2537,2522,2507,2492,2477,2462,2447
6457,2600,2553,2538,2523,2508,2493,2478,2463
6458,2616,2601,2554,2539,2524,2509,2494,2479
6459,2632,2617,2602,2555,2540,2525,2510,2495
6460,2648,2633,2618,2603,2556,2541,2526,2511
6461,2664,2649,2634,2619,2604,2557,2542,2527
6462,2680,2665,2650,2635,2620,2605,2558,2543
6463,2696,2681,2666,2651,2636,2621,2606,2559
6464,2712,2697,2682,2667,2652,2637,2622,2607
6465,2728,2713,2698,2683,2668,2653,2638,2623
6466,2744,2729,2714,2699,2684,2669,2654,2639
6467,2760,2745,2730,2715,2700,2685,2670,2655
6468,2776,2761,2746,2731,2716,2701,2686,2671
6469,2792,2777,2762,2747,2732,2717,2702,2687
6470,2808,2793,2778,2763,2748,2733,2718,2703
6471,2856,2809,2794,2779,2764,2749,2734,2719
6472,2872,2857,2810,2795,2780,2765,2750,2735
6473,2888,2873,2858,2811,2796,2781,2766,2751
6474,2904,2889,2874,2859,2812,2797,2782,2767
6475,2920,2905,2890,2875,2860,2813,2798,2783
6476,2936,2921,2906,2891,2876,2861,2814,2799
6477,2952,2937,2922,2907,2892,2877,2862,2815
6478,2968,2953,2938,2923,2908,2893,2878,2863
6479,2984,2969,2954,2939,2924,2909,2894,2879
6480,3000,2985,2970,2955,2940,2925,2910,2895
6481,3016,3001,2986,2971,2956,2941,2926,2911
6482,3032,3017,3002,2987,2972,2957,2942,2927
6483,3048,3033,3018,3003,2988,2973,2958,2943
6484,3064,3049,3034,3019,3004,2989,2974,2959
6485,3112,3065,3050,3035,3020,3005,2990,2975
6486,3128,3113,3066,3051,3036,3021,3006,2991
6487,3144,3129,3114,3067,3052,3037,3022,3007
6488,3160,3145,3130,3115,3068,3053,3038,3023
6489,3176,3161,3146,3131,3116,3069,3054,3039
6490,3192,3177,3162,3147,3132,3117,3070,3055
6491,3208,3193,3178,3163,3148,3133,3118,3071
6492,3224,3209,3194,3179,3164,3149,3134,3119
6493,3240,3225,3210,3195,3180,3165,3150,3135
6494,3256,3241,3226,3211,3196,3181,3166,3151
6495,3272,3257,3242,3227,3212,3197,3182,3167
6496,3288,3273,3258,3243,3228,3213,3198,3183
6497,3304,3289,3274,3259,3244,3229,3214,3199
6498,3320,3305,3290,3275,3260,3245,3230,3215
6499,3368,3321,3306,3291,3276,3261,3246,3231
6500,3384,3369,3322,3307,3292,3277,3262,3247
6501,3400,3385,3370,3323,3308,3293,3278,3263
6502,3416,3401,3386,3371,3324,3309,3294,3279
6503,3432,3417,3402,3387,3372,3325,3310,3295
6504,3448,3433,3418,3403,3388,3373,3326,3311
6505,3464,3449,3434,3419,3404,3389,3374,3327
6506,3480,3465,3450,3435,3420,3405,3390,3375
6507,3496,3481,3466,3451,3436,3421,3406,3391
6508,3512,3497,3482,3467,3452,3437,3422,3407
6509,3528,3513,3498,3483,3468,3453,3438,3423
6510,3544,3529,3514,3499,3484,3469,3454,3439
6511,3560,3545,3530,3515,3500,3485,3470,3455
6512,3576,3561,3546,3531,3516,3501,3486,3471
6513,3624,3577,3562,3547,3532,3517,3502,3487
6514,3640,3625,3578,3563,3548,3533,3518,3503
6515,3656,3641,3626,3579,3564,3549,3534,3519
6516,3672,3657,3642,3627,3580,3565,3550,3535
6517,3688,3673,3658,3643,3628,3581,3566,3551
6518,3704,3689,3674,3659,3644,3629,3582,3567
6519,3720,3705,3690,3675,3660,3645,3630,3583
6520,3736,3721,3706,3691,3676,3661,3646,3631
6521,3752,3737,3722,3707,3692,3677,3662,3647
6522,3768,3753,3738,3723,3708,3693,3678,3663
6523,3784,3769,3754,3739,3724,3709,3694,3679
6524,3800,3785,3770,3755,3740,3725,3710,3695
6525,3816,3801,3786,3771,3756,3741,3726,3711
6526,3832,3817,3802,3787,3772,3757,3742,3727
6527,-1,3833,3818,3803,3788,3773,3758,3743
6528,-1,-1,3834,3819,3804,3789,3774,3759
6529,-1,-1,-1,3835,3820,3805,3790,3775
6530,-1,-1,-1,-1,3836,3821,3806,3791
6531,-1,-1,-1,-1,-1,3837,3822,3807
6532,-1,-1,-1,-1,-1,-1,3838,3823
6533,-1,-1,-1,-1,-1,-1,-1,3839
6534,-1,-1,-1,-1,-1,-1,-1,-1
6535,-1,-1,-1,-1,-1,-1,-1,-1
6536,-1,-1,-1,-1,-1,-1,-1,-1
6537,-1,-1,-1,-1,-1,-1,-1,-1
6538,-1,-1,-1,-1,-1,-1,-1,-1
6539,-1,-1,-1,-1,-1,-1,-1,-1
6540,-1,-1,-1,-1,-1,-1,-1,-1
6541,-1,-1,-1,-1,-1,-1,-1,-1
6542,-1,-1,-1,-1,-1,-1,-1,-1
6543,-1,-1,-1,-1,-1,-1,-1,-1
6544,-1,-1,-1,-1,-1,-1,-1,-1
6545,-1,-1,-1,-1,-1,-1,-1,-1
6546,-1,-1,-1,-1,-1,-1,-1,-1
6547,-1,-1,-1,-1,-1,-1,-1,-1
6548,-1,-1,-1,-1,-1,-1,-1,-1
6549,512,-1,-1,-1,-1,-1,-1,-1
6550,528,513,-1,-1,-1,-1,-1,-1
6551,544,529,514,-1,-1,-1,-1,-1
6552,560,545,530,515,-1,-1,-1,-1
6553,576,561,546,531,516,-1,-1,-1
6554,592,577,562,547,532,517,-1,-1
6555,608,593,578,563,548,533,518,-1
6556,624,609,594,579,564,549,534,519
6557,640,625,610,595,580,565,550,535
6558,656,641,626,611,596,581,566,551
6559,672,657,642,627,612,597,582,567
6560,688,673,658,643,628,613,598,583
6561,704,689,674,659,644,629,614,599
6562,720,705,690,675,660,645,630,615
6563,768,721,706,691,676,661,646,631
6564,784,769,722,707,692,677,662,647
6565,800,785,770,723,708,693,678,663
6566,816,801,786,771,724,709,694,679
6567,832,817,802,787,772,725,710,695
6568,848,833,818,803,788,773,726,711
6569,864,849,834,819,804,789,774,727
6570,880,865,850,835,820,805,790,775
6571,896,881,866,851,836,821,806,791
6572,912,897,882,867,852,837,822,807
6573,928,913,898,883,868,853,838,823
6574,944,929,914,899,884,869,854,839
6575,960,945,930,915,900,885,870,855
6576,976,961,946,931,916,901,886,871
6577,1024,977,962,947,932,917,902,887
6578,1040,1025,978,963,948,933,918,903
6579,1056,1041,1026,979,964,949,934,919
6580,1072,1057,1042,1027,980,965,950,935
6581,1088,1073,1058,1043,1028,981,966,951
6582,1104,1089,1074,1059,1044,1029,982,967
6583,1120,1105,1090,1075,1060,1045,1030,983
6584,1136,1121,1106,1091,1076,1061,1046,1031
6585,1152,1137,1122,1107,1092,1077,1062,1047
6586,1168,1153,1138,1123,1108,1093,1078,1063
6587,1184,1169,1154,1139,1124,1109,1094,1079
6588,1200,1185,1170,1155,1140,1125,1110,1095
6589,1216,1201,1186,1171,1156,1141,1126,1111
6590,1232,1217,1202,1187,1172,1157,1142,1127
6591,1280,1233,1218,1203,1188,1173,1158,1143
6592,1296,1281,1234,1219,1204,1189,1174,1159
6593,1312,1297,1282,1235,1220,1205,1190,1175
6594,1328,1313,1298,1283,1236,1221,1206,1191
6595,1344,1329,1314,1299,1284,1237,1222,1207
6596,1360,1345,1330,1315,1300,1285,1238,1223
6597,1376,1361,1346,1331,1316,1301,1286,1239
6598,1392,1377,1362,1347,1332,1317,1302,1287
6599,1408,1393,1378,1363,1348,1333,1318,1303
6600,1424,1409,1394,1379,1364,1349,1334,1319
6601,1440,1425,1410,1395,1380,1365,1350,1335
6602,1456,1441,1426,1411,1396,1381,1366,1351
6603,1472,1457,1442,1427,1412,1397,1382,1367
6604,1488,1473,1458,1443,1428,1413,1398,1383
6605,1536,1489,1474,1459,1444,1429,1414,1399
6606,1552,1537,1490,1475,1460,1445,1430,1415
6607,1568,1553,1538,1491,1476,1461,1446,1431
6608,1584,1569,1554,1539,1492,1477,1462,1447
6609,1600,1585,1570,1555,1540,1493,1478,1463
6610,1616,1601,1586,1571,1556,1541,1494,1479
6611,1632,1617,1602,1587,1572,1557,1542,1495
6612,1648,1633,1618,1603,1588,1573,1558,1543
6613,1664,1649,1634,1619,1604,1589,1574,1559
6614,1680,1665,1650,1635,1620,1605,1590,1575
6615,1696,1681,1666,1651,1636,1621,1606,1591
6616,1712,1697,1682,1667,1652,1637,1622,1607
6617,1728,1713,1698,1683,1668,1653,1638,1623
6618,1744,1729,1714,1699,1684,1669,1654,1639
6619,1792,1745,1730,1715,1700,1685,1670,1655
6620,1808,1793,1746,1731,1716,1701,1686,1671
6621,1824,1809,1794,1747,1732,1717,1702,1687
6622,1840,1825,1810,1795,1748,1733,1718,1703
6623,1856,1841,1826,1811,1796,1749,1734,1719
6624,1872,1857,1842,1827,1812,1797,1750,1735
6625,1888,1873,1858,1843,1828,1813,1798,1751
6626,1904,1889,1874,1859,1844,1829,1814,1799
6627,1920,1905,1890,1875,1860,1845,1830,1815
6628,1936,1921,1906,1891,1876,1861,1846,1831
6629,1952,1937,1922,1907,1892,1877,1862,1847
6630,1968,1953,1938,1923,1908,1893,1878,1863
6631,1984,1969,1954,1939,1924,1909,1894,1879
6632,2000,1985,1970,1955,1940,1925,1910,1895
6633,2048,2001,1986,1971,1956,1941,1926,1911
6634,2064,2049,2002,1987,1972,1957,1942,1927
6635,2080,2065,2050,2003,1988,1973,1958,1943
6636,2096,2081,2066,2051,2004,1989,1974,1959
6637,2112,2097,2082,2067,2052,2005,1990,1975
6638,2128,2113,2098,2083,2068,2053,2006,1991
6639,2144,2129,2114,2099,2084,2069,2054,2007
6640,2160,2145,2130,2115,2100,2085,2070,2055
6641,2176,2161,2146,2131,2116,2101,2086,2071
6642,2192,2177,2162,2147,2132,2117,2102,2087
6643,2208,2193,2178,2163,2148,2133,2118,2103
6644,2224,2209,2194,2179,2164,2149,2134,2119
6645,2240,2225,2210,2195,2180,2165,2150,2135
6646,2256,2241,2226,2211,2196,2181,2166,2151
6647,2304,2257,2242,2227,2212,2197,2182,2167
6648,2320,2305,2258,2243,2228,2213,2198,2183
6649,2336,2321,2306,2259,2244,2229,2214,2199
6650,2352,2337,2322,2307,2260,2245,2230,2215
6651,2368,2353,2338,2323,2308,2261,2246,2231
6652,2384,2369,2354,2339,2324,2309,2262,2247
6653,2400,2385,2370,2355,2340,2325,2310,2263
6654,2416,2401,2386,2371,2356,2341,2326,2311
6655,2432,2417,2402,2387,2372,2357,2342,2327
6656,2448,2433,2418,2403,2388,2373,2358,2343
6657,2464,2449,2434,2419,2404,2389,2374,2359
6658,2480,2465,2450,2435,2420,2405,2390,2375
6659,2496,2481,2466,2451,2436,2421,2406,2391
6660,2512,2497,2482,2467,2452,2437,2422,2407
6661,2560,2513,2498,2483,2468,2453,2438,2423
6662,2576,2561,2514,2499,2484,2469,2454,2439
6663,2592,2577,2562,2515,2500,2485,2470,2455
6664,2608,2593,2578,2563,2516,2501,2486,2471
6665,2624,2609,2594,2579,2564,2517,2502,2487
6666,2640,2625,2610,2595,2580,2565,2518,2503
6667,2656,2641,2626,2611,2596,2581,2566,2519
6668,2672,2657,2642,2627,2612,2597,2582,2567
6669,2688,2673,2658,2643,2628,2613,2598,2583
6670,2704,2689,2674,2659,2644,2629,2614,2599
6671,2720,2705,2690,2675,2660,2645,2630,2615
6672,2736,2721,2706,2691,2676,2661,2646,2631
6673,2752,2737,2722,2707,2692,2677,2662,2647
6674,2768,2753,2738,2723,2708,2693,2678,2663
6675,2816,2769,2754,2739,2724,2709,2694,2679
6676,2832,2817,2770,2755,2740,2725,2710,2695
6677,2848,2833,2818,2771,2756,2741,2726,2711
6678,2864,2849,2834,2819,2772,2757,2742,2727
6679,2880,2865,2850,2835,2820,2773,2758,2743
6680,2896,2881,2866,2851,2836,2821,2774,2759
6681,2912,2897,2882,2867,2852,2837,2822,2775
6682,2928,2913,2898,2883,2868,2853,2838,2823
6683,2944,2929,2914,2899,2884,2869,2854,2839
6684,2960,2945,2930,2915,2900,2885,2870,2855
6685,2976,2961,2946,2931,2916,2901,2886,2871
6686,2992,2977,2962,2947,2932,2917,2902,2887
6687,3008,2993,2978,2963,2948,2933,2918,2903
6688,3024,3009,2994,2979,2964,2949,2934,2919
6689,3072,3025,3010,2995,2980,2965,2950,2935
6690,3088,3073,3026,3011,2996,2981,2966,2951
6691,3104,3089,3074,3027,3012,2997,2982,2967
6692,3120,3105,3090,3075,3028,3013,2998,2983
6693,3136,3121,3106,3091,3076,3029,3014,2999
6694,3152,3137,3122,3107,3092,3077,3030,3015
6695,3168,3153,3138,3123,3108,3093,3078,3031
6696,3184,3169,3154,3139,3124,3109,3094,3079
6697,3200,3185,3170,3155,3140,3125,3110,3095
6698,3216,3201,3186,3171,3156,3141,3126,3111
6699,3232,3217,3202,3187,3172,3157,3142,3127
6700,3248,3233,3218,3203,3188,3173,3158,3143
6701,3264,3249,3234,3219,3204,3189,3174,3159
6702,3280,3265,3250,3235,3220,3205,3190,3175
6703,3328,3281,3266,3251,3236,3221,3206,3191
6704,3344,3329,3282,3267,3252,3237,3222,3207
6705,3360,3345,3330,3283,3268,3253,3238,3223
6706,3376,3361,3346,3331,3284,3269,3254,3239
6707,3392,3377,3362,3347,3332,3285,3270,3255
6708,3408,3393,3378,3363,3348,3333,3286,3271
6709,3424,3409,3394,3379,3364,3349,3334,3287
6710,3440,3425,3410,3395,3380,3365,3350,3335
6711,3456,3441,3426,3411,3396,3381,3366,3351
6712,3472,3457,3442,3427,3412,3397,3382,3367
6713,3488,3473,3458,3443,3428,3413,3398,3383
6714,3504,3489,3474,3459,3444,3429,3414,3399
6715,3520,3505,3490,3475,3460,3445,3430,3415
6716,3536,3521,3506,3491,3476,3461,3446,3431
6717,3584,3537,3522,3507,3492,3477,3462,3447
6718,3600,3585,3538,3523,3508,3493,3478,3463
6719,3616,3601,3586,3539,3524,3509,3494,3479
6720,3632,3617,3602,3587,3540,3525,3510,3495
6721,3648,3633,3618,3603,3588,3541,3526,3511
6722,3664,3649,3634,3619,3604,3589,3542,3527
6723,3680,3665,3650,3635,3620,3605,3590,3543
6724,3696,3681,3666,3651,3636,3621,3606,3591
6725,3712,3697,3682,3667,3652,3637,3622,3607
6726,3728,3713,3698,3683,3668,3653,3638,3623
6727,3744,3729,3714,3699,3684,3669,3654,3639
6728,3760,3745,3730,3715,3700,3685,3670,3655
6729,3776,3761,3746,3731,3716,3701,3686,3671
6730,3792,3777,3762,3747,3732,3717,3702,3687
6731,3840,3793,3778,3763,3748,3733,3718,3703
6732,3856,3841,3794,3779,3764,3749,3734,3719
6733,3872,3857,3842,3795,3780,3765,3750,3735
6734,3888,3873,3858,3843,3796,3781,3766,3751
6735,3904,3889,3874,3859,3844,3797,3782,3767
6736,3920,3905,3890,3875,3860,3845,3798,3783
6737,3936,3921,3906,3891,3876,3861,3846,3799
6738,3952,3937,3922,3907,3892,3877,3862,3847
6739,3968,3953,3938,3923,3908,3893,3878,3863
6740,3984,3969,3954,3939,3924,3909,3894,3879
6741,4000,3985,3970,3955,3940,3925,3910,3895
6742,4016,4001,3986,3971,3956,3941,3926,3911
6743,4032,4017,4002,3987,3972,3957,3942,3927
6744,4048,4033,4018,4003,3988,3973,3958,3943
6745,-1,4049,4034,4019,4004,3989,3974,3959
6746,-1,-1,4050,4035,4020,4005,3990,3975
6747,-1,-1,-1,4051,4036,4021,4006,3991
6748,-1,-1,-1,-1,4052,4037,4022,4007
6749,-1,-1,-1,-1,-1,4053,4038,4023
6750,-1,-1,-1,-1,-1,-1,4054,4039
6751,-1,-1,-1,-1,-1,-1,-1,4055
6752,-1,-1,-1,-1,-1,-1,-1,-1
6753,-1,-1,-1,-1,-1,-1,-1,-1
6754,-1,-1,-1,-1,-1,-1,-1,-1
6755,-1,-1,-1,-1,-1,-1,-1,-1
6756,-1,-1,-1,-1,-1,-1,-1,-1
6757,-1,-1,-1,-1,-1,-1,-1,-1
6758,-1,-1,-1,-1,-1,-1,-1,-1
6759,-1,-1,-1,-1,-1,-1,-1,-1
6760,-1,-1,-1,-1,-1,-1,-1,-1
6761,-1,-1,-1,-1,-1,-1,-1,-1
6762,-1,-1,-1,-1,-1,-1,-1,-1
6763,-1,-1,-1,-1,-1,-1,-1,-1
6764,-1,-1,-1,-1,-1,-1,-1,-1
6765,-1,-1,-1,-1,-1,-1,-1,-1
6766,-1,-1,-1,-1,-1,-1,-1,-1
6767,520,-1,-1,-1,-1,-1,-1,-1
6768,536,521,-1,-1,-1,-1,-1,-1
6769,552,537,522,-1,-1,-1,-1,-1
6770,568,553,538,523,-1,-1,-1,-1
6771,584,569,554,539,524,-1,-1,-1
6772,600,585,570,555,540,525,-1,-1
6773,616,601,586,571,556,541,526,-1
6774,632,617,602,587,572,557,542,527
6775,648,633,618,603,588,573,558,543
6776,664,649,634,619,604,589,574,559
6777,680,665,650,635,620,605,590,575
6778,696,681,666,651,636,621,606,591
6779,712,697,682,667,652,637,622,607
6780,728,713,698,683,668,653,638,623
6781,776,729,714,699,684,669,654,639
6782,792,777,730,715,700,685,670,655
6783,808,793,778,731,716,701,686,671
6784,824,809,794,779,732,717,702,687
6785,840,825,810,795,780,733,718,703
6786,856,841,826,811,796,781,734,719
6787,872,857,842,827,812,797,782,735
6788,888,873,858,843,828,813,798,783
6789,904,889,874,859,844,829,814,799
6790,920,905,890,875,860,845,830,815
6791,936,921,906,891,876,861,846,831
6792,952,937,922,907,892,877,862,847
6793,968,953,938,923,908,893,878,863
6794,984,969,954,939,924,909,894,879
6795,1032,985,970,955,940,925,910,895
6796,1048,1033,986,971,956,941,926,911
6797,1064,1049,1034,987,972,957,942,927
6798,1080,1065,1050,1035,988,973,958,943
6799,1096,1081,1066,1051,1036,989,974,959
6800,1112,1097,1082,1067,1052,1037,990,975
6801,1128,1113,1098,1083,1068,1053,1038,991
6802,1144,1129,1114,1099,1084,1069,1054,1039
6803,1160,1145,1130,1115,1100,1085,1070,1055
6804,1176,1161,1146,1131,1116,1101,1086,1071
6805,1192,1177,1162,1147,1132,1117,1102,1087
6806,1208,1193,1178,1163,1148,1133,1118,1103
6807,1224,1209,1194,1179,1164,1149,1134,1119
6808,1240,1225,1210,1195,1180,1165,1150,1135
6809,1288,1241,1226,1211,1196,1181,1166,1151
6810,1304,1289,1242,1227,1212,1197,1182,1167
6811,1320,1305,1290,1243,1228,1213,1198,1183
6812,1336,1321,1306,1291,1244,1229,1214,1199
6813,1352,1337,1322,1307,1292,1245,1230,1215
6814,1368,1353,1338,1323,1308,1293,1246,1231
6815,1384,1369,1354,1339,1324,1309,1294,1247
6816,1400,1385,1370,1355,1340,1325,1310,1295
6817,1416,1401,1386,1371,1356,1341,1326,1311
6818,1432,1417,1402,1387,1372,1357,1342,1327
6819,1448,1433,1418,1403,1388,1373,1358,1343
6820,1464,1449,1434,1419,1404,1389,1374,1359
6821,1480,1465,1450,1435,1420,1405,1390,1375
6822,1496,1481,1466,1451,1436,1421,1406,1391
6823,1544,1497,1482,1467,1452,1437,1422,1407
6824,1560,1545,1498,1483,1468,1453,1438,1423
6825,1576,1561,1546,1499,1484,1469,1454,1439
6826,1592,1577,1562,1547,1500,1485,1470,1455
6827,1608,1593,1578,1563,1548,1501,1486,1471
6828,1624,1609,1594,1579,1564,1549,1502,1487
6829,1640,1625,1610,1595,1580,1565,1550,1503
6830,1656,1641,1626,1611,1596,1581,1566,1551
6831,1672,1657,1642,1627,1612,1597,1582,1567
6832,1688,1673,1658,1643,1628,1613,1598,1583
6833,1704,1689,1674,1659,1644,1629,1614,1599
6834,1720,1705,1690,1675,1660,1645,1630,1615
6835,1736,1721,1706,1691,1676,1661,1646,1631
6836,1752,1737,1722,1707,1692,1677,1662,1647
6837,1800,1753,1738,1723,1708,1693,1678,1663
6838,1816,1801,1754,1739,1724,1709,1694,1679
6839,1832,1817,1802,1755,1740,1725,1710,1695
6840,1848,1833,1818,1803,1756,1741,1726,1711
6841,1864,1849,1834,1819,1804,1757,1742,1727
6842,1880,1865,1850,1835,1820,1805,1758,1743
6843,1896,1881,1866,1851,1836,1821,1806,1759
6844,1912,1897,1882,1867,1852,1837,1822,1807
6845,1928,1913,1898,1883,1868,1853,1838,1823
6846,1944,1929,1914,1899,1884,1869,1854,1839
6847,1960,1945,1930,1915,1900,1885,1870,1855
6848,1976,1961,1946,1931,1916,1901,1886,1871
6849,1992,1977,1962,1947,1932,1917,1902,1887
6850,2008,1993,1978,1963,1948,1933,1918,1903
6851,2056,2009,1994,1979,1964,1949,1934,1919
6852,2072,2057,2010,1995,1980,1965,1950,1935
6853,2088,2073,2058,2011,1996,1981,1966,1951
6854,2104,2089,2074,2059,2012,1997,1982,1967
6855,2120,2105,2090,2075,2060,2013,1998,1983
6856,2136,2121,2106,2091,2076,2061,2014,1999
6857,2152,2137,2122,2107,2092,2077,2062,2015
6858,2168,2153,2138,2123,2108,2093,2078,2063
6859,2184,2169,2154,2139,2124,2109,2094,2079
6860,2200,2185,2170,2155,2140,2125,2110,2095
6861,2216,2201,2186,2171,2156,2141,2126,2111
6862,2232,2217,2202,2187,2172,2157,2142,2127
6863,2248,2233,2218,2203,2188,2173,2158,2143
6864,2264,2249,2234,2219,2204,2189,2174,2159
6865,2312,2265,2250,2235,2220,2205,2190,2175
6866,2328,2313,2266,2251,2236,2221,2206,2191
6867,2344,2329,2314,2267,2252,2237,2222,2207
6868,2360,2345,2330,2315,2268,2253,2238,2223
6869,2376,2361,2346,2331,2316,2269,2254,2239
6870,2392,2377,2362,2347,2332,2317,2270,2255
6871,2408,2393,2378,2363,2348,2333,2318,2271
6872,2424,2409,2394,2379,2364,2349,2334,2319
6873,2440,2425,2410,2395,2380,2365,2350,2335
6874,2456,2441,2426,2411,2396,2381,2366,2351
6875,2472,2457,2442,2427,2412,2397,2382,2367
6876,2488,2473,2458,2443,2428,2413,2398,2383
6877,2504,2489,2474,2459,2444,2429,2414,2399
6878,2520,2505,2490,2475,2460,2445,2430,2415
6879,2568,2521,2506,2491,2476,2461,2446,2431
6880,2584,2569,2522,2507,2492,2477,2462,2447
6881,2600,2585,2570,2523,2508,2493,2478,2463
6882,2616,2601,2586,2571,2524,2509,2494,2479
6883,2632,2617,2602,2587,2572,2525,2510,2495
6884,2648,2633,2618,2603,2588,2573,2526,2511
6885,2664,2649,2634,2619,2604,2589,2574,2527
6886,2680,2665,2650,2635,2620,2605,2590,2575
6887,2696,2681,2666,2651,2636,2621,2606,2591
6888,2712,2697,2682,2667,2652,2637,2622,2607
6889,2728,2713,2698,2683,2668,2653,2638,2623
6890,2744,2729,2714,2699,2684,2669,2654,2639
6891,2760,2745,2730,2715,2700,2685,2670,2655
6892,2776,2761,2746,2731,2716,2701,2686,2671
6893,2824,2777,2762,2747,2732,2717,2702,2687
6894,2840,2825,2778,2763,2748,2733,2718,2703
6895,2856,2841,2826,2779,2764,2749,2734,2719
6896,2872,2857,2842,2827,2780,2765,2750,2735
6897,2888,2873,2858,2843,2828,2781,2766,2751
6898,2904,2889,2874,2859,2844,2829,2782,2767
6899,2920,2905,2890,2875,2860,2845,2830,2783
6900,2936,2921,2906,2891,2876,2861,2846,2831
6901,2952,2937,2922,2907,2892,2877,2862,2847
6902,2968,2953,2938,2923,2908,2893,2878,2863
6903,2984,2969,2954,2939,2924,2909,2894,2879
6904,3000,2985,2970,2955,2940,2925,2910,2895
6905,3016,3001,2986,2971,2956,2941,2926,2911
6906,3032,3017,3002,2987,2972,2957,2942,2927
6907,3080,3033,3018,3003,2988,2973,2958,2943
6908,3096,3081,3034,3019,3004,2989,2974,2959
6909,3112,3097,3082,3035,3020,3005,2990,2975
6910,3128,3113,3098,3083,3036,3021,3006,2991
6911,3144,3129,3114,3099,3084,3037,3022,3007
6912,3160,3145,3130,3115,3100,3085,3038,3023
6913,3176,3161,3146,3131,3116,3101,3086,3039
6914,3192,3177,3162,3147,3132,3117,3102,3087
6915,3208,3193,3178,3163,3148,3133,3118,3103
6916,3224,3209,3194,3179,3164,3149,3134,3119
6917,3240,3225,3210,3195,3180,3165,3150,3135
6918,3256,3241,3226,3211,3196,3181,3166,3151
6919,3272,3257,3242,3227,3212,3197,3182,3167
6920,3288,3273,3258,3243,3228,3213,3198,3183
6921,3336,3289,3274,3259,3244,3229,3214,3199
6922,3352,3337,3290,3275,3260,3245,3230,3215
6923,3368,3353,3338,3291,3276,3261,3246,3231
6924,3384,3369,3354,3339,3292,3277,3262,3247
6925,3400,3385,3370,3355,3340,3293,3278,3263
6926,3416,3401,3386,3371,3356,3341,3294,3279
6927,3432,3417,3402,3387,3372,3357,3342,3295
6928,3448,3433,3418,3403,3388,3373,3358,3343
6929,3464,3449,3434,3419,3404,3389,3374,3359
6930,3480,3465,3450,3435,3420,3405,3390,3375
6931,3496,3481,3466,3451,3436,3421,3406,3391
6932,3512,3497,3482,3467,3452,3437,3422,3407
6933,3528,3513,3498,3483,3468,3453,3438,3423
6934,3544,3529,3514,3499,3484,3469,3454,3439
6935,3592,3545,3530,3515,3500,3485,3470,3455
6936,3608,3593,3546,3531,3516,3501,3486,3471
6937,3624,3609,3594,3547,3532,3517,3502,3487
6938,3640,3625,3610,3595,3548,3533,3518,3503
6939,3656,3641,3626,3611,3596,3549,3534,3519
6940,3672,3657,3642,3627,3612,3597,3550,3535
6941,3688,3673,3658,3643,3628,3613,3598,3551
6942,3704,3689,3674,3659,3644,3629,3614,3599
6943,3720,3705,3690,3675,3660,3645,3630,3615
6944,3736,3721,3706,3691,3676,3661,3646,3631
6945,3752,3737,3722,3707,3692,3677,3662,3647
6946,3768,3753,3738,3723,3708,3693,3678,3663
6947,3784,3769,3754,3739,3724,3709,3694,3679
6948,3800,3785,3770,3755,3740,3725,3710,3695
6949,3848,3801,3786,3771,3756,3741,3726,3711
6950,3864,3849,3802,3787,3772,3757,3742,3727
6951,3880,3865,3850,3803,3788,3773,3758,3743
6952,3896,3881,3866,3851,3804,3789,3774,3759
6953,3912,3897,3882,3867,3852,3805,3790,3775
6954,3928,3913,3898,3883,3868,3853,3806,3791
6955,3944,3929,3914,3899,3884,3869,3854,3807
6956,3960,3945,3930,3915,3900,3885,3870,3855
6957,3976,3961,3946,3931,3916,3901,3886,3871
6958,3992,3977,3962,3947,3932,3917,3902,3887
6959,4008,3993,3978,3963,3948,3933,3918,3903
6960,4024,4009,3994,3979,3964,3949,3934,3919
6961,4040,4025,4010,3995,3980,3965,3950,3935
6962,4056,4041,4026,4011,3996,3981,3966,3951
6963,-1,4057,4042,4027,4012,3997,3982,3967
6964,-1,-1,4058,4043,4028,4013,3998,3983
6965,-1,-1,-1,4059,4044,4029,4014,3999
6966,-1,-1,-1,-1,4060,4045,4030,4015
6967,-1,-1,-1,-1,-1,4061,4046,4031
6968,-1,-1,-1,-1,-1,-1,4062,4047
6969,-1,-1,-1,-1,-1,-1,-1,4063
6970,-1,-1,-1,-1,-1,-1,-1,-1
6971,-1,-1,-1,-1,-1,-1,-1,-1
6972,-1,-1,-1,-1,-1,-1,-1,-1
6973,-1,-1,-1,-1,-1,-1,-1,-1
6974,-1,-1,-1,-1,-1,-1,-1,-1
6975,-1,-1,-1,-1,-1,-1,-1,-1
6976,-1,-1,-1,-1,-1,-1,-1,-1
6977,-1,-1,-1,-1,-1,-1,-1,-1
6978,-1,-1,-1,-1,-1,-1,-1,-1
6979,-1,-1,-1,-1,-1,-1,-1,-1
6980,-1,-1,-1,-1,-1,-1,-1,-1
6981,-1,-1,-1,-1,-1,-1,-1,-1
6982,-1,-1,-1,-1,-1,-1,-1,-1
6983,-1,-1,-1,-1,-1,-1,-1,-1
6984,-1,-1,-1,-1,-1,-1,-1,-1
6985,528,-1,-1,-1,-1,-1,-1,-1
6986,544,529,-1,-1,-1,-1,-1,-1
6987,560,545,530,-1,-1,-1,-1,-1
6988,576,561,546,531,-1,-1,-1,-1
6989,592,577,562,547,532,-1,-1,-1
6990,608,593,578,563,548,533,-1,-1
6991,624,609,594,579,564,549,534,-1
6992,640,625,610,595,580,565,550,535
6993,656,641,626,611,596,581,566,551
6994,672,657,642,627,612,597,582,567
6995,688,673,658,643,628,613,598,583
6996,704,689,674,659,644,629,614,599
6997,720,705,690,675,660,645,630,615
6998,736,721,706,691,676,661,646,631
6999,784,737,722,707,692,677,662,647
7000,800,785,738,723,708,693,678,663
7001,816,801,786,739,724,709,694,679
7002,832,817,802,787,740,725,710,695
7003,848,833,818,803,788,741,726,711
7004,864,849,834,819,804,789,742,727
7005,880,865,850,835,820,805,790,743
7006,896,881,866,851,836,821,806,791
7007,912,897,882,867,852,837,822,807
7008,928,913,898,883,868,853,838,823
7009,944,929,914,899,884,869,854,839
7010,960,945,930,915,900,885,870,855
7011,976,961,946,931,916,901,886,871
7012,992,977,962,947,932,917,902,887
7013,1040,993,978,963,948,933,918,903
7014,1056,1041,994,979,964,949,934,919
7015,1072,1057,1042,995,980,965,950,935
7016,1088,1073,1058,1043,996,981,966,951
7017,1104,1089,1074,1059,1044,997,982,967
7018,1120,1105,1090,1075,1060,1045,998,983
7019,1136,1121,1106,1091,1076,1061,1046,999
7020,1152,1137,1122,1107,1092,1077,1062,1047
7021,1168,1153,1138,1123,1108,1093,1078,1063
7022,1184,1169,1154,1139,1124,1109,1094,1079
7023,1200,1185,1170,1155,1140,1125,1110,1095
7024,1216,1201,1186,1171,1156,1141,1126,1111
7025,1232,1217,1202,1187,1172,1157,1142,1127
7026,1248,1233,1218,1203,1188,1173,1158,1143
7027,1296,1249,1234,1219,1204,1189,1174,1159
7028,1312,1297,1250,1235,1220,1205,1190,1175
7029,1328,1313,1298,1251,1236,1221,1206,1191
7030,1344,1329,1314,1299,1252,1237,1222,1207
7031,1360,1345,1330,1315,1300,1253,1238,1223
7032,1376,1361,1346,1331,1316,1301,1254,1239
7033,1392,1377,1362,1347,1332,1317,1302,1255
7034,1408,1393,1378,1363,1348,1333,1318,1303
7035,1424,1409,1394,1379,1364,1349,1334,1319
7036,1440,1425,1410,1395,1380,1365,1350,1335
7037,1456,1441,1426,1411,1396,1381,1366,1351
7038,1472,1457,1442,1427,1412,1397,1382,1367
7039,1488,1473,1458,1443,1428,1413,1398,1383
7040,1504,1489,1474,1459,1444,1429,1414,1399
7041,1552,1505,1490,1475,1460,1445,1430,1415
7042,1568,1553,1506,1491,1476,1461,1446,1431
7043,1584,1569,1554,1507,1492,1477,1462,1447
7044,1600,1585,1570,1555,1508,1493,1478,1463
7045,1616,1601,1586,1571,1556,1509,1494,1479
7046,1632,1617,1602,1587,1572,1557,1510,1495
7047,1648,1633,1618,1603,1588,1573,1558,1511
7048,1664,1649,1634,1619,1604,1589,1574,1559
7049,1680,1665,1650,1635,1620,1605,1590,1575
7050,1696,1681,1666,1651,1636,1621,1606,1591
7051,1712,1697,1682,1667,1652,1637,1622,1607
7052,1728,1713,1698,1683,1668,1653,1638,1623
7053,1744,1729,1714,1699,1684,1669,1654,1639
7054,1760,1745,1730,1715,1700,1685,1670,1655
7055,1808,1761,1746,1731,1716,1701,1686,1671
7056,1824,1809,1762,1747,1732,1717,1702,1687
7057,1840,1825,1810,1763,1748,1733,1718,1703
7058,1856,1841,1826,1811,1764,1749,1734,1719
7059,1872,1857,1842,1827,1812,1765,1750,1735
7060,1888,1873,1858,1843,1828,1813,1766,1751
7061,1904,1889,1874,1859,1844,1829,1814,1767
7062,1920,1905,1890,1875,1860,1845,1830,1815
7063,1936,1921,1906,1891,1876,1861,1846,1831
7064,1952,1937,1922,1907,1892,1877,1862,1847
7065,1968,1953,1938,1923,1908,1893,1878,1863
7066,1984,1969,1954,1939,1924,1909,1894,1879
7067,2000,1985,1970,1955,1940,1925,1910,1895
7068,2016,2001,1986,1971,1956,1941,1926,1911
7069,2064,2017,2002,1987,1972,1957,1942,1927
7070,2080,2065,2018,2003,1988,1973,1958,1943
7071,2096,2081,2066,2019,2004,1989,1974,1959
7072,2112,2097,2082,2067,2020,2005,1990,1975
7073,2128,2113,2098,2083,2068,2021,2006,1991
7074,2144,2129,2114,2099,2084,2069,2022,2007
7075,2160,2145,2130,2115,2100,2085,2070,2023
7076,2176,2161,2146,2131,2116,2101,2086,2071
7077,2192,2177,2162,2147,2132,2117,2102,2087
7078,2208,2193,2178,2163,2148,2133,2118,2103
7079,2224,2209,2194,2179,2164,2149,2134,2119
7080,2240,2225,2210,2195,2180,2165,2150,2135
7081,2256,2241,2226,2211,2196,2181,2166,2151
7082,2272,2257,2242,2227,2212,2197,2182,2167
7083,2320,2273,2258,2243,2228,2213,2198,2183
7084,2336,2321,2274,2259,2244,2229,2214,2199
7085,2352,2337,2322,2275,2260,2245,2230,2215
7086,2368,2353,2338,2323,2276,2261,2246,2231
7087,2384,2369,2354,2339,2324,2277,2262,2247
7088,2400,2385,2370,2355,2340,2325,2278,2263
7089,2416,2401,2386,2371,2356,2341,2326,2279
7090,2432,2417,2402,2387,2372,2357,2342,2327
7091,2448,2433,2418,2403,2388,2373,2358,2343
7092,2464,2449,2434,2419,2404,2389,2374,2359
7093,2480,2465,2450,2435,2420,2405,2390,2375
7094,2496,2481,2466,2451,2436,2421,2406,2391
7095,2512,2497,2482,2467,2452,2437,2422,2407
7096,2528,2513,2498,2483,2468,2453,2438,2423
7097,2576,2529,2514,2499,2484,2469,2454,2439
7098,2592,2577,2530,2515,2500,2485,2470,2455
7099,2608,2593,2578,2531,2516,2501,2486,2471
7100,2624,2609,2594,2579,2532,2517,2502,2487
7101,2640,2625,2610,2595,2580,2533,2518,2503
7102,2656,2641,2626,2611,2596,2581,2534,2519
7103,2672,2657,2642,2627,2612,2597,2582,2535
7104,2688,2673,2658,2643,2628,2613,2598,2583
7105,2704,2689,2674,2659,2644,2629,2614,2599
7106,2720,2705,2690,2675,2660,2645,2630,2615
7107,2736,2721,2706,2691,2676,2661,2646,2631
7108,2752,2737,2722,2707,2692,2677,2662,2647
7109,2768,2753,2738,2723,2708,2693,2678,2663
7110,2784,2769,2754,2739,2724,2709,2694,2679
7111,2832,2785,2770,2755,2740,2725,2710,2695
7112,2848,2833,2786,2771,2756,2741,2726,2711
7113,2864,2849,2834,2787,2772,2757,2742,2727
7114,2880,2865,2850,2835,2788,2773,2758,2743
7115,2896,2881,2866,2851,2836,2789,2774,2759
7116,2912,2897,2882,2867,2852,2837,2790,2775
7117,2928,2913,2898,2883,2868,2853,2838,2791
7118,2944,2929,2914,2899,2884,2869,2854,2839
7119,2960,2945,2930,2915,2900,2885,2870,2855
7120,2976,2961,2946,2931,2916,2901,2886,2871
7121,2992,2977,2962,2947,2932,2917,2902,2887
7122,3008,2993,2978,2963,2948,2933,2918,2903
7123,3024,3009,2994,2979,2964,2949,2934,2919
7124,3040,3025,3010,2995,2980,2965,2950,2935
7125,3088,3041,3026,3011,2996,2981,2966,2951
7126,3104,3089,3042,3027,3012,2997,2982,2967
7127,3120,3105,3090,3043,3028,3013,2998,2983
7128,3136,3121,3106,3091,3044,3029,3014,2999
7129,3152,3137,3122,3107,3092,3045,3030,3015
7130,3168,3153,3138,3123,3108,3093,3046,3031
7131,3184,3169,3154,3139,3124,3109,3094,3047
7132,3200,3185,3170,3155,3140,3125,3110,3095
7133,3216,3201,3186,3171,3156,3141,3126,3111
7134,3232,3217,3202,3187,3172,3157,3142,3127
7135,3248,3233,3218,3203,3188,3173,3158,3143
7136,3264,3249,3234,3219,3204,3189,3174,3159
7137,3280,3265,3250,3235,3220,3205,3190,3175
7138,3296,3281,3266,3251,3236,3221,3206,3191
7139,3344,3297,3282,3267,3252,3237,3222,3207
7140,3360,3345,3298,3283,3268,3253,3238,3223
7141,3376,3361,3346,3299,3284,3269,3254,3239
7142,3392,3377,3362,3347,3300,3285,3270,3255
7143,3408,3393,3378,3363,3348,3301,3286,3271
7144,3424,3409,3394,3379,3364,3349,3302,3287
7145,3440,3425,3410,3395,3380,3365,3350,3303
7146,3456,3441,3426,3411,3396,3381,3366,3351
7147,3472,3457,3442,3427,3412,3397,3382,3367
7148,3488,3473,3458,3443,3428,3413,3398,3383
7149,3504,3489,3474,3459,3444,3429,3414,3399
7150,3520,3505,3490,3475,3460,3445,3430,3415
7151,3536,3521,3506,3491,3476,3461,3446,3431
7152,3552,3537,3522,3507,3492,3477,3462,3447
7153,3600,3553,3538,3523,3508,3493,3478,3463
7154,3616,3601,3554,3539,3524,3509,3494,3479
7155,3632,3617,3602,3555,3540,3525,3510,3495
7156,3648,3633,3618,3603,3556,3541,3526,3511
7157,3664,3649,3634,3619,3604,3557,3542,3527
7158,3680,3665,3650,3635,3620,3605,3558,3543
7159,3696,3681,3666,3651,3636,3621,3606,3559
7160,3712,3697,3682,3667,3652,3637,3622,3607
7161,3728,3713,3698,3683,3668,3653,3638,3623
7162,3744,3729,3714,3699,3684,3669,3654,3639
7163,3760,3745,3730,3715,3700,3685,3670,3655
7164,3776,3761,3746,3731,3716,3701,3686,3671
7165,3792,3777,3762,3747,3732,3717,3702,3687
7166,3808,3793,3778,3763,3748,3733,3718,3703
7167,3856,3809,3794,3779,3764,3749,3734,3719
7168,3872,3857,3810,3795,3780,3765,3750,3735
7169,3888,3873,3858,3811,3796,3781,3766,3751
7170,3904,3889,3874,3859,3812,3797,3782,3767
7171,3920,3905,3890,3875,3860,3813,3798,3783
7172,3936,3921,3906,3891,3876,3861,3814,3799
7173,3952,3937,3922,3907,3892,3877,3862,3815
7174,3968,3953,3938,3923,3908,3893,3878,3863
7175,3984,3969,3954,3939,3924,3909,3894,3879
7176,4000,3985,3970,3955,3940,3925,3910,3895
7177,4016,4001,3986,3971,3956,3941,3926,3911
7178,4032,4017,4002,3987,3972,3957,3942,3927
7179,4048,4033,4018,4003,3988,3973,3958,3943
7180,4064,4049,4034,4019,4004,3989,3974,3959
7181,-1,4065,4050,4035,4020,4005,3990,3975
7182,-1,-1,4066,4051,4036,4021,4006,3991
7183,-1,-1,-1,4067,4052,4037,4022,4007
7184,-1,-1,-1,-1,4068,4053,4038,4023
7185,-1,-1,-1,-1,-1,4069,4054,4039
7186,-1,-1,-1,-1,-1,-1,4070,4055
7187,-1,-1,-1,-1,-1,-1,-1,4071
7188,-1,-1,-1,-1,-1,-1,-1,-1
7189,-1,-1,-1,-1,-1,-1,-1,-1
7190,-1,-1,-1,-1,-1,-1,-1,-1
7191,-1,-1,-1,-1,-1,-1,-1,-1
7192,-1,-1,-1,-1,-1,-1,-1,-1
7193,-1,-1,-1,-1,-1,-1,-1,-1
7194,-1,-1,-1,-1,-1,-1,-1,-1
7195,-1,-1,-1,-1,-1,-1,-1,-1
7196,-1,-1,-1,-1,-1,-1,-1,-1
7197,-1,-1,-1,-1,-1,-1,-1,-1
7198,-1,-1,-1,-1,-1,-1,-1,-1
7199,-1,-1,-1,-1,-1,-1,-1,-1
7200,-1,-1,-1,-1,-1,-1,-1,-1
7201,-1,-1,-1,-1,-1,-1,-1,-1
7202,-1,-1,-1,-1,-1,-1,-1,-1
7203,536,-1,-1,-1,-1,-1,-1,-1
7204,552,537,-1,-1,-1,-1,-1,-1
7205,568,553,538,-1,-1,-1,-1,-1
7206,584,569,554,539,-1,-1,-1,-1
7207,600,585,570,555,540,-1,-1,-1
7208,616,601,586,571,556,541,-1,-1
7209,632,617,602,587,572,557,542,-1
7210,648,633,618,603,588,573,558,543
7211,664,649,634,619,604,589,574,559
7212,680,665,650,635,620,605,590,575
7213,696,681,666,651,636,621,606,591
7214,712,697,682,667,652,637,622,607
7215,728,713,698,683,668,653,638,623
7216,744,729,714,699,684,669,654,639
7217,792,745,730,715,700,685,670,655
7218,808,793,746,731,716,701,686,671
7219,824,809,794,747,732,717,702,687
7220,840,825,810,795,748,733,718,703
7221,856,841,826,811,796,749,734,719
7222,872,857,842,827,812,797,750,735
7223,888,873,858,843,828,813,798,751
7224,904,889,874,859,844,829,814,799
7225,920,905,890,875,860,845,830,815
7226,936,921,906,891,876,861,846,831
7227,952,937,922,907,892,877,862,847
7228,968,953,938,923,908,893,878,863
7229,984,969,954,939,924,909,894,879
7230,1000,985,970,955,940,925,910,895
7231,1048,1001,986,971,956,941,926,911
7232,1064,1049,1002,987,972,957,942,927
7233,1080,1065,1050,1003,988,973,958,943
7234,1096,1081,1066,1051,1004,989,974,959
7235,1112,1097,1082,1067,1052,1005,990,975
7236,1128,1113,1098,1083,1068,1053,1006,991
7237,1144,1129,1114,1099,1084,1069,1054,1007
7238,1160,1145,1130,1115,1100,1085,1070,1055
7239,1176,1161,1146,1131,1116,1101,1086,1071
7240,1192,1177,1162,1147,1132,1117,1102,1087
7241,1208,1193,1178,1163,1148,1133,1118,1103
7242,1224,1209,1194,1179,1164,1149,1134,1119
7243,1240,1225,1210,1195,1180,1165,1150,1135
7244,1256,1241,1226,1211,1196,1181,1166,1151
7245,1304,1257,1242,1227,1212,1197,1182,1167
7246,1320,1305,1258,1243,1228,1213,1198,1183
7247,1336,1321,1306,1259,1244,1229,1214,1199
7248,1352,1337,1322,1307,1260,1245,1230,1215
7249,1368,1353,1338,1323,1308,1261,1246,1231
7250,1384,1369,1354,1339,1324,1309,1262,1247
7251,1400,1385,1370,1355,1340,1325,1310,1263
7252,1416,1401,1386,1371,1356,1341,1326,1311
7253,1432,1417,1402,1387,1372,1357,1342,1327
7254,1448,1433,1418,1403,1388,1373,1358,1343
7255,1464,1449,1434,1419,1404,1389,1374,1359
7256,1480,1465,1450,1435,1420,1405,1390,1375
7257,1496,1481,1466,1451,1436,1421,1406,1391
7258,1512,1497,1482,1467,1452,1437,1422,1407
7259,1560,1513,1498,1483,1468,1453,1438,1423
7260,1576,1561,1514,1499,1484,1469,1454,1439
7261,1592,1577,1562,1515,1500,1485,1470,1455
7262,1608,1593,1578,1563,1516,1501,1486,1471
7263,1624,1609,1594,1579,1564,1517,1502,1487
7264,1640,1625,1610,1595,1580,1565,1518,1503
7265,1656,1641,1626,1611,1596,1581,1566,1519
7266,1672,1657,1642,1627,1612,1597,1582,1567
7267,1688,1673,1658,1643,1628,1613,1598,1583
7268,1704,1689,1674,1659,1644,1629,1614,1599
7269,1720,1705,1690,1675,1660,1645,1630,1615
7270,1736,1721,1706,1691,1676,1661,1646,1631
7271,1752,1737,1722,1707,1692,1677,1662,1647
7272,1768,1753,1738,1723,1708,1693,1678,1663
7273,1816,1769,1754,1739,1724,1709,1694,1679
7274,1832,1817,1770,1755,1740,1725,1710,1695
7275,1848,1833,1818,1771,1756,1741,1726,1711
7276,1864,1849,1834,1819,1772,1757,1742,1727
7277,1880,1865,1850,1835,1820,1773,1758,1743
7278,1896,1881,1866,1851,1836,1821,1774,1759
7279,1912,1897,1882,1867,1852,1837,1822,1775
7280,1928,1913,1898,1883,1868,1853,1838,1823
7281,1944,1929,1914,1899,1884,1869,1854,1839
7282,1960,1945,1930,1915,1900,1885,1870,1855
7283,1976,1961,1946,1931,1916,1901,1886,1871
7284,1992,1977,1962,1947,1932,1917,1902,1887
7285,2008,1993,1978,1963,1948,1933,1918,1903
7286,2024,2009,1994,1979,1964,1949,1934,1919
7287,2072,2025,2010,1995,1980,1965,1950,1935
7288,2088,2073,2026,2011,1996,1981,1966,1951
7289,2104,2089,2074,2027,2012,1997,1982,1967
7290,2120,2105,2090,2075,2028,2013,1998,1983
7291,2136,2121,2106,2091,2076,2029,2014,1999
7292,2152,2137,2122,2107,2092,2077,2030,2015
7293,2168,2153,2138,2123,2108,2093,2078,2031
7294,2184,2169,2154,2139,2124,2109,2094,2079
7295,2200,2185,2170,2155,2140,2125,2110,2095
7296,2216,2201,2186,2171,2156,2141,2126,2111
7297,2232,2217,2202,2187,2172,2157,2142,2127
7298,2248,2233,2218,2203,2188,2173,2158,2143
7299,2264,2249,2234,2219,2204,2189,2174,2159
7300,2280,2265,2250,2235,2220,2205,2190,2175
7301,2328,2281,2266,2251,2236,2221,2206,2191
7302,2344,2329,2282,2267,2252,2237,2222,2207
7303,2360,2345,2330,2283,2268,2253,2238,2223
7304,2376,2361,2346,2331,2284,2269,2254,2239
7305,2392,2377,2362,2347,2332,2285,2270,2255
7306,2408,2393,2378,2363,2348,2333,2286,2271
7307,2424,2409,2394,2379,2364,2349,2334,2287
7308,2440,2425,2410,2395,2380,2365,2350,2335
7309,2456,2441,2426,2411,2396,2381,2366,2351
7310,2472,2457,2442,2427,2412,2397,2382,2367
7311,2488,2473,2458,2443,2428,2413,2398,2383
7312,2504,2489,2474,2459,2444,2429,2414,2399
7313,2520,2505,2490,2475,2460,2445,2430,2415
7314,2536,2521,2506,2491,2476,2461,2446,2431
7315,2584,2537,2522,2507,2492,2477,2462,2447
7316,2600,2585,2538,2523,2508,2493,2478,2463
7317,2616,2601,2586,2539,2524,2509,2494,2479
7318,2632,2617,2602,2587,2540,2525,2510,2495
7319,2648,2633,2618,2603,2588,2541,2526,2511
7320,2664,2649,2634,2619,2604,2589,2542,2527
7321,2680,2665,2650,2635,2620,2605,2590,2543
7322,2696,2681,2666,2651,2636,2621,2606,2591
7323,2712,2697,2682,2667,2652,2637,2622,2607
7324,2728,2713,2698,2683,2668,2653,2638,2623
7325,2744,2729,2714,2699,2684,2669,2654,2639
7326,2760,2745,2730,2715,2700,2685,2670,2655
7327,2776,2761,2746,2731,2716,2701,2686,2671
7328,2792,2777,2762,2747,2732,2717,2702,2687
7329,2840,2793,2778,2763,2748,2733,2718,2703
7330,2856,2841,2794,2779,2764,2749,2734,2719
7331,2872,2857,2842,2795,2780,2765,2750,2735
7332,2888,2873,2858,2843,2796,2781,2766,2751
7333,2904,2889,2874,2859,2844,2797,2782,2767
7334,2920,2905,2890,2875,2860,2845,2798,2783
7335,2936,2921,2906,2891,2876,2861,2846,2799
7336,2952,2937,2922,2907,2892,2877,2862,2847
7337,2968,2953,2938,2923,2908,2893,2878,2863
7338,2984,2969,2954,2939,2924,2909,2894,2879
7339,3000,2985,2970,2955,2940,2925,2910,2895
7340,3016,3001,2986,2971,2956,2941,2926,2911
7341,3032,3017,3002,2987,2972,2957,2942,2927
7342,3048,3033,3018,3003,2988,2973,2958,2943
7343,3096,3049,3034,3019,3004,2989,2974,2959
7344,3112,3097,3050,3035,3020,3005,2990,2975
7345,3128,3113,3098,3051,3036,3021,3006,2991
7346,3144,3129,3114,3099,3052,3037,3022,3007
7347,3160,3145,3130,3115,3100,3053,3038,3023
7348,3176,3161,3146,3131,3116,3101,3054,3039
7349,3192,3177,3162,3147,3132,3117,3102,3055
7350,3208,3193,3178,3163,3148,3133,3118,3103
7351,3224,3209,3194,3179,3164,3149,3134,3119
7352,3240,3225,3210,3195,3180,3165,3150,3135
7353,3256,3241,3226,3211,3196,3181,3166,3151
7354,3272,3257,3242,3227,3212,3197,3182,3167
7355,3288,3273,3258,3243,3228,3213,3198,3183
7356,3304,3289,3274,3259,3244,3229,3214,3199
7357,3352,3305,3290,3275,3260,3245,3230,3215
7358,3368,3353,3306,3291,3276,3261,3246,3231
7359,3384,3369,3354,3307,3292,3277,3262,3247
7360,3400,3385,3370,3355,3308,3293,3278,3263
7361,3416,3401,3386,3371,3356,3309,3294,3279
7362,3432,3417,3402,3387,3372,3357,3310,3295
7363,3448,3433,3418,3403,3388,3373,3358,3311
7364,3464,3449,3434,3419,3404,3389,3374,3359
7365,3480,3465,3450,3435,3420,3405,3390,3375
7366,3496,3481,3466,3451,3436,3421,3406,3391
7367,3512,3497,3482,3467,3452,3437,3422,3407
7368,3528,3513,3498,3483,3468,3453,3438,3423
7369,3544,3529,3514,3499,3484,3469,3454,3439
7370,3560,3545,3530,3515,3500,3485,3470,3455
7371,3608,3561,3546,3531,3516,3501,3486,3471
7372,3624,3609,3562,3547,3532,3517,3502,3487
7373,3640,3625,3610,3563,3548,3533,3518,3503
7374,3656,3641,3626,3611,3564,3549,3534,3519
7375,3672,3657,3642,3627,3612,3565,3550,3535
7376,3688,3673,3658,3643,3628,3613,3566,3551
7377,3704,3689,3674,3659,3644,3629,3614,3567
7378,3720,3705,3690,3675,3660,3645,3630,3615
7379,3736,3721,3706,3691,3676,3661,3646,3631
7380,3752,3737,3722,3707,3692,3677,3662,3647
7381,3768,3753,3738,3723,3708,3693,3678,3663
7382,3784,3769,3754,3739,3724,3709,3694,3679
7383,3800,3785,3770,3755,3740,3725,3710,3695
7384,3816,3801,3786,3771,3756,3741,3726,3711
7385,3864,3817,3802,3787,3772,3757,3742,3727
7386,3880,3865,3818,3803,3788,3773,3758,3743
7387,3896,3881,3866,3819,3804,3789,3774,3759
7388,3912,3897,3882,3867,3820,3805,3790,3775
7389,3928,3913,3898,3883,3868,3821,3806,3791
7390,3944,3929,3914,3899,3884,3869,3822,3807
7391,3960,3945,3930,3915,3900,3885,3870,3823
7392,3976,3961,3946,3931,3916,3901,3886,3871
7393,3992,3977,3962,3947,3932,3917,3902,3887
7394,4008,3993,3978,3963,3948,3933,3918,3903
7395,4024,4009,3994,3979,3964,3949,3934,3919
7396,4040,4025,4010,3995,3980,3965,3950,3935
7397,4056,4041,4026,4011,3996,3981,3966,3951
7398,4072,4057,4042,4027,4012,3997,3982,3967
7399,-1,4073,4058,4043,4028,4013,3998,3983
7400,-1,-1,4074,4059,4044,4029,4014,3999
7401,-1,-1,-1,4075,4060,4045,4030,4015
7402,-1,-1,-1,-1,4076,4061,4046,4031
7403,-1,-1,-1,-1,-1,4077,4062,4047
7404,-1,-1,-1,-1,-1,-1,4078,4063
7405,-1,-1,-1,-1,-1,-1,-1,4079
7406,-1,-1,-1,-1,-1,-1,-1,-1
7407,-1,-1,-1,-1,-1,-1,-1,-1
7408,-1,-1,-1,-1,-1,-1,-1,-1
7409,-1,-1,-1,-1,-1,-1,-1,-1
7410,-1,-1,-1,-1,-1,-1,-1,-1
7411,-1,-1,-1,-1,-1,-1,-1,-1
7412,-1,-1,-1,-1,-1,-1,-1,-1
7413,-1,-1,-1,-1,-1,-1,-1,-1
7414,-1,-1,-1,-1,-1,-1,-1,-1
7415,-1,-1,-1,-1,-1,-1,-1,-1
7416,-1,-1,-1,-1,-1,-1,-1,-1
7417,-1,-1,-1,-1,-1,-1,-1,-1
7418,-1,-1,-1,-1,-1,-1,-1,-1
7419,-1,-1,-1,-1,-1,-1,-1,-1
7420,-1,-1,-1,-1,-1,-1,-1,-1
7421,544,-1,-1,-1,-1,-1,-1,-1
7422,560,545,-1,-1,-1,-1,-1,-1
7423,576,561,546,-1,-1,-1,-1,-1
7424,592,577,562,547,-1,-1,-1,-1
7425,608,593,578,563,548,-1,-1,-1
7426,624,609,594,579,564,549,-1,-1
7427,640,625,610,595,580,565,550,-1
7428,656,641,626,611,596,581,566,551
7429,672,657,642,627,612,597,582,567
7430,688,673,658,643,628,613,598,583
7431,704,689,674,659,644,629,614,599
7432,720,705,690,675,660,645,630,615
7433,736,721,706,691,676,661,646,631
7434,752,737,722,707,692,677,662,647
7435,800,753,738,723,708,693,678,663
7436,816,801,754,739,724,709,694,679
7437,832,817,802,755,740,725,710,695
7438,848,833,818,803,756,741,726,711
7439,864,849,834,819,804,757,742,727
7440,880,865,850,835,820,805,758,743
7441,896,881,866,851,836,821,806,759
7442,912,897,882,867,852,837,822,807
7443,928,913,898,883,868,853,838,823
7444,944,929,914,899,884,869,854,839
7445,960,945,930,915,900,885,870,855
7446,976,961,946,931,916,901,886,871
7447,992,977,962,947,932,917,902,887
7448,1008,993,978,963,948,933,918,903
7449,1056,1009,994,979,964,949,934,919
7450,1072,1057,1010,995,980,965,950,935
7451,1088,1073,1058,1011,996,981,966,951
7452,1104,1089,1074,1059,1012,997,982,967
7453,1120,1105,1090,1075,1060,1013,998,983
7454,1136,1121,1106,1091,1076,1061,1014,999
7455,1152,1137,1122,1107,1092,1077,1062,1015
7456,1168,1153,1138,1123,1108,1093,1078,1063
7457,1184,1169,1154,1139,1124,1109,1094,1079
7458,1200,1185,1170,1155,1140,1125,1110,1095
7459,1216,1201,1186,1171,1156,1141,1126,1111
7460,1232,1217,1202,1187,1172,1157,1142,1127
7461,1248,1233,1218,1203,1188,1173,1158,1143
7462,1264,1249,1234,1219,1204,1189,1174,1159
7463,1312,1265,1250,1235,1220,1205,1190,1175
7464,1328,1313,1266,1251,1236,1221,1206,1191
7465,1344,1329,1314,1267,1252,1237,1222,1207
7466,1360,1345,1330,1315,1268,1253,1238,1223
7467,1376,1361,1346,1331,1316,1269,1254,1239
7468,1392,1377,1362,1347,1332,1317,1270,1255
7469,1408,1393,1378,1363,1348,1333,1318,1271
7470,1424,1409,1394,1379,1364,1349,1334,1319
7471,1440,1425,1410,1395,1380,1365,1350,1335
7472,1456,1441,1426,1411,1396,1381,1366,1351
7473,1472,1457,1442,1427,1412,1397,1382,1367
7474,1488,1473,1458,1443,1428,1413,1398,1383
7475,1504,1489,1474,1459,1444,1429,1414,1399
7476,1520,1505,1490,1475,1460,1445,1430,1415
7477,1568,1521,1506,1491,1476,1461,1446,1431
7478,1584,1569,1522,1507,1492,1477,1462,1447
7479,1600,1585,1570,1523,1508,1493,1478,1463
7480,1616,1601,1586,1571,1524,1509,1494,1479
7481,1632,1617,1602,1587,1572,1525,1510,1495
7482,1648,1633,1618,1603,1588,1573,1526,1511
7483,1664,1649,1634,1619,1604,1589,1574,1527
7484,1680,1665,1650,1635,1620,1605,1590,1575
7485,1696,1681,1666,1651,1636,1621,1606,1591
7486,1712,1697,1682,1667,1652,1637,1622,1607
7487,1728,1713,1698,1683,1668,1653,1638,1623
7488,1744,1729,1714,1699,1684,1669,1654,1639
7489,1760,1745,1730,1715,1700,1685,1670,1655
7490,1776,1761,1746,1731,1716,1701,1686,1671
7491,1824,1777,1762,1747,1732,1717,1702,1687
7492,1840,1825,1778,1763,1748,1733,1718,1703
7493,1856,1841,1826,1779,1764,1749,1734,1719
7494,1872,1857,1842,1827,1780,1765,1750,1735
7495,1888,1873,1858,1843,1828,1781,1766,1751
7496,1904,1889,1874,1859,1844,1829,1782,1767
7497,1920,1905,1890,1875,1860,1845,1830,1783
7498,1936,1921,1906,1891,1876,1861,1846,1831
7499,1952,1937,1922,1907,1892,1877,1862,1847
7500,1968,1953,1938,1923,1908,1893,1878,1863
7501,1984,1969,1954,1939,1924,1909,1894,1879
7502,2000,1985,1970,1955,1940,1925,1910,1895
7503,2016,2001,1986,1971,1956,1941,1926,1911
7504,2032,2017,2002,1987,1972,1957,1942,1927
7505,2080,2033,2018,2003,1988,1973,1958,1943
7506,2096,2081,2034,2019,2004,1989,1974,1959
7507,2112,2097,2082,2035,2020,2005,1990,1975
7508,2128,2113,2098,2083,2036,2021,2006,1991
7509,2144,2129,2114,2099,2084,2037,2022,2007
7510,2160,2145,2130,2115,2100,2085,2038,2023
7511,2176,2161,2146,2131,2116,2101,2086,2039
7512,2192,2177,2162,2147,2132,2117,2102,2087
7513,2208,2193,2178,2163,2148,2133,2118,2103
7514,2224,2209,2194,2179,2164,2149,2134,2119
7515,2240,2225,2210,2195,2180,2165,2150,2135
7516,2256,2241,2226,2211,2196,2181,2166,2151
7517,2272,2257,2242,2227,2212,2197,2182,2167
7518,2288,2273,2258,2243,2228,2213,2198,2183
7519,2336,2289,2274,2259,2244,2229,2214,2199
7520,2352,2337,2290,2275,2260,2245,2230,2215
7521,2368,2353,2338,2291,2276,2261,2246,2231
7522,2384,2369,2354,2339,2292,2277,2262,2247
7523,2400,2385,2370,2355,2340,2293,2278,2263
7524,2416,2401,2386,2371,2356,2341,2294,2279
7525,2432,2417,2402,2387,2372,2357,2342,2295
7526,2448,2433,2418,2403,2388,2373,2358,2343
7527,2464,2449,2434,2419,2404,2389,2374,2359
7528,2480,2465,2450,2435,2420,2405,2390,2375
7529,2496,2481,2466,2451,2436,2421,2406,2391
7530,2512,2497,2482,2467,2452,2437,2422,2407
7531,2528,2513,2498,2483,2468,2453,2438,2423
7532,2544,2529,2514,2499,2484,2469,2454,2439
7533,2592,2545,2530,2515,2500,2485,2470,2455
7534,2608,2593,2546,2531,2516,2501,2486,2471
7535,2624,2609,2594,2547,2532,2517,2502,2487
7536,2640,2625,2610,2595,2548,2533,2518,2503
7537,2656,2641,2626,2611,2596,2549,2534,2519
7538,2672,2657,2642,2627,2612,2597,2550,2535
7539,2688,2673,2658,2643,2628,2613,2598,2551
7540,2704,2689,2674,2659,2644,2629,2614,2599
7541,2720,2705,2690,2675,2660,2645,2630,2615
7542,2736,2721,2706,2691,2676,2661,2646,2631
7543,2752,2737,2722,2707,2692,2677,2662,2647
7544,2768,2753,2738,2723,2708,2693,2678,2663
7545,2784,2769,2754,2739,2724,2709,2694,2679
7546,2800,2785,2770,2755,2740,2725,2710,2695
7547,2848,2801,2786,2771,2756,2741,2726,2711
7548,2864,2849,2802,2787,2772,2757,2742,2727
7549,2880,2865,2850,2803,2788,2773,2758,2743
7550,2896,2881,2866,2851,2804,2789,2774,2759
7551,2912,2897,2882,2867,2852,2805,2790,2775
7552,2928,2913,2898,2883,2868,2853,2806,2791
7553,2944,2929,2914,2899,2884,2869,2854,2807
7554,2960,2945,2930,2915,2900,2885,2870,2855
7555,2976,2961,2946,2931,2916,2901,2886,2871
7556,2992,2977,2962,2947,2932,2917,2902,2887
7557,3008,2993,2978,2963,2948,2933,2918,2903
7558,3024,3009,2994,2979,2964,2949,2934,2919
7559,3040,3025,3010,2995,2980,2965,2950,2935
7560,3056,3041,3026,3011,2996,2981,2966,2951
7561,3104,3057,3042,3027,3012,2997,2982,2967
7562,3120,3105,3058,3043,3028,3013,2998,2983
7563,3136,3121,3106,3059,3044,3029,3014,2999
7564,3152,3137,3122,3107,3060,3045,3030,3015
7565,3168,3153,3138,3123,3108,3061,3046,3031
7566,3184,3169,3154,3139,3124,3109,3062,3047
7567,3200,3185,3170,3155,3140,3125,3110,3063
7568,3216,3201,3186,3171,3156,3141,3126,3111
7569,3232,3217,3202,3187,3172,3157,3142,3127
7570,3248,3233,3218,3203,3188,3173,3158,3143
7571,3264,3249,3234,3219,3204,3189,3174,3159
7572,3280,3265,3250,3235,3220,3205,3190,3175
7573,3296,3281,3266,3251,3236,3221,3206,3191
7574,3312,3297,3282,3267,3252,3237,3222,3207
7575,3360,3313,3298,3283,3268,3253,3238,3223
7576,3376,3361,3314,3299,3284,3269,3254,3239
7577,3392,3377,3362,3315,3300,3285,3270,3255
7578,3408,3393,3378,3363,3316,3301,3286,3271
7579,3424,3409,3394,3379,3364,3317,3302,3287
7580,3440,3425,3410,3395,3380,3365,3318,3303
7581,3456,3441,3426,3411,3396,3381,3366,3319
7582,3472,3457,3442,3427,3412,3397,3382,3367
7583,3488,3473,3458,3443,3428,3413,3398,3383
7584,3504,3489,3474,3459,3444,3429,3414,3399
7585,3520,3505,3490,3475,3460,3445,3430,3415
7586,3536,3521,3506,3491,3476,3461,3446,3431
7587,3552,3537,3522,3507,3492,3477,3462,3447
7588,3568,3553,3538,3523,3508,3493,3478,3463
7589,3616,3569,3554,3539,3524,3509,3494,3479
7590,3632,3617,3570,3555,3540,3525,3510,3495
7591,3648,3633,3618,3571,3556,3541,3526,3511
7592,3664,3649,3634,3619,3572,3557,3542,3527
7593,3680,3665,3650,3635,3620,3573,3558,3543
7594,3696,3681,3666,3651,3636,3621,3574,3559
7595,3712,3697,3682,3667,3652,3637,3622,3575
7596,3728,3713,3698,3683,3668,3653,3638,3623
7597,3744,3729,3714,3699,3684,3669,3654,3639
7598,3760,3745,3730,3715,3700,3685,3670,3655
7599,3776,3761,3746,3731,3716,3701,3686,3671
7600,3792,3777,3762,3747,3732,3717,3702,3687
7601,3808,3793,3778,3763,3748,3733,3718,3703
7602,3824,3809,3794,3779,3764,3749,3734,3719
7603,3872,3825,3810,3795,3780,3765,3750,3735
7604,3888,3873,3826,3811,3796,3781,3766,3751
7605,3904,3889,3874,3827,3812,3797,3782,3767
7606,3920,3905,3890,3875,3828,3813,3798,3783
7607,3936,3921,3906,3891,3876,3829,3814,3799
7608,3952,3937,3922,3907,3892,3877,3830,3815
7609,3968,3953,3938,3923,3908,3893,3878,3831
7610,3984,3969,3954,3939,3924,3909,3894,3879
7611,4000,3985,3970,3955,3940,3925,3910,3895
7612,4016,4001,3986,3971,3956,3941,3926,3911
7613,4032,4017,4002,3987,3972,3957,3942,3927
7614,4048,4033,4018,4003,3988,3973,3958,3943
7615,4064,4049,4034,4019,4004,3989,3974,3959
7616,4080,4065,4050,4035,4020,4005,3990,3975
7617,-1,4081,4066,4051,4036,4021,4006,3991
7618,-1,-1,4082,4067,4052,4037,4022,4007
7619,-1,-1,-1,4083,4068,4053,4038,4023
7620,-1,-1,-1,-1,4084,4069,4054,4039
7621,-1,-1,-1,-1,-1,4085,4070,4055
7622,-1,-1,-1,-1,-1,-1,4086,4071
7623,-1,-1,-1,-1,-1,-1,-1,4087
7624,-1,-1,-1,-1,-1,-1,-1,-1
7625,-1,-1,-1,-1,-1,-1,-1,-1
7626,-1,-1,-1,-1,-1,-1,-1,-1
7627,-1,-1,-1,-1,-1,-1,-1,-1
7628,-1,-1,-1,-1,-1,-1,-1,-1
7629,-1,-1,-1,-1,-1,-1,-1,-1
7630,-1,-1,-1,-1,-1,-1,-1,-1
7631,-1,-1,-1,-1,-1,-1,-1,-1
7632,-1,-1,-1,-1,-1,-1,-1,-1
7633,-1,-1,-1,-1,-1,-1,-1,-1
7634,-1,-1,-1,-1,-1,-1,-1,-1
7635,-1,-1,-1,-1,-1,-1,-1,-1
7636,-1,-1,-1,-1,-1,-1,-1,-1
7637,-1,-1,-1,-1,-1,-1,-1,-1
7638,-1,-1,-1,-1,-1,-1,-1,-1
7639,552,-1,-1,-1,-1,-1,-1,-1
7640,568,553,-1,-1,-1,-1,-1,-1
7641,584,569,554,-1,-1,-1,-1,-1
7642,600,585,570,555,-1,-1,-1,-1
7643,616,601,586,571,556,-1,-1,-1
7644,632,617,602,587,572,557,-1,-1
7645,648,633,618,603,588,573,558,-1
7646,664,649,634,619,604,589,574,559
7647,680,665,650,635,620,605,590,575
7648,696,681,666,651,636,621,606,591
7649,712,697,682,667,652,637,622,607
7650,728,713,698,683,668,653,638,623
7651,744,729,714,699,684,669,654,639
7652,760,745,730,715,700,685,670,655
7653,808,761,746,731,716,701,686,671
7654,824,809,762,747,732,717,702,687
7655,840,825,810,763,748,733,718,703
7656,856,841,826,811,764,749,734,719
7657,872,857,842,827,812,765,750,735
7658,888,873,858,843,828,813,766,751
7659,904,889,874,859,844,829,814,767
7660,920,905,890,875,860,845,830,815
7661,936,921,906,891,876,861,846,831
7662,952,937,922,907,892,877,862,847
7663,968,953,938,923,908,893,878,863
7664,984,969,954,939,924,909,894,879
7665,1000,985,970,955,940,925,910,895
7666,1016,1001,986,971,956,941,926,911
7667,1064,1017,1002,987,972,957,942,927
7668,1080,1065,1018,1003,988,973,958,943
7669,1096,1081,1066,1019,1004,989,974,959
7670,1112,1097,1082,1067,1020,1005,990,975
7671,1128,1113,1098,1083,1068,1021,1006,991
7672,1144,1129,1114,1099,1084,1069,1022,1007
7673,1160,1145,1130,1115,1100,1085,1070,1023
7674,1176,1161,1146,1131,1116,1101,1086,1071
7675,1192,1177,1162,1147,1132,1117,1102,1087
7676,1208,1193,1178,1163,1148,1133,1118,1103
7677,1224,1209,1194,1179,1164,1149,1134,1119
7678,1240,1225,1210,1195,1180,1165,1150,1135
7679,1256,1241,1226,1211,1196,1181,1166,1151
7680,1272,1257,1242,1227,1212,1197,1182,1167
7681,1320,1273,1258,1243,1228,1213,1198,1183
7682,1336,1321,1274,1259,1244,1229,1214,1199
7683,1352,1337,1322,1275,1260,1245,1230,1215
7684,1368,1353,1338,1323,1276,1261,1246,1231
7685,1384,1369,1354,1339,1324,1277,1262,1247
7686,1400,1385,1370,1355,1340,1325,1278,1263
7687,1416,1401,1386,1371,1356,1341,1326,1279
7688,1432,1417,1402,1387,1372,1357,1342,1327
7689,1448,1433,1418,1403,1388,1373,1358,1343
7690,1464,1449,1434,1419,1404,1389,1374,1359
7691,1480,1465,1450,1435,1420,1405,1390,1375
7692,1496,1481,1466,1451,1436,1421,1406,1391
7693,1512,1497,1482,1467,1452,1437,1422,1407
7694,1528,1513,1498,1483,1468,1453,1438,1423
7695,1576,1529,1514,1499,1484,1469,1454,1439
7696,1592,1577,1530,1515,1500,1485,1470,1455
7697,1608,1593,1578,1531,1516,1501,1486,1471
7698,1624,1609,1594,1579,1532,1517,1502,1487
7699,1640,1625,1610,1595,1580,1533,1518,1503
7700,1656,1641,1626,1611,1596,1581,1534,1519
7701,1672,1657,1642,1627,1612,1597,1582,1535
7702,1688,1673,1658,1643,1628,1613,1598,1583
7703,1704,1689,1674,1659,1644,1629,1614,1599
7704,1720,1705,1690,1675,1660,1645,1630,1615
7705,1736,1721,1706,1691,1676,1661,1646,1631
7706,1752,1737,1722,1707,1692,1677,1662,1647
7707,1768,1753,1738,1723,1708,1693,1678,1663
7708,1784,1769,1754,1739,1724,1709,1694,1679
7709,1832,1785,1770,1755,1740,1725,1710,1695
7710,1848,1833,1786,1771,1756,1741,1726,1711
7711,1864,1849,1834,1787,1772,1757,1742,1727
7712,1880,1865,1850,1835,1788,1773,1758,1743
7713,1896,1881,1866,1851,1836,1789,1774,1759
7714,1912,1897,1882,1867,1852,1837,1790,1775
7715,1928,1913,1898,1883,1868,1853,1838,1791
7716,1944,1929,1914,1899,1884,1869,1854,1839
7717,1960,1945,1930,1915,1900,1885,1870,1855
7718,1976,1961,1946,1931,1916,1901,1886,1871
7719,1992,1977,1962,1947,1932,1917,1902,1887
7720,2008,1993,1978,1963,1948,1933,1918,1903
7721,2024,2009,1994,1979,1964,1949,1934,1919
7722,2040,2025,2010,1995,1980,1965,1950,1935
7723,2088,2041,2026,2011,1996,1981,1966,1951
7724,2104,2089,2042,2027,2012,1997,1982,1967
7725,2120,2105,2090,2043,2028,2013,1998,1983
7726,2136,2121,2106,2091,2044,2029,2014,1999
7727,2152,2137,2122,2107,2092,2045,2030,2015
7728,2168,2153,2138,2123,2108,2093,2046,2031
7729,2184,2169,2154,2139,2124,2109,2094,2047
7730,2200,2185,2170,2155,2140,2125,2110,2095
7731,2216,2201,2186,2171,2156,2141,2126,2111
7732,2232,2217,2202,2187,2172,2157,2142,2127
7733,2248,2233,2218,2203,2188,2173,2158,2143
7734,2264,2249,2234,2219,2204,2189,2174,2159
7735,2280,2265,2250,2235,2220,2205,2190,2175
7736,2296,2281,2266,2251,2236,2221,2206,2191
7737,2344,2297,2282,2267,2252,2237,2222,2207
7738,2360,2345,2298,2283,2268,2253,2238,2223
7739,2376,2361,2346,2299,2284,2269,2254,2239
7740,2392,2377,2362,2347,2300,2285,2270,2255
7741,2408,2393,2378,2363,2348,2301,2286,2271
7742,2424,2409,2394,2379,2364,2349,2302,2287
7743,2440,2425,2410,2395,2380,2365,2350,2303
7744,2456,2441,2426,2411,2396,2381,2366,2351
7745,2472,2457,2442,2427,2412,2397,2382,2367
7746,2488,2473,2458,2443,2428,2413,2398,2383
7747,2504,2489,2474,2459,2444,2429,2414,2399
7748,2520,2505,2490,2475,2460,2445,2430,2415
7749,2536,2521,2506,2491,2476,2461,2446,2431
7750,2552,2537,2522,2507,2492,2477,2462,2447
7751,2600,2553,2538,2523,2508,2493,2478,2463
7752,2616,2601,2554,2539,2524,2509,2494,2479
7753,2632,2617,2602,2555,2540,2525,2510,2495
7754,2648,2633,2618,2603,2556,2541,2526,2511
7755,2664,2649,2634,2619,2604,2557,2542,2527
7756,2680,2665,2650,2635,2620,2605,2558,2543
7757,2696,2681,2666,2651,2636,2621,2606,2559
7758,2712,2697,2682,2667,2652,2637,2622,2607
7759,2728,2713,2698,2683,2668,2653,2638,2623
7760,2744,2729,2714,2699,2684,2669,2654,2639
7761,2760,2745,2730,2715,2700,2685,2670,2655
7762,2776,2761,2746,2731,2716,2701,2686,2671
7763,2792,2777,2762,2747,2732,2717,2702,2687
7764,2808,2793,2778,2763,2748,2733,2718,2703
7765,2856,2809,2794,2779,2764,2749,2734,2719
7766,2872,2857,2810,2795,2780,2765,2750,2735
7767,2888,2873,2858,2811,2796,2781,2766,2751
7768,2904,2889,2874,2859,2812,2797,2782,2767
7769,2920,2905,2890,2875,2860,2813,2798,2783
7770,2936,2921,2906,2891,2876,2861,2814,2799
7771,2952,2937,2922,2907,2892,2877,2862,2815
7772,2968,2953,2938,2923,2908,2893,2878,2863
7773,2984,2969,2954,2939,2924,2909,2894,2879
7774,3000,2985,2970,2955,2940,2925,2910,2895
7775,3016,3001,2986,2971,2956,2941,2926,2911
7776,3032,3017,3002,2987,2972,2957,2942,2927
7777,3048,3033,3018,3003,2988,2973,2958,2943
7778,3064,3049,3034,3019,3004,2989,2974,2959
7779,3112,3065,3050,3035,3020,3005,2990,2975
7780,3128,3113,3066,3051,3036,3021,3006,2991
7781,3144,3129,3114,3067,3052,3037,3022,3007
7782,3160,3145,3130,3115,3068,3053,3038,3023
7783,3176,3161,3146,3131,3116,3069,3054,3039
7784,3192,3177,3162,3147,3132,3117,3070,3055
7785,3208,3193,3178,3163,3148,3133,3118,3071
7786,3224,3209,3194,3179,3164,3149,3134,3119
7787,3240,3225,3210,3195,3180,3165,3150,3135
7788,3256,3241,3226,3211,3196,3181,3166,3151
7789,3272,3257,3242,3227,3212,3197,3182,3167
7790,3288,3273,3258,3243,3228,3213,3198,3183
7791,3304,3289,3274,3259,3244,3229,3214,3199
7792,3320,3305,3290,3275,3260,3245,3230,3215
7793,3368,3321,3306,3291,3276,3261,3246,3231
7794,3384,3369,3322,3307,3292,3277,3262,3247
7795,3400,3385,3370,3323,3308,3293,3278,3263
7796,3416,3401,3386,3371,3324,3309,3294,3279
7797,3432,3417,3402,3387,3372,3325,3310,3295
7798,3448,3433,3418,3403,3388,3373,3326,3311
7799,3464,3449,3434,3419,3404,3389,3374,3327
7800,3480,3465,3450,3435,3420,3405,3390,3375
7801,3496,3481,3466,3451,3436,3421,3406,3391
7802,3512,3497,3482,3467,3452,3437,3422,3407
7803,3528,3513,3498,3483,3468,3453,3438,3423
7804,3544,3529,3514,3499,3484,3469,3454,3439
7805,3560,3545,3530,3515,3500,3485,3470,3455
7806,3576,3561,3546,3531,3516,3501,3486,3471
7807,3624,3577,3562,3547,3532,3517,3502,3487
7808,3640,3625,3578,3563,3548,3533,3518,3503
7809,3656,3641,3626,3579,3564,3549,3534,3519
7810,3672,3657,3642,3627,3580,3565,3550,3535
7811,3688,3673,3658,3643,3628,3581,3566,3551
7812,3704,3689,3674,3659,3644,3629,3582,3567
7813,3720,3705,3690,3675,3660,3645,3630,3583
7814,3736,3721,3706,3691,3676,3661,3646,3631
7815,3752,3737,3722,3707,3692,3677,3662,3647
7816,3768,3753,3738,3723,3708,3693,3678,3663
7817,3784,3769,3754,3739,3724,3709,3694,3679
7818,3800,3785,3770,3755,3740,3725,3710,3695
7819,3816,3801,3786,3771,3756,3741,3726,3711
7820,3832,3817,3802,3787,3772,3757,3742,3727
7821,3880,3833,3818,3803,3788,3773,3758,3743
7822,3896,3881,3834,3819,3804,3789,3774,3759
7823,3912,3897,3882,3835,3820,3805,3790,3775
7824,3928,3913,3898,3883,3836,3821,3806,3791
7825,3944,3929,3914,3899,3884,3837,3822,3807
7826,3960,3945,3930,3915,3900,3885,3838,3823
7827,3976,3961,3946,3931,3916,3901,3886,3839
7828,3992,3977,3962,3947,3932,3917,3902,3887
7829,4008,3993,3978,3963,3948,3933,3918,3903
7830,4024,4009,3994,3979,3964,3949,3934,3919
7831,4040,4025,4010,3995,3980,3965,3950,3935
7832,4056,4041,4026,4011,3996,3981,3966,3951
7833,4072,4057,4042,4027,4012,3997,3982,3967
7834,4088,4073,4058,4043,4028,4013,3998,3983
7835,-1,4089,4074,4059,4044,4029,4014,3999
7836,-1,-1,4090,4075,4060,4045,4030,4015
7837,-1,-1,-1,4091,4076,4061,4046,4031
7838,-1,-1,-1,-1,4092,4077,4062,4047
7839,-1,-1,-1,-1,-1,4093,4078,4063
7840,-1,-1,-1,-1,-1,-1,4094,4079
7841,-1,-1,-1,-1,-1,-1,-1,4095
7842,-1,-1,-1,-1,-1,-1,-1,-1
7843,-1,-1,-1,-1,-1,-1,-1,-1
7844,-1,-1,-1,-1,-1,-1,-1,-1
7845,-1,-1,-1,-1,-1,-1,-1,-1
7846,-1,-1,-1,-1,-1,-1,-1,-1
7847,-1,-1,-1,-1,-1,-1,-1,-1
7848,-1,-1,-1,-1,-1,-1,-1,-1
7849,-1,-1,-1,-1,-1,-1,-1,-1
7850,-1,-1,-1,-1,-1,-1,-1,-1
7851,-1,-1,-1,-1,-1,-1,-1,-1
7852,-1,-1,-1,-1,-1,-1,-1,-1
7853,-1,-1,-1,-1,-1,-1,-1,-1
7854,-1,-1,-1,-1,-1,-1,-1,-1
7855,-1,-1,-1,-1,-1,-1,-1,-1
7856,-1,-1,-1,-1,-1,-1,-1,-1
7857,0,-1,-1,-1,-1,-1,-1,-1
7858,16,1,-1,-1,-1,-1,-1,-1
7859,32,17,2,-1,-1,-1,-1,-1
7860,48,33,18,3,-1,-1,-1,-1
7861,64,49,34,19,4,-1,-1,-1
7862,80,65,50,35,20,5,-1,-1
7863,96,81,66,51,36,21,6,-1
7864,112,97,82,67,52,37,22,7
7865,128,113,98,83,68,53,38,23
7866,144,129,114,99,84,69,54,39
7867,160,145,130,115,100,85,70,55
7868,176,161,146,131,116,101,86,71
7869,192,177,162,147,132,117,102,87
7870,208,193,178,163,148,133,118,103
7871,256,209,194,179,164,149,134,119
7872,272,257,210,195,180,165,150,135
7873,288,273,258,211,196,181,166,151
7874,304,289,274,259,212,197,182,167
7875,320,305,290,275,260,213,198,183
7876,336,321,306,291,276,261,214,199
7877,352,337,322,307,292,277,262,215
7878,368,353,338,323,308,293,278,263
7879,384,369,354,339,324,309,294,279
7880,400,385,370,355,340,325,310,295
7881,416,401,386,371,356,341,326,311
7882,432,417,402,387,372,357,342,327
7883,448,433,418,403,388,373,358,343
7884,464,449,434,419,404,389,374,359
7885,512,465,450,435,420,405,390,375
7886,528,513,466,451,436,421,406,391
7887,544,529,514,467,452,437,422,407
7888,560,545,530,515,468,453,438,423
7889,576,561,546,531,516,469,454,439
7890,592,577,562,547,532,517,470,455
7891,608,593,578,563,548,533,518,471
7892,624,609,594,579,564,549,534,519
7893,640,625,610,595,580,565,550,535
7894,656,641,626,611,596,581,566,551
7895,672,657,642,627,612,597,582,567
7896,688,673,658,643,628,613,598,583
7897,704,689,674,659,644,629,614,599
7898,720,705,690,675,660,645,630,615
7899,768,721,706,691,676,661,646,631
7900,784,769,722,707,692,677,662,647
7901,800,785,770,723,708,693,678,663
7902,816,801,786,771,724,709,694,679
7903,832,817,802,787,772,725,710,695
7904,848,833,818,803,788,773,726,711
7905,864,849,834,819,804,789,774,727
7906,880,865,850,835,820,805,790,775
7907,896,881,866,851,836,821,806,791
7908,912,897,882,867,852,837,822,807
7909,928,913,898,883,868,853,838,823
7910,944,929,914,899,884,869,854,839
7911,960,945,930,915,900,885,870,855
7912,976,961,946,931,916,901,886,871
7913,1024,977,962,947,932,917,902,887
7914,1040,1025,978,963,948,933,918,903
7915,1056,1041,1026,979,964,949,934,919
7916,1072,1057,1042,1027,980,965,950,935
7917,1088,1073,1058,1043,1028,981,966,951
7918,1104,1089,1074,1059,1044,1029,982,967
7919,1120,1105,1090,1075,1060,1045,1030,983
7920,1136,1121,1106,1091,1076,1061,1046,1031
7921,1152,1137,1122,1107,1092,1077,1062,1047
7922,1168,1153,1138,1123,1108,1093,1078,1063
7923,1184,1169,1154,1139,1124,1109,1094,1079
7924,1200,1185,1170,1155,1140,1125,1110,1095
7925,1216,1201,1186,1171,1156,1141,1126,1111
7926,1232,1217,1202,1187,1172,1157,1142,1127
7927,1280,1233,1218,1203,1188,1173,1158,1143
7928,1296,1281,1234,1219,1204,1189,1174,1159
7929,1312,1297,1282,1235,1220,1205,1190,1175
7930,1328,1313,1298,1283,1236,1221,1206,1191
7931,1344,1329,1314,1299,1284,1237,1222,1207
7932,1360,1345,1330,1315,1300,1285,1238,1223
7933,1376,1361,1346,1331,1316,1301,1286,1239
7934,1392,1377,1362,1347,1332,1317,1302,1287
7935,1408,1393,1378,1363,1348,1333,1318,1303
7936,1424,1409,1394,1379,1364,1349,1334,1319
7937,1440,1425,1410,1395,1380,1365,1350,1335
7938,1456,1441,1426,1411,1396,1381,1366,1351
7939,1472,1457,1442,1427,1412,1397,1382,1367
7940,1488,1473,1458,1443,1428,1413,1398,1383
7941,1536,1489,1474,1459,1444,1429,1414,1399
7942,1552,1537,1490,1475,1460,1445,1430,1415
7943,1568,1553,1538,1491,1476,1461,1446,1431
7944,1584,1569,1554,1539,1492,1477,1462,1447
7945,1600,1585,1570,1555,1540,1493,1478,1463
7946,1616,1601,1586,1571,1556,1541,1494,1479
7947,1632,1617,1602,1587,1572,1557,1542,1495
7948,1648,1633,1618,1603,1588,1573,1558,1543
7949,1664,1649,1634,1619,1604,1589,1574,1559
7950,1680,1665,1650,1635,1620,1605,1590,1575
7951,1696,1681,1666,1651,1636,1621,1606,1591
7952,1712,1697,1682,1667,1652,1637,1622,1607
7953,1728,1713,1698,1683,1668,1653,1638,1623
7954,1744,1729,1714,1699,1684,1669,1654,1639
7955,1792,1745,1730,1715,1700,1685,1670,1655
7956,1808,1793,1746,1731,1716,1701,1686,1671
7957,1824,1809,1794,1747,1732,1717,1702,1687
7958,1840,1825,1810,1795,1748,1733,1718,1703
7959,1856,1841,1826,1811,1796,1749,1734,1719
7960,1872,1857,1842,1827,1812,1797,1750,1735
7961,1888,1873,1858,1843,1828,1813,1798,1751
7962,1904,1889,1874,1859,1844,1829,1814,1799
7963,1920,1905,1890,1875,1860,1845,1830,1815
7964,1936,1921,1906,1891,1876,1861,1846,1831
7965,1952,1937,1922,1907,1892,1877,1862,1847
7966,1968,1953,1938,1923,1908,1893,1878,1863
7967,1984,1969,1954,1939,1924,1909,1894,1879
7968,2000,1985,1970,1955,1940,1925,1910,1895
7969,2048,2001,1986,1971,1956,1941,1926,1911
7970,2064,2049,2002,1987,1972,1957,1942,1927
7971,2080,2065,2050,2003,1988,1973,1958,1943
7972,2096,2081,2066,2051,2004,1989,1974,1959
7973,2112,2097,2082,2067,2052,2005,1990,1975
7974,2128,2113,2098,2083,2068,2053,2006,1991
7975,2144,2129,2114,2099,2084,2069,2054,2007
7976,2160,2145,2130,2115,2100,2085,2070,2055
7977,2176,2161,2146,2131,2116,2101,2086,2071
7978,2192,2177,2162,2147,2132,2117,2102,2087
7979,2208,2193,2178,2163,2148,2133,2118,2103
7980,2224,2209,2194,2179,2164,2149,2134,2119
7981,2240,2225,2210,2195,2180,2165,2150,2135
7982,2256,2241,2226,2211,2196,2181,2166,2151
7983,2304,2257,2242,2227,2212,2197,2182,2167
7984,2320,2305,2258,2243,2228,2213,2198,2183
7985,2336,2321,2306,2259,2244,2229,2214,2199
7986,2352,2337,2322,2307,2260,2245,2230,2215
7987,2368,2353,2338,2323,2308,2261,2246,2231
7988,2384,2369,2354,2339,2324,2309,2262,2247
7989,2400,2385,2370,2355,2340,2325,2310,2263
7990,2416,2401,2386,2371,2356,2341,2326,2311
7991,2432,2417,2402,2387,2372,2357,2342,2327
7992,2448,2433,2418,2403,2388,2373,2358,2343
7993,2464,2449,2434,2419,2404,2389,2374,2359
7994,2480,2465,2450,2435,2420,2405,2390,2375
7995,2496,2481,2466,2451,2436,2421,2406,2391
7996,2512,2497,2482,2467,2452,2437,2422,2407
7997,2560,2513,2498,2483,2468,2453,2438,2423
7998,2576,2561,2514,2499,2484,2469,2454,2439
7999,2592,2577,2562,2515,2500,2485,2470,2455
8000,2608,2593,2578,2563,2516,2501,2486,2471
8001,2624,2609,2594,2579,2564,2517,2502,2487
8002,2640,2625,2610,2595,2580,2565,2518,2503
8003,2656,2641,2626,2611,2596,2581,2566,2519
8004,2672,2657,2642,2627,2612,2597,2582,2567
8005,2688,2673,2658,2643,2628,2613,2598,2583
8006,2704,2689,2674,2659,2644,2629,2614,2599
8007,2720,2705,2690,2675,2660,2645,2630,2615
8008,2736,2721,2706,2691,2676,2661,2646,2631
8009,2752,2737,2722,2707,2692,2677,2662,2647
8010,2768,2753,2738,2723,2708,2693,2678,2663
8011,2816,2769,2754,2739,2724,2709,2694,2679
8012,2832,2817,2770,2755,2740,2725,2710,2695
8013,2848,2833,2818,2771,2756,2741,2726,2711
8014,2864,2849,2834,2819,2772,2757,2742,2727
8015,2880,2865,2850,2835,2820,2773,2758,2743
8016,2896,2881,2866,2851,2836,2821,2774,2759
8017,2912,2897,2882,2867,2852,2837,2822,2775
8018,2928,2913,2898,2883,2868,2853,2838,2823
8019,2944,2929,2914,2899,2884,2869,2854,2839
8020,2960,2945,2930,2915,2900,2885,2870,2855
8021,2976,2961,2946,2931,2916,2901,2886,2871
8022,2992,2977,2962,2947,2932,2917,2902,2887
8023,3008,2993,2978,2963,2948,2933,2918,2903
8024,3024,3009,2994,2979,2964,2949,2934,2919
8025,3072,3025,3010,2995,2980,2965,2950,2935
8026,3088,3073,3026,3011,2996,2981,2966,2951
8027,3104,3089,3074,3027,3012,2997,2982,2967
8028,3120,3105,3090,3075,3028,3013,2998,2983
8029,3136,3121,3106,3091,3076,3029,3014,2999
8030,3152,3137,3122,3107,3092,3077,3030,3015
8031,3168,3153,3138,3123,3108,3093,3078,3031
8032,3184,3169,3154,3139,3124,3109,3094,3079
8033,3200,3185,3170,3155,3140,3125,3110,3095
8034,3216,3201,3186,3171,3156,3141,3126,3111
8035,3232,3217,3202,3187,3172,3157,3142,3127
8036,3248,3233,3218,3203,3188,3173,3158,3143
8037,3264,3249,3234,3219,3204,3189,3174,3159
8038,3280,3265,3250,3235,3220,3205,3190,3175
8039,3328,3281,3266,3251,3236,3221,3206,3191
8040,3344,3329,3282,3267,3252,3237,3222,3207
8041,3360,3345,3330,3283,3268,3253,3238,3223
8042,3376,3361,3346,3331,3284,3269,3254,3239
8043,3392,3377,3362,3347,3332,3285,3270,3255
8044,3408,3393,3378,3363,3348,3333,3286,3271
8045,3424,3409,3394,3379,3364,3349,3334,3287
8046,3440,3425,3410,3395,3380,3365,3350,3335
8047,3456,3441,3426,3411,3396,3381,3366,3351
8048,3472,3457,3442,3427,3412,3397,3382,3367
8049,3488,3473,3458,3443,3428,3413,3398,3383
8050,3504,3489,3474,3459,3444,3429,3414,3399
8051,3520,3505,3490,3475,3460,3445,3430,3415
8052,3536,3521,3506,3491,3476,3461,3446,3431
8053,-1,3537,3522,3507,3492,3477,3462,3447
8054,-1,-1,3538,3523,3508,3493,3478,3463
8055,-1,-1,-1,3539,3524,3509,3494,3479
8056,-1,-1,-1,-1,3540,3525,3510,3495
8057,-1,-1,-1,-1,-1,3541,3526,3511
8058,-1,-1,-1,-1,-1,-1,3542,3527
8059,-1,-1,-1,-1,-1,-1,-1,3543
8060,-1,-1,-1,-1,-1,-1,-1,-1
8061,-1,-1,-1,-1,-1,-1,-1,-1
8062,-1,-1,-1,-1,-1,-1,-1,-1
8063,-1,-1,-1,-1,-1,-1,-1,-1
8064,-1,-1,-1,-1,-1,-1,-1,-1
8065,-1,-1,-1,-1,-1,-1,-1,-1
8066,-1,-1,-1,-1,-1,-1,-1,-1
8067,-1,-1,-1,-1,-1,-1,-1,-1
8068,-1,-1,-1,-1,-1,-1,-1,-1
8069,-1,-1,-1,-1,-1,-1,-1,-1
8070,-1,-1,-1,-1,-1,-1,-1,-1
8071,-1,-1,-1,-1,-1,-1,-1,-1
8072,-1,-1,-1,-1,-1,-1,-1,-1
8073,-1,-1,-1,-1,-1,-1,-1,-1
8074,-1,-1,-1,-1,-1,-1,-1,-1
8075,8,-1,-1,-1,-1,-1,-1,-1
8076,24,9,-1,-1,-1,-1,-1,-1
8077,40,25,10,-1,-1,-1,-1,-1
8078,56,41,26,11,-1,-1,-1,-1
8079,72,57,42,27,12,-1,-1,-1
8080,88,73,58,43,28,13,-1,-1
8081,104,89,74,59,44,29,14,-1
8082,120,105,90,75,60,45,30,15
8083,136,121,106,91,76,61,46,31
8084,152,137,122,107,92,77,62,47
8085,168,153,138,123,108,93,78,63
8086,184,169,154,139,124,109,94,79
8087,200,185,170,155,140,125,110,95
8088,216,201,186,171,156,141,126,111
8089,264,217,202,187,172,157,142,127
8090,280,265,218,203,188,173,158,143
8091,296,281,266,219,204,189,174,159
8092,312,297,282,267,220,205,190,175
8093,328,313,298,283,268,221,206,191
8094,344,329,314,299,284,269,222,207
8095,360,345,330,315,300,285,270,223
8096,376,361,346,331,316,301,286,271
8097,392,377,362,347,332,317,302,287
8098,408,393,378,363,348,333,318,303
8099,424,409,394,379,364,349,334,319
8100,440,425,410,395,380,365,350,335
8101,456,441,426,411,396,381,366,351
8102,472,457,442,427,412,397,382,367
8103,520,473,458,443,428,413,398,383
8104,536,521,474,459,444,429,414,399
8105,552,537,522,475,460,445,430,415
8106,568,553,538,523,476,461,446,431
8107,584,569,554,539,524,477,462,447
8108,600,585,570,555,540,525,478,463
8109,616,601,586,571,556,541,526,479
8110,632,617,602,587,572,557,542,527
8111,648,633,618,603,588,573,558,543
8112,664,649,634,619,604,589,574,559
8113,680,665,650,635,620,605,590,575
8114,696,681,666,651,636,621,606,591
8115,712,697,682,667,652,637,622,607
8116,728,713,698,683,668,653,638,623
8117,776,729,714,699,684,669,654,639
8118,792,777,730,715,700,685,670,655
8119,808,793,778,731,716,701,686,671
8120,824,809,794,779,732,717,702,687
8121,840,825,810,795,780,733,718,703
8122,856,841,826,811,796,781,734,719
8123,872,857,842,827,812,797,782,735
8124,888,873,858,843,828,813,798,783
8125,904,889,874,859,844,829,814,799
8126,920,905,890,875,860,845,830,815
8127,936,921,906,891,876,861,846,831
8128,952,937,922,907,892,877,862,847
8129,968,953,938,923,908,893,878,863
8130,984,969,954,939,924,909,894,879
8131,1032,985,970,955,940,925,910,895
8132,1048,1033,986,971,956,941,926,911
8133,1064,1049,1034,987,972,957,942,927
8134,1080,1065,1050,1035,988,973,958,943
8135,1096,1081,1066,1051,1036,989,974,959
8136,1112,1097,1082,1067,1052,1037,990,975
8137,1128,1113,1098,1083,1068,1053,1038,991
8138,1144,1129,1114,1099,1084,1069,1054,1039
8139,1160,1145,1130,1115,1100,1085,1070,1055
8140,1176,1161,1146,1131,1116,1101,1086,1071
8141,1192,1177,1162,1147,1132,1117,1102,1087
8142,1208,1193,1178,1163,1148,1133,1118,1103
8143,1224,1209,1194,1179,1164,1149,1134,1119
8144,1240,1225,1210,1195,1180,1165,1150,1135
8145,1288,1241,1226,1211,1196,1181,1166,1151
8146,1304,1289,1242,1227,1212,1197,1182,1167
8147,1320,1305,1290,1243,1228,1213,1198,1183
8148,1336,1321,1306,1291,1244,1229,1214,1199
8149,1352,1337,1322,1307,1292,1245,1230,1215
8150,1368,1353,1338,1323,1308,1293,1246,1231
8151,1384,1369,1354,1339,1324,1309,1294,1247
8152,1400,1385,1370,1355,1340,1325,1310,1295
8153,1416,1401,1386,1371,1356,1341,1326,1311
8154,1432,1417,1402,1387,1372,1357,1342,1327
8155,1448,1433,1418,1403,1388,1373,1358,1343
8156,1464,1449,1434,1419,1404,1389,1374,1359
8157,1480,1465,1450,1435,1420,1405,1390,1375
8158,1496,1481,1466,1451,1436,1421,1406,1391
8159,1544,1497,1482,1467,1452,1437,1422,1407
8160,1560,1545,1498,1483,1468,1453,1438,1423
8161,1576,1561,1546,1499,1484,1469,1454,1439
8162,1592,1577,1562,1547,1500,1485,1470,1455
8163,1608,1593,1578,1563,1548,1501,1486,1471
8164,1624,1609,1594,1579,1564,1549,1502,1487
8165,1640,1625,1610,1595,1580,1565,1550,1503
8166,1656,1641,1626,1611,1596,1581,1566,1551
8167,1672,1657,1642,1627,1612,1597,1582,1567
8168,1688,1673,1658,1643,1628,1613,1598,1583
8169,1704,1689,1674,1659,1644,1629,1614,1599
8170,1720,1705,1690,1675,1660,1645,1630,1615
8171,1736,1721,1706,1691,1676,1661,1646,1631
8172,1752,1737,1722,1707,1692,1677,1662,1647
8173,1800,1753,1738,1723,1708,1693,1678,1663
8174,1816,1801,1754,1739,1724,1709,1694,1679
8175,1832,1817,1802,1755,1740,1725,1710,1695
8176,1848,1833,1818,1803,1756,1741,1726,1711
8177,1864,1849,1834,1819,1804,1757,1742,1727
8178,1880,1865,1850,1835,1820,1805,1758,1743
8179,1896,1881,1866,1851,1836,1821,1806,1759
8180,1912,1897,1882,1867,1852,1837,1822,1807
8181,1928,1913,1898,1883,1868,1853,1838,1823
8182,1944,1929,1914,1899,1884,1869,1854,1839
8183,1960,1945,1930,1915,1900,1885,1870,1855
8184,1976,1961,1946,1931,1916,1901,1886,1871
8185,1992,1977,1962,1947,1932,1917,1902,1887
8186,2008,1993,1978,1963,1948,1933,1918,1903
8187,2056,2009,1994,1979,1964,1949,1934,1919
8188,2072,2057,2010,1995,1980,1965,1950,1935
8189,2088,2073,2058,2011,1996,1981,1966,1951
8190,2104,2089,2074,2059,2012,1997,1982,1967
8191,2120,2105,2090,2075,2060,2013,1998,1983
8192,2136,2121,2106,2091,2076,2061,2014,1999
8193,2152,2137,2122,2107,2092,2077,2062,2015
8194,2168,2153,2138,2123,2108,2093,2078,2063
8195,2184,2169,2154,2139,2124,2109,2094,2079
8196,2200,2185,2170,2155,2140,2125,2110,2095
8197,2216,2201,2186,2171,2156,2141,2126,2111
8198,2232,2217,2202,2187,2172,2157,2142,2127
8199,2248,2233,2218,2203,2188,2173,2158,2143
8200,2264,2249,2234,2219,2204,2189,2174,2159
8201,2312,2265,2250,2235,2220,2205,2190,2175
8202,2328,2313,2266,2251,2236,2221,2206,2191
8203,2344,2329,2314,2267,2252,2237,2222,2207
8204,2360,2345,2330,2315,2268,2253,2238,2223
8205,2376,2361,2346,2331,2316,2269,2254,2239
8206,2392,2377,2362,2347,2332,2317,2270,2255
8207,2408,2393,2378,2363,2348,2333,2318,2271
8208,2424,2409,2394,2379,2364,2349,2334,2319
8209,2440,2425,2410,2395,2380,2365,2350,2335
8210,2456,2441,2426,2411,2396,2381,2366,2351
8211,2472,2457,2442,2427,2412,2397,2382,2367
8212,2488,2473,2458,2443,2428,2413,2398,2383
8213,2504,2489,2474,2459,2444,2429,2414,2399
8214,2520,2505,2490,2475,2460,2445,2430,2415
8215,2568,2521,2506,2491,2476,2461,2446,2431
8216,2584,2569,2522,2507,2492,2477,2462,2447
8217,2600,2585,2570,2523,2508,2493,2478,2463
8218,2616,2601,2586,2571,2524,2509,2494,2479
8219,2632,2617,2602,2587,2572,2525,2510,2495
8220,2648,2633,2618,2603,2588,2573,2526,2511
8221,2664,2649,2634,2619,2604,2589,2574,2527
8222,2680,2665,2650,2635,2620,2605,2590,2575
8223,2696,2681,2666,2651,2636,2621,2606,2591
8224,2712,2697,2682,2667,2652,2637,2622,2607
8225,2728,2713,2698,2683,2668,2653,2638,2623
8226,2744,2729,2714,2699,2684,2669,2654,2639
8227,2760,2745,2730,2715,2700,2685,2670,2655
8228,2776,2761,2746,2731,2716,2701,2686,2671
8229,2824,2777,2762,2747,2732,2717,2702,2687
8230,2840,2825,2778,2763,2748,2733,2718,2703
8231,2856,2841,2826,2779,2764,2749,2734,2719
8232,2872,2857,2842,2827,2780,2765,2750,2735
8233,2888,2873,2858,2843,2828,2781,2766,2751
8234,2904,2889,2874,2859,2844,2829,2782,2767
8235,2920,2905,2890,2875,2860,2845,2830,2783
8236,2936,2921,2906,2891,2876,2861,2846,2831
8237,2952,2937,2922,2907,2892,2877,2862,2847
8238,2968,2953,2938,2923,2908,2893,2878,2863
8239,2984,2969,2954,2939,2924,2909,2894,2879
8240,3000,2985,2970,2955,2940,2925,2910,2895
8241,3016,3001,2986,2971,2956,2941,2926,2911
8242,3032,3017,3002,2987,2972,2957,2942,2927
8243,3080,3033,3018,3003,2988,2973,2958,2943
8244,3096,3081,3034,3019,3004,2989,2974,2959
8245,3112,3097,3082,3035,3020,3005,2990,2975
8246,3128,3113,3098,3083,3036,3021,3006,2991
8247,3144,3129,3114,3099,3084,3037,3022,3007
8248,3160,3145,3130,3115,3100,3085,3038,3023
8249,3176,3161,3146,3131,3116,3101,3086,3039
8250,3192,3177,3162,3147,3132,3117,3102,3087
8251,3208,3193,3178,3163,3148,3133,3118,3103
8252,3224,3209,3194,3179,3164,3149,3134,3119
8253,3240,3225,3210,3195,3180,3165,3150,3135
8254,3256,3241,3226,3211,3196,3181,3166,3151
8255,3272,3257,3242,3227,3212,3197,3182,3167
8256,3288,3273,3258,3243,3228,3213,3198,3183
8257,3336,3289,3274,3259,3244,3229,3214,3199
8258,3352,3337,3290,3275,3260,3245,3230,3215
8259,3368,3353,3338,3291,3276,3261,3246,3231
8260,3384,3369,3354,3339,3292,3277,3262,3247
8261,3400,3385,3370,3355,3340,3293,3278,3263
8262,3416,3401,3386,3371,3356,3341,3294,3279
8263,3432,3417,3402,3387,3372,3357,3342,3295
8264,3448,3433,3418,3403,3388,3373,3358,3343
8265,3464,3449,3434,3419,3404,3389,3374,3359
8266,3480,3465,3450,3435,3420,3405,3390,3375
8267,3496,3481,3466,3451,3436,3421,3406,3391
8268,3512,3497,3482,3467,3452,3437,3422,3407
8269,3528,3513,3498,3483,3468,3453,3438,3423
8270,3544,3529,3514,3499,3484,3469,3454,3439
8271,-1,3545,3530,3515,3500,3485,3470,3455
8272,-1,-1,3546,3531,3516,3501,3486,3471
8273,-1,-1,-1,3547,3532,3517,3502,3487
8274,-1,-1,-1,-1,3548,3533,3518,3503
8275,-1,-1,-1,-1,-1,3549,3534,3519
8276,-1,-1,-1,-1,-1,-1,3550,3535
8277,-1,-1,-1,-1,-1,-1,-1,3551
8278,-1,-1,-1,-1,-1,-1,-1,-1
8279,-1,-1,-1,-1,-1,-1,-1,-1
8280,-1,-1,-1,-1,-1,-1,-1,-1
8281,-1,-1,-1,-1,-1,-1,-1,-1
8282,-1,-1,-1,-1,-1,-1,-1,-1
8283,-1,-1,-1,-1,-1,-1,-1,-1
8284,-1,-1,-1,-1,-1,-1,-1,-1
8285,-1,-1,-1,-1,-1,-1,-1,-1
8286,-1,-1,-1,-1,-1,-1,-1,-1
8287,-1,-1,-1,-1,-1,-1,-1,-1
8288,-1,-1,-1,-1,-1,-1,-1,-1
8289,-1,-1,-1,-1,-1,-1,-1,-1
8290,-1,-1,-1,-1,-1,-1,-1,-1
8291,-1,-1,-1,-1,-1,-1,-1,-1
8292,-1,-1,-1,-1,-1,-1,-1,-1
8293,16,-1,-1,-1,-1,-1,-1,-1
8294,32,17,-1,-1,-1,-1,-1,-1
8295,48,33,18,-1,-1,-1,-1,-1
8296,64,49,34,19,-1,-1,-1,-1
8297,80,65,50,35,20,-1,-1,-1
8298,96,81,66,51,36,21,-1,-1
8299,112,97,82,67,52,37,22,-1
8300,128,113,98,83,68,53,38,23
8301,144,129,114,99,84,69,54,39
8302,160,145,130,115,100,85,70,55
8303,176,161,146,131,116,101,86,71
8304,192,177,162,147,132,117,102,87
8305,208,193,178,163,148,133,118,103
8306,224,209,194,179,164,149,134,119
8307,272,225,210,195,180,165,150,135
8308,288,273,226,211,196,181,166,151
8309,304,289,274,227,212,197,182,167
8310,320,305,290,275,228,213,198,183
8311,336,321,306,291,276,229,214,199
8312,352,337,322,307,292,277,230,215
8313,368,353,338,323,308,293,278,231
8314,384,369,354,339,324,309,294,279
8315,400,385,370,355,340,325,310,295
8316,416,401,386,371,356,341,326,311
8317,432,417,402,387,372,357,342,327
8318,448,433,418,403,388,373,358,343
8319,464,449,434,419,404,389,374,359
8320,480,465,450,435,420,405,390,375
8321,528,481,466,451,436,421,406,391
8322,544,529,482,467,452,437,422,407
8323,560,545,530,483,468,453,438,423
8324,576,561,546,531,484,469,454,439
8325,592,577,562,547,532,485,470,455
8326,608,593,578,563,548,533,486,471
8327,624,609,594,579,564,549,534,487
8328,640,625,610,595,580,565,550,535
8329,656,641,626,611,596,581,566,551
8330,672,657,642,627,612,597,582,567
8331,688,673,658,643,628,613,598,583
8332,704,689,674,659,644,629,614,599
8333,720,705,690,675,660,645,630,615
8334,736,721,706,691,676,661,646,631
8335,784,737,722,707,692,677,662,647
8336,800,785,738,723,708,693,678,663
8337,816,801,786,739,724,709,694,679
8338,832,817,802,787,740,725,710,695
8339,848,833,818,803,788,741,726,711
8340,864,849,834,819,804,789,742,727
8341,880,865,850,835,820,805,790,743
8342,896,881,866,851,836,821,806,791
8343,912,897,882,867,852,837,822,807
8344,928,913,898,883,868,853,838,823
8345,944,929,914,899,884,869,854,839
8346,960,945,930,915,900,885,870,855
8347,976,961,946,931,916,901,886,871
8348,992,977,962,947,932,917,902,887
8349,1040,993,978,963,948,933,918,903
8350,1056,1041,994,979,964,949,934,919
8351,1072,1057,1042,995,980,965,950,935
8352,1088,1073,1058,1043,996,981,966,951
8353,1104,1089,1074,1059,1044,997,982,967
8354,1120,1105,1090,1075,1060,1045,998,983
8355,1136,1121,1106,1091,1076,1061,1046,999
8356,1152,1137,1122,1107,1092,1077,1062,1047
8357,1168,1153,1138,1123,1108,1093,1078,1063
8358,1184,1169,1154,1139,1124,1109,1094,1079
8359,1200,1185,1170,1155,1140,1125,1110,1095
8360,1216,1201,1186,1171,1156,1141,1126,1111
8361,1232,1217,1202,1187,1172,1157,1142,1127
8362,1248,1233,1218,1203,1188,1173,1158,1143
8363,1296,1249,1234,1219,1204,1189,1174,1159
8364,1312,1297,1250,1235,1220,1205,1190,1175
8365,1328,1313,1298,1251,1236,1221,1206,1191
8366,1344,1329,1314,1299,1252,1237,1222,1207
8367,1360,1345,1330,1315,1300,1253,1238,1223
8368,1376,1361,1346,1331,1316,1301,1254,1239
8369,1392,1377,1362,1347,1332,1317,1302,1255
8370,1408,1393,1378,1363,1348,1333,1318,1303
8371,1424,1409,1394,1379,1364,1349,1334,1319
8372,1440,1425,1410,1395,1380,1365,1350,1335
8373,1456,1441,1426,1411,1396,1381,1366,1351
8374,1472,1457,1442,1427,1412,1397,1382,1367
8375,1488,1473,1458,1443,1428,1413,1398,1383
8376,1504,1489,1474,1459,1444,1429,1414,1399
8377,1552,1505,1490,1475,1460,1445,1430,1415
8378,1568,1553,1506,1491,1476,1461,1446,1431
8379,1584,1569,1554,1507,1492,1477,1462,1447
8380,1600,1585,1570,1555,1508,1493,1478,1463
8381,1616,1601,1586,1571,1556,1509,1494,1479
8382,1632,1617,1602,1587,1572,1557,1510,1495
8383,1648,1633,1618,1603,1588,1573,1558,1511
8384,1664,1649,1634,1619,1604,1589,1574,1559
8385,1680,1665,1650,1635,1620,1605,1590,1575
8386,1696,1681,1666,1651,1636,1621,1606,1591
8387,1712,1697,1682,1667,1652,1637,1622,1607
8388,1728,1713,1698,1683,1668,1653,1638,1623
8389,1744,1729,1714,1699,1684,1669,1654,1639
8390,1760,1745,1730,1715,1700,1685,1670,1655
8391,1808,1761,1746,1731,1716,1701,1686,1671
8392,1824,1809,1762,1747,1732,1717,1702,1687
8393,1840,1825,1810,1763,1748,1733,1718,1703
8394,1856,1841,1826,1811,1764,1749,1734,1719
8395,1872,1857,1842,1827,1812,1765,1750,1735
8396,1888,1873,1858,1843,1828,1813,1766,1751
8397,1904,1889,1874,1859,1844,1829,1814,1767
8398,1920,1905,1890,1875,1860,1845,1830,1815
8399,1936,1921,1906,1891,1876,1861,1846,1831
8400,1952,1937,1922,1907,1892,1877,1862,1847
8401,1968,1953,1938,1923,1908,1893,1878,1863
8402,1984,1969,1954,1939,1924,1909,1894,1879
8403,2000,1985,1970,1955,1940,1925,1910,1895
8404,2016,2001,1986,1971,1956,1941,1926,1911
8405,2064,2017,2002,1987,1972,1957,1942,1927
8406,2080,2065,2018,2003,1988,1973,1958,1943
8407,2096,2081,2066,2019,2004,1989,1974,1959
8408,2112,2097,2082,2067,2020,2005,1990,1975
8409,2128,2113,2098,2083,2068,2021,2006,1991
8410,2144,2129,2114,2099,2084,2069,2022,2007
8411,2160,2145,2130,2115,2100,2085,2070,2023
8412,2176,2161,2146,2131,2116,2101,2086,2071
8413,2192,2177,2162,2147,2132,2117,2102,2087
8414,2208,2193,2178,2163,2148,2133,2118,2103
8415,2224,2209,2194,2179,2164,2149,2134,2119
8416,2240,2225,2210,2195,2180,2165,2150,2135
8417,2256,2241,2226,2211,2196,2181,2166,2151
8418,2272,2257,2242,2227,2212,2197,2182,2167
8419,2320,2273,2258,2243,2228,2213,2198,2183
8420,2336,2321,2274,2259,2244,2229,2214,2199
8421,2352,2337,2322,2275,2260,2245,2230,2215
8422,2368,2353,2338,2323,2276,2261,2246,2231
8423,2384,2369,2354,2339,2324,2277,2262,2247
8424,2400,2385,2370,2355,2340,2325,2278,2263
8425,2416,2401,2386,2371,2356,2341,2326,2279
8426,2432,2417,2402,2387,2372,2357,2342,2327
8427,2448,2433,2418,2403,2388,2373,2358,2343
8428,2464,2449,2434,2419,2404,2389,2374,2359
8429,2480,2465,2450,2435,2420,2405,2390,2375
8430,2496,2481,2466,2451,2436,2421,2406,2391
8431,2512,2497,2482,2467,2452,2437,2422,2407
8432,2528,2513,2498,2483,2468,2453,2438,2423
8433,2576,2529,2514,2499,2484,2469,2454,2439
8434,2592,2577,2530,2515,2500,2485,2470,2455
8435,2608,2593,2578,2531,2516,2501,2486,2471
8436,2624,2609,2594,2579,2532,2517,2502,2487
8437,2640,2625,2610,2595,2580,2533,2518,2503
8438,2656,2641,2626,2611,2596,2581,2534,2519
8439,2672,2657,2642,2627,2612,2597,2582,2535
8440,2688,2673,2658,2643,2628,2613,2598,2583
8441,2704,2689,2674,2659,2644,2629,2614,2599
8442,2720,2705,2690,2675,2660,2645,2630,2615
8443,2736,2721,2706,2691,2676,2661,2646,2631
8444,2752,2737,2722,2707,2692,2677,2662,2647
8445,2768,2753,2738,2723,2708,2693,2678,2663
8446,2784,2769,2754,2739,2724,2709,2694,2679
8447,2832,2785,2770,2755,2740,2725,2710,2695
8448,2848,2833,2786,2771,2756,2741,2726,2711
8449,2864,2849,2834,2787,2772,2757,2742,2727
8450,2880,2865,2850,2835,2788,2773,2758,2743
8451,2896,2881,2866,2851,2836,2789,2774,2759
8452,2912,2897,2882,2867,2852,2837,2790,2775
8453,2928,2913,2898,2883,2868,2853,2838,2791
8454,2944,2929,2914,2899,2884,2869,2854,2839
8455,2960,2945,2930,2915,2900,2885,2870,2855
8456,2976,2961,2946,2931,2916,2901,2886,2871
8457,2992,2977,2962,2947,2932,2917,2902,2887
8458,3008,2993,2978,2963,2948,2933,2918,2903
8459,3024,3009,2994,2979,2964,2949,2934,2919
8460,3040,3025,3010,2995,2980,2965,2950,2935
8461,3088,3041,3026,3011,2996,2981,2966,2951
8462,3104,3089,3042,3027,3012,2997,2982,2967
8463,3120,3105,3090,3043,3028,3013,2998,2983
8464,3136,3121,3106,3091,3044,3029,3014,2999
8465,3152,3137,3122,3107,3092,3045,3030,3015
8466,3168,3153,3138,3123,3108,3093,3046,3031
8467,3184,3169,3154,3139,3124,3109,3094,3047
8468,3200,3185,3170,3155,3140,3125,3110,3095
8469,3216,3201,3186,3171,3156,3141,3126,3111
8470,3232,3217,3202,3187,3172,3157,3142,3127
8471,3248,3233,3218,3203,3188,3173,3158,3143
8472,3264,3249,3234,3219,3204,3189,3174,3159
8473,3280,3265,3250,3235,3220,3205,3190,3175
8474,3296,3281,3266,3251,3236,3221,3206,3191
8475,3344,3297,3282,3267,3252,3237,3222,3207
8476,3360,3345,3298,3283,3268,3253,3238,3223
8477,3376,3361,3346,3299,3284,3269,3254,3239
8478,3392,3377,3362,3347,3300,3285,3270,3255
8479,3408,3393,3378,3363,3348,3301,3286,3271
8480,3424,3409,3394,3379,3364,3349,3302,3287
8481,3440,3425,3410,3395,3380,3365,3350,3303
8482,3456,3441,3426,3411,3396,3381,3366,3351
8483,3472,3457,3442,3427,3412,3397,3382,3367
8484,3488,3473,3458,3443,3428,3413,3398,3383
8485,3504,3489,3474,3459,3444,3429,3414,3399
8486,3520,3505,3490,3475,3460,3445,3430,3415
8487,3536,3521,3506,3491,3476,3461,3446,3431
8488,3552,3537,3522,3507,3492,3477,3462,3447
8489,-1,3553,3538,3523,3508,3493,3478,3463
8490,-1,-1,3554,3539,3524,3509,3494,3479
8491,-1,-1,-1,3555,3540,3525,3510,3495
8492,-1,-1,-1,-1,3556,3541,3526,3511
8493,-1,-1,-1,-1,-1,3557,3542,3527
8494,-1,-1,-1,-1,-1,-1,3558,3543
8495,-1,-1,-1,-1,-1,-1,-1,3559
8496,-1,-1,-1,-1,-1,-1,-1,-1
8497,-1,-1,-1,-1,-1,-1,-1,-1
8498,-1,-1,-1,-1,-1,-1,-1,-1
8499,-1,-1,-1,-1,-1,-1,-1,-1
8500,-1,-1,-1,-1,-1,-1,-1,-1
8501,-1,-1,-1,-1,-1,-1,-1,-1
8502,-1,-1,-1,-1,-1,-1,-1,-1
8503,-1,-1,-1,-1,-1,-1,-1,-1
8504,-1,-1,-1,-1,-1,-1,-1,-1
8505,-1,-1,-1,-1,-1,-1,-1,-1
8506,-1,-1,-1,-1,-1,-1,-1,-1
8507,-1,-1,-1,-1,-1,-1,-1,-1
8508,-1,-1,-1,-1,-1,-1,-1,-1
8509,-1,-1,-1,-1,-1,-1,-1,-1
8510,-1,-1,-1,-1,-1,-1,-1,-1
8511,24,-1,-1,-1,-1,-1,-1,-1
8512,40,25,-1,-1,-1,-1,-1,-1
8513,56,41,26,-1,-1,-1,-1,-1
8514,72,57,42,27,-1,-1,-1,-1
8515,88,73,58,43,28,-1,-1,-1
8516,104,89,74,59,44,29,-1,-1
8517,120,105,90,75,60,45,30,-1
8518,136,121,106,91,76,61,46,31
8519,152,137,122,107,92,77,62,47
8520,168,153,138,123,108,93,78,63
8521,184,169,154,139,124,109,94,79
8522,200,185,170,155,140,125,110,95
8523,216,201,186,171,156,141,126,111
8524,232,217,202,187,172,157,142,127
8525,280,233,218,203,188,173,158,143
8526,296,281,234,219,204,189,174,159
8527,312,297,282,235,220,205,190,175
8528,328,313,298,283,236,221,206,191
8529,344,329,314,299,284,237,222,207
8530,360,345,330,315,300,285,238,223
8531,376,361,346,331,316,301,286,239
8532,392,377,362,347,332,317,302,287
8533,408,393,378,363,348,333,318,303
8534,424,409,394,379,364,349,334,319
8535,440,425,410,395,380,365,350,335
8536,456,441,426,411,396,381,366,351
8537,472,457,442,427,412,397,382,367
8538,488,473,458,443,428,413,398,383
8539,536,489,474,459,444,429,414,399
8540,552,537,490,475,460,445,430,415
8541,568,553,538,491,476,461,446,431
8542,584,569,554,539,492,477,462,447
8543,600,585,570,555,540,493,478,463
8544,616,601,586,571,556,541,494,479
8545,632,617,602,587,572,557,542,495
8546,648,633,618,603,588,573,558,543
8547,664,649,634,619,604,589,574,559
8548,680,665,650,635,620,605,590,575
8549,696,681,666,651,636,621,606,591
8550,712,697,682,667,652,637,622,607
8551,728,713,698,683,668,653,638,623
8552,744,729,714,699,684,669,654,639
8553,792,745,730,715,700,685,670,655
8554,808,793,746,731,716,701,686,671
8555,824,809,794,747,732,717,702,687
8556,840,825,810,795,748,733,718,703
8557,856,841,826,811,796,749,734,719
8558,872,857,842,827,812,797,750,735
8559,888,873,858,843,828,813,798,751
8560,904,889,874,859,844,829,814,799
8561,920,905,890,875,860,845,830,815
8562,936,921,906,891,876,861,846,831
8563,952,937,922,907,892,877,862,847
8564,968,953,938,923,908,893,878,863
8565,984,969,954,939,924,909,894,879
8566,1000,985,970,955,940,925,910,895
8567,1048,1001,986,971,956,941,926,911
8568,1064,1049,1002,987,972,957,942,927
8569,1080,1065,1050,1003,988,973,958,943
8570,1096,1081,1066,1051,1004,989,974,959
8571,1112,1097,1082,1067,1052,1005,990,975
8572,1128,1113,1098,1083,1068,1053,1006,991
8573,1144,1129,1114,1099,1084,1069,1054,1007
8574,1160,1145,1130,1115,1100,1085,1070,1055
8575,1176,1161,1146,1131,1116,1101,1086,1071
8576,1192,1177,1162,1147,1132,1117,1102,1087
8577,1208,1193,1178,1163,1148,1133,1118,1103
8578,1224,1209,1194,1179,1164,1149,1134,1119
8579,1240,1225,1210,1195,1180,1165,1150,1135
8580,1256,1241,1226,1211,1196,1181,1166,1151
8581,1304,1257,1242,1227,1212,1197,1182,1167
8582,1320,1305,1258,1243,1228,1213,1198,1183
8583,1336,1321,1306,1259,1244,1229,1214,1199
8584,1352,1337,1322,1307,1260,1245,1230,1215
8585,1368,1353,1338,1323,1308,1261,1246,1231
8586,1384,1369,1354,1339,1324,1309,1262,1247
8587,1400,1385,1370,1355,1340,1325,1310,1263
8588,1416,1401,1386,1371,1356,1341,1326,1311
8589,1432,1417,1402,1387,1372,1357,1342,1327
8590,1448,1433,1418,1403,1388,1373,1358,1343
8591,1464,1449,1434,1419,1404,1389,1374,1359
8592,1480,1465,1450,1435,1420,1405,1390,1375
8593,1496,1481,1466,1451,1436,1421,1406,1391
8594,1512,1497,1482,1467,1452,1437,1422,1407
8595,1560,1513,1498,1483,1468,1453,1438,1423
8596,1576,1561,1514,1499,1484,1469,1454,1439
8597,1592,1577,1562,1515,1500,1485,1470,1455
8598,1608,1593,1578,1563,1516,1501,1486,1471
8599,1624,1609,1594,1579,1564,1517,1502,1487
8600,1640,1625,1610,1595,1580,1565,1518,1503
8601,1656,1641,1626,1611,1596,1581,1566,1519
8602,1672,1657,1642,1627,1612,1597,1582,1567
8603,1688,1673,1658,1643,1628,1613,1598,1583
8604,1704,1689,1674,1659,1644,1629,1614,1599
8605,1720,1705,1690,1675,1660,1645,1630,1615
8606,1736,1721,1706,1691,1676,1661,1646,1631
8607,1752,1737,1722,1707,1692,1677,1662,1647
8608,1768,1753,1738,1723,1708,1693,1678,1663
8609,1816,1769,1754,1739,1724,1709,1694,1679
8610,1832,1817,1770,1755,1740,1725,1710,1695
8611,1848,1833,1818,1771,1756,1741,1726,1711
8612,1864,1849,1834,1819,1772,1757,1742,1727
8613,1880,1865,1850,1835,1820,1773,1758,1743
8614,1896,1881,1866,1851,1836,1821,1774,1759
8615,1912,1897,1882,1867,1852,1837,1822,1775
8616,1928,1913,1898,1883,1868,1853,1838,1823
8617,1944,1929,1914,1899,1884,1869,1854,1839
8618,1960,1945,1930,1915,1900,1885,1870,1855
8619,1976,1961,1946,1931,1916,1901,1886,1871
8620,1992,1977,1962,1947,1932,1917,1902,1887
8621,2008,1993,1978,1963,1948,1933,1918,1903
8622,2024,2009,1994,1979,1964,1949,1934,1919
8623,2072,2025,2010,1995,1980,1965,1950,1935
8624,2088,2073,2026,2011,1996,1981,1966,1951
8625,2104,2089,2074,2027,2012,1997,1982,1967
8626,2120,2105,2090,2075,2028,2013,1998,1983
8627,2136,2121,2106,2091,2076,2029,2014,1999
8628,2152,2137,2122,2107,2092,2077,2030,2015
8629,2168,2153,2138,2123,2108,2093,2078,2031
8630,2184,2169,2154,2139,2124,2109,2094,2079
8631,2200,2185,2170,2155,2140,2125,2110,2095
8632,2216,2201,2186,2171,2156,2141,2126,2111
8633,2232,2217,2202,2187,2172,2157,2142,2127
8634,2248,2233,2218,2203,2188,2173,2158,2143
8635,2264,2249,2234,2219,2204,2189,2174,2159
8636,2280,2265,2250,2235,2220,2205,2190,2175
8637,2328,2281,2266,2251,2236,2221,2206,2191
8638,2344,2329,2282,2267,2252,2237,2222,2207
8639,2360,2345,2330,2283,2268,2253,2238,2223
8640,2376,2361,2346,2331,2284,2269,2254,2239
8641,2392,2377,2362,2347,2332,2285,2270,2255
8642,2408,2393,2378,2363,2348,2333,2286,2271
8643,2424,2409,2394,2379,2364,2349,2334,2287
8644,2440,2425,2410,2395,2380,2365,2350,2335
8645,2456,2441,2426,2411,2396,2381,2366,2351
8646,2472,2457,2442,2427,2412,2397,2382,2367
8647,2488,2473,2458,2443,2428,2413,2398,2383
8648,2504,2489,2474,2459,2444,2429,2414,2399
8649,2520,2505,2490,2475,2460,2445,2430,2415
8650,2536,2521,2506,2491,2476,2461,2446,2431
8651,2584,2537,2522,2507,2492,2477,2462,2447
8652,2600,2585,2538,2523,2508,2493,2478,2463
8653,2616,2601,2586,2539,2524,2509,2494,2479
8654,2632,2617,2602,2587,2540,2525,2510,2495
8655,2648,2633,2618,2603,2588,2541,2526,2511
8656,2664,2649,2634,2619,2604,2589,2542,2527
8657,2680,2665,2650,2635,2620,2605,2590,2543
8658,2696,2681,2666,2651,2636,2621,2606,2591
8659,2712,2697,2682,2667,2652,2637,2622,2607
8660,2728,2713,2698,2683,2668,2653,2638,2623
8661,2744,2729,2714,2699,2684,2669,2654,2639
8662,2760,2745,2730,2715,2700,2685,2670,2655
8663,2776,2761,2746,2731,2716,2701,2686,2671
8664,2792,2777,2762,2747,2732,2717,2702,2687
8665,2840,2793,2778,2763,2748,2733,2718,2703
8666,2856,2841,2794,2779,2764,2749,2734,2719
8667,2872,2857,2842,2795,2780,2765,2750,2735
8668,2888,2873,2858,2843,2796,2781,2766,2751
8669,2904,2889,2874,2859,2844,2797,2782,2767
8670,2920,2905,2890,2875,2860,2845,2798,2783
8671,2936,2921,2906,2891,2876,2861,2846,2799
8672,2952,2937,2922,2907,2892,2877,2862,2847
8673,2968,2953,2938,2923,2908,2893,2878,2863
8674,2984,2969,2954,2939,2924,2909,2894,2879
8675,3000,2985,2970,2955,2940,2925,2910,2895
8676,3016,3001,2986,2971,2956,2941,2926,2911
8677,3032,3017,3002,2987,2972,2957,2942,2927
8678,3048,3033,3018,3003,2988,2973,2958,2943
8679,3096,3049,3034,3019,3004,2989,2974,2959
8680,3112,3097,3050,3035,3020,3005,2990,2975
8681,3128,3113,3098,3051,3036,3021,3006,2991
8682,3144,3129,3114,3099,3052,3037,3022,3007
8683,3160,3145,3130,3115,3100,3053,3038,3023
8684,3176,3161,3146,3131,3116,3101,3054,3039
8685,3192,3177,3162,3147,3132,3117,3102,3055
8686,3208,3193,3178,3163,3148,3133,3118,3103
8687,3224,3209,3194,3179,3164,3149,3134,3119
8688,3240,3225,3210,3195,3180,3165,3150,3135
8689,3256,3241,3226,3211,3196,3181,3166,3151
8690,3272,3257,3242,3227,3212,3197,3182,3167
8691,3288,3273,3258,3243,3228,3213,3198,3183
8692,3304,3289,3274,3259,3244,3229,3214,3199
8693,3352,3305,3290,3275,3260,3245,3230,3215
8694,3368,3353,3306,3291,3276,3261,3246,3231
8695,3384,3369,3354,3307,3292,3277,3262,3247
8696,3400,3385,3370,3355,3308,3293,3278,3263
8697,3416,3401,3386,3371,3356,3309,3294,3279
8698,3432,3417,3402,3387,3372,3357,3310,3295
8699,3448,3433,3418,3403,3388,3373,3358,3311
8700,3464,3449,3434,3419,3404,3389,3374,3359
8701,3480,3465,3450,3435,3420,3405,3390,3375
8702,3496,3481,3466,3451,3436,3421,3406,3391
8703,3512,3497,3482,3467,3452,3437,3422,3407
8704,3528,3513,3498,3483,3468,3453,3438,3423
8705,3544,3529,3514,3499,3484,3469,3454,3439
8706,3560,3545,3530,3515,3500,3485,3470,3455
8707,-1,3561,3546,3531,3516,3501,3486,3471
8708,-1,-1,3562,3547,3532,3517,3502,3487
8709,-1,-1,-1,3563,3548,3533,3518,3503
8710,-1,-1,-1,-1,3564,3549,3534,3519
8711,-1,-1,-1,-1,-1,3565,3550,3535
8712,-1,-1,-1,-1,-1,-1,3566,3551
8713,-1,-1,-1,-1,-1,-1,-1,3567
8714,-1,-1,-1,-1,-1,-1,-1,-1
8715,-1,-1,-1,-1,-1,-1,-1,-1
8716,-1,-1,-1,-1,-1,-1,-1,-1
8717,-1,-1,-1,-1,-1,-1,-1,-1
8718,-1,-1,-1,-1,-1,-1,-1,-1
8719,-1,-1,-1,-1,-1,-1,-1,-1
8720,-1,-1,-1,-1,-1,-1,-1,-1
8721,-1,-1,-1,-1,-1,-1,-1,-1
8722,-1,-1,-1,-1,-1,-1,-1,-1
8723,-1,-1,-1,-1,-1,-1,-1,-1
8724,-1,-1,-1,-1,-1,-1,-1,-1
8725,-1,-1,-1,-1,-1,-1,-1,-1
8726,-1,-1,-1,-1,-1,-1,-1,-1
8727,-1,-1,-1,-1,-1,-1,-1,-1
8728,-1,-1,-1,-1,-1,-1,-1,-1
8729,32,-1,-1,-1,-1,-1,-1,-1
8730,48,33,-1,-1,-1,-1,-1,-1
8731,64,49,34,-1,-1,-1,-1,-1
8732,80,65,50,35,-1,-1,-1,-1
8733,96,81,66,51,36,-1,-1,-1
8734,112,97,82,67,52,37,-1,-1
8735,128,113,98,83,68,53,38,-1
8736,144,129,114,99,84,69,54,39
8737,160,145,130,115,100,85,70,55
8738,176,161,146,131,116,101,86,71
8739,192,177,162,147,132,117,102,87
8740,208,193,178,163,148,133,118,103
8741,224,209,194,179,164,149,134,119
8742,240,225,210,195,180,165,150,135
8743,288,241,226,211,196,181,166,151
8744,304,289,242,227,212,197,182,167
8745,320,305,290,243,228,213,198,183
8746,336,321,306,291,244,229,214,199
8747,352,337,322,307,292,245,230,215
8748,368,353,338,323,308,293,246,231
8749,384,369,354,339,324,309,294,247
8750,400,385,370,355,340,325,310,295
8751,416,401,386,371,356,341,326,311
8752,432,417,402,387,372,357,342,327
8753,448,433,418,403,388,373,358,343
8754,464,449,434,419,404,389,374,359
8755,480,465,450,435,420,405,390,375
8756,496,481,466,451,436,421,406,391
8757,544,497,482,467,452,437,422,407
8758,560,545,498,483,468,453,438,423
8759,576,561,546,499,484,469,454,439
8760,592,577,562,547,500,485,470,455
8761,608,593,578,563,548,501,486,471
8762,624,609,594,579,564,549,502,487
8763,640,625,610,595,580,565,550,503
8764,656,641,626,611,596,581,566,551
8765,672,657,642,627,612,597,582,567
8766,688,673,658,643,628,613,598,583
8767,704,689,674,659,644,629,614,599
8768,720,705,690,675,660,645,630,615
8769,736,721,706,691,676,661,646,631
8770,752,737,722,707,692,677,662,647
8771,800,753,738,723,708,693,678,663
8772,816,801,754,739,724,709,694,679
8773,832,817,802,755,740,725,710,695
8774,848,833,818,803,756,741,726,711
8775,864,849,834,819,804,757,742,727
8776,880,865,850,835,820,805,758,743
8777,896,881,866,851,836,821,806,759
8778,912,897,882,867,852,837,822,807
8779,928,913,898,883,868,853,838,823
8780,944,929,914,899,884,869,854,839
8781,960,945,930,915,900,885,870,855
8782,976,961,946,931,916,901,886,871
8783,992,977,962,947,932,917,902,887
8784,1008,993,978,963,948,933,918,903
8785,1056,1009,994,979,964,949,934,919
8786,1072,1057,1010,995,980,965,950,935
8787,1088,1073,1058,1011,996,981,966,951
8788,1104,1089,1074,1059,1012,997,982,967
8789,1120,1105,1090,1075,1060,1013,998,983
8790,1136,1121,1106,1091,1076,1061,1014,999
8791,1152,1137,1122,1107,1092,1077,1062,1015
8792,1168,1153,1138,1123,1108,1093,1078,1063
8793,1184,1169,1154,1139,1124,1109,1094,1079
8794,1200,1185,1170,1155,1140,1125,1110,1095
8795,1216,1201,1186,1171,1156,1141,1126,1111
8796,1232,1217,1202,1187,1172,1157,1142,1127
8797,1248,1233,1218,1203,1188,1173,1158,1143
8798,1264,1249,1234,1219,1204,1189,1174,1159
8799,1312,1265,1250,1235,1220,1205,1190,1175
8800,1328,1313,1266,1251,1236,1221,1206,1191
8801,1344,1329,1314,1267,1252,1237,1222,1207
8802,1360,1345,1330,1315,1268,1253,1238,1223
8803,1376,1361,1346,1331,1316,1269,1254,1239
8804,1392,1377,1362,1347,1332,1317,1270,1255
8805,1408,1393,1378,1363,1348,1333,1318,1271
8806,1424,1409,1394,1379,1364,1349,1334,1319
8807,1440,1425,1410,1395,1380,1365,1350,1335
8808,1456,1441,1426,1411,1396,1381,1366,1351
8809,1472,1457,1442,1427,1412,1397,1382,1367
8810,1488,1473,1458,1443,1428,1413,1398,1383
8811,1504,1489,1474,1459,1444,1429,1414,1399
8812,1520,1505,1490,1475,1460,1445,1430,1415
8813,1568,1521,1506,1491,1476,1461,1446,1431
8814,1584,1569,1522,1507,1492,1477,1462,1447
8815,1600,1585,1570,1523,1508,1493,1478,1463
8816,1616,1601,1586,1571,1524,1509,1494,1479
8817,1632,1617,1602,1587,1572,1525,1510,1495
8818,1648,1633,1618,1603,1588,1573,1526,1511
8819,1664,1649,1634,1619,1604,1589,1574,1527
8820,1680,1665,1650,1635,1620,1605,1590,1575
8821,1696,1681,1666,1651,1636,1621,1606,1591
8822,1712,1697,1682,1667,1652,1637,1622,1607
8823,1728,1713,1698,1683,1668,1653,1638,1623
8824,1744,1729,1714,1699,1684,1669,1654,1639
8825,1760,1745,1730,1715,1700,1685,1670,1655
8826,1776,1761,1746,1731,1716,1701,1686,1671
8827,1824,1777,1762,1747,1732,1717,1702,1687
8828,1840,1825,1778,1763,1748,1733,1718,1703
8829,1856,1841,1826,1779,1764,1749,1734,1719
8830,1872,1857,1842,1827,1780,1765,1750,1735
8831,1888,1873,1858,1843,1828,1781,1766,1751
8832,1904,1889,1874,1859,1844,1829,1782,1767
8833,1920,1905,1890,1875,1860,1845,1830,1783
8834,1936,1921,1906,1891,1876,1861,1846,1831
8835,1952,1937,1922,1907,1892,1877,1862,1847
8836,1968,1953,1938,1923,1908,1893,1878,1863
8837,1984,1969,1954,1939,1924,1909,1894,1879
8838,2000,1985,1970,1955,1940,1925,1910,1895
8839,2016,2001,1986,1971,1956,1941,1926,1911
8840,2032,2017,2002,1987,1972,1957,1942,1927
8841,2080,2033,2018,2003,1988,1973,1958,1943
8842,2096,2081,2034,2019,2004,1989,1974,1959
8843,2112,2097,2082,2035,2020,2005,1990,1975
8844,2128,2113,2098,2083,2036,2021,2006,1991
8845,2144,2129,2114,2099,2084,2037,2022,2007
8846,2160,2145,2130,2115,2100,2085,2038,2023
8847,2176,2161,2146,2131,2116,2101,2086,2039
8848,2192,2177,2162,2147,2132,2117,2102,2087
8849,2208,2193,2178,2163,2148,2133,2118,2103
8850,2224,2209,2194,2179,2164,2149,2134,2119
8851,2240,2225,2210,2195,2180,2165,2150,2135
8852,2256,2241,2226,2211,2196,2181,2166,2151
8853,2272,2257,2242,2227,2212,2197,2182,2167
8854,2288,2273,2258,2243,2228,2213,2198,2183
8855,2336,2289,2274,2259,2244,2229,2214,2199
8856,2352,2337,2290,2275,2260,2245,2230,2215
8857,2368,2353,2338,2291,2276,2261,2246,2231
8858,2384,2369,2354,2339,2292,2277,2262,2247
8859,2400,2385,2370,2355,2340,2293,2278,2263
8860,2416,2401,2386,2371,2356,2341,2294,2279
8861,2432,2417,2402,2387,2372,2357,2342,2295
8862,2448,2433,2418,2403,2388,2373,2358,2343
8863,2464,2449,2434,2419,2404,2389,2374,2359
8864,2480,2465,2450,2435,2420,2405,2390,2375
8865,2496,2481,2466,2451,2436,2421,2406,2391
8866,2512,2497,2482,2467,2452,2437,2422,2407
8867,2528,2513,2498,2483,2468,2453,2438,2423
8868,2544,2529,2514,2499,2484,2469,2454,2439
8869,2592,2545,2530,2515,2500,2485,2470,2455
8870,2608,2593,2546,2531,2516,2501,2486,2471
8871,2624,2609,2594,2547,2532,2517,2502,2487
8872,2640,2625,2610,2595,2548,2533,2518,2503
8873,2656,2641,2626,2611,2596,2549,2534,2519
8874,2672,2657,2642,2627,2612,2597,2550,2535
8875,2688,2673,2658,2643,2628,2613,2598,2551
8876,2704,2689,2674,2659,2644,2629,2614,2599
8877,2720,2705,2690,2675,2660,2645,2630,2615
8878,2736,2721,2706,2691,2676,2661,2646,2631
8879,2752,2737,2722,2707,2692,2677,2662,2647
8880,2768,2753,2738,2723,2708,2693,2678,2663
8881,2784,2769,2754,2739,2724,2709,2694,2679
8882,2800,2785,2770,2755,2740,2725,2710,2695
8883,2848,2801,2786,2771,2756,2741,2726,2711
8884,2864,2849,2802,2787,2772,2757,2742,2727
8885,2880,2865,2850,2803,2788,2773,2758,2743
8886,2896,2881,2866,2851,2804,2789,2774,2759
8887,2912,2897,2882,2867,2852,2805,2790,2775
8888,2928,2913,2898,2883,2868,2853,2806,2791
8889,2944,2929,2914,2899,2884,2869,2854,2807
8890,2960,2945,2930,2915,2900,2885,2870,2855
8891,2976,2961,2946,2931,2916,2901,2886,2871
8892,2992,2977,2962,2947,2932,2917,2902,2887
8893,3008,2993,2978,2963,2948,2933,2918,2903
8894,3024,3009,2994,2979,2964,2949,2934,2919
8895,3040,3025,3010,2995,2980,2965,2950,2935
8896,3056,3041,3026,3011,2996,2981,2966,2951
8897,3104,3057,3042,3027,3012,2997,2982,2967
8898,3120,3105,3058,3043,3028,3013,2998,2983
8899,3136,3121,3106,3059,3044,3029,3014,2999
8900,3152,3137,3122,3107,3060,3045,3030,3015
8901,3168,3153,3138,3123,3108,3061,3046,3031
8902,3184,3169,3154,3139,3124,3109,3062,3047
8903,3200,3185,3170,3155,3140,3125,3110,3063
8904,3216,3201,3186,3171,3156,3141,3126,3111
8905,3232,3217,3202,3187,3172,3157,3142,3127
8906,3248,3233,3218,3203,3188,3173,3158,3143
8907,3264,3249,3234,3219,3204,3189,3174,3159
8908,3280,3265,3250,3235,3220,3205,3190,3175
8909,3296,3281,3266,3251,3236,3221,3206,3191
8910,3312,3297,3282,3267,3252,3237,3222,3207
8911,3360,3313,3298,3283,3268,3253,3238,3223
8912,3376,3361,3314,3299,3284,3269,3254,3239
8913,3392,3377,3362,3315,3300,3285,3270,3255
8914,3408,3393,3378,3363,3316,3301,3286,3271
8915,3424,3409,3394,3379,3364,3317,3302,3287
8916,3440,3425,3410,3395,3380,3365,3318,3303
8917,3456,3441,3426,3411,3396,3381,3366,3319
8918,3472,3457,3442,3427,3412,3397,3382,3367
8919,3488,3473,3458,3443,3428,3413,3398,3383
8920,3504,3489,3474,3459,3444,3429,3414,3399
8921,3520,3505,3490,3475,3460,3445,3430,3415
8922,3536,3521,3506,3491,3476,3461,3446,3431
8923,3552,3537,3522,3507,3492,3477,3462,3447
8924,3568,3553,3538,3523,3508,3493,3478,3463
8925,-1,3569,3554,3539,3524,3509,3494,3479
8926,-1,-1,3570,3555,3540,3525,3510,3495
8927,-1,-1,-1,3571,3556,3541,3526,3511
8928,-1,-1,-1,-1,3572,3557,3542,3527
8929,-1,-1,-1,-1,-1,3573,3558,3543
8930,-1,-1,-1,-1,-1,-1,3574,3559
8931,-1,-1,-1,-1,-1,-1,-1,3575
8932,-1,-1,-1,-1,-1,-1,-1,-1
8933,-1,-1,-1,-1,-1,-1,-1,-1
8934,-1,-1,-1,-1,-1,-1,-1,-1
8935,-1,-1,-1,-1,-1,-1,-1,-1
8936,-1,-1,-1,-1,-1,-1,-1,-1
8937,-1,-1,-1,-1,-1,-1,-1,-1
8938,-1,-1,-1,-1,-1,-1,-1,-1
8939,-1,-1,-1,-1,-1,-1,-1,-1
8940,-1,-1,-1,-1,-1,-1,-1,-1
8941,-1,-1,-1,-1,-1,-1,-1,-1
8942,-1,-1,-1,-1,-1,-1,-1,-1
8943,-1,-1,-1,-1,-1,-1,-1,-1
8944,-1,-1,-1,-1,-1,-1,-1,-1
8945,-1,-1,-1,-1,-1,-1,-1,-1
8946,-1,-1,-1,-1,-1,-1,-1,-1
8947,40,-1,-1,-1,-1,-1,-1,-1
8948,56,41,-1,-1,-1,-1,-1,-1
8949,72,57,42,-1,-1,-1,-1,-1
8950,88,73,58,43,-1,-1,-1,-1
8951,104,89,74,59,44,-1,-1,-1
8952,120,105,90,75,60,45,-1,-1
8953,136,121,106,91,76,61,46,-1
8954,152,137,122,107,92,77,62,47
8955,168,153,138,123,108,93,78,63
8956,184,169,154,139,124,109,94,79
8957,200,185,170,155,140,125,110,95
8958,216,201,186,171,156,141,126,111
8959,232,217,202,187,172,157,142,127
8960,248,233,218,203,188,173,158,143
8961,296,249,234,219,204,189,174,159
8962,312,297,250,235,220,205,190,175
8963,328,313,298,251,236,221,206,191
8964,344,329,314,299,252,237,222,207
8965,360,345,330,315,300,253,238,223
8966,376,361,346,331,316,301,254,239
8967,392,377,362,347,332,317,302,255
8968,408,393,378,363,348,333,318,303
8969,424,409,394,379,364,349,334,319
8970,440,425,410,395,380,365,350,335
8971,456,441,426,411,396,381,366,351
8972,472,457,442,427,412,397,382,367
8973,488,473,458,443,428,413,398,383
8974,504,489,474,459,444,429,414,399
8975,552,505,490,475,460,445,430,415
8976,568,553,506,491,476,461,446,431
8977,584,569,554,507,492,477,462,447
8978,600,585,570,555,508,493,478,463
8979,616,601,586,571,556,509,494,479
8980,632,617,602,587,572,557,510,495
8981,648,633,618,603,588,573,558,511
8982,664,649,634,619,604,589,574,559
8983,680,665,650,635,620,605,590,575
8984,696,681,666,651,636,621,606,591
8985,712,697,682,667,652,637,622,607
8986,728,713,698,683,668,653,638,623
8987,744,729,714,699,684,669,654,639
8988,760,745,730,715,700,685,670,655
8989,808,761,746,731,716,701,686,671
8990,824,809,762,747,732,717,702,687
8991,840,825,810,763,748,733,718,703
8992,856,841,826,811,764,749,734,719
8993,872,857,842,827,812,765,750,735
8994,888,873,858,843,828,813,766,751
8995,904,889,874,859,844,829,814,767
8996,920,905,890,875,860,845,830,815
8997,936,921,906,891,876,861,846,831
8998,952,937,922,907,892,877,862,847
8999,968,953,938,923,908,893,878,863
9000,984,969,954,939,924,909,894,879
9001,1000,985,970,955,940,925,910,895
9002,1016,1001,986,971,956,941,926,911
9003,1064,1017,1002,987,972,957,942,927
9004,1080,1065,1018,1003,988,973,958,943
9005,1096,1081,1066,1019,1004,989,974,959
9006,1112,1097,1082,1067,1020,1005,990,975
9007,1128,1113,1098,1083,1068,1021,1006,991
9008,1144,1129,1114,1099,1084,1069,1022,1007
9009,1160,1145,1130,1115,1100,1085,1070,1023
9010,1176,1161,1146,1131,1116,1101,1086,1071
9011,1192,1177,1162,1147,1132,1117,1102,1087
9012,1208,1193,1178,1163,1148,1133,1118,1103
9013,1224,1209,1194,1179,1164,1149,1134,1119
9014,1240,1225,1210,1195,1180,1165,1150,1135
9015,1256,1241,1226,1211,1196,1181,1166,1151
9016,1272,1257,1242,1227,1212,1197,1182,1167
9017,1320,1273,1258,1243,1228,1213,1198,1183
9018,1336,1321,1274,1259,1244,1229,1214,1199
9019,1352,1337,1322,1275,1260,1245,1230,1215
9020,1368,1353,1338,1323,1276,1261,1246,1231
9021,1384,1369,1354,1339,1324,1277,1262,1247
9022,1400,1385,1370,1355,1340,1325,1278,1263
9023,1416,1401,1386,1371,1356,1341,1326,1279
9024,1432,1417,1402,1387,1372,1357,1342,1327
9025,1448,1433,1418,1403,1388,1373,1358,1343
9026,1464,1449,1434,1419,1404,1389,1374,1359
9027,1480,1465,1450,1435,1420,1405,1390,1375
9028,1496,1481,1466,1451,1436,1421,1406,1391
9029,1512,1497,1482,1467,1452,1437,1422,1407
9030,1528,1513,1498,1483,1468,1453,1438,1423
9031,1576,1529,1514,1499,1484,1469,1454,1439
9032,1592,1577,1530,1515,1500,1485,1470,1455
9033,1608,1593,1578,1531,1516,1501,1486,1471
9034,1624,1609,1594,1579,1532,1517,1502,1487
9035,1640,1625,1610,1595,1580,1533,1518,1503
9036,1656,1641,1626,1611,1596,1581,1534,1519
9037,1672,1657,1642,1627,1612,1597,1582,1535
9038,1688,1673,1658,1643,1628,1613,1598,1583
9039,1704,1689,1674,1659,1644,1629,1614,1599
9040,1720,1705,1690,1675,1660,1645,1630,1615
9041,1736,1721,1706,1691,1676,1661,1646,1631
9042,1752,1737,1722,1707,1692,1677,1662,1647
9043,1768,1753,1738,1723,1708,1693,1678,1663
9044,1784,1769,1754,1739,1724,1709,1694,1679
9045,1832,1785,1770,1755,1740,1725,1710,1695
9046,1848,1833,1786,1771,1756,1741,1726,1711
9047,1864,1849,1834,1787,1772,1757,1742,1727
9048,1880,1865,1850,1835,1788,1773,1758,1743
9049,1896,1881,1866,1851,1836,1789,1774,1759
9050,1912,1897,1882,1867,1852,1837,1790,1775
9051,1928,1913,1898,1883,1868,1853,1838,1791
9052,1944,1929,1914,1899,1884,1869,1854,1839
9053,1960,1945,1930,1915,1900,1885,1870,1855
9054,1976,1961,1946,1931,1916,1901,1886,1871
9055,1992,1977,1962,1947,1932,1917,1902,1887
9056,2008,1993,1978,1963,1948,1933,1918,1903
9057,2024,2009,1994,1979,1964,1949,1934,1919
9058,2040,2025,2010,1995,1980,1965,1950,1935
9059,2088,2041,2026,2011,1996,1981,1966,1951
9060,2104,2089,2042,2027,2012,1997,1982,1967
9061,2120,2105,2090,2043,2028,2013,1998,1983
9062,2136,2121,2106,2091,2044,2029,2014,1999
9063,2152,2137,2122,2107,2092,2045,2030,2015
9064,2168,2153,2138,2123,2108,2093,2046,2031
9065,2184,2169,2154,2139,2124,2109,2094,2047
9066,2200,2185,2170,2155,2140,2125,2110,2095
9067,2216,2201,2186,2171,2156,2141,2126,2111
9068,2232,2217,2202,2187,2172,2157,2142,2127
9069,2248,2233,2218,2203,2188,2173,2158,2143
9070,2264,2249,2234,2219,2204,2189,2174,2159
9071,2280,2265,2250,2235,2220,2205,2190,2175
9072,2296,2281,2266,2251,2236,2221,2206,2191
9073,2344,2297,2282,2267,2252,2237,2222,2207
9074,2360,2345,2298,2283,2268,2253,2238,2223
9075,2376,2361,2346,2299,2284,2269,2254,2239
9076,2392,2377,2362,2347,2300,2285,2270,2255
9077,2408,2393,2378,2363,2348,2301,2286,2271
9078,2424,2409,2394,2379,2364,2349,2302,2287
9079,2440,2425,2410,2395,2380,2365,2350,2303
9080,2456,2441,2426,2411,2396,2381,2366,2351
9081,2472,2457,2442,2427,2412,2397,2382,2367
9082,2488,2473,2458,2443,2428,2413,2398,2383
9083,2504,2489,2474,2459,2444,2429,2414,2399
9084,2520,2505,2490,2475,2460,2445,2430,2415
9085,2536,2521,2506,2491,2476,2461,2446,2431
9086,2552,2537,2522,2507,2492,2477,2462,2447
9087,2600,2553,2538,2523,2508,2493,2478,2463
9088,2616,2601,2554,2539,2524,2509,2494,2479
9089,2632,2617,2602,2555,2540,2525,2510,2495
9090,2648,2633,2618,2603,2556,2541,2526,2511
9091,2664,2649,2634,2619,2604,2557,2542,2527
9092,2680,2665,2650,2635,2620,2605,2558,2543
9093,2696,2681,2666,2651,2636,2621,2606,2559
9094,2712,2697,2682,2667,2652,2637,2622,2607
9095,2728,2713,2698,2683,2668,2653,2638,2623
9096,2744,2729,2714,2699,2684,2669,2654,2639
9097,2760,2745,2730,2715,2700,2685,2670,2655
9098,2776,2761,2746,2731,2716,2701,2686,2671
9099,2792,2777,2762,2747,2732,2717,2702,2687
9100,2808,2793,2778,2763,2748,2733,2718,2703
9101,2856,2809,2794,2779,2764,2749,2734,2719
9102,2872,2857,2810,2795,2780,2765,2750,2735
9103,2888,2873,2858,2811,2796,2781,2766,2751
9104,2904,2889,2874,2859,2812,2797,2782,2767
9105,2920,2905,2890,2875,2860,2813,2798,2783
9106,2936,2921,2906,2891,2876,2861,2814,2799
9107,2952,2937,2922,2907,2892,2877,2862,2815
9108,2968,2953,2938,2923,2908,2893,2878,2863
9109,2984,2969,2954,2939,2924,2909,2894,2879
9110,3000,2985,2970,2955,2940,2925,2910,2895
9111,3016,3001,2986,2971,2956,2941,2926,2911
9112,3032,3017,3002,2987,2972,2957,2942,2927
9113,3048,3033,3018,3003,2988,2973,2958,2943
9114,3064,3049,3034,3019,3004,2989,2974,2959
9115,3112,3065,3050,3035,3020,3005,2990,2975
9116,3128,3113,3066,3051,3036,3021,3006,2991
9117,3144,3129,3114,3067,3052,3037,3022,3007
9118,3160,3145,3130,3115,3068,3053,3038,3023
9119,3176,3161,3146,3131,3116,3069,3054,3039
9120,3192,3177,3162,3147,3132,3117,3070,3055
9121,3208,3193,3178,3163,3148,3133,3118,3071
9122,3224,3209,3194,3179,3164,3149,3134,3119
9123,3240,3225,3210,3195,3180,3165,3150,3135
9124,3256,3241,3226,3211,3196,3181,3166,3151
9125,3272,3257,3242,3227,3212,3197,3182,3167
9126,3288,3273,3258,3243,3228,3213,3198,3183
9127,3304,3289,3274,3259,3244,3229,3214,3199
9128,3320,3305,3290,3275,3260,3245,3230,3215
9129,3368,3321,3306,3291,3276,3261,3246,3231
9130,3384,3369,3322,3307,3292,3277,3262,3247
9131,3400,3385,3370,3323,3308,3293,3278,3263
9132,3416,3401,3386,3371,3324,3309,3294,3279
9133,3432,3417,3402,3387,3372,3325,3310,3295
9134,3448,3433,3418,3403,3388,3373,3326,3311
9135,3464,3449,3434,3419,3404,3389,3374,3327
9136,3480,3465,3450,3435,3420,3405,3390,3375
9137,3496,3481,3466,3451,3436,3421,3406,3391
9138,3512,3497,3482,3467,3452,3437,3422,3407
9139,3528,3513,3498,3483,3468,3453,3438,3423
9140,3544,3529,3514,3499,3484,3469,3454,3439
9141,3560,3545,3530,3515,3500,3485,3470,3455
9142,3576,3561,3546,3531,3516,3501,3486,3471
9143,-1,3577,3562,3547,3532,3517,3502,3487
9144,-1,-1,3578,3563,3548,3533,3518,3503
9145,-1,-1,-1,3579,3564,3549,3534,3519
9146,-1,-1,-1,-1,3580,3565,3550,3535
9147,-1,-1,-1,-1,-1,3581,3566,3551
9148,-1,-1,-1,-1,-1,-1,3582,3567
9149,-1,-1,-1,-1,-1,-1,-1,3583
9150,-1,-1,-1,-1,-1,-1,-1,-1
9151,-1,-1,-1,-1,-1,-1,-1,-1
9152,-1,-1,-1,-1,-1,-1,-1,-1
9153,-1,-1,-1,-1,-1,-1,-1,-1
9154,-1,-1,-1,-1,-1,-1,-1,-1
9155,-1,-1,-1,-1,-1,-1,-1,-1
9156,-1,-1,-1,-1,-1,-1,-1,-1
9157,-1,-1,-1,-1,-1,-1,-1,-1
9158,-1,-1,-1,-1,-1,-1,-1,-1
9159,-1,-1,-1,-1,-1,-1,-1,-1
9160,-1,-1,-1,-1,-1,-1,-1,-1
9161,-1,-1,-1,-1,-1,-1,-1,-1
9162,-1,-1,-1,-1,-1,-1,-1,-1
9163,-1,-1,-1,-1,-1,-1,-1,-1
9164,-1,-1,-1,-1,-1,-1,-1,-1
9165,256,-1,-1,-1,-1,-1,-1,-1
9166,272,257,-1,-1,-1,-1,-1,-1
9167,288,273,258,-1,-1,-1,-1,-1
9168,304,289,274,259,-1,-1,-1,-1
9169,320,305,290,275,260,-1,-1,-1
9170,336,321,306,291,276,261,-1,-1
9171,352,337,322,307,292,277,262,-1
9172,368,353,338,323,308,293,278,263
9173,384,369,354,339,324,309,294,279
9174,400,385,370,355,340,325,310,295
9175,416,401,386,371,356,341,326,311
9176,432,417,402,387,372,357,342,327
9177,448,433,418,403,388,373,358,343
9178,464,449,434,419,404,389,374,359
9179,512,465,450,435,420,405,390,375
9180,528,513,466,451,436,421,406,391
9181,544,529,514,467,452,437,422,407
9182,560,545,530,515,468,453,438,423
9183,576,561,546,531,516,469,454,439
9184,592,577,562,547,532,517,470,455
9185,608,593,578,563,548,533,518,471
9186,624,609,594,579,564,549,534,519
9187,640,625,610,595,580,565,550,535
9188,656,641,626,611,596,581,566,551
9189,672,657,642,627,612,597,582,567
9190,688,673,658,643,628,613,598,583
9191,704,689,674,659,644,629,614,599
9192,720,705,690,675,660,645,630,615
9193,768,721,706,691,676,661,646,631
9194,784,769,722,707,692,677,662,647
9195,800,785,770,723,708,693,678,663
9196,816,801,786,771,724,709,694,679
9197,832,817,802,787,772,725,710,695
9198,848,833,818,803,788,773,726,711
9199,864,849,834,819,804,789,774,727
9200,880,865,850,835,820,805,790,775
9201,896,881,866,851,836,821,806,791
9202,912,897,882,867,852,837,822,807
9203,928,913,898,883,868,853,838,823
9204,944,929,914,899,884,869,854,839
9205,960,945,930,915,900,885,870,855
9206,976,961,946,931,916,901,886,871
9207,1024,977,962,947,932,917,902,887
9208,1040,1025,978,963,948,933,918,903
9209,1056,1041,1026,979,964,949,934,919
9210,1072,1057,1042,1027,980,965,950,935
9211,1088,1073,1058,1043,1028,981,966,951
9212,1104,1089,1074,1059,1044,1029,982,967
9213,1120,1105,1090,1075,1060,1045,1030,983
9214,1136,1121,1106,1091,1076,1061,1046,1031
9215,1152,1137,1122,1107,1092,1077,1062,1047
9216,1168,1153,1138,1123,1108,1093,1078,1063
9217,1184,1169,1154,1139,1124,1109,1094,1079
9218,1200,1185,1170,1155,1140,1125,1110,1095
9219,1216,1201,1186,1171,1156,1141,1126,1111
9220,1232,1217,1202,1187,1172,1157,1142,1127
9221,1280,1233,1218,1203,1188,1173,1158,1143
9222,1296,1281,1234,1219,1204,1189,1174,1159
9223,1312,1297,1282,1235,1220,1205,1190,1175
9224,1328,1313,1298,1283,1236,1221,1206,1191
9225,1344,1329,1314,1299,1284,1237,1222,1207
9226,1360,1345,1330,1315,1300,1285,1238,1223
9227,1376,1361,1346,1331,1316,1301,1286,1239
9228,1392,1377,1362,1347,1332,1317,1302,1287
9229,1408,1393,1378,1363,1348,1333,1318,1303
9230,1424,1409,1394,1379,1364,1349,1334,1319
9231,1440,1425,1410,1395,1380,1365,1350,1335
9232,1456,1441,1426,1411,1396,1381,1366,1351
9233,1472,1457,1442,1427,1412,1397,1382,1367
9234,1488,1473,1458,1443,1428,1413,1398,1383
9235,1536,1489,1474,1459,1444,1429,1414,1399
9236,1552,1537,1490,1475,1460,1445,1430,1415
9237,1568,1553,1538,1491,1476,1461,1446,1431
9238,1584,1569,1554,1539,1492,1477,1462,1447
9239,1600,1585,1570,1555,1540,1493,1478,1463
9240,1616,1601,1586,1571,1556,1541,1494,1479
9241,1632,1617,1602,1587,1572,1557,1542,1495
9242,1648,1633,1618,1603,1588,1573,1558,1543
9243,1664,1649,1634,1619,1604,1589,1574,1559
9244,1680,1665,1650,1635,1620,1605,1590,1575
9245,1696,1681,1666,1651,1636,1621,1606,1591
9246,1712,1697,1682,1667,1652,1637,1622,1607
9247,1728,1713,1698,1683,1668,1653,1638,1623
9248,1744,1729,1714,1699,1684,1669,1654,1639
9249,1792,1745,1730,1715,1700,1685,1670,1655
9250,1808,1793,1746,1731,1716,1701,1686,1671
9251,1824,1809,1794,1747,1732,1717,1702,1687
9252,1840,1825,1810,1795,1748,1733,1718,1703
9253,1856,1841,1826,1811,1796,1749,1734,1719
9254,1872,1857,1842,1827,1812,1797,1750,1735
9255,1888,1873,1858,1843,1828,1813,1798,1751
9256,1904,1889,1874,1859,1844,1829,1814,1799
9257,1920,1905,1890,1875,1860,1845,1830,1815
9258,1936,1921,1906,1891,1876,1861,1846,1831
9259,1952,1937,1922,1907,1892,1877,1862,1847
9260,1968,1953,1938,1923,1908,1893,1878,1863
9261,1984,1969,1954,1939,1924,1909,1894,1879
9262,2000,1985,1970,1955,1940,1925,1910,1895
9263,2048,2001,1986,1971,1956,1941,1926,1911
9264,2064,2049,2002,1987,1972,1957,1942,1927
9265,2080,2065,2050,2003,1988,1973,1958,1943
9266,2096,2081,2066,2051,2004,1989,1974,1959
9267,2112,2097,2082,2067,2052,2005,1990,1975
9268,2128,2113,2098,2083,2068,2053,2006,1991
9269,2144,2129,2114,2099,2084,2069,2054,2007
9270,2160,2145,2130,2115,2100,2085,2070,2055
9271,2176,2161,2146,2131,2116,2101,2086,2071
9272,2192,2177,2162,2147,2132,2117,2102,2087
9273,2208,2193,2178,2163,2148,2133,2118,2103
9274,2224,2209,2194,2179,2164,2149,2134,2119
9275,2240,2225,2210,2195,2180,2165,2150,2135
9276,2256,2241,2226,2211,2196,2181,2166,2151
9277,2304,2257,2242,2227,2212,2197,2182,2167
9278,2320,2305,2258,2243,2228,2213,2198,2183
9279,2336,2321,2306,2259,2244,2229,2214,2199
9280,2352,2337,2322,2307,2260,2245,2230,2215
9281,2368,2353,2338,2323,2308,2261,2246,2231
9282,2384,2369,2354,2339,2324,2309,2262,2247
9283,2400,2385,2370,2355,2340,2325,2310,2263
9284,2416,2401,2386,2371,2356,2341,2326,2311
9285,2432,2417,2402,2387,2372,2357,2342,2327
9286,2448,2433,2418,2403,2388,2373,2358,2343
9287,2464,2449,2434,2419,2404,2389,2374,2359
9288,2480,2465,2450,2435,2420,2405,2390,2375
9289,2496,2481,2466,2451,2436,2421,2406,2391
9290,2512,2497,2482,2467,2452,2437,2422,2407
9291,2560,2513,2498,2483,2468,2453,2438,2423
9292,2576,2561,2514,2499,2484,2469,2454,2439
9293,2592,2577,2562,2515,2500,2485,2470,2455
9294,2608,2593,2578,2563,2516,2501,2486,2471
9295,2624,2609,2594,2579,2564,2517,2502,2487
9296,2640,2625,2610,2595,2580,2565,2518,2503
9297,2656,2641,2626,2611,2596,2581,2566,2519
9298,2672,2657,2642,2627,2612,2597,2582,2567
9299,2688,2673,2658,2643,2628,2613,2598,2583
9300,2704,2689,2674,2659,2644,2629,2614,2599
9301,2720,2705,2690,2675,2660,2645,2630,2615
9302,2736,2721,2706,2691,2676,2661,2646,2631
9303,2752,2737,2722,2707,2692,2677,2662,2647
9304,2768,2753,2738,2723,2708,2693,2678,2663
9305,2816,2769,2754,2739,2724,2709,2694,2679
9306,2832,2817,2770,2755,2740,2725,2710,2695
9307,2848,2833,2818,2771,2756,2741,2726,2711
9308,2864,2849,2834,2819,2772,2757,2742,2727
9309,2880,2865,2850,2835,2820,2773,2758,2743
9310,2896,2881,2866,2851,2836,2821,2774,2759
9311,2912,2897,2882,2867,2852,2837,2822,2775
9312,2928,2913,2898,2883,2868,2853,2838,2823
9313,2944,2929,2914,2899,2884,2869,2854,2839
9314,2960,2945,2930,2915,2900,2885,2870,2855
9315,2976,2961,2946,2931,2916,2901,2886,2871
9316,2992,2977,2962,2947,2932,2917,2902,2887
9317,3008,2993,2978,2963,2948,2933,2918,2903
9318,3024,3009,2994,2979,2964,2949,2934,2919
9319,3072,3025,3010,2995,2980,2965,2950,2935
9320,3088,3073,3026,3011,2996,2981,2966,2951
9321,3104,3089,3074,3027,3012,2997,2982,2967
9322,3120,3105,3090,3075,3028,3013,2998,2983
9323,3136,3121,3106,3091,3076,3029,3014,2999
9324,3152,3137,3122,3107,3092,3077,3030,3015
9325,3168,3153,3138,3123,3108,3093,3078,3031
9326,3184,3169,3154,3139,3124,3109,3094,3079
9327,3200,3185,3170,3155,3140,3125,3110,3095
9328,3216,3201,3186,3171,3156,3141,3126,3111
9329,3232,3217,3202,3187,3172,3157,3142,3127
9330,3248,3233,3218,3203,3188,3173,3158,3143
9331,3264,3249,3234,3219,3204,3189,3174,3159
9332,3280,3265,3250,3235,3220,3205,3190,3175
9333,3328,3281,3266,3251,3236,3221,3206,3191
9334,3344,3329,3282,3267,3252,3237,3222,3207
9335,3360,3345,3330,3283,3268,3253,3238,3223
9336,3376,3361,3346,3331,3284,3269,3254,3239
9337,3392,3377,3362,3347,3332,3285,3270,3255
9338,3408,3393,3378,3363,3348,3333,3286,3271
9339,3424,3409,3394,3379,3364,3349,3334,3287
9340,3440,3425,3410,3395,3380,3365,3350,3335
9341,3456,3441,3426,3411,3396,3381,3366,3351
9342,3472,3457,3442,3427,3412,3397,3382,3367
9343,3488,3473,3458,3443,3428,3413,3398,3383
9344,3504,3489,3474,3459,3444,3429,3414,3399
9345,3520,3505,3490,3475,3460,3445,3430,3415
9346,3536,3521,3506,3491,3476,3461,3446,3431
9347,3584,3537,3522,3507,3492,3477,3462,3447
9348,3600,3585,3538,3523,3508,3493,3478,3463
9349,3616,3601,3586,3539,3524,3509,3494,3479
9350,3632,3617,3602,3587,3540,3525,3510,3495
9351,3648,3633,3618,3603,3588,3541,3526,3511
9352,3664,3649,3634,3619,3604,3589,3542,3527
9353,3680,3665,3650,3635,3620,3605,3590,3543
9354,3696,3681,3666,3651,3636,3621,3606,3591
9355,3712,3697,3682,3667,3652,3637,3622,3607
9356,3728,3713,3698,3683,3668,3653,3638,3623
9357,3744,3729,3714,3699,3684,3669,3654,3639
9358,3760,3745,3730,3715,3700,3685,3670,3655
9359,3776,3761,3746,3731,3716,3701,3686,3671
9360,3792,3777,3762,3747,3732,3717,3702,3687
9361,-1,3793,3778,3763,3748,3733,3718,3703
9362,-1,-1,3794,3779,3764,3749,3734,3719
9363,-1,-1,-1,3795,3780,3765,3750,3735
9364,-1,-1,-1,-1,3796,3781,3766,3751
9365,-1,-1,-1,-1,-1,3797,3782,3767
9366,-1,-1,-1,-1,-1,-1,3798,3783
9367,-1,-1,-1,-1,-1,-1,-1,3799
9368,-1,-1,-1,-1,-1,-1,-1,-1
9369,-1,-1,-1,-1,-1,-1,-1,-1
9370,-1,-1,-1,-1,-1,-1,-1,-1
9371,-1,-1,-1,-1,-1,-1,-1,-1
9372,-1,-1,-1,-1,-1,-1,-1,-1
9373,-1,-1,-1,-1,-1,-1,-1,-1
9374,-1,-1,-1,-1,-1,-1,-1,-1
9375,-1,-1,-1,-1,-1,-1,-1,-1
9376,-1,-1,-1,-1,-1,-1,-1,-1
9377,-1,-1,-1,-1,-1,-1,-1,-1
9378,-1,-1,-1,-1,-1,-1,-1,-1
9379,-1,-1,-1,-1,-1,-1,-1,-1
9380,-1,-1,-1,-1,-1,-1,-1,-1
9381,-1,-1,-1,-1,-1,-1,-1,-1
9382,-1,-1,-1,-1,-1,-1,-1,-1
9383,264,-1,-1,-1,-1,-1,-1,-1
9384,280,265,-1,-1,-1,-1,-1,-1
9385,296,281,266,-1,-1,-1,-1,-1
9386,312,297,282,267,-1,-1,-1,-1
9387,328,313,298,283,268,-1,-1,-1
9388,344,329,314,299,284,269,-1,-1
9389,360,345,330,315,300,285,270,-1
9390,376,361,346,331,316,301,286,271
9391,392,377,362,347,332,317,302,287
9392,408,393,378,363,348,333,318,303
9393,424,409,394,379,364,349,334,319
9394,440,425,410,395,380,365,350,335
9395,456,441,426,411,396,381,366,351
9396,472,457,442,427,412,397,382,367
9397,520,473,458,443,428,413,398,383
9398,536,521,474,459,444,429,414,399
9399,552,537,522,475,460,445,430,415
9400,568,553,538,523,476,461,446,431
9401,584,569,554,539,524,477,462,447
9402,600,585,570,555,540,525,478,463
9403,616,601,586,571,556,541,526,479
9404,632,617,602,587,572,557,542,527
9405,648,633,618,603,588,573,558,543
9406,664,649,634,619,604,589,574,559
9407,680,665,650,635,620,605,590,575
9408,696,681,666,651,636,621,606,591
9409,712,697,682,667,652,637,622,607
9410,728,713,698,683,668,653,638,623
9411,776,729,714,699,684,669,654,639
9412,792,777,730,715,700,685,670,655
9413,808,793,778,731,716,701,686,671
9414,824,809,794,779,732,717,702,687
9415,840,825,810,795,780,733,718,703
9416,856,841,826,811,796,781,734,719
9417,872,857,842,827,812,797,782,735
9418,888,873,858,843,828,813,798,783
9419,904,889,874,859,844,829,814,799
9420,920,905,890,875,860,845,830,815
9421,936,921,906,891,876,861,846,831
9422,952,937,922,907,892,877,862,847
9423,968,953,938,923,908,893,878,863
9424,984,969,954,939,924,909,894,879
9425,1032,985,970,955,940,925,910,895
9426,1048,1033,986,971,956,941,926,911
9427,1064,1049,1034,987,972,957,942,927
9428,1080,1065,1050,1035,988,973,958,943
9429,1096,1081,1066,1051,1036,989,974,959
9430,1112,1097,1082,1067,1052,1037,990,975
9431,1128,1113,1098,1083,1068,1053,1038,991
9432,1144,1129,1114,1099,1084,1069,1054,1039
9433,1160,1145,1130,1115,1100,1085,1070,1055
9434,1176,1161,1146,1131,1116,1101,1086,1071
9435,1192,1177,1162,1147,1132,1117,1102,1087
9436,1208,1193,1178,1163,1148,1133,1118,1103
9437,1224,1209,1194,1179,1164,1149,1134,1119
9438,1240,1225,1210,1195,1180,1165,1150,1135
9439,1288,1241,1226,1211,1196,1181,1166,1151
9440,1304,1289,1242,1227,1212,1197,1182,1167
9441,1320,1305,1290,1243,1228,1213,1198,1183
9442,1336,1321,1306,1291,1244,1229,1214,1199
9443,1352,1337,1322,1307,1292,1245,1230,1215
9444,1368,1353,1338,1323,1308,1293,1246,1231
9445,1384,1369,1354,1339,1324,1309,1294,1247
9446,1400,1385,1370,1355,1340,1325,1310,1295
9447,1416,1401,1386,1371,1356,1341,1326,1311
9448,1432,1417,1402,1387,1372,1357,1342,1327
9449,1448,1433,1418,1403,1388,1373,1358,1343
9450,1464,1449,1434,1419,1404,1389,1374,1359
9451,1480,1465,1450,1435,1420,1405,1390,1375
9452,1496,1481,1466,1451,1436,1421,1406,1391
9453,1544,1497,1482,1467,1452,1437,1422,1407
9454,1560,1545,1498,1483,1468,1453,1438,1423
9455,1576,1561,1546,1499,1484,1469,1454,1439
9456,1592,1577,1562,1547,1500,1485,1470,1455
9457,1608,1593,1578,1563,1548,1501,1486,1471
9458,1624,1609,1594,1579,1564,1549,1502,1487
9459,1640,1625,1610,1595,1580,1565,1550,1503
9460,1656,1641,1626,1611,1596,1581,1566,1551
9461,1672,1657,1642,1627,1612,1597,1582,1567
9462,1688,1673,1658,1643,1628,1613,1598,1583
9463,1704,1689,1674,1659,1644,1629,1614,1599
9464,1720,1705,1690,1675,1660,1645,1630,1615
9465,1736,1721,1706,1691,1676,1661,1646,1631
9466,1752,1737,1722,1707,1692,1677,1662,1647
9467,1800,1753,1738,1723,1708,1693,1678,1663
9468,1816,1801,1754,1739,1724,1709,1694,1679
9469,1832,1817,1802,1755,1740,1725,1710,1695
9470,1848,1833,1818,1803,1756,1741,1726,1711
9471,1864,1849,1834,1819,1804,1757,1742,1727
9472,1880,1865,1850,1835,1820,1805,1758,1743
9473,1896,1881,1866,1851,1836,1821,1806,1759
9474,1912,1897,1882,1867,1852,1837,1822,1807
9475,1928,1913,1898,1883,1868,1853,1838,1823
9476,1944,1929,1914,1899,1884,1869,1854,1839
9477,1960,1945,1930,1915,1900,1885,1870,1855
9478,1976,1961,1946,1931,1916,1901,1886,1871
9479,1992,1977,1962,1947,1932,1917,1902,1887
9480,2008,1993,1978,1963,1948,1933,1918,1903
9481,2056,2009,1994,1979,1964,1949,1934,1919
9482,2072,2057,2010,1995,1980,1965,1950,1935
9483,2088,2073,2058,2011,1996,1981,1966,1951
9484,2104,2089,2074,2059,2012,1997,1982,1967
9485,2120,2105,2090,2075,2060,2013,1998,1983
9486,2136,2121,2106,2091,2076,2061,2014,1999
9487,2152,2137,2122,2107,2092,2077,2062,2015
9488,2168,2153,2138,2123,2108,2093,2078,2063
9489,2184,2169,2154,2139,2124,2109,2094,2079
9490,2200,2185,2170,2155,2140,2125,2110,2095
9491,2216,2201,2186,2171,2156,2141,2126,2111
9492,2232,2217,2202,2187,2172,2157,2142,2127
9493,2248,2233,2218,2203,2188,2173,2158,2143
9494,2264,2249,2234,2219,2204,2189,2174,2159
9495,2312,2265,2250,2235,2220,2205,2190,2175
9496,2328,2313,2266,2251,2236,2221,2206,2191
9497,2344,2329,2314,2267,2252,2237,2222,2207
9498,2360,2345,2330,2315,2268,2253,2238,2223
9499,2376,2361,2346,2331,2316,2269,2254,2239
9500,2392,2377,2362,2347,2332,2317,2270,2255
9501,2408,2393,2378,2363,2348,2333,2318,2271
9502,2424,2409,2394,2379,2364,2349,2334,2319
9503,2440,2425,2410,2395,2380,2365,2350,2335
9504,2456,2441,2426,2411,2396,2381,2366,2351
9505,2472,2457,2442,2427,2412,2397,2382,2367
9506,2488,2473,2458,2443,2428,2413,2398,2383
9507,2504,2489,2474,2459,2444,2429,2414,2399
9508,2520,2505,2490,2475,2460,2445,2430,2415
9509,2568,2521,2506,2491,2476,2461,2446,2431
9510,2584,2569,2522,2507,2492,2477,2462,2447
9511,2600,2585,2570,2523,2508,2493,2478,2463
9512,2616,2601,2586,2571,2524,2509,2494,2479
9513,2632,2617,2602,2587,2572,2525,2510,2495
9514,2648,2633,2618,2603,2588,2573,2526,2511
9515,2664,2649,2634,2619,2604,2589,2574,2527
9516,2680,2665,2650,2635,2620,2605,2590,2575
9517,2696,2681,2666,2651,2636,2621,2606,2591
9518,2712,2697,2682,2667,2652,2637,2622,2607
9519,2728,2713,2698,2683,2668,2653,2638,2623
9520,2744,2729,2714,2699,2684,2669,2654,2639
9521,2760,2745,2730,2715,2700,2685,2670,2655
9522,2776,2761,2746,2731,2716,2701,2686,2671
9523,2824,2777,2762,2747,2732,2717,2702,2687
9524,2840,2825,2778,2763,2748,2733,2718,2703
9525,2856,2841,2826,2779,2764,2749,2734,2719
9526,2872,2857,2842,2827,2780,2765,2750,2735
9527,2888,2873,2858,2843,2828,2781,2766,2751
9528,2904,2889,2874,2859,2844,2829,2782,2767
9529,2920,2905,2890,2875,2860,2845,2830,2783
9530,2936,2921,2906,2891,2876,2861,2846,2831
9531,2952,2937,2922,2907,2892,2877,2862,2847
9532,2968,2953,2938,2923,2908,2893,2878,2863
9533,2984,2969,2954,2939,2924,2909,2894,2879
9534,3000,2985,2970,2955,2940,2925,2910,2895
9535,3016,3001,2986,2971,2956,2941,2926,2911
9536,3032,3017,3002,2987,2972,2957,2942,2927
9537,3080,3033,3018,3003,2988,2973,2958,2943
9538,3096,3081,3034,3019,3004,2989,2974,2959
9539,3112,3097,3082,3035,3020,3005,2990,2975
9540,3128,3113,3098,3083,3036,3021,3006,2991
9541,3144,3129,3114,3099,3084,3037,3022,3007
9542,3160,3145,3130,3115,3100,3085,3038,3023
9543,3176,3161,3146,3131,3116,3101,3086,3039
9544,3192,3177,3162,3147,3132,3117,3102,3087
9545,3208,3193,3178,3163,3148,3133,3118,3103
9546,3224,3209,3194,3179,3164,3149,3134,3119
9547,3240,3225,3210,3195,3180,3165,3150,3135
9548,3256,3241,3226,3211,3196,3181,3166,3151
9549,3272,3257,3242,3227,3212,3197,3182,3167
9550,3288,3273,3258,3243,3228,3213,3198,3183
9551,3336,3289,3274,3259,3244,3229,3214,3199
9552,3352,3337,3290,3275,3260,3245,3230,3215
9553,3368,3353,3338,3291,3276,3261,3246,3231
9554,3384,3369,3354,3339,3292,3277,3262,3247
9555,3400,3385,3370,3355,3340,3293,3278,3263
9556,3416,3401,3386,3371,3356,3341,3294,3279
9557,3432,3417,3402,3387,3372,3357,3342,3295
9558,3448,3433,3418,3403,3388,3373,3358,3343
9559,3464,3449,3434,3419,3404,3389,3374,3359
9560,3480,3465,3450,3435,3420,3405,3390,3375
9561,3496,3481,3466,3451,3436,3421,3406,3391
9562,3512,3497,3482,3467,3452,3437,3422,3407
9563,3528,3513,3498,3483,3468,3453,3438,3423
9564,3544,3529,3514,3499,3484,3469,3454,3439
9565,3592,3545,3530,3515,3500,3485,3470,3455
9566,3608,3593,3546,3531,3516,3501,3486,3471
9567,3624,3609,3594,3547,3532,3517,3502,3487
9568,3640,3625,3610,3595,3548,3533,3518,3503
9569,3656,3641,3626,3611,3596,3549,3534,3519
9570,3672,3657,3642,3627,3612,3597,3550,3535
9571,3688,3673,3658,3643,3628,3613,3598,3551
9572,3704,3689,3674,3659,3644,3629,3614,3599
9573,3720,3705,3690,3675,3660,3645,3630,3615
9574,3736,3721,3706,3691,3676,3661,3646,3631
9575,3752,3737,3722,3707,3692,3677,3662,3647
9576,3768,3753,3738,3723,3708,3693,3678,3663
9577,3784,3769,3754,3739,3724,3709,3694,3679
9578,3800,3785,3770,3755,3740,3725,3710,3695
9579,-1,3801,3786,3771,3756,3741,3726,3711
9580,-1,-1,3802,3787,3772,3757,3742,3727
9581,-1,-1,-1,3803,3788,3773,3758,3743
9582,-1,-1,-1,-1,3804,3789,3774,3759
9583,-1,-1,-1,-1,-1,3805,3790,3775
9584,-1,-1,-1,-1,-1,-1,3806,3791
9585,-1,-1,-1,-1,-1,-1,-1,3807
9586,-1,-1,-1,-1,-1,-1,-1,-1
9587,-1,-1,-1,-1,-1,-1,-1,-1
9588,-1,-1,-1,-1,-1,-1,-1,-1
9589,-1,-1,-1,-1,-1,-1,-1,-1
9590,-1,-1,-1,-1,-1,-1,-1,-1
9591,-1,-1,-1,-1,-1,-1,-1,-1
9592,-1,-1,-1,-1,-1,-1,-1,-1
9593,-1,-1,-1,-1,-1,-1,-1,-1
9594,-1,-1,-1,-1,-1,-1,-1,-1
9595,-1,-1,-1,-1,-1,-1,-1,-1
9596,-1,-1,-1,-1,-1,-1,-1,-1
9597,-1,-1,-1,-1,-1,-1,-1,-1
9598,-1,-1,-1,-1,-1,-1,-1,-1
9599,-1,-1,-1,-1,-1,-1,-1,-1
9600,-1,-1,-1,-1,-1,-1,-1,-1
9601,272,-1,-1,-1,-1,-1,-1,-1
9602,288,273,-1,-1,-1,-1,-1,-1
9603,304,289,274,-1,-1,-1,-1,-1
9604,320,305,290,275,-1,-1,-1,-1
9605,336,321,306,291,276,-1,-1,-1
9606,352,337,322,307,292,277,-1,-1
9607,368,353,338,323,308,293,278,-1
9608,384,369,354,339,324,309,294,279
9609,400,385,370,355,340,325,310,295
9610,416,401,386,371,356,341,326,311
9611,432,417,402,387,372,357,342,327
9612,448,433,418,403,388,373,358,343
9613,464,449,434,419,404,389,374,359
9614,480,465,450,435,420,405,390,375
9615,528,481,466,451,436,421,406,391
9616,544,529,482,467,452,437,422,407
9617,560,545,530,483,468,453,438,423
9618,576,561,546,531,484,469,454,439
9619,592,577,562,547,532,485,470,455
9620,608,593,578,563,548,533,486,471
9621,624,609,594,579,564,549,534,487
9622,640,625,610,595,580,565,550,535
9623,656,641,626,611,596,581,566,551
9624,672,657,642,627,612,597,582,567
9625,688,673,658,643,628,613,598,583
9626,704,689,674,659,644,629,614,599
9627,720,705,690,675,660,645,630,615
9628,736,721,706,691,676,661,646,631
9629,784,737,722,707,692,677,662,647
9630,800,785,738,723,708,693,678,663
9631,816,801,786,739,724,709,694,679
9632,832,817,802,787,740,725,710,695
9633,848,833,818,803,788,741,726,711
9634,864,849,834,819,804,789,742,727
9635,880,865,850,835,820,805,790,743
9636,896,881,866,851,836,821,806,791
9637,912,897,882,867,852,837,822,807
9638,928,913,898,883,868,853,838,823
9639,944,929,914,899,884,869,854,839
9640,960,945,930,915,900,885,870,855
9641,976,961,946,931,916,901,886,871
9642,992,977,962,947,932,917,902,887
9643,1040,993,978,963,948,933,918,903
9644,1056,1041,994,979,964,949,934,919
9645,1072,1057,1042,995,980,965,950,935
9646,1088,1073,1058,1043,996,981,966,951
9647,1104,1089,1074,1059,1044,997,982,967
9648,1120,1105,1090,1075,1060,1045,998,983
9649,1136,1121,1106,1091,1076,1061,1046,999
9650,1152,1137,1122,1107,1092,1077,1062,1047
9651,1168,1153,1138,1123,1108,1093,1078,1063
9652,1184,1169,1154,1139,1124,1109,1094,1079
9653,1200,1185,1170,1155,1140,1125,1110,1095
9654,1216,1201,1186,1171,1156,1141,1126,1111
9655,1232,1217,1202,1187,1172,1157,1142,1127
9656,1248,1233,1218,1203,1188,1173,1158,1143
9657,1296,1249,1234,1219,1204,1189,1174,1159
9658,1312,1297,1250,1235,1220,1205,1190,1175
9659,1328,1313,1298,1251,1236,1221,1206,1191
9660,1344,1329,1314,1299,1252,1237,1222,1207
9661,1360,1345,1330,1315,1300,1253,1238,1223
9662,1376,1361,1346,1331,1316,1301,1254,1239
9663,1392,1377,1362,1347,1332,1317,1302,1255
9664,1408,1393,1378,1363,1348,1333,1318,1303
9665,1424,1409,1394,1379,1364,1349,1334,1319
9666,1440,1425,1410,1395,1380,1365,1350,1335
9667,1456,1441,1426,1411,1396,1381,1366,1351
9668,1472,1457,1442,1427,1412,1397,1382,1367
9669,1488,1473,1458,1443,1428,1413,1398,1383
9670,1504,1489,1474,1459,1444,1429,1414,1399
9671,1552,1505,1490,1475,1460,1445,1430,1415
9672,1568,1553,1506,1491,1476,1461,1446,1431
9673,1584,1569,1554,1507,1492,1477,1462,1447
9674,1600,1585,1570,1555,1508,1493,1478,1463
9675,1616,1601,1586,1571,1556,1509,1494,1479
9676,1632,1617,1602,1587,1572,1557,1510,1495
9677,1648,1633,1618,1603,1588,1573,1558,1511
9678,1664,1649,1634,1619,1604,1589,1574,1559
9679,1680,1665,1650,1635,1620,1605,1590,1575
9680,1696,1681,1666,1651,1636,1621,1606,1591
9681,1712,1697,1682,1667,1652,1637,1622,1607
9682,1728,1713,1698,1683,1668,1653,1638,1623
9683,1744,1729,1714,1699,1684,1669,1654,1639
9684,1760,1745,1730,1715,1700,1685,1670,1655
9685,1808,1761,1746,1731,1716,1701,1686,1671
9686,1824,1809,1762,1747,1732,1717,1702,1687
9687,1840,1825,1810,1763,1748,1733,1718,1703
9688,1856,1841,1826,1811,1764,1749,1734,1719
9689,1872,1857,1842,1827,1812,1765,1750,1735
9690,1888,1873,1858,1843,1828,1813,1766,1751
9691,1904,1889,1874,1859,1844,1829,1814,1767
9692,1920,1905,1890,1875,1860,1845,1830,1815
9693,1936,1921,1906,1891,1876,1861,1846,1831
9694,1952,1937,1922,1907,1892,1877,1862,1847
9695,1968,1953,1938,1923,1908,1893,1878,1863
9696,1984,1969,1954,1939,1924,1909,1894,1879
9697,2000,1985,1970,1955,1940,1925,1910,1895
9698,2016,2001,1986,1971,1956,1941,1926,1911
9699,2064,2017,2002,1987,1972,1957,1942,1927
9700,2080,2065,2018,2003,1988,1973,1958,1943
9701,2096,2081,2066,2019,2004,1989,1974,1959
9702,2112,2097,2082,2067,2020,2005,1990,1975
9703,2128,2113,2098,2083,2068,2021,2006,1991
9704,2144,2129,2114,2099,2084,2069,2022,2007
9705,2160,2145,2130,2115,2100,2085,2070,2023
9706,2176,2161,2146,2131,2116,2101,2086,2071
9707,2192,2177,2162,2147,2132,2117,2102,2087
9708,2208,2193,2178,2163,2148,2133,2118,2103
9709,2224,2209,2194,2179,2164,2149,2134,2119
9710,2240,2225,2210,2195,2180,2165,2150,2135
9711,2256,2241,2226,2211,2196,2181,2166,2151
9712,2272,2257,2242,2227,2212,2197,2182,2167
9713,2320,2273,2258,2243,2228,2213,2198,2183
9714,2336,2321,2274,2259,2244,2229,2214,2199
9715,2352,2337,2322,2275,2260,2245,2230,2215
9716,2368,2353,2338,2323,2276,2261,2246,2231
9717,2384,2369,2354,2339,2324,2277,2262,2247
9718,2400,2385,2370,2355,2340,2325,2278,2263
9719,2416,2401,2386,2371,2356,2341,2326,2279
9720,2432,2417,2402,2387,2372,2357,2342,2327
9721,2448,2433,2418,2403,2388,2373,2358,2343
9722,2464,2449,2434,2419,2404,2389,2374,2359
9723,2480,2465,2450,2435,2420,2405,2390,2375
9724,2496,2481,2466,2451,2436,2421,2406,2391
9725,2512,2497,2482,2467,2452,2437,2422,2407
9726,2528,2513,2498,2483,2468,2453,2438,2423
9727,2576,2529,2514,2499,2484,2469,2454,2439
9728,2592,2577,2530,2515,2500,2485,2470,2455
9729,2608,2593,2578,2531,2516,2501,2486,2471
9730,2624,2609,2594,2579,2532,2517,2502,2487
9731,2640,2625,2610,2595,2580,2533,2518,2503
9732,2656,2641,2626,2611,2596,2581,2534,2519
9733,2672,2657,2642,2627,2612,2597,2582,2535
9734,2688,2673,2658,2643,2628,2613,2598,2583
9735,2704,2689,2674,2659,2644,2629,2614,2599
9736,2720,2705,2690,2675,2660,2645,2630,2615
9737,2736,2721,2706,2691,2676,2661,2646,2631
9738,2752,2737,2722,2707,2692,2677,2662,2647
9739,2768,2753,2738,2723,2708,2693,2678,2663
9740,2784,2769,2754,2739,2724,2709,2694,2679
9741,2832,2785,2770,2755,2740,2725,2710,2695
9742,2848,2833,2786,2771,2756,2741,2726,2711
9743,2864,2849,2834,2787,2772,2757,2742,2727
9744,2880,2865,2850,2835,2788,2773,2758,2743
9745,2896,2881,2866,2851,2836,2789,2774,2759
9746,2912,2897,2882,2867,2852,2837,2790,2775
9747,2928,2913,2898,2883,2868,2853,2838,2791
9748,2944,2929,2914,2899,2884,2869,2854,2839
9749,2960,2945,2930,2915,2900,2885,2870,2855
9750,2976,2961,2946,2931,2916,2901,2886,2871
9751,2992,2977,2962,2947,2932,2917,2902,2887
9752,3008,2993,2978,2963,2948,2933,2918,2903
9753,3024,3009,2994,2979,2964,2949,2934,2919
9754,3040,3025,3010,2995,2980,2965,2950,2935
9755,3088,3041,3026,3011,2996,2981,2966,2951
9756,3104,3089,3042,3027,3012,2997,2982,2967
9757,3120,3105,3090,3043,3028,3013,2998,2983
9758,3136,3121,3106,3091,3044,3029,3014,2999
9759,3152,3137,3122,3107,3092,3045,3030,3015
9760,3168,3153,3138,3123,3108,3093,3046,3031
9761,3184,3169,3154,3139,3124,3109,3094,3047
9762,3200,3185,3170,3155,3140,3125,3110,3095
9763,3216,3201,3186,3171,3156,3141,3126,3111
9764,3232,3217,3202,3187,3172,3157,3142,3127
9765,3248,3233,3218,3203,3188,3173,3158,3143
9766,3264,3249,3234,3219,3204,3189,3174,3159
9767,3280,3265,3250,3235,3220,3205,3190,3175
9768,3296,3281,3266,3251,3236,3221,3206,3191
9769,3344,3297,3282,3267,3252,3237,3222,3207
9770,3360,3345,3298,3283,3268,3253,3238,3223
9771,3376,3361,3346,3299,3284,3269,3254,3239
9772,3392,3377,3362,3347,3300,3285,3270,3255
9773,3408,3393,3378,3363,3348,3301,3286,3271
9774,3424,3409,3394,3379,3364,3349,3302,3287
9775,3440,3425,3410,3395,3380,3365,3350,3303
9776,3456,3441,3426,3411,3396,3381,3366,3351
9777,3472,3457,3442,3427,3412,3397,3382,3367
9778,3488,3473,3458,3443,3428,3413,3398,3383
9779,3504,3489,3474,3459,3444,3429,3414,3399
9780,3520,3505,3490,3475,3460,3445,3430,3415
9781,3536,3521,3506,3491,3476,3461,3446,3431
9782,3552,3537,3522,3507,3492,3477,3462,3447
9783,3600,3553,3538,3523,3508,3493,3478,3463
9784,3616,3601,3554,3539,3524,3509,3494,3479
9785,3632,3617,3602,3555,3540,3525,3510,3495
9786,3648,3633,3618,3603,3556,3541,3526,3511
9787,3664,3649,3634,3619,3604,3557,3542,3527
9788,3680,3665,3650,3635,3620,3605,3558,3543
9789,3696,3681,3666,3651,3636,3621,3606,3559
9790,3712,3697,3682,3667,3652,3637,3622,3607
9791,3728,3713,3698,3683,3668,3653,3638,3623
9792,3744,3729,3714,3699,3684,3669,3654,3639
9793,3760,3745,3730,3715,3700,3685,3670,3655
9794,3776,3761,3746,3731,3716,3701,3686,3671
9795,3792,3777,3762,3747,3732,3717,3702,3687
9796,3808,3793,3778,3763,3748,3733,3718,3703
9797,-1,3809,3794,3779,3764,3749,3734,3719
9798,-1,-1,3810,3795,3780,3765,3750,3735
9799,-1,-1,-1,3811,3796,3781,3766,3751
9800,-1,-1,-1,-1,3812,3797,3782,3767
9801,-1,-1,-1,-1,-1,3813,3798,3783
9802,-1,-1,-1,-1,-1,-1,3814,3799
9803,-1,-1,-1,-1,-1,-1,-1,3815
9804,-1,-1,-1,-1,-1,-1,-1,-1
9805,-1,-1,-1,-1,-1,-1,-1,-1
9806,-1,-1,-1,-1,-1,-1,-1,-1
9807,-1,-1,-1,-1,-1,-1,-1,-1
9808,-1,-1,-1,-1,-1,-1,-1,-1
9809,-1,-1,-1,-1,-1,-1,-1,-1
9810,-1,-1,-1,-1,-1,-1,-1,-1
9811,-1,-1,-1,-1,-1,-1,-1,-1
9812,-1,-1,-1,-1,-1,-1,-1,-1
9813,-1,-1,-1,-1,-1,-1,-1,-1
9814,-1,-1,-1,-1,-1,-1,-1,-1
9815,-1,-1,-1,-1,-1,-1,-1,-1
9816,-1,-1,-1,-1,-1,-1,-1,-1
9817,-1,-1,-1,-1,-1,-1,-1,-1
9818,-1,-1,-1,-1,-1,-1,-1,-1
9819,280,-1,-1,-1,-1,-1,-1,-1
9820,296,281,-1,-1,-1,-1,-1,-1
9821,312,297,282,-1,-1,-1,-1,-1
9822,328,313,298,283,-1,-1,-1,-1
9823,344,329,314,299,284,-1,-1,-1
9824,360,345,330,315,300,285,-1,-1
9825,376,361,346,331,316,301,286,-1
9826,392,377,362,347,332,317,302,287
9827,408,393,378,363,348,333,318,303
9828,424,409,394,379,364,349,334,319
9829,440,425,410,395,380,365,350,335
9830,456,441,426,411,396,381,366,351
9831,472,457,442,427,412,397,382,367
9832,488,473,458,443,428,413,398,383
9833,536,489,474,459,444,429,414,399
9834,552,537,490,475,460,445,430,415
9835,568,553,538,491,476,461,446,431
9836,584,569,554,539,492,477,462,447
9837,600,585,570,555,540,493,478,463
9838,616,601,586,571,556,541,494,479
9839,632,617,602,587,572,557,542,495
9840,648,633,618,603,588,573,558,543
9841,664,649,634,619,604,589,574,559
9842,680,665,650,635,620,605,590,575
9843,696,681,666,651,636,621,606,591
9844,712,697,682,667,652,637,622,607
9845,728,713,698,683,668,653,638,623
9846,744,729,714,699,684,669,654,639
9847,792,745,730,715,700,685,670,655
9848,808,793,746,731,716,701,686,671
9849,824,809,794,747,732,717,702,687
9850,840,825,810,795,748,733,718,703
9851,856,841,826,811,796,749,734,719
9852,872,857,842,827,812,797,750,735
9853,888,873,858,843,828,813,798,751
9854,904,889,874,859,844,829,814,799
9855,920,905,890,875,860,845,830,815
9856,936,921,906,891,876,861,846,831
9857,952,937,922,907,892,877,862,847
9858,968,953,938,923,908,893,878,863
9859,984,969,954,939,924,909,894,879
9860,1000,985,970,955,940,925,910,895
9861,1048,1001,986,971,956,941,926,911
9862,1064,1049,1002,987,972,957,942,927
9863,1080,1065,1050,1003,988,973,958,943
9864,1096,1081,1066,1051,1004,989,974,959
9865,1112,1097,1082,1067,1052,1005,990,975
9866,1128,1113,1098,1083,1068,1053,1006,991
9867,1144,1129,1114,1099,1084,1069,1054,1007
9868,1160,1145,1130,1115,1100,1085,1070,1055
9869,1176,1161,1146,1131,1116,1101,1086,1071
9870,1192,1177,1162,1147,1132,1117,1102,1087
9871,1208,1193,1178,1163,1148,1133,1118,1103
9872,1224,1209,1194,1179,1164,1149,1134,1119
9873,1240,1225,1210,1195,1180,1165,1150,1135
9874,1256,1241,1226,1211,1196,1181,1166,1151
9875,1304,1257,1242,1227,1212,1197,1182,1167
9876,1320,1305,1258,1243,1228,1213,1198,1183
9877,1336,1321,1306,1259,1244,1229,1214,1199
9878,1352,1337,1322,1307,1260,1245,1230,1215
9879,1368,1353,1338,1323,1308,1261,1246,1231
9880,1384,1369,1354,1339,1324,1309,1262,1247
9881,1400,1385,1370,1355,1340,1325,1310,1263
9882,1416,1401,1386,1371,1356,1341,1326,1311
9883,1432,1417,1402,1387,1372,1357,1342,1327
9884,1448,1433,1418,1403,1388,1373,1358,1343
9885,1464,1449,1434,1419,1404,1389,1374,1359
9886,1480,1465,1450,1435,1420,1405,1390,1375
9887,1496,1481,1466,1451,1436,1421,1406,1391
9888,1512,1497,1482,1467,1452,1437,1422,1407
9889,1560,1513,1498,1483,1468,1453,1438,1423
9890,1576,1561,1514,1499,1484,1469,1454,1439
9891,1592,1577,1562,1515,1500,1485,1470,1455
9892,1608,1593,1578,1563,1516,1501,1486,1471
9893,1624,1609,1594,1579,1564,1517,1502,1487
9894,1640,1625,1610,1595,1580,1565,1518,1503
9895,1656,1641,1626,1611,1596,1581,1566,1519
9896,1672,1657,1642,1627,1612,1597,1582,1567
9897,1688,1673,1658,1643,1628,1613,1598,1583
9898,1704,1689,1674,1659,1644,1629,1614,1599
9899,1720,1705,1690,1675,1660,1645,1630,1615
9900,1736,1721,1706,1691,1676,1661,1646,1631
9901,1752,1737,1722,1707,1692,1677,1662,1647
9902,1768,1753,1738,1723,1708,1693,1678,1663
9903,1816,1769,1754,1739,1724,1709,1694,1679
9904,1832,1817,1770,1755,1740,1725,1710,1695
9905,1848,1833,1818,1771,1756,1741,1726,1711
9906,1864,1849,1834,1819,1772,1757,1742,1727
9907,1880,1865,1850,1835,1820,1773,1758,1743
9908,1896,1881,1866,1851,1836,1821,1774,1759
9909,1912,1897,1882,1867,1852,1837,1822,1775
9910,1928,1913,1898,1883,1868,1853,1838,1823
9911,1944,1929,1914,1899,1884,1869,1854,1839
9912,1960,1945,1930,1915,1900,1885,1870,1855
9913,1976,1961,1946,1931,1916,1901,1886,1871
9914,1992,1977,1962,1947,1932,1917,1902,1887
9915,2008,1993,1978,1963,1948,1933,1918,1903
9916,2024,2009,1994,1979,1964,1949,1934,1919
9917,2072,2025,2010,1995,1980,1965,1950,1935
9918,2088,2073,2026,2011,1996,1981,1966,1951
9919,2104,2089,2074,2027,2012,1997,1982,1967
9920,2120,2105,2090,2075,2028,2013,1998,1983
9921,2136,2121,2106,2091,2076,2029,2014,1999
9922,2152,2137,2122,2107,2092,2077,2030,2015
9923,2168,2153,2138,2123,2108,2093,2078,2031
9924,2184,2169,2154,2139,2124,2109,2094,2079
9925,2200,2185,2170,2155,2140,2125,2110,2095
9926,2216,2201,2186,2171,2156,2141,2126,2111
9927,2232,2217,2202,2187,2172,2157,2142,2127
9928,2248,2233,2218,2203,2188,2173,2158,2143
9929,2264,2249,2234,2219,2204,2189,2174,2159
9930,2280,2265,2250,2235,2220,2205,2190,2175
9931,2328,2281,2266,2251,2236,2221,2206,2191
9932,2344,2329,2282,2267,2252,2237,2222,2207
9933,2360,2345,2330,2283,2268,2253,2238,2223
9934,2376,2361,2346,2331,2284,2269,2254,2239
9935,2392,2377,2362,2347,2332,2285,2270,2255
9936,2408,2393,2378,2363,2348,2333,2286,2271
9937,2424,2409,2394,2379,2364,2349,2334,2287
9938,2440,2425,2410,2395,2380,2365,2350,2335
9939,2456,2441,2426,2411,2396,2381,2366,2351
9940,2472,2457,2442,2427,2412,2397,2382,2367
9941,2488,2473,2458,2443,2428,2413,2398,2383
9942,2504,2489,2474,2459,2444,2429,2414,2399
9943,2520,2505,2490,2475,2460,2445,2430,2415
9944,2536,2521,2506,2491,2476,2461,2446,2431
9945,2584,2537,2522,2507,2492,2477,2462,2447
9946,2600,2585,2538,2523,2508,2493,2478,2463
9947,2616,2601,2586,2539,2524,2509,2494,2479
9948,2632,2617,2602,2587,2540,2525,2510,2495
9949,2648,2633,2618,2603,2588,2541,2526,2511
9950,2664,2649,2634,2619,2604,2589,2542,2527
9951,2680,2665,2650,2635,2620,2605,2590,2543
9952,2696,2681,2666,2651,2636,2621,2606,2591
9953,2712,2697,2682,2667,2652,2637,2622,2607
9954,2728,2713,2698,2683,2668,2653,2638,2623
9955,2744,2729,2714,2699,2684,2669,2654,2639
9956,2760,2745,2730,2715,2700,2685,2670,2655
9957,2776,2761,2746,2731,2716,2701,2686,2671
9958,2792,2777,2762,2747,2732,2717,2702,2687
9959,2840,2793,2778,2763,2748,2733,2718,2703
9960,2856,2841,2794,2779,2764,2749,2734,2719
9961,2872,2857,2842,2795,2780,2765,2750,2735
9962,2888,2873,2858,2843,2796,2781,2766,2751
9963,2904,2889,2874,2859,2844,2797,2782,2767
9964,2920,2905,2890,2875,2860,2845,2798,2783
9965,2936,2921,2906,2891,2876,2861,2846,2799
9966,2952,2937,2922,2907,2892,2877,2862,2847
9967,2968,2953,2938,2923,2908,2893,2878,2863
9968,2984,2969,2954,2939,2924,2909,2894,2879
9969,3000,2985,2970,2955,2940,2925,2910,2895
9970,3016,3001,2986,2971,2956,2941,2926,2911
9971,3032,3017,3002,2987,2972,2957,2942,2927
9972,3048,3033,3018,3003,2988,2973,2958,2943
9973,3096,3049,3034,3019,3004,2989,2974,2959
9974,3112,3097,3050,3035,3020,3005,2990,2975
9975,3128,3113,3098,3051,3036,3021,3006,2991
9976,3144,3129,3114,3099,3052,3037,3022,3007
9977,3160,3145,3130,3115,3100,3053,3038,3023
9978,3176,3161,3146,3131,3116,3101,3054,3039
9979,3192,3177,3162,3147,3132,3117,3102,3055
9980,3208,3193,3178,3163,3148,3133,3118,3103
9981,3224,3209,3194,3179,3164,3149,3134,3119
9982,3240,3225,3210,3195,3180,3165,3150,3135
9983,3256,3241,3226,3211,3196,3181,3166,3151
9984,3272,3257,3242,3227,3212,3197,3182,3167
9985,3288,3273,3258,3243,3228,3213,3198,3183
9986,3304,3289,3274,3259,3244,3229,3214,3199
9987,3352,3305,3290,3275,3260,3245,3230,3215
9988,3368,3353,3306,3291,3276,3261,3246,3231
9989,3384,3369,3354,3307,3292,3277,3262,3247
9990,3400,3385,3370,3355,3308,3293,3278,3263
9991,3416,3401,3386,3371,3356,3309,3294,3279
9992,3432,3417,3402,3387,3372,3357,3310,3295
9993,3448,3433,3418,3403,3388,3373,3358,3311
9994,3464,3449,3434,3419,3404,3389,3374,3359
9995,3480,3465,3450,3435,3420,3405,3390,3375
9996,3496,3481,3466,3451,3436,3421,3406,3391
9997,3512,3497,3482,3467,3452,3437,3422,3407
9998,3528,3513,3498,3483,3468,3453,3438,3423
9999,3544,3529,3514,3499,3484,3469,3454,3439
10000,3560,3545,3530,3515,3500,3485,3470,3455
10001,3608,3561,3546,3531,3516,3501,3486,3471
10002,3624,3609,3562,3547,3532,3517,3502,3487
10003,3640,3625,3610,3563,3548,3533,3518,3503
10004,3656,3641,3626,3611,3564,3549,3534,3519
10005,3672,3657,3642,3627,3612,3565,3550,3535
10006,3688,3673,3658,3643,3628,3613,3566,3551
10007,3704,3689,3674,3659,3644,3629,3614,3567
10008,3720,3705,3690,3675,3660,3645,3630,3615
10009,3736,3721,3706,3691,3676,3661,3646,3631
10010,3752,3737,3722,3707,3692,3677,3662,3647
10011,3768,3753,3738,3723,3708,3693,3678,3663
10012,3784,3769,3754,3739,3724,3709,3694,3679
10013,3800,3785,3770,3755,3740,3725,3710,3695
10014,3816,3801,3786,3771,3756,3741,3726,3711
10015,-1,3817,3802,3787,3772,3757,3742,3727
10016,-1,-1,3818,3803,3788,3773,3758,3743
10017,-1,-1,-1,3819,3804,3789,3774,3759
10018,-1,-1,-1,-1,3820,3805,3790,3775
10019,-1,-1,-1,-1,-1,3821,3806,3791
10020,-1,-1,-1,-1,-1,-1,3822,3807
10021,-1,-1,-1,-1,-1,-1,-1,3823
10022,-1,-1,-1,-1,-1,-1,-1,-1
10023,-1,-1,-1,-1,-1,-1,-1,-1
10024,-1,-1,-1,-1,-1,-1,-1,-1
10025,-1,-1,-1,-1,-1,-1,-1,-1
10026,-1,-1,-1,-1,-1,-1,-1,-1
10027,-1,-1,-1,-1,-1,-1,-1,-1
10028,-1,-1,-1,-1,-1,-1,-1,-1
10029,-1,-1,-1,-1,-1,-1,-1,-1
10030,-1,-1,-1,-1,-1,-1,-1,-1
10031,-1,-1,-1,-1,-1,-1,-1,-1
10032,-1,-1,-1,-1,-1,-1,-1,-1
10033,-1,-1,-1,-1,-1,-1,-1,-1
10034,-1,-1,-1,-1,-1,-1,-1,-1
10035,-1,-1,-1,-1,-1,-1,-1,-1
10036,-1,-1,-1,-1,-1,-1,-1,-1
10037,288,-1,-1,-1,-1,-1,-1,-1
10038,304,289,-1,-1,-1,-1,-1,-1
10039,320,305,290,-1,-1,-1,-1,-1
10040,336,321,306,291,-1,-1,-1,-1
10041,352,337,322,307,292,-1,-1,-1
10042,368,353,338,323,308,293,-1,-1
10043,384,369,354,339,324,309,294,-1
10044,400,385,370,355,340,325,310,295
10045,416,401,386,371,356,341,326,311
10046,432,417,402,387,372,357,342,327
10047,448,433,418,403,388,373,358,343
10048,464,449,434,419,404,389,374,359
10049,480,465,450,435,420,405,390,375
10050,496,481,466,451,436,421,406,391
10051,544,497,482,467,452,437,422,407
10052,560,545,498,483,468,453,438,423
10053,576,561,546,499,484,469,454,439
10054,592,577,562,547,500,485,470,455
10055,608,593,578,563,548,501,486,471
10056,624,609,594,579,564,549,502,487
10057,640,625,610,595,580,565,550,503
10058,656,641,626,611,596,581,566,551
10059,672,657,642,627,612,597,582,567
10060,688,673,658,643,628,613,598,583
10061,704,689,674,659,644,629,614,599
10062,720,705,690,675,660,645,630,615
10063,736,721,706,691,676,661,646,631
10064,752,737,722,707,692,677,662,647
10065,800,753,738,723,708,693,678,663
10066,816,801,754,739,724,709,694,679
10067,832,817,802,755,740,725,710,695
10068,848,833,818,803,756,741,726,711
10069,864,849,834,819,804,757,742,727
10070,880,865,850,835,820,805,758,743
10071,896,881,866,851,836,821,806,759
10072,912,897,882,867,852,837,822,807
10073,928,913,898,883,868,853,838,823
10074,944,929,914,899,884,869,854,839
10075,960,945,930,915,900,885,870,855
10076,976,961,946,931,916,901,886,871
10077,992,977,962,947,932,917,902,887
10078,1008,993,978,963,948,933,918,903
10079,1056,1009,994,979,964,949,934,919
10080,1072,1057,1010,995,980,965,950,935
10081,1088,1073,1058,1011,996,981,966,951
10082,1104,1089,1074,1059,1012,997,982,967
10083,1120,1105,1090,1075,1060,1013,998,983
10084,1136,1121,1106,1091,1076,1061,1014,999
10085,1152,1137,1122,1107,1092,1077,1062,1015
10086,1168,1153,1138,1123,1108,1093,1078,1063
10087,1184,1169,1154,1139,1124,1109,1094,1079
10088,1200,1185,1170,1155,1140,1125,1110,1095
10089,1216,1201,1186,1171,1156,1141,1126,1111
10090,1232,1217,1202,1187,1172,1157,1142,1127
10091,1248,1233,1218,1203,1188,1173,1158,1143
10092,1264,1249,1234,1219,1204,1189,1174,1159
10093,1312,1265,1250,1235,1220,1205,1190,1175
10094,1328,1313,1266,1251,1236,1221,1206,1191
10095,1344,1329,1314,1267,1252,1237,1222,1207
10096,1360,1345,1330,1315,1268,1253,1238,1223
10097,1376,1361,1346,1331,1316,1269,1254,1239
10098,1392,1377,1362,1347,1332,1317,1270,1255
10099,1408,1393,1378,1363,1348,1333,1318,1271
10100,1424,1409,1394,1379,1364,1349,1334,1319
10101,1440,1425,1410,1395,1380,1365,1350,1335
10102,1456,1441,1426,1411,1396,1381,1366,1351
10103,1472,1457,1442,1427,1412,1397,1382,1367
10104,1488,1473,1458,1443,1428,1413,1398,1383
10105,1504,1489,1474,1459,1444,1429,1414,1399
10106,1520,1505,1490,1475,1460,1445,1430,1415
10107,1568,1521,1506,1491,1476,1461,1446,1431
10108,1584,1569,1522,1507,1492,1477,1462,1447
10109,1600,1585,1570,1523,1508,1493,1478,1463
10110,1616,1601,1586,1571,1524,1509,1494,1479
10111,1632,1617,1602,1587,1572,1525,1510,1495
10112,1648,1633,1618,1603,1588,1573,1526,1511
10113,1664,1649,1634,1619,1604,1589,1574,1527
10114,1680,1665,1650,1635,1620,1605,1590,1575
10115,1696,1681,1666,1651,1636,1621,1606,1591
10116,1712,1697,1682,1667,1652,1637,1622,1607
10117,1728,1713,1698,1683,1668,1653,1638,1623
10118,1744,1729,1714,1699,1684,1669,1654,1639
10119,1760,1745,1730,1715,1700,1685,1670,1655
10120,1776,1761,1746,1731,1716,1701,1686,1671
10121,1824,1777,1762,1747,1732,1717,1702,1687
10122,1840,1825,1778,1763,1748,1733,1718,1703
10123,1856,1841,1826,1779,1764,1749,1734,1719
10124,1872,1857,1842,1827,1780,1765,1750,1735
10125,1888,1873,1858,1843,1828,1781,1766,1751
10126,1904,1889,1874,1859,1844,1829,1782,1767
10127,1920,1905,1890,1875,1860,1845,1830,1783
10128,1936,1921,1906,1891,1876,1861,1846,1831
10129,1952,1937,1922,1907,1892,1877,1862,1847
10130,1968,1953,1938,1923,1908,1893,1878,1863
10131,1984,1969,1954,1939,1924,1909,1894,1879
10132,2000,1985,1970,1955,1940,1925,1910,1895
10133,2016,2001,1986,1971,1956,1941,1926,1911
10134,2032,2017,2002,1987,1972,1957,1942,1927
10135,2080,2033,2018,2003,1988,1973,1958,1943
10136,2096,2081,2034,2019,2004,1989,1974,1959
10137,2112,2097,2082,2035,2020,2005,1990,1975
10138,2128,2113,2098,2083,2036,2021,2006,1991
10139,2144,2129,2114,2099,2084,2037,2022,2007
10140,2160,2145,2130,2115,2100,2085,2038,2023
10141,2176,2161,2146,2131,2116,2101,2086,2039
10142,2192,2177,2162,2147,2132,2117,2102,2087
10143,2208,2193,2178,2163,2148,2133,2118,2103
10144,2224,2209,2194,2179,2164,2149,2134,2119
10145,2240,2225,2210,2195,2180,2165,2150,2135
10146,2256,2241,2226,2211,2196,2181,2166,2151
10147,2272,2257,2242,2227,2212,2197,2182,2167
10148,2288,2273,2258,2243,2228,2213,2198,2183
10149,2336,2289,2274,2259,2244,2229,2214,2199
10150,2352,2337,2290,2275,2260,2245,2230,2215
10151,2368,2353,2338,2291,2276,2261,2246,2231
10152,2384,2369,2354,2339,2292,2277,2262,2247
10153,2400,2385,2370,2355,2340,2293,2278,2263
10154,2416,2401,2386,2371,2356,2341,2294,2279
10155,2432,2417,2402,2387,2372,2357,2342,2295
10156,2448,2433,2418,2403,2388,2373,2358,2343
10157,2464,2449,2434,2419,2404,2389,2374,2359
10158,2480,2465,2450,2435,2420,2405,2390,2375
10159,2496,2481,2466,2451,2436,2421,2406,2391
10160,2512,2497,2482,2467,2452,2437,2422,2407
10161,2528,2513,2498,2483,2468,2453,2438,2423
10162,2544,2529,2514,2499,2484,2469,2454,2439
10163,2592,2545,2530,2515,2500,2485,2470,2455
10164,2608,2593,2546,2531,2516,2501,2486,2471
10165,2624,2609,2594,2547,2532,2517,2502,2487
10166,2640,2625,2610,2595,2548,2533,2518,2503
10167,2656,2641,2626,2611,2596,2549,2534,2519
10168,2672,2657,2642,2627,2612,2597,2550,2535
10169,2688,2673,2658,2643,2628,2613,2598,2551
10170,2704,2689,2674,2659,2644,2629,2614,2599
10171,2720,2705,2690,2675,2660,2645,2630,2615
10172,2736,2721,2706,2691,2676,2661,2646,2631
10173,2752,2737,2722,2707,2692,2677,2662,2647
10174,2768,2753,2738,2723,2708,2693,2678,2663
10175,2784,2769,2754,2739,2724,2709,2694,2679
10176,2800,2785,2770,2755,2740,2725,2710,2695
10177,2848,2801,2786,2771,2756,2741,2726,2711
10178,2864,2849,2802,2787,2772,2757,2742,2727
10179,2880,2865,2850,2803,2788,2773,2758,2743
10180,2896,2881,2866,2851,2804,2789,2774,2759
10181,2912,2897,2882,2867,2852,2805,2790,2775
10182,2928,2913,2898,2883,2868,2853,2806,2791
10183,2944,2929,2914,2899,2884,2869,2854,2807
10184,2960,2945,2930,2915,2900,2885,2870,2855
10185,2976,2961,2946,2931,2916,2901,2886,2871
10186,2992,2977,2962,2947,2932,2917,2902,2887
10187,3008,2993,2978,2963,2948,2933,2918,2903
10188,3024,3009,2994,2979,2964,2949,2934,2919
10189,3040,3025,3010,2995,2980,2965,2950,2935
10190,3056,3041,3026,3011,2996,2981,2966,2951
10191,3104,3057,3042,3027,3012,2997,2982,2967
10192,3120,3105,3058,3043,3028,3013,2998,2983
10193,3136,3121,3106,3059,3044,3029,3014,2999
10194,3152,3137,3122,3107,3060,3045,3030,3015
10195,3168,3153,3138,3123,3108,3061,3046,3031
10196,3184,3169,3154,3139,3124,3109,3062,3047
10197,3200,3185,3170,3155,3140,3125,3110,3063
10198,3216,3201,3186,3171,3156,3141,3126,3111
10199,3232,3217,3202,3187,3172,3157,3142,3127
10200,3248,3233,3218,3203,3188,3173,3158,3143
10201,3264,3249,3234,3219,3204,3189,3174,3159
10202,3280,3265,3250,3235,3220,3205,3190,3175
10203,3296,3281,3266,3251,3236,3221,3206,3191
10204,3312,3297,3282,3267,3252,3237,3222,3207
10205,3360,3313,3298,3283,3268,3253,3238,3223
10206,3376,3361,3314,3299,3284,3269,3254,3239
10207,3392,3377,3362,3315,3300,3285,3270,3255
10208,3408,3393,3378,3363,3316,3301,3286,3271
10209,3424,3409,3394,3379,3364,3317,3302,3287
10210,3440,3425,3410,3395,3380,3365,3318,3303
10211,3456,3441,3426,3411,3396,3381,3366,3319
10212,3472,3457,3442,3427,3412,3397,3382,3367
10213,3488,3473,3458,3443,3428,3413,3398,3383
10214,3504,3489,3474,3459,3444,3429,3414,3399
10215,3520,3505,3490,3475,3460,3445,3430,3415
10216,3536,3521,3506,3491,3476,3461,3446,3431
10217,3552,3537,3522,3507,3492,3477,3462,3447
10218,3568,3553,3538,3523,3508,3493,3478,3463
10219,3616,3569,3554,3539,3524,3509,3494,3479
10220,3632,3617,3570,3555,3540,3525,3510,3495
10221,3648,3633,3618,3571,3556,3541,3526,3511
10222,3664,3649,3634,3619,3572,3557,3542,3527
10223,3680,3665,3650,3635,3620,3573,3558,3543
10224,3696,3681,3666,3651,3636,3621,3574,3559
10225,3712,3697,3682,3667,3652,3637,3622,3575
10226,3728,3713,3698,3683,3668,3653,3638,3623
10227,3744,3729,3714,3699,3684,3669,3654,3639
10228,3760,3745,3730,3715,3700,3685,3670,3655
10229,3776,3761,3746,3731,3716,3701,3686,3671
10230,3792,3777,3762,3747,3732,3717,3702,3687
10231,3808,3793,3778,3763,3748,3733,3718,3703
10232,3824,3809,3794,3779,3764,3749,3734,3719
10233,-1,3825,3810,3795,3780,3765,3750,3735
10234,-1,-1,3826,3811,3796,3781,3766,3751
10235,-1,-1,-1,3827,3812,3797,3782,3767
10236,-1,-1,-1,-1,3828,3813,3798,3783
10237,-1,-1,-1,-1,-1,3829,3814,3799
10238,-1,-1,-1,-1,-1,-1,3830,3815
10239,-1,-1,-1,-1,-1,-1,-1,3831
10240,-1,-1,-1,-1,-1,-1,-1,-1
10241,-1,-1,-1,-1,-1,-1,-1,-1
10242,-1,-1,-1,-1,-1,-1,-1,-1
10243,-1,-1,-1,-1,-1,-1,-1,-1
10244,-1,-1,-1,-1,-1,-1,-1,-1
10245,-1,-1,-1,-1,-1,-1,-1,-1
10246,-1,-1,-1,-1,-1,-1,-1,-1
10247,-1,-1,-1,-1,-1,-1,-1,-1
10248,-1,-1,-1,-1,-1,-1,-1,-1
10249,-1,-1,-1,-1,-1,-1,-1,-1
10250,-1,-1,-1,-1,-1,-1,-1,-1
10251,-1,-1,-1,-1,-1,-1,-1,-1
10252,-1,-1,-1,-1,-1,-1,-1,-1
10253,-1,-1,-1,-1,-1,-1,-1,-1
10254,-1,-1,-1,-1,-1,-1,-1,-1
10255,296,-1,-1,-1,-1,-1,-1,-1
10256,312,297,-1,-1,-1,-1,-1,-1
10257,328,313,298,-1,-1,-1,-1,-1
10258,344,329,314,299,-1,-1,-1,-1
10259,360,345,330,315,300,-1,-1,-1
10260,376,361,346,331,316,301,-1,-1
10261,392,377,362,347,332,317,302,-1
10262,408,393,378,363,348,333,318,303
10263,424,409,394,379,364,349,334,319
10264,440,425,410,395,380,365,350,335
10265,456,441,426,411,396,381,366,351
10266,472,457,442,427,412,397,382,367
10267,488,473,458,443,428,413,398,383
10268,504,489,474,459,444,429,414,399
10269,552,505,490,475,460,445,430,415
10270,568,553,506,491,476,461,446,431
10271,584,569,554,507,492,477,462,447
10272,600,585,570,555,508,493,478,463
10273,616,601,586,571,556,509,494,479
10274,632,617,602,587,572,557,510,495
10275,648,633,618,603,588,573,558,511
10276,664,649,634,619,604,589,574,559
10277,680,665,650,635,620,605,590,575
10278,696,681,666,651,636,621,606,591
10279,712,697,682,667,652,637,622,607
10280,728,713,698,683,668,653,638,623
10281,744,729,714,699,684,669,654,639
10282,760,745,730,715,700,685,670,655
10283,808,761,746,731,716,701,686,671
10284,824,809,762,747,732,717,702,687
10285,840,825,810,763,748,733,718,703
10286,856,841,826,811,764,749,734,719
10287,872,857,842,827,812,765,750,735
10288,888,873,858,843,828,813,766,751
10289,904,889,874,859,844,829,814,767
10290,920,905,890,875,860,845,830,815
10291,936,921,906,891,876,861,846,831
10292,952,937,922,907,892,877,862,847
10293,968,953,938,923,908,893,878,863
10294,984,969,954,939,924,909,894,879
10295,1000,985,970,955,940,925,910,895
10296,1016,1001,986,971,956,941,926,911
10297,1064,1017,1002,987,972,957,942,927
10298,1080,1065,1018,1003,988,973,958,943
10299,1096,1081,1066,1019,1004,989,974,959
10300,1112,1097,1082,1067,1020,1005,990,975
10301,1128,1113,1098,1083,1068,1021,1006,991
10302,1144,1129,1114,1099,1084,1069,1022,1007
10303,1160,1145,1130,1115,1100,1085,1070,1023
10304,1176,1161,1146,1131,1116,1101,1086,1071
10305,1192,1177,1162,1147,1132,1117,1102,1087
10306,1208,1193,1178,1163,1148,1133,1118,1103
10307,1224,1209,1194,1179,1164,1149,1134,1119
10308,1240,1225,1210,1195,1180,1165,1150,1135
10309,1256,1241,1226,1211,1196,1181,1166,1151
10310,1272,1257,1242,1227,1212,1197,1182,1167
10311,1320,1273,1258,1243,1228,1213,1198,1183
10312,1336,1321,1274,1259,1244,1229,1214,1199
10313,1352,1337,1322,1275,1260,1245,1230,1215
10314,1368,1353,1338,1323,1276,1261,1246,1231
10315,1384,1369,1354,1339,1324,1277,1262,1247
10316,1400,1385,1370,1355,1340,1325,1278,1263
10317,1416,1401,1386,1371,1356,1341,1326,1279
10318,1432,1417,1402,1387,1372,1357,1342,1327
10319,1448,1433,1418,1403,1388,1373,1358,1343
10320,1464,1449,1434,1419,1404,1389,1374,1359
10321,1480,1465,1450,1435,1420,1405,1390,1375
10322,1496,1481,1466,1451,1436,1421,1406,1391
10323,1512,1497,1482,1467,1452,1437,1422,1407
10324,1528,1513,1498,1483,1468,1453,1438,1423
10325,1576,1529,1514,1499,1484,1469,1454,1439
10326,1592,1577,1530,1515,1500,1485,1470,1455
10327,1608,1593,1578,1531,1516,1501,1486,1471
10328,1624,1609,1594,1579,1532,1517,1502,1487
10329,1640,1625,1610,1595,1580,1533,1518,1503
10330,1656,1641,1626,1611,1596,1581,1534,1519
10331,1672,1657,1642,1627,1612,1597,1582,1535
10332,1688,1673,1658,1643,1628,1613,1598,1583
10333,1704,1689,1674,1659,1644,1629,1614,1599
10334,1720,1705,1690,1675,1660,1645,1630,1615
10335,1736,1721,1706,1691,1676,1661,1646,1631
10336,1752,1737,1722,1707,1692,1677,1662,1647
10337,1768,1753,1738,1723,1708,1693,1678,1663
10338,1784,1769,1754,1739,1724,1709,1694,1679
10339,1832,1785,1770,1755,1740,1725,1710,1695
10340,1848,1833,1786,1771,1756,1741,1726,1711
10341,1864,1849,1834,1787,1772,1757,1742,1727
10342,1880,1865,1850,1835,1788,1773,1758,1743
10343,1896,1881,1866,1851,1836,1789,1774,1759
10344,1912,1897,1882,1867,1852,1837,1790,1775
10345,1928,1913,1898,1883,1868,1853,1838,1791
10346,1944,1929,1914,1899,1884,1869,1854,1839
10347,1960,1945,1930,1915,1900,1885,1870,1855
10348,1976,1961,1946,1931,1916,1901,1886,1871
10349,1992,1977,1962,1947,1932,1917,1902,1887
10350,2008,1993,1978,1963,1948,1933,1918,1903
10351,2024,2009,1994,1979,1964,1949,1934,1919
10352,2040,2025,2010,1995,1980,1965,1950,1935
10353,2088,2041,2026,2011,1996,1981,1966,1951
10354,2104,2089,2042,2027,2012,1997,1982,1967
10355,2120,2105,2090,2043,2028,2013,1998,1983
10356,2136,2121,2106,2091,2044,2029,2014,1999
10357,2152,2137,2122,2107,2092,2045,2030,2015
10358,2168,2153,2138,2123,2108,2093,2046,2031
10359,2184,2169,2154,2139,2124,2109,2094,2047
10360,2200,2185,2170,2155,2140,2125,2110,2095
10361,2216,2201,2186,2171,2156,2141,2126,2111
10362,2232,2217,2202,2187,2172,2157,2142,2127
10363,2248,2233,2218,2203,2188,2173,2158,2143
10364,2264,2249,2234,2219,2204,2189,2174,2159
10365,2280,2265,2250,2235,2220,2205,2190,2175
10366,2296,2281,2266,2251,2236,2221,2206,2191
10367,2344,2297,2282,2267,2252,2237,2222,2207
10368,2360,2345,2298,2283,2268,2253,2238,2223
10369,2376,2361,2346,2299,2284,2269,2254,2239
10370,2392,2377,2362,2347,2300,2285,2270,2255
10371,2408,2393,2378,2363,2348,2301,2286,2271
10372,2424,2409,2394,2379,2364,2349,2302,2287
10373,2440,2425,2410,2395,2380,2365,2350,2303
10374,2456,2441,2426,2411,2396,2381,2366,2351
10375,2472,2457,2442,2427,2412,2397,2382,2367
10376,2488,2473,2458,2443,2428,2413,2398,2383
10377,2504,2489,2474,2459,2444,2429,2414,2399
10378,2520,2505,2490,2475,2460,2445,2430,2415
10379,2536,2521,2506,2491,2476,2461,2446,2431
10380,2552,2537,2522,2507,2492,2477,2462,2447
10381,2600,2553,2538,2523,2508,2493,2478,2463
10382,2616,2601,2554,2539,2524,2509,2494,2479
10383,2632,2617,2602,2555,2540,2525,2510,2495
10384,2648,2633,2618,2603,2556,2541,2526,2511
10385,2664,2649,2634,2619,2604,2557,2542,2527
10386,2680,2665,2650,2635,2620,2605,2558,2543
10387,2696,2681,2666,2651,2636,2621,2606,2559
10388,2712,2697,2682,2667,2652,2637,2622,2607
10389,2728,2713,2698,2683,2668,2653,2638,2623
10390,2744,2729,2714,2699,2684,2669,2654,2639
10391,2760,2745,2730,2715,2700,2685,2670,2655
10392,2776,2761,2746,2731,2716,2701,2686,2671
10393,2792,2777,2762,2747,2732,2717,2702,2687
10394,2808,2793,2778,2763,2748,2733,2718,2703
10395,2856,2809,2794,2779,2764,2749,2734,2719
10396,2872,2857,2810,2795,2780,2765,2750,2735
10397,2888,2873,2858,2811,2796,2781,2766,2751
10398,2904,2889,2874,2859,2812,2797,2782,2767
10399,2920,2905,2890,2875,2860,2813,2798,2783
10400,2936,2921,2906,2891,2876,2861,2814,2799
10401,2952,2937,2922,2907,2892,2877,2862,2815
10402,2968,2953,2938,2923,2908,2893,2878,2863
10403,2984,2969,2954,2939,2924,2909,2894,2879
10404,3000,2985,2970,2955,2940,2925,2910,2895
10405,3016,3001,2986,2971,2956,2941,2926,2911
10406,3032,3017,3002,2987,2972,2957,2942,2927
10407,3048,3033,3018,3003,2988,2973,2958,2943
10408,3064,3049,3034,3019,3004,2989,2974,2959
10409,3112,3065,3050,3035,3020,3005,2990,2975
10410,3128,3113,3066,3051,3036,3021,3006,2991
10411,3144,3129,3114,3067,3052,3037,3022,3007
10412,3160,3145,3130,3115,3068,3053,3038,3023
10413,3176,3161,3146,3131,3116,3069,3054,3039
10414,3192,3177,3162,3147,3132,3117,3070,3055
10415,3208,3193,3178,3163,3148,3133,3118,3071
10416,3224,3209,3194,3179,3164,3149,3134,3119
10417,3240,3225,3210,3195,3180,3165,3150,3135
10418,3256,3241,3226,3211,3196,3181,3166,3151
10419,3272,3257,3242,3227,3212,3197,3182,3167
10420,3288,3273,3258,3243,3228,3213,3198,3183
10421,3304,3289,3274,3259,3244,3229,3214,3199
10422,3320,3305,3290,3275,3260,3245,3230,3215
10423,3368,3321,3306,3291,3276,3261,3246,3231
10424,3384,3369,3322,3307,3292,3277,3262,3247
10425,3400,3385,3370,3323,3308,3293,3278,3263
10426,3416,3401,3386,3371,3324,3309,3294,3279
10427,3432,3417,3402,3387,3372,3325,3310,3295
10428,3448,3433,3418,3403,3388,3373,3326,3311
10429,3464,3449,3434,3419,3404,3389,3374,3327
10430,3480,3465,3450,3435,3420,3405,3390,3375
10431,3496,3481,3466,3451,3436,3421,3406,3391
10432,3512,3497,3482,3467,3452,3437,3422,3407
10433,3528,3513,3498,3483,3468,3453,3438,3423
10434,3544,3529,3514,3499,3484,3469,3454,3439
10435,3560,3545,3530,3515,3500,3485,3470,3455
10436,3576,3561,3546,3531,3516,3501,3486,3471
10437,3624,3577,3562,3547,3532,3517,3502,3487
10438,3640,3625,3578,3563,3548,3533,3518,3503
10439,3656,3641,3626,3579,3564,3549,3534,3519
10440,3672,3657,3642,3627,3580,3565,3550,3535
10441,3688,3673,3658,3643,3628,3581,3566,3551
10442,3704,3689,3674,3659,3644,3629,3582,3567
10443,3720,3705,3690,3675,3660,3645,3630,3583
10444,3736,3721,3706,3691,3676,3661,3646,3631
10445,3752,3737,3722,3707,3692,3677,3662,3647
10446,3768,3753,3738,3723,3708,3693,3678,3663
10447,3784,3769,3754,3739,3724,3709,3694,3679
10448,3800,3785,3770,3755,3740,3725,3710,3695
10449,3816,3801,3786,3771,3756,3741,3726,3711
10450,3832,3817,3802,3787,3772,3757,3742,3727
10451,-1,3833,3818,3803,3788,3773,3758,3743
10452,-1,-1,3834,3819,3804,3789,3774,3759
10453,-1,-1,-1,3835,3820,3805,3790,3775
10454,-1,-1,-1,-1,3836,3821,3806,3791
10455,-1,-1,-1,-1,-1,3837,3822,3807
10456,-1,-1,-1,-1,-1,-1,3838,3823
10457,-1,-1,-1,-1,-1,-1,-1,3839
10458,-1,-1,-1,-1,-1,-1,-1,-1
10459,-1,-1,-1,-1,-1,-1,-1,-1
10460,-1,-1,-1,-1,-1,-1,-1,-1
10461,-1,-1,-1,-1,-1,-1,-1,-1
10462,-1,-1,-1,-1,-1,-1,-1,-1
10463,-1,-1,-1,-1,-1,-1,-1,-1
10464,-1,-1,-1,-1,-1,-1,-1,-1
10465,-1,-1,-1,-1,-1,-1,-1,-1
10466,-1,-1,-1,-1,-1,-1,-1,-1
10467,-1,-1,-1,-1,-1,-1,-1,-1
10468,-1,-1,-1,-1,-1,-1,-1,-1
10469,-1,-1,-1,-1,-1,-1,-1,-1
10470,-1,-1,-1,-1,-1,-1,-1,-1
10471,-1,-1,-1,-1,-1,-1,-1,-1
10472,-1,-1,-1,-1,-1,-1,-1,-1
10473,512,-1,-1,-1,-1,-1,-1,-1
10474,528,513,-1,-1,-1,-1,-1,-1
10475,544,529,514,-1,-1,-1,-1,-1
10476,560,545,530,515,-1,-1,-1,-1
10477,576,561,546,531,516,-1,-1,-1
10478,592,577,562,547,532,517,-1,-1
10479,608,593,578,563,548,533,518,-1
10480,624,609,594,579,564,549,534,519
10481,640,625,610,595,580,565,550,535
10482,656,641,626,611,596,581,566,551
10483,672,657,642,627,612,597,582,567
10484,688,673,658,643,628,613,598,583
10485,704,689,674,659,644,629,614,599
10486,720,705,690,675,660,645,630,615
10487,768,721,706,691,676,661,646,631
10488,784,769,722,707,692,677,662,647
10489,800,785,770,723,708,693,678,663
10490,816,801,786,771,724,709,694,679
10491,832,817,802,787,772,725,710,695
10492,848,833,818,803,788,773,726,711
10493,864,849,834,819,804,789,774,727
10494,880,865,850,835,820,805,790,775
10495,896,881,866,851,836,821,806,791
10496,912,897,882,867,852,837,822,807
10497,928,913,898,883,868,853,838,823
10498,944,929,914,899,884,869,854,839
10499,960,945,930,915,900,885,870,855
10500,976,961,946,931,916,901,886,871
10501,1024,977,962,947,932,917,902,887
10502,1040,1025,978,963,948,933,918,903
10503,1056,1041,1026,979,964,949,934,919
10504,1072,1057,1042,1027,980,965,950,935
10505,1088,1073,1058,1043,1028,981,966,951
10506,1104,1089,1074,1059,1044,1029,982,967
10507,1120,1105,1090,1075,1060,1045,1030,983
10508,1136,1121,1106,1091,1076,1061,1046,1031
10509,1152,1137,1122,1107,1092,1077,1062,1047
10510,1168,1153,1138,1123,1108,1093,1078,1063
10511,1184,1169,1154,1139,1124,1109,1094,1079
10512,1200,1185,1170,1155,1140,1125,1110,1095
10513,1216,1201,1186,1171,1156,1141,1126,1111
10514,1232,1217,1202,1187,1172,1157,1142,1127
10515,1280,1233,1218,1203,1188,1173,1158,1143
10516,1296,1281,1234,1219,1204,1189,1174,1159
10517,1312,1297,1282,1235,1220,1205,1190,1175
10518,1328,1313,1298,1283,1236,1221,1206,1191
10519,1344,1329,1314,1299,1284,1237,1222,1207
10520,1360,1345,1330,1315,1300,1285,1238,1223
10521,1376,1361,1346,1331,1316,1301,1286,1239
10522,1392,1377,1362,1347,1332,1317,1302,1287
10523,1408,1393,1378,1363,1348,1333,1318,1303
10524,1424,1409,1394,1379,1364,1349,1334,1319
10525,1440,1425,1410,1395,1380,1365,1350,1335
10526,1456,1441,1426,1411,1396,1381,1366,1351
10527,1472,1457,1442,1427,1412,1397,1382,1367
10528,1488,1473,1458,1443,1428,1413,1398,1383
10529,1536,1489,1474,1459,1444,1429,1414,1399
10530,1552,1537,1490,1475,1460,1445,1430,1415
10531,1568,1553,1538,1491,1476,1461,1446,1431
10532,1584,1569,1554,1539,1492,1477,1462,1447
10533,1600,1585,1570,1555,1540,1493,1478,1463
10534,1616,1601,1586,1571,1556,1541,1494,1479
10535,1632,1617,1602,1587,1572,1557,1542,1495
10536,1648,1633,1618,1603,1588,1573,1558,1543
10537,1664,1649,1634,1619,1604,1589,1574,1559
10538,1680,1665,1650,1635,1620,1605,1590,1575
10539,1696,1681,1666,1651,1636,1621,1606,1591
10540,1712,1697,1682,1667,1652,1637,1622,1607
10541,1728,1713,1698,1683,1668,1653,1638,1623
10542,1744,1729,1714,1699,1684,1669,1654,1639
10543,1792,1745,1730,1715,1700,1685,1670,1655
10544,1808,1793,1746,1731,1716,1701,1686,1671
10545,1824,1809,1794,1747,1732,1717,1702,1687
10546,1840,1825,1810,1795,1748,1733,1718,1703
10547,1856,1841,1826,1811,1796,1749,1734,1719
10548,1872,1857,1842,1827,1812,1797,1750,1735
10549,1888,1873,1858,1843,1828,1813,1798,1751
10550,1904,1889,1874,1859,1844,1829,1814,1799
10551,1920,1905,1890,1875,1860,1845,1830,1815
10552,1936,1921,1906,1891,1876,1861,1846,1831
10553,1952,1937,1922,1907,1892,1877,1862,1847
10554,1968,1953,1938,1923,1908,1893,1878,1863
10555,1984,1969,1954,1939,1924,1909,1894,1879
10556,2000,1985,1970,1955,1940,1925,1910,1895
10557,2048,2001,1986,1971,1956,1941,1926,1911
10558,2064,2049,2002,1987,1972,1957,1942,1927
10559,2080,2065,2050,2003,1988,1973,1958,1943
10560,2096,2081,2066,2051,2004,1989,1974,1959
10561,2112,2097,2082,2067,2052,2005,1990,1975
10562,2128,2113,2098,2083,2068,2053,2006,1991
10563,2144,2129,2114,2099,2084,2069,2054,2007
10564,2160,2145,2130,2115,2100,2085,2070,2055
10565,2176,2161,2146,2131,2116,2101,2086,2071
10566,2192,2177,2162,2147,2132,2117,2102,2087
10567,2208,2193,2178,2163,2148,2133,2118,2103
10568,2224,2209,2194,2179,2164,2149,2134,2119
10569,2240,2225,2210,2195,2180,2165,2150,2135
10570,2256,2241,2226,2211,2196,2181,2166,2151
10571,2304,2257,2242,2227,2212,2197,2182,2167
10572,2320,2305,2258,2243,2228,2213,2198,2183
10573,2336,2321,2306,2259,2244,2229,2214,2199
10574,2352,2337,2322,2307,2260,2245,2230,2215
10575,2368,2353,2338,2323,2308,2261,2246,2231
10576,2384,2369,2354,2339,2324,2309,2262,2247
10577,2400,2385,2370,2355,2340,2325,2310,2263
10578,2416,2401,2386,2371,2356,2341,2326,2311
10579,2432,2417,2402,2387,2372,2357,2342,2327
10580,2448,2433,2418,2403,2388,2373,2358,2343
10581,2464,2449,2434,2419,2404,2389,2374,2359
10582,2480,2465,2450,2435,2420,2405,2390,2375
10583,2496,2481,2466,2451,2436,2421,2406,2391
10584,2512,2497,2482,2467,2452,2437,2422,2407
10585,2560,2513,2498,2483,2468,2453,2438,2423
10586,2576,2561,2514,2499,2484,2469,2454,2439
10587,2592,2577,2562,2515,2500,2485,2470,2455
10588,2608,2593,2578,2563,2516,2501,2486,2471
10589,2624,2609,2594,2579,2564,2517,2502,2487
10590,2640,2625,2610,2595,2580,2565,2518,2503
10591,2656,2641,2626,2611,2596,2581,2566,2519
10592,2672,2657,2642,2627,2612,2597,2582,2567
10593,2688,2673,2658,2643,2628,2613,2598,2583
10594,2704,2689,2674,2659,2644,2629,2614,2599
10595,2720,2705,2690,2675,2660,2645,2630,2615
10596,2736,2721,2706,2691,2676,2661,2646,2631
10597,2752,2737,2722,2707,2692,2677,2662,2647
10598,2768,2753,2738,2723,2708,2693,2678,2663
10599,2816,2769,2754,2739,2724,2709,2694,2679
10600,2832,2817,2770,2755,2740,2725,2710,2695
10601,2848,2833,2818,2771,2756,2741,2726,2711
10602,2864,2849,2834,2819,2772,2757,2742,2727
10603,2880,2865,2850,2835,2820,2773,2758,2743
10604,2896,2881,2866,2851,2836,2821,2774,2759
10605,2912,2897,2882,2867,2852,2837,2822,2775
10606,2928,2913,2898,2883,2868,2853,2838,2823
10607,2944,2929,2914,2899,2884,2869,2854,2839
10608,2960,2945,2930,2915,2900,2885,2870,2855
10609,2976,2961,2946,2931,2916,2901,2886,2871
10610,2992,2977,2962,2947,2932,2917,2902,2887
10611,3008,2993,2978,2963,2948,2933,2918,2903
10612,3024,3009,2994,2979,2964,2949,2934,2919
10613,3072,3025,3010,2995,2980,2965,2950,2935
10614,3088,3073,3026,3011,2996,2981,2966,2951
10615,3104,3089,3074,3027,3012,2997,2982,2967
10616,3120,3105,3090,3075,3028,3013,2998,2983
10617,3136,3121,3106,3091,3076,3029,3014,2999
10618,3152,3137,3122,3107,3092,3077,3030,3015
10619,3168,3153,3138,3123,3108,3093,3078,3031
10620,3184,3169,3154,3139,3124,3109,3094,3079
10621,3200,3185,3170,3155,3140,3125,3110,3095
10622,3216,3201,3186,3171,3156,3141,3126,3111
10623,3232,3217,3202,3187,3172,3157,3142,3127
10624,3248,3233,3218,3203,3188,3173,3158,3143
10625,3264,3249,3234,3219,3204,3189,3174,3159
10626,3280,3265,3250,3235,3220,3205,3190,3175
10627,3328,3281,3266,3251,3236,3221,3206,3191
10628,3344,3329,3282,3267,3252,3237,3222,3207
10629,3360,3345,3330,3283,3268,3253,3238,3223
10630,3376,3361,3346,3331,3284,3269,3254,3239
10631,3392,3377,3362,3347,3332,3285,3270,3255
10632,3408,3393,3378,3363,3348,3333,3286,3271
10633,3424,3409,3394,3379,3364,3349,3334,3287
10634,3440,3425,3410,3395,3380,3365,3350,3335
10635,3456,3441,3426,3411,3396,3381,3366,3351
10636,3472,3457,3442,3427,3412,3397,3382,3367
10637,3488,3473,3458,3443,3428,3413,3398,3383
10638,3504,3489,3474,3459,3444,3429,3414,3399
10639,3520,3505,3490,3475,3460,3445,3430,3415
10640,3536,3521,3506,3491,3476,3461,3446,3431
10641,3584,3537,3522,3507,3492,3477,3462,3447
10642,3600,3585,3538,3523,3508,3493,3478,3463
10643,3616,3601,3586,3539,3524,3509,3494,3479
10644,3632,3617,3602,3587,3540,3525,3510,3495
10645,3648,3633,3618,3603,3588,3541,3526,3511
10646,3664,3649,3634,3619,3604,3589,3542,3527
10647,3680,3665,3650,3635,3620,3605,3590,3543
10648,3696,3681,3666,3651,3636,3621,3606,3591
10649,3712,3697,3682,3667,3652,3637,3622,3607
10650,3728,3713,3698,3683,3668,3653,3638,3623
10651,3744,3729,3714,3699,3684,3669,3654,3639
10652,3760,3745,3730,3715,3700,3685,3670,3655
10653,3776,3761,3746,3731,3716,3701,3686,3671
10654,3792,3777,3762,3747,3732,3717,3702,3687
10655,3840,3793,3778,3763,3748,3733,3718,3703
10656,3856,3841,3794,3779,3764,3749,3734,3719
10657,3872,3857,3842,3795,3780,3765,3750,3735
10658,3888,3873,3858,3843,3796,3781,3766,3751
10659,3904,3889,3874,3859,3844,3797,3782,3767
10660,3920,3905,3890,3875,3860,3845,3798,3783
10661,3936,3921,3906,3891,3876,3861,3846,3799
10662,3952,3937,3922,3907,3892,3877,3862,3847
10663,3968,3953,3938,3923,3908,3893,3878,3863
10664,3984,3969,3954,3939,3924,3909,3894,3879
10665,4000,3985,3970,3955,3940,3925,3910,3895
10666,4016,4001,3986,3971,3956,3941,3926,3911
10667,4032,4017,4002,3987,3972,3957,3942,3927
10668,4048,4033,4018,4003,3988,3973,3958,3943
10669,-1,4049,4034,4019,4004,3989,3974,3959
10670,-1,-1,4050,4035,4020,4005,3990,3975
10671,-1,-1,-1,4051,4036,4021,4006,3991
10672,-1,-1,-1,-1,4052,4037,4022,4007
10673,-1,-1,-1,-1,-1,4053,4038,4023
10674,-1,-1,-1,-1,-1,-1,4054,4039
10675,-1,-1,-1,-1,-1,-1,-1,4055
10676,-1,-1,-1,-1,-1,-1,-1,-1
10677,-1,-1,-1,-1,-1,-1,-1,-1
10678,-1,-1,-1,-1,-1,-1,-1,-1
10679,-1,-1,-1,-1,-1,-1,-1,-1
10680,-1,-1,-1,-1,-1,-1,-1,-1
10681,-1,-1,-1,-1,-1,-1,-1,-1
10682,-1,-1,-1,-1,-1,-1,-1,-1
10683,-1,-1,-1,-1,-1,-1,-1,-1
10684,-1,-1,-1,-1,-1,-1,-1,-1
10685,-1,-1,-1,-1,-1,-1,-1,-1
10686,-1,-1,-1,-1,-1,-1,-1,-1
10687,-1,-1,-1,-1,-1,-1,-1,-1
10688,-1,-1,-1,-1,-1,-1,-1,-1
10689,-1,-1,-1,-1,-1,-1,-1,-1
10690,-1,-1,-1,-1,-1,-1,-1,-1
10691,520,-1,-1,-1,-1,-1,-1,-1
10692,536,521,-1,-1,-1,-1,-1,-1
10693,552,537,522,-1,-1,-1,-1,-1
10694,568,553,538,523,-1,-1,-1,-1
10695,584,569,554,539,524,-1,-1,-1
10696,600,585,570,555,540,525,-1,-1
10697,616,601,586,571,556,541,526,-1
10698,632,617,602,587,572,557,542,527
10699,648,633,618,603,588,573,558,543
10700,664,649,634,619,604,589,574,559
10701,680,665,650,635,620,605,590,575
10702,696,681,666,651,636,621,606,591
10703,712,697,682,667,652,637,622,607
10704,728,713,698,683,668,653,638,623
10705,776,729,714,699,684,669,654,639
10706,792,777,730,715,700,685,670,655
10707,808,793,778,731,716,701,686,671
10708,824,809,794,779,732,717,702,687
10709,840,825,810,795,780,733,718,703
10710,856,841,826,811,796,781,734,719
10711,872,857,842,827,812,797,782,735
10712,888,873,858,843,828,813,798,783
10713,904,889,874,859,844,829,814,799
10714,920,905,890,875,860,845,830,815
10715,936,921,906,891,876,861,846,831
10716,952,937,922,907,892,877,862,847
10717,968,953,938,923,908,893,878,863
10718,984,969,954,939,924,909,894,879
10719,1032,985,970,955,940,925,910,895
10720,1048,1033,986,971,956,941,926,911
10721,1064,1049,1034,987,972,957,942,927
10722,1080,1065,1050,1035,988,973,958,943
10723,1096,1081,1066,1051,1036,989,974,959
10724,1112,1097,1082,1067,1052,1037,990,975
10725,1128,1113,1098,1083,1068,1053,1038,991
10726,1144,1129,1114,1099,1084,1069,1054,1039
10727,1160,1145,1130,1115,1100,1085,1070,1055
10728,1176,1161,1146,1131,1116,1101,1086,1071
10729,1192,1177,1162,1147,1132,1117,1102,1087
10730,1208,1193,1178,1163,1148,1133,1118,1103
10731,1224,1209,1194,1179,1164,1149,1134,1119
10732,1240,1225,1210,1195,1180,1165,1150,1135
10733,1288,1241,1226,1211,1196,1181,1166,1151
10734,1304,1289,1242,1227,1212,1197,1182,1167
10735,1320,1305,1290,1243,1228,1213,1198,1183
10736,1336,1321,1306,1291,1244,1229,1214,1199
10737,1352,1337,1322,1307,1292,1245,1230,1215
10738,1368,1353,1338,1323,1308,1293,1246,1231
10739,1384,1369,1354,1339,1324,1309,1294,1247
10740,1400,1385,1370,1355,1340,1325,1310,1295
10741,1416,1401,1386,1371,1356,1341,1326,1311
10742,1432,1417,1402,1387,1372,1357,1342,1327
10743,1448,1433,1418,1403,1388,1373,1358,1343
10744,1464,1449,1434,1419,1404,1389,1374,1359
10745,1480,1465,1450,1435,1420,1405,1390,1375
10746,1496,1481,1466,1451,1436,1421,1406,1391
10747,1544,1497,1482,1467,1452,1437,1422,1407
10748,1560,1545,1498,1483,1468,1453,1438,1423
10749,1576,1561,1546,1499,1484,1469,1454,1439
10750,1592,1577,1562,1547,1500,1485,1470,1455
10751,1608,1593,1578,1563,1548,1501,1486,1471
10752,1624,1609,1594,1579,1564,1549,1502,1487
10753,1640,1625,1610,1595,1580,1565,1550,1503
10754,1656,1641,1626,1611,1596,1581,1566,1551
10755,1672,1657,1642,1627,1612,1597,1582,1567
10756,1688,1673,1658,1643,1628,1613,1598,1583
10757,1704,1689,1674,1659,1644,1629,1614,1599
10758,1720,1705,1690,1675,1660,1645,1630,1615
10759,1736,1721,1706,1691,1676,1661,1646,1631
10760,1752,1737,1722,1707,1692,1677,1662,1647
10761,1800,1753,1738,1723,1708,1693,1678,1663
10762,1816,1801,1754,1739,1724,1709,1694,1679
10763,1832,1817,1802,1755,1740,1725,1710,1695
10764,1848,1833,1818,1803,1756,1741,1726,1711
10765,1864,1849,1834,1819,1804,1757,1742,1727
10766,1880,1865,1850,1835,1820,1805,1758,1743
10767,1896,1881,1866,1851,1836,1821,1806,1759
10768,1912,1897,1882,1867,1852,1837,1822,1807
10769,1928,1913,1898,1883,1868,1853,1838,1823
10770,1944,1929,1914,1899,1884,1869,1854,1839
10771,1960,1945,1930,1915,1900,1885,1870,1855
10772,1976,1961,1946,1931,1916,1901,1886,1871
10773,1992,1977,1962,1947,1932,1917,1902,1887
10774,2008,1993,1978,1963,1948,1933,1918,1903
10775,2056,2009,1994,1979,1964,1949,1934,1919
10776,2072,2057,2010,1995,1980,1965,1950,1935
10777,2088,2073,2058,2011,1996,1981,1966,1951
10778,2104,2089,2074,2059,2012,1997,1982,1967
10779,2120,2105,2090,2075,2060,2013,1998,1983
10780,2136,2121,2106,2091,2076,2061,2014,1999
10781,2152,2137,2122,2107,2092,2077,2062,2015
10782,2168,2153,2138,2123,2108,2093,2078,2063
10783,2184,2169,2154,2139,2124,2109,2094,2079
10784,2200,2185,2170,2155,2140,2125,2110,2095
10785,2216,2201,2186,2171,2156,2141,2126,2111
10786,2232,2217,2202,2187,2172,2157,2142,2127
10787,2248,2233,2218,2203,2188,2173,2158,2143
10788,2264,2249,2234,2219,2204,2189,2174,2159
10789,2312,2265,2250,2235,2220,2205,2190,2175
10790,2328,2313,2266,2251,2236,2221,2206,2191
10791,2344,2329,2314,2267,2252,2237,2222,2207
10792,2360,2345,2330,2315,2268,2253,2238,2223
10793,2376,2361,2346,2331,2316,2269,2254,2239
10794,2392,2377,2362,2347,2332,2317,2270,2255
10795,2408,2393,2378,2363,2348,2333,2318,2271
10796,2424,2409,2394,2379,2364,2349,2334,2319
10797,2440,2425,2410,2395,2380,2365,2350,2335
10798,2456,2441,2426,2411,2396,2381,2366,2351
10799,2472,2457,2442,2427,2412,2397,2382,2367
10800,2488,2473,2458,2443,2428,2413,2398,2383
10801,2504,2489,2474,2459,2444,2429,2414,2399
10802,2520,2505,2490,2475,2460,2445,2430,2415
10803,2568,2521,2506,2491,2476,2461,2446,2431
10804,2584,2569,2522,2507,2492,2477,2462,2447
10805,2600,2585,2570,2523,2508,2493,2478,2463
10806,2616,2601,2586,2571,2524,2509,2494,2479
10807,2632,2617,2602,2587,2572,2525,2510,2495
10808,2648,2633,2618,2603,2588,2573,2526,2511
10809,2664,2649,2634,2619,2604,2589,2574,2527
10810,2680,2665,2650,2635,2620,2605,2590,2575
10811,2696,2681,2666,2651,2636,2621,2606,2591
10812,2712,2697,2682,2667,2652,2637,2622,2607
10813,2728,2713,2698,2683,2668,2653,2638,2623
10814,2744,2729,2714,2699,2684,2669,2654,2639
10815,2760,2745,2730,2715,2700,2685,2670,2655
10816,2776,2761,2746,2731,2716,2701,2686,2671
10817,2824,2777,2762,2747,2732,2717,2702,2687
10818,2840,2825,2778,2763,2748,2733,2718,2703
10819,2856,2841,2826,2779,2764,2749,2734,2719
10820,2872,2857,2842,2827,2780,2765,2750,2735
10821,2888,2873,2858,2843,2828,2781,2766,2751
10822,2904,2889,2874,2859,2844,2829,2782,2767
10823,2920,2905,2890,2875,2860,2845,2830,2783
10824,2936,2921,2906,2891,2876,2861,2846,2831
10825,2952,2937,2922,2907,2892,2877,2862,2847
10826,2968,2953,2938,2923,2908,2893,2878,2863
10827,2984,2969,2954,2939,2924,2909,2894,2879
10828,3000,2985,2970,2955,2940,2925,2910,2895
10829,3016,3001,2986,2971,2956,2941,2926,2911
10830,3032,3017,3002,2987,2972,2957,2942,2927
10831,3080,3033,3018,3003,2988,2973,2958,2943
10832,3096,3081,3034,3019,3004,2989,2974,2959
10833,3112,3097,3082,3035,3020,3005,2990,2975
10834,3128,3113,3098,3083,3036,3021,3006,2991
10835,3144,3129,3114,3099,3084,3037,3022,3007
10836,3160,3145,3130,3115,3100,3085,3038,3023
10837,3176,3161,3146,3131,3116,3101,3086,3039
10838,3192,3177,3162,3147,3132,3117,3102,3087
10839,3208,3193,3178,3163,3148,3133,3118,3103
10840,3224,3209,3194,3179,3164,3149,3134,3119
10841,3240,3225,3210,3195,3180,3165,3150,3135
10842,3256,3241,3226,3211,3196,3181,3166,3151
10843,3272,3257,3242,3227,3212,3197,3182,3167
10844,3288,3273,3258,3243,3228,3213,3198,3183
10845,3336,3289,3274,3259,3244,3229,3214,3199
10846,3352,3337,3290,3275,3260,3245,3230,3215
10847,3368,3353,3338,3291,3276,3261,3246,3231
10848,3384,3369,3354,3339,3292,3277,3262,3247
10849,3400,3385,3370,3355,3340,3293,3278,3263
10850,3416,3401,3386,3371,3356,3341,3294,3279
10851,3432,3417,3402,3387,3372,3357,3342,3295
10852,3448,3433,3418,3403,3388,3373,3358,3343
10853,3464,3449,3434,3419,3404,3389,3374,3359
10854,3480,3465,3450,3435,3420,3405,3390,3375
10855,3496,3481,3466,3451,3436,3421,3406,3391
10856,3512,3497,3482,3467,3452,3437,3422,3407
10857,3528,3513,3498,3483,3468,3453,3438,3423
10858,3544,3529,3514,3499,3484,3469,3454,3439
10859,3592,3545,3530,3515,3500,3485,3470,3455
10860,3608,3593,3546,3531,3516,3501,3486,3471
10861,3624,3609,3594,3547,3532,3517,3502,3487
10862,3640,3625,3610,3595,3548,3533,3518,3503
10863,3656,3641,3626,3611,3596,3549,3534,3519
10864,3672,3657,3642,3627,3612,3597,3550,3535
10865,3688,3673,3658,3643,3628,3613,3598,3551
10866,3704,3689,3674,3659,3644,3629,3614,3599
10867,3720,3705,3690,3675,3660,3645,3630,3615
10868,3736,3721,3706,3691,3676,3661,3646,3631
10869,3752,3737,3722,3707,3692,3677,3662,3647
10870,3768,3753,3738,3723,3708,3693,3678,3663
10871,3784,3769,3754,3739,3724,3709,3694,3679
10872,3800,3785,3770,3755,3740,3725,3710,3695
10873,3848,3801,3786,3771,3756,3741,3726,3711
10874,3864,3849,3802,3787,3772,3757,3742,3727
10875,3880,3865,3850,3803,3788,3773,3758,3743
10876,3896,3881,3866,3851,3804,3789,3774,3759
10877,3912,3897,3882,3867,3852,3805,3790,3775
10878,3928,3913,3898,3883,3868,3853,3806,3791
10879,3944,3929,3914,3899,3884,3869,3854,3807
10880,3960,3945,3930,3915,3900,3885,3870,3855
10881,3976,3961,3946,3931,3916,3901,3886,3871
10882,3992,3977,3962,3947,3932,3917,3902,3887
10883,4008,3993,3978,3963,3948,3933,3918,3903
10884,4024,4009,3994,3979,3964,3949,3934,3919
10885,4040,4025,4010,3995,3980,3965,3950,3935
10886,4056,4041,4026,4011,3996,3981,3966,3951
10887,-1,4057,4042,4027,4012,3997,3982,3967
10888,-1,-1,4058,4043,4028,4013,3998,3983
10889,-1,-1,-1,4059,4044,4029,4014,3999
10890,-1,-1,-1,-1,4060,4045,4030,4015
10891,-1,-1,-1,-1,-1,4061,4046,4031
10892,-1,-1,-1,-1,-1,-1,4062,4047
10893,-1,-1,-1,-1,-1,-1,-1,4063
10894,-1,-1,-1,-1,-1,-1,-1,-1
10895,-1,-1,-1,-1,-1,-1,-1,-1
10896,-1,-1,-1,-1,-1,-1,-1,-1
10897,-1,-1,-1,-1,-1,-1,-1,-1
10898,-1,-1,-1,-1,-1,-1,-1,-1
10899,-1,-1,-1,-1,-1,-1,-1,-1
10900,-1,-1,-1,-1,-1,-1,-1,-1
10901,-1,-1,-1,-1,-1,-1,-1,-1
10902,-1,-1,-1,-1,-1,-1,-1,-1
10903,-1,-1,-1,-1,-1,-1,-1,-1
10904,-1,-1,-1,-1,-1,-1,-1,-1
10905,-1,-1,-1,-1,-1,-1,-1,-1
10906,-1,-1,-1,-1,-1,-1,-1,-1
10907,-1,-1,-1,-1,-1,-1,-1,-1
10908,-1,-1,-1,-1,-1,-1,-1,-1
10909,528,-1,-1,-1,-1,-1,-1,-1
10910,544,529,-1,-1,-1,-1,-1,-1
10911,560,545,530,-1,-1,-1,-1,-1
10912,576,561,546,531,-1,-1,-1,-1
10913,592,577,562,547,532,-1,-1,-1
10914,608,593,578,563,548,533,-1,-1
10915,624,609,594,579,564,549,534,-1
10916,640,625,610,595,580,565,550,535
10917,656,641,626,611,596,581,566,551
10918,672,657,642,627,612,597,582,567
10919,688,673,658,643,628,613,598,583
10920,704,689,674,659,644,629,614,599
10921,720,705,690,675,660,645,630,615
10922,736,721,706,691,676,661,646,631
10923,784,737,722,707,692,677,662,647
10924,800,785,738,723,708,693,678,663
10925,816,801,786,739,724,709,694,679
10926,832,817,802,787,740,725,710,695
10927,848,833,818,803,788,741,726,711
10928,864,849,834,819,804,789,742,727
10929,880,865,850,835,820,805,790,743
10930,896,881,866,851,836,821,806,791
10931,912,897,882,867,852,837,822,807
10932,928,913,898,883,868,853,838,823
10933,944,929,914,899,884,869,854,839
10934,960,945,930,915,900,885,870,855
10935,976,961,946,931,916,901,886,871
10936,992,977,962,947,932,917,902,887
10937,1040,993,978,963,948,933,918,903
10938,1056,1041,994,979,964,949,934,919
10939,1072,1057,1042,995,980,965,950,935
10940,1088,1073,1058,1043,996,981,966,951
10941,1104,1089,1074,1059,1044,997,982,967
10942,1120,1105,1090,1075,1060,1045,998,983
10943,1136,1121,1106,1091,1076,1061,1046,999
10944,1152,1137,1122,1107,1092,1077,1062,1047
10945,1168,1153,1138,1123,1108,1093,1078,1063
10946,1184,1169,1154,1139,1124,1109,1094,1079
10947,1200,1185,1170,1155,1140,1125,1110,1095
10948,1216,1201,1186,1171,1156,1141,1126,1111
10949,1232,1217,1202,1187,1172,1157,1142,1127
10950,1248,1233,1218,1203,1188,1173,1158,1143
10951,1296,1249,1234,1219,1204,1189,1174,1159
10952,1312,1297,1250,1235,1220,1205,1190,1175
10953,1328,1313,1298,1251,1236,1221,1206,1191
10954,1344,1329,1314,1299,1252,1237,1222,1207
10955,1360,1345,1330,1315,1300,1253,1238,1223
10956,1376,1361,1346,1331,1316,1301,1254,1239
10957,1392,1377,1362,1347,1332,1317,1302,1255
10958,1408,1393,1378,1363,1348,1333,1318,1303
10959,1424,1409,1394,1379,1364,1349,1334,1319
10960,1440,1425,1410,1395,1380,1365,1350,1335
10961,1456,1441,1426,1411,1396,1381,1366,1351
10962,1472,1457,1442,1427,1412,1397,1382,1367
10963,1488,1473,1458,1443,1428,1413,1398,1383
10964,1504,1489,1474,1459,1444,1429,1414,1399
10965,1552,1505,1490,1475,1460,1445,1430,1415
10966,1568,1553,1506,1491,1476,1461,1446,1431
10967,1584,1569,1554,1507,1492,1477,1462,1447
10968,1600,1585,1570,1555,1508,1493,1478,1463
10969,1616,1601,1586,1571,1556,1509,1494,1479
10970,1632,1617,1602,1587,1572,1557,1510,1495
10971,1648,1633,1618,1603,1588,1573,1558,1511
10972,1664,1649,1634,1619,1604,1589,1574,1559
10973,1680,1665,1650,1635,1620,1605,1590,1575
10974,1696,1681,1666,1651,1636,1621,1606,1591
10975,1712,1697,1682,1667,1652,1637,1622,1607
10976,1728,1713,1698,1683,1668,1653,1638,1623
10977,1744,1729,1714,1699,1684,1669,1654,1639
10978,1760,1745,1730,1715,1700,1685,1670,1655
10979,1808,1761,1746,1731,1716,1701,1686,1671
10980,1824,1809,1762,1747,1732,1717,1702,1687
10981,1840,1825,1810,1763,1748,1733,1718,1703
10982,1856,1841,1826,1811,1764,1749,1734,1719
10983,1872,1857,1842,1827,1812,1765,1750,1735
10984,1888,1873,1858,1843,1828,1813,1766,1751
10985,1904,1889,1874,1859,1844,1829,1814,1767
10986,1920,1905,1890,1875,1860,1845,1830,1815
10987,1936,1921,1906,1891,1876,1861,1846,1831
10988,1952,1937,1922,1907,1892,1877,1862,1847
10989,1968,1953,1938,1923,1908,1893,1878,1863
10990,1984,1969,1954,1939,1924,1909,1894,1879
10991,2000,1985,1970,1955,1940,1925,1910,1895
10992,2016,2001,1986,1971,1956,1941,1926,1911
10993,2064,2017,2002,1987,1972,1957,1942,1927
10994,2080,2065,2018,2003,1988,1973,1958,1943
10995,2096,2081,2066,2019,2004,1989,1974,1959
10996,2112,2097,2082,2067,2020,2005,1990,1975
10997,2128,2113,2098,2083,2068,2021,2006,1991
10998,2144,2129,2114,2099,2084,2069,2022,2007
10999,2160,2145,2130,2115,2100,2085,2070,2023
11000,2176,2161,2146,2131,2116,2101,2086,2071
11001,2192,2177,2162,2147,2132,2117,2102,2087
11002,2208,2193,2178,2163,2148,2133,2118,2103
11003,2224,2209,2194,2179,2164,2149,2134,2119
11004,2240,2225,2210,2195,2180,2165,2150,2135
11005,2256,2241,2226,2211,2196,2181,2166,2151
11006,2272,2257,2242,2227,2212,2197,2182,2167
11007,2320,2273,2258,2243,2228,2213,2198,2183
11008,2336,2321,2274,2259,2244,2229,2214,2199
11009,2352,2337,2322,2275,2260,2245,2230,2215
11010,2368,2353,2338,2323,2276,2261,2246,2231
11011,2384,2369,2354,2339,2324,2277,2262,2247
11012,2400,2385,2370,2355,2340,2325,2278,2263
11013,2416,2401,2386,2371,2356,2341,2326,2279
11014,2432,2417,2402,2387,2372,2357,2342,2327
11015,2448,2433,2418,2403,2388,2373,2358,2343
11016,2464,2449,2434,2419,2404,2389,2374,2359
11017,2480,2465,2450,2435,2420,2405,2390,2375
11018,2496,2481,2466,2451,2436,2421,2406,2391
11019,2512,2497,2482,2467,2452,2437,2422,2407
11020,2528,2513,2498,2483,2468,2453,2438,2423
11021,2576,2529,2514,2499,2484,2469,2454,2439
11022,2592,2577,2530,2515,2500,2485,2470,2455
11023,2608,2593,2578,2531,2516,2501,2486,2471
11024,2624,2609,2594,2579,2532,2517,2502,2487
11025,2640,2625,2610,2595,2580,2533,2518,2503
11026,2656,2641,2626,2611,2596,2581,2534,2519
11027,2672,2657,2642,2627,2612,2597,2582,2535
11028,2688,2673,2658,2643,2628,2613,2598,2583
11029,2704,2689,2674,2659,2644,2629,2614,2599
11030,2720,2705,2690,2675,2660,2645,2630,2615
11031,2736,2721,2706,2691,2676,2661,2646,2631
11032,2752,2737,2722,2707,2692,2677,2662,2647
11033,2768,2753,2738,2723,2708,2693,2678,2663
11034,2784,2769,2754,2739,2724,2709,2694,2679
11035,2832,2785,2770,2755,2740,2725,2710,2695
11036,2848,2833,2786,2771,2756,2741,2726,2711
11037,2864,2849,2834,2787,2772,2757,2742,2727
11038,2880,2865,2850,2835,2788,2773,2758,2743
11039,2896,2881,2866,2851,2836,2789,2774,2759
11040,2912,2897,2882,2867,2852,2837,2790,2775
11041,2928,2913,2898,2883,2868,2853,2838,2791
11042,2944,2929,2914,2899,2884,2869,2854,2839
11043,2960,2945,2930,2915,2900,2885,2870,2855
11044,2976,2961,2946,2931,2916,2901,2886,2871
11045,2992,2977,2962,2947,2932,2917,2902,2887
11046,3008,2993,2978,2963,2948,2933,2918,2903
11047,3024,3009,2994,2979,2964,2949,2934,2919
11048,3040,3025,3010,2995,2980,2965,2950,2935
11049,3088,3041,3026,3011,2996,2981,2966,2951
11050,3104,3089,3042,3027,3012,2997,2982,2967
11051,3120,3105,3090,3043,3028,3013,2998,2983
11052,3136,3121,3106,3091,3044,3029,3014,2999
11053,3152,3137,3122,3107,3092,3045,3030,3015
11054,3168,3153,3138,3123,3108,3093,3046,3031
11055,3184,3169,3154,3139,3124,3109,3094,3047
11056,3200,3185,3170,3155,3140,3125,3110,3095
11057,3216,3201,3186,3171,3156,3141,3126,3111
11058,3232,3217,3202,3187,3172,3157,3142,3127
11059,3248,3233,3218,3203,3188,3173,3158,3143
11060,3264,3249,3234,3219,3204,3189,3174,3159
11061,3280,3265,3250,3235,3220,3205,3190,3175
11062,3296,3281,3266,3251,3236,3221,3206,3191
11063,3344,3297,3282,3267,3252,3237,3222,3207
11064,3360,3345,3298,3283,3268,3253,3238,3223
11065,3376,3361,3346,3299,3284,3269,3254,3239
11066,3392,3377,3362,3347,3300,3285,3270,3255
11067,3408,3393,3378,3363,3348,3301,3286,3271
11068,3424,3409,3394,3379,3364,3349,3302,3287
11069,3440,3425,3410,3395,3380,3365,3350,3303
11070,3456,3441,3426,3411,3396,3381,3366,3351
11071,3472,3457,3442,3427,3412,3397,3382,3367
11072,3488,3473,3458,3443,3428,3413,3398,3383
11073,3504,3489,3474,3459,3444,3429,3414,3399
11074,3520,3505,3490,3475,3460,3445,3430,3415
11075,3536,3521,3506,3491,3476,3461,3446,3431
11076,3552,3537,3522,3507,3492,3477,3462,3447
11077,3600,3553,3538,3523,3508,3493,3478,3463
11078,3616,3601,3554,3539,3524,3509,3494,3479
11079,3632,3617,3602,3555,3540,3525,3510,3495
11080,3648,3633,3618,3603,3556,3541,3526,3511
11081,3664,3649,3634,3619,3604,3557,3542,3527
11082,3680,3665,3650,3635,3620,3605,3558,3543
11083,3696,3681,3666,3651,3636,3621,3606,3559
11084,3712,3697,3682,3667,3652,3637,3622,3607
11085,3728,3713,3698,3683,3668,3653,3638,3623
11086,3744,3729,3714,3699,3684,3669,3654,3639
11087,3760,3745,3730,3715,3700,3685,3670,3655
11088,3776,3761,3746,3731,3716,3701,3686,3671
11089,3792,3777,3762,3747,3732,3717,3702,3687
11090,3808,3793,3778,3763,3748,3733,3718,3703
11091,3856,3809,3794,3779,3764,3749,3734,3719
11092,3872,3857,3810,3795,3780,3765,3750,3735
11093,3888,3873,3858,3811,3796,3781,3766,3751
11094,3904,3889,3874,3859,3812,3797,3782,3767
11095,3920,3905,3890,3875,3860,3813,3798,3783
11096,3936,3921,3906,3891,3876,3861,3814,3799
11097,3952,3937,3922,3907,3892,3877,3862,3815
11098,3968,3953,3938,3923,3908,3893,3878,3863
11099,3984,3969,3954,3939,3924,3909,3894,3879
11100,4000,3985,3970,3955,3940,3925,3910,3895
11101,4016,4001,3986,3971,3956,3941,3926,3911
11102,4032,4017,4002,3987,3972,3957,3942,3927
11103,4048,4033,4018,4003,3988,3973,3958,3943
11104,4064,4049,4034,4019,4004,3989,3974,3959
11105,-1,4065,4050,4035,4020,4005,3990,3975
11106,-1,-1,4066,4051,4036,4021,4006,3991
11107,-1,-1,-1,4067,4052,4037,4022,4007
11108,-1,-1,-1,-1,4068,4053,4038,4023
11109,-1,-1,-1,-1,-1,4069,4054,4039
11110,-1,-1,-1,-1,-1,-1,4070,4055
11111,-1,-1,-1,-1,-1,-1,-1,4071
11112,-1,-1,-1,-1,-1,-1,-1,-1
11113,-1,-1,-1,-1,-1,-1,-1,-1
11114,-1,-1,-1,-1,-1,-1,-1,-1
11115,-1,-1,-1,-1,-1,-1,-1,-1
11116,-1,-1,-1,-1,-1,-1,-1,-1
11117,-1,-1,-1,-1,-1,-1,-1,-1
11118,-1,-1,-1,-1,-1,-1,-1,-1
11119,-1,-1,-1,-1,-1,-1,-1,-1
11120,-1,-1,-1,-1,-1,-1,-1,-1
11121,-1,-1,-1,-1,-1,-1,-1,-1
11122,-1,-1,-1,-1,-1,-1,-1,-1
11123,-1,-1,-1,-1,-1,-1,-1,-1
11124,-1,-1,-1,-1,-1,-1,-1,-1
11125,-1,-1,-1,-1,-1,-1,-1,-1
11126,-1,-1,-1,-1,-1,-1,-1,-1
11127,536,-1,-1,-1,-1,-1,-1,-1
11128,552,537,-1,-1,-1,-1,-1,-1
11129,568,553,538,-1,-1,-1,-1,-1
11130,584,569,554,539,-1,-1,-1,-1
11131,600,585,570,555,540,-1,-1,-1
11132,616,601,586,571,556,541,-1,-1
11133,632,617,602,587,572,557,542,-1
11134,648,633,618,603,588,573,558,543
11135,664,649,634,619,604,589,574,559
11136,680,665,650,635,620,605,590,575
11137,696,681,666,651,636,621,606,591
11138,712,697,682,667,652,637,622,607
11139,728,713,698,683,668,653,638,623
11140,744,729,714,699,684,669,654,639
11141,792,745,730,715,700,685,670,655
11142,808,793,746,731,716,701,686,671
11143,824,809,794,747,732,717,702,687
11144,840,825,810,795,748,733,718,703
11145,856,841,826,811,796,749,734,719
11146,872,857,842,827,812,797,750,735
11147,888,873,858,843,828,813,798,751
11148,904,889,874,859,844,829,814,799
11149,920,905,890,875,860,845,830,815
11150,936,921,906,891,876,861,846,831
11151,952,937,922,907,892,877,862,847
11152,968,953,938,923,908,893,878,863
11153,984,969,954,939,924,909,894,879
11154,1000,985,970,955,940,925,910,895
11155,1048,1001,986,971,956,941,926,911
11156,1064,1049,1002,987,972,957,942,927
11157,1080,1065,1050,1003,988,973,958,943
11158,1096,1081,1066,1051,1004,989,974,959
11159,1112,1097,1082,1067,1052,1005,990,975
11160,1128,1113,1098,1083,1068,1053,1006,991
11161,1144,1129,1114,1099,1084,1069,1054,1007
11162,1160,1145,1130,1115,1100,1085,1070,1055
11163,1176,1161,1146,1131,1116,1101,1086,1071
11164,1192,1177,1162,1147,1132,1117,1102,1087
11165,1208,1193,1178,1163,1148,1133,1118,1103
11166,1224,1209,1194,1179,1164,1149,1134,1119
11167,1240,1225,1210,1195,1180,1165,1150,1135
11168,1256,1241,1226,1211,1196,1181,1166,1151
11169,1304,1257,1242,1227,1212,1197,1182,1167
11170,1320,1305,1258,1243,1228,1213,1198,1183
11171,1336,1321,1306,1259,1244,1229,1214,1199
11172,1352,1337,1322,1307,1260,1245,1230,1215
11173,1368,1353,1338,1323,1308,1261,1246,1231
11174,1384,1369,1354,1339,1324,1309,1262,1247
11175,1400,1385,1370,1355,1340,1325,1310,1263
11176,1416,1401,1386,1371,1356,1341,1326,1311
11177,1432,1417,1402,1387,1372,1357,1342,1327
11178,1448,1433,1418,1403,1388,1373,1358,1343
11179,1464,1449,1434,1419,1404,1389,1374,1359
11180,1480,1465,1450,1435,1420,1405,1390,1375
11181,1496,1481,1466,1451,1436,1421,1406,1391
11182,1512,1497,1482,1467,1452,1437,1422,1407
11183,1560,1513,1498,1483,1468,1453,1438,1423
11184,1576,1561,1514,1499,1484,1469,1454,1439
11185,1592,1577,1562,1515,1500,1485,1470,1455
11186,1608,1593,1578,1563,1516,1501,1486,1471
11187,1624,1609,1594,1579,1564,1517,1502,1487
11188,1640,1625,1610,1595,1580,1565,1518,1503
11189,1656,1641,1626,1611,1596,1581,1566,1519
11190,1672,1657,1642,1627,1612,1597,1582,1567
11191,1688,1673,1658,1643,1628,1613,1598,1583
11192,1704,1689,1674,1659,1644,1629,1614,1599
11193,1720,1705,1690,1675,1660,1645,1630,1615
11194,1736,1721,1706,1691,1676,1661,1646,1631
11195,1752,1737,1722,1707,1692,1677,1662,1647
11196,1768,1753,1738,1723,1708,1693,1678,1663
11197,1816,1769,1754,1739,1724,1709,1694,1679
11198,1832,1817,1770,1755,1740,1725,1710,1695
11199,1848,1833,1818,1771,1756,1741,1726,1711
11200,1864,1849,1834,1819,1772,1757,1742,1727
11201,1880,1865,1850,1835,1820,1773,1758,1743
11202,1896,1881,1866,1851,1836,1821,1774,1759
11203,1912,1897,1882,1867,1852,1837,1822,1775
11204,1928,1913,1898,1883,1868,1853,1838,1823
11205,1944,1929,1914,1899,1884,1869,1854,1839
11206,1960,1945,1930,1915,1900,1885,1870,1855
11207,1976,1961,1946,1931,1916,1901,1886,1871
11208,1992,1977,1962,1947,1932,1917,1902,1887
11209,2008,1993,1978,1963,1948,1933,1918,1903
11210,2024,2009,1994,1979,1964,1949,1934,1919
11211,2072,2025,2010,1995,1980,1965,1950,1935
11212,2088,2073,2026,2011,1996,1981,1966,1951
11213,2104,2089,2074,2027,2012,1997,1982,1967
11214,2120,2105,2090,2075,2028,2013,1998,1983
11215,2136,2121,2106,2091,2076,2029,2014,1999
11216,2152,2137,2122,2107,2092,2077,2030,2015
11217,2168,2153,2138,2123,2108,2093,2078,2031
11218,2184,2169,2154,2139,2124,2109,2094,2079
11219,2200,2185,2170,2155,2140,2125,2110,2095
11220,2216,2201,2186,2171,2156,2141,2126,2111
11221,2232,2217,2202,2187,2172,2157,2142,2127
11222,2248,2233,2218,2203,2188,2173,2158,2143
11223,2264,2249,2234,2219,2204,2189,2174,2159
11224,2280,2265,2250,2235,2220,2205,2190,2175
11225,2328,2281,2266,2251,2236,2221,2206,2191
11226,2344,2329,2282,2267,2252,2237,2222,2207
11227,2360,2345,2330,2283,2268,2253,2238,2223
11228,2376,2361,2346,2331,2284,2269,2254,2239
11229,2392,2377,2362,2347,2332,2285,2270,2255
11230,2408,2393,2378,2363,2348,2333,2286,2271
11231,2424,2409,2394,2379,2364,2349,2334,2287
11232,2440,2425,2410,2395,2380,2365,2350,2335
11233,2456,2441,2426,2411,2396,2381,2366,2351
11234,2472,2457,2442,2427,2412,2397,2382,2367
11235,2488,2473,2458,2443,2428,2413,2398,2383
11236,2504,2489,2474,2459,2444,2429,2414,2399
11237,2520,2505,2490,2475,2460,2445,2430,2415
11238,2536,2521,2506,2491,2476,2461,2446,2431
11239,2584,2537,2522,2507,2492,2477,2462,2447
11240,2600,2585,2538,2523,2508,2493,2478,2463
11241,2616,2601,2586,2539,2524,2509,2494,2479
11242,2632,2617,2602,2587,2540,2525,2510,2495
11243,2648,2633,2618,2603,2588,2541,2526,2511
11244,2664,2649,2634,2619,2604,2589,2542,2527
11245,2680,2665,2650,2635,2620,2605,2590,2543
11246,2696,2681,2666,2651,2636,2621,2606,2591
11247,2712,2697,2682,2667,2652,2637,2622,2607
11248,2728,2713,2698,2683,2668,2653,2638,2623
11249,2744,2729,2714,2699,2684,2669,2654,2639
11250,2760,2745,2730,2715,2700,2685,2670,2655
11251,2776,2761,2746,2731,2716,2701,2686,2671
11252,2792,2777,2762,2747,2732,2717,2702,2687
11253,2840,2793,2778,2763,2748,2733,2718,2703
11254,2856,2841,2794,2779,2764,2749,2734,2719
11255,2872,2857,2842,2795,2780,2765,2750,2735
11256,2888,2873,2858,2843,2796,2781,2766,2751
11257,2904,2889,2874,2859,2844,2797,2782,2767
11258,2920,2905,2890,2875,2860,2845,2798,2783
11259,2936,2921,2906,2891,2876,2861,2846,2799
11260,2952,2937,2922,2907,2892,2877,2862,2847
11261,2968,2953,2938,2923,2908,2893,2878,2863
11262,2984,2969,2954,2939,2924,2909,2894,2879
11263,3000,2985,2970,2955,2940,2925,2910,2895
11264,3016,3001,2986,2971,2956,2941,2926,2911
11265,3032,3017,3002,2987,2972,2957,2942,2927
11266,3048,3033,3018,3003,2988,2973,2958,2943
11267,3096,3049,3034,3019,3004,2989,2974,2959
11268,3112,3097,3050,3035,3020,3005,2990,2975
11269,3128,3113,3098,3051,3036,3021,3006,2991
11270,3144,3129,3114,3099,3052,3037,3022,3007
11271,3160,3145,3130,3115,3100,3053,3038,3023
11272,3176,3161,3146,3131,3116,3101,3054,3039
11273,3192,3177,3162,3147,3132,3117,3102,3055
11274,3208,3193,3178,3163,3148,3133,3118,3103
11275,3224,3209,3194,3179,3164,3149,3134,3119
11276,3240,3225,3210,3195,3180,3165,3150,3135
11277,3256,3241,3226,3211,3196,3181,3166,3151
11278,3272,3257,3242,3227,3212,3197,3182,3167
11279,3288,3273,3258,3243,3228,3213,3198,3183
11280,3304,3289,3274,3259,3244,3229,3214,3199
11281,3352,3305,3290,3275,3260,3245,3230,3215
11282,3368,3353,3306,3291,3276,3261,3246,3231
11283,3384,3369,3354,3307,3292,3277,3262,3247
11284,3400,3385,3370,3355,3308,3293,3278,3263
11285,3416,3401,3386,3371,3356,3309,3294,3279
11286,3432,3417,3402,3387,3372,3357,3310,3295
11287,3448,3433,3418,3403,3388,3373,3358,3311
11288,3464,3449,3434,3419,3404,3389,3374,3359
11289,3480,3465,3450,3435,3420,3405,3390,3375
11290,3496,3481,3466,3451,3436,3421,3406,3391
11291,3512,3497,3482,3467,3452,3437,3422,3407
11292,3528,3513,3498,3483,3468,3453,3438,3423
11293,3544,3529,3514,3499,3484,3469,3454,3439
11294,3560,3545,3530,3515,3500,3485,3470,3455
11295,3608,3561,3546,3531,3516,3501,3486,3471
11296,3624,3609,3562,3547,3532,3517,3502,3487
11297,3640,3625,3610,3563,3548,3533,3518,3503
11298,3656,3641,3626,3611,3564,3549,3534,3519
11299,3672,3657,3642,3627,3612,3565,3550,3535
11300,3688,3673,3658,3643,3628,3613,3566,3551
11301,3704,3689,3674,3659,3644,3629,3614,3567
11302,3720,3705,3690,3675,3660,3645,3630,3615
11303,3736,3721,3706,3691,3676,3661,3646,3631
11304,3752,3737,3722,3707,3692,3677,3662,3647
11305,3768,3753,3738,3723,3708,3693,3678,3663
11306,3784,3769,3754,3739,3724,3709,3694,3679
11307,3800,3785,3770,3755,3740,3725,3710,3695
11308,3816,3801,3786,3771,3756,3741,3726,3711
11309,3864,3817,3802,3787,3772,3757,3742,3727
11310,3880,3865,3818,3803,3788,3773,3758,3743
11311,3896,3881,3866,3819,3804,3789,3774,3759
11312,3912,3897,3882,3867,3820,3805,3790,3775
11313,3928,3913,3898,3883,3868,3821,3806,3791
11314,3944,3929,3914,3899,3884,3869,3822,3807
11315,3960,3945,3930,3915,3900,3885,3870,3823
11316,3976,3961,3946,3931,3916,3901,3886,3871
11317,3992,3977,3962,3947,3932,3917,3902,3887
11318,4008,3993,3978,3963,3948,3933,3918,3903
11319,4024,4009,3994,3979,3964,3949,3934,3919
11320,4040,4025,4010,3995,3980,3965,3950,3935
11321,4056,4041,4026,4011,3996,3981,3966,3951
11322,4072,4057,4042,4027,4012,3997,3982,3967
11323,-1,4073,4058,4043,4028,4013,3998,3983
11324,-1,-1,4074,4059,4044,4029,4014,3999
11325,-1,-1,-1,4075,4060,4045,4030,4015
11326,-1,-1,-1,-1,4076,4061,4046,4031
11327,-1,-1,-1,-1,-1,4077,4062,4047
11328,-1,-1,-1,-1,-1,-1,4078,4063
11329,-1,-1,-1,-1,-1,-1,-1,4079
11330,-1,-1,-1,-1,-1,-1,-1,-1
11331,-1,-1,-1,-1,-1,-1,-1,-1
11332,-1,-1,-1,-1,-1,-1,-1,-1
11333,-1,-1,-1,-1,-1,-1,-1,-1
11334,-1,-1,-1,-1,-1,-1,-1,-1
11335,-1,-1,-1,-1,-1,-1,-1,-1
11336,-1,-1,-1,-1,-1,-1,-1,-1
11337,-1,-1,-1,-1,-1,-1,-1,-1
11338,-1,-1,-1,-1,-1,-1,-1,-1
11339,-1,-1,-1,-1,-1,-1,-1,-1
11340,-1,-1,-1,-1,-1,-1,-1,-1
11341,-1,-1,-1,-1,-1,-1,-1,-1
11342,-1,-1,-1,-1,-1,-1,-1,-1
11343,-1,-1,-1,-1,-1,-1,-1,-1
11344,-1,-1,-1,-1,-1,-1,-1,-1
11345,544,-1,-1,-1,-1,-1,-1,-1
11346,560,545,-1,-1,-1,-1,-1,-1
11347,576,561,546,-1,-1,-1,-1,-1
11348,592,577,562,547,-1,-1,-1,-1
11349,608,593,578,563,548,-1,-1,-1
11350,624,609,594,579,564,549,-1,-1
11351,640,625,610,595,580,565,550,-1
11352,656,641,626,611,596,581,566,551
11353,672,657,642,627,612,597,582,567
11354,688,673,658,643,628,613,598,583
11355,704,689,674,659,644,629,614,599
11356,720,705,690,675,660,645,630,615
11357,736,721,706,691,676,661,646,631
11358,752,737,722,707,692,677,662,647
11359,800,753,738,723,708,693,678,663
11360,816,801,754,739,724,709,694,679
11361,832,817,802,755,740,725,710,695
11362,848,833,818,803,756,741,726,711
11363,864,849,834,819,804,757,742,727
11364,880,865,850,835,820,805,758,743
11365,896,881,866,851,836,821,806,759
11366,912,897,882,867,852,837,822,807
11367,928,913,898,883,868,853,838,823
11368,944,929,914,899,884,869,854,839
11369,960,945,930,915,900,885,870,855
11370,976,961,946,931,916,901,886,871
11371,992,977,962,947,932,917,902,887
11372,1008,993,978,963,948,933,918,903
11373,1056,1009,994,979,964,949,934,919
11374,1072,1057,1010,995,980,965,950,935
11375,1088,1073,1058,1011,996,981,966,951
11376,1104,1089,1074,1059,1012,997,982,967
11377,1120,1105,1090,1075,1060,1013,998,983
11378,1136,1121,1106,1091,1076,1061,1014,999
11379,1152,1137,1122,1107,1092,1077,1062,1015
11380,1168,1153,1138,1123,1108,1093,1078,1063
11381,1184,1169,1154,1139,1124,1109,1094,1079
11382,1200,1185,1170,1155,1140,1125,1110,1095
11383,1216,1201,1186,1171,1156,1141,1126,1111
11384,1232,1217,1202,1187,1172,1157,1142,1127
11385,1248,1233,1218,1203,1188,1173,1158,1143
11386,1264,1249,1234,1219,1204,1189,1174,1159
11387,1312,1265,1250,1235,1220,1205,1190,1175
11388,1328,1313,1266,1251,1236,1221,1206,1191
11389,1344,1329,1314,1267,1252,1237,1222,1207
11390,1360,1345,1330,1315,1268,1253,1238,1223
11391,1376,1361,1346,1331,1316,1269,1254,1239
11392,1392,1377,1362,1347,1332,1317,1270,1255
11393,1408,1393,1378,1363,1348,1333,1318,1271
11394,1424,1409,1394,1379,1364,1349,1334,1319
11395,1440,1425,1410,1395,1380,1365,1350,1335
11396,1456,1441,1426,1411,1396,1381,1366,1351
11397,1472,1457,1442,1427,1412,1397,1382,1367
11398,1488,1473,1458,1443,1428,1413,1398,1383
11399,1504,1489,1474,1459,1444,1429,1414,1399
11400,1520,1505,1490,1475,1460,1445,1430,1415
11401,1568,1521,1506,1491,1476,1461,1446,1431
11402,1584,1569,1522,1507,1492,1477,1462,1447
11403,1600,1585,1570,1523,1508,1493,1478,1463
11404,1616,1601,1586,1571,1524,1509,1494,1479
11405,1632,1617,1602,1587,1572,1525,1510,1495
11406,1648,1633,1618,1603,1588,1573,1526,1511
11407,1664,1649,1634,1619,1604,1589,1574,1527
11408,1680,1665,1650,1635,1620,1605,1590,1575
11409,1696,1681,1666,1651,1636,1621,1606,1591
11410,1712,1697,1682,1667,1652,1637,1622,1607
11411,1728,1713,1698,1683,1668,1653,1638,1623
11412,1744,1729,1714,1699,1684,1669,1654,1639
11413,1760,1745,1730,1715,1700,1685,1670,1655
11414,1776,1761,1746,1731,1716,1701,1686,1671
11415,1824,1777,1762,1747,1732,1717,1702,1687
11416,1840,1825,1778,1763,1748,1733,1718,1703
11417,1856,1841,1826,1779,1764,1749,1734,1719
11418,1872,1857,1842,1827,1780,1765,1750,1735
11419,1888,1873,1858,1843,1828,1781,1766,1751
11420,1904,1889,1874,1859,1844,1829,1782,1767
11421,1920,1905,1890,1875,1860,1845,1830,1783
11422,1936,1921,1906,1891,1876,1861,1846,1831
11423,1952,1937,1922,1907,1892,1877,1862,1847
11424,1968,1953,1938,1923,1908,1893,1878,1863
11425,1984,1969,1954,1939,1924,1909,1894,1879
11426,2000,1985,1970,1955,1940,1925,1910,1895
11427,2016,2001,1986,1971,1956,1941,1926,1911
11428,2032,2017,2002,1987,1972,1957,1942,1927
11429,2080,2033,2018,2003,1988,1973,1958,1943
11430,2096,2081,2034,2019,2004,1989,1974,1959
11431,2112,2097,2082,2035,2020,2005,1990,1975
11432,2128,2113,2098,2083,2036,2021,2006,1991
11433,2144,2129,2114,2099,2084,2037,2022,2007
11434,2160,2145,2130,2115,2100,2085,2038,2023
11435,2176,2161,2146,2131,2116,2101,2086,2039
11436,2192,2177,2162,2147,2132,2117,2102,2087
11437,2208,2193,2178,2163,2148,2133,2118,2103
11438,2224,2209,2194,2179,2164,2149,2134,2119
11439,2240,2225,2210,2195,2180,2165,2150,2135
11440,2256,2241,2226,2211,2196,2181,2166,2151
11441,2272,2257,2242,2227,2212,2197,2182,2167
11442,2288,2273,2258,2243,2228,2213,2198,2183
11443,2336,2289,2274,2259,2244,2229,2214,2199
11444,2352,2337,2290,2275,2260,2245,2230,2215
11445,2368,2353,2338,2291,2276,2261,2246,2231
11446,2384,2369,2354,2339,2292,2277,2262,2247
11447,2400,2385,2370,2355,2340,2293,2278,2263
11448,2416,2401,2386,2371,2356,2341,2294,2279
11449,2432,2417,2402,2387,2372,2357,2342,2295
11450,2448,2433,2418,2403,2388,2373,2358,2343
11451,2464,2449,2434,2419,2404,2389,2374,2359
11452,2480,2465,2450,2435,2420,2405,2390,2375
11453,2496,2481,2466,2451,2436,2421,2406,2391
11454,2512,2497,2482,2467,2452,2437,2422,2407
11455,2528,2513,2498,2483,2468,2453,2438,2423
11456,2544,2529,2514,2499,2484,2469,2454,2439
11457,2592,2545,2530,2515,2500,2485,2470,2455
11458,2608,2593,2546,2531,2516,2501,2486,2471
11459,2624,2609,2594,2547,2532,2517,2502,2487
11460,2640,2625,2610,2595,2548,2533,2518,2503
11461,2656,2641,2626,2611,2596,2549,2534,2519
11462,2672,2657,2642,2627,2612,2597,2550,2535
11463,2688,2673,2658,2643,2628,2613,2598,2551
11464,2704,2689,2674,2659,2644,2629,2614,2599
11465,2720,2705,2690,2675,2660,2645,2630,2615
11466,2736,2721,2706,2691,2676,2661,2646,2631
11467,2752,2737,2722,2707,2692,2677,2662,2647
11468,2768,2753,2738,2723,2708,2693,2678,2663
11469,2784,2769,2754,2739,2724,2709,2694,2679
11470,2800,2785,2770,2755,2740,2725,2710,2695
11471,2848,2801,2786,2771,2756,2741,2726,2711
11472,2864,2849,2802,2787,2772,2757,2742,2727
11473,2880,2865,2850,2803,2788,2773,2758,2743
11474,2896,2881,2866,2851,2804,2789,2774,2759
11475,2912,2897,2882,2867,2852,2805,2790,2775
11476,2928,2913,2898,2883,2868,2853,2806,2791
11477,2944,2929,2914,2899,2884,2869,2854,2807
11478,2960,2945,2930,2915,2900,2885,2870,2855
11479,2976,2961,2946,2931,2916,2901,2886,2871
11480,2992,2977,2962,2947,2932,2917,2902,2887
11481,3008,2993,2978,2963,2948,2933,2918,2903
11482,3024,3009,2994,2979,2964,2949,2934,2919
11483,3040,3025,3010,2995,2980,2965,2950,2935
11484,3056,3041,3026,3011,2996,2981,2966,2951
11485,3104,3057,3042,3027,3012,2997,2982,2967
11486,3120,3105,3058,3043,3028,3013,2998,2983
11487,3136,3121,3106,3059,3044,3029,3014,2999
11488,3152,3137,3122,3107,3060,3045,3030,3015
11489,3168,3153,3138,3123,3108,3061,3046,3031
11490,3184,3169,3154,3139,3124,3109,3062,3047
11491,3200,3185,3170,3155,3140,3125,3110,3063
11492,3216,3201,3186,3171,3156,3141,3126,3111
11493,3232,3217,3202,3187,3172,3157,3142,3127
11494,3248,3233,3218,3203,3188,3173,3158,3143
11495,3264,3249,3234,3219,3204,3189,3174,3159
11496,3280,3265,3250,3235,3220,3205,3190,3175
11497,3296,3281,3266,3251,3236,3221,3206,3191
11498,3312,3297,3282,3267,3252,3237,3222,3207
11499,3360,3313,3298,3283,3268,3253,3238,3223
11500,3376,3361,3314,3299,3284,3269,3254,3239
11501,3392,3377,3362,3315,3300,3285,3270,3255
11502,3408,3393,3378,3363,3316,3301,3286,3271
11503,3424,3409,3394,3379,3364,3317,3302,3287
11504,3440,3425,3410,3395,3380,3365,3318,3303
11505,3456,3441,3426,3411,3396,3381,3366,3319
11506,3472,3457,3442,3427,3412,3397,3382,3367
11507,3488,3473,3458,3443,3428,3413,3398,3383
11508,3504,3489,3474,3459,3444,3429,3414,3399
11509,3520,3505,3490,3475,3460,3445,3430,3415
11510,3536,3521,3506,3491,3476,3461,3446,3431
11511,3552,3537,3522,3507,3492,3477,3462,3447
11512,3568,3553,3538,3523,3508,3493,3478,3463
11513,3616,3569,3554,3539,3524,3509,3494,3479
11514,3632,3617,3570,3555,3540,3525,3510,3495
11515,3648,3633,3618,3571,3556,3541,3526,3511
11516,3664,3649,3634,3619,3572,3557,3542,3527
11517,3680,3665,3650,3635,3620,3573,3558,3543
11518,3696,3681,3666,3651,3636,3621,3574,3559
11519,3712,3697,3682,3667,3652,3637,3622,3575
11520,3728,3713,3698,3683,3668,3653,3638,3623
11521,3744,3729,3714,3699,3684,3669,3654,3639
11522,3760,3745,3730,3715,3700,3685,3670,3655
11523,3776,3761,3746,3731,3716,3701,3686,3671
11524,3792,3777,3762,3747,3732,3717,3702,3687
11525,3808,3793,3778,3763,3748,3733,3718,3703
11526,3824,3809,3794,3779,3764,3749,3734,3719
11527,3872,3825,3810,3795,3780,3765,3750,3735
11528,3888,3873,3826,3811,3796,3781,3766,3751
11529,3904,3889,3874,3827,3812,3797,3782,3767
11530,3920,3905,3890,3875,3828,3813,3798,3783
11531,3936,3921,3906,3891,3876,3829,3814,3799
11532,3952,3937,3922,3907,3892,3877,3830,3815
11533,3968,3953,3938,3923,3908,3893,3878,3831
11534,3984,3969,3954,3939,3924,3909,3894,3879
11535,4000,3985,3970,3955,3940,3925,3910,3895
11536,4016,4001,3986,3971,3956,3941,3926,3911
11537,4032,4017,4002,3987,3972,3957,3942,3927
11538,4048,4033,4018,4003,3988,3973,3958,3943
11539,4064,4049,4034,4019,4004,3989,3974,3959
11540,4080,4065,4050,4035,4020,4005,3990,3975
11541,-1,4081,4066,4051,4036,4021,4006,3991
11542,-1,-1,4082,4067,4052,4037,4022,4007
11543,-1,-1,-1,4083,4068,4053,4038,4023
11544,-1,-1,-1,-1,4084,4069,4054,4039
11545,-1,-1,-1,-1,-1,4085,4070,4055
11546,-1,-1,-1,-1,-1,-1,4086,4071
11547,-1,-1,-1,-1,-1,-1,-1,4087
11548,-1,-1,-1,-1,-1,-1,-1,-1
11549,-1,-1,-1,-1,-1,-1,-1,-1
11550,-1,-1,-1,-1,-1,-1,-1,-1
11551,-1,-1,-1,-1,-1,-1,-1,-1
11552,-1,-1,-1,-1,-1,-1,-1,-1
11553,-1,-1,-1,-1,-1,-1,-1,-1
11554,-1,-1,-1,-1,-1,-1,-1,-1
11555,-1,-1,-1,-1,-1,-1,-1,-1
11556,-1,-1,-1,-1,-1,-1,-1,-1
11557,-1,-1,-1,-1,-1,-1,-1,-1
11558,-1,-1,-1,-1,-1,-1,-1,-1
11559,-1,-1,-1,-1,-1,-1,-1,-1
11560,-1,-1,-1,-1,-1,-1,-1,-1
11561,-1,-1,-1,-1,-1,-1,-1,-1
11562,-1,-1,-1,-1,-1,-1,-1,-1
11563,552,-1,-1,-1,-1,-1,-1,-1
11564,568,553,-1,-1,-1,-1,-1,-1
11565,584,569,554,-1,-1,-1,-1,-1
11566,600,585,570,555,-1,-1,-1,-1
11567,616,601,586,571,556,-1,-1,-1
11568,632,617,602,587,572,557,-1,-1
11569,648,633,618,603,588,573,558,-1
11570,664,649,634,619,604,589,574,559
11571,680,665,650,635,620,605,590,575
11572,696,681,666,651,636,621,606,591
11573,712,697,682,667,652,637,622,607
11574,728,713,698,683,668,653,638,623
11575,744,729,714,699,684,669,654,639
11576,760,745,730,715,700,685,670,655
11577,808,761,746,731,716,701,686,671
11578,824,809,762,747,732,717,702,687
11579,840,825,810,763,748,733,718,703
11580,856,841,826,811,764,749,734,719
11581,872,857,842,827,812,765,750,735
11582,888,873,858,843,828,813,766,751
11583,904,889,874,859,844,829,814,767
11584,920,905,890,875,860,845,830,815
11585,936,921,906,891,876,861,846,831
11586,952,937,922,907,892,877,862,847
11587,968,953,938,923,908,893,878,863
11588,984,969,954,939,924,909,894,879
11589,1000,985,970,955,940,925,910,895
11590,1016,1001,986,971,956,941,926,911
11591,1064,1017,1002,987,972,957,942,927
11592,1080,1065,1018,1003,988,973,958,943
11593,1096,1081,1066,1019,1004,989,974,959
11594,1112,1097,1082,1067,1020,1005,990,975
11595,1128,1113,1098,1083,1068,1021,1006,991
11596,1144,1129,1114,1099,1084,1069,1022,1007
11597,1160,1145,1130,1115,1100,1085,1070,1023
11598,1176,1161,1146,1131,1116,1101,1086,1071
11599,1192,1177,1162,1147,1132,1117,1102,1087
11600,1208,1193,1178,1163,1148,1133,1118,1103
11601,1224,1209,1194,1179,1164,1149,1134,1119
11602,1240,1225,1210,1195,1180,1165,1150,1135
11603,1256,1241,1226,1211,1196,1181,1166,1151
11604,1272,1257,1242,1227,1212,1197,1182,1167
11605,1320,1273,1258,1243,1228,1213,1198,1183
11606,1336,1321,1274,1259,1244,1229,1214,1199
11607,1352,1337,1322,1275,1260,1245,1230,1215
11608,1368,1353,1338,1323,1276,1261,1246,1231
11609,1384,1369,1354,1339,1324,1277,1262,1247
11610,1400,1385,1370,1355,1340,1325,1278,1263
11611,1416,1401,1386,1371,1356,1341,1326,1279
11612,1432,1417,1402,1387,1372,1357,1342,1327
11613,1448,1433,1418,1403,1388,1373,1358,1343
11614,1464,1449,1434,1419,1404,1389,1374,1359
11615,1480,1465,1450,1435,1420,1405,1390,1375
11616,1496,1481,1466,1451,1436,1421,1406,1391
11617,1512,1497,1482,1467,1452,1437,1422,1407
11618,1528,1513,1498,1483,1468,1453,1438,1423
11619,1576,1529,1514,1499,1484,1469,1454,1439
11620,1592,1577,1530,1515,1500,1485,1470,1455
11621,1608,1593,1578,1531,1516,1501,1486,1471
11622,1624,1609,1594,1579,1532,1517,1502,1487
11623,1640,1625,1610,1595,1580,1533,1518,1503
11624,1656,1641,1626,1611,1596,1581,1534,1519
11625,1672,1657,1642,1627,1612,1597,1582,1535
11626,1688,1673,1658,1643,1628,1613,1598,1583
11627,1704,1689,1674,1659,1644,1629,1614,1599
11628,1720,1705,1690,1675,1660,1645,1630,1615
11629,1736,1721,1706,1691,1676,1661,1646,1631
11630,1752,1737,1722,1707,1692,1677,1662,1647
11631,1768,1753,1738,1723,1708,1693,1678,1663
11632,1784,1769,1754,1739,1724,1709,1694,1679
11633,1832,1785,1770,1755,1740,1725,1710,1695
11634,1848,1833,1786,1771,1756,1741,1726,1711
11635,1864,1849,1834,1787,1772,1757,1742,1727
11636,1880,1865,1850,1835,1788,1773,1758,1743
11637,1896,1881,1866,1851,1836,1789,1774,1759
11638,1912,1897,1882,1867,1852,1837,1790,1775
11639,1928,1913,1898,1883,1868,1853,1838,1791
11640,1944,1929,1914,1899,1884,1869,1854,1839
11641,1960,1945,1930,1915,1900,1885,1870,1855
11642,1976,1961,1946,1931,1916,1901,1886,1871
11643,1992,1977,1962,1947,1932,1917,1902,1887
11644,2008,1993,1978,1963,1948,1933,1918,1903
11645,2024,2009,1994,1979,1964,1949,1934,1919
11646,2040,2025,2010,1995,1980,1965,1950,1935
11647,2088,2041,2026,2011,1996,1981,1966,1951
11648,2104,2089,2042,2027,2012,1997,1982,1967
11649,2120,2105,2090,2043,2028,2013,1998,1983
11650,2136,2121,2106,2091,2044,2029,2014,1999
11651,2152,2137,2122,2107,2092,2045,2030,2015
11652,2168,2153,2138,2123,2108,2093,2046,2031
11653,2184,2169,2154,2139,2124,2109,2094,2047
11654,2200,2185,2170,2155,2140,2125,2110,2095
11655,2216,2201,2186,2171,2156,2141,2126,2111
11656,2232,2217,2202,2187,2172,2157,2142,2127
11657,2248,2233,2218,2203,2188,2173,2158,2143
11658,2264,2249,2234,2219,2204,2189,2174,2159
11659,2280,2265,2250,2235,2220,2205,2190,2175
11660,2296,2281,2266,2251,2236,2221,2206,2191
11661,2344,2297,2282,2267,2252,2237,2222,2207
11662,2360,2345,2298,2283,2268,2253,2238,2223
11663,2376,2361,2346,2299,2284,2269,2254,2239
11664,2392,2377,2362,2347,2300,2285,2270,2255
11665,2408,2393,2378,2363,2348,2301,2286,2271
11666,2424,2409,2394,2379,2364,2349,2302,2287
11667,2440,2425,2410,2395,2380,2365,2350,2303
11668,2456,2441,2426,2411,2396,2381,2366,2351
11669,2472,2457,2442,2427,2412,2397,2382,2367
11670,2488,2473,2458,2443,2428,2413,2398,2383
11671,2504,2489,2474,2459,2444,2429,2414,2399
11672,2520,2505,2490,2475,2460,2445,2430,2415
11673,2536,2521,2506,2491,2476,2461,2446,2431
11674,2552,2537,2522,2507,2492,2477,2462,2447
11675,2600,2553,2538,2523,2508,2493,2478,2463
11676,2616,2601,2554,2539,2524,2509,2494,2479
11677,2632,2617,2602,2555,2540,2525,2510,2495
11678,2648,2633,2618,2603,2556,2541,2526,2511
11679,2664,2649,2634,2619,2604,2557,2542,2527
11680,2680,2665,2650,2635,2620,2605,2558,2543
11681,2696,2681,2666,2651,2636,2621,2606,2559
11682,2712,2697,2682,2667,2652,2637,2622,2607
11683,2728,2713,2698,2683,2668,2653,2638,2623
11684,2744,2729,2714,2699,2684,2669,2654,2639
11685,2760,2745,2730,2715,2700,2685,2670,2655
11686,2776,2761,2746,2731,2716,2701,2686,2671
11687,2792,2777,2762,2747,2732,2717,2702,2687
11688,2808,2793,2778,2763,2748,2733,2718,2703
11689,2856,2809,2794,2779,2764,2749,2734,2719
11690,2872,2857,2810,2795,2780,2765,2750,2735
11691,2888,2873,2858,2811,2796,2781,2766,2751
11692,2904,2889,2874,2859,2812,2797,2782,2767
11693,2920,2905,2890,2875,2860,2813,2798,2783
11694,2936,2921,2906,2891,2876,2861,2814,2799
11695,2952,2937,2922,2907,2892,2877,2862,2815
11696,2968,2953,2938,2923,2908,2893,2878,2863
11697,2984,2969,2954,2939,2924,2909,2894,2879
11698,3000,2985,2970,2955,2940,2925,2910,2895
11699,3016,3001,2986,2971,2956,2941,2926,2911
11700,3032,3017,3002,2987,2972,2957,2942,2927
11701,3048,3033,3018,3003,2988,2973,2958,2943
11702,3064,3049,3034,3019,3004,2989,2974,2959
11703,3112,3065,3050,3035,3020,3005,2990,2975
11704,3128,3113,3066,3051,3036,3021,3006,2991
11705,3144,3129,3114,3067,3052,3037,3022,3007
11706,3160,3145,3130,3115,3068,3053,3038,3023
11707,3176,3161,3146,3131,3116,3069,3054,3039
11708,3192,3177,3162,3147,3132,3117,3070,3055
11709,3208,3193,3178,3163,3148,3133,3118,3071
11710,3224,3209,3194,3179,3164,3149,3134,3119
11711,3240,3225,3210,3195,3180,3165,3150,3135
11712,3256,3241,3226,3211,3196,3181,3166,3151
11713,3272,3257,3242,3227,3212,3197,3182,3167
11714,3288,3273,3258,3243,3228,3213,3198,3183
11715,3304,3289,3274,3259,3244,3229,3214,3199
11716,3320,3305,3290,3275,3260,3245,3230,3215
11717,3368,3321,3306,3291,3276,3261,3246,3231
11718,3384,3369,3322,3307,3292,3277,3262,3247
11719,3400,3385,3370,3323,3308,3293,3278,3263
11720,3416,3401,3386,3371,3324,3309,3294,3279
11721,3432,3417,3402,3387,3372,3325,3310,3295
11722,3448,3433,3418,3403,3388,3373,3326,3311
11723,3464,3449,3434,3419,3404,3389,3374,3327
11724,3480,3465,3450,3435,3420,3405,3390,3375
11725,3496,3481,3466,3451,3436,3421,3406,3391
11726,3512,3497,3482,3467,3452,3437,3422,3407
11727,3528,3513,3498,3483,3468,3453,3438,3423
11728,3544,3529,3514,3499,3484,3469,3454,3439
11729,3560,3545,3530,3515,3500,3485,3470,3455
11730,3576,3561,3546,3531,3516,3501,3486,3471
11731,3624,3577,3562,3547,3532,3517,3502,3487
11732,3640,3625,3578,3563,3548,3533,3518,3503
11733,3656,3641,3626,3579,3564,3549,3534,3519
11734,3672,3657,3642,3627,3580,3565,3550,3535
11735,3688,3673,3658,3643,3628,3581,3566,3551
11736,3704,3689,3674,3659,3644,3629,3582,3567
11737,3720,3705,3690,3675,3660,3645,3630,3583
11738,3736,3721,3706,3691,3676,3661,3646,3631
11739,3752,3737,3722,3707,3692,3677,3662,3647
11740,3768,3753,3738,3723,3708,3693,3678,3663
11741,3784,3769,3754,3739,3724,3709,3694,3679
11742,3800,3785,3770,3755,3740,3725,3710,3695
11743,3816,3801,3786,3771,3756,3741,3726,3711
11744,3832,3817,3802,3787,3772,3757,3742,3727
11745,3880,3833,3818,3803,3788,3773,3758,3743
11746,3896,3881,3834,3819,3804,3789,3774,3759
11747,3912,3897,3882,3835,3820,3805,3790,3775
11748,3928,3913,3898,3883,3836,3821,3806,3791
11749,3944,3929,3914,3899,3884,3837,3822,3807
11750,3960,3945,3930,3915,3900,3885,3838,3823
11751,3976,3961,3946,3931,3916,3901,3886,3839
11752,3992,3977,3962,3947,3932,3917,3902,3887
11753,4008,3993,3978,3963,3948,3933,3918,3903
11754,4024,4009,3994,3979,3964,3949,3934,3919
11755,4040,4025,4010,3995,3980,3965,3950,3935
11756,4056,4041,4026,4011,3996,3981,3966,3951
11757,4072,4057,4042,4027,4012,3997,3982,3967
11758,4088,4073,4058,4043,4028,4013,3998,3983
11759,-1,4089,4074,4059,4044,4029,4014,3999
11760,-1,-1,4090,4075,4060,4045,4030,4015
11761,-1,-1,-1,4091,4076,4061,4046,4031
11762,-1,-1,-1,-1,4092,4077,4062,4047
11763,-1,-1,-1,-1,-1,4093,4078,4063
11764,-1,-1,-1,-1,-1,-1,4094,4079
11765,-1,-1,-1,-1,-1,-1,-1,4095
11766,-1,-1,-1,-1,-1,-1,-1,-1
11767,-1,-1,-1,-1,-1,-1,-1,-1
11768,-1,-1,-1,-1,-1,-1,-1,-1
11769,-1,-1,-1,-1,-1,-1,-1,-1
11770,-1,-1,-1,-1,-1,-1,-1,-1
11771,-1,-1,-1,-1,-1,-1,-1,-1
11772,-1,-1,-1,-1,-1,-1,-1,-1
11773,-1,-1,-1,-1,-1,-1,-1,-1
11774,-1,-1,-1,-1,-1,-1,-1,-1
11775,-1,-1,-1,-1,-1,-1,-1,-1
11776,-1,-1,-1,-1,-1,-1,-1,-1
11777,-1,-1,-1,-1,-1,-1,-1,-1
11778,-1,-1,-1,-1,-1,-1,-1,-1
11779,-1,-1,-1,-1,-1,-1,-1,-1
11780,-1,-1,-1,-1,-1,-1,-1,-1
11781,0,-1,-1,-1,-1,-1,-1,-1
11782,16,1,-1,-1,-1,-1,-1,-1
11783,32,17,2,-1,-1,-1,-1,-1
11784,48,33,18,3,-1,-1,-1,-1
11785,64,49,34,19,4,-1,-1,-1
11786,80,65,50,35,20,5,-1,-1
11787,96,81,66,51,36,21,6,-1
11788,112,97,82,67,52,37,22,7
11789,128,113,98,83,68,53,38,23
11790,144,129,114,99,84,69,54,39
11791,160,145,130,115,100,85,70,55
11792,176,161,146,131,116,101,86,71
11793,192,177,162,147,132,117,102,87
11794,208,193,178,163,148,133,118,103
11795,256,209,194,179,164,149,134,119
11796,272,257,210,195,180,165,150,135
11797,288,273,258,211,196,181,166,151
11798,304,289,274,259,212,197,182,167
11799,320,305,290,275,260,213,198,183
11800,336,321,306,291,276,261,214,199
11801,352,337,322,307,292,277,262,215
11802,368,353,338,323,308,293,278,263
11803,384,369,354,339,324,309,294,279
11804,400,385,370,355,340,325,310,295
11805,416,401,386,371,356,341,326,311
11806,432,417,402,387,372,357,342,327
11807,448,433,418,403,388,373,358,343
11808,464,449,434,419,404,389,374,359
11809,512,465,450,435,420,405,390,375
11810,528,513,466,451,436,421,406,391
11811,544,529,514,467,452,437,422,407
11812,560,545,530,515,468,453,438,423
11813,576,561,546,531,516,469,454,439
11814,592,577,562,547,532,517,470,455
11815,608,593,578,563,548,533,518,471
11816,624,609,594,579,564,549,534,519
11817,640,625,610,595,580,565,550,535
11818,656,641,626,611,596,581,566,551
11819,672,657,642,627,612,597,582,567
11820,688,673,658,643,628,613,598,583
11821,704,689,674,659,644,629,614,599
11822,720,705,690,675,660,645,630,615
11823,768,721,706,691,676,661,646,631
11824,784,769,722,707,692,677,662,647
11825,800,785,770,723,708,693,678,663
11826,816,801,786,771,724,709,694,679
11827,832,817,802,787,772,725,710,695
11828,848,833,818,803,788,773,726,711
11829,864,849,834,819,804,789,774,727
11830,880,865,850,835,820,805,790,775
11831,896,881,866,851,836,821,806,791
11832,912,897,882,867,852,837,822,807
11833,928,913,898,883,868,853,838,823
11834,944,929,914,899,884,869,854,839
11835,960,945,930,915,900,885,870,855
11836,976,961,946,931,916,901,886,871
11837,1024,977,962,947,932,917,902,887
11838,1040,1025,978,963,948,933,918,903
11839,1056,1041,1026,979,964,949,934,919
11840,1072,1057,1042,1027,980,965,950,935
11841,1088,1073,1058,1043,1028,981,966,951
11842,1104,1089,1074,1059,1044,1029,982,967
11843,1120,1105,1090,1075,1060,1045,1030,983
11844,1136,1121,1106,1091,1076,1061,1046,1031
11845,1152,1137,1122,1107,1092,1077,1062,1047
11846,1168,1153,1138,1123,1108,1093,1078,1063
11847,1184,1169,1154,1139,1124,1109,1094,1079
11848,1200,1185,1170,1155,1140,1125,1110,1095
11849,1216,1201,1186,1171,1156,1141,1126,1111
11850,1232,1217,1202,1187,1172,1157,1142,1127
11851,1280,1233,1218,1203,1188,1173,1158,1143
11852,1296,1281,1234,1219,1204,1189,1174,1159
11853,1312,1297,1282,1235,1220,1205,1190,1175
11854,1328,1313,1298,1283,1236,1221,1206,1191
11855,1344,1329,1314,1299,1284,1237,1222,1207
11856,1360,1345,1330,1315,1300,1285,1238,1223
11857,1376,1361,1346,1331,1316,1301,1286,1239
11858,1392,1377,1362,1347,1332,1317,1302,1287
11859,1408,1393,1378,1363,1348,1333,1318,1303
11860,1424,1409,1394,1379,1364,1349,1334,1319
11861,1440,1425,1410,1395,1380,1365,1350,1335
11862,1456,1441,1426,1411,1396,1381,1366,1351
11863,1472,1457,1442,1427,1412,1397,1382,1367
11864,1488,1473,1458,1443,1428,1413,1398,1383
11865,1536,1489,1474,1459,1444,1429,1414,1399
11866,1552,1537,1490,1475,1460,1445,1430,1415
11867,1568,1553,1538,1491,1476,1461,1446,1431
11868,1584,1569,1554,1539,1492,1477,1462,1447
11869,1600,1585,1570,1555,1540,1493,1478,1463
11870,1616,1601,1586,1571,1556,1541,1494,1479
11871,1632,1617,1602,1587,1572,1557,1542,1495
11872,1648,1633,1618,1603,1588,1573,1558,1543
11873,1664,1649,1634,1619,1604,1589,1574,1559
11874,1680,1665,1650,1635,1620,1605,1590,1575
11875,1696,1681,1666,1651,1636,1621,1606,1591
11876,1712,1697,1682,1667,1652,1637,1622,1607
11877,1728,1713,1698,1683,1668,1653,1638,1623
11878,1744,1729,1714,1699,1684,1669,1654,1639
11879,1792,1745,1730,1715,1700,1685,1670,1655
11880,1808,1793,1746,1731,1716,1701,1686,1671
11881,1824,1809,1794,1747,1732,1717,1702,1687
11882,1840,1825,1810,1795,1748,1733,1718,1703
11883,1856,1841,1826,1811,1796,1749,1734,1719
11884,1872,1857,1842,1827,1812,1797,1750,1735
11885,1888,1873,1858,1843,1828,1813,1798,1751
11886,1904,1889,1874,1859,1844,1829,1814,1799
11887,1920,1905,1890,1875,1860,1845,1830,1815
11888,1936,1921,1906,1891,1876,1861,1846,1831
11889,1952,1937,1922,1907,1892,1877,1862,1847
11890,1968,1953,1938,1923,1908,1893,1878,1863
11891,1984,1969,1954,1939,1924,1909,1894,1879
11892,2000,1985,1970,1955,1940,1925,1910,1895
11893,2048,2001,1986,1971,1956,1941,1926,1911
11894,2064,2049,2002,1987,1972,1957,1942,1927
11895,2080,2065,2050,2003,1988,1973,1958,1943
11896,2096,2081,2066,2051,2004,1989,1974,1959
11897,2112,2097,2082,2067,2052,2005,1990,1975
11898,2128,2113,2098,2083,2068,2053,2006,1991
11899,2144,2129,2114,2099,2084,2069,2054,2007
11900,2160,2145,2130,2115,2100,2085,2070,2055
11901,2176,2161,2146,2131,2116,2101,2086,2071
11902,2192,2177,2162,2147,2132,2117,2102,2087
11903,2208,2193,2178,2163,2148,2133,2118,2103
11904,2224,2209,2194,2179,2164,2149,2134,2119
11905,2240,2225,2210,2195,2180,2165,2150,2135
11906,2256,2241,2226,2211,2196,2181,2166,2151
11907,2304,2257,2242,2227,2212,2197,2182,2167
11908,2320,2305,2258,2243,2228,2213,2198,2183
11909,2336,2321,2306,2259,2244,2229,2214,2199
11910,2352,2337,2322,2307,2260,2245,2230,2215
11911,2368,2353,2338,2323,2308,2261,2246,2231
11912,2384,2369,2354,2339,2324,2309,2262,2247
11913,2400,2385,2370,2355,2340,2325,2310,2263
11914,2416,2401,2386,2371,2356,2341,2326,2311
11915,2432,2417,2402,2387,2372,2357,2342,2327
11916,2448,2433,2418,2403,2388,2373,2358,2343
11917,2464,2449,2434,2419,2404,2389,2374,2359
11918,2480,2465,2450,2435,2420,2405,2390,2375
11919,2496,2481,2466,2451,2436,2421,2406,2391
11920,2512,2497,2482,2467,2452,2437,2422,2407
11921,2560,2513,2498,2483,2468,2453,2438,2423
11922,2576,2561,2514,2499,2484,2469,2454,2439
11923,2592,2577,2562,2515,2500,2485,2470,2455
11924,2608,2593,2578,2563,2516,2501,2486,2471
11925,2624,2609,2594,2579,2564,2517,2502,2487
11926,2640,2625,2610,2595,2580,2565,2518,2503
11927,2656,2641,2626,2611,2596,2581,2566,2519
11928,2672,2657,2642,2627,2612,2597,2582,2567
11929,2688,2673,2658,2643,2628,2613,2598,2583
11930,2704,2689,2674,2659,2644,2629,2614,2599
11931,2720,2705,2690,2675,2660,2645,2630,2615
11932,2736,2721,2706,2691,2676,2661,2646,2631
11933,2752,2737,2722,2707,2692,2677,2662,2647
11934,2768,2753,2738,2723,2708,2693,2678,2663
11935,2816,2769,2754,2739,2724,2709,2694,2679
11936,2832,2817,2770,2755,2740,2725,2710,2695
11937,2848,2833,2818,2771,2756,2741,2726,2711
11938,2864,2849,2834,2819,2772,2757,2742,2727
11939,2880,2865,2850,2835,2820,2773,2758,2743
11940,2896,2881,2866,2851,2836,2821,2774,2759
11941,2912,2897,2882,2867,2852,2837,2822,2775
11942,2928,2913,2898,2883,2868,2853,2838,2823
11943,2944,2929,2914,2899,2884,2869,2854,2839
11944,2960,2945,2930,2915,2900,2885,2870,2855
11945,2976,2961,2946,2931,2916,2901,2886,2871
11946,2992,2977,2962,2947,2932,2917,2902,2887
11947,3008,2993,2978,2963,2948,2933,2918,2903
11948,3024,3009,2994,2979,2964,2949,2934,2919
11949,3072,3025,3010,2995,2980,2965,2950,2935
11950,3088,3073,3026,3011,2996,2981,2966,2951
11951,3104,3089,3074,3027,3012,2997,2982,2967
11952,3120,3105,3090,3075,3028,3013,2998,2983
11953,3136,3121,3106,3091,3076,3029,3014,2999
11954,3152,3137,3122,3107,3092,3077,3030,3015
11955,3168,3153,3138,3123,3108,3093,3078,3031
11956,3184,3169,3154,3139,3124,3109,3094,3079
11957,3200,3185,3170,3155,3140,3125,3110,3095
11958,3216,3201,3186,3171,3156,3141,3126,3111
11959,3232,3217,3202,3187,3172,3157,3142,3127
11960,3248,3233,3218,3203,3188,3173,3158,3143
11961,3264,3249,3234,3219,3204,3189,3174,3159
11962,3280,3265,3250,3235,3220,3205,3190,3175
11963,3328,3281,3266,3251,3236,3221,3206,3191
11964,3344,3329,3282,3267,3252,3237,3222,3207
11965,3360,3345,3330,3283,3268,3253,3238,3223
11966,3376,3361,3346,3331,3284,3269,3254,3239
11967,3392,3377,3362,3347,3332,3285,3270,3255
11968,3408,3393,3378,3363,3348,3333,3286,3271
11969,3424,3409,3394,3379,3364,3349,3334,3287
11970,3440,3425,3410,3395,3380,3365,3350,3335
11971,3456,3441,3426,3411,3396,3381,3366,3351
11972,3472,3457,3442,3427,3412,3397,3382,3367
11973,3488,3473,3458,3443,3428,3413,3398,3383
11974,3504,3489,3474,3459,3444,3429,3414,3399
11975,3520,3505,3490,3475,3460,3445,3430,3415
11976,3536,3521,3506,3491,3476,3461,3446,3431
11977,-1,3537,3522,3507,3492,3477,3462,3447
11978,-1,-1,3538,3523,3508,3493,3478,3463
11979,-1,-1,-1,3539,3524,3509,3494,3479
11980,-1,-1,-1,-1,3540,3525,3510,3495
11981,-1,-1,-1,-1,-1,3541,3526,3511
11982,-1,-1,-1,-1,-1,-1,3542,3527
11983,-1,-1,-1,-1,-1,-1,-1,3543
11984,-1,-1,-1,-1,-1,-1,-1,-1
11985,-1,-1,-1,-1,-1,-1,-1,-1
11986,-1,-1,-1,-1,-1,-1,-1,-1
11987,-1,-1,-1,-1,-1,-1,-1,-1
11988,-1,-1,-1,-1,-1,-1,-1,-1
11989,-1,-1,-1,-1,-1,-1,-1,-1
11990,-1,-1,-1,-1,-1,-1,-1,-1
11991,-1,-1,-1,-1,-1,-1,-1,-1
11992,-1,-1,-1,-1,-1,-1,-1,-1
11993,-1,-1,-1,-1,-1,-1,-1,-1
11994,-1,-1,-1,-1,-1,-1,-1,-1
11995,-1,-1,-1,-1,-1,-1,-1,-1
11996,-1,-1,-1,-1,-1,-1,-1,-1
11997,-1,-1,-1,-1,-1,-1,-1,-1
11998,-1,-1,-1,-1,-1,-1,-1,-1
11999,8,-1,-1,-1,-1,-1,-1,-1
12000,24,9,-1,-1,-1,-1,-1,-1
12001,40,25,10,-1,-1,-1,-1,-1
12002,56,41,26,11,-1,-1,-1,-1
12003,72,57,42,27,12,-1,-1,-1
12004,88,73,58,43,28,13,-1,-1
12005,104,89,74,59,44,29,14,-1
12006,120,105,90,75,60,45,30,15
12007,136,121,106,91,76,61,46,31
12008,152,137,122,107,92,77,62,47
12009,168,153,138,123,108,93,78,63
12010,184,169,154,139,124,109,94,79
12011,200,185,170,155,140,125,110,95
12012,216,201,186,171,156,141,126,111
12013,264,217,202,187,172,157,142,127
12014,280,265,218,203,188,173,158,143
12015,296,281,266,219,204,189,174,159
12016,312,297,282,267,220,205,190,175
12017,328,313,298,283,268,221,206,191
12018,344,329,314,299,284,269,222,207
12019,360,345,330,315,300,285,270,223
12020,376,361,346,331,316,301,286,271
12021,392,377,362,347,332,317,302,287
12022,408,393,378,363,348,333,318,303
12023,424,409,394,379,364,349,334,319
12024,440,425,410,395,380,365,350,335
12025,456,441,426,411,396,381,366,351
12026,472,457,442,427,412,397,382,367
12027,520,473,458,443,428,413,398,383
12028,536,521,474,459,444,429,414,399
12029,552,537,522,475,460,445,430,415
12030,568,553,538,523,476,461,446,431
12031,584,569,554,539,524,477,462,447
12032,600,585,570,555,540,525,478,463
12033,616,601,586,571,556,541,526,479
12034,632,617,602,587,572,557,542,527
12035,648,633,618,603,588,573,558,543
12036,664,649,634,619,604,589,574,559
12037,680,665,650,635,620,605,590,575
12038,696,681,666,651,636,621,606,591
12039,712,697,682,667,652,637,622,607
12040,728,713,698,683,668,653,638,623
12041,776,729,714,699,684,669,654,639
12042,792,777,730,715,700,685,670,655
12043,808,793,778,731,716,701,686,671
12044,824,809,794,779,732,717,702,687
12045,840,825,810,795,780,733,718,703
12046,856,841,826,811,796,781,734,719
12047,872,857,842,827,812,797,782,735
12048,888,873,858,843,828,813,798,783
12049,904,889,874,859,844,829,814,799
12050,920,905,890,875,860,845,830,815
12051,936,921,906,891,876,861,846,831
12052,952,937,922,907,892,877,862,847
12053,968,953,938,923,908,893,878,863
12054,984,969,954,939,924,909,894,879
12055,1032,985,970,955,940,925,910,895
12056,1048,1033,986,971,956,941,926,911
12057,1064,1049,1034,987,972,957,942,927
12058,1080,1065,1050,1035,988,973,958,943
12059,1096,1081,1066,1051,1036,989,974,959
12060,1112,1097,1082,1067,1052,1037,990,975
12061,1128,1113,1098,1083,1068,1053,1038,991
12062,1144,1129,1114,1099,1084,1069,1054,1039
12063,1160,1145,1130,1115,1100,1085,1070,1055
12064,1176,1161,1146,1131,1116,1101,1086,1071
12065,1192,1177,1162,1147,1132,1117,1102,1087
12066,1208,1193,1178,1163,1148,1133,1118,1103
12067,1224,1209,1194,1179,1164,1149,1134,1119
12068,1240,1225,1210,1195,1180,1165,1150,1135
12069,1288,1241,1226,1211,1196,1181,1166,1151
12070,1304,1289,1242,1227,1212,1197,1182,1167
12071,1320,1305,1290,1243,1228,1213,1198,1183
12072,1336,1321,1306,1291,1244,1229,1214,1199
12073,1352,1337,1322,1307,1292,1245,1230,1215
12074,1368,1353,1338,1323,1308,1293,1246,1231
12075,1384,1369,1354,1339,1324,1309,1294,1247
12076,1400,1385,1370,1355,1340,1325,1310,1295
12077,1416,1401,1386,1371,1356,1341,1326,1311
12078,1432,1417,1402,1387,1372,1357,1342,1327
12079,1448,1433,1418,1403,1388,1373,1358,1343
12080,1464,1449,1434,1419,1404,1389,1374,1359
12081,1480,1465,1450,1435,1420,1405,1390,1375
12082,1496,1481,1466,1451,1436,1421,1406,1391
12083,1544,1497,1482,1467,1452,1437,1422,1407
12084,1560,1545,1498,1483,1468,1453,1438,1423
12085,1576,1561,1546,1499,1484,1469,1454,1439
12086,1592,1577,1562,1547,1500,1485,1470,1455
12087,1608,1593,1578,1563,1548,1501,1486,1471
12088,1624,1609,1594,1579,1564,1549,1502,1487
12089,1640,1625,1610,1595,1580,1565,1550,1503
12090,1656,1641,1626,1611,1596,1581,1566,1551
12091,1672,1657,1642,1627,1612,1597,1582,1567
12092,1688,1673,1658,1643,1628,1613,1598,1583
12093,1704,1689,1674,1659,1644,1629,1614,1599
12094,1720,1705,1690,1675,1660,1645,1630,1615
12095,1736,1721,1706,1691,1676,1661,1646,1631
12096,1752,1737,1722,1707,1692,1677,1662,1647
12097,1800,1753,1738,1723,1708,1693,1678,1663
12098,1816,1801,1754,1739,1724,1709,1694,1679
12099,1832,1817,1802,1755,1740,1725,1710,1695
12100,1848,1833,1818,1803,1756,1741,1726,1711
12101,1864,1849,1834,1819,1804,1757,1742,1727
12102,1880,1865,1850,1835,1820,1805,1758,1743
12103,1896,1881,1866,1851,1836,1821,1806,1759
12104,1912,1897,1882,1867,1852,1837,1822,1807
12105,1928,1913,1898,1883,1868,1853,1838,1823
12106,1944,1929,1914,1899,1884,1869,1854,1839
12107,1960,1945,1930,1915,1900,1885,1870,1855
12108,1976,1961,1946,1931,1916,1901,1886,1871
12109,1992,1977,1962,1947,1932,1917,1902,1887
12110,2008,1993,1978,1963,1948,1933,1918,1903
12111,2056,2009,1994,1979,1964,1949,1934,1919
12112,2072,2057,2010,1995,1980,1965,1950,1935
12113,2088,2073,2058,2011,1996,1981,1966,1951
12114,2104,2089,2074,2059,2012,1997,1982,1967
12115,2120,2105,2090,2075,2060,2013,1998,1983
12116,2136,2121,2106,2091,2076,2061,2014,1999
12117,2152,2137,2122,2107,2092,2077,2062,2015
12118,2168,2153,2138,2123,2108,2093,2078,2063
12119,2184,2169,2154,2139,2124,2109,2094,2079
12120,2200,2185,2170,2155,2140,2125,2110,2095
12121,2216,2201,2186,2171,2156,2141,2126,2111
12122,2232,2217,2202,2187,2172,2157,2142,2127
12123,2248,2233,2218,2203,2188,2173,2158,2143
12124,2264,2249,2234,2219,2204,2189,2174,2159
12125,2312,2265,2250,2235,2220,2205,2190,2175
12126,2328,2313,2266,2251,2236,2221,2206,2191
12127,2344,2329,2314,2267,2252,2237,2222,2207
12128,2360,2345,2330,2315,2268,2253,2238,2223
12129,2376,2361,2346,2331,2316,2269,2254,2239
12130,2392,2377,2362,2347,2332,2317,2270,2255
12131,2408,2393,2378,2363,2348,2333,2318,2271
12132,2424,2409,2394,2379,2364,2349,2334,2319
12133,2440,2425,2410,2395,2380,2365,2350,2335
12134,2456,2441,2426,2411,2396,2381,2366,2351
12135,2472,2457,2442,2427,2412,2397,2382,2367
12136,2488,2473,2458,2443,2428,2413,2398,2383
12137,2504,2489,2474,2459,2444,2429,2414,2399
12138,2520,2505,2490,2475,2460,2445,2430,2415
12139,2568,2521,2506,2491,2476,2461,2446,2431
12140,2584,2569,2522,2507,2492,2477,2462,2447
12141,2600,2585,2570,2523,2508,2493,2478,2463
12142,2616,2601,2586,2571,2524,2509,2494,2479
12143,2632,2617,2602,2587,2572,2525,2510,2495
12144,2648,2633,2618,2603,2588,2573,2526,2511
12145,2664,2649,2634,2619,2604,2589,2574,2527
12146,2680,2665,2650,2635,2620,2605,2590,2575
12147,2696,2681,2666,2651,2636,2621,2606,2591
12148,2712,2697,2682,2667,2652,2637,2622,2607
12149,2728,2713,2698,2683,2668,2653,2638,2623
12150,2744,2729,2714,2699,2684,2669,2654,2639
12151,2760,2745,2730,2715,2700,2685,2670,2655
12152,2776,2761,2746,2731,2716,2701,2686,2671
12153,2824,2777,2762,2747,2732,2717,2702,2687
12154,2840,2825,2778,2763,2748,2733,2718,2703
12155,2856,2841,2826,2779,2764,2749,2734,2719
12156,2872,2857,2842,2827,2780,2765,2750,2735
12157,2888,2873,2858,2843,2828,2781,2766,2751
12158,2904,2889,2874,2859,2844,2829,2782,2767
12159,2920,2905,2890,2875,2860,2845,2830,2783
12160,2936,2921,2906,2891,2876,2861,2846,2831
12161,2952,2937,2922,2907,2892,2877,2862,2847
12162,2968,2953,2938,2923,2908,2893,2878,2863
12163,2984,2969,2954,2939,2924,2909,2894,2879
12164,3000,2985,2970,2955,2940,2925,2910,2895
12165,3016,3001,2986,2971,2956,2941,2926,2911
12166,3032,3017,3002,2987,2972,2957,2942,2927
12167,3080,3033,3018,3003,2988,2973,2958,2943
12168,3096,3081,3034,3019,3004,2989,2974,2959
12169,3112,3097,3082,3035,3020,3005,2990,2975
12170,3128,3113,3098,3083,3036,3021,3006,2991
12171,3144,3129,3114,3099,3084,3037,3022,3007
12172,3160,3145,3130,3115,3100,3085,3038,3023
12173,3176,3161,3146,3131,3116,3101,3086,3039
12174,3192,3177,3162,3147,3132,3117,3102,3087
12175,3208,3193,3178,3163,3148,3133,3118,3103
12176,3224,3209,3194,3179,3164,3149,3134,3119
12177,3240,3225,3210,3195,3180,3165,3150,3135
12178,3256,3241,3226,3211,3196,3181,3166,3151
12179,3272,3257,3242,3227,3212,3197,3182,3167
12180,3288,3273,3258,3243,3228,3213,3198,3183
12181,3336,3289,3274,3259,3244,3229,3214,3199
12182,3352,3337,3290,3275,3260,3245,3230,3215
12183,3368,3353,3338,3291,3276,3261,3246,3231
12184,3384,3369,3354,3339,3292,3277,3262,3247
12185,3400,3385,3370,3355,3340,3293,3278,3263
12186,3416,3401,3386,3371,3356,3341,3294,3279
12187,3432,3417,3402,3387,3372,3357,3342,3295
12188,3448,3433,3418,3403,3388,3373,3358,3343
12189,3464,3449,3434,3419,3404,3389,3374,3359
12190,3480,3465,3450,3435,3420,3405,3390,3375
12191,3496,3481,3466,3451,3436,3421,3406,3391
12192,3512,3497,3482,3467,3452,3437,3422,3407
12193,3528,3513,3498,3483,3468,3453,3438,3423
12194,3544,3529,3514,3499,3484,3469,3454,3439
12195,-1,3545,3530,3515,3500,3485,3470,3455
12196,-1,-1,3546,3531,3516,3501,3486,3471
12197,-1,-1,-1,3547,3532,3517,3502,3487
12198,-1,-1,-1,-1,3548,3533,3518,3503
12199,-1,-1,-1,-1,-1,3549,3534,3519
12200,-1,-1,-1,-1,-1,-1,3550,3535
12201,-1,-1,-1,-1,-1,-1,-1,3551
12202,-1,-1,-1,-1,-1,-1,-1,-1
12203,-1,-1,-1,-1,-1,-1,-1,-1
12204,-1,-1,-1,-1,-1,-1,-1,-1
12205,-1,-1,-1,-1,-1,-1,-1,-1
12206,-1,-1,-1,-1,-1,-1,-1,-1
12207,-1,-1,-1,-1,-1,-1,-1,-1
12208,-1,-1,-1,-1,-1,-1,-1,-1
12209,-1,-1,-1,-1,-1,-1,-1,-1
12210,-1,-1,-1,-1,-1,-1,-1,-1
12211,-1,-1,-1,-1,-1,-1,-1,-1
12212,-1,-1,-1,-1,-1,-1,-1,-1
12213,-1,-1,-1,-1,-1,-1,-1,-1
12214,-1,-1,-1,-1,-1,-1,-1,-1
12215,-1,-1,-1,-1,-1,-1,-1,-1
12216,-1,-1,-1,-1,-1,-1,-1,-1
12217,16,-1,-1,-1,-1,-1,-1,-1
12218,32,17,-1,-1,-1,-1,-1,-1
12219,48,33,18,-1,-1,-1,-1,-1
12220,64,49,34,19,-1,-1,-1,-1
12221,80,65,50,35,20,-1,-1,-1
12222,96,81,66,51,36,21,-1,-1
12223,112,97,82,67,52,37,22,-1
12224,128,113,98,83,68,53,38,23
12225,144,129,114,99,84,69,54,39
12226,160,145,130,115,100,85,70,55
12227,176,161,146,131,116,101,86,71
12228,192,177,162,147,132,117,102,87
12229,208,193,178,163,148,133,118,103
12230,224,209,194,179,164,149,134,119
12231,272,225,210,195,180,165,150,135
12232,288,273,226,211,196,181,166,151
12233,304,289,274,227,212,197,182,167
12234,320,305,290,275,228,213,198,183
12235,336,321,306,291,276,229,214,199
12236,352,337,322,307,292,277,230,215
12237,368,353,338,323,308,293,278,231
12238,384,369,354,339,324,309,294,279
12239,400,385,370,355,340,325,310,295
12240,416,401,386,371,356,341,326,311
12241,432,417,402,387,372,357,342,327
12242,448,433,418,403,388,373,358,343
12243,464,449,434,419,404,389,374,359
12244,480,465,450,435,420,405,390,375
12245,528,481,466,451,436,421,406,391
12246,544,529,482,467,452,437,422,407
12247,560,545,530,483,468,453,438,423
12248,576,561,546,531,484,469,454,439
12249,592,577,562,547,532,485,470,455
12250,608,593,578,563,548,533,486,471
12251,624,609,594,579,564,549,534,487
12252,640,625,610,595,580,565,550,535
12253,656,641,626,611,596,581,566,551
12254,672,657,642,627,612,597,582,567
12255,688,673,658,643,628,613,598,583
12256,704,689,674,659,644,629,614,599
12257,720,705,690,675,660,645,630,615
12258,736,721,706,691,676,661,646,631
12259,784,737,722,707,692,677,662,647
12260,800,785,738,723,708,693,678,663
12261,816,801,786,739,724,709,694,679
12262,832,817,802,787,740,725,710,695
12263,848,833,818,803,788,741,726,711
12264,864,849,834,819,804,789,742,727
12265,880,865,850,835,820,805,790,743
12266,896,881,866,851,836,821,806,791
12267,912,897,882,867,852,837,822,807
12268,928,913,898,883,868,853,838,823
12269,944,929,914,899,884,869,854,839
12270,960,945,930,915,900,885,870,855
12271,976,961,946,931,916,901,886,871
12272,992,977,962,947,932,917,902,887
12273,1040,993,978,963,948,933,918,903
12274,1056,1041,994,979,964,949,934,919
12275,1072,1057,1042,995,980,965,950,935
12276,1088,1073,1058,1043,996,981,966,951
12277,1104,1089,1074,1059,1044,997,982,967
12278,1120,1105,1090,1075,1060,1045,998,983
12279,1136,1121,1106,1091,1076,1061,1046,999
12280,1152,1137,1122,1107,1092,1077,1062,1047
12281,1168,1153,1138,1123,1108,1093,1078,1063
12282,1184,1169,1154,1139,1124,1109,1094,1079
12283,1200,1185,1170,1155,1140,1125,1110,1095
12284,1216,1201,1186,1171,1156,1141,1126,1111
12285,1232,1217,1202,1187,1172,1157,1142,1127
12286,1248,1233,1218,1203,1188,1173,1158,1143
12287,1296,1249,1234,1219,1204,1189,1174,1159
12288,1312,1297,1250,1235,1220,1205,1190,1175
12289,1328,1313,1298,1251,1236,1221,1206,1191
12290,1344,1329,1314,1299,1252,1237,1222,1207
12291,1360,1345,1330,1315,1300,1253,1238,1223
12292,1376,1361,1346,1331,1316,1301,1254,1239
12293,1392,1377,1362,1347,1332,1317,1302,1255
12294,1408,1393,1378,1363,1348,1333,1318,1303
12295,1424,1409,1394,1379,1364,1349,1334,1319
12296,1440,1425,1410,1395,1380,1365,1350,1335
12297,1456,1441,1426,1411,1396,1381,1366,1351
12298,1472,1457,1442,1427,1412,1397,1382,1367
12299,1488,1473,1458,1443,1428,1413,1398,1383
12300,1504,1489,1474,1459,1444,1429,1414,1399
12301,1552,1505,1490,1475,1460,1445,1430,1415
12302,1568,1553,1506,1491,1476,1461,1446,1431
12303,1584,1569,1554,1507,1492,1477,1462,1447
12304,1600,1585,1570,1555,1508,1493,1478,1463
12305,1616,1601,1586,1571,1556,1509,1494,1479
12306,1632,1617,1602,1587,1572,1557,1510,1495
12307,1648,1633,1618,1603,1588,1573,1558,1511
12308,1664,1649,1634,1619,1604,1589,1574,1559
12309,1680,1665,1650,1635,1620,1605,1590,1575
12310,1696,1681,1666,1651,1636,1621,1606,1591
12311,1712,1697,1682,1667,1652,1637,1622,1607
12312,1728,1713,1698,1683,1668,1653,1638,1623
12313,1744,1729,1714,1699,1684,1669,1654,1639
12314,1760,1745,1730,1715,1700,1685,1670,1655
12315,1808,1761,1746,1731,1716,1701,1686,1671
12316,1824,1809,1762,1747,1732,1717,1702,1687
12317,1840,1825,1810,1763,1748,1733,1718,1703
12318,1856,1841,1826,1811,1764,1749,1734,1719
12319,1872,1857,1842,1827,1812,1765,1750,1735
12320,1888,1873,1858,1843,1828,1813,1766,1751
12321,1904,1889,1874,1859,1844,1829,1814,1767
12322,1920,1905,1890,1875,1860,1845,1830,1815
12323,1936,1921,1906,1891,1876,1861,1846,1831
12324,1952,1937,1922,1907,1892,1877,1862,1847
12325,1968,1953,1938,1923,1908,1893,1878,1863
12326,1984,1969,1954,1939,1924,1909,1894,1879
12327,2000,1985,1970,1955,1940,1925,1910,1895
12328,2016,2001,1986,1971,1956,1941,1926,1911
12329,2064,2017,2002,1987,1972,1957,1942,1927
12330,2080,2065,2018,2003,1988,1973,1958,1943
12331,2096,2081,2066,2019,2004,1989,1974,1959
12332,2112,2097,2082,2067,2020,2005,1990,1975
12333,2128,2113,2098,2083,2068,2021,2006,1991
12334,2144,2129,2114,2099,2084,2069,2022,2007
12335,2160,2145,2130,2115,2100,2085,2070,2023
12336,2176,2161,2146,2131,2116,2101,2086,2071
12337,2192,2177,2162,2147,2132,2117,2102,2087
12338,2208,2193,2178,2163,2148,2133,2118,2103
12339,2224,2209,2194,2179,2164,2149,2134,2119
12340,2240,2225,2210,2195,2180,2165,2150,2135
12341,2256,2241,2226,2211,2196,2181,2166,2151
12342,2272,2257,2242,2227,2212,2197,2182,2167
12343,2320,2273,2258,2243,2228,2213,2198,2183
12344,2336,2321,2274,2259,2244,2229,2214,2199
12345,2352,2337,2322,2275,2260,2245,2230,2215
12346,2368,2353,2338,2323,2276,2261,2246,2231
12347,2384,2369,2354,2339,2324,2277,2262,2247
12348,2400,2385,2370,2355,2340,2325,2278,2263
12349,2416,2401,2386,2371,2356,2341,2326,2279
12350,2432,2417,2402,2387,2372,2357,2342,2327
12351,2448,2433,2418,2403,2388,2373,2358,2343
12352,2464,2449,2434,2419,2404,2389,2374,2359
12353,2480,2465,2450,2435,2420,2405,2390,2375
12354,2496,2481,2466,2451,2436,2421,2406,2391
12355,2512,2497,2482,2467,2452,2437,2422,2407
12356,2528,2513,2498,2483,2468,2453,2438,2423
12357,2576,2529,2514,2499,2484,2469,2454,2439
12358,2592,2577,2530,2515,2500,2485,2470,2455
12359,2608,2593,2578,2531,2516,2501,2486,2471
12360,2624,2609,2594,2579,2532,2517,2502,2487
12361,2640,2625,2610,2595,2580,2533,2518,2503
12362,2656,2641,2626,2611,2596,2581,2534,2519
12363,2672,2657,2642,2627,2612,2597,2582,2535
12364,2688,2673,2658,2643,2628,2613,2598,2583
12365,2704,2689,2674,2659,2644,2629,2614,2599
12366,2720,2705,2690,2675,2660,2645,2630,2615
12367,2736,2721,2706,2691,2676,2661,2646,2631
12368,2752,2737,2722,2707,2692,2677,2662,2647
12369,2768,2753,2738,2723,2708,2693,2678,2663
12370,2784,2769,2754,2739,2724,2709,2694,2679
12371,2832,2785,2770,2755,2740,2725,2710,2695
12372,2848,2833,2786,2771,2756,2741,2726,2711
12373,2864,2849,2834,2787,2772,2757,2742,2727
12374,2880,2865,2850,2835,2788,2773,2758,2743
12375,2896,2881,2866,2851,2836,2789,2774,2759
12376,2912,2897,2882,2867,2852,2837,2790,2775
12377,2928,2913,2898,2883,2868,2853,2838,2791
12378,2944,2929,2914,2899,2884,2869,2854,2839
12379,2960,2945,2930,2915,2900,2885,2870,2855
12380,2976,2961,2946,2931,2916,2901,2886,2871
12381,2992,2977,2962,2947,2932,2917,2902,2887
12382,3008,2993,2978,2963,2948,2933,2918,2903
12383,3024,3009,2994,2979,2964,2949,2934,2919
12384,3040,3025,3010,2995,2980,2965,2950,2935
12385,3088,3041,3026,3011,2996,2981,2966,2951
12386,3104,3089,3042,3027,3012,2997,2982,2967
12387,3120,3105,3090,3043,3028,3013,2998,2983
12388,3136,3121,3106,3091,3044,3029,3014,2999
12389,3152,3137,3122,3107,3092,3045,3030,3015
12390,3168,3153,3138,3123,3108,3093,3046,3031
12391,3184,3169,3154,3139,3124,3109,3094,3047
12392,3200,3185,3170,3155,3140,3125,3110,3095
12393,3216,3201,3186,3171,3156,3141,3126,3111
12394,3232,3217,3202,3187,3172,3157,3142,3127
12395,3248,3233,3218,3203,3188,3173,3158,3143
12396,3264,3249,3234,3219,3204,3189,3174,3159
12397,3280,3265,3250,3235,3220,3205,3190,3175
12398,3296,3281,3266,3251,3236,3221,3206,3191
12399,3344,3297,3282,3267,3252,3237,3222,3207
12400,3360,3345,3298,3283,3268,3253,3238,3223
12401,3376,3361,3346,3299,3284,3269,3254,3239
12402,3392,3377,3362,3347,3300,3285,3270,3255
12403,3408,3393,3378,3363,3348,3301,3286,3271
12404,3424,3409,3394,3379,3364,3349,3302,3287
12405,3440,3425,3410,3395,3380,3365,3350,3303
12406,3456,3441,3426,3411,3396,3381,3366,3351
12407,3472,3457,3442,3427,3412,3397,3382,3367
12408,3488,3473,3458,3443,3428,3413,3398,3383
12409,3504,3489,3474,3459,3444,3429,3414,3399
12410,3520,3505,3490,3475,3460,3445,3430,3415
12411,3536,3521,3506,3491,3476,3461,3446,3431
12412,3552,3537,3522,3507,3492,3477,3462,3447
12413,-1,3553,3538,3523,3508,3493,3478,3463
12414,-1,-1,3554,3539,3524,3509,3494,3479
12415,-1,-1,-1,3555,3540,3525,3510,3495
12416,-1,-1,-1,-1,3556,3541,3526,3511
12417,-1,-1,-1,-1,-1,3557,3542,3527
12418,-1,-1,-1,-1,-1,-1,3558,3543
12419,-1,-1,-1,-1,-1,-1,-1,3559
12420,-1,-1,-1,-1,-1,-1,-1,-1
12421,-1,-1,-1,-1,-1,-1,-1,-1
12422,-1,-1,-1,-1,-1,-1,-1,-1
12423,-1,-1,-1,-1,-1,-1,-1,-1
12424,-1,-1,-1,-1,-1,-1,-1,-1
12425,-1,-1,-1,-1,-1,-1,-1,-1
12426,-1,-1,-1,-1,-1,-1,-1,-1
12427,-1,-1,-1,-1,-1,-1,-1,-1
12428,-1,-1,-1,-1,-1,-1,-1,-1
12429,-1,-1,-1,-1,-1,-1,-1,-1
12430,-1,-1,-1,-1,-1,-1,-1,-1
12431,-1,-1,-1,-1,-1,-1,-1,-1
12432,-1,-1,-1,-1,-1,-1,-1,-1
12433,-1,-1,-1,-1,-1,-1,-1,-1
12434,-1,-1,-1,-1,-1,-1,-1,-1
12435,24,-1,-1,-1,-1,-1,-1,-1
12436,40,25,-1,-1,-1,-1,-1,-1
12437,56,41,26,-1,-1,-1,-1,-1
12438,72,57,42,27,-1,-1,-1,-1
12439,88,73,58,43,28,-1,-1,-1
12440,104,89,74,59,44,29,-1,-1
12441,120,105,90,75,60,45,30,-1
12442,136,121,106,91,76,61,46,31
12443,152,137,122,107,92,77,62,47
12444,168,153,138,123,108,93,78,63
12445,184,169,154,139,124,109,94,79
12446,200,185,170,155,140,125,110,95
12447,216,201,186,171,156,141,126,111
12448,232,217,202,187,172,157,142,127
12449,280,233,218,203,188,173,158,143
12450,296,281,234,219,204,189,174,159
12451,312,297,282,235,220,205,190,175
12452,328,313,298,283,236,221,206,191
12453,344,329,314,299,284,237,222,207
12454,360,345,330,315,300,285,238,223
12455,376,361,346,331,316,301,286,239
12456,392,377,362,347,332,317,302,287
12457,408,393,378,363,348,333,318,303
12458,424,409,394,379,364,349,334,319
12459,440,425,410,395,380,365,350,335
12460,456,441,426,411,396,381,366,351
12461,472,457,442,427,412,397,382,367
12462,488,473,458,443,428,413,398,383
12463,536,489,474,459,444,429,414,399
12464,552,537,490,475,460,445,430,415
12465,568,553,538,491,476,461,446,431
12466,584,569,554,539,492,477,462,447
12467,600,585,570,555,540,493,478,463
12468,616,601,586,571,556,541,494,479
12469,632,617,602,587,572,557,542,495
12470,648,633,618,603,588,573,558,543
12471,664,649,634,619,604,589,574,559
12472,680,665,650,635,620,605,590,575
12473,696,681,666,651,636,621,606,591
12474,712,697,682,667,652,637,622,607
12475,728,713,698,683,668,653,638,623
12476,744,729,714,699,684,669,654,639
12477,792,745,730,715,700,685,670,655
12478,808,793,746,731,716,701,686,671
12479,824,809,794,747,732,717,702,687
12480,840,825,810,795,748,733,718,703
12481,856,841,826,811,796,749,734,719
12482,872,857,842,827,812,797,750,735
12483,888,873,858,843,828,813,798,751
12484,904,889,874,859,844,829,814,799
12485,920,905,890,875,860,845,830,815
12486,936,921,906,891,876,861,846,831
12487,952,937,922,907,892,877,862,847
12488,968,953,938,923,908,893,878,863
12489,984,969,954,939,924,909,894,879
12490,1000,985,970,955,940,925,910,895
12491,1048,1001,986,971,956,941,926,911
12492,1064,1049,1002,987,972,957,942,927
12493,1080,1065,1050,1003,988,973,958,943
12494,1096,1081,1066,1051,1004,989,974,959
12495,1112,1097,1082,1067,1052,1005,990,975
12496,1128,1113,1098,1083,1068,1053,1006,991
12497,1144,1129,1114,1099,1084,1069,1054,1007
12498,1160,1145,1130,1115,1100,1085,1070,1055
12499,1176,1161,1146,1131,1116,1101,1086,1071
12500,1192,1177,1162,1147,1132,1117,1102,1087
12501,1208,1193,1178,1163,1148,1133,1118,1103
12502,1224,1209,1194,1179,1164,1149,1134,1119
12503,1240,1225,1210,1195,1180,1165,1150,1135
12504,1256,1241,1226,1211,1196,1181,1166,1151
12505,1304,1257,1242,1227,1212,1197,1182,1167
12506,1320,1305,1258,1243,1228,1213,1198,1183
12507,1336,1321,1306,1259,1244,1229,1214,1199
12508,1352,1337,1322,1307,1260,1245,1230,1215
12509,1368,1353,1338,1323,1308,1261,1246,1231
12510,1384,1369,1354,1339,1324,1309,1262,1247
12511,1400,1385,1370,1355,1340,1325,1310,1263
12512,1416,1401,1386,1371,1356,1341,1326,1311
12513,1432,1417,1402,1387,1372,1357,1342,1327
12514,1448,1433,1418,1403,1388,1373,1358,1343
12515,1464,1449,1434,1419,1404,1389,1374,1359
12516,1480,1465,1450,1435,1420,1405,1390,1375
12517,1496,1481,1466,1451,1436,1421,1406,1391
12518,1512,1497,1482,1467,1452,1437,1422,1407
12519,1560,1513,1498,1483,1468,1453,1438,1423
12520,1576,1561,1514,1499,1484,1469,1454,1439
12521,1592,1577,1562,1515,1500,1485,1470,1455
12522,1608,1593,1578,1563,1516,1501,1486,1471
12523,1624,1609,1594,1579,1564,1517,1502,1487
12524,1640,1625,1610,1595,1580,1565,1518,1503
12525,1656,1641,1626,1611,1596,1581,1566,1519
12526,1672,1657,1642,1627,1612,1597,1582,1567
12527,1688,1673,1658,1643,1628,1613,1598,1583
12528,1704,1689,1674,1659,1644,1629,1614,1599
12529,1720,1705,1690,1675,1660,1645,1630,1615
12530,1736,1721,1706,1691,1676,1661,1646,1631
12531,1752,1737,1722,1707,1692,1677,1662,1647
12532,1768,1753,1738,1723,1708,1693,1678,1663
12533,1816,1769,1754,1739,1724,1709,1694,1679
12534,1832,1817,1770,1755,1740,1725,1710,1695
12535,1848,1833,1818,1771,1756,1741,1726,1711
12536,1864,1849,1834,1819,1772,1757,1742,1727
12537,1880,1865,1850,1835,1820,1773,1758,1743
12538,1896,1881,1866,1851,1836,1821,1774,1759
12539,1912,1897,1882,1867,1852,1837,1822,1775
12540,1928,1913,1898,1883,1868,1853,1838,1823
12541,1944,1929,1914,1899,1884,1869,1854,1839
12542,1960,1945,1930,1915,1900,1885,1870,1855
12543,1976,1961,1946,1931,1916,1901,1886,1871
12544,1992,1977,1962,1947,1932,1917,1902,1887
12545,2008,1993,1978,1963,1948,1933,1918,1903
12546,2024,2009,1994,1979,1964,1949,1934,1919
12547,2072,2025,2010,1995,1980,1965,1950,1935
12548,2088,2073,2026,2011,1996,1981,1966,1951
12549,2104,2089,2074,2027,2012,1997,1982,1967
12550,2120,2105,2090,2075,2028,2013,1998,1983
12551,2136,2121,2106,2091,2076,2029,2014,1999
12552,2152,2137,2122,2107,2092,2077,2030,2015
12553,2168,2153,2138,2123,2108,2093,2078,2031
12554,2184,2169,2154,2139,2124,2109,2094,2079
12555,2200,2185,2170,2155,2140,2125,2110,2095
12556,2216,2201,2186,2171,2156,2141,2126,2111
12557,2232,2217,2202,2187,2172,2157,2142,2127
12558,2248,2233,2218,2203,2188,2173,2158,2143
12559,2264,2249,2234,2219,2204,2189,2174,2159
12560,2280,2265,2250,2235,2220,2205,2190,2175
12561,2328,2281,2266,2251,2236,2221,2206,2191
12562,2344,2329,2282,2267,2252,2237,2222,2207
12563,2360,2345,2330,2283,2268,2253,2238,2223
12564,2376,2361,2346,2331,2284,2269,2254,2239
12565,2392,2377,2362,2347,2332,2285,2270,2255
12566,2408,2393,2378,2363,2348,2333,2286,2271
12567,2424,2409,2394,2379,2364,2349,2334,2287
12568,2440,2425,2410,2395,2380,2365,2350,2335
12569,2456,2441,2426,2411,2396,2381,2366,2351
12570,2472,2457,2442,2427,2412,2397,2382,2367
12571,2488,2473,2458,2443,2428,2413,2398,2383
12572,2504,2489,2474,2459,2444,2429,2414,2399
12573,2520,2505,2490,2475,2460,2445,2430,2415
12574,2536,2521,2506,2491,2476,2461,2446,2431
12575,2584,2537,2522,2507,2492,2477,2462,2447
12576,2600,2585,2538,2523,2508,2493,2478,2463
12577,2616,2601,2586,2539,2524,2509,2494,2479
12578,2632,2617,2602,2587,2540,2525,2510,2495
12579,2648,2633,2618,2603,2588,2541,2526,2511
12580,2664,2649,2634,2619,2604,2589,2542,2527
12581,2680,2665,2650,2635,2620,2605,2590,2543
12582,2696,2681,2666,2651,2636,2621,2606,2591
12583,2712,2697,2682,2667,2652,2637,2622,2607
12584,2728,2713,2698,2683,2668,2653,2638,2623
12585,2744,2729,2714,2699,2684,2669,2654,2639
12586,2760,2745,2730,2715,2700,2685,2670,2655
12587,2776,2761,2746,2731,2716,2701,2686,2671
12588,2792,2777,2762,2747,2732,2717,2702,2687
12589,2840,2793,2778,2763,2748,2733,2718,2703
12590,2856,2841,2794,2779,2764,2749,2734,2719
12591,2872,2857,2842,2795,2780,2765,2750,2735
12592,2888,2873,2858,2843,2796,2781,2766,2751
12593,2904,2889,2874,2859,2844,2797,2782,2767
12594,2920,2905,2890,2875,2860,2845,2798,2783
12595,2936,2921,2906,2891,2876,2861,2846,2799
12596,2952,2937,2922,2907,2892,2877,2862,2847
12597,2968,2953,2938,2923,2908,2893,2878,2863
12598,2984,2969,2954,2939,2924,2909,2894,2879
12599,3000,2985,2970,2955,2940,2925,2910,2895
12600,3016,3001,2986,2971,2956,2941,2926,2911
12601,3032,3017,3002,2987,2972,2957,2942,2927
12602,3048,3033,3018,3003,2988,2973,2958,2943
12603,3096,3049,3034,3019,3004,2989,2974,2959
12604,3112,3097,3050,3035,3020,3005,2990,2975
12605,3128,3113,3098,3051,3036,3021,3006,2991
12606,3144,3129,3114,3099,3052,3037,3022,3007
12607,3160,3145,3130,3115,3100,3053,3038,3023
12608,3176,3161,3146,3131,3116,3101,3054,3039
12609,3192,3177,3162,3147,3132,3117,3102,3055
12610,3208,3193,3178,3163,3148,3133,3118,3103
12611,3224,3209,3194,3179,3164,3149,3134,3119
12612,3240,3225,3210,3195,3180,3165,3150,3135
12613,3256,3241,3226,3211,3196,3181,3166,3151
12614,3272,3257,3242,3227,3212,3197,3182,3167
12615,3288,3273,3258,3243,3228,3213,3198,3183
12616,3304,3289,3274,3259,3244,3229,3214,3199
12617,3352,3305,3290,3275,3260,3245,3230,3215
12618,3368,3353,3306,3291,3276,3261,3246,3231
12619,3384,3369,3354,3307,3292,3277,3262,3247
12620,3400,3385,3370,3355,3308,3293,3278,3263
12621,3416,3401,3386,3371,3356,3309,3294,3279
12622,3432,3417,3402,3387,3372,3357,3310,3295
12623,3448,3433,3418,3403,3388,3373,3358,3311
12624,3464,3449,3434,3419,3404,3389,3374,3359
12625,3480,3465,3450,3435,3420,3405,3390,3375
12626,3496,3481,3466,3451,3436,3421,3406,3391
12627,3512,3497,3482,3467,3452,3437,3422,3407
12628,3528,3513,3498,3483,3468,3453,3438,3423
12629,3544,3529,3514,3499,3484,3469,3454,3439
12630,3560,3545,3530,3515,3500,3485,3470,3455
12631,-1,3561,3546,3531,3516,3501,3486,3471
12632,-1,-1,3562,3547,3532,3517,3502,3487
12633,-1,-1,-1,3563,3548,3533,3518,3503
12634,-1,-1,-1,-1,3564,3549,3534,3519
12635,-1,-1,-1,-1,-1,3565,3550,3535
12636,-1,-1,-1,-1,-1,-1,3566,3551
12637,-1,-1,-1,-1,-1,-1,-1,3567
12638,-1,-1,-1,-1,-1,-1,-1,-1
12639,-1,-1,-1,-1,-1,-1,-1,-1
12640,-1,-1,-1,-1,-1,-1,-1,-1
12641,-1,-1,-1,-1,-1,-1,-1,-1
12642,-1,-1,-1,-1,-1,-1,-1,-1
12643,-1,-1,-1,-1,-1,-1,-1,-1
12644,-1,-1,-1,-1,-1,-1,-1,-1
12645,-1,-1,-1,-1,-1,-1,-1,-1
12646,-1,-1,-1,-1,-1,-1,-1,-1
12647,-1,-1,-1,-1,-1,-1,-1,-1
12648,-1,-1,-1,-1,-1,-1,-1,-1
12649,-1,-1,-1,-1,-1,-1,-1,-1
12650,-1,-1,-1,-1,-1,-1,-1,-1
12651,-1,-1,-1,-1,-1,-1,-1,-1
12652,-1,-1,-1,-1,-1,-1,-1,-1
12653,32,-1,-1,-1,-1,-1,-1,-1
12654,48,33,-1,-1,-1,-1,-1,-1
12655,64,49,34,-1,-1,-1,-1,-1
12656,80,65,50,35,-1,-1,-1,-1
12657,96,81,66,51,36,-1,-1,-1
12658,112,97,82,67,52,37,-1,-1
12659,128,113,98,83,68,53,38,-1
12660,144,129,114,99,84,69,54,39
12661,160,145,130,115,100,85,70,55
12662,176,161,146,131,116,101,86,71
12663,192,177,162,147,132,117,102,87
12664,208,193,178,163,148,133,118,103
12665,224,209,194,179,164,149,134,119
12666,240,225,210,195,180,165,150,135
12667,288,241,226,211,196,181,166,151
12668,304,289,242,227,212,197,182,167
12669,320,305,290,243,228,213,198,183
12670,336,321,306,291,244,229,214,199
12671,352,337,322,307,292,245,230,215
12672,368,353,338,323,308,293,246,231
12673,384,369,354,339,324,309,294,247
12674,400,385,370,355,340,325,310,295
12675,416,401,386,371,356,341,326,311
12676,432,417,402,387,372,357,342,327
12677,448,433,418,403,388,373,358,343
12678,464,449,434,419,404,389,374,359
12679,480,465,450,435,420,405,390,375
12680,496,481,466,451,436,421,406,391
12681,544,497,482,467,452,437,422,407
12682,560,545,498,483,468,453,438,423
12683,576,561,546,499,484,469,454,439
12684,592,577,562,547,500,485,470,455
12685,608,593,578,563,548,501,486,471
12686,624,609,594,579,564,549,502,487
12687,640,625,610,595,580,565,550,503
12688,656,641,626,611,596,581,566,551
12689,672,657,642,627,612,597,582,567
12690,688,673,658,643,628,613,598,583
12691,704,689,674,659,644,629,614,599
12692,720,705,690,675,660,645,630,615
12693,736,721,706,691,676,661,646,631
12694,752,737,722,707,692,677,662,647
12695,800,753,738,723,708,693,678,663
12696,816,801,754,739,724,709,694,679
12697,832,817,802,755,740,725,710,695
12698,848,833,818,803,756,741,726,711
12699,864,849,834,819,804,757,742,727
12700,880,865,850,835,820,805,758,743
12701,896,881,866,851,836,821,806,759
12702,912,897,882,867,852,837,822,807
12703,928,913,898,883,868,853,838,823
12704,944,929,914,899,884,869,854,839
12705,960,945,930,915,900,885,870,855
12706,976,961,946,931,916,901,886,871
12707,992,977,962,947,932,917,902,887
12708,1008,993,978,963,948,933,918,903
12709,1056,1009,994,979,964,949,934,919
12710,1072,1057,1010,995,980,965,950,935
12711,1088,1073,1058,1011,996,981,966,951
12712,1104,1089,1074,1059,1012,997,982,967
12713,1120,1105,1090,1075,1060,1013,998,983
12714,1136,1121,1106,1091,1076,1061,1014,999
12715,1152,1137,1122,1107,1092,1077,1062,1015
12716,1168,1153,1138,1123,1108,1093,1078,1063
12717,1184,1169,1154,1139,1124,1109,1094,1079
12718,1200,1185,1170,1155,1140,1125,1110,1095
12719,1216,1201,1186,1171,1156,1141,1126,1111
12720,1232,1217,1202,1187,1172,1157,1142,1127
12721,1248,1233,1218,1203,1188,1173,1158,1143
12722,1264,1249,1234,1219,1204,1189,1174,1159
12723,1312,1265,1250,1235,1220,1205,1190,1175
12724,1328,1313,1266,1251,1236,1221,1206,1191
12725,1344,1329,1314,1267,1252,1237,1222,1207
12726,1360,1345,1330,1315,1268,1253,1238,1223
12727,1376,1361,1346,1331,1316,1269,1254,1239
12728,1392,1377,1362,1347,1332,1317,1270,1255
12729,1408,1393,1378,1363,1348,1333,1318,1271
12730,1424,1409,1394,1379,1364,1349,1334,1319
12731,1440,1425,1410,1395,1380,1365,1350,1335
12732,1456,1441,1426,1411,1396,1381,1366,1351
12733,1472,1457,1442,1427,1412,1397,1382,1367
12734,1488,1473,1458,1443,1428,1413,1398,1383
12735,1504,1489,1474,1459,1444,1429,1414,1399
12736,1520,1505,1490,1475,1460,1445,1430,1415
12737,1568,1521,1506,1491,1476,1461,1446,1431
12738,1584,1569,1522,1507,1492,1477,1462,1447
12739,1600,1585,1570,1523,1508,1493,1478,1463
12740,1616,1601,1586,1571,1524,1509,1494,1479
12741,1632,1617,1602,1587,1572,1525,1510,1495
12742,1648,1633,1618,1603,1588,1573,1526,1511
12743,1664,1649,1634,1619,1604,1589,1574,1527
12744,1680,1665,1650,1635,1620,1605,1590,1575
12745,1696,1681,1666,1651,1636,1621,1606,1591
12746,1712,1697,1682,1667,1652,1637,1622,1607
12747,1728,1713,1698,1683,1668,1653,1638,1623
12748,1744,1729,1714,1699,1684,1669,1654,1639
12749,1760,1745,1730,1715,1700,1685,1670,1655
12750,1776,1761,1746,1731,1716,1701,1686,1671
12751,1824,1777,1762,1747,1732,1717,1702,1687
12752,1840,1825,1778,1763,1748,1733,1718,1703
12753,1856,1841,1826,1779,1764,1749,1734,1719
12754,1872,1857,1842,1827,1780,1765,1750,1735
12755,1888,1873,1858,1843,1828,1781,1766,1751
12756,1904,1889,1874,1859,1844,1829,1782,1767
12757,1920,1905,1890,1875,1860,1845,1830,1783
12758,1936,1921,1906,1891,1876,1861,1846,1831
12759,1952,1937,1922,1907,1892,1877,1862,1847
12760,1968,1953,1938,1923,1908,1893,1878,1863
12761,1984,1969,1954,1939,1924,1909,1894,1879
12762,2000,1985,1970,1955,1940,1925,1910,1895
12763,2016,2001,1986,1971,1956,1941,1926,1911
12764,2032,2017,2002,1987,1972,1957,1942,1927
12765,2080,2033,2018,2003,1988,1973,1958,1943
12766,2096,2081,2034,2019,2004,1989,1974,1959
12767,2112,2097,2082,2035,2020,2005,1990,1975
12768,2128,2113,2098,2083,2036,2021,2006,1991
12769,2144,2129,2114,2099,2084,2037,2022,2007
12770,2160,2145,2130,2115,2100,2085,2038,2023
12771,2176,2161,2146,2131,2116,2101,2086,2039
12772,2192,2177,2162,2147,2132,2117,2102,2087
12773,2208,2193,2178,2163,2148,2133,2118,2103
12774,2224,2209,2194,2179,2164,2149,2134,2119
12775,2240,2225,2210,2195,2180,2165,2150,2135
12776,2256,2241,2226,2211,2196,2181,2166,2151
12777,2272,2257,2242,2227,2212,2197,2182,2167
12778,2288,2273,2258,2243,2228,2213,2198,2183
12779,2336,2289,2274,2259,2244,2229,2214,2199
12780,2352,2337,2290,2275,2260,2245,2230,2215
12781,2368,2353,2338,2291,2276,2261,2246,2231
12782,2384,2369,2354,2339,2292,2277,2262,2247
12783,2400,2385,2370,2355,2340,2293,2278,2263
12784,2416,2401,2386,2371,2356,2341,2294,2279
12785,2432,2417,2402,2387,2372,2357,2342,2295
12786,2448,2433,2418,2403,2388,2373,2358,2343
12787,2464,2449,2434,2419,2404,2389,2374,2359
12788,2480,2465,2450,2435,2420,2405,2390,2375
12789,2496,2481,2466,2451,2436,2421,2406,2391
12790,2512,2497,2482,2467,2452,2437,2422,2407
12791,2528,2513,2498,2483,2468,2453,2438,2423
12792,2544,2529,2514,2499,2484,2469,2454,2439
12793,2592,2545,2530,2515,2500,2485,2470,2455
12794,2608,2593,2546,2531,2516,2501,2486,2471
12795,2624,2609,2594,2547,2532,2517,2502,2487
12796,2640,2625,2610,2595,2548,2533,2518,2503
12797,2656,2641,2626,2611,2596,2549,2534,2519
12798,2672,2657,2642,2627,2612,2597,2550,2535
12799,2688,2673,2658,2643,2628,2613,2598,2551
12800,2704,2689,2674,2659,2644,2629,2614,2599
12801,2720,2705,2690,2675,2660,2645,2630,2615
12802,2736,2721,2706,2691,2676,2661,2646,2631
12803,2752,2737,2722,2707,2692,2677,2662,2647
12804,2768,2753,2738,2723,2708,2693,2678,2663
12805,2784,2769,2754,2739,2724,2709,2694,2679
12806,2800,2785,2770,2755,2740,2725,2710,2695
12807,2848,2801,2786,2771,2756,2741,2726,2711
12808,2864,2849,2802,2787,2772,2757,2742,2727
12809,2880,2865,2850,2803,2788,2773,2758,2743
12810,2896,2881,2866,2851,2804,2789,2774,2759
12811,2912,2897,2882,2867,2852,2805,2790,2775
12812,2928,2913,2898,2883,2868,2853,2806,2791
12813,2944,2929,2914,2899,2884,2869,2854,2807
12814,2960,2945,2930,2915,2900,2885,2870,2855
12815,2976,2961,2946,2931,2916,2901,2886,2871
12816,2992,2977,2962,2947,2932,2917,2902,2887
12817,3008,2993,2978,2963,2948,2933,2918,2903
12818,3024,3009,2994,2979,2964,2949,2934,2919
12819,3040,3025,3010,2995,2980,2965,2950,2935
12820,3056,3041,3026,3011,2996,2981,2966,2951
12821,3104,3057,3042,3027,3012,2997,2982,2967
12822,3120,3105,3058,3043,3028,3013,2998,2983
12823,3136,3121,3106,3059,3044,3029,3014,2999
12824,3152,3137,3122,3107,3060,3045,3030,3015
12825,3168,3153,3138,3123,3108,3061,3046,3031
12826,3184,3169,3154,3139,3124,3109,3062,3047
12827,3200,3185,3170,3155,3140,3125,3110,3063
12828,3216,3201,3186,3171,3156,3141,3126,3111
12829,3232,3217,3202,3187,3172,3157,3142,3127
12830,3248,3233,3218,3203,3188,3173,3158,3143
12831,3264,3249,3234,3219,3204,3189,3174,3159
12832,3280,3265,3250,3235,3220,3205,3190,3175
12833,3296,3281,3266,3251,3236,3221,3206,3191
12834,3312,3297,3282,3267,3252,3237,3222,3207
12835,3360,3313,3298,3283,3268,3253,3238,3223
12836,3376,3361,3314,3299,3284,3269,3254,3239
12837,3392,3377,3362,3315,3300,3285,3270,3255
12838,3408,3393,3378,3363,3316,3301,3286,3271
12839,3424,3409,3394,3379,3364,3317,3302,3287
12840,3440,3425,3410,3395,3380,3365,3318,3303
12841,3456,3441,3426,3411,3396,3381,3366,3319
12842,3472,3457,3442,3427,3412,3397,3382,3367
12843,3488,3473,3458,3443,3428,3413,3398,3383
12844,3504,3489,3474,3459,3444,3429,3414,3399
12845,3520,3505,3490,3475,3460,3445,3430,3415
12846,3536,3521,3506,3491,3476,3461,3446,3431
12847,3552,3537,3522,3507,3492,3477,3462,3447
12848,3568,3553,3538,3523,3508,3493,3478,3463
12849,-1,3569,3554,3539,3524,3509,3494,3479
12850,-1,-1,3570,3555,3540,3525,3510,3495
12851,-1,-1,-1,3571,3556,3541,3526,3511
12852,-1,-1,-1,-1,3572,3557,3542,3527
12853,-1,-1,-1,-1,-1,3573,3558,3543
12854,-1,-1,-1,-1,-1,-1,3574,3559
12855,-1,-1,-1,-1,-1,-1,-1,3575
12856,-1,-1,-1,-1,-1,-1,-1,-1
12857,-1,-1,-1,-1,-1,-1,-1,-1
12858,-1,-1,-1,-1,-1,-1,-1,-1
12859,-1,-1,-1,-1,-1,-1,-1,-1
12860,-1,-1,-1,-1,-1,-1,-1,-1
12861,-1,-1,-1,-1,-1,-1,-1,-1
12862,-1,-1,-1,-1,-1,-1,-1,-1
12863,-1,-1,-1,-1,-1,-1,-1,-1
12864,-1,-1,-1,-1,-1,-1,-1,-1
12865,-1,-1,-1,-1,-1,-1,-1,-1
12866,-1,-1,-1,-1,-1,-1,-1,-1
12867,-1,-1,-1,-1,-1,-1,-1,-1
12868,-1,-1,-1,-1,-1,-1,-1,-1
12869,-1,-1,-1,-1,-1,-1,-1,-1
12870,-1,-1,-1,-1,-1,-1,-1,-1
12871,40,-1,-1,-1,-1,-1,-1,-1
12872,56,41,-1,-1,-1,-1,-1,-1
12873,72,57,42,-1,-1,-1,-1,-1
12874,88,73,58,43,-1,-1,-1,-1
12875,104,89,74,59,44,-1,-1,-1
12876,120,105,90,75,60,45,-1,-1
12877,136,121,106,91,76,61,46,-1
12878,152,137,122,107,92,77,62,47
12879,168,153,138,123,108,93,78,63
12880,184,169,154,139,124,109,94,79
12881,200,185,170,155,140,125,110,95
12882,216,201,186,171,156,141,126,111
12883,232,217,202,187,172,157,142,127
12884,248,233,218,203,188,173,158,143
12885,296,249,234,219,204,189,174,159
12886,312,297,250,235,220,205,190,175
12887,328,313,298,251,236,221,206,191
12888,344,329,314,299,252,237,222,207
12889,360,345,330,315,300,253,238,223
12890,376,361,346,331,316,301,254,239
12891,392,377,362,347,332,317,302,255
12892,408,393,378,363,348,333,318,303
12893,424,409,394,379,364,349,334,319
12894,440,425,410,395,380,365,350,335
12895,456,441,426,411,396,381,366,351
12896,472,457,442,427,412,397,382,367
12897,488,473,458,443,428,413,398,383
12898,504,489,474,459,444,429,414,399
12899,552,505,490,475,460,445,430,415
12900,568,553,506,491,476,461,446,431
12901,584,569,554,507,492,477,462,447
12902,600,585,570,555,508,493,478,463
12903,616,601,586,571,556,509,494,479
12904,632,617,602,587,572,557,510,495
12905,648,633,618,603,588,573,558,511
12906,664,649,634,619,604,589,574,559
12907,680,665,650,635,620,605,590,575
12908,696,681,666,651,636,621,606,591
12909,712,697,682,667,652,637,622,607
12910,728,713,698,683,668,653,638,623
12911,744,729,714,699,684,669,654,639
12912,760,745,730,715,700,685,670,655
12913,808,761,746,731,716,701,686,671
12914,824,809,762,747,732,717,702,687
12915,840,825,810,763,748,733,718,703
12916,856,841,826,811,764,749,734,719
12917,872,857,842,827,812,765,750,735
12918,888,873,858,843,828,813,766,751
12919,904,889,874,859,844,829,814,767
12920,920,905,890,875,860,845,830,815
12921,936,921,906,891,876,861,846,831
12922,952,937,922,907,892,877,862,847
12923,968,953,938,923,908,893,878,863
12924,984,969,954,939,924,909,894,879
12925,1000,985,970,955,940,925,910,895
12926,1016,1001,986,971,956,941,926,911
12927,1064,1017,1002,987,972,957,942,927
12928,1080,1065,1018,1003,988,973,958,943
12929,1096,1081,1066,1019,1004,989,974,959
12930,1112,1097,1082,1067,1020,1005,990,975
12931,1128,1113,1098,1083,1068,1021,1006,991
12932,1144,1129,1114,1099,1084,1069,1022,1007
12933,1160,1145,1130,1115,1100,1085,1070,1023
12934,1176,1161,1146,1131,1116,1101,1086,1071
12935,1192,1177,1162,1147,1132,1117,1102,1087
12936,1208,1193,1178,1163,1148,1133,1118,1103
12937,1224,1209,1194,1179,1164,1149,1134,1119
12938,1240,1225,1210,1195,1180,1165,1150,1135
12939,1256,1241,1226,1211,1196,1181,1166,1151
12940,1272,1257,1242,1227,1212,1197,1182,1167
12941,1320,1273,1258,1243,1228,1213,1198,1183
12942,1336,1321,1274,1259,1244,1229,1214,1199
12943,1352,1337,1322,1275,1260,1245,1230,1215
12944,1368,1353,1338,1323,1276,1261,1246,1231
12945,1384,1369,1354,1339,1324,1277,1262,1247
12946,1400,1385,1370,1355,1340,1325,1278,1263
12947,1416,1401,1386,1371,1356,1341,1326,1279
12948,1432,1417,1402,1387,1372,1357,1342,1327
12949,1448,1433,1418,1403,1388,1373,1358,1343
12950,1464,1449,1434,1419,1404,1389,1374,1359
12951,1480,1465,1450,1435,1420,1405,1390,1375
12952,1496,1481,1466,1451,1436,1421,1406,1391
12953,1512,1497,1482,1467,1452,1437,1422,1407
12954,1528,1513,1498,1483,1468,1453,1438,1423
12955,1576,1529,1514,1499,1484,1469,1454,1439
12956,1592,1577,1530,1515,1500,1485,1470,1455
12957,1608,1593,1578,1531,1516,1501,1486,1471
12958,1624,1609,1594,1579,1532,1517,1502,1487
12959,1640,1625,1610,1595,1580,1533,1518,1503
12960,1656,1641,1626,1611,1596,1581,1534,1519
12961,1672,1657,1642,1627,1612,1597,1582,1535
12962,1688,1673,1658,1643,1628,1613,1598,1583
12963,1704,1689,1674,1659,1644,1629,1614,1599
12964,1720,1705,1690,1675,1660,1645,1630,1615
12965,1736,1721,1706,1691,1676,1661,1646,1631
12966,1752,1737,1722,1707,1692,1677,1662,1647
12967,1768,1753,1738,1723,1708,1693,1678,1663
12968,1784,1769,1754,1739,1724,1709,1694,1679
12969,1832,1785,1770,1755,1740,1725,1710,1695
12970,1848,1833,1786,1771,1756,1741,1726,1711
12971,1864,1849,1834,1787,1772,1757,1742,1727
12972,1880,1865,1850,1835,1788,1773,1758,1743
12973,1896,1881,1866,1851,1836,1789,1774,1759
12974,1912,1897,1882,1867,1852,1837,1790,1775
12975,1928,1913,1898,1883,1868,1853,1838,1791
12976,1944,1929,1914,1899,1884,1869,1854,1839
12977,1960,1945,1930,1915,1900,1885,1870,1855
12978,1976,1961,1946,1931,1916,1901,1886,1871
12979,1992,1977,1962,1947,1932,1917,1902,1887
12980,2008,1993,1978,1963,1948,1933,1918,1903
12981,2024,2009,1994,1979,1964,1949,1934,1919
12982,2040,2025,2010,1995,1980,1965,1950,1935
12983,2088,2041,2026,2011,1996,1981,1966,1951
12984,2104,2089,2042,2027,2012,1997,1982,1967
12985,2120,2105,2090,2043,2028,2013,1998,1983
12986,2136,2121,2106,2091,2044,2029,2014,1999
12987,2152,2137,2122,2107,2092,2045,2030,2015
12988,2168,2153,2138,2123,2108,2093,2046,2031
12989,2184,2169,2154,2139,2124,2109,2094,2047
12990,2200,2185,2170,2155,2140,2125,2110,2095
12991,2216,2201,2186,2171,2156,2141,2126,2111
12992,2232,2217,2202,2187,2172,2157,2142,2127
12993,2248,2233,2218,2203,2188,2173,2158,2143
12994,2264,2249,2234,2219,2204,2189,2174,2159
12995,2280,2265,2250,2235,2220,2205,2190,2175
12996,2296,2281,2266,2251,2236,2221,2206,2191
12997,2344,2297,2282,2267,2252,2237,2222,2207
12998,2360,2345,2298,2283,2268,2253,2238,2223
12999,2376,2361,2346,2299,2284,2269,2254,2239
13000,2392,2377,2362,2347,2300,2285,2270,2255
13001,2408,2393,2378,2363,2348,2301,2286,2271
13002,2424,2409,2394,2379,2364,2349,2302,2287
13003,2440,2425,2410,2395,2380,2365,2350,2303
13004,2456,2441,2426,2411,2396,2381,2366,2351
13005,2472,2457,2442,2427,2412,2397,2382,2367
13006,2488,2473,2458,2443,2428,2413,2398,2383
13007,2504,2489,2474,2459,2444,2429,2414,2399
13008,2520,2505,2490,2475,2460,2445,2430,2415
13009,2536,2521,2506,2491,2476,2461,2446,2431
13010,2552,2537,2522,2507,2492,2477,2462,2447
13011,2600,2553,2538,2523,2508,2493,2478,2463
13012,2616,2601,2554,2539,2524,2509,2494,2479
13013,2632,2617,2602,2555,2540,2525,2510,2495
13014,2648,2633,2618,2603,2556,2541,2526,2511
13015,2664,2649,2634,2619,2604,2557,2542,2527
13016,2680,2665,2650,2635,2620,2605,2558,2543
13017,2696,2681,2666,2651,2636,2621,2606,2559
13018,2712,2697,2682,2667,2652,2637,2622,2607
13019,2728,2713,2698,2683,2668,2653,2638,2623
13020,2744,2729,2714,2699,2684,2669,2654,2639
13021,2760,2745,2730,2715,2700,2685,2670,2655
13022,2776,2761,2746,2731,2716,2701,2686,2671
13023,2792,2777,2762,2747,2732,2717,2702,2687
13024,2808,2793,2778,2763,2748,2733,2718,2703
13025,2856,2809,2794,2779,2764,2749,2734,2719
13026,2872,2857,2810,2795,2780,2765,2750,2735
13027,2888,2873,2858,2811,2796,2781,2766,2751
13028,2904,2889,2874,2859,2812,2797,2782,2767
13029,2920,2905,2890,2875,2860,2813,2798,2783
13030,2936,2921,2906,2891,2876,2861,2814,2799
13031,2952,2937,2922,2907,2892,2877,2862,2815
13032,2968,2953,2938,2923,2908,2893,2878,2863
13033,2984,2969,2954,2939,2924,2909,2894,2879
13034,3000,2985,2970,2955,2940,2925,2910,2895
13035,3016,3001,2986,2971,2956,2941,2926,2911
13036,3032,3017,3002,2987,2972,2957,2942,2927
13037,3048,3033,3018,3003,2988,2973,2958,2943
13038,3064,3049,3034,3019,3004,2989,2974,2959
13039,3112,3065,3050,3035,3020,3005,2990,2975
13040,3128,3113,3066,3051,3036,3021,3006,2991
13041,3144,3129,3114,3067,3052,3037,3022,3007
13042,3160,3145,3130,3115,3068,3053,3038,3023
13043,3176,3161,3146,3131,3116,3069,3054,3039
13044,3192,3177,3162,3147,3132,3117,3070,3055
13045,3208,3193,3178,3163,3148,3133,3118,3071
13046,3224,3209,3194,3179,3164,3149,3134,3119
13047,3240,3225,3210,3195,3180,3165,3150,3135
13048,3256,3241,3226,3211,3196,3181,3166,3151
13049,3272,3257,3242,3227,3212,3197,3182,3167
13050,3288,3273,3258,3243,3228,3213,3198,3183
13051,3304,3289,3274,3259,3244,3229,3214,3199
13052,3320,3305,3290,3275,3260,3245,3230,3215
13053,3368,3321,3306,3291,3276,3261,3246,3231
13054,3384,3369,3322,3307,3292,3277,3262,3247
13055,3400,3385,3370,3323,3308,3293,3278,3263
13056,3416,3401,3386,3371,3324,3309,3294,3279
13057,3432,3417,3402,3387,3372,3325,3310,3295
13058,3448,3433,3418,3403,3388,3373,3326,3311
13059,3464,3449,3434,3419,3404,3389,3374,3327
13060,3480,3465,3450,3435,3420,3405,3390,3375
13061,3496,3481,3466,3451,3436,3421,3406,3391
13062,3512,3497,3482,3467,3452,3437,3422,3407
13063,3528,3513,3498,3483,3468,3453,3438,3423
13064,3544,3529,3514,3499,3484,3469,3454,3439
13065,3560,3545,3530,3515,3500,3485,3470,3455
13066,3576,3561,3546,3531,3516,3501,3486,3471
13067,-1,3577,3562,3547,3532,3517,3502,3487
13068,-1,-1,3578,3563,3548,3533,3518,3503
13069,-1,-1,-1,3579,3564,3549,3534,3519
13070,-1,-1,-1,-1,3580,3565,3550,3535
13071,-1,-1,-1,-1,-1,3581,3566,3551
13072,-1,-1,-1,-1,-1,-1,3582,3567
13073,-1,-1,-1,-1,-1,-1,-1,3583
13074,-1,-1,-1,-1,-1,-1,-1,-1
13075,-1,-1,-1,-1,-1,-1,-1,-1
13076,-1,-1,-1,-1,-1,-1,-1,-1
13077,-1,-1,-1,-1,-1,-1,-1,-1
13078,-1,-1,-1,-1,-1,-1,-1,-1
13079,-1,-1,-1,-1,-1,-1,-1,-1
13080,-1,-1,-1,-1,-1,-1,-1,-1
13081,-1,-1,-1,-1,-1,-1,-1,-1
13082,-1,-1,-1,-1,-1,-1,-1,-1
13083,-1,-1,-1,-1,-1,-1,-1,-1
13084,-1,-1,-1,-1,-1,-1,-1,-1
13085,-1,-1,-1,-1,-1,-1,-1,-1
13086,-1,-1,-1,-1,-1,-1,-1,-1
13087,-1,-1,-1,-1,-1,-1,-1,-1
13088,-1,-1,-1,-1,-1,-1,-1,-1
13089,256,-1,-1,-1,-1,-1,-1,-1
13090,272,257,-1,-1,-1,-1,-1,-1
13091,288,273,258,-1,-1,-1,-1,-1
13092,304,289,274,259,-1,-1,-1,-1
13093,320,305,290,275,260,-1,-1,-1
13094,336,321,306,291,276,261,-1,-1
13095,352,337,322,307,292,277,262,-1
13096,368,353,338,323,308,293,278,263
13097,384,369,354,339,324,309,294,279
13098,400,385,370,355,340,325,310,295
13099,416,401,386,371,356,341,326,311
13100,432,417,402,387,372,357,342,327
13101,448,433,418,403,388,373,358,343
13102,464,449,434,419,404,389,374,359
13103,512,465,450,435,420,405,390,375
13104,528,513,466,451,436,421,406,391
13105,544,529,514,467,452,437,422,407
13106,560,545,530,515,468,453,438,423
13107,576,561,546,531,516,469,454,439
13108,592,577,562,547,532,517,470,455
13109,608,593,578,563,548,533,518,471
13110,624,609,594,579,564,549,534,519
13111,640,625,610,595,580,565,550,535
13112,656,641,626,611,596,581,566,551
13113,672,657,642,627,612,597,582,567
13114,688,673,658,643,628,613,598,583
13115,704,689,674,659,644,629,614,599
13116,720,705,690,675,660,645,630,615
13117,768,721,706,691,676,661,646,631
13118,784,769,722,707,692,677,662,647
13119,800,785,770,723,708,693,678,663
13120,816,801,786,771,724,709,694,679
13121,832,817,802,787,772,725,710,695
13122,848,833,818,803,788,773,726,711
13123,864,849,834,819,804,789,774,727
13124,880,865,850,835,820,805,790,775
13125,896,881,866,851,836,821,806,791
13126,912,897,882,867,852,837,822,807
13127,928,913,898,883,868,853,838,823
13128,944,929,914,899,884,869,854,839
13129,960,945,930,915,900,885,870,855
13130,976,961,946,931,916,901,886,871
13131,1024,977,962,947,932,917,902,887
13132,1040,1025,978,963,948,933,918,903
13133,1056,1041,1026,979,964,949,934,919
13134,1072,1057,1042,1027,980,965,950,935
13135,1088,1073,1058,1043,1028,981,966,951
13136,1104,1089,1074,1059,1044,1029,982,967
13137,1120,1105,1090,1075,1060,1045,1030,983
13138,1136,1121,1106,1091,1076,1061,1046,1031
13139,1152,1137,1122,1107,1092,1077,1062,1047
13140,1168,1153,1138,1123,1108,1093,1078,1063
13141,1184,1169,1154,1139,1124,1109,1094,1079
13142,1200,1185,1170,1155,1140,1125,1110,1095
13143,1216,1201,1186,1171,1156,1141,1126,1111
13144,1232,1217,1202,1187,1172,1157,1142,1127
13145,1280,1233,1218,1203,1188,1173,1158,1143
13146,1296,1281,1234,1219,1204,1189,1174,1159
13147,1312,1297,1282,1235,1220,1205,1190,1175
13148,1328,1313,1298,1283,1236,1221,1206,1191
13149,1344,1329,1314,1299,1284,1237,1222,1207
13150,1360,1345,1330,1315,1300,1285,1238,1223
13151,1376,1361,1346,1331,1316,1301,1286,1239
13152,1392,1377,1362,1347,1332,1317,1302,1287
13153,1408,1393,1378,1363,1348,1333,1318,1303
13154,1424,1409,1394,1379,1364,1349,1334,1319
13155,1440,1425,1410,1395,1380,1365,1350,1335
13156,1456,1441,1426,1411,1396,1381,1366,1351
13157,1472,1457,1442,1427,1412,1397,1382,1367
13158,1488,1473,1458,1443,1428,1413,1398,1383
13159,1536,1489,1474,1459,1444,1429,1414,1399
13160,1552,1537,1490,1475,1460,1445,1430,1415
13161,1568,1553,1538,1491,1476,1461,1446,1431
13162,1584,1569,1554,1539,1492,1477,1462,1447
13163,1600,1585,1570,1555,1540,1493,1478,1463
13164,1616,1601,1586,1571,1556,1541,1494,1479
13165,1632,1617,1602,1587,1572,1557,1542,1495
13166,1648,1633,1618,1603,1588,1573,1558,1543
13167,1664,1649,1634,1619,1604,1589,1574,1559
13168,1680,1665,1650,1635,1620,1605,1590,1575
13169,1696,1681,1666,1651,1636,1621,1606,1591
13170,1712,1697,1682,1667,1652,1637,1622,1607
13171,1728,1713,1698,1683,1668,1653,1638,1623
13172,1744,1729,1714,1699,1684,1669,1654,1639
13173,1792,1745,1730,1715,1700,1685,1670,1655
13174,1808,1793,1746,1731,1716,1701,1686,1671
13175,1824,1809,1794,1747,1732,1717,1702,1687
13176,1840,1825,1810,1795,1748,1733,1718,1703
13177,1856,1841,1826,1811,1796,1749,1734,1719
13178,1872,1857,1842,1827,1812,1797,1750,1735
13179,1888,1873,1858,1843,1828,1813,1798,1751
13180,1904,1889,1874,1859,1844,1829,1814,1799
13181,1920,1905,1890,1875,1860,1845,1830,1815
13182,1936,1921,1906,1891,1876,1861,1846,1831
13183,1952,1937,1922,1907,1892,1877,1862,1847
13184,1968,1953,1938,1923,1908,1893,1878,1863
13185,1984,1969,1954,1939,1924,1909,1894,1879
13186,2000,1985,1970,1955,1940,1925,1910,1895
13187,2048,2001,1986,1971,1956,1941,1926,1911
13188,2064,2049,2002,1987,1972,1957,1942,1927
13189,2080,2065,2050,2003,1988,1973,1958,1943
13190,2096,2081,2066,2051,2004,1989,1974,1959
13191,2112,2097,2082,2067,2052,2005,1990,1975
13192,2128,2113,2098,2083,2068,2053,2006,1991
13193,2144,2129,2114,2099,2084,2069,2054,2007
13194,2160,2145,2130,2115,2100,2085,2070,2055
13195,2176,2161,2146,2131,2116,2101,2086,2071
13196,2192,2177,2162,2147,2132,2117,2102,2087
13197,2208,2193,2178,2163,2148,2133,2118,2103
13198,2224,2209,2194,2179,2164,2149,2134,2119
13199,2240,2225,2210,2195,2180,2165,2150,2135
13200,2256,2241,2226,2211,2196,2181,2166,2151
13201,2304,2257,2242,2227,2212,2197,2182,2167
13202,2320,2305,2258,2243,2228,2213,2198,2183
13203,2336,2321,2306,2259,2244,2229,2214,2199
13204,2352,2337,2322,2307,2260,2245,2230,2215
13205,2368,2353,2338,2323,2308,2261,2246,2231
13206,2384,2369,2354,2339,2324,2309,2262,2247
13207,2400,2385,2370,2355,2340,2325,2310,2263
13208,2416,2401,2386,2371,2356,2341,2326,2311
13209,2432,2417,2402,2387,2372,2357,2342,2327
13210,2448,2433,2418,2403,2388,2373,2358,2343
13211,2464,2449,2434,2419,2404,2389,2374,2359
13212,2480,2465,2450,2435,2420,2405,2390,2375
13213,2496,2481,2466,2451,2436,2421,2406,2391
13214,2512,2497,2482,2467,2452,2437,2422,2407
13215,2560,2513,2498,2483,2468,2453,2438,2423
13216,2576,2561,2514,2499,2484,2469,2454,2439
13217,2592,2577,2562,2515,2500,2485,2470,2455
13218,2608,2593,2578,2563,2516,2501,2486,2471
13219,2624,2609,2594,2579,2564,2517,2502,2487
13220,2640,2625,2610,2595,2580,2565,2518,2503
13221,2656,2641,2626,2611,2596,2581,2566,2519
13222,2672,2657,2642,2627,2612,2597,2582,2567
13223,2688,2673,2658,2643,2628,2613,2598,2583
13224,2704,2689,2674,2659,2644,2629,2614,2599
13225,2720,2705,2690,2675,2660,2645,2630,2615
13226,2736,2721,2706,2691,2676,2661,2646,2631
13227,2752,2737,2722,2707,2692,2677,2662,2647
13228,2768,2753,2738,2723,2708,2693,2678,2663
13229,2816,2769,2754,2739,2724,2709,2694,2679
13230,2832,2817,2770,2755,2740,2725,2710,2695
13231,2848,2833,2818,2771,2756,2741,2726,2711
13232,2864,2849,2834,2819,2772,2757,2742,2727
13233,2880,2865,2850,2835,2820,2773,2758,2743
13234,2896,2881,2866,2851,2836,2821,2774,2759
13235,2912,2897,2882,2867,2852,2837,2822,2775
13236,2928,2913,2898,2883,2868,2853,2838,2823
13237,2944,2929,2914,2899,2884,2869,2854,2839
13238,2960,2945,2930,2915,2900,2885,2870,2855
13239,2976,2961,2946,2931,2916,2901,2886,2871
13240,2992,2977,2962,2947,2932,2917,2902,2887
13241,3008,2993,2978,2963,2948,2933,2918,2903
13242,3024,3009,2994,2979,2964,2949,2934,2919
13243,3072,3025,3010,2995,2980,2965,2950,2935
13244,3088,3073,3026,3011,2996,2981,2966,2951
13245,3104,3089,3074,3027,3012,2997,2982,2967
13246,3120,3105,3090,3075,3028,3013,2998,2983
13247,3136,3121,3106,3091,3076,3029,3014,2999
13248,3152,3137,3122,3107,3092,3077,3030,3015
13249,3168,3153,3138,3123,3108,3093,3078,3031
13250,3184,3169,3154,3139,3124,3109,3094,3079
13251,3200,3185,3170,3155,3140,3125,3110,3095
13252,3216,3201,3186,3171,3156,3141,3126,3111
13253,3232,3217,3202,3187,3172,3157,3142,3127
13254,3248,3233,3218,3203,3188,3173,3158,3143
13255,3264,3249,3234,3219,3204,3189,3174,3159
13256,3280,3265,3250,3235,3220,3205,3190,3175
13257,3328,3281,3266,3251,3236,3221,3206,3191
13258,3344,3329,3282,3267,3252,3237,3222,3207
13259,3360,3345,3330,3283,3268,3253,3238,3223
13260,3376,3361,3346,3331,3284,3269,3254,3239
13261,3392,3377,3362,3347,3332,3285,3270,3255
13262,3408,3393,3378,3363,3348,3333,3286,3271
13263,3424,3409,3394,3379,3364,3349,3334,3287
13264,3440,3425,3410,3395,3380,3365,3350,3335
13265,3456,3441,3426,3411,3396,3381,3366,3351
13266,3472,3457,3442,3427,3412,3397,3382,3367
13267,3488,3473,3458,3443,3428,3413,3398,3383
13268,3504,3489,3474,3459,3444,3429,3414,3399
13269,3520,3505,3490,3475,3460,3445,3430,3415
13270,3536,3521,3506,3491,3476,3461,3446,3431
13271,3584,3537,3522,3507,3492,3477,3462,3447
13272,3600,3585,3538,3523,3508,3493,3478,3463
13273,3616,3601,3586,3539,3524,3509,3494,3479
13274,3632,3617,3602,3587,3540,3525,3510,3495
13275,3648,3633,3618,3603,3588,3541,3526,3511
13276,3664,3649,3634,3619,3604,3589,3542,3527
13277,3680,3665,3650,3635,3620,3605,3590,3543
13278,3696,3681,3666,3651,3636,3621,3606,3591
13279,3712,3697,3682,3667,3652,3637,3622,3607
13280,3728,3713,3698,3683,3668,3653,3638,3623
13281,3744,3729,3714,3699,3684,3669,3654,3639
13282,3760,3745,3730,3715,3700,3685,3670,3655
13283,3776,3761,3746,3731,3716,3701,3686,3671
13284,3792,3777,3762,3747,3732,3717,3702,3687
13285,-1,3793,3778,3763,3748,3733,3718,3703
13286,-1,-1,3794,3779,3764,3749,3734,3719
13287,-1,-1,-1,3795,3780,3765,3750,3735
13288,-1,-1,-1,-1,3796,3781,3766,3751
13289,-1,-1,-1,-1,-1,3797,3782,3767
13290,-1,-1,-1,-1,-1,-1,3798,3783
13291,-1,-1,-1,-1,-1,-1,-1,3799
13292,-1,-1,-1,-1,-1,-1,-1,-1
13293,-1,-1,-1,-1,-1,-1,-1,-1
13294,-1,-1,-1,-1,-1,-1,-1,-1
13295,-1,-1,-1,-1,-1,-1,-1,-1
13296,-1,-1,-1,-1,-1,-1,-1,-1
13297,-1,-1,-1,-1,-1,-1,-1,-1
13298,-1,-1,-1,-1,-1,-1,-1,-1
13299,-1,-1,-1,-1,-1,-1,-1,-1
13300,-1,-1,-1,-1,-1,-1,-1,-1
13301,-1,-1,-1,-1,-1,-1,-1,-1
13302,-1,-1,-1,-1,-1,-1,-1,-1
13303,-1,-1,-1,-1,-1,-1,-1,-1
13304,-1,-1,-1,-1,-1,-1,-1,-1
13305,-1,-1,-1,-1,-1,-1,-1,-1
13306,-1,-1,-1,-1,-1,-1,-1,-1
13307,264,-1,-1,-1,-1,-1,-1,-1
13308,280,265,-1,-1,-1,-1,-1,-1
13309,296,281,266,-1,-1,-1,-1,-1
13310,312,297,282,267,-1,-1,-1,-1
13311,328,313,298,283,268,-1,-1,-1
13312,344,329,314,299,284,269,-1,-1
13313,360,345,330,315,300,285,270,-1
13314,376,361,346,331,316,301,286,271
13315,392,377,362,347,332,317,302,287
13316,408,393,378,363,348,333,318,303
13317,424,409,394,379,364,349,334,319
13318,440,425,410,395,380,365,350,335
13319,456,441,426,411,396,381,366,351
13320,472,457,442,427,412,397,382,367
13321,520,473,458,443,428,413,398,383
13322,536,521,474,459,444,429,414,399
13323,552,537,522,475,460,445,430,415
13324,568,553,538,523,476,461,446,431
13325,584,569,554,539,524,477,462,447
13326,600,585,570,555,540,525,478,463
13327,616,601,586,571,556,541,526,479
13328,632,617,602,587,572,557,542,527
13329,648,633,618,603,588,573,558,543
13330,664,649,634,619,604,589,574,559
13331,680,665,650,635,620,605,590,575
13332,696,681,666,651,636,621,606,591
13333,712,697,682,667,652,637,622,607
13334,728,713,698,683,668,653,638,623
13335,776,729,714,699,684,669,654,639
13336,792,777,730,715,700,685,670,655
13337,808,793,778,731,716,701,686,671
13338,824,809,794,779,732,717,702,687
13339,840,825,810,795,780,733,718,703
13340,856,841,826,811,796,781,734,719
13341,872,857,842,827,812,797,782,735
13342,888,873,858,843,828,813,798,783
13343,904,889,874,859,844,829,814,799
13344,920,905,890,875,860,845,830,815
13345,936,921,906,891,876,861,846,831
13346,952,937,922,907,892,877,862,847
13347,968,953,938,923,908,893,878,863
13348,984,969,954,939,924,909,894,879
13349,1032,985,970,955,940,925,910,895
13350,1048,1033,986,971,956,941,926,911
13351,1064,1049,1034,987,972,957,942,927
13352,1080,1065,1050,1035,988,973,958,943
13353,1096,1081,1066,1051,1036,989,974,959
13354,1112,1097,1082,1067,1052,1037,990,975
13355,1128,1113,1098,1083,1068,1053,1038,991
13356,1144,1129,1114,1099,1084,1069,1054,1039
13357,1160,1145,1130,1115,1100,1085,1070,1055
13358,1176,1161,1146,1131,1116,1101,1086,1071
13359,1192,1177,1162,1147,1132,1117,1102,1087
13360,1208,1193,1178,1163,1148,1133,1118,1103
13361,1224,1209,1194,1179,1164,1149,1134,1119
13362,1240,1225,1210,1195,1180,1165,1150,1135
13363,1288,1241,1226,1211,1196,1181,1166,1151
13364,1304,1289,1242,1227,1212,1197,1182,1167
13365,1320,1305,1290,1243,1228,1213,1198,1183
13366,1336,1321,1306,1291,1244,1229,1214,1199
13367,1352,1337,1322,1307,1292,1245,1230,1215
13368,1368,1353,1338,1323,1308,1293,1246,1231
13369,1384,1369,1354,1339,1324,1309,1294,1247
13370,1400,1385,1370,1355,1340,1325,1310,1295
13371,1416,1401,1386,1371,1356,1341,1326,1311
13372,1432,1417,1402,1387,1372,1357,1342,1327
13373,1448,1433,1418,1403,1388,1373,1358,1343
13374,1464,1449,1434,1419,1404,1389,1374,1359
13375,1480,1465,1450,1435,1420,1405,1390,1375
13376,1496,1481,1466,1451,1436,1421,1406,1391
13377,1544,1497,1482,1467,1452,1437,1422,1407
13378,1560,1545,1498,1483,1468,1453,1438,1423
13379,1576,1561,1546,1499,1484,1469,1454,1439
13380,1592,1577,1562,1547,1500,1485,1470,1455
13381,1608,1593,1578,1563,1548,1501,1486,1471
13382,1624,1609,1594,1579,1564,1549,1502,1487
13383,1640,1625,1610,1595,1580,1565,1550,1503
13384,1656,1641,1626,1611,1596,1581,1566,1551
13385,1672,1657,1642,1627,1612,1597,1582,1567
13386,1688,1673,1658,1643,1628,1613,1598,1583
13387,1704,1689,1674,1659,1644,1629,1614,1599
13388,1720,1705,1690,1675,1660,1645,1630,1615
13389,1736,1721,1706,1691,1676,1661,1646,1631
13390,1752,1737,1722,1707,1692,1677,1662,1647
13391,1800,1753,1738,1723,1708,1693,1678,1663
13392,1816,1801,1754,1739,1724,1709,1694,1679
13393,1832,1817,1802,1755,1740,1725,1710,1695
13394,1848,1833,1818,1803,1756,1741,1726,1711
13395,1864,1849,1834,1819,1804,1757,1742,1727
13396,1880,1865,1850,1835,1820,1805,1758,1743
13397,1896,1881,1866,1851,1836,1821,1806,1759
13398,1912,1897,1882,1867,1852,1837,1822,1807
13399,1928,1913,1898,1883,1868,1853,1838,1823
13400,1944,1929,1914,1899,1884,1869,1854,1839
13401,1960,1945,1930,1915,1900,1885,1870,1855
13402,1976,1961,1946,1931,1916,1901,1886,1871
13403,1992,1977,1962,1947,1932,1917,1902,1887
13404,2008,1993,1978,1963,1948,1933,1918,1903
13405,2056,2009,1994,1979,1964,1949,1934,1919
13406,2072,2057,2010,1995,1980,1965,1950,1935
13407,2088,2073,2058,2011,1996,1981,1966,1951
13408,2104,2089,2074,2059,2012,1997,1982,1967
13409,2120,2105,2090,2075,2060,2013,1998,1983
13410,2136,2121,2106,2091,2076,2061,2014,1999
13411,2152,2137,2122,2107,2092,2077,2062,2015
13412,2168,2153,2138,2123,2108,2093,2078,2063
13413,2184,2169,2154,2139,2124,2109,2094,2079
13414,2200,2185,2170,2155,2140,2125,2110,2095
13415,2216,2201,2186,2171,2156,2141,2126,2111
13416,2232,2217,2202,2187,2172,2157,2142,2127
13417,2248,2233,2218,2203,2188,2173,2158,2143
13418,2264,2249,2234,2219,2204,2189,2174,2159
13419,2312,2265,2250,2235,2220,2205,2190,2175
13420,2328,2313,2266,2251,2236,2221,2206,2191
13421,2344,2329,2314,2267,2252,2237,2222,2207
13422,2360,2345,2330,2315,2268,2253,2238,2223
13423,2376,2361,2346,2331,2316,2269,2254,2239
13424,2392,2377,2362,2347,2332,2317,2270,2255
13425,2408,2393,2378,2363,2348,2333,2318,2271
13426,2424,2409,2394,2379,2364,2349,2334,2319
13427,2440,2425,2410,2395,2380,2365,2350,2335
13428,2456,2441,2426,2411,2396,2381,2366,2351
13429,2472,2457,2442,2427,2412,2397,2382,2367
13430,2488,2473,2458,2443,2428,2413,2398,2383
13431,2504,2489,2474,2459,2444,2429,2414,2399
13432,2520,2505,2490,2475,2460,2445,2430,2415
13433,2568,2521,2506,2491,2476,2461,2446,2431
13434,2584,2569,2522,2507,2492,2477,2462,2447
13435,2600,2585,2570,2523,2508,2493,2478,2463
13436,2616,2601,2586,2571,2524,2509,2494,2479
13437,2632,2617,2602,2587,2572,2525,2510,2495
13438,2648,2633,2618,2603,2588,2573,2526,2511
13439,2664,2649,2634,2619,2604,2589,2574,2527
13440,2680,2665,2650,2635,2620,2605,2590,2575
13441,2696,2681,2666,2651,2636,2621,2606,2591
13442,2712,2697,2682,2667,2652,2637,2622,2607
13443,2728,2713,2698,2683,2668,2653,2638,2623
13444,2744,2729,2714,2699,2684,2669,2654,2639
13445,2760,2745,2730,2715,2700,2685,2670,2655
13446,2776,2761,2746,2731,2716,2701,2686,2671
13447,2824,2777,2762,2747,2732,2717,2702,2687
13448,2840,2825,2778,2763,2748,2733,2718,2703
13449,2856,2841,2826,2779,2764,2749,2734,2719
13450,2872,2857,2842,2827,2780,2765,2750,2735
13451,2888,2873,2858,2843,2828,2781,2766,2751
13452,2904,2889,2874,2859,2844,2829,2782,2767
13453,2920,2905,2890,2875,2860,2845,2830,2783
13454,2936,2921,2906,2891,2876,2861,2846,2831
13455,2952,2937,2922,2907,2892,2877,2862,2847
13456,2968,2953,2938,2923,2908,2893,2878,2863
13457,2984,2969,2954,2939,2924,2909,2894,2879
13458,3000,2985,2970,2955,2940,2925,2910,2895
13459,3016,3001,2986,2971,2956,2941,2926,2911
13460,3032,3017,3002,2987,2972,2957,2942,2927
13461,3080,3033,3018,3003,2988,2973,2958,2943
13462,3096,3081,3034,3019,3004,2989,2974,2959
13463,3112,3097,3082,3035,3020,3005,2990,2975
13464,3128,3113,3098,3083,3036,3021,3006,2991
13465,3144,3129,3114,3099,3084,3037,3022,3007
13466,3160,3145,3130,3115,3100,3085,3038,3023
13467,3176,3161,3146,3131,3116,3101,3086,3039
13468,3192,3177,3162,3147,3132,3117,3102,3087
13469,3208,3193,3178,3163,3148,3133,3118,3103
13470,3224,3209,3194,3179,3164,3149,3134,3119
13471,3240,3225,3210,3195,3180,3165,3150,3135
13472,3256,3241,3226,3211,3196,3181,3166,3151
13473,3272,3257,3242,3227,3212,3197,3182,3167
13474,3288,3273,3258,3243,3228,3213,3198,3183
13475,3336,3289,3274,3259,3244,3229,3214,3199
13476,3352,3337,3290,3275,3260,3245,3230,3215
13477,3368,3353,3338,3291,3276,3261,3246,3231
13478,3384,3369,3354,3339,3292,3277,3262,3247
13479,3400,3385,3370,3355,3340,3293,3278,3263
13480,3416,3401,3386,3371,3356,3341,3294,3279
13481,3432,3417,3402,3387,3372,3357,3342,3295
13482,3448,3433,3418,3403,3388,3373,3358,3343
13483,3464,3449,3434,3419,3404,3389,3374,3359
13484,3480,3465,3450,3435,3420,3405,3390,3375
13485,3496,3481,3466,3451,3436,3421,3406,3391
13486,3512,3497,3482,3467,3452,3437,3422,3407
13487,3528,3513,3498,3483,3468,3453,3438,3423
13488,3544,3529,3514,3499,3484,3469,3454,3439
13489,3592,3545,3530,3515,3500,3485,3470,3455
13490,3608,3593,3546,3531,3516,3501,3486,3471
13491,3624,3609,3594,3547,3532,3517,3502,3487
13492,3640,3625,3610,3595,3548,3533,3518,3503
13493,3656,3641,3626,3611,3596,3549,3534,3519
13494,3672,3657,3642,3627,3612,3597,3550,3535
13495,3688,3673,3658,3643,3628,3613,3598,3551
13496,3704,3689,3674,3659,3644,3629,3614,3599
13497,3720,3705,3690,3675,3660,3645,3630,3615
13498,3736,3721,3706,3691,3676,3661,3646,3631
13499,3752,3737,3722,3707,3692,3677,3662,3647
13500,3768,3753,3738,3723,3708,3693,3678,3663
13501,3784,3769,3754,3739,3724,3709,3694,3679
13502,3800,3785,3770,3755,3740,3725,3710,3695
13503,-1,3801,3786,3771,3756,3741,3726,3711
13504,-1,-1,3802,3787,3772,3757,3742,3727
13505,-1,-1,-1,3803,3788,3773,3758,3743
13506,-1,-1,-1,-1,3804,3789,3774,3759
13507,-1,-1,-1,-1,-1,3805,3790,3775
13508,-1,-1,-1,-1,-1,-1,3806,3791
13509,-1,-1,-1,-1,-1,-1,-1,3807
13510,-1,-1,-1,-1,-1,-1,-1,-1
13511,-1,-1,-1,-1,-1,-1,-1,-1
13512,-1,-1,-1,-1,-1,-1,-1,-1
13513,-1,-1,-1,-1,-1,-1,-1,-1
13514,-1,-1,-1,-1,-1,-1,-1,-1
13515,-1,-1,-1,-1,-1,-1,-1,-1
13516,-1,-1,-1,-1,-1,-1,-1,-1
13517,-1,-1,-1,-1,-1,-1,-1,-1
13518,-1,-1,-1,-1,-1,-1,-1,-1
13519,-1,-1,-1,-1,-1,-1,-1,-1
13520,-1,-1,-1,-1,-1,-1,-1,-1
13521,-1,-1,-1,-1,-1,-1,-1,-1
13522,-1,-1,-1,-1,-1,-1,-1,-1
13523,-1,-1,-1,-1,-1,-1,-1,-1
13524,-1,-1,-1,-1,-1,-1,-1,-1
13525,272,-1,-1,-1,-1,-1,-1,-1
13526,288,273,-1,-1,-1,-1,-1,-1
13527,304,289,274,-1,-1,-1,-1,-1
13528,320,305,290,275,-1,-1,-1,-1
13529,336,321,306,291,276,-1,-1,-1
13530,352,337,322,307,292,277,-1,-1
13531,368,353,338,323,308,293,278,-1
13532,384,369,354,339,324,309,294,279
13533,400,385,370,355,340,325,310,295
13534,416,401,386,371,356,341,326,311
13535,432,417,402,387,372,357,342,327
13536,448,433,418,403,388,373,358,343
13537,464,449,434,419,404,389,374,359
13538,480,465,450,435,420,405,390,375
13539,528,481,466,451,436,421,406,391
13540,544,529,482,467,452,437,422,407
13541,560,545,530,483,468,453,438,423
13542,576,561,546,531,484,469,454,439
13543,592,577,562,547,532,485,470,455
13544,608,593,578,563,548,533,486,471
13545,624,609,594,579,564,549,534,487
13546,640,625,610,595,580,565,550,535
13547,656,641,626,611,596,581,566,551
13548,672,657,642,627,612,597,582,567
13549,688,673,658,643,628,613,598,583
13550,704,689,674,659,644,629,614,599
13551,720,705,690,675,660,645,630,615
13552,736,721,706,691,676,661,646,631
13553,784,737,722,707,692,677,662,647
13554,800,785,738,723,708,693,678,663
13555,816,801,786,739,724,709,694,679
13556,832,817,802,787,740,725,710,695
13557,848,833,818,803,788,741,726,711
13558,864,849,834,819,804,789,742,727
13559,880,865,850,835,820,805,790,743
13560,896,881,866,851,836,821,806,791
13561,912,897,882,867,852,837,822,807
13562,928,913,898,883,868,853,838,823
13563,944,929,914,899,884,869,854,839
13564,960,945,930,915,900,885,870,855
13565,976,961,946,931,916,901,886,871
13566,992,977,962,947,932,917,902,887
13567,1040,993,978,963,948,933,918,903
13568,1056,1041,994,979,964,949,934,919
13569,1072,1057,1042,995,980,965,950,935
13570,1088,1073,1058,1043,996,981,966,951
13571,1104,1089,1074,1059,1044,997,982,967
13572,1120,1105,1090,1075,1060,1045,998,983
13573,1136,1121,1106,1091,1076,1061,1046,999
13574,1152,1137,1122,1107,1092,1077,1062,1047
13575,1168,1153,1138,1123,1108,1093,1078,1063
13576,1184,1169,1154,1139,1124,1109,1094,1079
13577,1200,1185,1170,1155,1140,1125,1110,1095
13578,1216,1201,1186,1171,1156,1141,1126,1111
13579,1232,1217,1202,1187,1172,1157,1142,1127
13580,1248,1233,1218,1203,1188,1173,1158,1143
13581,1296,1249,1234,1219,1204,1189,1174,1159
13582,1312,1297,1250,1235,1220,1205,1190,1175
13583,1328,1313,1298,1251,1236,1221,1206,1191
13584,1344,1329,1314,1299,1252,1237,1222,1207
13585,1360,1345,1330,1315,1300,1253,1238,1223
13586,1376,1361,1346,1331,1316,1301,1254,1239
13587,1392,1377,1362,1347,1332,1317,1302,1255
13588,1408,1393,1378,1363,1348,1333,1318,1303
13589,1424,1409,1394,1379,1364,1349,1334,1319
13590,1440,1425,1410,1395,1380,1365,1350,1335
13591,1456,1441,1426,1411,1396,1381,1366,1351
13592,1472,1457,1442,1427,1412,1397,1382,1367
13593,1488,1473,1458,1443,1428,1413,1398,1383
13594,1504,1489,1474,1459,1444,1429,1414,1399
13595,1552,1505,1490,1475,1460,1445,1430,1415
13596,1568,1553,1506,1491,1476,1461,1446,1431
13597,1584,1569,1554,1507,1492,1477,1462,1447
13598,1600,1585,1570,1555,1508,1493,1478,1463
13599,1616,1601,1586,1571,1556,1509,1494,1479
13600,1632,1617,1602,1587,1572,1557,1510,1495
13601,1648,1633,1618,1603,1588,1573,1558,1511
13602,1664,1649,1634,1619,1604,1589,1574,1559
13603,1680,1665,1650,1635,1620,1605,1590,1575
13604,1696,1681,1666,1651,1636,1621,1606,1591
13605,1712,1697,1682,1667,1652,1637,1622,1607
13606,1728,1713,1698,1683,1668,1653,1638,1623
13607,1744,1729,1714,1699,1684,1669,1654,1639
13608,1760,1745,1730,1715,1700,1685,1670,1655
13609,1808,1761,1746,1731,1716,1701,1686,1671
13610,1824,1809,1762,1747,1732,1717,1702,1687
13611,1840,1825,1810,1763,1748,1733,1718,1703
13612,1856,1841,1826,1811,1764,1749,1734,1719
13613,1872,1857,1842,1827,1812,1765,1750,1735
13614,1888,1873,1858,1843,1828,1813,1766,1751
13615,1904,1889,1874,1859,1844,1829,1814,1767
13616,1920,1905,1890,1875,1860,1845,1830,1815
13617,1936,1921,1906,1891,1876,1861,1846,1831
13618,1952,1937,1922,1907,1892,1877,1862,1847
13619,1968,1953,1938,1923,1908,1893,1878,1863
13620,1984,1969,1954,1939,1924,1909,1894,1879
13621,2000,1985,1970,1955,1940,1925,1910,1895
13622,2016,2001,1986,1971,1956,1941,1926,1911
13623,2064,2017,2002,1987,1972,1957,1942,1927
13624,2080,2065,2018,2003,1988,1973,1958,1943
13625,2096,2081,2066,2019,2004,1989,1974,1959
13626,2112,2097,2082,2067,2020,2005,1990,1975
13627,2128,2113,2098,2083,2068,2021,2006,1991
13628,2144,2129,2114,2099,2084,2069,2022,2007
13629,2160,2145,2130,2115,2100,2085,2070,2023
13630,2176,2161,2146,2131,2116,2101,2086,2071
13631,2192,2177,2162,2147,2132,2117,2102,2087
13632,2208,2193,2178,2163,2148,2133,2118,2103
13633,2224,2209,2194,2179,2164,2149,2134,2119
13634,2240,2225,2210,2195,2180,2165,2150,2135
13635,2256,2241,2226,2211,2196,2181,2166,2151
13636,2272,2257,2242,2227,2212,2197,2182,2167
13637,2320,2273,2258,2243,2228,2213,2198,2183
13638,2336,2321,2274,2259,2244,2229,2214,2199
13639,2352,2337,2322,2275,2260,2245,2230,2215
13640,2368,2353,2338,2323,2276,2261,2246,2231
13641,2384,2369,2354,2339,2324,2277,2262,2247
13642,2400,2385,2370,2355,2340,2325,2278,2263
13643,2416,2401,2386,2371,2356,2341,2326,2279
13644,2432,2417,2402,2387,2372,2357,2342,2327
13645,2448,2433,2418,2403,2388,2373,2358,2343
13646,2464,2449,2434,2419,2404,2389,2374,2359
13647,2480,2465,2450,2435,2420,2405,2390,2375
13648,2496,2481,2466,2451,2436,2421,2406,2391
13649,2512,2497,2482,2467,2452,2437,2422,2407
13650,2528,2513,2498,2483,2468,2453,2438,2423
13651,2576,2529,2514,2499,2484,2469,2454,2439
13652,2592,2577,2530,2515,2500,2485,2470,2455
13653,2608,2593,2578,2531,2516,2501,2486,2471
13654,2624,2609,2594,2579,2532,2517,2502,2487
13655,2640,2625,2610,2595,2580,2533,2518,2503
13656,2656,2641,2626,2611,2596,2581,2534,2519
13657,2672,2657,2642,2627,2612,2597,2582,2535
13658,2688,2673,2658,2643,2628,2613,2598,2583
13659,2704,2689,2674,2659,2644,2629,2614,2599
13660,2720,2705,2690,2675,2660,2645,2630,2615
13661,2736,2721,2706,2691,2676,2661,2646,2631
13662,2752,2737,2722,2707,2692,2677,2662,2647
13663,2768,2753,2738,2723,2708,2693,2678,2663
13664,2784,2769,2754,2739,2724,2709,2694,2679
13665,2832,2785,2770,2755,2740,2725,2710,2695
13666,2848,2833,2786,2771,2756,2741,2726,2711
13667,2864,2849,2834,2787,2772,2757,2742,2727
13668,2880,2865,2850,2835,2788,2773,2758,2743
13669,2896,2881,2866,2851,2836,2789,2774,2759
13670,2912,2897,2882,2867,2852,2837,2790,2775
13671,2928,2913,2898,2883,2868,2853,2838,2791
13672,2944,2929,2914,2899,2884,2869,2854,2839
13673,2960,2945,2930,2915,2900,2885,2870,2855
13674,2976,2961,2946,2931,2916,2901,2886,2871
13675,2992,2977,2962,2947,2932,2917,2902,2887
13676,3008,2993,2978,2963,2948,2933,2918,2903
13677,3024,3009,2994,2979,2964,2949,2934,2919
13678,3040,3025,3010,2995,2980,2965,2950,2935
13679,3088,3041,3026,3011,2996,2981,2966,2951
13680,3104,3089,3042,3027,3012,2997,2982,2967
13681,3120,3105,3090,3043,3028,3013,2998,2983
13682,3136,3121,3106,3091,3044,3029,3014,2999
13683,3152,3137,3122,3107,3092,3045,3030,3015
13684,3168,3153,3138,3123,3108,3093,3046,3031
13685,3184,3169,3154,3139,3124,3109,3094,3047
13686,3200,3185,3170,3155,3140,3125,3110,3095
13687,3216,3201,3186,3171,3156,3141,3126,3111
13688,3232,3217,3202,3187,3172,3157,3142,3127
13689,3248,3233,3218,3203,3188,3173,3158,3143
13690,3264,3249,3234,3219,3204,3189,3174,3159
13691,3280,3265,3250,3235,3220,3205,3190,3175
13692,3296,3281,3266,3251,3236,3221,3206,3191
13693,3344,3297,3282,3267,3252,3237,3222,3207
13694,3360,3345,3298,3283,3268,3253,3238,3223
13695,3376,3361,3346,3299,3284,3269,3254,3239
13696,3392,3377,3362,3347,3300,3285,3270,3255
13697,3408,3393,3378,3363,3348,3301,3286,3271
13698,3424,3409,3394,3379,3364,3349,3302,3287
13699,3440,3425,3410,3395,3380,3365,3350,3303
13700,3456,3441,3426,3411,3396,3381,3366,3351
13701,3472,3457,3442,3427,3412,3397,3382,3367
13702,3488,3473,3458,3443,3428,3413,3398,3383
13703,3504,3489,3474,3459,3444,3429,3414,3399
13704,3520,3505,3490,3475,3460,3445,3430,3415
13705,3536,3521,3506,3491,3476,3461,3446,3431
13706,3552,3537,3522,3507,3492,3477,3462,3447
13707,3600,3553,3538,3523,3508,3493,3478,3463
13708,3616,3601,3554,3539,3524,3509,3494,3479
13709,3632,3617,3602,3555,3540,3525,3510,3495
13710,3648,3633,3618,3603,3556,3541,3526,3511
13711,3664,3649,3634,3619,3604,3557,3542,3527
13712,3680,3665,3650,3635,3620,3605,3558,3543
13713,3696,3681,3666,3651,3636,3621,3606,3559
13714,3712,3697,3682,3667,3652,3637,3622,3607
13715,3728,3713,3698,3683,3668,3653,3638,3623
13716,3744,3729,3714,3699,3684,3669,3654,3639
13717,3760,3745,3730,3715,3700,3685,3670,3655
13718,3776,3761,3746,3731,3716,3701,3686,3671
13719,3792,3777,3762,3747,3732,3717,3702,3687
13720,3808,3793,3778,3763,3748,3733,3718,3703
13721,-1,3809,3794,3779,3764,3749,3734,3719
13722,-1,-1,3810,3795,3780,3765,3750,3735
13723,-1,-1,-1,3811,3796,3781,3766,3751
13724,-1,-1,-1,-1,3812,3797,3782,3767
13725,-1,-1,-1,-1,-1,3813,3798,3783
13726,-1,-1,-1,-1,-1,-1,3814,3799
13727,-1,-1,-1,-1,-1,-1,-1,3815
13728,-1,-1,-1,-1,-1,-1,-1,-1
13729,-1,-1,-1,-1,-1,-1,-1,-1
13730,-1,-1,-1,-1,-1,-1,-1,-1
13731,-1,-1,-1,-1,-1,-1,-1,-1
13732,-1,-1,-1,-1,-1,-1,-1,-1
13733,-1,-1,-1,-1,-1,-1,-1,-1
13734,-1,-1,-1,-1,-1,-1,-1,-1
13735,-1,-1,-1,-1,-1,-1,-1,-1
13736,-1,-1,-1,-1,-1,-1,-1,-1
13737,-1,-1,-1,-1,-1,-1,-1,-1
13738,-1,-1,-1,-1,-1,-1,-1,-1
13739,-1,-1,-1,-1,-1,-1,-1,-1
13740,-1,-1,-1,-1,-1,-1,-1,-1
13741,-1,-1,-1,-1,-1,-1,-1,-1
13742,-1,-1,-1,-1,-1,-1,-1,-1
13743,280,-1,-1,-1,-1,-1,-1,-1
13744,296,281,-1,-1,-1,-1,-1,-1
13745,312,297,282,-1,-1,-1,-1,-1
13746,328,313,298,283,-1,-1,-1,-1
13747,344,329,314,299,284,-1,-1,-1
13748,360,345,330,315,300,285,-1,-1
13749,376,361,346,331,316,301,286,-1
13750,392,377,362,347,332,317,302,287
13751,408,393,378,363,348,333,318,303
13752,424,409,394,379,364,349,334,319
13753,440,425,410,395,380,365,350,335
13754,456,441,426,411,396,381,366,351
13755,472,457,442,427,412,397,382,367
13756,488,473,458,443,428,413,398,383
13757,536,489,474,459,444,429,414,399
13758,552,537,490,475,460,445,430,415
13759,568,553,538,491,476,461,446,431
13760,584,569,554,539,492,477,462,447
13761,600,585,570,555,540,493,478,463
13762,616,601,586,571,556,541,494,479
13763,632,617,602,587,572,557,542,495
13764,648,633,618,603,588,573,558,543
13765,664,649,634,619,604,589,574,559
13766,680,665,650,635,620,605,590,575
13767,696,681,666,651,636,621,606,591
13768,712,697,682,667,652,637,622,607
13769,728,713,698,683,668,653,638,623
13770,744,729,714,699,684,669,654,639
13771,792,745,730,715,700,685,670,655
13772,808,793,746,731,716,701,686,671
13773,824,809,794,747,732,717,702,687
13774,840,825,810,795,748,733,718,703
13775,856,841,826,811,796,749,734,719
13776,872,857,842,827,812,797,750,735
13777,888,873,858,843,828,813,798,751
13778,904,889,874,859,844,829,814,799
13779,920,905,890,875,860,845,830,815
13780,936,921,906,891,876,861,846,831
13781,952,937,922,907,892,877,862,847
13782,968,953,938,923,908,893,878,863
13783,984,969,954,939,924,909,894,879
13784,1000,985,970,955,940,925,910,895
13785,1048,1001,986,971,956,941,926,911
13786,1064,1049,1002,987,972,957,942,927
13787,1080,1065,1050,1003,988,973,958,943
13788,1096,1081,1066,1051,1004,989,974,959
13789,1112,1097,1082,1067,1052,1005,990,975
13790,1128,1113,1098,1083,1068,1053,1006,991
13791,1144,1129,1114,1099,1084,1069,1054,1007
13792,1160,1145,1130,1115,1100,1085,1070,1055
13793,1176,1161,1146,1131,1116,1101,1086,1071
13794,1192,1177,1162,1147,1132,1117,1102,1087
13795,1208,1193,1178,1163,1148,1133,1118,1103
13796,1224,1209,1194,1179,1164,1149,1134,1119
13797,1240,1225,1210,1195,1180,1165,1150,1135
13798,1256,1241,1226,1211,1196,1181,1166,1151
13799,1304,1257,1242,1227,1212,1197,1182,1167
13800,1320,1305,1258,1243,1228,1213,1198,1183
13801,1336,1321,1306,1259,1244,1229,1214,1199
13802,1352,1337,1322,1307,1260,1245,1230,1215
13803,1368,1353,1338,1323,1308,1261,1246,1231
13804,1384,1369,1354,1339,1324,1309,1262,1247
13805,1400,1385,1370,1355,1340,1325,1310,1263
13806,1416,1401,1386,1371,1356,1341,1326,1311
13807,1432,1417,1402,1387,1372,1357,1342,1327
13808,1448,1433,1418,1403,1388,1373,1358,1343
13809,1464,1449,1434,1419,1404,1389,1374,1359
13810,1480,1465,1450,1435,1420,1405,1390,1375
13811,1496,1481,1466,1451,1436,1421,1406,1391
13812,1512,1497,1482,1467,1452,1437,1422,1407
13813,1560,1513,1498,1483,1468,1453,1438,1423
13814,1576,1561,1514,1499,1484,1469,1454,1439
13815,1592,1577,1562,1515,1500,1485,1470,1455
13816,1608,1593,1578,1563,1516,1501,1486,1471
13817,1624,1609,1594,1579,1564,1517,1502,1487
13818,1640,1625,1610,1595,1580,1565,1518,1503
13819,1656,1641,1626,1611,1596,1581,1566,1519
13820,1672,1657,1642,1627,1612,1597,1582,1567
13821,1688,1673,1658,1643,1628,1613,1598,1583
13822,1704,1689,1674,1659,1644,1629,1614,1599
13823,1720,1705,1690,1675,1660,1645,1630,1615
13824,1736,1721,1706,1691,1676,1661,1646,1631
13825,1752,1737,1722,1707,1692,1677,1662,1647
13826,1768,1753,1738,1723,1708,1693,1678,1663
13827,1816,1769,1754,1739,1724,1709,1694,1679
13828,1832,1817,1770,1755,1740,1725,1710,1695
13829,1848,1833,1818,1771,1756,1741,1726,1711
13830,1864,1849,1834,1819,1772,1757,1742,1727
13831,1880,1865,1850,1835,1820,1773,1758,1743
13832,1896,1881,1866,1851,1836,1821,1774,1759
13833,1912,1897,1882,1867,1852,1837,1822,1775
13834,1928,1913,1898,1883,1868,1853,1838,1823
13835,1944,1929,1914,1899,1884,1869,1854,1839
13836,1960,1945,1930,1915,1900,1885,1870,1855
13837,1976,1961,1946,1931,1916,1901,1886,1871
13838,1992,1977,1962,1947,1932,1917,1902,1887
13839,2008,1993,1978,1963,1948,1933,1918,1903
13840,2024,2009,1994,1979,1964,1949,1934,1919
13841,2072,2025,2010,1995,1980,1965,1950,1935
13842,2088,2073,2026,2011,1996,1981,1966,1951
13843,2104,2089,2074,2027,2012,1997,1982,1967
13844,2120,2105,2090,2075,2028,2013,1998,1983
13845,2136,2121,2106,2091,2076,2029,2014,1999
13846,2152,2137,2122,2107,2092,2077,2030,2015
13847,2168,2153,2138,2123,2108,2093,2078,2031
13848,2184,2169,2154,2139,2124,2109,2094,2079
13849,2200,2185,2170,2155,2140,2125,2110,2095
13850,2216,2201,2186,2171,2156,2141,2126,2111
13851,2232,2217,2202,2187,2172,2157,2142,2127
13852,2248,2233,2218,2203,2188,2173,2158,2143
13853,2264,2249,2234,2219,2204,2189,2174,2159
13854,2280,2265,2250,2235,2220,2205,2190,2175
13855,2328,2281,2266,2251,2236,2221,2206,2191
13856,2344,2329,2282,2267,2252,2237,2222,2207
13857,2360,2345,2330,2283,2268,2253,2238,2223
13858,2376,2361,2346,2331,2284,2269,2254,2239
13859,2392,2377,2362,2347,2332,2285,2270,2255
13860,2408,2393,2378,2363,2348,2333,2286,2271
13861,2424,2409,2394,2379,2364,2349,2334,2287
13862,2440,2425,2410,2395,2380,2365,2350,2335
13863,2456,2441,2426,2411,2396,2381,2366,2351
13864,2472,2457,2442,2427,2412,2397,2382,2367
13865,2488,2473,2458,2443,2428,2413,2398,2383
13866,2504,2489,2474,2459,2444,2429,2414,2399
13867,2520,2505,2490,2475,2460,2445,2430,2415
13868,2536,2521,2506,2491,2476,2461,2446,2431
13869,2584,2537,2522,2507,2492,2477,2462,2447
13870,2600,2585,2538,2523,2508,2493,2478,2463
13871,2616,2601,2586,2539,2524,2509,2494,2479
13872,2632,2617,2602,2587,2540,2525,2510,2495
13873,2648,2633,2618,2603,2588,2541,2526,2511
13874,2664,2649,2634,2619,2604,2589,2542,2527
13875,2680,2665,2650,2635,2620,2605,2590,2543
13876,2696,2681,2666,2651,2636,2621,2606,2591
13877,2712,2697,2682,2667,2652,2637,2622,2607
13878,2728,2713,2698,2683,2668,2653,2638,2623
13879,2744,2729,2714,2699,2684,2669,2654,2639
13880,2760,2745,2730,2715,2700,2685,2670,2655
13881,2776,2761,2746,2731,2716,2701,2686,2671
13882,2792,2777,2762,2747,2732,2717,2702,2687
13883,2840,2793,2778,2763,2748,2733,2718,2703
13884,2856,2841,2794,2779,2764,2749,2734,2719
13885,2872,2857,2842,2795,2780,2765,2750,2735
13886,2888,2873,2858,2843,2796,2781,2766,2751
13887,2904,2889,2874,2859,2844,2797,2782,2767
13888,2920,2905,2890,2875,2860,2845,2798,2783
13889,2936,2921,2906,2891,2876,2861,2846,2799
13890,2952,2937,2922,2907,2892,2877,2862,2847
13891,2968,2953,2938,2923,2908,2893,2878,2863
13892,2984,2969,2954,2939,2924,2909,2894,2879
13893,3000,2985,2970,2955,2940,2925,2910,2895
13894,3016,3001,2986,2971,2956,2941,2926,2911
13895,3032,3017,3002,2987,2972,2957,2942,2927
13896,3048,3033,3018,3003,2988,2973,2958,2943
13897,3096,3049,3034,3019,3004,2989,2974,2959
13898,3112,3097,3050,3035,3020,3005,2990,2975
13899,3128,3113,3098,3051,3036,3021,3006,2991
13900,3144,3129,3114,3099,3052,3037,3022,3007
13901,3160,3145,3130,3115,3100,3053,3038,3023
13902,3176,3161,3146,3131,3116,3101,3054,3039
13903,3192,3177,3162,3147,3132,3117,3102,3055
13904,3208,3193,3178,3163,3148,3133,3118,3103
13905,3224,3209,3194,3179,3164,3149,3134,3119
13906,3240,3225,3210,3195,3180,3165,3150,3135
13907,3256,3241,3226,3211,3196,3181,3166,3151
13908,3272,3257,3242,3227,3212,3197,3182,3167
13909,3288,3273,3258,3243,3228,3213,3198,3183
13910,3304,3289,3274,3259,3244,3229,3214,3199
13911,3352,3305,3290,3275,3260,3245,3230,3215
13912,3368,3353,3306,3291,3276,3261,3246,3231
13913,3384,3369,3354,3307,3292,3277,3262,3247
13914,3400,3385,3370,3355,3308,3293,3278,3263
13915,3416,3401,3386,3371,3356,3309,3294,3279
13916,3432,3417,3402,3387,3372,3357,3310,3295
13917,3448,3433,3418,3403,3388,3373,3358,3311
13918,3464,3449,3434,3419,3404,3389,3374,3359
13919,3480,3465,3450,3435,3420,3405,3390,3375
13920,3496,3481,3466,3451,3436,3421,3406,3391
13921,3512,3497,3482,3467,3452,3437,3422,3407
13922,3528,3513,3498,3483,3468,3453,3438,3423
13923,3544,3529,3514,3499,3484,3469,3454,3439
13924,3560,3545,3530,3515,3500,3485,3470,3455
13925,3608,3561,3546,3531,3516,3501,3486,3471
13926,3624,3609,3562,3547,3532,3517,3502,3487
13927,3640,3625,3610,3563,3548,3533,3518,3503
13928,3656,3641,3626,3611,3564,3549,3534,3519
13929,3672,3657,3642,3627,3612,3565,3550,3535
13930,3688,3673,3658,3643,3628,3613,3566,3551
13931,3704,3689,3674,3659,3644,3629,3614,3567
13932,3720,3705,3690,3675,3660,3645,3630,3615
13933,3736,3721,3706,3691,3676,3661,3646,3631
13934,3752,3737,3722,3707,3692,3677,3662,3647
13935,3768,3753,3738,3723,3708,3693,3678,3663
13936,3784,3769,3754,3739,3724,3709,3694,3679
13937,3800,3785,3770,3755,3740,3725,3710,3695
13938,3816,3801,3786,3771,3756,3741,3726,3711
13939,-1,3817,3802,3787,3772,3757,3742,3727
13940,-1,-1,3818,3803,3788,3773,3758,3743
13941,-1,-1,-1,3819,3804,3789,3774,3759
13942,-1,-1,-1,-1,3820,3805,3790,3775
13943,-1,-1,-1,-1,-1,3821,3806,3791
13944,-1,-1,-1,-1,-1,-1,3822,3807
13945,-1,-1,-1,-1,-1,-1,-1,3823
13946,-1,-1,-1,-1,-1,-1,-1,-1
13947,-1,-1,-1,-1,-1,-1,-1,-1
13948,-1,-1,-1,-1,-1,-1,-1,-1
13949,-1,-1,-1,-1,-1,-1,-1,-1
13950,-1,-1,-1,-1,-1,-1,-1,-1
13951,-1,-1,-1,-1,-1,-1,-1,-1
13952,-1,-1,-1,-1,-1,-1,-1,-1
13953,-1,-1,-1,-1,-1,-1,-1,-1
13954,-1,-1,-1,-1,-1,-1,-1,-1
13955,-1,-1,-1,-1,-1,-1,-1,-1
13956,-1,-1,-1,-1,-1,-1,-1,-1
13957,-1,-1,-1,-1,-1,-1,-1,-1
13958,-1,-1,-1,-1,-1,-1,-1,-1
13959,-1,-1,-1,-1,-1,-1,-1,-1
13960,-1,-1,-1,-1,-1,-1,-1,-1
13961,288,-1,-1,-1,-1,-1,-1,-1
13962,304,289,-1,-1,-1,-1,-1,-1
13963,320,305,290,-1,-1,-1,-1,-1
13964,336,321,306,291,-1,-1,-1,-1
13965,352,337,322,307,292,-1,-1,-1
13966,368,353,338,323,308,293,-1,-1
13967,384,369,354,339,324,309,294,-1
13968,400,385,370,355,340,325,310,295
13969,416,401,386,371,356,341,326,311
13970,432,417,402,387,372,357,342,327
13971,448,433,418,403,388,373,358,343
13972,464,449,434,419,404,389,374,359
13973,480,465,450,435,420,405,390,375
13974,496,481,466,451,436,421,406,391
13975,544,497,482,467,452,437,422,407
13976,560,545,498,483,468,453,438,423
13977,576,561,546,499,484,469,454,439
13978,592,577,562,547,500,485,470,455
13979,608,593,578,563,548,501,486,471
13980,624,609,594,579,564,549,502,487
13981,640,625,610,595,580,565,550,503
13982,656,641,626,611,596,581,566,551
13983,672,657,642,627,612,597,582,567
13984,688,673,658,643,628,613,598,583
13985,704,689,674,659,644,629,614,599
13986,720,705,690,675,660,645,630,615
13987,736,721,706,691,676,661,646,631
13988,752,737,722,707,692,677,662,647
13989,800,753,738,723,708,693,678,663
13990,816,801,754,739,724,709,694,679
13991,832,817,802,755,740,725,710,695
13992,848,833,818,803,756,741,726,711
13993,864,849,834,819,804,757,742,727
13994,880,865,850,835,820,805,758,743
13995,896,881,866,851,836,821,806,759
13996,912,897,882,867,852,837,822,807
13997,928,913,898,883,868,853,838,823
13998,944,929,914,899,884,869,854,839
13999,960,945,930,915,900,885,870,855
14000,976,961,946,931,916,901,886,871
14001,992,977,962,947,932,917,902,887
14002,1008,993,978,963,948,933,918,903
14003,1056,1009,994,979,964,949,934,919
14004,1072,1057,1010,995,980,965,950,935
14005,1088,1073,1058,1011,996,981,966,951
14006,1104,1089,1074,1059,1012,997,982,967
14007,1120,1105,1090,1075,1060,1013,998,983
14008,1136,1121,1106,1091,1076,1061,1014,999
14009,1152,1137,1122,1107,1092,1077,1062,1015
14010,1168,1153,1138,1123,1108,1093,1078,1063
14011,1184,1169,1154,1139,1124,1109,1094,1079
14012,1200,1185,1170,1155,1140,1125,1110,1095
14013,1216,1201,1186,1171,1156,1141,1126,1111
14014,1232,1217,1202,1187,1172,1157,1142,1127
14015,1248,1233,1218,1203,1188,1173,1158,1143
14016,1264,1249,1234,1219,1204,1189,1174,1159
14017,1312,1265,1250,1235,1220,1205,1190,1175
14018,1328,1313,1266,1251,1236,1221,1206,1191
14019,1344,1329,1314,1267,1252,1237,1222,1207
14020,1360,1345,1330,1315,1268,1253,1238,1223
14021,1376,1361,1346,1331,1316,1269,1254,1239
14022,1392,1377,1362,1347,1332,1317,1270,1255
14023,1408,1393,1378,1363,1348,1333,1318,1271
14024,1424,1409,1394,1379,1364,1349,1334,1319
14025,1440,1425,1410,1395,1380,1365,1350,1335
14026,1456,1441,1426,1411,1396,1381,1366,1351
14027,1472,1457,1442,1427,1412,1397,1382,1367
14028,1488,1473,1458,1443,1428,1413,1398,1383
14029,1504,1489,1474,1459,1444,1429,1414,1399
14030,1520,1505,1490,1475,1460,1445,1430,1415
14031,1568,1521,1506,1491,1476,1461,1446,1431
14032,1584,1569,1522,1507,1492,1477,1462,1447
14033,1600,1585,1570,1523,1508,1493,1478,1463
14034,1616,1601,1586,1571,1524,1509,1494,1479
14035,1632,1617,1602,1587,1572,1525,1510,1495
14036,1648,1633,1618,1603,1588,1573,1526,1511
14037,1664,1649,1634,1619,1604,1589,1574,1527
14038,1680,1665,1650,1635,1620,1605,1590,1575
14039,1696,1681,1666,1651,1636,1621,1606,1591
14040,1712,1697,1682,1667,1652,1637,1622,1607
14041,1728,1713,1698,1683,1668,1653,1638,1623
14042,1744,1729,1714,1699,1684,1669,1654,1639
14043,1760,1745,1730,1715,1700,1685,1670,1655
14044,1776,1761,1746,1731,1716,1701,1686,1671
14045,1824,1777,1762,1747,1732,1717,1702,1687
14046,1840,1825,1778,1763,1748,1733,1718,1703
14047,1856,1841,1826,1779,1764,1749,1734,1719
14048,1872,1857,1842,1827,1780,1765,1750,1735
14049,1888,1873,1858,1843,1828,1781,1766,1751
14050,1904,1889,1874,1859,1844,1829,1782,1767
14051,1920,1905,1890,1875,1860,1845,1830,1783
14052,1936,1921,1906,1891,1876,1861,1846,1831
14053,1952,1937,1922,1907,1892,1877,1862,1847
14054,1968,1953,1938,1923,1908,1893,1878,1863
14055,1984,1969,1954,1939,1924,1909,1894,1879
14056,2000,1985,1970,1955,1940,1925,1910,1895
14057,2016,2001,1986,1971,1956,1941,1926,1911
14058,2032,2017,2002,1987,1972,1957,1942,1927
14059,2080,2033,2018,2003,1988,1973,1958,1943
14060,2096,2081,2034,2019,2004,1989,1974,1959
14061,2112,2097,2082,2035,2020,2005,1990,1975
14062,2128,2113,2098,2083,2036,2021,2006,1991
14063,2144,2129,2114,2099,2084,2037,2022,2007
14064,2160,2145,2130,2115,2100,2085,2038,2023
14065,2176,2161,2146,2131,2116,2101,2086,2039
14066,2192,2177,2162,2147,2132,2117,2102,2087
14067,2208,2193,2178,2163,2148,2133,2118,2103
14068,2224,2209,2194,2179,2164,2149,2134,2119
14069,2240,2225,2210,2195,2180,2165,2150,2135
14070,2256,2241,2226,2211,2196,2181,2166,2151
14071,2272,2257,2242,2227,2212,2197,2182,2167
14072,2288,2273,2258,2243,2228,2213,2198,2183
14073,2336,2289,2274,2259,2244,2229,2214,2199
14074,2352,2337,2290,2275,2260,2245,2230,2215
14075,2368,2353,2338,2291,2276,2261,2246,2231
14076,2384,2369,2354,2339,2292,2277,2262,2247
14077,2400,2385,2370,2355,2340,2293,2278,2263
14078,2416,2401,2386,2371,2356,2341,2294,2279
14079,2432,2417,2402,2387,2372,2357,2342,2295
14080,2448,2433,2418,2403,2388,2373,2358,2343
14081,2464,2449,2434,2419,2404,2389,2374,2359
14082,2480,2465,2450,2435,2420,2405,2390,2375
14083,2496,2481,2466,2451,2436,2421,2406,2391
14084,2512,2497,2482,2467,2452,2437,2422,2407
14085,2528,2513,2498,2483,2468,2453,2438,2423
14086,2544,2529,2514,2499,2484,2469,2454,2439
14087,2592,2545,2530,2515,2500,2485,2470,2455
14088,2608,2593,2546,2531,2516,2501,2486,2471
14089,2624,2609,2594,2547,2532,2517,2502,2487
14090,2640,2625,2610,2595,2548,2533,2518,2503
14091,2656,2641,2626,2611,2596,2549,2534,2519
14092,2672,2657,2642,2627,2612,2597,2550,2535
14093,2688,2673,2658,2643,2628,2613,2598,2551
14094,2704,2689,2674,2659,2644,2629,2614,2599
14095,2720,2705,2690,2675,2660,2645,2630,2615
14096,2736,2721,2706,2691,2676,2661,2646,2631
14097,2752,2737,2722,2707,2692,2677,2662,2647
14098,2768,2753,2738,2723,2708,2693,2678,2663
14099,2784,2769,2754,2739,2724,2709,2694,2679
14100,2800,2785,2770,2755,2740,2725,2710,2695
14101,2848,2801,2786,2771,2756,2741,2726,2711
14102,2864,2849,2802,2787,2772,2757,2742,2727
14103,2880,2865,2850,2803,2788,2773,2758,2743
14104,2896,2881,2866,2851,2804,2789,2774,2759
14105,2912,2897,2882,2867,2852,2805,2790,2775
14106,2928,2913,2898,2883,2868,2853,2806,2791
14107,2944,2929,2914,2899,2884,2869,2854,2807
14108,2960,2945,2930,2915,2900,2885,2870,2855
14109,2976,2961,2946,2931,2916,2901,2886,2871
14110,2992,2977,2962,2947,2932,2917,2902,2887
14111,3008,2993,2978,2963,2948,2933,2918,2903
14112,3024,3009,2994,2979,2964,2949,2934,2919
14113,3040,3025,3010,2995,2980,2965,2950,2935
14114,3056,3041,3026,3011,2996,2981,2966,2951
14115,3104,3057,3042,3027,3012,2997,2982,2967
14116,3120,3105,3058,3043,3028,3013,2998,2983
14117,3136,3121,3106,3059,3044,3029,3014,2999
14118,3152,3137,3122,3107,3060,3045,3030,3015
14119,3168,3153,3138,3123,3108,3061,3046,3031
14120,3184,3169,3154,3139,3124,3109,3062,3047
14121,3200,3185,3170,3155,3140,3125,3110,3063
14122,3216,3201,3186,3171,3156,3141,3126,3111
14123,3232,3217,3202,3187,3172,3157,3142,3127
14124,3248,3233,3218,3203,3188,3173,3158,3143
14125,3264,3249,3234,3219,3204,3189,3174,3159
14126,3280,3265,3250,3235,3220,3205,3190,3175
14127,3296,3281,3266,3251,3236,3221,3206,3191
14128,3312,3297,3282,3267,3252,3237,3222,3207
14129,3360,3313,3298,3283,3268,3253,3238,3223
14130,3376,3361,3314,3299,3284,3269,3254,3239
14131,3392,3377,3362,3315,3300,3285,3270,3255
14132,3408,3393,3378,3363,3316,3301,3286,3271
14133,3424,3409,3394,3379,3364,3317,3302,3287
14134,3440,3425,3410,3395,3380,3365,3318,3303
14135,3456,3441,3426,3411,3396,3381,3366,3319
14136,3472,3457,3442,3427,3412,3397,3382,3367
14137,3488,3473,3458,3443,3428,3413,3398,3383
14138,3504,3489,3474,3459,3444,3429,3414,3399
14139,3520,3505,3490,3475,3460,3445,3430,3415
14140,3536,3521,3506,3491,3476,3461,3446,3431
14141,3552,3537,3522,3507,3492,3477,3462,3447
14142,3568,3553,3538,3523,3508,3493,3478,3463
14143,3616,3569,3554,3539,3524,3509,3494,3479
14144,3632,3617,3570,3555,3540,3525,3510,3495
14145,3648,3633,3618,3571,3556,3541,3526,3511
14146,3664,3649,3634,3619,3572,3557,3542,3527
14147,3680,3665,3650,3635,3620,3573,3558,3543
14148,3696,3681,3666,3651,3636,3621,3574,3559
14149,3712,3697,3682,3667,3652,3637,3622,3575
14150,3728,3713,3698,3683,3668,3653,3638,3623
14151,3744,3729,3714,3699,3684,3669,3654,3639
14152,3760,3745,3730,3715,3700,3685,3670,3655
14153,3776,3761,3746,3731,3716,3701,3686,3671
14154,3792,3777,3762,3747,3732,3717,3702,3687
14155,3808,3793,3778,3763,3748,3733,3718,3703
14156,3824,3809,3794,3779,3764,3749,3734,3719
14157,-1,3825,3810,3795,3780,3765,3750,3735
14158,-1,-1,3826,3811,3796,3781,3766,3751
14159,-1,-1,-1,3827,3812,3797,3782,3767
14160,-1,-1,-1,-1,3828,3813,3798,3783
14161,-1,-1,-1,-1,-1,3829,3814,3799
14162,-1,-1,-1,-1,-1,-1,3830,3815
14163,-1,-1,-1,-1,-1,-1,-1,3831
14164,-1,-1,-1,-1,-1,-1,-1,-1
14165,-1,-1,-1,-1,-1,-1,-1,-1
14166,-1,-1,-1,-1,-1,-1,-1,-1
14167,-1,-1,-1,-1,-1,-1,-1,-1
14168,-1,-1,-1,-1,-1,-1,-1,-1
14169,-1,-1,-1,-1,-1,-1,-1,-1
14170,-1,-1,-1,-1,-1,-1,-1,-1
14171,-1,-1,-1,-1,-1,-1,-1,-1
14172,-1,-1,-1,-1,-1,-1,-1,-1
14173,-1,-1,-1,-1,-1,-1,-1,-1
14174,-1,-1,-1,-1,-1,-1,-1,-1
14175,-1,-1,-1,-1,-1,-1,-1,-1
14176,-1,-1,-1,-1,-1,-1,-1,-1
14177,-1,-1,-1,-1,-1,-1,-1,-1
14178,-1,-1,-1,-1,-1,-1,-1,-1
14179,296,-1,-1,-1,-1,-1,-1,-1
14180,312,297,-1,-1,-1,-1,-1,-1
14181,328,313,298,-1,-1,-1,-1,-1
14182,344,329,314,299,-1,-1,-1,-1
14183,360,345,330,315,300,-1,-1,-1
14184,376,361,346,331,316,301,-1,-1
14185,392,377,362,347,332,317,302,-1
14186,408,393,378,363,348,333,318,303
14187,424,409,394,379,364,349,334,319
14188,440,425,410,395,380,365,350,335
14189,456,441,426,411,396,381,366,351
14190,472,457,442,427,412,397,382,367
14191,488,473,458,443,428,413,398,383
14192,504,489,474,459,444,429,414,399
14193,552,505,490,475,460,445,430,415
14194,568,553,506,491,476,461,446,431
14195,584,569,554,507,492,477,462,447
14196,600,585,570,555,508,493,478,463
14197,616,601,586,571,556,509,494,479
14198,632,617,602,587,572,557,510,495
14199,648,633,618,603,588,573,558,511
14200,664,649,634,619,604,589,574,559
14201,680,665,650,635,620,605,590,575
14202,696,681,666,651,636,621,606,591
14203,712,697,682,667,652,637,622,607
14204,728,713,698,683,668,653,638,623
14205,744,729,714,699,684,669,654,639
14206,760,745,730,715,700,685,670,655
14207,808,761,746,731,716,701,686,671
14208,824,809,762,747,732,717,702,687
14209,840,825,810,763,748,733,718,703
14210,856,841,826,811,764,749,734,719
14211,872,857,842,827,812,765,750,735
14212,888,873,858,843,828,813,766,751
14213,904,889,874,859,844,829,814,767
14214,920,905,890,875,860,845,830,815
14215,936,921,906,891,876,861,846,831
14216,952,937,922,907,892,877,862,847
14217,968,953,938,923,908,893,878,863
14218,984,969,954,939,924,909,894,879
14219,1000,985,970,955,940,925,910,895
14220,1016,1001,986,971,956,941,926,911
14221,1064,1017,1002,987,972,957,942,927
14222,1080,1065,1018,1003,988,973,958,943
14223,1096,1081,1066,1019,1004,989,974,959
14224,1112,1097,1082,1067,1020,1005,990,975
14225,1128,1113,1098,1083,1068,1021,1006,991
14226,1144,1129,1114,1099,1084,1069,1022,1007
14227,1160,1145,1130,1115,1100,1085,1070,1023
14228,1176,1161,1146,1131,1116,1101,1086,1071
14229,1192,1177,1162,1147,1132,1117,1102,1087
14230,1208,1193,1178,1163,1148,1133,1118,1103
14231,1224,1209,1194,1179,1164,1149,1134,1119
14232,1240,1225,1210,1195,1180,1165,1150,1135
14233,1256,1241,1226,1211,1196,1181,1166,1151
14234,1272,1257,1242,1227,1212,1197,1182,1167
14235,1320,1273,1258,1243,1228,1213,1198,1183
14236,1336,1321,1274,1259,1244,1229,1214,1199
14237,1352,1337,1322,1275,1260,1245,1230,1215
14238,1368,1353,1338,1323,1276,1261,1246,1231
14239,1384,1369,1354,1339,1324,1277,1262,1247
14240,1400,1385,1370,1355,1340,1325,1278,1263
14241,1416,1401,1386,1371,1356,1341,1326,1279
14242,1432,1417,1402,1387,1372,1357,1342,1327
14243,1448,1433,1418,1403,1388,1373,1358,1343
14244,1464,1449,1434,1419,1404,1389,1374,1359
14245,1480,1465,1450,1435,1420,1405,1390,1375
14246,1496,1481,1466,1451,1436,1421,1406,1391
14247,1512,1497,1482,1467,1452,1437,1422,1407
14248,1528,1513,1498,1483,1468,1453,1438,1423
14249,1576,1529,1514,1499,1484,1469,1454,1439
14250,1592,1577,1530,1515,1500,1485,1470,1455
14251,1608,1593,1578,1531,1516,1501,1486,1471
14252,1624,1609,1594,1579,1532,1517,1502,1487
14253,1640,1625,1610,1595,1580,1533,1518,1503
14254,1656,1641,1626,1611,1596,1581,1534,1519
14255,1672,1657,1642,1627,1612,1597,1582,1535
14256,1688,1673,1658,1643,1628,1613,1598,1583
14257,1704,1689,1674,1659,1644,1629,1614,1599
14258,1720,1705,1690,1675,1660,1645,1630,1615
14259,1736,1721,1706,1691,1676,1661,1646,1631
14260,1752,1737,1722,1707,1692,1677,1662,1647
14261,1768,1753,1738,1723,1708,1693,1678,1663
14262,1784,1769,1754,1739,1724,1709,1694,1679
14263,1832,1785,1770,1755,1740,1725,1710,1695
14264,1848,1833,1786,1771,1756,1741,1726,1711
14265,1864,1849,1834,1787,1772,1757,1742,1727
14266,1880,1865,1850,1835,1788,1773,1758,1743
14267,1896,1881,1866,1851,1836,1789,1774,1759
14268,1912,1897,1882,1867,1852,1837,1790,1775
14269,1928,1913,1898,1883,1868,1853,1838,1791
14270,1944,1929,1914,1899,1884,1869,1854,1839
14271,1960,1945,1930,1915,1900,1885,1870,1855
14272,1976,1961,1946,1931,1916,1901,1886,1871
14273,1992,1977,1962,1947,1932,1917,1902,1887
14274,2008,1993,1978,1963,1948,1933,1918,1903
14275,2024,2009,1994,1979,1964,1949,1934,1919
14276,2040,2025,2010,1995,1980,1965,1950,1935
14277,2088,2041,2026,2011,1996,1981,1966,1951
14278,2104,2089,2042,2027,2012,1997,1982,1967
14279,2120,2105,2090,2043,2028,2013,1998,1983
14280,2136,2121,2106,2091,2044,2029,2014,1999
14281,2152,2137,2122,2107,2092,2045,2030,2015
14282,2168,2153,2138,2123,2108,2093,2046,2031
14283,2184,2169,2154,2139,2124,2109,2094,2047
14284,2200,2185,2170,2155,2140,2125,2110,2095
14285,2216,2201,2186,2171,2156,2141,2126,2111
14286,2232,2217,2202,2187,2172,2157,2142,2127
14287,2248,2233,2218,2203,2188,2173,2158,2143
14288,2264,2249,2234,2219,2204,2189,2174,2159
14289,2280,2265,2250,2235,2220,2205,2190,2175
14290,2296,2281,2266,2251,2236,2221,2206,2191
14291,2344,2297,2282,2267,2252,2237,2222,2207
14292,2360,2345,2298,2283,2268,2253,2238,2223
14293,2376,2361,2346,2299,2284,2269,2254,2239
14294,2392,2377,2362,2347,2300,2285,2270,2255
14295,2408,2393,2378,2363,2348,2301,2286,2271
14296,2424,2409,2394,2379,2364,2349,2302,2287
14297,2440,2425,2410,2395,2380,2365,2350,2303
14298,2456,2441,2426,2411,2396,2381,2366,2351
14299,2472,2457,2442,2427,2412,2397,2382,2367
14300,2488,2473,2458,2443,2428,2413,2398,2383
14301,2504,2489,2474,2459,2444,2429,2414,2399
14302,2520,2505,2490,2475,2460,2445,2430,2415
14303,2536,2521,2506,2491,2476,2461,2446,2431
14304,2552,2537,2522,2507,2492,2477,2462,2447
14305,2600,2553,2538,2523,2508,2493,2478,2463
14306,2616,2601,2554,2539,2524,2509,2494,2479
14307,2632,2617,2602,2555,2540,2525,2510,2495
14308,2648,2633,2618,2603,2556,2541,2526,2511
14309,2664,2649,2634,2619,2604,2557,2542,2527
14310,2680,2665,2650,2635,2620,2605,2558,2543
14311,2696,2681,2666,2651,2636,2621,2606,2559
14312,2712,2697,2682,2667,2652,2637,2622,2607
14313,2728,2713,2698,2683,2668,2653,2638,2623
14314,2744,2729,2714,2699,2684,2669,2654,2639
14315,2760,2745,2730,2715,2700,2685,2670,2655
14316,2776,2761,2746,2731,2716,2701,2686,2671
14317,2792,2777,2762,2747,2732,2717,2702,2687
14318,2808,2793,2778,2763,2748,2733,2718,2703
14319,2856,2809,2794,2779,2764,2749,2734,2719
14320,2872,2857,2810,2795,2780,2765,2750,2735
14321,2888,2873,2858,2811,2796,2781,2766,2751
14322,2904,2889,2874,2859,2812,2797,2782,2767
14323,2920,2905,2890,2875,2860,2813,2798,2783
14324,2936,2921,2906,2891,2876,2861,2814,2799
14325,2952,2937,2922,2907,2892,2877,2862,2815
14326,2968,2953,2938,2923,2908,2893,2878,2863
14327,2984,2969,2954,2939,2924,2909,2894,2879
14328,3000,2985,2970,2955,2940,2925,2910,2895
14329,3016,3001,2986,2971,2956,2941,2926,2911
14330,3032,3017,3002,2987,2972,2957,2942,2927
14331,3048,3033,3018,3003,2988,2973,2958,2943
14332,3064,3049,3034,3019,3004,2989,2974,2959
14333,3112,3065,3050,3035,3020,3005,2990,2975
14334,3128,3113,3066,3051,3036,3021,3006,2991
14335,3144,3129,3114,3067,3052,3037,3022,3007
14336,3160,3145,3130,3115,3068,3053,3038,3023
14337,3176,3161,3146,3131,3116,3069,3054,3039
14338,3192,3177,3162,3147,3132,3117,3070,3055
14339,3208,3193,3178,3163,3148,3133,3118,3071
14340,3224,3209,3194,3179,3164,3149,3134,3119
14341,3240,3225,3210,3195,3180,3165,3150,3135
14342,3256,3241,3226,3211,3196,3181,3166,3151
14343,3272,3257,3242,3227,3212,3197,3182,3167
14344,3288,3273,3258,3243,3228,3213,3198,3183
14345,3304,3289,3274,3259,3244,3229,3214,3199
14346,3320,3305,3290,3275,3260,3245,3230,3215
14347,3368,3321,3306,3291,3276,3261,3246,3231
14348,3384,3369,3322,3307,3292,3277,3262,3247
14349,3400,3385,3370,3323,3308,3293,3278,3263
14350,3416,3401,3386,3371,3324,3309,3294,3279
14351,3432,3417,3402,3387,3372,3325,3310,3295
14352,3448,3433,3418,3403,3388,3373,3326,3311
14353,3464,3449,3434,3419,3404,3389,3374,3327
14354,3480,3465,3450,3435,3420,3405,3390,3375
14355,3496,3481,3466,3451,3436,3421,3406,3391
14356,3512,3497,3482,3467,3452,3437,3422,3407
14357,3528,3513,3498,3483,3468,3453,3438,3423
14358,3544,3529,3514,3499,3484,3469,3454,3439
14359,3560,3545,3530,3515,3500,3485,3470,3455
14360,3576,3561,3546,3531,3516,3501,3486,3471
14361,3624,3577,3562,3547,3532,3517,3502,3487
14362,3640,3625,3578,3563,3548,3533,3518,3503
14363,3656,3641,3626,3579,3564,3549,3534,3519
14364,3672,3657,3642,3627,3580,3565,3550,3535
14365,3688,3673,3658,3643,3628,3581,3566,3551
14366,3704,3689,3674,3659,3644,3629,3582,3567
14367,3720,3705,3690,3675,3660,3645,3630,3583
14368,3736,3721,3706,3691,3676,3661,3646,3631
14369,3752,3737,3722,3707,3692,3677,3662,3647
14370,3768,3753,3738,3723,3708,3693,3678,3663
14371,3784,3769,3754,3739,3724,3709,3694,3679
14372,3800,3785,3770,3755,3740,3725,3710,3695
14373,3816,3801,3786,3771,3756,3741,3726,3711
14374,3832,3817,3802,3787,3772,3757,3742,3727
14375,-1,3833,3818,3803,3788,3773,3758,3743
14376,-1,-1,3834,3819,3804,3789,3774,3759
14377,-1,-1,-1,3835,3820,3805,3790,3775
14378,-1,-1,-1,-1,3836,3821,3806,3791
14379,-1,-1,-1,-1,-1,3837,3822,3807
14380,-1,-1,-1,-1,-1,-1,3838,3823
14381,-1,-1,-1,-1,-1,-1,-1,3839
14382,-1,-1,-1,-1,-1,-1,-1,-1
14383,-1,-1,-1,-1,-1,-1,-1,-1
14384,-1,-1,-1,-1,-1,-1,-1,-1
14385,-1,-1,-1,-1,-1,-1,-1,-1
14386,-1,-1,-1,-1,-1,-1,-1,-1
14387,-1,-1,-1,-1,-1,-1,-1,-1
14388,-1,-1,-1,-1,-1,-1,-1,-1
14389,-1,-1,-1,-1,-1,-1,-1,-1
14390,-1,-1,-1,-1,-1,-1,-1,-1
14391,-1,-1,-1,-1,-1,-1,-1,-1
14392,-1,-1,-1,-1,-1,-1,-1,-1
14393,-1,-1,-1,-1,-1,-1,-1,-1
14394,-1,-1,-1,-1,-1,-1,-1,-1
14395,-1,-1,-1,-1,-1,-1,-1,-1
14396,-1,-1,-1,-1,-1,-1,-1,-1
14397,512,-1,-1,-1,-1,-1,-1,-1
14398,528,513,-1,-1,-1,-1,-1,-1
14399,544,529,514,-1,-1,-1,-1,-1
14400,560,545,530,515,-1,-1,-1,-1
14401,576,561,546,531,516,-1,-1,-1
14402,592,577,562,547,532,517,-1,-1
14403,608,593,578,563,548,533,518,-1
14404,624,609,594,579,564,549,534,519
14405,640,625,610,595,580,565,550,535
14406,656,641,626,611,596,581,566,551
14407,672,657,642,627,612,597,582,567
14408,688,673,658,643,628,613,598,583
14409,704,689,674,659,644,629,614,599
14410,720,705,690,675,660,645,630,615
14411,768,721,706,691,676,661,646,631
14412,784,769,722,707,692,677,662,647
14413,800,785,770,723,708,693,678,663
14414,816,801,786,771,724,709,694,679
14415,832,817,802,787,772,725,710,695
14416,848,833,818,803,788,773,726,711
14417,864,849,834,819,804,789,774,727
14418,880,865,850,835,820,805,790,775
14419,896,881,866,851,836,821,806,791
14420,912,897,882,867,852,837,822,807
14421,928,913,898,883,868,853,838,823
14422,944,929,914,899,884,869,854,839
14423,960,945,930,915,900,885,870,855
14424,976,961,946,931,916,901,886,871
14425,1024,977,962,947,932,917,902,887
14426,1040,1025,978,963,948,933,918,903
14427,1056,1041,1026,979,964,949,934,919
14428,1072,1057,1042,1027,980,965,950,935
14429,1088,1073,1058,1043,1028,981,966,951
14430,1104,1089,1074,1059,1044,1029,982,967
14431,1120,1105,1090,1075,1060,1045,1030,983
14432,1136,1121,1106,1091,1076,1061,1046,1031
14433,1152,1137,1122,1107,1092,1077,1062,1047
14434,1168,1153,1138,1123,1108,1093,1078,1063
14435,1184,1169,1154,1139,1124,1109,1094,1079
14436,1200,1185,1170,1155,1140,1125,1110,1095
14437,1216,1201,1186,1171,1156,1141,1126,1111
14438,1232,1217,1202,1187,1172,1157,1142,1127
14439,1280,1233,1218,1203,1188,1173,1158,1143
14440,1296,1281,1234,1219,1204,1189,1174,1159
14441,1312,1297,1282,1235,1220,1205,1190,1175
14442,1328,1313,1298,1283,1236,1221,1206,1191
14443,1344,1329,1314,1299,1284,1237,1222,1207
14444,1360,1345,1330,1315,1300,1285,1238,1223
14445,1376,1361,1346,1331,1316,1301,1286,1239
14446,1392,1377,1362,1347,1332,1317,1302,1287
14447,1408,1393,1378,1363,1348,1333,1318,1303
14448,1424,1409,1394,1379,1364,1349,1334,1319
14449,1440,1425,1410,1395,1380,1365,1350,1335
14450,1456,1441,1426,1411,1396,1381,1366,1351
14451,1472,1457,1442,1427,1412,1397,1382,1367
14452,1488,1473,1458,1443,1428,1413,1398,1383
14453,1536,1489,1474,1459,1444,1429,1414,1399
14454,1552,1537,1490,1475,1460,1445,1430,1415
14455,1568,1553,1538,1491,1476,1461,1446,1431
14456,1584,1569,1554,1539,1492,1477,1462,1447
14457,1600,1585,1570,1555,1540,1493,1478,1463
14458,1616,1601,1586,1571,1556,1541,1494,1479
14459,1632,1617,1602,1587,1572,1557,1542,1495
14460,1648,1633,1618,1603,1588,1573,1558,1543
14461,1664,1649,1634,1619,1604,1589,1574,1559
14462,1680,1665,1650,1635,1620,1605,1590,1575
14463,1696,1681,1666,1651,1636,1621,1606,1591
14464,1712,1697,1682,1667,1652,1637,1622,1607
14465,1728,1713,1698,1683,1668,1653,1638,1623
14466,1744,1729,1714,1699,1684,1669,1654,1639
14467,1792,1745,1730,1715,1700,1685,1670,1655
14468,1808,1793,1746,1731,1716,1701,1686,1671
14469,1824,1809,1794,1747,1732,1717,1702,1687
14470,1840,1825,1810,1795,1748,1733,1718,1703
14471,1856,1841,1826,1811,1796,1749,1734,1719
14472,1872,1857,1842,1827,1812,1797,1750,1735
14473,1888,1873,1858,1843,1828,1813,1798,1751
14474,1904,1889,1874,1859,1844,1829,1814,1799
14475,1920,1905,1890,1875,1860,1845,1830,1815
14476,1936,1921,1906,1891,1876,1861,1846,1831
14477,1952,1937,1922,1907,1892,1877,1862,1847
14478,1968,1953,1938,1923,1908,1893,1878,1863
14479,1984,1969,1954,1939,1924,1909,1894,1879
14480,2000,1985,1970,1955,1940,1925,1910,1895
14481,2048,2001,1986,1971,1956,1941,1926,1911
14482,2064,2049,2002,1987,1972,1957,1942,1927
14483,2080,2065,2050,2003,1988,1973,1958,1943
14484,2096,2081,2066,2051,2004,1989,1974,1959
14485,2112,2097,2082,2067,2052,2005,1990,1975
14486,2128,2113,2098,2083,2068,2053,2006,1991
14487,2144,2129,2114,2099,2084,2069,2054,2007
14488,2160,2145,2130,2115,2100,2085,2070,2055
14489,2176,2161,2146,2131,2116,2101,2086,2071
14490,2192,2177,2162,2147,2132,2117,2102,2087
14491,2208,2193,2178,2163,2148,2133,2118,2103
14492,2224,2209,2194,2179,2164,2149,2134,2119
14493,2240,2225,2210,2195,2180,2165,2150,2135
14494,2256,2241,2226,2211,2196,2181,2166,2151
14495,2304,2257,2242,2227,2212,2197,2182,2167
14496,2320,2305,2258,2243,2228,2213,2198,2183
14497,2336,2321,2306,2259,2244,2229,2214,2199
14498,2352,2337,2322,2307,2260,2245,2230,2215
14499,2368,2353,2338,2323,2308,2261,2246,2231
14500,2384,2369,2354,2339,2324,2309,2262,2247
14501,2400,2385,2370,2355,2340,2325,2310,2263
14502,2416,2401,2386,2371,2356,2341,2326,2311
14503,2432,2417,2402,2387,2372,2357,2342,2327
14504,2448,2433,2418,2403,2388,2373,2358,2343
14505,2464,2449,2434,2419,2404,2389,2374,2359
14506,2480,2465,2450,2435,2420,2405,2390,2375
14507,2496,2481,2466,2451,2436,2421,2406,2391
14508,2512,2497,2482,2467,2452,2437,2422,2407
14509,2560,2513,2498,2483,2468,2453,2438,2423
14510,2576,2561,2514,2499,2484,2469,2454,2439
14511,2592,2577,2562,2515,2500,2485,2470,2455
14512,2608,2593,2578,2563,2516,2501,2486,2471
14513,2624,2609,2594,2579,2564,2517,2502,2487
14514,2640,2625,2610,2595,2580,2565,2518,2503
14515,2656,2641,2626,2611,2596,2581,2566,2519
14516,2672,2657,2642,2627,2612,2597,2582,2567
14517,2688,2673,2658,2643,2628,2613,2598,2583
14518,2704,2689,2674,2659,2644,2629,2614,2599
14519,2720,2705,2690,2675,2660,2645,2630,2615
14520,2736,2721,2706,2691,2676,2661,2646,2631
14521,2752,2737,2722,2707,2692,2677,2662,2647
14522,2768,2753,2738,2723,2708,2693,2678,2663
14523,2816,2769,2754,2739,2724,2709,2694,2679
14524,2832,2817,2770,2755,2740,2725,2710,2695
14525,2848,2833,2818,2771,2756,2741,2726,2711
14526,2864,2849,2834,2819,2772,2757,2742,2727
14527,2880,2865,2850,2835,2820,2773,2758,2743
14528,2896,2881,2866,2851,2836,2821,2774,2759
14529,2912,2897,2882,2867,2852,2837,2822,2775
14530,2928,2913,2898,2883,2868,2853,2838,2823
14531,2944,2929,2914,2899,2884,2869,2854,2839
14532,2960,2945,2930,2915,2900,2885,2870,2855
14533,2976,2961,2946,2931,2916,2901,2886,2871
14534,2992,2977,2962,2947,2932,2917,2902,2887
14535,3008,2993,2978,2963,2948,2933,2918,2903
14536,3024,3009,2994,2979,2964,2949,2934,2919
14537,3072,3025,3010,2995,2980,2965,2950,2935
14538,3088,3073,3026,3011,2996,2981,2966,2951
14539,3104,3089,3074,3027,3012,2997,2982,2967
14540,3120,3105,3090,3075,3028,3013,2998,2983
14541,3136,3121,3106,3091,3076,3029,3014,2999
14542,3152,3137,3122,3107,3092,3077,3030,3015
14543,3168,3153,3138,3123,3108,3093,3078,3031
14544,3184,3169,3154,3139,3124,3109,3094,3079
14545,3200,3185,3170,3155,3140,3125,3110,3095
14546,3216,3201,3186,3171,3156,3141,3126,3111
14547,3232,3217,3202,3187,3172,3157,3142,3127
14548,3248,3233,3218,3203,3188,3173,3158,3143
14549,3264,3249,3234,3219,3204,3189,3174,3159
14550,3280,3265,3250,3235,3220,3205,3190,3175
14551,3328,3281,3266,3251,3236,3221,3206,3191
14552,3344,3329,3282,3267,3252,3237,3222,3207
14553,3360,3345,3330,3283,3268,3253,3238,3223
14554,3376,3361,3346,3331,3284,3269,3254,3239
14555,3392,3377,3362,3347,3332,3285,3270,3255
14556,3408,3393,3378,3363,3348,3333,3286,3271
14557,3424,3409,3394,3379,3364,3349,3334,3287
14558,3440,3425,3410,3395,3380,3365,3350,3335
14559,3456,3441,3426,3411,3396,3381,3366,3351
14560,3472,3457,3442,3427,3412,3397,3382,3367
14561,3488,3473,3458,3443,3428,3413,3398,3383
14562,3504,3489,3474,3459,3444,3429,3414,3399
14563,3520,3505,3490,3475,3460,3445,3430,3415
14564,3536,3521,3506,3491,3476,3461,3446,3431
14565,3584,3537,3522,3507,3492,3477,3462,3447
14566,3600,3585,3538,3523,3508,3493,3478,3463
14567,3616,3601,3586,3539,3524,3509,3494,3479
14568,3632,3617,3602,3587,3540,3525,3510,3495
14569,3648,3633,3618,3603,3588,3541,3526,3511
14570,3664,3649,3634,3619,3604,3589,3542,3527
14571,3680,3665,3650,3635,3620,3605,3590,3543
14572,3696,3681,3666,3651,3636,3621,3606,3591
14573,3712,3697,3682,3667,3652,3637,3622,3607
14574,3728,3713,3698,3683,3668,3653,3638,3623
14575,3744,3729,3714,3699,3684,3669,3654,3639
14576,3760,3745,3730,3715,3700,3685,3670,3655
14577,3776,3761,3746,3731,3716,3701,3686,3671
14578,3792,3777,3762,3747,3732,3717,3702,3687
14579,3840,3793,3778,3763,3748,3733,3718,3703
14580,3856,3841,3794,3779,3764,3749,3734,3719
14581,3872,3857,3842,3795,3780,3765,3750,3735
14582,3888,3873,3858,3843,3796,3781,3766,3751
14583,3904,3889,3874,3859,3844,3797,3782,3767
14584,3920,3905,3890,3875,3860,3845,3798,3783
14585,3936,3921,3906,3891,3876,3861,3846,3799
14586,3952,3937,3922,3907,3892,3877,3862,3847
14587,3968,3953,3938,3923,3908,3893,3878,3863
14588,3984,3969,3954,3939,3924,3909,3894,3879
14589,4000,3985,3970,3955,3940,3925,3910,3895
14590,4016,4001,3986,3971,3956,3941,3926,3911
14591,4032,4017,4002,3987,3972,3957,3942,3927
14592,4048,4033,4018,4003,3988,3973,3958,3943
14593,-1,4049,4034,4019,4004,3989,3974,3959
14594,-1,-1,4050,4035,4020,4005,3990,3975
14595,-1,-1,-1,4051,4036,4021,4006,3991
14596,-1,-1,-1,-1,4052,4037,4022,4007
14597,-1,-1,-1,-1,-1,4053,4038,4023
14598,-1,-1,-1,-1,-1,-1,4054,4039
14599,-1,-1,-1,-1,-1,-1,-1,4055
14600,-1,-1,-1,-1,-1,-1,-1,-1
14601,-1,-1,-1,-1,-1,-1,-1,-1
14602,-1,-1,-1,-1,-1,-1,-1,-1
14603,-1,-1,-1,-1,-1,-1,-1,-1
14604,-1,-1,-1,-1,-1,-1,-1,-1
14605,-1,-1,-1,-1,-1,-1,-1,-1
14606,-1,-1,-1,-1,-1,-1,-1,-1
14607,-1,-1,-1,-1,-1,-1,-1,-1
14608,-1,-1,-1,-1,-1,-1,-1,-1
14609,-1,-1,-1,-1,-1,-1,-1,-1
14610,-1,-1,-1,-1,-1,-1,-1,-1
14611,-1,-1,-1,-1,-1,-1,-1,-1
14612,-1,-1,-1,-1,-1,-1,-1,-1
14613,-1,-1,-1,-1,-1,-1,-1,-1
14614,-1,-1,-1,-1,-1,-1,-1,-1
14615,520,-1,-1,-1,-1,-1,-1,-1
14616,536,521,-1,-1,-1,-1,-1,-1
14617,552,537,522,-1,-1,-1,-1,-1
14618,568,553,538,523,-1,-1,-1,-1
14619,584,569,554,539,524,-1,-1,-1
14620,600,585,570,555,540,525,-1,-1
14621,616,601,586,571,556,541,526,-1
14622,632,617,602,587,572,557,542,527
14623,648,633,618,603,588,573,558,543
14624,664,649,634,619,604,589,574,559
14625,680,665,650,635,620,605,590,575
14626,696,681,666,651,636,621,606,591
14627,712,697,682,667,652,637,622,607
14628,728,713,698,683,668,653,638,623
14629,776,729,714,699,684,669,654,639
14630,792,777,730,715,700,685,670,655
14631,808,793,778,731,716,701,686,671
14632,824,809,794,779,732,717,702,687
14633,840,825,810,795,780,733,718,703
14634,856,841,826,811,796,781,734,719
14635,872,857,842,827,812,797,782,735
14636,888,873,858,843,828,813,798,783
14637,904,889,874,859,844,829,814,799
14638,920,905,890,875,860,845,830,815
14639,936,921,906,891,876,861,846,831
14640,952,937,922,907,892,877,862,847
14641,968,953,938,923,908,893,878,863
14642,984,969,954,939,924,909,894,879
14643,1032,985,970,955,940,925,910,895
14644,1048,1033,986,971,956,941,926,911
14645,1064,1049,1034,987,972,957,942,927
14646,1080,1065,1050,1035,988,973,958,943
14647,1096,1081,1066,1051,1036,989,974,959
14648,1112,1097,1082,1067,1052,1037,990,975
14649,1128,1113,1098,1083,1068,1053,1038,991
14650,1144,1129,1114,1099,1084,1069,1054,1039
14651,1160,1145,1130,1115,1100,1085,1070,1055
14652,1176,1161,1146,1131,1116,1101,1086,1071
14653,1192,1177,1162,1147,1132,1117,1102,1087
14654,1208,1193,1178,1163,1148,1133,1118,1103
14655,1224,1209,1194,1179,1164,1149,1134,1119
14656,1240,1225,1210,1195,1180,1165,1150,1135
14657,1288,1241,1226,1211,1196,1181,1166,1151
14658,1304,1289,1242,1227,1212,1197,1182,1167
14659,1320,1305,1290,1243,1228,1213,1198,1183
14660,1336,1321,1306,1291,1244,1229,1214,1199
14661,1352,1337,1322,1307,1292,1245,1230,1215
14662,1368,1353,1338,1323,1308,1293,1246,1231
14663,1384,1369,1354,1339,1324,1309,1294,1247
14664,1400,1385,1370,1355,1340,1325,1310,1295
14665,1416,1401,1386,1371,1356,1341,1326,1311
14666,1432,1417,1402,1387,1372,1357,1342,1327
14667,1448,1433,1418,1403,1388,1373,1358,1343
14668,1464,1449,1434,1419,1404,1389,1374,1359
14669,1480,1465,1450,1435,1420,1405,1390,1375
14670,1496,1481,1466,1451,1436,1421,1406,1391
14671,1544,1497,1482,1467,1452,1437,1422,1407
14672,1560,1545,1498,1483,1468,1453,1438,1423
14673,1576,1561,1546,1499,1484,1469,1454,1439
14674,1592,1577,1562,1547,1500,1485,1470,1455
14675,1608,1593,1578,1563,1548,1501,1486,1471
14676,1624,1609,1594,1579,1564,1549,1502,1487
14677,1640,1625,1610,1595,1580,1565,1550,1503
14678,1656,1641,1626,1611,1596,1581,1566,1551
14679,1672,1657,1642,1627,1612,1597,1582,1567
14680,1688,1673,1658,1643,1628,1613,1598,1583
14681,1704,1689,1674,1659,1644,1629,1614,1599
14682,1720,1705,1690,1675,1660,1645,1630,1615
14683,1736,1721,1706,1691,1676,1661,1646,1631
14684,1752,1737,1722,1707,1692,1677,1662,1647
14685,1800,1753,1738,1723,1708,1693,1678,1663
14686,1816,1801,1754,1739,1724,1709,1694,1679
14687,1832,1817,1802,1755,1740,1725,1710,1695
14688,1848,1833,1818,1803,1756,1741,1726,1711
14689,1864,1849,1834,1819,1804,1757,1742,1727
14690,1880,1865,1850,1835,1820,1805,1758,1743
14691,1896,1881,1866,1851,1836,1821,1806,1759
14692,1912,1897,1882,1867,1852,1837,1822,1807
14693,1928,1913,1898,1883,1868,1853,1838,1823
14694,1944,1929,1914,1899,1884,1869,1854,1839
14695,1960,1945,1930,1915,1900,1885,1870,1855
14696,1976,1961,1946,1931,1916,1901,1886,1871
14697,1992,1977,1962,1947,1932,1917,1902,1887
14698,2008,1993,1978,1963,1948,1933,1918,1903
14699,2056,2009,1994,1979,1964,1949,1934,1919
14700,2072,2057,2010,1995,1980,1965,1950,1935
14701,2088,2073,2058,2011,1996,1981,1966,1951
14702,2104,2089,2074,2059,2012,1997,1982,1967
14703,2120,2105,2090,2075,2060,2013,1998,1983
14704,2136,2121,2106,2091,2076,2061,2014,1999
14705,2152,2137,2122,2107,2092,2077,2062,2015
14706,2168,2153,2138,2123,2108,2093,2078,2063
14707,2184,2169,2154,2139,2124,2109,2094,2079
14708,2200,2185,2170,2155,2140,2125,2110,2095
14709,2216,2201,2186,2171,2156,2141,2126,2111
14710,2232,2217,2202,2187,2172,2157,2142,2127
14711,2248,2233,2218,2203,2188,2173,2158,2143
14712,2264,2249,2234,2219,2204,2189,2174,2159
14713,2312,2265,2250,2235,2220,2205,2190,2175
14714,2328,2313,2266,2251,2236,2221,2206,2191
14715,2344,2329,2314,2267,2252,2237,2222,2207
14716,2360,2345,2330,2315,2268,2253,2238,2223
14717,2376,2361,2346,2331,2316,2269,2254,2239
14718,2392,2377,2362,2347,2332,2317,2270,2255
14719,2408,2393,2378,2363,2348,2333,2318,2271
14720,2424,2409,2394,2379,2364,2349,2334,2319
14721,2440,2425,2410,2395,2380,2365,2350,2335
14722,2456,2441,2426,2411,2396,2381,2366,2351
14723,2472,2457,2442,2427,2412,2397,2382,2367
14724,2488,2473,2458,2443,2428,2413,2398,2383
14725,2504,2489,2474,2459,2444,2429,2414,2399
14726,2520,2505,2490,2475,2460,2445,2430,2415
14727,2568,2521,2506,2491,2476,2461,2446,2431
14728,2584,2569,2522,2507,2492,2477,2462,2447
14729,2600,2585,2570,2523,2508,2493,2478,2463
14730,2616,2601,2586,2571,2524,2509,2494,2479
14731,2632,2617,2602,2587,2572,2525,2510,2495
14732,2648,2633,2618,2603,2588,2573,2526,2511
14733,2664,2649,2634,2619,2604,2589,2574,2527
14734,2680,2665,2650,2635,2620,2605,2590,2575
14735,2696,2681,2666,2651,2636,2621,2606,2591
14736,2712,2697,2682,2667,2652,2637,2622,2607
14737,2728,2713,2698,2683,2668,2653,2638,2623
14738,2744,2729,2714,2699,2684,2669,2654,2639
14739,2760,2745,2730,2715,2700,2685,2670,2655
14740,2776,2761,2746,2731,2716,2701,2686,2671
14741,2824,2777,2762,2747,2732,2717,2702,2687
14742,2840,2825,2778,2763,2748,2733,2718,2703
14743,2856,2841,2826,2779,2764,2749,2734,2719
14744,2872,2857,2842,2827,2780,2765,2750,2735
14745,2888,2873,2858,2843,2828,2781,2766,2751
14746,2904,2889,2874,2859,2844,2829,2782,2767
14747,2920,2905,2890,2875,2860,2845,2830,2783
14748,2936,2921,2906,2891,2876,2861,2846,2831
14749,2952,2937,2922,2907,2892,2877,2862,2847
14750,2968,2953,2938,2923,2908,2893,2878,2863
14751,2984,2969,2954,2939,2924,2909,2894,2879
14752,3000,2985,2970,2955,2940,2925,2910,2895
14753,3016,3001,2986,2971,2956,2941,2926,2911
14754,3032,3017,3002,2987,2972,2957,2942,2927
14755,3080,3033,3018,3003,2988,2973,2958,2943
14756,3096,3081,3034,3019,3004,2989,2974,2959
14757,3112,3097,3082,3035,3020,3005,2990,2975
14758,3128,3113,3098,3083,3036,3021,3006,2991
14759,3144,3129,3114,3099,3084,3037,3022,3007
14760,3160,3145,3130,3115,3100,3085,3038,3023
14761,3176,3161,3146,3131,3116,3101,3086,3039
14762,3192,3177,3162,3147,3132,3117,3102,3087
14763,3208,3193,3178,3163,3148,3133,3118,3103
14764,3224,3209,3194,3179,3164,3149,3134,3119
14765,3240,3225,3210,3195,3180,3165,3150,3135
14766,3256,3241,3226,3211,3196,3181,3166,3151
14767,3272,3257,3242,3227,3212,3197,3182,3167
14768,3288,3273,3258,3243,3228,3213,3198,3183
14769,3336,3289,3274,3259,3244,3229,3214,3199
14770,3352,3337,3290,3275,3260,3245,3230,3215
14771,3368,3353,3338,3291,3276,3261,3246,3231
14772,3384,3369,3354,3339,3292,3277,3262,3247
14773,3400,3385,3370,3355,3340,3293,3278,3263
14774,3416,3401,3386,3371,3356,3341,3294,3279
14775,3432,3417,3402,3387,3372,3357,3342,3295
14776,3448,3433,3418,3403,3388,3373,3358,3343
14777,3464,3449,3434,3419,3404,3389,3374,3359
14778,3480,3465,3450,3435,3420,3405,3390,3375
14779,3496,3481,3466,3451,3436,3421,3406,3391
14780,3512,3497,3482,3467,3452,3437,3422,3407
14781,3528,3513,3498,3483,3468,3453,3438,3423
14782,3544,3529,3514,3499,3484,3469,3454,3439
14783,3592,3545,3530,3515,3500,3485,3470,3455
14784,3608,3593,3546,3531,3516,3501,3486,3471
14785,3624,3609,3594,3547,3532,3517,3502,3487
14786,3640,3625,3610,3595,3548,3533,3518,3503
14787,3656,3641,3626,3611,3596,3549,3534,3519
14788,3672,3657,3642,3627,3612,3597,3550,3535
14789,3688,3673,3658,3643,3628,3613,3598,3551
14790,3704,3689,3674,3659,3644,3629,3614,3599
14791,3720,3705,3690,3675,3660,3645,3630,3615
14792,3736,3721,3706,3691,3676,3661,3646,3631
14793,3752,3737,3722,3707,3692,3677,3662,3647
14794,3768,3753,3738,3723,3708,3693,3678,3663
14795,3784,3769,3754,3739,3724,3709,3694,3679
14796,3800,3785,3770,3755,3740,3725,3710,3695
14797,3848,3801,3786,3771,3756,3741,3726,3711
14798,3864,3849,3802,3787,3772,3757,3742,3727
14799,3880,3865,3850,3803,3788,3773,3758,3743
14800,3896,3881,3866,3851,3804,3789,3774,3759
14801,3912,3897,3882,3867,3852,3805,3790,3775
14802,3928,3913,3898,3883,3868,3853,3806,3791
14803,3944,3929,3914,3899,3884,3869,3854,3807
14804,3960,3945,3930,3915,3900,3885,3870,3855
14805,3976,3961,3946,3931,3916,3901,3886,3871
14806,3992,3977,3962,3947,3932,3917,3902,3887
14807,4008,3993,3978,3963,3948,3933,3918,3903
14808,4024,4009,3994,3979,3964,3949,3934,3919
14809,4040,4025,4010,3995,3980,3965,3950,3935
14810,4056,4041,4026,4011,3996,3981,3966,3951
14811,-1,4057,4042,4027,4012,3997,3982,3967
14812,-1,-1,4058,4043,4028,4013,3998,3983
14813,-1,-1,-1,4059,4044,4029,4014,3999
14814,-1,-1,-1,-1,4060,4045,4030,4015
14815,-1,-1,-1,-1,-1,4061,4046,4031
14816,-1,-1,-1,-1,-1,-1,4062,4047
14817,-1,-1,-1,-1,-1,-1,-1,4063
14818,-1,-1,-1,-1,-1,-1,-1,-1
14819,-1,-1,-1,-1,-1,-1,-1,-1
14820,-1,-1,-1,-1,-1,-1,-1,-1
14821,-1,-1,-1,-1,-1,-1,-1,-1
14822,-1,-1,-1,-1,-1,-1,-1,-1
14823,-1,-1,-1,-1,-1,-1,-1,-1
14824,-1,-1,-1,-1,-1,-1,-1,-1
14825,-1,-1,-1,-1,-1,-1,-1,-1
14826,-1,-1,-1,-1,-1,-1,-1,-1
14827,-1,-1,-1,-1,-1,-1,-1,-1
14828,-1,-1,-1,-1,-1,-1,-1,-1
14829,-1,-1,-1,-1,-1,-1,-1,-1
14830,-1,-1,-1,-1,-1,-1,-1,-1
14831,-1,-1,-1,-1,-1,-1,-1,-1
14832,-1,-1,-1,-1,-1,-1,-1,-1
14833,528,-1,-1,-1,-1,-1,-1,-1
14834,544,529,-1,-1,-1,-1,-1,-1
14835,560,545,530,-1,-1,-1,-1,-1
14836,576,561,546,531,-1,-1,-1,-1
14837,592,577,562,547,532,-1,-1,-1
14838,608,593,578,563,548,533,-1,-1
14839,624,609,594,579,564,549,534,-1
14840,640,625,610,595,580,565,550,535
14841,656,641,626,611,596,581,566,551
14842,672,657,642,627,612,597,582,567
14843,688,673,658,643,628,613,598,583
14844,704,689,674,659,644,629,614,599
14845,720,705,690,675,660,645,630,615
14846,736,721,706,691,676,661,646,631
14847,784,737,722,707,692,677,662,647
14848,800,785,738,723,708,693,678,663
14849,816,801,786,739,724,709,694,679
14850,832,817,802,787,740,725,710,695
14851,848,833,818,803,788,741,726,711
14852,864,849,834,819,804,789,742,727
14853,880,865,850,835,820,805,790,743
14854,896,881,866,851,836,821,806,791
14855,912,897,882,867,852,837,822,807
14856,928,913,898,883,868,853,838,823
14857,944,929,914,899,884,869,854,839
14858,960,945,930,915,900,885,870,855
14859,976,961,946,931,916,901,886,871
14860,992,977,962,947,932,917,902,887
14861,1040,993,978,963,948,933,918,903
14862,1056,1041,994,979,964,949,934,919
14863,1072,1057,1042,995,980,965,950,935
14864,1088,1073,1058,1043,996,981,966,951
14865,1104,1089,1074,1059,1044,997,982,967
14866,1120,1105,1090,1075,1060,1045,998,983
14867,1136,1121,1106,1091,1076,1061,1046,999
14868,1152,1137,1122,1107,1092,1077,1062,1047
14869,1168,1153,1138,1123,1108,1093,1078,1063
14870,1184,1169,1154,1139,1124,1109,1094,1079
14871,1200,1185,1170,1155,1140,1125,1110,1095
14872,1216,1201,1186,1171,1156,1141,1126,1111
14873,1232,1217,1202,1187,1172,1157,1142,1127
14874,1248,1233,1218,1203,1188,1173,1158,1143
14875,1296,1249,1234,1219,1204,1189,1174,1159
14876,1312,1297,1250,1235,1220,1205,1190,1175
14877,1328,1313,1298,1251,1236,1221,1206,1191
14878,1344,1329,1314,1299,1252,1237,1222,1207
14879,1360,1345,1330,1315,1300,1253,1238,1223
14880,1376,1361,1346,1331,1316,1301,1254,1239
14881,1392,1377,1362,1347,1332,1317,1302,1255
14882,1408,1393,1378,1363,1348,1333,1318,1303
14883,1424,1409,1394,1379,1364,1349,1334,1319
14884,1440,1425,1410,1395,1380,1365,1350,1335
14885,1456,1441,1426,1411,1396,1381,1366,1351
14886,1472,1457,1442,1427,1412,1397,1382,1367
14887,1488,1473,1458,1443,1428,1413,1398,1383
14888,1504,1489,1474,1459,1444,1429,1414,1399
14889,1552,1505,1490,1475,1460,1445,1430,1415
14890,1568,1553,1506,1491,1476,1461,1446,1431
14891,1584,1569,1554,1507,1492,1477,1462,1447
14892,1600,1585,1570,1555,1508,1493,1478,1463
14893,1616,1601,1586,1571,1556,1509,1494,1479
14894,1632,1617,1602,1587,1572,1557,1510,1495
14895,1648,1633,1618,1603,1588,1573,1558,1511
14896,1664,1649,1634,1619,1604,1589,1574,1559
14897,1680,1665,1650,1635,1620,1605,1590,1575
14898,1696,1681,1666,1651,1636,1621,1606,1591
14899,1712,1697,1682,1667,1652,1637,1622,1607
14900,1728,1713,1698,1683,1668,1653,1638,1623
14901,1744,1729,1714,1699,1684,1669,1654,1639
14902,1760,1745,1730,1715,1700,1685,1670,1655
14903,1808,1761,1746,1731,1716,1701,1686,1671
14904,1824,1809,1762,1747,1732,1717,1702,1687
14905,1840,1825,1810,1763,1748,1733,1718,1703
14906,1856,1841,1826,1811,1764,1749,1734,1719
14907,1872,1857,1842,1827,1812,1765,1750,1735
14908,1888,1873,1858,1843,1828,1813,1766,1751
14909,1904,1889,1874,1859,1844,1829,1814,1767
14910,1920,1905,1890,1875,1860,1845,1830,1815
14911,1936,1921,1906,1891,1876,1861,1846,1831
14912,1952,1937,1922,1907,1892,1877,1862,1847
14913,1968,1953,1938,1923,1908,1893,1878,1863
14914,1984,1969,1954,1939,1924,1909,1894,1879
14915,2000,1985,1970,1955,1940,1925,1910,1895
14916,2016,2001,1986,1971,1956,1941,1926,1911
14917,2064,2017,2002,1987,1972,1957,1942,1927
14918,2080,2065,2018,2003,1988,1973,1958,1943
14919,2096,2081,2066,2019,2004,1989,1974,1959
14920,2112,2097,2082,2067,2020,2005,1990,1975
14921,2128,2113,2098,2083,2068,2021,2006,1991
14922,2144,2129,2114,2099,2084,2069,2022,2007
14923,2160,2145,2130,2115,2100,2085,2070,2023
14924,2176,2161,2146,2131,2116,2101,2086,2071
14925,2192,2177,2162,2147,2132,2117,2102,2087
14926,2208,2193,2178,2163,2148,2133,2118,2103
14927,2224,2209,2194,2179,2164,2149,2134,2119
14928,2240,2225,2210,2195,2180,2165,2150,2135
14929,2256,2241,2226,2211,2196,2181,2166,2151
14930,2272,2257,2242,2227,2212,2197,2182,2167
14931,2320,2273,2258,2243,2228,2213,2198,2183
14932,2336,2321,2274,2259,2244,2229,2214,2199
14933,2352,2337,2322,2275,2260,2245,2230,2215
14934,2368,2353,2338,2323,2276,2261,2246,2231
14935,2384,2369,2354,2339,2324,2277,2262,2247
14936,2400,2385,2370,2355,2340,2325,2278,2263
14937,2416,2401,2386,2371,2356,2341,2326,2279
14938,2432,2417,2402,2387,2372,2357,2342,2327
14939,2448,2433,2418,2403,2388,2373,2358,2343
14940,2464,2449,2434,2419,2404,2389,2374,2359
14941,2480,2465,2450,2435,2420,2405,2390,2375
14942,2496,2481,2466,2451,2436,2421,2406,2391
14943,2512,2497,2482,2467,2452,2437,2422,2407
14944,2528,2513,2498,2483,2468,2453,2438,2423
14945,2576,2529,2514,2499,2484,2469,2454,2439
14946,2592,2577,2530,2515,2500,2485,2470,2455
14947,2608,2593,2578,2531,2516,2501,2486,2471
14948,2624,2609,2594,2579,2532,2517,2502,2487
14949,2640,2625,2610,2595,2580,2533,2518,2503
14950,2656,2641,2626,2611,2596,2581,2534,2519
14951,2672,2657,2642,2627,2612,2597,2582,2535
14952,2688,2673,2658,2643,2628,2613,2598,2583
14953,2704,2689,2674,2659,2644,2629,2614,2599
14954,2720,2705,2690,2675,2660,2645,2630,2615
14955,2736,2721,2706,2691,2676,2661,2646,2631
14956,2752,2737,2722,2707,2692,2677,2662,2647
14957,2768,2753,2738,2723,2708,2693,2678,2663
14958,2784,2769,2754,2739,2724,2709,2694,2679
14959,2832,2785,2770,2755,2740,2725,2710,2695
14960,2848,2833,2786,2771,2756,2741,2726,2711
14961,2864,2849,2834,2787,2772,2757,2742,2727
14962,2880,2865,2850,2835,2788,2773,2758,2743
14963,2896,2881,2866,2851,2836,2789,2774,2759
14964,2912,2897,2882,2867,2852,2837,2790,2775
14965,2928,2913,2898,2883,2868,2853,2838,2791
14966,2944,2929,2914,2899,2884,2869,2854,2839
14967,2960,2945,2930,2915,2900,2885,2870,2855
14968,2976,2961,2946,2931,2916,2901,2886,2871
14969,2992,2977,2962,2947,2932,2917,2902,2887
14970,3008,2993,2978,2963,2948,2933,2918,2903
14971,3024,3009,2994,2979,2964,2949,2934,2919
14972,3040,3025,3010,2995,2980,2965,2950,2935
14973,3088,3041,3026,3011,2996,2981,2966,2951
14974,3104,3089,3042,3027,3012,2997,2982,2967
14975,3120,3105,3090,3043,3028,3013,2998,2983
14976,3136,3121,3106,3091,3044,3029,3014,2999
14977,3152,3137,3122,3107,3092,3045,3030,3015
14978,3168,3153,3138,3123,3108,3093,3046,3031
14979,3184,3169,3154,3139,3124,3109,3094,3047
14980,3200,3185,3170,3155,3140,3125,3110,3095
14981,3216,3201,3186,3171,3156,3141,3126,3111
14982,3232,3217,3202,3187,3172,3157,3142,3127
14983,3248,3233,3218,3203,3188,3173,3158,3143
14984,3264,3249,3234,3219,3204,3189,3174,3159
14985,3280,3265,3250,3235,3220,3205,3190,3175
14986,3296,3281,3266,3251,3236,3221,3206,3191
14987,3344,3297,3282,3267,3252,3237,3222,3207
14988,3360,3345,3298,3283,3268,3253,3238,3223
14989,3376,3361,3346,3299,3284,3269,3254,3239
14990,3392,3377,3362,3347,3300,3285,3270,3255
14991,3408,3393,3378,3363,3348,3301,3286,3271
14992,3424,3409,3394,3379,3364,3349,3302,3287
14993,3440,3425,3410,3395,3380,3365,3350,3303
14994,3456,3441,3426,3411,3396,3381,3366,3351
14995,3472,3457,3442,3427,3412,3397,3382,3367
14996,3488,3473,3458,3443,3428,3413,3398,3383
14997,3504,3489,3474,3459,3444,3429,3414,3399
14998,3520,3505,3490,3475,3460,3445,3430,3415
14999,3536,3521,3506,3491,3476,3461,3446,3431
15000,3552,3537,3522,3507,3492,3477,3462,3447
15001,3600,3553,3538,3523,3508,3493,3478,3463
15002,3616,3601,3554,3539,3524,3509,3494,3479
15003,3632,3617,3602,3555,3540,3525,3510,3495
15004,3648,3633,3618,3603,3556,3541,3526,3511
15005,3664,3649,3634,3619,3604,3557,3542,3527
15006,3680,3665,3650,3635,3620,3605,3558,3543
15007,3696,3681,3666,3651,3636,3621,3606,3559
15008,3712,3697,3682,3667,3652,3637,3622,3607
15009,3728,3713,3698,3683,3668,3653,3638,3623
15010,3744,3729,3714,3699,3684,3669,3654,3639
15011,3760,3745,3730,3715,3700,3685,3670,3655
15012,3776,3761,3746,3731,3716,3701,3686,3671
15013,3792,3777,3762,3747,3732,3717,3702,3687
15014,3808,3793,3778,3763,3748,3733,3718,3703
15015,3856,3809,3794,3779,3764,3749,3734,3719
15016,3872,3857,3810,3795,3780,3765,3750,3735
15017,3888,3873,3858,3811,3796,3781,3766,3751
15018,3904,3889,3874,3859,3812,3797,3782,3767
15019,3920,3905,3890,3875,3860,3813,3798,3783
15020,3936,3921,3906,3891,3876,3861,3814,3799
15021,3952,3937,3922,3907,3892,3877,3862,3815
15022,3968,3953,3938,3923,3908,3893,3878,3863
15023,3984,3969,3954,3939,3924,3909,3894,3879
15024,4000,3985,3970,3955,3940,3925,3910,3895
15025,4016,4001,3986,3971,3956,3941,3926,3911
15026,4032,4017,4002,3987,3972,3957,3942,3927
15027,4048,4033,4018,4003,3988,3973,3958,3943
15028,4064,4049,4034,4019,4004,3989,3974,3959
15029,-1,4065,4050,4035,4020,4005,3990,3975
15030,-1,-1,4066,4051,4036,4021,4006,3991
15031,-1,-1,-1,4067,4052,4037,4022,4007
15032,-1,-1,-1,-1,4068,4053,4038,4023
15033,-1,-1,-1,-1,-1,4069,4054,4039
15034,-1,-1,-1,-1,-1,-1,4070,4055
15035,-1,-1,-1,-1,-1,-1,-1,4071
15036,-1,-1,-1,-1,-1,-1,-1,-1
15037,-1,-1,-1,-1,-1,-1,-1,-1
15038,-1,-1,-1,-1,-1,-1,-1,-1
15039,-1,-1,-1,-1,-1,-1,-1,-1
15040,-1,-1,-1,-1,-1,-1,-1,-1
15041,-1,-1,-1,-1,-1,-1,-1,-1
15042,-1,-1,-1,-1,-1,-1,-1,-1
15043,-1,-1,-1,-1,-1,-1,-1,-1
15044,-1,-1,-1,-1,-1,-1,-1,-1
15045,-1,-1,-1,-1,-1,-1,-1,-1
15046,-1,-1,-1,-1,-1,-1,-1,-1
15047,-1,-1,-1,-1,-1,-1,-1,-1
15048,-1,-1,-1,-1,-1,-1,-1,-1
15049,-1,-1,-1,-1,-1,-1,-1,-1
15050,-1,-1,-1,-1,-1,-1,-1,-1
15051,536,-1,-1,-1,-1,-1,-1,-1
15052,552,537,-1,-1,-1,-1,-1,-1
15053,568,553,538,-1,-1,-1,-1,-1
15054,584,569,554,539,-1,-1,-1,-1
15055,600,585,570,555,540,-1,-1,-1
15056,616,601,586,571,556,541,-1,-1
15057,632,617,602,587,572,557,542,-1
15058,648,633,618,603,588,573,558,543
15059,664,649,634,619,604,589,574,559
15060,680,665,650,635,620,605,590,575
15061,696,681,666,651,636,621,606,591
15062,712,697,682,667,652,637,622,607
15063,728,713,698,683,668,653,638,623
15064,744,729,714,699,684,669,654,639
15065,792,745,730,715,700,685,670,655
15066,808,793,746,731,716,701,686,671
15067,824,809,794,747,732,717,702,687
15068,840,825,810,795,748,733,718,703
15069,856,841,826,811,796,749,734,719
15070,872,857,842,827,812,797,750,735
15071,888,873,858,843,828,813,798,751
15072,904,889,874,859,844,829,814,799
15073,920,905,890,875,860,845,830,815
15074,936,921,906,891,876,861,846,831
15075,952,937,922,907,892,877,862,847
15076,968,953,938,923,908,893,878,863
15077,984,969,954,939,924,909,894,879
15078,1000,985,970,955,940,925,910,895
15079,1048,1001,986,971,956,941,926,911
15080,1064,1049,1002,987,972,957,942,927
15081,1080,1065,1050,1003,988,973,958,943
15082,1096,1081,1066,1051,1004,989,974,959
15083,1112,1097,1082,1067,1052,1005,990,975
15084,1128,1113,1098,1083,1068,1053,1006,991
15085,1144,1129,1114,1099,1084,1069,1054,1007
15086,1160,1145,1130,1115,1100,1085,1070,1055
15087,1176,1161,1146,1131,1116,1101,1086,1071
15088,1192,1177,1162,1147,1132,1117,1102,1087
15089,1208,1193,1178,1163,1148,1133,1118,1103
15090,1224,1209,1194,1179,1164,1149,1134,1119
15091,1240,1225,1210,1195,1180,1165,1150,1135
15092,1256,1241,1226,1211,1196,1181,1166,1151
15093,1304,1257,1242,1227,1212,1197,1182,1167
15094,1320,1305,1258,1243,1228,1213,1198,1183
15095,1336,1321,1306,1259,1244,1229,1214,1199
15096,1352,1337,1322,1307,1260,1245,1230,1215
15097,1368,1353,1338,1323,1308,1261,1246,1231
15098,1384,1369,1354,1339,1324,1309,1262,1247
15099,1400,1385,1370,1355,1340,1325,1310,1263
15100,1416,1401,1386,1371,1356,1341,1326,1311
15101,1432,1417,1402,1387,1372,1357,1342,1327
15102,1448,1433,1418,1403,1388,1373,1358,1343
15103,1464,1449,1434,1419,1404,1389,1374,1359
15104,1480,1465,1450,1435,1420,1405,1390,1375
15105,1496,1481,1466,1451,1436,1421,1406,1391
15106,1512,1497,1482,1467,1452,1437,1422,1407
15107,1560,1513,1498,1483,1468,1453,1438,1423
15108,1576,1561,1514,1499,1484,1469,1454,1439
15109,1592,1577,1562,1515,1500,1485,1470,1455
15110,1608,1593,1578,1563,1516,1501,1486,1471
15111,1624,1609,1594,1579,1564,1517,1502,1487
15112,1640,1625,1610,1595,1580,1565,1518,1503
15113,1656,1641,1626,1611,1596,1581,1566,1519
15114,1672,1657,1642,1627,1612,1597,1582,1567
15115,1688,1673,1658,1643,1628,1613,1598,1583
15116,1704,1689,1674,1659,1644,1629,1614,1599
15117,1720,1705,1690,1675,1660,1645,1630,1615
15118,1736,1721,1706,1691,1676,1661,1646,1631
15119,1752,1737,1722,1707,1692,1677,1662,1647
15120,1768,1753,1738,1723,1708,1693,1678,1663
15121,1816,1769,1754,1739,1724,1709,1694,1679
15122,1832,1817,1770,1755,1740,1725,1710,1695
15123,1848,1833,1818,1771,1756,1741,1726,1711
15124,1864,1849,1834,1819,1772,1757,1742,1727
15125,1880,1865,1850,1835,1820,1773,1758,1743
15126,1896,1881,1866,1851,1836,1821,1774,1759
15127,1912,1897,1882,1867,1852,1837,1822,1775
15128,1928,1913,1898,1883,1868,1853,1838,1823
15129,1944,1929,1914,1899,1884,1869,1854,1839
15130,1960,1945,1930,1915,1900,1885,1870,1855
15131,1976,1961,1946,1931,1916,1901,1886,1871
15132,1992,1977,1962,1947,1932,1917,1902,1887
15133,2008,1993,1978,1963,1948,1933,1918,1903
15134,2024,2009,1994,1979,1964,1949,1934,1919
15135,2072,2025,2010,1995,1980,1965,1950,1935
15136,2088,2073,2026,2011,1996,1981,1966,1951
15137,2104,2089,2074,2027,2012,1997,1982,1967
15138,2120,2105,2090,2075,2028,2013,1998,1983
15139,2136,2121,2106,2091,2076,2029,2014,1999
15140,2152,2137,2122,2107,2092,2077,2030,2015
15141,2168,2153,2138,2123,2108,2093,2078,2031
15142,2184,2169,2154,2139,2124,2109,2094,2079
15143,2200,2185,2170,2155,2140,2125,2110,2095
15144,2216,2201,2186,2171,2156,2141,2126,2111
15145,2232,2217,2202,2187,2172,2157,2142,2127
15146,2248,2233,2218,2203,2188,2173,2158,2143
15147,2264,2249,2234,2219,2204,2189,2174,2159
15148,2280,2265,2250,2235,2220,2205,2190,2175
15149,2328,2281,2266,2251,2236,2221,2206,2191
15150,2344,2329,2282,2267,2252,2237,2222,2207
15151,2360,2345,2330,2283,2268,2253,2238,2223
15152,2376,2361,2346,2331,2284,2269,2254,2239
15153,2392,2377,2362,2347,2332,2285,2270,2255
15154,2408,2393,2378,2363,2348,2333,2286,2271
15155,2424,2409,2394,2379,2364,2349,2334,2287
15156,2440,2425,2410,2395,2380,2365,2350,2335
15157,2456,2441,2426,2411,2396,2381,2366,2351
15158,2472,2457,2442,2427,2412,2397,2382,2367
15159,2488,2473,2458,2443,2428,2413,2398,2383
15160,2504,2489,2474,2459,2444,2429,2414,2399
15161,2520,2505,2490,2475,2460,2445,2430,2415
15162,2536,2521,2506,2491,2476,2461,2446,2431
15163,2584,2537,2522,2507,2492,2477,2462,2447
15164,2600,2585,2538,2523,2508,2493,2478,2463
15165,2616,2601,2586,2539,2524,2509,2494,2479
15166,2632,2617,2602,2587,2540,2525,2510,2495
15167,2648,2633,2618,2603,2588,2541,2526,2511
15168,2664,2649,2634,2619,2604,2589,2542,2527
15169,2680,2665,2650,2635,2620,2605,2590,2543
15170,2696,2681,2666,2651,2636,2621,2606,2591
15171,2712,2697,2682,2667,2652,2637,2622,2607
15172,2728,2713,2698,2683,2668,2653,2638,2623
15173,2744,2729,2714,2699,2684,2669,2654,2639
15174,2760,2745,2730,2715,2700,2685,2670,2655
15175,2776,2761,2746,2731,2716,2701,2686,2671
15176,2792,2777,2762,2747,2732,2717,2702,2687
15177,2840,2793,2778,2763,2748,2733,2718,2703
15178,2856,2841,2794,2779,2764,2749,2734,2719
15179,2872,2857,2842,2795,2780,2765,2750,2735
15180,2888,2873,2858,2843,2796,2781,2766,2751
15181,2904,2889,2874,2859,2844,2797,2782,2767
15182,2920,2905,2890,2875,2860,2845,2798,2783
15183,2936,2921,2906,2891,2876,2861,2846,2799
15184,2952,2937,2922,2907,2892,2877,2862,2847
15185,2968,2953,2938,2923,2908,2893,2878,2863
15186,2984,2969,2954,2939,2924,2909,2894,2879
15187,3000,2985,2970,2955,2940,2925,2910,2895
15188,3016,3001,2986,2971,2956,2941,2926,2911
15189,3032,3017,3002,2987,2972,2957,2942,2927
15190,3048,3033,3018,3003,2988,2973,2958,2943
15191,3096,3049,3034,3019,3004,2989,2974,2959
15192,3112,3097,3050,3035,3020,3005,2990,2975
15193,3128,3113,3098,3051,3036,3021,3006,2991
15194,3144,3129,3114,3099,3052,3037,3022,3007
15195,3160,3145,3130,3115,3100,3053,3038,3023
15196,3176,3161,3146,3131,3116,3101,3054,3039
15197,3192,3177,3162,3147,3132,3117,3102,3055
15198,3208,3193,3178,3163,3148,3133,3118,3103
15199,3224,3209,3194,3179,3164,3149,3134,3119
15200,3240,3225,3210,3195,3180,3165,3150,3135
15201,3256,3241,3226,3211,3196,3181,3166,3151
15202,3272,3257,3242,3227,3212,3197,3182,3167
15203,3288,3273,3258,3243,3228,3213,3198,3183
15204,3304,3289,3274,3259,3244,3229,3214,3199
15205,3352,3305,3290,3275,3260,3245,3230,3215
15206,3368,3353,3306,3291,3276,3261,3246,3231
15207,3384,3369,3354,3307,3292,3277,3262,3247
15208,3400,3385,3370,3355,3308,3293,3278,3263
15209,3416,3401,3386,3371,3356,3309,3294,3279
15210,3432,3417,3402,3387,3372,3357,3310,3295
15211,3448,3433,3418,3403,3388,3373,3358,3311
15212,3464,3449,3434,3419,3404,3389,3374,3359
15213,3480,3465,3450,3435,3420,3405,3390,3375
15214,3496,3481,3466,3451,3436,3421,3406,3391
15215,3512,3497,3482,3467,3452,3437,3422,3407
15216,3528,3513,3498,3483,3468,3453,3438,3423
15217,3544,3529,3514,3499,3484,3469,3454,3439
15218,3560,3545,3530,3515,3500,3485,3470,3455
15219,3608,3561,3546,3531,3516,3501,3486,3471
15220,3624,3609,3562,3547,3532,3517,3502,3487
15221,3640,3625,3610,3563,3548,3533,3518,3503
15222,3656,3641,3626,3611,3564,3549,3534,3519
15223,3672,3657,3642,3627,3612,3565,3550,3535
15224,3688,3673,3658,3643,3628,3613,3566,3551
15225,3704,3689,3674,3659,3644,3629,3614,3567
15226,3720,3705,3690,3675,3660,3645,3630,3615
15227,3736,3721,3706,3691,3676,3661,3646,3631
15228,3752,3737,3722,3707,3692,3677,3662,3647
15229,3768,3753,3738,3723,3708,3693,3678,3663
15230,3784,3769,3754,3739,3724,3709,3694,3679
15231,3800,3785,3770,3755,3740,3725,3710,3695
15232,3816,3801,3786,3771,3756,3741,3726,3711
15233,3864,3817,3802,3787,3772,3757,3742,3727
15234,3880,3865,3818,3803,3788,3773,3758,3743
15235,3896,3881,3866,3819,3804,3789,3774,3759
15236,3912,3897,3882,3867,3820,3805,3790,3775
15237,3928,3913,3898,3883,3868,3821,3806,3791
15238,3944,3929,3914,3899,3884,3869,3822,3807
15239,3960,3945,3930,3915,3900,3885,3870,3823
15240,3976,3961,3946,3931,3916,3901,3886,3871
15241,3992,3977,3962,3947,3932,3917,3902,3887
15242,4008,3993,3978,3963,3948,3933,3918,3903
15243,4024,4009,3994,3979,3964,3949,3934,3919
15244,4040,4025,4010,3995,3980,3965,3950,3935
15245,4056,4041,4026,4011,3996,3981,3966,3951
15246,4072,4057,4042,4027,4012,3997,3982,3967
15247,-1,4073,4058,4043,4028,4013,3998,3983
15248,-1,-1,4074,4059,4044,4029,4014,3999
15249,-1,-1,-1,4075,4060,4045,4030,4015
15250,-1,-1,-1,-1,4076,4061,4046,4031
15251,-1,-1,-1,-1,-1,4077,4062,4047
15252,-1,-1,-1,-1,-1,-1,4078,4063
15253,-1,-1,-1,-1,-1,-1,-1,4079
15254,-1,-1,-1,-1,-1,-1,-1,-1
15255,-1,-1,-1,-1,-1,-1,-1,-1
15256,-1,-1,-1,-1,-1,-1,-1,-1
15257,-1,-1,-1,-1,-1,-1,-1,-1
15258,-1,-1,-1,-1,-1,-1,-1,-1
15259,-1,-1,-1,-1,-1,-1,-1,-1
15260,-1,-1,-1,-1,-1,-1,-1,-1
15261,-1,-1,-1,-1,-1,-1,-1,-1
15262,-1,-1,-1,-1,-1,-1,-1,-1
15263,-1,-1,-1,-1,-1,-1,-1,-1
15264,-1,-1,-1,-1,-1,-1,-1,-1
15265,-1,-1,-1,-1,-1,-1,-1,-1
15266,-1,-1,-1,-1,-1,-1,-1,-1
15267,-1,-1,-1,-1,-1,-1,-1,-1
15268,-1,-1,-1,-1,-1,-1,-1,-1
15269,544,-1,-1,-1,-1,-1,-1,-1
15270,560,545,-1,-1,-1,-1,-1,-1
15271,576,561,546,-1,-1,-1,-1,-1
15272,592,577,562,547,-1,-1,-1,-1
15273,608,593,578,563,548,-1,-1,-1
15274,624,609,594,579,564,549,-1,-1
15275,640,625,610,595,580,565,550,-1
15276,656,641,626,611,596,581,566,551
15277,672,657,642,627,612,597,582,567
15278,688,673,658,643,628,613,598,583
15279,704,689,674,659,644,629,614,599
15280,720,705,690,675,660,645,630,615
15281,736,721,706,691,676,661,646,631
15282,752,737,722,707,692,677,662,647
15283,800,753,738,723,708,693,678,663
15284,816,801,754,739,724,709,694,679
15285,832,817,802,755,740,725,710,695
15286,848,833,818,803,756,741,726,711
15287,864,849,834,819,804,757,742,727
15288,880,865,850,835,820,805,758,743
15289,896,881,866,851,836,821,806,759
15290,912,897,882,867,852,837,822,807
15291,928,913,898,883,868,853,838,823
15292,944,929,914,899,884,869,854,839
15293,960,945,930,915,900,885,870,855
15294,976,961,946,931,916,901,886,871
15295,992,977,962,947,932,917,902,887
15296,1008,993,978,963,948,933,918,903
15297,1056,1009,994,979,964,949,934,919
15298,1072,1057,1010,995,980,965,950,935
15299,1088,1073,1058,1011,996,981,966,951
15300,1104,1089,1074,1059,1012,997,982,967
15301,1120,1105,1090,1075,1060,1013,998,983
15302,1136,1121,1106,1091,1076,1061,1014,999
15303,1152,1137,1122,1107,1092,1077,1062,1015
15304,1168,1153,1138,1123,1108,1093,1078,1063
15305,1184,1169,1154,1139,1124,1109,1094,1079
15306,1200,1185,1170,1155,1140,1125,1110,1095
15307,1216,1201,1186,1171,1156,1141,1126,1111
15308,1232,1217,1202,1187,1172,1157,1142,1127
15309,1248,1233,1218,1203,1188,1173,1158,1143
15310,1264,1249,1234,1219,1204,1189,1174,1159
15311,1312,1265,1250,1235,1220,1205,1190,1175
15312,1328,1313,1266,1251,1236,1221,1206,1191
15313,1344,1329,1314,1267,1252,1237,1222,1207
15314,1360,1345,1330,1315,1268,1253,1238,1223
15315,1376,1361,1346,1331,1316,1269,1254,1239
15316,1392,1377,1362,1347,1332,1317,1270,1255
15317,1408,1393,1378,1363,1348,1333,1318,1271
15318,1424,1409,1394,1379,1364,1349,1334,1319
15319,1440,1425,1410,1395,1380,1365,1350,1335
15320,1456,1441,1426,1411,1396,1381,1366,1351
15321,1472,1457,1442,1427,1412,1397,1382,1367
15322,1488,1473,1458,1443,1428,1413,1398,1383
15323,1504,1489,1474,1459,1444,1429,1414,1399
15324,1520,1505,1490,1475,1460,1445,1430,1415
15325,1568,1521,1506,1491,1476,1461,1446,1431
15326,1584,1569,1522,1507,1492,1477,1462,1447
15327,1600,1585,1570,1523,1508,1493,1478,1463
15328,1616,1601,1586,1571,1524,1509,1494,1479
15329,1632,1617,1602,1587,1572,1525,1510,1495
15330,1648,1633,1618,1603,1588,1573,1526,1511
15331,1664,1649,1634,1619,1604,1589,1574,1527
15332,1680,1665,1650,1635,1620,1605,1590,1575
15333,1696,1681,1666,1651,1636,1621,1606,1591
15334,1712,1697,1682,1667,1652,1637,1622,1607
15335,1728,1713,1698,1683,1668,1653,1638,1623
15336,1744,1729,1714,1699,1684,1669,1654,1639
15337,1760,1745,1730,1715,1700,1685,1670,1655
15338,1776,1761,1746,1731,1716,1701,1686,1671
15339,1824,1777,1762,1747,1732,1717,1702,1687
15340,1840,1825,1778,1763,1748,1733,1718,1703
15341,1856,1841,1826,1779,1764,1749,1734,1719
15342,1872,1857,1842,1827,1780,1765,1750,1735
15343,1888,1873,1858,1843,1828,1781,1766,1751
15344,1904,1889,1874,1859,1844,1829,1782,1767
15345,1920,1905,1890,1875,1860,1845,1830,1783
15346,1936,1921,1906,1891,1876,1861,1846,1831
15347,1952,1937,1922,1907,1892,1877,1862,1847
15348,1968,1953,1938,1923,1908,1893,1878,1863
15349,1984,1969,1954,1939,1924,1909,1894,1879
15350,2000,1985,1970,1955,1940,1925,1910,1895
15351,2016,2001,1986,1971,1956,1941,1926,1911
15352,2032,2017,2002,1987,1972,1957,1942,1927
15353,2080,2033,2018,2003,1988,1973,1958,1943
15354,2096,2081,2034,2019,2004,1989,1974,1959
15355,2112,2097,2082,2035,2020,2005,1990,1975
15356,2128,2113,2098,2083,2036,2021,2006,1991
15357,2144,2129,2114,2099,2084,2037,2022,2007
15358,2160,2145,2130,2115,2100,2085,2038,2023
15359,2176,2161,2146,2131,2116,2101,2086,2039
15360,2192,2177,2162,2147,2132,2117,2102,2087
15361,2208,2193,2178,2163,2148,2133,2118,2103
15362,2224,2209,2194,2179,2164,2149,2134,2119
15363,2240,2225,2210,2195,2180,2165,2150,2135
15364,2256,2241,2226,2211,2196,2181,2166,2151
15365,2272,2257,2242,2227,2212,2197,2182,2167
15366,2288,2273,2258,2243,2228,2213,2198,2183
15367,2336,2289,2274,2259,2244,2229,2214,2199
15368,2352,2337,2290,2275,2260,2245,2230,2215
15369,2368,2353,2338,2291,2276,2261,2246,2231
15370,2384,2369,2354,2339,2292,2277,2262,2247
15371,2400,2385,2370,2355,2340,2293,2278,2263
15372,2416,2401,2386,2371,2356,2341,2294,2279
15373,2432,2417,2402,2387,2372,2357,2342,2295
15374,2448,2433,2418,2403,2388,2373,2358,2343
15375,2464,2449,2434,2419,2404,2389,2374,2359
15376,2480,2465,2450,2435,2420,2405,2390,2375
15377,2496,2481,2466,2451,2436,2421,2406,2391
15378,2512,2497,2482,2467,2452,2437,2422,2407
15379,2528,2513,2498,2483,2468,2453,2438,2423
15380,2544,2529,2514,2499,2484,2469,2454,2439
15381,2592,2545,2530,2515,2500,2485,2470,2455
15382,2608,2593,2546,2531,2516,2501,2486,2471
15383,2624,2609,2594,2547,2532,2517,2502,2487
15384,2640,2625,2610,2595,2548,2533,2518,2503
15385,2656,2641,2626,2611,2596,2549,2534,2519
15386,2672,2657,2642,2627,2612,2597,2550,2535
15387,2688,2673,2658,2643,2628,2613,2598,2551
15388,2704,2689,2674,2659,2644,2629,2614,2599
15389,2720,2705,2690,2675,2660,2645,2630,2615
15390,2736,2721,2706,2691,2676,2661,2646,2631
15391,2752,2737,2722,2707,2692,2677,2662,2647
15392,2768,2753,2738,2723,2708,2693,2678,2663
15393,2784,2769,2754,2739,2724,2709,2694,2679
15394,2800,2785,2770,2755,2740,2725,2710,2695
15395,2848,2801,2786,2771,2756,2741,2726,2711
15396,2864,2849,2802,2787,2772,2757,2742,2727
15397,2880,2865,2850,2803,2788,2773,2758,2743
15398,2896,2881,2866,2851,2804,2789,2774,2759
15399,2912,2897,2882,2867,2852,2805,2790,2775
15400,2928,2913,2898,2883,2868,2853,2806,2791
15401,2944,2929,2914,2899,2884,2869,2854,2807
15402,2960,2945,2930,2915,2900,2885,2870,2855
15403,2976,2961,2946,2931,2916,2901,2886,2871
15404,2992,2977,2962,2947,2932,2917,2902,2887
15405,3008,2993,2978,2963,2948,2933,2918,2903
15406,3024,3009,2994,2979,2964,2949,2934,2919
15407,3040,3025,3010,2995,2980,2965,2950,2935
15408,3056,3041,3026,3011,2996,2981,2966,2951
15409,3104,3057,3042,3027,3012,2997,2982,2967
15410,3120,3105,3058,3043,3028,3013,2998,2983
15411,3136,3121,3106,3059,3044,3029,3014,2999
15412,3152,3137,3122,3107,3060,3045,3030,3015
15413,3168,3153,3138,3123,3108,3061,3046,3031
15414,3184,3169,3154,3139,3124,3109,3062,3047
15415,3200,3185,3170,3155,3140,3125,3110,3063
15416,3216,3201,3186,3171,3156,3141,3126,3111
15417,3232,3217,3202,3187,3172,3157,3142,3127
15418,3248,3233,3218,3203,3188,3173,3158,3143
15419,3264,3249,3234,3219,3204,3189,3174,3159
15420,3280,3265,3250,3235,3220,3205,3190,3175
15421,3296,3281,3266,3251,3236,3221,3206,3191
15422,3312,3297,3282,3267,3252,3237,3222,3207
15423,3360,3313,3298,3283,3268,3253,3238,3223
15424,3376,3361,3314,3299,3284,3269,3254,3239
15425,3392,3377,3362,3315,3300,3285,3270,3255
15426,3408,3393,3378,3363,3316,3301,3286,3271
15427,3424,3409,3394,3379,3364,3317,3302,3287
15428,3440,3425,3410,3395,3380,3365,3318,3303
15429,3456,3441,3426,3411,3396,3381,3366,3319
15430,3472,3457,3442,3427,3412,3397,3382,3367
15431,3488,3473,3458,3443,3428,3413,3398,3383
15432,3504,3489,3474,3459,3444,3429,3414,3399
15433,3520,3505,3490,3475,3460,3445,3430,3415
15434,3536,3521,3506,3491,3476,3461,3446,3431
15435,3552,3537,3522,3507,3492,3477,3462,3447
15436,3568,3553,3538,3523,3508,3493,3478,3463
15437,3616,3569,3554,3539,3524,3509,3494,3479
15438,3632,3617,3570,3555,3540,3525,3510,3495
15439,3648,3633,3618,3571,3556,3541,3526,3511
15440,3664,3649,3634,3619,3572,3557,3542,3527
15441,3680,3665,3650,3635,3620,3573,3558,3543
15442,3696,3681,3666,3651,3636,3621,3574,3559
15443,3712,3697,3682,3667,3652,3637,3622,3575
15444,3728,3713,3698,3683,3668,3653,3638,3623
15445,3744,3729,3714,3699,3684,3669,3654,3639
15446,3760,3745,3730,3715,3700,3685,3670,3655
15447,3776,3761,3746,3731,3716,3701,3686,3671
15448,3792,3777,3762,3747,3732,3717,3702,3687
15449,3808,3793,3778,3763,3748,3733,3718,3703
15450,3824,3809,3794,3779,3764,3749,3734,3719
15451,3872,3825,3810,3795,3780,3765,3750,3735
15452,3888,3873,3826,3811,3796,3781,3766,3751
15453,3904,3889,3874,3827,3812,3797,3782,3767
15454,3920,3905,3890,3875,3828,3813,3798,3783
15455,3936,3921,3906,3891,3876,3829,3814,3799
15456,3952,3937,3922,3907,3892,3877,3830,3815
15457,3968,3953,3938,3923,3908,3893,3878,3831
15458,3984,3969,3954,3939,3924,3909,3894,3879
15459,4000,3985,3970,3955,3940,3925,3910,3895
15460,4016,4001,3986,3971,3956,3941,3926,3911
15461,4032,4017,4002,3987,3972,3957,3942,3927
15462,4048,4033,4018,4003,3988,3973,3958,3943
15463,4064,4049,4034,4019,4004,3989,3974,3959
15464,4080,4065,4050,4035,4020,4005,3990,3975
15465,-1,4081,4066,4051,4036,4021,4006,3991
15466,-1,-1,4082,4067,4052,4037,4022,4007
15467,-1,-1,-1,4083,4068,4053,4038,4023
15468,-1,-1,-1,-1,4084,4069,4054,4039
15469,-1,-1,-1,-1,-1,4085,4070,4055
15470,-1,-1,-1,-1,-1,-1,4086,4071
15471,-1,-1,-1,-1,-1,-1,-1,4087
15472,-1,-1,-1,-1,-1,-1,-1,-1
15473,-1,-1,-1,-1,-1,-1,-1,-1
15474,-1,-1,-1,-1,-1,-1,-1,-1
15475,-1,-1,-1,-1,-1,-1,-1,-1
15476,-1,-1,-1,-1,-1,-1,-1,-1
15477,-1,-1,-1,-1,-1,-1,-1,-1
15478,-1,-1,-1,-1,-1,-1,-1,-1
15479,-1,-1,-1,-1,-1,-1,-1,-1
15480,-1,-1,-1,-1,-1,-1,-1,-1
15481,-1,-1,-1,-1,-1,-1,-1,-1
15482,-1,-1,-1,-1,-1,-1,-1,-1
15483,-1,-1,-1,-1,-1,-1,-1,-1
15484,-1,-1,-1,-1,-1,-1,-1,-1
15485,-1,-1,-1,-1,-1,-1,-1,-1
15486,-1,-1,-1,-1,-1,-1,-1,-1
15487,552,-1,-1,-1,-1,-1,-1,-1
15488,568,553,-1,-1,-1,-1,-1,-1
15489,584,569,554,-1,-1,-1,-1,-1
15490,600,585,570,555,-1,-1,-1,-1
15491,616,601,586,571,556,-1,-1,-1
15492,632,617,602,587,572,557,-1,-1
15493,648,633,618,603,588,573,558,-1
15494,664,649,634,619,604,589,574,559
15495,680,665,650,635,620,605,590,575
15496,696,681,666,651,636,621,606,591
15497,712,697,682,667,652,637,622,607
15498,728,713,698,683,668,653,638,623
15499,744,729,714,699,684,669,654,639
15500,760,745,730,715,700,685,670,655
15501,808,761,746,731,716,701,686,671
15502,824,809,762,747,732,717,702,687
15503,840,825,810,763,748,733,718,703
15504,856,841,826,811,764,749,734,719
15505,872,857,842,827,812,765,750,735
15506,888,873,858,843,828,813,766,751
15507,904,889,874,859,844,829,814,767
15508,920,905,890,875,860,845,830,815
15509,936,921,906,891,876,861,846,831
15510,952,937,922,907,892,877,862,847
15511,968,953,938,923,908,893,878,863
15512,984,969,954,939,924,909,894,879
15513,1000,985,970,955,940,925,910,895
15514,1016,1001,986,971,956,941,926,911
15515,1064,1017,1002,987,972,957,942,927
15516,1080,1065,1018,1003,988,973,958,943
15517,1096,1081,1066,1019,1004,989,974,959
15518,1112,1097,1082,1067,1020,1005,990,975
15519,1128,1113,1098,1083,1068,1021,1006,991
15520,1144,1129,1114,1099,1084,1069,1022,1007
15521,1160,1145,1130,1115,1100,1085,1070,1023
15522,1176,1161,1146,1131,1116,1101,1086,1071
15523,1192,1177,1162,1147,1132,1117,1102,1087
15524,1208,1193,1178,1163,1148,1133,1118,1103
15525,1224,1209,1194,1179,1164,1149,1134,1119
15526,1240,1225,1210,1195,1180,1165,1150,1135
15527,1256,1241,1226,1211,1196,1181,1166,1151
15528,1272,1257,1242,1227,1212,1197,1182,1167
15529,1320,1273,1258,1243,1228,1213,1198,1183
15530,1336,1321,1274,1259,1244,1229,1214,1199
15531,1352,1337,1322,1275,1260,1245,1230,1215
15532,1368,1353,1338,1323,1276,1261,1246,1231
15533,1384,1369,1354,1339,1324,1277,1262,1247
15534,1400,1385,1370,1355,1340,1325,1278,1263
15535,1416,1401,1386,1371,1356,1341,1326,1279
15536,1432,1417,1402,1387,1372,1357,1342,1327
15537,1448,1433,1418,1403,1388,1373,1358,1343
15538,1464,1449,1434,1419,1404,1389,1374,1359
15539,1480,1465,1450,1435,1420,1405,1390,1375
15540,1496,1481,1466,1451,1436,1421,1406,1391
15541,1512,1497,1482,1467,1452,1437,1422,1407
15542,1528,1513,1498,1483,1468,1453,1438,1423
15543,1576,1529,1514,1499,1484,1469,1454,1439
15544,1592,1577,1530,1515,1500,1485,1470,1455
15545,1608,1593,1578,1531,1516,1501,1486,1471
15546,1624,1609,1594,1579,1532,1517,1502,1487
15547,1640,1625,1610,1595,1580,1533,1518,1503
15548,1656,1641,1626,1611,1596,1581,1534,1519
15549,1672,1657,1642,1627,1612,1597,1582,1535
15550,1688,1673,1658,1643,1628,1613,1598,1583
15551,1704,1689,1674,1659,1644,1629,1614,1599
15552,1720,1705,1690,1675,1660,1645,1630,1615
15553,1736,1721,1706,1691,1676,1661,1646,1631
15554,1752,1737,1722,1707,1692,1677,1662,1647
15555,1768,1753,1738,1723,1708,1693,1678,1663
15556,1784,1769,1754,1739,1724,1709,1694,1679
15557,1832,1785,1770,1755,1740,1725,1710,1695
15558,1848,1833,1786,1771,1756,1741,1726,1711
15559,1864,1849,1834,1787,1772,1757,1742,1727
15560,1880,1865,1850,1835,1788,1773,1758,1743
15561,1896,1881,1866,1851,1836,1789,1774,1759
15562,1912,1897,1882,1867,1852,1837,1790,1775
15563,1928,1913,1898,1883,1868,1853,1838,1791
15564,1944,1929,1914,1899,1884,1869,1854,1839
15565,1960,1945,1930,1915,1900,1885,1870,1855
15566,1976,1961,1946,1931,1916,1901,1886,1871
15567,1992,1977,1962,1947,1932,1917,1902,1887
15568,2008,1993,1978,1963,1948,1933,1918,1903
15569,2024,2009,1994,1979,1964,1949,1934,1919
15570,2040,2025,2010,1995,1980,1965,1950,1935
15571,2088,2041,2026,2011,1996,1981,1966,1951
15572,2104,2089,2042,2027,2012,1997,1982,1967
15573,2120,2105,2090,2043,2028,2013,1998,1983
15574,2136,2121,2106,2091,2044,2029,2014,1999
15575,2152,2137,2122,2107,2092,2045,2030,2015
15576,2168,2153,2138,2123,2108,2093,2046,2031
15577,2184,2169,2154,2139,2124,2109,2094,2047
15578,2200,2185,2170,2155,2140,2125,2110,2095
15579,2216,2201,2186,2171,2156,2141,2126,2111
15580,2232,2217,2202,2187,2172,2157,2142,2127
15581,2248,2233,2218,2203,2188,2173,2158,2143
15582,2264,2249,2234,2219,2204,2189,2174,2159
15583,2280,2265,2250,2235,2220,2205,2190,2175
15584,2296,2281,2266,2251,2236,2221,2206,2191
15585,2344,2297,2282,2267,2252,2237,2222,2207
15586,2360,2345,2298,2283,2268,2253,2238,2223
15587,2376,2361,2346,2299,2284,2269,2254,2239
15588,2392,2377,2362,2347,2300,2285,2270,2255
15589,2408,2393,2378,2363,2348,2301,2286,2271
15590,2424,2409,2394,2379,2364,2349,2302,2287
15591,2440,2425,2410,2395,2380,2365,2350,2303
15592,2456,2441,2426,2411,2396,2381,2366,2351
15593,2472,2457,2442,2427,2412,2397,2382,2367
15594,2488,2473,2458,2443,2428,2413,2398,2383
15595,2504,2489,2474,2459,2444,2429,2414,2399
15596,2520,2505,2490,2475,2460,2445,2430,2415
15597,2536,2521,2506,2491,2476,2461,2446,2431
15598,2552,2537,2522,2507,2492,2477,2462,2447
15599,2600,2553,2538,2523,2508,2493,2478,2463
15600,2616,2601,2554,2539,2524,2509,2494,2479
15601,2632,2617,2602,2555,2540,2525,2510,2495
15602,2648,2633,2618,2603,2556,2541,2526,2511
15603,2664,2649,2634,2619,2604,2557,2542,2527
15604,2680,2665,2650,2635,2620,2605,2558,2543
15605,2696,2681,2666,2651,2636,2621,2606,2559
15606,2712,2697,2682,2667,2652,2637,2622,2607
15607,2728,2713,2698,2683,2668,2653,2638,2623
15608,2744,2729,2714,2699,2684,2669,2654,2639
15609,2760,2745,2730,2715,2700,2685,2670,2655
15610,2776,2761,2746,2731,2716,2701,2686,2671
15611,2792,2777,2762,2747,2732,2717,2702,2687
15612,2808,2793,2778,2763,2748,2733,2718,2703
15613,2856,2809,2794,2779,2764,2749,2734,2719
15614,2872,2857,2810,2795,2780,2765,2750,2735
15615,2888,2873,2858,2811,2796,2781,2766,2751
15616,2904,2889,2874,2859,2812,2797,2782,2767
15617,2920,2905,2890,2875,2860,2813,2798,2783
15618,2936,2921,2906,2891,2876,2861,2814,2799
15619,2952,2937,2922,2907,2892,2877,2862,2815
15620,2968,2953,2938,2923,2908,2893,2878,2863
15621,2984,2969,2954,2939,2924,2909,2894,2879
15622,3000,2985,2970,2955,2940,2925,2910,2895
15623,3016,3001,2986,2971,2956,2941,2926,2911
15624,3032,3017,3002,2987,2972,2957,2942,2927
15625,3048,3033,3018,3003,2988,2973,2958,2943
15626,3064,3049,3034,3019,3004,2989,2974,2959
15627,3112,3065,3050,3035,3020,3005,2990,2975
15628,3128,3113,3066,3051,3036,3021,3006,2991
15629,3144,3129,3114,3067,3052,3037,3022,3007
15630,3160,3145,3130,3115,3068,3053,3038,3023
15631,3176,3161,3146,3131,3116,3069,3054,3039
15632,3192,3177,3162,3147,3132,3117,3070,3055
15633,3208,3193,3178,3163,3148,3133,3118,3071
15634,3224,3209,3194,3179,3164,3149,3134,3119
15635,3240,3225,3210,3195,3180,3165,3150,3135
15636,3256,3241,3226,3211,3196,3181,3166,3151
15637,3272,3257,3242,3227,3212,3197,3182,3167
15638,3288,3273,3258,3243,3228,3213,3198,3183
15639,3304,3289,3274,3259,3244,3229,3214,3199
15640,3320,3305,3290,3275,3260,3245,3230,3215
15641,3368,3321,3306,3291,3276,3261,3246,3231
15642,3384,3369,3322,3307,3292,3277,3262,3247
15643,3400,3385,3370,3323,3308,3293,3278,3263
15644,3416,3401,3386,3371,3324,3309,3294,3279
15645,3432,3417,3402,3387,3372,3325,3310,3295
15646,3448,3433,3418,3403,3388,3373,3326,3311
15647,3464,3449,3434,3419,3404,3389,3374,3327
15648,3480,3465,3450,3435,3420,3405,3390,3375
15649,3496,3481,3466,3451,3436,3421,3406,3391
15650,3512,3497,3482,3467,3452,3437,3422,3407
15651,3528,3513,3498,3483,3468,3453,3438,3423
15652,3544,3529,3514,3499,3484,3469,3454,3439
15653,3560,3545,3530,3515,3500,3485,3470,3455
15654,3576,3561,3546,3531,3516,3501,3486,3471
15655,3624,3577,3562,3547,3532,3517,3502,3487
15656,3640,3625,3578,3563,3548,3533,3518,3503
15657,3656,3641,3626,3579,3564,3549,3534,3519
15658,3672,3657,3642,3627,3580,3565,3550,3535
15659,3688,3673,3658,3643,3628,3581,3566,3551
15660,3704,3689,3674,3659,3644,3629,3582,3567
15661,3720,3705,3690,3675,3660,3645,3630,3583
15662,3736,3721,3706,3691,3676,3661,3646,3631
15663,3752,3737,3722,3707,3692,3677,3662,3647
15664,3768,3753,3738,3723,3708,3693,3678,3663
15665,3784,3769,3754,3739,3724,3709,3694,3679
15666,3800,3785,3770,3755,3740,3725,3710,3695
15667,3816,3801,3786,3771,3756,3741,3726,3711
15668,3832,3817,3802,3787,3772,3757,3742,3727
15669,3880,3833,3818,3803,3788,3773,3758,3743
15670,3896,3881,3834,3819,3804,3789,3774,3759
15671,3912,3897,3882,3835,3820,3805,3790,3775
15672,3928,3913,3898,3883,3836,3821,3806,3791
15673,3944,3929,3914,3899,3884,3837,3822,3807
15674,3960,3945,3930,3915,3900,3885,3838,3823
15675,3976,3961,3946,3931,3916,3901,3886,3839
15676,3992,3977,3962,3947,3932,3917,3902,3887
15677,4008,3993,3978,3963,3948,3933,3918,3903
15678,4024,4009,3994,3979,3964,3949,3934,3919
15679,4040,4025,4010,3995,3980,3965,3950,3935
15680,4056,4041,4026,4011,3996,3981,3966,3951
15681,4072,4057,4042,4027,4012,3997,3982,3967
15682,4088,4073,4058,4043,4028,4013,3998,3983
15683,-1,4089,4074,4059,4044,4029,4014,3999
15684,-1,-1,4090,4075,4060,4045,4030,4015
15685,-1,-1,-1,4091,4076,4061,4046,4031
15686,-1,-1,-1,-1,4092,4077,4062,4047
15687,-1,-1,-1,-1,-1,4093,4078,4063
15688,-1,-1,-1,-1,-1,-1,4094,4079
15689,-1,-1,-1,-1,-1,-1,-1,4095
15690,-1,-1,-1,-1,-1,-1,-1,-1
15691,-1,-1,-1,-1,-1,-1,-1,-1
15692,-1,-1,-1,-1,-1,-1,-1,-1
15693,-1,-1,-1,-1,-1,-1,-1,-1
15694,-1,-1,-1,-1,-1,-1,-1,-1
15695,-1,-1,-1,-1,-1,-1,-1,-1
15696,-1,-1,-1,-1,-1,-1,-1,-1
