1,-1,-1,-1,-1
2,-1,-1,-1,-1
3,-1,-1,-1,-1
4,-1,-1,-1,-1
5,0,-1,-1,-1
6,3,1,-1,-1
7,6,4,2,-1
8,9,7,5,3
9,12,10,8,6
10,15,13,11,9
11,18,16,14,12
12,21,19,17,15
13,24,22,20,18
14,27,25,23,21
15,30,28,26,24
16,33,31,29,27
17,36,34,32,30
18,39,37,35,33
19,42,40,38,36
20,45,43,41,39
21,48,46,44,42
22,51,49,47,45
23,54,52,50,48
24,57,55,53,51
25,60,58,56,54
26,63,61,59,57
27,66,64,62,60
28,69,67,65,63
29,72,70,68,66
30,75,73,71,69
31,78,76,74,72
32,81,79,77,75
33,84,82,80,78
34,87,85,83,81
35,96,88,86,84
36,99,97,89,87
37,102,100,98,90
38,105,103,101,99
39,108,106,104,102
40,111,109,107,105
41,114,112,110,108
42,117,115,113,111
43,120,118,116,114
44,123,121,119,117
45,126,124,122,120
46,129,127,125,123
47,132,130,128,126
48,135,133,131,129
49,138,136,134,132
50,141,139,137,135
51,144,142,140,138
52,147,145,143,141
53,150,148,146,144
54,153,151,149,147
55,156,154,152,150
56,159,157,155,153
57,162,160,158,156
58,165,163,161,159
59,168,166,164,162
60,171,169,167,165
61,174,172,170,168
62,177,175,173,171
63,180,178,176,174
64,183,181,179,177
65,192,184,182,180
66,195,193,185,183
67,198,196,194,186
68,201,199,197,195
69,204,202,200,198
70,207,205,203,201
71,210,208,206,204
72,213,211,209,207
73,216,214,212,210
74,219,217,215,213
75,222,220,218,216
76,225,223,221,219
77,228,226,224,222
78,231,229,227,225
79,234,232,230,228
80,237,235,233,231
81,240,238,236,234
82,243,241,239,237
83,246,244,242,240
84,249,247,245,243
85,252,250,248,246
86,255,253,251,249
87,258,256,254,252
88,261,259,257,255
89,264,262,260,258
90,267,265,263,261
91,270,268,266,264
92,273,271,269,267
93,276,274,272,270
94,279,277,275,273
95,288,280,278,276
96,291,289,281,279
97,294,292,290,282
98,297,295,293,291
99,300,298,296,294
100,303,301,299,297
101,306,304,302,300
102,309,307,305,303
103,312,310,308,306
104,315,313,311,309
105,318,316,314,312
106,321,319,317,315
107,324,322,320,318
108,327,325,323,321
109,330,328,326,324
110,333,331,329,327
111,336,334,332,330
112,339,337,335,333
113,342,340,338,336
114,345,343,341,339
115,348,346,344,342
116,351,349,347,345
117,354,352,350,348
118,357,355,353,351
119,360,358,356,354
120,363,361,359,357
121,366,364,362,360
122,369,367,365,363
123,372,370,368,366
124,375,373,371,369
125,384,376,374,372
126,387,385,377,375
127,390,388,386,378
128,393,391,389,387
129,396,394,392,390
130,399,397,395,393
131,402,400,398,396
132,405,403,401,399
133,408,406,404,402
134,411,409,407,405
135,414,412,410,408
136,417,415,413,411
137,420,418,416,414
138,423,421,419,417
139,426,424,422,420
140,429,427,425,423
141,432,430,428,426
142,435,433,431,429
143,438,436,434,432
144,441,439,437,435
145,444,442,440,438
146,447,445,443,441
147,450,448,446,444
148,453,451,449,447
149,456,454,452,450
150,459,457,455,453
151,462,460,458,456
152,465,463,461,459
153,468,466,464,462
154,471,469,467,465
155,480,472,470,468
156,483,481,473,471
157,486,484,482,474
158,489,487,485,483
159,492,490,488,486
160,495,493,491,489
161,498,496,494,492
162,501,499,497,495
163,504,502,500,498
164,507,505,503,501
165,510,508,506,504
166,513,511,509,507
167,516,514,512,510
168,519,517,515,513
169,522,520,518,516
170,525,523,521,519
171,528,526,524,522
172,531,529,527,525
173,534,532,530,528
174,537,535,533,531
175,540,538,536,534
176,543,541,539,537
177,546,544,542,540
178,549,547,545,543
179,552,550,548,546
180,555,553,551,549
181,558,556,554,552
182,561,559,557,555
183,564,562,560,558
184,567,565,563,561
185,576,568,566,564
186,579,577,569,567
187,582,580,578,570
188,585,583,581,579
189,588,586,584,582
190,591,589,587,585
191,594,592,590,588
192,597,595,593,591
193,600,598,596,594
194,603,601,599,597
195,606,604,602,600
196,609,607,605,603
197,612,610,608,606
198,615,613,611,609
199,618,616,614,612
200,621,619,617,615
201,624,622,620,618
202,627,625,623,621
203,630,628,626,624
204,633,631,629,627
205,636,634,632,630
206,639,637,635,633
207,642,640,638,636
208,645,643,641,639
209,648,646,644,642
210,651,649,647,645
211,654,652,650,648
212,657,655,653,651
213,660,658,656,654
214,663,661,659,657
215,672,664,662,660
216,675,673,665,663
217,678,676,674,666
218,681,679,677,675
219,684,682,680,678
220,687,685,683,681
221,690,688,686,684
222,693,691,689,687
223,696,694,692,690
224,699,697,695,693
225,702,700,698,696
226,705,703,701,699
227,708,706,704,702
228,711,709,707,705
229,714,712,710,708
230,717,715,713,711
231,720,718,716,714
232,723,721,719,717
233,726,724,722,720
234,729,727,725,723
235,732,730,728,726
236,735,733,731,729
237,738,736,734,732
238,741,739,737,735
239,744,742,740,738
240,747,745,743,741
241,750,748,746,744
242,753,751,749,747
243,756,754,752,750
244,759,757,755,753
245,768,760,758,756
246,771,769,761,759
247,774,772,770,762
248,777,775,773,771
249,780,778,776,774
250,783,781,779,777
251,786,784,782,780
252,789,787,785,783
253,792,790,788,786
254,795,793,791,789
255,798,796,794,792
256,801,799,797,795
257,804,802,800,798
258,807,805,803,801
259,810,808,806,804
260,813,811,809,807
261,816,814,812,810
262,819,817,815,813
263,822,820,818,816
264,825,823,821,819
265,828,826,824,822
266,831,829,827,825
267,834,832,830,828
268,837,835,833,831
269,840,838,836,834
270,843,841,839,837
271,846,844,842,840
272,849,847,845,843
273,852,850,848,846
274,855,853,851,849
275,864,856,854,852
276,867,865,857,855
277,870,868,866,858
278,873,871,869,867
279,876,874,872,870
280,879,877,875,873
281,882,880,878,876
282,885,883,881,879
283,888,886,884,882
284,891,889,887,885
285,894,892,890,888
286,897,895,893,891
287,900,898,896,894
288,903,901,899,897
289,906,904,902,900
290,909,907,905,903
291,912,910,908,906
292,915,913,911,909
293,918,916,914,912
294,921,919,917,915
295,924,922,920,918
296,927,925,923,921
297,930,928,926,924
298,933,931,929,927
299,936,934,932,930
300,939,937,935,933
301,942,940,938,936
302,945,943,941,939
303,948,946,944,942
304,951,949,947,945
305,960,952,950,948
306,963,961,953,951
307,966,964,962,954
308,969,967,965,963
309,972,970,968,966
310,975,973,971,969
311,978,976,974,972
312,981,979,977,975
313,984,982,980,978
314,987,985,983,981
315,990,988,986,984
316,993,991,989,987
317,996,994,992,990
318,999,997,995,993
319,1002,1000,998,996
320,1005,1003,1001,999
321,1008,1006,1004,1002
322,1011,1009,1007,1005
323,1014,1012,1010,1008
324,1017,1015,1013,1011
325,1020,1018,1016,1014
326,1023,1021,1019,1017
327,1026,1024,1022,1020
328,1029,1027,1025,1023
329,1032,1030,1028,1026
330,1035,1033,1031,1029
331,1038,1036,1034,1032
332,1041,1039,1037,1035
333,1044,1042,1040,1038
334,1047,1045,1043,1041
335,1056,1048,1046,1044
336,1059,1057,1049,1047
337,1062,1060,1058,1050
338,1065,1063,1061,1059
339,1068,1066,1064,1062
340,1071,1069,1067,1065
341,1074,1072,1070,1068
342,1077,1075,1073,1071
343,1080,1078,1076,1074
344,1083,1081,1079,1077
345,1086,1084,1082,1080
346,1089,1087,1085,1083
347,1092,1090,1088,1086
348,1095,1093,1091,1089
349,1098,1096,1094,1092
350,1101,1099,1097,1095
351,1104,1102,1100,1098
352,1107,1105,1103,1101
353,1110,1108,1106,1104
354,1113,1111,1109,1107
355,1116,1114,1112,1110
356,1119,1117,1115,1113
357,1122,1120,1118,1116
358,1125,1123,1121,1119
359,1128,1126,1124,1122
360,1131,1129,1127,1125
361,1134,1132,1130,1128
362,1137,1135,1133,1131
363,1140,1138,1136,1134
364,1143,1141,1139,1137
365,1152,1144,1142,1140
366,1155,1153,1145,1143
367,1158,1156,1154,1146
368,1161,1159,1157,1155
369,1164,1162,1160,1158
370,1167,1165,1163,1161
371,1170,1168,1166,1164
372,1173,1171,1169,1167
373,1176,1174,1172,1170
374,1179,1177,1175,1173
375,1182,1180,1178,1176
376,1185,1183,1181,1179
377,1188,1186,1184,1182
378,1191,1189,1187,1185
379,1194,1192,1190,1188
380,1197,1195,1193,1191
381,1200,1198,1196,1194
382,1203,1201,1199,1197
383,1206,1204,1202,1200
384,1209,1207,1205,1203
385,1212,1210,1208,1206
386,1215,1213,1211,1209
387,1218,1216,1214,1212
388,1221,1219,1217,1215
389,1224,1222,1220,1218
390,1227,1225,1223,1221
391,1230,1228,1226,1224
392,1233,1231,1229,1227
393,1236,1234,1232,1230
394,1239,1237,1235,1233
395,1248,1240,1238,1236
396,1251,1249,1241,1239
397,1254,1252,1250,1242
398,1257,1255,1253,1251
399,1260,1258,1256,1254
400,1263,1261,1259,1257
401,1266,1264,1262,1260
402,1269,1267,1265,1263
403,1272,1270,1268,1266
404,1275,1273,1271,1269
405,1278,1276,1274,1272
406,1281,1279,1277,1275
407,1284,1282,1280,1278
408,1287,1285,1283,1281
409,1290,1288,1286,1284
410,1293,1291,1289,1287
411,1296,1294,1292,1290
412,1299,1297,1295,1293
413,1302,1300,1298,1296
414,1305,1303,1301,1299
415,1308,1306,1304,1302
416,1311,1309,1307,1305
417,1314,1312,1310,1308
418,1317,1315,1313,1311
419,1320,1318,1316,1314
420,1323,1321,1319,1317
421,1326,1324,1322,1320
422,1329,1327,1325,1323
423,1332,1330,1328,1326
424,1335,1333,1331,1329
425,1344,1336,1334,1332
426,1347,1345,1337,1335
427,1350,1348,1346,1338
428,1353,1351,1349,1347
429,1356,1354,1352,1350
430,1359,1357,1355,1353
431,1362,1360,1358,1356
432,1365,1363,1361,1359
433,1368,1366,1364,1362
434,1371,1369,1367,1365
435,1374,1372,1370,1368
436,1377,1375,1373,1371
437,1380,1378,1376,1374
438,1383,1381,1379,1377
439,1386,1384,1382,1380
440,1389,1387,1385,1383
441,1392,1390,1388,1386
442,1395,1393,1391,1389
443,1398,1396,1394,1392
444,1401,1399,1397,1395
445,1404,1402,1400,1398
446,1407,1405,1403,1401
447,1410,1408,1406,1404
448,1413,1411,1409,1407
449,1416,1414,1412,1410
450,1419,1417,1415,1413
451,1422,1420,1418,1416
452,1425,1423,1421,1419
453,1428,1426,1424,1422
454,1431,1429,1427,1425
455,1440,1432,1430,1428
456,1443,1441,1433,1431
457,1446,1444,1442,1434
458,1449,1447,1445,1443
459,1452,1450,1448,1446
460,1455,1453,1451,1449
461,1458,1456,1454,1452
462,1461,1459,1457,1455
463,1464,1462,1460,1458
464,1467,1465,1463,1461
465,1470,1468,1466,1464
466,1473,1471,1469,1467
467,1476,1474,1472,1470
468,1479,1477,1475,1473
469,1482,1480,1478,1476
470,1485,1483,1481,1479
471,1488,1486,1484,1482
472,1491,1489,1487,1485
473,1494,1492,1490,1488
474,1497,1495,1493,1491
475,1500,1498,1496,1494
476,1503,1501,1499,1497
477,1506,1504,1502,1500
478,1509,1507,1505,1503
479,1512,1510,1508,1506
480,1515,1513,1511,1509
481,1518,1516,1514,1512
482,1521,1519,1517,1515
483,1524,1522,1520,1518
484,1527,1525,1523,1521
485,1536,1528,1526,1524
486,1539,1537,1529,1527
487,1542,1540,1538,1530
488,1545,1543,1541,1539
489,1548,1546,1544,1542
490,1551,1549,1547,1545
491,1554,1552,1550,1548
492,1557,1555,1553,1551
493,1560,1558,1556,1554
494,1563,1561,1559,1557
495,1566,1564,1562,1560
496,1569,1567,1565,1563
497,1572,1570,1568,1566
498,1575,1573,1571,1569
499,1578,1576,1574,1572
500,1581,1579,1577,1575
501,1584,1582,1580,1578
502,1587,1585,1583,1581
503,1590,1588,1586,1584
504,1593,1591,1589,1587
505,1596,1594,1592,1590
506,1599,1597,1595,1593
507,1602,1600,1598,1596
508,1605,1603,1601,1599
509,1608,1606,1604,1602
510,1611,1609,1607,1605
511,1614,1612,1610,1608
512,1617,1615,1613,1611
513,1620,1618,1616,1614
514,1623,1621,1619,1617
515,1632,1624,1622,1620
516,1635,1633,1625,1623
517,1638,1636,1634,1626
518,1641,1639,1637,1635
519,1644,1642,1640,1638
520,1647,1645,1643,1641
521,1650,1648,1646,1644
522,1653,1651,1649,1647
523,1656,1654,1652,1650
524,1659,1657,1655,1653
525,1662,1660,1658,1656
526,1665,1663,1661,1659
527,1668,1666,1664,1662
528,1671,1669,1667,1665
529,1674,1672,1670,1668
530,1677,1675,1673,1671
531,1680,1678,1676,1674
532,1683,1681,1679,1677
533,1686,1684,1682,1680
534,1689,1687,1685,1683
535,1692,1690,1688,1686
536,1695,1693,1691,1689
537,1698,1696,1694,1692
538,1701,1699,1697,1695
539,1704,1702,1700,1698
540,1707,1705,1703,1701
541,1710,1708,1706,1704
542,1713,1711,1709,1707
543,1716,1714,1712,1710
544,1719,1717,1715,1713
545,1728,1720,1718,1716
546,1731,1729,1721,1719
547,1734,1732,1730,1722
548,1737,1735,1733,1731
549,1740,1738,1736,1734
550,1743,1741,1739,1737
551,1746,1744,1742,1740
552,1749,1747,1745,1743
553,1752,1750,1748,1746
554,1755,1753,1751,1749
555,1758,1756,1754,1752
556,1761,1759,1757,1755
557,1764,1762,1760,1758
558,1767,1765,1763,1761
559,1770,1768,1766,1764
560,1773,1771,1769,1767
561,1776,1774,1772,1770
562,1779,1777,1775,1773
563,1782,1780,1778,1776
564,1785,1783,1781,1779
565,1788,1786,1784,1782
566,1791,1789,1787,1785
567,1794,1792,1790,1788
568,1797,1795,1793,1791
569,1800,1798,1796,1794
570,1803,1801,1799,1797
571,1806,1804,1802,1800
572,1809,1807,1805,1803
573,1812,1810,1808,1806
574,1815,1813,1811,1809
575,1824,1816,1814,1812
576,1827,1825,1817,1815
577,1830,1828,1826,1818
578,1833,1831,1829,1827
579,1836,1834,1832,1830
580,1839,1837,1835,1833
581,1842,1840,1838,1836
582,1845,1843,1841,1839
583,1848,1846,1844,1842
584,1851,1849,1847,1845
585,1854,1852,1850,1848
586,1857,1855,1853,1851
587,1860,1858,1856,1854
588,1863,1861,1859,1857
589,1866,1864,1862,1860
590,1869,1867,1865,1863
591,1872,1870,1868,1866
592,1875,1873,1871,1869
593,1878,1876,1874,1872
594,1881,1879,1877,1875
595,1884,1882,1880,1878
596,1887,1885,1883,1881
597,1890,1888,1886,1884
598,1893,1891,1889,1887
599,1896,1894,1892,1890
600,1899,1897,1895,1893
601,1902,1900,1898,1896
602,1905,1903,1901,1899
603,1908,1906,1904,1902
604,1911,1909,1907,1905
605,1920,1912,1910,1908
606,1923,1921,1913,1911
607,1926,1924,1922,1914
608,1929,1927,1925,1923
609,1932,1930,1928,1926
610,1935,1933,1931,1929
611,1938,1936,1934,1932
612,1941,1939,1937,1935
613,1944,1942,1940,1938
614,1947,1945,1943,1941
615,1950,1948,1946,1944
616,1953,1951,1949,1947
617,1956,1954,1952,1950
618,1959,1957,1955,1953
619,1962,1960,1958,1956
620,1965,1963,1961,1959
621,1968,1966,1964,1962
622,1971,1969,1967,1965
623,1974,1972,1970,1968
624,1977,1975,1973,1971
625,1980,1978,1976,1974
626,1983,1981,1979,1977
627,1986,1984,1982,1980
628,1989,1987,1985,1983
629,1992,1990,1988,1986
630,1995,1993,1991,1989
631,1998,1996,1994,1992
632,2001,1999,1997,1995
633,2004,2002,2000,1998
634,2007,2005,2003,2001
635,2016,2008,2006,2004
636,2019,2017,2009,2007
637,2022,2020,2018,2010
638,2025,2023,2021,2019
639,2028,2026,2024,2022
640,2031,2029,2027,2025
641,2034,2032,2030,2028
642,2037,2035,2033,2031
643,2040,2038,2036,2034
644,2043,2041,2039,2037
645,2046,2044,2042,2040
646,2049,2047,2045,2043
647,2052,2050,2048,2046
648,2055,2053,2051,2049
649,2058,2056,2054,2052
650,2061,2059,2057,2055
651,2064,2062,2060,2058
652,2067,2065,2063,2061
653,2070,2068,2066,2064
654,2073,2071,2069,2067
655,2076,2074,2072,2070
656,2079,2077,2075,2073
657,2082,2080,2078,2076
658,2085,2083,2081,2079
659,2088,2086,2084,2082
660,2091,2089,2087,2085
661,2094,2092,2090,2088
662,2097,2095,2093,2091
663,2100,2098,2096,2094
664,2103,2101,2099,2097
665,2112,2104,2102,2100
666,2115,2113,2105,2103
667,2118,2116,2114,2106
668,2121,2119,2117,2115
669,2124,2122,2120,2118
670,2127,2125,2123,2121
671,2130,2128,2126,2124
672,2133,2131,2129,2127
673,2136,2134,2132,2130
674,2139,2137,2135,2133
675,2142,2140,2138,2136
676,2145,2143,2141,2139
677,2148,2146,2144,2142
678,2151,2149,2147,2145
679,2154,2152,2150,2148
680,2157,2155,2153,2151
681,2160,2158,2156,2154
682,2163,2161,2159,2157
683,2166,2164,2162,2160
684,2169,2167,2165,2163
685,2172,2170,2168,2166
686,2175,2173,2171,2169
687,2178,2176,2174,2172
688,2181,2179,2177,2175
689,2184,2182,2180,2178
690,2187,2185,2183,2181
691,2190,2188,2186,2184
692,2193,2191,2189,2187
693,2196,2194,2192,2190
694,2199,2197,2195,2193
695,2208,2200,2198,2196
696,2211,2209,2201,2199
697,2214,2212,2210,2202
698,2217,2215,2213,2211
699,2220,2218,2216,2214
700,2223,2221,2219,2217
701,2226,2224,2222,2220
702,2229,2227,2225,2223
703,2232,2230,2228,2226
704,2235,2233,2231,2229
705,2238,2236,2234,2232
706,2241,2239,2237,2235
707,2244,2242,2240,2238
708,2247,2245,2243,2241
709,2250,2248,2246,2244
710,2253,2251,2249,2247
711,2256,2254,2252,2250
712,2259,2257,2255,2253
713,2262,2260,2258,2256
714,2265,2263,2261,2259
715,2268,2266,2264,2262
716,2271,2269,2267,2265
717,2274,2272,2270,2268
718,2277,2275,2273,2271
719,2280,2278,2276,2274
720,2283,2281,2279,2277
721,2286,2284,2282,2280
722,2289,2287,2285,2283
723,2292,2290,2288,2286
724,2295,2293,2291,2289
725,2304,2296,2294,2292
726,2307,2305,2297,2295
727,2310,2308,2306,2298
728,2313,2311,2309,2307
729,2316,2314,2312,2310
730,2319,2317,2315,2313
731,2322,2320,2318,2316
732,2325,2323,2321,2319
733,2328,2326,2324,2322
734,2331,2329,2327,2325
735,2334,2332,2330,2328
736,2337,2335,2333,2331
737,2340,2338,2336,2334
738,2343,2341,2339,2337
739,2346,2344,2342,2340
740,2349,2347,2345,2343
741,2352,2350,2348,2346
742,2355,2353,2351,2349
743,2358,2356,2354,2352
744,2361,2359,2357,2355
745,2364,2362,2360,2358
746,2367,2365,2363,2361
747,2370,2368,2366,2364
748,2373,2371,2369,2367
749,2376,2374,2372,2370
750,2379,2377,2375,2373
751,2382,2380,2378,2376
752,2385,2383,2381,2379
753,2388,2386,2384,2382
754,2391,2389,2387,2385
755,2400,2392,2390,2388
756,2403,2401,2393,2391
757,2406,2404,2402,2394
758,2409,2407,2405,2403
759,2412,2410,2408,2406
760,2415,2413,2411,2409
761,2418,2416,2414,2412
762,2421,2419,2417,2415
763,2424,2422,2420,2418
764,2427,2425,2423,2421
765,2430,2428,2426,2424
766,2433,2431,2429,2427
767,2436,2434,2432,2430
768,2439,2437,2435,2433
769,2442,2440,2438,2436
770,2445,2443,2441,2439
771,2448,2446,2444,2442
772,2451,2449,2447,2445
773,2454,2452,2450,2448
774,2457,2455,2453,2451
775,2460,2458,2456,2454
776,2463,2461,2459,2457
777,2466,2464,2462,2460
778,2469,2467,2465,2463
779,2472,2470,2468,2466
780,2475,2473,2471,2469
781,2478,2476,2474,2472
782,2481,2479,2477,2475
783,2484,2482,2480,2478
784,2487,2485,2483,2481
785,2496,2488,2486,2484
786,2499,2497,2489,2487
787,2502,2500,2498,2490
788,2505,2503,2501,2499
789,2508,2506,2504,2502
790,2511,2509,2507,2505
791,2514,2512,2510,2508
792,2517,2515,2513,2511
793,2520,2518,2516,2514
794,2523,2521,2519,2517
795,2526,2524,2522,2520
796,2529,2527,2525,2523
797,2532,2530,2528,2526
798,2535,2533,2531,2529
799,2538,2536,2534,2532
800,2541,2539,2537,2535
801,2544,2542,2540,2538
802,2547,2545,2543,2541
803,2550,2548,2546,2544
804,2553,2551,2549,2547
805,2556,2554,2552,2550
806,2559,2557,2555,2553
807,2562,2560,2558,2556
808,2565,2563,2561,2559
809,2568,2566,2564,2562
810,2571,2569,2567,2565
811,2574,2572,2570,2568
812,2577,2575,2573,2571
813,2580,2578,2576,2574
814,2583,2581,2579,2577
815,2592,2584,2582,2580
816,2595,2593,2585,2583
817,2598,2596,2594,2586
818,2601,2599,2597,2595
819,2604,2602,2600,2598
820,2607,2605,2603,2601
821,2610,2608,2606,2604
822,2613,2611,2609,2607
823,2616,2614,2612,2610
824,2619,2617,2615,2613
825,2622,2620,2618,2616
826,2625,2623,2621,2619
827,2628,2626,2624,2622
828,2631,2629,2627,2625
829,2634,2632,2630,2628
830,2637,2635,2633,2631
831,2640,2638,2636,2634
832,2643,2641,2639,2637
833,2646,2644,2642,2640
834,2649,2647,2645,2643
835,2652,2650,2648,2646
836,2655,2653,2651,2649
837,2658,2656,2654,2652
838,2661,2659,2657,2655
839,2664,2662,2660,2658
840,2667,2665,2663,2661
841,2670,2668,2666,2664
842,2673,2671,2669,2667
843,2676,2674,2672,2670
844,2679,2677,2675,2673
845,2688,2680,2678,2676
846,2691,2689,2681,2679
847,2694,2692,2690,2682
848,2697,2695,2693,2691
849,2700,2698,2696,2694
850,2703,2701,2699,2697
851,2706,2704,2702,2700
852,2709,2707,2705,2703
853,2712,2710,2708,2706
854,2715,2713,2711,2709
855,2718,2716,2714,2712
856,2721,2719,2717,2715
857,2724,2722,2720,2718
858,2727,2725,2723,2721
859,2730,2728,2726,2724
860,2733,2731,2729,2727
861,2736,2734,2732,2730
862,2739,2737,2735,2733
863,2742,2740,2738,2736
864,2745,2743,2741,2739
865,2748,2746,2744,2742
866,2751,2749,2747,2745
867,2754,2752,2750,2748
868,2757,2755,2753,2751
869,2760,2758,2756,2754
870,2763,2761,2759,2757
871,2766,2764,2762,2760
872,2769,2767,2765,2763
873,2772,2770,2768,2766
874,2775,2773,2771,2769
875,2784,2776,2774,2772
876,2787,2785,2777,2775
877,2790,2788,2786,2778
878,2793,2791,2789,2787
879,2796,2794,2792,2790
880,2799,2797,2795,2793
881,2802,2800,2798,2796
882,2805,2803,2801,2799
883,2808,2806,2804,2802
884,2811,2809,2807,2805
885,2814,2812,2810,2808
886,2817,2815,2813,2811
887,2820,2818,2816,2814
888,2823,2821,2819,2817
889,2826,2824,2822,2820
890,2829,2827,2825,2823
891,2832,2830,2828,2826
892,2835,2833,2831,2829
893,2838,2836,2834,2832
894,2841,2839,2837,2835
895,2844,2842,2840,2838
896,2847,2845,2843,2841
897,2850,2848,2846,2844
898,2853,2851,2849,2847
899,2856,2854,2852,2850
900,2859,2857,2855,2853
901,2862,2860,2858,2856
902,2865,2863,2861,2859
903,2868,2866,2864,2862
904,2871,2869,2867,2865
905,-1,2872,2870,2868
906,-1,-1,2873,2871
907,-1,-1,-1,2874
908,-1,-1,-1,-1
909,-1,-1,-1,-1
910,-1,-1,-1,-1
911,-1,-1,-1,-1
912,-1,-1,-1,-1
913,-1,-1,-1,-1
914,-1,-1,-1,-1
915,4,-1,-1,-1
916,7,5,-1,-1
917,10,8,6,-1
918,13,11,9,7
919,16,14,12,10
920,19,17,15,13
921,22,20,18,16
922,25,23,21,19
923,28,26,24,22
924,31,29,27,25
925,34,32,30,28
926,37,35,33,31
927,40,38,36,34
928,43,41,39,37
929,46,44,42,40
930,49,47,45,43
931,52,50,48,46
932,55,53,51,49
933,58,56,54,52
934,61,59,57,55
935,64,62,60,58
936,67,65,63,61
937,70,68,66,64
938,73,71,69,67
939,76,74,72,70
940,79,77,75,73
941,82,80,78,76
942,85,83,81,79
943,88,86,84,82
944,91,89,87,85
945,100,92,90,88
946,103,101,93,91
947,106,104,102,94
948,109,107,105,103
949,112,110,108,106
950,115,113,111,109
951,118,116,114,112
952,121,119,117,115
953,124,122,120,118
954,127,125,123,121
955,130,128,126,124
956,133,131,129,127
957,136,134,132,130
958,139,137,135,133
959,142,140,138,136
960,145,143,141,139
961,148,146,144,142
962,151,149,147,145
963,154,152,150,148
964,157,155,153,151
965,160,158,156,154
966,163,161,159,157
967,166,164,162,160
968,169,167,165,163
969,172,170,168,166
970,175,173,171,169
971,178,176,174,172
972,181,179,177,175
973,184,182,180,178
974,187,185,183,181
975,196,188,186,184
976,199,197,189,187
977,202,200,198,190
978,205,203,201,199
979,208,206,204,202
980,211,209,207,205
981,214,212,210,208
982,217,215,213,211
983,220,218,216,214
984,223,221,219,217
985,226,224,222,220
986,229,227,225,223
987,232,230,228,226
988,235,233,231,229
989,238,236,234,232
990,241,239,237,235
991,244,242,240,238
992,247,245,243,241
993,250,248,246,244
994,253,251,249,247
995,256,254,252,250
996,259,257,255,253
997,262,260,258,256
998,265,263,261,259
999,268,266,264,262
1000,271,269,267,265
1001,274,272,270,268
1002,277,275,273,271
1003,280,278,276,274
1004,283,281,279,277
1005,292,284,282,280
1006,295,293,285,283
1007,298,296,294,286
1008,301,299,297,295
1009,304,302,300,298
1010,307,305,303,301
1011,310,308,306,304
1012,313,311,309,307
1013,316,314,312,310
1014,319,317,315,313
1015,322,320,318,316
1016,325,323,321,319
1017,328,326,324,322
1018,331,329,327,325
1019,334,332,330,328
1020,337,335,333,331
1021,340,338,336,334
1022,343,341,339,337
1023,346,344,342,340
1024,349,347,345,343
1025,352,350,348,346
1026,355,353,351,349
1027,358,356,354,352
1028,361,359,357,355
1029,364,362,360,358
1030,367,365,363,361
1031,370,368,366,364
1032,373,371,369,367
1033,376,374,372,370
1034,379,377,375,373
1035,388,380,378,376
1036,391,389,381,379
1037,394,392,390,382
1038,397,395,393,391
1039,400,398,396,394
1040,403,401,399,397
1041,406,404,402,400
1042,409,407,405,403
1043,412,410,408,406
1044,415,413,411,409
1045,418,416,414,412
1046,421,419,417,415
1047,424,422,420,418
1048,427,425,423,421
1049,430,428,426,424
1050,433,431,429,427
1051,436,434,432,430
1052,439,437,435,433
1053,442,440,438,436
1054,445,443,441,439
1055,448,446,444,442
1056,451,449,447,445
1057,454,452,450,448
1058,457,455,453,451
1059,460,458,456,454
1060,463,461,459,457
1061,466,464,462,460
1062,469,467,465,463
1063,472,470,468,466
1064,475,473,471,469
1065,484,476,474,472
1066,487,485,477,475
1067,490,488,486,478
1068,493,491,489,487
1069,496,494,492,490
1070,499,497,495,493
1071,502,500,498,496
1072,505,503,501,499
1073,508,506,504,502
1074,511,509,507,505
1075,514,512,510,508
1076,517,515,513,511
1077,520,518,516,514
1078,523,521,519,517
1079,526,524,522,520
1080,529,527,525,523
1081,532,530,528,526
1082,535,533,531,529
1083,538,536,534,532
1084,541,539,537,535
1085,544,542,540,538
1086,547,545,543,541
1087,550,548,546,544
1088,553,551,549,547
1089,556,554,552,550
1090,559,557,555,553
1091,562,560,558,556
1092,565,563,561,559
1093,568,566,564,562
1094,571,569,567,565
1095,580,572,570,568
1096,583,581,573,571
1097,586,584,582,574
1098,589,587,585,583
1099,592,590,588,586
1100,595,593,591,589
1101,598,596,594,592
1102,601,599,597,595
1103,604,602,600,598
1104,607,605,603,601
1105,610,608,606,604
1106,613,611,609,607
1107,616,614,612,610
1108,619,617,615,613
1109,622,620,618,616
1110,625,623,621,619
1111,628,626,624,622
1112,631,629,627,625
1113,634,632,630,628
1114,637,635,633,631
1115,640,638,636,634
1116,643,641,639,637
1117,646,644,642,640
1118,649,647,645,643
1119,652,650,648,646
1120,655,653,651,649
1121,658,656,654,652
1122,661,659,657,655
1123,664,662,660,658
1124,667,665,663,661
1125,676,668,666,664
1126,679,677,669,667
1127,682,680,678,670
1128,685,683,681,679
1129,688,686,684,682
1130,691,689,687,685
1131,694,692,690,688
1132,697,695,693,691
1133,700,698,696,694
1134,703,701,699,697
1135,706,704,702,700
1136,709,707,705,703
1137,712,710,708,706
1138,715,713,711,709
1139,718,716,714,712
1140,721,719,717,715
1141,724,722,720,718
1142,727,725,723,721
1143,730,728,726,724
1144,733,731,729,727
1145,736,734,732,730
1146,739,737,735,733
1147,742,740,738,736
1148,745,743,741,739
1149,748,746,744,742
1150,751,749,747,745
1151,754,752,750,748
1152,757,755,753,751
1153,760,758,756,754
1154,763,761,759,757
1155,772,764,762,760
1156,775,773,765,763
1157,778,776,774,766
1158,781,779,777,775
1159,784,782,780,778
1160,787,785,783,781
1161,790,788,786,784
1162,793,791,789,787
1163,796,794,792,790
1164,799,797,795,793
1165,802,800,798,796
1166,805,803,801,799
1167,808,806,804,802
1168,811,809,807,805
1169,814,812,810,808
1170,817,815,813,811
1171,820,818,816,814
1172,823,821,819,817
1173,826,824,822,820
1174,829,827,825,823
1175,832,830,828,826
1176,835,833,831,829
1177,838,836,834,832
1178,841,839,837,835
1179,844,842,840,838
1180,847,845,843,841
1181,850,848,846,844
1182,853,851,849,847
1183,856,854,852,850
1184,859,857,855,853
1185,868,860,858,856
1186,871,869,861,859
1187,874,872,870,862
1188,877,875,873,871
1189,880,878,876,874
1190,883,881,879,877
1191,886,884,882,880
1192,889,887,885,883
1193,892,890,888,886
1194,895,893,891,889
1195,898,896,894,892
1196,901,899,897,895
1197,904,902,900,898
1198,907,905,903,901
1199,910,908,906,904
1200,913,911,909,907
1201,916,914,912,910
1202,919,917,915,913
1203,922,920,918,916
1204,925,923,921,919
1205,928,926,924,922
1206,931,929,927,925
1207,934,932,930,928
1208,937,935,933,931
1209,940,938,936,934
1210,943,941,939,937
1211,946,944,942,940
1212,949,947,945,943
1213,952,950,948,946
1214,955,953,951,949
1215,964,956,954,952
1216,967,965,957,955
1217,970,968,966,958
1218,973,971,969,967
1219,976,974,972,970
1220,979,977,975,973
1221,982,980,978,976
1222,985,983,981,979
1223,988,986,984,982
1224,991,989,987,985
1225,994,992,990,988
1226,997,995,993,991
1227,1000,998,996,994
1228,1003,1001,999,997
1229,1006,1004,1002,1000
1230,1009,1007,1005,1003
1231,1012,1010,1008,1006
1232,1015,1013,1011,1009
1233,1018,1016,1014,1012
1234,1021,1019,1017,1015
1235,1024,1022,1020,1018
1236,1027,1025,1023,1021
1237,1030,1028,1026,1024
1238,1033,1031,1029,1027
1239,1036,1034,1032,1030
1240,1039,1037,1035,1033
1241,1042,1040,1038,1036
1242,1045,1043,1041,1039
1243,1048,1046,1044,1042
1244,1051,1049,1047,1045
1245,1060,1052,1050,1048
1246,1063,1061,1053,1051
1247,1066,1064,1062,1054
1248,1069,1067,1065,1063
1249,1072,1070,1068,1066
1250,1075,1073,1071,1069
1251,1078,1076,1074,1072
1252,1081,1079,1077,1075
1253,1084,1082,1080,1078
1254,1087,1085,1083,1081
1255,1090,1088,1086,1084
1256,1093,1091,1089,1087
1257,1096,1094,1092,1090
1258,1099,1097,1095,1093
1259,1102,1100,1098,1096
1260,1105,1103,1101,1099
1261,1108,1106,1104,1102
1262,1111,1109,1107,1105
1263,1114,1112,1110,1108
1264,1117,1115,1113,1111
1265,1120,1118,1116,1114
1266,1123,1121,1119,1117
1267,1126,1124,1122,1120
1268,1129,1127,1125,1123
1269,1132,1130,1128,1126
1270,1135,1133,1131,1129
1271,1138,1136,1134,1132
1272,1141,1139,1137,1135
1273,1144,1142,1140,1138
1274,1147,1145,1143,1141
1275,1156,1148,1146,1144
1276,1159,1157,1149,1147
1277,1162,1160,1158,1150
1278,1165,1163,1161,1159
1279,1168,1166,1164,1162
1280,1171,1169,1167,1165
1281,1174,1172,1170,1168
1282,1177,1175,1173,1171
1283,1180,1178,1176,1174
1284,1183,1181,1179,1177
1285,1186,1184,1182,1180
1286,1189,1187,1185,1183
1287,1192,1190,1188,1186
1288,1195,1193,1191,1189
1289,1198,1196,1194,1192
1290,1201,1199,1197,1195
1291,1204,1202,1200,1198
1292,1207,1205,1203,1201
1293,1210,1208,1206,1204
1294,1213,1211,1209,1207
1295,1216,1214,1212,1210
1296,1219,1217,1215,1213
1297,1222,1220,1218,1216
1298,1225,1223,1221,1219
1299,1228,1226,1224,1222
1300,1231,1229,1227,1225
1301,1234,1232,1230,1228
1302,1237,1235,1233,1231
1303,1240,1238,1236,1234
1304,1243,1241,1239,1237
1305,1252,1244,1242,1240
1306,1255,1253,1245,1243
1307,1258,1256,1254,1246
1308,1261,1259,1257,1255
1309,1264,1262,1260,1258
1310,1267,1265,1263,1261
1311,1270,1268,1266,1264
1312,1273,1271,1269,1267
1313,1276,1274,1272,1270
1314,1279,1277,1275,1273
1315,1282,1280,1278,1276
1316,1285,1283,1281,1279
1317,1288,1286,1284,1282
1318,1291,1289,1287,1285
1319,1294,1292,1290,1288
1320,1297,1295,1293,1291
1321,1300,1298,1296,1294
1322,1303,1301,1299,1297
1323,1306,1304,1302,1300
1324,1309,1307,1305,1303
1325,1312,1310,1308,1306
1326,1315,1313,1311,1309
1327,1318,1316,1314,1312
1328,1321,1319,1317,1315
1329,1324,1322,1320,1318
1330,1327,1325,1323,1321
1331,1330,1328,1326,1324
1332,1333,1331,1329,1327
1333,1336,1334,1332,1330
1334,1339,1337,1335,1333
1335,1348,1340,1338,1336
1336,1351,1349,1341,1339
1337,1354,1352,1350,1342
1338,1357,1355,1353,1351
1339,1360,1358,1356,1354
1340,1363,1361,1359,1357
1341,1366,1364,1362,1360
1342,1369,1367,1365,1363
1343,1372,1370,1368,1366
1344,1375,1373,1371,1369
1345,1378,1376,1374,1372
1346,1381,1379,1377,1375
1347,1384,1382,1380,1378
1348,1387,1385,1383,1381
1349,1390,1388,1386,1384
1350,1393,1391,1389,1387
1351,1396,1394,1392,1390
1352,1399,1397,1395,1393
1353,1402,1400,1398,1396
1354,1405,1403,1401,1399
1355,1408,1406,1404,1402
1356,1411,1409,1407,1405
1357,1414,1412,1410,1408
1358,1417,1415,1413,1411
1359,1420,1418,1416,1414
1360,1423,1421,1419,1417
1361,1426,1424,1422,1420
1362,1429,1427,1425,1423
1363,1432,1430,1428,1426
1364,1435,1433,1431,1429
1365,1444,1436,1434,1432
1366,1447,1445,1437,1435
1367,1450,1448,1446,1438
1368,1453,1451,1449,1447
1369,1456,1454,1452,1450
1370,1459,1457,1455,1453
1371,1462,1460,1458,1456
1372,1465,1463,1461,1459
1373,1468,1466,1464,1462
1374,1471,1469,1467,1465
1375,1474,1472,1470,1468
1376,1477,1475,1473,1471
1377,1480,1478,1476,1474
1378,1483,1481,1479,1477
1379,1486,1484,1482,1480
1380,1489,1487,1485,1483
1381,1492,1490,1488,1486
1382,1495,1493,1491,1489
1383,1498,1496,1494,1492
1384,1501,1499,1497,1495
1385,1504,1502,1500,1498
1386,1507,1505,1503,1501
1387,1510,1508,1506,1504
1388,1513,1511,1509,1507
1389,1516,1514,1512,1510
1390,1519,1517,1515,1513
1391,1522,1520,1518,1516
1392,1525,1523,1521,1519
1393,1528,1526,1524,1522
1394,1531,1529,1527,1525
1395,1540,1532,1530,1528
1396,1543,1541,1533,1531
1397,1546,1544,1542,1534
1398,1549,1547,1545,1543
1399,1552,1550,1548,1546
1400,1555,1553,1551,1549
1401,1558,1556,1554,1552
1402,1561,1559,1557,1555
1403,1564,1562,1560,1558
1404,1567,1565,1563,1561
1405,1570,1568,1566,1564
1406,1573,1571,1569,1567
1407,1576,1574,1572,1570
1408,1579,1577,1575,1573
1409,1582,1580,1578,1576
1410,1585,1583,1581,1579
1411,1588,1586,1584,1582
1412,1591,1589,1587,1585
1413,1594,1592,1590,1588
1414,1597,1595,1593,1591
1415,1600,1598,1596,1594
1416,1603,1601,1599,1597
1417,1606,1604,1602,1600
1418,1609,1607,1605,1603
1419,1612,1610,1608,1606
1420,1615,1613,1611,1609
1421,1618,1616,1614,1612
1422,1621,1619,1617,1615
1423,1624,1622,1620,1618
1424,1627,1625,1623,1621
1425,1636,1628,1626,1624
1426,1639,1637,1629,1627
1427,1642,1640,1638,1630
1428,1645,1643,1641,1639
1429,1648,1646,1644,1642
1430,1651,1649,1647,1645
1431,1654,1652,1650,1648
1432,1657,1655,1653,1651
1433,1660,1658,1656,1654
1434,1663,1661,1659,1657
1435,1666,1664,1662,1660
1436,1669,1667,1665,1663
1437,1672,1670,1668,1666
1438,1675,1673,1671,1669
1439,1678,1676,1674,1672
1440,1681,1679,1677,1675
1441,1684,1682,1680,1678
1442,1687,1685,1683,1681
1443,1690,1688,1686,1684
1444,1693,1691,1689,1687
1445,1696,1694,1692,1690
1446,1699,1697,1695,1693
1447,1702,1700,1698,1696
1448,1705,1703,1701,1699
1449,1708,1706,1704,1702
1450,1711,1709,1707,1705
1451,1714,1712,1710,1708
1452,1717,1715,1713,1711
1453,1720,1718,1716,1714
1454,1723,1721,1719,1717
1455,1732,1724,1722,1720
1456,1735,1733,1725,1723
1457,1738,1736,1734,1726
1458,1741,1739,1737,1735
1459,1744,1742,1740,1738
1460,1747,1745,1743,1741
1461,1750,1748,1746,1744
1462,1753,1751,1749,1747
1463,1756,1754,1752,1750
1464,1759,1757,1755,1753
1465,1762,1760,1758,1756
1466,1765,1763,1761,1759
1467,1768,1766,1764,1762
1468,1771,1769,1767,1765
1469,1774,1772,1770,1768
1470,1777,1775,1773,1771
1471,1780,1778,1776,1774
1472,1783,1781,1779,1777
1473,1786,1784,1782,1780
1474,1789,1787,1785,1783
1475,1792,1790,1788,1786
1476,1795,1793,1791,1789
1477,1798,1796,1794,1792
1478,1801,1799,1797,1795
1479,1804,1802,1800,1798
1480,1807,1805,1803,1801
1481,1810,1808,1806,1804
1482,1813,1811,1809,1807
1483,1816,1814,1812,1810
1484,1819,1817,1815,1813
1485,1828,1820,1818,1816
1486,1831,1829,1821,1819
1487,1834,1832,1830,1822
1488,1837,1835,1833,1831
1489,1840,1838,1836,1834
1490,1843,1841,1839,1837
1491,1846,1844,1842,1840
1492,1849,1847,1845,1843
1493,1852,1850,1848,1846
1494,1855,1853,1851,1849
1495,1858,1856,1854,1852
1496,1861,1859,1857,1855
1497,1864,1862,1860,1858
1498,1867,1865,1863,1861
1499,1870,1868,1866,1864
1500,1873,1871,1869,1867
1501,1876,1874,1872,1870
1502,1879,1877,1875,1873
1503,1882,1880,1878,1876
1504,1885,1883,1881,1879
1505,1888,1886,1884,1882
1506,1891,1889,1887,1885
1507,1894,1892,1890,1888
1508,1897,1895,1893,1891
1509,1900,1898,1896,1894
1510,1903,1901,1899,1897
1511,1906,1904,1902,1900
1512,1909,1907,1905,1903
1513,1912,1910,1908,1906
1514,1915,1913,1911,1909
1515,1924,1916,1914,1912
1516,1927,1925,1917,1915
1517,1930,1928,1926,1918
1518,1933,1931,1929,1927
1519,1936,1934,1932,1930
1520,1939,1937,1935,1933
1521,1942,1940,1938,1936
1522,1945,1943,1941,1939
1523,1948,1946,1944,1942
1524,1951,1949,1947,1945
1525,1954,1952,1950,1948
1526,1957,1955,1953,1951
1527,1960,1958,1956,1954
1528,1963,1961,1959,1957
1529,1966,1964,1962,1960
1530,1969,1967,1965,1963
1531,1972,1970,1968,1966
1532,1975,1973,1971,1969
1533,1978,1976,1974,1972
1534,1981,1979,1977,1975
1535,1984,1982,1980,1978
1536,1987,1985,1983,1981
1537,1990,1988,1986,1984
1538,1993,1991,1989,1987
1539,1996,1994,1992,1990
1540,1999,1997,1995,1993
1541,2002,2000,1998,1996
1542,2005,2003,2001,1999
1543,2008,2006,2004,2002
1544,2011,2009,2007,2005
1545,2020,2012,2010,2008
1546,2023,2021,2013,2011
1547,2026,2024,2022,2014
1548,2029,2027,2025,2023
1549,2032,2030,2028,2026
1550,2035,2033,2031,2029
1551,2038,2036,2034,2032
1552,2041,2039,2037,2035
1553,2044,2042,2040,2038
1554,2047,2045,2043,2041
1555,2050,2048,2046,2044
1556,2053,2051,2049,2047
1557,2056,2054,2052,2050
1558,2059,2057,2055,2053
1559,2062,2060,2058,2056
1560,2065,2063,2061,2059
1561,2068,2066,2064,2062
1562,2071,2069,2067,2065
1563,2074,2072,2070,2068
1564,2077,2075,2073,2071
1565,2080,2078,2076,2074
1566,2083,2081,2079,2077
1567,2086,2084,2082,2080
1568,2089,2087,2085,2083
1569,2092,2090,2088,2086
1570,2095,2093,2091,2089
1571,2098,2096,2094,2092
1572,2101,2099,2097,2095
1573,2104,2102,2100,2098
1574,2107,2105,2103,2101
1575,2116,2108,2106,2104
1576,2119,2117,2109,2107
1577,2122,2120,2118,2110
1578,2125,2123,2121,2119
1579,2128,2126,2124,2122
1580,2131,2129,2127,2125
1581,2134,2132,2130,2128
1582,2137,2135,2133,2131
1583,2140,2138,2136,2134
1584,2143,2141,2139,2137
1585,2146,2144,2142,2140
1586,2149,2147,2145,2143
1587,2152,2150,2148,2146
1588,2155,2153,2151,2149
1589,2158,2156,2154,2152
1590,2161,2159,2157,2155
1591,2164,2162,2160,2158
1592,2167,2165,2163,2161
1593,2170,2168,2166,2164
1594,2173,2171,2169,2167
1595,2176,2174,2172,2170
1596,2179,2177,2175,2173
1597,2182,2180,2178,2176
1598,2185,2183,2181,2179
1599,2188,2186,2184,2182
1600,2191,2189,2187,2185
1601,2194,2192,2190,2188
1602,2197,2195,2193,2191
1603,2200,2198,2196,2194
1604,2203,2201,2199,2197
1605,2212,2204,2202,2200
1606,2215,2213,2205,2203
1607,2218,2216,2214,2206
1608,2221,2219,2217,2215
1609,2224,2222,2220,2218
1610,2227,2225,2223,2221
1611,2230,2228,2226,2224
1612,2233,2231,2229,2227
1613,2236,2234,2232,2230
1614,2239,2237,2235,2233
1615,2242,2240,2238,2236
1616,2245,2243,2241,2239
1617,2248,2246,2244,2242
1618,2251,2249,2247,2245
1619,2254,2252,2250,2248
1620,2257,2255,2253,2251
1621,2260,2258,2256,2254
1622,2263,2261,2259,2257
1623,2266,2264,2262,2260
1624,2269,2267,2265,2263
1625,2272,2270,2268,2266
1626,2275,2273,2271,2269
1627,2278,2276,2274,2272
1628,2281,2279,2277,2275
1629,2284,2282,2280,2278
1630,2287,2285,2283,2281
1631,2290,2288,2286,2284
1632,2293,2291,2289,2287
1633,2296,2294,2292,2290
1634,2299,2297,2295,2293
1635,2308,2300,2298,2296
1636,2311,2309,2301,2299
1637,2314,2312,2310,2302
1638,2317,2315,2313,2311
1639,2320,2318,2316,2314
1640,2323,2321,2319,2317
1641,2326,2324,2322,2320
1642,2329,2327,2325,2323
1643,2332,2330,2328,2326
1644,2335,2333,2331,2329
1645,2338,2336,2334,2332
1646,2341,2339,2337,2335
1647,2344,2342,2340,2338
1648,2347,2345,2343,2341
1649,2350,2348,2346,2344
1650,2353,2351,2349,2347
1651,2356,2354,2352,2350
1652,2359,2357,2355,2353
1653,2362,2360,2358,2356
1654,2365,2363,2361,2359
1655,2368,2366,2364,2362
1656,2371,2369,2367,2365
1657,2374,2372,2370,2368
1658,2377,2375,2373,2371
1659,2380,2378,2376,2374
1660,2383,2381,2379,2377
1661,2386,2384,2382,2380
1662,2389,2387,2385,2383
1663,2392,2390,2388,2386
1664,2395,2393,2391,2389
1665,2404,2396,2394,2392
1666,2407,2405,2397,2395
1667,2410,2408,2406,2398
1668,2413,2411,2409,2407
1669,2416,2414,2412,2410
1670,2419,2417,2415,2413
1671,2422,2420,2418,2416
1672,2425,2423,2421,2419
1673,2428,2426,2424,2422
1674,2431,2429,2427,2425
1675,2434,2432,2430,2428
1676,2437,2435,2433,2431
1677,2440,2438,2436,2434
1678,2443,2441,2439,2437
1679,2446,2444,2442,2440
1680,2449,2447,2445,2443
1681,2452,2450,2448,2446
1682,2455,2453,2451,2449
1683,2458,2456,2454,2452
1684,2461,2459,2457,2455
1685,2464,2462,2460,2458
1686,2467,2465,2463,2461
1687,2470,2468,2466,2464
1688,2473,2471,2469,2467
1689,2476,2474,2472,2470
1690,2479,2477,2475,2473
1691,2482,2480,2478,2476
1692,2485,2483,2481,2479
1693,2488,2486,2484,2482
1694,2491,2489,2487,2485
1695,2500,2492,2490,2488
1696,2503,2501,2493,2491
1697,2506,2504,2502,2494
1698,2509,2507,2505,2503
1699,2512,2510,2508,2506
1700,2515,2513,2511,2509
1701,2518,2516,2514,2512
1702,2521,2519,2517,2515
1703,2524,2522,2520,2518
1704,2527,2525,2523,2521
1705,2530,2528,2526,2524
1706,2533,2531,2529,2527
1707,2536,2534,2532,2530
1708,2539,2537,2535,2533
1709,2542,2540,2538,2536
1710,2545,2543,2541,2539
1711,2548,2546,2544,2542
1712,2551,2549,2547,2545
1713,2554,2552,2550,2548
1714,2557,2555,2553,2551
1715,2560,2558,2556,2554
1716,2563,2561,2559,2557
1717,2566,2564,2562,2560
1718,2569,2567,2565,2563
1719,2572,2570,2568,2566
1720,2575,2573,2571,2569
1721,2578,2576,2574,2572
1722,2581,2579,2577,2575
1723,2584,2582,2580,2578
1724,2587,2585,2583,2581
1725,2596,2588,2586,2584
1726,2599,2597,2589,2587
1727,2602,2600,2598,2590
1728,2605,2603,2601,2599
1729,2608,2606,2604,2602
1730,2611,2609,2607,2605
1731,2614,2612,2610,2608
1732,2617,2615,2613,2611
1733,2620,2618,2616,2614
1734,2623,2621,2619,2617
1735,2626,2624,2622,2620
1736,2629,2627,2625,2623
1737,2632,2630,2628,2626
1738,2635,2633,2631,2629
1739,2638,2636,2634,2632
1740,2641,2639,2637,2635
1741,2644,2642,2640,2638
1742,2647,2645,2643,2641
1743,2650,2648,2646,2644
1744,2653,2651,2649,2647
1745,2656,2654,2652,2650
1746,2659,2657,2655,2653
1747,2662,2660,2658,2656
1748,2665,2663,2661,2659
1749,2668,2666,2664,2662
1750,2671,2669,2667,2665
1751,2674,2672,2670,2668
1752,2677,2675,2673,2671
1753,2680,2678,2676,2674
1754,2683,2681,2679,2677
1755,2692,2684,2682,2680
1756,2695,2693,2685,2683
1757,2698,2696,2694,2686
1758,2701,2699,2697,2695
1759,2704,2702,2700,2698
1760,2707,2705,2703,2701
1761,2710,2708,2706,2704
1762,2713,2711,2709,2707
1763,2716,2714,2712,2710
1764,2719,2717,2715,2713
1765,2722,2720,2718,2716
1766,2725,2723,2721,2719
1767,2728,2726,2724,2722
1768,2731,2729,2727,2725
1769,2734,2732,2730,2728
1770,2737,2735,2733,2731
1771,2740,2738,2736,2734
1772,2743,2741,2739,2737
1773,2746,2744,2742,2740
1774,2749,2747,2745,2743
1775,2752,2750,2748,2746
1776,2755,2753,2751,2749
1777,2758,2756,2754,2752
1778,2761,2759,2757,2755
1779,2764,2762,2760,2758
1780,2767,2765,2763,2761
1781,2770,2768,2766,2764
1782,2773,2771,2769,2767
1783,2776,2774,2772,2770
1784,2779,2777,2775,2773
1785,2788,2780,2778,2776
1786,2791,2789,2781,2779
1787,2794,2792,2790,2782
1788,2797,2795,2793,2791
1789,2800,2798,2796,2794
1790,2803,2801,2799,2797
1791,2806,2804,2802,2800
1792,2809,2807,2805,2803
1793,2812,2810,2808,2806
1794,2815,2813,2811,2809
1795,2818,2816,2814,2812
1796,2821,2819,2817,2815
1797,2824,2822,2820,2818
1798,2827,2825,2823,2821
1799,2830,2828,2826,2824
1800,2833,2831,2829,2827
1801,2836,2834,2832,2830
1802,2839,2837,2835,2833
1803,2842,2840,2838,2836
1804,2845,2843,2841,2839
1805,2848,2846,2844,2842
1806,2851,2849,2847,2845
1807,2854,2852,2850,2848
1808,2857,2855,2853,2851
1809,2860,2858,2856,2854
1810,2863,2861,2859,2857
1811,2866,2864,2862,2860
1812,2869,2867,2865,2863
1813,2872,2870,2868,2866
1814,2875,2873,2871,2869
1815,-1,2876,2874,2872
1816,-1,-1,2877,2875
1817,-1,-1,-1,2878
1818,-1,-1,-1,-1
1819,-1,-1,-1,-1
1820,-1,-1,-1,-1
1821,-1,-1,-1,-1
1822,-1,-1,-1,-1
1823,-1,-1,-1,-1
1824,-1,-1,-1,-1
1825,8,-1,-1,-1
1826,11,96,-1,-1
1827,14,99,97,-1
1828,17,102,100,98
1829,20,105,103,101
1830,23,108,106,104
1831,26,111,109,107
1832,29,114,112,110
1833,32,117,115,113
1834,35,120,118,116
1835,38,123,121,119
1836,41,126,124,122
1837,44,129,127,125
1838,47,132,130,128
1839,50,135,133,131
1840,53,138,136,134
1841,56,141,139,137
1842,59,144,142,140
1843,62,147,145,143
1844,65,150,148,146
1845,68,153,151,149
1846,71,156,154,152
1847,74,159,157,155
1848,77,162,160,158
1849,80,165,163,161
1850,83,168,166,164
1851,86,171,169,167
1852,89,174,172,170
1853,92,177,175,173
1854,95,180,178,176
1855,104,183,181,179
1856,107,192,184,182
1857,110,195,193,185
1858,113,198,196,194
1859,116,201,199,197
1860,119,204,202,200
1861,122,207,205,203
1862,125,210,208,206
1863,128,213,211,209
1864,131,216,214,212
1865,134,219,217,215
1866,137,222,220,218
1867,140,225,223,221
1868,143,228,226,224
1869,146,231,229,227
1870,149,234,232,230
1871,152,237,235,233
1872,155,240,238,236
1873,158,243,241,239
1874,161,246,244,242
1875,164,249,247,245
1876,167,252,250,248
1877,170,255,253,251
1878,173,258,256,254
1879,176,261,259,257
1880,179,264,262,260
1881,182,267,265,263
1882,185,270,268,266
1883,188,273,271,269
1884,191,276,274,272
1885,200,279,277,275
1886,203,288,280,278
1887,206,291,289,281
1888,209,294,292,290
1889,212,297,295,293
1890,215,300,298,296
1891,218,303,301,299
1892,221,306,304,302
1893,224,309,307,305
1894,227,312,310,308
1895,230,315,313,311
1896,233,318,316,314
1897,236,321,319,317
1898,239,324,322,320
1899,242,327,325,323
1900,245,330,328,326
1901,248,333,331,329
1902,251,336,334,332
1903,254,339,337,335
1904,257,342,340,338
1905,260,345,343,341
1906,263,348,346,344
1907,266,351,349,347
1908,269,354,352,350
1909,272,357,355,353
1910,275,360,358,356
1911,278,363,361,359
1912,281,366,364,362
1913,284,369,367,365
1914,287,372,370,368
1915,296,375,373,371
1916,299,384,376,374
1917,302,387,385,377
1918,305,390,388,386
1919,308,393,391,389
1920,311,396,394,392
1921,314,399,397,395
1922,317,402,400,398
1923,320,405,403,401
1924,323,408,406,404
1925,326,411,409,407
1926,329,414,412,410
1927,332,417,415,413
1928,335,420,418,416
1929,338,423,421,419
1930,341,426,424,422
1931,344,429,427,425
1932,347,432,430,428
1933,350,435,433,431
1934,353,438,436,434
1935,356,441,439,437
1936,359,444,442,440
1937,362,447,445,443
1938,365,450,448,446
1939,368,453,451,449
1940,371,456,454,452
1941,374,459,457,455
1942,377,462,460,458
1943,380,465,463,461
1944,383,468,466,464
1945,392,471,469,467
1946,395,480,472,470
1947,398,483,481,473
1948,401,486,484,482
1949,404,489,487,485
1950,407,492,490,488
1951,410,495,493,491
1952,413,498,496,494
1953,416,501,499,497
1954,419,504,502,500
1955,422,507,505,503
1956,425,510,508,506
1957,428,513,511,509
1958,431,516,514,512
1959,434,519,517,515
1960,437,522,520,518
1961,440,525,523,521
1962,443,528,526,524
1963,446,531,529,527
1964,449,534,532,530
1965,452,537,535,533
1966,455,540,538,536
1967,458,543,541,539
1968,461,546,544,542
1969,464,549,547,545
1970,467,552,550,548
1971,470,555,553,551
1972,473,558,556,554
1973,476,561,559,557
1974,479,564,562,560
1975,488,567,565,563
1976,491,576,568,566
1977,494,579,577,569
1978,497,582,580,578
1979,500,585,583,581
1980,503,588,586,584
1981,506,591,589,587
1982,509,594,592,590
1983,512,597,595,593
1984,515,600,598,596
1985,518,603,601,599
1986,521,606,604,602
1987,524,609,607,605
1988,527,612,610,608
1989,530,615,613,611
1990,533,618,616,614
1991,536,621,619,617
1992,539,624,622,620
1993,542,627,625,623
1994,545,630,628,626
1995,548,633,631,629
1996,551,636,634,632
1997,554,639,637,635
1998,557,642,640,638
1999,560,645,643,641
2000,563,648,646,644
2001,566,651,649,647
2002,569,654,652,650
2003,572,657,655,653
2004,575,660,658,656
2005,584,663,661,659
2006,587,672,664,662
2007,590,675,673,665
2008,593,678,676,674
2009,596,681,679,677
2010,599,684,682,680
2011,602,687,685,683
2012,605,690,688,686
2013,608,693,691,689
2014,611,696,694,692
2015,614,699,697,695
2016,617,702,700,698
2017,620,705,703,701
2018,623,708,706,704
2019,626,711,709,707
2020,629,714,712,710
2021,632,717,715,713
2022,635,720,718,716
2023,638,723,721,719
2024,641,726,724,722
2025,644,729,727,725
2026,647,732,730,728
2027,650,735,733,731
2028,653,738,736,734
2029,656,741,739,737
2030,659,744,742,740
2031,662,747,745,743
2032,665,750,748,746
2033,668,753,751,749
2034,671,756,754,752
2035,680,759,757,755
2036,683,768,760,758
2037,686,771,769,761
2038,689,774,772,770
2039,692,777,775,773
2040,695,780,778,776
2041,698,783,781,779
2042,701,786,784,782
2043,704,789,787,785
2044,707,792,790,788
2045,710,795,793,791
2046,713,798,796,794
2047,716,801,799,797
2048,719,804,802,800
2049,722,807,805,803
2050,725,810,808,806
2051,728,813,811,809
2052,731,816,814,812
2053,734,819,817,815
2054,737,822,820,818
2055,740,825,823,821
2056,743,828,826,824
2057,746,831,829,827
2058,749,834,832,830
2059,752,837,835,833
2060,755,840,838,836
2061,758,843,841,839
2062,761,846,844,842
2063,764,849,847,845
2064,767,852,850,848
2065,776,855,853,851
2066,779,864,856,854
2067,782,867,865,857
2068,785,870,868,866
2069,788,873,871,869
2070,791,876,874,872
2071,794,879,877,875
2072,797,882,880,878
2073,800,885,883,881
2074,803,888,886,884
2075,806,891,889,887
2076,809,894,892,890
2077,812,897,895,893
2078,815,900,898,896
2079,818,903,901,899
2080,821,906,904,902
2081,824,909,907,905
2082,827,912,910,908
2083,830,915,913,911
2084,833,918,916,914
2085,836,921,919,917
2086,839,924,922,920
2087,842,927,925,923
2088,845,930,928,926
2089,848,933,931,929
2090,851,936,934,932
2091,854,939,937,935
2092,857,942,940,938
2093,860,945,943,941
2094,863,948,946,944
2095,872,951,949,947
2096,875,960,952,950
2097,878,963,961,953
2098,881,966,964,962
2099,884,969,967,965
2100,887,972,970,968
2101,890,975,973,971
2102,893,978,976,974
2103,896,981,979,977
2104,899,984,982,980
2105,902,987,985,983
2106,905,990,988,986
2107,908,993,991,989
2108,911,996,994,992
2109,914,999,997,995
2110,917,1002,1000,998
2111,920,1005,1003,1001
2112,923,1008,1006,1004
2113,926,1011,1009,1007
2114,929,1014,1012,1010
2115,932,1017,1015,1013
2116,935,1020,1018,1016
2117,938,1023,1021,1019
2118,941,1026,1024,1022
2119,944,1029,1027,1025
2120,947,1032,1030,1028
2121,950,1035,1033,1031
2122,953,1038,1036,1034
2123,956,1041,1039,1037
2124,959,1044,1042,1040
2125,968,1047,1045,1043
2126,971,1056,1048,1046
2127,974,1059,1057,1049
2128,977,1062,1060,1058
2129,980,1065,1063,1061
2130,983,1068,1066,1064
2131,986,1071,1069,1067
2132,989,1074,1072,1070
2133,992,1077,1075,1073
2134,995,1080,1078,1076
2135,998,1083,1081,1079
2136,1001,1086,1084,1082
2137,1004,1089,1087,1085
2138,1007,1092,1090,1088
2139,1010,1095,1093,1091
2140,1013,1098,1096,1094
2141,1016,1101,1099,1097
2142,1019,1104,1102,1100
2143,1022,1107,1105,1103
2144,1025,1110,1108,1106
2145,1028,1113,1111,1109
2146,1031,1116,1114,1112
2147,1034,1119,1117,1115
2148,1037,1122,1120,1118
2149,1040,1125,1123,1121
2150,1043,1128,1126,1124
2151,1046,1131,1129,1127
2152,1049,1134,1132,1130
2153,1052,1137,1135,1133
2154,1055,1140,1138,1136
2155,1064,1143,1141,1139
2156,1067,1152,1144,1142
2157,1070,1155,1153,1145
2158,1073,1158,1156,1154
2159,1076,1161,1159,1157
2160,1079,1164,1162,1160
2161,1082,1167,1165,1163
2162,1085,1170,1168,1166
2163,1088,1173,1171,1169
2164,1091,1176,1174,1172
2165,1094,1179,1177,1175
2166,1097,1182,1180,1178
2167,1100,1185,1183,1181
2168,1103,1188,1186,1184
2169,1106,1191,1189,1187
2170,1109,1194,1192,1190
2171,1112,1197,1195,1193
2172,1115,1200,1198,1196
2173,1118,1203,1201,1199
2174,1121,1206,1204,1202
2175,1124,1209,1207,1205
2176,1127,1212,1210,1208
2177,1130,1215,1213,1211
2178,1133,1218,1216,1214
2179,1136,1221,1219,1217
2180,1139,1224,1222,1220
2181,1142,1227,1225,1223
2182,1145,1230,1228,1226
2183,1148,1233,1231,1229
2184,1151,1236,1234,1232
2185,1160,1239,1237,1235
2186,1163,1248,1240,1238
2187,1166,1251,1249,1241
2188,1169,1254,1252,1250
2189,1172,1257,1255,1253
2190,1175,1260,1258,1256
2191,1178,1263,1261,1259
2192,1181,1266,1264,1262
2193,1184,1269,1267,1265
2194,1187,1272,1270,1268
2195,1190,1275,1273,1271
2196,1193,1278,1276,1274
2197,1196,1281,1279,1277
2198,1199,1284,1282,1280
2199,1202,1287,1285,1283
2200,1205,1290,1288,1286
2201,1208,1293,1291,1289
2202,1211,1296,1294,1292
2203,1214,1299,1297,1295
2204,1217,1302,1300,1298
2205,1220,1305,1303,1301
2206,1223,1308,1306,1304
2207,1226,1311,1309,1307
2208,1229,1314,1312,1310
2209,1232,1317,1315,1313
2210,1235,1320,1318,1316
2211,1238,1323,1321,1319
2212,1241,1326,1324,1322
2213,1244,1329,1327,1325
2214,1247,1332,1330,1328
2215,1256,1335,1333,1331
2216,1259,1344,1336,1334
2217,1262,1347,1345,1337
2218,1265,1350,1348,1346
2219,1268,1353,1351,1349
2220,1271,1356,1354,1352
2221,1274,1359,1357,1355
2222,1277,1362,1360,1358
2223,1280,1365,1363,1361
2224,1283,1368,1366,1364
2225,1286,1371,1369,1367
2226,1289,1374,1372,1370
2227,1292,1377,1375,1373
2228,1295,1380,1378,1376
2229,1298,1383,1381,1379
2230,1301,1386,1384,1382
2231,1304,1389,1387,1385
2232,1307,1392,1390,1388
2233,1310,1395,1393,1391
2234,1313,1398,1396,1394
2235,1316,1401,1399,1397
2236,1319,1404,1402,1400
2237,1322,1407,1405,1403
2238,1325,1410,1408,1406
2239,1328,1413,1411,1409
2240,1331,1416,1414,1412
2241,1334,1419,1417,1415
2242,1337,1422,1420,1418
2243,1340,1425,1423,1421
2244,1343,1428,1426,1424
2245,1352,1431,1429,1427
2246,1355,1440,1432,1430
2247,1358,1443,1441,1433
2248,1361,1446,1444,1442
2249,1364,1449,1447,1445
2250,1367,1452,1450,1448
2251,1370,1455,1453,1451
2252,1373,1458,1456,1454
2253,1376,1461,1459,1457
2254,1379,1464,1462,1460
2255,1382,1467,1465,1463
2256,1385,1470,1468,1466
2257,1388,1473,1471,1469
2258,1391,1476,1474,1472
2259,1394,1479,1477,1475
2260,1397,1482,1480,1478
2261,1400,1485,1483,1481
2262,1403,1488,1486,1484
2263,1406,1491,1489,1487
2264,1409,1494,1492,1490
2265,1412,1497,1495,1493
2266,1415,1500,1498,1496
2267,1418,1503,1501,1499
2268,1421,1506,1504,1502
2269,1424,1509,1507,1505
2270,1427,1512,1510,1508
2271,1430,1515,1513,1511
2272,1433,1518,1516,1514
2273,1436,1521,1519,1517
2274,1439,1524,1522,1520
2275,1448,1527,1525,1523
2276,1451,1536,1528,1526
2277,1454,1539,1537,1529
2278,1457,1542,1540,1538
2279,1460,1545,1543,1541
2280,1463,1548,1546,1544
2281,1466,1551,1549,1547
2282,1469,1554,1552,1550
2283,1472,1557,1555,1553
2284,1475,1560,1558,1556
2285,1478,1563,1561,1559
2286,1481,1566,1564,1562
2287,1484,1569,1567,1565
2288,1487,1572,1570,1568
2289,1490,1575,1573,1571
2290,1493,1578,1576,1574
2291,1496,1581,1579,1577
2292,1499,1584,1582,1580
2293,1502,1587,1585,1583
2294,1505,1590,1588,1586
2295,1508,1593,1591,1589
2296,1511,1596,1594,1592
2297,1514,1599,1597,1595
2298,1517,1602,1600,1598
2299,1520,1605,1603,1601
2300,1523,1608,1606,1604
2301,1526,1611,1609,1607
2302,1529,1614,1612,1610
2303,1532,1617,1615,1613
2304,1535,1620,1618,1616
2305,1544,1623,1621,1619
2306,1547,1632,1624,1622
2307,1550,1635,1633,1625
2308,1553,1638,1636,1634
2309,1556,1641,1639,1637
2310,1559,1644,1642,1640
2311,1562,1647,1645,1643
2312,1565,1650,1648,1646
2313,1568,1653,1651,1649
2314,1571,1656,1654,1652
2315,1574,1659,1657,1655
2316,1577,1662,1660,1658
2317,1580,1665,1663,1661
2318,1583,1668,1666,1664
2319,1586,1671,1669,1667
2320,1589,1674,1672,1670
2321,1592,1677,1675,1673
2322,1595,1680,1678,1676
2323,1598,1683,1681,1679
2324,1601,1686,1684,1682
2325,1604,1689,1687,1685
2326,1607,1692,1690,1688
2327,1610,1695,1693,1691
2328,1613,1698,1696,1694
2329,1616,1701,1699,1697
2330,1619,1704,1702,1700
2331,1622,1707,1705,1703
2332,1625,1710,1708,1706
2333,1628,1713,1711,1709
2334,1631,1716,1714,1712
2335,1640,1719,1717,1715
2336,1643,1728,1720,1718
2337,1646,1731,1729,1721
2338,1649,1734,1732,1730
2339,1652,1737,1735,1733
2340,1655,1740,1738,1736
2341,1658,1743,1741,1739
2342,1661,1746,1744,1742
2343,1664,1749,1747,1745
2344,1667,1752,1750,1748
2345,1670,1755,1753,1751
2346,1673,1758,1756,1754
2347,1676,1761,1759,1757
2348,1679,1764,1762,1760
2349,1682,1767,1765,1763
2350,1685,1770,1768,1766
2351,1688,1773,1771,1769
2352,1691,1776,1774,1772
2353,1694,1779,1777,1775
2354,1697,1782,1780,1778
2355,1700,1785,1783,1781
2356,1703,1788,1786,1784
2357,1706,1791,1789,1787
2358,1709,1794,1792,1790
2359,1712,1797,1795,1793
2360,1715,1800,1798,1796
2361,1718,1803,1801,1799
2362,1721,1806,1804,1802
2363,1724,1809,1807,1805
2364,1727,1812,1810,1808
2365,1736,1815,1813,1811
2366,1739,1824,1816,1814
2367,1742,1827,1825,1817
2368,1745,1830,1828,1826
2369,1748,1833,1831,1829
2370,1751,1836,1834,1832
2371,1754,1839,1837,1835
2372,1757,1842,1840,1838
2373,1760,1845,1843,1841
2374,1763,1848,1846,1844
2375,1766,1851,1849,1847
2376,1769,1854,1852,1850
2377,1772,1857,1855,1853
2378,1775,1860,1858,1856
2379,1778,1863,1861,1859
2380,1781,1866,1864,1862
2381,1784,1869,1867,1865
2382,1787,1872,1870,1868
2383,1790,1875,1873,1871
2384,1793,1878,1876,1874
2385,1796,1881,1879,1877
2386,1799,1884,1882,1880
2387,1802,1887,1885,1883
2388,1805,1890,1888,1886
2389,1808,1893,1891,1889
2390,1811,1896,1894,1892
2391,1814,1899,1897,1895
2392,1817,1902,1900,1898
2393,1820,1905,1903,1901
2394,1823,1908,1906,1904
2395,1832,1911,1909,1907
2396,1835,1920,1912,1910
2397,1838,1923,1921,1913
2398,1841,1926,1924,1922
2399,1844,1929,1927,1925
2400,1847,1932,1930,1928
2401,1850,1935,1933,1931
2402,1853,1938,1936,1934
2403,1856,1941,1939,1937
2404,1859,1944,1942,1940
2405,1862,1947,1945,1943
2406,1865,1950,1948,1946
2407,1868,1953,1951,1949
2408,1871,1956,1954,1952
2409,1874,1959,1957,1955
2410,1877,1962,1960,1958
2411,1880,1965,1963,1961
2412,1883,1968,1966,1964
2413,1886,1971,1969,1967
2414,1889,1974,1972,1970
2415,1892,1977,1975,1973
2416,1895,1980,1978,1976
2417,1898,1983,1981,1979
2418,1901,1986,1984,1982
2419,1904,1989,1987,1985
2420,1907,1992,1990,1988
2421,1910,1995,1993,1991
2422,1913,1998,1996,1994
2423,1916,2001,1999,1997
2424,1919,2004,2002,2000
2425,1928,2007,2005,2003
2426,1931,2016,2008,2006
2427,1934,2019,2017,2009
2428,1937,2022,2020,2018
2429,1940,2025,2023,2021
2430,1943,2028,2026,2024
2431,1946,2031,2029,2027
2432,1949,2034,2032,2030
2433,1952,2037,2035,2033
2434,1955,2040,2038,2036
2435,1958,2043,2041,2039
2436,1961,2046,2044,2042
2437,1964,2049,2047,2045
2438,1967,2052,2050,2048
2439,1970,2055,2053,2051
2440,1973,2058,2056,2054
2441,1976,2061,2059,2057
2442,1979,2064,2062,2060
2443,1982,2067,2065,2063
2444,1985,2070,2068,2066
2445,1988,2073,2071,2069
2446,1991,2076,2074,2072
2447,1994,2079,2077,2075
2448,1997,2082,2080,2078
2449,2000,2085,2083,2081
2450,2003,2088,2086,2084
2451,2006,2091,2089,2087
2452,2009,2094,2092,2090
2453,2012,2097,2095,2093
2454,2015,2100,2098,2096
2455,2024,2103,2101,2099
2456,2027,2112,2104,2102
2457,2030,2115,2113,2105
2458,2033,2118,2116,2114
2459,2036,2121,2119,2117
2460,2039,2124,2122,2120
2461,2042,2127,2125,2123
2462,2045,2130,2128,2126
2463,2048,2133,2131,2129
2464,2051,2136,2134,2132
2465,2054,2139,2137,2135
2466,2057,2142,2140,2138
2467,2060,2145,2143,2141
2468,2063,2148,2146,2144
2469,2066,2151,2149,2147
2470,2069,2154,2152,2150
2471,2072,2157,2155,2153
2472,2075,2160,2158,2156
2473,2078,2163,2161,2159
2474,2081,2166,2164,2162
2475,2084,2169,2167,2165
2476,2087,2172,2170,2168
2477,2090,2175,2173,2171
2478,2093,2178,2176,2174
2479,2096,2181,2179,2177
2480,2099,2184,2182,2180
2481,2102,2187,2185,2183
2482,2105,2190,2188,2186
2483,2108,2193,2191,2189
2484,2111,2196,2194,2192
2485,2120,2199,2197,2195
2486,2123,2208,2200,2198
2487,2126,2211,2209,2201
2488,2129,2214,2212,2210
2489,2132,2217,2215,2213
2490,2135,2220,2218,2216
2491,2138,2223,2221,2219
2492,2141,2226,2224,2222
2493,2144,2229,2227,2225
2494,2147,2232,2230,2228
2495,2150,2235,2233,2231
2496,2153,2238,2236,2234
2497,2156,2241,2239,2237
2498,2159,2244,2242,2240
2499,2162,2247,2245,2243
2500,2165,2250,2248,2246
2501,2168,2253,2251,2249
2502,2171,2256,2254,2252
2503,2174,2259,2257,2255
2504,2177,2262,2260,2258
2505,2180,2265,2263,2261
2506,2183,2268,2266,2264
2507,2186,2271,2269,2267
2508,2189,2274,2272,2270
2509,2192,2277,2275,2273
2510,2195,2280,2278,2276
2511,2198,2283,2281,2279
2512,2201,2286,2284,2282
2513,2204,2289,2287,2285
2514,2207,2292,2290,2288
2515,2216,2295,2293,2291
2516,2219,2304,2296,2294
2517,2222,2307,2305,2297
2518,2225,2310,2308,2306
2519,2228,2313,2311,2309
2520,2231,2316,2314,2312
2521,2234,2319,2317,2315
2522,2237,2322,2320,2318
2523,2240,2325,2323,2321
2524,2243,2328,2326,2324
2525,2246,2331,2329,2327
2526,2249,2334,2332,2330
2527,2252,2337,2335,2333
2528,2255,2340,2338,2336
2529,2258,2343,2341,2339
2530,2261,2346,2344,2342
2531,2264,2349,2347,2345
2532,2267,2352,2350,2348
2533,2270,2355,2353,2351
2534,2273,2358,2356,2354
2535,2276,2361,2359,2357
2536,2279,2364,2362,2360
2537,2282,2367,2365,2363
2538,2285,2370,2368,2366
2539,2288,2373,2371,2369
2540,2291,2376,2374,2372
2541,2294,2379,2377,2375
2542,2297,2382,2380,2378
2543,2300,2385,2383,2381
2544,2303,2388,2386,2384
2545,2312,2391,2389,2387
2546,2315,2400,2392,2390
2547,2318,2403,2401,2393
2548,2321,2406,2404,2402
2549,2324,2409,2407,2405
2550,2327,2412,2410,2408
2551,2330,2415,2413,2411
2552,2333,2418,2416,2414
2553,2336,2421,2419,2417
2554,2339,2424,2422,2420
2555,2342,2427,2425,2423
2556,2345,2430,2428,2426
2557,2348,2433,2431,2429
2558,2351,2436,2434,2432
2559,2354,2439,2437,2435
2560,2357,2442,2440,2438
2561,2360,2445,2443,2441
2562,2363,2448,2446,2444
2563,2366,2451,2449,2447
2564,2369,2454,2452,2450
2565,2372,2457,2455,2453
2566,2375,2460,2458,2456
2567,2378,2463,2461,2459
2568,2381,2466,2464,2462
2569,2384,2469,2467,2465
2570,2387,2472,2470,2468
2571,2390,2475,2473,2471
2572,2393,2478,2476,2474
2573,2396,2481,2479,2477
2574,2399,2484,2482,2480
2575,2408,2487,2485,2483
2576,2411,2496,2488,2486
2577,2414,2499,2497,2489
2578,2417,2502,2500,2498
2579,2420,2505,2503,2501
2580,2423,2508,2506,2504
2581,2426,2511,2509,2507
2582,2429,2514,2512,2510
2583,2432,2517,2515,2513
2584,2435,2520,2518,2516
2585,2438,2523,2521,2519
2586,2441,2526,2524,2522
2587,2444,2529,2527,2525
2588,2447,2532,2530,2528
2589,2450,2535,2533,2531
2590,2453,2538,2536,2534
2591,2456,2541,2539,2537
2592,2459,2544,2542,2540
2593,2462,2547,2545,2543
2594,2465,2550,2548,2546
2595,2468,2553,2551,2549
2596,2471,2556,2554,2552
2597,2474,2559,2557,2555
2598,2477,2562,2560,2558
2599,2480,2565,2563,2561
2600,2483,2568,2566,2564
2601,2486,2571,2569,2567
2602,2489,2574,2572,2570
2603,2492,2577,2575,2573
2604,2495,2580,2578,2576
2605,2504,2583,2581,2579
2606,2507,2592,2584,2582
2607,2510,2595,2593,2585
2608,2513,2598,2596,2594
2609,2516,2601,2599,2597
2610,2519,2604,2602,2600
2611,2522,2607,2605,2603
2612,2525,2610,2608,2606
2613,2528,2613,2611,2609
2614,2531,2616,2614,2612
2615,2534,2619,2617,2615
2616,2537,2622,2620,2618
2617,2540,2625,2623,2621
2618,2543,2628,2626,2624
2619,2546,2631,2629,2627
2620,2549,2634,2632,2630
2621,2552,2637,2635,2633
2622,2555,2640,2638,2636
2623,2558,2643,2641,2639
2624,2561,2646,2644,2642
2625,2564,2649,2647,2645
2626,2567,2652,2650,2648
2627,2570,2655,2653,2651
2628,2573,2658,2656,2654
2629,2576,2661,2659,2657
2630,2579,2664,2662,2660
2631,2582,2667,2665,2663
2632,2585,2670,2668,2666
2633,2588,2673,2671,2669
2634,2591,2676,2674,2672
2635,2600,2679,2677,2675
2636,2603,2688,2680,2678
2637,2606,2691,2689,2681
2638,2609,2694,2692,2690
2639,2612,2697,2695,2693
2640,2615,2700,2698,2696
2641,2618,2703,2701,2699
2642,2621,2706,2704,2702
2643,2624,2709,2707,2705
2644,2627,2712,2710,2708
2645,2630,2715,2713,2711
2646,2633,2718,2716,2714
2647,2636,2721,2719,2717
2648,2639,2724,2722,2720
2649,2642,2727,2725,2723
2650,2645,2730,2728,2726
2651,2648,2733,2731,2729
2652,2651,2736,2734,2732
2653,2654,2739,2737,2735
2654,2657,2742,2740,2738
2655,2660,2745,2743,2741
2656,2663,2748,2746,2744
2657,2666,2751,2749,2747
2658,2669,2754,2752,2750
2659,2672,2757,2755,2753
2660,2675,2760,2758,2756
2661,2678,2763,2761,2759
2662,2681,2766,2764,2762
2663,2684,2769,2767,2765
2664,2687,2772,2770,2768
2665,2696,2775,2773,2771
2666,2699,2784,2776,2774
2667,2702,2787,2785,2777
2668,2705,2790,2788,2786
2669,2708,2793,2791,2789
2670,2711,2796,2794,2792
2671,2714,2799,2797,2795
2672,2717,2802,2800,2798
2673,2720,2805,2803,2801
2674,2723,2808,2806,2804
2675,2726,2811,2809,2807
2676,2729,2814,2812,2810
2677,2732,2817,2815,2813
2678,2735,2820,2818,2816
2679,2738,2823,2821,2819
2680,2741,2826,2824,2822
2681,2744,2829,2827,2825
2682,2747,2832,2830,2828
2683,2750,2835,2833,2831
2684,2753,2838,2836,2834
2685,2756,2841,2839,2837
2686,2759,2844,2842,2840
2687,2762,2847,2845,2843
2688,2765,2850,2848,2846
2689,2768,2853,2851,2849
2690,2771,2856,2854,2852
2691,2774,2859,2857,2855
2692,2777,2862,2860,2858
2693,2780,2865,2863,2861
2694,2783,2868,2866,2864
2695,2792,2871,2869,2867
2696,2795,2880,2872,2870
2697,2798,2883,2881,2873
2698,2801,2886,2884,2882
2699,2804,2889,2887,2885
2700,2807,2892,2890,2888
2701,2810,2895,2893,2891
2702,2813,2898,2896,2894
2703,2816,2901,2899,2897
2704,2819,2904,2902,2900
2705,2822,2907,2905,2903
2706,2825,2910,2908,2906
2707,2828,2913,2911,2909
2708,2831,2916,2914,2912
2709,2834,2919,2917,2915
2710,2837,2922,2920,2918
2711,2840,2925,2923,2921
2712,2843,2928,2926,2924
2713,2846,2931,2929,2927
2714,2849,2934,2932,2930
2715,2852,2937,2935,2933
2716,2855,2940,2938,2936
2717,2858,2943,2941,2939
2718,2861,2946,2944,2942
2719,2864,2949,2947,2945
2720,2867,2952,2950,2948
2721,2870,2955,2953,2951
2722,2873,2958,2956,2954
2723,2876,2961,2959,2957
2724,2879,2964,2962,2960
2725,-1,2967,2965,2963
2726,-1,-1,2968,2966
2727,-1,-1,-1,2969
2728,-1,-1,-1,-1
2729,-1,-1,-1,-1
2730,-1,-1,-1,-1
2731,-1,-1,-1,-1
2732,-1,-1,-1,-1
2733,-1,-1,-1,-1
2734,-1,-1,-1,-1
2735,99,-1,-1,-1
2736,102,100,-1,-1
2737,105,103,101,-1
2738,108,106,104,102
2739,111,109,107,105
2740,114,112,110,108
2741,117,115,113,111
2742,120,118,116,114
2743,123,121,119,117
2744,126,124,122,120
2745,129,127,125,123
2746,132,130,128,126
2747,135,133,131,129
2748,138,136,134,132
2749,141,139,137,135
2750,144,142,140,138
2751,147,145,143,141
2752,150,148,146,144
2753,153,151,149,147
2754,156,154,152,150
2755,159,157,155,153
2756,162,160,158,156
2757,165,163,161,159
2758,168,166,164,162
2759,171,169,167,165
2760,174,172,170,168
2761,177,175,173,171
2762,180,178,176,174
2763,183,181,179,177
2764,186,184,182,180
2765,195,187,185,183
2766,198,196,188,186
2767,201,199,197,189
2768,204,202,200,198
2769,207,205,203,201
2770,210,208,206,204
2771,213,211,209,207
2772,216,214,212,210
2773,219,217,215,213
2774,222,220,218,216
2775,225,223,221,219
2776,228,226,224,222
2777,231,229,227,225
2778,234,232,230,228
2779,237,235,233,231
2780,240,238,236,234
2781,243,241,239,237
2782,246,244,242,240
2783,249,247,245,243
2784,252,250,248,246
2785,255,253,251,249
2786,258,256,254,252
2787,261,259,257,255
2788,264,262,260,258
2789,267,265,263,261
2790,270,268,266,264
2791,273,271,269,267
2792,276,274,272,270
2793,279,277,275,273
2794,282,280,278,276
2795,291,283,281,279
2796,294,292,284,282
2797,297,295,293,285
2798,300,298,296,294
2799,303,301,299,297
2800,306,304,302,300
2801,309,307,305,303
2802,312,310,308,306
2803,315,313,311,309
2804,318,316,314,312
2805,321,319,317,315
2806,324,322,320,318
2807,327,325,323,321
2808,330,328,326,324
2809,333,331,329,327
2810,336,334,332,330
2811,339,337,335,333
2812,342,340,338,336
2813,345,343,341,339
2814,348,346,344,342
2815,351,349,347,345
2816,354,352,350,348
2817,357,355,353,351
2818,360,358,356,354
2819,363,361,359,357
2820,366,364,362,360
2821,369,367,365,363
2822,372,370,368,366
2823,375,373,371,369
2824,378,376,374,372
2825,387,379,377,375
2826,390,388,380,378
2827,393,391,389,381
2828,396,394,392,390
2829,399,397,395,393
2830,402,400,398,396
2831,405,403,401,399
2832,408,406,404,402
2833,411,409,407,405
2834,414,412,410,408
2835,417,415,413,411
2836,420,418,416,414
2837,423,421,419,417
2838,426,424,422,420
2839,429,427,425,423
2840,432,430,428,426
2841,435,433,431,429
2842,438,436,434,432
2843,441,439,437,435
2844,444,442,440,438
2845,447,445,443,441
2846,450,448,446,444
2847,453,451,449,447
2848,456,454,452,450
2849,459,457,455,453
2850,462,460,458,456
2851,465,463,461,459
2852,468,466,464,462
2853,471,469,467,465
2854,474,472,470,468
2855,483,475,473,471
2856,486,484,476,474
2857,489,487,485,477
2858,492,490,488,486
2859,495,493,491,489
2860,498,496,494,492
2861,501,499,497,495
2862,504,502,500,498
2863,507,505,503,501
2864,510,508,506,504
2865,513,511,509,507
2866,516,514,512,510
2867,519,517,515,513
2868,522,520,518,516
2869,525,523,521,519
2870,528,526,524,522
2871,531,529,527,525
2872,534,532,530,528
2873,537,535,533,531
2874,540,538,536,534
2875,543,541,539,537
2876,546,544,542,540
2877,549,547,545,543
2878,552,550,548,546
2879,555,553,551,549
2880,558,556,554,552
2881,561,559,557,555
2882,564,562,560,558
2883,567,565,563,561
2884,570,568,566,564
2885,579,571,569,567
2886,582,580,572,570
2887,585,583,581,573
2888,588,586,584,582
2889,591,589,587,585
2890,594,592,590,588
2891,597,595,593,591
2892,600,598,596,594
2893,603,601,599,597
2894,606,604,602,600
2895,609,607,605,603
2896,612,610,608,606
2897,615,613,611,609
2898,618,616,614,612
2899,621,619,617,615
2900,624,622,620,618
2901,627,625,623,621
2902,630,628,626,624
2903,633,631,629,627
2904,636,634,632,630
2905,639,637,635,633
2906,642,640,638,636
2907,645,643,641,639
2908,648,646,644,642
2909,651,649,647,645
2910,654,652,650,648
2911,657,655,653,651
2912,660,658,656,654
2913,663,661,659,657
2914,666,664,662,660
2915,675,667,665,663
2916,678,676,668,666
2917,681,679,677,669
2918,684,682,680,678
2919,687,685,683,681
2920,690,688,686,684
2921,693,691,689,687
2922,696,694,692,690
2923,699,697,695,693
2924,702,700,698,696
2925,705,703,701,699
2926,708,706,704,702
2927,711,709,707,705
2928,714,712,710,708
2929,717,715,713,711
2930,720,718,716,714
2931,723,721,719,717
2932,726,724,722,720
2933,729,727,725,723
2934,732,730,728,726
2935,735,733,731,729
2936,738,736,734,732
2937,741,739,737,735
2938,744,742,740,738
2939,747,745,743,741
2940,750,748,746,744
2941,753,751,749,747
2942,756,754,752,750
2943,759,757,755,753
2944,762,760,758,756
2945,771,763,761,759
2946,774,772,764,762
2947,777,775,773,765
2948,780,778,776,774
2949,783,781,779,777
2950,786,784,782,780
2951,789,787,785,783
2952,792,790,788,786
2953,795,793,791,789
2954,798,796,794,792
2955,801,799,797,795
2956,804,802,800,798
2957,807,805,803,801
2958,810,808,806,804
2959,813,811,809,807
2960,816,814,812,810
2961,819,817,815,813
2962,822,820,818,816
2963,825,823,821,819
2964,828,826,824,822
2965,831,829,827,825
2966,834,832,830,828
2967,837,835,833,831
2968,840,838,836,834
2969,843,841,839,837
2970,846,844,842,840
2971,849,847,845,843
2972,852,850,848,846
2973,855,853,851,849
2974,858,856,854,852
2975,867,859,857,855
2976,870,868,860,858
2977,873,871,869,861
2978,876,874,872,870
2979,879,877,875,873
2980,882,880,878,876
2981,885,883,881,879
2982,888,886,884,882
2983,891,889,887,885
2984,894,892,890,888
2985,897,895,893,891
2986,900,898,896,894
2987,903,901,899,897
2988,906,904,902,900
2989,909,907,905,903
2990,912,910,908,906
2991,915,913,911,909
2992,918,916,914,912
2993,921,919,917,915
2994,924,922,920,918
2995,927,925,923,921
2996,930,928,926,924
2997,933,931,929,927
2998,936,934,932,930
2999,939,937,935,933
3000,942,940,938,936
3001,945,943,941,939
3002,948,946,944,942
3003,951,949,947,945
3004,954,952,950,948
3005,963,955,953,951
3006,966,964,956,954
3007,969,967,965,957
3008,972,970,968,966
3009,975,973,971,969
3010,978,976,974,972
3011,981,979,977,975
3012,984,982,980,978
3013,987,985,983,981
3014,990,988,986,984
3015,993,991,989,987
3016,996,994,992,990
3017,999,997,995,993
3018,1002,1000,998,996
3019,1005,1003,1001,999
3020,1008,1006,1004,1002
3021,1011,1009,1007,1005
3022,1014,1012,1010,1008
3023,1017,1015,1013,1011
3024,1020,1018,1016,1014
3025,1023,1021,1019,1017
3026,1026,1024,1022,1020
3027,1029,1027,1025,1023
3028,1032,1030,1028,1026
3029,1035,1033,1031,1029
3030,1038,1036,1034,1032
3031,1041,1039,1037,1035
3032,1044,1042,1040,1038
3033,1047,1045,1043,1041
3034,1050,1048,1046,1044
3035,1059,1051,1049,1047
3036,1062,1060,1052,1050
3037,1065,1063,1061,1053
3038,1068,1066,1064,1062
3039,1071,1069,1067,1065
3040,1074,1072,1070,1068
3041,1077,1075,1073,1071
3042,1080,1078,1076,1074
3043,1083,1081,1079,1077
3044,1086,1084,1082,1080
3045,1089,1087,1085,1083
3046,1092,1090,1088,1086
3047,1095,1093,1091,1089
3048,1098,1096,1094,1092
3049,1101,1099,1097,1095
3050,1104,1102,1100,1098
3051,1107,1105,1103,1101
3052,1110,1108,1106,1104
3053,1113,1111,1109,1107
3054,1116,1114,1112,1110
3055,1119,1117,1115,1113
3056,1122,1120,1118,1116
3057,1125,1123,1121,1119
3058,1128,1126,1124,1122
3059,1131,1129,1127,1125
3060,1134,1132,1130,1128
3061,1137,1135,1133,1131
3062,1140,1138,1136,1134
3063,1143,1141,1139,1137
3064,1146,1144,1142,1140
3065,1155,1147,1145,1143
3066,1158,1156,1148,1146
3067,1161,1159,1157,1149
3068,1164,1162,1160,1158
3069,1167,1165,1163,1161
3070,1170,1168,1166,1164
3071,1173,1171,1169,1167
3072,1176,1174,1172,1170
3073,1179,1177,1175,1173
3074,1182,1180,1178,1176
3075,1185,1183,1181,1179
3076,1188,1186,1184,1182
3077,1191,1189,1187,1185
3078,1194,1192,1190,1188
3079,1197,1195,1193,1191
3080,1200,1198,1196,1194
3081,1203,1201,1199,1197
3082,1206,1204,1202,1200
3083,1209,1207,1205,1203
3084,1212,1210,1208,1206
3085,1215,1213,1211,1209
3086,1218,1216,1214,1212
3087,1221,1219,1217,1215
3088,1224,1222,1220,1218
3089,1227,1225,1223,1221
3090,1230,1228,1226,1224
3091,1233,1231,1229,1227
3092,1236,1234,1232,1230
3093,1239,1237,1235,1233
3094,1242,1240,1238,1236
3095,1251,1243,1241,1239
3096,1254,1252,1244,1242
3097,1257,1255,1253,1245
3098,1260,1258,1256,1254
3099,1263,1261,1259,1257
3100,1266,1264,1262,1260
3101,1269,1267,1265,1263
3102,1272,1270,1268,1266
3103,1275,1273,1271,1269
3104,1278,1276,1274,1272
3105,1281,1279,1277,1275
3106,1284,1282,1280,1278
3107,1287,1285,1283,1281
3108,1290,1288,1286,1284
3109,1293,1291,1289,1287
3110,1296,1294,1292,1290
3111,1299,1297,1295,1293
3112,1302,1300,1298,1296
3113,1305,1303,1301,1299
3114,1308,1306,1304,1302
3115,1311,1309,1307,1305
3116,1314,1312,1310,1308
3117,1317,1315,1313,1311
3118,1320,1318,1316,1314
3119,1323,1321,1319,1317
3120,1326,1324,1322,1320
3121,1329,1327,1325,1323
3122,1332,1330,1328,1326
3123,1335,1333,1331,1329
3124,1338,1336,1334,1332
3125,1347,1339,1337,1335
3126,1350,1348,1340,1338
3127,1353,1351,1349,1341
3128,1356,1354,1352,1350
3129,1359,1357,1355,1353
3130,1362,1360,1358,1356
3131,1365,1363,1361,1359
3132,1368,1366,1364,1362
3133,1371,1369,1367,1365
3134,1374,1372,1370,1368
3135,1377,1375,1373,1371
3136,1380,1378,1376,1374
3137,1383,1381,1379,1377
3138,1386,1384,1382,1380
3139,1389,1387,1385,1383
3140,1392,1390,1388,1386
3141,1395,1393,1391,1389
3142,1398,1396,1394,1392
3143,1401,1399,1397,1395
3144,1404,1402,1400,1398
3145,1407,1405,1403,1401
3146,1410,1408,1406,1404
3147,1413,1411,1409,1407
3148,1416,1414,1412,1410
3149,1419,1417,1415,1413
3150,1422,1420,1418,1416
3151,1425,1423,1421,1419
3152,1428,1426,1424,1422
3153,1431,1429,1427,1425
3154,1434,1432,1430,1428
3155,1443,1435,1433,1431
3156,1446,1444,1436,1434
3157,1449,1447,1445,1437
3158,1452,1450,1448,1446
3159,1455,1453,1451,1449
3160,1458,1456,1454,1452
3161,1461,1459,1457,1455
3162,1464,1462,1460,1458
3163,1467,1465,1463,1461
3164,1470,1468,1466,1464
3165,1473,1471,1469,1467
3166,1476,1474,1472,1470
3167,1479,1477,1475,1473
3168,1482,1480,1478,1476
3169,1485,1483,1481,1479
3170,1488,1486,1484,1482
3171,1491,1489,1487,1485
3172,1494,1492,1490,1488
3173,1497,1495,1493,1491
3174,1500,1498,1496,1494
3175,1503,1501,1499,1497
3176,1506,1504,1502,1500
3177,1509,1507,1505,1503
3178,1512,1510,1508,1506
3179,1515,1513,1511,1509
3180,1518,1516,1514,1512
3181,1521,1519,1517,1515
3182,1524,1522,1520,1518
3183,1527,1525,1523,1521
3184,1530,1528,1526,1524
3185,1539,1531,1529,1527
3186,1542,1540,1532,1530
3187,1545,1543,1541,1533
3188,1548,1546,1544,1542
3189,1551,1549,1547,1545
3190,1554,1552,1550,1548
3191,1557,1555,1553,1551
3192,1560,1558,1556,1554
3193,1563,1561,1559,1557
3194,1566,1564,1562,1560
3195,1569,1567,1565,1563
3196,1572,1570,1568,1566
3197,1575,1573,1571,1569
3198,1578,1576,1574,1572
3199,1581,1579,1577,1575
3200,1584,1582,1580,1578
3201,1587,1585,1583,1581
3202,1590,1588,1586,1584
3203,1593,1591,1589,1587
3204,1596,1594,1592,1590
3205,1599,1597,1595,1593
3206,1602,1600,1598,1596
3207,1605,1603,1601,1599
3208,1608,1606,1604,1602
3209,1611,1609,1607,1605
3210,1614,1612,1610,1608
3211,1617,1615,1613,1611
3212,1620,1618,1616,1614
3213,1623,1621,1619,1617
3214,1626,1624,1622,1620
3215,1635,1627,1625,1623
3216,1638,1636,1628,1626
3217,1641,1639,1637,1629
3218,1644,1642,1640,1638
3219,1647,1645,1643,1641
3220,1650,1648,1646,1644
3221,1653,1651,1649,1647
3222,1656,1654,1652,1650
3223,1659,1657,1655,1653
3224,1662,1660,1658,1656
3225,1665,1663,1661,1659
3226,1668,1666,1664,1662
3227,1671,1669,1667,1665
3228,1674,1672,1670,1668
3229,1677,1675,1673,1671
3230,1680,1678,1676,1674
3231,1683,1681,1679,1677
3232,1686,1684,1682,1680
3233,1689,1687,1685,1683
3234,1692,1690,1688,1686
3235,1695,1693,1691,1689
3236,1698,1696,1694,1692
3237,1701,1699,1697,1695
3238,1704,1702,1700,1698
3239,1707,1705,1703,1701
3240,1710,1708,1706,1704
3241,1713,1711,1709,1707
3242,1716,1714,1712,1710
3243,1719,1717,1715,1713
3244,1722,1720,1718,1716
3245,1731,1723,1721,1719
3246,1734,1732,1724,1722
3247,1737,1735,1733,1725
3248,1740,1738,1736,1734
3249,1743,1741,1739,1737
3250,1746,1744,1742,1740
3251,1749,1747,1745,1743
3252,1752,1750,1748,1746
3253,1755,1753,1751,1749
3254,1758,1756,1754,1752
3255,1761,1759,1757,1755
3256,1764,1762,1760,1758
3257,1767,1765,1763,1761
3258,1770,1768,1766,1764
3259,1773,1771,1769,1767
3260,1776,1774,1772,1770
3261,1779,1777,1775,1773
3262,1782,1780,1778,1776
3263,1785,1783,1781,1779
3264,1788,1786,1784,1782
3265,1791,1789,1787,1785
3266,1794,1792,1790,1788
3267,1797,1795,1793,1791
3268,1800,1798,1796,1794
3269,1803,1801,1799,1797
3270,1806,1804,1802,1800
3271,1809,1807,1805,1803
3272,1812,1810,1808,1806
3273,1815,1813,1811,1809
3274,1818,1816,1814,1812
3275,1827,1819,1817,1815
3276,1830,1828,1820,1818
3277,1833,1831,1829,1821
3278,1836,1834,1832,1830
3279,1839,1837,1835,1833
3280,1842,1840,1838,1836
3281,1845,1843,1841,1839
3282,1848,1846,1844,1842
3283,1851,1849,1847,1845
3284,1854,1852,1850,1848
3285,1857,1855,1853,1851
3286,1860,1858,1856,1854
3287,1863,1861,1859,1857
3288,1866,1864,1862,1860
3289,1869,1867,1865,1863
3290,1872,1870,1868,1866
3291,1875,1873,1871,1869
3292,1878,1876,1874,1872
3293,1881,1879,1877,1875
3294,1884,1882,1880,1878
3295,1887,1885,1883,1881
3296,1890,1888,1886,1884
3297,1893,1891,1889,1887
3298,1896,1894,1892,1890
3299,1899,1897,1895,1893
3300,1902,1900,1898,1896
3301,1905,1903,1901,1899
3302,1908,1906,1904,1902
3303,1911,1909,1907,1905
3304,1914,1912,1910,1908
3305,1923,1915,1913,1911
3306,1926,1924,1916,1914
3307,1929,1927,1925,1917
3308,1932,1930,1928,1926
3309,1935,1933,1931,1929
3310,1938,1936,1934,1932
3311,1941,1939,1937,1935
3312,1944,1942,1940,1938
3313,1947,1945,1943,1941
3314,1950,1948,1946,1944
3315,1953,1951,1949,1947
3316,1956,1954,1952,1950
3317,1959,1957,1955,1953
3318,1962,1960,1958,1956
3319,1965,1963,1961,1959
3320,1968,1966,1964,1962
3321,1971,1969,1967,1965
3322,1974,1972,1970,1968
3323,1977,1975,1973,1971
3324,1980,1978,1976,1974
3325,1983,1981,1979,1977
3326,1986,1984,1982,1980
3327,1989,1987,1985,1983
3328,1992,1990,1988,1986
3329,1995,1993,1991,1989
3330,1998,1996,1994,1992
3331,2001,1999,1997,1995
3332,2004,2002,2000,1998
3333,2007,2005,2003,2001
3334,2010,2008,2006,2004
3335,2019,2011,2009,2007
3336,2022,2020,2012,2010
3337,2025,2023,2021,2013
3338,2028,2026,2024,2022
3339,2031,2029,2027,2025
3340,2034,2032,2030,2028
3341,2037,2035,2033,2031
3342,2040,2038,2036,2034
3343,2043,2041,2039,2037
3344,2046,2044,2042,2040
3345,2049,2047,2045,2043
3346,2052,2050,2048,2046
3347,2055,2053,2051,2049
3348,2058,2056,2054,2052
3349,2061,2059,2057,2055
3350,2064,2062,2060,2058
3351,2067,2065,2063,2061
3352,2070,2068,2066,2064
3353,2073,2071,2069,2067
3354,2076,2074,2072,2070
3355,2079,2077,2075,2073
3356,2082,2080,2078,2076
3357,2085,2083,2081,2079
3358,2088,2086,2084,2082
3359,2091,2089,2087,2085
3360,2094,2092,2090,2088
3361,2097,2095,2093,2091
3362,2100,2098,2096,2094
3363,2103,2101,2099,2097
3364,2106,2104,2102,2100
3365,2115,2107,2105,2103
3366,2118,2116,2108,2106
3367,2121,2119,2117,2109
3368,2124,2122,2120,2118
3369,2127,2125,2123,2121
3370,2130,2128,2126,2124
3371,2133,2131,2129,2127
3372,2136,2134,2132,2130
3373,2139,2137,2135,2133
3374,2142,2140,2138,2136
3375,2145,2143,2141,2139
3376,2148,2146,2144,2142
3377,2151,2149,2147,2145
3378,2154,2152,2150,2148
3379,2157,2155,2153,2151
3380,2160,2158,2156,2154
3381,2163,2161,2159,2157
3382,2166,2164,2162,2160
3383,2169,2167,2165,2163
3384,2172,2170,2168,2166
3385,2175,2173,2171,2169
3386,2178,2176,2174,2172
3387,2181,2179,2177,2175
3388,2184,2182,2180,2178
3389,2187,2185,2183,2181
3390,2190,2188,2186,2184
3391,2193,2191,2189,2187
3392,2196,2194,2192,2190
3393,2199,2197,2195,2193
3394,2202,2200,2198,2196
3395,2211,2203,2201,2199
3396,2214,2212,2204,2202
3397,2217,2215,2213,2205
3398,2220,2218,2216,2214
3399,2223,2221,2219,2217
3400,2226,2224,2222,2220
3401,2229,2227,2225,2223
3402,2232,2230,2228,2226
3403,2235,2233,2231,2229
3404,2238,2236,2234,2232
3405,2241,2239,2237,2235
3406,2244,2242,2240,2238
3407,2247,2245,2243,2241
3408,2250,2248,2246,2244
3409,2253,2251,2249,2247
3410,2256,2254,2252,2250
3411,2259,2257,2255,2253
3412,2262,2260,2258,2256
3413,2265,2263,2261,2259
3414,2268,2266,2264,2262
3415,2271,2269,2267,2265
3416,2274,2272,2270,2268
3417,2277,2275,2273,2271
3418,2280,2278,2276,2274
3419,2283,2281,2279,2277
3420,2286,2284,2282,2280
3421,2289,2287,2285,2283
3422,2292,2290,2288,2286
3423,2295,2293,2291,2289
3424,2298,2296,2294,2292
3425,2307,2299,2297,2295
3426,2310,2308,2300,2298
3427,2313,2311,2309,2301
3428,2316,2314,2312,2310
3429,2319,2317,2315,2313
3430,2322,2320,2318,2316
3431,2325,2323,2321,2319
3432,2328,2326,2324,2322
3433,2331,2329,2327,2325
3434,2334,2332,2330,2328
3435,2337,2335,2333,2331
3436,2340,2338,2336,2334
3437,2343,2341,2339,2337
3438,2346,2344,2342,2340
3439,2349,2347,2345,2343
3440,2352,2350,2348,2346
3441,2355,2353,2351,2349
3442,2358,2356,2354,2352
3443,2361,2359,2357,2355
3444,2364,2362,2360,2358
3445,2367,2365,2363,2361
3446,2370,2368,2366,2364
3447,2373,2371,2369,2367
3448,2376,2374,2372,2370
3449,2379,2377,2375,2373
3450,2382,2380,2378,2376
3451,2385,2383,2381,2379
3452,2388,2386,2384,2382
3453,2391,2389,2387,2385
3454,2394,2392,2390,2388
3455,2403,2395,2393,2391
3456,2406,2404,2396,2394
3457,2409,2407,2405,2397
3458,2412,2410,2408,2406
3459,2415,2413,2411,2409
3460,2418,2416,2414,2412
3461,2421,2419,2417,2415
3462,2424,2422,2420,2418
3463,2427,2425,2423,2421
3464,2430,2428,2426,2424
3465,2433,2431,2429,2427
3466,2436,2434,2432,2430
3467,2439,2437,2435,2433
3468,2442,2440,2438,2436
3469,2445,2443,2441,2439
3470,2448,2446,2444,2442
3471,2451,2449,2447,2445
3472,2454,2452,2450,2448
3473,2457,2455,2453,2451
3474,2460,2458,2456,2454
3475,2463,2461,2459,2457
3476,2466,2464,2462,2460
3477,2469,2467,2465,2463
3478,2472,2470,2468,2466
3479,2475,2473,2471,2469
3480,2478,2476,2474,2472
3481,2481,2479,2477,2475
3482,2484,2482,2480,2478
3483,2487,2485,2483,2481
3484,2490,2488,2486,2484
3485,2499,2491,2489,2487
3486,2502,2500,2492,2490
3487,2505,2503,2501,2493
3488,2508,2506,2504,2502
3489,2511,2509,2507,2505
3490,2514,2512,2510,2508
3491,2517,2515,2513,2511
3492,2520,2518,2516,2514
3493,2523,2521,2519,2517
3494,2526,2524,2522,2520
3495,2529,2527,2525,2523
3496,2532,2530,2528,2526
3497,2535,2533,2531,2529
3498,2538,2536,2534,2532
3499,2541,2539,2537,2535
3500,2544,2542,2540,2538
3501,2547,2545,2543,2541
3502,2550,2548,2546,2544
3503,2553,2551,2549,2547
3504,2556,2554,2552,2550
3505,2559,2557,2555,2553
3506,2562,2560,2558,2556
3507,2565,2563,2561,2559
3508,2568,2566,2564,2562
3509,2571,2569,2567,2565
3510,2574,2572,2570,2568
3511,2577,2575,2573,2571
3512,2580,2578,2576,2574
3513,2583,2581,2579,2577
3514,2586,2584,2582,2580
3515,2595,2587,2585,2583
3516,2598,2596,2588,2586
3517,2601,2599,2597,2589
3518,2604,2602,2600,2598
3519,2607,2605,2603,2601
3520,2610,2608,2606,2604
3521,2613,2611,2609,2607
3522,2616,2614,2612,2610
3523,2619,2617,2615,2613
3524,2622,2620,2618,2616
3525,2625,2623,2621,2619
3526,2628,2626,2624,2622
3527,2631,2629,2627,2625
3528,2634,2632,2630,2628
3529,2637,2635,2633,2631
3530,2640,2638,2636,2634
3531,2643,2641,2639,2637
3532,2646,2644,2642,2640
3533,2649,2647,2645,2643
3534,2652,2650,2648,2646
3535,2655,2653,2651,2649
3536,2658,2656,2654,2652
3537,2661,2659,2657,2655
3538,2664,2662,2660,2658
3539,2667,2665,2663,2661
3540,2670,2668,2666,2664
3541,2673,2671,2669,2667
3542,2676,2674,2672,2670
3543,2679,2677,2675,2673
3544,2682,2680,2678,2676
3545,2691,2683,2681,2679
3546,2694,2692,2684,2682
3547,2697,2695,2693,2685
3548,2700,2698,2696,2694
3549,2703,2701,2699,2697
3550,2706,2704,2702,2700
3551,2709,2707,2705,2703
3552,2712,2710,2708,2706
3553,2715,2713,2711,2709
3554,2718,2716,2714,2712
3555,2721,2719,2717,2715
3556,2724,2722,2720,2718
3557,2727,2725,2723,2721
3558,2730,2728,2726,2724
3559,2733,2731,2729,2727
3560,2736,2734,2732,2730
3561,2739,2737,2735,2733
3562,2742,2740,2738,2736
3563,2745,2743,2741,2739
3564,2748,2746,2744,2742
3565,2751,2749,2747,2745
3566,2754,2752,2750,2748
3567,2757,2755,2753,2751
3568,2760,2758,2756,2754
3569,2763,2761,2759,2757
3570,2766,2764,2762,2760
3571,2769,2767,2765,2763
3572,2772,2770,2768,2766
3573,2775,2773,2771,2769
3574,2778,2776,2774,2772
3575,2787,2779,2777,2775
3576,2790,2788,2780,2778
3577,2793,2791,2789,2781
3578,2796,2794,2792,2790
3579,2799,2797,2795,2793
3580,2802,2800,2798,2796
3581,2805,2803,2801,2799
3582,2808,2806,2804,2802
3583,2811,2809,2807,2805
3584,2814,2812,2810,2808
3585,2817,2815,2813,2811
3586,2820,2818,2816,2814
3587,2823,2821,2819,2817
3588,2826,2824,2822,2820
3589,2829,2827,2825,2823
3590,2832,2830,2828,2826
3591,2835,2833,2831,2829
3592,2838,2836,2834,2832
3593,2841,2839,2837,2835
3594,2844,2842,2840,2838
3595,2847,2845,2843,2841
3596,2850,2848,2846,2844
3597,2853,2851,2849,2847
3598,2856,2854,2852,2850
3599,2859,2857,2855,2853
3600,2862,2860,2858,2856
3601,2865,2863,2861,2859
3602,2868,2866,2864,2862
3603,2871,2869,2867,2865
3604,2874,2872,2870,2868
3605,2883,2875,2873,2871
3606,2886,2884,2876,2874
3607,2889,2887,2885,2877
3608,2892,2890,2888,2886
3609,2895,2893,2891,2889
3610,2898,2896,2894,2892
3611,2901,2899,2897,2895
3612,2904,2902,2900,2898
3613,2907,2905,2903,2901
3614,2910,2908,2906,2904
3615,2913,2911,2909,2907
3616,2916,2914,2912,2910
3617,2919,2917,2915,2913
3618,2922,2920,2918,2916
3619,2925,2923,2921,2919
3620,2928,2926,2924,2922
3621,2931,2929,2927,2925
3622,2934,2932,2930,2928
3623,2937,2935,2933,2931
3624,2940,2938,2936,2934
3625,2943,2941,2939,2937
3626,2946,2944,2942,2940
3627,2949,2947,2945,2943
3628,2952,2950,2948,2946
3629,2955,2953,2951,2949
3630,2958,2956,2954,2952
3631,2961,2959,2957,2955
3632,2964,2962,2960,2958
3633,2967,2965,2963,2961
3634,2970,2968,2966,2964
3635,-1,2971,2969,2967
3636,-1,-1,2972,2970
3637,-1,-1,-1,2973
3638,-1,-1,-1,-1
3639,-1,-1,-1,-1
3640,-1,-1,-1,-1
3641,-1,-1,-1,-1
3642,-1,-1,-1,-1
3643,-1,-1,-1,-1
3644,-1,-1,-1,-1
3645,103,-1,-1,-1
3646,106,104,-1,-1
3647,109,107,192,-1
3648,112,110,195,193
3649,115,113,198,196
3650,118,116,201,199
3651,121,119,204,202
3652,124,122,207,205
3653,127,125,210,208
3654,130,128,213,211
3655,133,131,216,214
3656,136,134,219,217
3657,139,137,222,220
3658,142,140,225,223
3659,145,143,228,226
3660,148,146,231,229
3661,151,149,234,232
3662,154,152,237,235
3663,157,155,240,238
3664,160,158,243,241
3665,163,161,246,244
3666,166,164,249,247
3667,169,167,252,250
3668,172,170,255,253
3669,175,173,258,256
3670,178,176,261,259
3671,181,179,264,262
3672,184,182,267,265
3673,187,185,270,268
3674,190,188,273,271
3675,199,191,276,274
3676,202,200,279,277
3677,205,203,288,280
3678,208,206,291,289
3679,211,209,294,292
3680,214,212,297,295
3681,217,215,300,298
3682,220,218,303,301
3683,223,221,306,304
3684,226,224,309,307
3685,229,227,312,310
3686,232,230,315,313
3687,235,233,318,316
3688,238,236,321,319
3689,241,239,324,322
3690,244,242,327,325
3691,247,245,330,328
3692,250,248,333,331
3693,253,251,336,334
3694,256,254,339,337
3695,259,257,342,340
3696,262,260,345,343
3697,265,263,348,346
3698,268,266,351,349
3699,271,269,354,352
3700,274,272,357,355
3701,277,275,360,358
3702,280,278,363,361
3703,283,281,366,364
3704,286,284,369,367
3705,295,287,372,370
3706,298,296,375,373
3707,301,299,384,376
3708,304,302,387,385
3709,307,305,390,388
3710,310,308,393,391
3711,313,311,396,394
3712,316,314,399,397
3713,319,317,402,400
3714,322,320,405,403
3715,325,323,408,406
3716,328,326,411,409
3717,331,329,414,412
3718,334,332,417,415
3719,337,335,420,418
3720,340,338,423,421
3721,343,341,426,424
3722,346,344,429,427
3723,349,347,432,430
3724,352,350,435,433
3725,355,353,438,436
3726,358,356,441,439
3727,361,359,444,442
3728,364,362,447,445
3729,367,365,450,448
3730,370,368,453,451
3731,373,371,456,454
3732,376,374,459,457
3733,379,377,462,460
3734,382,380,465,463
3735,391,383,468,466
3736,394,392,471,469
3737,397,395,480,472
3738,400,398,483,481
3739,403,401,486,484
3740,406,404,489,487
3741,409,407,492,490
3742,412,410,495,493
3743,415,413,498,496
3744,418,416,501,499
3745,421,419,504,502
3746,424,422,507,505
3747,427,425,510,508
3748,430,428,513,511
3749,433,431,516,514
3750,436,434,519,517
3751,439,437,522,520
3752,442,440,525,523
3753,445,443,528,526
3754,448,446,531,529
3755,451,449,534,532
3756,454,452,537,535
3757,457,455,540,538
3758,460,458,543,541
3759,463,461,546,544
3760,466,464,549,547
3761,469,467,552,550
3762,472,470,555,553
3763,475,473,558,556
3764,478,476,561,559
3765,487,479,564,562
3766,490,488,567,565
3767,493,491,576,568
3768,496,494,579,577
3769,499,497,582,580
3770,502,500,585,583
3771,505,503,588,586
3772,508,506,591,589
3773,511,509,594,592
3774,514,512,597,595
3775,517,515,600,598
3776,520,518,603,601
3777,523,521,606,604
3778,526,524,609,607
3779,529,527,612,610
3780,532,530,615,613
3781,535,533,618,616
3782,538,536,621,619
3783,541,539,624,622
3784,544,542,627,625
3785,547,545,630,628
3786,550,548,633,631
3787,553,551,636,634
3788,556,554,639,637
3789,559,557,642,640
3790,562,560,645,643
3791,565,563,648,646
3792,568,566,651,649
3793,571,569,654,652
3794,574,572,657,655
3795,583,575,660,658
3796,586,584,663,661
3797,589,587,672,664
3798,592,590,675,673
3799,595,593,678,676
3800,598,596,681,679
3801,601,599,684,682
3802,604,602,687,685
3803,607,605,690,688
3804,610,608,693,691
3805,613,611,696,694
3806,616,614,699,697
3807,619,617,702,700
3808,622,620,705,703
3809,625,623,708,706
3810,628,626,711,709
3811,631,629,714,712
3812,634,632,717,715
3813,637,635,720,718
3814,640,638,723,721
3815,643,641,726,724
3816,646,644,729,727
3817,649,647,732,730
3818,652,650,735,733
3819,655,653,738,736
3820,658,656,741,739
3821,661,659,744,742
3822,664,662,747,745
3823,667,665,750,748
3824,670,668,753,751
3825,679,671,756,754
3826,682,680,759,757
3827,685,683,768,760
3828,688,686,771,769
3829,691,689,774,772
3830,694,692,777,775
3831,697,695,780,778
3832,700,698,783,781
3833,703,701,786,784
3834,706,704,789,787
3835,709,707,792,790
3836,712,710,795,793
3837,715,713,798,796
3838,718,716,801,799
3839,721,719,804,802
3840,724,722,807,805
3841,727,725,810,808
3842,730,728,813,811
3843,733,731,816,814
3844,736,734,819,817
3845,739,737,822,820
3846,742,740,825,823
3847,745,743,828,826
3848,748,746,831,829
3849,751,749,834,832
3850,754,752,837,835
3851,757,755,840,838
3852,760,758,843,841
3853,763,761,846,844
3854,766,764,849,847
3855,775,767,852,850
3856,778,776,855,853
3857,781,779,864,856
3858,784,782,867,865
3859,787,785,870,868
3860,790,788,873,871
3861,793,791,876,874
3862,796,794,879,877
3863,799,797,882,880
3864,802,800,885,883
3865,805,803,888,886
3866,808,806,891,889
3867,811,809,894,892
3868,814,812,897,895
3869,817,815,900,898
3870,820,818,903,901
3871,823,821,906,904
3872,826,824,909,907
3873,829,827,912,910
3874,832,830,915,913
3875,835,833,918,916
3876,838,836,921,919
3877,841,839,924,922
3878,844,842,927,925
3879,847,845,930,928
3880,850,848,933,931
3881,853,851,936,934
3882,856,854,939,937
3883,859,857,942,940
3884,862,860,945,943
3885,871,863,948,946
3886,874,872,951,949
3887,877,875,960,952
3888,880,878,963,961
3889,883,881,966,964
3890,886,884,969,967
3891,889,887,972,970
3892,892,890,975,973
3893,895,893,978,976
3894,898,896,981,979
3895,901,899,984,982
3896,904,902,987,985
3897,907,905,990,988
3898,910,908,993,991
3899,913,911,996,994
3900,916,914,999,997
3901,919,917,1002,1000
3902,922,920,1005,1003
3903,925,923,1008,1006
3904,928,926,1011,1009
3905,931,929,1014,1012
3906,934,932,1017,1015
3907,937,935,1020,1018
3908,940,938,1023,1021
3909,943,941,1026,1024
3910,946,944,1029,1027
3911,949,947,1032,1030
3912,952,950,1035,1033
3913,955,953,1038,1036
3914,958,956,1041,1039
3915,967,959,1044,1042
3916,970,968,1047,1045
3917,973,971,1056,1048
3918,976,974,1059,1057
3919,979,977,1062,1060
3920,982,980,1065,1063
3921,985,983,1068,1066
3922,988,986,1071,1069
3923,991,989,1074,1072
3924,994,992,1077,1075
3925,997,995,1080,1078
3926,1000,998,1083,1081
3927,1003,1001,1086,1084
3928,1006,1004,1089,1087
3929,1009,1007,1092,1090
3930,1012,1010,1095,1093
3931,1015,1013,1098,1096
3932,1018,1016,1101,1099
3933,1021,1019,1104,1102
3934,1024,1022,1107,1105
3935,1027,1025,1110,1108
3936,1030,1028,1113,1111
3937,1033,1031,1116,1114
3938,1036,1034,1119,1117
3939,1039,1037,1122,1120
3940,1042,1040,1125,1123
3941,1045,1043,1128,1126
3942,1048,1046,1131,1129
3943,1051,1049,1134,1132
3944,1054,1052,1137,1135
3945,1063,1055,1140,1138
3946,1066,1064,1143,1141
3947,1069,1067,1152,1144
3948,1072,1070,1155,1153
3949,1075,1073,1158,1156
3950,1078,1076,1161,1159
3951,1081,1079,1164,1162
3952,1084,1082,1167,1165
3953,1087,1085,1170,1168
3954,1090,1088,1173,1171
3955,1093,1091,1176,1174
3956,1096,1094,1179,1177
3957,1099,1097,1182,1180
3958,1102,1100,1185,1183
3959,1105,1103,1188,1186
3960,1108,1106,1191,1189
3961,1111,1109,1194,1192
3962,1114,1112,1197,1195
3963,1117,1115,1200,1198
3964,1120,1118,1203,1201
3965,1123,1121,1206,1204
3966,1126,1124,1209,1207
3967,1129,1127,1212,1210
3968,1132,1130,1215,1213
3969,1135,1133,1218,1216
3970,1138,1136,1221,1219
3971,1141,1139,1224,1222
3972,1144,1142,1227,1225
3973,1147,1145,1230,1228
3974,1150,1148,1233,1231
3975,1159,1151,1236,1234
3976,1162,1160,1239,1237
3977,1165,1163,1248,1240
3978,1168,1166,1251,1249
3979,1171,1169,1254,1252
3980,1174,1172,1257,1255
3981,1177,1175,1260,1258
3982,1180,1178,1263,1261
3983,1183,1181,1266,1264
3984,1186,1184,1269,1267
3985,1189,1187,1272,1270
3986,1192,1190,1275,1273
3987,1195,1193,1278,1276
3988,1198,1196,1281,1279
3989,1201,1199,1284,1282
3990,1204,1202,1287,1285
3991,1207,1205,1290,1288
3992,1210,1208,1293,1291
3993,1213,1211,1296,1294
3994,1216,1214,1299,1297
3995,1219,1217,1302,1300
3996,1222,1220,1305,1303
3997,1225,1223,1308,1306
3998,1228,1226,1311,1309
3999,1231,1229,1314,1312
4000,1234,1232,1317,1315
4001,1237,1235,1320,1318
4002,1240,1238,1323,1321
4003,1243,1241,1326,1324
4004,1246,1244,1329,1327
4005,1255,1247,1332,1330
4006,1258,1256,1335,1333
4007,1261,1259,1344,1336
4008,1264,1262,1347,1345
4009,1267,1265,1350,1348
4010,1270,1268,1353,1351
4011,1273,1271,1356,1354
4012,1276,1274,1359,1357
4013,1279,1277,1362,1360
4014,1282,1280,1365,1363
4015,1285,1283,1368,1366
4016,1288,1286,1371,1369
4017,1291,1289,1374,1372
4018,1294,1292,1377,1375
4019,1297,1295,1380,1378
4020,1300,1298,1383,1381
4021,1303,1301,1386,1384
4022,1306,1304,1389,1387
4023,1309,1307,1392,1390
4024,1312,1310,1395,1393
4025,1315,1313,1398,1396
4026,1318,1316,1401,1399
4027,1321,1319,1404,1402
4028,1324,1322,1407,1405
4029,1327,1325,1410,1408
4030,1330,1328,1413,1411
4031,1333,1331,1416,1414
4032,1336,1334,1419,1417
4033,1339,1337,1422,1420
4034,1342,1340,1425,1423
4035,1351,1343,1428,1426
4036,1354,1352,1431,1429
4037,1357,1355,1440,1432
4038,1360,1358,1443,1441
4039,1363,1361,1446,1444
4040,1366,1364,1449,1447
4041,1369,1367,1452,1450
4042,1372,1370,1455,1453
4043,1375,1373,1458,1456
4044,1378,1376,1461,1459
4045,1381,1379,1464,1462
4046,1384,1382,1467,1465
4047,1387,1385,1470,1468
4048,1390,1388,1473,1471
4049,1393,1391,1476,1474
4050,1396,1394,1479,1477
4051,1399,1397,1482,1480
4052,1402,1400,1485,1483
4053,1405,1403,1488,1486
4054,1408,1406,1491,1489
4055,1411,1409,1494,1492
4056,1414,1412,1497,1495
4057,1417,1415,1500,1498
4058,1420,1418,1503,1501
4059,1423,1421,1506,1504
4060,1426,1424,1509,1507
4061,1429,1427,1512,1510
4062,1432,1430,1515,1513
4063,1435,1433,1518,1516
4064,1438,1436,1521,1519
4065,1447,1439,1524,1522
4066,1450,1448,1527,1525
4067,1453,1451,1536,1528
4068,1456,1454,1539,1537
4069,1459,1457,1542,1540
4070,1462,1460,1545,1543
4071,1465,1463,1548,1546
4072,1468,1466,1551,1549
4073,1471,1469,1554,1552
4074,1474,1472,1557,1555
4075,1477,1475,1560,1558
4076,1480,1478,1563,1561
4077,1483,1481,1566,1564
4078,1486,1484,1569,1567
4079,1489,1487,1572,1570
4080,1492,1490,1575,1573
4081,1495,1493,1578,1576
4082,1498,1496,1581,1579
4083,1501,1499,1584,1582
4084,1504,1502,1587,1585
4085,1507,1505,1590,1588
4086,1510,1508,1593,1591
4087,1513,1511,1596,1594
4088,1516,1514,1599,1597
4089,1519,1517,1602,1600
4090,1522,1520,1605,1603
4091,1525,1523,1608,1606
4092,1528,1526,1611,1609
4093,1531,1529,1614,1612
4094,1534,1532,1617,1615
4095,1543,1535,1620,1618
4096,1546,1544,1623,1621
4097,1549,1547,1632,1624
4098,1552,1550,1635,1633
4099,1555,1553,1638,1636
4100,1558,1556,1641,1639
4101,1561,1559,1644,1642
4102,1564,1562,1647,1645
4103,1567,1565,1650,1648
4104,1570,1568,1653,1651
4105,1573,1571,1656,1654
4106,1576,1574,1659,1657
4107,1579,1577,1662,1660
4108,1582,1580,1665,1663
4109,1585,1583,1668,1666
4110,1588,1586,1671,1669
4111,1591,1589,1674,1672
4112,1594,1592,1677,1675
4113,1597,1595,1680,1678
4114,1600,1598,1683,1681
4115,1603,1601,1686,1684
4116,1606,1604,1689,1687
4117,1609,1607,1692,1690
4118,1612,1610,1695,1693
4119,1615,1613,1698,1696
4120,1618,1616,1701,1699
4121,1621,1619,1704,1702
4122,1624,1622,1707,1705
4123,1627,1625,1710,1708
4124,1630,1628,1713,1711
4125,1639,1631,1716,1714
4126,1642,1640,1719,1717
4127,1645,1643,1728,1720
4128,1648,1646,1731,1729
4129,1651,1649,1734,1732
4130,1654,1652,1737,1735
4131,1657,1655,1740,1738
4132,1660,1658,1743,1741
4133,1663,1661,1746,1744
4134,1666,1664,1749,1747
4135,1669,1667,1752,1750
4136,1672,1670,1755,1753
4137,1675,1673,1758,1756
4138,1678,1676,1761,1759
4139,1681,1679,1764,1762
4140,1684,1682,1767,1765
4141,1687,1685,1770,1768
4142,1690,1688,1773,1771
4143,1693,1691,1776,1774
4144,1696,1694,1779,1777
4145,1699,1697,1782,1780
4146,1702,1700,1785,1783
4147,1705,1703,1788,1786
4148,1708,1706,1791,1789
4149,1711,1709,1794,1792
4150,1714,1712,1797,1795
4151,1717,1715,1800,1798
4152,1720,1718,1803,1801
4153,1723,1721,1806,1804
4154,1726,1724,1809,1807
4155,1735,1727,1812,1810
4156,1738,1736,1815,1813
4157,1741,1739,1824,1816
4158,1744,1742,1827,1825
4159,1747,1745,1830,1828
4160,1750,1748,1833,1831
4161,1753,1751,1836,1834
4162,1756,1754,1839,1837
4163,1759,1757,1842,1840
4164,1762,1760,1845,1843
4165,1765,1763,1848,1846
4166,1768,1766,1851,1849
4167,1771,1769,1854,1852
4168,1774,1772,1857,1855
4169,1777,1775,1860,1858
4170,1780,1778,1863,1861
4171,1783,1781,1866,1864
4172,1786,1784,1869,1867
4173,1789,1787,1872,1870
4174,1792,1790,1875,1873
4175,1795,1793,1878,1876
4176,1798,1796,1881,1879
4177,1801,1799,1884,1882
4178,1804,1802,1887,1885
4179,1807,1805,1890,1888
4180,1810,1808,1893,1891
4181,1813,1811,1896,1894
4182,1816,1814,1899,1897
4183,1819,1817,1902,1900
4184,1822,1820,1905,1903
4185,1831,1823,1908,1906
4186,1834,1832,1911,1909
4187,1837,1835,1920,1912
4188,1840,1838,1923,1921
4189,1843,1841,1926,1924
4190,1846,1844,1929,1927
4191,1849,1847,1932,1930
4192,1852,1850,1935,1933
4193,1855,1853,1938,1936
4194,1858,1856,1941,1939
4195,1861,1859,1944,1942
4196,1864,1862,1947,1945
4197,1867,1865,1950,1948
4198,1870,1868,1953,1951
4199,1873,1871,1956,1954
4200,1876,1874,1959,1957
4201,1879,1877,1962,1960
4202,1882,1880,1965,1963
4203,1885,1883,1968,1966
4204,1888,1886,1971,1969
4205,1891,1889,1974,1972
4206,1894,1892,1977,1975
4207,1897,1895,1980,1978
4208,1900,1898,1983,1981
4209,1903,1901,1986,1984
4210,1906,1904,1989,1987
4211,1909,1907,1992,1990
4212,1912,1910,1995,1993
4213,1915,1913,1998,1996
4214,1918,1916,2001,1999
4215,1927,1919,2004,2002
4216,1930,1928,2007,2005
4217,1933,1931,2016,2008
4218,1936,1934,2019,2017
4219,1939,1937,2022,2020
4220,1942,1940,2025,2023
4221,1945,1943,2028,2026
4222,1948,1946,2031,2029
4223,1951,1949,2034,2032
4224,1954,1952,2037,2035
4225,1957,1955,2040,2038
4226,1960,1958,2043,2041
4227,1963,1961,2046,2044
4228,1966,1964,2049,2047
4229,1969,1967,2052,2050
4230,1972,1970,2055,2053
4231,1975,1973,2058,2056
4232,1978,1976,2061,2059
4233,1981,1979,2064,2062
4234,1984,1982,2067,2065
4235,1987,1985,2070,2068
4236,1990,1988,2073,2071
4237,1993,1991,2076,2074
4238,1996,1994,2079,2077
4239,1999,1997,2082,2080
4240,2002,2000,2085,2083
4241,2005,2003,2088,2086
4242,2008,2006,2091,2089
4243,2011,2009,2094,2092
4244,2014,2012,2097,2095
4245,2023,2015,2100,2098
4246,2026,2024,2103,2101
4247,2029,2027,2112,2104
4248,2032,2030,2115,2113
4249,2035,2033,2118,2116
4250,2038,2036,2121,2119
4251,2041,2039,2124,2122
4252,2044,2042,2127,2125
4253,2047,2045,2130,2128
4254,2050,2048,2133,2131
4255,2053,2051,2136,2134
4256,2056,2054,2139,2137
4257,2059,2057,2142,2140
4258,2062,2060,2145,2143
4259,2065,2063,2148,2146
4260,2068,2066,2151,2149
4261,2071,2069,2154,2152
4262,2074,2072,2157,2155
4263,2077,2075,2160,2158
4264,2080,2078,2163,2161
4265,2083,2081,2166,2164
4266,2086,2084,2169,2167
4267,2089,2087,2172,2170
4268,2092,2090,2175,2173
4269,2095,2093,2178,2176
4270,2098,2096,2181,2179
4271,2101,2099,2184,2182
4272,2104,2102,2187,2185
4273,2107,2105,2190,2188
4274,2110,2108,2193,2191
4275,2119,2111,2196,2194
4276,2122,2120,2199,2197
4277,2125,2123,2208,2200
4278,2128,2126,2211,2209
4279,2131,2129,2214,2212
4280,2134,2132,2217,2215
4281,2137,2135,2220,2218
4282,2140,2138,2223,2221
4283,2143,2141,2226,2224
4284,2146,2144,2229,2227
4285,2149,2147,2232,2230
4286,2152,2150,2235,2233
4287,2155,2153,2238,2236
4288,2158,2156,2241,2239
4289,2161,2159,2244,2242
4290,2164,2162,2247,2245
4291,2167,2165,2250,2248
4292,2170,2168,2253,2251
4293,2173,2171,2256,2254
4294,2176,2174,2259,2257
4295,2179,2177,2262,2260
4296,2182,2180,2265,2263
4297,2185,2183,2268,2266
4298,2188,2186,2271,2269
4299,2191,2189,2274,2272
4300,2194,2192,2277,2275
4301,2197,2195,2280,2278
4302,2200,2198,2283,2281
4303,2203,2201,2286,2284
4304,2206,2204,2289,2287
4305,2215,2207,2292,2290
4306,2218,2216,2295,2293
4307,2221,2219,2304,2296
4308,2224,2222,2307,2305
4309,2227,2225,2310,2308
4310,2230,2228,2313,2311
4311,2233,2231,2316,2314
4312,2236,2234,2319,2317
4313,2239,2237,2322,2320
4314,2242,2240,2325,2323
4315,2245,2243,2328,2326
4316,2248,2246,2331,2329
4317,2251,2249,2334,2332
4318,2254,2252,2337,2335
4319,2257,2255,2340,2338
4320,2260,2258,2343,2341
4321,2263,2261,2346,2344
4322,2266,2264,2349,2347
4323,2269,2267,2352,2350
4324,2272,2270,2355,2353
4325,2275,2273,2358,2356
4326,2278,2276,2361,2359
4327,2281,2279,2364,2362
4328,2284,2282,2367,2365
4329,2287,2285,2370,2368
4330,2290,2288,2373,2371
4331,2293,2291,2376,2374
4332,2296,2294,2379,2377
4333,2299,2297,2382,2380
4334,2302,2300,2385,2383
4335,2311,2303,2388,2386
4336,2314,2312,2391,2389
4337,2317,2315,2400,2392
4338,2320,2318,2403,2401
4339,2323,2321,2406,2404
4340,2326,2324,2409,2407
4341,2329,2327,2412,2410
4342,2332,2330,2415,2413
4343,2335,2333,2418,2416
4344,2338,2336,2421,2419
4345,2341,2339,2424,2422
4346,2344,2342,2427,2425
4347,2347,2345,2430,2428
4348,2350,2348,2433,2431
4349,2353,2351,2436,2434
4350,2356,2354,2439,2437
4351,2359,2357,2442,2440
4352,2362,2360,2445,2443
4353,2365,2363,2448,2446
4354,2368,2366,2451,2449
4355,2371,2369,2454,2452
4356,2374,2372,2457,2455
4357,2377,2375,2460,2458
4358,2380,2378,2463,2461
4359,2383,2381,2466,2464
4360,2386,2384,2469,2467
4361,2389,2387,2472,2470
4362,2392,2390,2475,2473
4363,2395,2393,2478,2476
4364,2398,2396,2481,2479
4365,2407,2399,2484,2482
4366,2410,2408,2487,2485
4367,2413,2411,2496,2488
4368,2416,2414,2499,2497
4369,2419,2417,2502,2500
4370,2422,2420,2505,2503
4371,2425,2423,2508,2506
4372,2428,2426,2511,2509
4373,2431,2429,2514,2512
4374,2434,2432,2517,2515
4375,2437,2435,2520,2518
4376,2440,2438,2523,2521
4377,2443,2441,2526,2524
4378,2446,2444,2529,2527
4379,2449,2447,2532,2530
4380,2452,2450,2535,2533
4381,2455,2453,2538,2536
4382,2458,2456,2541,2539
4383,2461,2459,2544,2542
4384,2464,2462,2547,2545
4385,2467,2465,2550,2548
4386,2470,2468,2553,2551
4387,2473,2471,2556,2554
4388,2476,2474,2559,2557
4389,2479,2477,2562,2560
4390,2482,2480,2565,2563
4391,2485,2483,2568,2566
4392,2488,2486,2571,2569
4393,2491,2489,2574,2572
4394,2494,2492,2577,2575
4395,2503,2495,2580,2578
4396,2506,2504,2583,2581
4397,2509,2507,2592,2584
4398,2512,2510,2595,2593
4399,2515,2513,2598,2596
4400,2518,2516,2601,2599
4401,2521,2519,2604,2602
4402,2524,2522,2607,2605
4403,2527,2525,2610,2608
4404,2530,2528,2613,2611
4405,2533,2531,2616,2614
4406,2536,2534,2619,2617
4407,2539,2537,2622,2620
4408,2542,2540,2625,2623
4409,2545,2543,2628,2626
4410,2548,2546,2631,2629
4411,2551,2549,2634,2632
4412,2554,2552,2637,2635
4413,2557,2555,2640,2638
4414,2560,2558,2643,2641
4415,2563,2561,2646,2644
4416,2566,2564,2649,2647
4417,2569,2567,2652,2650
4418,2572,2570,2655,2653
4419,2575,2573,2658,2656
4420,2578,2576,2661,2659
4421,2581,2579,2664,2662
4422,2584,2582,2667,2665
4423,2587,2585,2670,2668
4424,2590,2588,2673,2671
4425,2599,2591,2676,2674
4426,2602,2600,2679,2677
4427,2605,2603,2688,2680
4428,2608,2606,2691,2689
4429,2611,2609,2694,2692
4430,2614,2612,2697,2695
4431,2617,2615,2700,2698
4432,2620,2618,2703,2701
4433,2623,2621,2706,2704
4434,2626,2624,2709,2707
4435,2629,2627,2712,2710
4436,2632,2630,2715,2713
4437,2635,2633,2718,2716
4438,2638,2636,2721,2719
4439,2641,2639,2724,2722
4440,2644,2642,2727,2725
4441,2647,2645,2730,2728
4442,2650,2648,2733,2731
4443,2653,2651,2736,2734
4444,2656,2654,2739,2737
4445,2659,2657,2742,2740
4446,2662,2660,2745,2743
4447,2665,2663,2748,2746
4448,2668,2666,2751,2749
4449,2671,2669,2754,2752
4450,2674,2672,2757,2755
4451,2677,2675,2760,2758
4452,2680,2678,2763,2761
4453,2683,2681,2766,2764
4454,2686,2684,2769,2767
4455,2695,2687,2772,2770
4456,2698,2696,2775,2773
4457,2701,2699,2784,2776
4458,2704,2702,2787,2785
4459,2707,2705,2790,2788
4460,2710,2708,2793,2791
4461,2713,2711,2796,2794
4462,2716,2714,2799,2797
4463,2719,2717,2802,2800
4464,2722,2720,2805,2803
4465,2725,2723,2808,2806
4466,2728,2726,2811,2809
4467,2731,2729,2814,2812
4468,2734,2732,2817,2815
4469,2737,2735,2820,2818
4470,2740,2738,2823,2821
4471,2743,2741,2826,2824
4472,2746,2744,2829,2827
4473,2749,2747,2832,2830
4474,2752,2750,2835,2833
4475,2755,2753,2838,2836
4476,2758,2756,2841,2839
4477,2761,2759,2844,2842
4478,2764,2762,2847,2845
4479,2767,2765,2850,2848
4480,2770,2768,2853,2851
4481,2773,2771,2856,2854
4482,2776,2774,2859,2857
4483,2779,2777,2862,2860
4484,2782,2780,2865,2863
4485,2791,2783,2868,2866
4486,2794,2792,2871,2869
4487,2797,2795,2880,2872
4488,2800,2798,2883,2881
4489,2803,2801,2886,2884
4490,2806,2804,2889,2887
4491,2809,2807,2892,2890
4492,2812,2810,2895,2893
4493,2815,2813,2898,2896
4494,2818,2816,2901,2899
4495,2821,2819,2904,2902
4496,2824,2822,2907,2905
4497,2827,2825,2910,2908
4498,2830,2828,2913,2911
4499,2833,2831,2916,2914
4500,2836,2834,2919,2917
4501,2839,2837,2922,2920
4502,2842,2840,2925,2923
4503,2845,2843,2928,2926
4504,2848,2846,2931,2929
4505,2851,2849,2934,2932
4506,2854,2852,2937,2935
4507,2857,2855,2940,2938
4508,2860,2858,2943,2941
4509,2863,2861,2946,2944
4510,2866,2864,2949,2947
4511,2869,2867,2952,2950
4512,2872,2870,2955,2953
4513,2875,2873,2958,2956
4514,2878,2876,2961,2959
4515,2887,2879,2964,2962
4516,2890,2888,2967,2965
4517,2893,2891,2976,2968
4518,2896,2894,2979,2977
4519,2899,2897,2982,2980
4520,2902,2900,2985,2983
4521,2905,2903,2988,2986
4522,2908,2906,2991,2989
4523,2911,2909,2994,2992
4524,2914,2912,2997,2995
4525,2917,2915,3000,2998
4526,2920,2918,3003,3001
4527,2923,2921,3006,3004
4528,2926,2924,3009,3007
4529,2929,2927,3012,3010
4530,2932,2930,3015,3013
4531,2935,2933,3018,3016
4532,2938,2936,3021,3019
4533,2941,2939,3024,3022
4534,2944,2942,3027,3025
4535,2947,2945,3030,3028
4536,2950,2948,3033,3031
4537,2953,2951,3036,3034
4538,2956,2954,3039,3037
4539,2959,2957,3042,3040
4540,2962,2960,3045,3043
4541,2965,2963,3048,3046
4542,2968,2966,3051,3049
4543,2971,2969,3054,3052
4544,2974,2972,3057,3055
4545,-1,2975,3060,3058
4546,-1,-1,3063,3061
4547,-1,-1,-1,3064
4548,-1,-1,-1,-1
4549,-1,-1,-1,-1
4550,-1,-1,-1,-1
4551,-1,-1,-1,-1
4552,-1,-1,-1,-1
4553,-1,-1,-1,-1
4554,-1,-1,-1,-1
4555,194,-1,-1,-1
4556,197,195,-1,-1
4557,200,198,196,-1
4558,203,201,199,197
4559,206,204,202,200
4560,209,207,205,203
4561,212,210,208,206
4562,215,213,211,209
4563,218,216,214,212
4564,221,219,217,215
4565,224,222,220,218
4566,227,225,223,221
4567,230,228,226,224
4568,233,231,229,227
4569,236,234,232,230
4570,239,237,235,233
4571,242,240,238,236
4572,245,243,241,239
4573,248,246,244,242
4574,251,249,247,245
4575,254,252,250,248
4576,257,255,253,251
4577,260,258,256,254
4578,263,261,259,257
4579,266,264,262,260
4580,269,267,265,263
4581,272,270,268,266
4582,275,273,271,269
4583,278,276,274,272
4584,281,279,277,275
4585,290,282,280,278
4586,293,291,283,281
4587,296,294,292,284
4588,299,297,295,293
4589,302,300,298,296
4590,305,303,301,299
4591,308,306,304,302
4592,311,309,307,305
4593,314,312,310,308
4594,317,315,313,311
4595,320,318,316,314
4596,323,321,319,317
4597,326,324,322,320
4598,329,327,325,323
4599,332,330,328,326
4600,335,333,331,329
4601,338,336,334,332
4602,341,339,337,335
4603,344,342,340,338
4604,347,345,343,341
4605,350,348,346,344
4606,353,351,349,347
4607,356,354,352,350
4608,359,357,355,353
4609,362,360,358,356
4610,365,363,361,359
4611,368,366,364,362
4612,371,369,367,365
4613,374,372,370,368
4614,377,375,373,371
4615,386,378,376,374
4616,389,387,379,377
4617,392,390,388,380
4618,395,393,391,389
4619,398,396,394,392
4620,401,399,397,395
4621,404,402,400,398
4622,407,405,403,401
4623,410,408,406,404
4624,413,411,409,407
4625,416,414,412,410
4626,419,417,415,413
4627,422,420,418,416
4628,425,423,421,419
4629,428,426,424,422
4630,431,429,427,425
4631,434,432,430,428
4632,437,435,433,431
4633,440,438,436,434
4634,443,441,439,437
4635,446,444,442,440
4636,449,447,445,443
4637,452,450,448,446
4638,455,453,451,449
4639,458,456,454,452
4640,461,459,457,455
4641,464,462,460,458
4642,467,465,463,461
4643,470,468,466,464
4644,473,471,469,467
4645,482,474,472,470
4646,485,483,475,473
4647,488,486,484,476
4648,491,489,487,485
4649,494,492,490,488
4650,497,495,493,491
4651,500,498,496,494
4652,503,501,499,497
4653,506,504,502,500
4654,509,507,505,503
4655,512,510,508,506
4656,515,513,511,509
4657,518,516,514,512
4658,521,519,517,515
4659,524,522,520,518
4660,527,525,523,521
4661,530,528,526,524
4662,533,531,529,527
4663,536,534,532,530
4664,539,537,535,533
4665,542,540,538,536
4666,545,543,541,539
4667,548,546,544,542
4668,551,549,547,545
4669,554,552,550,548
4670,557,555,553,551
4671,560,558,556,554
4672,563,561,559,557
4673,566,564,562,560
4674,569,567,565,563
4675,578,570,568,566
4676,581,579,571,569
4677,584,582,580,572
4678,587,585,583,581
4679,590,588,586,584
4680,593,591,589,587
4681,596,594,592,590
4682,599,597,595,593
4683,602,600,598,596
4684,605,603,601,599
4685,608,606,604,602
4686,611,609,607,605
4687,614,612,610,608
4688,617,615,613,611
4689,620,618,616,614
4690,623,621,619,617
4691,626,624,622,620
4692,629,627,625,623
4693,632,630,628,626
4694,635,633,631,629
4695,638,636,634,632
4696,641,639,637,635
4697,644,642,640,638
4698,647,645,643,641
4699,650,648,646,644
4700,653,651,649,647
4701,656,654,652,650
4702,659,657,655,653
4703,662,660,658,656
4704,665,663,661,659
4705,674,666,664,662
4706,677,675,667,665
4707,680,678,676,668
4708,683,681,679,677
4709,686,684,682,680
4710,689,687,685,683
4711,692,690,688,686
4712,695,693,691,689
4713,698,696,694,692
4714,701,699,697,695
4715,704,702,700,698
4716,707,705,703,701
4717,710,708,706,704
4718,713,711,709,707
4719,716,714,712,710
4720,719,717,715,713
4721,722,720,718,716
4722,725,723,721,719
4723,728,726,724,722
4724,731,729,727,725
4725,734,732,730,728
4726,737,735,733,731
4727,740,738,736,734
4728,743,741,739,737
4729,746,744,742,740
4730,749,747,745,743
4731,752,750,748,746
4732,755,753,751,749
4733,758,756,754,752
4734,761,759,757,755
4735,770,762,760,758
4736,773,771,763,761
4737,776,774,772,764
4738,779,777,775,773
4739,782,780,778,776
4740,785,783,781,779
4741,788,786,784,782
4742,791,789,787,785
4743,794,792,790,788
4744,797,795,793,791
4745,800,798,796,794
4746,803,801,799,797
4747,806,804,802,800
4748,809,807,805,803
4749,812,810,808,806
4750,815,813,811,809
4751,818,816,814,812
4752,821,819,817,815
4753,824,822,820,818
4754,827,825,823,821
4755,830,828,826,824
4756,833,831,829,827
4757,836,834,832,830
4758,839,837,835,833
4759,842,840,838,836
4760,845,843,841,839
4761,848,846,844,842
4762,851,849,847,845
4763,854,852,850,848
4764,857,855,853,851
4765,866,858,856,854
4766,869,867,859,857
4767,872,870,868,860
4768,875,873,871,869
4769,878,876,874,872
4770,881,879,877,875
4771,884,882,880,878
4772,887,885,883,881
4773,890,888,886,884
4774,893,891,889,887
4775,896,894,892,890
4776,899,897,895,893
4777,902,900,898,896
4778,905,903,901,899
4779,908,906,904,902
4780,911,909,907,905
4781,914,912,910,908
4782,917,915,913,911
4783,920,918,916,914
4784,923,921,919,917
4785,926,924,922,920
4786,929,927,925,923
4787,932,930,928,926
4788,935,933,931,929
4789,938,936,934,932
4790,941,939,937,935
4791,944,942,940,938
4792,947,945,943,941
4793,950,948,946,944
4794,953,951,949,947
4795,962,954,952,950
4796,965,963,955,953
4797,968,966,964,956
4798,971,969,967,965
4799,974,972,970,968
4800,977,975,973,971
4801,980,978,976,974
4802,983,981,979,977
4803,986,984,982,980
4804,989,987,985,983
4805,992,990,988,986
4806,995,993,991,989
4807,998,996,994,992
4808,1001,999,997,995
4809,1004,1002,1000,998
4810,1007,1005,1003,1001
4811,1010,1008,1006,1004
4812,1013,1011,1009,1007
4813,1016,1014,1012,1010
4814,1019,1017,1015,1013
4815,1022,1020,1018,1016
4816,1025,1023,1021,1019
4817,1028,1026,1024,1022
4818,1031,1029,1027,1025
4819,1034,1032,1030,1028
4820,1037,1035,1033,1031
4821,1040,1038,1036,1034
4822,1043,1041,1039,1037
4823,1046,1044,1042,1040
4824,1049,1047,1045,1043
4825,1058,1050,1048,1046
4826,1061,1059,1051,1049
4827,1064,1062,1060,1052
4828,1067,1065,1063,1061
4829,1070,1068,1066,1064
4830,1073,1071,1069,1067
4831,1076,1074,1072,1070
4832,1079,1077,1075,1073
4833,1082,1080,1078,1076
4834,1085,1083,1081,1079
4835,1088,1086,1084,1082
4836,1091,1089,1087,1085
4837,1094,1092,1090,1088
4838,1097,1095,1093,1091
4839,1100,1098,1096,1094
4840,1103,1101,1099,1097
4841,1106,1104,1102,1100
4842,1109,1107,1105,1103
4843,1112,1110,1108,1106
4844,1115,1113,1111,1109
4845,1118,1116,1114,1112
4846,1121,1119,1117,1115
4847,1124,1122,1120,1118
4848,1127,1125,1123,1121
4849,1130,1128,1126,1124
4850,1133,1131,1129,1127
4851,1136,1134,1132,1130
4852,1139,1137,1135,1133
4853,1142,1140,1138,1136
4854,1145,1143,1141,1139
4855,1154,1146,1144,1142
4856,1157,1155,1147,1145
4857,1160,1158,1156,1148
4858,1163,1161,1159,1157
4859,1166,1164,1162,1160
4860,1169,1167,1165,1163
4861,1172,1170,1168,1166
4862,1175,1173,1171,1169
4863,1178,1176,1174,1172
4864,1181,1179,1177,1175
4865,1184,1182,1180,1178
4866,1187,1185,1183,1181
4867,1190,1188,1186,1184
4868,1193,1191,1189,1187
4869,1196,1194,1192,1190
4870,1199,1197,1195,1193
4871,1202,1200,1198,1196
4872,1205,1203,1201,1199
4873,1208,1206,1204,1202
4874,1211,1209,1207,1205
4875,1214,1212,1210,1208
4876,1217,1215,1213,1211
4877,1220,1218,1216,1214
4878,1223,1221,1219,1217
4879,1226,1224,1222,1220
4880,1229,1227,1225,1223
4881,1232,1230,1228,1226
4882,1235,1233,1231,1229
4883,1238,1236,1234,1232
4884,1241,1239,1237,1235
4885,1250,1242,1240,1238
4886,1253,1251,1243,1241
4887,1256,1254,1252,1244
4888,1259,1257,1255,1253
4889,1262,1260,1258,1256
4890,1265,1263,1261,1259
4891,1268,1266,1264,1262
4892,1271,1269,1267,1265
4893,1274,1272,1270,1268
4894,1277,1275,1273,1271
4895,1280,1278,1276,1274
4896,1283,1281,1279,1277
4897,1286,1284,1282,1280
4898,1289,1287,1285,1283
4899,1292,1290,1288,1286
4900,1295,1293,1291,1289
4901,1298,1296,1294,1292
4902,1301,1299,1297,1295
4903,1304,1302,1300,1298
4904,1307,1305,1303,1301
4905,1310,1308,1306,1304
4906,1313,1311,1309,1307
4907,1316,1314,1312,1310
4908,1319,1317,1315,1313
4909,1322,1320,1318,1316
4910,1325,1323,1321,1319
4911,1328,1326,1324,1322
4912,1331,1329,1327,1325
4913,1334,1332,1330,1328
4914,1337,1335,1333,1331
4915,1346,1338,1336,1334
4916,1349,1347,1339,1337
4917,1352,1350,1348,1340
4918,1355,1353,1351,1349
4919,1358,1356,1354,1352
4920,1361,1359,1357,1355
4921,1364,1362,1360,1358
4922,1367,1365,1363,1361
4923,1370,1368,1366,1364
4924,1373,1371,1369,1367
4925,1376,1374,1372,1370
4926,1379,1377,1375,1373
4927,1382,1380,1378,1376
4928,1385,1383,1381,1379
4929,1388,1386,1384,1382
4930,1391,1389,1387,1385
4931,1394,1392,1390,1388
4932,1397,1395,1393,1391
4933,1400,1398,1396,1394
4934,1403,1401,1399,1397
4935,1406,1404,1402,1400
4936,1409,1407,1405,1403
4937,1412,1410,1408,1406
4938,1415,1413,1411,1409
4939,1418,1416,1414,1412
4940,1421,1419,1417,1415
4941,1424,1422,1420,1418
4942,1427,1425,1423,1421
4943,1430,1428,1426,1424
4944,1433,1431,1429,1427
4945,1442,1434,1432,1430
4946,1445,1443,1435,1433
4947,1448,1446,1444,1436
4948,1451,1449,1447,1445
4949,1454,1452,1450,1448
4950,1457,1455,1453,1451
4951,1460,1458,1456,1454
4952,1463,1461,1459,1457
4953,1466,1464,1462,1460
4954,1469,1467,1465,1463
4955,1472,1470,1468,1466
4956,1475,1473,1471,1469
4957,1478,1476,1474,1472
4958,1481,1479,1477,1475
4959,1484,1482,1480,1478
4960,1487,1485,1483,1481
4961,1490,1488,1486,1484
4962,1493,1491,1489,1487
4963,1496,1494,1492,1490
4964,1499,1497,1495,1493
4965,1502,1500,1498,1496
4966,1505,1503,1501,1499
4967,1508,1506,1504,1502
4968,1511,1509,1507,1505
4969,1514,1512,1510,1508
4970,1517,1515,1513,1511
4971,1520,1518,1516,1514
4972,1523,1521,1519,1517
4973,1526,1524,1522,1520
4974,1529,1527,1525,1523
4975,1538,1530,1528,1526
4976,1541,1539,1531,1529
4977,1544,1542,1540,1532
4978,1547,1545,1543,1541
4979,1550,1548,1546,1544
4980,1553,1551,1549,1547
4981,1556,1554,1552,1550
4982,1559,1557,1555,1553
4983,1562,1560,1558,1556
4984,1565,1563,1561,1559
4985,1568,1566,1564,1562
4986,1571,1569,1567,1565
4987,1574,1572,1570,1568
4988,1577,1575,1573,1571
4989,1580,1578,1576,1574
4990,1583,1581,1579,1577
4991,1586,1584,1582,1580
4992,1589,1587,1585,1583
4993,1592,1590,1588,1586
4994,1595,1593,1591,1589
4995,1598,1596,1594,1592
4996,1601,1599,1597,1595
4997,1604,1602,1600,1598
4998,1607,1605,1603,1601
4999,1610,1608,1606,1604
5000,1613,1611,1609,1607
5001,1616,1614,1612,1610
5002,1619,1617,1615,1613
5003,1622,1620,1618,1616
5004,1625,1623,1621,1619
5005,1634,1626,1624,1622
5006,1637,1635,1627,1625
5007,1640,1638,1636,1628
5008,1643,1641,1639,1637
5009,1646,1644,1642,1640
5010,1649,1647,1645,1643
5011,1652,1650,1648,1646
5012,1655,1653,1651,1649
5013,1658,1656,1654,1652
5014,1661,1659,1657,1655
5015,1664,1662,1660,1658
5016,1667,1665,1663,1661
5017,1670,1668,1666,1664
5018,1673,1671,1669,1667
5019,1676,1674,1672,1670
5020,1679,1677,1675,1673
5021,1682,1680,1678,1676
5022,1685,1683,1681,1679
5023,1688,1686,1684,1682
5024,1691,1689,1687,1685
5025,1694,1692,1690,1688
5026,1697,1695,1693,1691
5027,1700,1698,1696,1694
5028,1703,1701,1699,1697
5029,1706,1704,1702,1700
5030,1709,1707,1705,1703
5031,1712,1710,1708,1706
5032,1715,1713,1711,1709
5033,1718,1716,1714,1712
5034,1721,1719,1717,1715
5035,1730,1722,1720,1718
5036,1733,1731,1723,1721
5037,1736,1734,1732,1724
5038,1739,1737,1735,1733
5039,1742,1740,1738,1736
5040,1745,1743,1741,1739
5041,1748,1746,1744,1742
5042,1751,1749,1747,1745
5043,1754,1752,1750,1748
5044,1757,1755,1753,1751
5045,1760,1758,1756,1754
5046,1763,1761,1759,1757
5047,1766,1764,1762,1760
5048,1769,1767,1765,1763
5049,1772,1770,1768,1766
5050,1775,1773,1771,1769
5051,1778,1776,1774,1772
5052,1781,1779,1777,1775
5053,1784,1782,1780,1778
5054,1787,1785,1783,1781
5055,1790,1788,1786,1784
5056,1793,1791,1789,1787
5057,1796,1794,1792,1790
5058,1799,1797,1795,1793
5059,1802,1800,1798,1796
5060,1805,1803,1801,1799
5061,1808,1806,1804,1802
5062,1811,1809,1807,1805
5063,1814,1812,1810,1808
5064,1817,1815,1813,1811
5065,1826,1818,1816,1814
5066,1829,1827,1819,1817
5067,1832,1830,1828,1820
5068,1835,1833,1831,1829
5069,1838,1836,1834,1832
5070,1841,1839,1837,1835
5071,1844,1842,1840,1838
5072,1847,1845,1843,1841
5073,1850,1848,1846,1844
5074,1853,1851,1849,1847
5075,1856,1854,1852,1850
5076,1859,1857,1855,1853
5077,1862,1860,1858,1856
5078,1865,1863,1861,1859
5079,1868,1866,1864,1862
5080,1871,1869,1867,1865
5081,1874,1872,1870,1868
5082,1877,1875,1873,1871
5083,1880,1878,1876,1874
5084,1883,1881,1879,1877
5085,1886,1884,1882,1880
5086,1889,1887,1885,1883
5087,1892,1890,1888,1886
5088,1895,1893,1891,1889
5089,1898,1896,1894,1892
5090,1901,1899,1897,1895
5091,1904,1902,1900,1898
5092,1907,1905,1903,1901
5093,1910,1908,1906,1904
5094,1913,1911,1909,1907
5095,1922,1914,1912,1910
5096,1925,1923,1915,1913
5097,1928,1926,1924,1916
5098,1931,1929,1927,1925
5099,1934,1932,1930,1928
5100,1937,1935,1933,1931
5101,1940,1938,1936,1934
5102,1943,1941,1939,1937
5103,1946,1944,1942,1940
5104,1949,1947,1945,1943
5105,1952,1950,1948,1946
5106,1955,1953,1951,1949
5107,1958,1956,1954,1952
5108,1961,1959,1957,1955
5109,1964,1962,1960,1958
5110,1967,1965,1963,1961
5111,1970,1968,1966,1964
5112,1973,1971,1969,1967
5113,1976,1974,1972,1970
5114,1979,1977,1975,1973
5115,1982,1980,1978,1976
5116,1985,1983,1981,1979
5117,1988,1986,1984,1982
5118,1991,1989,1987,1985
5119,1994,1992,1990,1988
5120,1997,1995,1993,1991
5121,2000,1998,1996,1994
5122,2003,2001,1999,1997
5123,2006,2004,2002,2000
5124,2009,2007,2005,2003
5125,2018,2010,2008,2006
5126,2021,2019,2011,2009
5127,2024,2022,2020,2012
5128,2027,2025,2023,2021
5129,2030,2028,2026,2024
5130,2033,2031,2029,2027
5131,2036,2034,2032,2030
5132,2039,2037,2035,2033
5133,2042,2040,2038,2036
5134,2045,2043,2041,2039
5135,2048,2046,2044,2042
5136,2051,2049,2047,2045
5137,2054,2052,2050,2048
5138,2057,2055,2053,2051
5139,2060,2058,2056,2054
5140,2063,2061,2059,2057
5141,2066,2064,2062,2060
5142,2069,2067,2065,2063
5143,2072,2070,2068,2066
5144,2075,2073,2071,2069
5145,2078,2076,2074,2072
5146,2081,2079,2077,2075
5147,2084,2082,2080,2078
5148,2087,2085,2083,2081
5149,2090,2088,2086,2084
5150,2093,2091,2089,2087
5151,2096,2094,2092,2090
5152,2099,2097,2095,2093
5153,2102,2100,2098,2096
5154,2105,2103,2101,2099
5155,2114,2106,2104,2102
5156,2117,2115,2107,2105
5157,2120,2118,2116,2108
5158,2123,2121,2119,2117
5159,2126,2124,2122,2120
5160,2129,2127,2125,2123
5161,2132,2130,2128,2126
5162,2135,2133,2131,2129
5163,2138,2136,2134,2132
5164,2141,2139,2137,2135
5165,2144,2142,2140,2138
5166,2147,2145,2143,2141
5167,2150,2148,2146,2144
5168,2153,2151,2149,2147
5169,2156,2154,2152,2150
5170,2159,2157,2155,2153
5171,2162,2160,2158,2156
5172,2165,2163,2161,2159
5173,2168,2166,2164,2162
5174,2171,2169,2167,2165
5175,2174,2172,2170,2168
5176,2177,2175,2173,2171
5177,2180,2178,2176,2174
5178,2183,2181,2179,2177
5179,2186,2184,2182,2180
5180,2189,2187,2185,2183
5181,2192,2190,2188,2186
5182,2195,2193,2191,2189
5183,2198,2196,2194,2192
5184,2201,2199,2197,2195
5185,2210,2202,2200,2198
5186,2213,2211,2203,2201
5187,2216,2214,2212,2204
5188,2219,2217,2215,2213
5189,2222,2220,2218,2216
5190,2225,2223,2221,2219
5191,2228,2226,2224,2222
5192,2231,2229,2227,2225
5193,2234,2232,2230,2228
5194,2237,2235,2233,2231
5195,2240,2238,2236,2234
5196,2243,2241,2239,2237
5197,2246,2244,2242,2240
5198,2249,2247,2245,2243
5199,2252,2250,2248,2246
5200,2255,2253,2251,2249
5201,2258,2256,2254,2252
5202,2261,2259,2257,2255
5203,2264,2262,2260,2258
5204,2267,2265,2263,2261
5205,2270,2268,2266,2264
5206,2273,2271,2269,2267
5207,2276,2274,2272,2270
5208,2279,2277,2275,2273
5209,2282,2280,2278,2276
5210,2285,2283,2281,2279
5211,2288,2286,2284,2282
5212,2291,2289,2287,2285
5213,2294,2292,2290,2288
5214,2297,2295,2293,2291
5215,2306,2298,2296,2294
5216,2309,2307,2299,2297
5217,2312,2310,2308,2300
5218,2315,2313,2311,2309
5219,2318,2316,2314,2312
5220,2321,2319,2317,2315
5221,2324,2322,2320,2318
5222,2327,2325,2323,2321
5223,2330,2328,2326,2324
5224,2333,2331,2329,2327
5225,2336,2334,2332,2330
5226,2339,2337,2335,2333
5227,2342,2340,2338,2336
5228,2345,2343,2341,2339
5229,2348,2346,2344,2342
5230,2351,2349,2347,2345
5231,2354,2352,2350,2348
5232,2357,2355,2353,2351
5233,2360,2358,2356,2354
5234,2363,2361,2359,2357
5235,2366,2364,2362,2360
5236,2369,2367,2365,2363
5237,2372,2370,2368,2366
5238,2375,2373,2371,2369
5239,2378,2376,2374,2372
5240,2381,2379,2377,2375
5241,2384,2382,2380,2378
5242,2387,2385,2383,2381
5243,2390,2388,2386,2384
5244,2393,2391,2389,2387
5245,2402,2394,2392,2390
5246,2405,2403,2395,2393
5247,2408,2406,2404,2396
5248,2411,2409,2407,2405
5249,2414,2412,2410,2408
5250,2417,2415,2413,2411
5251,2420,2418,2416,2414
5252,2423,2421,2419,2417
5253,2426,2424,2422,2420
5254,2429,2427,2425,2423
5255,2432,2430,2428,2426
5256,2435,2433,2431,2429
5257,2438,2436,2434,2432
5258,2441,2439,2437,2435
5259,2444,2442,2440,2438
5260,2447,2445,2443,2441
5261,2450,2448,2446,2444
5262,2453,2451,2449,2447
5263,2456,2454,2452,2450
5264,2459,2457,2455,2453
5265,2462,2460,2458,2456
5266,2465,2463,2461,2459
5267,2468,2466,2464,2462
5268,2471,2469,2467,2465
5269,2474,2472,2470,2468
5270,2477,2475,2473,2471
5271,2480,2478,2476,2474
5272,2483,2481,2479,2477
5273,2486,2484,2482,2480
5274,2489,2487,2485,2483
5275,2498,2490,2488,2486
5276,2501,2499,2491,2489
5277,2504,2502,2500,2492
5278,2507,2505,2503,2501
5279,2510,2508,2506,2504
5280,2513,2511,2509,2507
5281,2516,2514,2512,2510
5282,2519,2517,2515,2513
5283,2522,2520,2518,2516
5284,2525,2523,2521,2519
5285,2528,2526,2524,2522
5286,2531,2529,2527,2525
5287,2534,2532,2530,2528
5288,2537,2535,2533,2531
5289,2540,2538,2536,2534
5290,2543,2541,2539,2537
5291,2546,2544,2542,2540
5292,2549,2547,2545,2543
5293,2552,2550,2548,2546
5294,2555,2553,2551,2549
5295,2558,2556,2554,2552
5296,2561,2559,2557,2555
5297,2564,2562,2560,2558
5298,2567,2565,2563,2561
5299,2570,2568,2566,2564
5300,2573,2571,2569,2567
5301,2576,2574,2572,2570
5302,2579,2577,2575,2573
5303,2582,2580,2578,2576
5304,2585,2583,2581,2579
5305,2594,2586,2584,2582
5306,2597,2595,2587,2585
5307,2600,2598,2596,2588
5308,2603,2601,2599,2597
5309,2606,2604,2602,2600
5310,2609,2607,2605,2603
5311,2612,2610,2608,2606
5312,2615,2613,2611,2609
5313,2618,2616,2614,2612
5314,2621,2619,2617,2615
5315,2624,2622,2620,2618
5316,2627,2625,2623,2621
5317,2630,2628,2626,2624
5318,2633,2631,2629,2627
5319,2636,2634,2632,2630
5320,2639,2637,2635,2633
5321,2642,2640,2638,2636
5322,2645,2643,2641,2639
5323,2648,2646,2644,2642
5324,2651,2649,2647,2645
5325,2654,2652,2650,2648
5326,2657,2655,2653,2651
5327,2660,2658,2656,2654
5328,2663,2661,2659,2657
5329,2666,2664,2662,2660
5330,2669,2667,2665,2663
5331,2672,2670,2668,2666
5332,2675,2673,2671,2669
5333,2678,2676,2674,2672
5334,2681,2679,2677,2675
5335,2690,2682,2680,2678
5336,2693,2691,2683,2681
5337,2696,2694,2692,2684
5338,2699,2697,2695,2693
5339,2702,2700,2698,2696
5340,2705,2703,2701,2699
5341,2708,2706,2704,2702
5342,2711,2709,2707,2705
5343,2714,2712,2710,2708
5344,2717,2715,2713,2711
5345,2720,2718,2716,2714
5346,2723,2721,2719,2717
5347,2726,2724,2722,2720
5348,2729,2727,2725,2723
5349,2732,2730,2728,2726
5350,2735,2733,2731,2729
5351,2738,2736,2734,2732
5352,2741,2739,2737,2735
5353,2744,2742,2740,2738
5354,2747,2745,2743,2741
5355,2750,2748,2746,2744
5356,2753,2751,2749,2747
5357,2756,2754,2752,2750
5358,2759,2757,2755,2753
5359,2762,2760,2758,2756
5360,2765,2763,2761,2759
5361,2768,2766,2764,2762
5362,2771,2769,2767,2765
5363,2774,2772,2770,2768
5364,2777,2775,2773,2771
5365,2786,2778,2776,2774
5366,2789,2787,2779,2777
5367,2792,2790,2788,2780
5368,2795,2793,2791,2789
5369,2798,2796,2794,2792
5370,2801,2799,2797,2795
5371,2804,2802,2800,2798
5372,2807,2805,2803,2801
5373,2810,2808,2806,2804
5374,2813,2811,2809,2807
5375,2816,2814,2812,2810
5376,2819,2817,2815,2813
5377,2822,2820,2818,2816
5378,2825,2823,2821,2819
5379,2828,2826,2824,2822
5380,2831,2829,2827,2825
5381,2834,2832,2830,2828
5382,2837,2835,2833,2831
5383,2840,2838,2836,2834
5384,2843,2841,2839,2837
5385,2846,2844,2842,2840
5386,2849,2847,2845,2843
5387,2852,2850,2848,2846
5388,2855,2853,2851,2849
5389,2858,2856,2854,2852
5390,2861,2859,2857,2855
5391,2864,2862,2860,2858
5392,2867,2865,2863,2861
5393,2870,2868,2866,2864
5394,2873,2871,2869,2867
5395,2882,2874,2872,2870
5396,2885,2883,2875,2873
5397,2888,2886,2884,2876
5398,2891,2889,2887,2885
5399,2894,2892,2890,2888
5400,2897,2895,2893,2891
5401,2900,2898,2896,2894
5402,2903,2901,2899,2897
5403,2906,2904,2902,2900
5404,2909,2907,2905,2903
5405,2912,2910,2908,2906
5406,2915,2913,2911,2909
5407,2918,2916,2914,2912
5408,2921,2919,2917,2915
5409,2924,2922,2920,2918
5410,2927,2925,2923,2921
5411,2930,2928,2926,2924
5412,2933,2931,2929,2927
5413,2936,2934,2932,2930
5414,2939,2937,2935,2933
5415,2942,2940,2938,2936
5416,2945,2943,2941,2939
5417,2948,2946,2944,2942
5418,2951,2949,2947,2945
5419,2954,2952,2950,2948
5420,2957,2955,2953,2951
5421,2960,2958,2956,2954
5422,2963,2961,2959,2957
5423,2966,2964,2962,2960
5424,2969,2967,2965,2963
5425,2978,2970,2968,2966
5426,2981,2979,2971,2969
5427,2984,2982,2980,2972
5428,2987,2985,2983,2981
5429,2990,2988,2986,2984
5430,2993,2991,2989,2987
5431,2996,2994,2992,2990
5432,2999,2997,2995,2993
5433,3002,3000,2998,2996
5434,3005,3003,3001,2999
5435,3008,3006,3004,3002
5436,3011,3009,3007,3005
5437,3014,3012,3010,3008
5438,3017,3015,3013,3011
5439,3020,3018,3016,3014
5440,3023,3021,3019,3017
5441,3026,3024,3022,3020
5442,3029,3027,3025,3023
5443,3032,3030,3028,3026
5444,3035,3033,3031,3029
5445,3038,3036,3034,3032
5446,3041,3039,3037,3035
5447,3044,3042,3040,3038
5448,3047,3045,3043,3041
5449,3050,3048,3046,3044
5450,3053,3051,3049,3047
5451,3056,3054,3052,3050
5452,3059,3057,3055,3053
5453,3062,3060,3058,3056
5454,3065,3063,3061,3059
5455,-1,3066,3064,3062
5456,-1,-1,3067,3065
5457,-1,-1,-1,3068
5458,-1,-1,-1,-1
5459,-1,-1,-1,-1
5460,-1,-1,-1,-1
5461,-1,-1,-1,-1
5462,-1,-1,-1,-1
5463,-1,-1,-1,-1
5464,-1,-1,-1,-1
5465,198,-1,-1,-1
5466,201,199,-1,-1
5467,204,202,200,-1
5468,207,205,203,-1
5469,210,208,206,-1
5470,213,211,209,-1
5471,216,214,212,-1
5472,219,217,215,-1
5473,222,220,218,-1
5474,225,223,221,-1
5475,228,226,224,-1
5476,231,229,227,-1
5477,234,232,230,-1
5478,237,235,233,-1
5479,240,238,236,-1
5480,243,241,239,-1
5481,246,244,242,-1
5482,249,247,245,-1
5483,252,250,248,-1
5484,255,253,251,-1
5485,258,256,254,-1
5486,261,259,257,-1
5487,264,262,260,-1
5488,267,265,263,-1
5489,270,268,266,-1
5490,273,271,269,-1
5491,276,274,272,-1
5492,279,277,275,-1
5493,282,280,278,-1
5494,285,283,281,-1
5495,294,286,284,-1
5496,297,295,287,-1
5497,300,298,296,-1
5498,303,301,299,-1
5499,306,304,302,-1
5500,309,307,305,-1
5501,312,310,308,-1
5502,315,313,311,-1
5503,318,316,314,-1
5504,321,319,317,-1
5505,324,322,320,-1
5506,327,325,323,-1
5507,330,328,326,-1
5508,333,331,329,-1
5509,336,334,332,-1
5510,339,337,335,-1
5511,342,340,338,-1
5512,345,343,341,-1
5513,348,346,344,-1
5514,351,349,347,-1
5515,354,352,350,-1
5516,357,355,353,-1
5517,360,358,356,-1
5518,363,361,359,-1
5519,366,364,362,-1
5520,369,367,365,-1
5521,372,370,368,-1
5522,375,373,371,-1
5523,378,376,374,-1
5524,381,379,377,-1
5525,390,382,380,-1
5526,393,391,383,-1
5527,396,394,392,-1
5528,399,397,395,-1
5529,402,400,398,-1
5530,405,403,401,-1
5531,408,406,404,-1
5532,411,409,407,-1
5533,414,412,410,-1
5534,417,415,413,-1
5535,420,418,416,-1
5536,423,421,419,-1
5537,426,424,422,-1
5538,429,427,425,-1
5539,432,430,428,-1
5540,435,433,431,-1
5541,438,436,434,-1
5542,441,439,437,-1
5543,444,442,440,-1
5544,447,445,443,-1
5545,450,448,446,-1
5546,453,451,449,-1
5547,456,454,452,-1
5548,459,457,455,-1
5549,462,460,458,-1
5550,465,463,461,-1
5551,468,466,464,-1
5552,471,469,467,-1
5553,474,472,470,-1
5554,477,475,473,-1
5555,486,478,476,-1
5556,489,487,479,-1
5557,492,490,488,-1
5558,495,493,491,-1
5559,498,496,494,-1
5560,501,499,497,-1
5561,504,502,500,-1
5562,507,505,503,-1
5563,510,508,506,-1
5564,513,511,509,-1
5565,516,514,512,-1
5566,519,517,515,-1
5567,522,520,518,-1
5568,525,523,521,-1
5569,528,526,524,-1
5570,531,529,527,-1
5571,534,532,530,-1
5572,537,535,533,-1
5573,540,538,536,-1
5574,543,541,539,-1
5575,546,544,542,-1
5576,549,547,545,-1
5577,552,550,548,-1
5578,555,553,551,-1
5579,558,556,554,-1
5580,561,559,557,-1
5581,564,562,560,-1
5582,567,565,563,-1
5583,570,568,566,-1
5584,573,571,569,-1
5585,582,574,572,-1
5586,585,583,575,-1
5587,588,586,584,-1
5588,591,589,587,-1
5589,594,592,590,-1
5590,597,595,593,-1
5591,600,598,596,-1
5592,603,601,599,-1
5593,606,604,602,-1
5594,609,607,605,-1
5595,612,610,608,-1
5596,615,613,611,-1
5597,618,616,614,-1
5598,621,619,617,-1
5599,624,622,620,-1
5600,627,625,623,-1
5601,630,628,626,-1
5602,633,631,629,-1
5603,636,634,632,-1
5604,639,637,635,-1
5605,642,640,638,-1
5606,645,643,641,-1
5607,648,646,644,-1
5608,651,649,647,-1
5609,654,652,650,-1
5610,657,655,653,-1
5611,660,658,656,-1
5612,663,661,659,-1
5613,666,664,662,-1
5614,669,667,665,-1
5615,678,670,668,-1
5616,681,679,671,-1
5617,684,682,680,-1
5618,687,685,683,-1
5619,690,688,686,-1
5620,693,691,689,-1
5621,696,694,692,-1
5622,699,697,695,-1
5623,702,700,698,-1
5624,705,703,701,-1
5625,708,706,704,-1
5626,711,709,707,-1
5627,714,712,710,-1
5628,717,715,713,-1
5629,720,718,716,-1
5630,723,721,719,-1
5631,726,724,722,-1
5632,729,727,725,-1
5633,732,730,728,-1
5634,735,733,731,-1
5635,738,736,734,-1
5636,741,739,737,-1
5637,744,742,740,-1
5638,747,745,743,-1
5639,750,748,746,-1
5640,753,751,749,-1
5641,756,754,752,-1
5642,759,757,755,-1
5643,762,760,758,-1
5644,765,763,761,-1
5645,774,766,764,-1
5646,777,775,767,-1
5647,780,778,776,-1
5648,783,781,779,-1
5649,786,784,782,-1
5650,789,787,785,-1
5651,792,790,788,-1
5652,795,793,791,-1
5653,798,796,794,-1
5654,801,799,797,-1
5655,804,802,800,-1
5656,807,805,803,-1
5657,810,808,806,-1
5658,813,811,809,-1
5659,816,814,812,-1
5660,819,817,815,-1
5661,822,820,818,-1
5662,825,823,821,-1
5663,828,826,824,-1
5664,831,829,827,-1
5665,834,832,830,-1
5666,837,835,833,-1
5667,840,838,836,-1
5668,843,841,839,-1
5669,846,844,842,-1
5670,849,847,845,-1
5671,852,850,848,-1
5672,855,853,851,-1
5673,858,856,854,-1
5674,861,859,857,-1
5675,870,862,860,-1
5676,873,871,863,-1
5677,876,874,872,-1
5678,879,877,875,-1
5679,882,880,878,-1
5680,885,883,881,-1
5681,888,886,884,-1
5682,891,889,887,-1
5683,894,892,890,-1
5684,897,895,893,-1
5685,900,898,896,-1
5686,903,901,899,-1
5687,906,904,902,-1
5688,909,907,905,-1
5689,912,910,908,-1
5690,915,913,911,-1
5691,918,916,914,-1
5692,921,919,917,-1
5693,924,922,920,-1
5694,927,925,923,-1
5695,930,928,926,-1
5696,933,931,929,-1
5697,936,934,932,-1
5698,939,937,935,-1
5699,942,940,938,-1
5700,945,943,941,-1
5701,948,946,944,-1
5702,951,949,947,-1
5703,954,952,950,-1
5704,957,955,953,-1
5705,966,958,956,-1
5706,969,967,959,-1
5707,972,970,968,-1
5708,975,973,971,-1
5709,978,976,974,-1
5710,981,979,977,-1
5711,984,982,980,-1
5712,987,985,983,-1
5713,990,988,986,-1
5714,993,991,989,-1
5715,996,994,992,-1
5716,999,997,995,-1
5717,1002,1000,998,-1
5718,1005,1003,1001,-1
5719,1008,1006,1004,-1
5720,1011,1009,1007,-1
5721,1014,1012,1010,-1
5722,1017,1015,1013,-1
5723,1020,1018,1016,-1
5724,1023,1021,1019,-1
5725,1026,1024,1022,-1
5726,1029,1027,1025,-1
5727,1032,1030,1028,-1
5728,1035,1033,1031,-1
5729,1038,1036,1034,-1
5730,1041,1039,1037,-1
5731,1044,1042,1040,-1
5732,1047,1045,1043,-1
5733,1050,1048,1046,-1
5734,1053,1051,1049,-1
5735,1062,1054,1052,-1
5736,1065,1063,1055,-1
5737,1068,1066,1064,-1
5738,1071,1069,1067,-1
5739,1074,1072,1070,-1
5740,1077,1075,1073,-1
5741,1080,1078,1076,-1
5742,1083,1081,1079,-1
5743,1086,1084,1082,-1
5744,1089,1087,1085,-1
5745,1092,1090,1088,-1
5746,1095,1093,1091,-1
5747,1098,1096,1094,-1
5748,1101,1099,1097,-1
5749,1104,1102,1100,-1
5750,1107,1105,1103,-1
5751,1110,1108,1106,-1
5752,1113,1111,1109,-1
5753,1116,1114,1112,-1
5754,1119,1117,1115,-1
5755,1122,1120,1118,-1
5756,1125,1123,1121,-1
5757,1128,1126,1124,-1
5758,1131,1129,1127,-1
5759,1134,1132,1130,-1
5760,1137,1135,1133,-1
5761,1140,1138,1136,-1
5762,1143,1141,1139,-1
5763,1146,1144,1142,-1
5764,1149,1147,1145,-1
5765,1158,1150,1148,-1
5766,1161,1159,1151,-1
5767,1164,1162,1160,-1
5768,1167,1165,1163,-1
5769,1170,1168,1166,-1
5770,1173,1171,1169,-1
5771,1176,1174,1172,-1
5772,1179,1177,1175,-1
5773,1182,1180,1178,-1
5774,1185,1183,1181,-1
5775,1188,1186,1184,-1
5776,1191,1189,1187,-1
5777,1194,1192,1190,-1
5778,1197,1195,1193,-1
5779,1200,1198,1196,-1
5780,1203,1201,1199,-1
5781,1206,1204,1202,-1
5782,1209,1207,1205,-1
5783,1212,1210,1208,-1
5784,1215,1213,1211,-1
5785,1218,1216,1214,-1
5786,1221,1219,1217,-1
5787,1224,1222,1220,-1
5788,1227,1225,1223,-1
5789,1230,1228,1226,-1
5790,1233,1231,1229,-1
5791,1236,1234,1232,-1
5792,1239,1237,1235,-1
5793,1242,1240,1238,-1
5794,1245,1243,1241,-1
5795,1254,1246,1244,-1
5796,1257,1255,1247,-1
5797,1260,1258,1256,-1
5798,1263,1261,1259,-1
5799,1266,1264,1262,-1
5800,1269,1267,1265,-1
5801,1272,1270,1268,-1
5802,1275,1273,1271,-1
5803,1278,1276,1274,-1
5804,1281,1279,1277,-1
5805,1284,1282,1280,-1
5806,1287,1285,1283,-1
5807,1290,1288,1286,-1
5808,1293,1291,1289,-1
5809,1296,1294,1292,-1
5810,1299,1297,1295,-1
5811,1302,1300,1298,-1
5812,1305,1303,1301,-1
5813,1308,1306,1304,-1
5814,1311,1309,1307,-1
5815,1314,1312,1310,-1
5816,1317,1315,1313,-1
5817,1320,1318,1316,-1
5818,1323,1321,1319,-1
5819,1326,1324,1322,-1
5820,1329,1327,1325,-1
5821,1332,1330,1328,-1
5822,1335,1333,1331,-1
5823,1338,1336,1334,-1
5824,1341,1339,1337,-1
5825,1350,1342,1340,-1
5826,1353,1351,1343,-1
5827,1356,1354,1352,-1
5828,1359,1357,1355,-1
5829,1362,1360,1358,-1
5830,1365,1363,1361,-1
5831,1368,1366,1364,-1
5832,1371,1369,1367,-1
5833,1374,1372,1370,-1
5834,1377,1375,1373,-1
5835,1380,1378,1376,-1
5836,1383,1381,1379,-1
5837,1386,1384,1382,-1
5838,1389,1387,1385,-1
5839,1392,1390,1388,-1
5840,1395,1393,1391,-1
5841,1398,1396,1394,-1
5842,1401,1399,1397,-1
5843,1404,1402,1400,-1
5844,1407,1405,1403,-1
5845,1410,1408,1406,-1
5846,1413,1411,1409,-1
5847,1416,1414,1412,-1
5848,1419,1417,1415,-1
5849,1422,1420,1418,-1
5850,1425,1423,1421,-1
5851,1428,1426,1424,-1
5852,1431,1429,1427,-1
5853,1434,1432,1430,-1
5854,1437,1435,1433,-1
5855,1446,1438,1436,-1
5856,1449,1447,1439,-1
5857,1452,1450,1448,-1
5858,1455,1453,1451,-1
5859,1458,1456,1454,-1
5860,1461,1459,1457,-1
5861,1464,1462,1460,-1
5862,1467,1465,1463,-1
5863,1470,1468,1466,-1
5864,1473,1471,1469,-1
5865,1476,1474,1472,-1
5866,1479,1477,1475,-1
5867,1482,1480,1478,-1
5868,1485,1483,1481,-1
5869,1488,1486,1484,-1
5870,1491,1489,1487,-1
5871,1494,1492,1490,-1
5872,1497,1495,1493,-1
5873,1500,1498,1496,-1
5874,1503,1501,1499,-1
5875,1506,1504,1502,-1
5876,1509,1507,1505,-1
5877,1512,1510,1508,-1
5878,1515,1513,1511,-1
5879,1518,1516,1514,-1
5880,1521,1519,1517,-1
5881,1524,1522,1520,-1
5882,1527,1525,1523,-1
5883,1530,1528,1526,-1
5884,1533,1531,1529,-1
5885,1542,1534,1532,-1
5886,1545,1543,1535,-1
5887,1548,1546,1544,-1
5888,1551,1549,1547,-1
5889,1554,1552,1550,-1
5890,1557,1555,1553,-1
5891,1560,1558,1556,-1
5892,1563,1561,1559,-1
5893,1566,1564,1562,-1
5894,1569,1567,1565,-1
5895,1572,1570,1568,-1
5896,1575,1573,1571,-1
5897,1578,1576,1574,-1
5898,1581,1579,1577,-1
5899,1584,1582,1580,-1
5900,1587,1585,1583,-1
5901,1590,1588,1586,-1
5902,1593,1591,1589,-1
5903,1596,1594,1592,-1
5904,1599,1597,1595,-1
5905,1602,1600,1598,-1
5906,1605,1603,1601,-1
5907,1608,1606,1604,-1
5908,1611,1609,1607,-1
5909,1614,1612,1610,-1
5910,1617,1615,1613,-1
5911,1620,1618,1616,-1
5912,1623,1621,1619,-1
5913,1626,1624,1622,-1
5914,1629,1627,1625,-1
5915,1638,1630,1628,-1
5916,1641,1639,1631,-1
5917,1644,1642,1640,-1
5918,1647,1645,1643,-1
5919,1650,1648,1646,-1
5920,1653,1651,1649,-1
5921,1656,1654,1652,-1
5922,1659,1657,1655,-1
5923,1662,1660,1658,-1
5924,1665,1663,1661,-1
5925,1668,1666,1664,-1
5926,1671,1669,1667,-1
5927,1674,1672,1670,-1
5928,1677,1675,1673,-1
5929,1680,1678,1676,-1
5930,1683,1681,1679,-1
5931,1686,1684,1682,-1
5932,1689,1687,1685,-1
5933,1692,1690,1688,-1
5934,1695,1693,1691,-1
5935,1698,1696,1694,-1
5936,1701,1699,1697,-1
5937,1704,1702,1700,-1
5938,1707,1705,1703,-1
5939,1710,1708,1706,-1
5940,1713,1711,1709,-1
5941,1716,1714,1712,-1
5942,1719,1717,1715,-1
5943,1722,1720,1718,-1
5944,1725,1723,1721,-1
5945,1734,1726,1724,-1
5946,1737,1735,1727,-1
5947,1740,1738,1736,-1
5948,1743,1741,1739,-1
5949,1746,1744,1742,-1
5950,1749,1747,1745,-1
5951,1752,1750,1748,-1
5952,1755,1753,1751,-1
5953,1758,1756,1754,-1
5954,1761,1759,1757,-1
5955,1764,1762,1760,-1
5956,1767,1765,1763,-1
5957,1770,1768,1766,-1
5958,1773,1771,1769,-1
5959,1776,1774,1772,-1
5960,1779,1777,1775,-1
5961,1782,1780,1778,-1
5962,1785,1783,1781,-1
5963,1788,1786,1784,-1
5964,1791,1789,1787,-1
5965,1794,1792,1790,-1
5966,1797,1795,1793,-1
5967,1800,1798,1796,-1
5968,1803,1801,1799,-1
5969,1806,1804,1802,-1
5970,1809,1807,1805,-1
5971,1812,1810,1808,-1
5972,1815,1813,1811,-1
5973,1818,1816,1814,-1
5974,1821,1819,1817,-1
5975,1830,1822,1820,-1
5976,1833,1831,1823,-1
5977,1836,1834,1832,-1
5978,1839,1837,1835,-1
5979,1842,1840,1838,-1
5980,1845,1843,1841,-1
5981,1848,1846,1844,-1
5982,1851,1849,1847,-1
5983,1854,1852,1850,-1
5984,1857,1855,1853,-1
5985,1860,1858,1856,-1
5986,1863,1861,1859,-1
5987,1866,1864,1862,-1
5988,1869,1867,1865,-1
5989,1872,1870,1868,-1
5990,1875,1873,1871,-1
5991,1878,1876,1874,-1
5992,1881,1879,1877,-1
5993,1884,1882,1880,-1
5994,1887,1885,1883,-1
5995,1890,1888,1886,-1
5996,1893,1891,1889,-1
5997,1896,1894,1892,-1
5998,1899,1897,1895,-1
5999,1902,1900,1898,-1
6000,1905,1903,1901,-1
6001,1908,1906,1904,-1
6002,1911,1909,1907,-1
6003,1914,1912,1910,-1
6004,1917,1915,1913,-1
6005,1926,1918,1916,-1
6006,1929,1927,1919,-1
6007,1932,1930,1928,-1
6008,1935,1933,1931,-1
6009,1938,1936,1934,-1
6010,1941,1939,1937,-1
6011,1944,1942,1940,-1
6012,1947,1945,1943,-1
6013,1950,1948,1946,-1
6014,1953,1951,1949,-1
6015,1956,1954,1952,-1
6016,1959,1957,1955,-1
6017,1962,1960,1958,-1
6018,1965,1963,1961,-1
6019,1968,1966,1964,-1
6020,1971,1969,1967,-1
6021,1974,1972,1970,-1
6022,1977,1975,1973,-1
6023,1980,1978,1976,-1
6024,1983,1981,1979,-1
6025,1986,1984,1982,-1
6026,1989,1987,1985,-1
6027,1992,1990,1988,-1
6028,1995,1993,1991,-1
6029,1998,1996,1994,-1
6030,2001,1999,1997,-1
6031,2004,2002,2000,-1
6032,2007,2005,2003,-1
6033,2010,2008,2006,-1
6034,2013,2011,2009,-1
6035,2022,2014,2012,-1
6036,2025,2023,2015,-1
6037,2028,2026,2024,-1
6038,2031,2029,2027,-1
6039,2034,2032,2030,-1
6040,2037,2035,2033,-1
6041,2040,2038,2036,-1
6042,2043,2041,2039,-1
6043,2046,2044,2042,-1
6044,2049,2047,2045,-1
6045,2052,2050,2048,-1
6046,2055,2053,2051,-1
6047,2058,2056,2054,-1
6048,2061,2059,2057,-1
6049,2064,2062,2060,-1
6050,2067,2065,2063,-1
6051,2070,2068,2066,-1
6052,2073,2071,2069,-1
6053,2076,2074,2072,-1
6054,2079,2077,2075,-1
6055,2082,2080,2078,-1
6056,2085,2083,2081,-1
6057,2088,2086,2084,-1
6058,2091,2089,2087,-1
6059,2094,2092,2090,-1
6060,2097,2095,2093,-1
6061,2100,2098,2096,-1
6062,2103,2101,2099,-1
6063,2106,2104,2102,-1
6064,2109,2107,2105,-1
6065,2118,2110,2108,-1
6066,2121,2119,2111,-1
6067,2124,2122,2120,-1
6068,2127,2125,2123,-1
6069,2130,2128,2126,-1
6070,2133,2131,2129,-1
6071,2136,2134,2132,-1
6072,2139,2137,2135,-1
6073,2142,2140,2138,-1
6074,2145,2143,2141,-1
6075,2148,2146,2144,-1
6076,2151,2149,2147,-1
6077,2154,2152,2150,-1
6078,2157,2155,2153,-1
6079,2160,2158,2156,-1
6080,2163,2161,2159,-1
6081,2166,2164,2162,-1
6082,2169,2167,2165,-1
6083,2172,2170,2168,-1
6084,2175,2173,2171,-1
6085,2178,2176,2174,-1
6086,2181,2179,2177,-1
6087,2184,2182,2180,-1
6088,2187,2185,2183,-1
6089,2190,2188,2186,-1
6090,2193,2191,2189,-1
6091,2196,2194,2192,-1
6092,2199,2197,2195,-1
6093,2202,2200,2198,-1
6094,2205,2203,2201,-1
6095,2214,2206,2204,-1
6096,2217,2215,2207,-1
6097,2220,2218,2216,-1
6098,2223,2221,2219,-1
6099,2226,2224,2222,-1
6100,2229,2227,2225,-1
6101,2232,2230,2228,-1
6102,2235,2233,2231,-1
6103,2238,2236,2234,-1
6104,2241,2239,2237,-1
6105,2244,2242,2240,-1
6106,2247,2245,2243,-1
6107,2250,2248,2246,-1
6108,2253,2251,2249,-1
6109,2256,2254,2252,-1
6110,2259,2257,2255,-1
6111,2262,2260,2258,-1
6112,2265,2263,2261,-1
6113,2268,2266,2264,-1
6114,2271,2269,2267,-1
6115,2274,2272,2270,-1
6116,2277,2275,2273,-1
6117,2280,2278,2276,-1
6118,2283,2281,2279,-1
6119,2286,2284,2282,-1
6120,2289,2287,2285,-1
6121,2292,2290,2288,-1
6122,2295,2293,2291,-1
6123,2298,2296,2294,-1
6124,2301,2299,2297,-1
6125,2310,2302,2300,-1
6126,2313,2311,2303,-1
6127,2316,2314,2312,-1
6128,2319,2317,2315,-1
6129,2322,2320,2318,-1
6130,2325,2323,2321,-1
6131,2328,2326,2324,-1
6132,2331,2329,2327,-1
6133,2334,2332,2330,-1
6134,2337,2335,2333,-1
6135,2340,2338,2336,-1
6136,2343,2341,2339,-1
6137,2346,2344,2342,-1
6138,2349,2347,2345,-1
6139,2352,2350,2348,-1
6140,2355,2353,2351,-1
6141,2358,2356,2354,-1
6142,2361,2359,2357,-1
6143,2364,2362,2360,-1
6144,2367,2365,2363,-1
6145,2370,2368,2366,-1
6146,2373,2371,2369,-1
6147,2376,2374,2372,-1
6148,2379,2377,2375,-1
6149,2382,2380,2378,-1
6150,2385,2383,2381,-1
6151,2388,2386,2384,-1
6152,2391,2389,2387,-1
6153,2394,2392,2390,-1
6154,2397,2395,2393,-1
6155,2406,2398,2396,-1
6156,2409,2407,2399,-1
6157,2412,2410,2408,-1
6158,2415,2413,2411,-1
6159,2418,2416,2414,-1
6160,2421,2419,2417,-1
6161,2424,2422,2420,-1
6162,2427,2425,2423,-1
6163,2430,2428,2426,-1
6164,2433,2431,2429,-1
6165,2436,2434,2432,-1
6166,2439,2437,2435,-1
6167,2442,2440,2438,-1
6168,2445,2443,2441,-1
6169,2448,2446,2444,-1
6170,2451,2449,2447,-1
6171,2454,2452,2450,-1
6172,2457,2455,2453,-1
6173,2460,2458,2456,-1
6174,2463,2461,2459,-1
6175,2466,2464,2462,-1
6176,2469,2467,2465,-1
6177,2472,2470,2468,-1
6178,2475,2473,2471,-1
6179,2478,2476,2474,-1
6180,2481,2479,2477,-1
6181,2484,2482,2480,-1
6182,2487,2485,2483,-1
6183,2490,2488,2486,-1
6184,2493,2491,2489,-1
6185,2502,2494,2492,-1
6186,2505,2503,2495,-1
6187,2508,2506,2504,-1
6188,2511,2509,2507,-1
6189,2514,2512,2510,-1
6190,2517,2515,2513,-1
6191,2520,2518,2516,-1
6192,2523,2521,2519,-1
6193,2526,2524,2522,-1
6194,2529,2527,2525,-1
6195,2532,2530,2528,-1
6196,2535,2533,2531,-1
6197,2538,2536,2534,-1
6198,2541,2539,2537,-1
6199,2544,2542,2540,-1
6200,2547,2545,2543,-1
6201,2550,2548,2546,-1
6202,2553,2551,2549,-1
6203,2556,2554,2552,-1
6204,2559,2557,2555,-1
6205,2562,2560,2558,-1
6206,2565,2563,2561,-1
6207,2568,2566,2564,-1
6208,2571,2569,2567,-1
6209,2574,2572,2570,-1
6210,2577,2575,2573,-1
6211,2580,2578,2576,-1
6212,2583,2581,2579,-1
6213,2586,2584,2582,-1
6214,2589,2587,2585,-1
6215,2598,2590,2588,-1
6216,2601,2599,2591,-1
6217,2604,2602,2600,-1
6218,2607,2605,2603,-1
6219,2610,2608,2606,-1
6220,2613,2611,2609,-1
6221,2616,2614,2612,-1
6222,2619,2617,2615,-1
6223,2622,2620,2618,-1
6224,2625,2623,2621,-1
6225,2628,2626,2624,-1
6226,2631,2629,2627,-1
6227,2634,2632,2630,-1
6228,2637,2635,2633,-1
6229,2640,2638,2636,-1
6230,2643,2641,2639,-1
6231,2646,2644,2642,-1
6232,2649,2647,2645,-1
6233,2652,2650,2648,-1
6234,2655,2653,2651,-1
6235,2658,2656,2654,-1
6236,2661,2659,2657,-1
6237,2664,2662,2660,-1
6238,2667,2665,2663,-1
6239,2670,2668,2666,-1
6240,2673,2671,2669,-1
6241,2676,2674,2672,-1
6242,2679,2677,2675,-1
6243,2682,2680,2678,-1
6244,2685,2683,2681,-1
6245,2694,2686,2684,-1
6246,2697,2695,2687,-1
6247,2700,2698,2696,-1
6248,2703,2701,2699,-1
6249,2706,2704,2702,-1
6250,2709,2707,2705,-1
6251,2712,2710,2708,-1
6252,2715,2713,2711,-1
6253,2718,2716,2714,-1
6254,2721,2719,2717,-1
6255,2724,2722,2720,-1
6256,2727,2725,2723,-1
6257,2730,2728,2726,-1
6258,2733,2731,2729,-1
6259,2736,2734,2732,-1
6260,2739,2737,2735,-1
6261,2742,2740,2738,-1
6262,2745,2743,2741,-1
6263,2748,2746,2744,-1
6264,2751,2749,2747,-1
6265,2754,2752,2750,-1
6266,2757,2755,2753,-1
6267,2760,2758,2756,-1
6268,2763,2761,2759,-1
6269,2766,2764,2762,-1
6270,2769,2767,2765,-1
6271,2772,2770,2768,-1
6272,2775,2773,2771,-1
6273,2778,2776,2774,-1
6274,2781,2779,2777,-1
6275,2790,2782,2780,-1
6276,2793,2791,2783,-1
6277,2796,2794,2792,-1
6278,2799,2797,2795,-1
6279,2802,2800,2798,-1
6280,2805,2803,2801,-1
6281,2808,2806,2804,-1
6282,2811,2809,2807,-1
6283,2814,2812,2810,-1
6284,2817,2815,2813,-1
6285,2820,2818,2816,-1
6286,2823,2821,2819,-1
6287,2826,2824,2822,-1
6288,2829,2827,2825,-1
6289,2832,2830,2828,-1
6290,2835,2833,2831,-1
6291,2838,2836,2834,-1
6292,2841,2839,2837,-1
6293,2844,2842,2840,-1
6294,2847,2845,2843,-1
6295,2850,2848,2846,-1
6296,2853,2851,2849,-1
6297,2856,2854,2852,-1
6298,2859,2857,2855,-1
6299,2862,2860,2858,-1
6300,2865,2863,2861,-1
6301,2868,2866,2864,-1
6302,2871,2869,2867,-1
6303,2874,2872,2870,-1
6304,2877,2875,2873,-1
6305,2886,2878,2876,-1
6306,2889,2887,2879,-1
6307,2892,2890,2888,-1
6308,2895,2893,2891,-1
6309,2898,2896,2894,-1
6310,2901,2899,2897,-1
6311,2904,2902,2900,-1
6312,2907,2905,2903,-1
6313,2910,2908,2906,-1
6314,2913,2911,2909,-1
6315,2916,2914,2912,-1
6316,2919,2917,2915,-1
6317,2922,2920,2918,-1
6318,2925,2923,2921,-1
6319,2928,2926,2924,-1
6320,2931,2929,2927,-1
6321,2934,2932,2930,-1
6322,2937,2935,2933,-1
6323,2940,2938,2936,-1
6324,2943,2941,2939,-1
6325,2946,2944,2942,-1
6326,2949,2947,2945,-1
6327,2952,2950,2948,-1
6328,2955,2953,2951,-1
6329,2958,2956,2954,-1
6330,2961,2959,2957,-1
6331,2964,2962,2960,-1
6332,2967,2965,2963,-1
6333,2970,2968,2966,-1
6334,2973,2971,2969,-1
6335,2982,2974,2972,-1
6336,2985,2983,2975,-1
6337,2988,2986,2984,-1
6338,2991,2989,2987,-1
6339,2994,2992,2990,-1
6340,2997,2995,2993,-1
6341,3000,2998,2996,-1
6342,3003,3001,2999,-1
6343,3006,3004,3002,-1
6344,3009,3007,3005,-1
6345,3012,3010,3008,-1
6346,3015,3013,3011,-1
6347,3018,3016,3014,-1
6348,3021,3019,3017,-1
6349,3024,3022,3020,-1
6350,3027,3025,3023,-1
6351,3030,3028,3026,-1
6352,3033,3031,3029,-1
6353,3036,3034,3032,-1
6354,3039,3037,3035,-1
6355,3042,3040,3038,-1
6356,3045,3043,3041,-1
6357,3048,3046,3044,-1
6358,3051,3049,3047,-1
6359,3054,3052,3050,-1
6360,3057,3055,3053,-1
6361,3060,3058,3056,-1
6362,3063,3061,3059,-1
6363,3066,3064,3062,-1
6364,3069,3067,3065,-1
6365,-1,3070,3068,-1
6366,-1,-1,3071,-1
6367,-1,-1,-1,-1
6368,-1,-1,-1,-1
6369,-1,-1,-1,-1
6370,-1,-1,-1,-1
6371,-1,-1,-1,-1
6372,-1,-1,-1,-1
6373,-1,-1,-1,-1
6374,-1,-1,-1,-1
6375,0,-1,-1,-1
6376,3,1,-1,-1
6377,6,4,2,-1
6378,9,7,5,3
6379,12,10,8,6
6380,15,13,11,9
6381,18,16,14,12
6382,21,19,17,15
6383,24,22,20,18
6384,27,25,23,21
6385,30,28,26,24
6386,33,31,29,27
6387,36,34,32,30
6388,39,37,35,33
6389,42,40,38,36
6390,45,43,41,39
6391,48,46,44,42
6392,51,49,47,45
6393,54,52,50,48
6394,57,55,53,51
6395,60,58,56,54
6396,63,61,59,57
6397,66,64,62,60
6398,69,67,65,63
6399,72,70,68,66
6400,75,73,71,69
6401,78,76,74,72
6402,81,79,77,75
6403,84,82,80,78
6404,87,85,83,81
6405,96,88,86,84
6406,99,97,89,87
6407,102,100,98,90
6408,105,103,101,99
6409,108,106,104,102
6410,111,109,107,105
6411,114,112,110,108
6412,117,115,113,111
6413,120,118,116,114
6414,123,121,119,117
6415,126,124,122,120
6416,129,127,125,123
6417,132,130,128,126
6418,135,133,131,129
6419,138,136,134,132
6420,141,139,137,135
6421,144,142,140,138
6422,147,145,143,141
6423,150,148,146,144
6424,153,151,149,147
6425,156,154,152,150
6426,159,157,155,153
6427,162,160,158,156
6428,165,163,161,159
6429,168,166,164,162
6430,171,169,167,165
6431,174,172,170,168
6432,177,175,173,171
6433,180,178,176,174
6434,183,181,179,177
6435,192,184,182,180
6436,195,193,185,183
6437,198,196,194,186
6438,201,199,197,195
6439,204,202,200,198
6440,207,205,203,201
6441,210,208,206,204
6442,213,211,209,207
6443,216,214,212,210
6444,219,217,215,213
6445,222,220,218,216
6446,225,223,221,219
6447,228,226,224,222
6448,231,229,227,225
6449,234,232,230,228
6450,237,235,233,231
6451,240,238,236,234
6452,243,241,239,237
6453,246,244,242,240
6454,249,247,245,243
6455,252,250,248,246
6456,255,253,251,249
6457,258,256,254,252
6458,261,259,257,255
6459,264,262,260,258
6460,267,265,263,261
6461,270,268,266,264
6462,273,271,269,267
6463,276,274,272,270
6464,279,277,275,273
6465,288,280,278,276
6466,291,289,281,279
6467,294,292,290,282
6468,297,295,293,291
6469,300,298,296,294
6470,303,301,299,297
6471,306,304,302,300
6472,309,307,305,303
6473,312,310,308,306
6474,315,313,311,309
6475,318,316,314,312
6476,321,319,317,315
6477,324,322,320,318
6478,327,325,323,321
6479,330,328,326,324
6480,333,331,329,327
6481,336,334,332,330
6482,339,337,335,333
6483,342,340,338,336
6484,345,343,341,339
6485,348,346,344,342
6486,351,349,347,345
6487,354,352,350,348
6488,357,355,353,351
6489,360,358,356,354
6490,363,361,359,357
6491,366,364,362,360
6492,369,367,365,363
6493,372,370,368,366
6494,375,373,371,369
6495,384,376,374,372
6496,387,385,377,375
6497,390,388,386,378
6498,393,391,389,387
6499,396,394,392,390
6500,399,397,395,393
6501,402,400,398,396
6502,405,403,401,399
6503,408,406,404,402
6504,411,409,407,405
6505,414,412,410,408
6506,417,415,413,411
6507,420,418,416,414
6508,423,421,419,417
6509,426,424,422,420
6510,429,427,425,423
6511,432,430,428,426
6512,435,433,431,429
6513,438,436,434,432
6514,441,439,437,435
6515,444,442,440,438
6516,447,445,443,441
6517,450,448,446,444
6518,453,451,449,447
6519,456,454,452,450
6520,459,457,455,453
6521,462,460,458,456
6522,465,463,461,459
6523,468,466,464,462
6524,471,469,467,465
6525,480,472,470,468
6526,483,481,473,471
6527,486,484,482,474
6528,489,487,485,483
6529,492,490,488,486
6530,495,493,491,489
6531,498,496,494,492
6532,501,499,497,495
6533,504,502,500,498
6534,507,505,503,501
6535,510,508,506,504
6536,513,511,509,507
6537,516,514,512,510
6538,519,517,515,513
6539,522,520,518,516
6540,525,523,521,519
6541,528,526,524,522
6542,531,529,527,525
6543,534,532,530,528
6544,537,535,533,531
6545,540,538,536,534
6546,543,541,539,537
6547,546,544,542,540
6548,549,547,545,543
6549,552,550,548,546
6550,555,553,551,549
6551,558,556,554,552
6552,561,559,557,555
6553,564,562,560,558
6554,567,565,563,561
6555,576,568,566,564
6556,579,577,569,567
6557,582,580,578,570
6558,585,583,581,579
6559,588,586,584,582
6560,591,589,587,585
6561,594,592,590,588
6562,597,595,593,591
6563,600,598,596,594
6564,603,601,599,597
6565,606,604,602,600
6566,609,607,605,603
6567,612,610,608,606
6568,615,613,611,609
6569,618,616,614,612
6570,621,619,617,615
6571,624,622,620,618
6572,627,625,623,621
6573,630,628,626,624
6574,633,631,629,627
6575,636,634,632,630
6576,639,637,635,633
6577,642,640,638,636
6578,645,643,641,639
6579,648,646,644,642
6580,651,649,647,645
6581,654,652,650,648
6582,657,655,653,651
6583,660,658,656,654
6584,663,661,659,657
6585,672,664,662,660
6586,675,673,665,663
6587,678,676,674,666
6588,681,679,677,675
6589,684,682,680,678
6590,687,685,683,681
6591,690,688,686,684
6592,693,691,689,687
6593,696,694,692,690
6594,699,697,695,693
6595,702,700,698,696
6596,705,703,701,699
6597,708,706,704,702
6598,711,709,707,705
6599,714,712,710,708
6600,717,715,713,711
6601,720,718,716,714
6602,723,721,719,717
6603,726,724,722,720
6604,729,727,725,723
6605,732,730,728,726
6606,735,733,731,729
6607,738,736,734,732
6608,741,739,737,735
6609,744,742,740,738
6610,747,745,743,741
6611,750,748,746,744
6612,753,751,749,747
6613,756,754,752,750
6614,759,757,755,753
6615,768,760,758,756
6616,771,769,761,759
6617,774,772,770,762
6618,777,775,773,771
6619,780,778,776,774
6620,783,781,779,777
6621,786,784,782,780
6622,789,787,785,783
6623,792,790,788,786
6624,795,793,791,789
6625,798,796,794,792
6626,801,799,797,795
6627,804,802,800,798
6628,807,805,803,801
6629,810,808,806,804
6630,813,811,809,807
6631,816,814,812,810
6632,819,817,815,813
6633,822,820,818,816
6634,825,823,821,819
6635,828,826,824,822
6636,831,829,827,825
6637,834,832,830,828
6638,837,835,833,831
6639,840,838,836,834
6640,843,841,839,837
6641,846,844,842,840
6642,849,847,845,843
6643,852,850,848,846
6644,855,853,851,849
6645,864,856,854,852
6646,867,865,857,855
6647,870,868,866,858
6648,873,871,869,867
6649,876,874,872,870
6650,879,877,875,873
6651,882,880,878,876
6652,885,883,881,879
6653,888,886,884,882
6654,891,889,887,885
6655,894,892,890,888
6656,897,895,893,891
6657,900,898,896,894
6658,903,901,899,897
6659,906,904,902,900
6660,909,907,905,903
6661,912,910,908,906
6662,915,913,911,909
6663,918,916,914,912
6664,921,919,917,915
6665,924,922,920,918
6666,927,925,923,921
6667,930,928,926,924
6668,933,931,929,927
6669,936,934,932,930
6670,939,937,935,933
6671,942,940,938,936
6672,945,943,941,939
6673,948,946,944,942
6674,951,949,947,945
6675,960,952,950,948
6676,963,961,953,951
6677,966,964,962,954
6678,969,967,965,963
6679,972,970,968,966
6680,975,973,971,969
6681,978,976,974,972
6682,981,979,977,975
6683,984,982,980,978
6684,987,985,983,981
6685,990,988,986,984
6686,993,991,989,987
6687,996,994,992,990
6688,999,997,995,993
6689,1002,1000,998,996
6690,1005,1003,1001,999
6691,1008,1006,1004,1002
6692,1011,1009,1007,1005
6693,1014,1012,1010,1008
6694,1017,1015,1013,1011
6695,1020,1018,1016,1014
6696,1023,1021,1019,1017
6697,1026,1024,1022,1020
6698,1029,1027,1025,1023
6699,1032,1030,1028,1026
6700,1035,1033,1031,1029
6701,1038,1036,1034,1032
6702,1041,1039,1037,1035
6703,1044,1042,1040,1038
6704,1047,1045,1043,1041
6705,1056,1048,1046,1044
6706,1059,1057,1049,1047
6707,1062,1060,1058,1050
6708,1065,1063,1061,1059
6709,1068,1066,1064,1062
6710,1071,1069,1067,1065
6711,1074,1072,1070,1068
6712,1077,1075,1073,1071
6713,1080,1078,1076,1074
6714,1083,1081,1079,1077
6715,1086,1084,1082,1080
6716,1089,1087,1085,1083
6717,1092,1090,1088,1086
6718,1095,1093,1091,1089
6719,1098,1096,1094,1092
6720,1101,1099,1097,1095
6721,1104,1102,1100,1098
6722,1107,1105,1103,1101
6723,1110,1108,1106,1104
6724,1113,1111,1109,1107
6725,1116,1114,1112,1110
6726,1119,1117,1115,1113
6727,1122,1120,1118,1116
6728,1125,1123,1121,1119
6729,1128,1126,1124,1122
6730,1131,1129,1127,1125
6731,1134,1132,1130,1128
6732,1137,1135,1133,1131
6733,1140,1138,1136,1134
6734,1143,1141,1139,1137
6735,1152,1144,1142,1140
6736,1155,1153,1145,1143
6737,1158,1156,1154,1146
6738,1161,1159,1157,1155
6739,1164,1162,1160,1158
6740,1167,1165,1163,1161
6741,1170,1168,1166,1164
6742,1173,1171,1169,1167
6743,1176,1174,1172,1170
6744,1179,1177,1175,1173
6745,1182,1180,1178,1176
6746,1185,1183,1181,1179
6747,1188,1186,1184,1182
6748,1191,1189,1187,1185
6749,1194,1192,1190,1188
6750,1197,1195,1193,1191
6751,1200,1198,1196,1194
6752,1203,1201,1199,1197
6753,1206,1204,1202,1200
6754,1209,1207,1205,1203
6755,1212,1210,1208,1206
6756,1215,1213,1211,1209
6757,1218,1216,1214,1212
6758,1221,1219,1217,1215
6759,1224,1222,1220,1218
6760,1227,1225,1223,1221
6761,1230,1228,1226,1224
6762,1233,1231,1229,1227
6763,1236,1234,1232,1230
6764,1239,1237,1235,1233
6765,1248,1240,1238,1236
6766,1251,1249,1241,1239
6767,1254,1252,1250,1242
6768,1257,1255,1253,1251
6769,1260,1258,1256,1254
6770,1263,1261,1259,1257
6771,1266,1264,1262,1260
6772,1269,1267,1265,1263
6773,1272,1270,1268,1266
6774,1275,1273,1271,1269
6775,1278,1276,1274,1272
6776,1281,1279,1277,1275
6777,1284,1282,1280,1278
6778,1287,1285,1283,1281
6779,1290,1288,1286,1284
6780,1293,1291,1289,1287
6781,1296,1294,1292,1290
6782,1299,1297,1295,1293
6783,1302,1300,1298,1296
6784,1305,1303,1301,1299
6785,1308,1306,1304,1302
6786,1311,1309,1307,1305
6787,1314,1312,1310,1308
6788,1317,1315,1313,1311
6789,1320,1318,1316,1314
6790,1323,1321,1319,1317
6791,1326,1324,1322,1320
6792,1329,1327,1325,1323
6793,1332,1330,1328,1326
6794,1335,1333,1331,1329
6795,1344,1336,1334,1332
6796,1347,1345,1337,1335
6797,1350,1348,1346,1338
6798,1353,1351,1349,1347
6799,1356,1354,1352,1350
6800,1359,1357,1355,1353
6801,1362,1360,1358,1356
6802,1365,1363,1361,1359
6803,1368,1366,1364,1362
6804,1371,1369,1367,1365
6805,1374,1372,1370,1368
6806,1377,1375,1373,1371
6807,1380,1378,1376,1374
6808,1383,1381,1379,1377
6809,1386,1384,1382,1380
6810,1389,1387,1385,1383
6811,1392,1390,1388,1386
6812,1395,1393,1391,1389
6813,1398,1396,1394,1392
6814,1401,1399,1397,1395
6815,1404,1402,1400,1398
6816,1407,1405,1403,1401
6817,1410,1408,1406,1404
6818,1413,1411,1409,1407
6819,1416,1414,1412,1410
6820,1419,1417,1415,1413
6821,1422,1420,1418,1416
6822,1425,1423,1421,1419
6823,1428,1426,1424,1422
6824,1431,1429,1427,1425
6825,1440,1432,1430,1428
6826,1443,1441,1433,1431
6827,1446,1444,1442,1434
6828,1449,1447,1445,1443
6829,1452,1450,1448,1446
6830,1455,1453,1451,1449
6831,1458,1456,1454,1452
6832,1461,1459,1457,1455
6833,1464,1462,1460,1458
6834,1467,1465,1463,1461
6835,1470,1468,1466,1464
6836,1473,1471,1469,1467
6837,1476,1474,1472,1470
6838,1479,1477,1475,1473
6839,1482,1480,1478,1476
6840,1485,1483,1481,1479
6841,1488,1486,1484,1482
6842,1491,1489,1487,1485
6843,1494,1492,1490,1488
6844,1497,1495,1493,1491
6845,1500,1498,1496,1494
6846,1503,1501,1499,1497
6847,1506,1504,1502,1500
6848,1509,1507,1505,1503
6849,1512,1510,1508,1506
6850,1515,1513,1511,1509
6851,1518,1516,1514,1512
6852,1521,1519,1517,1515
6853,1524,1522,1520,1518
6854,1527,1525,1523,1521
6855,1536,1528,1526,1524
6856,1539,1537,1529,1527
6857,1542,1540,1538,1530
6858,1545,1543,1541,1539
6859,1548,1546,1544,1542
6860,1551,1549,1547,1545
6861,1554,1552,1550,1548
6862,1557,1555,1553,1551
6863,1560,1558,1556,1554
6864,1563,1561,1559,1557
6865,1566,1564,1562,1560
6866,1569,1567,1565,1563
6867,1572,1570,1568,1566
6868,1575,1573,1571,1569
6869,1578,1576,1574,1572
6870,1581,1579,1577,1575
6871,1584,1582,1580,1578
6872,1587,1585,1583,1581
6873,1590,1588,1586,1584
6874,1593,1591,1589,1587
6875,1596,1594,1592,1590
6876,1599,1597,1595,1593
6877,1602,1600,1598,1596
6878,1605,1603,1601,1599
6879,1608,1606,1604,1602
6880,1611,1609,1607,1605
6881,1614,1612,1610,1608
6882,1617,1615,1613,1611
6883,1620,1618,1616,1614
6884,1623,1621,1619,1617
6885,1632,1624,1622,1620
6886,1635,1633,1625,1623
6887,1638,1636,1634,1626
6888,1641,1639,1637,1635
6889,1644,1642,1640,1638
6890,1647,1645,1643,1641
6891,1650,1648,1646,1644
6892,1653,1651,1649,1647
6893,1656,1654,1652,1650
6894,1659,1657,1655,1653
6895,1662,1660,1658,1656
6896,1665,1663,1661,1659
6897,1668,1666,1664,1662
6898,1671,1669,1667,1665
6899,1674,1672,1670,1668
6900,1677,1675,1673,1671
6901,1680,1678,1676,1674
6902,1683,1681,1679,1677
6903,1686,1684,1682,1680
6904,1689,1687,1685,1683
6905,1692,1690,1688,1686
6906,1695,1693,1691,1689
6907,1698,1696,1694,1692
6908,1701,1699,1697,1695
6909,1704,1702,1700,1698
6910,1707,1705,1703,1701
6911,1710,1708,1706,1704
6912,1713,1711,1709,1707
6913,1716,1714,1712,1710
6914,1719,1717,1715,1713
6915,1728,1720,1718,1716
6916,1731,1729,1721,1719
6917,1734,1732,1730,1722
6918,1737,1735,1733,1731
6919,1740,1738,1736,1734
6920,1743,1741,1739,1737
6921,1746,1744,1742,1740
6922,1749,1747,1745,1743
6923,1752,1750,1748,1746
6924,1755,1753,1751,1749
6925,1758,1756,1754,1752
6926,1761,1759,1757,1755
6927,1764,1762,1760,1758
6928,1767,1765,1763,1761
6929,1770,1768,1766,1764
6930,1773,1771,1769,1767
6931,1776,1774,1772,1770
6932,1779,1777,1775,1773
6933,1782,1780,1778,1776
6934,1785,1783,1781,1779
6935,1788,1786,1784,1782
6936,1791,1789,1787,1785
6937,1794,1792,1790,1788
6938,1797,1795,1793,1791
6939,1800,1798,1796,1794
6940,1803,1801,1799,1797
6941,1806,1804,1802,1800
6942,1809,1807,1805,1803
6943,1812,1810,1808,1806
6944,1815,1813,1811,1809
6945,1824,1816,1814,1812
6946,1827,1825,1817,1815
6947,1830,1828,1826,1818
6948,1833,1831,1829,1827
6949,1836,1834,1832,1830
6950,1839,1837,1835,1833
6951,1842,1840,1838,1836
6952,1845,1843,1841,1839
6953,1848,1846,1844,1842
6954,1851,1849,1847,1845
6955,1854,1852,1850,1848
6956,1857,1855,1853,1851
6957,1860,1858,1856,1854
6958,1863,1861,1859,1857
6959,1866,1864,1862,1860
6960,1869,1867,1865,1863
6961,1872,1870,1868,1866
6962,1875,1873,1871,1869
6963,1878,1876,1874,1872
6964,1881,1879,1877,1875
6965,1884,1882,1880,1878
6966,1887,1885,1883,1881
6967,1890,1888,1886,1884
6968,1893,1891,1889,1887
6969,1896,1894,1892,1890
6970,1899,1897,1895,1893
6971,1902,1900,1898,1896
6972,1905,1903,1901,1899
6973,1908,1906,1904,1902
6974,1911,1909,1907,1905
6975,1920,1912,1910,1908
6976,1923,1921,1913,1911
6977,1926,1924,1922,1914
6978,1929,1927,1925,1923
6979,1932,1930,1928,1926
6980,1935,1933,1931,1929
6981,1938,1936,1934,1932
6982,1941,1939,1937,1935
6983,1944,1942,1940,1938
6984,1947,1945,1943,1941
6985,1950,1948,1946,1944
6986,1953,1951,1949,1947
6987,1956,1954,1952,1950
6988,1959,1957,1955,1953
6989,1962,1960,1958,1956
6990,1965,1963,1961,1959
6991,1968,1966,1964,1962
6992,1971,1969,1967,1965
6993,1974,1972,1970,1968
6994,1977,1975,1973,1971
6995,1980,1978,1976,1974
6996,1983,1981,1979,1977
6997,1986,1984,1982,1980
6998,1989,1987,1985,1983
6999,1992,1990,1988,1986
7000,1995,1993,1991,1989
7001,1998,1996,1994,1992
7002,2001,1999,1997,1995
7003,2004,2002,2000,1998
7004,2007,2005,2003,2001
7005,2016,2008,2006,2004
7006,2019,2017,2009,2007
7007,2022,2020,2018,2010
7008,2025,2023,2021,2019
7009,2028,2026,2024,2022
7010,2031,2029,2027,2025
7011,2034,2032,2030,2028
7012,2037,2035,2033,2031
7013,2040,2038,2036,2034
7014,2043,2041,2039,2037
7015,2046,2044,2042,2040
7016,2049,2047,2045,2043
7017,2052,2050,2048,2046
7018,2055,2053,2051,2049
7019,2058,2056,2054,2052
7020,2061,2059,2057,2055
7021,2064,2062,2060,2058
7022,2067,2065,2063,2061
7023,2070,2068,2066,2064
7024,2073,2071,2069,2067
7025,2076,2074,2072,2070
7026,2079,2077,2075,2073
7027,2082,2080,2078,2076
7028,2085,2083,2081,2079
7029,2088,2086,2084,2082
7030,2091,2089,2087,2085
7031,2094,2092,2090,2088
7032,2097,2095,2093,2091
7033,2100,2098,2096,2094
7034,2103,2101,2099,2097
7035,2112,2104,2102,2100
7036,2115,2113,2105,2103
7037,2118,2116,2114,2106
7038,2121,2119,2117,2115
7039,2124,2122,2120,2118
7040,2127,2125,2123,2121
7041,2130,2128,2126,2124
7042,2133,2131,2129,2127
7043,2136,2134,2132,2130
7044,2139,2137,2135,2133
7045,2142,2140,2138,2136
7046,2145,2143,2141,2139
7047,2148,2146,2144,2142
7048,2151,2149,2147,2145
7049,2154,2152,2150,2148
7050,2157,2155,2153,2151
7051,2160,2158,2156,2154
7052,2163,2161,2159,2157
7053,2166,2164,2162,2160
7054,2169,2167,2165,2163
7055,2172,2170,2168,2166
7056,2175,2173,2171,2169
7057,2178,2176,2174,2172
7058,2181,2179,2177,2175
7059,2184,2182,2180,2178
7060,2187,2185,2183,2181
7061,2190,2188,2186,2184
7062,2193,2191,2189,2187
7063,2196,2194,2192,2190
7064,2199,2197,2195,2193
7065,2208,2200,2198,2196
7066,2211,2209,2201,2199
7067,2214,2212,2210,2202
7068,2217,2215,2213,2211
7069,2220,2218,2216,2214
7070,2223,2221,2219,2217
7071,2226,2224,2222,2220
7072,2229,2227,2225,2223
7073,2232,2230,2228,2226
7074,2235,2233,2231,2229
7075,2238,2236,2234,2232
7076,2241,2239,2237,2235
7077,2244,2242,2240,2238
7078,2247,2245,2243,2241
7079,2250,2248,2246,2244
7080,2253,2251,2249,2247
7081,2256,2254,2252,2250
7082,2259,2257,2255,2253
7083,2262,2260,2258,2256
7084,2265,2263,2261,2259
7085,2268,2266,2264,2262
7086,2271,2269,2267,2265
7087,2274,2272,2270,2268
7088,2277,2275,2273,2271
7089,2280,2278,2276,2274
7090,2283,2281,2279,2277
7091,2286,2284,2282,2280
7092,2289,2287,2285,2283
7093,2292,2290,2288,2286
7094,2295,2293,2291,2289
7095,2304,2296,2294,2292
7096,2307,2305,2297,2295
7097,2310,2308,2306,2298
7098,2313,2311,2309,2307
7099,2316,2314,2312,2310
7100,2319,2317,2315,2313
7101,2322,2320,2318,2316
7102,2325,2323,2321,2319
7103,2328,2326,2324,2322
7104,2331,2329,2327,2325
7105,2334,2332,2330,2328
7106,2337,2335,2333,2331
7107,2340,2338,2336,2334
7108,2343,2341,2339,2337
7109,2346,2344,2342,2340
7110,2349,2347,2345,2343
7111,2352,2350,2348,2346
7112,2355,2353,2351,2349
7113,2358,2356,2354,2352
7114,2361,2359,2357,2355
7115,2364,2362,2360,2358
7116,2367,2365,2363,2361
7117,2370,2368,2366,2364
7118,2373,2371,2369,2367
7119,2376,2374,2372,2370
7120,2379,2377,2375,2373
7121,2382,2380,2378,2376
7122,2385,2383,2381,2379
7123,2388,2386,2384,2382
7124,2391,2389,2387,2385
7125,2400,2392,2390,2388
7126,2403,2401,2393,2391
7127,2406,2404,2402,2394
7128,2409,2407,2405,2403
7129,2412,2410,2408,2406
7130,2415,2413,2411,2409
7131,2418,2416,2414,2412
7132,2421,2419,2417,2415
7133,2424,2422,2420,2418
7134,2427,2425,2423,2421
7135,2430,2428,2426,2424
7136,2433,2431,2429,2427
7137,2436,2434,2432,2430
7138,2439,2437,2435,2433
7139,2442,2440,2438,2436
7140,2445,2443,2441,2439
7141,2448,2446,2444,2442
7142,2451,2449,2447,2445
7143,2454,2452,2450,2448
7144,2457,2455,2453,2451
7145,2460,2458,2456,2454
7146,2463,2461,2459,2457
7147,2466,2464,2462,2460
7148,2469,2467,2465,2463
7149,2472,2470,2468,2466
7150,2475,2473,2471,2469
7151,2478,2476,2474,2472
7152,2481,2479,2477,2475
7153,2484,2482,2480,2478
7154,2487,2485,2483,2481
7155,2496,2488,2486,2484
7156,2499,2497,2489,2487
7157,2502,2500,2498,2490
7158,2505,2503,2501,2499
7159,2508,2506,2504,2502
7160,2511,2509,2507,2505
7161,2514,2512,2510,2508
7162,2517,2515,2513,2511
7163,2520,2518,2516,2514
7164,2523,2521,2519,2517
7165,2526,2524,2522,2520
7166,2529,2527,2525,2523
7167,2532,2530,2528,2526
7168,2535,2533,2531,2529
7169,2538,2536,2534,2532
7170,2541,2539,2537,2535
7171,2544,2542,2540,2538
7172,2547,2545,2543,2541
7173,2550,2548,2546,2544
7174,2553,2551,2549,2547
7175,2556,2554,2552,2550
7176,2559,2557,2555,2553
7177,2562,2560,2558,2556
7178,2565,2563,2561,2559
7179,2568,2566,2564,2562
7180,2571,2569,2567,2565
7181,2574,2572,2570,2568
7182,2577,2575,2573,2571
7183,2580,2578,2576,2574
7184,2583,2581,2579,2577
7185,2592,2584,2582,2580
7186,2595,2593,2585,2583
7187,2598,2596,2594,2586
7188,2601,2599,2597,2595
7189,2604,2602,2600,2598
7190,2607,2605,2603,2601
7191,2610,2608,2606,2604
7192,2613,2611,2609,2607
7193,2616,2614,2612,2610
7194,2619,2617,2615,2613
7195,2622,2620,2618,2616
7196,2625,2623,2621,2619
7197,2628,2626,2624,2622
7198,2631,2629,2627,2625
7199,2634,2632,2630,2628
7200,2637,2635,2633,2631
7201,2640,2638,2636,2634
7202,2643,2641,2639,2637
7203,2646,2644,2642,2640
7204,2649,2647,2645,2643
7205,2652,2650,2648,2646
7206,2655,2653,2651,2649
7207,2658,2656,2654,2652
7208,2661,2659,2657,2655
7209,2664,2662,2660,2658
7210,2667,2665,2663,2661
7211,2670,2668,2666,2664
7212,2673,2671,2669,2667
7213,2676,2674,2672,2670
7214,2679,2677,2675,2673
7215,2688,2680,2678,2676
7216,2691,2689,2681,2679
7217,2694,2692,2690,2682
7218,2697,2695,2693,2691
7219,2700,2698,2696,2694
7220,2703,2701,2699,2697
7221,2706,2704,2702,2700
7222,2709,2707,2705,2703
7223,2712,2710,2708,2706
7224,2715,2713,2711,2709
7225,2718,2716,2714,2712
7226,2721,2719,2717,2715
7227,2724,2722,2720,2718
7228,2727,2725,2723,2721
7229,2730,2728,2726,2724
7230,2733,2731,2729,2727
7231,2736,2734,2732,2730
7232,2739,2737,2735,2733
7233,2742,2740,2738,2736
7234,2745,2743,2741,2739
7235,2748,2746,2744,2742
7236,2751,2749,2747,2745
7237,2754,2752,2750,2748
7238,2757,2755,2753,2751
7239,2760,2758,2756,2754
7240,2763,2761,2759,2757
7241,2766,2764,2762,2760
7242,2769,2767,2765,2763
7243,2772,2770,2768,2766
7244,2775,2773,2771,2769
7245,2784,2776,2774,2772
7246,2787,2785,2777,2775
7247,2790,2788,2786,2778
7248,2793,2791,2789,2787
7249,2796,2794,2792,2790
7250,2799,2797,2795,2793
7251,2802,2800,2798,2796
7252,2805,2803,2801,2799
7253,2808,2806,2804,2802
7254,2811,2809,2807,2805
7255,2814,2812,2810,2808
7256,2817,2815,2813,2811
7257,2820,2818,2816,2814
7258,2823,2821,2819,2817
7259,2826,2824,2822,2820
7260,2829,2827,2825,2823
7261,2832,2830,2828,2826
7262,2835,2833,2831,2829
7263,2838,2836,2834,2832
7264,2841,2839,2837,2835
7265,2844,2842,2840,2838
7266,2847,2845,2843,2841
7267,2850,2848,2846,2844
7268,2853,2851,2849,2847
7269,2856,2854,2852,2850
7270,2859,2857,2855,2853
7271,2862,2860,2858,2856
7272,2865,2863,2861,2859
7273,2868,2866,2864,2862
7274,2871,2869,2867,2865
7275,-1,2872,2870,2868
7276,-1,-1,2873,2871
7277,-1,-1,-1,2874
7278,-1,-1,-1,-1
7279,-1,-1,-1,-1
7280,-1,-1,-1,-1
7281,-1,-1,-1,-1
7282,-1,-1,-1,-1
7283,-1,-1,-1,-1
7284,-1,-1,-1,-1
7285,4,-1,-1,-1
7286,7,5,-1,-1
7287,10,8,6,-1
7288,13,11,9,7
7289,16,14,12,10
7290,19,17,15,13
7291,22,20,18,16
7292,25,23,21,19
7293,28,26,24,22
7294,31,29,27,25
7295,34,32,30,28
7296,37,35,33,31
7297,40,38,36,34
7298,43,41,39,37
7299,46,44,42,40
7300,49,47,45,43
7301,52,50,48,46
7302,55,53,51,49
7303,58,56,54,52
7304,61,59,57,55
7305,64,62,60,58
7306,67,65,63,61
7307,70,68,66,64
7308,73,71,69,67
7309,76,74,72,70
7310,79,77,75,73
7311,82,80,78,76
7312,85,83,81,79
7313,88,86,84,82
7314,91,89,87,85
7315,100,92,90,88
7316,103,101,93,91
7317,106,104,102,94
7318,109,107,105,103
7319,112,110,108,106
7320,115,113,111,109
7321,118,116,114,112
7322,121,119,117,115
7323,124,122,120,118
7324,127,125,123,121
7325,130,128,126,124
7326,133,131,129,127
7327,136,134,132,130
7328,139,137,135,133
7329,142,140,138,136
7330,145,143,141,139
7331,148,146,144,142
7332,151,149,147,145
7333,154,152,150,148
7334,157,155,153,151
7335,160,158,156,154
7336,163,161,159,157
7337,166,164,162,160
7338,169,167,165,163
7339,172,170,168,166
7340,175,173,171,169
7341,178,176,174,172
7342,181,179,177,175
7343,184,182,180,178
7344,187,185,183,181
7345,196,188,186,184
7346,199,197,189,187
7347,202,200,198,190
7348,205,203,201,199
7349,208,206,204,202
7350,211,209,207,205
7351,214,212,210,208
7352,217,215,213,211
7353,220,218,216,214
7354,223,221,219,217
7355,226,224,222,220
7356,229,227,225,223
7357,232,230,228,226
7358,235,233,231,229
7359,238,236,234,232
7360,241,239,237,235
7361,244,242,240,238
7362,247,245,243,241
7363,250,248,246,244
7364,253,251,249,247
7365,256,254,252,250
7366,259,257,255,253
7367,262,260,258,256
7368,265,263,261,259
7369,268,266,264,262
7370,271,269,267,265
7371,274,272,270,268
7372,277,275,273,271
7373,280,278,276,274
7374,283,281,279,277
7375,292,284,282,280
7376,295,293,285,283
7377,298,296,294,286
7378,301,299,297,295
7379,304,302,300,298
7380,307,305,303,301
7381,310,308,306,304
7382,313,311,309,307
7383,316,314,312,310
7384,319,317,315,313
7385,322,320,318,316
7386,325,323,321,319
7387,328,326,324,322
7388,331,329,327,325
7389,334,332,330,328
7390,337,335,333,331
7391,340,338,336,334
7392,343,341,339,337
7393,346,344,342,340
7394,349,347,345,343
7395,352,350,348,346
7396,355,353,351,349
7397,358,356,354,352
7398,361,359,357,355
7399,364,362,360,358
7400,367,365,363,361
7401,370,368,366,364
7402,373,371,369,367
7403,376,374,372,370
7404,379,377,375,373
7405,388,380,378,376
7406,391,389,381,379
7407,394,392,390,382
7408,397,395,393,391
7409,400,398,396,394
7410,403,401,399,397
7411,406,404,402,400
7412,409,407,405,403
7413,412,410,408,406
7414,415,413,411,409
7415,418,416,414,412
7416,421,419,417,415
7417,424,422,420,418
7418,427,425,423,421
7419,430,428,426,424
7420,433,431,429,427
7421,436,434,432,430
7422,439,437,435,433
7423,442,440,438,436
7424,445,443,441,439
7425,448,446,444,442
7426,451,449,447,445
7427,454,452,450,448
7428,457,455,453,451
7429,460,458,456,454
7430,463,461,459,457
7431,466,464,462,460
7432,469,467,465,463
7433,472,470,468,466
7434,475,473,471,469
7435,484,476,474,472
7436,487,485,477,475
7437,490,488,486,478
7438,493,491,489,487
7439,496,494,492,490
7440,499,497,495,493
7441,502,500,498,496
7442,505,503,501,499
7443,508,506,504,502
7444,511,509,507,505
7445,514,512,510,508
7446,517,515,513,511
7447,520,518,516,514
7448,523,521,519,517
7449,526,524,522,520
7450,529,527,525,523
7451,532,530,528,526
7452,535,533,531,529
7453,538,536,534,532
7454,541,539,537,535
7455,544,542,540,538
7456,547,545,543,541
7457,550,548,546,544
7458,553,551,549,547
7459,556,554,552,550
7460,559,557,555,553
7461,562,560,558,556
7462,565,563,561,559
7463,568,566,564,562
7464,571,569,567,565
7465,580,572,570,568
7466,583,581,573,571
7467,586,584,582,574
7468,589,587,585,583
7469,592,590,588,586
7470,595,593,591,589
7471,598,596,594,592
7472,601,599,597,595
7473,604,602,600,598
7474,607,605,603,601
7475,610,608,606,604
7476,613,611,609,607
7477,616,614,612,610
7478,619,617,615,613
7479,622,620,618,616
7480,625,623,621,619
7481,628,626,624,622
7482,631,629,627,625
7483,634,632,630,628
7484,637,635,633,631
7485,640,638,636,634
7486,643,641,639,637
7487,646,644,642,640
7488,649,647,645,643
7489,652,650,648,646
7490,655,653,651,649
7491,658,656,654,652
7492,661,659,657,655
7493,664,662,660,658
7494,667,665,663,661
7495,676,668,666,664
7496,679,677,669,667
7497,682,680,678,670
7498,685,683,681,679
7499,688,686,684,682
7500,691,689,687,685
7501,694,692,690,688
7502,697,695,693,691
7503,700,698,696,694
7504,703,701,699,697
7505,706,704,702,700
7506,709,707,705,703
7507,712,710,708,706
7508,715,713,711,709
7509,718,716,714,712
7510,721,719,717,715
7511,724,722,720,718
7512,727,725,723,721
7513,730,728,726,724
7514,733,731,729,727
7515,736,734,732,730
7516,739,737,735,733
7517,742,740,738,736
7518,745,743,741,739
7519,748,746,744,742
7520,751,749,747,745
7521,754,752,750,748
7522,757,755,753,751
7523,760,758,756,754
7524,763,761,759,757
7525,772,764,762,760
7526,775,773,765,763
7527,778,776,774,766
7528,781,779,777,775
7529,784,782,780,778
7530,787,785,783,781
7531,790,788,786,784
7532,793,791,789,787
7533,796,794,792,790
7534,799,797,795,793
7535,802,800,798,796
7536,805,803,801,799
7537,808,806,804,802
7538,811,809,807,805
7539,814,812,810,808
7540,817,815,813,811
7541,820,818,816,814
7542,823,821,819,817
7543,826,824,822,820
7544,829,827,825,823
7545,832,830,828,826
7546,835,833,831,829
7547,838,836,834,832
7548,841,839,837,835
7549,844,842,840,838
7550,847,845,843,841
7551,850,848,846,844
7552,853,851,849,847
7553,856,854,852,850
7554,859,857,855,853
7555,868,860,858,856
7556,871,869,861,859
7557,874,872,870,862
7558,877,875,873,871
7559,880,878,876,874
7560,883,881,879,877
7561,886,884,882,880
7562,889,887,885,883
7563,892,890,888,886
7564,895,893,891,889
7565,898,896,894,892
7566,901,899,897,895
7567,904,902,900,898
7568,907,905,903,901
7569,910,908,906,904
7570,913,911,909,907
7571,916,914,912,910
7572,919,917,915,913
7573,922,920,918,916
7574,925,923,921,919
7575,928,926,924,922
7576,931,929,927,925
7577,934,932,930,928
7578,937,935,933,931
7579,940,938,936,934
7580,943,941,939,937
7581,946,944,942,940
7582,949,947,945,943
7583,952,950,948,946
7584,955,953,951,949
7585,964,956,954,952
7586,967,965,957,955
7587,970,968,966,958
7588,973,971,969,967
7589,976,974,972,970
7590,979,977,975,973
7591,982,980,978,976
7592,985,983,981,979
7593,988,986,984,982
7594,991,989,987,985
7595,994,992,990,988
7596,997,995,993,991
7597,1000,998,996,994
7598,1003,1001,999,997
7599,1006,1004,1002,1000
7600,1009,1007,1005,1003
7601,1012,1010,1008,1006
7602,1015,1013,1011,1009
7603,1018,1016,1014,1012
7604,1021,1019,1017,1015
7605,1024,1022,1020,1018
7606,1027,1025,1023,1021
7607,1030,1028,1026,1024
7608,1033,1031,1029,1027
7609,1036,1034,1032,1030
7610,1039,1037,1035,1033
7611,1042,1040,1038,1036
7612,1045,1043,1041,1039
7613,1048,1046,1044,1042
7614,1051,1049,1047,1045
7615,1060,1052,1050,1048
7616,1063,1061,1053,1051
7617,1066,1064,1062,1054
7618,1069,1067,1065,1063
7619,1072,1070,1068,1066
7620,1075,1073,1071,1069
7621,1078,1076,1074,1072
7622,1081,1079,1077,1075
7623,1084,1082,1080,1078
7624,1087,1085,1083,1081
7625,1090,1088,1086,1084
7626,1093,1091,1089,1087
7627,1096,1094,1092,1090
7628,1099,1097,1095,1093
7629,1102,1100,1098,1096
7630,1105,1103,1101,1099
7631,1108,1106,1104,1102
7632,1111,1109,1107,1105
7633,1114,1112,1110,1108
7634,1117,1115,1113,1111
7635,1120,1118,1116,1114
7636,1123,1121,1119,1117
7637,1126,1124,1122,1120
7638,1129,1127,1125,1123
7639,1132,1130,1128,1126
7640,1135,1133,1131,1129
7641,1138,1136,1134,1132
7642,1141,1139,1137,1135
7643,1144,1142,1140,1138
7644,1147,1145,1143,1141
7645,1156,1148,1146,1144
7646,1159,1157,1149,1147
7647,1162,1160,1158,1150
7648,1165,1163,1161,1159
7649,1168,1166,1164,1162
7650,1171,1169,1167,1165
7651,1174,1172,1170,1168
7652,1177,1175,1173,1171
7653,1180,1178,1176,1174
7654,1183,1181,1179,1177
7655,1186,1184,1182,1180
7656,1189,1187,1185,1183
7657,1192,1190,1188,1186
7658,1195,1193,1191,1189
7659,1198,1196,1194,1192
7660,1201,1199,1197,1195
7661,1204,1202,1200,1198
7662,1207,1205,1203,1201
7663,1210,1208,1206,1204
7664,1213,1211,1209,1207
7665,1216,1214,1212,1210
7666,1219,1217,1215,1213
7667,1222,1220,1218,1216
7668,1225,1223,1221,1219
7669,1228,1226,1224,1222
7670,1231,1229,1227,1225
7671,1234,1232,1230,1228
7672,1237,1235,1233,1231
7673,1240,1238,1236,1234
7674,1243,1241,1239,1237
7675,1252,1244,1242,1240
7676,1255,1253,1245,1243
7677,1258,1256,1254,1246
7678,1261,1259,1257,1255
7679,1264,1262,1260,1258
7680,1267,1265,1263,1261
7681,1270,1268,1266,1264
7682,1273,1271,1269,1267
7683,1276,1274,1272,1270
7684,1279,1277,1275,1273
7685,1282,1280,1278,1276
7686,1285,1283,1281,1279
7687,1288,1286,1284,1282
7688,1291,1289,1287,1285
7689,1294,1292,1290,1288
7690,1297,1295,1293,1291
7691,1300,1298,1296,1294
7692,1303,1301,1299,1297
7693,1306,1304,1302,1300
7694,1309,1307,1305,1303
7695,1312,1310,1308,1306
7696,1315,1313,1311,1309
7697,1318,1316,1314,1312
7698,1321,1319,1317,1315
7699,1324,1322,1320,1318
7700,1327,1325,1323,1321
7701,1330,1328,1326,1324
7702,1333,1331,1329,1327
7703,1336,1334,1332,1330
7704,1339,1337,1335,1333
7705,1348,1340,1338,1336
7706,1351,1349,1341,1339
7707,1354,1352,1350,1342
7708,1357,1355,1353,1351
7709,1360,1358,1356,1354
7710,1363,1361,1359,1357
7711,1366,1364,1362,1360
7712,1369,1367,1365,1363
7713,1372,1370,1368,1366
7714,1375,1373,1371,1369
7715,1378,1376,1374,1372
7716,1381,1379,1377,1375
7717,1384,1382,1380,1378
7718,1387,1385,1383,1381
7719,1390,1388,1386,1384
7720,1393,1391,1389,1387
7721,1396,1394,1392,1390
7722,1399,1397,1395,1393
7723,1402,1400,1398,1396
7724,1405,1403,1401,1399
7725,1408,1406,1404,1402
7726,1411,1409,1407,1405
7727,1414,1412,1410,1408
7728,1417,1415,1413,1411
7729,1420,1418,1416,1414
7730,1423,1421,1419,1417
7731,1426,1424,1422,1420
7732,1429,1427,1425,1423
7733,1432,1430,1428,1426
7734,1435,1433,1431,1429
7735,1444,1436,1434,1432
7736,1447,1445,1437,1435
7737,1450,1448,1446,1438
7738,1453,1451,1449,1447
7739,1456,1454,1452,1450
7740,1459,1457,1455,1453
7741,1462,1460,1458,1456
7742,1465,1463,1461,1459
7743,1468,1466,1464,1462
7744,1471,1469,1467,1465
7745,1474,1472,1470,1468
7746,1477,1475,1473,1471
7747,1480,1478,1476,1474
7748,1483,1481,1479,1477
7749,1486,1484,1482,1480
7750,1489,1487,1485,1483
7751,1492,1490,1488,1486
7752,1495,1493,1491,1489
7753,1498,1496,1494,1492
7754,1501,1499,1497,1495
7755,1504,1502,1500,1498
7756,1507,1505,1503,1501
7757,1510,1508,1506,1504
7758,1513,1511,1509,1507
7759,1516,1514,1512,1510
7760,1519,1517,1515,1513
7761,1522,1520,1518,1516
7762,1525,1523,1521,1519
7763,1528,1526,1524,1522
7764,1531,1529,1527,1525
7765,1540,1532,1530,1528
7766,1543,1541,1533,1531
7767,1546,1544,1542,1534
7768,1549,1547,1545,1543
7769,1552,1550,1548,1546
7770,1555,1553,1551,1549
7771,1558,1556,1554,1552
7772,1561,1559,1557,1555
7773,1564,1562,1560,1558
7774,1567,1565,1563,1561
7775,1570,1568,1566,1564
7776,1573,1571,1569,1567
7777,1576,1574,1572,1570
7778,1579,1577,1575,1573
7779,1582,1580,1578,1576
7780,1585,1583,1581,1579
7781,1588,1586,1584,1582
7782,1591,1589,1587,1585
7783,1594,1592,1590,1588
7784,1597,1595,1593,1591
7785,1600,1598,1596,1594
7786,1603,1601,1599,1597
7787,1606,1604,1602,1600
7788,1609,1607,1605,1603
7789,1612,1610,1608,1606
7790,1615,1613,1611,1609
7791,1618,1616,1614,1612
7792,1621,1619,1617,1615
7793,1624,1622,1620,1618
7794,1627,1625,1623,1621
7795,1636,1628,1626,1624
7796,1639,1637,1629,1627
7797,1642,1640,1638,1630
7798,1645,1643,1641,1639
7799,1648,1646,1644,1642
7800,1651,1649,1647,1645
7801,1654,1652,1650,1648
7802,1657,1655,1653,1651
7803,1660,1658,1656,1654
7804,1663,1661,1659,1657
7805,1666,1664,1662,1660
7806,1669,1667,1665,1663
7807,1672,1670,1668,1666
7808,1675,1673,1671,1669
7809,1678,1676,1674,1672
7810,1681,1679,1677,1675
7811,1684,1682,1680,1678
7812,1687,1685,1683,1681
7813,1690,1688,1686,1684
7814,1693,1691,1689,1687
7815,1696,1694,1692,1690
7816,1699,1697,1695,1693
7817,1702,1700,1698,1696
7818,1705,1703,1701,1699
7819,1708,1706,1704,1702
7820,1711,1709,1707,1705
7821,1714,1712,1710,1708
7822,1717,1715,1713,1711
7823,1720,1718,1716,1714
7824,1723,1721,1719,1717
7825,1732,1724,1722,1720
7826,1735,1733,1725,1723
7827,1738,1736,1734,1726
7828,1741,1739,1737,1735
7829,1744,1742,1740,1738
7830,1747,1745,1743,1741
7831,1750,1748,1746,1744
7832,1753,1751,1749,1747
7833,1756,1754,1752,1750
7834,1759,1757,1755,1753
7835,1762,1760,1758,1756
7836,1765,1763,1761,1759
7837,1768,1766,1764,1762
7838,1771,1769,1767,1765
7839,1774,1772,1770,1768
7840,1777,1775,1773,1771
7841,1780,1778,1776,1774
7842,1783,1781,1779,1777
7843,1786,1784,1782,1780
7844,1789,1787,1785,1783
7845,1792,1790,1788,1786
7846,1795,1793,1791,1789
7847,1798,1796,1794,1792
7848,1801,1799,1797,1795
7849,1804,1802,1800,1798
7850,1807,1805,1803,1801
7851,1810,1808,1806,1804
7852,1813,1811,1809,1807
7853,1816,1814,1812,1810
7854,1819,1817,1815,1813
7855,1828,1820,1818,1816
7856,1831,1829,1821,1819
7857,1834,1832,1830,1822
7858,1837,1835,1833,1831
7859,1840,1838,1836,1834
7860,1843,1841,1839,1837
7861,1846,1844,1842,1840
7862,1849,1847,1845,1843
7863,1852,1850,1848,1846
7864,1855,1853,1851,1849
7865,1858,1856,1854,1852
7866,1861,1859,1857,1855
7867,1864,1862,1860,1858
7868,1867,1865,1863,1861
7869,1870,1868,1866,1864
7870,1873,1871,1869,1867
7871,1876,1874,1872,1870
7872,1879,1877,1875,1873
7873,1882,1880,1878,1876
7874,1885,1883,1881,1879
7875,1888,1886,1884,1882
7876,1891,1889,1887,1885
7877,1894,1892,1890,1888
7878,1897,1895,1893,1891
7879,1900,1898,1896,1894
7880,1903,1901,1899,1897
7881,1906,1904,1902,1900
7882,1909,1907,1905,1903
7883,1912,1910,1908,1906
7884,1915,1913,1911,1909
7885,1924,1916,1914,1912
7886,1927,1925,1917,1915
7887,1930,1928,1926,1918
7888,1933,1931,1929,1927
7889,1936,1934,1932,1930
7890,1939,1937,1935,1933
7891,1942,1940,1938,1936
7892,1945,1943,1941,1939
7893,1948,1946,1944,1942
7894,1951,1949,1947,1945
7895,1954,1952,1950,1948
7896,1957,1955,1953,1951
7897,1960,1958,1956,1954
7898,1963,1961,1959,1957
7899,1966,1964,1962,1960
7900,1969,1967,1965,1963
7901,1972,1970,1968,1966
7902,1975,1973,1971,1969
7903,1978,1976,1974,1972
7904,1981,1979,1977,1975
7905,1984,1982,1980,1978
7906,1987,1985,1983,1981
7907,1990,1988,1986,1984
7908,1993,1991,1989,1987
7909,1996,1994,1992,1990
7910,1999,1997,1995,1993
7911,2002,2000,1998,1996
7912,2005,2003,2001,1999
7913,2008,2006,2004,2002
7914,2011,2009,2007,2005
7915,2020,2012,2010,2008
7916,2023,2021,2013,2011
7917,2026,2024,2022,2014
7918,2029,2027,2025,2023
7919,2032,2030,2028,2026
7920,2035,2033,2031,2029
7921,2038,2036,2034,2032
7922,2041,2039,2037,2035
7923,2044,2042,2040,2038
7924,2047,2045,2043,2041
7925,2050,2048,2046,2044
7926,2053,2051,2049,2047
7927,2056,2054,2052,2050
7928,2059,2057,2055,2053
7929,2062,2060,2058,2056
7930,2065,2063,2061,2059
7931,2068,2066,2064,2062
7932,2071,2069,2067,2065
7933,2074,2072,2070,2068
7934,2077,2075,2073,2071
7935,2080,2078,2076,2074
7936,2083,2081,2079,2077
7937,2086,2084,2082,2080
7938,2089,2087,2085,2083
7939,2092,2090,2088,2086
7940,2095,2093,2091,2089
7941,2098,2096,2094,2092
7942,2101,2099,2097,2095
7943,2104,2102,2100,2098
7944,2107,2105,2103,2101
7945,2116,2108,2106,2104
7946,2119,2117,2109,2107
7947,2122,2120,2118,2110
7948,2125,2123,2121,2119
7949,2128,2126,2124,2122
7950,2131,2129,2127,2125
7951,2134,2132,2130,2128
7952,2137,2135,2133,2131
7953,2140,2138,2136,2134
7954,2143,2141,2139,2137
7955,2146,2144,2142,2140
7956,2149,2147,2145,2143
7957,2152,2150,2148,2146
7958,2155,2153,2151,2149
7959,2158,2156,2154,2152
7960,2161,2159,2157,2155
7961,2164,2162,2160,2158
7962,2167,2165,2163,2161
7963,2170,2168,2166,2164
7964,2173,2171,2169,2167
7965,2176,2174,2172,2170
7966,2179,2177,2175,2173
7967,2182,2180,2178,2176
7968,2185,2183,2181,2179
7969,2188,2186,2184,2182
7970,2191,2189,2187,2185
7971,2194,2192,2190,2188
7972,2197,2195,2193,2191
7973,2200,2198,2196,2194
7974,2203,2201,2199,2197
7975,2212,2204,2202,2200
7976,2215,2213,2205,2203
7977,2218,2216,2214,2206
7978,2221,2219,2217,2215
7979,2224,2222,2220,2218
7980,2227,2225,2223,2221
7981,2230,2228,2226,2224
7982,2233,2231,2229,2227
7983,2236,2234,2232,2230
7984,2239,2237,2235,2233
7985,2242,2240,2238,2236
7986,2245,2243,2241,2239
7987,2248,2246,2244,2242
7988,2251,2249,2247,2245
7989,2254,2252,2250,2248
7990,2257,2255,2253,2251
7991,2260,2258,2256,2254
7992,2263,2261,2259,2257
7993,2266,2264,2262,2260
7994,2269,2267,2265,2263
7995,2272,2270,2268,2266
7996,2275,2273,2271,2269
7997,2278,2276,2274,2272
7998,2281,2279,2277,2275
7999,2284,2282,2280,2278
8000,2287,2285,2283,2281
8001,2290,2288,2286,2284
8002,2293,2291,2289,2287
8003,2296,2294,2292,2290
8004,2299,2297,2295,2293
8005,2308,2300,2298,2296
8006,2311,2309,2301,2299
8007,2314,2312,2310,2302
8008,2317,2315,2313,2311
8009,2320,2318,2316,2314
8010,2323,2321,2319,2317
8011,2326,2324,2322,2320
8012,2329,2327,2325,2323
8013,2332,2330,2328,2326
8014,2335,2333,2331,2329
8015,2338,2336,2334,2332
8016,2341,2339,2337,2335
8017,2344,2342,2340,2338
8018,2347,2345,2343,2341
8019,2350,2348,2346,2344
8020,2353,2351,2349,2347
8021,2356,2354,2352,2350
8022,2359,2357,2355,2353
8023,2362,2360,2358,2356
8024,2365,2363,2361,2359
8025,2368,2366,2364,2362
8026,2371,2369,2367,2365
8027,2374,2372,2370,2368
8028,2377,2375,2373,2371
8029,2380,2378,2376,2374
8030,2383,2381,2379,2377
8031,2386,2384,2382,2380
8032,2389,2387,2385,2383
8033,2392,2390,2388,2386
8034,2395,2393,2391,2389
8035,2404,2396,2394,2392
8036,2407,2405,2397,2395
8037,2410,2408,2406,2398
8038,2413,2411,2409,2407
8039,2416,2414,2412,2410
8040,2419,2417,2415,2413
8041,2422,2420,2418,2416
8042,2425,2423,2421,2419
8043,2428,2426,2424,2422
8044,2431,2429,2427,2425
8045,2434,2432,2430,2428
8046,2437,2435,2433,2431
8047,2440,2438,2436,2434
8048,2443,2441,2439,2437
8049,2446,2444,2442,2440
8050,2449,2447,2445,2443
8051,2452,2450,2448,2446
8052,2455,2453,2451,2449
8053,2458,2456,2454,2452
8054,2461,2459,2457,2455
8055,2464,2462,2460,2458
8056,2467,2465,2463,2461
8057,2470,2468,2466,2464
8058,2473,2471,2469,2467
8059,2476,2474,2472,2470
8060,2479,2477,2475,2473
8061,2482,2480,2478,2476
8062,2485,2483,2481,2479
8063,2488,2486,2484,2482
8064,2491,2489,2487,2485
8065,2500,2492,2490,2488
8066,2503,2501,2493,2491
8067,2506,2504,2502,2494
8068,2509,2507,2505,2503
8069,2512,2510,2508,2506
8070,2515,2513,2511,2509
8071,2518,2516,2514,2512
8072,2521,2519,2517,2515
8073,2524,2522,2520,2518
8074,2527,2525,2523,2521
8075,2530,2528,2526,2524
8076,2533,2531,2529,2527
8077,2536,2534,2532,2530
8078,2539,2537,2535,2533
8079,2542,2540,2538,2536
8080,2545,2543,2541,2539
8081,2548,2546,2544,2542
8082,2551,2549,2547,2545
8083,2554,2552,2550,2548
8084,2557,2555,2553,2551
8085,2560,2558,2556,2554
8086,2563,2561,2559,2557
8087,2566,2564,2562,2560
8088,2569,2567,2565,2563
8089,2572,2570,2568,2566
8090,2575,2573,2571,2569
8091,2578,2576,2574,2572
8092,2581,2579,2577,2575
8093,2584,2582,2580,2578
8094,2587,2585,2583,2581
8095,2596,2588,2586,2584
8096,2599,2597,2589,2587
8097,2602,2600,2598,2590
8098,2605,2603,2601,2599
8099,2608,2606,2604,2602
8100,2611,2609,2607,2605
8101,2614,2612,2610,2608
8102,2617,2615,2613,2611
8103,2620,2618,2616,2614
8104,2623,2621,2619,2617
8105,2626,2624,2622,2620
8106,2629,2627,2625,2623
8107,2632,2630,2628,2626
8108,2635,2633,2631,2629
8109,2638,2636,2634,2632
8110,2641,2639,2637,2635
8111,2644,2642,2640,2638
8112,2647,2645,2643,2641
8113,2650,2648,2646,2644
8114,2653,2651,2649,2647
8115,2656,2654,2652,2650
8116,2659,2657,2655,2653
8117,2662,2660,2658,2656
8118,2665,2663,2661,2659
8119,2668,2666,2664,2662
8120,2671,2669,2667,2665
8121,2674,2672,2670,2668
8122,2677,2675,2673,2671
8123,2680,2678,2676,2674
8124,2683,2681,2679,2677
8125,2692,2684,2682,2680
8126,2695,2693,2685,2683
8127,2698,2696,2694,2686
8128,2701,2699,2697,2695
8129,2704,2702,2700,2698
8130,2707,2705,2703,2701
8131,2710,2708,2706,2704
8132,2713,2711,2709,2707
8133,2716,2714,2712,2710
8134,2719,2717,2715,2713
8135,2722,2720,2718,2716
8136,2725,2723,2721,2719
8137,2728,2726,2724,2722
8138,2731,2729,2727,2725
8139,2734,2732,2730,2728
8140,2737,2735,2733,2731
8141,2740,2738,2736,2734
8142,2743,2741,2739,2737
8143,2746,2744,2742,2740
8144,2749,2747,2745,2743
8145,2752,2750,2748,2746
8146,2755,2753,2751,2749
8147,2758,2756,2754,2752
8148,2761,2759,2757,2755
8149,2764,2762,2760,2758
8150,2767,2765,2763,2761
8151,2770,2768,2766,2764
8152,2773,2771,2769,2767
8153,2776,2774,2772,2770
8154,2779,2777,2775,2773
8155,2788,2780,2778,2776
8156,2791,2789,2781,2779
8157,2794,2792,2790,2782
8158,2797,2795,2793,2791
8159,2800,2798,2796,2794
8160,2803,2801,2799,2797
8161,2806,2804,2802,2800
8162,2809,2807,2805,2803
8163,2812,2810,2808,2806
8164,2815,2813,2811,2809
8165,2818,2816,2814,2812
8166,2821,2819,2817,2815
8167,2824,2822,2820,2818
8168,2827,2825,2823,2821
8169,2830,2828,2826,2824
8170,2833,2831,2829,2827
8171,2836,2834,2832,2830
8172,2839,2837,2835,2833
8173,2842,2840,2838,2836
8174,2845,2843,2841,2839
8175,2848,2846,2844,2842
8176,2851,2849,2847,2845
8177,2854,2852,2850,2848
8178,2857,2855,2853,2851
8179,2860,2858,2856,2854
8180,2863,2861,2859,2857
8181,2866,2864,2862,2860
8182,2869,2867,2865,2863
8183,2872,2870,2868,2866
8184,2875,2873,2871,2869
8185,-1,2876,2874,2872
8186,-1,-1,2877,2875
8187,-1,-1,-1,2878
8188,-1,-1,-1,-1
8189,-1,-1,-1,-1
8190,-1,-1,-1,-1
8191,-1,-1,-1,-1
8192,-1,-1,-1,-1
8193,-1,-1,-1,-1
8194,-1,-1,-1,-1
8195,8,-1,-1,-1
8196,11,96,-1,-1
8197,14,99,97,-1
8198,17,102,100,98
8199,20,105,103,101
8200,23,108,106,104
8201,26,111,109,107
8202,29,114,112,110
8203,32,117,115,113
8204,35,120,118,116
8205,38,123,121,119
8206,41,126,124,122
8207,44,129,127,125
8208,47,132,130,128
8209,50,135,133,131
8210,53,138,136,134
8211,56,141,139,137
8212,59,144,142,140
8213,62,147,145,143
8214,65,150,148,146
8215,68,153,151,149
8216,71,156,154,152
8217,74,159,157,155
8218,77,162,160,158
8219,80,165,163,161
8220,83,168,166,164
8221,86,171,169,167
8222,89,174,172,170
8223,92,177,175,173
8224,95,180,178,176
8225,104,183,181,179
8226,107,192,184,182
8227,110,195,193,185
8228,113,198,196,194
8229,116,201,199,197
8230,119,204,202,200
8231,122,207,205,203
8232,125,210,208,206
8233,128,213,211,209
8234,131,216,214,212
8235,134,219,217,215
8236,137,222,220,218
8237,140,225,223,221
8238,143,228,226,224
8239,146,231,229,227
8240,149,234,232,230
8241,152,237,235,233
8242,155,240,238,236
8243,158,243,241,239
8244,161,246,244,242
8245,164,249,247,245
8246,167,252,250,248
8247,170,255,253,251
8248,173,258,256,254
8249,176,261,259,257
8250,179,264,262,260
8251,182,267,265,263
8252,185,270,268,266
8253,188,273,271,269
8254,191,276,274,272
8255,200,279,277,275
8256,203,288,280,278
8257,206,291,289,281
8258,209,294,292,290
8259,212,297,295,293
8260,215,300,298,296
8261,218,303,301,299
8262,221,306,304,302
8263,224,309,307,305
8264,227,312,310,308
8265,230,315,313,311
8266,233,318,316,314
8267,236,321,319,317
8268,239,324,322,320
8269,242,327,325,323
8270,245,330,328,326
8271,248,333,331,329
8272,251,336,334,332
8273,254,339,337,335
8274,257,342,340,338
8275,260,345,343,341
8276,263,348,346,344
8277,266,351,349,347
8278,269,354,352,350
8279,272,357,355,353
8280,275,360,358,356
8281,278,363,361,359
8282,281,366,364,362
8283,284,369,367,365
8284,287,372,370,368
8285,296,375,373,371
8286,299,384,376,374
8287,302,387,385,377
8288,305,390,388,386
8289,308,393,391,389
8290,311,396,394,392
8291,314,399,397,395
8292,317,402,400,398
8293,320,405,403,401
8294,323,408,406,404
8295,326,411,409,407
8296,329,414,412,410
8297,332,417,415,413
8298,335,420,418,416
8299,338,423,421,419
8300,341,426,424,422
8301,344,429,427,425
8302,347,432,430,428
8303,350,435,433,431
8304,353,438,436,434
8305,356,441,439,437
8306,359,444,442,440
8307,362,447,445,443
8308,365,450,448,446
8309,368,453,451,449
8310,371,456,454,452
8311,374,459,457,455
8312,377,462,460,458
8313,380,465,463,461
8314,383,468,466,464
8315,392,471,469,467
8316,395,480,472,470
8317,398,483,481,473
8318,401,486,484,482
8319,404,489,487,485
8320,407,492,490,488
8321,410,495,493,491
8322,413,498,496,494
8323,416,501,499,497
8324,419,504,502,500
8325,422,507,505,503
8326,425,510,508,506
8327,428,513,511,509
8328,431,516,514,512
8329,434,519,517,515
8330,437,522,520,518
8331,440,525,523,521
8332,443,528,526,524
8333,446,531,529,527
8334,449,534,532,530
8335,452,537,535,533
8336,455,540,538,536
8337,458,543,541,539
8338,461,546,544,542
8339,464,549,547,545
8340,467,552,550,548
8341,470,555,553,551
8342,473,558,556,554
8343,476,561,559,557
8344,479,564,562,560
8345,488,567,565,563
8346,491,576,568,566
8347,494,579,577,569
8348,497,582,580,578
8349,500,585,583,581
8350,503,588,586,584
8351,506,591,589,587
8352,509,594,592,590
8353,512,597,595,593
8354,515,600,598,596
8355,518,603,601,599
8356,521,606,604,602
8357,524,609,607,605
8358,527,612,610,608
8359,530,615,613,611
8360,533,618,616,614
8361,536,621,619,617
8362,539,624,622,620
8363,542,627,625,623
8364,545,630,628,626
8365,548,633,631,629
8366,551,636,634,632
8367,554,639,637,635
8368,557,642,640,638
8369,560,645,643,641
8370,563,648,646,644
8371,566,651,649,647
8372,569,654,652,650
8373,572,657,655,653
8374,575,660,658,656
8375,584,663,661,659
8376,587,672,664,662
8377,590,675,673,665
8378,593,678,676,674
8379,596,681,679,677
8380,599,684,682,680
8381,602,687,685,683
8382,605,690,688,686
8383,608,693,691,689
8384,611,696,694,692
8385,614,699,697,695
8386,617,702,700,698
8387,620,705,703,701
8388,623,708,706,704
8389,626,711,709,707
8390,629,714,712,710
8391,632,717,715,713
8392,635,720,718,716
8393,638,723,721,719
8394,641,726,724,722
8395,644,729,727,725
8396,647,732,730,728
8397,650,735,733,731
8398,653,738,736,734
8399,656,741,739,737
8400,659,744,742,740
8401,662,747,745,743
8402,665,750,748,746
8403,668,753,751,749
8404,671,756,754,752
8405,680,759,757,755
8406,683,768,760,758
8407,686,771,769,761
8408,689,774,772,770
8409,692,777,775,773
8410,695,780,778,776
8411,698,783,781,779
8412,701,786,784,782
8413,704,789,787,785
8414,707,792,790,788
8415,710,795,793,791
8416,713,798,796,794
8417,716,801,799,797
8418,719,804,802,800
8419,722,807,805,803
8420,725,810,808,806
8421,728,813,811,809
8422,731,816,814,812
8423,734,819,817,815
8424,737,822,820,818
8425,740,825,823,821
8426,743,828,826,824
8427,746,831,829,827
8428,749,834,832,830
8429,752,837,835,833
8430,755,840,838,836
8431,758,843,841,839
8432,761,846,844,842
8433,764,849,847,845
8434,767,852,850,848
8435,776,855,853,851
8436,779,864,856,854
8437,782,867,865,857
8438,785,870,868,866
8439,788,873,871,869
8440,791,876,874,872
8441,794,879,877,875
8442,797,882,880,878
8443,800,885,883,881
8444,803,888,886,884
8445,806,891,889,887
8446,809,894,892,890
8447,812,897,895,893
8448,815,900,898,896
8449,818,903,901,899
8450,821,906,904,902
8451,824,909,907,905
8452,827,912,910,908
8453,830,915,913,911
8454,833,918,916,914
8455,836,921,919,917
8456,839,924,922,920
8457,842,927,925,923
8458,845,930,928,926
8459,848,933,931,929
8460,851,936,934,932
8461,854,939,937,935
8462,857,942,940,938
8463,860,945,943,941
8464,863,948,946,944
8465,872,951,949,947
8466,875,960,952,950
8467,878,963,961,953
8468,881,966,964,962
8469,884,969,967,965
8470,887,972,970,968
8471,890,975,973,971
8472,893,978,976,974
8473,896,981,979,977
8474,899,984,982,980
8475,902,987,985,983
8476,905,990,988,986
8477,908,993,991,989
8478,911,996,994,992
8479,914,999,997,995
8480,917,1002,1000,998
8481,920,1005,1003,1001
8482,923,1008,1006,1004
8483,926,1011,1009,1007
8484,929,1014,1012,1010
8485,932,1017,1015,1013
8486,935,1020,1018,1016
8487,938,1023,1021,1019
8488,941,1026,1024,1022
8489,944,1029,1027,1025
8490,947,1032,1030,1028
8491,950,1035,1033,1031
8492,953,1038,1036,1034
8493,956,1041,1039,1037
8494,959,1044,1042,1040
8495,968,1047,1045,1043
8496,971,1056,1048,1046
8497,974,1059,1057,1049
8498,977,1062,1060,1058
8499,980,1065,1063,1061
8500,983,1068,1066,1064
8501,986,1071,1069,1067
8502,989,1074,1072,1070
8503,992,1077,1075,1073
8504,995,1080,1078,1076
8505,998,1083,1081,1079
8506,1001,1086,1084,1082
8507,1004,1089,1087,1085
8508,1007,1092,1090,1088
8509,1010,1095,1093,1091
8510,1013,1098,1096,1094
8511,1016,1101,1099,1097
8512,1019,1104,1102,1100
8513,1022,1107,1105,1103
8514,1025,1110,1108,1106
8515,1028,1113,1111,1109
8516,1031,1116,1114,1112
8517,1034,1119,1117,1115
8518,1037,1122,1120,1118
8519,1040,1125,1123,1121
8520,1043,1128,1126,1124
8521,1046,1131,1129,1127
8522,1049,1134,1132,1130
8523,1052,1137,1135,1133
8524,1055,1140,1138,1136
8525,1064,1143,1141,1139
8526,1067,1152,1144,1142
8527,1070,1155,1153,1145
8528,1073,1158,1156,1154
8529,1076,1161,1159,1157
8530,1079,1164,1162,1160
8531,1082,1167,1165,1163
8532,1085,1170,1168,1166
8533,1088,1173,1171,1169
8534,1091,1176,1174,1172
8535,1094,1179,1177,1175
8536,1097,1182,1180,1178
8537,1100,1185,1183,1181
8538,1103,1188,1186,1184
8539,1106,1191,1189,1187
8540,1109,1194,1192,1190
8541,1112,1197,1195,1193
8542,1115,1200,1198,1196
8543,1118,1203,1201,1199
8544,1121,1206,1204,1202
8545,1124,1209,1207,1205
8546,1127,1212,1210,1208
8547,1130,1215,1213,1211
8548,1133,1218,1216,1214
8549,1136,1221,1219,1217
8550,1139,1224,1222,1220
8551,1142,1227,1225,1223
8552,1145,1230,1228,1226
8553,1148,1233,1231,1229
8554,1151,1236,1234,1232
8555,1160,1239,1237,1235
8556,1163,1248,1240,1238
8557,1166,1251,1249,1241
8558,1169,1254,1252,1250
8559,1172,1257,1255,1253
8560,1175,1260,1258,1256
8561,1178,1263,1261,1259
8562,1181,1266,1264,1262
8563,1184,1269,1267,1265
8564,1187,1272,1270,1268
8565,1190,1275,1273,1271
8566,1193,1278,1276,1274
8567,1196,1281,1279,1277
8568,1199,1284,1282,1280
8569,1202,1287,1285,1283
8570,1205,1290,1288,1286
8571,1208,1293,1291,1289
8572,1211,1296,1294,1292
8573,1214,1299,1297,1295
8574,1217,1302,1300,1298
8575,1220,1305,1303,1301
8576,1223,1308,1306,1304
8577,1226,1311,1309,1307
8578,1229,1314,1312,1310
8579,1232,1317,1315,1313
8580,1235,1320,1318,1316
8581,1238,1323,1321,1319
8582,1241,1326,1324,1322
8583,1244,1329,1327,1325
8584,1247,1332,1330,1328
8585,1256,1335,1333,1331
8586,1259,1344,1336,1334
8587,1262,1347,1345,1337
8588,1265,1350,1348,1346
8589,1268,1353,1351,1349
8590,1271,1356,1354,1352
8591,1274,1359,1357,1355
8592,1277,1362,1360,1358
8593,1280,1365,1363,1361
8594,1283,1368,1366,1364
8595,1286,1371,1369,1367
8596,1289,1374,1372,1370
8597,1292,1377,1375,1373
8598,1295,1380,1378,1376
8599,1298,1383,1381,1379
8600,1301,1386,1384,1382
8601,1304,1389,1387,1385
8602,1307,1392,1390,1388
8603,1310,1395,1393,1391
8604,1313,1398,1396,1394
8605,1316,1401,1399,1397
8606,1319,1404,1402,1400
8607,1322,1407,1405,1403
8608,1325,1410,1408,1406
8609,1328,1413,1411,1409
8610,1331,1416,1414,1412
8611,1334,1419,1417,1415
8612,1337,1422,1420,1418
8613,1340,1425,1423,1421
8614,1343,1428,1426,1424
8615,1352,1431,1429,1427
8616,1355,1440,1432,1430
8617,1358,1443,1441,1433
8618,1361,1446,1444,1442
8619,1364,1449,1447,1445
8620,1367,1452,1450,1448
8621,1370,1455,1453,1451
8622,1373,1458,1456,1454
8623,1376,1461,1459,1457
8624,1379,1464,1462,1460
8625,1382,1467,1465,1463
8626,1385,1470,1468,1466
8627,1388,1473,1471,1469
8628,1391,1476,1474,1472
8629,1394,1479,1477,1475
8630,1397,1482,1480,1478
8631,1400,1485,1483,1481
8632,1403,1488,1486,1484
8633,1406,1491,1489,1487
8634,1409,1494,1492,1490
8635,1412,1497,1495,1493
8636,1415,1500,1498,1496
8637,1418,1503,1501,1499
8638,1421,1506,1504,1502
8639,1424,1509,1507,1505
8640,1427,1512,1510,1508
8641,1430,1515,1513,1511
8642,1433,1518,1516,1514
8643,1436,1521,1519,1517
8644,1439,1524,1522,1520
8645,1448,1527,1525,1523
8646,1451,1536,1528,1526
8647,1454,1539,1537,1529
8648,1457,1542,1540,1538
8649,1460,1545,1543,1541
8650,1463,1548,1546,1544
8651,1466,1551,1549,1547
8652,1469,1554,1552,1550
8653,1472,1557,1555,1553
8654,1475,1560,1558,1556
8655,1478,1563,1561,1559
8656,1481,1566,1564,1562
8657,1484,1569,1567,1565
8658,1487,1572,1570,1568
8659,1490,1575,1573,1571
8660,1493,1578,1576,1574
8661,1496,1581,1579,1577
8662,1499,1584,1582,1580
8663,1502,1587,1585,1583
8664,1505,1590,1588,1586
8665,1508,1593,1591,1589
8666,1511,1596,1594,1592
8667,1514,1599,1597,1595
8668,1517,1602,1600,1598
8669,1520,1605,1603,1601
8670,1523,1608,1606,1604
8671,1526,1611,1609,1607
8672,1529,1614,1612,1610
8673,1532,1617,1615,1613
8674,1535,1620,1618,1616
8675,1544,1623,1621,1619
8676,1547,1632,1624,1622
8677,1550,1635,1633,1625
8678,1553,1638,1636,1634
8679,1556,1641,1639,1637
8680,1559,1644,1642,1640
8681,1562,1647,1645,1643
8682,1565,1650,1648,1646
8683,1568,1653,1651,1649
8684,1571,1656,1654,1652
8685,1574,1659,1657,1655
8686,1577,1662,1660,1658
8687,1580,1665,1663,1661
8688,1583,1668,1666,1664
8689,1586,1671,1669,1667
8690,1589,1674,1672,1670
8691,1592,1677,1675,1673
8692,1595,1680,1678,1676
8693,1598,1683,1681,1679
8694,1601,1686,1684,1682
8695,1604,1689,1687,1685
8696,1607,1692,1690,1688
8697,1610,1695,1693,1691
8698,1613,1698,1696,1694
8699,1616,1701,1699,1697
8700,1619,1704,1702,1700
8701,1622,1707,1705,1703
8702,1625,1710,1708,1706
8703,1628,1713,1711,1709
8704,1631,1716,1714,1712
8705,1640,1719,1717,1715
8706,1643,1728,1720,1718
8707,1646,1731,1729,1721
8708,1649,1734,1732,1730
8709,1652,1737,1735,1733
8710,1655,1740,1738,1736
8711,1658,1743,1741,1739
8712,1661,1746,1744,1742
8713,1664,1749,1747,1745
8714,1667,1752,1750,1748
8715,1670,1755,1753,1751
8716,1673,1758,1756,1754
8717,1676,1761,1759,1757
8718,1679,1764,1762,1760
8719,1682,1767,1765,1763
8720,1685,1770,1768,1766
8721,1688,1773,1771,1769
8722,1691,1776,1774,1772
8723,1694,1779,1777,1775
8724,1697,1782,1780,1778
8725,1700,1785,1783,1781
8726,1703,1788,1786,1784
8727,1706,1791,1789,1787
8728,1709,1794,1792,1790
8729,1712,1797,1795,1793
8730,1715,1800,1798,1796
8731,1718,1803,1801,1799
8732,1721,1806,1804,1802
8733,1724,1809,1807,1805
8734,1727,1812,1810,1808
8735,1736,1815,1813,1811
8736,1739,1824,1816,1814
8737,1742,1827,1825,1817
8738,1745,1830,1828,1826
8739,1748,1833,1831,1829
8740,1751,1836,1834,1832
8741,1754,1839,1837,1835
8742,1757,1842,1840,1838
8743,1760,1845,1843,1841
8744,1763,1848,1846,1844
8745,1766,1851,1849,1847
8746,1769,1854,1852,1850
8747,1772,1857,1855,1853
8748,1775,1860,1858,1856
8749,1778,1863,1861,1859
8750,1781,1866,1864,1862
8751,1784,1869,1867,1865
8752,1787,1872,1870,1868
8753,1790,1875,1873,1871
8754,1793,1878,1876,1874
8755,1796,1881,1879,1877
8756,1799,1884,1882,1880
8757,1802,1887,1885,1883
8758,1805,1890,1888,1886
8759,1808,1893,1891,1889
8760,1811,1896,1894,1892
8761,1814,1899,1897,1895
8762,1817,1902,1900,1898
8763,1820,1905,1903,1901
8764,1823,1908,1906,1904
8765,1832,1911,1909,1907
8766,1835,1920,1912,1910
8767,1838,1923,1921,1913
8768,1841,1926,1924,1922
8769,1844,1929,1927,1925
8770,1847,1932,1930,1928
8771,1850,1935,1933,1931
8772,1853,1938,1936,1934
8773,1856,1941,1939,1937
8774,1859,1944,1942,1940
8775,1862,1947,1945,1943
8776,1865,1950,1948,1946
8777,1868,1953,1951,1949
8778,1871,1956,1954,1952
8779,1874,1959,1957,1955
8780,1877,1962,1960,1958
8781,1880,1965,1963,1961
8782,1883,1968,1966,1964
8783,1886,1971,1969,1967
8784,1889,1974,1972,1970
8785,1892,1977,1975,1973
8786,1895,1980,1978,1976
8787,1898,1983,1981,1979
8788,1901,1986,1984,1982
8789,1904,1989,1987,1985
8790,1907,1992,1990,1988
8791,1910,1995,1993,1991
8792,1913,1998,1996,1994
8793,1916,2001,1999,1997
8794,1919,2004,2002,2000
8795,1928,2007,2005,2003
8796,1931,2016,2008,2006
8797,1934,2019,2017,2009
8798,1937,2022,2020,2018
8799,1940,2025,2023,2021
8800,1943,2028,2026,2024
8801,1946,2031,2029,2027
8802,1949,2034,2032,2030
8803,1952,2037,2035,2033
8804,1955,2040,2038,2036
8805,1958,2043,2041,2039
8806,1961,2046,2044,2042
8807,1964,2049,2047,2045
8808,1967,2052,2050,2048
8809,1970,2055,2053,2051
8810,1973,2058,2056,2054
8811,1976,2061,2059,2057
8812,1979,2064,2062,2060
8813,1982,2067,2065,2063
8814,1985,2070,2068,2066
8815,1988,2073,2071,2069
8816,1991,2076,2074,2072
8817,1994,2079,2077,2075
8818,1997,2082,2080,2078
8819,2000,2085,2083,2081
8820,2003,2088,2086,2084
8821,2006,2091,2089,2087
8822,2009,2094,2092,2090
8823,2012,2097,2095,2093
8824,2015,2100,2098,2096
8825,2024,2103,2101,2099
8826,2027,2112,2104,2102
8827,2030,2115,2113,2105
8828,2033,2118,2116,2114
8829,2036,2121,2119,2117
8830,2039,2124,2122,2120
8831,2042,2127,2125,2123
8832,2045,2130,2128,2126
8833,2048,2133,2131,2129
8834,2051,2136,2134,2132
8835,2054,2139,2137,2135
8836,2057,2142,2140,2138
8837,2060,2145,2143,2141
8838,2063,2148,2146,2144
8839,2066,2151,2149,2147
8840,2069,2154,2152,2150
8841,2072,2157,2155,2153
8842,2075,2160,2158,2156
8843,2078,2163,2161,2159
8844,2081,2166,2164,2162
8845,2084,2169,2167,2165
8846,2087,2172,2170,2168
8847,2090,2175,2173,2171
8848,2093,2178,2176,2174
8849,2096,2181,2179,2177
8850,2099,2184,2182,2180
8851,2102,2187,2185,2183
8852,2105,2190,2188,2186
8853,2108,2193,2191,2189
8854,2111,2196,2194,2192
8855,2120,2199,2197,2195
8856,2123,2208,2200,2198
8857,2126,2211,2209,2201
8858,2129,2214,2212,2210
8859,2132,2217,2215,2213
8860,2135,2220,2218,2216
8861,2138,2223,2221,2219
8862,2141,2226,2224,2222
8863,2144,2229,2227,2225
8864,2147,2232,2230,2228
8865,2150,2235,2233,2231
8866,2153,2238,2236,2234
8867,2156,2241,2239,2237
8868,2159,2244,2242,2240
8869,2162,2247,2245,2243
8870,2165,2250,2248,2246
8871,2168,2253,2251,2249
8872,2171,2256,2254,2252
8873,2174,2259,2257,2255
8874,2177,2262,2260,2258
8875,2180,2265,2263,2261
8876,2183,2268,2266,2264
8877,2186,2271,2269,2267
8878,2189,2274,2272,2270
8879,2192,2277,2275,2273
8880,2195,2280,2278,2276
8881,2198,2283,2281,2279
8882,2201,2286,2284,2282
8883,2204,2289,2287,2285
8884,2207,2292,2290,2288
8885,2216,2295,2293,2291
8886,2219,2304,2296,2294
8887,2222,2307,2305,2297
8888,2225,2310,2308,2306
8889,2228,2313,2311,2309
8890,2231,2316,2314,2312
8891,2234,2319,2317,2315
8892,2237,2322,2320,2318
8893,2240,2325,2323,2321
8894,2243,2328,2326,2324
8895,2246,2331,2329,2327
8896,2249,2334,2332,2330
8897,2252,2337,2335,2333
8898,2255,2340,2338,2336
8899,2258,2343,2341,2339
8900,2261,2346,2344,2342
8901,2264,2349,2347,2345
8902,2267,2352,2350,2348
8903,2270,2355,2353,2351
8904,2273,2358,2356,2354
8905,2276,2361,2359,2357
8906,2279,2364,2362,2360
8907,2282,2367,2365,2363
8908,2285,2370,2368,2366
8909,2288,2373,2371,2369
8910,2291,2376,2374,2372
8911,2294,2379,2377,2375
8912,2297,2382,2380,2378
8913,2300,2385,2383,2381
8914,2303,2388,2386,2384
8915,2312,2391,2389,2387
8916,2315,2400,2392,2390
8917,2318,2403,2401,2393
8918,2321,2406,2404,2402
8919,2324,2409,2407,2405
8920,2327,2412,2410,2408
8921,2330,2415,2413,2411
8922,2333,2418,2416,2414
8923,2336,2421,2419,2417
8924,2339,2424,2422,2420
8925,2342,2427,2425,2423
8926,2345,2430,2428,2426
8927,2348,2433,2431,2429
8928,2351,2436,2434,2432
8929,2354,2439,2437,2435
8930,2357,2442,2440,2438
8931,2360,2445,2443,2441
8932,2363,2448,2446,2444
8933,2366,2451,2449,2447
8934,2369,2454,2452,2450
8935,2372,2457,2455,2453
8936,2375,2460,2458,2456
8937,2378,2463,2461,2459
8938,2381,2466,2464,2462
8939,2384,2469,2467,2465
8940,2387,2472,2470,2468
8941,2390,2475,2473,2471
8942,2393,2478,2476,2474
8943,2396,2481,2479,2477
8944,2399,2484,2482,2480
8945,2408,2487,2485,2483
8946,2411,2496,2488,2486
8947,2414,2499,2497,2489
8948,2417,2502,2500,2498
8949,2420,2505,2503,2501
8950,2423,2508,2506,2504
8951,2426,2511,2509,2507
8952,2429,2514,2512,2510
8953,2432,2517,2515,2513
8954,2435,2520,2518,2516
8955,2438,2523,2521,2519
8956,2441,2526,2524,2522
8957,2444,2529,2527,2525
8958,2447,2532,2530,2528
8959,2450,2535,2533,2531
8960,2453,2538,2536,2534
8961,2456,2541,2539,2537
8962,2459,2544,2542,2540
8963,2462,2547,2545,2543
8964,2465,2550,2548,2546
8965,2468,2553,2551,2549
8966,2471,2556,2554,2552
8967,2474,2559,2557,2555
8968,2477,2562,2560,2558
8969,2480,2565,2563,2561
8970,2483,2568,2566,2564
8971,2486,2571,2569,2567
8972,2489,2574,2572,2570
8973,2492,2577,2575,2573
8974,2495,2580,2578,2576
8975,2504,2583,2581,2579
8976,2507,2592,2584,2582
8977,2510,2595,2593,2585
8978,2513,2598,2596,2594
8979,2516,2601,2599,2597
8980,2519,2604,2602,2600
8981,2522,2607,2605,2603
8982,2525,2610,2608,2606
8983,2528,2613,2611,2609
8984,2531,2616,2614,2612
8985,2534,2619,2617,2615
8986,2537,2622,2620,2618
8987,2540,2625,2623,2621
8988,2543,2628,2626,2624
8989,2546,2631,2629,2627
8990,2549,2634,2632,2630
8991,2552,2637,2635,2633
8992,2555,2640,2638,2636
8993,2558,2643,2641,2639
8994,2561,2646,2644,2642
8995,2564,2649,2647,2645
8996,2567,2652,2650,2648
8997,2570,2655,2653,2651
8998,2573,2658,2656,2654
8999,2576,2661,2659,2657
9000,2579,2664,2662,2660
9001,2582,2667,2665,2663
9002,2585,2670,2668,2666
9003,2588,2673,2671,2669
9004,2591,2676,2674,2672
9005,2600,2679,2677,2675
9006,2603,2688,2680,2678
9007,2606,2691,2689,2681
9008,2609,2694,2692,2690
9009,2612,2697,2695,2693
9010,2615,2700,2698,2696
9011,2618,2703,2701,2699
9012,2621,2706,2704,2702
9013,2624,2709,2707,2705
9014,2627,2712,2710,2708
9015,2630,2715,2713,2711
9016,2633,2718,2716,2714
9017,2636,2721,2719,2717
9018,2639,2724,2722,2720
9019,2642,2727,2725,2723
9020,2645,2730,2728,2726
9021,2648,2733,2731,2729
9022,2651,2736,2734,2732
9023,2654,2739,2737,2735
9024,2657,2742,2740,2738
9025,2660,2745,2743,2741
9026,2663,2748,2746,2744
9027,2666,2751,2749,2747
9028,2669,2754,2752,2750
9029,2672,2757,2755,2753
9030,2675,2760,2758,2756
9031,2678,2763,2761,2759
9032,2681,2766,2764,2762
9033,2684,2769,2767,2765
9034,2687,2772,2770,2768
9035,2696,2775,2773,2771
9036,2699,2784,2776,2774
9037,2702,2787,2785,2777
9038,2705,2790,2788,2786
9039,2708,2793,2791,2789
9040,2711,2796,2794,2792
9041,2714,2799,2797,2795
9042,2717,2802,2800,2798
9043,2720,2805,2803,2801
9044,2723,2808,2806,2804
9045,2726,2811,2809,2807
9046,2729,2814,2812,2810
9047,2732,2817,2815,2813
9048,2735,2820,2818,2816
9049,2738,2823,2821,2819
9050,2741,2826,2824,2822
9051,2744,2829,2827,2825
9052,2747,2832,2830,2828
9053,2750,2835,2833,2831
9054,2753,2838,2836,2834
9055,2756,2841,2839,2837
9056,2759,2844,2842,2840
9057,2762,2847,2845,2843
9058,2765,2850,2848,2846
9059,2768,2853,2851,2849
9060,2771,2856,2854,2852
9061,2774,2859,2857,2855
9062,2777,2862,2860,2858
9063,2780,2865,2863,2861
9064,2783,2868,2866,2864
9065,2792,2871,2869,2867
9066,2795,2880,2872,2870
9067,2798,2883,2881,2873
9068,2801,2886,2884,2882
9069,2804,2889,2887,2885
9070,2807,2892,2890,2888
9071,2810,2895,2893,2891
9072,2813,2898,2896,2894
9073,2816,2901,2899,2897
9074,2819,2904,2902,2900
9075,2822,2907,2905,2903
9076,2825,2910,2908,2906
9077,2828,2913,2911,2909
9078,2831,2916,2914,2912
9079,2834,2919,2917,2915
9080,2837,2922,2920,2918
9081,2840,2925,2923,2921
9082,2843,2928,2926,2924
9083,2846,2931,2929,2927
9084,2849,2934,2932,2930
9085,2852,2937,2935,2933
9086,2855,2940,2938,2936
9087,2858,2943,2941,2939
9088,2861,2946,2944,2942
9089,2864,2949,2947,2945
9090,2867,2952,2950,2948
9091,2870,2955,2953,2951
9092,2873,2958,2956,2954
9093,2876,2961,2959,2957
9094,2879,2964,2962,2960
9095,-1,2967,2965,2963
9096,-1,-1,2968,2966
9097,-1,-1,-1,2969
9098,-1,-1,-1,-1
9099,-1,-1,-1,-1
9100,-1,-1,-1,-1
9101,-1,-1,-1,-1
9102,-1,-1,-1,-1
9103,-1,-1,-1,-1
9104,-1,-1,-1,-1
9105,99,-1,-1,-1
9106,102,100,-1,-1
9107,105,103,101,-1
9108,108,106,104,102
9109,111,109,107,105
9110,114,112,110,108
9111,117,115,113,111
9112,120,118,116,114
9113,123,121,119,117
9114,126,124,122,120
9115,129,127,125,123
9116,132,130,128,126
9117,135,133,131,129
9118,138,136,134,132
9119,141,139,137,135
9120,144,142,140,138
9121,147,145,143,141
9122,150,148,146,144
9123,153,151,149,147
9124,156,154,152,150
9125,159,157,155,153
9126,162,160,158,156
9127,165,163,161,159
9128,168,166,164,162
9129,171,169,167,165
9130,174,172,170,168
9131,177,175,173,171
9132,180,178,176,174
9133,183,181,179,177
9134,186,184,182,180
9135,195,187,185,183
9136,198,196,188,186
9137,201,199,197,189
9138,204,202,200,198
9139,207,205,203,201
9140,210,208,206,204
9141,213,211,209,207
9142,216,214,212,210
9143,219,217,215,213
9144,222,220,218,216
9145,225,223,221,219
9146,228,226,224,222
9147,231,229,227,225
9148,234,232,230,228
9149,237,235,233,231
9150,240,238,236,234
9151,243,241,239,237
9152,246,244,242,240
9153,249,247,245,243
9154,252,250,248,246
9155,255,253,251,249
9156,258,256,254,252
9157,261,259,257,255
9158,264,262,260,258
9159,267,265,263,261
9160,270,268,266,264
9161,273,271,269,267
9162,276,274,272,270
9163,279,277,275,273
9164,282,280,278,276
9165,291,283,281,279
9166,294,292,284,282
9167,297,295,293,285
9168,300,298,296,294
9169,303,301,299,297
9170,306,304,302,300
9171,309,307,305,303
9172,312,310,308,306
9173,315,313,311,309
9174,318,316,314,312
9175,321,319,317,315
9176,324,322,320,318
9177,327,325,323,321
9178,330,328,326,324
9179,333,331,329,327
9180,336,334,332,330
9181,339,337,335,333
9182,342,340,338,336
9183,345,343,341,339
9184,348,346,344,342
9185,351,349,347,345
9186,354,352,350,348
9187,357,355,353,351
9188,360,358,356,354
9189,363,361,359,357
9190,366,364,362,360
9191,369,367,365,363
9192,372,370,368,366
9193,375,373,371,369
9194,378,376,374,372
9195,387,379,377,375
9196,390,388,380,378
9197,393,391,389,381
9198,396,394,392,390
9199,399,397,395,393
9200,402,400,398,396
9201,405,403,401,399
9202,408,406,404,402
9203,411,409,407,405
9204,414,412,410,408
9205,417,415,413,411
9206,420,418,416,414
9207,423,421,419,417
9208,426,424,422,420
9209,429,427,425,423
9210,432,430,428,426
9211,435,433,431,429
9212,438,436,434,432
9213,441,439,437,435
9214,444,442,440,438
9215,447,445,443,441
9216,450,448,446,444
9217,453,451,449,447
9218,456,454,452,450
9219,459,457,455,453
9220,462,460,458,456
9221,465,463,461,459
9222,468,466,464,462
9223,471,469,467,465
9224,474,472,470,468
9225,483,475,473,471
9226,486,484,476,474
9227,489,487,485,477
9228,492,490,488,486
9229,495,493,491,489
9230,498,496,494,492
9231,501,499,497,495
9232,504,502,500,498
9233,507,505,503,501
9234,510,508,506,504
9235,513,511,509,507
9236,516,514,512,510
9237,519,517,515,513
9238,522,520,518,516
9239,525,523,521,519
9240,528,526,524,522
9241,531,529,527,525
9242,534,532,530,528
9243,537,535,533,531
9244,540,538,536,534
9245,543,541,539,537
9246,546,544,542,540
9247,549,547,545,543
9248,552,550,548,546
9249,555,553,551,549
9250,558,556,554,552
9251,561,559,557,555
9252,564,562,560,558
9253,567,565,563,561
9254,570,568,566,564
9255,579,571,569,567
9256,582,580,572,570
9257,585,583,581,573
9258,588,586,584,582
9259,591,589,587,585
9260,594,592,590,588
9261,597,595,593,591
9262,600,598,596,594
9263,603,601,599,597
9264,606,604,602,600
9265,609,607,605,603
9266,612,610,608,606
9267,615,613,611,609
9268,618,616,614,612
9269,621,619,617,615
9270,624,622,620,618
9271,627,625,623,621
9272,630,628,626,624
9273,633,631,629,627
9274,636,634,632,630
9275,639,637,635,633
9276,642,640,638,636
9277,645,643,641,639
9278,648,646,644,642
9279,651,649,647,645
9280,654,652,650,648
9281,657,655,653,651
9282,660,658,656,654
9283,663,661,659,657
9284,666,664,662,660
9285,675,667,665,663
9286,678,676,668,666
9287,681,679,677,669
9288,684,682,680,678
9289,687,685,683,681
9290,690,688,686,684
9291,693,691,689,687
9292,696,694,692,690
9293,699,697,695,693
9294,702,700,698,696
9295,705,703,701,699
9296,708,706,704,702
9297,711,709,707,705
9298,714,712,710,708
9299,717,715,713,711
9300,720,718,716,714
9301,723,721,719,717
9302,726,724,722,720
9303,729,727,725,723
9304,732,730,728,726
9305,735,733,731,729
9306,738,736,734,732
9307,741,739,737,735
9308,744,742,740,738
9309,747,745,743,741
9310,750,748,746,744
9311,753,751,749,747
9312,756,754,752,750
9313,759,757,755,753
9314,762,760,758,756
9315,771,763,761,759
9316,774,772,764,762
9317,777,775,773,765
9318,780,778,776,774
9319,783,781,779,777
9320,786,784,782,780
9321,789,787,785,783
9322,792,790,788,786
9323,795,793,791,789
9324,798,796,794,792
9325,801,799,797,795
9326,804,802,800,798
9327,807,805,803,801
9328,810,808,806,804
9329,813,811,809,807
9330,816,814,812,810
9331,819,817,815,813
9332,822,820,818,816
9333,825,823,821,819
9334,828,826,824,822
9335,831,829,827,825
9336,834,832,830,828
9337,837,835,833,831
9338,840,838,836,834
9339,843,841,839,837
9340,846,844,842,840
9341,849,847,845,843
9342,852,850,848,846
9343,855,853,851,849
9344,858,856,854,852
9345,867,859,857,855
9346,870,868,860,858
9347,873,871,869,861
9348,876,874,872,870
9349,879,877,875,873
9350,882,880,878,876
9351,885,883,881,879
9352,888,886,884,882
9353,891,889,887,885
9354,894,892,890,888
9355,897,895,893,891
9356,900,898,896,894
9357,903,901,899,897
9358,906,904,902,900
9359,909,907,905,903
9360,912,910,908,906
9361,915,913,911,909
9362,918,916,914,912
9363,921,919,917,915
9364,924,922,920,918
9365,927,925,923,921
9366,930,928,926,924
9367,933,931,929,927
9368,936,934,932,930
9369,939,937,935,933
9370,942,940,938,936
9371,945,943,941,939
9372,948,946,944,942
9373,951,949,947,945
9374,954,952,950,948
9375,963,955,953,951
9376,966,964,956,954
9377,969,967,965,957
9378,972,970,968,966
9379,975,973,971,969
9380,978,976,974,972
9381,981,979,977,975
9382,984,982,980,978
9383,987,985,983,981
9384,990,988,986,984
9385,993,991,989,987
9386,996,994,992,990
9387,999,997,995,993
9388,1002,1000,998,996
9389,1005,1003,1001,999
9390,1008,1006,1004,1002
9391,1011,1009,1007,1005
9392,1014,1012,1010,1008
9393,1017,1015,1013,1011
9394,1020,1018,1016,1014
9395,1023,1021,1019,1017
9396,1026,1024,1022,1020
9397,1029,1027,1025,1023
9398,1032,1030,1028,1026
9399,1035,1033,1031,1029
9400,1038,1036,1034,1032
9401,1041,1039,1037,1035
9402,1044,1042,1040,1038
9403,1047,1045,1043,1041
9404,1050,1048,1046,1044
9405,1059,1051,1049,1047
9406,1062,1060,1052,1050
9407,1065,1063,1061,1053
9408,1068,1066,1064,1062
9409,1071,1069,1067,1065
9410,1074,1072,1070,1068
9411,1077,1075,1073,1071
9412,1080,1078,1076,1074
9413,1083,1081,1079,1077
9414,1086,1084,1082,1080
9415,1089,1087,1085,1083
9416,1092,1090,1088,1086
9417,1095,1093,1091,1089
9418,1098,1096,1094,1092
9419,1101,1099,1097,1095
9420,1104,1102,1100,1098
9421,1107,1105,1103,1101
9422,1110,1108,1106,1104
9423,1113,1111,1109,1107
9424,1116,1114,1112,1110
9425,1119,1117,1115,1113
9426,1122,1120,1118,1116
9427,1125,1123,1121,1119
9428,1128,1126,1124,1122
9429,1131,1129,1127,1125
9430,1134,1132,1130,1128
9431,1137,1135,1133,1131
9432,1140,1138,1136,1134
9433,1143,1141,1139,1137
9434,1146,1144,1142,1140
9435,1155,1147,1145,1143
9436,1158,1156,1148,1146
9437,1161,1159,1157,1149
9438,1164,1162,1160,1158
9439,1167,1165,1163,1161
9440,1170,1168,1166,1164
9441,1173,1171,1169,1167
9442,1176,1174,1172,1170
9443,1179,1177,1175,1173
9444,1182,1180,1178,1176
9445,1185,1183,1181,1179
9446,1188,1186,1184,1182
9447,1191,1189,1187,1185
9448,1194,1192,1190,1188
9449,1197,1195,1193,1191
9450,1200,1198,1196,1194
9451,1203,1201,1199,1197
9452,1206,1204,1202,1200
9453,1209,1207,1205,1203
9454,1212,1210,1208,1206
9455,1215,1213,1211,1209
9456,1218,1216,1214,1212
9457,1221,1219,1217,1215
9458,1224,1222,1220,1218
9459,1227,1225,1223,1221
9460,1230,1228,1226,1224
9461,1233,1231,1229,1227
9462,1236,1234,1232,1230
9463,1239,1237,1235,1233
9464,1242,1240,1238,1236
9465,1251,1243,1241,1239
9466,1254,1252,1244,1242
9467,1257,1255,1253,1245
9468,1260,1258,1256,1254
9469,1263,1261,1259,1257
9470,1266,1264,1262,1260
9471,1269,1267,1265,1263
9472,1272,1270,1268,1266
9473,1275,1273,1271,1269
9474,1278,1276,1274,1272
9475,1281,1279,1277,1275
9476,1284,1282,1280,1278
9477,1287,1285,1283,1281
9478,1290,1288,1286,1284
9479,1293,1291,1289,1287
9480,1296,1294,1292,1290
9481,1299,1297,1295,1293
9482,1302,1300,1298,1296
9483,1305,1303,1301,1299
9484,1308,1306,1304,1302
9485,1311,1309,1307,1305
9486,1314,1312,1310,1308
9487,1317,1315,1313,1311
9488,1320,1318,1316,1314
9489,1323,1321,1319,1317
9490,1326,1324,1322,1320
9491,1329,1327,1325,1323
9492,1332,1330,1328,1326
9493,1335,1333,1331,1329
9494,1338,1336,1334,1332
9495,1347,1339,1337,1335
9496,1350,1348,1340,1338
9497,1353,1351,1349,1341
9498,1356,1354,1352,1350
9499,1359,1357,1355,1353
9500,1362,1360,1358,1356
9501,1365,1363,1361,1359
9502,1368,1366,1364,1362
9503,1371,1369,1367,1365
9504,1374,1372,1370,1368
9505,1377,1375,1373,1371
9506,1380,1378,1376,1374
9507,1383,1381,1379,1377
9508,1386,1384,1382,1380
9509,1389,1387,1385,1383
9510,1392,1390,1388,1386
9511,1395,1393,1391,1389
9512,1398,1396,1394,1392
9513,1401,1399,1397,1395
9514,1404,1402,1400,1398
9515,1407,1405,1403,1401
9516,1410,1408,1406,1404
9517,1413,1411,1409,1407
9518,1416,1414,1412,1410
9519,1419,1417,1415,1413
9520,1422,1420,1418,1416
9521,1425,1423,1421,1419
9522,1428,1426,1424,1422
9523,1431,1429,1427,1425
9524,1434,1432,1430,1428
9525,1443,1435,1433,1431
9526,1446,1444,1436,1434
9527,1449,1447,1445,1437
9528,1452,1450,1448,1446
9529,1455,1453,1451,1449
9530,1458,1456,1454,1452
9531,1461,1459,1457,1455
9532,1464,1462,1460,1458
9533,1467,1465,1463,1461
9534,1470,1468,1466,1464
9535,1473,1471,1469,1467
9536,1476,1474,1472,1470
9537,1479,1477,1475,1473
9538,1482,1480,1478,1476
9539,1485,1483,1481,1479
9540,1488,1486,1484,1482
9541,1491,1489,1487,1485
9542,1494,1492,1490,1488
9543,1497,1495,1493,1491
9544,1500,1498,1496,1494
9545,1503,1501,1499,1497
9546,1506,1504,1502,1500
9547,1509,1507,1505,1503
9548,1512,1510,1508,1506
9549,1515,1513,1511,1509
9550,1518,1516,1514,1512
9551,1521,1519,1517,1515
9552,1524,1522,1520,1518
9553,1527,1525,1523,1521
9554,1530,1528,1526,1524
9555,1539,1531,1529,1527
9556,1542,1540,1532,1530
9557,1545,1543,1541,1533
9558,1548,1546,1544,1542
9559,1551,1549,1547,1545
9560,1554,1552,1550,1548
9561,1557,1555,1553,1551
9562,1560,1558,1556,1554
9563,1563,1561,1559,1557
9564,1566,1564,1562,1560
9565,1569,1567,1565,1563
9566,1572,1570,1568,1566
9567,1575,1573,1571,1569
9568,1578,1576,1574,1572
9569,1581,1579,1577,1575
9570,1584,1582,1580,1578
9571,1587,1585,1583,1581
9572,1590,1588,1586,1584
9573,1593,1591,1589,1587
9574,1596,1594,1592,1590
9575,1599,1597,1595,1593
9576,1602,1600,1598,1596
9577,1605,1603,1601,1599
9578,1608,1606,1604,1602
9579,1611,1609,1607,1605
9580,1614,1612,1610,1608
9581,1617,1615,1613,1611
9582,1620,1618,1616,1614
9583,1623,1621,1619,1617
9584,1626,1624,1622,1620
9585,1635,1627,1625,1623
9586,1638,1636,1628,1626
9587,1641,1639,1637,1629
9588,1644,1642,1640,1638
9589,1647,1645,1643,1641
9590,1650,1648,1646,1644
9591,1653,1651,1649,1647
9592,1656,1654,1652,1650
9593,1659,1657,1655,1653
9594,1662,1660,1658,1656
9595,1665,1663,1661,1659
9596,1668,1666,1664,1662
9597,1671,1669,1667,1665
9598,1674,1672,1670,1668
9599,1677,1675,1673,1671
9600,1680,1678,1676,1674
9601,1683,1681,1679,1677
9602,1686,1684,1682,1680
9603,1689,1687,1685,1683
9604,1692,1690,1688,1686
9605,1695,1693,1691,1689
9606,1698,1696,1694,1692
9607,1701,1699,1697,1695
9608,1704,1702,1700,1698
9609,1707,1705,1703,1701
9610,1710,1708,1706,1704
9611,1713,1711,1709,1707
9612,1716,1714,1712,1710
9613,1719,1717,1715,1713
9614,1722,1720,1718,1716
9615,1731,1723,1721,1719
9616,1734,1732,1724,1722
9617,1737,1735,1733,1725
9618,1740,1738,1736,1734
9619,1743,1741,1739,1737
9620,1746,1744,1742,1740
9621,1749,1747,1745,1743
9622,1752,1750,1748,1746
9623,1755,1753,1751,1749
9624,1758,1756,1754,1752
9625,1761,1759,1757,1755
9626,1764,1762,1760,1758
9627,1767,1765,1763,1761
9628,1770,1768,1766,1764
9629,1773,1771,1769,1767
9630,1776,1774,1772,1770
9631,1779,1777,1775,1773
9632,1782,1780,1778,1776
9633,1785,1783,1781,1779
9634,1788,1786,1784,1782
9635,1791,1789,1787,1785
9636,1794,1792,1790,1788
9637,1797,1795,1793,1791
9638,1800,1798,1796,1794
9639,1803,1801,1799,1797
9640,1806,1804,1802,1800
9641,1809,1807,1805,1803
9642,1812,1810,1808,1806
9643,1815,1813,1811,1809
9644,1818,1816,1814,1812
9645,1827,1819,1817,1815
9646,1830,1828,1820,1818
9647,1833,1831,1829,1821
9648,1836,1834,1832,1830
9649,1839,1837,1835,1833
9650,1842,1840,1838,1836
9651,1845,1843,1841,1839
9652,1848,1846,1844,1842
9653,1851,1849,1847,1845
9654,1854,1852,1850,1848
9655,1857,1855,1853,1851
9656,1860,1858,1856,1854
9657,1863,1861,1859,1857
9658,1866,1864,1862,1860
9659,1869,1867,1865,1863
9660,1872,1870,1868,1866
9661,1875,1873,1871,1869
9662,1878,1876,1874,1872
9663,1881,1879,1877,1875
9664,1884,1882,1880,1878
9665,1887,1885,1883,1881
9666,1890,1888,1886,1884
9667,1893,1891,1889,1887
9668,1896,1894,1892,1890
9669,1899,1897,1895,1893
9670,1902,1900,1898,1896
9671,1905,1903,1901,1899
9672,1908,1906,1904,1902
9673,1911,1909,1907,1905
9674,1914,1912,1910,1908
9675,1923,1915,1913,1911
9676,1926,1924,1916,1914
9677,1929,1927,1925,1917
9678,1932,1930,1928,1926
9679,1935,1933,1931,1929
9680,1938,1936,1934,1932
9681,1941,1939,1937,1935
9682,1944,1942,1940,1938
9683,1947,1945,1943,1941
9684,1950,1948,1946,1944
9685,1953,1951,1949,1947
9686,1956,1954,1952,1950
9687,1959,1957,1955,1953
9688,1962,1960,1958,1956
9689,1965,1963,1961,1959
9690,1968,1966,1964,1962
9691,1971,1969,1967,1965
9692,1974,1972,1970,1968
9693,1977,1975,1973,1971
9694,1980,1978,1976,1974
9695,1983,1981,1979,1977
9696,1986,1984,1982,1980
9697,1989,1987,1985,1983
9698,1992,1990,1988,1986
9699,1995,1993,1991,1989
9700,1998,1996,1994,1992
9701,2001,1999,1997,1995
9702,2004,2002,2000,1998
9703,2007,2005,2003,2001
9704,2010,2008,2006,2004
9705,2019,2011,2009,2007
9706,2022,2020,2012,2010
9707,2025,2023,2021,2013
9708,2028,2026,2024,2022
9709,2031,2029,2027,2025
9710,2034,2032,2030,2028
9711,2037,2035,2033,2031
9712,2040,2038,2036,2034
9713,2043,2041,2039,2037
9714,2046,2044,2042,2040
9715,2049,2047,2045,2043
9716,2052,2050,2048,2046
9717,2055,2053,2051,2049
9718,2058,2056,2054,2052
9719,2061,2059,2057,2055
9720,2064,2062,2060,2058
9721,2067,2065,2063,2061
9722,2070,2068,2066,2064
9723,2073,2071,2069,2067
9724,2076,2074,2072,2070
9725,2079,2077,2075,2073
9726,2082,2080,2078,2076
9727,2085,2083,2081,2079
9728,2088,2086,2084,2082
9729,2091,2089,2087,2085
9730,2094,2092,2090,2088
9731,2097,2095,2093,2091
9732,2100,2098,2096,2094
9733,2103,2101,2099,2097
9734,2106,2104,2102,2100
9735,2115,2107,2105,2103
9736,2118,2116,2108,2106
9737,2121,2119,2117,2109
9738,2124,2122,2120,2118
9739,2127,2125,2123,2121
9740,2130,2128,2126,2124
9741,2133,2131,2129,2127
9742,2136,2134,2132,2130
9743,2139,2137,2135,2133
9744,2142,2140,2138,2136
9745,2145,2143,2141,2139
9746,2148,2146,2144,2142
9747,2151,2149,2147,2145
9748,2154,2152,2150,2148
9749,2157,2155,2153,2151
9750,2160,2158,2156,2154
9751,2163,2161,2159,2157
9752,2166,2164,2162,2160
9753,2169,2167,2165,2163
9754,2172,2170,2168,2166
9755,2175,2173,2171,2169
9756,2178,2176,2174,2172
9757,2181,2179,2177,2175
9758,2184,2182,2180,2178
9759,2187,2185,2183,2181
9760,2190,2188,2186,2184
9761,2193,2191,2189,2187
9762,2196,2194,2192,2190
9763,2199,2197,2195,2193
9764,2202,2200,2198,2196
9765,2211,2203,2201,2199
9766,2214,2212,2204,2202
9767,2217,2215,2213,2205
9768,2220,2218,2216,2214
9769,2223,2221,2219,2217
9770,2226,2224,2222,2220
9771,2229,2227,2225,2223
9772,2232,2230,2228,2226
9773,2235,2233,2231,2229
9774,2238,2236,2234,2232
9775,2241,2239,2237,2235
9776,2244,2242,2240,2238
9777,2247,2245,2243,2241
9778,2250,2248,2246,2244
9779,2253,2251,2249,2247
9780,2256,2254,2252,2250
9781,2259,2257,2255,2253
9782,2262,2260,2258,2256
9783,2265,2263,2261,2259
9784,2268,2266,2264,2262
9785,2271,2269,2267,2265
9786,2274,2272,2270,2268
9787,2277,2275,2273,2271
9788,2280,2278,2276,2274
9789,2283,2281,2279,2277
9790,2286,2284,2282,2280
9791,2289,2287,2285,2283
9792,2292,2290,2288,2286
9793,2295,2293,2291,2289
9794,2298,2296,2294,2292
9795,2307,2299,2297,2295
9796,2310,2308,2300,2298
9797,2313,2311,2309,2301
9798,2316,2314,2312,2310
9799,2319,2317,2315,2313
9800,2322,2320,2318,2316
9801,2325,2323,2321,2319
9802,2328,2326,2324,2322
9803,2331,2329,2327,2325
9804,2334,2332,2330,2328
9805,2337,2335,2333,2331
9806,2340,2338,2336,2334
9807,2343,2341,2339,2337
9808,2346,2344,2342,2340
9809,2349,2347,2345,2343
9810,2352,2350,2348,2346
9811,2355,2353,2351,2349
9812,2358,2356,2354,2352
9813,2361,2359,2357,2355
9814,2364,2362,2360,2358
9815,2367,2365,2363,2361
9816,2370,2368,2366,2364
9817,2373,2371,2369,2367
9818,2376,2374,2372,2370
9819,2379,2377,2375,2373
9820,2382,2380,2378,2376
9821,2385,2383,2381,2379
9822,2388,2386,2384,2382
9823,2391,2389,2387,2385
9824,2394,2392,2390,2388
9825,2403,2395,2393,2391
9826,2406,2404,2396,2394
9827,2409,2407,2405,2397
9828,2412,2410,2408,2406
9829,2415,2413,2411,2409
9830,2418,2416,2414,2412
9831,2421,2419,2417,2415
9832,2424,2422,2420,2418
9833,2427,2425,2423,2421
9834,2430,2428,2426,2424
9835,2433,2431,2429,2427
9836,2436,2434,2432,2430
9837,2439,2437,2435,2433
9838,2442,2440,2438,2436
9839,2445,2443,2441,2439
9840,2448,2446,2444,2442
9841,2451,2449,2447,2445
9842,2454,2452,2450,2448
9843,2457,2455,2453,2451
9844,2460,2458,2456,2454
9845,2463,2461,2459,2457
9846,2466,2464,2462,2460
9847,2469,2467,2465,2463
9848,2472,2470,2468,2466
9849,2475,2473,2471,2469
9850,2478,2476,2474,2472
9851,2481,2479,2477,2475
9852,2484,2482,2480,2478
9853,2487,2485,2483,2481
9854,2490,2488,2486,2484
9855,2499,2491,2489,2487
9856,2502,2500,2492,2490
9857,2505,2503,2501,2493
9858,2508,2506,2504,2502
9859,2511,2509,2507,2505
9860,2514,2512,2510,2508
9861,2517,2515,2513,2511
9862,2520,2518,2516,2514
9863,2523,2521,2519,2517
9864,2526,2524,2522,2520
9865,2529,2527,2525,2523
9866,2532,2530,2528,2526
9867,2535,2533,2531,2529
9868,2538,2536,2534,2532
9869,2541,2539,2537,2535
9870,2544,2542,2540,2538
9871,2547,2545,2543,2541
9872,2550,2548,2546,2544
9873,2553,2551,2549,2547
9874,2556,2554,2552,2550
9875,2559,2557,2555,2553
9876,2562,2560,2558,2556
9877,2565,2563,2561,2559
9878,2568,2566,2564,2562
9879,2571,2569,2567,2565
9880,2574,2572,2570,2568
9881,2577,2575,2573,2571
9882,2580,2578,2576,2574
9883,2583,2581,2579,2577
9884,2586,2584,2582,2580
9885,2595,2587,2585,2583
9886,2598,2596,2588,2586
9887,2601,2599,2597,2589
9888,2604,2602,2600,2598
9889,2607,2605,2603,2601
9890,2610,2608,2606,2604
9891,2613,2611,2609,2607
9892,2616,2614,2612,2610
9893,2619,2617,2615,2613
9894,2622,2620,2618,2616
9895,2625,2623,2621,2619
9896,2628,2626,2624,2622
9897,2631,2629,2627,2625
9898,2634,2632,2630,2628
9899,2637,2635,2633,2631
9900,2640,2638,2636,2634
9901,2643,2641,2639,2637
9902,2646,2644,2642,2640
9903,2649,2647,2645,2643
9904,2652,2650,2648,2646
9905,2655,2653,2651,2649
9906,2658,2656,2654,2652
9907,2661,2659,2657,2655
9908,2664,2662,2660,2658
9909,2667,2665,2663,2661
9910,2670,2668,2666,2664
9911,2673,2671,2669,2667
9912,2676,2674,2672,2670
9913,2679,2677,2675,2673
9914,2682,2680,2678,2676
9915,2691,2683,2681,2679
9916,2694,2692,2684,2682
9917,2697,2695,2693,2685
9918,2700,2698,2696,2694
9919,2703,2701,2699,2697
9920,2706,2704,2702,2700
9921,2709,2707,2705,2703
9922,2712,2710,2708,2706
9923,2715,2713,2711,2709
9924,2718,2716,2714,2712
9925,2721,2719,2717,2715
9926,2724,2722,2720,2718
9927,2727,2725,2723,2721
9928,2730,2728,2726,2724
9929,2733,2731,2729,2727
9930,2736,2734,2732,2730
9931,2739,2737,2735,2733
9932,2742,2740,2738,2736
9933,2745,2743,2741,2739
9934,2748,2746,2744,2742
9935,2751,2749,2747,2745
9936,2754,2752,2750,2748
9937,2757,2755,2753,2751
9938,2760,2758,2756,2754
9939,2763,2761,2759,2757
9940,2766,2764,2762,2760
9941,2769,2767,2765,2763
9942,2772,2770,2768,2766
9943,2775,2773,2771,2769
9944,2778,2776,2774,2772
9945,2787,2779,2777,2775
9946,2790,2788,2780,2778
9947,2793,2791,2789,2781
9948,2796,2794,2792,2790
9949,2799,2797,2795,2793
9950,2802,2800,2798,2796
9951,2805,2803,2801,2799
9952,2808,2806,2804,2802
9953,2811,2809,2807,2805
9954,2814,2812,2810,2808
9955,2817,2815,2813,2811
9956,2820,2818,2816,2814
9957,2823,2821,2819,2817
9958,2826,2824,2822,2820
9959,2829,2827,2825,2823
9960,2832,2830,2828,2826
9961,2835,2833,2831,2829
9962,2838,2836,2834,2832
9963,2841,2839,2837,2835
9964,2844,2842,2840,2838
9965,2847,2845,2843,2841
9966,2850,2848,2846,2844
9967,2853,2851,2849,2847
9968,2856,2854,2852,2850
9969,2859,2857,2855,2853
9970,2862,2860,2858,2856
9971,2865,2863,2861,2859
9972,2868,2866,2864,2862
9973,2871,2869,2867,2865
9974,2874,2872,2870,2868
9975,2883,2875,2873,2871
9976,2886,2884,2876,2874
9977,2889,2887,2885,2877
9978,2892,2890,2888,2886
9979,2895,2893,2891,2889
9980,2898,2896,2894,2892
9981,2901,2899,2897,2895
9982,2904,2902,2900,2898
9983,2907,2905,2903,2901
9984,2910,2908,2906,2904
9985,2913,2911,2909,2907
9986,2916,2914,2912,2910
9987,2919,2917,2915,2913
9988,2922,2920,2918,2916
9989,2925,2923,2921,2919
9990,2928,2926,2924,2922
9991,2931,2929,2927,2925
9992,2934,2932,2930,2928
9993,2937,2935,2933,2931
9994,2940,2938,2936,2934
9995,2943,2941,2939,2937
9996,2946,2944,2942,2940
9997,2949,2947,2945,2943
9998,2952,2950,2948,2946
9999,2955,2953,2951,2949
10000,2958,2956,2954,2952
10001,2961,2959,2957,2955
10002,2964,2962,2960,2958
10003,2967,2965,2963,2961
10004,2970,2968,2966,2964
10005,-1,2971,2969,2967
10006,-1,-1,2972,2970
10007,-1,-1,-1,2973
10008,-1,-1,-1,-1
10009,-1,-1,-1,-1
10010,-1,-1,-1,-1
10011,-1,-1,-1,-1
10012,-1,-1,-1,-1
10013,-1,-1,-1,-1
10014,-1,-1,-1,-1
10015,103,-1,-1,-1
10016,106,104,-1,-1
10017,109,107,192,-1
10018,112,110,195,193
10019,115,113,198,196
10020,118,116,201,199
10021,121,119,204,202
10022,124,122,207,205
10023,127,125,210,208
10024,130,128,213,211
10025,133,131,216,214
10026,136,134,219,217
10027,139,137,222,220
10028,142,140,225,223
10029,145,143,228,226
10030,148,146,231,229
10031,151,149,234,232
10032,154,152,237,235
10033,157,155,240,238
10034,160,158,243,241
10035,163,161,246,244
10036,166,164,249,247
10037,169,167,252,250
10038,172,170,255,253
10039,175,173,258,256
10040,178,176,261,259
10041,181,179,264,262
10042,184,182,267,265
10043,187,185,270,268
10044,190,188,273,271
10045,199,191,276,274
10046,202,200,279,277
10047,205,203,288,280
10048,208,206,291,289
10049,211,209,294,292
10050,214,212,297,295
10051,217,215,300,298
10052,220,218,303,301
10053,223,221,306,304
10054,226,224,309,307
10055,229,227,312,310
10056,232,230,315,313
10057,235,233,318,316
10058,238,236,321,319
10059,241,239,324,322
10060,244,242,327,325
10061,247,245,330,328
10062,250,248,333,331
10063,253,251,336,334
10064,256,254,339,337
10065,259,257,342,340
10066,262,260,345,343
10067,265,263,348,346
10068,268,266,351,349
10069,271,269,354,352
10070,274,272,357,355
10071,277,275,360,358
10072,280,278,363,361
10073,283,281,366,364
10074,286,284,369,367
10075,295,287,372,370
10076,298,296,375,373
10077,301,299,384,376
10078,304,302,387,385
10079,307,305,390,388
10080,310,308,393,391
10081,313,311,396,394
10082,316,314,399,397
10083,319,317,402,400
10084,322,320,405,403
10085,325,323,408,406
10086,328,326,411,409
10087,331,329,414,412
10088,334,332,417,415
10089,337,335,420,418
10090,340,338,423,421
10091,343,341,426,424
10092,346,344,429,427
10093,349,347,432,430
10094,352,350,435,433
10095,355,353,438,436
10096,358,356,441,439
10097,361,359,444,442
10098,364,362,447,445
10099,367,365,450,448
10100,370,368,453,451
10101,373,371,456,454
10102,376,374,459,457
10103,379,377,462,460
10104,382,380,465,463
10105,391,383,468,466
10106,394,392,471,469
10107,397,395,480,472
10108,400,398,483,481
10109,403,401,486,484
10110,406,404,489,487
10111,409,407,492,490
10112,412,410,495,493
10113,415,413,498,496
10114,418,416,501,499
10115,421,419,504,502
10116,424,422,507,505
10117,427,425,510,508
10118,430,428,513,511
10119,433,431,516,514
10120,436,434,519,517
10121,439,437,522,520
10122,442,440,525,523
10123,445,443,528,526
10124,448,446,531,529
10125,451,449,534,532
10126,454,452,537,535
10127,457,455,540,538
10128,460,458,543,541
10129,463,461,546,544
10130,466,464,549,547
10131,469,467,552,550
10132,472,470,555,553
10133,475,473,558,556
10134,478,476,561,559
10135,487,479,564,562
10136,490,488,567,565
10137,493,491,576,568
10138,496,494,579,577
10139,499,497,582,580
10140,502,500,585,583
10141,505,503,588,586
10142,508,506,591,589
10143,511,509,594,592
10144,514,512,597,595
10145,517,515,600,598
10146,520,518,603,601
10147,523,521,606,604
10148,526,524,609,607
10149,529,527,612,610
10150,532,530,615,613
10151,535,533,618,616
10152,538,536,621,619
10153,541,539,624,622
10154,544,542,627,625
10155,547,545,630,628
10156,550,548,633,631
10157,553,551,636,634
10158,556,554,639,637
10159,559,557,642,640
10160,562,560,645,643
10161,565,563,648,646
10162,568,566,651,649
10163,571,569,654,652
10164,574,572,657,655
10165,583,575,660,658
10166,586,584,663,661
10167,589,587,672,664
10168,592,590,675,673
10169,595,593,678,676
10170,598,596,681,679
10171,601,599,684,682
10172,604,602,687,685
10173,607,605,690,688
10174,610,608,693,691
10175,613,611,696,694
10176,616,614,699,697
10177,619,617,702,700
10178,622,620,705,703
10179,625,623,708,706
10180,628,626,711,709
10181,631,629,714,712
10182,634,632,717,715
10183,637,635,720,718
10184,640,638,723,721
10185,643,641,726,724
10186,646,644,729,727
10187,649,647,732,730
10188,652,650,735,733
10189,655,653,738,736
10190,658,656,741,739
10191,661,659,744,742
10192,664,662,747,745
10193,667,665,750,748
10194,670,668,753,751
10195,679,671,756,754
10196,682,680,759,757
10197,685,683,768,760
10198,688,686,771,769
10199,691,689,774,772
10200,694,692,777,775
10201,697,695,780,778
10202,700,698,783,781
10203,703,701,786,784
10204,706,704,789,787
10205,709,707,792,790
10206,712,710,795,793
10207,715,713,798,796
10208,718,716,801,799
10209,721,719,804,802
10210,724,722,807,805
10211,727,725,810,808
10212,730,728,813,811
10213,733,731,816,814
10214,736,734,819,817
10215,739,737,822,820
10216,742,740,825,823
10217,745,743,828,826
10218,748,746,831,829
10219,751,749,834,832
10220,754,752,837,835
10221,757,755,840,838
10222,760,758,843,841
10223,763,761,846,844
10224,766,764,849,847
10225,775,767,852,850
10226,778,776,855,853
10227,781,779,864,856
10228,784,782,867,865
10229,787,785,870,868
10230,790,788,873,871
10231,793,791,876,874
10232,796,794,879,877
10233,799,797,882,880
10234,802,800,885,883
10235,805,803,888,886
10236,808,806,891,889
10237,811,809,894,892
10238,814,812,897,895
10239,817,815,900,898
10240,820,818,903,901
10241,823,821,906,904
10242,826,824,909,907
10243,829,827,912,910
10244,832,830,915,913
10245,835,833,918,916
10246,838,836,921,919
10247,841,839,924,922
10248,844,842,927,925
10249,847,845,930,928
10250,850,848,933,931
10251,853,851,936,934
10252,856,854,939,937
10253,859,857,942,940
10254,862,860,945,943
10255,871,863,948,946
10256,874,872,951,949
10257,877,875,960,952
10258,880,878,963,961
10259,883,881,966,964
10260,886,884,969,967
10261,889,887,972,970
10262,892,890,975,973
10263,895,893,978,976
10264,898,896,981,979
10265,901,899,984,982
10266,904,902,987,985
10267,907,905,990,988
10268,910,908,993,991
10269,913,911,996,994
10270,916,914,999,997
10271,919,917,1002,1000
10272,922,920,1005,1003
10273,925,923,1008,1006
10274,928,926,1011,1009
10275,931,929,1014,1012
10276,934,932,1017,1015
10277,937,935,1020,1018
10278,940,938,1023,1021
10279,943,941,1026,1024
10280,946,944,1029,1027
10281,949,947,1032,1030
10282,952,950,1035,1033
10283,955,953,1038,1036
10284,958,956,1041,1039
10285,967,959,1044,1042
10286,970,968,1047,1045
10287,973,971,1056,1048
10288,976,974,1059,1057
10289,979,977,1062,1060
10290,982,980,1065,1063
10291,985,983,1068,1066
10292,988,986,1071,1069
10293,991,989,1074,1072
10294,994,992,1077,1075
10295,997,995,1080,1078
10296,1000,998,1083,1081
10297,1003,1001,1086,1084
10298,1006,1004,1089,1087
10299,1009,1007,1092,1090
10300,1012,1010,1095,1093
10301,1015,1013,1098,1096
10302,1018,1016,1101,1099
10303,1021,1019,1104,1102
10304,1024,1022,1107,1105
10305,1027,1025,1110,1108
10306,1030,1028,1113,1111
10307,1033,1031,1116,1114
10308,1036,1034,1119,1117
10309,1039,1037,1122,1120
10310,1042,1040,1125,1123
10311,1045,1043,1128,1126
10312,1048,1046,1131,1129
10313,1051,1049,1134,1132
10314,1054,1052,1137,1135
10315,1063,1055,1140,1138
10316,1066,1064,1143,1141
10317,1069,1067,1152,1144
10318,1072,1070,1155,1153
10319,1075,1073,1158,1156
10320,1078,1076,1161,1159
10321,1081,1079,1164,1162
10322,1084,1082,1167,1165
10323,1087,1085,1170,1168
10324,1090,1088,1173,1171
10325,1093,1091,1176,1174
10326,1096,1094,1179,1177
10327,1099,1097,1182,1180
10328,1102,1100,1185,1183
10329,1105,1103,1188,1186
10330,1108,1106,1191,1189
10331,1111,1109,1194,1192
10332,1114,1112,1197,1195
10333,1117,1115,1200,1198
10334,1120,1118,1203,1201
10335,1123,1121,1206,1204
10336,1126,1124,1209,1207
10337,1129,1127,1212,1210
10338,1132,1130,1215,1213
10339,1135,1133,1218,1216
10340,1138,1136,1221,1219
10341,1141,1139,1224,1222
10342,1144,1142,1227,1225
10343,1147,1145,1230,1228
10344,1150,1148,1233,1231
10345,1159,1151,1236,1234
10346,1162,1160,1239,1237
10347,1165,1163,1248,1240
10348,1168,1166,1251,1249
10349,1171,1169,1254,1252
10350,1174,1172,1257,1255
10351,1177,1175,1260,1258
10352,1180,1178,1263,1261
10353,1183,1181,1266,1264
10354,1186,1184,1269,1267
10355,1189,1187,1272,1270
10356,1192,1190,1275,1273
10357,1195,1193,1278,1276
10358,1198,1196,1281,1279
10359,1201,1199,1284,1282
10360,1204,1202,1287,1285
10361,1207,1205,1290,1288
10362,1210,1208,1293,1291
10363,1213,1211,1296,1294
10364,1216,1214,1299,1297
10365,1219,1217,1302,1300
10366,1222,1220,1305,1303
10367,1225,1223,1308,1306
10368,1228,1226,1311,1309
10369,1231,1229,1314,1312
10370,1234,1232,1317,1315
10371,1237,1235,1320,1318
10372,1240,1238,1323,1321
10373,1243,1241,1326,1324
10374,1246,1244,1329,1327
10375,1255,1247,1332,1330
10376,1258,1256,1335,1333
10377,1261,1259,1344,1336
10378,1264,1262,1347,1345
10379,1267,1265,1350,1348
10380,1270,1268,1353,1351
10381,1273,1271,1356,1354
10382,1276,1274,1359,1357
10383,1279,1277,1362,1360
10384,1282,1280,1365,1363
10385,1285,1283,1368,1366
10386,1288,1286,1371,1369
10387,1291,1289,1374,1372
10388,1294,1292,1377,1375
10389,1297,1295,1380,1378
10390,1300,1298,1383,1381
10391,1303,1301,1386,1384
10392,1306,1304,1389,1387
10393,1309,1307,1392,1390
10394,1312,1310,1395,1393
10395,1315,1313,1398,1396
10396,1318,1316,1401,1399
10397,1321,1319,1404,1402
10398,1324,1322,1407,1405
10399,1327,1325,1410,1408
10400,1330,1328,1413,1411
10401,1333,1331,1416,1414
10402,1336,1334,1419,1417
10403,1339,1337,1422,1420
10404,1342,1340,1425,1423
10405,1351,1343,1428,1426
10406,1354,1352,1431,1429
10407,1357,1355,1440,1432
10408,1360,1358,1443,1441
10409,1363,1361,1446,1444
10410,1366,1364,1449,1447
10411,1369,1367,1452,1450
10412,1372,1370,1455,1453
10413,1375,1373,1458,1456
10414,1378,1376,1461,1459
10415,1381,1379,1464,1462
10416,1384,1382,1467,1465
10417,1387,1385,1470,1468
10418,1390,1388,1473,1471
10419,1393,1391,1476,1474
10420,1396,1394,1479,1477
10421,1399,1397,1482,1480
10422,1402,1400,1485,1483
10423,1405,1403,1488,1486
10424,1408,1406,1491,1489
10425,1411,1409,1494,1492
10426,1414,1412,1497,1495
10427,1417,1415,1500,1498
10428,1420,1418,1503,1501
10429,1423,1421,1506,1504
10430,1426,1424,1509,1507
10431,1429,1427,1512,1510
10432,1432,1430,1515,1513
10433,1435,1433,1518,1516
10434,1438,1436,1521,1519
10435,1447,1439,1524,1522
10436,1450,1448,1527,1525
10437,1453,1451,1536,1528
10438,1456,1454,1539,1537
10439,1459,1457,1542,1540
10440,1462,1460,1545,1543
10441,1465,1463,1548,1546
10442,1468,1466,1551,1549
10443,1471,1469,1554,1552
10444,1474,1472,1557,1555
10445,1477,1475,1560,1558
10446,1480,1478,1563,1561
10447,1483,1481,1566,1564
10448,1486,1484,1569,1567
10449,1489,1487,1572,1570
10450,1492,1490,1575,1573
10451,1495,1493,1578,1576
10452,1498,1496,1581,1579
10453,1501,1499,1584,1582
10454,1504,1502,1587,1585
10455,1507,1505,1590,1588
10456,1510,1508,1593,1591
10457,1513,1511,1596,1594
10458,1516,1514,1599,1597
10459,1519,1517,1602,1600
10460,1522,1520,1605,1603
10461,1525,1523,1608,1606
10462,1528,1526,1611,1609
10463,1531,1529,1614,1612
10464,1534,1532,1617,1615
10465,1543,1535,1620,1618
10466,1546,1544,1623,1621
10467,1549,1547,1632,1624
10468,1552,1550,1635,1633
10469,1555,1553,1638,1636
10470,1558,1556,1641,1639
10471,1561,1559,1644,1642
10472,1564,1562,1647,1645
10473,1567,1565,1650,1648
10474,1570,1568,1653,1651
10475,1573,1571,1656,1654
10476,1576,1574,1659,1657
10477,1579,1577,1662,1660
10478,1582,1580,1665,1663
10479,1585,1583,1668,1666
10480,1588,1586,1671,1669
10481,1591,1589,1674,1672
10482,1594,1592,1677,1675
10483,1597,1595,1680,1678
10484,1600,1598,1683,1681
10485,1603,1601,1686,1684
10486,1606,1604,1689,1687
10487,1609,1607,1692,1690
10488,1612,1610,1695,1693
10489,1615,1613,1698,1696
10490,1618,1616,1701,1699
10491,1621,1619,1704,1702
10492,1624,1622,1707,1705
10493,1627,1625,1710,1708
10494,1630,1628,1713,1711
10495,1639,1631,1716,1714
10496,1642,1640,1719,1717
10497,1645,1643,1728,1720
10498,1648,1646,1731,1729
10499,1651,1649,1734,1732
10500,1654,1652,1737,1735
10501,1657,1655,1740,1738
10502,1660,1658,1743,1741
10503,1663,1661,1746,1744
10504,1666,1664,1749,1747
10505,1669,1667,1752,1750
10506,1672,1670,1755,1753
10507,1675,1673,1758,1756
10508,1678,1676,1761,1759
10509,1681,1679,1764,1762
10510,1684,1682,1767,1765
10511,1687,1685,1770,1768
10512,1690,1688,1773,1771
10513,1693,1691,1776,1774
10514,1696,1694,1779,1777
10515,1699,1697,1782,1780
10516,1702,1700,1785,1783
10517,1705,1703,1788,1786
10518,1708,1706,1791,1789
10519,1711,1709,1794,1792
10520,1714,1712,1797,1795
10521,1717,1715,1800,1798
10522,1720,1718,1803,1801
10523,1723,1721,1806,1804
10524,1726,1724,1809,1807
10525,1735,1727,1812,1810
10526,1738,1736,1815,1813
10527,1741,1739,1824,1816
10528,1744,1742,1827,1825
10529,1747,1745,1830,1828
10530,1750,1748,1833,1831
10531,1753,1751,1836,1834
10532,1756,1754,1839,1837
10533,1759,1757,1842,1840
10534,1762,1760,1845,1843
10535,1765,1763,1848,1846
10536,1768,1766,1851,1849
10537,1771,1769,1854,1852
10538,1774,1772,1857,1855
10539,1777,1775,1860,1858
10540,1780,1778,1863,1861
10541,1783,1781,1866,1864
10542,1786,1784,1869,1867
10543,1789,1787,1872,1870
10544,1792,1790,1875,1873
10545,1795,1793,1878,1876
10546,1798,1796,1881,1879
10547,1801,1799,1884,1882
10548,1804,1802,1887,1885
10549,1807,1805,1890,1888
10550,1810,1808,1893,1891
10551,1813,1811,1896,1894
10552,1816,1814,1899,1897
10553,1819,1817,1902,1900
10554,1822,1820,1905,1903
10555,1831,1823,1908,1906
10556,1834,1832,1911,1909
10557,1837,1835,1920,1912
10558,1840,1838,1923,1921
10559,1843,1841,1926,1924
10560,1846,1844,1929,1927
10561,1849,1847,1932,1930
10562,1852,1850,1935,1933
10563,1855,1853,1938,1936
10564,1858,1856,1941,1939
10565,1861,1859,1944,1942
10566,1864,1862,1947,1945
10567,1867,1865,1950,1948
10568,1870,1868,1953,1951
10569,1873,1871,1956,1954
10570,1876,1874,1959,1957
10571,1879,1877,1962,1960
10572,1882,1880,1965,1963
10573,1885,1883,1968,1966
10574,1888,1886,1971,1969
10575,1891,1889,1974,1972
10576,1894,1892,1977,1975
10577,1897,1895,1980,1978
10578,1900,1898,1983,1981
10579,1903,1901,1986,1984
10580,1906,1904,1989,1987
10581,1909,1907,1992,1990
10582,1912,1910,1995,1993
10583,1915,1913,1998,1996
10584,1918,1916,2001,1999
10585,1927,1919,2004,2002
10586,1930,1928,2007,2005
10587,1933,1931,2016,2008
10588,1936,1934,2019,2017
10589,1939,1937,2022,2020
10590,1942,1940,2025,2023
10591,1945,1943,2028,2026
10592,1948,1946,2031,2029
10593,1951,1949,2034,2032
10594,1954,1952,2037,2035
10595,1957,1955,2040,2038
10596,1960,1958,2043,2041
10597,1963,1961,2046,2044
10598,1966,1964,2049,2047
10599,1969,1967,2052,2050
10600,1972,1970,2055,2053
10601,1975,1973,2058,2056
10602,1978,1976,2061,2059
10603,1981,1979,2064,2062
10604,1984,1982,2067,2065
10605,1987,1985,2070,2068
10606,1990,1988,2073,2071
10607,1993,1991,2076,2074
10608,1996,1994,2079,2077
10609,1999,1997,2082,2080
10610,2002,2000,2085,2083
10611,2005,2003,2088,2086
10612,2008,2006,2091,2089
10613,2011,2009,2094,2092
10614,2014,2012,2097,2095
10615,2023,2015,2100,2098
10616,2026,2024,2103,2101
10617,2029,2027,2112,2104
10618,2032,2030,2115,2113
10619,2035,2033,2118,2116
10620,2038,2036,2121,2119
10621,2041,2039,2124,2122
10622,2044,2042,2127,2125
10623,2047,2045,2130,2128
10624,2050,2048,2133,2131
10625,2053,2051,2136,2134
10626,2056,2054,2139,2137
10627,2059,2057,2142,2140
10628,2062,2060,2145,2143
10629,2065,2063,2148,2146
10630,2068,2066,2151,2149
10631,2071,2069,2154,2152
10632,2074,2072,2157,2155
10633,2077,2075,2160,2158
10634,2080,2078,2163,2161
10635,2083,2081,2166,2164
10636,2086,2084,2169,2167
10637,2089,2087,2172,2170
10638,2092,2090,2175,2173
10639,2095,2093,2178,2176
10640,2098,2096,2181,2179
10641,2101,2099,2184,2182
10642,2104,2102,2187,2185
10643,2107,2105,2190,2188
10644,2110,2108,2193,2191
10645,2119,2111,2196,2194
10646,2122,2120,2199,2197
10647,2125,2123,2208,2200
10648,2128,2126,2211,2209
10649,2131,2129,2214,2212
10650,2134,2132,2217,2215
10651,2137,2135,2220,2218
10652,2140,2138,2223,2221
10653,2143,2141,2226,2224
10654,2146,2144,2229,2227
10655,2149,2147,2232,2230
10656,2152,2150,2235,2233
10657,2155,2153,2238,2236
10658,2158,2156,2241,2239
10659,2161,2159,2244,2242
10660,2164,2162,2247,2245
10661,2167,2165,2250,2248
10662,2170,2168,2253,2251
10663,2173,2171,2256,2254
10664,2176,2174,2259,2257
10665,2179,2177,2262,2260
10666,2182,2180,2265,2263
10667,2185,2183,2268,2266
10668,2188,2186,2271,2269
10669,2191,2189,2274,2272
10670,2194,2192,2277,2275
10671,2197,2195,2280,2278
10672,2200,2198,2283,2281
10673,2203,2201,2286,2284
10674,2206,2204,2289,2287
10675,2215,2207,2292,2290
10676,2218,2216,2295,2293
10677,2221,2219,2304,2296
10678,2224,2222,2307,2305
10679,2227,2225,2310,2308
10680,2230,2228,2313,2311
10681,2233,2231,2316,2314
10682,2236,2234,2319,2317
10683,2239,2237,2322,2320
10684,2242,2240,2325,2323
10685,2245,2243,2328,2326
10686,2248,2246,2331,2329
10687,2251,2249,2334,2332
10688,2254,2252,2337,2335
10689,2257,2255,2340,2338
10690,2260,2258,2343,2341
10691,2263,2261,2346,2344
10692,2266,2264,2349,2347
10693,2269,2267,2352,2350
10694,2272,2270,2355,2353
10695,2275,2273,2358,2356
10696,2278,2276,2361,2359
10697,2281,2279,2364,2362
10698,2284,2282,2367,2365
10699,2287,2285,2370,2368
10700,2290,2288,2373,2371
10701,2293,2291,2376,2374
10702,2296,2294,2379,2377
10703,2299,2297,2382,2380
10704,2302,2300,2385,2383
10705,2311,2303,2388,2386
10706,2314,2312,2391,2389
10707,2317,2315,2400,2392
10708,2320,2318,2403,2401
10709,2323,2321,2406,2404
10710,2326,2324,2409,2407
10711,2329,2327,2412,2410
10712,2332,2330,2415,2413
10713,2335,2333,2418,2416
10714,2338,2336,2421,2419
10715,2341,2339,2424,2422
10716,2344,2342,2427,2425
10717,2347,2345,2430,2428
10718,2350,2348,2433,2431
10719,2353,2351,2436,2434
10720,2356,2354,2439,2437
10721,2359,2357,2442,2440
10722,2362,2360,2445,2443
10723,2365,2363,2448,2446
10724,2368,2366,2451,2449
10725,2371,2369,2454,2452
10726,2374,2372,2457,2455
10727,2377,2375,2460,2458
10728,2380,2378,2463,2461
10729,2383,2381,2466,2464
10730,2386,2384,2469,2467
10731,2389,2387,2472,2470
10732,2392,2390,2475,2473
10733,2395,2393,2478,2476
10734,2398,2396,2481,2479
10735,2407,2399,2484,2482
10736,2410,2408,2487,2485
10737,2413,2411,2496,2488
10738,2416,2414,2499,2497
10739,2419,2417,2502,2500
10740,2422,2420,2505,2503
10741,2425,2423,2508,2506
10742,2428,2426,2511,2509
10743,2431,2429,2514,2512
10744,2434,2432,2517,2515
10745,2437,2435,2520,2518
10746,2440,2438,2523,2521
10747,2443,2441,2526,2524
10748,2446,2444,2529,2527
10749,2449,2447,2532,2530
10750,2452,2450,2535,2533
10751,2455,2453,2538,2536
10752,2458,2456,2541,2539
10753,2461,2459,2544,2542
10754,2464,2462,2547,2545
10755,2467,2465,2550,2548
10756,2470,2468,2553,2551
10757,2473,2471,2556,2554
10758,2476,2474,2559,2557
10759,2479,2477,2562,2560
10760,2482,2480,2565,2563
10761,2485,2483,2568,2566
10762,2488,2486,2571,2569
10763,2491,2489,2574,2572
10764,2494,2492,2577,2575
10765,2503,2495,2580,2578
10766,2506,2504,2583,2581
10767,2509,2507,2592,2584
10768,2512,2510,2595,2593
10769,2515,2513,2598,2596
10770,2518,2516,2601,2599
10771,2521,2519,2604,2602
10772,2524,2522,2607,2605
10773,2527,2525,2610,2608
10774,2530,2528,2613,2611
10775,2533,2531,2616,2614
10776,2536,2534,2619,2617
10777,2539,2537,2622,2620
10778,2542,2540,2625,2623
10779,2545,2543,2628,2626
10780,2548,2546,2631,2629
10781,2551,2549,2634,2632
10782,2554,2552,2637,2635
10783,2557,2555,2640,2638
10784,2560,2558,2643,2641
10785,2563,2561,2646,2644
10786,2566,2564,2649,2647
10787,2569,2567,2652,2650
10788,2572,2570,2655,2653
10789,2575,2573,2658,2656
10790,2578,2576,2661,2659
10791,2581,2579,2664,2662
10792,2584,2582,2667,2665
10793,2587,2585,2670,2668
10794,2590,2588,2673,2671
10795,2599,2591,2676,2674
10796,2602,2600,2679,2677
10797,2605,2603,2688,2680
10798,2608,2606,2691,2689
10799,2611,2609,2694,2692
10800,2614,2612,2697,2695
10801,2617,2615,2700,2698
10802,2620,2618,2703,2701
10803,2623,2621,2706,2704
10804,2626,2624,2709,2707
10805,2629,2627,2712,2710
10806,2632,2630,2715,2713
10807,2635,2633,2718,2716
10808,2638,2636,2721,2719
10809,2641,2639,2724,2722
10810,2644,2642,2727,2725
10811,2647,2645,2730,2728
10812,2650,2648,2733,2731
10813,2653,2651,2736,2734
10814,2656,2654,2739,2737
10815,2659,2657,2742,2740
10816,2662,2660,2745,2743
10817,2665,2663,2748,2746
10818,2668,2666,2751,2749
10819,2671,2669,2754,2752
10820,2674,2672,2757,2755
10821,2677,2675,2760,2758
10822,2680,2678,2763,2761
10823,2683,2681,2766,2764
10824,2686,2684,2769,2767
10825,2695,2687,2772,2770
10826,2698,2696,2775,2773
10827,2701,2699,2784,2776
10828,2704,2702,2787,2785
10829,2707,2705,2790,2788
10830,2710,2708,2793,2791
10831,2713,2711,2796,2794
10832,2716,2714,2799,2797
10833,2719,2717,2802,2800
10834,2722,2720,2805,2803
10835,2725,2723,2808,2806
10836,2728,2726,2811,2809
10837,2731,2729,2814,2812
10838,2734,2732,2817,2815
10839,2737,2735,2820,2818
10840,2740,2738,2823,2821
10841,2743,2741,2826,2824
10842,2746,2744,2829,2827
10843,2749,2747,2832,2830
10844,2752,2750,2835,2833
10845,2755,2753,2838,2836
10846,2758,2756,2841,2839
10847,2761,2759,2844,2842
10848,2764,2762,2847,2845
10849,2767,2765,2850,2848
10850,2770,2768,2853,2851
10851,2773,2771,2856,2854
10852,2776,2774,2859,2857
10853,2779,2777,2862,2860
10854,2782,2780,2865,2863
10855,2791,2783,2868,2866
10856,2794,2792,2871,2869
10857,2797,2795,2880,2872
10858,2800,2798,2883,2881
10859,2803,2801,2886,2884
10860,2806,2804,2889,2887
10861,2809,2807,2892,2890
10862,2812,2810,2895,2893
10863,2815,2813,2898,2896
10864,2818,2816,2901,2899
10865,2821,2819,2904,2902
10866,2824,2822,2907,2905
10867,2827,2825,2910,2908
10868,2830,2828,2913,2911
10869,2833,2831,2916,2914
10870,2836,2834,2919,2917
10871,2839,2837,2922,2920
10872,2842,2840,2925,2923
10873,2845,2843,2928,2926
10874,2848,2846,2931,2929
10875,2851,2849,2934,2932
10876,2854,2852,2937,2935
10877,2857,2855,2940,2938
10878,2860,2858,2943,2941
10879,2863,2861,2946,2944
10880,2866,2864,2949,2947
10881,2869,2867,2952,2950
10882,2872,2870,2955,2953
10883,2875,2873,2958,2956
10884,2878,2876,2961,2959
10885,2887,2879,2964,2962
10886,2890,2888,2967,2965
10887,2893,2891,2976,2968
10888,2896,2894,2979,2977
10889,2899,2897,2982,2980
10890,2902,2900,2985,2983
10891,2905,2903,2988,2986
10892,2908,2906,2991,2989
10893,2911,2909,2994,2992
10894,2914,2912,2997,2995
10895,2917,2915,3000,2998
10896,2920,2918,3003,3001
10897,2923,2921,3006,3004
10898,2926,2924,3009,3007
10899,2929,2927,3012,3010
10900,2932,2930,3015,3013
10901,2935,2933,3018,3016
10902,2938,2936,3021,3019
10903,2941,2939,3024,3022
10904,2944,2942,3027,3025
10905,2947,2945,3030,3028
10906,2950,2948,3033,3031
10907,2953,2951,3036,3034
10908,2956,2954,3039,3037
10909,2959,2957,3042,3040
10910,2962,2960,3045,3043
10911,2965,2963,3048,3046
10912,2968,2966,3051,3049
10913,2971,2969,3054,3052
10914,2974,2972,3057,3055
10915,-1,2975,3060,3058
10916,-1,-1,3063,3061
10917,-1,-1,-1,3064
10918,-1,-1,-1,-1
10919,-1,-1,-1,-1
10920,-1,-1,-1,-1
10921,-1,-1,-1,-1
10922,-1,-1,-1,-1
10923,-1,-1,-1,-1
10924,-1,-1,-1,-1
10925,194,-1,-1,-1
10926,197,195,-1,-1
10927,200,198,196,-1
10928,203,201,199,197
10929,206,204,202,200
10930,209,207,205,203
10931,212,210,208,206
10932,215,213,211,209
10933,218,216,214,212
10934,221,219,217,215
10935,224,222,220,218
10936,227,225,223,221
10937,230,228,226,224
10938,233,231,229,227
10939,236,234,232,230
10940,239,237,235,233
10941,242,240,238,236
10942,245,243,241,239
10943,248,246,244,242
10944,251,249,247,245
10945,254,252,250,248
10946,257,255,253,251
10947,260,258,256,254
10948,263,261,259,257
10949,266,264,262,260
10950,269,267,265,263
10951,272,270,268,266
10952,275,273,271,269
10953,278,276,274,272
10954,281,279,277,275
10955,290,282,280,278
10956,293,291,283,281
10957,296,294,292,284
10958,299,297,295,293
10959,302,300,298,296
10960,305,303,301,299
10961,308,306,304,302
10962,311,309,307,305
10963,314,312,310,308
10964,317,315,313,311
10965,320,318,316,314
10966,323,321,319,317
10967,326,324,322,320
10968,329,327,325,323
10969,332,330,328,326
10970,335,333,331,329
10971,338,336,334,332
10972,341,339,337,335
10973,344,342,340,338
10974,347,345,343,341
10975,350,348,346,344
10976,353,351,349,347
10977,356,354,352,350
10978,359,357,355,353
10979,362,360,358,356
10980,365,363,361,359
10981,368,366,364,362
10982,371,369,367,365
10983,374,372,370,368
10984,377,375,373,371
10985,386,378,376,374
10986,389,387,379,377
10987,392,390,388,380
10988,395,393,391,389
10989,398,396,394,392
10990,401,399,397,395
10991,404,402,400,398
10992,407,405,403,401
10993,410,408,406,404
10994,413,411,409,407
10995,416,414,412,410
10996,419,417,415,413
10997,422,420,418,416
10998,425,423,421,419
10999,428,426,424,422
11000,431,429,427,425
11001,434,432,430,428
11002,437,435,433,431
11003,440,438,436,434
11004,443,441,439,437
11005,446,444,442,440
11006,449,447,445,443
11007,452,450,448,446
11008,455,453,451,449
11009,458,456,454,452
11010,461,459,457,455
11011,464,462,460,458
11012,467,465,463,461
11013,470,468,466,464
11014,473,471,469,467
11015,482,474,472,470
11016,485,483,475,473
11017,488,486,484,476
11018,491,489,487,485
11019,494,492,490,488
11020,497,495,493,491
11021,500,498,496,494
11022,503,501,499,497
11023,506,504,502,500
11024,509,507,505,503
11025,512,510,508,506
11026,515,513,511,509
11027,518,516,514,512
11028,521,519,517,515
11029,524,522,520,518
11030,527,525,523,521
11031,530,528,526,524
11032,533,531,529,527
11033,536,534,532,530
11034,539,537,535,533
11035,542,540,538,536
11036,545,543,541,539
11037,548,546,544,542
11038,551,549,547,545
11039,554,552,550,548
11040,557,555,553,551
11041,560,558,556,554
11042,563,561,559,557
11043,566,564,562,560
11044,569,567,565,563
11045,578,570,568,566
11046,581,579,571,569
11047,584,582,580,572
11048,587,585,583,581
11049,590,588,586,584
11050,593,591,589,587
11051,596,594,592,590
11052,599,597,595,593
11053,602,600,598,596
11054,605,603,601,599
11055,608,606,604,602
11056,611,609,607,605
11057,614,612,610,608
11058,617,615,613,611
11059,620,618,616,614
11060,623,621,619,617
11061,626,624,622,620
11062,629,627,625,623
11063,632,630,628,626
11064,635,633,631,629
11065,638,636,634,632
11066,641,639,637,635
11067,644,642,640,638
11068,647,645,643,641
11069,650,648,646,644
11070,653,651,649,647
11071,656,654,652,650
11072,659,657,655,653
11073,662,660,658,656
11074,665,663,661,659
11075,674,666,664,662
11076,677,675,667,665
11077,680,678,676,668
11078,683,681,679,677
11079,686,684,682,680
11080,689,687,685,683
11081,692,690,688,686
11082,695,693,691,689
11083,698,696,694,692
11084,701,699,697,695
11085,704,702,700,698
11086,707,705,703,701
11087,710,708,706,704
11088,713,711,709,707
11089,716,714,712,710
11090,719,717,715,713
11091,722,720,718,716
11092,725,723,721,719
11093,728,726,724,722
11094,731,729,727,725
11095,734,732,730,728
11096,737,735,733,731
11097,740,738,736,734
11098,743,741,739,737
11099,746,744,742,740
11100,749,747,745,743
11101,752,750,748,746
11102,755,753,751,749
11103,758,756,754,752
11104,761,759,757,755
11105,770,762,760,758
11106,773,771,763,761
11107,776,774,772,764
11108,779,777,775,773
11109,782,780,778,776
11110,785,783,781,779
11111,788,786,784,782
11112,791,789,787,785
11113,794,792,790,788
11114,797,795,793,791
11115,800,798,796,794
11116,803,801,799,797
11117,806,804,802,800
11118,809,807,805,803
11119,812,810,808,806
11120,815,813,811,809
11121,818,816,814,812
11122,821,819,817,815
11123,824,822,820,818
11124,827,825,823,821
11125,830,828,826,824
11126,833,831,829,827
11127,836,834,832,830
11128,839,837,835,833
11129,842,840,838,836
11130,845,843,841,839
11131,848,846,844,842
11132,851,849,847,845
11133,854,852,850,848
11134,857,855,853,851
11135,866,858,856,854
11136,869,867,859,857
11137,872,870,868,860
11138,875,873,871,869
11139,878,876,874,872
11140,881,879,877,875
11141,884,882,880,878
11142,887,885,883,881
11143,890,888,886,884
11144,893,891,889,887
11145,896,894,892,890
11146,899,897,895,893
11147,902,900,898,896
11148,905,903,901,899
11149,908,906,904,902
11150,911,909,907,905
11151,914,912,910,908
11152,917,915,913,911
11153,920,918,916,914
11154,923,921,919,917
11155,926,924,922,920
11156,929,927,925,923
11157,932,930,928,926
11158,935,933,931,929
11159,938,936,934,932
11160,941,939,937,935
11161,944,942,940,938
11162,947,945,943,941
11163,950,948,946,944
11164,953,951,949,947
11165,962,954,952,950
11166,965,963,955,953
11167,968,966,964,956
11168,971,969,967,965
11169,974,972,970,968
11170,977,975,973,971
11171,980,978,976,974
11172,983,981,979,977
11173,986,984,982,980
11174,989,987,985,983
11175,992,990,988,986
11176,995,993,991,989
11177,998,996,994,992
11178,1001,999,997,995
11179,1004,1002,1000,998
11180,1007,1005,1003,1001
11181,1010,1008,1006,1004
11182,1013,1011,1009,1007
11183,1016,1014,1012,1010
11184,1019,1017,1015,1013
11185,1022,1020,1018,1016
11186,1025,1023,1021,1019
11187,1028,1026,1024,1022
11188,1031,1029,1027,1025
11189,1034,1032,1030,1028
11190,1037,1035,1033,1031
11191,1040,1038,1036,1034
11192,1043,1041,1039,1037
11193,1046,1044,1042,1040
11194,1049,1047,1045,1043
11195,1058,1050,1048,1046
11196,1061,1059,1051,1049
11197,1064,1062,1060,1052
11198,1067,1065,1063,1061
11199,1070,1068,1066,1064
11200,1073,1071,1069,1067
11201,1076,1074,1072,1070
11202,1079,1077,1075,1073
11203,1082,1080,1078,1076
11204,1085,1083,1081,1079
11205,1088,1086,1084,1082
11206,1091,1089,1087,1085
11207,1094,1092,1090,1088
11208,1097,1095,1093,1091
11209,1100,1098,1096,1094
11210,1103,1101,1099,1097
11211,1106,1104,1102,1100
11212,1109,1107,1105,1103
11213,1112,1110,1108,1106
11214,1115,1113,1111,1109
11215,1118,1116,1114,1112
11216,1121,1119,1117,1115
11217,1124,1122,1120,1118
11218,1127,1125,1123,1121
11219,1130,1128,1126,1124
11220,1133,1131,1129,1127
11221,1136,1134,1132,1130
11222,1139,1137,1135,1133
11223,1142,1140,1138,1136
11224,1145,1143,1141,1139
11225,1154,1146,1144,1142
11226,1157,1155,1147,1145
11227,1160,1158,1156,1148
11228,1163,1161,1159,1157
11229,1166,1164,1162,1160
11230,1169,1167,1165,1163
11231,1172,1170,1168,1166
11232,1175,1173,1171,1169
11233,1178,1176,1174,1172
11234,1181,1179,1177,1175
11235,1184,1182,1180,1178
11236,1187,1185,1183,1181
11237,1190,1188,1186,1184
11238,1193,1191,1189,1187
11239,1196,1194,1192,1190
11240,1199,1197,1195,1193
11241,1202,1200,1198,1196
11242,1205,1203,1201,1199
11243,1208,1206,1204,1202
11244,1211,1209,1207,1205
11245,1214,1212,1210,1208
11246,1217,1215,1213,1211
11247,1220,1218,1216,1214
11248,1223,1221,1219,1217
11249,1226,1224,1222,1220
11250,1229,1227,1225,1223
11251,1232,1230,1228,1226
11252,1235,1233,1231,1229
11253,1238,1236,1234,1232
11254,1241,1239,1237,1235
11255,1250,1242,1240,1238
11256,1253,1251,1243,1241
11257,1256,1254,1252,1244
11258,1259,1257,1255,1253
11259,1262,1260,1258,1256
11260,1265,1263,1261,1259
11261,1268,1266,1264,1262
11262,1271,1269,1267,1265
11263,1274,1272,1270,1268
11264,1277,1275,1273,1271
11265,1280,1278,1276,1274
11266,1283,1281,1279,1277
11267,1286,1284,1282,1280
11268,1289,1287,1285,1283
11269,1292,1290,1288,1286
11270,1295,1293,1291,1289
11271,1298,1296,1294,1292
11272,1301,1299,1297,1295
11273,1304,1302,1300,1298
11274,1307,1305,1303,1301
11275,1310,1308,1306,1304
11276,1313,1311,1309,1307
11277,1316,1314,1312,1310
11278,1319,1317,1315,1313
11279,1322,1320,1318,1316
11280,1325,1323,1321,1319
11281,1328,1326,1324,1322
11282,1331,1329,1327,1325
11283,1334,1332,1330,1328
11284,1337,1335,1333,1331
11285,1346,1338,1336,1334
11286,1349,1347,1339,1337
11287,1352,1350,1348,1340
11288,1355,1353,1351,1349
11289,1358,1356,1354,1352
11290,1361,1359,1357,1355
11291,1364,1362,1360,1358
11292,1367,1365,1363,1361
11293,1370,1368,1366,1364
11294,1373,1371,1369,1367
11295,1376,1374,1372,1370
11296,1379,1377,1375,1373
11297,1382,1380,1378,1376
11298,1385,1383,1381,1379
11299,1388,1386,1384,1382
11300,1391,1389,1387,1385
11301,1394,1392,1390,1388
11302,1397,1395,1393,1391
11303,1400,1398,1396,1394
11304,1403,1401,1399,1397
11305,1406,1404,1402,1400
11306,1409,1407,1405,1403
11307,1412,1410,1408,1406
11308,1415,1413,1411,1409
11309,1418,1416,1414,1412
11310,1421,1419,1417,1415
11311,1424,1422,1420,1418
11312,1427,1425,1423,1421
11313,1430,1428,1426,1424
11314,1433,1431,1429,1427
11315,1442,1434,1432,1430
11316,1445,1443,1435,1433
11317,1448,1446,1444,1436
11318,1451,1449,1447,1445
11319,1454,1452,1450,1448
11320,1457,1455,1453,1451
11321,1460,1458,1456,1454
11322,1463,1461,1459,1457
11323,1466,1464,1462,1460
11324,1469,1467,1465,1463
11325,1472,1470,1468,1466
11326,1475,1473,1471,1469
11327,1478,1476,1474,1472
11328,1481,1479,1477,1475
11329,1484,1482,1480,1478
11330,1487,1485,1483,1481
11331,1490,1488,1486,1484
11332,1493,1491,1489,1487
11333,1496,1494,1492,1490
11334,1499,1497,1495,1493
11335,1502,1500,1498,1496
11336,1505,1503,1501,1499
11337,1508,1506,1504,1502
11338,1511,1509,1507,1505
11339,1514,1512,1510,1508
11340,1517,1515,1513,1511
11341,1520,1518,1516,1514
11342,1523,1521,1519,1517
11343,1526,1524,1522,1520
11344,1529,1527,1525,1523
11345,1538,1530,1528,1526
11346,1541,1539,1531,1529
11347,1544,1542,1540,1532
11348,1547,1545,1543,1541
11349,1550,1548,1546,1544
11350,1553,1551,1549,1547
11351,1556,1554,1552,1550
11352,1559,1557,1555,1553
11353,1562,1560,1558,1556
11354,1565,1563,1561,1559
11355,1568,1566,1564,1562
11356,1571,1569,1567,1565
11357,1574,1572,1570,1568
11358,1577,1575,1573,1571
11359,1580,1578,1576,1574
11360,1583,1581,1579,1577
11361,1586,1584,1582,1580
11362,1589,1587,1585,1583
11363,1592,1590,1588,1586
11364,1595,1593,1591,1589
11365,1598,1596,1594,1592
11366,1601,1599,1597,1595
11367,1604,1602,1600,1598
11368,1607,1605,1603,1601
11369,1610,1608,1606,1604
11370,1613,1611,1609,1607
11371,1616,1614,1612,1610
11372,1619,1617,1615,1613
11373,1622,1620,1618,1616
11374,1625,1623,1621,1619
11375,1634,1626,1624,1622
11376,1637,1635,1627,1625
11377,1640,1638,1636,1628
11378,1643,1641,1639,1637
11379,1646,1644,1642,1640
11380,1649,1647,1645,1643
11381,1652,1650,1648,1646
11382,1655,1653,1651,1649
11383,1658,1656,1654,1652
11384,1661,1659,1657,1655
11385,1664,1662,1660,1658
11386,1667,1665,1663,1661
11387,1670,1668,1666,1664
11388,1673,1671,1669,1667
11389,1676,1674,1672,1670
11390,1679,1677,1675,1673
11391,1682,1680,1678,1676
11392,1685,1683,1681,1679
11393,1688,1686,1684,1682
11394,1691,1689,1687,1685
11395,1694,1692,1690,1688
11396,1697,1695,1693,1691
11397,1700,1698,1696,1694
11398,1703,1701,1699,1697
11399,1706,1704,1702,1700
11400,1709,1707,1705,1703
11401,1712,1710,1708,1706
11402,1715,1713,1711,1709
11403,1718,1716,1714,1712
11404,1721,1719,1717,1715
11405,1730,1722,1720,1718
11406,1733,1731,1723,1721
11407,1736,1734,1732,1724
11408,1739,1737,1735,1733
11409,1742,1740,1738,1736
11410,1745,1743,1741,1739
11411,1748,1746,1744,1742
11412,1751,1749,1747,1745
11413,1754,1752,1750,1748
11414,1757,1755,1753,1751
11415,1760,1758,1756,1754
11416,1763,1761,1759,1757
11417,1766,1764,1762,1760
11418,1769,1767,1765,1763
11419,1772,1770,1768,1766
11420,1775,1773,1771,1769
11421,1778,1776,1774,1772
11422,1781,1779,1777,1775
11423,1784,1782,1780,1778
11424,1787,1785,1783,1781
11425,1790,1788,1786,1784
11426,1793,1791,1789,1787
11427,1796,1794,1792,1790
11428,1799,1797,1795,1793
11429,1802,1800,1798,1796
11430,1805,1803,1801,1799
11431,1808,1806,1804,1802
11432,1811,1809,1807,1805
11433,1814,1812,1810,1808
11434,1817,1815,1813,1811
11435,1826,1818,1816,1814
11436,1829,1827,1819,1817
11437,1832,1830,1828,1820
11438,1835,1833,1831,1829
11439,1838,1836,1834,1832
11440,1841,1839,1837,1835
11441,1844,1842,1840,1838
11442,1847,1845,1843,1841
11443,1850,1848,1846,1844
11444,1853,1851,1849,1847
11445,1856,1854,1852,1850
11446,1859,1857,1855,1853
11447,1862,1860,1858,1856
11448,1865,1863,1861,1859
11449,1868,1866,1864,1862
11450,1871,1869,1867,1865
11451,1874,1872,1870,1868
11452,1877,1875,1873,1871
11453,1880,1878,1876,1874
11454,1883,1881,1879,1877
11455,1886,1884,1882,1880
11456,1889,1887,1885,1883
11457,1892,1890,1888,1886
11458,1895,1893,1891,1889
11459,1898,1896,1894,1892
11460,1901,1899,1897,1895
11461,1904,1902,1900,1898
11462,1907,1905,1903,1901
11463,1910,1908,1906,1904
11464,1913,1911,1909,1907
11465,1922,1914,1912,1910
11466,1925,1923,1915,1913
11467,1928,1926,1924,1916
11468,1931,1929,1927,1925
11469,1934,1932,1930,1928
11470,1937,1935,1933,1931
11471,1940,1938,1936,1934
11472,1943,1941,1939,1937
11473,1946,1944,1942,1940
11474,1949,1947,1945,1943
11475,1952,1950,1948,1946
11476,1955,1953,1951,1949
11477,1958,1956,1954,1952
11478,1961,1959,1957,1955
11479,1964,1962,1960,1958
11480,1967,1965,1963,1961
11481,1970,1968,1966,1964
11482,1973,1971,1969,1967
11483,1976,1974,1972,1970
11484,1979,1977,1975,1973
11485,1982,1980,1978,1976
11486,1985,1983,1981,1979
11487,1988,1986,1984,1982
11488,1991,1989,1987,1985
11489,1994,1992,1990,1988
11490,1997,1995,1993,1991
11491,2000,1998,1996,1994
11492,2003,2001,1999,1997
11493,2006,2004,2002,2000
11494,2009,2007,2005,2003
11495,2018,2010,2008,2006
11496,2021,2019,2011,2009
11497,2024,2022,2020,2012
11498,2027,2025,2023,2021
11499,2030,2028,2026,2024
11500,2033,2031,2029,2027
11501,2036,2034,2032,2030
11502,2039,2037,2035,2033
11503,2042,2040,2038,2036
11504,2045,2043,2041,2039
11505,2048,2046,2044,2042
11506,2051,2049,2047,2045
11507,2054,2052,2050,2048
11508,2057,2055,2053,2051
11509,2060,2058,2056,2054
11510,2063,2061,2059,2057
11511,2066,2064,2062,2060
11512,2069,2067,2065,2063
11513,2072,2070,2068,2066
11514,2075,2073,2071,2069
11515,2078,2076,2074,2072
11516,2081,2079,2077,2075
11517,2084,2082,2080,2078
11518,2087,2085,2083,2081
11519,2090,2088,2086,2084
11520,2093,2091,2089,2087
11521,2096,2094,2092,2090
11522,2099,2097,2095,2093
11523,2102,2100,2098,2096
11524,2105,2103,2101,2099
11525,2114,2106,2104,2102
11526,2117,2115,2107,2105
11527,2120,2118,2116,2108
11528,2123,2121,2119,2117
11529,2126,2124,2122,2120
11530,2129,2127,2125,2123
11531,2132,2130,2128,2126
11532,2135,2133,2131,2129
11533,2138,2136,2134,2132
11534,2141,2139,2137,2135
11535,2144,2142,2140,2138
11536,2147,2145,2143,2141
11537,2150,2148,2146,2144
11538,2153,2151,2149,2147
11539,2156,2154,2152,2150
11540,2159,2157,2155,2153
11541,2162,2160,2158,2156
11542,2165,2163,2161,2159
11543,2168,2166,2164,2162
11544,2171,2169,2167,2165
11545,2174,2172,2170,2168
11546,2177,2175,2173,2171
11547,2180,2178,2176,2174
11548,2183,2181,2179,2177
11549,2186,2184,2182,2180
11550,2189,2187,2185,2183
11551,2192,2190,2188,2186
11552,2195,2193,2191,2189
11553,2198,2196,2194,2192
11554,2201,2199,2197,2195
11555,2210,2202,2200,2198
11556,2213,2211,2203,2201
11557,2216,2214,2212,2204
11558,2219,2217,2215,2213
11559,2222,2220,2218,2216
11560,2225,2223,2221,2219
11561,2228,2226,2224,2222
11562,2231,2229,2227,2225
11563,2234,2232,2230,2228
11564,2237,2235,2233,2231
11565,2240,2238,2236,2234
11566,2243,2241,2239,2237
11567,2246,2244,2242,2240
11568,2249,2247,2245,2243
11569,2252,2250,2248,2246
11570,2255,2253,2251,2249
11571,2258,2256,2254,2252
11572,2261,2259,2257,2255
11573,2264,2262,2260,2258
11574,2267,2265,2263,2261
11575,2270,2268,2266,2264
11576,2273,2271,2269,2267
11577,2276,2274,2272,2270
11578,2279,2277,2275,2273
11579,2282,2280,2278,2276
11580,2285,2283,2281,2279
11581,2288,2286,2284,2282
11582,2291,2289,2287,2285
11583,2294,2292,2290,2288
11584,2297,2295,2293,2291
11585,2306,2298,2296,2294
11586,2309,2307,2299,2297
11587,2312,2310,2308,2300
11588,2315,2313,2311,2309
11589,2318,2316,2314,2312
11590,2321,2319,2317,2315
11591,2324,2322,2320,2318
11592,2327,2325,2323,2321
11593,2330,2328,2326,2324
11594,2333,2331,2329,2327
11595,2336,2334,2332,2330
11596,2339,2337,2335,2333
11597,2342,2340,2338,2336
11598,2345,2343,2341,2339
11599,2348,2346,2344,2342
11600,2351,2349,2347,2345
11601,2354,2352,2350,2348
11602,2357,2355,2353,2351
11603,2360,2358,2356,2354
11604,2363,2361,2359,2357
11605,2366,2364,2362,2360
11606,2369,2367,2365,2363
11607,2372,2370,2368,2366
11608,2375,2373,2371,2369
11609,2378,2376,2374,2372
11610,2381,2379,2377,2375
11611,2384,2382,2380,2378
11612,2387,2385,2383,2381
11613,2390,2388,2386,2384
11614,2393,2391,2389,2387
11615,2402,2394,2392,2390
11616,2405,2403,2395,2393
11617,2408,2406,2404,2396
11618,2411,2409,2407,2405
11619,2414,2412,2410,2408
11620,2417,2415,2413,2411
11621,2420,2418,2416,2414
11622,2423,2421,2419,2417
11623,2426,2424,2422,2420
11624,2429,2427,2425,2423
11625,2432,2430,2428,2426
11626,2435,2433,2431,2429
11627,2438,2436,2434,2432
11628,2441,2439,2437,2435
11629,2444,2442,2440,2438
11630,2447,2445,2443,2441
11631,2450,2448,2446,2444
11632,2453,2451,2449,2447
11633,2456,2454,2452,2450
11634,2459,2457,2455,2453
11635,2462,2460,2458,2456
11636,2465,2463,2461,2459
11637,2468,2466,2464,2462
11638,2471,2469,2467,2465
11639,2474,2472,2470,2468
11640,2477,2475,2473,2471
11641,2480,2478,2476,2474
11642,2483,2481,2479,2477
11643,2486,2484,2482,2480
11644,2489,2487,2485,2483
11645,2498,2490,2488,2486
11646,2501,2499,2491,2489
11647,2504,2502,2500,2492
11648,2507,2505,2503,2501
11649,2510,2508,2506,2504
11650,2513,2511,2509,2507
11651,2516,2514,2512,2510
11652,2519,2517,2515,2513
11653,2522,2520,2518,2516
11654,2525,2523,2521,2519
11655,2528,2526,2524,2522
11656,2531,2529,2527,2525
11657,2534,2532,2530,2528
11658,2537,2535,2533,2531
11659,2540,2538,2536,2534
11660,2543,2541,2539,2537
11661,2546,2544,2542,2540
11662,2549,2547,2545,2543
11663,2552,2550,2548,2546
11664,2555,2553,2551,2549
11665,2558,2556,2554,2552
11666,2561,2559,2557,2555
11667,2564,2562,2560,2558
11668,2567,2565,2563,2561
11669,2570,2568,2566,2564
11670,2573,2571,2569,2567
11671,2576,2574,2572,2570
11672,2579,2577,2575,2573
11673,2582,2580,2578,2576
11674,2585,2583,2581,2579
11675,2594,2586,2584,2582
11676,2597,2595,2587,2585
11677,2600,2598,2596,2588
11678,2603,2601,2599,2597
11679,2606,2604,2602,2600
11680,2609,2607,2605,2603
11681,2612,2610,2608,2606
11682,2615,2613,2611,2609
11683,2618,2616,2614,2612
11684,2621,2619,2617,2615
11685,2624,2622,2620,2618
11686,2627,2625,2623,2621
11687,2630,2628,2626,2624
11688,2633,2631,2629,2627
11689,2636,2634,2632,2630
11690,2639,2637,2635,2633
11691,2642,2640,2638,2636
11692,2645,2643,2641,2639
11693,2648,2646,2644,2642
11694,2651,2649,2647,2645
11695,2654,2652,2650,2648
11696,2657,2655,2653,2651
11697,2660,2658,2656,2654
11698,2663,2661,2659,2657
11699,2666,2664,2662,2660
11700,2669,2667,2665,2663
11701,2672,2670,2668,2666
11702,2675,2673,2671,2669
11703,2678,2676,2674,2672
11704,2681,2679,2677,2675
11705,2690,2682,2680,2678
11706,2693,2691,2683,2681
11707,2696,2694,2692,2684
11708,2699,2697,2695,2693
11709,2702,2700,2698,2696
11710,2705,2703,2701,2699
11711,2708,2706,2704,2702
11712,2711,2709,2707,2705
11713,2714,2712,2710,2708
11714,2717,2715,2713,2711
11715,2720,2718,2716,2714
11716,2723,2721,2719,2717
11717,2726,2724,2722,2720
11718,2729,2727,2725,2723
11719,2732,2730,2728,2726
11720,2735,2733,2731,2729
11721,2738,2736,2734,2732
11722,2741,2739,2737,2735
11723,2744,2742,2740,2738
11724,2747,2745,2743,2741
11725,2750,2748,2746,2744
11726,2753,2751,2749,2747
11727,2756,2754,2752,2750
11728,2759,2757,2755,2753
11729,2762,2760,2758,2756
11730,2765,2763,2761,2759
11731,2768,2766,2764,2762
11732,2771,2769,2767,2765
11733,2774,2772,2770,2768
11734,2777,2775,2773,2771
11735,2786,2778,2776,2774
11736,2789,2787,2779,2777
11737,2792,2790,2788,2780
11738,2795,2793,2791,2789
11739,2798,2796,2794,2792
11740,2801,2799,2797,2795
11741,2804,2802,2800,2798
11742,2807,2805,2803,2801
11743,2810,2808,2806,2804
11744,2813,2811,2809,2807
11745,2816,2814,2812,2810
11746,2819,2817,2815,2813
11747,2822,2820,2818,2816
11748,2825,2823,2821,2819
11749,2828,2826,2824,2822
11750,2831,2829,2827,2825
11751,2834,2832,2830,2828
11752,2837,2835,2833,2831
11753,2840,2838,2836,2834
11754,2843,2841,2839,2837
11755,2846,2844,2842,2840
11756,2849,2847,2845,2843
11757,2852,2850,2848,2846
11758,2855,2853,2851,2849
11759,2858,2856,2854,2852
11760,2861,2859,2857,2855
11761,2864,2862,2860,2858
11762,2867,2865,2863,2861
11763,2870,2868,2866,2864
11764,2873,2871,2869,2867
11765,2882,2874,2872,2870
11766,2885,2883,2875,2873
11767,2888,2886,2884,2876
11768,2891,2889,2887,2885
11769,2894,2892,2890,2888
11770,2897,2895,2893,2891
11771,2900,2898,2896,2894
11772,2903,2901,2899,2897
11773,2906,2904,2902,2900
11774,2909,2907,2905,2903
11775,2912,2910,2908,2906
11776,2915,2913,2911,2909
11777,2918,2916,2914,2912
11778,2921,2919,2917,2915
11779,2924,2922,2920,2918
11780,2927,2925,2923,2921
11781,2930,2928,2926,2924
11782,2933,2931,2929,2927
11783,2936,2934,2932,2930
11784,2939,2937,2935,2933
11785,2942,2940,2938,2936
11786,2945,2943,2941,2939
11787,2948,2946,2944,2942
11788,2951,2949,2947,2945
11789,2954,2952,2950,2948
11790,2957,2955,2953,2951
11791,2960,2958,2956,2954
11792,2963,2961,2959,2957
11793,2966,2964,2962,2960
11794,2969,2967,2965,2963
11795,2978,2970,2968,2966
11796,2981,2979,2971,2969
11797,2984,2982,2980,2972
11798,2987,2985,2983,2981
11799,2990,2988,2986,2984
11800,2993,2991,2989,2987
11801,2996,2994,2992,2990
11802,2999,2997,2995,2993
11803,3002,3000,2998,2996
11804,3005,3003,3001,2999
11805,3008,3006,3004,3002
11806,3011,3009,3007,3005
11807,3014,3012,3010,3008
11808,3017,3015,3013,3011
11809,3020,3018,3016,3014
11810,3023,3021,3019,3017
11811,3026,3024,3022,3020
11812,3029,3027,3025,3023
11813,3032,3030,3028,3026
11814,3035,3033,3031,3029
11815,3038,3036,3034,3032
11816,3041,3039,3037,3035
11817,3044,3042,3040,3038
11818,3047,3045,3043,3041
11819,3050,3048,3046,3044
11820,3053,3051,3049,3047
11821,3056,3054,3052,3050
11822,3059,3057,3055,3053
11823,3062,3060,3058,3056
11824,3065,3063,3061,3059
11825,-1,3066,3064,3062
11826,-1,-1,3067,3065
11827,-1,-1,-1,3068
11828,-1,-1,-1,-1
11829,-1,-1,-1,-1
11830,-1,-1,-1,-1
11831,-1,-1,-1,-1
11832,-1,-1,-1,-1
11833,-1,-1,-1,-1
11834,-1,-1,-1,-1
11835,198,-1,-1,-1
11836,201,199,-1,-1
11837,204,202,200,-1
11838,207,205,203,-1
11839,210,208,206,-1
11840,213,211,209,-1
11841,216,214,212,-1
11842,219,217,215,-1
11843,222,220,218,-1
11844,225,223,221,-1
11845,228,226,224,-1
11846,231,229,227,-1
11847,234,232,230,-1
11848,237,235,233,-1
11849,240,238,236,-1
11850,243,241,239,-1
11851,246,244,242,-1
11852,249,247,245,-1
11853,252,250,248,-1
11854,255,253,251,-1
11855,258,256,254,-1
11856,261,259,257,-1
11857,264,262,260,-1
11858,267,265,263,-1
11859,270,268,266,-1
11860,273,271,269,-1
11861,276,274,272,-1
11862,279,277,275,-1
11863,282,280,278,-1
11864,285,283,281,-1
11865,294,286,284,-1
11866,297,295,287,-1
11867,300,298,296,-1
11868,303,301,299,-1
11869,306,304,302,-1
11870,309,307,305,-1
11871,312,310,308,-1
11872,315,313,311,-1
11873,318,316,314,-1
11874,321,319,317,-1
11875,324,322,320,-1
11876,327,325,323,-1
11877,330,328,326,-1
11878,333,331,329,-1
11879,336,334,332,-1
11880,339,337,335,-1
11881,342,340,338,-1
11882,345,343,341,-1
11883,348,346,344,-1
11884,351,349,347,-1
11885,354,352,350,-1
11886,357,355,353,-1
11887,360,358,356,-1
11888,363,361,359,-1
11889,366,364,362,-1
11890,369,367,365,-1
11891,372,370,368,-1
11892,375,373,371,-1
11893,378,376,374,-1
11894,381,379,377,-1
11895,390,382,380,-1
11896,393,391,383,-1
11897,396,394,392,-1
11898,399,397,395,-1
11899,402,400,398,-1
11900,405,403,401,-1
11901,408,406,404,-1
11902,411,409,407,-1
11903,414,412,410,-1
11904,417,415,413,-1
11905,420,418,416,-1
11906,423,421,419,-1
11907,426,424,422,-1
11908,429,427,425,-1
11909,432,430,428,-1
11910,435,433,431,-1
11911,438,436,434,-1
11912,441,439,437,-1
11913,444,442,440,-1
11914,447,445,443,-1
11915,450,448,446,-1
11916,453,451,449,-1
11917,456,454,452,-1
11918,459,457,455,-1
11919,462,460,458,-1
11920,465,463,461,-1
11921,468,466,464,-1
11922,471,469,467,-1
11923,474,472,470,-1
11924,477,475,473,-1
11925,486,478,476,-1
11926,489,487,479,-1
11927,492,490,488,-1
11928,495,493,491,-1
11929,498,496,494,-1
11930,501,499,497,-1
11931,504,502,500,-1
11932,507,505,503,-1
11933,510,508,506,-1
11934,513,511,509,-1
11935,516,514,512,-1
11936,519,517,515,-1
11937,522,520,518,-1
11938,525,523,521,-1
11939,528,526,524,-1
11940,531,529,527,-1
11941,534,532,530,-1
11942,537,535,533,-1
11943,540,538,536,-1
11944,543,541,539,-1
11945,546,544,542,-1
11946,549,547,545,-1
11947,552,550,548,-1
11948,555,553,551,-1
11949,558,556,554,-1
11950,561,559,557,-1
11951,564,562,560,-1
11952,567,565,563,-1
11953,570,568,566,-1
11954,573,571,569,-1
11955,582,574,572,-1
11956,585,583,575,-1
11957,588,586,584,-1
11958,591,589,587,-1
11959,594,592,590,-1
11960,597,595,593,-1
11961,600,598,596,-1
11962,603,601,599,-1
11963,606,604,602,-1
11964,609,607,605,-1
11965,612,610,608,-1
11966,615,613,611,-1
11967,618,616,614,-1
11968,621,619,617,-1
11969,624,622,620,-1
11970,627,625,623,-1
11971,630,628,626,-1
11972,633,631,629,-1
11973,636,634,632,-1
11974,639,637,635,-1
11975,642,640,638,-1
11976,645,643,641,-1
11977,648,646,644,-1
11978,651,649,647,-1
11979,654,652,650,-1
11980,657,655,653,-1
11981,660,658,656,-1
11982,663,661,659,-1
11983,666,664,662,-1
11984,669,667,665,-1
11985,678,670,668,-1
11986,681,679,671,-1
11987,684,682,680,-1
11988,687,685,683,-1
11989,690,688,686,-1
11990,693,691,689,-1
11991,696,694,692,-1
11992,699,697,695,-1
11993,702,700,698,-1
11994,705,703,701,-1
11995,708,706,704,-1
11996,711,709,707,-1
11997,714,712,710,-1
11998,717,715,713,-1
11999,720,718,716,-1
12000,723,721,719,-1
12001,726,724,722,-1
12002,729,727,725,-1
12003,732,730,728,-1
12004,735,733,731,-1
12005,738,736,734,-1
12006,741,739,737,-1
12007,744,742,740,-1
12008,747,745,743,-1
12009,750,748,746,-1
12010,753,751,749,-1
12011,756,754,752,-1
12012,759,757,755,-1
12013,762,760,758,-1
12014,765,763,761,-1
12015,774,766,764,-1
12016,777,775,767,-1
12017,780,778,776,-1
12018,783,781,779,-1
12019,786,784,782,-1
12020,789,787,785,-1
12021,792,790,788,-1
12022,795,793,791,-1
12023,798,796,794,-1
12024,801,799,797,-1
12025,804,802,800,-1
12026,807,805,803,-1
12027,810,808,806,-1
12028,813,811,809,-1
12029,816,814,812,-1
12030,819,817,815,-1
12031,822,820,818,-1
12032,825,823,821,-1
12033,828,826,824,-1
12034,831,829,827,-1
12035,834,832,830,-1
12036,837,835,833,-1
12037,840,838,836,-1
12038,843,841,839,-1
12039,846,844,842,-1
12040,849,847,845,-1
12041,852,850,848,-1
12042,855,853,851,-1
12043,858,856,854,-1
12044,861,859,857,-1
12045,870,862,860,-1
12046,873,871,863,-1
12047,876,874,872,-1
12048,879,877,875,-1
12049,882,880,878,-1
12050,885,883,881,-1
12051,888,886,884,-1
12052,891,889,887,-1
12053,894,892,890,-1
12054,897,895,893,-1
12055,900,898,896,-1
12056,903,901,899,-1
12057,906,904,902,-1
12058,909,907,905,-1
12059,912,910,908,-1
12060,915,913,911,-1
12061,918,916,914,-1
12062,921,919,917,-1
12063,924,922,920,-1
12064,927,925,923,-1
12065,930,928,926,-1
12066,933,931,929,-1
12067,936,934,932,-1
12068,939,937,935,-1
12069,942,940,938,-1
12070,945,943,941,-1
12071,948,946,944,-1
12072,951,949,947,-1
12073,954,952,950,-1
12074,957,955,953,-1
12075,966,958,956,-1
12076,969,967,959,-1
12077,972,970,968,-1
12078,975,973,971,-1
12079,978,976,974,-1
12080,981,979,977,-1
12081,984,982,980,-1
12082,987,985,983,-1
12083,990,988,986,-1
12084,993,991,989,-1
12085,996,994,992,-1
12086,999,997,995,-1
12087,1002,1000,998,-1
12088,1005,1003,1001,-1
12089,1008,1006,1004,-1
12090,1011,1009,1007,-1
12091,1014,1012,1010,-1
12092,1017,1015,1013,-1
12093,1020,1018,1016,-1
12094,1023,1021,1019,-1
12095,1026,1024,1022,-1
12096,1029,1027,1025,-1
12097,1032,1030,1028,-1
12098,1035,1033,1031,-1
12099,1038,1036,1034,-1
12100,1041,1039,1037,-1
12101,1044,1042,1040,-1
12102,1047,1045,1043,-1
12103,1050,1048,1046,-1
12104,1053,1051,1049,-1
12105,1062,1054,1052,-1
12106,1065,1063,1055,-1
12107,1068,1066,1064,-1
12108,1071,1069,1067,-1
12109,1074,1072,1070,-1
12110,1077,1075,1073,-1
12111,1080,1078,1076,-1
12112,1083,1081,1079,-1
12113,1086,1084,1082,-1
12114,1089,1087,1085,-1
12115,1092,1090,1088,-1
12116,1095,1093,1091,-1
12117,1098,1096,1094,-1
12118,1101,1099,1097,-1
12119,1104,1102,1100,-1
12120,1107,1105,1103,-1
12121,1110,1108,1106,-1
12122,1113,1111,1109,-1
12123,1116,1114,1112,-1
12124,1119,1117,1115,-1
12125,1122,1120,1118,-1
12126,1125,1123,1121,-1
12127,1128,1126,1124,-1
12128,1131,1129,1127,-1
12129,1134,1132,1130,-1
12130,1137,1135,1133,-1
12131,1140,1138,1136,-1
12132,1143,1141,1139,-1
12133,1146,1144,1142,-1
12134,1149,1147,1145,-1
12135,1158,1150,1148,-1
12136,1161,1159,1151,-1
12137,1164,1162,1160,-1
12138,1167,1165,1163,-1
12139,1170,1168,1166,-1
12140,1173,1171,1169,-1
12141,1176,1174,1172,-1
12142,1179,1177,1175,-1
12143,1182,1180,1178,-1
12144,1185,1183,1181,-1
12145,1188,1186,1184,-1
12146,1191,1189,1187,-1
12147,1194,1192,1190,-1
12148,1197,1195,1193,-1
12149,1200,1198,1196,-1
12150,1203,1201,1199,-1
12151,1206,1204,1202,-1
12152,1209,1207,1205,-1
12153,1212,1210,1208,-1
12154,1215,1213,1211,-1
12155,1218,1216,1214,-1
12156,1221,1219,1217,-1
12157,1224,1222,1220,-1
12158,1227,1225,1223,-1
12159,1230,1228,1226,-1
12160,1233,1231,1229,-1
12161,1236,1234,1232,-1
12162,1239,1237,1235,-1
12163,1242,1240,1238,-1
12164,1245,1243,1241,-1
12165,1254,1246,1244,-1
12166,1257,1255,1247,-1
12167,1260,1258,1256,-1
12168,1263,1261,1259,-1
12169,1266,1264,1262,-1
12170,1269,1267,1265,-1
12171,1272,1270,1268,-1
12172,1275,1273,1271,-1
12173,1278,1276,1274,-1
12174,1281,1279,1277,-1
12175,1284,1282,1280,-1
12176,1287,1285,1283,-1
12177,1290,1288,1286,-1
12178,1293,1291,1289,-1
12179,1296,1294,1292,-1
12180,1299,1297,1295,-1
12181,1302,1300,1298,-1
12182,1305,1303,1301,-1
12183,1308,1306,1304,-1
12184,1311,1309,1307,-1
12185,1314,1312,1310,-1
12186,1317,1315,1313,-1
12187,1320,1318,1316,-1
12188,1323,1321,1319,-1
12189,1326,1324,1322,-1
12190,1329,1327,1325,-1
12191,1332,1330,1328,-1
12192,1335,1333,1331,-1
12193,1338,1336,1334,-1
12194,1341,1339,1337,-1
12195,1350,1342,1340,-1
12196,1353,1351,1343,-1
12197,1356,1354,1352,-1
12198,1359,1357,1355,-1
12199,1362,1360,1358,-1
12200,1365,1363,1361,-1
12201,1368,1366,1364,-1
12202,1371,1369,1367,-1
12203,1374,1372,1370,-1
12204,1377,1375,1373,-1
12205,1380,1378,1376,-1
12206,1383,1381,1379,-1
12207,1386,1384,1382,-1
12208,1389,1387,1385,-1
12209,1392,1390,1388,-1
12210,1395,1393,1391,-1
12211,1398,1396,1394,-1
12212,1401,1399,1397,-1
12213,1404,1402,1400,-1
12214,1407,1405,1403,-1
12215,1410,1408,1406,-1
12216,1413,1411,1409,-1
12217,1416,1414,1412,-1
12218,1419,1417,1415,-1
12219,1422,1420,1418,-1
12220,1425,1423,1421,-1
12221,1428,1426,1424,-1
12222,1431,1429,1427,-1
12223,1434,1432,1430,-1
12224,1437,1435,1433,-1
12225,1446,1438,1436,-1
12226,1449,1447,1439,-1
12227,1452,1450,1448,-1
12228,1455,1453,1451,-1
12229,1458,1456,1454,-1
12230,1461,1459,1457,-1
12231,1464,1462,1460,-1
12232,1467,1465,1463,-1
12233,1470,1468,1466,-1
12234,1473,1471,1469,-1
12235,1476,1474,1472,-1
12236,1479,1477,1475,-1
12237,1482,1480,1478,-1
12238,1485,1483,1481,-1
12239,1488,1486,1484,-1
12240,1491,1489,1487,-1
12241,1494,1492,1490,-1
12242,1497,1495,1493,-1
12243,1500,1498,1496,-1
12244,1503,1501,1499,-1
12245,1506,1504,1502,-1
12246,1509,1507,1505,-1
12247,1512,1510,1508,-1
12248,1515,1513,1511,-1
12249,1518,1516,1514,-1
12250,1521,1519,1517,-1
12251,1524,1522,1520,-1
12252,1527,1525,1523,-1
12253,1530,1528,1526,-1
12254,1533,1531,1529,-1
12255,1542,1534,1532,-1
12256,1545,1543,1535,-1
12257,1548,1546,1544,-1
12258,1551,1549,1547,-1
12259,1554,1552,1550,-1
12260,1557,1555,1553,-1
12261,1560,1558,1556,-1
12262,1563,1561,1559,-1
12263,1566,1564,1562,-1
12264,1569,1567,1565,-1
12265,1572,1570,1568,-1
12266,1575,1573,1571,-1
12267,1578,1576,1574,-1
12268,1581,1579,1577,-1
12269,1584,1582,1580,-1
12270,1587,1585,1583,-1
12271,1590,1588,1586,-1
12272,1593,1591,1589,-1
12273,1596,1594,1592,-1
12274,1599,1597,1595,-1
12275,1602,1600,1598,-1
12276,1605,1603,1601,-1
12277,1608,1606,1604,-1
12278,1611,1609,1607,-1
12279,1614,1612,1610,-1
12280,1617,1615,1613,-1
12281,1620,1618,1616,-1
12282,1623,1621,1619,-1
12283,1626,1624,1622,-1
12284,1629,1627,1625,-1
12285,1638,1630,1628,-1
12286,1641,1639,1631,-1
12287,1644,1642,1640,-1
12288,1647,1645,1643,-1
12289,1650,1648,1646,-1
12290,1653,1651,1649,-1
12291,1656,1654,1652,-1
12292,1659,1657,1655,-1
12293,1662,1660,1658,-1
12294,1665,1663,1661,-1
12295,1668,1666,1664,-1
12296,1671,1669,1667,-1
12297,1674,1672,1670,-1
12298,1677,1675,1673,-1
12299,1680,1678,1676,-1
12300,1683,1681,1679,-1
12301,1686,1684,1682,-1
12302,1689,1687,1685,-1
12303,1692,1690,1688,-1
12304,1695,1693,1691,-1
12305,1698,1696,1694,-1
12306,1701,1699,1697,-1
12307,1704,1702,1700,-1
12308,1707,1705,1703,-1
12309,1710,1708,1706,-1
12310,1713,1711,1709,-1
12311,1716,1714,1712,-1
12312,1719,1717,1715,-1
12313,1722,1720,1718,-1
12314,1725,1723,1721,-1
12315,1734,1726,1724,-1
12316,1737,1735,1727,-1
12317,1740,1738,1736,-1
12318,1743,1741,1739,-1
12319,1746,1744,1742,-1
12320,1749,1747,1745,-1
12321,1752,1750,1748,-1
12322,1755,1753,1751,-1
12323,1758,1756,1754,-1
12324,1761,1759,1757,-1
12325,1764,1762,1760,-1
12326,1767,1765,1763,-1
12327,1770,1768,1766,-1
12328,1773,1771,1769,-1
12329,1776,1774,1772,-1
12330,1779,1777,1775,-1
12331,1782,1780,1778,-1
12332,1785,1783,1781,-1
12333,1788,1786,1784,-1
12334,1791,1789,1787,-1
12335,1794,1792,1790,-1
12336,1797,1795,1793,-1
12337,1800,1798,1796,-1
12338,1803,1801,1799,-1
12339,1806,1804,1802,-1
12340,1809,1807,1805,-1
12341,1812,1810,1808,-1
12342,1815,1813,1811,-1
12343,1818,1816,1814,-1
12344,1821,1819,1817,-1
12345,1830,1822,1820,-1
12346,1833,1831,1823,-1
12347,1836,1834,1832,-1
12348,1839,1837,1835,-1
12349,1842,1840,1838,-1
12350,1845,1843,1841,-1
12351,1848,1846,1844,-1
12352,1851,1849,1847,-1
12353,1854,1852,1850,-1
12354,1857,1855,1853,-1
12355,1860,1858,1856,-1
12356,1863,1861,1859,-1
12357,1866,1864,1862,-1
12358,1869,1867,1865,-1
12359,1872,1870,1868,-1
12360,1875,1873,1871,-1
12361,1878,1876,1874,-1
12362,1881,1879,1877,-1
12363,1884,1882,1880,-1
12364,1887,1885,1883,-1
12365,1890,1888,1886,-1
12366,1893,1891,1889,-1
12367,1896,1894,1892,-1
12368,1899,1897,1895,-1
12369,1902,1900,1898,-1
12370,1905,1903,1901,-1
12371,1908,1906,1904,-1
12372,1911,1909,1907,-1
12373,1914,1912,1910,-1
12374,1917,1915,1913,-1
12375,1926,1918,1916,-1
12376,1929,1927,1919,-1
12377,1932,1930,1928,-1
12378,1935,1933,1931,-1
12379,1938,1936,1934,-1
12380,1941,1939,1937,-1
12381,1944,1942,1940,-1
12382,1947,1945,1943,-1
12383,1950,1948,1946,-1
12384,1953,1951,1949,-1
12385,1956,1954,1952,-1
12386,1959,1957,1955,-1
12387,1962,1960,1958,-1
12388,1965,1963,1961,-1
12389,1968,1966,1964,-1
12390,1971,1969,1967,-1
12391,1974,1972,1970,-1
12392,1977,1975,1973,-1
12393,1980,1978,1976,-1
12394,1983,1981,1979,-1
12395,1986,1984,1982,-1
12396,1989,1987,1985,-1
12397,1992,1990,1988,-1
12398,1995,1993,1991,-1
12399,1998,1996,1994,-1
12400,2001,1999,1997,-1
12401,2004,2002,2000,-1
12402,2007,2005,2003,-1
12403,2010,2008,2006,-1
12404,2013,2011,2009,-1
12405,2022,2014,2012,-1
12406,2025,2023,2015,-1
12407,2028,2026,2024,-1
12408,2031,2029,2027,-1
12409,2034,2032,2030,-1
12410,2037,2035,2033,-1
12411,2040,2038,2036,-1
12412,2043,2041,2039,-1
12413,2046,2044,2042,-1
12414,2049,2047,2045,-1
12415,2052,2050,2048,-1
12416,2055,2053,2051,-1
12417,2058,2056,2054,-1
12418,2061,2059,2057,-1
12419,2064,2062,2060,-1
12420,2067,2065,2063,-1
12421,2070,2068,2066,-1
12422,2073,2071,2069,-1
12423,2076,2074,2072,-1
12424,2079,2077,2075,-1
12425,2082,2080,2078,-1
12426,2085,2083,2081,-1
12427,2088,2086,2084,-1
12428,2091,2089,2087,-1
12429,2094,2092,2090,-1
12430,2097,2095,2093,-1
12431,2100,2098,2096,-1
12432,2103,2101,2099,-1
12433,2106,2104,2102,-1
12434,2109,2107,2105,-1
12435,2118,2110,2108,-1
12436,2121,2119,2111,-1
12437,2124,2122,2120,-1
12438,2127,2125,2123,-1
12439,2130,2128,2126,-1
12440,2133,2131,2129,-1
12441,2136,2134,2132,-1
12442,2139,2137,2135,-1
12443,2142,2140,2138,-1
12444,2145,2143,2141,-1
12445,2148,2146,2144,-1
12446,2151,2149,2147,-1
12447,2154,2152,2150,-1
12448,2157,2155,2153,-1
12449,2160,2158,2156,-1
12450,2163,2161,2159,-1
12451,2166,2164,2162,-1
12452,2169,2167,2165,-1
12453,2172,2170,2168,-1
12454,2175,2173,2171,-1
12455,2178,2176,2174,-1
12456,2181,2179,2177,-1
12457,2184,2182,2180,-1
12458,2187,2185,2183,-1
12459,2190,2188,2186,-1
12460,2193,2191,2189,-1
12461,2196,2194,2192,-1
12462,2199,2197,2195,-1
12463,2202,2200,2198,-1
12464,2205,2203,2201,-1
12465,2214,2206,2204,-1
12466,2217,2215,2207,-1
12467,2220,2218,2216,-1
12468,2223,2221,2219,-1
12469,2226,2224,2222,-1
12470,2229,2227,2225,-1
12471,2232,2230,2228,-1
12472,2235,2233,2231,-1
12473,2238,2236,2234,-1
12474,2241,2239,2237,-1
12475,2244,2242,2240,-1
12476,2247,2245,2243,-1
12477,2250,2248,2246,-1
12478,2253,2251,2249,-1
12479,2256,2254,2252,-1
12480,2259,2257,2255,-1
12481,2262,2260,2258,-1
12482,2265,2263,2261,-1
12483,2268,2266,2264,-1
12484,2271,2269,2267,-1
12485,2274,2272,2270,-1
12486,2277,2275,2273,-1
12487,2280,2278,2276,-1
12488,2283,2281,2279,-1
12489,2286,2284,2282,-1
12490,2289,2287,2285,-1
12491,2292,2290,2288,-1
12492,2295,2293,2291,-1
12493,2298,2296,2294,-1
12494,2301,2299,2297,-1
12495,2310,2302,2300,-1
12496,2313,2311,2303,-1
12497,2316,2314,2312,-1
12498,2319,2317,2315,-1
12499,2322,2320,2318,-1
12500,2325,2323,2321,-1
12501,2328,2326,2324,-1
12502,2331,2329,2327,-1
12503,2334,2332,2330,-1
12504,2337,2335,2333,-1
12505,2340,2338,2336,-1
12506,2343,2341,2339,-1
12507,2346,2344,2342,-1
12508,2349,2347,2345,-1
12509,2352,2350,2348,-1
12510,2355,2353,2351,-1
12511,2358,2356,2354,-1
12512,2361,2359,2357,-1
12513,2364,2362,2360,-1
12514,2367,2365,2363,-1
12515,2370,2368,2366,-1
12516,2373,2371,2369,-1
12517,2376,2374,2372,-1
12518,2379,2377,2375,-1
12519,2382,2380,2378,-1
12520,2385,2383,2381,-1
12521,2388,2386,2384,-1
12522,2391,2389,2387,-1
12523,2394,2392,2390,-1
12524,2397,2395,2393,-1
12525,2406,2398,2396,-1
12526,2409,2407,2399,-1
12527,2412,2410,2408,-1
12528,2415,2413,2411,-1
12529,2418,2416,2414,-1
12530,2421,2419,2417,-1
12531,2424,2422,2420,-1
12532,2427,2425,2423,-1
12533,2430,2428,2426,-1
12534,2433,2431,2429,-1
12535,2436,2434,2432,-1
12536,2439,2437,2435,-1
12537,2442,2440,2438,-1
12538,2445,2443,2441,-1
12539,2448,2446,2444,-1
12540,2451,2449,2447,-1
12541,2454,2452,2450,-1
12542,2457,2455,2453,-1
12543,2460,2458,2456,-1
12544,2463,2461,2459,-1
12545,2466,2464,2462,-1
12546,2469,2467,2465,-1
12547,2472,2470,2468,-1
12548,2475,2473,2471,-1
12549,2478,2476,2474,-1
12550,2481,2479,2477,-1
12551,2484,2482,2480,-1
12552,2487,2485,2483,-1
12553,2490,2488,2486,-1
12554,2493,2491,2489,-1
12555,2502,2494,2492,-1
12556,2505,2503,2495,-1
12557,2508,2506,2504,-1
12558,2511,2509,2507,-1
12559,2514,2512,2510,-1
12560,2517,2515,2513,-1
12561,2520,2518,2516,-1
12562,2523,2521,2519,-1
12563,2526,2524,2522,-1
12564,2529,2527,2525,-1
12565,2532,2530,2528,-1
12566,2535,2533,2531,-1
12567,2538,2536,2534,-1
12568,2541,2539,2537,-1
12569,2544,2542,2540,-1
12570,2547,2545,2543,-1
12571,2550,2548,2546,-1
12572,2553,2551,2549,-1
12573,2556,2554,2552,-1
12574,2559,2557,2555,-1
12575,2562,2560,2558,-1
12576,2565,2563,2561,-1
12577,2568,2566,2564,-1
12578,2571,2569,2567,-1
12579,2574,2572,2570,-1
12580,2577,2575,2573,-1
12581,2580,2578,2576,-1
12582,2583,2581,2579,-1
12583,2586,2584,2582,-1
12584,2589,2587,2585,-1
12585,2598,2590,2588,-1
12586,2601,2599,2591,-1
12587,2604,2602,2600,-1
12588,2607,2605,2603,-1
12589,2610,2608,2606,-1
12590,2613,2611,2609,-1
12591,2616,2614,2612,-1
12592,2619,2617,2615,-1
12593,2622,2620,2618,-1
12594,2625,2623,2621,-1
12595,2628,2626,2624,-1
12596,2631,2629,2627,-1
12597,2634,2632,2630,-1
12598,2637,2635,2633,-1
12599,2640,2638,2636,-1
12600,2643,2641,2639,-1
12601,2646,2644,2642,-1
12602,2649,2647,2645,-1
12603,2652,2650,2648,-1
12604,2655,2653,2651,-1
12605,2658,2656,2654,-1
12606,2661,2659,2657,-1
12607,2664,2662,2660,-1
12608,2667,2665,2663,-1
12609,2670,2668,2666,-1
12610,2673,2671,2669,-1
12611,2676,2674,2672,-1
12612,2679,2677,2675,-1
12613,2682,2680,2678,-1
12614,2685,2683,2681,-1
12615,2694,2686,2684,-1
12616,2697,2695,2687,-1
12617,2700,2698,2696,-1
12618,2703,2701,2699,-1
12619,2706,2704,2702,-1
12620,2709,2707,2705,-1
12621,2712,2710,2708,-1
12622,2715,2713,2711,-1
12623,2718,2716,2714,-1
12624,2721,2719,2717,-1
12625,2724,2722,2720,-1
12626,2727,2725,2723,-1
12627,2730,2728,2726,-1
12628,2733,2731,2729,-1
12629,2736,2734,2732,-1
12630,2739,2737,2735,-1
12631,2742,2740,2738,-1
12632,2745,2743,2741,-1
12633,2748,2746,2744,-1
12634,2751,2749,2747,-1
12635,2754,2752,2750,-1
12636,2757,2755,2753,-1
12637,2760,2758,2756,-1
12638,2763,2761,2759,-1
12639,2766,2764,2762,-1
12640,2769,2767,2765,-1
12641,2772,2770,2768,-1
12642,2775,2773,2771,-1
12643,2778,2776,2774,-1
12644,2781,2779,2777,-1
12645,2790,2782,2780,-1
12646,2793,2791,2783,-1
12647,2796,2794,2792,-1
12648,2799,2797,2795,-1
12649,2802,2800,2798,-1
12650,2805,2803,2801,-1
12651,2808,2806,2804,-1
12652,2811,2809,2807,-1
12653,2814,2812,2810,-1
12654,2817,2815,2813,-1
12655,2820,2818,2816,-1
12656,2823,2821,2819,-1
12657,2826,2824,2822,-1
12658,2829,2827,2825,-1
12659,2832,2830,2828,-1
12660,2835,2833,2831,-1
12661,2838,2836,2834,-1
12662,2841,2839,2837,-1
12663,2844,2842,2840,-1
12664,2847,2845,2843,-1
12665,2850,2848,2846,-1
12666,2853,2851,2849,-1
12667,2856,2854,2852,-1
12668,2859,2857,2855,-1
12669,2862,2860,2858,-1
12670,2865,2863,2861,-1
12671,2868,2866,2864,-1
12672,2871,2869,2867,-1
12673,2874,2872,2870,-1
12674,2877,2875,2873,-1
12675,2886,2878,2876,-1
12676,2889,2887,2879,-1
12677,2892,2890,2888,-1
12678,2895,2893,2891,-1
12679,2898,2896,2894,-1
12680,2901,2899,2897,-1
12681,2904,2902,2900,-1
12682,2907,2905,2903,-1
12683,2910,2908,2906,-1
12684,2913,2911,2909,-1
12685,2916,2914,2912,-1
12686,2919,2917,2915,-1
12687,2922,2920,2918,-1
12688,2925,2923,2921,-1
12689,2928,2926,2924,-1
12690,2931,2929,2927,-1
12691,2934,2932,2930,-1
12692,2937,2935,2933,-1
12693,2940,2938,2936,-1
12694,2943,2941,2939,-1
12695,2946,2944,2942,-1
12696,2949,2947,2945,-1
12697,2952,2950,2948,-1
12698,2955,2953,2951,-1
12699,2958,2956,2954,-1
12700,2961,2959,2957,-1
12701,2964,2962,2960,-1
12702,2967,2965,2963,-1
12703,2970,2968,2966,-1
12704,2973,2971,2969,-1
12705,2982,2974,2972,-1
12706,2985,2983,2975,-1
12707,2988,2986,2984,-1
12708,2991,2989,2987,-1
12709,2994,2992,2990,-1
12710,2997,2995,2993,-1
12711,3000,2998,2996,-1
12712,3003,3001,2999,-1
12713,3006,3004,3002,-1
12714,3009,3007,3005,-1
12715,3012,3010,3008,-1
12716,3015,3013,3011,-1
12717,3018,3016,3014,-1
12718,3021,3019,3017,-1
12719,3024,3022,3020,-1
12720,3027,3025,3023,-1
12721,3030,3028,3026,-1
12722,3033,3031,3029,-1
12723,3036,3034,3032,-1
12724,3039,3037,3035,-1
12725,3042,3040,3038,-1
12726,3045,3043,3041,-1
12727,3048,3046,3044,-1
12728,3051,3049,3047,-1
12729,3054,3052,3050,-1
12730,3057,3055,3053,-1
12731,3060,3058,3056,-1
12732,3063,3061,3059,-1
12733,3066,3064,3062,-1
12734,3069,3067,3065,-1
12735,-1,3070,3068,-1
12736,-1,-1,3071,-1
12737,-1,-1,-1,-1
12738,-1,-1,-1,-1
12739,-1,-1,-1,-1
12740,-1,-1,-1,-1
12741,-1,-1,-1,-1
12742,-1,-1,-1,-1
12743,-1,-1,-1,-1
12744,-1,-1,-1,-1
12745,0,-1,-1,-1
12746,3,1,-1,-1
12747,6,4,2,-1
12748,9,7,5,3
12749,12,10,8,6
12750,15,13,11,9
12751,18,16,14,12
12752,21,19,17,15
12753,24,22,20,18
12754,27,25,23,21
12755,30,28,26,24
12756,33,31,29,27
12757,36,34,32,30
12758,39,37,35,33
12759,42,40,38,36
12760,45,43,41,39
12761,48,46,44,42
12762,51,49,47,45
12763,54,52,50,48
12764,57,55,53,51
12765,60,58,56,54
12766,63,61,59,57
12767,66,64,62,60
12768,69,67,65,63
12769,72,70,68,66
12770,75,73,71,69
12771,78,76,74,72
12772,81,79,77,75
12773,84,82,80,78
12774,87,85,83,81
12775,96,88,86,84
12776,99,97,89,87
12777,102,100,98,90
12778,105,103,101,99
12779,108,106,104,102
12780,111,109,107,105
12781,114,112,110,108
12782,117,115,113,111
12783,120,118,116,114
12784,123,121,119,117
12785,126,124,122,120
12786,129,127,125,123
12787,132,130,128,126
12788,135,133,131,129
12789,138,136,134,132
12790,141,139,137,135
12791,144,142,140,138
12792,147,145,143,141
12793,150,148,146,144
12794,153,151,149,147
12795,156,154,152,150
12796,159,157,155,153
12797,162,160,158,156
12798,165,163,161,159
12799,168,166,164,162
12800,171,169,167,165
12801,174,172,170,168
12802,177,175,173,171
12803,180,178,176,174
12804,183,181,179,177
12805,192,184,182,180
12806,195,193,185,183
12807,198,196,194,186
12808,201,199,197,195
12809,204,202,200,198
12810,207,205,203,201
12811,210,208,206,204
12812,213,211,209,207
12813,216,214,212,210
12814,219,217,215,213
12815,222,220,218,216
12816,225,223,221,219
12817,228,226,224,222
12818,231,229,227,225
12819,234,232,230,228
12820,237,235,233,231
12821,240,238,236,234
12822,243,241,239,237
12823,246,244,242,240
12824,249,247,245,243
12825,252,250,248,246
12826,255,253,251,249
12827,258,256,254,252
12828,261,259,257,255
12829,264,262,260,258
12830,267,265,263,261
12831,270,268,266,264
12832,273,271,269,267
12833,276,274,272,270
12834,279,277,275,273
12835,288,280,278,276
12836,291,289,281,279
12837,294,292,290,282
12838,297,295,293,291
12839,300,298,296,294
12840,303,301,299,297
12841,306,304,302,300
12842,309,307,305,303
12843,312,310,308,306
12844,315,313,311,309
12845,318,316,314,312
12846,321,319,317,315
12847,324,322,320,318
12848,327,325,323,321
12849,330,328,326,324
12850,333,331,329,327
12851,336,334,332,330
12852,339,337,335,333
12853,342,340,338,336
12854,345,343,341,339
12855,348,346,344,342
12856,351,349,347,345
12857,354,352,350,348
12858,357,355,353,351
12859,360,358,356,354
12860,363,361,359,357
12861,366,364,362,360
12862,369,367,365,363
12863,372,370,368,366
12864,375,373,371,369
12865,384,376,374,372
12866,387,385,377,375
12867,390,388,386,378
12868,393,391,389,387
12869,396,394,392,390
12870,399,397,395,393
12871,402,400,398,396
12872,405,403,401,399
12873,408,406,404,402
12874,411,409,407,405
12875,414,412,410,408
12876,417,415,413,411
12877,420,418,416,414
12878,423,421,419,417
12879,426,424,422,420
12880,429,427,425,423
12881,432,430,428,426
12882,435,433,431,429
12883,438,436,434,432
12884,441,439,437,435
12885,444,442,440,438
12886,447,445,443,441
12887,450,448,446,444
12888,453,451,449,447
12889,456,454,452,450
12890,459,457,455,453
12891,462,460,458,456
12892,465,463,461,459
12893,468,466,464,462
12894,471,469,467,465
12895,480,472,470,468
12896,483,481,473,471
12897,486,484,482,474
12898,489,487,485,483
12899,492,490,488,486
12900,495,493,491,489
12901,498,496,494,492
12902,501,499,497,495
12903,504,502,500,498
12904,507,505,503,501
12905,510,508,506,504
12906,513,511,509,507
12907,516,514,512,510
12908,519,517,515,513
12909,522,520,518,516
12910,525,523,521,519
12911,528,526,524,522
12912,531,529,527,525
12913,534,532,530,528
12914,537,535,533,531
12915,540,538,536,534
12916,543,541,539,537
12917,546,544,542,540
12918,549,547,545,543
12919,552,550,548,546
12920,555,553,551,549
12921,558,556,554,552
12922,561,559,557,555
12923,564,562,560,558
12924,567,565,563,561
12925,576,568,566,564
12926,579,577,569,567
12927,582,580,578,570
12928,585,583,581,579
12929,588,586,584,582
12930,591,589,587,585
12931,594,592,590,588
12932,597,595,593,591
12933,600,598,596,594
12934,603,601,599,597
12935,606,604,602,600
12936,609,607,605,603
12937,612,610,608,606
12938,615,613,611,609
12939,618,616,614,612
12940,621,619,617,615
12941,624,622,620,618
12942,627,625,623,621
12943,630,628,626,624
12944,633,631,629,627
12945,636,634,632,630
12946,639,637,635,633
12947,642,640,638,636
12948,645,643,641,639
12949,648,646,644,642
12950,651,649,647,645
12951,654,652,650,648
12952,657,655,653,651
12953,660,658,656,654
12954,663,661,659,657
12955,672,664,662,660
12956,675,673,665,663
12957,678,676,674,666
12958,681,679,677,675
12959,684,682,680,678
12960,687,685,683,681
12961,690,688,686,684
12962,693,691,689,687
12963,696,694,692,690
12964,699,697,695,693
12965,702,700,698,696
12966,705,703,701,699
12967,708,706,704,702
12968,711,709,707,705
12969,714,712,710,708
12970,717,715,713,711
12971,720,718,716,714
12972,723,721,719,717
12973,726,724,722,720
12974,729,727,725,723
12975,732,730,728,726
12976,735,733,731,729
12977,738,736,734,732
12978,741,739,737,735
12979,744,742,740,738
12980,747,745,743,741
12981,750,748,746,744
12982,753,751,749,747
12983,756,754,752,750
12984,759,757,755,753
12985,768,760,758,756
12986,771,769,761,759
12987,774,772,770,762
12988,777,775,773,771
12989,780,778,776,774
12990,783,781,779,777
12991,786,784,782,780
12992,789,787,785,783
12993,792,790,788,786
12994,795,793,791,789
12995,798,796,794,792
12996,801,799,797,795
12997,804,802,800,798
12998,807,805,803,801
12999,810,808,806,804
13000,813,811,809,807
13001,816,814,812,810
13002,819,817,815,813
13003,822,820,818,816
13004,825,823,821,819
13005,828,826,824,822
13006,831,829,827,825
13007,834,832,830,828
13008,837,835,833,831
13009,840,838,836,834
13010,843,841,839,837
13011,846,844,842,840
13012,849,847,845,843
13013,852,850,848,846
13014,855,853,851,849
13015,864,856,854,852
13016,867,865,857,855
13017,870,868,866,858
13018,873,871,869,867
13019,876,874,872,870
13020,879,877,875,873
13021,882,880,878,876
13022,885,883,881,879
13023,888,886,884,882
13024,891,889,887,885
13025,894,892,890,888
13026,897,895,893,891
13027,900,898,896,894
13028,903,901,899,897
13029,906,904,902,900
13030,909,907,905,903
13031,912,910,908,906
13032,915,913,911,909
13033,918,916,914,912
13034,921,919,917,915
13035,924,922,920,918
13036,927,925,923,921
13037,930,928,926,924
13038,933,931,929,927
13039,936,934,932,930
13040,939,937,935,933
13041,942,940,938,936
13042,945,943,941,939
13043,948,946,944,942
13044,951,949,947,945
13045,960,952,950,948
13046,963,961,953,951
13047,966,964,962,954
13048,969,967,965,963
13049,972,970,968,966
13050,975,973,971,969
13051,978,976,974,972
13052,981,979,977,975
13053,984,982,980,978
13054,987,985,983,981
13055,990,988,986,984
13056,993,991,989,987
13057,996,994,992,990
13058,999,997,995,993
13059,1002,1000,998,996
13060,1005,1003,1001,999
13061,1008,1006,1004,1002
13062,1011,1009,1007,1005
13063,1014,1012,1010,1008
13064,1017,1015,1013,1011
13065,1020,1018,1016,1014
13066,1023,1021,1019,1017
13067,1026,1024,1022,1020
13068,1029,1027,1025,1023
13069,1032,1030,1028,1026
13070,1035,1033,1031,1029
13071,1038,1036,1034,1032
13072,1041,1039,1037,1035
13073,1044,1042,1040,1038
13074,1047,1045,1043,1041
13075,1056,1048,1046,1044
13076,1059,1057,1049,1047
13077,1062,1060,1058,1050
13078,1065,1063,1061,1059
13079,1068,1066,1064,1062
13080,1071,1069,1067,1065
13081,1074,1072,1070,1068
13082,1077,1075,1073,1071
13083,1080,1078,1076,1074
13084,1083,1081,1079,1077
13085,1086,1084,1082,1080
13086,1089,1087,1085,1083
13087,1092,1090,1088,1086
13088,1095,1093,1091,1089
13089,1098,1096,1094,1092
13090,1101,1099,1097,1095
13091,1104,1102,1100,1098
13092,1107,1105,1103,1101
13093,1110,1108,1106,1104
13094,1113,1111,1109,1107
13095,1116,1114,1112,1110
13096,1119,1117,1115,1113
13097,1122,1120,1118,1116
13098,1125,1123,1121,1119
13099,1128,1126,1124,1122
13100,1131,1129,1127,1125
13101,1134,1132,1130,1128
13102,1137,1135,1133,1131
13103,1140,1138,1136,1134
13104,1143,1141,1139,1137
13105,1152,1144,1142,1140
13106,1155,1153,1145,1143
13107,1158,1156,1154,1146
13108,1161,1159,1157,1155
13109,1164,1162,1160,1158
13110,1167,1165,1163,1161
13111,1170,1168,1166,1164
13112,1173,1171,1169,1167
13113,1176,1174,1172,1170
13114,1179,1177,1175,1173
13115,1182,1180,1178,1176
13116,1185,1183,1181,1179
13117,1188,1186,1184,1182
13118,1191,1189,1187,1185
13119,1194,1192,1190,1188
13120,1197,1195,1193,1191
13121,1200,1198,1196,1194
13122,1203,1201,1199,1197
13123,1206,1204,1202,1200
13124,1209,1207,1205,1203
13125,1212,1210,1208,1206
13126,1215,1213,1211,1209
13127,1218,1216,1214,1212
13128,1221,1219,1217,1215
13129,1224,1222,1220,1218
13130,1227,1225,1223,1221
13131,1230,1228,1226,1224
13132,1233,1231,1229,1227
13133,1236,1234,1232,1230
13134,1239,1237,1235,1233
13135,1248,1240,1238,1236
13136,1251,1249,1241,1239
13137,1254,1252,1250,1242
13138,1257,1255,1253,1251
13139,1260,1258,1256,1254
13140,1263,1261,1259,1257
13141,1266,1264,1262,1260
13142,1269,1267,1265,1263
13143,1272,1270,1268,1266
13144,1275,1273,1271,1269
13145,1278,1276,1274,1272
13146,1281,1279,1277,1275
13147,1284,1282,1280,1278
13148,1287,1285,1283,1281
13149,1290,1288,1286,1284
13150,1293,1291,1289,1287
13151,1296,1294,1292,1290
13152,1299,1297,1295,1293
13153,1302,1300,1298,1296
13154,1305,1303,1301,1299
13155,1308,1306,1304,1302
13156,1311,1309,1307,1305
13157,1314,1312,1310,1308
13158,1317,1315,1313,1311
13159,1320,1318,1316,1314
13160,1323,1321,1319,1317
13161,1326,1324,1322,1320
13162,1329,1327,1325,1323
13163,1332,1330,1328,1326
13164,1335,1333,1331,1329
13165,1344,1336,1334,1332
13166,1347,1345,1337,1335
13167,1350,1348,1346,1338
13168,1353,1351,1349,1347
13169,1356,1354,1352,1350
13170,1359,1357,1355,1353
13171,1362,1360,1358,1356
13172,1365,1363,1361,1359
13173,1368,1366,1364,1362
13174,1371,1369,1367,1365
13175,1374,1372,1370,1368
13176,1377,1375,1373,1371
13177,1380,1378,1376,1374
13178,1383,1381,1379,1377
13179,1386,1384,1382,1380
13180,1389,1387,1385,1383
13181,1392,1390,1388,1386
13182,1395,1393,1391,1389
13183,1398,1396,1394,1392
13184,1401,1399,1397,1395
13185,1404,1402,1400,1398
13186,1407,1405,1403,1401
13187,1410,1408,1406,1404
13188,1413,1411,1409,1407
13189,1416,1414,1412,1410
13190,1419,1417,1415,1413
13191,1422,1420,1418,1416
13192,1425,1423,1421,1419
13193,1428,1426,1424,1422
13194,1431,1429,1427,1425
13195,1440,1432,1430,1428
13196,1443,1441,1433,1431
13197,1446,1444,1442,1434
13198,1449,1447,1445,1443
13199,1452,1450,1448,1446
13200,1455,1453,1451,1449
13201,1458,1456,1454,1452
13202,1461,1459,1457,1455
13203,1464,1462,1460,1458
13204,1467,1465,1463,1461
13205,1470,1468,1466,1464
13206,1473,1471,1469,1467
13207,1476,1474,1472,1470
13208,1479,1477,1475,1473
13209,1482,1480,1478,1476
13210,1485,1483,1481,1479
13211,1488,1486,1484,1482
13212,1491,1489,1487,1485
13213,1494,1492,1490,1488
13214,1497,1495,1493,1491
13215,1500,1498,1496,1494
13216,1503,1501,1499,1497
13217,1506,1504,1502,1500
13218,1509,1507,1505,1503
13219,1512,1510,1508,1506
13220,1515,1513,1511,1509
13221,1518,1516,1514,1512
13222,1521,1519,1517,1515
13223,1524,1522,1520,1518
13224,1527,1525,1523,1521
13225,1536,1528,1526,1524
13226,1539,1537,1529,1527
13227,1542,1540,1538,1530
13228,1545,1543,1541,1539
13229,1548,1546,1544,1542
13230,1551,1549,1547,1545
13231,1554,1552,1550,1548
13232,1557,1555,1553,1551
13233,1560,1558,1556,1554
13234,1563,1561,1559,1557
13235,1566,1564,1562,1560
13236,1569,1567,1565,1563
13237,1572,1570,1568,1566
13238,1575,1573,1571,1569
13239,1578,1576,1574,1572
13240,1581,1579,1577,1575
13241,1584,1582,1580,1578
13242,1587,1585,1583,1581
13243,1590,1588,1586,1584
13244,1593,1591,1589,1587
13245,1596,1594,1592,1590
13246,1599,1597,1595,1593
13247,1602,1600,1598,1596
13248,1605,1603,1601,1599
13249,1608,1606,1604,1602
13250,1611,1609,1607,1605
13251,1614,1612,1610,1608
13252,1617,1615,1613,1611
13253,1620,1618,1616,1614
13254,1623,1621,1619,1617
13255,1632,1624,1622,1620
13256,1635,1633,1625,1623
13257,1638,1636,1634,1626
13258,1641,1639,1637,1635
13259,1644,1642,1640,1638
13260,1647,1645,1643,1641
13261,1650,1648,1646,1644
13262,1653,1651,1649,1647
13263,1656,1654,1652,1650
13264,1659,1657,1655,1653
13265,1662,1660,1658,1656
13266,1665,1663,1661,1659
13267,1668,1666,1664,1662
13268,1671,1669,1667,1665
13269,1674,1672,1670,1668
13270,1677,1675,1673,1671
13271,1680,1678,1676,1674
13272,1683,1681,1679,1677
13273,1686,1684,1682,1680
13274,1689,1687,1685,1683
13275,1692,1690,1688,1686
13276,1695,1693,1691,1689
13277,1698,1696,1694,1692
13278,1701,1699,1697,1695
13279,1704,1702,1700,1698
13280,1707,1705,1703,1701
13281,1710,1708,1706,1704
13282,1713,1711,1709,1707
13283,1716,1714,1712,1710
13284,1719,1717,1715,1713
13285,1728,1720,1718,1716
13286,1731,1729,1721,1719
13287,1734,1732,1730,1722
13288,1737,1735,1733,1731
13289,1740,1738,1736,1734
13290,1743,1741,1739,1737
13291,1746,1744,1742,1740
13292,1749,1747,1745,1743
13293,1752,1750,1748,1746
13294,1755,1753,1751,1749
13295,1758,1756,1754,1752
13296,1761,1759,1757,1755
13297,1764,1762,1760,1758
13298,1767,1765,1763,1761
13299,1770,1768,1766,1764
13300,1773,1771,1769,1767
13301,1776,1774,1772,1770
13302,1779,1777,1775,1773
13303,1782,1780,1778,1776
13304,1785,1783,1781,1779
13305,1788,1786,1784,1782
13306,1791,1789,1787,1785
13307,1794,1792,1790,1788
13308,1797,1795,1793,1791
13309,1800,1798,1796,1794
13310,1803,1801,1799,1797
13311,1806,1804,1802,1800
13312,1809,1807,1805,1803
13313,1812,1810,1808,1806
13314,1815,1813,1811,1809
13315,1824,1816,1814,1812
13316,1827,1825,1817,1815
13317,1830,1828,1826,1818
13318,1833,1831,1829,1827
13319,1836,1834,1832,1830
13320,1839,1837,1835,1833
13321,1842,1840,1838,1836
13322,1845,1843,1841,1839
13323,1848,1846,1844,1842
13324,1851,1849,1847,1845
13325,1854,1852,1850,1848
13326,1857,1855,1853,1851
13327,1860,1858,1856,1854
13328,1863,1861,1859,1857
13329,1866,1864,1862,1860
13330,1869,1867,1865,1863
13331,1872,1870,1868,1866
13332,1875,1873,1871,1869
13333,1878,1876,1874,1872
13334,1881,1879,1877,1875
13335,1884,1882,1880,1878
13336,1887,1885,1883,1881
13337,1890,1888,1886,1884
13338,1893,1891,1889,1887
13339,1896,1894,1892,1890
13340,1899,1897,1895,1893
13341,1902,1900,1898,1896
13342,1905,1903,1901,1899
13343,1908,1906,1904,1902
13344,1911,1909,1907,1905
13345,1920,1912,1910,1908
13346,1923,1921,1913,1911
13347,1926,1924,1922,1914
13348,1929,1927,1925,1923
13349,1932,1930,1928,1926
13350,1935,1933,1931,1929
13351,1938,1936,1934,1932
13352,1941,1939,1937,1935
13353,1944,1942,1940,1938
13354,1947,1945,1943,1941
13355,1950,1948,1946,1944
13356,1953,1951,1949,1947
13357,1956,1954,1952,1950
13358,1959,1957,1955,1953
13359,1962,1960,1958,1956
13360,1965,1963,1961,1959
13361,1968,1966,1964,1962
13362,1971,1969,1967,1965
13363,1974,1972,1970,1968
13364,1977,1975,1973,1971
13365,1980,1978,1976,1974
13366,1983,1981,1979,1977
13367,1986,1984,1982,1980
13368,1989,1987,1985,1983
13369,1992,1990,1988,1986
13370,1995,1993,1991,1989
13371,1998,1996,1994,1992
13372,2001,1999,1997,1995
13373,2004,2002,2000,1998
13374,2007,2005,2003,2001
13375,2016,2008,2006,2004
13376,2019,2017,2009,2007
13377,2022,2020,2018,2010
13378,2025,2023,2021,2019
13379,2028,2026,2024,2022
13380,2031,2029,2027,2025
13381,2034,2032,2030,2028
13382,2037,2035,2033,2031
13383,2040,2038,2036,2034
13384,2043,2041,2039,2037
13385,2046,2044,2042,2040
13386,2049,2047,2045,2043
13387,2052,2050,2048,2046
13388,2055,2053,2051,2049
13389,2058,2056,2054,2052
13390,2061,2059,2057,2055
13391,2064,2062,2060,2058
13392,2067,2065,2063,2061
13393,2070,2068,2066,2064
13394,2073,2071,2069,2067
13395,2076,2074,2072,2070
13396,2079,2077,2075,2073
13397,2082,2080,2078,2076
13398,2085,2083,2081,2079
13399,2088,2086,2084,2082
13400,2091,2089,2087,2085
13401,2094,2092,2090,2088
13402,2097,2095,2093,2091
13403,2100,2098,2096,2094
13404,2103,2101,2099,2097
13405,2112,2104,2102,2100
13406,2115,2113,2105,2103
13407,2118,2116,2114,2106
13408,2121,2119,2117,2115
13409,2124,2122,2120,2118
13410,2127,2125,2123,2121
13411,2130,2128,2126,2124
13412,2133,2131,2129,2127
13413,2136,2134,2132,2130
13414,2139,2137,2135,2133
13415,2142,2140,2138,2136
13416,2145,2143,2141,2139
13417,2148,2146,2144,2142
13418,2151,2149,2147,2145
13419,2154,2152,2150,2148
13420,2157,2155,2153,2151
13421,2160,2158,2156,2154
13422,2163,2161,2159,2157
13423,2166,2164,2162,2160
13424,2169,2167,2165,2163
13425,2172,2170,2168,2166
13426,2175,2173,2171,2169
13427,2178,2176,2174,2172
13428,2181,2179,2177,2175
13429,2184,2182,2180,2178
13430,2187,2185,2183,2181
13431,2190,2188,2186,2184
13432,2193,2191,2189,2187
13433,2196,2194,2192,2190
13434,2199,2197,2195,2193
13435,2208,2200,2198,2196
13436,2211,2209,2201,2199
13437,2214,2212,2210,2202
13438,2217,2215,2213,2211
13439,2220,2218,2216,2214
13440,2223,2221,2219,2217
13441,2226,2224,2222,2220
13442,2229,2227,2225,2223
13443,2232,2230,2228,2226
13444,2235,2233,2231,2229
13445,2238,2236,2234,2232
13446,2241,2239,2237,2235
13447,2244,2242,2240,2238
13448,2247,2245,2243,2241
13449,2250,2248,2246,2244
13450,2253,2251,2249,2247
13451,2256,2254,2252,2250
13452,2259,2257,2255,2253
13453,2262,2260,2258,2256
13454,2265,2263,2261,2259
13455,2268,2266,2264,2262
13456,2271,2269,2267,2265
13457,2274,2272,2270,2268
13458,2277,2275,2273,2271
13459,2280,2278,2276,2274
13460,2283,2281,2279,2277
13461,2286,2284,2282,2280
13462,2289,2287,2285,2283
13463,2292,2290,2288,2286
13464,2295,2293,2291,2289
13465,2304,2296,2294,2292
13466,2307,2305,2297,2295
13467,2310,2308,2306,2298
13468,2313,2311,2309,2307
13469,2316,2314,2312,2310
13470,2319,2317,2315,2313
13471,2322,2320,2318,2316
13472,2325,2323,2321,2319
13473,2328,2326,2324,2322
13474,2331,2329,2327,2325
13475,2334,2332,2330,2328
13476,2337,2335,2333,2331
13477,2340,2338,2336,2334
13478,2343,2341,2339,2337
13479,2346,2344,2342,2340
13480,2349,2347,2345,2343
13481,2352,2350,2348,2346
13482,2355,2353,2351,2349
13483,2358,2356,2354,2352
13484,2361,2359,2357,2355
13485,2364,2362,2360,2358
13486,2367,2365,2363,2361
13487,2370,2368,2366,2364
13488,2373,2371,2369,2367
13489,2376,2374,2372,2370
13490,2379,2377,2375,2373
13491,2382,2380,2378,2376
13492,2385,2383,2381,2379
13493,2388,2386,2384,2382
13494,2391,2389,2387,2385
13495,2400,2392,2390,2388
13496,2403,2401,2393,2391
13497,2406,2404,2402,2394
13498,2409,2407,2405,2403
13499,2412,2410,2408,2406
13500,2415,2413,2411,2409
13501,2418,2416,2414,2412
13502,2421,2419,2417,2415
13503,2424,2422,2420,2418
13504,2427,2425,2423,2421
13505,2430,2428,2426,2424
13506,2433,2431,2429,2427
13507,2436,2434,2432,2430
13508,2439,2437,2435,2433
13509,2442,2440,2438,2436
13510,2445,2443,2441,2439
13511,2448,2446,2444,2442
13512,2451,2449,2447,2445
13513,2454,2452,2450,2448
13514,2457,2455,2453,2451
13515,2460,2458,2456,2454
13516,2463,2461,2459,2457
13517,2466,2464,2462,2460
13518,2469,2467,2465,2463
13519,2472,2470,2468,2466
13520,2475,2473,2471,2469
13521,2478,2476,2474,2472
13522,2481,2479,2477,2475
13523,2484,2482,2480,2478
13524,2487,2485,2483,2481
13525,2496,2488,2486,2484
13526,2499,2497,2489,2487
13527,2502,2500,2498,2490
13528,2505,2503,2501,2499
13529,2508,2506,2504,2502
13530,2511,2509,2507,2505
13531,2514,2512,2510,2508
13532,2517,2515,2513,2511
13533,2520,2518,2516,2514
13534,2523,2521,2519,2517
13535,2526,2524,2522,2520
13536,2529,2527,2525,2523
13537,2532,2530,2528,2526
13538,2535,2533,2531,2529
13539,2538,2536,2534,2532
13540,2541,2539,2537,2535
13541,2544,2542,2540,2538
13542,2547,2545,2543,2541
13543,2550,2548,2546,2544
13544,2553,2551,2549,2547
13545,2556,2554,2552,2550
13546,2559,2557,2555,2553
13547,2562,2560,2558,2556
13548,2565,2563,2561,2559
13549,2568,2566,2564,2562
13550,2571,2569,2567,2565
13551,2574,2572,2570,2568
13552,2577,2575,2573,2571
13553,2580,2578,2576,2574
13554,2583,2581,2579,2577
13555,2592,2584,2582,2580
13556,2595,2593,2585,2583
13557,2598,2596,2594,2586
13558,2601,2599,2597,2595
13559,2604,2602,2600,2598
13560,2607,2605,2603,2601
13561,2610,2608,2606,2604
13562,2613,2611,2609,2607
13563,2616,2614,2612,2610
13564,2619,2617,2615,2613
13565,2622,2620,2618,2616
13566,2625,2623,2621,2619
13567,2628,2626,2624,2622
13568,2631,2629,2627,2625
13569,2634,2632,2630,2628
13570,2637,2635,2633,2631
13571,2640,2638,2636,2634
13572,2643,2641,2639,2637
13573,2646,2644,2642,2640
13574,2649,2647,2645,2643
13575,2652,2650,2648,2646
13576,2655,2653,2651,2649
13577,2658,2656,2654,2652
13578,2661,2659,2657,2655
13579,2664,2662,2660,2658
13580,2667,2665,2663,2661
13581,2670,2668,2666,2664
13582,2673,2671,2669,2667
13583,2676,2674,2672,2670
13584,2679,2677,2675,2673
13585,2688,2680,2678,2676
13586,2691,2689,2681,2679
13587,2694,2692,2690,2682
13588,2697,2695,2693,2691
13589,2700,2698,2696,2694
13590,2703,2701,2699,2697
13591,2706,2704,2702,2700
13592,2709,2707,2705,2703
13593,2712,2710,2708,2706
13594,2715,2713,2711,2709
13595,2718,2716,2714,2712
13596,2721,2719,2717,2715
13597,2724,2722,2720,2718
13598,2727,2725,2723,2721
13599,2730,2728,2726,2724
13600,2733,2731,2729,2727
13601,2736,2734,2732,2730
13602,2739,2737,2735,2733
13603,2742,2740,2738,2736
13604,2745,2743,2741,2739
13605,2748,2746,2744,2742
13606,2751,2749,2747,2745
13607,2754,2752,2750,2748
13608,2757,2755,2753,2751
13609,2760,2758,2756,2754
13610,2763,2761,2759,2757
13611,2766,2764,2762,2760
13612,2769,2767,2765,2763
13613,2772,2770,2768,2766
13614,2775,2773,2771,2769
13615,2784,2776,2774,2772
13616,2787,2785,2777,2775
13617,2790,2788,2786,2778
13618,2793,2791,2789,2787
13619,2796,2794,2792,2790
13620,2799,2797,2795,2793
13621,2802,2800,2798,2796
13622,2805,2803,2801,2799
13623,2808,2806,2804,2802
13624,2811,2809,2807,2805
13625,2814,2812,2810,2808
13626,2817,2815,2813,2811
13627,2820,2818,2816,2814
13628,2823,2821,2819,2817
13629,2826,2824,2822,2820
13630,2829,2827,2825,2823
13631,2832,2830,2828,2826
13632,2835,2833,2831,2829
13633,2838,2836,2834,2832
13634,2841,2839,2837,2835
13635,2844,2842,2840,2838
13636,2847,2845,2843,2841
13637,2850,2848,2846,2844
13638,2853,2851,2849,2847
13639,2856,2854,2852,2850
13640,2859,2857,2855,2853
13641,2862,2860,2858,2856
13642,2865,2863,2861,2859
13643,2868,2866,2864,2862
13644,2871,2869,2867,2865
13645,-1,2872,2870,2868
13646,-1,-1,2873,2871
13647,-1,-1,-1,2874
13648,-1,-1,-1,-1
13649,-1,-1,-1,-1
13650,-1,-1,-1,-1
13651,-1,-1,-1,-1
13652,-1,-1,-1,-1
13653,-1,-1,-1,-1
13654,-1,-1,-1,-1
13655,4,-1,-1,-1
13656,7,5,-1,-1
13657,10,8,6,-1
13658,13,11,9,7
13659,16,14,12,10
13660,19,17,15,13
13661,22,20,18,16
13662,25,23,21,19
13663,28,26,24,22
13664,31,29,27,25
13665,34,32,30,28
13666,37,35,33,31
13667,40,38,36,34
13668,43,41,39,37
13669,46,44,42,40
13670,49,47,45,43
13671,52,50,48,46
13672,55,53,51,49
13673,58,56,54,52
13674,61,59,57,55
13675,64,62,60,58
13676,67,65,63,61
13677,70,68,66,64
13678,73,71,69,67
13679,76,74,72,70
13680,79,77,75,73
13681,82,80,78,76
13682,85,83,81,79
13683,88,86,84,82
13684,91,89,87,85
13685,100,92,90,88
13686,103,101,93,91
13687,106,104,102,94
13688,109,107,105,103
13689,112,110,108,106
13690,115,113,111,109
13691,118,116,114,112
13692,121,119,117,115
13693,124,122,120,118
13694,127,125,123,121
13695,130,128,126,124
13696,133,131,129,127
13697,136,134,132,130
13698,139,137,135,133
13699,142,140,138,136
13700,145,143,141,139
13701,148,146,144,142
13702,151,149,147,145
13703,154,152,150,148
13704,157,155,153,151
13705,160,158,156,154
13706,163,161,159,157
13707,166,164,162,160
13708,169,167,165,163
13709,172,170,168,166
13710,175,173,171,169
13711,178,176,174,172
13712,181,179,177,175
13713,184,182,180,178
13714,187,185,183,181
13715,196,188,186,184
13716,199,197,189,187
13717,202,200,198,190
13718,205,203,201,199
13719,208,206,204,202
13720,211,209,207,205
13721,214,212,210,208
13722,217,215,213,211
13723,220,218,216,214
13724,223,221,219,217
13725,226,224,222,220
13726,229,227,225,223
13727,232,230,228,226
13728,235,233,231,229
13729,238,236,234,232
13730,241,239,237,235
13731,244,242,240,238
13732,247,245,243,241
13733,250,248,246,244
13734,253,251,249,247
13735,256,254,252,250
13736,259,257,255,253
13737,262,260,258,256
13738,265,263,261,259
13739,268,266,264,262
13740,271,269,267,265
13741,274,272,270,268
13742,277,275,273,271
13743,280,278,276,274
13744,283,281,279,277
13745,292,284,282,280
13746,295,293,285,283
13747,298,296,294,286
13748,301,299,297,295
13749,304,302,300,298
13750,307,305,303,301
13751,310,308,306,304
13752,313,311,309,307
13753,316,314,312,310
13754,319,317,315,313
13755,322,320,318,316
13756,325,323,321,319
13757,328,326,324,322
13758,331,329,327,325
13759,334,332,330,328
13760,337,335,333,331
13761,340,338,336,334
13762,343,341,339,337
13763,346,344,342,340
13764,349,347,345,343
13765,352,350,348,346
13766,355,353,351,349
13767,358,356,354,352
13768,361,359,357,355
13769,364,362,360,358
13770,367,365,363,361
13771,370,368,366,364
13772,373,371,369,367
13773,376,374,372,370
13774,379,377,375,373
13775,388,380,378,376
13776,391,389,381,379
13777,394,392,390,382
13778,397,395,393,391
13779,400,398,396,394
13780,403,401,399,397
13781,406,404,402,400
13782,409,407,405,403
13783,412,410,408,406
13784,415,413,411,409
13785,418,416,414,412
13786,421,419,417,415
13787,424,422,420,418
13788,427,425,423,421
13789,430,428,426,424
13790,433,431,429,427
13791,436,434,432,430
13792,439,437,435,433
13793,442,440,438,436
13794,445,443,441,439
13795,448,446,444,442
13796,451,449,447,445
13797,454,452,450,448
13798,457,455,453,451
13799,460,458,456,454
13800,463,461,459,457
13801,466,464,462,460
13802,469,467,465,463
13803,472,470,468,466
13804,475,473,471,469
13805,484,476,474,472
13806,487,485,477,475
13807,490,488,486,478
13808,493,491,489,487
13809,496,494,492,490
13810,499,497,495,493
13811,502,500,498,496
13812,505,503,501,499
13813,508,506,504,502
13814,511,509,507,505
13815,514,512,510,508
13816,517,515,513,511
13817,520,518,516,514
13818,523,521,519,517
13819,526,524,522,520
13820,529,527,525,523
13821,532,530,528,526
13822,535,533,531,529
13823,538,536,534,532
13824,541,539,537,535
13825,544,542,540,538
13826,547,545,543,541
13827,550,548,546,544
13828,553,551,549,547
13829,556,554,552,550
13830,559,557,555,553
13831,562,560,558,556
13832,565,563,561,559
13833,568,566,564,562
13834,571,569,567,565
13835,580,572,570,568
13836,583,581,573,571
13837,586,584,582,574
13838,589,587,585,583
13839,592,590,588,586
13840,595,593,591,589
13841,598,596,594,592
13842,601,599,597,595
13843,604,602,600,598
13844,607,605,603,601
13845,610,608,606,604
13846,613,611,609,607
13847,616,614,612,610
13848,619,617,615,613
13849,622,620,618,616
13850,625,623,621,619
13851,628,626,624,622
13852,631,629,627,625
13853,634,632,630,628
13854,637,635,633,631
13855,640,638,636,634
13856,643,641,639,637
13857,646,644,642,640
13858,649,647,645,643
13859,652,650,648,646
13860,655,653,651,649
13861,658,656,654,652
13862,661,659,657,655
13863,664,662,660,658
13864,667,665,663,661
13865,676,668,666,664
13866,679,677,669,667
13867,682,680,678,670
13868,685,683,681,679
13869,688,686,684,682
13870,691,689,687,685
13871,694,692,690,688
13872,697,695,693,691
13873,700,698,696,694
13874,703,701,699,697
13875,706,704,702,700
13876,709,707,705,703
13877,712,710,708,706
13878,715,713,711,709
13879,718,716,714,712
13880,721,719,717,715
13881,724,722,720,718
13882,727,725,723,721
13883,730,728,726,724
13884,733,731,729,727
13885,736,734,732,730
13886,739,737,735,733
13887,742,740,738,736
13888,745,743,741,739
13889,748,746,744,742
13890,751,749,747,745
13891,754,752,750,748
13892,757,755,753,751
13893,760,758,756,754
13894,763,761,759,757
13895,772,764,762,760
13896,775,773,765,763
13897,778,776,774,766
13898,781,779,777,775
13899,784,782,780,778
13900,787,785,783,781
13901,790,788,786,784
13902,793,791,789,787
13903,796,794,792,790
13904,799,797,795,793
13905,802,800,798,796
13906,805,803,801,799
13907,808,806,804,802
13908,811,809,807,805
13909,814,812,810,808
13910,817,815,813,811
13911,820,818,816,814
13912,823,821,819,817
13913,826,824,822,820
13914,829,827,825,823
13915,832,830,828,826
13916,835,833,831,829
13917,838,836,834,832
13918,841,839,837,835
13919,844,842,840,838
13920,847,845,843,841
13921,850,848,846,844
13922,853,851,849,847
13923,856,854,852,850
13924,859,857,855,853
13925,868,860,858,856
13926,871,869,861,859
13927,874,872,870,862
13928,877,875,873,871
13929,880,878,876,874
13930,883,881,879,877
13931,886,884,882,880
13932,889,887,885,883
13933,892,890,888,886
13934,895,893,891,889
13935,898,896,894,892
13936,901,899,897,895
13937,904,902,900,898
13938,907,905,903,901
13939,910,908,906,904
13940,913,911,909,907
13941,916,914,912,910
13942,919,917,915,913
13943,922,920,918,916
13944,925,923,921,919
13945,928,926,924,922
13946,931,929,927,925
13947,934,932,930,928
13948,937,935,933,931
13949,940,938,936,934
13950,943,941,939,937
13951,946,944,942,940
13952,949,947,945,943
13953,952,950,948,946
13954,955,953,951,949
13955,964,956,954,952
13956,967,965,957,955
13957,970,968,966,958
13958,973,971,969,967
13959,976,974,972,970
13960,979,977,975,973
13961,982,980,978,976
13962,985,983,981,979
13963,988,986,984,982
13964,991,989,987,985
13965,994,992,990,988
13966,997,995,993,991
13967,1000,998,996,994
13968,1003,1001,999,997
13969,1006,1004,1002,1000
13970,1009,1007,1005,1003
13971,1012,1010,1008,1006
13972,1015,1013,1011,1009
13973,1018,1016,1014,1012
13974,1021,1019,1017,1015
13975,1024,1022,1020,1018
13976,1027,1025,1023,1021
13977,1030,1028,1026,1024
13978,1033,1031,1029,1027
13979,1036,1034,1032,1030
13980,1039,1037,1035,1033
13981,1042,1040,1038,1036
13982,1045,1043,1041,1039
13983,1048,1046,1044,1042
13984,1051,1049,1047,1045
13985,1060,1052,1050,1048
13986,1063,1061,1053,1051
13987,1066,1064,1062,1054
13988,1069,1067,1065,1063
13989,1072,1070,1068,1066
13990,1075,1073,1071,1069
13991,1078,1076,1074,1072
13992,1081,1079,1077,1075
13993,1084,1082,1080,1078
13994,1087,1085,1083,1081
13995,1090,1088,1086,1084
13996,1093,1091,1089,1087
13997,1096,1094,1092,1090
13998,1099,1097,1095,1093
13999,1102,1100,1098,1096
14000,1105,1103,1101,1099
14001,1108,1106,1104,1102
14002,1111,1109,1107,1105
14003,1114,1112,1110,1108
14004,1117,1115,1113,1111
14005,1120,1118,1116,1114
14006,1123,1121,1119,1117
14007,1126,1124,1122,1120
14008,1129,1127,1125,1123
14009,1132,1130,1128,1126
14010,1135,1133,1131,1129
14011,1138,1136,1134,1132
14012,1141,1139,1137,1135
14013,1144,1142,1140,1138
14014,1147,1145,1143,1141
14015,1156,1148,1146,1144
14016,1159,1157,1149,1147
14017,1162,1160,1158,1150
14018,1165,1163,1161,1159
14019,1168,1166,1164,1162
14020,1171,1169,1167,1165
14021,1174,1172,1170,1168
14022,1177,1175,1173,1171
14023,1180,1178,1176,1174
14024,1183,1181,1179,1177
14025,1186,1184,1182,1180
14026,1189,1187,1185,1183
14027,1192,1190,1188,1186
14028,1195,1193,1191,1189
14029,1198,1196,1194,1192
14030,1201,1199,1197,1195
14031,1204,1202,1200,1198
14032,1207,1205,1203,1201
14033,1210,1208,1206,1204
14034,1213,1211,1209,1207
14035,1216,1214,1212,1210
14036,1219,1217,1215,1213
14037,1222,1220,1218,1216
14038,1225,1223,1221,1219
14039,1228,1226,1224,1222
14040,1231,1229,1227,1225
14041,1234,1232,1230,1228
14042,1237,1235,1233,1231
14043,1240,1238,1236,1234
14044,1243,1241,1239,1237
14045,1252,1244,1242,1240
14046,1255,1253,1245,1243
14047,1258,1256,1254,1246
14048,1261,1259,1257,1255
14049,1264,1262,1260,1258
14050,1267,1265,1263,1261
14051,1270,1268,1266,1264
14052,1273,1271,1269,1267
14053,1276,1274,1272,1270
14054,1279,1277,1275,1273
14055,1282,1280,1278,1276
14056,1285,1283,1281,1279
14057,1288,1286,1284,1282
14058,1291,1289,1287,1285
14059,1294,1292,1290,1288
14060,1297,1295,1293,1291
14061,1300,1298,1296,1294
14062,1303,1301,1299,1297
14063,1306,1304,1302,1300
14064,1309,1307,1305,1303
14065,1312,1310,1308,1306
14066,1315,1313,1311,1309
14067,1318,1316,1314,1312
14068,1321,1319,1317,1315
14069,1324,1322,1320,1318
14070,1327,1325,1323,1321
14071,1330,1328,1326,1324
14072,1333,1331,1329,1327
14073,1336,1334,1332,1330
14074,1339,1337,1335,1333
14075,1348,1340,1338,1336
14076,1351,1349,1341,1339
14077,1354,1352,1350,1342
14078,1357,1355,1353,1351
14079,1360,1358,1356,1354
14080,1363,1361,1359,1357
14081,1366,1364,1362,1360
14082,1369,1367,1365,1363
14083,1372,1370,1368,1366
14084,1375,1373,1371,1369
14085,1378,1376,1374,1372
14086,1381,1379,1377,1375
14087,1384,1382,1380,1378
14088,1387,1385,1383,1381
14089,1390,1388,1386,1384
14090,1393,1391,1389,1387
14091,1396,1394,1392,1390
14092,1399,1397,1395,1393
14093,1402,1400,1398,1396
14094,1405,1403,1401,1399
14095,1408,1406,1404,1402
14096,1411,1409,1407,1405
14097,1414,1412,1410,1408
14098,1417,1415,1413,1411
14099,1420,1418,1416,1414
14100,1423,1421,1419,1417
14101,1426,1424,1422,1420
14102,1429,1427,1425,1423
14103,1432,1430,1428,1426
14104,1435,1433,1431,1429
14105,1444,1436,1434,1432
14106,1447,1445,1437,1435
14107,1450,1448,1446,1438
14108,1453,1451,1449,1447
14109,1456,1454,1452,1450
14110,1459,1457,1455,1453
14111,1462,1460,1458,1456
14112,1465,1463,1461,1459
14113,1468,1466,1464,1462
14114,1471,1469,1467,1465
14115,1474,1472,1470,1468
14116,1477,1475,1473,1471
14117,1480,1478,1476,1474
14118,1483,1481,1479,1477
14119,1486,1484,1482,1480
14120,1489,1487,1485,1483
14121,1492,1490,1488,1486
14122,1495,1493,1491,1489
14123,1498,1496,1494,1492
14124,1501,1499,1497,1495
14125,1504,1502,1500,1498
14126,1507,1505,1503,1501
14127,1510,1508,1506,1504
14128,1513,1511,1509,1507
14129,1516,1514,1512,1510
14130,1519,1517,1515,1513
14131,1522,1520,1518,1516
14132,1525,1523,1521,1519
14133,1528,1526,1524,1522
14134,1531,1529,1527,1525
14135,1540,1532,1530,1528
14136,1543,1541,1533,1531
14137,1546,1544,1542,1534
14138,1549,1547,1545,1543
14139,1552,1550,1548,1546
14140,1555,1553,1551,1549
14141,1558,1556,1554,1552
14142,1561,1559,1557,1555
14143,1564,1562,1560,1558
14144,1567,1565,1563,1561
14145,1570,1568,1566,1564
14146,1573,1571,1569,1567
14147,1576,1574,1572,1570
14148,1579,1577,1575,1573
14149,1582,1580,1578,1576
14150,1585,1583,1581,1579
14151,1588,1586,1584,1582
14152,1591,1589,1587,1585
14153,1594,1592,1590,1588
14154,1597,1595,1593,1591
14155,1600,1598,1596,1594
14156,1603,1601,1599,1597
14157,1606,1604,1602,1600
14158,1609,1607,1605,1603
14159,1612,1610,1608,1606
14160,1615,1613,1611,1609
14161,1618,1616,1614,1612
14162,1621,1619,1617,1615
14163,1624,1622,1620,1618
14164,1627,1625,1623,1621
14165,1636,1628,1626,1624
14166,1639,1637,1629,1627
14167,1642,1640,1638,1630
14168,1645,1643,1641,1639
14169,1648,1646,1644,1642
14170,1651,1649,1647,1645
14171,1654,1652,1650,1648
14172,1657,1655,1653,1651
14173,1660,1658,1656,1654
14174,1663,1661,1659,1657
14175,1666,1664,1662,1660
14176,1669,1667,1665,1663
14177,1672,1670,1668,1666
14178,1675,1673,1671,1669
14179,1678,1676,1674,1672
14180,1681,1679,1677,1675
14181,1684,1682,1680,1678
14182,1687,1685,1683,1681
14183,1690,1688,1686,1684
14184,1693,1691,1689,1687
14185,1696,1694,1692,1690
14186,1699,1697,1695,1693
14187,1702,1700,1698,1696
14188,1705,1703,1701,1699
14189,1708,1706,1704,1702
14190,1711,1709,1707,1705
14191,1714,1712,1710,1708
14192,1717,1715,1713,1711
14193,1720,1718,1716,1714
14194,1723,1721,1719,1717
14195,1732,1724,1722,1720
14196,1735,1733,1725,1723
14197,1738,1736,1734,1726
14198,1741,1739,1737,1735
14199,1744,1742,1740,1738
14200,1747,1745,1743,1741
14201,1750,1748,1746,1744
14202,1753,1751,1749,1747
14203,1756,1754,1752,1750
14204,1759,1757,1755,1753
14205,1762,1760,1758,1756
14206,1765,1763,1761,1759
14207,1768,1766,1764,1762
14208,1771,1769,1767,1765
14209,1774,1772,1770,1768
14210,1777,1775,1773,1771
14211,1780,1778,1776,1774
14212,1783,1781,1779,1777
14213,1786,1784,1782,1780
14214,1789,1787,1785,1783
14215,1792,1790,1788,1786
14216,1795,1793,1791,1789
14217,1798,1796,1794,1792
14218,1801,1799,1797,1795
14219,1804,1802,1800,1798
14220,1807,1805,1803,1801
14221,1810,1808,1806,1804
14222,1813,1811,1809,1807
14223,1816,1814,1812,1810
14224,1819,1817,1815,1813
14225,1828,1820,1818,1816
14226,1831,1829,1821,1819
14227,1834,1832,1830,1822
14228,1837,1835,1833,1831
14229,1840,1838,1836,1834
14230,1843,1841,1839,1837
14231,1846,1844,1842,1840
14232,1849,1847,1845,1843
14233,1852,1850,1848,1846
14234,1855,1853,1851,1849
14235,1858,1856,1854,1852
14236,1861,1859,1857,1855
14237,1864,1862,1860,1858
14238,1867,1865,1863,1861
14239,1870,1868,1866,1864
14240,1873,1871,1869,1867
14241,1876,1874,1872,1870
14242,1879,1877,1875,1873
14243,1882,1880,1878,1876
14244,1885,1883,1881,1879
14245,1888,1886,1884,1882
14246,1891,1889,1887,1885
14247,1894,1892,1890,1888
14248,1897,1895,1893,1891
14249,1900,1898,1896,1894
14250,1903,1901,1899,1897
14251,1906,1904,1902,1900
14252,1909,1907,1905,1903
14253,1912,1910,1908,1906
14254,1915,1913,1911,1909
14255,1924,1916,1914,1912
14256,1927,1925,1917,1915
14257,1930,1928,1926,1918
14258,1933,1931,1929,1927
14259,1936,1934,1932,1930
14260,1939,1937,1935,1933
14261,1942,1940,1938,1936
14262,1945,1943,1941,1939
14263,1948,1946,1944,1942
14264,1951,1949,1947,1945
14265,1954,1952,1950,1948
14266,1957,1955,1953,1951
14267,1960,1958,1956,1954
14268,1963,1961,1959,1957
14269,1966,1964,1962,1960
14270,1969,1967,1965,1963
14271,1972,1970,1968,1966
14272,1975,1973,1971,1969
14273,1978,1976,1974,1972
14274,1981,1979,1977,1975
14275,1984,1982,1980,1978
14276,1987,1985,1983,1981
14277,1990,1988,1986,1984
14278,1993,1991,1989,1987
14279,1996,1994,1992,1990
14280,1999,1997,1995,1993
14281,2002,2000,1998,1996
14282,2005,2003,2001,1999
14283,2008,2006,2004,2002
14284,2011,2009,2007,2005
14285,2020,2012,2010,2008
14286,2023,2021,2013,2011
14287,2026,2024,2022,2014
14288,2029,2027,2025,2023
14289,2032,2030,2028,2026
14290,2035,2033,2031,2029
14291,2038,2036,2034,2032
14292,2041,2039,2037,2035
14293,2044,2042,2040,2038
14294,2047,2045,2043,2041
14295,2050,2048,2046,2044
14296,2053,2051,2049,2047
14297,2056,2054,2052,2050
14298,2059,2057,2055,2053
14299,2062,2060,2058,2056
14300,2065,2063,2061,2059
14301,2068,2066,2064,2062
14302,2071,2069,2067,2065
14303,2074,2072,2070,2068
14304,2077,2075,2073,2071
14305,2080,2078,2076,2074
14306,2083,2081,2079,2077
14307,2086,2084,2082,2080
14308,2089,2087,2085,2083
14309,2092,2090,2088,2086
14310,2095,2093,2091,2089
14311,2098,2096,2094,2092
14312,2101,2099,2097,2095
14313,2104,2102,2100,2098
14314,2107,2105,2103,2101
14315,2116,2108,2106,2104
14316,2119,2117,2109,2107
14317,2122,2120,2118,2110
14318,2125,2123,2121,2119
14319,2128,2126,2124,2122
14320,2131,2129,2127,2125
14321,2134,2132,2130,2128
14322,2137,2135,2133,2131
14323,2140,2138,2136,2134
14324,2143,2141,2139,2137
14325,2146,2144,2142,2140
14326,2149,2147,2145,2143
14327,2152,2150,2148,2146
14328,2155,2153,2151,2149
14329,2158,2156,2154,2152
14330,2161,2159,2157,2155
14331,2164,2162,2160,2158
14332,2167,2165,2163,2161
14333,2170,2168,2166,2164
14334,2173,2171,2169,2167
14335,2176,2174,2172,2170
14336,2179,2177,2175,2173
14337,2182,2180,2178,2176
14338,2185,2183,2181,2179
14339,2188,2186,2184,2182
14340,2191,2189,2187,2185
14341,2194,2192,2190,2188
14342,2197,2195,2193,2191
14343,2200,2198,2196,2194
14344,2203,2201,2199,2197
14345,2212,2204,2202,2200
14346,2215,2213,2205,2203
14347,2218,2216,2214,2206
14348,2221,2219,2217,2215
14349,2224,2222,2220,2218
14350,2227,2225,2223,2221
14351,2230,2228,2226,2224
14352,2233,2231,2229,2227
14353,2236,2234,2232,2230
14354,2239,2237,2235,2233
14355,2242,2240,2238,2236
14356,2245,2243,2241,2239
14357,2248,2246,2244,2242
14358,2251,2249,2247,2245
14359,2254,2252,2250,2248
14360,2257,2255,2253,2251
14361,2260,2258,2256,2254
14362,2263,2261,2259,2257
14363,2266,2264,2262,2260
14364,2269,2267,2265,2263
14365,2272,2270,2268,2266
14366,2275,2273,2271,2269
14367,2278,2276,2274,2272
14368,2281,2279,2277,2275
14369,2284,2282,2280,2278
14370,2287,2285,2283,2281
14371,2290,2288,2286,2284
14372,2293,2291,2289,2287
14373,2296,2294,2292,2290
14374,2299,2297,2295,2293
14375,2308,2300,2298,2296
14376,2311,2309,2301,2299
14377,2314,2312,2310,2302
14378,2317,2315,2313,2311
14379,2320,2318,2316,2314
14380,2323,2321,2319,2317
14381,2326,2324,2322,2320
14382,2329,2327,2325,2323
14383,2332,2330,2328,2326
14384,2335,2333,2331,2329
14385,2338,2336,2334,2332
14386,2341,2339,2337,2335
14387,2344,2342,2340,2338
14388,2347,2345,2343,2341
14389,2350,2348,2346,2344
14390,2353,2351,2349,2347
14391,2356,2354,2352,2350
14392,2359,2357,2355,2353
14393,2362,2360,2358,2356
14394,2365,2363,2361,2359
14395,2368,2366,2364,2362
14396,2371,2369,2367,2365
14397,2374,2372,2370,2368
14398,2377,2375,2373,2371
14399,2380,2378,2376,2374
14400,2383,2381,2379,2377
14401,2386,2384,2382,2380
14402,2389,2387,2385,2383
14403,2392,2390,2388,2386
14404,2395,2393,2391,2389
14405,2404,2396,2394,2392
14406,2407,2405,2397,2395
14407,2410,2408,2406,2398
14408,2413,2411,2409,2407
14409,2416,2414,2412,2410
14410,2419,2417,2415,2413
14411,2422,2420,2418,2416
14412,2425,2423,2421,2419
14413,2428,2426,2424,2422
14414,2431,2429,2427,2425
14415,2434,2432,2430,2428
14416,2437,2435,2433,2431
14417,2440,2438,2436,2434
14418,2443,2441,2439,2437
14419,2446,2444,2442,2440
14420,2449,2447,2445,2443
14421,2452,2450,2448,2446
14422,2455,2453,2451,2449
14423,2458,2456,2454,2452
14424,2461,2459,2457,2455
14425,2464,2462,2460,2458
14426,2467,2465,2463,2461
14427,2470,2468,2466,2464
14428,2473,2471,2469,2467
14429,2476,2474,2472,2470
14430,2479,2477,2475,2473
14431,2482,2480,2478,2476
14432,2485,2483,2481,2479
14433,2488,2486,2484,2482
14434,2491,2489,2487,2485
14435,2500,2492,2490,2488
14436,2503,2501,2493,2491
14437,2506,2504,2502,2494
14438,2509,2507,2505,2503
14439,2512,2510,2508,2506
14440,2515,2513,2511,2509
14441,2518,2516,2514,2512
14442,2521,2519,2517,2515
14443,2524,2522,2520,2518
14444,2527,2525,2523,2521
14445,2530,2528,2526,2524
14446,2533,2531,2529,2527
14447,2536,2534,2532,2530
14448,2539,2537,2535,2533
14449,2542,2540,2538,2536
14450,2545,2543,2541,2539
14451,2548,2546,2544,2542
14452,2551,2549,2547,2545
14453,2554,2552,2550,2548
14454,2557,2555,2553,2551
14455,2560,2558,2556,2554
14456,2563,2561,2559,2557
14457,2566,2564,2562,2560
14458,2569,2567,2565,2563
14459,2572,2570,2568,2566
14460,2575,2573,2571,2569
14461,2578,2576,2574,2572
14462,2581,2579,2577,2575
14463,2584,2582,2580,2578
14464,2587,2585,2583,2581
14465,2596,2588,2586,2584
14466,2599,2597,2589,2587
14467,2602,2600,2598,2590
14468,2605,2603,2601,2599
14469,2608,2606,2604,2602
14470,2611,2609,2607,2605
14471,2614,2612,2610,2608
14472,2617,2615,2613,2611
14473,2620,2618,2616,2614
14474,2623,2621,2619,2617
14475,2626,2624,2622,2620
14476,2629,2627,2625,2623
14477,2632,2630,2628,2626
14478,2635,2633,2631,2629
14479,2638,2636,2634,2632
14480,2641,2639,2637,2635
14481,2644,2642,2640,2638
14482,2647,2645,2643,2641
14483,2650,2648,2646,2644
14484,2653,2651,2649,2647
14485,2656,2654,2652,2650
14486,2659,2657,2655,2653
14487,2662,2660,2658,2656
14488,2665,2663,2661,2659
14489,2668,2666,2664,2662
14490,2671,2669,2667,2665
14491,2674,2672,2670,2668
14492,2677,2675,2673,2671
14493,2680,2678,2676,2674
14494,2683,2681,2679,2677
14495,2692,2684,2682,2680
14496,2695,2693,2685,2683
14497,2698,2696,2694,2686
14498,2701,2699,2697,2695
14499,2704,2702,2700,2698
14500,2707,2705,2703,2701
14501,2710,2708,2706,2704
14502,2713,2711,2709,2707
14503,2716,2714,2712,2710
14504,2719,2717,2715,2713
14505,2722,2720,2718,2716
14506,2725,2723,2721,2719
14507,2728,2726,2724,2722
14508,2731,2729,2727,2725
14509,2734,2732,2730,2728
14510,2737,2735,2733,2731
14511,2740,2738,2736,2734
14512,2743,2741,2739,2737
14513,2746,2744,2742,2740
14514,2749,2747,2745,2743
14515,2752,2750,2748,2746
14516,2755,2753,2751,2749
14517,2758,2756,2754,2752
14518,2761,2759,2757,2755
14519,2764,2762,2760,2758
14520,2767,2765,2763,2761
14521,2770,2768,2766,2764
14522,2773,2771,2769,2767
14523,2776,2774,2772,2770
14524,2779,2777,2775,2773
14525,2788,2780,2778,2776
14526,2791,2789,2781,2779
14527,2794,2792,2790,2782
14528,2797,2795,2793,2791
14529,2800,2798,2796,2794
14530,2803,2801,2799,2797
14531,2806,2804,2802,2800
14532,2809,2807,2805,2803
14533,2812,2810,2808,2806
14534,2815,2813,2811,2809
14535,2818,2816,2814,2812
14536,2821,2819,2817,2815
14537,2824,2822,2820,2818
14538,2827,2825,2823,2821
14539,2830,2828,2826,2824
14540,2833,2831,2829,2827
14541,2836,2834,2832,2830
14542,2839,2837,2835,2833
14543,2842,2840,2838,2836
14544,2845,2843,2841,2839
14545,2848,2846,2844,2842
14546,2851,2849,2847,2845
14547,2854,2852,2850,2848
14548,2857,2855,2853,2851
14549,2860,2858,2856,2854
14550,2863,2861,2859,2857
14551,2866,2864,2862,2860
14552,2869,2867,2865,2863
14553,2872,2870,2868,2866
14554,2875,2873,2871,2869
14555,-1,2876,2874,2872
14556,-1,-1,2877,2875
14557,-1,-1,-1,2878
14558,-1,-1,-1,-1
14559,-1,-1,-1,-1
14560,-1,-1,-1,-1
14561,-1,-1,-1,-1
14562,-1,-1,-1,-1
14563,-1,-1,-1,-1
14564,-1,-1,-1,-1
14565,8,-1,-1,-1
14566,11,96,-1,-1
14567,14,99,97,-1
14568,17,102,100,98
14569,20,105,103,101
14570,23,108,106,104
14571,26,111,109,107
14572,29,114,112,110
14573,32,117,115,113
14574,35,120,118,116
14575,38,123,121,119
14576,41,126,124,122
14577,44,129,127,125
14578,47,132,130,128
14579,50,135,133,131
14580,53,138,136,134
14581,56,141,139,137
14582,59,144,142,140
14583,62,147,145,143
14584,65,150,148,146
14585,68,153,151,149
14586,71,156,154,152
14587,74,159,157,155
14588,77,162,160,158
14589,80,165,163,161
14590,83,168,166,164
14591,86,171,169,167
14592,89,174,172,170
14593,92,177,175,173
14594,95,180,178,176
14595,104,183,181,179
14596,107,192,184,182
14597,110,195,193,185
14598,113,198,196,194
14599,116,201,199,197
14600,119,204,202,200
14601,122,207,205,203
14602,125,210,208,206
14603,128,213,211,209
14604,131,216,214,212
14605,134,219,217,215
14606,137,222,220,218
14607,140,225,223,221
14608,143,228,226,224
14609,146,231,229,227
14610,149,234,232,230
14611,152,237,235,233
14612,155,240,238,236
14613,158,243,241,239
14614,161,246,244,242
14615,164,249,247,245
14616,167,252,250,248
14617,170,255,253,251
14618,173,258,256,254
14619,176,261,259,257
14620,179,264,262,260
14621,182,267,265,263
14622,185,270,268,266
14623,188,273,271,269
14624,191,276,274,272
14625,200,279,277,275
14626,203,288,280,278
14627,206,291,289,281
14628,209,294,292,290
14629,212,297,295,293
14630,215,300,298,296
14631,218,303,301,299
14632,221,306,304,302
14633,224,309,307,305
14634,227,312,310,308
14635,230,315,313,311
14636,233,318,316,314
14637,236,321,319,317
14638,239,324,322,320
14639,242,327,325,323
14640,245,330,328,326
14641,248,333,331,329
14642,251,336,334,332
14643,254,339,337,335
14644,257,342,340,338
14645,260,345,343,341
14646,263,348,346,344
14647,266,351,349,347
14648,269,354,352,350
14649,272,357,355,353
14650,275,360,358,356
14651,278,363,361,359
14652,281,366,364,362
14653,284,369,367,365
14654,287,372,370,368
14655,296,375,373,371
14656,299,384,376,374
14657,302,387,385,377
14658,305,390,388,386
14659,308,393,391,389
14660,311,396,394,392
14661,314,399,397,395
14662,317,402,400,398
14663,320,405,403,401
14664,323,408,406,404
14665,326,411,409,407
14666,329,414,412,410
14667,332,417,415,413
14668,335,420,418,416
14669,338,423,421,419
14670,341,426,424,422
14671,344,429,427,425
14672,347,432,430,428
14673,350,435,433,431
14674,353,438,436,434
14675,356,441,439,437
14676,359,444,442,440
14677,362,447,445,443
14678,365,450,448,446
14679,368,453,451,449
14680,371,456,454,452
14681,374,459,457,455
14682,377,462,460,458
14683,380,465,463,461
14684,383,468,466,464
14685,392,471,469,467
14686,395,480,472,470
14687,398,483,481,473
14688,401,486,484,482
14689,404,489,487,485
14690,407,492,490,488
14691,410,495,493,491
14692,413,498,496,494
14693,416,501,499,497
14694,419,504,502,500
14695,422,507,505,503
14696,425,510,508,506
14697,428,513,511,509
14698,431,516,514,512
14699,434,519,517,515
14700,437,522,520,518
14701,440,525,523,521
14702,443,528,526,524
14703,446,531,529,527
14704,449,534,532,530
14705,452,537,535,533
14706,455,540,538,536
14707,458,543,541,539
14708,461,546,544,542
14709,464,549,547,545
14710,467,552,550,548
14711,470,555,553,551
14712,473,558,556,554
14713,476,561,559,557
14714,479,564,562,560
14715,488,567,565,563
14716,491,576,568,566
14717,494,579,577,569
14718,497,582,580,578
14719,500,585,583,581
14720,503,588,586,584
14721,506,591,589,587
14722,509,594,592,590
14723,512,597,595,593
14724,515,600,598,596
14725,518,603,601,599
14726,521,606,604,602
14727,524,609,607,605
14728,527,612,610,608
14729,530,615,613,611
14730,533,618,616,614
14731,536,621,619,617
14732,539,624,622,620
14733,542,627,625,623
14734,545,630,628,626
14735,548,633,631,629
14736,551,636,634,632
14737,554,639,637,635
14738,557,642,640,638
14739,560,645,643,641
14740,563,648,646,644
14741,566,651,649,647
14742,569,654,652,650
14743,572,657,655,653
14744,575,660,658,656
14745,584,663,661,659
14746,587,672,664,662
14747,590,675,673,665
14748,593,678,676,674
14749,596,681,679,677
14750,599,684,682,680
14751,602,687,685,683
14752,605,690,688,686
14753,608,693,691,689
14754,611,696,694,692
14755,614,699,697,695
14756,617,702,700,698
14757,620,705,703,701
14758,623,708,706,704
14759,626,711,709,707
14760,629,714,712,710
14761,632,717,715,713
14762,635,720,718,716
14763,638,723,721,719
14764,641,726,724,722
14765,644,729,727,725
14766,647,732,730,728
14767,650,735,733,731
14768,653,738,736,734
14769,656,741,739,737
14770,659,744,742,740
14771,662,747,745,743
14772,665,750,748,746
14773,668,753,751,749
14774,671,756,754,752
14775,680,759,757,755
14776,683,768,760,758
14777,686,771,769,761
14778,689,774,772,770
14779,692,777,775,773
14780,695,780,778,776
14781,698,783,781,779
14782,701,786,784,782
14783,704,789,787,785
14784,707,792,790,788
14785,710,795,793,791
14786,713,798,796,794
14787,716,801,799,797
14788,719,804,802,800
14789,722,807,805,803
14790,725,810,808,806
14791,728,813,811,809
14792,731,816,814,812
14793,734,819,817,815
14794,737,822,820,818
14795,740,825,823,821
14796,743,828,826,824
14797,746,831,829,827
14798,749,834,832,830
14799,752,837,835,833
14800,755,840,838,836
14801,758,843,841,839
14802,761,846,844,842
14803,764,849,847,845
14804,767,852,850,848
14805,776,855,853,851
14806,779,864,856,854
14807,782,867,865,857
14808,785,870,868,866
14809,788,873,871,869
14810,791,876,874,872
14811,794,879,877,875
14812,797,882,880,878
14813,800,885,883,881
14814,803,888,886,884
14815,806,891,889,887
14816,809,894,892,890
14817,812,897,895,893
14818,815,900,898,896
14819,818,903,901,899
14820,821,906,904,902
14821,824,909,907,905
14822,827,912,910,908
14823,830,915,913,911
14824,833,918,916,914
14825,836,921,919,917
14826,839,924,922,920
14827,842,927,925,923
14828,845,930,928,926
14829,848,933,931,929
14830,851,936,934,932
14831,854,939,937,935
14832,857,942,940,938
14833,860,945,943,941
14834,863,948,946,944
14835,872,951,949,947
14836,875,960,952,950
14837,878,963,961,953
14838,881,966,964,962
14839,884,969,967,965
14840,887,972,970,968
14841,890,975,973,971
14842,893,978,976,974
14843,896,981,979,977
14844,899,984,982,980
14845,902,987,985,983
14846,905,990,988,986
14847,908,993,991,989
14848,911,996,994,992
14849,914,999,997,995
14850,917,1002,1000,998
14851,920,1005,1003,1001
14852,923,1008,1006,1004
14853,926,1011,1009,1007
14854,929,1014,1012,1010
14855,932,1017,1015,1013
14856,935,1020,1018,1016
14857,938,1023,1021,1019
14858,941,1026,1024,1022
14859,944,1029,1027,1025
14860,947,1032,1030,1028
14861,950,1035,1033,1031
14862,953,1038,1036,1034
14863,956,1041,1039,1037
14864,959,1044,1042,1040
14865,968,1047,1045,1043
14866,971,1056,1048,1046
14867,974,1059,1057,1049
14868,977,1062,1060,1058
14869,980,1065,1063,1061
14870,983,1068,1066,1064
14871,986,1071,1069,1067
14872,989,1074,1072,1070
14873,992,1077,1075,1073
14874,995,1080,1078,1076
14875,998,1083,1081,1079
14876,1001,1086,1084,1082
14877,1004,1089,1087,1085
14878,1007,1092,1090,1088
14879,1010,1095,1093,1091
14880,1013,1098,1096,1094
14881,1016,1101,1099,1097
14882,1019,1104,1102,1100
14883,1022,1107,1105,1103
14884,1025,1110,1108,1106
14885,1028,1113,1111,1109
14886,1031,1116,1114,1112
14887,1034,1119,1117,1115
14888,1037,1122,1120,1118
14889,1040,1125,1123,1121
14890,1043,1128,1126,1124
14891,1046,1131,1129,1127
14892,1049,1134,1132,1130
14893,1052,1137,1135,1133
14894,1055,1140,1138,1136
14895,1064,1143,1141,1139
14896,1067,1152,1144,1142
14897,1070,1155,1153,1145
14898,1073,1158,1156,1154
14899,1076,1161,1159,1157
14900,1079,1164,1162,1160
14901,1082,1167,1165,1163
14902,1085,1170,1168,1166
14903,1088,1173,1171,1169
14904,1091,1176,1174,1172
14905,1094,1179,1177,1175
14906,1097,1182,1180,1178
14907,1100,1185,1183,1181
14908,1103,1188,1186,1184
14909,1106,1191,1189,1187
14910,1109,1194,1192,1190
14911,1112,1197,1195,1193
14912,1115,1200,1198,1196
14913,1118,1203,1201,1199
14914,1121,1206,1204,1202
14915,1124,1209,1207,1205
14916,1127,1212,1210,1208
14917,1130,1215,1213,1211
14918,1133,1218,1216,1214
14919,1136,1221,1219,1217
14920,1139,1224,1222,1220
14921,1142,1227,1225,1223
14922,1145,1230,1228,1226
14923,1148,1233,1231,1229
14924,1151,1236,1234,1232
14925,1160,1239,1237,1235
14926,1163,1248,1240,1238
14927,1166,1251,1249,1241
14928,1169,1254,1252,1250
14929,1172,1257,1255,1253
14930,1175,1260,1258,1256
14931,1178,1263,1261,1259
14932,1181,1266,1264,1262
14933,1184,1269,1267,1265
14934,1187,1272,1270,1268
14935,1190,1275,1273,1271
14936,1193,1278,1276,1274
14937,1196,1281,1279,1277
14938,1199,1284,1282,1280
14939,1202,1287,1285,1283
14940,1205,1290,1288,1286
14941,1208,1293,1291,1289
14942,1211,1296,1294,1292
14943,1214,1299,1297,1295
14944,1217,1302,1300,1298
14945,1220,1305,1303,1301
14946,1223,1308,1306,1304
14947,1226,1311,1309,1307
14948,1229,1314,1312,1310
14949,1232,1317,1315,1313
14950,1235,1320,1318,1316
14951,1238,1323,1321,1319
14952,1241,1326,1324,1322
14953,1244,1329,1327,1325
14954,1247,1332,1330,1328
14955,1256,1335,1333,1331
14956,1259,1344,1336,1334
14957,1262,1347,1345,1337
14958,1265,1350,1348,1346
14959,1268,1353,1351,1349
14960,1271,1356,1354,1352
14961,1274,1359,1357,1355
14962,1277,1362,1360,1358
14963,1280,1365,1363,1361
14964,1283,1368,1366,1364
14965,1286,1371,1369,1367
14966,1289,1374,1372,1370
14967,1292,1377,1375,1373
14968,1295,1380,1378,1376
14969,1298,1383,1381,1379
14970,1301,1386,1384,1382
14971,1304,1389,1387,1385
14972,1307,1392,1390,1388
14973,1310,1395,1393,1391
14974,1313,1398,1396,1394
14975,1316,1401,1399,1397
14976,1319,1404,1402,1400
14977,1322,1407,1405,1403
14978,1325,1410,1408,1406
14979,1328,1413,1411,1409
14980,1331,1416,1414,1412
14981,1334,1419,1417,1415
14982,1337,1422,1420,1418
14983,1340,1425,1423,1421
14984,1343,1428,1426,1424
14985,1352,1431,1429,1427
14986,1355,1440,1432,1430
14987,1358,1443,1441,1433
14988,1361,1446,1444,1442
14989,1364,1449,1447,1445
14990,1367,1452,1450,1448
14991,1370,1455,1453,1451
14992,1373,1458,1456,1454
14993,1376,1461,1459,1457
14994,1379,1464,1462,1460
14995,1382,1467,1465,1463
14996,1385,1470,1468,1466
14997,1388,1473,1471,1469
14998,1391,1476,1474,1472
14999,1394,1479,1477,1475
15000,1397,1482,1480,1478
15001,1400,1485,1483,1481
15002,1403,1488,1486,1484
15003,1406,1491,1489,1487
15004,1409,1494,1492,1490
15005,1412,1497,1495,1493
15006,1415,1500,1498,1496
15007,1418,1503,1501,1499
15008,1421,1506,1504,1502
15009,1424,1509,1507,1505
15010,1427,1512,1510,1508
15011,1430,1515,1513,1511
15012,1433,1518,1516,1514
15013,1436,1521,1519,1517
15014,1439,1524,1522,1520
15015,1448,1527,1525,1523
15016,1451,1536,1528,1526
15017,1454,1539,1537,1529
15018,1457,1542,1540,1538
15019,1460,1545,1543,1541
15020,1463,1548,1546,1544
15021,1466,1551,1549,1547
15022,1469,1554,1552,1550
15023,1472,1557,1555,1553
15024,1475,1560,1558,1556
15025,1478,1563,1561,1559
15026,1481,1566,1564,1562
15027,1484,1569,1567,1565
15028,1487,1572,1570,1568
15029,1490,1575,1573,1571
15030,1493,1578,1576,1574
15031,1496,1581,1579,1577
15032,1499,1584,1582,1580
15033,1502,1587,1585,1583
15034,1505,1590,1588,1586
15035,1508,1593,1591,1589
15036,1511,1596,1594,1592
15037,1514,1599,1597,1595
15038,1517,1602,1600,1598
15039,1520,1605,1603,1601
15040,1523,1608,1606,1604
15041,1526,1611,1609,1607
15042,1529,1614,1612,1610
15043,1532,1617,1615,1613
15044,1535,1620,1618,1616
15045,1544,1623,1621,1619
15046,1547,1632,1624,1622
15047,1550,1635,1633,1625
15048,1553,1638,1636,1634
15049,1556,1641,1639,1637
15050,1559,1644,1642,1640
15051,1562,1647,1645,1643
15052,1565,1650,1648,1646
15053,1568,1653,1651,1649
15054,1571,1656,1654,1652
15055,1574,1659,1657,1655
15056,1577,1662,1660,1658
15057,1580,1665,1663,1661
15058,1583,1668,1666,1664
15059,1586,1671,1669,1667
15060,1589,1674,1672,1670
15061,1592,1677,1675,1673
15062,1595,1680,1678,1676
15063,1598,1683,1681,1679
15064,1601,1686,1684,1682
15065,1604,1689,1687,1685
15066,1607,1692,1690,1688
15067,1610,1695,1693,1691
15068,1613,1698,1696,1694
15069,1616,1701,1699,1697
15070,1619,1704,1702,1700
15071,1622,1707,1705,1703
15072,1625,1710,1708,1706
15073,1628,1713,1711,1709
15074,1631,1716,1714,1712
15075,1640,1719,1717,1715
15076,1643,1728,1720,1718
15077,1646,1731,1729,1721
15078,1649,1734,1732,1730
15079,1652,1737,1735,1733
15080,1655,1740,1738,1736
15081,1658,1743,1741,1739
15082,1661,1746,1744,1742
15083,1664,1749,1747,1745
15084,1667,1752,1750,1748
15085,1670,1755,1753,1751
15086,1673,1758,1756,1754
15087,1676,1761,1759,1757
15088,1679,1764,1762,1760
15089,1682,1767,1765,1763
15090,1685,1770,1768,1766
15091,1688,1773,1771,1769
15092,1691,1776,1774,1772
15093,1694,1779,1777,1775
15094,1697,1782,1780,1778
15095,1700,1785,1783,1781
15096,1703,1788,1786,1784
15097,1706,1791,1789,1787
15098,1709,1794,1792,1790
15099,1712,1797,1795,1793
15100,1715,1800,1798,1796
15101,1718,1803,1801,1799
15102,1721,1806,1804,1802
15103,1724,1809,1807,1805
15104,1727,1812,1810,1808
15105,1736,1815,1813,1811
15106,1739,1824,1816,1814
15107,1742,1827,1825,1817
15108,1745,1830,1828,1826
15109,1748,1833,1831,1829
15110,1751,1836,1834,1832
15111,1754,1839,1837,1835
15112,1757,1842,1840,1838
15113,1760,1845,1843,1841
15114,1763,1848,1846,1844
15115,1766,1851,1849,1847
15116,1769,1854,1852,1850
15117,1772,1857,1855,1853
15118,1775,1860,1858,1856
15119,1778,1863,1861,1859
15120,1781,1866,1864,1862
15121,1784,1869,1867,1865
15122,1787,1872,1870,1868
15123,1790,1875,1873,1871
15124,1793,1878,1876,1874
15125,1796,1881,1879,1877
15126,1799,1884,1882,1880
15127,1802,1887,1885,1883
15128,1805,1890,1888,1886
15129,1808,1893,1891,1889
15130,1811,1896,1894,1892
15131,1814,1899,1897,1895
15132,1817,1902,1900,1898
15133,1820,1905,1903,1901
15134,1823,1908,1906,1904
15135,1832,1911,1909,1907
15136,1835,1920,1912,1910
15137,1838,1923,1921,1913
15138,1841,1926,1924,1922
15139,1844,1929,1927,1925
15140,1847,1932,1930,1928
15141,1850,1935,1933,1931
15142,1853,1938,1936,1934
15143,1856,1941,1939,1937
15144,1859,1944,1942,1940
15145,1862,1947,1945,1943
15146,1865,1950,1948,1946
15147,1868,1953,1951,1949
15148,1871,1956,1954,1952
15149,1874,1959,1957,1955
15150,1877,1962,1960,1958
15151,1880,1965,1963,1961
15152,1883,1968,1966,1964
15153,1886,1971,1969,1967
15154,1889,1974,1972,1970
15155,1892,1977,1975,1973
15156,1895,1980,1978,1976
15157,1898,1983,1981,1979
15158,1901,1986,1984,1982
15159,1904,1989,1987,1985
15160,1907,1992,1990,1988
15161,1910,1995,1993,1991
15162,1913,1998,1996,1994
15163,1916,2001,1999,1997
15164,1919,2004,2002,2000
15165,1928,2007,2005,2003
15166,1931,2016,2008,2006
15167,1934,2019,2017,2009
15168,1937,2022,2020,2018
15169,1940,2025,2023,2021
15170,1943,2028,2026,2024
15171,1946,2031,2029,2027
15172,1949,2034,2032,2030
15173,1952,2037,2035,2033
15174,1955,2040,2038,2036
15175,1958,2043,2041,2039
15176,1961,2046,2044,2042
15177,1964,2049,2047,2045
15178,1967,2052,2050,2048
15179,1970,2055,2053,2051
15180,1973,2058,2056,2054
15181,1976,2061,2059,2057
15182,1979,2064,2062,2060
15183,1982,2067,2065,2063
15184,1985,2070,2068,2066
15185,1988,2073,2071,2069
15186,1991,2076,2074,2072
15187,1994,2079,2077,2075
15188,1997,2082,2080,2078
15189,2000,2085,2083,2081
15190,2003,2088,2086,2084
15191,2006,2091,2089,2087
15192,2009,2094,2092,2090
15193,2012,2097,2095,2093
15194,2015,2100,2098,2096
15195,2024,2103,2101,2099
15196,2027,2112,2104,2102
15197,2030,2115,2113,2105
15198,2033,2118,2116,2114
15199,2036,2121,2119,2117
15200,2039,2124,2122,2120
15201,2042,2127,2125,2123
15202,2045,2130,2128,2126
15203,2048,2133,2131,2129
15204,2051,2136,2134,2132
15205,2054,2139,2137,2135
15206,2057,2142,2140,2138
15207,2060,2145,2143,2141
15208,2063,2148,2146,2144
15209,2066,2151,2149,2147
15210,2069,2154,2152,2150
15211,2072,2157,2155,2153
15212,2075,2160,2158,2156
15213,2078,2163,2161,2159
15214,2081,2166,2164,2162
15215,2084,2169,2167,2165
15216,2087,2172,2170,2168
15217,2090,2175,2173,2171
15218,2093,2178,2176,2174
15219,2096,2181,2179,2177
15220,2099,2184,2182,2180
15221,2102,2187,2185,2183
15222,2105,2190,2188,2186
15223,2108,2193,2191,2189
15224,2111,2196,2194,2192
15225,2120,2199,2197,2195
15226,2123,2208,2200,2198
15227,2126,2211,2209,2201
15228,2129,2214,2212,2210
15229,2132,2217,2215,2213
15230,2135,2220,2218,2216
15231,2138,2223,2221,2219
15232,2141,2226,2224,2222
15233,2144,2229,2227,2225
15234,2147,2232,2230,2228
15235,2150,2235,2233,2231
15236,2153,2238,2236,2234
15237,2156,2241,2239,2237
15238,2159,2244,2242,2240
15239,2162,2247,2245,2243
15240,2165,2250,2248,2246
15241,2168,2253,2251,2249
15242,2171,2256,2254,2252
15243,2174,2259,2257,2255
15244,2177,2262,2260,2258
15245,2180,2265,2263,2261
15246,2183,2268,2266,2264
15247,2186,2271,2269,2267
15248,2189,2274,2272,2270
15249,2192,2277,2275,2273
15250,2195,2280,2278,2276
15251,2198,2283,2281,2279
15252,2201,2286,2284,2282
15253,2204,2289,2287,2285
15254,2207,2292,2290,2288
15255,2216,2295,2293,2291
15256,2219,2304,2296,2294
15257,2222,2307,2305,2297
15258,2225,2310,2308,2306
15259,2228,2313,2311,2309
15260,2231,2316,2314,2312
15261,2234,2319,2317,2315
15262,2237,2322,2320,2318
15263,2240,2325,2323,2321
15264,2243,2328,2326,2324
15265,2246,2331,2329,2327
15266,2249,2334,2332,2330
15267,2252,2337,2335,2333
15268,2255,2340,2338,2336
15269,2258,2343,2341,2339
15270,2261,2346,2344,2342
15271,2264,2349,2347,2345
15272,2267,2352,2350,2348
15273,2270,2355,2353,2351
15274,2273,2358,2356,2354
15275,2276,2361,2359,2357
15276,2279,2364,2362,2360
15277,2282,2367,2365,2363
15278,2285,2370,2368,2366
15279,2288,2373,2371,2369
15280,2291,2376,2374,2372
15281,2294,2379,2377,2375
15282,2297,2382,2380,2378
15283,2300,2385,2383,2381
15284,2303,2388,2386,2384
15285,2312,2391,2389,2387
15286,2315,2400,2392,2390
15287,2318,2403,2401,2393
15288,2321,2406,2404,2402
15289,2324,2409,2407,2405
15290,2327,2412,2410,2408
15291,2330,2415,2413,2411
15292,2333,2418,2416,2414
15293,2336,2421,2419,2417
15294,2339,2424,2422,2420
15295,2342,2427,2425,2423
15296,2345,2430,2428,2426
15297,2348,2433,2431,2429
15298,2351,2436,2434,2432
15299,2354,2439,2437,2435
15300,2357,2442,2440,2438
15301,2360,2445,2443,2441
15302,2363,2448,2446,2444
15303,2366,2451,2449,2447
15304,2369,2454,2452,2450
15305,2372,2457,2455,2453
15306,2375,2460,2458,2456
15307,2378,2463,2461,2459
15308,2381,2466,2464,2462
15309,2384,2469,2467,2465
15310,2387,2472,2470,2468
15311,2390,2475,2473,2471
15312,2393,2478,2476,2474
15313,2396,2481,2479,2477
15314,2399,2484,2482,2480
15315,2408,2487,2485,2483
15316,2411,2496,2488,2486
15317,2414,2499,2497,2489
15318,2417,2502,2500,2498
15319,2420,2505,2503,2501
15320,2423,2508,2506,2504
15321,2426,2511,2509,2507
15322,2429,2514,2512,2510
15323,2432,2517,2515,2513
15324,2435,2520,2518,2516
15325,2438,2523,2521,2519
15326,2441,2526,2524,2522
15327,2444,2529,2527,2525
15328,2447,2532,2530,2528
15329,2450,2535,2533,2531
15330,2453,2538,2536,2534
15331,2456,2541,2539,2537
15332,2459,2544,2542,2540
15333,2462,2547,2545,2543
15334,2465,2550,2548,2546
15335,2468,2553,2551,2549
15336,2471,2556,2554,2552
15337,2474,2559,2557,2555
15338,2477,2562,2560,2558
15339,2480,2565,2563,2561
15340,2483,2568,2566,2564
15341,2486,2571,2569,2567
15342,2489,2574,2572,2570
15343,2492,2577,2575,2573
15344,2495,2580,2578,2576
15345,2504,2583,2581,2579
15346,2507,2592,2584,2582
15347,2510,2595,2593,2585
15348,2513,2598,2596,2594
15349,2516,2601,2599,2597
15350,2519,2604,2602,2600
15351,2522,2607,2605,2603
15352,2525,2610,2608,2606
15353,2528,2613,2611,2609
15354,2531,2616,2614,2612
15355,2534,2619,2617,2615
15356,2537,2622,2620,2618
15357,2540,2625,2623,2621
15358,2543,2628,2626,2624
15359,2546,2631,2629,2627
15360,2549,2634,2632,2630
15361,2552,2637,2635,2633
15362,2555,2640,2638,2636
15363,2558,2643,2641,2639
15364,2561,2646,2644,2642
15365,2564,2649,2647,2645
15366,2567,2652,2650,2648
15367,2570,2655,2653,2651
15368,2573,2658,2656,2654
15369,2576,2661,2659,2657
15370,2579,2664,2662,2660
15371,2582,2667,2665,2663
15372,2585,2670,2668,2666
15373,2588,2673,2671,2669
15374,2591,2676,2674,2672
15375,2600,2679,2677,2675
15376,2603,2688,2680,2678
15377,2606,2691,2689,2681
15378,2609,2694,2692,2690
15379,2612,2697,2695,2693
15380,2615,2700,2698,2696
15381,2618,2703,2701,2699
15382,2621,2706,2704,2702
15383,2624,2709,2707,2705
15384,2627,2712,2710,2708
15385,2630,2715,2713,2711
15386,2633,2718,2716,2714
15387,2636,2721,2719,2717
15388,2639,2724,2722,2720
15389,2642,2727,2725,2723
15390,2645,2730,2728,2726
15391,2648,2733,2731,2729
15392,2651,2736,2734,2732
15393,2654,2739,2737,2735
15394,2657,2742,2740,2738
15395,2660,2745,2743,2741
15396,2663,2748,2746,2744
15397,2666,2751,2749,2747
15398,2669,2754,2752,2750
15399,2672,2757,2755,2753
15400,2675,2760,2758,2756
15401,2678,2763,2761,2759
15402,2681,2766,2764,2762
15403,2684,2769,2767,2765
15404,2687,2772,2770,2768
15405,2696,2775,2773,2771
15406,2699,2784,2776,2774
15407,2702,2787,2785,2777
15408,2705,2790,2788,2786
15409,2708,2793,2791,2789
15410,2711,2796,2794,2792
15411,2714,2799,2797,2795
15412,2717,2802,2800,2798
15413,2720,2805,2803,2801
15414,2723,2808,2806,2804
15415,2726,2811,2809,2807
15416,2729,2814,2812,2810
15417,2732,2817,2815,2813
15418,2735,2820,2818,2816
15419,2738,2823,2821,2819
15420,2741,2826,2824,2822
15421,2744,2829,2827,2825
15422,2747,2832,2830,2828
15423,2750,2835,2833,2831
15424,2753,2838,2836,2834
15425,2756,2841,2839,2837
15426,2759,2844,2842,2840
15427,2762,2847,2845,2843
15428,2765,2850,2848,2846
15429,2768,2853,2851,2849
15430,2771,2856,2854,2852
15431,2774,2859,2857,2855
15432,2777,2862,2860,2858
15433,2780,2865,2863,2861
15434,2783,2868,2866,2864
15435,2792,2871,2869,2867
15436,2795,2880,2872,2870
15437,2798,2883,2881,2873
15438,2801,2886,2884,2882
15439,2804,2889,2887,2885
15440,2807,2892,2890,2888
15441,2810,2895,2893,2891
15442,2813,2898,2896,2894
15443,2816,2901,2899,2897
15444,2819,2904,2902,2900
15445,2822,2907,2905,2903
15446,2825,2910,2908,2906
15447,2828,2913,2911,2909
15448,2831,2916,2914,2912
15449,2834,2919,2917,2915
15450,2837,2922,2920,2918
15451,2840,2925,2923,2921
15452,2843,2928,2926,2924
15453,2846,2931,2929,2927
15454,2849,2934,2932,2930
15455,2852,2937,2935,2933
15456,2855,2940,2938,2936
15457,2858,2943,2941,2939
15458,2861,2946,2944,2942
15459,2864,2949,2947,2945
15460,2867,2952,2950,2948
15461,2870,2955,2953,2951
15462,2873,2958,2956,2954
15463,2876,2961,2959,2957
15464,2879,2964,2962,2960
15465,-1,2967,2965,2963
15466,-1,-1,2968,2966
15467,-1,-1,-1,2969
15468,-1,-1,-1,-1
15469,-1,-1,-1,-1
15470,-1,-1,-1,-1
15471,-1,-1,-1,-1
15472,-1,-1,-1,-1
15473,-1,-1,-1,-1
15474,-1,-1,-1,-1
15475,99,-1,-1,-1
15476,102,100,-1,-1
15477,105,103,101,-1
15478,108,106,104,102
15479,111,109,107,105
15480,114,112,110,108
15481,117,115,113,111
15482,120,118,116,114
15483,123,121,119,117
15484,126,124,122,120
15485,129,127,125,123
15486,132,130,128,126
15487,135,133,131,129
15488,138,136,134,132
15489,141,139,137,135
15490,144,142,140,138
15491,147,145,143,141
15492,150,148,146,144
15493,153,151,149,147
15494,156,154,152,150
15495,159,157,155,153
15496,162,160,158,156
15497,165,163,161,159
15498,168,166,164,162
15499,171,169,167,165
15500,174,172,170,168
15501,177,175,173,171
15502,180,178,176,174
15503,183,181,179,177
15504,186,184,182,180
15505,195,187,185,183
15506,198,196,188,186
15507,201,199,197,189
15508,204,202,200,198
15509,207,205,203,201
15510,210,208,206,204
15511,213,211,209,207
15512,216,214,212,210
15513,219,217,215,213
15514,222,220,218,216
15515,225,223,221,219
15516,228,226,224,222
15517,231,229,227,225
15518,234,232,230,228
15519,237,235,233,231
15520,240,238,236,234
15521,243,241,239,237
15522,246,244,242,240
15523,249,247,245,243
15524,252,250,248,246
15525,255,253,251,249
15526,258,256,254,252
15527,261,259,257,255
15528,264,262,260,258
15529,267,265,263,261
15530,270,268,266,264
15531,273,271,269,267
15532,276,274,272,270
15533,279,277,275,273
15534,282,280,278,276
15535,291,283,281,279
15536,294,292,284,282
15537,297,295,293,285
15538,300,298,296,294
15539,303,301,299,297
15540,306,304,302,300
15541,309,307,305,303
15542,312,310,308,306
15543,315,313,311,309
15544,318,316,314,312
15545,321,319,317,315
15546,324,322,320,318
15547,327,325,323,321
15548,330,328,326,324
15549,333,331,329,327
15550,336,334,332,330
15551,339,337,335,333
15552,342,340,338,336
15553,345,343,341,339
15554,348,346,344,342
15555,351,349,347,345
15556,354,352,350,348
15557,357,355,353,351
15558,360,358,356,354
15559,363,361,359,357
15560,366,364,362,360
15561,369,367,365,363
15562,372,370,368,366
15563,375,373,371,369
15564,378,376,374,372
15565,387,379,377,375
15566,390,388,380,378
15567,393,391,389,381
15568,396,394,392,390
15569,399,397,395,393
15570,402,400,398,396
15571,405,403,401,399
15572,408,406,404,402
15573,411,409,407,405
15574,414,412,410,408
15575,417,415,413,411
15576,420,418,416,414
15577,423,421,419,417
15578,426,424,422,420
15579,429,427,425,423
15580,432,430,428,426
15581,435,433,431,429
15582,438,436,434,432
15583,441,439,437,435
15584,444,442,440,438
15585,447,445,443,441
15586,450,448,446,444
15587,453,451,449,447
15588,456,454,452,450
15589,459,457,455,453
15590,462,460,458,456
15591,465,463,461,459
15592,468,466,464,462
15593,471,469,467,465
15594,474,472,470,468
15595,483,475,473,471
15596,486,484,476,474
15597,489,487,485,477
15598,492,490,488,486
15599,495,493,491,489
15600,498,496,494,492
15601,501,499,497,495
15602,504,502,500,498
15603,507,505,503,501
15604,510,508,506,504
15605,513,511,509,507
15606,516,514,512,510
15607,519,517,515,513
15608,522,520,518,516
15609,525,523,521,519
15610,528,526,524,522
15611,531,529,527,525
15612,534,532,530,528
15613,537,535,533,531
15614,540,538,536,534
15615,543,541,539,537
15616,546,544,542,540
15617,549,547,545,543
15618,552,550,548,546
15619,555,553,551,549
15620,558,556,554,552
15621,561,559,557,555
15622,564,562,560,558
15623,567,565,563,561
15624,570,568,566,564
15625,579,571,569,567
15626,582,580,572,570
15627,585,583,581,573
15628,588,586,584,582
15629,591,589,587,585
15630,594,592,590,588
15631,597,595,593,591
15632,600,598,596,594
15633,603,601,599,597
15634,606,604,602,600
15635,609,607,605,603
15636,612,610,608,606
15637,615,613,611,609
15638,618,616,614,612
15639,621,619,617,615
15640,624,622,620,618
15641,627,625,623,621
15642,630,628,626,624
15643,633,631,629,627
15644,636,634,632,630
15645,639,637,635,633
15646,642,640,638,636
15647,645,643,641,639
15648,648,646,644,642
15649,651,649,647,645
15650,654,652,650,648
15651,657,655,653,651
15652,660,658,656,654
15653,663,661,659,657
15654,666,664,662,660
15655,675,667,665,663
15656,678,676,668,666
15657,681,679,677,669
15658,684,682,680,678
15659,687,685,683,681
15660,690,688,686,684
15661,693,691,689,687
15662,696,694,692,690
15663,699,697,695,693
15664,702,700,698,696
15665,705,703,701,699
15666,708,706,704,702
15667,711,709,707,705
15668,714,712,710,708
15669,717,715,713,711
15670,720,718,716,714
15671,723,721,719,717
15672,726,724,722,720
15673,729,727,725,723
15674,732,730,728,726
15675,735,733,731,729
15676,738,736,734,732
15677,741,739,737,735
15678,744,742,740,738
15679,747,745,743,741
15680,750,748,746,744
15681,753,751,749,747
15682,756,754,752,750
15683,759,757,755,753
15684,762,760,758,756
15685,771,763,761,759
15686,774,772,764,762
15687,777,775,773,765
15688,780,778,776,774
15689,783,781,779,777
15690,786,784,782,780
15691,789,787,785,783
15692,792,790,788,786
15693,795,793,791,789
15694,798,796,794,792
15695,801,799,797,795
15696,804,802,800,798
15697,807,805,803,801
15698,810,808,806,804
15699,813,811,809,807
15700,816,814,812,810
15701,819,817,815,813
15702,822,820,818,816
15703,825,823,821,819
15704,828,826,824,822
15705,831,829,827,825
15706,834,832,830,828
15707,837,835,833,831
15708,840,838,836,834
15709,843,841,839,837
15710,846,844,842,840
15711,849,847,845,843
15712,852,850,848,846
15713,855,853,851,849
15714,858,856,854,852
15715,867,859,857,855
15716,870,868,860,858
15717,873,871,869,861
15718,876,874,872,870
15719,879,877,875,873
15720,882,880,878,876
15721,885,883,881,879
15722,888,886,884,882
15723,891,889,887,885
15724,894,892,890,888
15725,897,895,893,891
15726,900,898,896,894
15727,903,901,899,897
15728,906,904,902,900
15729,909,907,905,903
15730,912,910,908,906
15731,915,913,911,909
15732,918,916,914,912
15733,921,919,917,915
15734,924,922,920,918
15735,927,925,923,921
15736,930,928,926,924
15737,933,931,929,927
15738,936,934,932,930
15739,939,937,935,933
15740,942,940,938,936
15741,945,943,941,939
15742,948,946,944,942
15743,951,949,947,945
15744,954,952,950,948
15745,963,955,953,951
15746,966,964,956,954
15747,969,967,965,957
15748,972,970,968,966
15749,975,973,971,969
15750,978,976,974,972
15751,981,979,977,975
15752,984,982,980,978
15753,987,985,983,981
15754,990,988,986,984
15755,993,991,989,987
15756,996,994,992,990
15757,999,997,995,993
15758,1002,1000,998,996
15759,1005,1003,1001,999
15760,1008,1006,1004,1002
15761,1011,1009,1007,1005
15762,1014,1012,1010,1008
15763,1017,1015,1013,1011
15764,1020,1018,1016,1014
15765,1023,1021,1019,1017
15766,1026,1024,1022,1020
15767,1029,1027,1025,1023
15768,1032,1030,1028,1026
15769,1035,1033,1031,1029
15770,1038,1036,1034,1032
15771,1041,1039,1037,1035
15772,1044,1042,1040,1038
15773,1047,1045,1043,1041
15774,1050,1048,1046,1044
15775,1059,1051,1049,1047
15776,1062,1060,1052,1050
15777,1065,1063,1061,1053
15778,1068,1066,1064,1062
15779,1071,1069,1067,1065
15780,1074,1072,1070,1068
15781,1077,1075,1073,1071
15782,1080,1078,1076,1074
15783,1083,1081,1079,1077
15784,1086,1084,1082,1080
15785,1089,1087,1085,1083
15786,1092,1090,1088,1086
15787,1095,1093,1091,1089
15788,1098,1096,1094,1092
15789,1101,1099,1097,1095
15790,1104,1102,1100,1098
15791,1107,1105,1103,1101
15792,1110,1108,1106,1104
15793,1113,1111,1109,1107
15794,1116,1114,1112,1110
15795,1119,1117,1115,1113
15796,1122,1120,1118,1116
15797,1125,1123,1121,1119
15798,1128,1126,1124,1122
15799,1131,1129,1127,1125
15800,1134,1132,1130,1128
15801,1137,1135,1133,1131
15802,1140,1138,1136,1134
15803,1143,1141,1139,1137
15804,1146,1144,1142,1140
15805,1155,1147,1145,1143
15806,1158,1156,1148,1146
15807,1161,1159,1157,1149
15808,1164,1162,1160,1158
15809,1167,1165,1163,1161
15810,1170,1168,1166,1164
15811,1173,1171,1169,1167
15812,1176,1174,1172,1170
15813,1179,1177,1175,1173
15814,1182,1180,1178,1176
15815,1185,1183,1181,1179
15816,1188,1186,1184,1182
15817,1191,1189,1187,1185
15818,1194,1192,1190,1188
15819,1197,1195,1193,1191
15820,1200,1198,1196,1194
15821,1203,1201,1199,1197
15822,1206,1204,1202,1200
15823,1209,1207,1205,1203
15824,1212,1210,1208,1206
15825,1215,1213,1211,1209
15826,1218,1216,1214,1212
15827,1221,1219,1217,1215
15828,1224,1222,1220,1218
15829,1227,1225,1223,1221
15830,1230,1228,1226,1224
15831,1233,1231,1229,1227
15832,1236,1234,1232,1230
15833,1239,1237,1235,1233
15834,1242,1240,1238,1236
15835,1251,1243,1241,1239
15836,1254,1252,1244,1242
15837,1257,1255,1253,1245
15838,1260,1258,1256,1254
15839,1263,1261,1259,1257
15840,1266,1264,1262,1260
15841,1269,1267,1265,1263
15842,1272,1270,1268,1266
15843,1275,1273,1271,1269
15844,1278,1276,1274,1272
15845,1281,1279,1277,1275
15846,1284,1282,1280,1278
15847,1287,1285,1283,1281
15848,1290,1288,1286,1284
15849,1293,1291,1289,1287
15850,1296,1294,1292,1290
15851,1299,1297,1295,1293
15852,1302,1300,1298,1296
15853,1305,1303,1301,1299
15854,1308,1306,1304,1302
15855,1311,1309,1307,1305
15856,1314,1312,1310,1308
15857,1317,1315,1313,1311
15858,1320,1318,1316,1314
15859,1323,1321,1319,1317
15860,1326,1324,1322,1320
15861,1329,1327,1325,1323
15862,1332,1330,1328,1326
15863,1335,1333,1331,1329
15864,1338,1336,1334,1332
15865,1347,1339,1337,1335
15866,1350,1348,1340,1338
15867,1353,1351,1349,1341
15868,1356,1354,1352,1350
15869,1359,1357,1355,1353
15870,1362,1360,1358,1356
15871,1365,1363,1361,1359
15872,1368,1366,1364,1362
15873,1371,1369,1367,1365
15874,1374,1372,1370,1368
15875,1377,1375,1373,1371
15876,1380,1378,1376,1374
15877,1383,1381,1379,1377
15878,1386,1384,1382,1380
15879,1389,1387,1385,1383
15880,1392,1390,1388,1386
15881,1395,1393,1391,1389
15882,1398,1396,1394,1392
15883,1401,1399,1397,1395
15884,1404,1402,1400,1398
15885,1407,1405,1403,1401
15886,1410,1408,1406,1404
15887,1413,1411,1409,1407
15888,1416,1414,1412,1410
15889,1419,1417,1415,1413
15890,1422,1420,1418,1416
15891,1425,1423,1421,1419
15892,1428,1426,1424,1422
15893,1431,1429,1427,1425
15894,1434,1432,1430,1428
15895,1443,1435,1433,1431
15896,1446,1444,1436,1434
15897,1449,1447,1445,1437
15898,1452,1450,1448,1446
15899,1455,1453,1451,1449
15900,1458,1456,1454,1452
15901,1461,1459,1457,1455
15902,1464,1462,1460,1458
15903,1467,1465,1463,1461
15904,1470,1468,1466,1464
15905,1473,1471,1469,1467
15906,1476,1474,1472,1470
15907,1479,1477,1475,1473
15908,1482,1480,1478,1476
15909,1485,1483,1481,1479
15910,1488,1486,1484,1482
15911,1491,1489,1487,1485
15912,1494,1492,1490,1488
15913,1497,1495,1493,1491
15914,1500,1498,1496,1494
15915,1503,1501,1499,1497
15916,1506,1504,1502,1500
15917,1509,1507,1505,1503
15918,1512,1510,1508,1506
15919,1515,1513,1511,1509
15920,1518,1516,1514,1512
15921,1521,1519,1517,1515
15922,1524,1522,1520,1518
15923,1527,1525,1523,1521
15924,1530,1528,1526,1524
15925,1539,1531,1529,1527
15926,1542,1540,1532,1530
15927,1545,1543,1541,1533
15928,1548,1546,1544,1542
15929,1551,1549,1547,1545
15930,1554,1552,1550,1548
15931,1557,1555,1553,1551
15932,1560,1558,1556,1554
15933,1563,1561,1559,1557
15934,1566,1564,1562,1560
15935,1569,1567,1565,1563
15936,1572,1570,1568,1566
15937,1575,1573,1571,1569
15938,1578,1576,1574,1572
15939,1581,1579,1577,1575
15940,1584,1582,1580,1578
15941,1587,1585,1583,1581
15942,1590,1588,1586,1584
15943,1593,1591,1589,1587
15944,1596,1594,1592,1590
15945,1599,1597,1595,1593
15946,1602,1600,1598,1596
15947,1605,1603,1601,1599
15948,1608,1606,1604,1602
15949,1611,1609,1607,1605
15950,1614,1612,1610,1608
15951,1617,1615,1613,1611
15952,1620,1618,1616,1614
15953,1623,1621,1619,1617
15954,1626,1624,1622,1620
15955,1635,1627,1625,1623
15956,1638,1636,1628,1626
15957,1641,1639,1637,1629
15958,1644,1642,1640,1638
15959,1647,1645,1643,1641
15960,1650,1648,1646,1644
15961,1653,1651,1649,1647
15962,1656,1654,1652,1650
15963,1659,1657,1655,1653
15964,1662,1660,1658,1656
15965,1665,1663,1661,1659
15966,1668,1666,1664,1662
15967,1671,1669,1667,1665
15968,1674,1672,1670,1668
15969,1677,1675,1673,1671
15970,1680,1678,1676,1674
15971,1683,1681,1679,1677
15972,1686,1684,1682,1680
15973,1689,1687,1685,1683
15974,1692,1690,1688,1686
15975,1695,1693,1691,1689
15976,1698,1696,1694,1692
15977,1701,1699,1697,1695
15978,1704,1702,1700,1698
15979,1707,1705,1703,1701
15980,1710,1708,1706,1704
15981,1713,1711,1709,1707
15982,1716,1714,1712,1710
15983,1719,1717,1715,1713
15984,1722,1720,1718,1716
15985,1731,1723,1721,1719
15986,1734,1732,1724,1722
15987,1737,1735,1733,1725
15988,1740,1738,1736,1734
15989,1743,1741,1739,1737
15990,1746,1744,1742,1740
15991,1749,1747,1745,1743
15992,1752,1750,1748,1746
15993,1755,1753,1751,1749
15994,1758,1756,1754,1752
15995,1761,1759,1757,1755
15996,1764,1762,1760,1758
15997,1767,1765,1763,1761
15998,1770,1768,1766,1764
15999,1773,1771,1769,1767
16000,1776,1774,1772,1770
16001,1779,1777,1775,1773
16002,1782,1780,1778,1776
16003,1785,1783,1781,1779
16004,1788,1786,1784,1782
16005,1791,1789,1787,1785
16006,1794,1792,1790,1788
16007,1797,1795,1793,1791
16008,1800,1798,1796,1794
16009,1803,1801,1799,1797
16010,1806,1804,1802,1800
16011,1809,1807,1805,1803
16012,1812,1810,1808,1806
16013,1815,1813,1811,1809
16014,1818,1816,1814,1812
16015,1827,1819,1817,1815
16016,1830,1828,1820,1818
16017,1833,1831,1829,1821
16018,1836,1834,1832,1830
16019,1839,1837,1835,1833
16020,1842,1840,1838,1836
16021,1845,1843,1841,1839
16022,1848,1846,1844,1842
16023,1851,1849,1847,1845
16024,1854,1852,1850,1848
16025,1857,1855,1853,1851
16026,1860,1858,1856,1854
16027,1863,1861,1859,1857
16028,1866,1864,1862,1860
16029,1869,1867,1865,1863
16030,1872,1870,1868,1866
16031,1875,1873,1871,1869
16032,1878,1876,1874,1872
16033,1881,1879,1877,1875
16034,1884,1882,1880,1878
16035,1887,1885,1883,1881
16036,1890,1888,1886,1884
16037,1893,1891,1889,1887
16038,1896,1894,1892,1890
16039,1899,1897,1895,1893
16040,1902,1900,1898,1896
16041,1905,1903,1901,1899
16042,1908,1906,1904,1902
16043,1911,1909,1907,1905
16044,1914,1912,1910,1908
16045,1923,1915,1913,1911
16046,1926,1924,1916,1914
16047,1929,1927,1925,1917
16048,1932,1930,1928,1926
16049,1935,1933,1931,1929
16050,1938,1936,1934,1932
16051,1941,1939,1937,1935
16052,1944,1942,1940,1938
16053,1947,1945,1943,1941
16054,1950,1948,1946,1944
16055,1953,1951,1949,1947
16056,1956,1954,1952,1950
16057,1959,1957,1955,1953
16058,1962,1960,1958,1956
16059,1965,1963,1961,1959
16060,1968,1966,1964,1962
16061,1971,1969,1967,1965
16062,1974,1972,1970,1968
16063,1977,1975,1973,1971
16064,1980,1978,1976,1974
16065,1983,1981,1979,1977
16066,1986,1984,1982,1980
16067,1989,1987,1985,1983
16068,1992,1990,1988,1986
16069,1995,1993,1991,1989
16070,1998,1996,1994,1992
16071,2001,1999,1997,1995
16072,2004,2002,2000,1998
16073,2007,2005,2003,2001
16074,2010,2008,2006,2004
16075,2019,2011,2009,2007
16076,2022,2020,2012,2010
16077,2025,2023,2021,2013
16078,2028,2026,2024,2022
16079,2031,2029,2027,2025
16080,2034,2032,2030,2028
16081,2037,2035,2033,2031
16082,2040,2038,2036,2034
16083,2043,2041,2039,2037
16084,2046,2044,2042,2040
16085,2049,2047,2045,2043
16086,2052,2050,2048,2046
16087,2055,2053,2051,2049
16088,2058,2056,2054,2052
16089,2061,2059,2057,2055
16090,2064,2062,2060,2058
16091,2067,2065,2063,2061
16092,2070,2068,2066,2064
16093,2073,2071,2069,2067
16094,2076,2074,2072,2070
16095,2079,2077,2075,2073
16096,2082,2080,2078,2076
16097,2085,2083,2081,2079
16098,2088,2086,2084,2082
16099,2091,2089,2087,2085
16100,2094,2092,2090,2088
16101,2097,2095,2093,2091
16102,2100,2098,2096,2094
16103,2103,2101,2099,2097
16104,2106,2104,2102,2100
16105,2115,2107,2105,2103
16106,2118,2116,2108,2106
16107,2121,2119,2117,2109
16108,2124,2122,2120,2118
16109,2127,2125,2123,2121
16110,2130,2128,2126,2124
16111,2133,2131,2129,2127
16112,2136,2134,2132,2130
16113,2139,2137,2135,2133
16114,2142,2140,2138,2136
16115,2145,2143,2141,2139
16116,2148,2146,2144,2142
16117,2151,2149,2147,2145
16118,2154,2152,2150,2148
16119,2157,2155,2153,2151
16120,2160,2158,2156,2154
16121,2163,2161,2159,2157
16122,2166,2164,2162,2160
16123,2169,2167,2165,2163
16124,2172,2170,2168,2166
16125,2175,2173,2171,2169
16126,2178,2176,2174,2172
16127,2181,2179,2177,2175
16128,2184,2182,2180,2178
16129,2187,2185,2183,2181
16130,2190,2188,2186,2184
16131,2193,2191,2189,2187
16132,2196,2194,2192,2190
16133,2199,2197,2195,2193
16134,2202,2200,2198,2196
16135,2211,2203,2201,2199
16136,2214,2212,2204,2202
16137,2217,2215,2213,2205
16138,2220,2218,2216,2214
16139,2223,2221,2219,2217
16140,2226,2224,2222,2220
16141,2229,2227,2225,2223
16142,2232,2230,2228,2226
16143,2235,2233,2231,2229
16144,2238,2236,2234,2232
16145,2241,2239,2237,2235
16146,2244,2242,2240,2238
16147,2247,2245,2243,2241
16148,2250,2248,2246,2244
16149,2253,2251,2249,2247
16150,2256,2254,2252,2250
16151,2259,2257,2255,2253
16152,2262,2260,2258,2256
16153,2265,2263,2261,2259
16154,2268,2266,2264,2262
16155,2271,2269,2267,2265
16156,2274,2272,2270,2268
16157,2277,2275,2273,2271
16158,2280,2278,2276,2274
16159,2283,2281,2279,2277
16160,2286,2284,2282,2280
16161,2289,2287,2285,2283
16162,2292,2290,2288,2286
16163,2295,2293,2291,2289
16164,2298,2296,2294,2292
16165,2307,2299,2297,2295
16166,2310,2308,2300,2298
16167,2313,2311,2309,2301
16168,2316,2314,2312,2310
16169,2319,2317,2315,2313
16170,2322,2320,2318,2316
16171,2325,2323,2321,2319
16172,2328,2326,2324,2322
16173,2331,2329,2327,2325
16174,2334,2332,2330,2328
16175,2337,2335,2333,2331
16176,2340,2338,2336,2334
16177,2343,2341,2339,2337
16178,2346,2344,2342,2340
16179,2349,2347,2345,2343
16180,2352,2350,2348,2346
16181,2355,2353,2351,2349
16182,2358,2356,2354,2352
16183,2361,2359,2357,2355
16184,2364,2362,2360,2358
16185,2367,2365,2363,2361
16186,2370,2368,2366,2364
16187,2373,2371,2369,2367
16188,2376,2374,2372,2370
16189,2379,2377,2375,2373
16190,2382,2380,2378,2376
16191,2385,2383,2381,2379
16192,2388,2386,2384,2382
16193,2391,2389,2387,2385
16194,2394,2392,2390,2388
16195,2403,2395,2393,2391
16196,2406,2404,2396,2394
16197,2409,2407,2405,2397
16198,2412,2410,2408,2406
16199,2415,2413,2411,2409
16200,2418,2416,2414,2412
16201,2421,2419,2417,2415
16202,2424,2422,2420,2418
16203,2427,2425,2423,2421
16204,2430,2428,2426,2424
16205,2433,2431,2429,2427
16206,2436,2434,2432,2430
16207,2439,2437,2435,2433
16208,2442,2440,2438,2436
16209,2445,2443,2441,2439
16210,2448,2446,2444,2442
16211,2451,2449,2447,2445
16212,2454,2452,2450,2448
16213,2457,2455,2453,2451
16214,2460,2458,2456,2454
16215,2463,2461,2459,2457
16216,2466,2464,2462,2460
16217,2469,2467,2465,2463
16218,2472,2470,2468,2466
16219,2475,2473,2471,2469
16220,2478,2476,2474,2472
16221,2481,2479,2477,2475
16222,2484,2482,2480,2478
16223,2487,2485,2483,2481
16224,2490,2488,2486,2484
16225,2499,2491,2489,2487
16226,2502,2500,2492,2490
16227,2505,2503,2501,2493
16228,2508,2506,2504,2502
16229,2511,2509,2507,2505
16230,2514,2512,2510,2508
16231,2517,2515,2513,2511
16232,2520,2518,2516,2514
16233,2523,2521,2519,2517
16234,2526,2524,2522,2520
16235,2529,2527,2525,2523
16236,2532,2530,2528,2526
16237,2535,2533,2531,2529
16238,2538,2536,2534,2532
16239,2541,2539,2537,2535
16240,2544,2542,2540,2538
16241,2547,2545,2543,2541
16242,2550,2548,2546,2544
16243,2553,2551,2549,2547
16244,2556,2554,2552,2550
16245,2559,2557,2555,2553
16246,2562,2560,2558,2556
16247,2565,2563,2561,2559
16248,2568,2566,2564,2562
16249,2571,2569,2567,2565
16250,2574,2572,2570,2568
16251,2577,2575,2573,2571
16252,2580,2578,2576,2574
16253,2583,2581,2579,2577
16254,2586,2584,2582,2580
16255,2595,2587,2585,2583
16256,2598,2596,2588,2586
16257,2601,2599,2597,2589
16258,2604,2602,2600,2598
16259,2607,2605,2603,2601
16260,2610,2608,2606,2604
16261,2613,2611,2609,2607
16262,2616,2614,2612,2610
16263,2619,2617,2615,2613
16264,2622,2620,2618,2616
16265,2625,2623,2621,2619
16266,2628,2626,2624,2622
16267,2631,2629,2627,2625
16268,2634,2632,2630,2628
16269,2637,2635,2633,2631
16270,2640,2638,2636,2634
16271,2643,2641,2639,2637
16272,2646,2644,2642,2640
16273,2649,2647,2645,2643
16274,2652,2650,2648,2646
16275,2655,2653,2651,2649
16276,2658,2656,2654,2652
16277,2661,2659,2657,2655
16278,2664,2662,2660,2658
16279,2667,2665,2663,2661
16280,2670,2668,2666,2664
16281,2673,2671,2669,2667
16282,2676,2674,2672,2670
16283,2679,2677,2675,2673
16284,2682,2680,2678,2676
16285,2691,2683,2681,2679
16286,2694,2692,2684,2682
16287,2697,2695,2693,2685
16288,2700,2698,2696,2694
16289,2703,2701,2699,2697
16290,2706,2704,2702,2700
16291,2709,2707,2705,2703
16292,2712,2710,2708,2706
16293,2715,2713,2711,2709
16294,2718,2716,2714,2712
16295,2721,2719,2717,2715
16296,2724,2722,2720,2718
16297,2727,2725,2723,2721
16298,2730,2728,2726,2724
16299,2733,2731,2729,2727
16300,2736,2734,2732,2730
16301,2739,2737,2735,2733
16302,2742,2740,2738,2736
16303,2745,2743,2741,2739
16304,2748,2746,2744,2742
16305,2751,2749,2747,2745
16306,2754,2752,2750,2748
16307,2757,2755,2753,2751
16308,2760,2758,2756,2754
16309,2763,2761,2759,2757
16310,2766,2764,2762,2760
16311,2769,2767,2765,2763
16312,2772,2770,2768,2766
16313,2775,2773,2771,2769
16314,2778,2776,2774,2772
16315,2787,2779,2777,2775
16316,2790,2788,2780,2778
16317,2793,2791,2789,2781
16318,2796,2794,2792,2790
16319,2799,2797,2795,2793
16320,2802,2800,2798,2796
16321,2805,2803,2801,2799
16322,2808,2806,2804,2802
16323,2811,2809,2807,2805
16324,2814,2812,2810,2808
16325,2817,2815,2813,2811
16326,2820,2818,2816,2814
16327,2823,2821,2819,2817
16328,2826,2824,2822,2820
16329,2829,2827,2825,2823
16330,2832,2830,2828,2826
16331,2835,2833,2831,2829
16332,2838,2836,2834,2832
16333,2841,2839,2837,2835
16334,2844,2842,2840,2838
16335,2847,2845,2843,2841
16336,2850,2848,2846,2844
16337,2853,2851,2849,2847
16338,2856,2854,2852,2850
16339,2859,2857,2855,2853
16340,2862,2860,2858,2856
16341,2865,2863,2861,2859
16342,2868,2866,2864,2862
16343,2871,2869,2867,2865
16344,2874,2872,2870,2868
16345,2883,2875,2873,2871
16346,2886,2884,2876,2874
16347,2889,2887,2885,2877
16348,2892,2890,2888,2886
16349,2895,2893,2891,2889
16350,2898,2896,2894,2892
16351,2901,2899,2897,2895
16352,2904,2902,2900,2898
16353,2907,2905,2903,2901
16354,2910,2908,2906,2904
16355,2913,2911,2909,2907
16356,2916,2914,2912,2910
16357,2919,2917,2915,2913
16358,2922,2920,2918,2916
16359,2925,2923,2921,2919
16360,2928,2926,2924,2922
16361,2931,2929,2927,2925
16362,2934,2932,2930,2928
16363,2937,2935,2933,2931
16364,2940,2938,2936,2934
16365,2943,2941,2939,2937
16366,2946,2944,2942,2940
16367,2949,2947,2945,2943
16368,2952,2950,2948,2946
16369,2955,2953,2951,2949
16370,2958,2956,2954,2952
16371,2961,2959,2957,2955
16372,2964,2962,2960,2958
16373,2967,2965,2963,2961
16374,2970,2968,2966,2964
16375,-1,2971,2969,2967
16376,-1,-1,2972,2970
16377,-1,-1,-1,2973
16378,-1,-1,-1,-1
16379,-1,-1,-1,-1
16380,-1,-1,-1,-1
16381,-1,-1,-1,-1
16382,-1,-1,-1,-1
16383,-1,-1,-1,-1
16384,-1,-1,-1,-1
16385,103,-1,-1,-1
16386,106,104,-1,-1
16387,109,107,192,-1
16388,112,110,195,193
16389,115,113,198,196
16390,118,116,201,199
16391,121,119,204,202
16392,124,122,207,205
16393,127,125,210,208
16394,130,128,213,211
16395,133,131,216,214
16396,136,134,219,217
16397,139,137,222,220
16398,142,140,225,223
16399,145,143,228,226
16400,148,146,231,229
16401,151,149,234,232
16402,154,152,237,235
16403,157,155,240,238
16404,160,158,243,241
16405,163,161,246,244
16406,166,164,249,247
16407,169,167,252,250
16408,172,170,255,253
16409,175,173,258,256
16410,178,176,261,259
16411,181,179,264,262
16412,184,182,267,265
16413,187,185,270,268
16414,190,188,273,271
16415,199,191,276,274
16416,202,200,279,277
16417,205,203,288,280
16418,208,206,291,289
16419,211,209,294,292
16420,214,212,297,295
16421,217,215,300,298
16422,220,218,303,301
16423,223,221,306,304
16424,226,224,309,307
16425,229,227,312,310
16426,232,230,315,313
16427,235,233,318,316
16428,238,236,321,319
16429,241,239,324,322
16430,244,242,327,325
16431,247,245,330,328
16432,250,248,333,331
16433,253,251,336,334
16434,256,254,339,337
16435,259,257,342,340
16436,262,260,345,343
16437,265,263,348,346
16438,268,266,351,349
16439,271,269,354,352
16440,274,272,357,355
16441,277,275,360,358
16442,280,278,363,361
16443,283,281,366,364
16444,286,284,369,367
16445,295,287,372,370
16446,298,296,375,373
16447,301,299,384,376
16448,304,302,387,385
16449,307,305,390,388
16450,310,308,393,391
16451,313,311,396,394
16452,316,314,399,397
16453,319,317,402,400
16454,322,320,405,403
16455,325,323,408,406
16456,328,326,411,409
16457,331,329,414,412
16458,334,332,417,415
16459,337,335,420,418
16460,340,338,423,421
16461,343,341,426,424
16462,346,344,429,427
16463,349,347,432,430
16464,352,350,435,433
16465,355,353,438,436
16466,358,356,441,439
16467,361,359,444,442
16468,364,362,447,445
16469,367,365,450,448
16470,370,368,453,451
16471,373,371,456,454
16472,376,374,459,457
16473,379,377,462,460
16474,382,380,465,463
16475,391,383,468,466
16476,394,392,471,469
16477,397,395,480,472
16478,400,398,483,481
16479,403,401,486,484
16480,406,404,489,487
16481,409,407,492,490
16482,412,410,495,493
16483,415,413,498,496
16484,418,416,501,499
16485,421,419,504,502
16486,424,422,507,505
16487,427,425,510,508
16488,430,428,513,511
16489,433,431,516,514
16490,436,434,519,517
16491,439,437,522,520
16492,442,440,525,523
16493,445,443,528,526
16494,448,446,531,529
16495,451,449,534,532
16496,454,452,537,535
16497,457,455,540,538
16498,460,458,543,541
16499,463,461,546,544
16500,466,464,549,547
16501,469,467,552,550
16502,472,470,555,553
16503,475,473,558,556
16504,478,476,561,559
16505,487,479,564,562
16506,490,488,567,565
16507,493,491,576,568
16508,496,494,579,577
16509,499,497,582,580
16510,502,500,585,583
16511,505,503,588,586
16512,508,506,591,589
16513,511,509,594,592
16514,514,512,597,595
16515,517,515,600,598
16516,520,518,603,601
16517,523,521,606,604
16518,526,524,609,607
16519,529,527,612,610
16520,532,530,615,613
16521,535,533,618,616
16522,538,536,621,619
16523,541,539,624,622
16524,544,542,627,625
16525,547,545,630,628
16526,550,548,633,631
16527,553,551,636,634
16528,556,554,639,637
16529,559,557,642,640
16530,562,560,645,643
16531,565,563,648,646
16532,568,566,651,649
16533,571,569,654,652
16534,574,572,657,655
16535,583,575,660,658
16536,586,584,663,661
16537,589,587,672,664
16538,592,590,675,673
16539,595,593,678,676
16540,598,596,681,679
16541,601,599,684,682
16542,604,602,687,685
16543,607,605,690,688
16544,610,608,693,691
16545,613,611,696,694
16546,616,614,699,697
16547,619,617,702,700
16548,622,620,705,703
16549,625,623,708,706
16550,628,626,711,709
16551,631,629,714,712
16552,634,632,717,715
16553,637,635,720,718
16554,640,638,723,721
16555,643,641,726,724
16556,646,644,729,727
16557,649,647,732,730
16558,652,650,735,733
16559,655,653,738,736
16560,658,656,741,739
16561,661,659,744,742
16562,664,662,747,745
16563,667,665,750,748
16564,670,668,753,751
16565,679,671,756,754
16566,682,680,759,757
16567,685,683,768,760
16568,688,686,771,769
16569,691,689,774,772
16570,694,692,777,775
16571,697,695,780,778
16572,700,698,783,781
16573,703,701,786,784
16574,706,704,789,787
16575,709,707,792,790
16576,712,710,795,793
16577,715,713,798,796
16578,718,716,801,799
16579,721,719,804,802
16580,724,722,807,805
16581,727,725,810,808
16582,730,728,813,811
16583,733,731,816,814
16584,736,734,819,817
16585,739,737,822,820
16586,742,740,825,823
16587,745,743,828,826
16588,748,746,831,829
16589,751,749,834,832
16590,754,752,837,835
16591,757,755,840,838
16592,760,758,843,841
16593,763,761,846,844
16594,766,764,849,847
16595,775,767,852,850
16596,778,776,855,853
16597,781,779,864,856
16598,784,782,867,865
16599,787,785,870,868
16600,790,788,873,871
16601,793,791,876,874
16602,796,794,879,877
16603,799,797,882,880
16604,802,800,885,883
16605,805,803,888,886
16606,808,806,891,889
16607,811,809,894,892
16608,814,812,897,895
16609,817,815,900,898
16610,820,818,903,901
16611,823,821,906,904
16612,826,824,909,907
16613,829,827,912,910
16614,832,830,915,913
16615,835,833,918,916
16616,838,836,921,919
16617,841,839,924,922
16618,844,842,927,925
16619,847,845,930,928
16620,850,848,933,931
16621,853,851,936,934
16622,856,854,939,937
16623,859,857,942,940
16624,862,860,945,943
16625,871,863,948,946
16626,874,872,951,949
16627,877,875,960,952
16628,880,878,963,961
16629,883,881,966,964
16630,886,884,969,967
16631,889,887,972,970
16632,892,890,975,973
16633,895,893,978,976
16634,898,896,981,979
16635,901,899,984,982
16636,904,902,987,985
16637,907,905,990,988
16638,910,908,993,991
16639,913,911,996,994
16640,916,914,999,997
16641,919,917,1002,1000
16642,922,920,1005,1003
16643,925,923,1008,1006
16644,928,926,1011,1009
16645,931,929,1014,1012
16646,934,932,1017,1015
16647,937,935,1020,1018
16648,940,938,1023,1021
16649,943,941,1026,1024
16650,946,944,1029,1027
16651,949,947,1032,1030
16652,952,950,1035,1033
16653,955,953,1038,1036
16654,958,956,1041,1039
16655,967,959,1044,1042
16656,970,968,1047,1045
16657,973,971,1056,1048
16658,976,974,1059,1057
16659,979,977,1062,1060
16660,982,980,1065,1063
16661,985,983,1068,1066
16662,988,986,1071,1069
16663,991,989,1074,1072
16664,994,992,1077,1075
16665,997,995,1080,1078
16666,1000,998,1083,1081
16667,1003,1001,1086,1084
16668,1006,1004,1089,1087
16669,1009,1007,1092,1090
16670,1012,1010,1095,1093
16671,1015,1013,1098,1096
16672,1018,1016,1101,1099
16673,1021,1019,1104,1102
16674,1024,1022,1107,1105
16675,1027,1025,1110,1108
16676,1030,1028,1113,1111
16677,1033,1031,1116,1114
16678,1036,1034,1119,1117
16679,1039,1037,1122,1120
16680,1042,1040,1125,1123
16681,1045,1043,1128,1126
16682,1048,1046,1131,1129
16683,1051,1049,1134,1132
16684,1054,1052,1137,1135
16685,1063,1055,1140,1138
16686,1066,1064,1143,1141
16687,1069,1067,1152,1144
16688,1072,1070,1155,1153
16689,1075,1073,1158,1156
16690,1078,1076,1161,1159
16691,1081,1079,1164,1162
16692,1084,1082,1167,1165
16693,1087,1085,1170,1168
16694,1090,1088,1173,1171
16695,1093,1091,1176,1174
16696,1096,1094,1179,1177
16697,1099,1097,1182,1180
16698,1102,1100,1185,1183
16699,1105,1103,1188,1186
16700,1108,1106,1191,1189
16701,1111,1109,1194,1192
16702,1114,1112,1197,1195
16703,1117,1115,1200,1198
16704,1120,1118,1203,1201
16705,1123,1121,1206,1204
16706,1126,1124,1209,1207
16707,1129,1127,1212,1210
16708,1132,1130,1215,1213
16709,1135,1133,1218,1216
16710,1138,1136,1221,1219
16711,1141,1139,1224,1222
16712,1144,1142,1227,1225
16713,1147,1145,1230,1228
16714,1150,1148,1233,1231
16715,1159,1151,1236,1234
16716,1162,1160,1239,1237
16717,1165,1163,1248,1240
16718,1168,1166,1251,1249
16719,1171,1169,1254,1252
16720,1174,1172,1257,1255
16721,1177,1175,1260,1258
16722,1180,1178,1263,1261
16723,1183,1181,1266,1264
16724,1186,1184,1269,1267
16725,1189,1187,1272,1270
16726,1192,1190,1275,1273
16727,1195,1193,1278,1276
16728,1198,1196,1281,1279
16729,1201,1199,1284,1282
16730,1204,1202,1287,1285
16731,1207,1205,1290,1288
16732,1210,1208,1293,1291
16733,1213,1211,1296,1294
16734,1216,1214,1299,1297
16735,1219,1217,1302,1300
16736,1222,1220,1305,1303
16737,1225,1223,1308,1306
16738,1228,1226,1311,1309
16739,1231,1229,1314,1312
16740,1234,1232,1317,1315
16741,1237,1235,1320,1318
16742,1240,1238,1323,1321
16743,1243,1241,1326,1324
16744,1246,1244,1329,1327
16745,1255,1247,1332,1330
16746,1258,1256,1335,1333
16747,1261,1259,1344,1336
16748,1264,1262,1347,1345
16749,1267,1265,1350,1348
16750,1270,1268,1353,1351
16751,1273,1271,1356,1354
16752,1276,1274,1359,1357
16753,1279,1277,1362,1360
16754,1282,1280,1365,1363
16755,1285,1283,1368,1366
16756,1288,1286,1371,1369
16757,1291,1289,1374,1372
16758,1294,1292,1377,1375
16759,1297,1295,1380,1378
16760,1300,1298,1383,1381
16761,1303,1301,1386,1384
16762,1306,1304,1389,1387
16763,1309,1307,1392,1390
16764,1312,1310,1395,1393
16765,1315,1313,1398,1396
16766,1318,1316,1401,1399
16767,1321,1319,1404,1402
16768,1324,1322,1407,1405
16769,1327,1325,1410,1408
16770,1330,1328,1413,1411
16771,1333,1331,1416,1414
16772,1336,1334,1419,1417
16773,1339,1337,1422,1420
16774,1342,1340,1425,1423
16775,1351,1343,1428,1426
16776,1354,1352,1431,1429
16777,1357,1355,1440,1432
16778,1360,1358,1443,1441
16779,1363,1361,1446,1444
16780,1366,1364,1449,1447
16781,1369,1367,1452,1450
16782,1372,1370,1455,1453
16783,1375,1373,1458,1456
16784,1378,1376,1461,1459
16785,1381,1379,1464,1462
16786,1384,1382,1467,1465
16787,1387,1385,1470,1468
16788,1390,1388,1473,1471
16789,1393,1391,1476,1474
16790,1396,1394,1479,1477
16791,1399,1397,1482,1480
16792,1402,1400,1485,1483
16793,1405,1403,1488,1486
16794,1408,1406,1491,1489
16795,1411,1409,1494,1492
16796,1414,1412,1497,1495
16797,1417,1415,1500,1498
16798,1420,1418,1503,1501
16799,1423,1421,1506,1504
16800,1426,1424,1509,1507
16801,1429,1427,1512,1510
16802,1432,1430,1515,1513
16803,1435,1433,1518,1516
16804,1438,1436,1521,1519
16805,1447,1439,1524,1522
16806,1450,1448,1527,1525
16807,1453,1451,1536,1528
16808,1456,1454,1539,1537
16809,1459,1457,1542,1540
16810,1462,1460,1545,1543
16811,1465,1463,1548,1546
16812,1468,1466,1551,1549
16813,1471,1469,1554,1552
16814,1474,1472,1557,1555
16815,1477,1475,1560,1558
16816,1480,1478,1563,1561
16817,1483,1481,1566,1564
16818,1486,1484,1569,1567
16819,1489,1487,1572,1570
16820,1492,1490,1575,1573
16821,1495,1493,1578,1576
16822,1498,1496,1581,1579
16823,1501,1499,1584,1582
16824,1504,1502,1587,1585
16825,1507,1505,1590,1588
16826,1510,1508,1593,1591
16827,1513,1511,1596,1594
16828,1516,1514,1599,1597
16829,1519,1517,1602,1600
16830,1522,1520,1605,1603
16831,1525,1523,1608,1606
16832,1528,1526,1611,1609
16833,1531,1529,1614,1612
16834,1534,1532,1617,1615
16835,1543,1535,1620,1618
16836,1546,1544,1623,1621
16837,1549,1547,1632,1624
16838,1552,1550,1635,1633
16839,1555,1553,1638,1636
16840,1558,1556,1641,1639
16841,1561,1559,1644,1642
16842,1564,1562,1647,1645
16843,1567,1565,1650,1648
16844,1570,1568,1653,1651
16845,1573,1571,1656,1654
16846,1576,1574,1659,1657
16847,1579,1577,1662,1660
16848,1582,1580,1665,1663
16849,1585,1583,1668,1666
16850,1588,1586,1671,1669
16851,1591,1589,1674,1672
16852,1594,1592,1677,1675
16853,1597,1595,1680,1678
16854,1600,1598,1683,1681
16855,1603,1601,1686,1684
16856,1606,1604,1689,1687
16857,1609,1607,1692,1690
16858,1612,1610,1695,1693
16859,1615,1613,1698,1696
16860,1618,1616,1701,1699
16861,1621,1619,1704,1702
16862,1624,1622,1707,1705
16863,1627,1625,1710,1708
16864,1630,1628,1713,1711
16865,1639,1631,1716,1714
16866,1642,1640,1719,1717
16867,1645,1643,1728,1720
16868,1648,1646,1731,1729
16869,1651,1649,1734,1732
16870,1654,1652,1737,1735
16871,1657,1655,1740,1738
16872,1660,1658,1743,1741
16873,1663,1661,1746,1744
16874,1666,1664,1749,1747
16875,1669,1667,1752,1750
16876,1672,1670,1755,1753
16877,1675,1673,1758,1756
16878,1678,1676,1761,1759
16879,1681,1679,1764,1762
16880,1684,1682,1767,1765
16881,1687,1685,1770,1768
16882,1690,1688,1773,1771
16883,1693,1691,1776,1774
16884,1696,1694,1779,1777
16885,1699,1697,1782,1780
16886,1702,1700,1785,1783
16887,1705,1703,1788,1786
16888,1708,1706,1791,1789
16889,1711,1709,1794,1792
16890,1714,1712,1797,1795
16891,1717,1715,1800,1798
16892,1720,1718,1803,1801
16893,1723,1721,1806,1804
16894,1726,1724,1809,1807
16895,1735,1727,1812,1810
16896,1738,1736,1815,1813
16897,1741,1739,1824,1816
16898,1744,1742,1827,1825
16899,1747,1745,1830,1828
16900,1750,1748,1833,1831
16901,1753,1751,1836,1834
16902,1756,1754,1839,1837
16903,1759,1757,1842,1840
16904,1762,1760,1845,1843
16905,1765,1763,1848,1846
16906,1768,1766,1851,1849
16907,1771,1769,1854,1852
16908,1774,1772,1857,1855
16909,1777,1775,1860,1858
16910,1780,1778,1863,1861
16911,1783,1781,1866,1864
16912,1786,1784,1869,1867
16913,1789,1787,1872,1870
16914,1792,1790,1875,1873
16915,1795,1793,1878,1876
16916,1798,1796,1881,1879
16917,1801,1799,1884,1882
16918,1804,1802,1887,1885
16919,1807,1805,1890,1888
16920,1810,1808,1893,1891
16921,1813,1811,1896,1894
16922,1816,1814,1899,1897
16923,1819,1817,1902,1900
16924,1822,1820,1905,1903
16925,1831,1823,1908,1906
16926,1834,1832,1911,1909
16927,1837,1835,1920,1912
16928,1840,1838,1923,1921
16929,1843,1841,1926,1924
16930,1846,1844,1929,1927
16931,1849,1847,1932,1930
16932,1852,1850,1935,1933
16933,1855,1853,1938,1936
16934,1858,1856,1941,1939
16935,1861,1859,1944,1942
16936,1864,1862,1947,1945
16937,1867,1865,1950,1948
16938,1870,1868,1953,1951
16939,1873,1871,1956,1954
16940,1876,1874,1959,1957
16941,1879,1877,1962,1960
16942,1882,1880,1965,1963
16943,1885,1883,1968,1966
16944,1888,1886,1971,1969
16945,1891,1889,1974,1972
16946,1894,1892,1977,1975
16947,1897,1895,1980,1978
16948,1900,1898,1983,1981
16949,1903,1901,1986,1984
16950,1906,1904,1989,1987
16951,1909,1907,1992,1990
16952,1912,1910,1995,1993
16953,1915,1913,1998,1996
16954,1918,1916,2001,1999
16955,1927,1919,2004,2002
16956,1930,1928,2007,2005
16957,1933,1931,2016,2008
16958,1936,1934,2019,2017
16959,1939,1937,2022,2020
16960,1942,1940,2025,2023
16961,1945,1943,2028,2026
16962,1948,1946,2031,2029
16963,1951,1949,2034,2032
16964,1954,1952,2037,2035
16965,1957,1955,2040,2038
16966,1960,1958,2043,2041
16967,1963,1961,2046,2044
16968,1966,1964,2049,2047
16969,1969,1967,2052,2050
16970,1972,1970,2055,2053
16971,1975,1973,2058,2056
16972,1978,1976,2061,2059
16973,1981,1979,2064,2062
16974,1984,1982,2067,2065
16975,1987,1985,2070,2068
16976,1990,1988,2073,2071
16977,1993,1991,2076,2074
16978,1996,1994,2079,2077
16979,1999,1997,2082,2080
16980,2002,2000,2085,2083
16981,2005,2003,2088,2086
16982,2008,2006,2091,2089
16983,2011,2009,2094,2092
16984,2014,2012,2097,2095
16985,2023,2015,2100,2098
16986,2026,2024,2103,2101
16987,2029,2027,2112,2104
16988,2032,2030,2115,2113
16989,2035,2033,2118,2116
16990,2038,2036,2121,2119
16991,2041,2039,2124,2122
16992,2044,2042,2127,2125
16993,2047,2045,2130,2128
16994,2050,2048,2133,2131
16995,2053,2051,2136,2134
16996,2056,2054,2139,2137
16997,2059,2057,2142,2140
16998,2062,2060,2145,2143
16999,2065,2063,2148,2146
17000,2068,2066,2151,2149
17001,2071,2069,2154,2152
17002,2074,2072,2157,2155
17003,2077,2075,2160,2158
17004,2080,2078,2163,2161
17005,2083,2081,2166,2164
17006,2086,2084,2169,2167
17007,2089,2087,2172,2170
17008,2092,2090,2175,2173
17009,2095,2093,2178,2176
17010,2098,2096,2181,2179
17011,2101,2099,2184,2182
17012,2104,2102,2187,2185
17013,2107,2105,2190,2188
17014,2110,2108,2193,2191
17015,2119,2111,2196,2194
17016,2122,2120,2199,2197
17017,2125,2123,2208,2200
17018,2128,2126,2211,2209
17019,2131,2129,2214,2212
17020,2134,2132,2217,2215
17021,2137,2135,2220,2218
17022,2140,2138,2223,2221
17023,2143,2141,2226,2224
17024,2146,2144,2229,2227
17025,2149,2147,2232,2230
17026,2152,2150,2235,2233
17027,2155,2153,2238,2236
17028,2158,2156,2241,2239
17029,2161,2159,2244,2242
17030,2164,2162,2247,2245
17031,2167,2165,2250,2248
17032,2170,2168,2253,2251
17033,2173,2171,2256,2254
17034,2176,2174,2259,2257
17035,2179,2177,2262,2260
17036,2182,2180,2265,2263
17037,2185,2183,2268,2266
17038,2188,2186,2271,2269
17039,2191,2189,2274,2272
17040,2194,2192,2277,2275
17041,2197,2195,2280,2278
17042,2200,2198,2283,2281
17043,2203,2201,2286,2284
17044,2206,2204,2289,2287
17045,2215,2207,2292,2290
17046,2218,2216,2295,2293
17047,2221,2219,2304,2296
17048,2224,2222,2307,2305
17049,2227,2225,2310,2308
17050,2230,2228,2313,2311
17051,2233,2231,2316,2314
17052,2236,2234,2319,2317
17053,2239,2237,2322,2320
17054,2242,2240,2325,2323
17055,2245,2243,2328,2326
17056,2248,2246,2331,2329
17057,2251,2249,2334,2332
17058,2254,2252,2337,2335
17059,2257,2255,2340,2338
17060,2260,2258,2343,2341
17061,2263,2261,2346,2344
17062,2266,2264,2349,2347
17063,2269,2267,2352,2350
17064,2272,2270,2355,2353
17065,2275,2273,2358,2356
17066,2278,2276,2361,2359
17067,2281,2279,2364,2362
17068,2284,2282,2367,2365
17069,2287,2285,2370,2368
17070,2290,2288,2373,2371
17071,2293,2291,2376,2374
17072,2296,2294,2379,2377
17073,2299,2297,2382,2380
17074,2302,2300,2385,2383
17075,2311,2303,2388,2386
17076,2314,2312,2391,2389
17077,2317,2315,2400,2392
17078,2320,2318,2403,2401
17079,2323,2321,2406,2404
17080,2326,2324,2409,2407
17081,2329,2327,2412,2410
17082,2332,2330,2415,2413
17083,2335,2333,2418,2416
17084,2338,2336,2421,2419
17085,2341,2339,2424,2422
17086,2344,2342,2427,2425
17087,2347,2345,2430,2428
17088,2350,2348,2433,2431
17089,2353,2351,2436,2434
17090,2356,2354,2439,2437
17091,2359,2357,2442,2440
17092,2362,2360,2445,2443
17093,2365,2363,2448,2446
17094,2368,2366,2451,2449
17095,2371,2369,2454,2452
17096,2374,2372,2457,2455
17097,2377,2375,2460,2458
17098,2380,2378,2463,2461
17099,2383,2381,2466,2464
17100,2386,2384,2469,2467
17101,2389,2387,2472,2470
17102,2392,2390,2475,2473
17103,2395,2393,2478,2476
17104,2398,2396,2481,2479
17105,2407,2399,2484,2482
17106,2410,2408,2487,2485
17107,2413,2411,2496,2488
17108,2416,2414,2499,2497
17109,2419,2417,2502,2500
17110,2422,2420,2505,2503
17111,2425,2423,2508,2506
17112,2428,2426,2511,2509
17113,2431,2429,2514,2512
17114,2434,2432,2517,2515
17115,2437,2435,2520,2518
17116,2440,2438,2523,2521
17117,2443,2441,2526,2524
17118,2446,2444,2529,2527
17119,2449,2447,2532,2530
17120,2452,2450,2535,2533
17121,2455,2453,2538,2536
17122,2458,2456,2541,2539
17123,2461,2459,2544,2542
17124,2464,2462,2547,2545
17125,2467,2465,2550,2548
17126,2470,2468,2553,2551
17127,2473,2471,2556,2554
17128,2476,2474,2559,2557
17129,2479,2477,2562,2560
17130,2482,2480,2565,2563
17131,2485,2483,2568,2566
17132,2488,2486,2571,2569
17133,2491,2489,2574,2572
17134,2494,2492,2577,2575
17135,2503,2495,2580,2578
17136,2506,2504,2583,2581
17137,2509,2507,2592,2584
17138,2512,2510,2595,2593
17139,2515,2513,2598,2596
17140,2518,2516,2601,2599
17141,2521,2519,2604,2602
17142,2524,2522,2607,2605
17143,2527,2525,2610,2608
17144,2530,2528,2613,2611
17145,2533,2531,2616,2614
17146,2536,2534,2619,2617
17147,2539,2537,2622,2620
17148,2542,2540,2625,2623
17149,2545,2543,2628,2626
17150,2548,2546,2631,2629
17151,2551,2549,2634,2632
17152,2554,2552,2637,2635
17153,2557,2555,2640,2638
17154,2560,2558,2643,2641
17155,2563,2561,2646,2644
17156,2566,2564,2649,2647
17157,2569,2567,2652,2650
17158,2572,2570,2655,2653
17159,2575,2573,2658,2656
17160,2578,2576,2661,2659
17161,2581,2579,2664,2662
17162,2584,2582,2667,2665
17163,2587,2585,2670,2668
17164,2590,2588,2673,2671
17165,2599,2591,2676,2674
17166,2602,2600,2679,2677
17167,2605,2603,2688,2680
17168,2608,2606,2691,2689
17169,2611,2609,2694,2692
17170,2614,2612,2697,2695
17171,2617,2615,2700,2698
17172,2620,2618,2703,2701
17173,2623,2621,2706,2704
17174,2626,2624,2709,2707
17175,2629,2627,2712,2710
17176,2632,2630,2715,2713
17177,2635,2633,2718,2716
17178,2638,2636,2721,2719
17179,2641,2639,2724,2722
17180,2644,2642,2727,2725
17181,2647,2645,2730,2728
17182,2650,2648,2733,2731
17183,2653,2651,2736,2734
17184,2656,2654,2739,2737
17185,2659,2657,2742,2740
17186,2662,2660,2745,2743
17187,2665,2663,2748,2746
17188,2668,2666,2751,2749
17189,2671,2669,2754,2752
17190,2674,2672,2757,2755
17191,2677,2675,2760,2758
17192,2680,2678,2763,2761
17193,2683,2681,2766,2764
17194,2686,2684,2769,2767
17195,2695,2687,2772,2770
17196,2698,2696,2775,2773
17197,2701,2699,2784,2776
17198,2704,2702,2787,2785
17199,2707,2705,2790,2788
17200,2710,2708,2793,2791
17201,2713,2711,2796,2794
17202,2716,2714,2799,2797
17203,2719,2717,2802,2800
17204,2722,2720,2805,2803
17205,2725,2723,2808,2806
17206,2728,2726,2811,2809
17207,2731,2729,2814,2812
17208,2734,2732,2817,2815
17209,2737,2735,2820,2818
17210,2740,2738,2823,2821
17211,2743,2741,2826,2824
17212,2746,2744,2829,2827
17213,2749,2747,2832,2830
17214,2752,2750,2835,2833
17215,2755,2753,2838,2836
17216,2758,2756,2841,2839
17217,2761,2759,2844,2842
17218,2764,2762,2847,2845
17219,2767,2765,2850,2848
17220,2770,2768,2853,2851
17221,2773,2771,2856,2854
17222,2776,2774,2859,2857
17223,2779,2777,2862,2860
17224,2782,2780,2865,2863
17225,2791,2783,2868,2866
17226,2794,2792,2871,2869
17227,2797,2795,2880,2872
17228,2800,2798,2883,2881
17229,2803,2801,2886,2884
17230,2806,2804,2889,2887
17231,2809,2807,2892,2890
17232,2812,2810,2895,2893
17233,2815,2813,2898,2896
17234,2818,2816,2901,2899
17235,2821,2819,2904,2902
17236,2824,2822,2907,2905
17237,2827,2825,2910,2908
17238,2830,2828,2913,2911
17239,2833,2831,2916,2914
17240,2836,2834,2919,2917
17241,2839,2837,2922,2920
17242,2842,2840,2925,2923
17243,2845,2843,2928,2926
17244,2848,2846,2931,2929
17245,2851,2849,2934,2932
17246,2854,2852,2937,2935
17247,2857,2855,2940,2938
17248,2860,2858,2943,2941
17249,2863,2861,2946,2944
17250,2866,2864,2949,2947
17251,2869,2867,2952,2950
17252,2872,2870,2955,2953
17253,2875,2873,2958,2956
17254,2878,2876,2961,2959
17255,2887,2879,2964,2962
17256,2890,2888,2967,2965
17257,2893,2891,2976,2968
17258,2896,2894,2979,2977
17259,2899,2897,2982,2980
17260,2902,2900,2985,2983
17261,2905,2903,2988,2986
17262,2908,2906,2991,2989
17263,2911,2909,2994,2992
17264,2914,2912,2997,2995
17265,2917,2915,3000,2998
17266,2920,2918,3003,3001
17267,2923,2921,3006,3004
17268,2926,2924,3009,3007
17269,2929,2927,3012,3010
17270,2932,2930,3015,3013
17271,2935,2933,3018,3016
17272,2938,2936,3021,3019
17273,2941,2939,3024,3022
17274,2944,2942,3027,3025
17275,2947,2945,3030,3028
17276,2950,2948,3033,3031
17277,2953,2951,3036,3034
17278,2956,2954,3039,3037
17279,2959,2957,3042,3040
17280,2962,2960,3045,3043
17281,2965,2963,3048,3046
17282,2968,2966,3051,3049
17283,2971,2969,3054,3052
17284,2974,2972,3057,3055
17285,-1,2975,3060,3058
17286,-1,-1,3063,3061
17287,-1,-1,-1,3064
17288,-1,-1,-1,-1
17289,-1,-1,-1,-1
17290,-1,-1,-1,-1
17291,-1,-1,-1,-1
17292,-1,-1,-1,-1
17293,-1,-1,-1,-1
17294,-1,-1,-1,-1
17295,194,-1,-1,-1
17296,197,195,-1,-1
17297,200,198,196,-1
17298,203,201,199,197
17299,206,204,202,200
17300,209,207,205,203
17301,212,210,208,206
17302,215,213,211,209
17303,218,216,214,212
17304,221,219,217,215
17305,224,222,220,218
17306,227,225,223,221
17307,230,228,226,224
17308,233,231,229,227
17309,236,234,232,230
17310,239,237,235,233
17311,242,240,238,236
17312,245,243,241,239
17313,248,246,244,242
17314,251,249,247,245
17315,254,252,250,248
17316,257,255,253,251
17317,260,258,256,254
17318,263,261,259,257
17319,266,264,262,260
17320,269,267,265,263
17321,272,270,268,266
17322,275,273,271,269
17323,278,276,274,272
17324,281,279,277,275
17325,290,282,280,278
17326,293,291,283,281
17327,296,294,292,284
17328,299,297,295,293
17329,302,300,298,296
17330,305,303,301,299
17331,308,306,304,302
17332,311,309,307,305
17333,314,312,310,308
17334,317,315,313,311
17335,320,318,316,314
17336,323,321,319,317
17337,326,324,322,320
17338,329,327,325,323
17339,332,330,328,326
17340,335,333,331,329
17341,338,336,334,332
17342,341,339,337,335
17343,344,342,340,338
17344,347,345,343,341
17345,350,348,346,344
17346,353,351,349,347
17347,356,354,352,350
17348,359,357,355,353
17349,362,360,358,356
17350,365,363,361,359
17351,368,366,364,362
17352,371,369,367,365
17353,374,372,370,368
17354,377,375,373,371
17355,386,378,376,374
17356,389,387,379,377
17357,392,390,388,380
17358,395,393,391,389
17359,398,396,394,392
17360,401,399,397,395
17361,404,402,400,398
17362,407,405,403,401
17363,410,408,406,404
17364,413,411,409,407
17365,416,414,412,410
17366,419,417,415,413
17367,422,420,418,416
17368,425,423,421,419
17369,428,426,424,422
17370,431,429,427,425
17371,434,432,430,428
17372,437,435,433,431
17373,440,438,436,434
17374,443,441,439,437
17375,446,444,442,440
17376,449,447,445,443
17377,452,450,448,446
17378,455,453,451,449
17379,458,456,454,452
17380,461,459,457,455
17381,464,462,460,458
17382,467,465,463,461
17383,470,468,466,464
17384,473,471,469,467
17385,482,474,472,470
17386,485,483,475,473
17387,488,486,484,476
17388,491,489,487,485
17389,494,492,490,488
17390,497,495,493,491
17391,500,498,496,494
17392,503,501,499,497
17393,506,504,502,500
17394,509,507,505,503
17395,512,510,508,506
17396,515,513,511,509
17397,518,516,514,512
17398,521,519,517,515
17399,524,522,520,518
17400,527,525,523,521
17401,530,528,526,524
17402,533,531,529,527
17403,536,534,532,530
17404,539,537,535,533
17405,542,540,538,536
17406,545,543,541,539
17407,548,546,544,542
17408,551,549,547,545
17409,554,552,550,548
17410,557,555,553,551
17411,560,558,556,554
17412,563,561,559,557
17413,566,564,562,560
17414,569,567,565,563
17415,578,570,568,566
17416,581,579,571,569
17417,584,582,580,572
17418,587,585,583,581
17419,590,588,586,584
17420,593,591,589,587
17421,596,594,592,590
17422,599,597,595,593
17423,602,600,598,596
17424,605,603,601,599
17425,608,606,604,602
17426,611,609,607,605
17427,614,612,610,608
17428,617,615,613,611
17429,620,618,616,614
17430,623,621,619,617
17431,626,624,622,620
17432,629,627,625,623
17433,632,630,628,626
17434,635,633,631,629
17435,638,636,634,632
17436,641,639,637,635
17437,644,642,640,638
17438,647,645,643,641
17439,650,648,646,644
17440,653,651,649,647
17441,656,654,652,650
17442,659,657,655,653
17443,662,660,658,656
17444,665,663,661,659
17445,674,666,664,662
17446,677,675,667,665
17447,680,678,676,668
17448,683,681,679,677
17449,686,684,682,680
17450,689,687,685,683
17451,692,690,688,686
17452,695,693,691,689
17453,698,696,694,692
17454,701,699,697,695
17455,704,702,700,698
17456,707,705,703,701
17457,710,708,706,704
17458,713,711,709,707
17459,716,714,712,710
17460,719,717,715,713
17461,722,720,718,716
17462,725,723,721,719
17463,728,726,724,722
17464,731,729,727,725
17465,734,732,730,728
17466,737,735,733,731
17467,740,738,736,734
17468,743,741,739,737
17469,746,744,742,740
17470,749,747,745,743
17471,752,750,748,746
17472,755,753,751,749
17473,758,756,754,752
17474,761,759,757,755
17475,770,762,760,758
17476,773,771,763,761
17477,776,774,772,764
17478,779,777,775,773
17479,782,780,778,776
17480,785,783,781,779
17481,788,786,784,782
17482,791,789,787,785
17483,794,792,790,788
17484,797,795,793,791
17485,800,798,796,794
17486,803,801,799,797
17487,806,804,802,800
17488,809,807,805,803
17489,812,810,808,806
17490,815,813,811,809
17491,818,816,814,812
17492,821,819,817,815
17493,824,822,820,818
17494,827,825,823,821
17495,830,828,826,824
17496,833,831,829,827
17497,836,834,832,830
17498,839,837,835,833
17499,842,840,838,836
17500,845,843,841,839
17501,848,846,844,842
17502,851,849,847,845
17503,854,852,850,848
17504,857,855,853,851
17505,866,858,856,854
17506,869,867,859,857
17507,872,870,868,860
17508,875,873,871,869
17509,878,876,874,872
17510,881,879,877,875
17511,884,882,880,878
17512,887,885,883,881
17513,890,888,886,884
17514,893,891,889,887
17515,896,894,892,890
17516,899,897,895,893
17517,902,900,898,896
17518,905,903,901,899
17519,908,906,904,902
17520,911,909,907,905
17521,914,912,910,908
17522,917,915,913,911
17523,920,918,916,914
17524,923,921,919,917
17525,926,924,922,920
17526,929,927,925,923
17527,932,930,928,926
17528,935,933,931,929
17529,938,936,934,932
17530,941,939,937,935
17531,944,942,940,938
17532,947,945,943,941
17533,950,948,946,944
17534,953,951,949,947
17535,962,954,952,950
17536,965,963,955,953
17537,968,966,964,956
17538,971,969,967,965
17539,974,972,970,968
17540,977,975,973,971
17541,980,978,976,974
17542,983,981,979,977
17543,986,984,982,980
17544,989,987,985,983
17545,992,990,988,986
17546,995,993,991,989
17547,998,996,994,992
17548,1001,999,997,995
17549,1004,1002,1000,998
17550,1007,1005,1003,1001
17551,1010,1008,1006,1004
17552,1013,1011,1009,1007
17553,1016,1014,1012,1010
17554,1019,1017,1015,1013
17555,1022,1020,1018,1016
17556,1025,1023,1021,1019
17557,1028,1026,1024,1022
17558,1031,1029,1027,1025
17559,1034,1032,1030,1028
17560,1037,1035,1033,1031
17561,1040,1038,1036,1034
17562,1043,1041,1039,1037
17563,1046,1044,1042,1040
17564,1049,1047,1045,1043
17565,1058,1050,1048,1046
17566,1061,1059,1051,1049
17567,1064,1062,1060,1052
17568,1067,1065,1063,1061
17569,1070,1068,1066,1064
17570,1073,1071,1069,1067
17571,1076,1074,1072,1070
17572,1079,1077,1075,1073
17573,1082,1080,1078,1076
17574,1085,1083,1081,1079
17575,1088,1086,1084,1082
17576,1091,1089,1087,1085
17577,1094,1092,1090,1088
17578,1097,1095,1093,1091
17579,1100,1098,1096,1094
17580,1103,1101,1099,1097
17581,1106,1104,1102,1100
17582,1109,1107,1105,1103
17583,1112,1110,1108,1106
17584,1115,1113,1111,1109
17585,1118,1116,1114,1112
17586,1121,1119,1117,1115
17587,1124,1122,1120,1118
17588,1127,1125,1123,1121
17589,1130,1128,1126,1124
17590,1133,1131,1129,1127
17591,1136,1134,1132,1130
17592,1139,1137,1135,1133
17593,1142,1140,1138,1136
17594,1145,1143,1141,1139
17595,1154,1146,1144,1142
17596,1157,1155,1147,1145
17597,1160,1158,1156,1148
17598,1163,1161,1159,1157
17599,1166,1164,1162,1160
17600,1169,1167,1165,1163
17601,1172,1170,1168,1166
17602,1175,1173,1171,1169
17603,1178,1176,1174,1172
17604,1181,1179,1177,1175
17605,1184,1182,1180,1178
17606,1187,1185,1183,1181
17607,1190,1188,1186,1184
17608,1193,1191,1189,1187
17609,1196,1194,1192,1190
17610,1199,1197,1195,1193
17611,1202,1200,1198,1196
17612,1205,1203,1201,1199
17613,1208,1206,1204,1202
17614,1211,1209,1207,1205
17615,1214,1212,1210,1208
17616,1217,1215,1213,1211
17617,1220,1218,1216,1214
17618,1223,1221,1219,1217
17619,1226,1224,1222,1220
17620,1229,1227,1225,1223
17621,1232,1230,1228,1226
17622,1235,1233,1231,1229
17623,1238,1236,1234,1232
17624,1241,1239,1237,1235
17625,1250,1242,1240,1238
17626,1253,1251,1243,1241
17627,1256,1254,1252,1244
17628,1259,1257,1255,1253
17629,1262,1260,1258,1256
17630,1265,1263,1261,1259
17631,1268,1266,1264,1262
17632,1271,1269,1267,1265
17633,1274,1272,1270,1268
17634,1277,1275,1273,1271
17635,1280,1278,1276,1274
17636,1283,1281,1279,1277
17637,1286,1284,1282,1280
17638,1289,1287,1285,1283
17639,1292,1290,1288,1286
17640,1295,1293,1291,1289
17641,1298,1296,1294,1292
17642,1301,1299,1297,1295
17643,1304,1302,1300,1298
17644,1307,1305,1303,1301
17645,1310,1308,1306,1304
17646,1313,1311,1309,1307
17647,1316,1314,1312,1310
17648,1319,1317,1315,1313
17649,1322,1320,1318,1316
17650,1325,1323,1321,1319
17651,1328,1326,1324,1322
17652,1331,1329,1327,1325
17653,1334,1332,1330,1328
17654,1337,1335,1333,1331
17655,1346,1338,1336,1334
17656,1349,1347,1339,1337
17657,1352,1350,1348,1340
17658,1355,1353,1351,1349
17659,1358,1356,1354,1352
17660,1361,1359,1357,1355
17661,1364,1362,1360,1358
17662,1367,1365,1363,1361
17663,1370,1368,1366,1364
17664,1373,1371,1369,1367
17665,1376,1374,1372,1370
17666,1379,1377,1375,1373
17667,1382,1380,1378,1376
17668,1385,1383,1381,1379
17669,1388,1386,1384,1382
17670,1391,1389,1387,1385
17671,1394,1392,1390,1388
17672,1397,1395,1393,1391
17673,1400,1398,1396,1394
17674,1403,1401,1399,1397
17675,1406,1404,1402,1400
17676,1409,1407,1405,1403
17677,1412,1410,1408,1406
17678,1415,1413,1411,1409
17679,1418,1416,1414,1412
17680,1421,1419,1417,1415
17681,1424,1422,1420,1418
17682,1427,1425,1423,1421
17683,1430,1428,1426,1424
17684,1433,1431,1429,1427
17685,1442,1434,1432,1430
17686,1445,1443,1435,1433
17687,1448,1446,1444,1436
17688,1451,1449,1447,1445
17689,1454,1452,1450,1448
17690,1457,1455,1453,1451
17691,1460,1458,1456,1454
17692,1463,1461,1459,1457
17693,1466,1464,1462,1460
17694,1469,1467,1465,1463
17695,1472,1470,1468,1466
17696,1475,1473,1471,1469
17697,1478,1476,1474,1472
17698,1481,1479,1477,1475
17699,1484,1482,1480,1478
17700,1487,1485,1483,1481
17701,1490,1488,1486,1484
17702,1493,1491,1489,1487
17703,1496,1494,1492,1490
17704,1499,1497,1495,1493
17705,1502,1500,1498,1496
17706,1505,1503,1501,1499
17707,1508,1506,1504,1502
17708,1511,1509,1507,1505
17709,1514,1512,1510,1508
17710,1517,1515,1513,1511
17711,1520,1518,1516,1514
17712,1523,1521,1519,1517
17713,1526,1524,1522,1520
17714,1529,1527,1525,1523
17715,1538,1530,1528,1526
17716,1541,1539,1531,1529
17717,1544,1542,1540,1532
17718,1547,1545,1543,1541
17719,1550,1548,1546,1544
17720,1553,1551,1549,1547
17721,1556,1554,1552,1550
17722,1559,1557,1555,1553
17723,1562,1560,1558,1556
17724,1565,1563,1561,1559
17725,1568,1566,1564,1562
17726,1571,1569,1567,1565
17727,1574,1572,1570,1568
17728,1577,1575,1573,1571
17729,1580,1578,1576,1574
17730,1583,1581,1579,1577
17731,1586,1584,1582,1580
17732,1589,1587,1585,1583
17733,1592,1590,1588,1586
17734,1595,1593,1591,1589
17735,1598,1596,1594,1592
17736,1601,1599,1597,1595
17737,1604,1602,1600,1598
17738,1607,1605,1603,1601
17739,1610,1608,1606,1604
17740,1613,1611,1609,1607
17741,1616,1614,1612,1610
17742,1619,1617,1615,1613
17743,1622,1620,1618,1616
17744,1625,1623,1621,1619
17745,1634,1626,1624,1622
17746,1637,1635,1627,1625
17747,1640,1638,1636,1628
17748,1643,1641,1639,1637
17749,1646,1644,1642,1640
17750,1649,1647,1645,1643
17751,1652,1650,1648,1646
17752,1655,1653,1651,1649
17753,1658,1656,1654,1652
17754,1661,1659,1657,1655
17755,1664,1662,1660,1658
17756,1667,1665,1663,1661
17757,1670,1668,1666,1664
17758,1673,1671,1669,1667
17759,1676,1674,1672,1670
17760,1679,1677,1675,1673
17761,1682,1680,1678,1676
17762,1685,1683,1681,1679
17763,1688,1686,1684,1682
17764,1691,1689,1687,1685
17765,1694,1692,1690,1688
17766,1697,1695,1693,1691
17767,1700,1698,1696,1694
17768,1703,1701,1699,1697
17769,1706,1704,1702,1700
17770,1709,1707,1705,1703
17771,1712,1710,1708,1706
17772,1715,1713,1711,1709
17773,1718,1716,1714,1712
17774,1721,1719,1717,1715
17775,1730,1722,1720,1718
17776,1733,1731,1723,1721
17777,1736,1734,1732,1724
17778,1739,1737,1735,1733
17779,1742,1740,1738,1736
17780,1745,1743,1741,1739
17781,1748,1746,1744,1742
17782,1751,1749,1747,1745
17783,1754,1752,1750,1748
17784,1757,1755,1753,1751
17785,1760,1758,1756,1754
17786,1763,1761,1759,1757
17787,1766,1764,1762,1760
17788,1769,1767,1765,1763
17789,1772,1770,1768,1766
17790,1775,1773,1771,1769
17791,1778,1776,1774,1772
17792,1781,1779,1777,1775
17793,1784,1782,1780,1778
17794,1787,1785,1783,1781
17795,1790,1788,1786,1784
17796,1793,1791,1789,1787
17797,1796,1794,1792,1790
17798,1799,1797,1795,1793
17799,1802,1800,1798,1796
17800,1805,1803,1801,1799
17801,1808,1806,1804,1802
17802,1811,1809,1807,1805
17803,1814,1812,1810,1808
17804,1817,1815,1813,1811
17805,1826,1818,1816,1814
17806,1829,1827,1819,1817
17807,1832,1830,1828,1820
17808,1835,1833,1831,1829
17809,1838,1836,1834,1832
17810,1841,1839,1837,1835
17811,1844,1842,1840,1838
17812,1847,1845,1843,1841
17813,1850,1848,1846,1844
17814,1853,1851,1849,1847
17815,1856,1854,1852,1850
17816,1859,1857,1855,1853
17817,1862,1860,1858,1856
17818,1865,1863,1861,1859
17819,1868,1866,1864,1862
17820,1871,1869,1867,1865
17821,1874,1872,1870,1868
17822,1877,1875,1873,1871
17823,1880,1878,1876,1874
17824,1883,1881,1879,1877
17825,1886,1884,1882,1880
17826,1889,1887,1885,1883
17827,1892,1890,1888,1886
17828,1895,1893,1891,1889
17829,1898,1896,1894,1892
17830,1901,1899,1897,1895
17831,1904,1902,1900,1898
17832,1907,1905,1903,1901
17833,1910,1908,1906,1904
17834,1913,1911,1909,1907
17835,1922,1914,1912,1910
17836,1925,1923,1915,1913
17837,1928,1926,1924,1916
17838,1931,1929,1927,1925
17839,1934,1932,1930,1928
17840,1937,1935,1933,1931
17841,1940,1938,1936,1934
17842,1943,1941,1939,1937
17843,1946,1944,1942,1940
17844,1949,1947,1945,1943
17845,1952,1950,1948,1946
17846,1955,1953,1951,1949
17847,1958,1956,1954,1952
17848,1961,1959,1957,1955
17849,1964,1962,1960,1958
17850,1967,1965,1963,1961
17851,1970,1968,1966,1964
17852,1973,1971,1969,1967
17853,1976,1974,1972,1970
17854,1979,1977,1975,1973
17855,1982,1980,1978,1976
17856,1985,1983,1981,1979
17857,1988,1986,1984,1982
17858,1991,1989,1987,1985
17859,1994,1992,1990,1988
17860,1997,1995,1993,1991
17861,2000,1998,1996,1994
17862,2003,2001,1999,1997
17863,2006,2004,2002,2000
17864,2009,2007,2005,2003
17865,2018,2010,2008,2006
17866,2021,2019,2011,2009
17867,2024,2022,2020,2012
17868,2027,2025,2023,2021
17869,2030,2028,2026,2024
17870,2033,2031,2029,2027
17871,2036,2034,2032,2030
17872,2039,2037,2035,2033
17873,2042,2040,2038,2036
17874,2045,2043,2041,2039
17875,2048,2046,2044,2042
17876,2051,2049,2047,2045
17877,2054,2052,2050,2048
17878,2057,2055,2053,2051
17879,2060,2058,2056,2054
17880,2063,2061,2059,2057
17881,2066,2064,2062,2060
17882,2069,2067,2065,2063
17883,2072,2070,2068,2066
17884,2075,2073,2071,2069
17885,2078,2076,2074,2072
17886,2081,2079,2077,2075
17887,2084,2082,2080,2078
17888,2087,2085,2083,2081
17889,2090,2088,2086,2084
17890,2093,2091,2089,2087
17891,2096,2094,2092,2090
17892,2099,2097,2095,2093
17893,2102,2100,2098,2096
17894,2105,2103,2101,2099
17895,2114,2106,2104,2102
17896,2117,2115,2107,2105
17897,2120,2118,2116,2108
17898,2123,2121,2119,2117
17899,2126,2124,2122,2120
17900,2129,2127,2125,2123
17901,2132,2130,2128,2126
17902,2135,2133,2131,2129
17903,2138,2136,2134,2132
17904,2141,2139,2137,2135
17905,2144,2142,2140,2138
17906,2147,2145,2143,2141
17907,2150,2148,2146,2144
17908,2153,2151,2149,2147
17909,2156,2154,2152,2150
17910,2159,2157,2155,2153
17911,2162,2160,2158,2156
17912,2165,2163,2161,2159
17913,2168,2166,2164,2162
17914,2171,2169,2167,2165
17915,2174,2172,2170,2168
17916,2177,2175,2173,2171
17917,2180,2178,2176,2174
17918,2183,2181,2179,2177
17919,2186,2184,2182,2180
17920,2189,2187,2185,2183
17921,2192,2190,2188,2186
17922,2195,2193,2191,2189
17923,2198,2196,2194,2192
17924,2201,2199,2197,2195
17925,2210,2202,2200,2198
17926,2213,2211,2203,2201
17927,2216,2214,2212,2204
17928,2219,2217,2215,2213
17929,2222,2220,2218,2216
17930,2225,2223,2221,2219
17931,2228,2226,2224,2222
17932,2231,2229,2227,2225
17933,2234,2232,2230,2228
17934,2237,2235,2233,2231
17935,2240,2238,2236,2234
17936,2243,2241,2239,2237
17937,2246,2244,2242,2240
17938,2249,2247,2245,2243
17939,2252,2250,2248,2246
17940,2255,2253,2251,2249
17941,2258,2256,2254,2252
17942,2261,2259,2257,2255
17943,2264,2262,2260,2258
17944,2267,2265,2263,2261
17945,2270,2268,2266,2264
17946,2273,2271,2269,2267
17947,2276,2274,2272,2270
17948,2279,2277,2275,2273
17949,2282,2280,2278,2276
17950,2285,2283,2281,2279
17951,2288,2286,2284,2282
17952,2291,2289,2287,2285
17953,2294,2292,2290,2288
17954,2297,2295,2293,2291
17955,2306,2298,2296,2294
17956,2309,2307,2299,2297
17957,2312,2310,2308,2300
17958,2315,2313,2311,2309
17959,2318,2316,2314,2312
17960,2321,2319,2317,2315
17961,2324,2322,2320,2318
17962,2327,2325,2323,2321
17963,2330,2328,2326,2324
17964,2333,2331,2329,2327
17965,2336,2334,2332,2330
17966,2339,2337,2335,2333
17967,2342,2340,2338,2336
17968,2345,2343,2341,2339
17969,2348,2346,2344,2342
17970,2351,2349,2347,2345
17971,2354,2352,2350,2348
17972,2357,2355,2353,2351
17973,2360,2358,2356,2354
17974,2363,2361,2359,2357
17975,2366,2364,2362,2360
17976,2369,2367,2365,2363
17977,2372,2370,2368,2366
17978,2375,2373,2371,2369
17979,2378,2376,2374,2372
17980,2381,2379,2377,2375
17981,2384,2382,2380,2378
17982,2387,2385,2383,2381
17983,2390,2388,2386,2384
17984,2393,2391,2389,2387
17985,2402,2394,2392,2390
17986,2405,2403,2395,2393
17987,2408,2406,2404,2396
17988,2411,2409,2407,2405
17989,2414,2412,2410,2408
17990,2417,2415,2413,2411
17991,2420,2418,2416,2414
17992,2423,2421,2419,2417
17993,2426,2424,2422,2420
17994,2429,2427,2425,2423
17995,2432,2430,2428,2426
17996,2435,2433,2431,2429
17997,2438,2436,2434,2432
17998,2441,2439,2437,2435
17999,2444,2442,2440,2438
18000,2447,2445,2443,2441
18001,2450,2448,2446,2444
18002,2453,2451,2449,2447
18003,2456,2454,2452,2450
18004,2459,2457,2455,2453
18005,2462,2460,2458,2456
18006,2465,2463,2461,2459
18007,2468,2466,2464,2462
18008,2471,2469,2467,2465
18009,2474,2472,2470,2468
18010,2477,2475,2473,2471
18011,2480,2478,2476,2474
18012,2483,2481,2479,2477
18013,2486,2484,2482,2480
18014,2489,2487,2485,2483
18015,2498,2490,2488,2486
18016,2501,2499,2491,2489
18017,2504,2502,2500,2492
18018,2507,2505,2503,2501
18019,2510,2508,2506,2504
18020,2513,2511,2509,2507
18021,2516,2514,2512,2510
18022,2519,2517,2515,2513
18023,2522,2520,2518,2516
18024,2525,2523,2521,2519
18025,2528,2526,2524,2522
18026,2531,2529,2527,2525
18027,2534,2532,2530,2528
18028,2537,2535,2533,2531
18029,2540,2538,2536,2534
18030,2543,2541,2539,2537
18031,2546,2544,2542,2540
18032,2549,2547,2545,2543
18033,2552,2550,2548,2546
18034,2555,2553,2551,2549
18035,2558,2556,2554,2552
18036,2561,2559,2557,2555
18037,2564,2562,2560,2558
18038,2567,2565,2563,2561
18039,2570,2568,2566,2564
18040,2573,2571,2569,2567
18041,2576,2574,2572,2570
18042,2579,2577,2575,2573
18043,2582,2580,2578,2576
18044,2585,2583,2581,2579
18045,2594,2586,2584,2582
18046,2597,2595,2587,2585
18047,2600,2598,2596,2588
18048,2603,2601,2599,2597
18049,2606,2604,2602,2600
18050,2609,2607,2605,2603
18051,2612,2610,2608,2606
18052,2615,2613,2611,2609
18053,2618,2616,2614,2612
18054,2621,2619,2617,2615
18055,2624,2622,2620,2618
18056,2627,2625,2623,2621
18057,2630,2628,2626,2624
18058,2633,2631,2629,2627
18059,2636,2634,2632,2630
18060,2639,2637,2635,2633
18061,2642,2640,2638,2636
18062,2645,2643,2641,2639
18063,2648,2646,2644,2642
18064,2651,2649,2647,2645
18065,2654,2652,2650,2648
18066,2657,2655,2653,2651
18067,2660,2658,2656,2654
18068,2663,2661,2659,2657
18069,2666,2664,2662,2660
18070,2669,2667,2665,2663
18071,2672,2670,2668,2666
18072,2675,2673,2671,2669
18073,2678,2676,2674,2672
18074,2681,2679,2677,2675
18075,2690,2682,2680,2678
18076,2693,2691,2683,2681
18077,2696,2694,2692,2684
18078,2699,2697,2695,2693
18079,2702,2700,2698,2696
18080,2705,2703,2701,2699
18081,2708,2706,2704,2702
18082,2711,2709,2707,2705
18083,2714,2712,2710,2708
18084,2717,2715,2713,2711
18085,2720,2718,2716,2714
18086,2723,2721,2719,2717
18087,2726,2724,2722,2720
18088,2729,2727,2725,2723
18089,2732,2730,2728,2726
18090,2735,2733,2731,2729
18091,2738,2736,2734,2732
18092,2741,2739,2737,2735
18093,2744,2742,2740,2738
18094,2747,2745,2743,2741
18095,2750,2748,2746,2744
18096,2753,2751,2749,2747
18097,2756,2754,2752,2750
18098,2759,2757,2755,2753
18099,2762,2760,2758,2756
18100,2765,2763,2761,2759
18101,2768,2766,2764,2762
18102,2771,2769,2767,2765
18103,2774,2772,2770,2768
18104,2777,2775,2773,2771
18105,2786,2778,2776,2774
18106,2789,2787,2779,2777
18107,2792,2790,2788,2780
18108,2795,2793,2791,2789
18109,2798,2796,2794,2792
18110,2801,2799,2797,2795
18111,2804,2802,2800,2798
18112,2807,2805,2803,2801
18113,2810,2808,2806,2804
18114,2813,2811,2809,2807
18115,2816,2814,2812,2810
18116,2819,2817,2815,2813
18117,2822,2820,2818,2816
18118,2825,2823,2821,2819
18119,2828,2826,2824,2822
18120,2831,2829,2827,2825
18121,2834,2832,2830,2828
18122,2837,2835,2833,2831
18123,2840,2838,2836,2834
18124,2843,2841,2839,2837
18125,2846,2844,2842,2840
18126,2849,2847,2845,2843
18127,2852,2850,2848,2846
18128,2855,2853,2851,2849
18129,2858,2856,2854,2852
18130,2861,2859,2857,2855
18131,2864,2862,2860,2858
18132,2867,2865,2863,2861
18133,2870,2868,2866,2864
18134,2873,2871,2869,2867
18135,2882,2874,2872,2870
18136,2885,2883,2875,2873
18137,2888,2886,2884,2876
18138,2891,2889,2887,2885
18139,2894,2892,2890,2888
18140,2897,2895,2893,2891
18141,2900,2898,2896,2894
18142,2903,2901,2899,2897
18143,2906,2904,2902,2900
18144,2909,2907,2905,2903
18145,2912,2910,2908,2906
18146,2915,2913,2911,2909
18147,2918,2916,2914,2912
18148,2921,2919,2917,2915
18149,2924,2922,2920,2918
18150,2927,2925,2923,2921
18151,2930,2928,2926,2924
18152,2933,2931,2929,2927
18153,2936,2934,2932,2930
18154,2939,2937,2935,2933
18155,2942,2940,2938,2936
18156,2945,2943,2941,2939
18157,2948,2946,2944,2942
18158,2951,2949,2947,2945
18159,2954,2952,2950,2948
18160,2957,2955,2953,2951
18161,2960,2958,2956,2954
18162,2963,2961,2959,2957
18163,2966,2964,2962,2960
18164,2969,2967,2965,2963
18165,2978,2970,2968,2966
18166,2981,2979,2971,2969
18167,2984,2982,2980,2972
18168,2987,2985,2983,2981
18169,2990,2988,2986,2984
18170,2993,2991,2989,2987
18171,2996,2994,2992,2990
18172,2999,2997,2995,2993
18173,3002,3000,2998,2996
18174,3005,3003,3001,2999
18175,3008,3006,3004,3002
18176,3011,3009,3007,3005
18177,3014,3012,3010,3008
18178,3017,3015,3013,3011
18179,3020,3018,3016,3014
18180,3023,3021,3019,3017
18181,3026,3024,3022,3020
18182,3029,3027,3025,3023
18183,3032,3030,3028,3026
18184,3035,3033,3031,3029
18185,3038,3036,3034,3032
18186,3041,3039,3037,3035
18187,3044,3042,3040,3038
18188,3047,3045,3043,3041
18189,3050,3048,3046,3044
18190,3053,3051,3049,3047
18191,3056,3054,3052,3050
18192,3059,3057,3055,3053
18193,3062,3060,3058,3056
18194,3065,3063,3061,3059
18195,-1,3066,3064,3062
18196,-1,-1,3067,3065
18197,-1,-1,-1,3068
18198,-1,-1,-1,-1
18199,-1,-1,-1,-1
18200,-1,-1,-1,-1
18201,-1,-1,-1,-1
18202,-1,-1,-1,-1
18203,-1,-1,-1,-1
18204,-1,-1,-1,-1
18205,198,-1,-1,-1
18206,201,199,-1,-1
18207,204,202,200,-1
18208,207,205,203,-1
18209,210,208,206,-1
18210,213,211,209,-1
18211,216,214,212,-1
18212,219,217,215,-1
18213,222,220,218,-1
18214,225,223,221,-1
18215,228,226,224,-1
18216,231,229,227,-1
18217,234,232,230,-1
18218,237,235,233,-1
18219,240,238,236,-1
18220,243,241,239,-1
18221,246,244,242,-1
18222,249,247,245,-1
18223,252,250,248,-1
18224,255,253,251,-1
18225,258,256,254,-1
18226,261,259,257,-1
18227,264,262,260,-1
18228,267,265,263,-1
18229,270,268,266,-1
18230,273,271,269,-1
18231,276,274,272,-1
18232,279,277,275,-1
18233,282,280,278,-1
18234,285,283,281,-1
18235,294,286,284,-1
18236,297,295,287,-1
18237,300,298,296,-1
18238,303,301,299,-1
18239,306,304,302,-1
18240,309,307,305,-1
18241,312,310,308,-1
18242,315,313,311,-1
18243,318,316,314,-1
18244,321,319,317,-1
18245,324,322,320,-1
18246,327,325,323,-1
18247,330,328,326,-1
18248,333,331,329,-1
18249,336,334,332,-1
18250,339,337,335,-1
18251,342,340,338,-1
18252,345,343,341,-1
18253,348,346,344,-1
18254,351,349,347,-1
18255,354,352,350,-1
18256,357,355,353,-1
18257,360,358,356,-1
18258,363,361,359,-1
18259,366,364,362,-1
18260,369,367,365,-1
18261,372,370,368,-1
18262,375,373,371,-1
18263,378,376,374,-1
18264,381,379,377,-1
18265,390,382,380,-1
18266,393,391,383,-1
18267,396,394,392,-1
18268,399,397,395,-1
18269,402,400,398,-1
18270,405,403,401,-1
18271,408,406,404,-1
18272,411,409,407,-1
18273,414,412,410,-1
18274,417,415,413,-1
18275,420,418,416,-1
18276,423,421,419,-1
18277,426,424,422,-1
18278,429,427,425,-1
18279,432,430,428,-1
18280,435,433,431,-1
18281,438,436,434,-1
18282,441,439,437,-1
18283,444,442,440,-1
18284,447,445,443,-1
18285,450,448,446,-1
18286,453,451,449,-1
18287,456,454,452,-1
18288,459,457,455,-1
18289,462,460,458,-1
18290,465,463,461,-1
18291,468,466,464,-1
18292,471,469,467,-1
18293,474,472,470,-1
18294,477,475,473,-1
18295,486,478,476,-1
18296,489,487,479,-1
18297,492,490,488,-1
18298,495,493,491,-1
18299,498,496,494,-1
18300,501,499,497,-1
18301,504,502,500,-1
18302,507,505,503,-1
18303,510,508,506,-1
18304,513,511,509,-1
18305,516,514,512,-1
18306,519,517,515,-1
18307,522,520,518,-1
18308,525,523,521,-1
18309,528,526,524,-1
18310,531,529,527,-1
18311,534,532,530,-1
18312,537,535,533,-1
18313,540,538,536,-1
18314,543,541,539,-1
18315,546,544,542,-1
18316,549,547,545,-1
18317,552,550,548,-1
18318,555,553,551,-1
18319,558,556,554,-1
18320,561,559,557,-1
18321,564,562,560,-1
18322,567,565,563,-1
18323,570,568,566,-1
18324,573,571,569,-1
18325,582,574,572,-1
18326,585,583,575,-1
18327,588,586,584,-1
18328,591,589,587,-1
18329,594,592,590,-1
18330,597,595,593,-1
18331,600,598,596,-1
18332,603,601,599,-1
18333,606,604,602,-1
18334,609,607,605,-1
18335,612,610,608,-1
18336,615,613,611,-1
18337,618,616,614,-1
18338,621,619,617,-1
18339,624,622,620,-1
18340,627,625,623,-1
18341,630,628,626,-1
18342,633,631,629,-1
18343,636,634,632,-1
18344,639,637,635,-1
18345,642,640,638,-1
18346,645,643,641,-1
18347,648,646,644,-1
18348,651,649,647,-1
18349,654,652,650,-1
18350,657,655,653,-1
18351,660,658,656,-1
18352,663,661,659,-1
18353,666,664,662,-1
18354,669,667,665,-1
18355,678,670,668,-1
18356,681,679,671,-1
18357,684,682,680,-1
18358,687,685,683,-1
18359,690,688,686,-1
18360,693,691,689,-1
18361,696,694,692,-1
18362,699,697,695,-1
18363,702,700,698,-1
18364,705,703,701,-1
18365,708,706,704,-1
18366,711,709,707,-1
18367,714,712,710,-1
18368,717,715,713,-1
18369,720,718,716,-1
18370,723,721,719,-1
18371,726,724,722,-1
18372,729,727,725,-1
18373,732,730,728,-1
18374,735,733,731,-1
18375,738,736,734,-1
18376,741,739,737,-1
18377,744,742,740,-1
18378,747,745,743,-1
18379,750,748,746,-1
18380,753,751,749,-1
18381,756,754,752,-1
18382,759,757,755,-1
18383,762,760,758,-1
18384,765,763,761,-1
18385,774,766,764,-1
18386,777,775,767,-1
18387,780,778,776,-1
18388,783,781,779,-1
18389,786,784,782,-1
18390,789,787,785,-1
18391,792,790,788,-1
18392,795,793,791,-1
18393,798,796,794,-1
18394,801,799,797,-1
18395,804,802,800,-1
18396,807,805,803,-1
18397,810,808,806,-1
18398,813,811,809,-1
18399,816,814,812,-1
18400,819,817,815,-1
18401,822,820,818,-1
18402,825,823,821,-1
18403,828,826,824,-1
18404,831,829,827,-1
18405,834,832,830,-1
18406,837,835,833,-1
18407,840,838,836,-1
18408,843,841,839,-1
18409,846,844,842,-1
18410,849,847,845,-1
18411,852,850,848,-1
18412,855,853,851,-1
18413,858,856,854,-1
18414,861,859,857,-1
18415,870,862,860,-1
18416,873,871,863,-1
18417,876,874,872,-1
18418,879,877,875,-1
18419,882,880,878,-1
18420,885,883,881,-1
18421,888,886,884,-1
18422,891,889,887,-1
18423,894,892,890,-1
18424,897,895,893,-1
18425,900,898,896,-1
18426,903,901,899,-1
18427,906,904,902,-1
18428,909,907,905,-1
18429,912,910,908,-1
18430,915,913,911,-1
18431,918,916,914,-1
18432,921,919,917,-1
18433,924,922,920,-1
18434,927,925,923,-1
18435,930,928,926,-1
18436,933,931,929,-1
18437,936,934,932,-1
18438,939,937,935,-1
18439,942,940,938,-1
18440,945,943,941,-1
18441,948,946,944,-1
18442,951,949,947,-1
18443,954,952,950,-1
18444,957,955,953,-1
18445,966,958,956,-1
18446,969,967,959,-1
18447,972,970,968,-1
18448,975,973,971,-1
18449,978,976,974,-1
18450,981,979,977,-1
18451,984,982,980,-1
18452,987,985,983,-1
18453,990,988,986,-1
18454,993,991,989,-1
18455,996,994,992,-1
18456,999,997,995,-1
18457,1002,1000,998,-1
18458,1005,1003,1001,-1
18459,1008,1006,1004,-1
18460,1011,1009,1007,-1
18461,1014,1012,1010,-1
18462,1017,1015,1013,-1
18463,1020,1018,1016,-1
18464,1023,1021,1019,-1
18465,1026,1024,1022,-1
18466,1029,1027,1025,-1
18467,1032,1030,1028,-1
18468,1035,1033,1031,-1
18469,1038,1036,1034,-1
18470,1041,1039,1037,-1
18471,1044,1042,1040,-1
18472,1047,1045,1043,-1
18473,1050,1048,1046,-1
18474,1053,1051,1049,-1
18475,1062,1054,1052,-1
18476,1065,1063,1055,-1
18477,1068,1066,1064,-1
18478,1071,1069,1067,-1
18479,1074,1072,1070,-1
18480,1077,1075,1073,-1
18481,1080,1078,1076,-1
18482,1083,1081,1079,-1
18483,1086,1084,1082,-1
18484,1089,1087,1085,-1
18485,1092,1090,1088,-1
18486,1095,1093,1091,-1
18487,1098,1096,1094,-1
18488,1101,1099,1097,-1
18489,1104,1102,1100,-1
18490,1107,1105,1103,-1
18491,1110,1108,1106,-1
18492,1113,1111,1109,-1
18493,1116,1114,1112,-1
18494,1119,1117,1115,-1
18495,1122,1120,1118,-1
18496,1125,1123,1121,-1
18497,1128,1126,1124,-1
18498,1131,1129,1127,-1
18499,1134,1132,1130,-1
18500,1137,1135,1133,-1
18501,1140,1138,1136,-1
18502,1143,1141,1139,-1
18503,1146,1144,1142,-1
18504,1149,1147,1145,-1
18505,1158,1150,1148,-1
18506,1161,1159,1151,-1
18507,1164,1162,1160,-1
18508,1167,1165,1163,-1
18509,1170,1168,1166,-1
18510,1173,1171,1169,-1
18511,1176,1174,1172,-1
18512,1179,1177,1175,-1
18513,1182,1180,1178,-1
18514,1185,1183,1181,-1
18515,1188,1186,1184,-1
18516,1191,1189,1187,-1
18517,1194,1192,1190,-1
18518,1197,1195,1193,-1
18519,1200,1198,1196,-1
18520,1203,1201,1199,-1
18521,1206,1204,1202,-1
18522,1209,1207,1205,-1
18523,1212,1210,1208,-1
18524,1215,1213,1211,-1
18525,1218,1216,1214,-1
18526,1221,1219,1217,-1
18527,1224,1222,1220,-1
18528,1227,1225,1223,-1
18529,1230,1228,1226,-1
18530,1233,1231,1229,-1
18531,1236,1234,1232,-1
18532,1239,1237,1235,-1
18533,1242,1240,1238,-1
18534,1245,1243,1241,-1
18535,1254,1246,1244,-1
18536,1257,1255,1247,-1
18537,1260,1258,1256,-1
18538,1263,1261,1259,-1
18539,1266,1264,1262,-1
18540,1269,1267,1265,-1
18541,1272,1270,1268,-1
18542,1275,1273,1271,-1
18543,1278,1276,1274,-1
18544,1281,1279,1277,-1
18545,1284,1282,1280,-1
18546,1287,1285,1283,-1
18547,1290,1288,1286,-1
18548,1293,1291,1289,-1
18549,1296,1294,1292,-1
18550,1299,1297,1295,-1
18551,1302,1300,1298,-1
18552,1305,1303,1301,-1
18553,1308,1306,1304,-1
18554,1311,1309,1307,-1
18555,1314,1312,1310,-1
18556,1317,1315,1313,-1
18557,1320,1318,1316,-1
18558,1323,1321,1319,-1
18559,1326,1324,1322,-1
18560,1329,1327,1325,-1
18561,1332,1330,1328,-1
18562,1335,1333,1331,-1
18563,1338,1336,1334,-1
18564,1341,1339,1337,-1
18565,1350,1342,1340,-1
18566,1353,1351,1343,-1
18567,1356,1354,1352,-1
18568,1359,1357,1355,-1
18569,1362,1360,1358,-1
18570,1365,1363,1361,-1
18571,1368,1366,1364,-1
18572,1371,1369,1367,-1
18573,1374,1372,1370,-1
18574,1377,1375,1373,-1
18575,1380,1378,1376,-1
18576,1383,1381,1379,-1
18577,1386,1384,1382,-1
18578,1389,1387,1385,-1
18579,1392,1390,1388,-1
18580,1395,1393,1391,-1
18581,1398,1396,1394,-1
18582,1401,1399,1397,-1
18583,1404,1402,1400,-1
18584,1407,1405,1403,-1
18585,1410,1408,1406,-1
18586,1413,1411,1409,-1
18587,1416,1414,1412,-1
18588,1419,1417,1415,-1
18589,1422,1420,1418,-1
18590,1425,1423,1421,-1
18591,1428,1426,1424,-1
18592,1431,1429,1427,-1
18593,1434,1432,1430,-1
18594,1437,1435,1433,-1
18595,1446,1438,1436,-1
18596,1449,1447,1439,-1
18597,1452,1450,1448,-1
18598,1455,1453,1451,-1
18599,1458,1456,1454,-1
18600,1461,1459,1457,-1
18601,1464,1462,1460,-1
18602,1467,1465,1463,-1
18603,1470,1468,1466,-1
18604,1473,1471,1469,-1
18605,1476,1474,1472,-1
18606,1479,1477,1475,-1
18607,1482,1480,1478,-1
18608,1485,1483,1481,-1
18609,1488,1486,1484,-1
18610,1491,1489,1487,-1
18611,1494,1492,1490,-1
18612,1497,1495,1493,-1
18613,1500,1498,1496,-1
18614,1503,1501,1499,-1
18615,1506,1504,1502,-1
18616,1509,1507,1505,-1
18617,1512,1510,1508,-1
18618,1515,1513,1511,-1
18619,1518,1516,1514,-1
18620,1521,1519,1517,-1
18621,1524,1522,1520,-1
18622,1527,1525,1523,-1
18623,1530,1528,1526,-1
18624,1533,1531,1529,-1
18625,1542,1534,1532,-1
18626,1545,1543,1535,-1
18627,1548,1546,1544,-1
18628,1551,1549,1547,-1
18629,1554,1552,1550,-1
18630,1557,1555,1553,-1
18631,1560,1558,1556,-1
18632,1563,1561,1559,-1
18633,1566,1564,1562,-1
18634,1569,1567,1565,-1
18635,1572,1570,1568,-1
18636,1575,1573,1571,-1
18637,1578,1576,1574,-1
18638,1581,1579,1577,-1
18639,1584,1582,1580,-1
18640,1587,1585,1583,-1
18641,1590,1588,1586,-1
18642,1593,1591,1589,-1
18643,1596,1594,1592,-1
18644,1599,1597,1595,-1
18645,1602,1600,1598,-1
18646,1605,1603,1601,-1
18647,1608,1606,1604,-1
18648,1611,1609,1607,-1
18649,1614,1612,1610,-1
18650,1617,1615,1613,-1
18651,1620,1618,1616,-1
18652,1623,1621,1619,-1
18653,1626,1624,1622,-1
18654,1629,1627,1625,-1
18655,1638,1630,1628,-1
18656,1641,1639,1631,-1
18657,1644,1642,1640,-1
18658,1647,1645,1643,-1
18659,1650,1648,1646,-1
18660,1653,1651,1649,-1
18661,1656,1654,1652,-1
18662,1659,1657,1655,-1
18663,1662,1660,1658,-1
18664,1665,1663,1661,-1
18665,1668,1666,1664,-1
18666,1671,1669,1667,-1
18667,1674,1672,1670,-1
18668,1677,1675,1673,-1
18669,1680,1678,1676,-1
18670,1683,1681,1679,-1
18671,1686,1684,1682,-1
18672,1689,1687,1685,-1
18673,1692,1690,1688,-1
18674,1695,1693,1691,-1
18675,1698,1696,1694,-1
18676,1701,1699,1697,-1
18677,1704,1702,1700,-1
18678,1707,1705,1703,-1
18679,1710,1708,1706,-1
18680,1713,1711,1709,-1
18681,1716,1714,1712,-1
18682,1719,1717,1715,-1
18683,1722,1720,1718,-1
18684,1725,1723,1721,-1
18685,1734,1726,1724,-1
18686,1737,1735,1727,-1
18687,1740,1738,1736,-1
18688,1743,1741,1739,-1
18689,1746,1744,1742,-1
18690,1749,1747,1745,-1
18691,1752,1750,1748,-1
18692,1755,1753,1751,-1
18693,1758,1756,1754,-1
18694,1761,1759,1757,-1
18695,1764,1762,1760,-1
18696,1767,1765,1763,-1
18697,1770,1768,1766,-1
18698,1773,1771,1769,-1
18699,1776,1774,1772,-1
18700,1779,1777,1775,-1
18701,1782,1780,1778,-1
18702,1785,1783,1781,-1
18703,1788,1786,1784,-1
18704,1791,1789,1787,-1
18705,1794,1792,1790,-1
18706,1797,1795,1793,-1
18707,1800,1798,1796,-1
18708,1803,1801,1799,-1
18709,1806,1804,1802,-1
18710,1809,1807,1805,-1
18711,1812,1810,1808,-1
18712,1815,1813,1811,-1
18713,1818,1816,1814,-1
18714,1821,1819,1817,-1
18715,1830,1822,1820,-1
18716,1833,1831,1823,-1
18717,1836,1834,1832,-1
18718,1839,1837,1835,-1
18719,1842,1840,1838,-1
18720,1845,1843,1841,-1
18721,1848,1846,1844,-1
18722,1851,1849,1847,-1
18723,1854,1852,1850,-1
18724,1857,1855,1853,-1
18725,1860,1858,1856,-1
18726,1863,1861,1859,-1
18727,1866,1864,1862,-1
18728,1869,1867,1865,-1
18729,1872,1870,1868,-1
18730,1875,1873,1871,-1
18731,1878,1876,1874,-1
18732,1881,1879,1877,-1
18733,1884,1882,1880,-1
18734,1887,1885,1883,-1
18735,1890,1888,1886,-1
18736,1893,1891,1889,-1
18737,1896,1894,1892,-1
18738,1899,1897,1895,-1
18739,1902,1900,1898,-1
18740,1905,1903,1901,-1
18741,1908,1906,1904,-1
18742,1911,1909,1907,-1
18743,1914,1912,1910,-1
18744,1917,1915,1913,-1
18745,1926,1918,1916,-1
18746,1929,1927,1919,-1
18747,1932,1930,1928,-1
18748,1935,1933,1931,-1
18749,1938,1936,1934,-1
18750,1941,1939,1937,-1
18751,1944,1942,1940,-1
18752,1947,1945,1943,-1
18753,1950,1948,1946,-1
18754,1953,1951,1949,-1
18755,1956,1954,1952,-1
18756,1959,1957,1955,-1
18757,1962,1960,1958,-1
18758,1965,1963,1961,-1
18759,1968,1966,1964,-1
18760,1971,1969,1967,-1
18761,1974,1972,1970,-1
18762,1977,1975,1973,-1
18763,1980,1978,1976,-1
18764,1983,1981,1979,-1
18765,1986,1984,1982,-1
18766,1989,1987,1985,-1
18767,1992,1990,1988,-1
18768,1995,1993,1991,-1
18769,1998,1996,1994,-1
18770,2001,1999,1997,-1
18771,2004,2002,2000,-1
18772,2007,2005,2003,-1
18773,2010,2008,2006,-1
18774,2013,2011,2009,-1
18775,2022,2014,2012,-1
18776,2025,2023,2015,-1
18777,2028,2026,2024,-1
18778,2031,2029,2027,-1
18779,2034,2032,2030,-1
18780,2037,2035,2033,-1
18781,2040,2038,2036,-1
18782,2043,2041,2039,-1
18783,2046,2044,2042,-1
18784,2049,2047,2045,-1
18785,2052,2050,2048,-1
18786,2055,2053,2051,-1
18787,2058,2056,2054,-1
18788,2061,2059,2057,-1
18789,2064,2062,2060,-1
18790,2067,2065,2063,-1
18791,2070,2068,2066,-1
18792,2073,2071,2069,-1
18793,2076,2074,2072,-1
18794,2079,2077,2075,-1
18795,2082,2080,2078,-1
18796,2085,2083,2081,-1
18797,2088,2086,2084,-1
18798,2091,2089,2087,-1
18799,2094,2092,2090,-1
18800,2097,2095,2093,-1
18801,2100,2098,2096,-1
18802,2103,2101,2099,-1
18803,2106,2104,2102,-1
18804,2109,2107,2105,-1
18805,2118,2110,2108,-1
18806,2121,2119,2111,-1
18807,2124,2122,2120,-1
18808,2127,2125,2123,-1
18809,2130,2128,2126,-1
18810,2133,2131,2129,-1
18811,2136,2134,2132,-1
18812,2139,2137,2135,-1
18813,2142,2140,2138,-1
18814,2145,2143,2141,-1
18815,2148,2146,2144,-1
18816,2151,2149,2147,-1
18817,2154,2152,2150,-1
18818,2157,2155,2153,-1
18819,2160,2158,2156,-1
18820,2163,2161,2159,-1
18821,2166,2164,2162,-1
18822,2169,2167,2165,-1
18823,2172,2170,2168,-1
18824,2175,2173,2171,-1
18825,2178,2176,2174,-1
18826,2181,2179,2177,-1
18827,2184,2182,2180,-1
18828,2187,2185,2183,-1
18829,2190,2188,2186,-1
18830,2193,2191,2189,-1
18831,2196,2194,2192,-1
18832,2199,2197,2195,-1
18833,2202,2200,2198,-1
18834,2205,2203,2201,-1
18835,2214,2206,2204,-1
18836,2217,2215,2207,-1
18837,2220,2218,2216,-1
18838,2223,2221,2219,-1
18839,2226,2224,2222,-1
18840,2229,2227,2225,-1
18841,2232,2230,2228,-1
18842,2235,2233,2231,-1
18843,2238,2236,2234,-1
18844,2241,2239,2237,-1
18845,2244,2242,2240,-1
18846,2247,2245,2243,-1
18847,2250,2248,2246,-1
18848,2253,2251,2249,-1
18849,2256,2254,2252,-1
18850,2259,2257,2255,-1
18851,2262,2260,2258,-1
18852,2265,2263,2261,-1
18853,2268,2266,2264,-1
18854,2271,2269,2267,-1
18855,2274,2272,2270,-1
18856,2277,2275,2273,-1
18857,2280,2278,2276,-1
18858,2283,2281,2279,-1
18859,2286,2284,2282,-1
18860,2289,2287,2285,-1
18861,2292,2290,2288,-1
18862,2295,2293,2291,-1
18863,2298,2296,2294,-1
18864,2301,2299,2297,-1
18865,2310,2302,2300,-1
18866,2313,2311,2303,-1
18867,2316,2314,2312,-1
18868,2319,2317,2315,-1
18869,2322,2320,2318,-1
18870,2325,2323,2321,-1
18871,2328,2326,2324,-1
18872,2331,2329,2327,-1
18873,2334,2332,2330,-1
18874,2337,2335,2333,-1
18875,2340,2338,2336,-1
18876,2343,2341,2339,-1
18877,2346,2344,2342,-1
18878,2349,2347,2345,-1
18879,2352,2350,2348,-1
18880,2355,2353,2351,-1
18881,2358,2356,2354,-1
18882,2361,2359,2357,-1
18883,2364,2362,2360,-1
18884,2367,2365,2363,-1
18885,2370,2368,2366,-1
18886,2373,2371,2369,-1
18887,2376,2374,2372,-1
18888,2379,2377,2375,-1
18889,2382,2380,2378,-1
18890,2385,2383,2381,-1
18891,2388,2386,2384,-1
18892,2391,2389,2387,-1
18893,2394,2392,2390,-1
18894,2397,2395,2393,-1
18895,2406,2398,2396,-1
18896,2409,2407,2399,-1
18897,2412,2410,2408,-1
18898,2415,2413,2411,-1
18899,2418,2416,2414,-1
18900,2421,2419,2417,-1
18901,2424,2422,2420,-1
18902,2427,2425,2423,-1
18903,2430,2428,2426,-1
18904,2433,2431,2429,-1
18905,2436,2434,2432,-1
18906,2439,2437,2435,-1
18907,2442,2440,2438,-1
18908,2445,2443,2441,-1
18909,2448,2446,2444,-1
18910,2451,2449,2447,-1
18911,2454,2452,2450,-1
18912,2457,2455,2453,-1
18913,2460,2458,2456,-1
18914,2463,2461,2459,-1
18915,2466,2464,2462,-1
18916,2469,2467,2465,-1
18917,2472,2470,2468,-1
18918,2475,2473,2471,-1
18919,2478,2476,2474,-1
18920,2481,2479,2477,-1
18921,2484,2482,2480,-1
18922,2487,2485,2483,-1
18923,2490,2488,2486,-1
18924,2493,2491,2489,-1
18925,2502,2494,2492,-1
18926,2505,2503,2495,-1
18927,2508,2506,2504,-1
18928,2511,2509,2507,-1
18929,2514,2512,2510,-1
18930,2517,2515,2513,-1
18931,2520,2518,2516,-1
18932,2523,2521,2519,-1
18933,2526,2524,2522,-1
18934,2529,2527,2525,-1
18935,2532,2530,2528,-1
18936,2535,2533,2531,-1
18937,2538,2536,2534,-1
18938,2541,2539,2537,-1
18939,2544,2542,2540,-1
18940,2547,2545,2543,-1
18941,2550,2548,2546,-1
18942,2553,2551,2549,-1
18943,2556,2554,2552,-1
18944,2559,2557,2555,-1
18945,2562,2560,2558,-1
18946,2565,2563,2561,-1
18947,2568,2566,2564,-1
18948,2571,2569,2567,-1
18949,2574,2572,2570,-1
18950,2577,2575,2573,-1
18951,2580,2578,2576,-1
18952,2583,2581,2579,-1
18953,2586,2584,2582,-1
18954,2589,2587,2585,-1
18955,2598,2590,2588,-1
18956,2601,2599,2591,-1
18957,2604,2602,2600,-1
18958,2607,2605,2603,-1
18959,2610,2608,2606,-1
18960,2613,2611,2609,-1
18961,2616,2614,2612,-1
18962,2619,2617,2615,-1
18963,2622,2620,2618,-1
18964,2625,2623,2621,-1
18965,2628,2626,2624,-1
18966,2631,2629,2627,-1
18967,2634,2632,2630,-1
18968,2637,2635,2633,-1
18969,2640,2638,2636,-1
18970,2643,2641,2639,-1
18971,2646,2644,2642,-1
18972,2649,2647,2645,-1
18973,2652,2650,2648,-1
18974,2655,2653,2651,-1
18975,2658,2656,2654,-1
18976,2661,2659,2657,-1
18977,2664,2662,2660,-1
18978,2667,2665,2663,-1
18979,2670,2668,2666,-1
18980,2673,2671,2669,-1
18981,2676,2674,2672,-1
18982,2679,2677,2675,-1
18983,2682,2680,2678,-1
18984,2685,2683,2681,-1
18985,2694,2686,2684,-1
18986,2697,2695,2687,-1
18987,2700,2698,2696,-1
18988,2703,2701,2699,-1
18989,2706,2704,2702,-1
18990,2709,2707,2705,-1
18991,2712,2710,2708,-1
18992,2715,2713,2711,-1
18993,2718,2716,2714,-1
18994,2721,2719,2717,-1
18995,2724,2722,2720,-1
18996,2727,2725,2723,-1
18997,2730,2728,2726,-1
18998,2733,2731,2729,-1
18999,2736,2734,2732,-1
19000,2739,2737,2735,-1
19001,2742,2740,2738,-1
19002,2745,2743,2741,-1
19003,2748,2746,2744,-1
19004,2751,2749,2747,-1
19005,2754,2752,2750,-1
19006,2757,2755,2753,-1
19007,2760,2758,2756,-1
19008,2763,2761,2759,-1
19009,2766,2764,2762,-1
19010,2769,2767,2765,-1
19011,2772,2770,2768,-1
19012,2775,2773,2771,-1
19013,2778,2776,2774,-1
19014,2781,2779,2777,-1
19015,2790,2782,2780,-1
19016,2793,2791,2783,-1
19017,2796,2794,2792,-1
19018,2799,2797,2795,-1
19019,2802,2800,2798,-1
19020,2805,2803,2801,-1
19021,2808,2806,2804,-1
19022,2811,2809,2807,-1
19023,2814,2812,2810,-1
19024,2817,2815,2813,-1
19025,2820,2818,2816,-1
19026,2823,2821,2819,-1
19027,2826,2824,2822,-1
19028,2829,2827,2825,-1
19029,2832,2830,2828,-1
19030,2835,2833,2831,-1
19031,2838,2836,2834,-1
19032,2841,2839,2837,-1
19033,2844,2842,2840,-1
19034,2847,2845,2843,-1
19035,2850,2848,2846,-1
19036,2853,2851,2849,-1
19037,2856,2854,2852,-1
19038,2859,2857,2855,-1
19039,2862,2860,2858,-1
19040,2865,2863,2861,-1
19041,2868,2866,2864,-1
19042,2871,2869,2867,-1
19043,2874,2872,2870,-1
19044,2877,2875,2873,-1
19045,2886,2878,2876,-1
19046,2889,2887,2879,-1
19047,2892,2890,2888,-1
19048,2895,2893,2891,-1
19049,2898,2896,2894,-1
19050,2901,2899,2897,-1
19051,2904,2902,2900,-1
19052,2907,2905,2903,-1
19053,2910,2908,2906,-1
19054,2913,2911,2909,-1
19055,2916,2914,2912,-1
19056,2919,2917,2915,-1
19057,2922,2920,2918,-1
19058,2925,2923,2921,-1
19059,2928,2926,2924,-1
19060,2931,2929,2927,-1
19061,2934,2932,2930,-1
19062,2937,2935,2933,-1
19063,2940,2938,2936,-1
19064,2943,2941,2939,-1
19065,2946,2944,2942,-1
19066,2949,2947,2945,-1
19067,2952,2950,2948,-1
19068,2955,2953,2951,-1
19069,2958,2956,2954,-1
19070,2961,2959,2957,-1
19071,2964,2962,2960,-1
19072,2967,2965,2963,-1
19073,2970,2968,2966,-1
19074,2973,2971,2969,-1
19075,2982,2974,2972,-1
19076,2985,2983,2975,-1
19077,2988,2986,2984,-1
19078,2991,2989,2987,-1
19079,2994,2992,2990,-1
19080,2997,2995,2993,-1
19081,3000,2998,2996,-1
19082,3003,3001,2999,-1
19083,3006,3004,3002,-1
19084,3009,3007,3005,-1
19085,3012,3010,3008,-1
19086,3015,3013,3011,-1
19087,3018,3016,3014,-1
19088,3021,3019,3017,-1
19089,3024,3022,3020,-1
19090,3027,3025,3023,-1
19091,3030,3028,3026,-1
19092,3033,3031,3029,-1
19093,3036,3034,3032,-1
19094,3039,3037,3035,-1
19095,3042,3040,3038,-1
19096,3045,3043,3041,-1
19097,3048,3046,3044,-1
19098,3051,3049,3047,-1
19099,3054,3052,3050,-1
19100,3057,3055,3053,-1
19101,3060,3058,3056,-1
19102,3063,3061,3059,-1
19103,3066,3064,3062,-1
19104,3069,3067,3065,-1
19105,-1,3070,3068,-1
19106,-1,-1,3071,-1
19107,-1,-1,-1,-1
19108,-1,-1,-1,-1
19109,-1,-1,-1,-1
19110,-1,-1,-1,-1
19111,-1,-1,-1,-1
19112,-1,-1,-1,-1
19113,-1,-1,-1,-1
19114,-1,-1,-1,-1
19115,0,-1,-1,-1
19116,3,1,-1,-1
19117,6,4,2,-1
19118,9,7,5,3
19119,12,10,8,6
19120,15,13,11,9
19121,18,16,14,12
19122,21,19,17,15
19123,24,22,20,18
19124,27,25,23,21
19125,30,28,26,24
19126,33,31,29,27
19127,36,34,32,30
19128,39,37,35,33
19129,42,40,38,36
19130,45,43,41,39
19131,48,46,44,42
19132,51,49,47,45
19133,54,52,50,48
19134,57,55,53,51
19135,60,58,56,54
19136,63,61,59,57
19137,66,64,62,60
19138,69,67,65,63
19139,72,70,68,66
19140,75,73,71,69
19141,78,76,74,72
19142,81,79,77,75
19143,84,82,80,78
19144,87,85,83,81
19145,96,88,86,84
19146,99,97,89,87
19147,102,100,98,90
19148,105,103,101,99
19149,108,106,104,102
19150,111,109,107,105
19151,114,112,110,108
19152,117,115,113,111
19153,120,118,116,114
19154,123,121,119,117
19155,126,124,122,120
19156,129,127,125,123
19157,132,130,128,126
19158,135,133,131,129
19159,138,136,134,132
19160,141,139,137,135
19161,144,142,140,138
19162,147,145,143,141
19163,150,148,146,144
19164,153,151,149,147
19165,156,154,152,150
19166,159,157,155,153
19167,162,160,158,156
19168,165,163,161,159
19169,168,166,164,162
19170,171,169,167,165
19171,174,172,170,168
19172,177,175,173,171
19173,180,178,176,174
19174,183,181,179,177
19175,192,184,182,180
19176,195,193,185,183
19177,198,196,194,186
19178,201,199,197,195
19179,204,202,200,198
19180,207,205,203,201
19181,210,208,206,204
19182,213,211,209,207
19183,216,214,212,210
19184,219,217,215,213
19185,222,220,218,216
19186,225,223,221,219
19187,228,226,224,222
19188,231,229,227,225
19189,234,232,230,228
19190,237,235,233,231
19191,240,238,236,234
19192,243,241,239,237
19193,246,244,242,240
19194,249,247,245,243
19195,252,250,248,246
19196,255,253,251,249
19197,258,256,254,252
19198,261,259,257,255
19199,264,262,260,258
19200,267,265,263,261
19201,270,268,266,264
19202,273,271,269,267
19203,276,274,272,270
19204,279,277,275,273
19205,288,280,278,276
19206,291,289,281,279
19207,294,292,290,282
19208,297,295,293,291
19209,300,298,296,294
19210,303,301,299,297
19211,306,304,302,300
19212,309,307,305,303
19213,312,310,308,306
19214,315,313,311,309
19215,318,316,314,312
19216,321,319,317,315
19217,324,322,320,318
19218,327,325,323,321
19219,330,328,326,324
19220,333,331,329,327
19221,336,334,332,330
19222,339,337,335,333
19223,342,340,338,336
19224,345,343,341,339
19225,348,346,344,342
19226,351,349,347,345
19227,354,352,350,348
19228,357,355,353,351
19229,360,358,356,354
19230,363,361,359,357
19231,366,364,362,360
19232,369,367,365,363
19233,372,370,368,366
19234,375,373,371,369
19235,384,376,374,372
19236,387,385,377,375
19237,390,388,386,378
19238,393,391,389,387
19239,396,394,392,390
19240,399,397,395,393
19241,402,400,398,396
19242,405,403,401,399
19243,408,406,404,402
19244,411,409,407,405
19245,414,412,410,408
19246,417,415,413,411
19247,420,418,416,414
19248,423,421,419,417
19249,426,424,422,420
19250,429,427,425,423
19251,432,430,428,426
19252,435,433,431,429
19253,438,436,434,432
19254,441,439,437,435
19255,444,442,440,438
19256,447,445,443,441
19257,450,448,446,444
19258,453,451,449,447
19259,456,454,452,450
19260,459,457,455,453
19261,462,460,458,456
19262,465,463,461,459
19263,468,466,464,462
19264,471,469,467,465
19265,480,472,470,468
19266,483,481,473,471
19267,486,484,482,474
19268,489,487,485,483
19269,492,490,488,486
19270,495,493,491,489
19271,498,496,494,492
19272,501,499,497,495
19273,504,502,500,498
19274,507,505,503,501
19275,510,508,506,504
19276,513,511,509,507
19277,516,514,512,510
19278,519,517,515,513
19279,522,520,518,516
19280,525,523,521,519
19281,528,526,524,522
19282,531,529,527,525
19283,534,532,530,528
19284,537,535,533,531
19285,540,538,536,534
19286,543,541,539,537
19287,546,544,542,540
19288,549,547,545,543
19289,552,550,548,546
19290,555,553,551,549
19291,558,556,554,552
19292,561,559,557,555
19293,564,562,560,558
19294,567,565,563,561
19295,576,568,566,564
19296,579,577,569,567
19297,582,580,578,570
19298,585,583,581,579
19299,588,586,584,582
19300,591,589,587,585
19301,594,592,590,588
19302,597,595,593,591
19303,600,598,596,594
19304,603,601,599,597
19305,606,604,602,600
19306,609,607,605,603
19307,612,610,608,606
19308,615,613,611,609
19309,618,616,614,612
19310,621,619,617,615
19311,624,622,620,618
19312,627,625,623,621
19313,630,628,626,624
19314,633,631,629,627
19315,636,634,632,630
19316,639,637,635,633
19317,642,640,638,636
19318,645,643,641,639
19319,648,646,644,642
19320,651,649,647,645
19321,654,652,650,648
19322,657,655,653,651
19323,660,658,656,654
19324,663,661,659,657
19325,672,664,662,660
19326,675,673,665,663
19327,678,676,674,666
19328,681,679,677,675
19329,684,682,680,678
19330,687,685,683,681
19331,690,688,686,684
19332,693,691,689,687
19333,696,694,692,690
19334,699,697,695,693
19335,702,700,698,696
19336,705,703,701,699
19337,708,706,704,702
19338,711,709,707,705
19339,714,712,710,708
19340,717,715,713,711
19341,720,718,716,714
19342,723,721,719,717
19343,726,724,722,720
19344,729,727,725,723
19345,732,730,728,726
19346,735,733,731,729
19347,738,736,734,732
19348,741,739,737,735
19349,744,742,740,738
19350,747,745,743,741
19351,750,748,746,744
19352,753,751,749,747
19353,756,754,752,750
19354,759,757,755,753
19355,768,760,758,756
19356,771,769,761,759
19357,774,772,770,762
19358,777,775,773,771
19359,780,778,776,774
19360,783,781,779,777
19361,786,784,782,780
19362,789,787,785,783
19363,792,790,788,786
19364,795,793,791,789
19365,798,796,794,792
19366,801,799,797,795
19367,804,802,800,798
19368,807,805,803,801
19369,810,808,806,804
19370,813,811,809,807
19371,816,814,812,810
19372,819,817,815,813
19373,822,820,818,816
19374,825,823,821,819
19375,828,826,824,822
19376,831,829,827,825
19377,834,832,830,828
19378,837,835,833,831
19379,840,838,836,834
19380,843,841,839,837
19381,846,844,842,840
19382,849,847,845,843
19383,852,850,848,846
19384,855,853,851,849
19385,864,856,854,852
19386,867,865,857,855
19387,870,868,866,858
19388,873,871,869,867
19389,876,874,872,870
19390,879,877,875,873
19391,882,880,878,876
19392,885,883,881,879
19393,888,886,884,882
19394,891,889,887,885
19395,894,892,890,888
19396,897,895,893,891
19397,900,898,896,894
19398,903,901,899,897
19399,906,904,902,900
19400,909,907,905,903
19401,912,910,908,906
19402,915,913,911,909
19403,918,916,914,912
19404,921,919,917,915
19405,924,922,920,918
19406,927,925,923,921
19407,930,928,926,924
19408,933,931,929,927
19409,936,934,932,930
19410,939,937,935,933
19411,942,940,938,936
19412,945,943,941,939
19413,948,946,944,942
19414,951,949,947,945
19415,960,952,950,948
19416,963,961,953,951
19417,966,964,962,954
19418,969,967,965,963
19419,972,970,968,966
19420,975,973,971,969
19421,978,976,974,972
19422,981,979,977,975
19423,984,982,980,978
19424,987,985,983,981
19425,990,988,986,984
19426,993,991,989,987
19427,996,994,992,990
19428,999,997,995,993
19429,1002,1000,998,996
19430,1005,1003,1001,999
19431,1008,1006,1004,1002
19432,1011,1009,1007,1005
19433,1014,1012,1010,1008
19434,1017,1015,1013,1011
19435,1020,1018,1016,1014
19436,1023,1021,1019,1017
19437,1026,1024,1022,1020
19438,1029,1027,1025,1023
19439,1032,1030,1028,1026
19440,1035,1033,1031,1029
19441,1038,1036,1034,1032
19442,1041,1039,1037,1035
19443,1044,1042,1040,1038
19444,1047,1045,1043,1041
19445,1056,1048,1046,1044
19446,1059,1057,1049,1047
19447,1062,1060,1058,1050
19448,1065,1063,1061,1059
19449,1068,1066,1064,1062
19450,1071,1069,1067,1065
19451,1074,1072,1070,1068
19452,1077,1075,1073,1071
19453,1080,1078,1076,1074
19454,1083,1081,1079,1077
19455,1086,1084,1082,1080
19456,1089,1087,1085,1083
19457,1092,1090,1088,1086
19458,1095,1093,1091,1089
19459,1098,1096,1094,1092
19460,1101,1099,1097,1095
19461,1104,1102,1100,1098
19462,1107,1105,1103,1101
19463,1110,1108,1106,1104
19464,1113,1111,1109,1107
19465,1116,1114,1112,1110
19466,1119,1117,1115,1113
19467,1122,1120,1118,1116
19468,1125,1123,1121,1119
19469,1128,1126,1124,1122
19470,1131,1129,1127,1125
19471,1134,1132,1130,1128
19472,1137,1135,1133,1131
19473,1140,1138,1136,1134
19474,1143,1141,1139,1137
19475,1152,1144,1142,1140
19476,1155,1153,1145,1143
19477,1158,1156,1154,1146
19478,1161,1159,1157,1155
19479,1164,1162,1160,1158
19480,1167,1165,1163,1161
19481,1170,1168,1166,1164
19482,1173,1171,1169,1167
19483,1176,1174,1172,1170
19484,1179,1177,1175,1173
19485,1182,1180,1178,1176
19486,1185,1183,1181,1179
19487,1188,1186,1184,1182
19488,1191,1189,1187,1185
19489,1194,1192,1190,1188
19490,1197,1195,1193,1191
19491,1200,1198,1196,1194
19492,1203,1201,1199,1197
19493,1206,1204,1202,1200
19494,1209,1207,1205,1203
19495,1212,1210,1208,1206
19496,1215,1213,1211,1209
19497,1218,1216,1214,1212
19498,1221,1219,1217,1215
19499,1224,1222,1220,1218
19500,1227,1225,1223,1221
19501,1230,1228,1226,1224
19502,1233,1231,1229,1227
19503,1236,1234,1232,1230
19504,1239,1237,1235,1233
19505,1248,1240,1238,1236
19506,1251,1249,1241,1239
19507,1254,1252,1250,1242
19508,1257,1255,1253,1251
19509,1260,1258,1256,1254
19510,1263,1261,1259,1257
19511,1266,1264,1262,1260
19512,1269,1267,1265,1263
19513,1272,1270,1268,1266
19514,1275,1273,1271,1269
19515,1278,1276,1274,1272
19516,1281,1279,1277,1275
19517,1284,1282,1280,1278
19518,1287,1285,1283,1281
19519,1290,1288,1286,1284
19520,1293,1291,1289,1287
19521,1296,1294,1292,1290
19522,1299,1297,1295,1293
19523,1302,1300,1298,1296
19524,1305,1303,1301,1299
19525,1308,1306,1304,1302
19526,1311,1309,1307,1305
19527,1314,1312,1310,1308
19528,1317,1315,1313,1311
19529,1320,1318,1316,1314
19530,1323,1321,1319,1317
19531,1326,1324,1322,1320
19532,1329,1327,1325,1323
19533,1332,1330,1328,1326
19534,1335,1333,1331,1329
19535,1344,1336,1334,1332
19536,1347,1345,1337,1335
19537,1350,1348,1346,1338
19538,1353,1351,1349,1347
19539,1356,1354,1352,1350
19540,1359,1357,1355,1353
19541,1362,1360,1358,1356
19542,1365,1363,1361,1359
19543,1368,1366,1364,1362
19544,1371,1369,1367,1365
19545,1374,1372,1370,1368
19546,1377,1375,1373,1371
19547,1380,1378,1376,1374
19548,1383,1381,1379,1377
19549,1386,1384,1382,1380
19550,1389,1387,1385,1383
19551,1392,1390,1388,1386
19552,1395,1393,1391,1389
19553,1398,1396,1394,1392
19554,1401,1399,1397,1395
19555,1404,1402,1400,1398
19556,1407,1405,1403,1401
19557,1410,1408,1406,1404
19558,1413,1411,1409,1407
19559,1416,1414,1412,1410
19560,1419,1417,1415,1413
19561,1422,1420,1418,1416
19562,1425,1423,1421,1419
19563,1428,1426,1424,1422
19564,1431,1429,1427,1425
19565,1440,1432,1430,1428
19566,1443,1441,1433,1431
19567,1446,1444,1442,1434
19568,1449,1447,1445,1443
19569,1452,1450,1448,1446
19570,1455,1453,1451,1449
19571,1458,1456,1454,1452
19572,1461,1459,1457,1455
19573,1464,1462,1460,1458
19574,1467,1465,1463,1461
19575,1470,1468,1466,1464
19576,1473,1471,1469,1467
19577,1476,1474,1472,1470
19578,1479,1477,1475,1473
19579,1482,1480,1478,1476
19580,1485,1483,1481,1479
19581,1488,1486,1484,1482
19582,1491,1489,1487,1485
19583,1494,1492,1490,1488
19584,1497,1495,1493,1491
19585,1500,1498,1496,1494
19586,1503,1501,1499,1497
19587,1506,1504,1502,1500
19588,1509,1507,1505,1503
19589,1512,1510,1508,1506
19590,1515,1513,1511,1509
19591,1518,1516,1514,1512
19592,1521,1519,1517,1515
19593,1524,1522,1520,1518
19594,1527,1525,1523,1521
19595,1536,1528,1526,1524
19596,1539,1537,1529,1527
19597,1542,1540,1538,1530
19598,1545,1543,1541,1539
19599,1548,1546,1544,1542
19600,1551,1549,1547,1545
19601,1554,1552,1550,1548
19602,1557,1555,1553,1551
19603,1560,1558,1556,1554
19604,1563,1561,1559,1557
19605,1566,1564,1562,1560
19606,1569,1567,1565,1563
19607,1572,1570,1568,1566
19608,1575,1573,1571,1569
19609,1578,1576,1574,1572
19610,1581,1579,1577,1575
19611,1584,1582,1580,1578
19612,1587,1585,1583,1581
19613,1590,1588,1586,1584
19614,1593,1591,1589,1587
19615,1596,1594,1592,1590
19616,1599,1597,1595,1593
19617,1602,1600,1598,1596
19618,1605,1603,1601,1599
19619,1608,1606,1604,1602
19620,1611,1609,1607,1605
19621,1614,1612,1610,1608
19622,1617,1615,1613,1611
19623,1620,1618,1616,1614
19624,1623,1621,1619,1617
19625,1632,1624,1622,1620
19626,1635,1633,1625,1623
19627,1638,1636,1634,1626
19628,1641,1639,1637,1635
19629,1644,1642,1640,1638
19630,1647,1645,1643,1641
19631,1650,1648,1646,1644
19632,1653,1651,1649,1647
19633,1656,1654,1652,1650
19634,1659,1657,1655,1653
19635,1662,1660,1658,1656
19636,1665,1663,1661,1659
19637,1668,1666,1664,1662
19638,1671,1669,1667,1665
19639,1674,1672,1670,1668
19640,1677,1675,1673,1671
19641,1680,1678,1676,1674
19642,1683,1681,1679,1677
19643,1686,1684,1682,1680
19644,1689,1687,1685,1683
19645,1692,1690,1688,1686
19646,1695,1693,1691,1689
19647,1698,1696,1694,1692
19648,1701,1699,1697,1695
19649,1704,1702,1700,1698
19650,1707,1705,1703,1701
19651,1710,1708,1706,1704
19652,1713,1711,1709,1707
19653,1716,1714,1712,1710
19654,1719,1717,1715,1713
19655,1728,1720,1718,1716
19656,1731,1729,1721,1719
19657,1734,1732,1730,1722
19658,1737,1735,1733,1731
19659,1740,1738,1736,1734
19660,1743,1741,1739,1737
19661,1746,1744,1742,1740
19662,1749,1747,1745,1743
19663,1752,1750,1748,1746
19664,1755,1753,1751,1749
19665,1758,1756,1754,1752
19666,1761,1759,1757,1755
19667,1764,1762,1760,1758
19668,1767,1765,1763,1761
19669,1770,1768,1766,1764
19670,1773,1771,1769,1767
19671,1776,1774,1772,1770
19672,1779,1777,1775,1773
19673,1782,1780,1778,1776
19674,1785,1783,1781,1779
19675,1788,1786,1784,1782
19676,1791,1789,1787,1785
19677,1794,1792,1790,1788
19678,1797,1795,1793,1791
19679,1800,1798,1796,1794
19680,1803,1801,1799,1797
19681,1806,1804,1802,1800
19682,1809,1807,1805,1803
19683,1812,1810,1808,1806
19684,1815,1813,1811,1809
19685,1824,1816,1814,1812
19686,1827,1825,1817,1815
19687,1830,1828,1826,1818
19688,1833,1831,1829,1827
19689,1836,1834,1832,1830
19690,1839,1837,1835,1833
19691,1842,1840,1838,1836
19692,1845,1843,1841,1839
19693,1848,1846,1844,1842
19694,1851,1849,1847,1845
19695,1854,1852,1850,1848
19696,1857,1855,1853,1851
19697,1860,1858,1856,1854
19698,1863,1861,1859,1857
19699,1866,1864,1862,1860
19700,1869,1867,1865,1863
19701,1872,1870,1868,1866
19702,1875,1873,1871,1869
19703,1878,1876,1874,1872
19704,1881,1879,1877,1875
19705,1884,1882,1880,1878
19706,1887,1885,1883,1881
19707,1890,1888,1886,1884
19708,1893,1891,1889,1887
19709,1896,1894,1892,1890
19710,1899,1897,1895,1893
19711,1902,1900,1898,1896
19712,1905,1903,1901,1899
19713,1908,1906,1904,1902
19714,1911,1909,1907,1905
19715,1920,1912,1910,1908
19716,1923,1921,1913,1911
19717,1926,1924,1922,1914
19718,1929,1927,1925,1923
19719,1932,1930,1928,1926
19720,1935,1933,1931,1929
19721,1938,1936,1934,1932
19722,1941,1939,1937,1935
19723,1944,1942,1940,1938
19724,1947,1945,1943,1941
19725,1950,1948,1946,1944
19726,1953,1951,1949,1947
19727,1956,1954,1952,1950
19728,1959,1957,1955,1953
19729,1962,1960,1958,1956
19730,1965,1963,1961,1959
19731,1968,1966,1964,1962
19732,1971,1969,1967,1965
19733,1974,1972,1970,1968
19734,1977,1975,1973,1971
19735,1980,1978,1976,1974
19736,1983,1981,1979,1977
19737,1986,1984,1982,1980
19738,1989,1987,1985,1983
19739,1992,1990,1988,1986
19740,1995,1993,1991,1989
19741,1998,1996,1994,1992
19742,2001,1999,1997,1995
19743,2004,2002,2000,1998
19744,2007,2005,2003,2001
19745,2016,2008,2006,2004
19746,2019,2017,2009,2007
19747,2022,2020,2018,2010
19748,2025,2023,2021,2019
19749,2028,2026,2024,2022
19750,2031,2029,2027,2025
19751,2034,2032,2030,2028
19752,2037,2035,2033,2031
19753,2040,2038,2036,2034
19754,2043,2041,2039,2037
19755,2046,2044,2042,2040
19756,2049,2047,2045,2043
19757,2052,2050,2048,2046
19758,2055,2053,2051,2049
19759,2058,2056,2054,2052
19760,2061,2059,2057,2055
19761,2064,2062,2060,2058
19762,2067,2065,2063,2061
19763,2070,2068,2066,2064
19764,2073,2071,2069,2067
19765,2076,2074,2072,2070
19766,2079,2077,2075,2073
19767,2082,2080,2078,2076
19768,2085,2083,2081,2079
19769,2088,2086,2084,2082
19770,2091,2089,2087,2085
19771,2094,2092,2090,2088
19772,2097,2095,2093,2091
19773,2100,2098,2096,2094
19774,2103,2101,2099,2097
19775,2112,2104,2102,2100
19776,2115,2113,2105,2103
19777,2118,2116,2114,2106
19778,2121,2119,2117,2115
19779,2124,2122,2120,2118
19780,2127,2125,2123,2121
19781,2130,2128,2126,2124
19782,2133,2131,2129,2127
19783,2136,2134,2132,2130
19784,2139,2137,2135,2133
19785,2142,2140,2138,2136
19786,2145,2143,2141,2139
19787,2148,2146,2144,2142
19788,2151,2149,2147,2145
19789,2154,2152,2150,2148
19790,2157,2155,2153,2151
19791,2160,2158,2156,2154
19792,2163,2161,2159,2157
19793,2166,2164,2162,2160
19794,2169,2167,2165,2163
19795,2172,2170,2168,2166
19796,2175,2173,2171,2169
19797,2178,2176,2174,2172
19798,2181,2179,2177,2175
19799,2184,2182,2180,2178
19800,2187,2185,2183,2181
19801,2190,2188,2186,2184
19802,2193,2191,2189,2187
19803,2196,2194,2192,2190
19804,2199,2197,2195,2193
19805,2208,2200,2198,2196
19806,2211,2209,2201,2199
19807,2214,2212,2210,2202
19808,2217,2215,2213,2211
19809,2220,2218,2216,2214
19810,2223,2221,2219,2217
19811,2226,2224,2222,2220
19812,2229,2227,2225,2223
19813,2232,2230,2228,2226
19814,2235,2233,2231,2229
19815,2238,2236,2234,2232
19816,2241,2239,2237,2235
19817,2244,2242,2240,2238
19818,2247,2245,2243,2241
19819,2250,2248,2246,2244
19820,2253,2251,2249,2247
19821,2256,2254,2252,2250
19822,2259,2257,2255,2253
19823,2262,2260,2258,2256
19824,2265,2263,2261,2259
19825,2268,2266,2264,2262
19826,2271,2269,2267,2265
19827,2274,2272,2270,2268
19828,2277,2275,2273,2271
19829,2280,2278,2276,2274
19830,2283,2281,2279,2277
19831,2286,2284,2282,2280
19832,2289,2287,2285,2283
19833,2292,2290,2288,2286
19834,2295,2293,2291,2289
19835,2304,2296,2294,2292
19836,2307,2305,2297,2295
19837,2310,2308,2306,2298
19838,2313,2311,2309,2307
19839,2316,2314,2312,2310
19840,2319,2317,2315,2313
19841,2322,2320,2318,2316
19842,2325,2323,2321,2319
19843,2328,2326,2324,2322
19844,2331,2329,2327,2325
19845,2334,2332,2330,2328
19846,2337,2335,2333,2331
19847,2340,2338,2336,2334
19848,2343,2341,2339,2337
19849,2346,2344,2342,2340
19850,2349,2347,2345,2343
19851,2352,2350,2348,2346
19852,2355,2353,2351,2349
19853,2358,2356,2354,2352
19854,2361,2359,2357,2355
19855,2364,2362,2360,2358
19856,2367,2365,2363,2361
19857,2370,2368,2366,2364
19858,2373,2371,2369,2367
19859,2376,2374,2372,2370
19860,2379,2377,2375,2373
19861,2382,2380,2378,2376
19862,2385,2383,2381,2379
19863,2388,2386,2384,2382
19864,2391,2389,2387,2385
19865,2400,2392,2390,2388
19866,2403,2401,2393,2391
19867,2406,2404,2402,2394
19868,2409,2407,2405,2403
19869,2412,2410,2408,2406
19870,2415,2413,2411,2409
19871,2418,2416,2414,2412
19872,2421,2419,2417,2415
19873,2424,2422,2420,2418
19874,2427,2425,2423,2421
19875,2430,2428,2426,2424
19876,2433,2431,2429,2427
19877,2436,2434,2432,2430
19878,2439,2437,2435,2433
19879,2442,2440,2438,2436
19880,2445,2443,2441,2439
19881,2448,2446,2444,2442
19882,2451,2449,2447,2445
19883,2454,2452,2450,2448
19884,2457,2455,2453,2451
19885,2460,2458,2456,2454
19886,2463,2461,2459,2457
19887,2466,2464,2462,2460
19888,2469,2467,2465,2463
19889,2472,2470,2468,2466
19890,2475,2473,2471,2469
19891,2478,2476,2474,2472
19892,2481,2479,2477,2475
19893,2484,2482,2480,2478
19894,2487,2485,2483,2481
19895,2496,2488,2486,2484
19896,2499,2497,2489,2487
19897,2502,2500,2498,2490
19898,2505,2503,2501,2499
19899,2508,2506,2504,2502
19900,2511,2509,2507,2505
19901,2514,2512,2510,2508
19902,2517,2515,2513,2511
19903,2520,2518,2516,2514
19904,2523,2521,2519,2517
19905,2526,2524,2522,2520
19906,2529,2527,2525,2523
19907,2532,2530,2528,2526
19908,2535,2533,2531,2529
19909,2538,2536,2534,2532
19910,2541,2539,2537,2535
19911,2544,2542,2540,2538
19912,2547,2545,2543,2541
19913,2550,2548,2546,2544
19914,2553,2551,2549,2547
19915,2556,2554,2552,2550
19916,2559,2557,2555,2553
19917,2562,2560,2558,2556
19918,2565,2563,2561,2559
19919,2568,2566,2564,2562
19920,2571,2569,2567,2565
19921,2574,2572,2570,2568
19922,2577,2575,2573,2571
19923,2580,2578,2576,2574
19924,2583,2581,2579,2577
19925,2592,2584,2582,2580
19926,2595,2593,2585,2583
19927,2598,2596,2594,2586
19928,2601,2599,2597,2595
19929,2604,2602,2600,2598
19930,2607,2605,2603,2601
19931,2610,2608,2606,2604
19932,2613,2611,2609,2607
19933,2616,2614,2612,2610
19934,2619,2617,2615,2613
19935,2622,2620,2618,2616
19936,2625,2623,2621,2619
19937,2628,2626,2624,2622
19938,2631,2629,2627,2625
19939,2634,2632,2630,2628
19940,2637,2635,2633,2631
19941,2640,2638,2636,2634
19942,2643,2641,2639,2637
19943,2646,2644,2642,2640
19944,2649,2647,2645,2643
19945,2652,2650,2648,2646
19946,2655,2653,2651,2649
19947,2658,2656,2654,2652
19948,2661,2659,2657,2655
19949,2664,2662,2660,2658
19950,2667,2665,2663,2661
19951,2670,2668,2666,2664
19952,2673,2671,2669,2667
19953,2676,2674,2672,2670
19954,2679,2677,2675,2673
19955,2688,2680,2678,2676
19956,2691,2689,2681,2679
19957,2694,2692,2690,2682
19958,2697,2695,2693,2691
19959,2700,2698,2696,2694
19960,2703,2701,2699,2697
19961,2706,2704,2702,2700
19962,2709,2707,2705,2703
19963,2712,2710,2708,2706
19964,2715,2713,2711,2709
19965,2718,2716,2714,2712
19966,2721,2719,2717,2715
19967,2724,2722,2720,2718
19968,2727,2725,2723,2721
19969,2730,2728,2726,2724
19970,2733,2731,2729,2727
19971,2736,2734,2732,2730
19972,2739,2737,2735,2733
19973,2742,2740,2738,2736
19974,2745,2743,2741,2739
19975,2748,2746,2744,2742
19976,2751,2749,2747,2745
19977,2754,2752,2750,2748
19978,2757,2755,2753,2751
19979,2760,2758,2756,2754
19980,2763,2761,2759,2757
19981,2766,2764,2762,2760
19982,2769,2767,2765,2763
19983,2772,2770,2768,2766
19984,2775,2773,2771,2769
19985,2784,2776,2774,2772
19986,2787,2785,2777,2775
19987,2790,2788,2786,2778
19988,2793,2791,2789,2787
19989,2796,2794,2792,2790
19990,2799,2797,2795,2793
19991,2802,2800,2798,2796
19992,2805,2803,2801,2799
19993,2808,2806,2804,2802
19994,2811,2809,2807,2805
19995,2814,2812,2810,2808
19996,2817,2815,2813,2811
19997,2820,2818,2816,2814
19998,2823,2821,2819,2817
19999,2826,2824,2822,2820
20000,2829,2827,2825,2823
20001,2832,2830,2828,2826
20002,2835,2833,2831,2829
20003,2838,2836,2834,2832
20004,2841,2839,2837,2835
20005,2844,2842,2840,2838
20006,2847,2845,2843,2841
20007,2850,2848,2846,2844
20008,2853,2851,2849,2847
20009,2856,2854,2852,2850
20010,2859,2857,2855,2853
20011,2862,2860,2858,2856
20012,2865,2863,2861,2859
20013,2868,2866,2864,2862
20014,2871,2869,2867,2865
20015,-1,2872,2870,2868
20016,-1,-1,2873,2871
20017,-1,-1,-1,2874
20018,-1,-1,-1,-1
20019,-1,-1,-1,-1
20020,-1,-1,-1,-1
20021,-1,-1,-1,-1
20022,-1,-1,-1,-1
20023,-1,-1,-1,-1
20024,-1,-1,-1,-1
20025,4,-1,-1,-1
20026,7,5,-1,-1
20027,10,8,6,-1
20028,13,11,9,7
20029,16,14,12,10
20030,19,17,15,13
20031,22,20,18,16
20032,25,23,21,19
20033,28,26,24,22
20034,31,29,27,25
20035,34,32,30,28
20036,37,35,33,31
20037,40,38,36,34
20038,43,41,39,37
20039,46,44,42,40
20040,49,47,45,43
20041,52,50,48,46
20042,55,53,51,49
20043,58,56,54,52
20044,61,59,57,55
20045,64,62,60,58
20046,67,65,63,61
20047,70,68,66,64
20048,73,71,69,67
20049,76,74,72,70
20050,79,77,75,73
20051,82,80,78,76
20052,85,83,81,79
20053,88,86,84,82
20054,91,89,87,85
20055,100,92,90,88
20056,103,101,93,91
20057,106,104,102,94
20058,109,107,105,103
20059,112,110,108,106
20060,115,113,111,109
20061,118,116,114,112
20062,121,119,117,115
20063,124,122,120,118
20064,127,125,123,121
20065,130,128,126,124
20066,133,131,129,127
20067,136,134,132,130
20068,139,137,135,133
20069,142,140,138,136
20070,145,143,141,139
20071,148,146,144,142
20072,151,149,147,145
20073,154,152,150,148
20074,157,155,153,151
20075,160,158,156,154
20076,163,161,159,157
20077,166,164,162,160
20078,169,167,165,163
20079,172,170,168,166
20080,175,173,171,169
20081,178,176,174,172
20082,181,179,177,175
20083,184,182,180,178
20084,187,185,183,181
20085,196,188,186,184
20086,199,197,189,187
20087,202,200,198,190
20088,205,203,201,199
20089,208,206,204,202
20090,211,209,207,205
20091,214,212,210,208
20092,217,215,213,211
20093,220,218,216,214
20094,223,221,219,217
20095,226,224,222,220
20096,229,227,225,223
20097,232,230,228,226
20098,235,233,231,229
20099,238,236,234,232
20100,241,239,237,235
20101,244,242,240,238
20102,247,245,243,241
20103,250,248,246,244
20104,253,251,249,247
20105,256,254,252,250
20106,259,257,255,253
20107,262,260,258,256
20108,265,263,261,259
20109,268,266,264,262
20110,271,269,267,265
20111,274,272,270,268
20112,277,275,273,271
20113,280,278,276,274
20114,283,281,279,277
20115,292,284,282,280
20116,295,293,285,283
20117,298,296,294,286
20118,301,299,297,295
20119,304,302,300,298
20120,307,305,303,301
20121,310,308,306,304
20122,313,311,309,307
20123,316,314,312,310
20124,319,317,315,313
20125,322,320,318,316
20126,325,323,321,319
20127,328,326,324,322
20128,331,329,327,325
20129,334,332,330,328
20130,337,335,333,331
20131,340,338,336,334
20132,343,341,339,337
20133,346,344,342,340
20134,349,347,345,343
20135,352,350,348,346
20136,355,353,351,349
20137,358,356,354,352
20138,361,359,357,355
20139,364,362,360,358
20140,367,365,363,361
20141,370,368,366,364
20142,373,371,369,367
20143,376,374,372,370
20144,379,377,375,373
20145,388,380,378,376
20146,391,389,381,379
20147,394,392,390,382
20148,397,395,393,391
20149,400,398,396,394
20150,403,401,399,397
20151,406,404,402,400
20152,409,407,405,403
20153,412,410,408,406
20154,415,413,411,409
20155,418,416,414,412
20156,421,419,417,415
20157,424,422,420,418
20158,427,425,423,421
20159,430,428,426,424
20160,433,431,429,427
20161,436,434,432,430
20162,439,437,435,433
20163,442,440,438,436
20164,445,443,441,439
20165,448,446,444,442
20166,451,449,447,445
20167,454,452,450,448
20168,457,455,453,451
20169,460,458,456,454
20170,463,461,459,457
20171,466,464,462,460
20172,469,467,465,463
20173,472,470,468,466
20174,475,473,471,469
20175,484,476,474,472
20176,487,485,477,475
20177,490,488,486,478
20178,493,491,489,487
20179,496,494,492,490
20180,499,497,495,493
20181,502,500,498,496
20182,505,503,501,499
20183,508,506,504,502
20184,511,509,507,505
20185,514,512,510,508
20186,517,515,513,511
20187,520,518,516,514
20188,523,521,519,517
20189,526,524,522,520
20190,529,527,525,523
20191,532,530,528,526
20192,535,533,531,529
20193,538,536,534,532
20194,541,539,537,535
20195,544,542,540,538
20196,547,545,543,541
20197,550,548,546,544
20198,553,551,549,547
20199,556,554,552,550
20200,559,557,555,553
20201,562,560,558,556
20202,565,563,561,559
20203,568,566,564,562
20204,571,569,567,565
20205,580,572,570,568
20206,583,581,573,571
20207,586,584,582,574
20208,589,587,585,583
20209,592,590,588,586
20210,595,593,591,589
20211,598,596,594,592
20212,601,599,597,595
20213,604,602,600,598
20214,607,605,603,601
20215,610,608,606,604
20216,613,611,609,607
20217,616,614,612,610
20218,619,617,615,613
20219,622,620,618,616
20220,625,623,621,619
20221,628,626,624,622
20222,631,629,627,625
20223,634,632,630,628
20224,637,635,633,631
20225,640,638,636,634
20226,643,641,639,637
20227,646,644,642,640
20228,649,647,645,643
20229,652,650,648,646
20230,655,653,651,649
20231,658,656,654,652
20232,661,659,657,655
20233,664,662,660,658
20234,667,665,663,661
20235,676,668,666,664
20236,679,677,669,667
20237,682,680,678,670
20238,685,683,681,679
20239,688,686,684,682
20240,691,689,687,685
20241,694,692,690,688
20242,697,695,693,691
20243,700,698,696,694
20244,703,701,699,697
20245,706,704,702,700
20246,709,707,705,703
20247,712,710,708,706
20248,715,713,711,709
20249,718,716,714,712
20250,721,719,717,715
20251,724,722,720,718
20252,727,725,723,721
20253,730,728,726,724
20254,733,731,729,727
20255,736,734,732,730
20256,739,737,735,733
20257,742,740,738,736
20258,745,743,741,739
20259,748,746,744,742
20260,751,749,747,745
20261,754,752,750,748
20262,757,755,753,751
20263,760,758,756,754
20264,763,761,759,757
20265,772,764,762,760
20266,775,773,765,763
20267,778,776,774,766
20268,781,779,777,775
20269,784,782,780,778
20270,787,785,783,781
20271,790,788,786,784
20272,793,791,789,787
20273,796,794,792,790
20274,799,797,795,793
20275,802,800,798,796
20276,805,803,801,799
20277,808,806,804,802
20278,811,809,807,805
20279,814,812,810,808
20280,817,815,813,811
20281,820,818,816,814
20282,823,821,819,817
20283,826,824,822,820
20284,829,827,825,823
20285,832,830,828,826
20286,835,833,831,829
20287,838,836,834,832
20288,841,839,837,835
20289,844,842,840,838
20290,847,845,843,841
20291,850,848,846,844
20292,853,851,849,847
20293,856,854,852,850
20294,859,857,855,853
20295,868,860,858,856
20296,871,869,861,859
20297,874,872,870,862
20298,877,875,873,871
20299,880,878,876,874
20300,883,881,879,877
20301,886,884,882,880
20302,889,887,885,883
20303,892,890,888,886
20304,895,893,891,889
20305,898,896,894,892
20306,901,899,897,895
20307,904,902,900,898
20308,907,905,903,901
20309,910,908,906,904
20310,913,911,909,907
20311,916,914,912,910
20312,919,917,915,913
20313,922,920,918,916
20314,925,923,921,919
20315,928,926,924,922
20316,931,929,927,925
20317,934,932,930,928
20318,937,935,933,931
20319,940,938,936,934
20320,943,941,939,937
20321,946,944,942,940
20322,949,947,945,943
20323,952,950,948,946
20324,955,953,951,949
20325,964,956,954,952
20326,967,965,957,955
20327,970,968,966,958
20328,973,971,969,967
20329,976,974,972,970
20330,979,977,975,973
20331,982,980,978,976
20332,985,983,981,979
20333,988,986,984,982
20334,991,989,987,985
20335,994,992,990,988
20336,997,995,993,991
20337,1000,998,996,994
20338,1003,1001,999,997
20339,1006,1004,1002,1000
20340,1009,1007,1005,1003
20341,1012,1010,1008,1006
20342,1015,1013,1011,1009
20343,1018,1016,1014,1012
20344,1021,1019,1017,1015
20345,1024,1022,1020,1018
20346,1027,1025,1023,1021
20347,1030,1028,1026,1024
20348,1033,1031,1029,1027
20349,1036,1034,1032,1030
20350,1039,1037,1035,1033
20351,1042,1040,1038,1036
20352,1045,1043,1041,1039
20353,1048,1046,1044,1042
20354,1051,1049,1047,1045
20355,1060,1052,1050,1048
20356,1063,1061,1053,1051
20357,1066,1064,1062,1054
20358,1069,1067,1065,1063
20359,1072,1070,1068,1066
20360,1075,1073,1071,1069
20361,1078,1076,1074,1072
20362,1081,1079,1077,1075
20363,1084,1082,1080,1078
20364,1087,1085,1083,1081
20365,1090,1088,1086,1084
20366,1093,1091,1089,1087
20367,1096,1094,1092,1090
20368,1099,1097,1095,1093
20369,1102,1100,1098,1096
20370,1105,1103,1101,1099
20371,1108,1106,1104,1102
20372,1111,1109,1107,1105
20373,1114,1112,1110,1108
20374,1117,1115,1113,1111
20375,1120,1118,1116,1114
20376,1123,1121,1119,1117
20377,1126,1124,1122,1120
20378,1129,1127,1125,1123
20379,1132,1130,1128,1126
20380,1135,1133,1131,1129
20381,1138,1136,1134,1132
20382,1141,1139,1137,1135
20383,1144,1142,1140,1138
20384,1147,1145,1143,1141
20385,1156,1148,1146,1144
20386,1159,1157,1149,1147
20387,1162,1160,1158,1150
20388,1165,1163,1161,1159
20389,1168,1166,1164,1162
20390,1171,1169,1167,1165
20391,1174,1172,1170,1168
20392,1177,1175,1173,1171
20393,1180,1178,1176,1174
20394,1183,1181,1179,1177
20395,1186,1184,1182,1180
20396,1189,1187,1185,1183
20397,1192,1190,1188,1186
20398,1195,1193,1191,1189
20399,1198,1196,1194,1192
20400,1201,1199,1197,1195
20401,1204,1202,1200,1198
20402,1207,1205,1203,1201
20403,1210,1208,1206,1204
20404,1213,1211,1209,1207
20405,1216,1214,1212,1210
20406,1219,1217,1215,1213
20407,1222,1220,1218,1216
20408,1225,1223,1221,1219
20409,1228,1226,1224,1222
20410,1231,1229,1227,1225
20411,1234,1232,1230,1228
20412,1237,1235,1233,1231
20413,1240,1238,1236,1234
20414,1243,1241,1239,1237
20415,1252,1244,1242,1240
20416,1255,1253,1245,1243
20417,1258,1256,1254,1246
20418,1261,1259,1257,1255
20419,1264,1262,1260,1258
20420,1267,1265,1263,1261
20421,1270,1268,1266,1264
20422,1273,1271,1269,1267
20423,1276,1274,1272,1270
20424,1279,1277,1275,1273
20425,1282,1280,1278,1276
20426,1285,1283,1281,1279
20427,1288,1286,1284,1282
20428,1291,1289,1287,1285
20429,1294,1292,1290,1288
20430,1297,1295,1293,1291
20431,1300,1298,1296,1294
20432,1303,1301,1299,1297
20433,1306,1304,1302,1300
20434,1309,1307,1305,1303
20435,1312,1310,1308,1306
20436,1315,1313,1311,1309
20437,1318,1316,1314,1312
20438,1321,1319,1317,1315
20439,1324,1322,1320,1318
20440,1327,1325,1323,1321
20441,1330,1328,1326,1324
20442,1333,1331,1329,1327
20443,1336,1334,1332,1330
20444,1339,1337,1335,1333
20445,1348,1340,1338,1336
20446,1351,1349,1341,1339
20447,1354,1352,1350,1342
20448,1357,1355,1353,1351
20449,1360,1358,1356,1354
20450,1363,1361,1359,1357
20451,1366,1364,1362,1360
20452,1369,1367,1365,1363
20453,1372,1370,1368,1366
20454,1375,1373,1371,1369
20455,1378,1376,1374,1372
20456,1381,1379,1377,1375
20457,1384,1382,1380,1378
20458,1387,1385,1383,1381
20459,1390,1388,1386,1384
20460,1393,1391,1389,1387
20461,1396,1394,1392,1390
20462,1399,1397,1395,1393
20463,1402,1400,1398,1396
20464,1405,1403,1401,1399
20465,1408,1406,1404,1402
20466,1411,1409,1407,1405
20467,1414,1412,1410,1408
20468,1417,1415,1413,1411
20469,1420,1418,1416,1414
20470,1423,1421,1419,1417
20471,1426,1424,1422,1420
20472,1429,1427,1425,1423
20473,1432,1430,1428,1426
20474,1435,1433,1431,1429
20475,1444,1436,1434,1432
20476,1447,1445,1437,1435
20477,1450,1448,1446,1438
20478,1453,1451,1449,1447
20479,1456,1454,1452,1450
20480,1459,1457,1455,1453
20481,1462,1460,1458,1456
20482,1465,1463,1461,1459
20483,1468,1466,1464,1462
20484,1471,1469,1467,1465
20485,1474,1472,1470,1468
20486,1477,1475,1473,1471
20487,1480,1478,1476,1474
20488,1483,1481,1479,1477
20489,1486,1484,1482,1480
20490,1489,1487,1485,1483
20491,1492,1490,1488,1486
20492,1495,1493,1491,1489
20493,1498,1496,1494,1492
20494,1501,1499,1497,1495
20495,1504,1502,1500,1498
20496,1507,1505,1503,1501
20497,1510,1508,1506,1504
20498,1513,1511,1509,1507
20499,1516,1514,1512,1510
20500,1519,1517,1515,1513
20501,1522,1520,1518,1516
20502,1525,1523,1521,1519
20503,1528,1526,1524,1522
20504,1531,1529,1527,1525
20505,1540,1532,1530,1528
20506,1543,1541,1533,1531
20507,1546,1544,1542,1534
20508,1549,1547,1545,1543
20509,1552,1550,1548,1546
20510,1555,1553,1551,1549
20511,1558,1556,1554,1552
20512,1561,1559,1557,1555
20513,1564,1562,1560,1558
20514,1567,1565,1563,1561
20515,1570,1568,1566,1564
20516,1573,1571,1569,1567
20517,1576,1574,1572,1570
20518,1579,1577,1575,1573
20519,1582,1580,1578,1576
20520,1585,1583,1581,1579
20521,1588,1586,1584,1582
20522,1591,1589,1587,1585
20523,1594,1592,1590,1588
20524,1597,1595,1593,1591
20525,1600,1598,1596,1594
20526,1603,1601,1599,1597
20527,1606,1604,1602,1600
20528,1609,1607,1605,1603
20529,1612,1610,1608,1606
20530,1615,1613,1611,1609
20531,1618,1616,1614,1612
20532,1621,1619,1617,1615
20533,1624,1622,1620,1618
20534,1627,1625,1623,1621
20535,1636,1628,1626,1624
20536,1639,1637,1629,1627
20537,1642,1640,1638,1630
20538,1645,1643,1641,1639
20539,1648,1646,1644,1642
20540,1651,1649,1647,1645
20541,1654,1652,1650,1648
20542,1657,1655,1653,1651
20543,1660,1658,1656,1654
20544,1663,1661,1659,1657
20545,1666,1664,1662,1660
20546,1669,1667,1665,1663
20547,1672,1670,1668,1666
20548,1675,1673,1671,1669
20549,1678,1676,1674,1672
20550,1681,1679,1677,1675
20551,1684,1682,1680,1678
20552,1687,1685,1683,1681
20553,1690,1688,1686,1684
20554,1693,1691,1689,1687
20555,1696,1694,1692,1690
20556,1699,1697,1695,1693
20557,1702,1700,1698,1696
20558,1705,1703,1701,1699
20559,1708,1706,1704,1702
20560,1711,1709,1707,1705
20561,1714,1712,1710,1708
20562,1717,1715,1713,1711
20563,1720,1718,1716,1714
20564,1723,1721,1719,1717
20565,1732,1724,1722,1720
20566,1735,1733,1725,1723
20567,1738,1736,1734,1726
20568,1741,1739,1737,1735
20569,1744,1742,1740,1738
20570,1747,1745,1743,1741
20571,1750,1748,1746,1744
20572,1753,1751,1749,1747
20573,1756,1754,1752,1750
20574,1759,1757,1755,1753
20575,1762,1760,1758,1756
20576,1765,1763,1761,1759
20577,1768,1766,1764,1762
20578,1771,1769,1767,1765
20579,1774,1772,1770,1768
20580,1777,1775,1773,1771
20581,1780,1778,1776,1774
20582,1783,1781,1779,1777
20583,1786,1784,1782,1780
20584,1789,1787,1785,1783
20585,1792,1790,1788,1786
20586,1795,1793,1791,1789
20587,1798,1796,1794,1792
20588,1801,1799,1797,1795
20589,1804,1802,1800,1798
20590,1807,1805,1803,1801
20591,1810,1808,1806,1804
20592,1813,1811,1809,1807
20593,1816,1814,1812,1810
20594,1819,1817,1815,1813
20595,1828,1820,1818,1816
20596,1831,1829,1821,1819
20597,1834,1832,1830,1822
20598,1837,1835,1833,1831
20599,1840,1838,1836,1834
20600,1843,1841,1839,1837
20601,1846,1844,1842,1840
20602,1849,1847,1845,1843
20603,1852,1850,1848,1846
20604,1855,1853,1851,1849
20605,1858,1856,1854,1852
20606,1861,1859,1857,1855
20607,1864,1862,1860,1858
20608,1867,1865,1863,1861
20609,1870,1868,1866,1864
20610,1873,1871,1869,1867
20611,1876,1874,1872,1870
20612,1879,1877,1875,1873
20613,1882,1880,1878,1876
20614,1885,1883,1881,1879
20615,1888,1886,1884,1882
20616,1891,1889,1887,1885
20617,1894,1892,1890,1888
20618,1897,1895,1893,1891
20619,1900,1898,1896,1894
20620,1903,1901,1899,1897
20621,1906,1904,1902,1900
20622,1909,1907,1905,1903
20623,1912,1910,1908,1906
20624,1915,1913,1911,1909
20625,1924,1916,1914,1912
20626,1927,1925,1917,1915
20627,1930,1928,1926,1918
20628,1933,1931,1929,1927
20629,1936,1934,1932,1930
20630,1939,1937,1935,1933
20631,1942,1940,1938,1936
20632,1945,1943,1941,1939
20633,1948,1946,1944,1942
20634,1951,1949,1947,1945
20635,1954,1952,1950,1948
20636,1957,1955,1953,1951
20637,1960,1958,1956,1954
20638,1963,1961,1959,1957
20639,1966,1964,1962,1960
20640,1969,1967,1965,1963
20641,1972,1970,1968,1966
20642,1975,1973,1971,1969
20643,1978,1976,1974,1972
20644,1981,1979,1977,1975
20645,1984,1982,1980,1978
20646,1987,1985,1983,1981
20647,1990,1988,1986,1984
20648,1993,1991,1989,1987
20649,1996,1994,1992,1990
20650,1999,1997,1995,1993
20651,2002,2000,1998,1996
20652,2005,2003,2001,1999
20653,2008,2006,2004,2002
20654,2011,2009,2007,2005
20655,2020,2012,2010,2008
20656,2023,2021,2013,2011
20657,2026,2024,2022,2014
20658,2029,2027,2025,2023
20659,2032,2030,2028,2026
20660,2035,2033,2031,2029
20661,2038,2036,2034,2032
20662,2041,2039,2037,2035
20663,2044,2042,2040,2038
20664,2047,2045,2043,2041
20665,2050,2048,2046,2044
20666,2053,2051,2049,2047
20667,2056,2054,2052,2050
20668,2059,2057,2055,2053
20669,2062,2060,2058,2056
20670,2065,2063,2061,2059
20671,2068,2066,2064,2062
20672,2071,2069,2067,2065
20673,2074,2072,2070,2068
20674,2077,2075,2073,2071
20675,2080,2078,2076,2074
20676,2083,2081,2079,2077
20677,2086,2084,2082,2080
20678,2089,2087,2085,2083
20679,2092,2090,2088,2086
20680,2095,2093,2091,2089
20681,2098,2096,2094,2092
20682,2101,2099,2097,2095
20683,2104,2102,2100,2098
20684,2107,2105,2103,2101
20685,2116,2108,2106,2104
20686,2119,2117,2109,2107
20687,2122,2120,2118,2110
20688,2125,2123,2121,2119
20689,2128,2126,2124,2122
20690,2131,2129,2127,2125
20691,2134,2132,2130,2128
20692,2137,2135,2133,2131
20693,2140,2138,2136,2134
20694,2143,2141,2139,2137
20695,2146,2144,2142,2140
20696,2149,2147,2145,2143
20697,2152,2150,2148,2146
20698,2155,2153,2151,2149
20699,2158,2156,2154,2152
20700,2161,2159,2157,2155
20701,2164,2162,2160,2158
20702,2167,2165,2163,2161
20703,2170,2168,2166,2164
20704,2173,2171,2169,2167
20705,2176,2174,2172,2170
20706,2179,2177,2175,2173
20707,2182,2180,2178,2176
20708,2185,2183,2181,2179
20709,2188,2186,2184,2182
20710,2191,2189,2187,2185
20711,2194,2192,2190,2188
20712,2197,2195,2193,2191
20713,2200,2198,2196,2194
20714,2203,2201,2199,2197
20715,2212,2204,2202,2200
20716,2215,2213,2205,2203
20717,2218,2216,2214,2206
20718,2221,2219,2217,2215
20719,2224,2222,2220,2218
20720,2227,2225,2223,2221
20721,2230,2228,2226,2224
20722,2233,2231,2229,2227
20723,2236,2234,2232,2230
20724,2239,2237,2235,2233
20725,2242,2240,2238,2236
20726,2245,2243,2241,2239
20727,2248,2246,2244,2242
20728,2251,2249,2247,2245
20729,2254,2252,2250,2248
20730,2257,2255,2253,2251
20731,2260,2258,2256,2254
20732,2263,2261,2259,2257
20733,2266,2264,2262,2260
20734,2269,2267,2265,2263
20735,2272,2270,2268,2266
20736,2275,2273,2271,2269
20737,2278,2276,2274,2272
20738,2281,2279,2277,2275
20739,2284,2282,2280,2278
20740,2287,2285,2283,2281
20741,2290,2288,2286,2284
20742,2293,2291,2289,2287
20743,2296,2294,2292,2290
20744,2299,2297,2295,2293
20745,2308,2300,2298,2296
20746,2311,2309,2301,2299
20747,2314,2312,2310,2302
20748,2317,2315,2313,2311
20749,2320,2318,2316,2314
20750,2323,2321,2319,2317
20751,2326,2324,2322,2320
20752,2329,2327,2325,2323
20753,2332,2330,2328,2326
20754,2335,2333,2331,2329
20755,2338,2336,2334,2332
20756,2341,2339,2337,2335
20757,2344,2342,2340,2338
20758,2347,2345,2343,2341
20759,2350,2348,2346,2344
20760,2353,2351,2349,2347
20761,2356,2354,2352,2350
20762,2359,2357,2355,2353
20763,2362,2360,2358,2356
20764,2365,2363,2361,2359
20765,2368,2366,2364,2362
20766,2371,2369,2367,2365
20767,2374,2372,2370,2368
20768,2377,2375,2373,2371
20769,2380,2378,2376,2374
20770,2383,2381,2379,2377
20771,2386,2384,2382,2380
20772,2389,2387,2385,2383
20773,2392,2390,2388,2386
20774,2395,2393,2391,2389
20775,2404,2396,2394,2392
20776,2407,2405,2397,2395
20777,2410,2408,2406,2398
20778,2413,2411,2409,2407
20779,2416,2414,2412,2410
20780,2419,2417,2415,2413
20781,2422,2420,2418,2416
20782,2425,2423,2421,2419
20783,2428,2426,2424,2422
20784,2431,2429,2427,2425
20785,2434,2432,2430,2428
20786,2437,2435,2433,2431
20787,2440,2438,2436,2434
20788,2443,2441,2439,2437
20789,2446,2444,2442,2440
20790,2449,2447,2445,2443
20791,2452,2450,2448,2446
20792,2455,2453,2451,2449
20793,2458,2456,2454,2452
20794,2461,2459,2457,2455
20795,2464,2462,2460,2458
20796,2467,2465,2463,2461
20797,2470,2468,2466,2464
20798,2473,2471,2469,2467
20799,2476,2474,2472,2470
20800,2479,2477,2475,2473
20801,2482,2480,2478,2476
20802,2485,2483,2481,2479
20803,2488,2486,2484,2482
20804,2491,2489,2487,2485
20805,2500,2492,2490,2488
20806,2503,2501,2493,2491
20807,2506,2504,2502,2494
20808,2509,2507,2505,2503
20809,2512,2510,2508,2506
20810,2515,2513,2511,2509
20811,2518,2516,2514,2512
20812,2521,2519,2517,2515
20813,2524,2522,2520,2518
20814,2527,2525,2523,2521
20815,2530,2528,2526,2524
20816,2533,2531,2529,2527
20817,2536,2534,2532,2530
20818,2539,2537,2535,2533
20819,2542,2540,2538,2536
20820,2545,2543,2541,2539
20821,2548,2546,2544,2542
20822,2551,2549,2547,2545
20823,2554,2552,2550,2548
20824,2557,2555,2553,2551
20825,2560,2558,2556,2554
20826,2563,2561,2559,2557
20827,2566,2564,2562,2560
20828,2569,2567,2565,2563
20829,2572,2570,2568,2566
20830,2575,2573,2571,2569
20831,2578,2576,2574,2572
20832,2581,2579,2577,2575
20833,2584,2582,2580,2578
20834,2587,2585,2583,2581
20835,2596,2588,2586,2584
20836,2599,2597,2589,2587
20837,2602,2600,2598,2590
20838,2605,2603,2601,2599
20839,2608,2606,2604,2602
20840,2611,2609,2607,2605
20841,2614,2612,2610,2608
20842,2617,2615,2613,2611
20843,2620,2618,2616,2614
20844,2623,2621,2619,2617
20845,2626,2624,2622,2620
20846,2629,2627,2625,2623
20847,2632,2630,2628,2626
20848,2635,2633,2631,2629
20849,2638,2636,2634,2632
20850,2641,2639,2637,2635
20851,2644,2642,2640,2638
20852,2647,2645,2643,2641
20853,2650,2648,2646,2644
20854,2653,2651,2649,2647
20855,2656,2654,2652,2650
20856,2659,2657,2655,2653
20857,2662,2660,2658,2656
20858,2665,2663,2661,2659
20859,2668,2666,2664,2662
20860,2671,2669,2667,2665
20861,2674,2672,2670,2668
20862,2677,2675,2673,2671
20863,2680,2678,2676,2674
20864,2683,2681,2679,2677
20865,2692,2684,2682,2680
20866,2695,2693,2685,2683
20867,2698,2696,2694,2686
20868,2701,2699,2697,2695
20869,2704,2702,2700,2698
20870,2707,2705,2703,2701
20871,2710,2708,2706,2704
20872,2713,2711,2709,2707
20873,2716,2714,2712,2710
20874,2719,2717,2715,2713
20875,2722,2720,2718,2716
20876,2725,2723,2721,2719
20877,2728,2726,2724,2722
20878,2731,2729,2727,2725
20879,2734,2732,2730,2728
20880,2737,2735,2733,2731
20881,2740,2738,2736,2734
20882,2743,2741,2739,2737
20883,2746,2744,2742,2740
20884,2749,2747,2745,2743
20885,2752,2750,2748,2746
20886,2755,2753,2751,2749
20887,2758,2756,2754,2752
20888,2761,2759,2757,2755
20889,2764,2762,2760,2758
20890,2767,2765,2763,2761
20891,2770,2768,2766,2764
20892,2773,2771,2769,2767
20893,2776,2774,2772,2770
20894,2779,2777,2775,2773
20895,2788,2780,2778,2776
20896,2791,2789,2781,2779
20897,2794,2792,2790,2782
20898,2797,2795,2793,2791
20899,2800,2798,2796,2794
20900,2803,2801,2799,2797
20901,2806,2804,2802,2800
20902,2809,2807,2805,2803
20903,2812,2810,2808,2806
20904,2815,2813,2811,2809
20905,2818,2816,2814,2812
20906,2821,2819,2817,2815
20907,2824,2822,2820,2818
20908,2827,2825,2823,2821
20909,2830,2828,2826,2824
20910,2833,2831,2829,2827
20911,2836,2834,2832,2830
20912,2839,2837,2835,2833
20913,2842,2840,2838,2836
20914,2845,2843,2841,2839
20915,2848,2846,2844,2842
20916,2851,2849,2847,2845
20917,2854,2852,2850,2848
20918,2857,2855,2853,2851
20919,2860,2858,2856,2854
20920,2863,2861,2859,2857
20921,2866,2864,2862,2860
20922,2869,2867,2865,2863
20923,2872,2870,2868,2866
20924,2875,2873,2871,2869
20925,-1,2876,2874,2872
20926,-1,-1,2877,2875
20927,-1,-1,-1,2878
20928,-1,-1,-1,-1
20929,-1,-1,-1,-1
20930,-1,-1,-1,-1
20931,-1,-1,-1,-1
20932,-1,-1,-1,-1
20933,-1,-1,-1,-1
20934,-1,-1,-1,-1
20935,8,-1,-1,-1
20936,11,96,-1,-1
20937,14,99,97,-1
20938,17,102,100,98
20939,20,105,103,101
20940,23,108,106,104
20941,26,111,109,107
20942,29,114,112,110
20943,32,117,115,113
20944,35,120,118,116
20945,38,123,121,119
20946,41,126,124,122
20947,44,129,127,125
20948,47,132,130,128
20949,50,135,133,131
20950,53,138,136,134
20951,56,141,139,137
20952,59,144,142,140
20953,62,147,145,143
20954,65,150,148,146
20955,68,153,151,149
20956,71,156,154,152
20957,74,159,157,155
20958,77,162,160,158
20959,80,165,163,161
20960,83,168,166,164
20961,86,171,169,167
20962,89,174,172,170
20963,92,177,175,173
20964,95,180,178,176
20965,104,183,181,179
20966,107,192,184,182
20967,110,195,193,185
20968,113,198,196,194
20969,116,201,199,197
20970,119,204,202,200
20971,122,207,205,203
20972,125,210,208,206
20973,128,213,211,209
20974,131,216,214,212
20975,134,219,217,215
20976,137,222,220,218
20977,140,225,223,221
20978,143,228,226,224
20979,146,231,229,227
20980,149,234,232,230
20981,152,237,235,233
20982,155,240,238,236
20983,158,243,241,239
20984,161,246,244,242
20985,164,249,247,245
20986,167,252,250,248
20987,170,255,253,251
20988,173,258,256,254
20989,176,261,259,257
20990,179,264,262,260
20991,182,267,265,263
20992,185,270,268,266
20993,188,273,271,269
20994,191,276,274,272
20995,200,279,277,275
20996,203,288,280,278
20997,206,291,289,281
20998,209,294,292,290
20999,212,297,295,293
21000,215,300,298,296
21001,218,303,301,299
21002,221,306,304,302
21003,224,309,307,305
21004,227,312,310,308
21005,230,315,313,311
21006,233,318,316,314
21007,236,321,319,317
21008,239,324,322,320
21009,242,327,325,323
21010,245,330,328,326
21011,248,333,331,329
21012,251,336,334,332
21013,254,339,337,335
21014,257,342,340,338
21015,260,345,343,341
21016,263,348,346,344
21017,266,351,349,347
21018,269,354,352,350
21019,272,357,355,353
21020,275,360,358,356
21021,278,363,361,359
21022,281,366,364,362
21023,284,369,367,365
21024,287,372,370,368
21025,296,375,373,371
21026,299,384,376,374
21027,302,387,385,377
21028,305,390,388,386
21029,308,393,391,389
21030,311,396,394,392
21031,314,399,397,395
21032,317,402,400,398
21033,320,405,403,401
21034,323,408,406,404
21035,326,411,409,407
21036,329,414,412,410
21037,332,417,415,413
21038,335,420,418,416
21039,338,423,421,419
21040,341,426,424,422
21041,344,429,427,425
21042,347,432,430,428
21043,350,435,433,431
21044,353,438,436,434
21045,356,441,439,437
21046,359,444,442,440
21047,362,447,445,443
21048,365,450,448,446
21049,368,453,451,449
21050,371,456,454,452
21051,374,459,457,455
21052,377,462,460,458
21053,380,465,463,461
21054,383,468,466,464
21055,392,471,469,467
21056,395,480,472,470
21057,398,483,481,473
21058,401,486,484,482
21059,404,489,487,485
21060,407,492,490,488
21061,410,495,493,491
21062,413,498,496,494
21063,416,501,499,497
21064,419,504,502,500
21065,422,507,505,503
21066,425,510,508,506
21067,428,513,511,509
21068,431,516,514,512
21069,434,519,517,515
21070,437,522,520,518
21071,440,525,523,521
21072,443,528,526,524
21073,446,531,529,527
21074,449,534,532,530
21075,452,537,535,533
21076,455,540,538,536
21077,458,543,541,539
21078,461,546,544,542
21079,464,549,547,545
21080,467,552,550,548
21081,470,555,553,551
21082,473,558,556,554
21083,476,561,559,557
21084,479,564,562,560
21085,488,567,565,563
21086,491,576,568,566
21087,494,579,577,569
21088,497,582,580,578
21089,500,585,583,581
21090,503,588,586,584
21091,506,591,589,587
21092,509,594,592,590
21093,512,597,595,593
21094,515,600,598,596
21095,518,603,601,599
21096,521,606,604,602
21097,524,609,607,605
21098,527,612,610,608
21099,530,615,613,611
21100,533,618,616,614
21101,536,621,619,617
21102,539,624,622,620
21103,542,627,625,623
21104,545,630,628,626
21105,548,633,631,629
21106,551,636,634,632
21107,554,639,637,635
21108,557,642,640,638
21109,560,645,643,641
21110,563,648,646,644
21111,566,651,649,647
21112,569,654,652,650
21113,572,657,655,653
21114,575,660,658,656
21115,584,663,661,659
21116,587,672,664,662
21117,590,675,673,665
21118,593,678,676,674
21119,596,681,679,677
21120,599,684,682,680
21121,602,687,685,683
21122,605,690,688,686
21123,608,693,691,689
21124,611,696,694,692
21125,614,699,697,695
21126,617,702,700,698
21127,620,705,703,701
21128,623,708,706,704
21129,626,711,709,707
21130,629,714,712,710
21131,632,717,715,713
21132,635,720,718,716
21133,638,723,721,719
21134,641,726,724,722
21135,644,729,727,725
21136,647,732,730,728
21137,650,735,733,731
21138,653,738,736,734
21139,656,741,739,737
21140,659,744,742,740
21141,662,747,745,743
21142,665,750,748,746
21143,668,753,751,749
21144,671,756,754,752
21145,680,759,757,755
21146,683,768,760,758
21147,686,771,769,761
21148,689,774,772,770
21149,692,777,775,773
21150,695,780,778,776
21151,698,783,781,779
21152,701,786,784,782
21153,704,789,787,785
21154,707,792,790,788
21155,710,795,793,791
21156,713,798,796,794
21157,716,801,799,797
21158,719,804,802,800
21159,722,807,805,803
21160,725,810,808,806
21161,728,813,811,809
21162,731,816,814,812
21163,734,819,817,815
21164,737,822,820,818
21165,740,825,823,821
21166,743,828,826,824
21167,746,831,829,827
21168,749,834,832,830
21169,752,837,835,833
21170,755,840,838,836
21171,758,843,841,839
21172,761,846,844,842
21173,764,849,847,845
21174,767,852,850,848
21175,776,855,853,851
21176,779,864,856,854
21177,782,867,865,857
21178,785,870,868,866
21179,788,873,871,869
21180,791,876,874,872
21181,794,879,877,875
21182,797,882,880,878
21183,800,885,883,881
21184,803,888,886,884
21185,806,891,889,887
21186,809,894,892,890
21187,812,897,895,893
21188,815,900,898,896
21189,818,903,901,899
21190,821,906,904,902
21191,824,909,907,905
21192,827,912,910,908
21193,830,915,913,911
21194,833,918,916,914
21195,836,921,919,917
21196,839,924,922,920
21197,842,927,925,923
21198,845,930,928,926
21199,848,933,931,929
21200,851,936,934,932
21201,854,939,937,935
21202,857,942,940,938
21203,860,945,943,941
21204,863,948,946,944
21205,872,951,949,947
21206,875,960,952,950
21207,878,963,961,953
21208,881,966,964,962
21209,884,969,967,965
21210,887,972,970,968
21211,890,975,973,971
21212,893,978,976,974
21213,896,981,979,977
21214,899,984,982,980
21215,902,987,985,983
21216,905,990,988,986
21217,908,993,991,989
21218,911,996,994,992
21219,914,999,997,995
21220,917,1002,1000,998
21221,920,1005,1003,1001
21222,923,1008,1006,1004
21223,926,1011,1009,1007
21224,929,1014,1012,1010
21225,932,1017,1015,1013
21226,935,1020,1018,1016
21227,938,1023,1021,1019
21228,941,1026,1024,1022
21229,944,1029,1027,1025
21230,947,1032,1030,1028
21231,950,1035,1033,1031
21232,953,1038,1036,1034
21233,956,1041,1039,1037
21234,959,1044,1042,1040
21235,968,1047,1045,1043
21236,971,1056,1048,1046
21237,974,1059,1057,1049
21238,977,1062,1060,1058
21239,980,1065,1063,1061
21240,983,1068,1066,1064
21241,986,1071,1069,1067
21242,989,1074,1072,1070
21243,992,1077,1075,1073
21244,995,1080,1078,1076
21245,998,1083,1081,1079
21246,1001,1086,1084,1082
21247,1004,1089,1087,1085
21248,1007,1092,1090,1088
21249,1010,1095,1093,1091
21250,1013,1098,1096,1094
21251,1016,1101,1099,1097
21252,1019,1104,1102,1100
21253,1022,1107,1105,1103
21254,1025,1110,1108,1106
21255,1028,1113,1111,1109
21256,1031,1116,1114,1112
21257,1034,1119,1117,1115
21258,1037,1122,1120,1118
21259,1040,1125,1123,1121
21260,1043,1128,1126,1124
21261,1046,1131,1129,1127
21262,1049,1134,1132,1130
21263,1052,1137,1135,1133
21264,1055,1140,1138,1136
21265,1064,1143,1141,1139
21266,1067,1152,1144,1142
21267,1070,1155,1153,1145
21268,1073,1158,1156,1154
21269,1076,1161,1159,1157
21270,1079,1164,1162,1160
21271,1082,1167,1165,1163
21272,1085,1170,1168,1166
21273,1088,1173,1171,1169
21274,1091,1176,1174,1172
21275,1094,1179,1177,1175
21276,1097,1182,1180,1178
21277,1100,1185,1183,1181
21278,1103,1188,1186,1184
21279,1106,1191,1189,1187
21280,1109,1194,1192,1190
21281,1112,1197,1195,1193
21282,1115,1200,1198,1196
21283,1118,1203,1201,1199
21284,1121,1206,1204,1202
21285,1124,1209,1207,1205
21286,1127,1212,1210,1208
21287,1130,1215,1213,1211
21288,1133,1218,1216,1214
21289,1136,1221,1219,1217
21290,1139,1224,1222,1220
21291,1142,1227,1225,1223
21292,1145,1230,1228,1226
21293,1148,1233,1231,1229
21294,1151,1236,1234,1232
21295,1160,1239,1237,1235
21296,1163,1248,1240,1238
21297,1166,1251,1249,1241
21298,1169,1254,1252,1250
21299,1172,1257,1255,1253
21300,1175,1260,1258,1256
21301,1178,1263,1261,1259
21302,1181,1266,1264,1262
21303,1184,1269,1267,1265
21304,1187,1272,1270,1268
21305,1190,1275,1273,1271
21306,1193,1278,1276,1274
21307,1196,1281,1279,1277
21308,1199,1284,1282,1280
21309,1202,1287,1285,1283
21310,1205,1290,1288,1286
21311,1208,1293,1291,1289
21312,1211,1296,1294,1292
21313,1214,1299,1297,1295
21314,1217,1302,1300,1298
21315,1220,1305,1303,1301
21316,1223,1308,1306,1304
21317,1226,1311,1309,1307
21318,1229,1314,1312,1310
21319,1232,1317,1315,1313
21320,1235,1320,1318,1316
21321,1238,1323,1321,1319
21322,1241,1326,1324,1322
21323,1244,1329,1327,1325
21324,1247,1332,1330,1328
21325,1256,1335,1333,1331
21326,1259,1344,1336,1334
21327,1262,1347,1345,1337
21328,1265,1350,1348,1346
21329,1268,1353,1351,1349
21330,1271,1356,1354,1352
21331,1274,1359,1357,1355
21332,1277,1362,1360,1358
21333,1280,1365,1363,1361
21334,1283,1368,1366,1364
21335,1286,1371,1369,1367
21336,1289,1374,1372,1370
21337,1292,1377,1375,1373
21338,1295,1380,1378,1376
21339,1298,1383,1381,1379
21340,1301,1386,1384,1382
21341,1304,1389,1387,1385
21342,1307,1392,1390,1388
21343,1310,1395,1393,1391
21344,1313,1398,1396,1394
21345,1316,1401,1399,1397
21346,1319,1404,1402,1400
21347,1322,1407,1405,1403
21348,1325,1410,1408,1406
21349,1328,1413,1411,1409
21350,1331,1416,1414,1412
21351,1334,1419,1417,1415
21352,1337,1422,1420,1418
21353,1340,1425,1423,1421
21354,1343,1428,1426,1424
21355,1352,1431,1429,1427
21356,1355,1440,1432,1430
21357,1358,1443,1441,1433
21358,1361,1446,1444,1442
21359,1364,1449,1447,1445
21360,1367,1452,1450,1448
21361,1370,1455,1453,1451
21362,1373,1458,1456,1454
21363,1376,1461,1459,1457
21364,1379,1464,1462,1460
21365,1382,1467,1465,1463
21366,1385,1470,1468,1466
21367,1388,1473,1471,1469
21368,1391,1476,1474,1472
21369,1394,1479,1477,1475
21370,1397,1482,1480,1478
21371,1400,1485,1483,1481
21372,1403,1488,1486,1484
21373,1406,1491,1489,1487
21374,1409,1494,1492,1490
21375,1412,1497,1495,1493
21376,1415,1500,1498,1496
21377,1418,1503,1501,1499
21378,1421,1506,1504,1502
21379,1424,1509,1507,1505
21380,1427,1512,1510,1508
21381,1430,1515,1513,1511
21382,1433,1518,1516,1514
21383,1436,1521,1519,1517
21384,1439,1524,1522,1520
21385,1448,1527,1525,1523
21386,1451,1536,1528,1526
21387,1454,1539,1537,1529
21388,1457,1542,1540,1538
21389,1460,1545,1543,1541
21390,1463,1548,1546,1544
21391,1466,1551,1549,1547
21392,1469,1554,1552,1550
21393,1472,1557,1555,1553
21394,1475,1560,1558,1556
21395,1478,1563,1561,1559
21396,1481,1566,1564,1562
21397,1484,1569,1567,1565
21398,1487,1572,1570,1568
21399,1490,1575,1573,1571
21400,1493,1578,1576,1574
21401,1496,1581,1579,1577
21402,1499,1584,1582,1580
21403,1502,1587,1585,1583
21404,1505,1590,1588,1586
21405,1508,1593,1591,1589
21406,1511,1596,1594,1592
21407,1514,1599,1597,1595
21408,1517,1602,1600,1598
21409,1520,1605,1603,1601
21410,1523,1608,1606,1604
21411,1526,1611,1609,1607
21412,1529,1614,1612,1610
21413,1532,1617,1615,1613
21414,1535,1620,1618,1616
21415,1544,1623,1621,1619
21416,1547,1632,1624,1622
21417,1550,1635,1633,1625
21418,1553,1638,1636,1634
21419,1556,1641,1639,1637
21420,1559,1644,1642,1640
21421,1562,1647,1645,1643
21422,1565,1650,1648,1646
21423,1568,1653,1651,1649
21424,1571,1656,1654,1652
21425,1574,1659,1657,1655
21426,1577,1662,1660,1658
21427,1580,1665,1663,1661
21428,1583,1668,1666,1664
21429,1586,1671,1669,1667
21430,1589,1674,1672,1670
21431,1592,1677,1675,1673
21432,1595,1680,1678,1676
21433,1598,1683,1681,1679
21434,1601,1686,1684,1682
21435,1604,1689,1687,1685
21436,1607,1692,1690,1688
21437,1610,1695,1693,1691
21438,1613,1698,1696,1694
21439,1616,1701,1699,1697
21440,1619,1704,1702,1700
21441,1622,1707,1705,1703
21442,1625,1710,1708,1706
21443,1628,1713,1711,1709
21444,1631,1716,1714,1712
21445,1640,1719,1717,1715
21446,1643,1728,1720,1718
21447,1646,1731,1729,1721
21448,1649,1734,1732,1730
21449,1652,1737,1735,1733
21450,1655,1740,1738,1736
21451,1658,1743,1741,1739
21452,1661,1746,1744,1742
21453,1664,1749,1747,1745
21454,1667,1752,1750,1748
21455,1670,1755,1753,1751
21456,1673,1758,1756,1754
21457,1676,1761,1759,1757
21458,1679,1764,1762,1760
21459,1682,1767,1765,1763
21460,1685,1770,1768,1766
21461,1688,1773,1771,1769
21462,1691,1776,1774,1772
21463,1694,1779,1777,1775
21464,1697,1782,1780,1778
21465,1700,1785,1783,1781
21466,1703,1788,1786,1784
21467,1706,1791,1789,1787
21468,1709,1794,1792,1790
21469,1712,1797,1795,1793
21470,1715,1800,1798,1796
21471,1718,1803,1801,1799
21472,1721,1806,1804,1802
21473,1724,1809,1807,1805
21474,1727,1812,1810,1808
21475,1736,1815,1813,1811
21476,1739,1824,1816,1814
21477,1742,1827,1825,1817
21478,1745,1830,1828,1826
21479,1748,1833,1831,1829
21480,1751,1836,1834,1832
21481,1754,1839,1837,1835
21482,1757,1842,1840,1838
21483,1760,1845,1843,1841
21484,1763,1848,1846,1844
21485,1766,1851,1849,1847
21486,1769,1854,1852,1850
21487,1772,1857,1855,1853
21488,1775,1860,1858,1856
21489,1778,1863,1861,1859
21490,1781,1866,1864,1862
21491,1784,1869,1867,1865
21492,1787,1872,1870,1868
21493,1790,1875,1873,1871
21494,1793,1878,1876,1874
21495,1796,1881,1879,1877
21496,1799,1884,1882,1880
21497,1802,1887,1885,1883
21498,1805,1890,1888,1886
21499,1808,1893,1891,1889
21500,1811,1896,1894,1892
21501,1814,1899,1897,1895
21502,1817,1902,1900,1898
21503,1820,1905,1903,1901
21504,1823,1908,1906,1904
21505,1832,1911,1909,1907
21506,1835,1920,1912,1910
21507,1838,1923,1921,1913
21508,1841,1926,1924,1922
21509,1844,1929,1927,1925
21510,1847,1932,1930,1928
21511,1850,1935,1933,1931
21512,1853,1938,1936,1934
21513,1856,1941,1939,1937
21514,1859,1944,1942,1940
21515,1862,1947,1945,1943
21516,1865,1950,1948,1946
21517,1868,1953,1951,1949
21518,1871,1956,1954,1952
21519,1874,1959,1957,1955
21520,1877,1962,1960,1958
21521,1880,1965,1963,1961
21522,1883,1968,1966,1964
21523,1886,1971,1969,1967
21524,1889,1974,1972,1970
21525,1892,1977,1975,1973
21526,1895,1980,1978,1976
21527,1898,1983,1981,1979
21528,1901,1986,1984,1982
21529,1904,1989,1987,1985
21530,1907,1992,1990,1988
21531,1910,1995,1993,1991
21532,1913,1998,1996,1994
21533,1916,2001,1999,1997
21534,1919,2004,2002,2000
21535,1928,2007,2005,2003
21536,1931,2016,2008,2006
21537,1934,2019,2017,2009
21538,1937,2022,2020,2018
21539,1940,2025,2023,2021
21540,1943,2028,2026,2024
21541,1946,2031,2029,2027
21542,1949,2034,2032,2030
21543,1952,2037,2035,2033
21544,1955,2040,2038,2036
21545,1958,2043,2041,2039
21546,1961,2046,2044,2042
21547,1964,2049,2047,2045
21548,1967,2052,2050,2048
21549,1970,2055,2053,2051
21550,1973,2058,2056,2054
21551,1976,2061,2059,2057
21552,1979,2064,2062,2060
21553,1982,2067,2065,2063
21554,1985,2070,2068,2066
21555,1988,2073,2071,2069
21556,1991,2076,2074,2072
21557,1994,2079,2077,2075
21558,1997,2082,2080,2078
21559,2000,2085,2083,2081
21560,2003,2088,2086,2084
21561,2006,2091,2089,2087
21562,2009,2094,2092,2090
21563,2012,2097,2095,2093
21564,2015,2100,2098,2096
21565,2024,2103,2101,2099
21566,2027,2112,2104,2102
21567,2030,2115,2113,2105
21568,2033,2118,2116,2114
21569,2036,2121,2119,2117
21570,2039,2124,2122,2120
21571,2042,2127,2125,2123
21572,2045,2130,2128,2126
21573,2048,2133,2131,2129
21574,2051,2136,2134,2132
21575,2054,2139,2137,2135
21576,2057,2142,2140,2138
21577,2060,2145,2143,2141
21578,2063,2148,2146,2144
21579,2066,2151,2149,2147
21580,2069,2154,2152,2150
21581,2072,2157,2155,2153
21582,2075,2160,2158,2156
21583,2078,2163,2161,2159
21584,2081,2166,2164,2162
21585,2084,2169,2167,2165
21586,2087,2172,2170,2168
21587,2090,2175,2173,2171
21588,2093,2178,2176,2174
21589,2096,2181,2179,2177
21590,2099,2184,2182,2180
21591,2102,2187,2185,2183
21592,2105,2190,2188,2186
21593,2108,2193,2191,2189
21594,2111,2196,2194,2192
21595,2120,2199,2197,2195
21596,2123,2208,2200,2198
21597,2126,2211,2209,2201
21598,2129,2214,2212,2210
21599,2132,2217,2215,2213
21600,2135,2220,2218,2216
21601,2138,2223,2221,2219
21602,2141,2226,2224,2222
21603,2144,2229,2227,2225
21604,2147,2232,2230,2228
21605,2150,2235,2233,2231
21606,2153,2238,2236,2234
21607,2156,2241,2239,2237
21608,2159,2244,2242,2240
21609,2162,2247,2245,2243
21610,2165,2250,2248,2246
21611,2168,2253,2251,2249
21612,2171,2256,2254,2252
21613,2174,2259,2257,2255
21614,2177,2262,2260,2258
21615,2180,2265,2263,2261
21616,2183,2268,2266,2264
21617,2186,2271,2269,2267
21618,2189,2274,2272,2270
21619,2192,2277,2275,2273
21620,2195,2280,2278,2276
21621,2198,2283,2281,2279
21622,2201,2286,2284,2282
21623,2204,2289,2287,2285
21624,2207,2292,2290,2288
21625,2216,2295,2293,2291
21626,2219,2304,2296,2294
21627,2222,2307,2305,2297
21628,2225,2310,2308,2306
21629,2228,2313,2311,2309
21630,2231,2316,2314,2312
21631,2234,2319,2317,2315
21632,2237,2322,2320,2318
21633,2240,2325,2323,2321
21634,2243,2328,2326,2324
21635,2246,2331,2329,2327
21636,2249,2334,2332,2330
21637,2252,2337,2335,2333
21638,2255,2340,2338,2336
21639,2258,2343,2341,2339
21640,2261,2346,2344,2342
21641,2264,2349,2347,2345
21642,2267,2352,2350,2348
21643,2270,2355,2353,2351
21644,2273,2358,2356,2354
21645,2276,2361,2359,2357
21646,2279,2364,2362,2360
21647,2282,2367,2365,2363
21648,2285,2370,2368,2366
21649,2288,2373,2371,2369
21650,2291,2376,2374,2372
21651,2294,2379,2377,2375
21652,2297,2382,2380,2378
21653,2300,2385,2383,2381
21654,2303,2388,2386,2384
21655,2312,2391,2389,2387
21656,2315,2400,2392,2390
21657,2318,2403,2401,2393
21658,2321,2406,2404,2402
21659,2324,2409,2407,2405
21660,2327,2412,2410,2408
21661,2330,2415,2413,2411
21662,2333,2418,2416,2414
21663,2336,2421,2419,2417
21664,2339,2424,2422,2420
21665,2342,2427,2425,2423
21666,2345,2430,2428,2426
21667,2348,2433,2431,2429
21668,2351,2436,2434,2432
21669,2354,2439,2437,2435
21670,2357,2442,2440,2438
21671,2360,2445,2443,2441
21672,2363,2448,2446,2444
21673,2366,2451,2449,2447
21674,2369,2454,2452,2450
21675,2372,2457,2455,2453
21676,2375,2460,2458,2456
21677,2378,2463,2461,2459
21678,2381,2466,2464,2462
21679,2384,2469,2467,2465
21680,2387,2472,2470,2468
21681,2390,2475,2473,2471
21682,2393,2478,2476,2474
21683,2396,2481,2479,2477
21684,2399,2484,2482,2480
21685,2408,2487,2485,2483
21686,2411,2496,2488,2486
21687,2414,2499,2497,2489
21688,2417,2502,2500,2498
21689,2420,2505,2503,2501
21690,2423,2508,2506,2504
21691,2426,2511,2509,2507
21692,2429,2514,2512,2510
21693,2432,2517,2515,2513
21694,2435,2520,2518,2516
21695,2438,2523,2521,2519
21696,2441,2526,2524,2522
21697,2444,2529,2527,2525
21698,2447,2532,2530,2528
21699,2450,2535,2533,2531
21700,2453,2538,2536,2534
21701,2456,2541,2539,2537
21702,2459,2544,2542,2540
21703,2462,2547,2545,2543
21704,2465,2550,2548,2546
21705,2468,2553,2551,2549
21706,2471,2556,2554,2552
21707,2474,2559,2557,2555
21708,2477,2562,2560,2558
21709,2480,2565,2563,2561
21710,2483,2568,2566,2564
21711,2486,2571,2569,2567
21712,2489,2574,2572,2570
21713,2492,2577,2575,2573
21714,2495,2580,2578,2576
21715,2504,2583,2581,2579
21716,2507,2592,2584,2582
21717,2510,2595,2593,2585
21718,2513,2598,2596,2594
21719,2516,2601,2599,2597
21720,2519,2604,2602,2600
21721,2522,2607,2605,2603
21722,2525,2610,2608,2606
21723,2528,2613,2611,2609
21724,2531,2616,2614,2612
21725,2534,2619,2617,2615
21726,2537,2622,2620,2618
21727,2540,2625,2623,2621
21728,2543,2628,2626,2624
21729,2546,2631,2629,2627
21730,2549,2634,2632,2630
21731,2552,2637,2635,2633
21732,2555,2640,2638,2636
21733,2558,2643,2641,2639
21734,2561,2646,2644,2642
21735,2564,2649,2647,2645
21736,2567,2652,2650,2648
21737,2570,2655,2653,2651
21738,2573,2658,2656,2654
21739,2576,2661,2659,2657
21740,2579,2664,2662,2660
21741,2582,2667,2665,2663
21742,2585,2670,2668,2666
21743,2588,2673,2671,2669
21744,2591,2676,2674,2672
21745,2600,2679,2677,2675
21746,2603,2688,2680,2678
21747,2606,2691,2689,2681
21748,2609,2694,2692,2690
21749,2612,2697,2695,2693
21750,2615,2700,2698,2696
21751,2618,2703,2701,2699
21752,2621,2706,2704,2702
21753,2624,2709,2707,2705
21754,2627,2712,2710,2708
21755,2630,2715,2713,2711
21756,2633,2718,2716,2714
21757,2636,2721,2719,2717
21758,2639,2724,2722,2720
21759,2642,2727,2725,2723
21760,2645,2730,2728,2726
21761,2648,2733,2731,2729
21762,2651,2736,2734,2732
21763,2654,2739,2737,2735
21764,2657,2742,2740,2738
21765,2660,2745,2743,2741
21766,2663,2748,2746,2744
21767,2666,2751,2749,2747
21768,2669,2754,2752,2750
21769,2672,2757,2755,2753
21770,2675,2760,2758,2756
21771,2678,2763,2761,2759
21772,2681,2766,2764,2762
21773,2684,2769,2767,2765
21774,2687,2772,2770,2768
21775,2696,2775,2773,2771
21776,2699,2784,2776,2774
21777,2702,2787,2785,2777
21778,2705,2790,2788,2786
21779,2708,2793,2791,2789
21780,2711,2796,2794,2792
21781,2714,2799,2797,2795
21782,2717,2802,2800,2798
21783,2720,2805,2803,2801
21784,2723,2808,2806,2804
21785,2726,2811,2809,2807
21786,2729,2814,2812,2810
21787,2732,2817,2815,2813
21788,2735,2820,2818,2816
21789,2738,2823,2821,2819
21790,2741,2826,2824,2822
21791,2744,2829,2827,2825
21792,2747,2832,2830,2828
21793,2750,2835,2833,2831
21794,2753,2838,2836,2834
21795,2756,2841,2839,2837
21796,2759,2844,2842,2840
21797,2762,2847,2845,2843
21798,2765,2850,2848,2846
21799,2768,2853,2851,2849
21800,2771,2856,2854,2852
21801,2774,2859,2857,2855
21802,2777,2862,2860,2858
21803,2780,2865,2863,2861
21804,2783,2868,2866,2864
21805,2792,2871,2869,2867
21806,2795,2880,2872,2870
21807,2798,2883,2881,2873
21808,2801,2886,2884,2882
21809,2804,2889,2887,2885
21810,2807,2892,2890,2888
21811,2810,2895,2893,2891
21812,2813,2898,2896,2894
21813,2816,2901,2899,2897
21814,2819,2904,2902,2900
21815,2822,2907,2905,2903
21816,2825,2910,2908,2906
21817,2828,2913,2911,2909
21818,2831,2916,2914,2912
21819,2834,2919,2917,2915
21820,2837,2922,2920,2918
21821,2840,2925,2923,2921
21822,2843,2928,2926,2924
21823,2846,2931,2929,2927
21824,2849,2934,2932,2930
21825,2852,2937,2935,2933
21826,2855,2940,2938,2936
21827,2858,2943,2941,2939
21828,2861,2946,2944,2942
21829,2864,2949,2947,2945
21830,2867,2952,2950,2948
21831,2870,2955,2953,2951
21832,2873,2958,2956,2954
21833,2876,2961,2959,2957
21834,2879,2964,2962,2960
21835,-1,2967,2965,2963
21836,-1,-1,2968,2966
21837,-1,-1,-1,2969
21838,-1,-1,-1,-1
21839,-1,-1,-1,-1
21840,-1,-1,-1,-1
21841,-1,-1,-1,-1
21842,-1,-1,-1,-1
21843,-1,-1,-1,-1
21844,-1,-1,-1,-1
21845,99,-1,-1,-1
21846,102,100,-1,-1
21847,105,103,101,-1
21848,108,106,104,102
21849,111,109,107,105
21850,114,112,110,108
21851,117,115,113,111
21852,120,118,116,114
21853,123,121,119,117
21854,126,124,122,120
21855,129,127,125,123
21856,132,130,128,126
21857,135,133,131,129
21858,138,136,134,132
21859,141,139,137,135
21860,144,142,140,138
21861,147,145,143,141
21862,150,148,146,144
21863,153,151,149,147
21864,156,154,152,150
21865,159,157,155,153
21866,162,160,158,156
21867,165,163,161,159
21868,168,166,164,162
21869,171,169,167,165
21870,174,172,170,168
21871,177,175,173,171
21872,180,178,176,174
21873,183,181,179,177
21874,186,184,182,180
21875,195,187,185,183
21876,198,196,188,186
21877,201,199,197,189
21878,204,202,200,198
21879,207,205,203,201
21880,210,208,206,204
21881,213,211,209,207
21882,216,214,212,210
21883,219,217,215,213
21884,222,220,218,216
21885,225,223,221,219
21886,228,226,224,222
21887,231,229,227,225
21888,234,232,230,228
21889,237,235,233,231
21890,240,238,236,234
21891,243,241,239,237
21892,246,244,242,240
21893,249,247,245,243
21894,252,250,248,246
21895,255,253,251,249
21896,258,256,254,252
21897,261,259,257,255
21898,264,262,260,258
21899,267,265,263,261
21900,270,268,266,264
21901,273,271,269,267
21902,276,274,272,270
21903,279,277,275,273
21904,282,280,278,276
21905,291,283,281,279
21906,294,292,284,282
21907,297,295,293,285
21908,300,298,296,294
21909,303,301,299,297
21910,306,304,302,300
21911,309,307,305,303
21912,312,310,308,306
21913,315,313,311,309
21914,318,316,314,312
21915,321,319,317,315
21916,324,322,320,318
21917,327,325,323,321
21918,330,328,326,324
21919,333,331,329,327
21920,336,334,332,330
21921,339,337,335,333
21922,342,340,338,336
21923,345,343,341,339
21924,348,346,344,342
21925,351,349,347,345
21926,354,352,350,348
21927,357,355,353,351
21928,360,358,356,354
21929,363,361,359,357
21930,366,364,362,360
21931,369,367,365,363
21932,372,370,368,366
21933,375,373,371,369
21934,378,376,374,372
21935,387,379,377,375
21936,390,388,380,378
21937,393,391,389,381
21938,396,394,392,390
21939,399,397,395,393
21940,402,400,398,396
21941,405,403,401,399
21942,408,406,404,402
21943,411,409,407,405
21944,414,412,410,408
21945,417,415,413,411
21946,420,418,416,414
21947,423,421,419,417
21948,426,424,422,420
21949,429,427,425,423
21950,432,430,428,426
21951,435,433,431,429
21952,438,436,434,432
21953,441,439,437,435
21954,444,442,440,438
21955,447,445,443,441
21956,450,448,446,444
21957,453,451,449,447
21958,456,454,452,450
21959,459,457,455,453
21960,462,460,458,456
21961,465,463,461,459
21962,468,466,464,462
21963,471,469,467,465
21964,474,472,470,468
21965,483,475,473,471
21966,486,484,476,474
21967,489,487,485,477
21968,492,490,488,486
21969,495,493,491,489
21970,498,496,494,492
21971,501,499,497,495
21972,504,502,500,498
21973,507,505,503,501
21974,510,508,506,504
21975,513,511,509,507
21976,516,514,512,510
21977,519,517,515,513
21978,522,520,518,516
21979,525,523,521,519
21980,528,526,524,522
21981,531,529,527,525
21982,534,532,530,528
21983,537,535,533,531
21984,540,538,536,534
21985,543,541,539,537
21986,546,544,542,540
21987,549,547,545,543
21988,552,550,548,546
21989,555,553,551,549
21990,558,556,554,552
21991,561,559,557,555
21992,564,562,560,558
21993,567,565,563,561
21994,570,568,566,564
21995,579,571,569,567
21996,582,580,572,570
21997,585,583,581,573
21998,588,586,584,582
21999,591,589,587,585
22000,594,592,590,588
22001,597,595,593,591
22002,600,598,596,594
22003,603,601,599,597
22004,606,604,602,600
22005,609,607,605,603
22006,612,610,608,606
22007,615,613,611,609
22008,618,616,614,612
22009,621,619,617,615
22010,624,622,620,618
22011,627,625,623,621
22012,630,628,626,624
22013,633,631,629,627
22014,636,634,632,630
22015,639,637,635,633
22016,642,640,638,636
22017,645,643,641,639
22018,648,646,644,642
22019,651,649,647,645
22020,654,652,650,648
22021,657,655,653,651
22022,660,658,656,654
22023,663,661,659,657
22024,666,664,662,660
22025,675,667,665,663
22026,678,676,668,666
22027,681,679,677,669
22028,684,682,680,678
22029,687,685,683,681
22030,690,688,686,684
22031,693,691,689,687
22032,696,694,692,690
22033,699,697,695,693
22034,702,700,698,696
22035,705,703,701,699
22036,708,706,704,702
22037,711,709,707,705
22038,714,712,710,708
22039,717,715,713,711
22040,720,718,716,714
22041,723,721,719,717
22042,726,724,722,720
22043,729,727,725,723
22044,732,730,728,726
22045,735,733,731,729
22046,738,736,734,732
22047,741,739,737,735
22048,744,742,740,738
22049,747,745,743,741
22050,750,748,746,744
22051,753,751,749,747
22052,756,754,752,750
22053,759,757,755,753
22054,762,760,758,756
22055,771,763,761,759
22056,774,772,764,762
22057,777,775,773,765
22058,780,778,776,774
22059,783,781,779,777
22060,786,784,782,780
22061,789,787,785,783
22062,792,790,788,786
22063,795,793,791,789
22064,798,796,794,792
22065,801,799,797,795
22066,804,802,800,798
22067,807,805,803,801
22068,810,808,806,804
22069,813,811,809,807
22070,816,814,812,810
22071,819,817,815,813
22072,822,820,818,816
22073,825,823,821,819
22074,828,826,824,822
22075,831,829,827,825
22076,834,832,830,828
22077,837,835,833,831
22078,840,838,836,834
22079,843,841,839,837
22080,846,844,842,840
22081,849,847,845,843
22082,852,850,848,846
22083,855,853,851,849
22084,858,856,854,852
22085,867,859,857,855
22086,870,868,860,858
22087,873,871,869,861
22088,876,874,872,870
22089,879,877,875,873
22090,882,880,878,876
22091,885,883,881,879
22092,888,886,884,882
22093,891,889,887,885
22094,894,892,890,888
22095,897,895,893,891
22096,900,898,896,894
22097,903,901,899,897
22098,906,904,902,900
22099,909,907,905,903
22100,912,910,908,906
22101,915,913,911,909
22102,918,916,914,912
22103,921,919,917,915
22104,924,922,920,918
22105,927,925,923,921
22106,930,928,926,924
22107,933,931,929,927
22108,936,934,932,930
22109,939,937,935,933
22110,942,940,938,936
22111,945,943,941,939
22112,948,946,944,942
22113,951,949,947,945
22114,954,952,950,948
22115,963,955,953,951
22116,966,964,956,954
22117,969,967,965,957
22118,972,970,968,966
22119,975,973,971,969
22120,978,976,974,972
22121,981,979,977,975
22122,984,982,980,978
22123,987,985,983,981
22124,990,988,986,984
22125,993,991,989,987
22126,996,994,992,990
22127,999,997,995,993
22128,1002,1000,998,996
22129,1005,1003,1001,999
22130,1008,1006,1004,1002
22131,1011,1009,1007,1005
22132,1014,1012,1010,1008
22133,1017,1015,1013,1011
22134,1020,1018,1016,1014
22135,1023,1021,1019,1017
22136,1026,1024,1022,1020
22137,1029,1027,1025,1023
22138,1032,1030,1028,1026
22139,1035,1033,1031,1029
22140,1038,1036,1034,1032
22141,1041,1039,1037,1035
22142,1044,1042,1040,1038
22143,1047,1045,1043,1041
22144,1050,1048,1046,1044
22145,1059,1051,1049,1047
22146,1062,1060,1052,1050
22147,1065,1063,1061,1053
22148,1068,1066,1064,1062
22149,1071,1069,1067,1065
22150,1074,1072,1070,1068
22151,1077,1075,1073,1071
22152,1080,1078,1076,1074
22153,1083,1081,1079,1077
22154,1086,1084,1082,1080
22155,1089,1087,1085,1083
22156,1092,1090,1088,1086
22157,1095,1093,1091,1089
22158,1098,1096,1094,1092
22159,1101,1099,1097,1095
22160,1104,1102,1100,1098
22161,1107,1105,1103,1101
22162,1110,1108,1106,1104
22163,1113,1111,1109,1107
22164,1116,1114,1112,1110
22165,1119,1117,1115,1113
22166,1122,1120,1118,1116
22167,1125,1123,1121,1119
22168,1128,1126,1124,1122
22169,1131,1129,1127,1125
22170,1134,1132,1130,1128
22171,1137,1135,1133,1131
22172,1140,1138,1136,1134
22173,1143,1141,1139,1137
22174,1146,1144,1142,1140
22175,1155,1147,1145,1143
22176,1158,1156,1148,1146
22177,1161,1159,1157,1149
22178,1164,1162,1160,1158
22179,1167,1165,1163,1161
22180,1170,1168,1166,1164
22181,1173,1171,1169,1167
22182,1176,1174,1172,1170
22183,1179,1177,1175,1173
22184,1182,1180,1178,1176
22185,1185,1183,1181,1179
22186,1188,1186,1184,1182
22187,1191,1189,1187,1185
22188,1194,1192,1190,1188
22189,1197,1195,1193,1191
22190,1200,1198,1196,1194
22191,1203,1201,1199,1197
22192,1206,1204,1202,1200
22193,1209,1207,1205,1203
22194,1212,1210,1208,1206
22195,1215,1213,1211,1209
22196,1218,1216,1214,1212
22197,1221,1219,1217,1215
22198,1224,1222,1220,1218
22199,1227,1225,1223,1221
22200,1230,1228,1226,1224
22201,1233,1231,1229,1227
22202,1236,1234,1232,1230
22203,1239,1237,1235,1233
22204,1242,1240,1238,1236
22205,1251,1243,1241,1239
22206,1254,1252,1244,1242
22207,1257,1255,1253,1245
22208,1260,1258,1256,1254
22209,1263,1261,1259,1257
22210,1266,1264,1262,1260
22211,1269,1267,1265,1263
22212,1272,1270,1268,1266
22213,1275,1273,1271,1269
22214,1278,1276,1274,1272
22215,1281,1279,1277,1275
22216,1284,1282,1280,1278
22217,1287,1285,1283,1281
22218,1290,1288,1286,1284
22219,1293,1291,1289,1287
22220,1296,1294,1292,1290
22221,1299,1297,1295,1293
22222,1302,1300,1298,1296
22223,1305,1303,1301,1299
22224,1308,1306,1304,1302
22225,1311,1309,1307,1305
22226,1314,1312,1310,1308
22227,1317,1315,1313,1311
22228,1320,1318,1316,1314
22229,1323,1321,1319,1317
22230,1326,1324,1322,1320
22231,1329,1327,1325,1323
22232,1332,1330,1328,1326
22233,1335,1333,1331,1329
22234,1338,1336,1334,1332
22235,1347,1339,1337,1335
22236,1350,1348,1340,1338
22237,1353,1351,1349,1341
22238,1356,1354,1352,1350
22239,1359,1357,1355,1353
22240,1362,1360,1358,1356
22241,1365,1363,1361,1359
22242,1368,1366,1364,1362
22243,1371,1369,1367,1365
22244,1374,1372,1370,1368
22245,1377,1375,1373,1371
22246,1380,1378,1376,1374
22247,1383,1381,1379,1377
22248,1386,1384,1382,1380
22249,1389,1387,1385,1383
22250,1392,1390,1388,1386
22251,1395,1393,1391,1389
22252,1398,1396,1394,1392
22253,1401,1399,1397,1395
22254,1404,1402,1400,1398
22255,1407,1405,1403,1401
22256,1410,1408,1406,1404
22257,1413,1411,1409,1407
22258,1416,1414,1412,1410
22259,1419,1417,1415,1413
22260,1422,1420,1418,1416
22261,1425,1423,1421,1419
22262,1428,1426,1424,1422
22263,1431,1429,1427,1425
22264,1434,1432,1430,1428
22265,1443,1435,1433,1431
22266,1446,1444,1436,1434
22267,1449,1447,1445,1437
22268,1452,1450,1448,1446
22269,1455,1453,1451,1449
22270,1458,1456,1454,1452
22271,1461,1459,1457,1455
22272,1464,1462,1460,1458
22273,1467,1465,1463,1461
22274,1470,1468,1466,1464
22275,1473,1471,1469,1467
22276,1476,1474,1472,1470
22277,1479,1477,1475,1473
22278,1482,1480,1478,1476
22279,1485,1483,1481,1479
22280,1488,1486,1484,1482
22281,1491,1489,1487,1485
22282,1494,1492,1490,1488
22283,1497,1495,1493,1491
22284,1500,1498,1496,1494
22285,1503,1501,1499,1497
22286,1506,1504,1502,1500
22287,1509,1507,1505,1503
22288,1512,1510,1508,1506
22289,1515,1513,1511,1509
22290,1518,1516,1514,1512
22291,1521,1519,1517,1515
22292,1524,1522,1520,1518
22293,1527,1525,1523,1521
22294,1530,1528,1526,1524
22295,1539,1531,1529,1527
22296,1542,1540,1532,1530
22297,1545,1543,1541,1533
22298,1548,1546,1544,1542
22299,1551,1549,1547,1545
22300,1554,1552,1550,1548
22301,1557,1555,1553,1551
22302,1560,1558,1556,1554
22303,1563,1561,1559,1557
22304,1566,1564,1562,1560
22305,1569,1567,1565,1563
22306,1572,1570,1568,1566
22307,1575,1573,1571,1569
22308,1578,1576,1574,1572
22309,1581,1579,1577,1575
22310,1584,1582,1580,1578
22311,1587,1585,1583,1581
22312,1590,1588,1586,1584
22313,1593,1591,1589,1587
22314,1596,1594,1592,1590
22315,1599,1597,1595,1593
22316,1602,1600,1598,1596
22317,1605,1603,1601,1599
22318,1608,1606,1604,1602
22319,1611,1609,1607,1605
22320,1614,1612,1610,1608
22321,1617,1615,1613,1611
22322,1620,1618,1616,1614
22323,1623,1621,1619,1617
22324,1626,1624,1622,1620
22325,1635,1627,1625,1623
22326,1638,1636,1628,1626
22327,1641,1639,1637,1629
22328,1644,1642,1640,1638
22329,1647,1645,1643,1641
22330,1650,1648,1646,1644
22331,1653,1651,1649,1647
22332,1656,1654,1652,1650
22333,1659,1657,1655,1653
22334,1662,1660,1658,1656
22335,1665,1663,1661,1659
22336,1668,1666,1664,1662
22337,1671,1669,1667,1665
22338,1674,1672,1670,1668
22339,1677,1675,1673,1671
22340,1680,1678,1676,1674
22341,1683,1681,1679,1677
22342,1686,1684,1682,1680
22343,1689,1687,1685,1683
22344,1692,1690,1688,1686
22345,1695,1693,1691,1689
22346,1698,1696,1694,1692
22347,1701,1699,1697,1695
22348,1704,1702,1700,1698
22349,1707,1705,1703,1701
22350,1710,1708,1706,1704
22351,1713,1711,1709,1707
22352,1716,1714,1712,1710
22353,1719,1717,1715,1713
22354,1722,1720,1718,1716
22355,1731,1723,1721,1719
22356,1734,1732,1724,1722
22357,1737,1735,1733,1725
22358,1740,1738,1736,1734
22359,1743,1741,1739,1737
22360,1746,1744,1742,1740
22361,1749,1747,1745,1743
22362,1752,1750,1748,1746
22363,1755,1753,1751,1749
22364,1758,1756,1754,1752
22365,1761,1759,1757,1755
22366,1764,1762,1760,1758
22367,1767,1765,1763,1761
22368,1770,1768,1766,1764
22369,1773,1771,1769,1767
22370,1776,1774,1772,1770
22371,1779,1777,1775,1773
22372,1782,1780,1778,1776
22373,1785,1783,1781,1779
22374,1788,1786,1784,1782
22375,1791,1789,1787,1785
22376,1794,1792,1790,1788
22377,1797,1795,1793,1791
22378,1800,1798,1796,1794
22379,1803,1801,1799,1797
22380,1806,1804,1802,1800
22381,1809,1807,1805,1803
22382,1812,1810,1808,1806
22383,1815,1813,1811,1809
22384,1818,1816,1814,1812
22385,1827,1819,1817,1815
22386,1830,1828,1820,1818
22387,1833,1831,1829,1821
22388,1836,1834,1832,1830
22389,1839,1837,1835,1833
22390,1842,1840,1838,1836
22391,1845,1843,1841,1839
22392,1848,1846,1844,1842
22393,1851,1849,1847,1845
22394,1854,1852,1850,1848
22395,1857,1855,1853,1851
22396,1860,1858,1856,1854
22397,1863,1861,1859,1857
22398,1866,1864,1862,1860
22399,1869,1867,1865,1863
22400,1872,1870,1868,1866
22401,1875,1873,1871,1869
22402,1878,1876,1874,1872
22403,1881,1879,1877,1875
22404,1884,1882,1880,1878
22405,1887,1885,1883,1881
22406,1890,1888,1886,1884
22407,1893,1891,1889,1887
22408,1896,1894,1892,1890
22409,1899,1897,1895,1893
22410,1902,1900,1898,1896
22411,1905,1903,1901,1899
22412,1908,1906,1904,1902
22413,1911,1909,1907,1905
22414,1914,1912,1910,1908
22415,1923,1915,1913,1911
22416,1926,1924,1916,1914
22417,1929,1927,1925,1917
22418,1932,1930,1928,1926
22419,1935,1933,1931,1929
22420,1938,1936,1934,1932
22421,1941,1939,1937,1935
22422,1944,1942,1940,1938
22423,1947,1945,1943,1941
22424,1950,1948,1946,1944
22425,1953,1951,1949,1947
22426,1956,1954,1952,1950
22427,1959,1957,1955,1953
22428,1962,1960,1958,1956
22429,1965,1963,1961,1959
22430,1968,1966,1964,1962
22431,1971,1969,1967,1965
22432,1974,1972,1970,1968
22433,1977,1975,1973,1971
22434,1980,1978,1976,1974
22435,1983,1981,1979,1977
22436,1986,1984,1982,1980
22437,1989,1987,1985,1983
22438,1992,1990,1988,1986
22439,1995,1993,1991,1989
22440,1998,1996,1994,1992
22441,2001,1999,1997,1995
22442,2004,2002,2000,1998
22443,2007,2005,2003,2001
22444,2010,2008,2006,2004
22445,2019,2011,2009,2007
22446,2022,2020,2012,2010
22447,2025,2023,2021,2013
22448,2028,2026,2024,2022
22449,2031,2029,2027,2025
22450,2034,2032,2030,2028
22451,2037,2035,2033,2031
22452,2040,2038,2036,2034
22453,2043,2041,2039,2037
22454,2046,2044,2042,2040
22455,2049,2047,2045,2043
22456,2052,2050,2048,2046
22457,2055,2053,2051,2049
22458,2058,2056,2054,2052
22459,2061,2059,2057,2055
22460,2064,2062,2060,2058
22461,2067,2065,2063,2061
22462,2070,2068,2066,2064
22463,2073,2071,2069,2067
22464,2076,2074,2072,2070
22465,2079,2077,2075,2073
22466,2082,2080,2078,2076
22467,2085,2083,2081,2079
22468,2088,2086,2084,2082
22469,2091,2089,2087,2085
22470,2094,2092,2090,2088
22471,2097,2095,2093,2091
22472,2100,2098,2096,2094
22473,2103,2101,2099,2097
22474,2106,2104,2102,2100
22475,2115,2107,2105,2103
22476,2118,2116,2108,2106
22477,2121,2119,2117,2109
22478,2124,2122,2120,2118
22479,2127,2125,2123,2121
22480,2130,2128,2126,2124
22481,2133,2131,2129,2127
22482,2136,2134,2132,2130
22483,2139,2137,2135,2133
22484,2142,2140,2138,2136
22485,2145,2143,2141,2139
22486,2148,2146,2144,2142
22487,2151,2149,2147,2145
22488,2154,2152,2150,2148
22489,2157,2155,2153,2151
22490,2160,2158,2156,2154
22491,2163,2161,2159,2157
22492,2166,2164,2162,2160
22493,2169,2167,2165,2163
22494,2172,2170,2168,2166
22495,2175,2173,2171,2169
22496,2178,2176,2174,2172
22497,2181,2179,2177,2175
22498,2184,2182,2180,2178
22499,2187,2185,2183,2181
22500,2190,2188,2186,2184
22501,2193,2191,2189,2187
22502,2196,2194,2192,2190
22503,2199,2197,2195,2193
22504,2202,2200,2198,2196
22505,2211,2203,2201,2199
22506,2214,2212,2204,2202
22507,2217,2215,2213,2205
22508,2220,2218,2216,2214
22509,2223,2221,2219,2217
22510,2226,2224,2222,2220
22511,2229,2227,2225,2223
22512,2232,2230,2228,2226
22513,2235,2233,2231,2229
22514,2238,2236,2234,2232
22515,2241,2239,2237,2235
22516,2244,2242,2240,2238
22517,2247,2245,2243,2241
22518,2250,2248,2246,2244
22519,2253,2251,2249,2247
22520,2256,2254,2252,2250
22521,2259,2257,2255,2253
22522,2262,2260,2258,2256
22523,2265,2263,2261,2259
22524,2268,2266,2264,2262
22525,2271,2269,2267,2265
22526,2274,2272,2270,2268
22527,2277,2275,2273,2271
22528,2280,2278,2276,2274
22529,2283,2281,2279,2277
22530,2286,2284,2282,2280
22531,2289,2287,2285,2283
22532,2292,2290,2288,2286
22533,2295,2293,2291,2289
22534,2298,2296,2294,2292
22535,2307,2299,2297,2295
22536,2310,2308,2300,2298
22537,2313,2311,2309,2301
22538,2316,2314,2312,2310
22539,2319,2317,2315,2313
22540,2322,2320,2318,2316
22541,2325,2323,2321,2319
22542,2328,2326,2324,2322
22543,2331,2329,2327,2325
22544,2334,2332,2330,2328
22545,2337,2335,2333,2331
22546,2340,2338,2336,2334
22547,2343,2341,2339,2337
22548,2346,2344,2342,2340
22549,2349,2347,2345,2343
22550,2352,2350,2348,2346
22551,2355,2353,2351,2349
22552,2358,2356,2354,2352
22553,2361,2359,2357,2355
22554,2364,2362,2360,2358
22555,2367,2365,2363,2361
22556,2370,2368,2366,2364
22557,2373,2371,2369,2367
22558,2376,2374,2372,2370
22559,2379,2377,2375,2373
22560,2382,2380,2378,2376
22561,2385,2383,2381,2379
22562,2388,2386,2384,2382
22563,2391,2389,2387,2385
22564,2394,2392,2390,2388
22565,2403,2395,2393,2391
22566,2406,2404,2396,2394
22567,2409,2407,2405,2397
22568,2412,2410,2408,2406
22569,2415,2413,2411,2409
22570,2418,2416,2414,2412
22571,2421,2419,2417,2415
22572,2424,2422,2420,2418
22573,2427,2425,2423,2421
22574,2430,2428,2426,2424
22575,2433,2431,2429,2427
22576,2436,2434,2432,2430
22577,2439,2437,2435,2433
22578,2442,2440,2438,2436
22579,2445,2443,2441,2439
22580,2448,2446,2444,2442
22581,2451,2449,2447,2445
22582,2454,2452,2450,2448
22583,2457,2455,2453,2451
22584,2460,2458,2456,2454
22585,2463,2461,2459,2457
22586,2466,2464,2462,2460
22587,2469,2467,2465,2463
22588,2472,2470,2468,2466
22589,2475,2473,2471,2469
22590,2478,2476,2474,2472
22591,2481,2479,2477,2475
22592,2484,2482,2480,2478
22593,2487,2485,2483,2481
22594,2490,2488,2486,2484
22595,2499,2491,2489,2487
22596,2502,2500,2492,2490
22597,2505,2503,2501,2493
22598,2508,2506,2504,2502
22599,2511,2509,2507,2505
22600,2514,2512,2510,2508
22601,2517,2515,2513,2511
22602,2520,2518,2516,2514
22603,2523,2521,2519,2517
22604,2526,2524,2522,2520
22605,2529,2527,2525,2523
22606,2532,2530,2528,2526
22607,2535,2533,2531,2529
22608,2538,2536,2534,2532
22609,2541,2539,2537,2535
22610,2544,2542,2540,2538
22611,2547,2545,2543,2541
22612,2550,2548,2546,2544
22613,2553,2551,2549,2547
22614,2556,2554,2552,2550
22615,2559,2557,2555,2553
22616,2562,2560,2558,2556
22617,2565,2563,2561,2559
22618,2568,2566,2564,2562
22619,2571,2569,2567,2565
22620,2574,2572,2570,2568
22621,2577,2575,2573,2571
22622,2580,2578,2576,2574
22623,2583,2581,2579,2577
22624,2586,2584,2582,2580
22625,2595,2587,2585,2583
22626,2598,2596,2588,2586
22627,2601,2599,2597,2589
22628,2604,2602,2600,2598
22629,2607,2605,2603,2601
22630,2610,2608,2606,2604
22631,2613,2611,2609,2607
22632,2616,2614,2612,2610
22633,2619,2617,2615,2613
22634,2622,2620,2618,2616
22635,2625,2623,2621,2619
22636,2628,2626,2624,2622
22637,2631,2629,2627,2625
22638,2634,2632,2630,2628
22639,2637,2635,2633,2631
22640,2640,2638,2636,2634
22641,2643,2641,2639,2637
22642,2646,2644,2642,2640
22643,2649,2647,2645,2643
22644,2652,2650,2648,2646
22645,2655,2653,2651,2649
22646,2658,2656,2654,2652
22647,2661,2659,2657,2655
22648,2664,2662,2660,2658
22649,2667,2665,2663,2661
22650,2670,2668,2666,2664
22651,2673,2671,2669,2667
22652,2676,2674,2672,2670
22653,2679,2677,2675,2673
22654,2682,2680,2678,2676
22655,2691,2683,2681,2679
22656,2694,2692,2684,2682
22657,2697,2695,2693,2685
22658,2700,2698,2696,2694
22659,2703,2701,2699,2697
22660,2706,2704,2702,2700
22661,2709,2707,2705,2703
22662,2712,2710,2708,2706
22663,2715,2713,2711,2709
22664,2718,2716,2714,2712
22665,2721,2719,2717,2715
22666,2724,2722,2720,2718
22667,2727,2725,2723,2721
22668,2730,2728,2726,2724
22669,2733,2731,2729,2727
22670,2736,2734,2732,2730
22671,2739,2737,2735,2733
22672,2742,2740,2738,2736
22673,2745,2743,2741,2739
22674,2748,2746,2744,2742
22675,2751,2749,2747,2745
22676,2754,2752,2750,2748
22677,2757,2755,2753,2751
22678,2760,2758,2756,2754
22679,2763,2761,2759,2757
22680,2766,2764,2762,2760
22681,2769,2767,2765,2763
22682,2772,2770,2768,2766
22683,2775,2773,2771,2769
22684,2778,2776,2774,2772
22685,2787,2779,2777,2775
22686,2790,2788,2780,2778
22687,2793,2791,2789,2781
22688,2796,2794,2792,2790
22689,2799,2797,2795,2793
22690,2802,2800,2798,2796
22691,2805,2803,2801,2799
22692,2808,2806,2804,2802
22693,2811,2809,2807,2805
22694,2814,2812,2810,2808
22695,2817,2815,2813,2811
22696,2820,2818,2816,2814
22697,2823,2821,2819,2817
22698,2826,2824,2822,2820
22699,2829,2827,2825,2823
22700,2832,2830,2828,2826
22701,2835,2833,2831,2829
22702,2838,2836,2834,2832
22703,2841,2839,2837,2835
22704,2844,2842,2840,2838
22705,2847,2845,2843,2841
22706,2850,2848,2846,2844
22707,2853,2851,2849,2847
22708,2856,2854,2852,2850
22709,2859,2857,2855,2853
22710,2862,2860,2858,2856
22711,2865,2863,2861,2859
22712,2868,2866,2864,2862
22713,2871,2869,2867,2865
22714,2874,2872,2870,2868
22715,2883,2875,2873,2871
22716,2886,2884,2876,2874
22717,2889,2887,2885,2877
22718,2892,2890,2888,2886
22719,2895,2893,2891,2889
22720,2898,2896,2894,2892
22721,2901,2899,2897,2895
22722,2904,2902,2900,2898
22723,2907,2905,2903,2901
22724,2910,2908,2906,2904
22725,2913,2911,2909,2907
22726,2916,2914,2912,2910
22727,2919,2917,2915,2913
22728,2922,2920,2918,2916
22729,2925,2923,2921,2919
22730,2928,2926,2924,2922
22731,2931,2929,2927,2925
22732,2934,2932,2930,2928
22733,2937,2935,2933,2931
22734,2940,2938,2936,2934
22735,2943,2941,2939,2937
22736,2946,2944,2942,2940
22737,2949,2947,2945,2943
22738,2952,2950,2948,2946
22739,2955,2953,2951,2949
22740,2958,2956,2954,2952
22741,2961,2959,2957,2955
22742,2964,2962,2960,2958
22743,2967,2965,2963,2961
22744,2970,2968,2966,2964
22745,-1,2971,2969,2967
22746,-1,-1,2972,2970
22747,-1,-1,-1,2973
22748,-1,-1,-1,-1
22749,-1,-1,-1,-1
22750,-1,-1,-1,-1
22751,-1,-1,-1,-1
22752,-1,-1,-1,-1
22753,-1,-1,-1,-1
22754,-1,-1,-1,-1
22755,103,-1,-1,-1
22756,106,104,-1,-1
22757,109,107,192,-1
22758,112,110,195,193
22759,115,113,198,196
22760,118,116,201,199
22761,121,119,204,202
22762,124,122,207,205
22763,127,125,210,208
22764,130,128,213,211
22765,133,131,216,214
22766,136,134,219,217
22767,139,137,222,220
22768,142,140,225,223
22769,145,143,228,226
22770,148,146,231,229
22771,151,149,234,232
22772,154,152,237,235
22773,157,155,240,238
22774,160,158,243,241
22775,163,161,246,244
22776,166,164,249,247
22777,169,167,252,250
22778,172,170,255,253
22779,175,173,258,256
22780,178,176,261,259
22781,181,179,264,262
22782,184,182,267,265
22783,187,185,270,268
22784,190,188,273,271
22785,199,191,276,274
22786,202,200,279,277
22787,205,203,288,280
22788,208,206,291,289
22789,211,209,294,292
22790,214,212,297,295
22791,217,215,300,298
22792,220,218,303,301
22793,223,221,306,304
22794,226,224,309,307
22795,229,227,312,310
22796,232,230,315,313
22797,235,233,318,316
22798,238,236,321,319
22799,241,239,324,322
22800,244,242,327,325
22801,247,245,330,328
22802,250,248,333,331
22803,253,251,336,334
22804,256,254,339,337
22805,259,257,342,340
22806,262,260,345,343
22807,265,263,348,346
22808,268,266,351,349
22809,271,269,354,352
22810,274,272,357,355
22811,277,275,360,358
22812,280,278,363,361
22813,283,281,366,364
22814,286,284,369,367
22815,295,287,372,370
22816,298,296,375,373
22817,301,299,384,376
22818,304,302,387,385
22819,307,305,390,388
22820,310,308,393,391
22821,313,311,396,394
22822,316,314,399,397
22823,319,317,402,400
22824,322,320,405,403
22825,325,323,408,406
22826,328,326,411,409
22827,331,329,414,412
22828,334,332,417,415
22829,337,335,420,418
22830,340,338,423,421
22831,343,341,426,424
22832,346,344,429,427
22833,349,347,432,430
22834,352,350,435,433
22835,355,353,438,436
22836,358,356,441,439
22837,361,359,444,442
22838,364,362,447,445
22839,367,365,450,448
22840,370,368,453,451
22841,373,371,456,454
22842,376,374,459,457
22843,379,377,462,460
22844,382,380,465,463
22845,391,383,468,466
22846,394,392,471,469
22847,397,395,480,472
22848,400,398,483,481
22849,403,401,486,484
22850,406,404,489,487
22851,409,407,492,490
22852,412,410,495,493
22853,415,413,498,496
22854,418,416,501,499
22855,421,419,504,502
22856,424,422,507,505
22857,427,425,510,508
22858,430,428,513,511
22859,433,431,516,514
22860,436,434,519,517
22861,439,437,522,520
22862,442,440,525,523
22863,445,443,528,526
22864,448,446,531,529
22865,451,449,534,532
22866,454,452,537,535
22867,457,455,540,538
22868,460,458,543,541
22869,463,461,546,544
22870,466,464,549,547
22871,469,467,552,550
22872,472,470,555,553
22873,475,473,558,556
22874,478,476,561,559
22875,487,479,564,562
22876,490,488,567,565
22877,493,491,576,568
22878,496,494,579,577
22879,499,497,582,580
22880,502,500,585,583
22881,505,503,588,586
22882,508,506,591,589
22883,511,509,594,592
22884,514,512,597,595
22885,517,515,600,598
22886,520,518,603,601
22887,523,521,606,604
22888,526,524,609,607
22889,529,527,612,610
22890,532,530,615,613
22891,535,533,618,616
22892,538,536,621,619
22893,541,539,624,622
22894,544,542,627,625
22895,547,545,630,628
22896,550,548,633,631
22897,553,551,636,634
22898,556,554,639,637
22899,559,557,642,640
22900,562,560,645,643
22901,565,563,648,646
22902,568,566,651,649
22903,571,569,654,652
22904,574,572,657,655
22905,583,575,660,658
22906,586,584,663,661
22907,589,587,672,664
22908,592,590,675,673
22909,595,593,678,676
22910,598,596,681,679
22911,601,599,684,682
22912,604,602,687,685
22913,607,605,690,688
22914,610,608,693,691
22915,613,611,696,694
22916,616,614,699,697
22917,619,617,702,700
22918,622,620,705,703
22919,625,623,708,706
22920,628,626,711,709
22921,631,629,714,712
22922,634,632,717,715
22923,637,635,720,718
22924,640,638,723,721
22925,643,641,726,724
22926,646,644,729,727
22927,649,647,732,730
22928,652,650,735,733
22929,655,653,738,736
22930,658,656,741,739
22931,661,659,744,742
22932,664,662,747,745
22933,667,665,750,748
22934,670,668,753,751
22935,679,671,756,754
22936,682,680,759,757
22937,685,683,768,760
22938,688,686,771,769
22939,691,689,774,772
22940,694,692,777,775
22941,697,695,780,778
22942,700,698,783,781
22943,703,701,786,784
22944,706,704,789,787
22945,709,707,792,790
22946,712,710,795,793
22947,715,713,798,796
22948,718,716,801,799
22949,721,719,804,802
22950,724,722,807,805
22951,727,725,810,808
22952,730,728,813,811
22953,733,731,816,814
22954,736,734,819,817
22955,739,737,822,820
22956,742,740,825,823
22957,745,743,828,826
22958,748,746,831,829
22959,751,749,834,832
22960,754,752,837,835
22961,757,755,840,838
22962,760,758,843,841
22963,763,761,846,844
22964,766,764,849,847
22965,775,767,852,850
22966,778,776,855,853
22967,781,779,864,856
22968,784,782,867,865
22969,787,785,870,868
22970,790,788,873,871
22971,793,791,876,874
22972,796,794,879,877
22973,799,797,882,880
22974,802,800,885,883
22975,805,803,888,886
22976,808,806,891,889
22977,811,809,894,892
22978,814,812,897,895
22979,817,815,900,898
22980,820,818,903,901
22981,823,821,906,904
22982,826,824,909,907
22983,829,827,912,910
22984,832,830,915,913
22985,835,833,918,916
22986,838,836,921,919
22987,841,839,924,922
22988,844,842,927,925
22989,847,845,930,928
22990,850,848,933,931
22991,853,851,936,934
22992,856,854,939,937
22993,859,857,942,940
22994,862,860,945,943
22995,871,863,948,946
22996,874,872,951,949
22997,877,875,960,952
22998,880,878,963,961
22999,883,881,966,964
23000,886,884,969,967
23001,889,887,972,970
23002,892,890,975,973
23003,895,893,978,976
23004,898,896,981,979
23005,901,899,984,982
23006,904,902,987,985
23007,907,905,990,988
23008,910,908,993,991
23009,913,911,996,994
23010,916,914,999,997
23011,919,917,1002,1000
23012,922,920,1005,1003
23013,925,923,1008,1006
23014,928,926,1011,1009
23015,931,929,1014,1012
23016,934,932,1017,1015
23017,937,935,1020,1018
23018,940,938,1023,1021
23019,943,941,1026,1024
23020,946,944,1029,1027
23021,949,947,1032,1030
23022,952,950,1035,1033
23023,955,953,1038,1036
23024,958,956,1041,1039
23025,967,959,1044,1042
23026,970,968,1047,1045
23027,973,971,1056,1048
23028,976,974,1059,1057
23029,979,977,1062,1060
23030,982,980,1065,1063
23031,985,983,1068,1066
23032,988,986,1071,1069
23033,991,989,1074,1072
23034,994,992,1077,1075
23035,997,995,1080,1078
23036,1000,998,1083,1081
23037,1003,1001,1086,1084
23038,1006,1004,1089,1087
23039,1009,1007,1092,1090
23040,1012,1010,1095,1093
23041,1015,1013,1098,1096
23042,1018,1016,1101,1099
23043,1021,1019,1104,1102
23044,1024,1022,1107,1105
23045,1027,1025,1110,1108
23046,1030,1028,1113,1111
23047,1033,1031,1116,1114
23048,1036,1034,1119,1117
23049,1039,1037,1122,1120
23050,1042,1040,1125,1123
23051,1045,1043,1128,1126
23052,1048,1046,1131,1129
23053,1051,1049,1134,1132
23054,1054,1052,1137,1135
23055,1063,1055,1140,1138
23056,1066,1064,1143,1141
23057,1069,1067,1152,1144
23058,1072,1070,1155,1153
23059,1075,1073,1158,1156
23060,1078,1076,1161,1159
23061,1081,1079,1164,1162
23062,1084,1082,1167,1165
23063,1087,1085,1170,1168
23064,1090,1088,1173,1171
23065,1093,1091,1176,1174
23066,1096,1094,1179,1177
23067,1099,1097,1182,1180
23068,1102,1100,1185,1183
23069,1105,1103,1188,1186
23070,1108,1106,1191,1189
23071,1111,1109,1194,1192
23072,1114,1112,1197,1195
23073,1117,1115,1200,1198
23074,1120,1118,1203,1201
23075,1123,1121,1206,1204
23076,1126,1124,1209,1207
23077,1129,1127,1212,1210
23078,1132,1130,1215,1213
23079,1135,1133,1218,1216
23080,1138,1136,1221,1219
23081,1141,1139,1224,1222
23082,1144,1142,1227,1225
23083,1147,1145,1230,1228
23084,1150,1148,1233,1231
23085,1159,1151,1236,1234
23086,1162,1160,1239,1237
23087,1165,1163,1248,1240
23088,1168,1166,1251,1249
23089,1171,1169,1254,1252
23090,1174,1172,1257,1255
23091,1177,1175,1260,1258
23092,1180,1178,1263,1261
23093,1183,1181,1266,1264
23094,1186,1184,1269,1267
23095,1189,1187,1272,1270
23096,1192,1190,1275,1273
23097,1195,1193,1278,1276
23098,1198,1196,1281,1279
23099,1201,1199,1284,1282
23100,1204,1202,1287,1285
23101,1207,1205,1290,1288
23102,1210,1208,1293,1291
23103,1213,1211,1296,1294
23104,1216,1214,1299,1297
23105,1219,1217,1302,1300
23106,1222,1220,1305,1303
23107,1225,1223,1308,1306
23108,1228,1226,1311,1309
23109,1231,1229,1314,1312
23110,1234,1232,1317,1315
23111,1237,1235,1320,1318
23112,1240,1238,1323,1321
23113,1243,1241,1326,1324
23114,1246,1244,1329,1327
23115,1255,1247,1332,1330
23116,1258,1256,1335,1333
23117,1261,1259,1344,1336
23118,1264,1262,1347,1345
23119,1267,1265,1350,1348
23120,1270,1268,1353,1351
23121,1273,1271,1356,1354
23122,1276,1274,1359,1357
23123,1279,1277,1362,1360
23124,1282,1280,1365,1363
23125,1285,1283,1368,1366
23126,1288,1286,1371,1369
23127,1291,1289,1374,1372
23128,1294,1292,1377,1375
23129,1297,1295,1380,1378
23130,1300,1298,1383,1381
23131,1303,1301,1386,1384
23132,1306,1304,1389,1387
23133,1309,1307,1392,1390
23134,1312,1310,1395,1393
23135,1315,1313,1398,1396
23136,1318,1316,1401,1399
23137,1321,1319,1404,1402
23138,1324,1322,1407,1405
23139,1327,1325,1410,1408
23140,1330,1328,1413,1411
23141,1333,1331,1416,1414
23142,1336,1334,1419,1417
23143,1339,1337,1422,1420
23144,1342,1340,1425,1423
23145,1351,1343,1428,1426
23146,1354,1352,1431,1429
23147,1357,1355,1440,1432
23148,1360,1358,1443,1441
23149,1363,1361,1446,1444
23150,1366,1364,1449,1447
23151,1369,1367,1452,1450
23152,1372,1370,1455,1453
23153,1375,1373,1458,1456
23154,1378,1376,1461,1459
23155,1381,1379,1464,1462
23156,1384,1382,1467,1465
23157,1387,1385,1470,1468
23158,1390,1388,1473,1471
23159,1393,1391,1476,1474
23160,1396,1394,1479,1477
23161,1399,1397,1482,1480
23162,1402,1400,1485,1483
23163,1405,1403,1488,1486
23164,1408,1406,1491,1489
23165,1411,1409,1494,1492
23166,1414,1412,1497,1495
23167,1417,1415,1500,1498
23168,1420,1418,1503,1501
23169,1423,1421,1506,1504
23170,1426,1424,1509,1507
23171,1429,1427,1512,1510
23172,1432,1430,1515,1513
23173,1435,1433,1518,1516
23174,1438,1436,1521,1519
23175,1447,1439,1524,1522
23176,1450,1448,1527,1525
23177,1453,1451,1536,1528
23178,1456,1454,1539,1537
23179,1459,1457,1542,1540
23180,1462,1460,1545,1543
23181,1465,1463,1548,1546
23182,1468,1466,1551,1549
23183,1471,1469,1554,1552
23184,1474,1472,1557,1555
23185,1477,1475,1560,1558
23186,1480,1478,1563,1561
23187,1483,1481,1566,1564
23188,1486,1484,1569,1567
23189,1489,1487,1572,1570
23190,1492,1490,1575,1573
23191,1495,1493,1578,1576
23192,1498,1496,1581,1579
23193,1501,1499,1584,1582
23194,1504,1502,1587,1585
23195,1507,1505,1590,1588
23196,1510,1508,1593,1591
23197,1513,1511,1596,1594
23198,1516,1514,1599,1597
23199,1519,1517,1602,1600
23200,1522,1520,1605,1603
23201,1525,1523,1608,1606
23202,1528,1526,1611,1609
23203,1531,1529,1614,1612
23204,1534,1532,1617,1615
23205,1543,1535,1620,1618
23206,1546,1544,1623,1621
23207,1549,1547,1632,1624
23208,1552,1550,1635,1633
23209,1555,1553,1638,1636
23210,1558,1556,1641,1639
23211,1561,1559,1644,1642
23212,1564,1562,1647,1645
23213,1567,1565,1650,1648
23214,1570,1568,1653,1651
23215,1573,1571,1656,1654
23216,1576,1574,1659,1657
23217,1579,1577,1662,1660
23218,1582,1580,1665,1663
23219,1585,1583,1668,1666
23220,1588,1586,1671,1669
23221,1591,1589,1674,1672
23222,1594,1592,1677,1675
23223,1597,1595,1680,1678
23224,1600,1598,1683,1681
23225,1603,1601,1686,1684
23226,1606,1604,1689,1687
23227,1609,1607,1692,1690
23228,1612,1610,1695,1693
23229,1615,1613,1698,1696
23230,1618,1616,1701,1699
23231,1621,1619,1704,1702
23232,1624,1622,1707,1705
23233,1627,1625,1710,1708
23234,1630,1628,1713,1711
23235,1639,1631,1716,1714
23236,1642,1640,1719,1717
23237,1645,1643,1728,1720
23238,1648,1646,1731,1729
23239,1651,1649,1734,1732
23240,1654,1652,1737,1735
23241,1657,1655,1740,1738
23242,1660,1658,1743,1741
23243,1663,1661,1746,1744
23244,1666,1664,1749,1747
23245,1669,1667,1752,1750
23246,1672,1670,1755,1753
23247,1675,1673,1758,1756
23248,1678,1676,1761,1759
23249,1681,1679,1764,1762
23250,1684,1682,1767,1765
23251,1687,1685,1770,1768
23252,1690,1688,1773,1771
23253,1693,1691,1776,1774
23254,1696,1694,1779,1777
23255,1699,1697,1782,1780
23256,1702,1700,1785,1783
23257,1705,1703,1788,1786
23258,1708,1706,1791,1789
23259,1711,1709,1794,1792
23260,1714,1712,1797,1795
23261,1717,1715,1800,1798
23262,1720,1718,1803,1801
23263,1723,1721,1806,1804
23264,1726,1724,1809,1807
23265,1735,1727,1812,1810
23266,1738,1736,1815,1813
23267,1741,1739,1824,1816
23268,1744,1742,1827,1825
23269,1747,1745,1830,1828
23270,1750,1748,1833,1831
23271,1753,1751,1836,1834
23272,1756,1754,1839,1837
23273,1759,1757,1842,1840
23274,1762,1760,1845,1843
23275,1765,1763,1848,1846
23276,1768,1766,1851,1849
23277,1771,1769,1854,1852
23278,1774,1772,1857,1855
23279,1777,1775,1860,1858
23280,1780,1778,1863,1861
23281,1783,1781,1866,1864
23282,1786,1784,1869,1867
23283,1789,1787,1872,1870
23284,1792,1790,1875,1873
23285,1795,1793,1878,1876
23286,1798,1796,1881,1879
23287,1801,1799,1884,1882
23288,1804,1802,1887,1885
23289,1807,1805,1890,1888
23290,1810,1808,1893,1891
23291,1813,1811,1896,1894
23292,1816,1814,1899,1897
23293,1819,1817,1902,1900
23294,1822,1820,1905,1903
23295,1831,1823,1908,1906
23296,1834,1832,1911,1909
23297,1837,1835,1920,1912
23298,1840,1838,1923,1921
23299,1843,1841,1926,1924
23300,1846,1844,1929,1927
23301,1849,1847,1932,1930
23302,1852,1850,1935,1933
23303,1855,1853,1938,1936
23304,1858,1856,1941,1939
23305,1861,1859,1944,1942
23306,1864,1862,1947,1945
23307,1867,1865,1950,1948
23308,1870,1868,1953,1951
23309,1873,1871,1956,1954
23310,1876,1874,1959,1957
23311,1879,1877,1962,1960
23312,1882,1880,1965,1963
23313,1885,1883,1968,1966
23314,1888,1886,1971,1969
23315,1891,1889,1974,1972
23316,1894,1892,1977,1975
23317,1897,1895,1980,1978
23318,1900,1898,1983,1981
23319,1903,1901,1986,1984
23320,1906,1904,1989,1987
23321,1909,1907,1992,1990
23322,1912,1910,1995,1993
23323,1915,1913,1998,1996
23324,1918,1916,2001,1999
23325,1927,1919,2004,2002
23326,1930,1928,2007,2005
23327,1933,1931,2016,2008
23328,1936,1934,2019,2017
23329,1939,1937,2022,2020
23330,1942,1940,2025,2023
23331,1945,1943,2028,2026
23332,1948,1946,2031,2029
23333,1951,1949,2034,2032
23334,1954,1952,2037,2035
23335,1957,1955,2040,2038
23336,1960,1958,2043,2041
23337,1963,1961,2046,2044
23338,1966,1964,2049,2047
23339,1969,1967,2052,2050
23340,1972,1970,2055,2053
23341,1975,1973,2058,2056
23342,1978,1976,2061,2059
23343,1981,1979,2064,2062
23344,1984,1982,2067,2065
23345,1987,1985,2070,2068
23346,1990,1988,2073,2071
23347,1993,1991,2076,2074
23348,1996,1994,2079,2077
23349,1999,1997,2082,2080
23350,2002,2000,2085,2083
23351,2005,2003,2088,2086
23352,2008,2006,2091,2089
23353,2011,2009,2094,2092
23354,2014,2012,2097,2095
23355,2023,2015,2100,2098
23356,2026,2024,2103,2101
23357,2029,2027,2112,2104
23358,2032,2030,2115,2113
23359,2035,2033,2118,2116
23360,2038,2036,2121,2119
23361,2041,2039,2124,2122
23362,2044,2042,2127,2125
23363,2047,2045,2130,2128
23364,2050,2048,2133,2131
23365,2053,2051,2136,2134
23366,2056,2054,2139,2137
23367,2059,2057,2142,2140
23368,2062,2060,2145,2143
23369,2065,2063,2148,2146
23370,2068,2066,2151,2149
23371,2071,2069,2154,2152
23372,2074,2072,2157,2155
23373,2077,2075,2160,2158
23374,2080,2078,2163,2161
23375,2083,2081,2166,2164
23376,2086,2084,2169,2167
23377,2089,2087,2172,2170
23378,2092,2090,2175,2173
23379,2095,2093,2178,2176
23380,2098,2096,2181,2179
23381,2101,2099,2184,2182
23382,2104,2102,2187,2185
23383,2107,2105,2190,2188
23384,2110,2108,2193,2191
23385,2119,2111,2196,2194
23386,2122,2120,2199,2197
23387,2125,2123,2208,2200
23388,2128,2126,2211,2209
23389,2131,2129,2214,2212
23390,2134,2132,2217,2215
23391,2137,2135,2220,2218
23392,2140,2138,2223,2221
23393,2143,2141,2226,2224
23394,2146,2144,2229,2227
23395,2149,2147,2232,2230
23396,2152,2150,2235,2233
23397,2155,2153,2238,2236
23398,2158,2156,2241,2239
23399,2161,2159,2244,2242
23400,2164,2162,2247,2245
23401,2167,2165,2250,2248
23402,2170,2168,2253,2251
23403,2173,2171,2256,2254
23404,2176,2174,2259,2257
23405,2179,2177,2262,2260
23406,2182,2180,2265,2263
23407,2185,2183,2268,2266
23408,2188,2186,2271,2269
23409,2191,2189,2274,2272
23410,2194,2192,2277,2275
23411,2197,2195,2280,2278
23412,2200,2198,2283,2281
23413,2203,2201,2286,2284
23414,2206,2204,2289,2287
23415,2215,2207,2292,2290
23416,2218,2216,2295,2293
23417,2221,2219,2304,2296
23418,2224,2222,2307,2305
23419,2227,2225,2310,2308
23420,2230,2228,2313,2311
23421,2233,2231,2316,2314
23422,2236,2234,2319,2317
23423,2239,2237,2322,2320
23424,2242,2240,2325,2323
23425,2245,2243,2328,2326
23426,2248,2246,2331,2329
23427,2251,2249,2334,2332
23428,2254,2252,2337,2335
23429,2257,2255,2340,2338
23430,2260,2258,2343,2341
23431,2263,2261,2346,2344
23432,2266,2264,2349,2347
23433,2269,2267,2352,2350
23434,2272,2270,2355,2353
23435,2275,2273,2358,2356
23436,2278,2276,2361,2359
23437,2281,2279,2364,2362
23438,2284,2282,2367,2365
23439,2287,2285,2370,2368
23440,2290,2288,2373,2371
23441,2293,2291,2376,2374
23442,2296,2294,2379,2377
23443,2299,2297,2382,2380
23444,2302,2300,2385,2383
23445,2311,2303,2388,2386
23446,2314,2312,2391,2389
23447,2317,2315,2400,2392
23448,2320,2318,2403,2401
23449,2323,2321,2406,2404
23450,2326,2324,2409,2407
23451,2329,2327,2412,2410
23452,2332,2330,2415,2413
23453,2335,2333,2418,2416
23454,2338,2336,2421,2419
23455,2341,2339,2424,2422
23456,2344,2342,2427,2425
23457,2347,2345,2430,2428
23458,2350,2348,2433,2431
23459,2353,2351,2436,2434
23460,2356,2354,2439,2437
23461,2359,2357,2442,2440
23462,2362,2360,2445,2443
23463,2365,2363,2448,2446
23464,2368,2366,2451,2449
23465,2371,2369,2454,2452
23466,2374,2372,2457,2455
23467,2377,2375,2460,2458
23468,2380,2378,2463,2461
23469,2383,2381,2466,2464
23470,2386,2384,2469,2467
23471,2389,2387,2472,2470
23472,2392,2390,2475,2473
23473,2395,2393,2478,2476
23474,2398,2396,2481,2479
23475,2407,2399,2484,2482
23476,2410,2408,2487,2485
23477,2413,2411,2496,2488
23478,2416,2414,2499,2497
23479,2419,2417,2502,2500
23480,2422,2420,2505,2503
23481,2425,2423,2508,2506
23482,2428,2426,2511,2509
23483,2431,2429,2514,2512
23484,2434,2432,2517,2515
23485,2437,2435,2520,2518
23486,2440,2438,2523,2521
23487,2443,2441,2526,2524
23488,2446,2444,2529,2527
23489,2449,2447,2532,2530
23490,2452,2450,2535,2533
23491,2455,2453,2538,2536
23492,2458,2456,2541,2539
23493,2461,2459,2544,2542
23494,2464,2462,2547,2545
23495,2467,2465,2550,2548
23496,2470,2468,2553,2551
23497,2473,2471,2556,2554
23498,2476,2474,2559,2557
23499,2479,2477,2562,2560
23500,2482,2480,2565,2563
23501,2485,2483,2568,2566
23502,2488,2486,2571,2569
23503,2491,2489,2574,2572
23504,2494,2492,2577,2575
23505,2503,2495,2580,2578
23506,2506,2504,2583,2581
23507,2509,2507,2592,2584
23508,2512,2510,2595,2593
23509,2515,2513,2598,2596
23510,2518,2516,2601,2599
23511,2521,2519,2604,2602
23512,2524,2522,2607,2605
23513,2527,2525,2610,2608
23514,2530,2528,2613,2611
23515,2533,2531,2616,2614
23516,2536,2534,2619,2617
23517,2539,2537,2622,2620
23518,2542,2540,2625,2623
23519,2545,2543,2628,2626
23520,2548,2546,2631,2629
23521,2551,2549,2634,2632
23522,2554,2552,2637,2635
23523,2557,2555,2640,2638
23524,2560,2558,2643,2641
23525,2563,2561,2646,2644
23526,2566,2564,2649,2647
23527,2569,2567,2652,2650
23528,2572,2570,2655,2653
23529,2575,2573,2658,2656
23530,2578,2576,2661,2659
23531,2581,2579,2664,2662
23532,2584,2582,2667,2665
23533,2587,2585,2670,2668
23534,2590,2588,2673,2671
23535,2599,2591,2676,2674
23536,2602,2600,2679,2677
23537,2605,2603,2688,2680
23538,2608,2606,2691,2689
23539,2611,2609,2694,2692
23540,2614,2612,2697,2695
23541,2617,2615,2700,2698
23542,2620,2618,2703,2701
23543,2623,2621,2706,2704
23544,2626,2624,2709,2707
23545,2629,2627,2712,2710
23546,2632,2630,2715,2713
23547,2635,2633,2718,2716
23548,2638,2636,2721,2719
23549,2641,2639,2724,2722
23550,2644,2642,2727,2725
23551,2647,2645,2730,2728
23552,2650,2648,2733,2731
23553,2653,2651,2736,2734
23554,2656,2654,2739,2737
23555,2659,2657,2742,2740
23556,2662,2660,2745,2743
23557,2665,2663,2748,2746
23558,2668,2666,2751,2749
23559,2671,2669,2754,2752
23560,2674,2672,2757,2755
23561,2677,2675,2760,2758
23562,2680,2678,2763,2761
23563,2683,2681,2766,2764
23564,2686,2684,2769,2767
23565,2695,2687,2772,2770
23566,2698,2696,2775,2773
23567,2701,2699,2784,2776
23568,2704,2702,2787,2785
23569,2707,2705,2790,2788
23570,2710,2708,2793,2791
23571,2713,2711,2796,2794
23572,2716,2714,2799,2797
23573,2719,2717,2802,2800
23574,2722,2720,2805,2803
23575,2725,2723,2808,2806
23576,2728,2726,2811,2809
23577,2731,2729,2814,2812
23578,2734,2732,2817,2815
23579,2737,2735,2820,2818
23580,2740,2738,2823,2821
23581,2743,2741,2826,2824
23582,2746,2744,2829,2827
23583,2749,2747,2832,2830
23584,2752,2750,2835,2833
23585,2755,2753,2838,2836
23586,2758,2756,2841,2839
23587,2761,2759,2844,2842
23588,2764,2762,2847,2845
23589,2767,2765,2850,2848
23590,2770,2768,2853,2851
23591,2773,2771,2856,2854
23592,2776,2774,2859,2857
23593,2779,2777,2862,2860
23594,2782,2780,2865,2863
23595,2791,2783,2868,2866
23596,2794,2792,2871,2869
23597,2797,2795,2880,2872
23598,2800,2798,2883,2881
23599,2803,2801,2886,2884
23600,2806,2804,2889,2887
23601,2809,2807,2892,2890
23602,2812,2810,2895,2893
23603,2815,2813,2898,2896
23604,2818,2816,2901,2899
23605,2821,2819,2904,2902
23606,2824,2822,2907,2905
23607,2827,2825,2910,2908
23608,2830,2828,2913,2911
23609,2833,2831,2916,2914
23610,2836,2834,2919,2917
23611,2839,2837,2922,2920
23612,2842,2840,2925,2923
23613,2845,2843,2928,2926
23614,2848,2846,2931,2929
23615,2851,2849,2934,2932
23616,2854,2852,2937,2935
23617,2857,2855,2940,2938
23618,2860,2858,2943,2941
23619,2863,2861,2946,2944
23620,2866,2864,2949,2947
23621,2869,2867,2952,2950
23622,2872,2870,2955,2953
23623,2875,2873,2958,2956
23624,2878,2876,2961,2959
23625,2887,2879,2964,2962
23626,2890,2888,2967,2965
23627,2893,2891,2976,2968
23628,2896,2894,2979,2977
23629,2899,2897,2982,2980
23630,2902,2900,2985,2983
23631,2905,2903,2988,2986
23632,2908,2906,2991,2989
23633,2911,2909,2994,2992
23634,2914,2912,2997,2995
23635,2917,2915,3000,2998
23636,2920,2918,3003,3001
23637,2923,2921,3006,3004
23638,2926,2924,3009,3007
23639,2929,2927,3012,3010
23640,2932,2930,3015,3013
23641,2935,2933,3018,3016
23642,2938,2936,3021,3019
23643,2941,2939,3024,3022
23644,2944,2942,3027,3025
23645,2947,2945,3030,3028
23646,2950,2948,3033,3031
23647,2953,2951,3036,3034
23648,2956,2954,3039,3037
23649,2959,2957,3042,3040
23650,2962,2960,3045,3043
23651,2965,2963,3048,3046
23652,2968,2966,3051,3049
23653,2971,2969,3054,3052
23654,2974,2972,3057,3055
23655,-1,2975,3060,3058
23656,-1,-1,3063,3061
23657,-1,-1,-1,3064
23658,-1,-1,-1,-1
23659,-1,-1,-1,-1
23660,-1,-1,-1,-1
23661,-1,-1,-1,-1
23662,-1,-1,-1,-1
23663,-1,-1,-1,-1
23664,-1,-1,-1,-1
23665,194,-1,-1,-1
23666,197,195,-1,-1
23667,200,198,196,-1
23668,203,201,199,197
23669,206,204,202,200
23670,209,207,205,203
23671,212,210,208,206
23672,215,213,211,209
23673,218,216,214,212
23674,221,219,217,215
23675,224,222,220,218
23676,227,225,223,221
23677,230,228,226,224
23678,233,231,229,227
23679,236,234,232,230
23680,239,237,235,233
23681,242,240,238,236
23682,245,243,241,239
23683,248,246,244,242
23684,251,249,247,245
23685,254,252,250,248
23686,257,255,253,251
23687,260,258,256,254
23688,263,261,259,257
23689,266,264,262,260
23690,269,267,265,263
23691,272,270,268,266
23692,275,273,271,269
23693,278,276,274,272
23694,281,279,277,275
23695,290,282,280,278
23696,293,291,283,281
23697,296,294,292,284
23698,299,297,295,293
23699,302,300,298,296
23700,305,303,301,299
23701,308,306,304,302
23702,311,309,307,305
23703,314,312,310,308
23704,317,315,313,311
23705,320,318,316,314
23706,323,321,319,317
23707,326,324,322,320
23708,329,327,325,323
23709,332,330,328,326
23710,335,333,331,329
23711,338,336,334,332
23712,341,339,337,335
23713,344,342,340,338
23714,347,345,343,341
23715,350,348,346,344
23716,353,351,349,347
23717,356,354,352,350
23718,359,357,355,353
23719,362,360,358,356
23720,365,363,361,359
23721,368,366,364,362
23722,371,369,367,365
23723,374,372,370,368
23724,377,375,373,371
23725,386,378,376,374
23726,389,387,379,377
23727,392,390,388,380
23728,395,393,391,389
23729,398,396,394,392
23730,401,399,397,395
23731,404,402,400,398
23732,407,405,403,401
23733,410,408,406,404
23734,413,411,409,407
23735,416,414,412,410
23736,419,417,415,413
23737,422,420,418,416
23738,425,423,421,419
23739,428,426,424,422
23740,431,429,427,425
23741,434,432,430,428
23742,437,435,433,431
23743,440,438,436,434
23744,443,441,439,437
23745,446,444,442,440
23746,449,447,445,443
23747,452,450,448,446
23748,455,453,451,449
23749,458,456,454,452
23750,461,459,457,455
23751,464,462,460,458
23752,467,465,463,461
23753,470,468,466,464
23754,473,471,469,467
23755,482,474,472,470
23756,485,483,475,473
23757,488,486,484,476
23758,491,489,487,485
23759,494,492,490,488
23760,497,495,493,491
23761,500,498,496,494
23762,503,501,499,497
23763,506,504,502,500
23764,509,507,505,503
23765,512,510,508,506
23766,515,513,511,509
23767,518,516,514,512
23768,521,519,517,515
23769,524,522,520,518
23770,527,525,523,521
23771,530,528,526,524
23772,533,531,529,527
23773,536,534,532,530
23774,539,537,535,533
23775,542,540,538,536
23776,545,543,541,539
23777,548,546,544,542
23778,551,549,547,545
23779,554,552,550,548
23780,557,555,553,551
23781,560,558,556,554
23782,563,561,559,557
23783,566,564,562,560
23784,569,567,565,563
23785,578,570,568,566
23786,581,579,571,569
23787,584,582,580,572
23788,587,585,583,581
23789,590,588,586,584
23790,593,591,589,587
23791,596,594,592,590
23792,599,597,595,593
23793,602,600,598,596
23794,605,603,601,599
23795,608,606,604,602
23796,611,609,607,605
23797,614,612,610,608
23798,617,615,613,611
23799,620,618,616,614
23800,623,621,619,617
23801,626,624,622,620
23802,629,627,625,623
23803,632,630,628,626
23804,635,633,631,629
23805,638,636,634,632
23806,641,639,637,635
23807,644,642,640,638
23808,647,645,643,641
23809,650,648,646,644
23810,653,651,649,647
23811,656,654,652,650
23812,659,657,655,653
23813,662,660,658,656
23814,665,663,661,659
23815,674,666,664,662
23816,677,675,667,665
23817,680,678,676,668
23818,683,681,679,677
23819,686,684,682,680
23820,689,687,685,683
23821,692,690,688,686
23822,695,693,691,689
23823,698,696,694,692
23824,701,699,697,695
23825,704,702,700,698
23826,707,705,703,701
23827,710,708,706,704
23828,713,711,709,707
23829,716,714,712,710
23830,719,717,715,713
23831,722,720,718,716
23832,725,723,721,719
23833,728,726,724,722
23834,731,729,727,725
23835,734,732,730,728
23836,737,735,733,731
23837,740,738,736,734
23838,743,741,739,737
23839,746,744,742,740
23840,749,747,745,743
23841,752,750,748,746
23842,755,753,751,749
23843,758,756,754,752
23844,761,759,757,755
23845,770,762,760,758
23846,773,771,763,761
23847,776,774,772,764
23848,779,777,775,773
23849,782,780,778,776
23850,785,783,781,779
23851,788,786,784,782
23852,791,789,787,785
23853,794,792,790,788
23854,797,795,793,791
23855,800,798,796,794
23856,803,801,799,797
23857,806,804,802,800
23858,809,807,805,803
23859,812,810,808,806
23860,815,813,811,809
23861,818,816,814,812
23862,821,819,817,815
23863,824,822,820,818
23864,827,825,823,821
23865,830,828,826,824
23866,833,831,829,827
23867,836,834,832,830
23868,839,837,835,833
23869,842,840,838,836
23870,845,843,841,839
23871,848,846,844,842
23872,851,849,847,845
23873,854,852,850,848
23874,857,855,853,851
23875,866,858,856,854
23876,869,867,859,857
23877,872,870,868,860
23878,875,873,871,869
23879,878,876,874,872
23880,881,879,877,875
23881,884,882,880,878
23882,887,885,883,881
23883,890,888,886,884
23884,893,891,889,887
23885,896,894,892,890
23886,899,897,895,893
23887,902,900,898,896
23888,905,903,901,899
23889,908,906,904,902
23890,911,909,907,905
23891,914,912,910,908
23892,917,915,913,911
23893,920,918,916,914
23894,923,921,919,917
23895,926,924,922,920
23896,929,927,925,923
23897,932,930,928,926
23898,935,933,931,929
23899,938,936,934,932
23900,941,939,937,935
23901,944,942,940,938
23902,947,945,943,941
23903,950,948,946,944
23904,953,951,949,947
23905,962,954,952,950
23906,965,963,955,953
23907,968,966,964,956
23908,971,969,967,965
23909,974,972,970,968
23910,977,975,973,971
23911,980,978,976,974
23912,983,981,979,977
23913,986,984,982,980
23914,989,987,985,983
23915,992,990,988,986
23916,995,993,991,989
23917,998,996,994,992
23918,1001,999,997,995
23919,1004,1002,1000,998
23920,1007,1005,1003,1001
23921,1010,1008,1006,1004
23922,1013,1011,1009,1007
23923,1016,1014,1012,1010
23924,1019,1017,1015,1013
23925,1022,1020,1018,1016
23926,1025,1023,1021,1019
23927,1028,1026,1024,1022
23928,1031,1029,1027,1025
23929,1034,1032,1030,1028
23930,1037,1035,1033,1031
23931,1040,1038,1036,1034
23932,1043,1041,1039,1037
23933,1046,1044,1042,1040
23934,1049,1047,1045,1043
23935,1058,1050,1048,1046
23936,1061,1059,1051,1049
23937,1064,1062,1060,1052
23938,1067,1065,1063,1061
23939,1070,1068,1066,1064
23940,1073,1071,1069,1067
23941,1076,1074,1072,1070
23942,1079,1077,1075,1073
23943,1082,1080,1078,1076
23944,1085,1083,1081,1079
23945,1088,1086,1084,1082
23946,1091,1089,1087,1085
23947,1094,1092,1090,1088
23948,1097,1095,1093,1091
23949,1100,1098,1096,1094
23950,1103,1101,1099,1097
23951,1106,1104,1102,1100
23952,1109,1107,1105,1103
23953,1112,1110,1108,1106
23954,1115,1113,1111,1109
23955,1118,1116,1114,1112
23956,1121,1119,1117,1115
23957,1124,1122,1120,1118
23958,1127,1125,1123,1121
23959,1130,1128,1126,1124
23960,1133,1131,1129,1127
23961,1136,1134,1132,1130
23962,1139,1137,1135,1133
23963,1142,1140,1138,1136
23964,1145,1143,1141,1139
23965,1154,1146,1144,1142
23966,1157,1155,1147,1145
23967,1160,1158,1156,1148
23968,1163,1161,1159,1157
23969,1166,1164,1162,1160
23970,1169,1167,1165,1163
23971,1172,1170,1168,1166
23972,1175,1173,1171,1169
23973,1178,1176,1174,1172
23974,1181,1179,1177,1175
23975,1184,1182,1180,1178
23976,1187,1185,1183,1181
23977,1190,1188,1186,1184
23978,1193,1191,1189,1187
23979,1196,1194,1192,1190
23980,1199,1197,1195,1193
23981,1202,1200,1198,1196
23982,1205,1203,1201,1199
23983,1208,1206,1204,1202
23984,1211,1209,1207,1205
23985,1214,1212,1210,1208
23986,1217,1215,1213,1211
23987,1220,1218,1216,1214
23988,1223,1221,1219,1217
23989,1226,1224,1222,1220
23990,1229,1227,1225,1223
23991,1232,1230,1228,1226
23992,1235,1233,1231,1229
23993,1238,1236,1234,1232
23994,1241,1239,1237,1235
23995,1250,1242,1240,1238
23996,1253,1251,1243,1241
23997,1256,1254,1252,1244
23998,1259,1257,1255,1253
23999,1262,1260,1258,1256
24000,1265,1263,1261,1259
24001,1268,1266,1264,1262
24002,1271,1269,1267,1265
24003,1274,1272,1270,1268
24004,1277,1275,1273,1271
24005,1280,1278,1276,1274
24006,1283,1281,1279,1277
24007,1286,1284,1282,1280
24008,1289,1287,1285,1283
24009,1292,1290,1288,1286
24010,1295,1293,1291,1289
24011,1298,1296,1294,1292
24012,1301,1299,1297,1295
24013,1304,1302,1300,1298
24014,1307,1305,1303,1301
24015,1310,1308,1306,1304
24016,1313,1311,1309,1307
24017,1316,1314,1312,1310
24018,1319,1317,1315,1313
24019,1322,1320,1318,1316
24020,1325,1323,1321,1319
24021,1328,1326,1324,1322
24022,1331,1329,1327,1325
24023,1334,1332,1330,1328
24024,1337,1335,1333,1331
24025,1346,1338,1336,1334
24026,1349,1347,1339,1337
24027,1352,1350,1348,1340
24028,1355,1353,1351,1349
24029,1358,1356,1354,1352
24030,1361,1359,1357,1355
24031,1364,1362,1360,1358
24032,1367,1365,1363,1361
24033,1370,1368,1366,1364
24034,1373,1371,1369,1367
24035,1376,1374,1372,1370
24036,1379,1377,1375,1373
24037,1382,1380,1378,1376
24038,1385,1383,1381,1379
24039,1388,1386,1384,1382
24040,1391,1389,1387,1385
24041,1394,1392,1390,1388
24042,1397,1395,1393,1391
24043,1400,1398,1396,1394
24044,1403,1401,1399,1397
24045,1406,1404,1402,1400
24046,1409,1407,1405,1403
24047,1412,1410,1408,1406
24048,1415,1413,1411,1409
24049,1418,1416,1414,1412
24050,1421,1419,1417,1415
24051,1424,1422,1420,1418
24052,1427,1425,1423,1421
24053,1430,1428,1426,1424
24054,1433,1431,1429,1427
24055,1442,1434,1432,1430
24056,1445,1443,1435,1433
24057,1448,1446,1444,1436
24058,1451,1449,1447,1445
24059,1454,1452,1450,1448
24060,1457,1455,1453,1451
24061,1460,1458,1456,1454
24062,1463,1461,1459,1457
24063,1466,1464,1462,1460
24064,1469,1467,1465,1463
24065,1472,1470,1468,1466
24066,1475,1473,1471,1469
24067,1478,1476,1474,1472
24068,1481,1479,1477,1475
24069,1484,1482,1480,1478
24070,1487,1485,1483,1481
24071,1490,1488,1486,1484
24072,1493,1491,1489,1487
24073,1496,1494,1492,1490
24074,1499,1497,1495,1493
24075,1502,1500,1498,1496
24076,1505,1503,1501,1499
24077,1508,1506,1504,1502
24078,1511,1509,1507,1505
24079,1514,1512,1510,1508
24080,1517,1515,1513,1511
24081,1520,1518,1516,1514
24082,1523,1521,1519,1517
24083,1526,1524,1522,1520
24084,1529,1527,1525,1523
24085,1538,1530,1528,1526
24086,1541,1539,1531,1529
24087,1544,1542,1540,1532
24088,1547,1545,1543,1541
24089,1550,1548,1546,1544
24090,1553,1551,1549,1547
24091,1556,1554,1552,1550
24092,1559,1557,1555,1553
24093,1562,1560,1558,1556
24094,1565,1563,1561,1559
24095,1568,1566,1564,1562
24096,1571,1569,1567,1565
24097,1574,1572,1570,1568
24098,1577,1575,1573,1571
24099,1580,1578,1576,1574
24100,1583,1581,1579,1577
24101,1586,1584,1582,1580
24102,1589,1587,1585,1583
24103,1592,1590,1588,1586
24104,1595,1593,1591,1589
24105,1598,1596,1594,1592
24106,1601,1599,1597,1595
24107,1604,1602,1600,1598
24108,1607,1605,1603,1601
24109,1610,1608,1606,1604
24110,1613,1611,1609,1607
24111,1616,1614,1612,1610
24112,1619,1617,1615,1613
24113,1622,1620,1618,1616
24114,1625,1623,1621,1619
24115,1634,1626,1624,1622
24116,1637,1635,1627,1625
24117,1640,1638,1636,1628
24118,1643,1641,1639,1637
24119,1646,1644,1642,1640
24120,1649,1647,1645,1643
24121,1652,1650,1648,1646
24122,1655,1653,1651,1649
24123,1658,1656,1654,1652
24124,1661,1659,1657,1655
24125,1664,1662,1660,1658
24126,1667,1665,1663,1661
24127,1670,1668,1666,1664
24128,1673,1671,1669,1667
24129,1676,1674,1672,1670
24130,1679,1677,1675,1673
24131,1682,1680,1678,1676
24132,1685,1683,1681,1679
24133,1688,1686,1684,1682
24134,1691,1689,1687,1685
24135,1694,1692,1690,1688
24136,1697,1695,1693,1691
24137,1700,1698,1696,1694
24138,1703,1701,1699,1697
24139,1706,1704,1702,1700
24140,1709,1707,1705,1703
24141,1712,1710,1708,1706
24142,1715,1713,1711,1709
24143,1718,1716,1714,1712
24144,1721,1719,1717,1715
24145,1730,1722,1720,1718
24146,1733,1731,1723,1721
24147,1736,1734,1732,1724
24148,1739,1737,1735,1733
24149,1742,1740,1738,1736
24150,1745,1743,1741,1739
24151,1748,1746,1744,1742
24152,1751,1749,1747,1745
24153,1754,1752,1750,1748
24154,1757,1755,1753,1751
24155,1760,1758,1756,1754
24156,1763,1761,1759,1757
24157,1766,1764,1762,1760
24158,1769,1767,1765,1763
24159,1772,1770,1768,1766
24160,1775,1773,1771,1769
24161,1778,1776,1774,1772
24162,1781,1779,1777,1775
24163,1784,1782,1780,1778
24164,1787,1785,1783,1781
24165,1790,1788,1786,1784
24166,1793,1791,1789,1787
24167,1796,1794,1792,1790
24168,1799,1797,1795,1793
24169,1802,1800,1798,1796
24170,1805,1803,1801,1799
24171,1808,1806,1804,1802
24172,1811,1809,1807,1805
24173,1814,1812,1810,1808
24174,1817,1815,1813,1811
24175,1826,1818,1816,1814
24176,1829,1827,1819,1817
24177,1832,1830,1828,1820
24178,1835,1833,1831,1829
24179,1838,1836,1834,1832
24180,1841,1839,1837,1835
24181,1844,1842,1840,1838
24182,1847,1845,1843,1841
24183,1850,1848,1846,1844
24184,1853,1851,1849,1847
24185,1856,1854,1852,1850
24186,1859,1857,1855,1853
24187,1862,1860,1858,1856
24188,1865,1863,1861,1859
24189,1868,1866,1864,1862
24190,1871,1869,1867,1865
24191,1874,1872,1870,1868
24192,1877,1875,1873,1871
24193,1880,1878,1876,1874
24194,1883,1881,1879,1877
24195,1886,1884,1882,1880
24196,1889,1887,1885,1883
24197,1892,1890,1888,1886
24198,1895,1893,1891,1889
24199,1898,1896,1894,1892
24200,1901,1899,1897,1895
24201,1904,1902,1900,1898
24202,1907,1905,1903,1901
24203,1910,1908,1906,1904
24204,1913,1911,1909,1907
24205,1922,1914,1912,1910
24206,1925,1923,1915,1913
24207,1928,1926,1924,1916
24208,1931,1929,1927,1925
24209,1934,1932,1930,1928
24210,1937,1935,1933,1931
24211,1940,1938,1936,1934
24212,1943,1941,1939,1937
24213,1946,1944,1942,1940
24214,1949,1947,1945,1943
24215,1952,1950,1948,1946
24216,1955,1953,1951,1949
24217,1958,1956,1954,1952
24218,1961,1959,1957,1955
24219,1964,1962,1960,1958
24220,1967,1965,1963,1961
24221,1970,1968,1966,1964
24222,1973,1971,1969,1967
24223,1976,1974,1972,1970
24224,1979,1977,1975,1973
24225,1982,1980,1978,1976
24226,1985,1983,1981,1979
24227,1988,1986,1984,1982
24228,1991,1989,1987,1985
24229,1994,1992,1990,1988
24230,1997,1995,1993,1991
24231,2000,1998,1996,1994
24232,2003,2001,1999,1997
24233,2006,2004,2002,2000
24234,2009,2007,2005,2003
24235,2018,2010,2008,2006
24236,2021,2019,2011,2009
24237,2024,2022,2020,2012
24238,2027,2025,2023,2021
24239,2030,2028,2026,2024
24240,2033,2031,2029,2027
24241,2036,2034,2032,2030
24242,2039,2037,2035,2033
24243,2042,2040,2038,2036
24244,2045,2043,2041,2039
24245,2048,2046,2044,2042
24246,2051,2049,2047,2045
24247,2054,2052,2050,2048
24248,2057,2055,2053,2051
24249,2060,2058,2056,2054
24250,2063,2061,2059,2057
24251,2066,2064,2062,2060
24252,2069,2067,2065,2063
24253,2072,2070,2068,2066
24254,2075,2073,2071,2069
24255,2078,2076,2074,2072
24256,2081,2079,2077,2075
24257,2084,2082,2080,2078
24258,2087,2085,2083,2081
24259,2090,2088,2086,2084
24260,2093,2091,2089,2087
24261,2096,2094,2092,2090
24262,2099,2097,2095,2093
24263,2102,2100,2098,2096
24264,2105,2103,2101,2099
24265,2114,2106,2104,2102
24266,2117,2115,2107,2105
24267,2120,2118,2116,2108
24268,2123,2121,2119,2117
24269,2126,2124,2122,2120
24270,2129,2127,2125,2123
24271,2132,2130,2128,2126
24272,2135,2133,2131,2129
24273,2138,2136,2134,2132
24274,2141,2139,2137,2135
24275,2144,2142,2140,2138
24276,2147,2145,2143,2141
24277,2150,2148,2146,2144
24278,2153,2151,2149,2147
24279,2156,2154,2152,2150
24280,2159,2157,2155,2153
24281,2162,2160,2158,2156
24282,2165,2163,2161,2159
24283,2168,2166,2164,2162
24284,2171,2169,2167,2165
24285,2174,2172,2170,2168
24286,2177,2175,2173,2171
24287,2180,2178,2176,2174
24288,2183,2181,2179,2177
24289,2186,2184,2182,2180
24290,2189,2187,2185,2183
24291,2192,2190,2188,2186
24292,2195,2193,2191,2189
24293,2198,2196,2194,2192
24294,2201,2199,2197,2195
24295,2210,2202,2200,2198
24296,2213,2211,2203,2201
24297,2216,2214,2212,2204
24298,2219,2217,2215,2213
24299,2222,2220,2218,2216
24300,2225,2223,2221,2219
24301,2228,2226,2224,2222
24302,2231,2229,2227,2225
24303,2234,2232,2230,2228
24304,2237,2235,2233,2231
24305,2240,2238,2236,2234
24306,2243,2241,2239,2237
24307,2246,2244,2242,2240
24308,2249,2247,2245,2243
24309,2252,2250,2248,2246
24310,2255,2253,2251,2249
24311,2258,2256,2254,2252
24312,2261,2259,2257,2255
24313,2264,2262,2260,2258
24314,2267,2265,2263,2261
24315,2270,2268,2266,2264
24316,2273,2271,2269,2267
24317,2276,2274,2272,2270
24318,2279,2277,2275,2273
24319,2282,2280,2278,2276
24320,2285,2283,2281,2279
24321,2288,2286,2284,2282
24322,2291,2289,2287,2285
24323,2294,2292,2290,2288
24324,2297,2295,2293,2291
24325,2306,2298,2296,2294
24326,2309,2307,2299,2297
24327,2312,2310,2308,2300
24328,2315,2313,2311,2309
24329,2318,2316,2314,2312
24330,2321,2319,2317,2315
24331,2324,2322,2320,2318
24332,2327,2325,2323,2321
24333,2330,2328,2326,2324
24334,2333,2331,2329,2327
24335,2336,2334,2332,2330
24336,2339,2337,2335,2333
24337,2342,2340,2338,2336
24338,2345,2343,2341,2339
24339,2348,2346,2344,2342
24340,2351,2349,2347,2345
24341,2354,2352,2350,2348
24342,2357,2355,2353,2351
24343,2360,2358,2356,2354
24344,2363,2361,2359,2357
24345,2366,2364,2362,2360
24346,2369,2367,2365,2363
24347,2372,2370,2368,2366
24348,2375,2373,2371,2369
24349,2378,2376,2374,2372
24350,2381,2379,2377,2375
24351,2384,2382,2380,2378
24352,2387,2385,2383,2381
24353,2390,2388,2386,2384
24354,2393,2391,2389,2387
24355,2402,2394,2392,2390
24356,2405,2403,2395,2393
24357,2408,2406,2404,2396
24358,2411,2409,2407,2405
24359,2414,2412,2410,2408
24360,2417,2415,2413,2411
24361,2420,2418,2416,2414
24362,2423,2421,2419,2417
24363,2426,2424,2422,2420
24364,2429,2427,2425,2423
24365,2432,2430,2428,2426
24366,2435,2433,2431,2429
24367,2438,2436,2434,2432
24368,2441,2439,2437,2435
24369,2444,2442,2440,2438
24370,2447,2445,2443,2441
24371,2450,2448,2446,2444
24372,2453,2451,2449,2447
24373,2456,2454,2452,2450
24374,2459,2457,2455,2453
24375,2462,2460,2458,2456
24376,2465,2463,2461,2459
24377,2468,2466,2464,2462
24378,2471,2469,2467,2465
24379,2474,2472,2470,2468
24380,2477,2475,2473,2471
24381,2480,2478,2476,2474
24382,2483,2481,2479,2477
24383,2486,2484,2482,2480
24384,2489,2487,2485,2483
24385,2498,2490,2488,2486
24386,2501,2499,2491,2489
24387,2504,2502,2500,2492
24388,2507,2505,2503,2501
24389,2510,2508,2506,2504
24390,2513,2511,2509,2507
24391,2516,2514,2512,2510
24392,2519,2517,2515,2513
24393,2522,2520,2518,2516
24394,2525,2523,2521,2519
24395,2528,2526,2524,2522
24396,2531,2529,2527,2525
24397,2534,2532,2530,2528
24398,2537,2535,2533,2531
24399,2540,2538,2536,2534
24400,2543,2541,2539,2537
24401,2546,2544,2542,2540
24402,2549,2547,2545,2543
24403,2552,2550,2548,2546
24404,2555,2553,2551,2549
24405,2558,2556,2554,2552
24406,2561,2559,2557,2555
24407,2564,2562,2560,2558
24408,2567,2565,2563,2561
24409,2570,2568,2566,2564
24410,2573,2571,2569,2567
24411,2576,2574,2572,2570
24412,2579,2577,2575,2573
24413,2582,2580,2578,2576
24414,2585,2583,2581,2579
24415,2594,2586,2584,2582
24416,2597,2595,2587,2585
24417,2600,2598,2596,2588
24418,2603,2601,2599,2597
24419,2606,2604,2602,2600
24420,2609,2607,2605,2603
24421,2612,2610,2608,2606
24422,2615,2613,2611,2609
24423,2618,2616,2614,2612
24424,2621,2619,2617,2615
24425,2624,2622,2620,2618
24426,2627,2625,2623,2621
24427,2630,2628,2626,2624
24428,2633,2631,2629,2627
24429,2636,2634,2632,2630
24430,2639,2637,2635,2633
24431,2642,2640,2638,2636
24432,2645,2643,2641,2639
24433,2648,2646,2644,2642
24434,2651,2649,2647,2645
24435,2654,2652,2650,2648
24436,2657,2655,2653,2651
24437,2660,2658,2656,2654
24438,2663,2661,2659,2657
24439,2666,2664,2662,2660
24440,2669,2667,2665,2663
24441,2672,2670,2668,2666
24442,2675,2673,2671,2669
24443,2678,2676,2674,2672
24444,2681,2679,2677,2675
24445,2690,2682,2680,2678
24446,2693,2691,2683,2681
24447,2696,2694,2692,2684
24448,2699,2697,2695,2693
24449,2702,2700,2698,2696
24450,2705,2703,2701,2699
24451,2708,2706,2704,2702
24452,2711,2709,2707,2705
24453,2714,2712,2710,2708
24454,2717,2715,2713,2711
24455,2720,2718,2716,2714
24456,2723,2721,2719,2717
24457,2726,2724,2722,2720
24458,2729,2727,2725,2723
24459,2732,2730,2728,2726
24460,2735,2733,2731,2729
24461,2738,2736,2734,2732
24462,2741,2739,2737,2735
24463,2744,2742,2740,2738
24464,2747,2745,2743,2741
24465,2750,2748,2746,2744
24466,2753,2751,2749,2747
24467,2756,2754,2752,2750
24468,2759,2757,2755,2753
24469,2762,2760,2758,2756
24470,2765,2763,2761,2759
24471,2768,2766,2764,2762
24472,2771,2769,2767,2765
24473,2774,2772,2770,2768
24474,2777,2775,2773,2771
24475,2786,2778,2776,2774
24476,2789,2787,2779,2777
24477,2792,2790,2788,2780
24478,2795,2793,2791,2789
24479,2798,2796,2794,2792
24480,2801,2799,2797,2795
24481,2804,2802,2800,2798
24482,2807,2805,2803,2801
24483,2810,2808,2806,2804
24484,2813,2811,2809,2807
24485,2816,2814,2812,2810
24486,2819,2817,2815,2813
24487,2822,2820,2818,2816
24488,2825,2823,2821,2819
24489,2828,2826,2824,2822
24490,2831,2829,2827,2825
24491,2834,2832,2830,2828
24492,2837,2835,2833,2831
24493,2840,2838,2836,2834
24494,2843,2841,2839,2837
24495,2846,2844,2842,2840
24496,2849,2847,2845,2843
24497,2852,2850,2848,2846
24498,2855,2853,2851,2849
24499,2858,2856,2854,2852
24500,2861,2859,2857,2855
24501,2864,2862,2860,2858
24502,2867,2865,2863,2861
24503,2870,2868,2866,2864
24504,2873,2871,2869,2867
24505,2882,2874,2872,2870
24506,2885,2883,2875,2873
24507,2888,2886,2884,2876
24508,2891,2889,2887,2885
24509,2894,2892,2890,2888
24510,2897,2895,2893,2891
24511,2900,2898,2896,2894
24512,2903,2901,2899,2897
24513,2906,2904,2902,2900
24514,2909,2907,2905,2903
24515,2912,2910,2908,2906
24516,2915,2913,2911,2909
24517,2918,2916,2914,2912
24518,2921,2919,2917,2915
24519,2924,2922,2920,2918
24520,2927,2925,2923,2921
24521,2930,2928,2926,2924
24522,2933,2931,2929,2927
24523,2936,2934,2932,2930
24524,2939,2937,2935,2933
24525,2942,2940,2938,2936
24526,2945,2943,2941,2939
24527,2948,2946,2944,2942
24528,2951,2949,2947,2945
24529,2954,2952,2950,2948
24530,2957,2955,2953,2951
24531,2960,2958,2956,2954
24532,2963,2961,2959,2957
24533,2966,2964,2962,2960
24534,2969,2967,2965,2963
24535,2978,2970,2968,2966
24536,2981,2979,2971,2969
24537,2984,2982,2980,2972
24538,2987,2985,2983,2981
24539,2990,2988,2986,2984
24540,2993,2991,2989,2987
24541,2996,2994,2992,2990
24542,2999,2997,2995,2993
24543,3002,3000,2998,2996
24544,3005,3003,3001,2999
24545,3008,3006,3004,3002
24546,3011,3009,3007,3005
24547,3014,3012,3010,3008
24548,3017,3015,3013,3011
24549,3020,3018,3016,3014
24550,3023,3021,3019,3017
24551,3026,3024,3022,3020
24552,3029,3027,3025,3023
24553,3032,3030,3028,3026
24554,3035,3033,3031,3029
24555,3038,3036,3034,3032
24556,3041,3039,3037,3035
24557,3044,3042,3040,3038
24558,3047,3045,3043,3041
24559,3050,3048,3046,3044
24560,3053,3051,3049,3047
24561,3056,3054,3052,3050
24562,3059,3057,3055,3053
24563,3062,3060,3058,3056
24564,3065,3063,3061,3059
24565,-1,3066,3064,3062
24566,-1,-1,3067,3065
24567,-1,-1,-1,3068
24568,-1,-1,-1,-1
24569,-1,-1,-1,-1
24570,-1,-1,-1,-1
24571,-1,-1,-1,-1
24572,-1,-1,-1,-1
24573,-1,-1,-1,-1
24574,-1,-1,-1,-1
24575,198,-1,-1,-1
24576,201,199,-1,-1
24577,204,202,200,-1
24578,207,205,203,-1
24579,210,208,206,-1
24580,213,211,209,-1
24581,216,214,212,-1
24582,219,217,215,-1
24583,222,220,218,-1
24584,225,223,221,-1
24585,228,226,224,-1
24586,231,229,227,-1
24587,234,232,230,-1
24588,237,235,233,-1
24589,240,238,236,-1
24590,243,241,239,-1
24591,246,244,242,-1
24592,249,247,245,-1
24593,252,250,248,-1
24594,255,253,251,-1
24595,258,256,254,-1
24596,261,259,257,-1
24597,264,262,260,-1
24598,267,265,263,-1
24599,270,268,266,-1
24600,273,271,269,-1
24601,276,274,272,-1
24602,279,277,275,-1
24603,282,280,278,-1
24604,285,283,281,-1
24605,294,286,284,-1
24606,297,295,287,-1
24607,300,298,296,-1
24608,303,301,299,-1
24609,306,304,302,-1
24610,309,307,305,-1
24611,312,310,308,-1
24612,315,313,311,-1
24613,318,316,314,-1
24614,321,319,317,-1
24615,324,322,320,-1
24616,327,325,323,-1
24617,330,328,326,-1
24618,333,331,329,-1
24619,336,334,332,-1
24620,339,337,335,-1
24621,342,340,338,-1
24622,345,343,341,-1
24623,348,346,344,-1
24624,351,349,347,-1
24625,354,352,350,-1
24626,357,355,353,-1
24627,360,358,356,-1
24628,363,361,359,-1
24629,366,364,362,-1
24630,369,367,365,-1
24631,372,370,368,-1
24632,375,373,371,-1
24633,378,376,374,-1
24634,381,379,377,-1
24635,390,382,380,-1
24636,393,391,383,-1
24637,396,394,392,-1
24638,399,397,395,-1
24639,402,400,398,-1
24640,405,403,401,-1
24641,408,406,404,-1
24642,411,409,407,-1
24643,414,412,410,-1
24644,417,415,413,-1
24645,420,418,416,-1
24646,423,421,419,-1
24647,426,424,422,-1
24648,429,427,425,-1
24649,432,430,428,-1
24650,435,433,431,-1
24651,438,436,434,-1
24652,441,439,437,-1
24653,444,442,440,-1
24654,447,445,443,-1
24655,450,448,446,-1
24656,453,451,449,-1
24657,456,454,452,-1
24658,459,457,455,-1
24659,462,460,458,-1
24660,465,463,461,-1
24661,468,466,464,-1
24662,471,469,467,-1
24663,474,472,470,-1
24664,477,475,473,-1
24665,486,478,476,-1
24666,489,487,479,-1
24667,492,490,488,-1
24668,495,493,491,-1
24669,498,496,494,-1
24670,501,499,497,-1
24671,504,502,500,-1
24672,507,505,503,-1
24673,510,508,506,-1
24674,513,511,509,-1
24675,516,514,512,-1
24676,519,517,515,-1
24677,522,520,518,-1
24678,525,523,521,-1
24679,528,526,524,-1
24680,531,529,527,-1
24681,534,532,530,-1
24682,537,535,533,-1
24683,540,538,536,-1
24684,543,541,539,-1
24685,546,544,542,-1
24686,549,547,545,-1
24687,552,550,548,-1
24688,555,553,551,-1
24689,558,556,554,-1
24690,561,559,557,-1
24691,564,562,560,-1
24692,567,565,563,-1
24693,570,568,566,-1
24694,573,571,569,-1
24695,582,574,572,-1
24696,585,583,575,-1
24697,588,586,584,-1
24698,591,589,587,-1
24699,594,592,590,-1
24700,597,595,593,-1
24701,600,598,596,-1
24702,603,601,599,-1
24703,606,604,602,-1
24704,609,607,605,-1
24705,612,610,608,-1
24706,615,613,611,-1
24707,618,616,614,-1
24708,621,619,617,-1
24709,624,622,620,-1
24710,627,625,623,-1
24711,630,628,626,-1
24712,633,631,629,-1
24713,636,634,632,-1
24714,639,637,635,-1
24715,642,640,638,-1
24716,645,643,641,-1
24717,648,646,644,-1
24718,651,649,647,-1
24719,654,652,650,-1
24720,657,655,653,-1
24721,660,658,656,-1
24722,663,661,659,-1
24723,666,664,662,-1
24724,669,667,665,-1
24725,678,670,668,-1
24726,681,679,671,-1
24727,684,682,680,-1
24728,687,685,683,-1
24729,690,688,686,-1
24730,693,691,689,-1
24731,696,694,692,-1
24732,699,697,695,-1
24733,702,700,698,-1
24734,705,703,701,-1
24735,708,706,704,-1
24736,711,709,707,-1
24737,714,712,710,-1
24738,717,715,713,-1
24739,720,718,716,-1
24740,723,721,719,-1
24741,726,724,722,-1
24742,729,727,725,-1
24743,732,730,728,-1
24744,735,733,731,-1
24745,738,736,734,-1
24746,741,739,737,-1
24747,744,742,740,-1
24748,747,745,743,-1
24749,750,748,746,-1
24750,753,751,749,-1
24751,756,754,752,-1
24752,759,757,755,-1
24753,762,760,758,-1
24754,765,763,761,-1
24755,774,766,764,-1
24756,777,775,767,-1
24757,780,778,776,-1
24758,783,781,779,-1
24759,786,784,782,-1
24760,789,787,785,-1
24761,792,790,788,-1
24762,795,793,791,-1
24763,798,796,794,-1
24764,801,799,797,-1
24765,804,802,800,-1
24766,807,805,803,-1
24767,810,808,806,-1
24768,813,811,809,-1
24769,816,814,812,-1
24770,819,817,815,-1
24771,822,820,818,-1
24772,825,823,821,-1
24773,828,826,824,-1
24774,831,829,827,-1
24775,834,832,830,-1
24776,837,835,833,-1
24777,840,838,836,-1
24778,843,841,839,-1
24779,846,844,842,-1
24780,849,847,845,-1
24781,852,850,848,-1
24782,855,853,851,-1
24783,858,856,854,-1
24784,861,859,857,-1
24785,870,862,860,-1
24786,873,871,863,-1
24787,876,874,872,-1
24788,879,877,875,-1
24789,882,880,878,-1
24790,885,883,881,-1
24791,888,886,884,-1
24792,891,889,887,-1
24793,894,892,890,-1
24794,897,895,893,-1
24795,900,898,896,-1
24796,903,901,899,-1
24797,906,904,902,-1
24798,909,907,905,-1
24799,912,910,908,-1
24800,915,913,911,-1
24801,918,916,914,-1
24802,921,919,917,-1
24803,924,922,920,-1
24804,927,925,923,-1
24805,930,928,926,-1
24806,933,931,929,-1
24807,936,934,932,-1
24808,939,937,935,-1
24809,942,940,938,-1
24810,945,943,941,-1
24811,948,946,944,-1
24812,951,949,947,-1
24813,954,952,950,-1
24814,957,955,953,-1
24815,966,958,956,-1
24816,969,967,959,-1
24817,972,970,968,-1
24818,975,973,971,-1
24819,978,976,974,-1
24820,981,979,977,-1
24821,984,982,980,-1
24822,987,985,983,-1
24823,990,988,986,-1
24824,993,991,989,-1
24825,996,994,992,-1
24826,999,997,995,-1
24827,1002,1000,998,-1
24828,1005,1003,1001,-1
24829,1008,1006,1004,-1
24830,1011,1009,1007,-1
24831,1014,1012,1010,-1
24832,1017,1015,1013,-1
24833,1020,1018,1016,-1
24834,1023,1021,1019,-1
24835,1026,1024,1022,-1
24836,1029,1027,1025,-1
24837,1032,1030,1028,-1
24838,1035,1033,1031,-1
24839,1038,1036,1034,-1
24840,1041,1039,1037,-1
24841,1044,1042,1040,-1
24842,1047,1045,1043,-1
24843,1050,1048,1046,-1
24844,1053,1051,1049,-1
24845,1062,1054,1052,-1
24846,1065,1063,1055,-1
24847,1068,1066,1064,-1
24848,1071,1069,1067,-1
24849,1074,1072,1070,-1
24850,1077,1075,1073,-1
24851,1080,1078,1076,-1
24852,1083,1081,1079,-1
24853,1086,1084,1082,-1
24854,1089,1087,1085,-1
24855,1092,1090,1088,-1
24856,1095,1093,1091,-1
24857,1098,1096,1094,-1
24858,1101,1099,1097,-1
24859,1104,1102,1100,-1
24860,1107,1105,1103,-1
24861,1110,1108,1106,-1
24862,1113,1111,1109,-1
24863,1116,1114,1112,-1
24864,1119,1117,1115,-1
24865,1122,1120,1118,-1
24866,1125,1123,1121,-1
24867,1128,1126,1124,-1
24868,1131,1129,1127,-1
24869,1134,1132,1130,-1
24870,1137,1135,1133,-1
24871,1140,1138,1136,-1
24872,1143,1141,1139,-1
24873,1146,1144,1142,-1
24874,1149,1147,1145,-1
24875,1158,1150,1148,-1
24876,1161,1159,1151,-1
24877,1164,1162,1160,-1
24878,1167,1165,1163,-1
24879,1170,1168,1166,-1
24880,1173,1171,1169,-1
24881,1176,1174,1172,-1
24882,1179,1177,1175,-1
24883,1182,1180,1178,-1
24884,1185,1183,1181,-1
24885,1188,1186,1184,-1
24886,1191,1189,1187,-1
24887,1194,1192,1190,-1
24888,1197,1195,1193,-1
24889,1200,1198,1196,-1
24890,1203,1201,1199,-1
24891,1206,1204,1202,-1
24892,1209,1207,1205,-1
24893,1212,1210,1208,-1
24894,1215,1213,1211,-1
24895,1218,1216,1214,-1
24896,1221,1219,1217,-1
24897,1224,1222,1220,-1
24898,1227,1225,1223,-1
24899,1230,1228,1226,-1
24900,1233,1231,1229,-1
24901,1236,1234,1232,-1
24902,1239,1237,1235,-1
24903,1242,1240,1238,-1
24904,1245,1243,1241,-1
24905,1254,1246,1244,-1
24906,1257,1255,1247,-1
24907,1260,1258,1256,-1
24908,1263,1261,1259,-1
24909,1266,1264,1262,-1
24910,1269,1267,1265,-1
24911,1272,1270,1268,-1
24912,1275,1273,1271,-1
24913,1278,1276,1274,-1
24914,1281,1279,1277,-1
24915,1284,1282,1280,-1
24916,1287,1285,1283,-1
24917,1290,1288,1286,-1
24918,1293,1291,1289,-1
24919,1296,1294,1292,-1
24920,1299,1297,1295,-1
24921,1302,1300,1298,-1
24922,1305,1303,1301,-1
24923,1308,1306,1304,-1
24924,1311,1309,1307,-1
24925,1314,1312,1310,-1
24926,1317,1315,1313,-1
24927,1320,1318,1316,-1
24928,1323,1321,1319,-1
24929,1326,1324,1322,-1
24930,1329,1327,1325,-1
24931,1332,1330,1328,-1
24932,1335,1333,1331,-1
24933,1338,1336,1334,-1
24934,1341,1339,1337,-1
24935,1350,1342,1340,-1
24936,1353,1351,1343,-1
24937,1356,1354,1352,-1
24938,1359,1357,1355,-1
24939,1362,1360,1358,-1
24940,1365,1363,1361,-1
24941,1368,1366,1364,-1
24942,1371,1369,1367,-1
24943,1374,1372,1370,-1
24944,1377,1375,1373,-1
24945,1380,1378,1376,-1
24946,1383,1381,1379,-1
24947,1386,1384,1382,-1
24948,1389,1387,1385,-1
24949,1392,1390,1388,-1
24950,1395,1393,1391,-1
24951,1398,1396,1394,-1
24952,1401,1399,1397,-1
24953,1404,1402,1400,-1
24954,1407,1405,1403,-1
24955,1410,1408,1406,-1
24956,1413,1411,1409,-1
24957,1416,1414,1412,-1
24958,1419,1417,1415,-1
24959,1422,1420,1418,-1
24960,1425,1423,1421,-1
24961,1428,1426,1424,-1
24962,1431,1429,1427,-1
24963,1434,1432,1430,-1
24964,1437,1435,1433,-1
24965,1446,1438,1436,-1
24966,1449,1447,1439,-1
24967,1452,1450,1448,-1
24968,1455,1453,1451,-1
24969,1458,1456,1454,-1
24970,1461,1459,1457,-1
24971,1464,1462,1460,-1
24972,1467,1465,1463,-1
24973,1470,1468,1466,-1
24974,1473,1471,1469,-1
24975,1476,1474,1472,-1
24976,1479,1477,1475,-1
24977,1482,1480,1478,-1
24978,1485,1483,1481,-1
24979,1488,1486,1484,-1
24980,1491,1489,1487,-1
24981,1494,1492,1490,-1
24982,1497,1495,1493,-1
24983,1500,1498,1496,-1
24984,1503,1501,1499,-1
24985,1506,1504,1502,-1
24986,1509,1507,1505,-1
24987,1512,1510,1508,-1
24988,1515,1513,1511,-1
24989,1518,1516,1514,-1
24990,1521,1519,1517,-1
24991,1524,1522,1520,-1
24992,1527,1525,1523,-1
24993,1530,1528,1526,-1
24994,1533,1531,1529,-1
24995,1542,1534,1532,-1
24996,1545,1543,1535,-1
24997,1548,1546,1544,-1
24998,1551,1549,1547,-1
24999,1554,1552,1550,-1
25000,1557,1555,1553,-1
25001,1560,1558,1556,-1
25002,1563,1561,1559,-1
25003,1566,1564,1562,-1
25004,1569,1567,1565,-1
25005,1572,1570,1568,-1
25006,1575,1573,1571,-1
25007,1578,1576,1574,-1
25008,1581,1579,1577,-1
25009,1584,1582,1580,-1
25010,1587,1585,1583,-1
25011,1590,1588,1586,-1
25012,1593,1591,1589,-1
25013,1596,1594,1592,-1
25014,1599,1597,1595,-1
25015,1602,1600,1598,-1
25016,1605,1603,1601,-1
25017,1608,1606,1604,-1
25018,1611,1609,1607,-1
25019,1614,1612,1610,-1
25020,1617,1615,1613,-1
25021,1620,1618,1616,-1
25022,1623,1621,1619,-1
25023,1626,1624,1622,-1
25024,1629,1627,1625,-1
25025,1638,1630,1628,-1
25026,1641,1639,1631,-1
25027,1644,1642,1640,-1
25028,1647,1645,1643,-1
25029,1650,1648,1646,-1
25030,1653,1651,1649,-1
25031,1656,1654,1652,-1
25032,1659,1657,1655,-1
25033,1662,1660,1658,-1
25034,1665,1663,1661,-1
25035,1668,1666,1664,-1
25036,1671,1669,1667,-1
25037,1674,1672,1670,-1
25038,1677,1675,1673,-1
25039,1680,1678,1676,-1
25040,1683,1681,1679,-1
25041,1686,1684,1682,-1
25042,1689,1687,1685,-1
25043,1692,1690,1688,-1
25044,1695,1693,1691,-1
25045,1698,1696,1694,-1
25046,1701,1699,1697,-1
25047,1704,1702,1700,-1
25048,1707,1705,1703,-1
25049,1710,1708,1706,-1
25050,1713,1711,1709,-1
25051,1716,1714,1712,-1
25052,1719,1717,1715,-1
25053,1722,1720,1718,-1
25054,1725,1723,1721,-1
25055,1734,1726,1724,-1
25056,1737,1735,1727,-1
25057,1740,1738,1736,-1
25058,1743,1741,1739,-1
25059,1746,1744,1742,-1
25060,1749,1747,1745,-1
25061,1752,1750,1748,-1
25062,1755,1753,1751,-1
25063,1758,1756,1754,-1
25064,1761,1759,1757,-1
25065,1764,1762,1760,-1
25066,1767,1765,1763,-1
25067,1770,1768,1766,-1
25068,1773,1771,1769,-1
25069,1776,1774,1772,-1
25070,1779,1777,1775,-1
25071,1782,1780,1778,-1
25072,1785,1783,1781,-1
25073,1788,1786,1784,-1
25074,1791,1789,1787,-1
25075,1794,1792,1790,-1
25076,1797,1795,1793,-1
25077,1800,1798,1796,-1
25078,1803,1801,1799,-1
25079,1806,1804,1802,-1
25080,1809,1807,1805,-1
25081,1812,1810,1808,-1
25082,1815,1813,1811,-1
25083,1818,1816,1814,-1
25084,1821,1819,1817,-1
25085,1830,1822,1820,-1
25086,1833,1831,1823,-1
25087,1836,1834,1832,-1
25088,1839,1837,1835,-1
25089,1842,1840,1838,-1
25090,1845,1843,1841,-1
25091,1848,1846,1844,-1
25092,1851,1849,1847,-1
25093,1854,1852,1850,-1
25094,1857,1855,1853,-1
25095,1860,1858,1856,-1
25096,1863,1861,1859,-1
25097,1866,1864,1862,-1
25098,1869,1867,1865,-1
25099,1872,1870,1868,-1
25100,1875,1873,1871,-1
25101,1878,1876,1874,-1
25102,1881,1879,1877,-1
25103,1884,1882,1880,-1
25104,1887,1885,1883,-1
25105,1890,1888,1886,-1
25106,1893,1891,1889,-1
25107,1896,1894,1892,-1
25108,1899,1897,1895,-1
25109,1902,1900,1898,-1
25110,1905,1903,1901,-1
25111,1908,1906,1904,-1
25112,1911,1909,1907,-1
25113,1914,1912,1910,-1
25114,1917,1915,1913,-1
25115,1926,1918,1916,-1
25116,1929,1927,1919,-1
25117,1932,1930,1928,-1
25118,1935,1933,1931,-1
25119,1938,1936,1934,-1
25120,1941,1939,1937,-1
25121,1944,1942,1940,-1
25122,1947,1945,1943,-1
25123,1950,1948,1946,-1
25124,1953,1951,1949,-1
25125,1956,1954,1952,-1
25126,1959,1957,1955,-1
25127,1962,1960,1958,-1
25128,1965,1963,1961,-1
25129,1968,1966,1964,-1
25130,1971,1969,1967,-1
25131,1974,1972,1970,-1
25132,1977,1975,1973,-1
25133,1980,1978,1976,-1
25134,1983,1981,1979,-1
25135,1986,1984,1982,-1
25136,1989,1987,1985,-1
25137,1992,1990,1988,-1
25138,1995,1993,1991,-1
25139,1998,1996,1994,-1
25140,2001,1999,1997,-1
25141,2004,2002,2000,-1
25142,2007,2005,2003,-1
25143,2010,2008,2006,-1
25144,2013,2011,2009,-1
25145,2022,2014,2012,-1
25146,2025,2023,2015,-1
25147,2028,2026,2024,-1
25148,2031,2029,2027,-1
25149,2034,2032,2030,-1
25150,2037,2035,2033,-1
25151,2040,2038,2036,-1
25152,2043,2041,2039,-1
25153,2046,2044,2042,-1
25154,2049,2047,2045,-1
25155,2052,2050,2048,-1
25156,2055,2053,2051,-1
25157,2058,2056,2054,-1
25158,2061,2059,2057,-1
25159,2064,2062,2060,-1
25160,2067,2065,2063,-1
25161,2070,2068,2066,-1
25162,2073,2071,2069,-1
25163,2076,2074,2072,-1
25164,2079,2077,2075,-1
25165,2082,2080,2078,-1
25166,2085,2083,2081,-1
25167,2088,2086,2084,-1
25168,2091,2089,2087,-1
25169,2094,2092,2090,-1
25170,2097,2095,2093,-1
25171,2100,2098,2096,-1
25172,2103,2101,2099,-1
25173,2106,2104,2102,-1
25174,2109,2107,2105,-1
25175,2118,2110,2108,-1
25176,2121,2119,2111,-1
25177,2124,2122,2120,-1
25178,2127,2125,2123,-1
25179,2130,2128,2126,-1
25180,2133,2131,2129,-1
25181,2136,2134,2132,-1
25182,2139,2137,2135,-1
25183,2142,2140,2138,-1
25184,2145,2143,2141,-1
25185,2148,2146,2144,-1
25186,2151,2149,2147,-1
25187,2154,2152,2150,-1
25188,2157,2155,2153,-1
25189,2160,2158,2156,-1
25190,2163,2161,2159,-1
25191,2166,2164,2162,-1
25192,2169,2167,2165,-1
25193,2172,2170,2168,-1
25194,2175,2173,2171,-1
25195,2178,2176,2174,-1
25196,2181,2179,2177,-1
25197,2184,2182,2180,-1
25198,2187,2185,2183,-1
25199,2190,2188,2186,-1
25200,2193,2191,2189,-1
25201,2196,2194,2192,-1
25202,2199,2197,2195,-1
25203,2202,2200,2198,-1
25204,2205,2203,2201,-1
25205,2214,2206,2204,-1
25206,2217,2215,2207,-1
25207,2220,2218,2216,-1
25208,2223,2221,2219,-1
25209,2226,2224,2222,-1
25210,2229,2227,2225,-1
25211,2232,2230,2228,-1
25212,2235,2233,2231,-1
25213,2238,2236,2234,-1
25214,2241,2239,2237,-1
25215,2244,2242,2240,-1
25216,2247,2245,2243,-1
25217,2250,2248,2246,-1
25218,2253,2251,2249,-1
25219,2256,2254,2252,-1
25220,2259,2257,2255,-1
25221,2262,2260,2258,-1
25222,2265,2263,2261,-1
25223,2268,2266,2264,-1
25224,2271,2269,2267,-1
25225,2274,2272,2270,-1
25226,2277,2275,2273,-1
25227,2280,2278,2276,-1
25228,2283,2281,2279,-1
25229,2286,2284,2282,-1
25230,2289,2287,2285,-1
25231,2292,2290,2288,-1
25232,2295,2293,2291,-1
25233,2298,2296,2294,-1
25234,2301,2299,2297,-1
25235,2310,2302,2300,-1
25236,2313,2311,2303,-1
25237,2316,2314,2312,-1
25238,2319,2317,2315,-1
25239,2322,2320,2318,-1
25240,2325,2323,2321,-1
25241,2328,2326,2324,-1
25242,2331,2329,2327,-1
25243,2334,2332,2330,-1
25244,2337,2335,2333,-1
25245,2340,2338,2336,-1
25246,2343,2341,2339,-1
25247,2346,2344,2342,-1
25248,2349,2347,2345,-1
25249,2352,2350,2348,-1
25250,2355,2353,2351,-1
25251,2358,2356,2354,-1
25252,2361,2359,2357,-1
25253,2364,2362,2360,-1
25254,2367,2365,2363,-1
25255,2370,2368,2366,-1
25256,2373,2371,2369,-1
25257,2376,2374,2372,-1
25258,2379,2377,2375,-1
25259,2382,2380,2378,-1
25260,2385,2383,2381,-1
25261,2388,2386,2384,-1
25262,2391,2389,2387,-1
25263,2394,2392,2390,-1
25264,2397,2395,2393,-1
25265,2406,2398,2396,-1
25266,2409,2407,2399,-1
25267,2412,2410,2408,-1
25268,2415,2413,2411,-1
25269,2418,2416,2414,-1
25270,2421,2419,2417,-1
25271,2424,2422,2420,-1
25272,2427,2425,2423,-1
25273,2430,2428,2426,-1
25274,2433,2431,2429,-1
25275,2436,2434,2432,-1
25276,2439,2437,2435,-1
25277,2442,2440,2438,-1
25278,2445,2443,2441,-1
25279,2448,2446,2444,-1
25280,2451,2449,2447,-1
25281,2454,2452,2450,-1
25282,2457,2455,2453,-1
25283,2460,2458,2456,-1
25284,2463,2461,2459,-1
25285,2466,2464,2462,-1
25286,2469,2467,2465,-1
25287,2472,2470,2468,-1
25288,2475,2473,2471,-1
25289,2478,2476,2474,-1
25290,2481,2479,2477,-1
25291,2484,2482,2480,-1
25292,2487,2485,2483,-1
25293,2490,2488,2486,-1
25294,2493,2491,2489,-1
25295,2502,2494,2492,-1
25296,2505,2503,2495,-1
25297,2508,2506,2504,-1
25298,2511,2509,2507,-1
25299,2514,2512,2510,-1
25300,2517,2515,2513,-1
25301,2520,2518,2516,-1
25302,2523,2521,2519,-1
25303,2526,2524,2522,-1
25304,2529,2527,2525,-1
25305,2532,2530,2528,-1
25306,2535,2533,2531,-1
25307,2538,2536,2534,-1
25308,2541,2539,2537,-1
25309,2544,2542,2540,-1
25310,2547,2545,2543,-1
25311,2550,2548,2546,-1
25312,2553,2551,2549,-1
25313,2556,2554,2552,-1
25314,2559,2557,2555,-1
25315,2562,2560,2558,-1
25316,2565,2563,2561,-1
25317,2568,2566,2564,-1
25318,2571,2569,2567,-1
25319,2574,2572,2570,-1
25320,2577,2575,2573,-1
25321,2580,2578,2576,-1
25322,2583,2581,2579,-1
25323,2586,2584,2582,-1
25324,2589,2587,2585,-1
25325,2598,2590,2588,-1
25326,2601,2599,2591,-1
25327,2604,2602,2600,-1
25328,2607,2605,2603,-1
25329,2610,2608,2606,-1
25330,2613,2611,2609,-1
25331,2616,2614,2612,-1
25332,2619,2617,2615,-1
25333,2622,2620,2618,-1
25334,2625,2623,2621,-1
25335,2628,2626,2624,-1
25336,2631,2629,2627,-1
25337,2634,2632,2630,-1
25338,2637,2635,2633,-1
25339,2640,2638,2636,-1
25340,2643,2641,2639,-1
25341,2646,2644,2642,-1
25342,2649,2647,2645,-1
25343,2652,2650,2648,-1
25344,2655,2653,2651,-1
25345,2658,2656,2654,-1
25346,2661,2659,2657,-1
25347,2664,2662,2660,-1
25348,2667,2665,2663,-1
25349,2670,2668,2666,-1
25350,2673,2671,2669,-1
25351,2676,2674,2672,-1
25352,2679,2677,2675,-1
25353,2682,2680,2678,-1
25354,2685,2683,2681,-1
25355,2694,2686,2684,-1
25356,2697,2695,2687,-1
25357,2700,2698,2696,-1
25358,2703,2701,2699,-1
25359,2706,2704,2702,-1
25360,2709,2707,2705,-1
25361,2712,2710,2708,-1
25362,2715,2713,2711,-1
25363,2718,2716,2714,-1
25364,2721,2719,2717,-1
25365,2724,2722,2720,-1
25366,2727,2725,2723,-1
25367,2730,2728,2726,-1
25368,2733,2731,2729,-1
25369,2736,2734,2732,-1
25370,2739,2737,2735,-1
25371,2742,2740,2738,-1
25372,2745,2743,2741,-1
25373,2748,2746,2744,-1
25374,2751,2749,2747,-1
25375,2754,2752,2750,-1
25376,2757,2755,2753,-1
25377,2760,2758,2756,-1
25378,2763,2761,2759,-1
25379,2766,2764,2762,-1
25380,2769,2767,2765,-1
25381,2772,2770,2768,-1
25382,2775,2773,2771,-1
25383,2778,2776,2774,-1
25384,2781,2779,2777,-1
25385,2790,2782,2780,-1
25386,2793,2791,2783,-1
25387,2796,2794,2792,-1
25388,2799,2797,2795,-1
25389,2802,2800,2798,-1
25390,2805,2803,2801,-1
25391,2808,2806,2804,-1
25392,2811,2809,2807,-1
25393,2814,2812,2810,-1
25394,2817,2815,2813,-1
25395,2820,2818,2816,-1
25396,2823,2821,2819,-1
25397,2826,2824,2822,-1
25398,2829,2827,2825,-1
25399,2832,2830,2828,-1
25400,2835,2833,2831,-1
25401,2838,2836,2834,-1
25402,2841,2839,2837,-1
25403,2844,2842,2840,-1
25404,2847,2845,2843,-1
25405,2850,2848,2846,-1
25406,2853,2851,2849,-1
25407,2856,2854,2852,-1
25408,2859,2857,2855,-1
25409,2862,2860,2858,-1
25410,2865,2863,2861,-1
25411,2868,2866,2864,-1
25412,2871,2869,2867,-1
25413,2874,2872,2870,-1
25414,2877,2875,2873,-1
25415,2886,2878,2876,-1
25416,2889,2887,2879,-1
25417,2892,2890,2888,-1
25418,2895,2893,2891,-1
25419,2898,2896,2894,-1
25420,2901,2899,2897,-1
25421,2904,2902,2900,-1
25422,2907,2905,2903,-1
25423,2910,2908,2906,-1
25424,2913,2911,2909,-1
25425,2916,2914,2912,-1
25426,2919,2917,2915,-1
25427,2922,2920,2918,-1
25428,2925,2923,2921,-1
25429,2928,2926,2924,-1
25430,2931,2929,2927,-1
25431,2934,2932,2930,-1
25432,2937,2935,2933,-1
25433,2940,2938,2936,-1
25434,2943,2941,2939,-1
25435,2946,2944,2942,-1
25436,2949,2947,2945,-1
25437,2952,2950,2948,-1
25438,2955,2953,2951,-1
25439,2958,2956,2954,-1
25440,2961,2959,2957,-1
25441,2964,2962,2960,-1
25442,2967,2965,2963,-1
25443,2970,2968,2966,-1
25444,2973,2971,2969,-1
25445,2982,2974,2972,-1
25446,2985,2983,2975,-1
25447,2988,2986,2984,-1
25448,2991,2989,2987,-1
25449,2994,2992,2990,-1
25450,2997,2995,2993,-1
25451,3000,2998,2996,-1
25452,3003,3001,2999,-1
25453,3006,3004,3002,-1
25454,3009,3007,3005,-1
25455,3012,3010,3008,-1
25456,3015,3013,3011,-1
25457,3018,3016,3014,-1
25458,3021,3019,3017,-1
25459,3024,3022,3020,-1
25460,3027,3025,3023,-1
25461,3030,3028,3026,-1
25462,3033,3031,3029,-1
25463,3036,3034,3032,-1
25464,3039,3037,3035,-1
25465,3042,3040,3038,-1
25466,3045,3043,3041,-1
25467,3048,3046,3044,-1
25468,3051,3049,3047,-1
25469,3054,3052,3050,-1
25470,3057,3055,3053,-1
25471,3060,3058,3056,-1
25472,3063,3061,3059,-1
25473,3066,3064,3062,-1
25474,3069,3067,3065,-1
25475,-1,3070,3068,-1
25476,-1,-1,3071,-1
25477,-1,-1,-1,-1
25478,-1,-1,-1,-1
25479,-1,-1,-1,-1
25480,-1,-1,-1,-1
