sample_id,layer,sparsity,mean,variance,layer_position,resource_level,degradation,layer_code
0,features.0,0.0,-0.19376488029956818,0.5292826890945435,0.07692307692307693,16,0.0,0
1,features.0,0.0,0.5347668528556824,1.5263780355453491,0.07692307692307693,16,0.0,0
2,features.0,0.0,0.18032628297805786,1.0789308547973633,0.07692307692307693,16,0.0,0
3,features.0,0.0,0.5293460488319397,0.7857885360717773,0.07692307692307693,16,0.0,0
4,features.0,0.0,-0.20545192062854767,0.41387930512428284,0.07692307692307693,16,0.0,0
5,features.0,0.0,-0.35325029492378235,0.4494532346725464,0.07692307692307693,16,0.0,0
6,features.0,0.0,-0.7040953636169434,1.0077996253967285,0.07692307692307693,16,0.0,0
7,features.0,0.0,-0.5262117385864258,0.41383248567581177,0.07692307692307693,16,0.0,0
8,features.0,0.0,0.6138952374458313,0.4483698904514313,0.07692307692307693,16,0.0,0
9,features.0,0.0,0.36028122901916504,1.0157192945480347,0.07692307692307693,16,0.0,0
10,features.0,0.0,0.30075588822364807,0.2709217071533203,0.07692307692307693,16,0.0,0
11,features.0,0.0,0.1769230216741562,1.0128086805343628,0.07692307692307693,16,0.0,0
12,features.0,0.0,-0.43453332781791687,0.6578191518783569,0.07692307692307693,16,0.0,0
13,features.0,0.0,-0.7417824864387512,1.3177671432495117,0.07692307692307693,16,0.0,0
14,features.0,0.0,-0.17681162059307098,0.7511765956878662,0.07692307692307693,16,0.0,0
15,features.0,0.0,0.1037430539727211,0.7108573317527771,0.07692307692307693,16,0.0,0
16,features.0,0.0,0.11018484085798264,1.423255443572998,0.07692307692307693,16,0.0,0
17,features.0,0.0,0.1621205061674118,0.6968210935592651,0.07692307692307693,16,0.0,0
18,features.0,0.0,0.28351035714149475,2.004716396331787,0.07692307692307693,16,0.0,0
19,features.0,0.0,-0.1781960278749466,0.7328481674194336,0.07692307692307693,16,0.0,0
20,features.0,0.0,-0.09245654195547104,0.9759272933006287,0.07692307692307693,16,0.0,0
21,features.0,0.0,1.5091718435287476,1.1995536088943481,0.07692307692307693,16,0.0,0
22,features.0,0.0,-0.6509445309638977,0.26509374380111694,0.07692307692307693,16,0.0,0
23,features.0,0.0,-0.3547168970108032,0.8705546855926514,0.07692307692307693,16,0.0,0
24,features.0,0.0,0.31516528129577637,0.48915186524391174,0.07692307692307693,16,0.0,0
25,features.0,0.0,-0.13855896890163422,0.6473732590675354,0.07692307692307693,16,0.0,0
26,features.0,0.0,-0.3711925745010376,0.7227092981338501,0.07692307692307693,16,0.0,0
27,features.0,0.0,0.22064583003520966,0.8837274312973022,0.07692307692307693,16,0.0,0
28,features.0,0.0,0.11087340861558914,1.0409753322601318,0.07692307692307693,16,0.0,0
29,features.0,0.0,-0.6682555675506592,0.420169860124588,0.07692307692307693,16,0.0,0
30,features.0,0.0,-0.9359424710273743,0.26497364044189453,0.07692307692307693,16,0.0,0
31,features.0,0.0,0.06890373677015305,0.32071197032928467,0.07692307692307693,16,0.0,0
32,features.0,0.0,0.11175182461738586,0.2542669475078583,0.07692307692307693,16,0.0,0
33,features.0,0.0,-0.0354447104036808,1.0788754224777222,0.07692307692307693,16,0.0,0
34,features.0,0.0,-0.3399111330509186,0.8824643492698669,0.07692307692307693,16,0.0,0
35,features.0,0.0,-0.5065770745277405,0.8724632263183594,0.07692307692307693,16,0.0,0
36,features.0,0.0,0.022918036207556725,0.3648968040943146,0.07692307692307693,16,0.0,0
37,features.0,0.0,0.6999079585075378,1.1845393180847168,0.07692307692307693,16,0.0,0
38,features.0,0.0,0.34792622923851013,0.8105723261833191,0.07692307692307693,16,0.0,0
39,features.0,0.0,0.12311974912881851,0.6909440755844116,0.07692307692307693,16,0.0,0
40,features.0,0.0,0.21784323453903198,0.8315140604972839,0.07692307692307693,16,0.0,0
41,features.0,0.0,-1.0752592086791992,0.3494488596916199,0.07692307692307693,16,0.0,0
42,features.0,0.0,-0.5137999653816223,0.8554700613021851,0.07692307692307693,16,0.0,0
43,features.0,0.0,-0.39087191224098206,0.6506054401397705,0.07692307692307693,16,0.0,0
44,features.0,0.0,-0.011433695442974567,1.160780906677246,0.07692307692307693,16,0.0,0
45,features.0,0.0,0.44925400614738464,0.8472859859466553,0.07692307692307693,16,0.0,0
46,features.0,0.0,-0.20696359872817993,0.7581026554107666,0.07692307692307693,16,0.0,0
47,features.0,0.0,-0.2365412712097168,0.5358850359916687,0.07692307692307693,16,0.0,0
48,features.0,0.0,-0.19149766862392426,0.30844825506210327,0.07692307692307693,16,0.0,0
49,features.0,0.0,-0.47182175517082214,0.19228820502758026,0.07692307692307693,16,0.0,0
50,features.0,0.0,-0.1311216950416565,1.3333250284194946,0.07692307692307693,16,0.0,0
51,features.0,0.0,-0.3215395510196686,0.470397412776947,0.07692307692307693,16,0.0,0
52,features.0,0.0,-0.6309800744056702,0.5607756972312927,0.07692307692307693,16,0.0,0
53,features.0,0.0,-0.4792041778564453,0.7107373476028442,0.07692307692307693,16,0.0,0
54,features.0,0.0,0.2500145733356476,1.375350832939148,0.07692307692307693,16,0.0,0
55,features.0,0.0,0.11634395271539688,0.3668268620967865,0.07692307692307693,16,0.0,0
56,features.0,0.0,-0.019438114017248154,1.1029285192489624,0.07692307692307693,16,0.0,0
57,features.0,0.0,-1.0553847551345825,0.9009588956832886,0.07692307692307693,16,0.0,0
58,features.0,0.0,0.416659951210022,0.311824768781662,0.07692307692307693,16,0.0,0
59,features.0,0.0,0.13852672278881073,0.37416571378707886,0.07692307692307693,16,0.0,0
60,features.0,0.0,0.3636511266231537,0.49014943838119507,0.07692307692307693,16,0.0,0
61,features.0,0.0,-0.36344775557518005,0.7606053352355957,0.07692307692307693,16,0.0,0
62,features.0,0.0,-0.9664776921272278,0.8224949240684509,0.07692307692307693,16,0.0,0
63,features.0,0.0,0.06194104626774788,1.4568555355072021,0.07692307692307693,16,0.0,0
0,features.2,0.63677978515625,0.09239552915096283,0.03816942498087883,0.15384615384615385,16,0.0,6
1,features.2,0.643310546875,0.09665526449680328,0.04296537861227989,0.15384615384615385,16,0.0,6
2,features.2,0.632110595703125,0.0821763277053833,0.029155127704143524,0.15384615384615385,16,0.0,6
3,features.2,0.65411376953125,0.08021590858697891,0.03014645352959633,0.15384615384615385,16,0.0,6
4,features.2,0.6661529541015625,0.09014971554279327,0.0352761372923851,0.15384615384615385,16,0.0,6
5,features.2,0.7037506103515625,0.06138269230723381,0.020370695739984512,0.15384615384615385,16,0.0,6
6,features.2,0.6170501708984375,0.12598997354507446,0.06310483813285828,0.15384615384615385,16,0.0,6
7,features.2,0.6652679443359375,0.06534393876791,0.021958211436867714,0.15384615384615385,16,0.0,6
8,features.2,0.7207183837890625,0.05768909305334091,0.019729407504200935,0.15384615384615385,16,0.0,6
9,features.2,0.630523681640625,0.10251939296722412,0.04266192391514778,0.15384615384615385,16,0.0,6
10,features.2,0.6285552978515625,0.06422507762908936,0.01911398395895958,0.15384615384615385,16,0.0,6
11,features.2,0.656829833984375,0.10237281024456024,0.04702962189912796,0.15384615384615385,16,0.0,6
12,features.2,0.6770782470703125,0.07102607190608978,0.026271961629390717,0.15384615384615385,16,0.0,6
13,features.2,0.6098480224609375,0.1260131150484085,0.06751921027898788,0.15384615384615385,16,0.0,6
14,features.2,0.6305694580078125,0.10840482264757156,0.049546465277671814,0.15384615384615385,16,0.0,6
15,features.2,0.6204376220703125,0.1191917136311531,0.05476931855082512,0.15384615384615385,16,0.0,6
16,features.2,0.6594085693359375,0.09545020014047623,0.043729182332754135,0.15384615384615385,16,0.0,6
17,features.2,0.6704254150390625,0.08268493413925171,0.03221076354384422,0.15384615384615385,16,0.0,6
18,features.2,0.6298980712890625,0.09422829747200012,0.03630276024341583,0.15384615384615385,16,0.0,6
19,features.2,0.6976470947265625,0.07452939450740814,0.029424363747239113,0.15384615384615385,16,0.0,6
20,features.2,0.6513519287109375,0.09699960052967072,0.04670218005776405,0.15384615384615385,16,0.0,6
21,features.2,0.64990234375,0.09979657828807831,0.06361266225576401,0.15384615384615385,16,0.0,6
22,features.2,0.5479888916015625,0.0810711532831192,0.023250650614500046,0.15384615384615385,16,0.0,6
23,features.2,0.641326904296875,0.12087894231081009,0.06411238759756088,0.15384615384615385,16,0.0,6
24,features.2,0.682281494140625,0.07832802087068558,0.03156337887048721,0.15384615384615385,16,0.0,6
25,features.2,0.6164093017578125,0.10937145352363586,0.04802565649151802,0.15384615384615385,16,0.0,6
26,features.2,0.681610107421875,0.06603201478719711,0.02503890171647072,0.15384615384615385,16,0.0,6
27,features.2,0.66656494140625,0.0751391276717186,0.027635829523205757,0.15384615384615385,16,0.0,6
28,features.2,0.6497650146484375,0.10253387689590454,0.0466681569814682,0.15384615384615385,16,0.0,6
29,features.2,0.65753173828125,0.0922597348690033,0.03705773502588272,0.15384615384615385,16,0.0,6
30,features.2,0.670379638671875,0.0668998658657074,0.02047891728579998,0.15384615384615385,16,0.0,6
31,features.2,0.729095458984375,0.041468940675258636,0.009904295206069946,0.15384615384615385,16,0.0,6
32,features.2,0.7158966064453125,0.05299152433872223,0.015497904270887375,0.15384615384615385,16,0.0,6
33,features.2,0.675323486328125,0.07559506595134735,0.030866743996739388,0.15384615384615385,16,0.0,6
34,features.2,0.6275177001953125,0.08051373064517975,0.028534654527902603,0.15384615384615385,16,0.0,6
35,features.2,0.6485443115234375,0.08453749120235443,0.03659574314951897,0.15384615384615385,16,0.0,6
36,features.2,0.717132568359375,0.05494255572557449,0.017321355640888214,0.15384615384615385,16,0.0,6
37,features.2,0.651092529296875,0.11839133501052856,0.06833624839782715,0.15384615384615385,16,0.0,6
38,features.2,0.664459228515625,0.1106664389371872,0.05705350637435913,0.15384615384615385,16,0.0,6
39,features.2,0.670440673828125,0.06904076039791107,0.022638479247689247,0.15384615384615385,16,0.0,6
40,features.2,0.638031005859375,0.10044580698013306,0.04405638203024864,0.15384615384615385,16,0.0,6
41,features.2,0.6225128173828125,0.09342817962169647,0.0365753099322319,0.15384615384615385,16,0.0,6
42,features.2,0.641021728515625,0.08794736117124557,0.03319019824266434,0.15384615384615385,16,0.0,6
43,features.2,0.7014007568359375,0.059765711426734924,0.02117728441953659,0.15384615384615385,16,0.0,6
44,features.2,0.5240936279296875,0.1611076295375824,0.09547672420740128,0.15384615384615385,16,0.0,6
45,features.2,0.64654541015625,0.09568759799003601,0.042465437203645706,0.15384615384615385,16,0.0,6
46,features.2,0.6915740966796875,0.0590701550245285,0.019717874005436897,0.15384615384615385,16,0.0,6
47,features.2,0.633148193359375,0.09687235951423645,0.037369705736637115,0.15384615384615385,16,0.0,6
48,features.2,0.6837310791015625,0.0695929154753685,0.022852163761854172,0.15384615384615385,16,0.0,6
49,features.2,0.68048095703125,0.061483077704906464,0.01684410497546196,0.15384615384615385,16,0.0,6
50,features.2,0.596282958984375,0.1099943220615387,0.04863770678639412,0.15384615384615385,16,0.0,6
51,features.2,0.64300537109375,0.07233650982379913,0.02447160892188549,0.15384615384615385,16,0.0,6
52,features.2,0.654541015625,0.07290739566087723,0.028630392625927925,0.15384615384615385,16,0.0,6
53,features.2,0.6850738525390625,0.07706785202026367,0.030031736940145493,0.15384615384615385,16,0.0,6
54,features.2,0.6029205322265625,0.09782801568508148,0.04147448390722275,0.15384615384615385,16,0.0,6
55,features.2,0.679107666015625,0.044420573860406876,0.009348277933895588,0.15384615384615385,16,0.0,6
56,features.2,0.6463470458984375,0.11936753988265991,0.0640311911702156,0.15384615384615385,16,0.0,6
57,features.2,0.600311279296875,0.10206693410873413,0.04297685623168945,0.15384615384615385,16,0.0,6
58,features.2,0.699432373046875,0.0649629533290863,0.02266491763293743,0.15384615384615385,16,0.0,6
59,features.2,0.69268798828125,0.06259822845458984,0.020909588783979416,0.15384615384615385,16,0.0,6
60,features.2,0.6664276123046875,0.08879750967025757,0.0363529771566391,0.15384615384615385,16,0.0,6
61,features.2,0.701385498046875,0.0633973479270935,0.02323754131793976,0.15384615384615385,16,0.0,6
62,features.2,0.5985107421875,0.11187711358070374,0.04608568176627159,0.15384615384615385,16,0.0,6
63,features.2,0.663177490234375,0.08215633034706116,0.03577025979757309,0.15384615384615385,16,0.0,6
0,features.5,0.873779296875,0.10127416253089905,0.1500619500875473,0.23076923076923078,16,0.0,11
1,features.5,0.912841796875,0.08060549944639206,0.1419481486082077,0.23076923076923078,16,0.0,11
2,features.5,0.8946533203125,0.07008319348096848,0.08207173645496368,0.23076923076923078,16,0.0,11
3,features.5,0.90386962890625,0.06845857203006744,0.10559635609388351,0.23076923076923078,16,0.0,11
4,features.5,0.8734130859375,0.09836464375257492,0.1357533186674118,0.23076923076923078,16,0.0,11
5,features.5,0.84796142578125,0.08971679210662842,0.09562956541776657,0.23076923076923078,16,0.0,11
6,features.5,0.89788818359375,0.1136389821767807,0.24344967305660248,0.23076923076923078,16,0.0,11
7,features.5,0.89593505859375,0.05560167133808136,0.05468760058283806,0.23076923076923078,16,0.0,11
8,features.5,0.86370849609375,0.07005464285612106,0.06905271112918854,0.23076923076923078,16,0.0,11
9,features.5,0.8887939453125,0.0972302183508873,0.1455591320991516,0.23076923076923078,16,0.0,11
10,features.5,0.91802978515625,0.048835158348083496,0.05040533095598221,0.23076923076923078,16,0.0,11
11,features.5,0.86846923828125,0.12511710822582245,0.213314026594162,0.23076923076923078,16,0.0,11
12,features.5,0.86224365234375,0.08666186779737473,0.09917698800563812,0.23076923076923078,16,0.0,11
13,features.5,0.88336181640625,0.1254650354385376,0.2634597718715668,0.23076923076923078,16,0.0,11
14,features.5,0.8798828125,0.11289887130260468,0.20447856187820435,0.23076923076923078,16,0.0,11
15,features.5,0.90875244140625,0.08363519608974457,0.14313459396362305,0.23076923076923078,16,0.0,11
16,features.5,0.88458251953125,0.10398052632808685,0.17569057643413544,0.23076923076923078,16,0.0,11
17,features.5,0.876708984375,0.0979190468788147,0.14155761897563934,0.23076923076923078,16,0.0,11
18,features.5,0.9134521484375,0.07392429560422897,0.11241991072893143,0.23076923076923078,16,0.0,11
19,features.5,0.83355712890625,0.11619062721729279,0.13276398181915283,0.23076923076923078,16,0.0,11
20,features.5,0.89404296875,0.09599358588457108,0.176967591047287,0.23076923076923078,16,0.0,11
21,features.5,0.959228515625,0.059798598289489746,0.23845209181308746,0.23076923076923078,16,0.0,11
22,features.5,0.91064453125,0.04651889577507973,0.041676588356494904,0.23076923076923078,16,0.0,11
23,features.5,0.86865234375,0.1410798728466034,0.27817898988723755,0.23076923076923078,16,0.0,11
24,features.5,0.89569091796875,0.06414684653282166,0.07199473679065704,0.23076923076923078,16,0.0,11
25,features.5,0.91162109375,0.07565562427043915,0.11963897198438644,0.23076923076923078,16,0.0,11
26,features.5,0.8724365234375,0.07123304903507233,0.08148786425590515,0.23076923076923078,16,0.0,11
27,features.5,0.9046630859375,0.061184100806713104,0.07581529021263123,0.23076923076923078,16,0.0,11
28,features.5,0.87371826171875,0.11611613631248474,0.1857818216085434,0.23076923076923078,16,0.0,11
29,features.5,0.87939453125,0.09347701072692871,0.12334486097097397,0.23076923076923078,16,0.0,11
30,features.5,0.8504638671875,0.09257623553276062,0.09791598469018936,0.23076923076923078,16,0.0,11
31,features.5,0.880126953125,0.04357358068227768,0.03085182048380375,0.23076923076923078,16,0.0,11
32,features.5,0.83154296875,0.0812387466430664,0.0643085390329361,0.23076923076923078,16,0.0,11
33,features.5,0.88623046875,0.07385792583227158,0.09067105501890182,0.23076923076923078,16,0.0,11
34,features.5,0.89483642578125,0.06919963657855988,0.09540683031082153,0.23076923076923078,16,0.0,11
35,features.5,0.87884521484375,0.09764102101325989,0.16528728604316711,0.23076923076923078,16,0.0,11
36,features.5,0.85174560546875,0.07811813056468964,0.08121918886899948,0.23076923076923078,16,0.0,11
37,features.5,0.88568115234375,0.13213872909545898,0.31312552094459534,0.23076923076923078,16,0.0,11
38,features.5,0.86602783203125,0.13226133584976196,0.2650538682937622,0.23076923076923078,16,0.0,11
39,features.5,0.87445068359375,0.07733579725027084,0.08383296430110931,0.23076923076923078,16,0.0,11
40,features.5,0.89532470703125,0.09939876943826675,0.17785611748695374,0.23076923076923078,16,0.0,11
41,features.5,0.8797607421875,0.09799394011497498,0.14984557032585144,0.23076923076923078,16,0.0,11
42,features.5,0.8837890625,0.09244094043970108,0.1302136927843094,0.23076923076923078,16,0.0,11
43,features.5,0.84765625,0.08157697319984436,0.08838959783315659,0.23076923076923078,16,0.0,11
44,features.5,0.9349365234375,0.08016909658908844,0.18162553012371063,0.23076923076923078,16,0.0,11
45,features.5,0.88970947265625,0.09646023064851761,0.1524108499288559,0.23076923076923078,16,0.0,11
46,features.5,0.863525390625,0.06702816486358643,0.06443625688552856,0.23076923076923078,16,0.0,11
47,features.5,0.87506103515625,0.11025351285934448,0.17650942504405975,0.23076923076923078,16,0.0,11
48,features.5,0.896484375,0.06508255004882812,0.0685623437166214,0.23076923076923078,16,0.0,11
49,features.5,0.90509033203125,0.04612402990460396,0.037490636110305786,0.23076923076923078,16,0.0,11
50,features.5,0.8961181640625,0.09292491525411606,0.15634863078594208,0.23076923076923078,16,0.0,11
51,features.5,0.88531494140625,0.07275315374135971,0.08434396237134933,0.23076923076923078,16,0.0,11
52,features.5,0.87493896484375,0.0780390128493309,0.11716051399707794,0.23076923076923078,16,0.0,11
53,features.5,0.84881591796875,0.10723962634801865,0.12889127433300018,0.23076923076923078,16,0.0,11
54,features.5,0.92315673828125,0.06245434656739235,0.11722293496131897,0.23076923076923078,16,0.0,11
55,features.5,0.93450927734375,0.025660358369350433,0.021828029304742813,0.23076923076923078,16,0.0,11
56,features.5,0.867431640625,0.1465340405702591,0.3089514970779419,0.23076923076923078,16,0.0,11
57,features.5,0.90179443359375,0.08093728125095367,0.11902225017547607,0.23076923076923078,16,0.0,11
58,features.5,0.86663818359375,0.08180499076843262,0.09856700897216797,0.23076923076923078,16,0.0,11
59,features.5,0.87841796875,0.07590821385383606,0.08938214182853699,0.23076923076923078,16,0.0,11
60,features.5,0.90716552734375,0.0695345550775528,0.10112041980028152,0.23076923076923078,16,0.0,11
61,features.5,0.87750244140625,0.07465189695358276,0.0872650071978569,0.23076923076923078,16,0.0,11
62,features.5,0.906982421875,0.07988321036100388,0.11145360767841339,0.23076923076923078,16,0.0,11
63,features.5,0.89288330078125,0.07473699003458023,0.11713264137506485,0.23076923076923078,16,0.0,11
0,features.7,0.845306396484375,0.1182345300912857,0.1490049809217453,0.3076923076923077,16,0.0,12
1,features.7,0.82928466796875,0.10601802170276642,0.12224555015563965,0.3076923076923077,16,0.0,12
2,features.7,0.865509033203125,0.07112730294466019,0.06346967071294785,0.3076923076923077,16,0.0,12
3,features.7,0.827545166015625,0.10009050369262695,0.10635341703891754,0.3076923076923077,16,0.0,12
4,features.7,0.841278076171875,0.13739129900932312,0.1870223730802536,0.3076923076923077,16,0.0,12
5,features.7,0.845550537109375,0.09840027987957001,0.1052309200167656,0.3076923076923077,16,0.0,12
6,features.7,0.819671630859375,0.1716851145029068,0.2973715662956238,0.3076923076923077,16,0.0,12
7,features.7,0.78460693359375,0.11052606999874115,0.09306683391332626,0.3076923076923077,16,0.0,12
8,features.7,0.8184814453125,0.10393452644348145,0.097340427339077,0.3076923076923077,16,0.0,12
9,features.7,0.86663818359375,0.08938327431678772,0.10250252485275269,0.3076923076923077,16,0.0,12
10,features.7,0.786376953125,0.0922003760933876,0.07110874354839325,0.3076923076923077,16,0.0,12
11,features.7,0.867919921875,0.12355391681194305,0.19228611886501312,0.3076923076923077,16,0.0,12
12,features.7,0.8424072265625,0.11062786728143692,0.12521237134933472,0.3076923076923077,16,0.0,12
13,features.7,0.841461181640625,0.16552481055259705,0.2886553406715393,0.3076923076923077,16,0.0,12
14,features.7,0.85760498046875,0.11881636083126068,0.1622581034898758,0.3076923076923077,16,0.0,12
15,features.7,0.81268310546875,0.12037494033575058,0.1462806910276413,0.3076923076923077,16,0.0,12
16,features.7,0.82366943359375,0.16321836411952972,0.2487279623746872,0.3076923076923077,16,0.0,12
17,features.7,0.839599609375,0.1273839771747589,0.18124206364154816,0.3076923076923077,16,0.0,12
18,features.7,0.81201171875,0.09545894712209702,0.09775020182132721,0.3076923076923077,16,0.0,12
19,features.7,0.88031005859375,0.09224361926317215,0.12440691143274307,0.3076923076923077,16,0.0,12
20,features.7,0.811737060546875,0.14449156820774078,0.1940458118915558,0.3076923076923077,16,0.0,12
21,features.7,0.6771240234375,0.22375726699829102,0.4488007128238678,0.3076923076923077,16,0.0,12
22,features.7,0.8157958984375,0.07916001230478287,0.0550677515566349,0.3076923076923077,16,0.0,12
23,features.7,0.870361328125,0.12214350700378418,0.2031862437725067,0.3076923076923077,16,0.0,12
24,features.7,0.77178955078125,0.1389157772064209,0.1294982135295868,0.3076923076923077,16,0.0,12
25,features.7,0.76263427734375,0.17623117566108704,0.22923587262630463,0.3076923076923077,16,0.0,12
26,features.7,0.8140869140625,0.11954182386398315,0.14234715700149536,0.3076923076923077,16,0.0,12
27,features.7,0.80413818359375,0.1183488667011261,0.11794691532850266,0.3076923076923077,16,0.0,12
28,features.7,0.870208740234375,0.1015857458114624,0.12993696331977844,0.3076923076923077,16,0.0,12
29,features.7,0.843597412109375,0.12289037555456161,0.1712651550769806,0.3076923076923077,16,0.0,12
30,features.7,0.85455322265625,0.09911126643419266,0.10893543809652328,0.3076923076923077,16,0.0,12
31,features.7,0.775054931640625,0.08977223932743073,0.059953246265649796,0.3076923076923077,16,0.0,12
32,features.7,0.88763427734375,0.05621590092778206,0.045822322368621826,0.3076923076923077,16,0.0,12
33,features.7,0.786895751953125,0.1525723934173584,0.16136564314365387,0.3076923076923077,16,0.0,12
34,features.7,0.8221435546875,0.10794688761234283,0.1179160550236702,0.3076923076923077,16,0.0,12
35,features.7,0.83099365234375,0.11611716449260712,0.1536559909582138,0.3076923076923077,16,0.0,12
36,features.7,0.826629638671875,0.11465723812580109,0.12693913280963898,0.3076923076923077,16,0.0,12
37,features.7,0.8619384765625,0.1363019049167633,0.28825825452804565,0.3076923076923077,16,0.0,12
38,features.7,0.86053466796875,0.13295510411262512,0.23867490887641907,0.3076923076923077,16,0.0,12
39,features.7,0.8519287109375,0.08885996043682098,0.09206398576498032,0.3076923076923077,16,0.0,12
40,features.7,0.85247802734375,0.11660711467266083,0.16852031648159027,0.3076923076923077,16,0.0,12
41,features.7,0.828460693359375,0.14871817827224731,0.23145544528961182,0.3076923076923077,16,0.0,12
42,features.7,0.80059814453125,0.16139380633831024,0.1986946016550064,0.3076923076923077,16,0.0,12
43,features.7,0.84051513671875,0.10015399008989334,0.11530809849500656,0.3076923076923077,16,0.0,12
44,features.7,0.786956787109375,0.1536557376384735,0.17881514132022858,0.3076923076923077,16,0.0,12
45,features.7,0.8433837890625,0.10646875947713852,0.12611670792102814,0.3076923076923077,16,0.0,12
46,features.7,0.807037353515625,0.11416328698396683,0.10767165571451187,0.3076923076923077,16,0.0,12
47,features.7,0.864166259765625,0.11268523335456848,0.14736586809158325,0.3076923076923077,16,0.0,12
48,features.7,0.7828369140625,0.13857999444007874,0.1387040764093399,0.3076923076923077,16,0.0,12
49,features.7,0.775146484375,0.11082291603088379,0.08448674529790878,0.3076923076923077,16,0.0,12
50,features.7,0.851593017578125,0.11472321301698685,0.16540156304836273,0.3076923076923077,16,0.0,12
51,features.7,0.853240966796875,0.0722595751285553,0.06516782194375992,0.3076923076923077,16,0.0,12
52,features.7,0.806976318359375,0.1427677571773529,0.2076186239719391,0.3076923076923077,16,0.0,12
53,features.7,0.86187744140625,0.10638514161109924,0.1376934051513672,0.3076923076923077,16,0.0,12
54,features.7,0.81597900390625,0.09603529423475266,0.10138384252786636,0.3076923076923077,16,0.0,12
55,features.7,0.725860595703125,0.0778103768825531,0.041279859840869904,0.3076923076923077,16,0.0,12
56,features.7,0.854736328125,0.159994438290596,0.3053523600101471,0.3076923076923077,16,0.0,12
57,features.7,0.82476806640625,0.1137925460934639,0.12249836325645447,0.3076923076923077,16,0.0,12
58,features.7,0.849395751953125,0.09362234175205231,0.10240522027015686,0.3076923076923077,16,0.0,12
59,features.7,0.802276611328125,0.1062810942530632,0.10302069783210754,0.3076923076923077,16,0.0,12
60,features.7,0.7791748046875,0.1569449007511139,0.19026900827884674,0.3076923076923077,16,0.0,12
61,features.7,0.776153564453125,0.13448157906532288,0.13703279197216034,0.3076923076923077,16,0.0,12
62,features.7,0.824005126953125,0.11844277381896973,0.12928813695907593,0.3076923076923077,16,0.0,12
63,features.7,0.794281005859375,0.14177165925502777,0.16670048236846924,0.3076923076923077,16,0.0,12
0,features.10,0.81884765625,0.30293142795562744,0.8671362996101379,0.38461538461538464,16,0.0,1
1,features.10,0.7979736328125,0.35575875639915466,1.0168203115463257,0.38461538461538464,16,0.0,1
2,features.10,0.777587890625,0.2575671374797821,0.4921363592147827,0.38461538461538464,16,0.0,1
3,features.10,0.7984619140625,0.32078519463539124,0.8384939432144165,0.38461538461538464,16,0.0,1
4,features.10,0.8660888671875,0.2227153480052948,0.6571522951126099,0.38461538461538464,16,0.0,1
5,features.10,0.82275390625,0.24973787367343903,0.5577563047409058,0.38461538461538464,16,0.0,1
6,features.10,0.822265625,0.42673853039741516,1.8249859809875488,0.38461538461538464,16,0.0,1
7,features.10,0.8538818359375,0.18724073469638824,0.40536028146743774,0.38461538461538464,16,0.0,1
8,features.10,0.8399658203125,0.21450313925743103,0.5041133165359497,0.38461538461538464,16,0.0,1
9,features.10,0.7978515625,0.26262709498405457,0.5642709136009216,0.38461538461538464,16,0.0,1
10,features.10,0.82080078125,0.26420262455940247,0.6007986068725586,0.38461538461538464,16,0.0,1
11,features.10,0.782958984375,0.4217880964279175,1.3320471048355103,0.38461538461538464,16,0.0,1
12,features.10,0.81640625,0.28232651948928833,0.7330181002616882,0.38461538461538464,16,0.0,1
13,features.10,0.8424072265625,0.32484865188598633,1.2592440843582153,0.38461538461538464,16,0.0,1
14,features.10,0.80126953125,0.3595142364501953,0.9952197074890137,0.38461538461538464,16,0.0,1
15,features.10,0.84912109375,0.26314613223075867,0.8611696362495422,0.38461538461538464,16,0.0,1
16,features.10,0.8388671875,0.3826678991317749,1.5215246677398682,0.38461538461538464,16,0.0,1
17,features.10,0.81298828125,0.3605591356754303,1.3331236839294434,0.38461538461538464,16,0.0,1
18,features.10,0.815185546875,0.2840755879878998,0.7112654447555542,0.38461538461538464,16,0.0,1
19,features.10,0.8096923828125,0.26487627625465393,0.6644394993782043,0.38461538461538464,16,0.0,1
20,features.10,0.831298828125,0.3463456630706787,1.2242231369018555,0.38461538461538464,16,0.0,1
21,features.10,0.8697509765625,0.44130727648735046,3.118375778198242,0.38461538461538464,16,0.0,1
22,features.10,0.8531494140625,0.15086551010608673,0.28033480048179626,0.38461538461538464,16,0.0,1
23,features.10,0.785888671875,0.4448598325252533,1.582683801651001,0.38461538461538464,16,0.0,1
24,features.10,0.871826171875,0.22692714631557465,0.6401175260543823,0.38461538461538464,16,0.0,1
25,features.10,0.8873291015625,0.23516225814819336,0.9274170398712158,0.38461538461538464,16,0.0,1
26,features.10,0.838134765625,0.2533230781555176,0.8439926505088806,0.38461538461538464,16,0.0,1
27,features.10,0.838134765625,0.2758347690105438,0.8279286623001099,0.38461538461538464,16,0.0,1
28,features.10,0.7918701171875,0.32273468375205994,0.7780157327651978,0.38461538461538464,16,0.0,1
29,features.10,0.83349609375,0.28685179352760315,0.8518316745758057,0.38461538461538464,16,0.0,1
30,features.10,0.8309326171875,0.23015084862709045,0.5167245268821716,0.38461538461538464,16,0.0,1
31,features.10,0.8370361328125,0.21866296231746674,0.5382859110832214,0.38461538461538464,16,0.0,1
32,features.10,0.796875,0.18850605189800262,0.27136388421058655,0.38461538461538464,16,0.0,1
33,features.10,0.877685546875,0.21522709727287292,0.6575886607170105,0.38461538461538464,16,0.0,1
34,features.10,0.81298828125,0.31640303134918213,0.9513936638832092,0.38461538461538464,16,0.0,1
35,features.10,0.8182373046875,0.3128162622451782,1.0098289251327515,0.38461538461538464,16,0.0,1
36,features.10,0.8428955078125,0.22875575721263885,0.5859270095825195,0.38461538461538464,16,0.0,1
37,features.10,0.80078125,0.41313377022743225,1.7897332906723022,0.38461538461538464,16,0.0,1
38,features.10,0.8045654296875,0.4278201460838318,1.7178459167480469,0.38461538461538464,16,0.0,1
39,features.10,0.798583984375,0.28085893392562866,0.7060021758079529,0.38461538461538464,16,0.0,1
40,features.10,0.79248046875,0.39797458052635193,1.3711881637573242,0.38461538461538464,16,0.0,1
41,features.10,0.8641357421875,0.26769304275512695,1.0256321430206299,0.38461538461538464,16,0.0,1
42,features.10,0.865478515625,0.2729645073413849,0.9364784955978394,0.38461538461538464,16,0.0,1
43,features.10,0.8294677734375,0.2617780268192291,0.817706823348999,0.38461538461538464,16,0.0,1
44,features.10,0.83935546875,0.33218836784362793,1.1048908233642578,0.38461538461538464,16,0.0,1
45,features.10,0.7972412109375,0.34339749813079834,0.9371265172958374,0.38461538461538464,16,0.0,1
46,features.10,0.8433837890625,0.22833435237407684,0.5871017575263977,0.38461538461538464,16,0.0,1
47,features.10,0.7982177734375,0.3102644681930542,0.7527989745140076,0.38461538461538464,16,0.0,1
48,features.10,0.8743896484375,0.23341068625450134,0.74472576379776,0.38461538461538464,16,0.0,1
49,features.10,0.8873291015625,0.14152750372886658,0.29483914375305176,0.38461538461538464,16,0.0,1
50,features.10,0.8148193359375,0.3478181064128876,1.25892972946167,0.38461538461538464,16,0.0,1
51,features.10,0.7862548828125,0.24881857633590698,0.45957082509994507,0.38461538461538464,16,0.0,1
52,features.10,0.8583984375,0.29573172330856323,1.3732969760894775,0.38461538461538464,16,0.0,1
53,features.10,0.830078125,0.25473979115486145,0.6766827702522278,0.38461538461538464,16,0.0,1
54,features.10,0.7930908203125,0.34417566657066345,0.9347755312919617,0.38461538461538464,16,0.0,1
55,features.10,0.8271484375,0.18953397870063782,0.3277429938316345,0.38461538461538464,16,0.0,1
56,features.10,0.830322265625,0.36941537261009216,1.4306790828704834,0.38461538461538464,16,0.0,1
57,features.10,0.818359375,0.3085280954837799,0.8915839791297913,0.38461538461538464,16,0.0,1
58,features.10,0.8133544921875,0.25370344519615173,0.5596683621406555,0.38461538461538464,16,0.0,1
59,features.10,0.82470703125,0.26803216338157654,0.7144178152084351,0.38461538461538464,16,0.0,1
60,features.10,0.8753662109375,0.2654831111431122,1.016998052597046,0.38461538461538464,16,0.0,1
61,features.10,0.8477783203125,0.28833213448524475,0.9002605080604553,0.38461538461538464,16,0.0,1
62,features.10,0.829833984375,0.29218941926956177,0.8531911373138428,0.38461538461538464,16,0.0,1
63,features.10,0.8345947265625,0.3402940332889557,1.1761112213134766,0.38461538461538464,16,0.0,1
0,features.12,0.90576171875,0.3240809142589569,1.9531047344207764,0.46153846153846156,16,0.0,2
1,features.12,0.93719482421875,0.23503296077251434,1.5927001237869263,0.46153846153846156,16,0.0,2
2,features.12,0.92413330078125,0.21525298058986664,1.0738286972045898,0.46153846153846156,16,0.0,2
3,features.12,0.942626953125,0.1911046802997589,1.185300588607788,0.46153846153846156,16,0.0,2
4,features.12,0.88446044921875,0.3440300524234772,1.8813855648040771,0.46153846153846156,16,0.0,2
5,features.12,0.89471435546875,0.2912188768386841,1.310673713684082,0.46153846153846156,16,0.0,2
6,features.12,0.918212890625,0.3852847218513489,3.4379899501800537,0.46153846153846156,16,0.0,2
7,features.12,0.90863037109375,0.2085917890071869,0.7915276288986206,0.46153846153846156,16,0.0,2
8,features.12,0.90374755859375,0.22580638527870178,0.9106607437133789,0.46153846153846156,16,0.0,2
9,features.12,0.9134521484375,0.227029949426651,1.067665696144104,0.46153846153846156,16,0.0,2
10,features.12,0.9404296875,0.1761852204799652,0.9473601579666138,0.46153846153846156,16,0.0,2
11,features.12,0.91656494140625,0.3949199318885803,3.5154638290405273,0.46153846153846156,16,0.0,2
12,features.12,0.90716552734375,0.2936219573020935,1.5792443752288818,0.46153846153846156,16,0.0,2
13,features.12,0.89385986328125,0.445387601852417,3.576800584793091,0.46153846153846156,16,0.0,2
14,features.12,0.91876220703125,0.3107638657093048,2.1189327239990234,0.46153846153846156,16,0.0,2
15,features.12,0.8961181640625,0.369804710149765,2.4280776977539062,0.46153846153846156,16,0.0,2
16,features.12,0.91900634765625,0.3669438362121582,2.8757219314575195,0.46153846153846156,16,0.0,2
17,features.12,0.91278076171875,0.367107629776001,3.2005176544189453,0.46153846153846156,16,0.0,2
18,features.12,0.92608642578125,0.2411026954650879,1.4502263069152832,0.46153846153846156,16,0.0,2
19,features.12,0.88006591796875,0.3687014877796173,1.9588122367858887,0.46153846153846156,16,0.0,2
20,features.12,0.910888671875,0.3650587499141693,2.8169925212860107,0.46153846153846156,16,0.0,2
21,features.12,0.93408203125,0.44825807213783264,6.913879871368408,0.46153846153846156,16,0.0,2
22,features.12,0.89874267578125,0.20263487100601196,0.7703313231468201,0.46153846153846156,16,0.0,2
23,features.12,0.90869140625,0.43805980682373047,4.390014171600342,0.46153846153846156,16,0.0,2
24,features.12,0.90191650390625,0.29546207189559937,1.5082780122756958,0.46153846153846156,16,0.0,2
25,features.12,0.87548828125,0.43014052510261536,2.524413585662842,0.46153846153846156,16,0.0,2
26,features.12,0.910888671875,0.22926680743694305,1.1810542345046997,0.46153846153846156,16,0.0,2
27,features.12,0.918701171875,0.2695198655128479,1.5444138050079346,0.46153846153846156,16,0.0,2
28,features.12,0.91839599609375,0.2626909017562866,1.5426522493362427,0.46153846153846156,16,0.0,2
29,features.12,0.89373779296875,0.3619672954082489,2.0718281269073486,0.46153846153846156,16,0.0,2
30,features.12,0.89349365234375,0.27707839012145996,1.2153112888336182,0.46153846153846156,16,0.0,2
31,features.12,0.9158935546875,0.22856326401233673,1.1998987197875977,0.46153846153846156,16,0.0,2
32,features.12,0.88873291015625,0.2380947321653366,0.9023024439811707,0.46153846153846156,16,0.0,2
33,features.12,0.89776611328125,0.29654163122177124,1.4660979509353638,0.46153846153846156,16,0.0,2
34,features.12,0.92718505859375,0.2878601551055908,2.0655760765075684,0.46153846153846156,16,0.0,2
35,features.12,0.90185546875,0.3487015664577484,2.520972728729248,0.46153846153846156,16,0.0,2
36,features.12,0.89532470703125,0.3041033446788788,1.6176446676254272,0.46153846153846156,16,0.0,2
37,features.12,0.91845703125,0.4018341600894928,4.55275821685791,0.46153846153846156,16,0.0,2
38,features.12,0.9078369140625,0.4849735200405121,5.310003757476807,0.46153846153846156,16,0.0,2
39,features.12,0.90869140625,0.3001115322113037,1.9500420093536377,0.46153846153846156,16,0.0,2
40,features.12,0.922119140625,0.3588997721672058,3.131228446960449,0.46153846153846156,16,0.0,2
41,features.12,0.87921142578125,0.437448114156723,2.7490429878234863,0.46153846153846156,16,0.0,2
42,features.12,0.9046630859375,0.30722731351852417,1.8457772731781006,0.46153846153846156,16,0.0,2
43,features.12,0.89544677734375,0.3384600579738617,2.065020799636841,0.46153846153846156,16,0.0,2
44,features.12,0.94512939453125,0.2082032412290573,1.355089783668518,0.46153846153846156,16,0.0,2
45,features.12,0.927490234375,0.3045583963394165,2.3480963706970215,0.46153846153846156,16,0.0,2
46,features.12,0.90069580078125,0.27964088320732117,1.3780726194381714,0.46153846153846156,16,0.0,2
47,features.12,0.9110107421875,0.2686332166194916,1.3957754373550415,0.46153846153846156,16,0.0,2
48,features.12,0.8870849609375,0.4081733524799347,2.7708497047424316,0.46153846153846156,16,0.0,2
49,features.12,0.909423828125,0.16315269470214844,0.5123143792152405,0.46153846153846156,16,0.0,2
50,features.12,0.917236328125,0.32464319467544556,2.354823350906372,0.46153846153846156,16,0.0,2
51,features.12,0.92236328125,0.20700253546237946,0.9875789284706116,0.46153846153846156,16,0.0,2
52,features.12,0.8948974609375,0.45457541942596436,4.047169208526611,0.46153846153846156,16,0.0,2
53,features.12,0.885986328125,0.3262987434864044,1.4767895936965942,0.46153846153846156,16,0.0,2
54,features.12,0.94842529296875,0.19821852445602417,1.6020872592926025,0.46153846153846156,16,0.0,2
55,features.12,0.9371337890625,0.15677860379219055,0.7299219369888306,0.46153846153846156,16,0.0,2
56,features.12,0.900634765625,0.3933852016925812,2.7475290298461914,0.46153846153846156,16,0.0,2
57,features.12,0.9193115234375,0.27018874883651733,1.6202547550201416,0.46153846153846156,16,0.0,2
58,features.12,0.9210205078125,0.18963764607906342,0.8171436786651611,0.46153846153846156,16,0.0,2
59,features.12,0.91143798828125,0.2797051966190338,1.6049730777740479,0.46153846153846156,16,0.0,2
60,features.12,0.898193359375,0.41430988907814026,3.227850914001465,0.46153846153846156,16,0.0,2
61,features.12,0.91717529296875,0.28296396136283875,1.591589093208313,0.46153846153846156,16,0.0,2
62,features.12,0.914794921875,0.27681031823158264,1.5469801425933838,0.46153846153846156,16,0.0,2
63,features.12,0.9176025390625,0.35073626041412354,2.66754150390625,0.46153846153846156,16,0.0,2
0,features.14,0.9293212890625,0.44750306010246277,5.116919994354248,0.5384615384615384,16,0.0,3
1,features.14,0.911376953125,0.582675039768219,6.706466197967529,0.5384615384615384,16,0.0,3
2,features.14,0.917236328125,0.4152189791202545,3.719837188720703,0.5384615384615384,16,0.0,3
3,features.14,0.9063720703125,0.46102362871170044,3.8480539321899414,0.5384615384615384,16,0.0,3
4,features.14,0.931640625,0.5177861452102661,7.484217166900635,0.5384615384615384,16,0.0,3
5,features.14,0.930419921875,0.39994266629219055,4.4414167404174805,0.5384615384615384,16,0.0,3
6,features.14,0.9210205078125,0.6937331557273865,12.019110679626465,0.5384615384615384,16,0.0,3
7,features.14,0.93084716796875,0.2863546907901764,2.0690011978149414,0.5384615384615384,16,0.0,3
8,features.14,0.92572021484375,0.31988269090652466,2.564528465270996,0.5384615384615384,16,0.0,3
9,features.14,0.92022705078125,0.4045381247997284,3.741692543029785,0.5384615384615384,16,0.0,3
10,features.14,0.9044189453125,0.41650888323783875,3.321990489959717,0.5384615384615384,16,0.0,3
11,features.14,0.92626953125,0.7315554618835449,14.962536811828613,0.5384615384615384,16,0.0,3
12,features.14,0.93267822265625,0.39317941665649414,4.2919697761535645,0.5384615384615384,16,0.0,3
13,features.14,0.93170166015625,0.6079395413398743,11.0540132522583,0.5384615384615384,16,0.0,3
14,features.14,0.9302978515625,0.5314896106719971,7.773621559143066,0.5384615384615384,16,0.0,3
15,features.14,0.914794921875,0.6932353973388672,11.180974960327148,0.5384615384615384,16,0.0,3
16,features.14,0.9248046875,0.5811139941215515,8.923126220703125,0.5384615384615384,16,0.0,3
17,features.14,0.9261474609375,0.588198721408844,9.5906982421875,0.5384615384615384,16,0.0,3
18,features.14,0.908203125,0.516518771648407,5.558958530426025,0.5384615384615384,16,0.0,3
19,features.14,0.930419921875,0.5845967531204224,9.976189613342285,0.5384615384615384,16,0.0,3
20,features.14,0.933837890625,0.498477578163147,7.675320625305176,0.5384615384615384,16,0.0,3
21,features.14,0.894775390625,1.2270581722259521,28.556835174560547,0.5384615384615384,16,0.0,3
22,features.14,0.921630859375,0.36179661750793457,3.112330675125122,0.5384615384615384,16,0.0,3
23,features.14,0.9361572265625,0.7255018949508667,19.09715461730957,0.5384615384615384,16,0.0,3
24,features.14,0.92938232421875,0.4685433506965637,5.619250774383545,0.5384615384615384,16,0.0,3
25,features.14,0.94305419921875,0.4496126174926758,6.879252910614014,0.5384615384615384,16,0.0,3
26,features.14,0.93377685546875,0.2991877794265747,2.540557861328125,0.5384615384615384,16,0.0,3
27,features.14,0.9150390625,0.4851611256599426,5.140559196472168,0.5384615384615384,16,0.0,3
28,features.14,0.93341064453125,0.40375709533691406,4.814934253692627,0.5384615384615384,16,0.0,3
29,features.14,0.92047119140625,0.6017879247665405,8.352416038513184,0.5384615384615384,16,0.0,3
30,features.14,0.92657470703125,0.4101828634738922,4.175450801849365,0.5384615384615384,16,0.0,3
31,features.14,0.9158935546875,0.4322977364063263,4.370669364929199,0.5384615384615384,16,0.0,3
32,features.14,0.9229736328125,0.42285972833633423,4.3506388664245605,0.5384615384615384,16,0.0,3
33,features.14,0.9189453125,0.5007392764091492,5.602445125579834,0.5384615384615384,16,0.0,3
34,features.14,0.92303466796875,0.5512992739677429,7.863049507141113,0.5384615384615384,16,0.0,3
35,features.14,0.92388916015625,0.6291329860687256,10.473167419433594,0.5384615384615384,16,0.0,3
36,features.14,0.9298095703125,0.47500213980674744,6.379177093505859,0.5384615384615384,16,0.0,3
37,features.14,0.91851806640625,0.7692304849624634,16.56817626953125,0.5384615384615384,16,0.0,3
38,features.14,0.92669677734375,0.7642354965209961,20.491252899169922,0.5384615384615384,16,0.0,3
39,features.14,0.92755126953125,0.47651350498199463,9.063128471374512,0.5384615384615384,16,0.0,3
40,features.14,0.91748046875,0.6766367554664612,10.201513290405273,0.5384615384615384,16,0.0,3
41,features.14,0.9268798828125,0.5735021829605103,9.228110313415527,0.5384615384615384,16,0.0,3
42,features.14,0.91876220703125,0.5107546448707581,6.283915996551514,0.5384615384615384,16,0.0,3
43,features.14,0.92437744140625,0.6145838499069214,10.34312915802002,0.5384615384615384,16,0.0,3
44,features.14,0.89373779296875,0.608769416809082,6.052761554718018,0.5384615384615384,16,0.0,3
45,features.14,0.918701171875,0.6531286239624023,11.49556827545166,0.5384615384615384,16,0.0,3
46,features.14,0.92596435546875,0.4138902425765991,4.71440315246582,0.5384615384615384,16,0.0,3
47,features.14,0.9246826171875,0.41913679242134094,4.058845520019531,0.5384615384615384,16,0.0,3
48,features.14,0.92645263671875,0.674527645111084,14.240966796875,0.5384615384615384,16,0.0,3
49,features.14,0.92578125,0.2605205178260803,1.7583813667297363,0.5384615384615384,16,0.0,3
50,features.14,0.9136962890625,0.7085630893707275,10.223719596862793,0.5384615384615384,16,0.0,3
51,features.14,0.9140625,0.3883611559867859,3.4376742839813232,0.5384615384615384,16,0.0,3
52,features.14,0.92572021484375,0.6545768976211548,11.550541877746582,0.5384615384615384,16,0.0,3
53,features.14,0.9342041015625,0.37080034613609314,3.918036460876465,0.5384615384615384,16,0.0,3
54,features.14,0.8980712890625,0.6427322626113892,8.133747100830078,0.5384615384615384,16,0.0,3
55,features.14,0.8919677734375,0.4775257706642151,4.1298747062683105,0.5384615384615384,16,0.0,3
56,features.14,0.933349609375,0.49831679463386536,6.664029598236084,0.5384615384615384,16,0.0,3
57,features.14,0.92010498046875,0.4353834390640259,4.139406681060791,0.5384615384615384,16,0.0,3
58,features.14,0.91827392578125,0.32118749618530273,2.3311173915863037,0.5384615384615384,16,0.0,3
59,features.14,0.9183349609375,0.4695794880390167,4.918975830078125,0.5384615384615384,16,0.0,3
60,features.14,0.92437744140625,0.7258248925209045,17.028535842895508,0.5384615384615384,16,0.0,3
61,features.14,0.91973876953125,0.48234885931015015,5.1319379806518555,0.5384615384615384,16,0.0,3
62,features.14,0.9246826171875,0.439246267080307,4.606758117675781,0.5384615384615384,16,0.0,3
63,features.14,0.90966796875,0.7644376158714294,11.876588821411133,0.5384615384615384,16,0.0,3
0,features.17,0.865234375,1.3747279644012451,23.50786018371582,0.6153846153846154,16,0.0,4
1,features.17,0.93505859375,1.09467613697052,38.3478889465332,0.6153846153846154,16,0.0,4
2,features.17,0.928466796875,0.6034009456634521,11.436614036560059,0.6153846153846154,16,0.0,4
3,features.17,0.9287109375,0.751641035079956,16.200010299682617,0.6153846153846154,16,0.0,4
4,features.17,0.8876953125,1.351409673690796,32.394474029541016,0.6153846153846154,16,0.0,4
5,features.17,0.8603515625,1.3231256008148193,22.254241943359375,0.6153846153846154,16,0.0,4
6,features.17,0.900146484375,1.779917597770691,68.69300079345703,0.6153846153846154,16,0.0,4
7,features.17,0.862548828125,0.811657190322876,8.390628814697266,0.6153846153846154,16,0.0,4
8,features.17,0.829345703125,1.2614316940307617,18.46846580505371,0.6153846153846154,16,0.0,4
9,features.17,0.8974609375,0.9188426733016968,16.355873107910156,0.6153846153846154,16,0.0,4
10,features.17,0.89208984375,0.983533501625061,17.172481536865234,0.6153846153846154,16,0.0,4
11,features.17,0.88623046875,2.6444995403289795,146.363525390625,0.6153846153846154,16,0.0,4
12,features.17,0.817626953125,1.6750837564468384,29.026395797729492,0.6153846153846154,16,0.0,4
13,features.17,0.843017578125,2.6511893272399902,114.26771545410156,0.6153846153846154,16,0.0,4
14,features.17,0.883056640625,1.6242815256118774,51.96328353881836,0.6153846153846154,16,0.0,4
15,features.17,0.888916015625,1.8144831657409668,54.2275276184082,0.6153846153846154,16,0.0,4
16,features.17,0.82470703125,2.3005902767181396,53.883087158203125,0.6153846153846154,16,0.0,4
17,features.17,0.8427734375,2.218050241470337,56.733402252197266,0.6153846153846154,16,0.0,4
18,features.17,0.9189453125,1.0162729024887085,26.71078109741211,0.6153846153846154,16,0.0,4
19,features.17,0.86865234375,2.2046492099761963,72.18712615966797,0.6153846153846154,16,0.0,4
20,features.17,0.86669921875,1.7445223331451416,49.230987548828125,0.6153846153846154,16,0.0,4
21,features.17,0.91552734375,2.150035858154297,110.5091323852539,0.6153846153846154,16,0.0,4
22,features.17,0.916748046875,0.6828547120094299,11.216573715209961,0.6153846153846154,16,0.0,4
23,features.17,0.870361328125,3.381404161453247,205.46078491210938,0.6153846153846154,16,0.0,4
24,features.17,0.887451171875,1.2726629972457886,26.731496810913086,0.6153846153846154,16,0.0,4
25,features.17,0.838134765625,1.6334182024002075,30.769811630249023,0.6153846153846154,16,0.0,4
26,features.17,0.849853515625,0.9478397965431213,10.990049362182617,0.6153846153846154,16,0.0,4
27,features.17,0.83984375,1.8712656497955322,36.98836898803711,0.6153846153846154,16,0.0,4
28,features.17,0.886962890625,1.2891807556152344,30.562423706054688,0.6153846153846154,16,0.0,4
29,features.17,0.859375,1.8231017589569092,45.91788864135742,0.6153846153846154,16,0.0,4
30,features.17,0.83642578125,1.6187405586242676,28.99985122680664,0.6153846153846154,16,0.0,4
31,features.17,0.83349609375,1.62562096118927,30.072275161743164,0.6153846153846154,16,0.0,4
32,features.17,0.94970703125,0.42796406149864197,7.484119415283203,0.6153846153846154,16,0.0,4
33,features.17,0.85205078125,1.7110836505889893,37.01113510131836,0.6153846153846154,16,0.0,4
34,features.17,0.896484375,1.7982369661331177,66.09195709228516,0.6153846153846154,16,0.0,4
35,features.17,0.90380859375,1.305472731590271,37.61952590942383,0.6153846153846154,16,0.0,4
36,features.17,0.842529296875,1.8815172910690308,47.57523727416992,0.6153846153846154,16,0.0,4
37,features.17,0.884521484375,2.1448118686676025,87.79468536376953,0.6153846153846154,16,0.0,4
38,features.17,0.872314453125,3.0931527614593506,198.39401245117188,0.6153846153846154,16,0.0,4
39,features.17,0.801513671875,3.4459915161132812,147.291748046875,0.6153846153846154,16,0.0,4
40,features.17,0.879150390625,1.7474255561828613,45.984642028808594,0.6153846153846154,16,0.0,4
41,features.17,0.8505859375,2.0762979984283447,52.1929931640625,0.6153846153846154,16,0.0,4
42,features.17,0.81689453125,1.696190357208252,26.347150802612305,0.6153846153846154,16,0.0,4
43,features.17,0.89111328125,1.604848861694336,51.38097381591797,0.6153846153846154,16,0.0,4
44,features.17,0.934326171875,1.0398459434509277,34.21543502807617,0.6153846153846154,16,0.0,4
45,features.17,0.891845703125,2.177987575531006,101.57388305664062,0.6153846153846154,16,0.0,4
46,features.17,0.85205078125,1.3842134475708008,25.17125129699707,0.6153846153846154,16,0.0,4
47,features.17,0.912353515625,0.7768101692199707,11.349764823913574,0.6153846153846154,16,0.0,4
48,features.17,0.857421875,2.8341548442840576,114.97760772705078,0.6153846153846154,16,0.0,4
49,features.17,0.8896484375,0.5504335165023804,6.062717437744141,0.6153846153846154,16,0.0,4
50,features.17,0.89990234375,1.6222816705703735,48.0265998840332,0.6153846153846154,16,0.0,4
51,features.17,0.90234375,0.9719981551170349,20.050411224365234,0.6153846153846154,16,0.0,4
52,features.17,0.87939453125,1.8649543523788452,52.165374755859375,0.6153846153846154,16,0.0,4
53,features.17,0.853759765625,1.2967982292175293,20.802074432373047,0.6153846153846154,16,0.0,4
54,features.17,0.923583984375,1.4072482585906982,68.07425689697266,0.6153846153846154,16,0.0,4
55,features.17,0.935546875,0.8417195081710815,25.88519859313965,0.6153846153846154,16,0.0,4
56,features.17,0.855224609375,1.498612642288208,28.113353729248047,0.6153846153846154,16,0.0,4
57,features.17,0.84716796875,1.3281461000442505,20.46452522277832,0.6153846153846154,16,0.0,4
58,features.17,0.845458984375,1.0202751159667969,11.989960670471191,0.6153846153846154,16,0.0,4
59,features.17,0.848876953125,1.3997247219085693,22.24913215637207,0.6153846153846154,16,0.0,4
60,features.17,0.87109375,3.0333502292633057,162.37799072265625,0.6153846153846154,16,0.0,4
61,features.17,0.843505859375,1.5097272396087646,24.27418327331543,0.6153846153846154,16,0.0,4
62,features.17,0.872802734375,1.2513132095336914,22.314769744873047,0.6153846153846154,16,0.0,4
63,features.17,0.869384765625,1.884513020515442,51.342041015625,0.6153846153846154,16,0.0,4
0,features.19,0.9805908203125,0.9031862616539001,118.87152099609375,0.6923076923076923,16,0.0,5
1,features.19,0.9718017578125,1.2935234308242798,144.0471649169922,0.6923076923076923,16,0.0,5
2,features.19,0.977294921875,0.5301164388656616,26.36402130126953,0.6923076923076923,16,0.0,5
3,features.19,0.983154296875,0.4544096887111664,31.460437774658203,0.6923076923076923,16,0.0,5
4,features.19,0.9766845703125,1.2680163383483887,150.8698272705078,0.6923076923076923,16,0.0,5
5,features.19,0.9781494140625,1.0319952964782715,118.5813217163086,0.6923076923076923,16,0.0,5
6,features.19,0.9742431640625,1.8337798118591309,324.2352600097656,0.6923076923076923,16,0.0,5
7,features.19,0.985107421875,0.45940452814102173,34.648895263671875,0.6923076923076923,16,0.0,5
8,features.19,0.9794921875,1.0207022428512573,121.39842224121094,0.6923076923076923,16,0.0,5
9,features.19,0.9764404296875,0.7971863150596619,61.396453857421875,0.6923076923076923,16,0.0,5
10,features.19,0.9814453125,0.5098950266838074,42.360389709472656,0.6923076923076923,16,0.0,5
11,features.19,0.9674072265625,3.7039265632629395,1018.2520751953125,0.6923076923076923,16,0.0,5
12,features.19,0.977294921875,1.0914555788040161,159.8682861328125,0.6923076923076923,16,0.0,5
13,features.19,0.96826171875,2.849809408187866,707.30029296875,0.6923076923076923,16,0.0,5
14,features.19,0.97607421875,1.5934985876083374,227.56875610351562,0.6923076923076923,16,0.0,5
15,features.19,0.9775390625,1.312768578529358,182.1309814453125,0.6923076923076923,16,0.0,5
16,features.19,0.9752197265625,1.6840126514434814,351.4450378417969,0.6923076923076923,16,0.0,5
17,features.19,0.980224609375,1.3684380054473877,240.47889709472656,0.6923076923076923,16,0.0,5
18,features.19,0.9769287109375,0.8437125086784363,68.06268310546875,0.6923076923076923,16,0.0,5
19,features.19,0.96728515625,2.526526689529419,430.6452941894531,0.6923076923076923,16,0.0,5
20,features.19,0.976318359375,1.3451879024505615,204.10752868652344,0.6923076923076923,16,0.0,5
21,features.19,0.98291015625,1.3717375993728638,313.9862365722656,0.6923076923076923,16,0.0,5
22,features.19,0.9813232421875,0.4208618998527527,25.910106658935547,0.6923076923076923,16,0.0,5
23,features.19,0.970458984375,3.7942895889282227,1297.4007568359375,0.6923076923076923,16,0.0,5
24,features.19,0.9796142578125,0.8532446026802063,115.34597778320312,0.6923076923076923,16,0.0,5
25,features.19,0.9837646484375,0.7618748545646667,118.024658203125,0.6923076923076923,16,0.0,5
26,features.19,0.986083984375,0.436175674200058,37.50986862182617,0.6923076923076923,16,0.0,5
27,features.19,0.9808349609375,1.0173304080963135,164.44155883789062,0.6923076923076923,16,0.0,5
28,features.19,0.974365234375,1.3737263679504395,181.42208862304688,0.6923076923076923,16,0.0,5
29,features.19,0.96875,1.9010919332504272,287.8670959472656,0.6923076923076923,16,0.0,5
30,features.19,0.968017578125,1.3884910345077515,170.2908477783203,0.6923076923076923,16,0.0,5
31,features.19,0.97607421875,1.0958508253097534,176.4501495361328,0.6923076923076923,16,0.0,5
32,features.19,0.980224609375,0.26001954078674316,10.301640510559082,0.6923076923076923,16,0.0,5
33,features.19,0.97412109375,1.2265715599060059,187.6182098388672,0.6923076923076923,16,0.0,5
34,features.19,0.9710693359375,1.9932336807250977,363.1608581542969,0.6923076923076923,16,0.0,5
35,features.19,0.9818115234375,0.7773407697677612,84.44366455078125,0.6923076923076923,16,0.0,5
36,features.19,0.9793701171875,1.2708964347839355,203.94210815429688,0.6923076923076923,16,0.0,5
37,features.19,0.969970703125,2.1281113624572754,375.5191345214844,0.6923076923076923,16,0.0,5
38,features.19,0.9656982421875,4.0340094566345215,1264.5999755859375,0.6923076923076923,16,0.0,5
39,features.19,0.9542236328125,4.398078441619873,1330.89013671875,0.6923076923076923,16,0.0,5
40,features.19,0.9864501953125,0.9600592851638794,161.72573852539062,0.6923076923076923,16,0.0,5
41,features.19,0.9732666015625,1.705092191696167,236.38697814941406,0.6923076923076923,16,0.0,5
42,features.19,0.9813232421875,0.8023491501808167,110.97181701660156,0.6923076923076923,16,0.0,5
43,features.19,0.971435546875,1.7084050178527832,247.37533569335938,0.6923076923076923,16,0.0,5
44,features.19,0.98388671875,0.7896786332130432,104.28829193115234,0.6923076923076923,16,0.0,5
45,features.19,0.972412109375,2.569326877593994,576.224853515625,0.6923076923076923,16,0.0,5
46,features.19,0.980224609375,0.9858728051185608,130.30992126464844,0.6923076923076923,16,0.0,5
47,features.19,0.9801025390625,0.5316998362541199,36.58922576904297,0.6923076923076923,16,0.0,5
48,features.19,0.977294921875,2.3562216758728027,672.7216186523438,0.6923076923076923,16,0.0,5
49,features.19,0.9825439453125,0.3264630436897278,14.462129592895508,0.6923076923076923,16,0.0,5
50,features.19,0.9835205078125,1.0730769634246826,154.92410278320312,0.6923076923076923,16,0.0,5
51,features.19,0.97509765625,0.7942508459091187,60.96159744262695,0.6923076923076923,16,0.0,5
52,features.19,0.983642578125,0.7807571887969971,107.96162414550781,0.6923076923076923,16,0.0,5
53,features.19,0.9814453125,0.816268801689148,113.3768310546875,0.6923076923076923,16,0.0,5
54,features.19,0.9752197265625,1.2280954122543335,136.98898315429688,0.6923076923076923,16,0.0,5
55,features.19,0.973876953125,0.8143212795257568,59.81459045410156,0.6923076923076923,16,0.0,5
56,features.19,0.9833984375,0.7935181856155396,105.50694274902344,0.6923076923076923,16,0.0,5
57,features.19,0.9765625,0.7644676566123962,81.92041015625,0.6923076923076923,16,0.0,5
58,features.19,0.975830078125,0.6661713123321533,60.7955207824707,0.6923076923076923,16,0.0,5
59,features.19,0.97998046875,0.7554848194122314,89.70094299316406,0.6923076923076923,16,0.0,5
60,features.19,0.9732666015625,3.2101023197174072,975.264404296875,0.6923076923076923,16,0.0,5
61,features.19,0.9801025390625,0.8718680739402771,127.38384246826172,0.6923076923076923,16,0.0,5
62,features.19,0.9783935546875,0.9376577734947205,103.29379272460938,0.6923076923076923,16,0.0,5
63,features.19,0.978515625,1.1254700422286987,147.8711700439453,0.6923076923076923,16,0.0,5
0,features.21,0.994873046875,0.39650338888168335,47.39420700073242,0.7692307692307693,16,0.0,7
1,features.21,0.9903564453125,1.2024394273757935,261.7065734863281,0.7692307692307693,16,0.0,7
2,features.21,0.9915771484375,0.42460712790489197,31.93889617919922,0.7692307692307693,16,0.0,7
3,features.21,0.9921875,0.23840641975402832,10.807466506958008,0.7692307692307693,16,0.0,7
4,features.21,0.9947509765625,0.5678257942199707,113.99172973632812,0.7692307692307693,16,0.0,7
5,features.21,0.9942626953125,0.4913429021835327,72.56080627441406,0.7692307692307693,16,0.0,7
6,features.21,0.9923095703125,1.045038104057312,311.6505432128906,0.7692307692307693,16,0.0,7
7,features.21,0.9937744140625,0.20480754971504211,10.331206321716309,0.7692307692307693,16,0.0,7
8,features.21,0.994873046875,0.4801332652568817,78.96277618408203,0.7692307692307693,16,0.0,7
9,features.21,0.991943359375,0.6116311550140381,81.26019287109375,0.7692307692307693,16,0.0,7
10,features.21,0.9932861328125,0.20489801466464996,9.579410552978516,0.7692307692307693,16,0.0,7
11,features.21,0.9866943359375,5.472557067871094,3502.80029296875,0.7692307692307693,16,0.0,7
12,features.21,0.9932861328125,0.4450129270553589,43.8193359375,0.7692307692307693,16,0.0,7
13,features.21,0.9923095703125,1.682023048400879,617.3448486328125,0.7692307692307693,16,0.0,7
14,features.21,0.991455078125,1.4188306331634521,359.113037109375,0.7692307692307693,16,0.0,7
15,features.21,0.9910888671875,0.9575563669204712,162.24588012695312,0.7692307692307693,16,0.0,7
16,features.21,0.992919921875,0.8188802003860474,168.50636291503906,0.7692307692307693,16,0.0,7
17,features.21,0.9935302734375,0.7256610989570618,123.47213745117188,0.7692307692307693,16,0.0,7
18,features.21,0.9898681640625,0.8527651429176331,127.23231506347656,0.7692307692307693,16,0.0,7
19,features.21,0.991455078125,1.4042303562164307,539.61669921875,0.7692307692307693,16,0.0,7
20,features.21,0.9925537109375,0.7670304775238037,118.06967163085938,0.7692307692307693,16,0.0,7
21,features.21,0.99267578125,0.6497285962104797,86.34425354003906,0.7692307692307693,16,0.0,7
22,features.21,0.992431640625,0.17253993451595306,5.638525009155273,0.7692307692307693,16,0.0,7
23,features.21,0.9901123046875,4.049434661865234,2380.2744140625,0.7692307692307693,16,0.0,7
24,features.21,0.993896484375,0.32744908332824707,26.41461944580078,0.7692307692307693,16,0.0,7
25,features.21,0.9937744140625,0.3010232150554657,24.014253616333008,0.7692307692307693,16,0.0,7
26,features.21,0.994140625,0.15947508811950684,7.229775905609131,0.7692307692307693,16,0.0,7
27,features.21,0.992919921875,0.607638955116272,95.1415023803711,0.7692307692307693,16,0.0,7
28,features.21,0.99169921875,1.2712419033050537,274.1536560058594,0.7692307692307693,16,0.0,7
29,features.21,0.99267578125,1.075653076171875,279.4570617675781,0.7692307692307693,16,0.0,7
30,features.21,0.9931640625,0.6347771286964417,105.0157699584961,0.7692307692307693,16,0.0,7
31,features.21,0.994140625,0.41977617144584656,47.19955825805664,0.7692307692307693,16,0.0,7
32,features.21,0.9930419921875,0.10637746006250381,2.6955461502075195,0.7692307692307693,16,0.0,7
33,features.21,0.9940185546875,0.49090203642845154,69.76506042480469,0.7692307692307693,16,0.0,7
34,features.21,0.98974609375,2.3344979286193848,785.4762573242188,0.7692307692307693,16,0.0,7
35,features.21,0.992431640625,0.4064488112926483,46.317073822021484,0.7692307692307693,16,0.0,7
36,features.21,0.9930419921875,0.6000587344169617,80.97772979736328,0.7692307692307693,16,0.0,7
37,features.21,0.9912109375,1.6099389791488647,496.225830078125,0.7692307692307693,16,0.0,7
38,features.21,0.98974609375,4.0462565422058105,2383.68359375,0.7692307692307693,16,0.0,7
39,features.21,0.99072265625,2.722527503967285,1478.8759765625,0.7692307692307693,16,0.0,7
40,features.21,0.9932861328125,0.4194589853286743,42.938758850097656,0.7692307692307693,16,0.0,7
41,features.21,0.994140625,0.7321019172668457,163.47738647460938,0.7692307692307693,16,0.0,7
42,features.21,0.994140625,0.3113669753074646,23.760509490966797,0.7692307692307693,16,0.0,7
43,features.21,0.99365234375,0.8195372223854065,206.50009155273438,0.7692307692307693,16,0.0,7
44,features.21,0.991943359375,0.5125642418861389,64.80368041992188,0.7692307692307693,16,0.0,7
45,features.21,0.991455078125,2.2902774810791016,856.6393432617188,0.7692307692307693,16,0.0,7
46,features.21,0.9951171875,0.4295344352722168,63.7353401184082,0.7692307692307693,16,0.0,7
47,features.21,0.9918212890625,0.2920791804790497,15.90958309173584,0.7692307692307693,16,0.0,7
48,features.21,0.992431640625,1.3706672191619873,389.9316101074219,0.7692307692307693,16,0.0,7
49,features.21,0.994873046875,0.11525726318359375,4.163745880126953,0.7692307692307693,16,0.0,7
50,features.21,0.9908447265625,0.8441858887672424,112.18505096435547,0.7692307692307693,16,0.0,7
51,features.21,0.9908447265625,0.6804623007774353,86.21507263183594,0.7692307692307693,16,0.0,7
52,features.21,0.992919921875,0.3150247633457184,26.895811080932617,0.7692307692307693,16,0.0,7
53,features.21,0.9949951171875,0.32393020391464233,30.84328842163086,0.7692307692307693,16,0.0,7
54,features.21,0.989013671875,1.2183712720870972,260.4486083984375,0.7692307692307693,16,0.0,7
55,features.21,0.9893798828125,0.7676650881767273,101.9710693359375,0.7692307692307693,16,0.0,7
56,features.21,0.993408203125,0.392093300819397,35.3430290222168,0.7692307692307693,16,0.0,7
57,features.21,0.9927978515625,0.33680227398872375,25.571964263916016,0.7692307692307693,16,0.0,7
58,features.21,0.9937744140625,0.2763488292694092,17.535953521728516,0.7692307692307693,16,0.0,7
59,features.21,0.994384765625,0.2930420935153961,22.98887062072754,0.7692307692307693,16,0.0,7
60,features.21,0.992431640625,1.815351963043213,686.1814575195312,0.7692307692307693,16,0.0,7
61,features.21,0.9937744140625,0.39035746455192566,37.28562927246094,0.7692307692307693,16,0.0,7
62,features.21,0.994384765625,0.3970944881439209,48.88434982299805,0.7692307692307693,16,0.0,7
63,features.21,0.994873046875,0.40900731086730957,55.15046310424805,0.7692307692307693,16,0.0,7
0,features.24,0.9873046875,0.2752983868122101,8.25871467590332,0.8461538461538461,16,0.0,8
1,features.24,0.98974609375,0.5961334109306335,95.28038787841797,0.8461538461538461,16,0.0,8
2,features.24,0.99365234375,0.15159721672534943,6.151611804962158,0.8461538461538461,16,0.0,8
3,features.24,0.994140625,0.06379909813404083,1.0629171133041382,0.8461538461538461,16,0.0,8
4,features.24,0.966796875,1.1681923866271973,79.87149810791016,0.8461538461538461,16,0.0,8
5,features.24,0.97412109375,0.6146903038024902,29.09220314025879,0.8461538461538461,16,0.0,8
6,features.24,0.9921875,0.406255841255188,37.41455841064453,0.8461538461538461,16,0.0,8
7,features.24,0.98388671875,0.19254174828529358,3.398099422454834,0.8461538461538461,16,0.0,8
8,features.24,0.98583984375,0.37677624821662903,15.426185607910156,0.8461538461538461,16,0.0,8
9,features.24,0.9912109375,0.2789207994937897,17.03835678100586,0.8461538461538461,16,0.0,8
10,features.24,0.9921875,0.05466929078102112,0.7382802963256836,0.8461538461538461,16,0.0,8
11,features.24,0.99072265625,3.6248326301574707,2405.052490234375,0.8461538461538461,16,0.0,8
12,features.24,0.990234375,0.2581321895122528,12.42676067352295,0.8461538461538461,16,0.0,8
13,features.24,0.9931640625,0.9544930458068848,192.5409698486328,0.8461538461538461,16,0.0,8
14,features.24,0.9921875,0.5874396562576294,88.89611053466797,0.8461538461538461,16,0.0,8
15,features.24,0.9912109375,0.4556126892566681,49.70281982421875,0.8461538461538461,16,0.0,8
16,features.24,0.98779296875,0.6155945658683777,61.35093688964844,0.8461538461538461,16,0.0,8
17,features.24,0.99072265625,0.4527200758457184,38.096107482910156,0.8461538461538461,16,0.0,8
18,features.24,0.9892578125,0.7594038844108582,125.31380462646484,0.8461538461538461,16,0.0,8
19,features.24,0.94287109375,5.713752746582031,1034.6085205078125,0.8461538461538461,16,0.0,8
20,features.24,0.9921875,0.36641618609428406,25.406719207763672,0.8461538461538461,16,0.0,8
21,features.24,0.9931640625,0.21491937339305878,11.798314094543457,0.8461538461538461,16,0.0,8
22,features.24,0.990234375,0.08434490114450455,0.937899649143219,0.8461538461538461,16,0.0,8
23,features.24,0.9912109375,1.7992922067642212,853.8630981445312,0.8461538461538461,16,0.0,8
24,features.24,0.98876953125,0.1510307490825653,3.411548137664795,0.8461538461538461,16,0.0,8
25,features.24,0.99169921875,0.14785364270210266,5.176588535308838,0.8461538461538461,16,0.0,8
26,features.24,0.98583984375,0.11183419823646545,1.5536525249481201,0.8461538461538461,16,0.0,8
27,features.24,0.9931640625,0.2181825041770935,19.209157943725586,0.8461538461538461,16,0.0,8
28,features.24,0.99365234375,0.44805240631103516,59.08831024169922,0.8461538461538461,16,0.0,8
29,features.24,0.9560546875,3.0247998237609863,352.11798095703125,0.8461538461538461,16,0.0,8
30,features.24,0.97216796875,0.9499945640563965,58.67670440673828,0.8461538461538461,16,0.0,8
31,features.24,0.98828125,0.30011412501335144,15.035999298095703,0.8461538461538461,16,0.0,8
32,features.24,0.98291015625,0.0804840624332428,0.7493704557418823,0.8461538461538461,16,0.0,8
33,features.24,0.98779296875,0.4195525348186493,34.97704315185547,0.8461538461538461,16,0.0,8
34,features.24,0.98974609375,1.0444656610488892,270.5397033691406,0.8461538461538461,16,0.0,8
35,features.24,0.986328125,0.2562966048717499,8.106374740600586,0.8461538461538461,16,0.0,8
36,features.24,0.9921875,0.2688031494617462,16.093515396118164,0.8461538461538461,16,0.0,8
37,features.24,0.99365234375,0.5567750334739685,81.81184387207031,0.8461538461538461,16,0.0,8
38,features.24,0.99072265625,1.9511418342590332,922.435546875,0.8461538461538461,16,0.0,8
39,features.24,0.97216796875,4.3668084144592285,1444.068359375,0.8461538461538461,16,0.0,8
40,features.24,0.9853515625,0.25851279497146606,9.079340934753418,0.8461538461538461,16,0.0,8
41,features.24,0.97216796875,1.2357174158096313,113.16317749023438,0.8461538461538461,16,0.0,8
42,features.24,0.9892578125,0.164344921708107,3.727757692337036,0.8461538461538461,16,0.0,8
43,features.24,0.96826171875,1.5092661380767822,150.87109375,0.8461538461538461,16,0.0,8
44,features.24,0.99462890625,0.15164104104042053,11.284729957580566,0.8461538461538461,16,0.0,8
45,features.24,0.99267578125,0.8150264620780945,187.57106018066406,0.8461538461538461,16,0.0,8
46,features.24,0.98681640625,0.27299660444259644,8.938797950744629,0.8461538461538461,16,0.0,8
47,features.24,0.9931640625,0.07475200295448303,1.3118754625320435,0.8461538461538461,16,0.0,8
48,features.24,0.9921875,0.7332744598388672,105.6476058959961,0.8461538461538461,16,0.0,8
49,features.24,0.97509765625,0.18924365937709808,2.619880437850952,0.8461538461538461,16,0.0,8
50,features.24,0.9931640625,0.20516788959503174,13.296358108520508,0.8461538461538461,16,0.0,8
51,features.24,0.9912109375,0.42340999841690063,41.258975982666016,0.8461538461538461,16,0.0,8
52,features.24,0.9921875,0.07079741358757019,1.1617155075073242,0.8461538461538461,16,0.0,8
53,features.24,0.986328125,0.19731877744197845,5.864152431488037,0.8461538461538461,16,0.0,8
54,features.24,0.98876953125,0.9193114638328552,188.61244201660156,0.8461538461538461,16,0.0,8
55,features.24,0.9912109375,0.5649808645248413,78.09902954101562,0.8461538461538461,16,0.0,8
56,features.24,0.98779296875,0.28069064021110535,11.513940811157227,0.8461538461538461,16,0.0,8
57,features.24,0.99169921875,0.15773417055606842,4.213602066040039,0.8461538461538461,16,0.0,8
58,features.24,0.990234375,0.17379215359687805,4.472239017486572,0.8461538461538461,16,0.0,8
59,features.24,0.986328125,0.1694934219121933,3.635521173477173,0.8461538461538461,16,0.0,8
60,features.24,0.99267578125,0.9990171194076538,207.64097595214844,0.8461538461538461,16,0.0,8
61,features.24,0.986328125,0.2826297879219055,12.435026168823242,0.8461538461538461,16,0.0,8
62,features.24,0.97705078125,0.48820438981056213,20.963472366333008,0.8461538461538461,16,0.0,8
63,features.24,0.98583984375,0.2647445499897003,8.67336368560791,0.8461538461538461,16,0.0,8
0,features.26,0.99609375,0.05562407895922661,1.2248399257659912,0.9230769230769231,16,0.0,9
1,features.26,0.99267578125,0.22016790509223938,11.71955680847168,0.9230769230769231,16,0.0,9
2,features.26,0.994140625,0.04479700326919556,0.5238035917282104,0.9230769230769231,16,0.0,9
3,features.26,0.99755859375,0.007654074113816023,0.02954276278614998,0.9230769230769231,16,0.0,9
4,features.26,0.99267578125,0.4607396721839905,55.46517562866211,0.9230769230769231,16,0.0,9
5,features.26,0.99462890625,0.22006919980049133,13.549396514892578,0.9230769230769231,16,0.0,9
6,features.26,0.99609375,0.08252839744091034,2.8589906692504883,0.9230769230769231,16,0.0,9
7,features.26,0.99560546875,0.05638035386800766,1.0119493007659912,0.9230769230769231,16,0.0,9
8,features.26,0.99560546875,0.08565443754196167,2.7344682216644287,0.9230769230769231,16,0.0,9
9,features.26,0.99560546875,0.05485863983631134,1.115417718887329,0.9230769230769231,16,0.0,9
10,features.26,0.99853515625,0.001923045376315713,0.0027189599350094795,0.9230769230769231,16,0.0,9
11,features.26,0.99560546875,0.8863105773925781,223.64002990722656,0.9230769230769231,16,0.0,9
12,features.26,0.9970703125,0.05268343910574913,1.3473305702209473,0.9230769230769231,16,0.0,9
13,features.26,0.99658203125,0.21750444173812866,19.600162506103516,0.9230769230769231,16,0.0,9
14,features.26,0.99658203125,0.12577712535858154,5.78775691986084,0.9230769230769231,16,0.0,9
15,features.26,0.99560546875,0.13914291560649872,5.280961990356445,0.9230769230769231,16,0.0,9
16,features.26,0.99609375,0.1556698977947235,10.051528930664062,0.9230769230769231,16,0.0,9
17,features.26,0.99658203125,0.104381263256073,4.006646156311035,0.9230769230769231,16,0.0,9
18,features.26,0.99267578125,0.3614707589149475,23.295557022094727,0.9230769230769231,16,0.0,9
19,features.26,0.98583984375,3.231740951538086,1405.6351318359375,0.9230769230769231,16,0.0,9
20,features.26,0.99658203125,0.08279982209205627,2.6163406372070312,0.9230769230769231,16,0.0,9
21,features.26,0.99658203125,0.02296331711113453,0.20273850858211517,0.9230769230769231,16,0.0,9
22,features.26,0.99560546875,0.01668666861951351,0.0835375264286995,0.9230769230769231,16,0.0,9
23,features.26,0.99658203125,0.40580958127975464,54.207401275634766,0.9230769230769231,16,0.0,9
24,features.26,0.99609375,0.03164336457848549,0.3572571873664856,0.9230769230769231,16,0.0,9
25,features.26,0.99658203125,0.02184680476784706,0.27275171875953674,0.9230769230769231,16,0.0,9
26,features.26,0.99462890625,0.032845158129930496,0.30995675921440125,0.9230769230769231,16,0.0,9
27,features.26,0.99755859375,0.027628086507320404,0.4299488067626953,0.9230769230769231,16,0.0,9
28,features.26,0.99658203125,0.10278365761041641,3.8974449634552,0.9230769230769231,16,0.0,9
29,features.26,0.9873046875,1.706085443496704,425.7576904296875,0.9230769230769231,16,0.0,9
30,features.26,0.99365234375,0.38402560353279114,38.51035690307617,0.9230769230769231,16,0.0,9
31,features.26,0.9951171875,0.07555188238620758,2.0680999755859375,0.9230769230769231,16,0.0,9
32,features.26,0.99267578125,0.03364323824644089,0.2815078794956207,0.9230769230769231,16,0.0,9
33,features.26,0.99560546875,0.11893610656261444,4.89561653137207,0.9230769230769231,16,0.0,9
34,features.26,0.99658203125,0.20723044872283936,14.420015335083008,0.9230769230769231,16,0.0,9
35,features.26,0.99658203125,0.0421396903693676,0.7743929624557495,0.9230769230769231,16,0.0,9
36,features.26,0.9951171875,0.09150896966457367,2.843687057495117,0.9230769230769231,16,0.0,9
37,features.26,0.99658203125,0.11577394604682922,5.044501781463623,0.9230769230769231,16,0.0,9
38,features.26,0.99658203125,0.4297845959663391,63.57219696044922,0.9230769230769231,16,0.0,9
39,features.26,0.9931640625,1.5085567235946655,529.780517578125,0.9230769230769231,16,0.0,9
40,features.26,0.9951171875,0.06811811029911041,1.8443832397460938,0.9230769230769231,16,0.0,9
41,features.26,0.9921875,0.5631083846092224,72.49202728271484,0.9230769230769231,16,0.0,9
42,features.26,0.99609375,0.036995623260736465,0.458622545003891,0.9230769230769231,16,0.0,9
43,features.26,0.99365234375,0.6335811018943787,99.87157440185547,0.9230769230769231,16,0.0,9
44,features.26,0.9970703125,0.025247294455766678,0.3067651689052582,0.9230769230769231,16,0.0,9
45,features.26,0.99658203125,0.17464281618595123,11.391629219055176,0.9230769230769231,16,0.0,9
46,features.26,0.99609375,0.056068312376737595,1.3234702348709106,0.9230769230769231,16,0.0,9
47,features.26,0.9970703125,0.010448981076478958,0.07044412195682526,0.9230769230769231,16,0.0,9
48,features.26,0.99658203125,0.1523774117231369,9.220434188842773,0.9230769230769231,16,0.0,9
49,features.26,0.99169921875,0.08134399354457855,1.5876189470291138,0.9230769230769231,16,0.0,9
50,features.26,0.9970703125,0.03398250788450241,0.47064703702926636,0.9230769230769231,16,0.0,9
51,features.26,0.99365234375,0.16604547202587128,6.092280864715576,0.9230769230769231,16,0.0,9
52,features.26,0.998046875,0.003466875059530139,0.0067413244396448135,0.9230769230769231,16,0.0,9
53,features.26,0.99560546875,0.04984040558338165,0.8169828057289124,0.9230769230769231,16,0.0,9
54,features.26,0.99267578125,0.4365450143814087,35.77667236328125,0.9230769230769231,16,0.0,9
55,features.26,0.9931640625,0.2966862916946411,15.704049110412598,0.9230769230769231,16,0.0,9
56,features.26,0.99658203125,0.061306629329919815,1.3955349922180176,0.9230769230769231,16,0.0,9
57,features.26,0.99658203125,0.03653451055288315,0.4796992838382721,0.9230769230769231,16,0.0,9
58,features.26,0.9970703125,0.03519211709499359,0.5620827674865723,0.9230769230769231,16,0.0,9
59,features.26,0.9951171875,0.0405043326318264,0.522432267665863,0.9230769230769231,16,0.0,9
60,features.26,0.99658203125,0.2268705666065216,20.630531311035156,0.9230769230769231,16,0.0,9
61,features.26,0.99560546875,0.06652987003326416,1.7131292819976807,0.9230769230769231,16,0.0,9
62,features.26,0.99609375,0.18046456575393677,9.584486961364746,0.9230769230769231,16,0.0,9
63,features.26,0.99609375,0.04050707072019577,0.7841020822525024,0.9230769230769231,16,0.0,9
0,features.28,0.99560546875,0.00913243554532528,0.03202259913086891,1.0,16,0.0,10
1,features.28,0.99609375,0.049268320202827454,0.7576460838317871,1.0,16,0.0,10
2,features.28,0.99609375,0.009354918263852596,0.028876179829239845,1.0,16,0.0,10
3,features.28,0.99365234375,0.0028764880262315273,0.001976731698960066,1.0,16,0.0,10
4,features.28,0.9951171875,0.08134999126195908,2.635043144226074,1.0,16,0.0,10
5,features.28,0.99609375,0.03246643394231796,0.5041112303733826,1.0,16,0.0,10
6,features.28,0.99658203125,0.01376403123140335,0.08762308955192566,1.0,16,0.0,10
7,features.28,0.9951171875,0.011182881891727448,0.045740626752376556,1.0,16,0.0,10
8,features.28,0.99560546875,0.014427615329623222,0.07999499887228012,1.0,16,0.0,10
9,features.28,0.99462890625,0.015946177765727043,0.09219826757907867,1.0,16,0.0,10
10,features.28,0.9921875,0.0012274058535695076,0.0003148599062114954,1.0,16,0.0,10
11,features.28,0.9931640625,0.17627595365047455,6.1309661865234375,1.0,16,0.0,10
12,features.28,0.99609375,0.00920936930924654,0.04937876760959625,1.0,16,0.0,10
13,features.28,0.99755859375,0.02923668548464775,0.3668134808540344,1.0,16,0.0,10
14,features.28,0.99658203125,0.015101280063390732,0.10297014564275742,1.0,16,0.0,10
15,features.28,0.99560546875,0.029347574338316917,0.2511247396469116,1.0,16,0.0,10
16,features.28,0.99658203125,0.024515770375728607,0.4085009694099426,1.0,16,0.0,10
17,features.28,0.99755859375,0.014167414978146553,0.08456611633300781,1.0,16,0.0,10
18,features.28,0.99365234375,0.09311928600072861,1.8804552555084229,1.0,16,0.0,10
19,features.28,0.99560546875,0.43454471230506897,76.14485931396484,1.0,16,0.0,10
20,features.28,0.99755859375,0.01091192290186882,0.049928855150938034,1.0,16,0.0,10
21,features.28,0.99365234375,0.006149492226541042,0.013159355148673058,1.0,16,0.0,10
22,features.28,0.99658203125,0.0026704235933721066,0.0036828513257205486,1.0,16,0.0,10
23,features.28,0.99658203125,0.04939469322562218,0.96494060754776,1.0,16,0.0,10
24,features.28,0.9970703125,0.004003018140792847,0.009624178521335125,1.0,16,0.0,10
25,features.28,0.9931640625,0.010113968513906002,0.02294512279331684,1.0,16,0.0,10
26,features.28,0.9970703125,0.005498959682881832,0.012586438097059727,1.0,16,0.0,10
27,features.28,0.99169921875,0.013052931986749172,0.032747890800237656,1.0,16,0.0,10
28,features.28,0.99658203125,0.011356008239090443,0.06571856886148453,1.0,16,0.0,10
29,features.28,0.99609375,0.21714642643928528,21.174280166625977,1.0,16,0.0,10
30,features.28,0.99609375,0.06505632400512695,1.8904943466186523,1.0,16,0.0,10
31,features.28,0.99658203125,0.01041917409747839,0.08155077695846558,1.0,16,0.0,10
32,features.28,0.99560546875,0.006567627191543579,0.01799975335597992,1.0,16,0.0,10
33,features.28,0.9970703125,0.017056748270988464,0.2089502364397049,1.0,16,0.0,10
34,features.28,0.99658203125,0.02361801080405712,0.22269392013549805,1.0,16,0.0,10
35,features.28,0.99365234375,0.011146764270961285,0.02959538996219635,1.0,16,0.0,10
36,features.28,0.99560546875,0.018550369888544083,0.1428413987159729,1.0,16,0.0,10
37,features.28,0.9970703125,0.014893393032252789,0.12184002250432968,1.0,16,0.0,10
38,features.28,0.9951171875,0.061831384897232056,1.3547124862670898,1.0,16,0.0,10
39,features.28,0.9970703125,0.1824674904346466,25.981281280517578,1.0,16,0.0,10
40,features.28,0.99462890625,0.01778734102845192,0.12090395390987396,1.0,16,0.0,10
41,features.28,0.99560546875,0.09207605570554733,3.7476236820220947,1.0,16,0.0,10
42,features.28,0.99658203125,0.0043433657847344875,0.011222101747989655,1.0,16,0.0,10
43,features.28,0.99560546875,0.10415007919073105,4.903693199157715,1.0,16,0.0,10
44,features.28,0.99267578125,0.011578163132071495,0.025460148230195045,1.0,16,0.0,10
45,features.28,0.99658203125,0.021104862913489342,0.2025909274816513,1.0,16,0.0,10
46,features.28,0.99560546875,0.010330339893698692,0.04123688116669655,1.0,16,0.0,10
47,features.28,0.99658203125,0.0022476413287222385,0.001963056391105056,1.0,16,0.0,10
48,features.28,0.99755859375,0.019881878048181534,0.1661597043275833,1.0,16,0.0,10
49,features.28,0.9951171875,0.014289114624261856,0.08060861378908157,1.0,16,0.0,10
50,features.28,0.9970703125,0.0038880377542227507,0.008464230224490166,1.0,16,0.0,10
51,features.28,0.99560546875,0.03514593467116356,0.385357141494751,1.0,16,0.0,10
52,features.28,0.9921875,0.001511512789875269,0.0005613310495391488,1.0,16,0.0,10
53,features.28,0.99658203125,0.006407754495739937,0.021288475021719933,1.0,16,0.0,10
54,features.28,0.9931640625,0.10420046746730804,2.666015386581421,1.0,16,0.0,10
55,features.28,0.9931640625,0.07203710079193115,1.1820870637893677,1.0,16,0.0,10
56,features.28,0.99755859375,0.008046572096645832,0.02737339772284031,1.0,16,0.0,10
57,features.28,0.99658203125,0.0044797249138355255,0.010745406150817871,1.0,16,0.0,10
58,features.28,0.99658203125,0.00540662556886673,0.018016524612903595,1.0,16,0.0,10
59,features.28,0.9970703125,0.005682722199708223,0.015072940848767757,1.0,16,0.0,10
60,features.28,0.99755859375,0.03023613803088665,0.39122554659843445,1.0,16,0.0,10
61,features.28,0.99755859375,0.009200863540172577,0.061703819781541824,1.0,16,0.0,10
62,features.28,0.99609375,0.027961241081357002,0.3638071119785309,1.0,16,0.0,10
63,features.28,0.99560546875,0.00693860650062561,0.019671551883220673,1.0,16,0.0,10
0,features.0,0.0,-0.19376488029956818,0.5292826890945435,0.07692307692307693,32,0.0,0
1,features.0,0.0,0.5347668528556824,1.5263780355453491,0.07692307692307693,32,0.0,0
2,features.0,0.0,0.18032628297805786,1.0789308547973633,0.07692307692307693,32,0.0,0
3,features.0,0.0,0.5293460488319397,0.7857885360717773,0.07692307692307693,32,0.0,0
4,features.0,0.0,-0.20545192062854767,0.41387930512428284,0.07692307692307693,32,0.0,0
5,features.0,0.0,-0.35325029492378235,0.4494532346725464,0.07692307692307693,32,0.0,0
6,features.0,0.0,-0.7040953636169434,1.0077996253967285,0.07692307692307693,32,0.0,0
7,features.0,0.0,-0.5262117385864258,0.41383248567581177,0.07692307692307693,32,0.0,0
8,features.0,0.0,0.6138952374458313,0.4483698904514313,0.07692307692307693,32,0.0,0
9,features.0,0.0,0.36028122901916504,1.0157192945480347,0.07692307692307693,32,0.0,0
10,features.0,0.0,0.30075588822364807,0.2709217071533203,0.07692307692307693,32,0.0,0
11,features.0,0.0,0.1769230216741562,1.0128086805343628,0.07692307692307693,32,0.0,0
12,features.0,0.0,-0.43453332781791687,0.6578191518783569,0.07692307692307693,32,0.0,0
13,features.0,0.0,-0.7417824864387512,1.3177671432495117,0.07692307692307693,32,0.0,0
14,features.0,0.0,-0.17681162059307098,0.7511765956878662,0.07692307692307693,32,0.0,0
15,features.0,0.0,0.1037430539727211,0.7108573317527771,0.07692307692307693,32,0.0,0
16,features.0,0.0,0.11018484085798264,1.423255443572998,0.07692307692307693,32,0.0,0
17,features.0,0.0,0.1621205061674118,0.6968210935592651,0.07692307692307693,32,0.0,0
18,features.0,0.0,0.28351035714149475,2.004716396331787,0.07692307692307693,32,0.0,0
19,features.0,0.0,-0.1781960278749466,0.7328481674194336,0.07692307692307693,32,0.0,0
20,features.0,0.0,-0.09245654195547104,0.9759272933006287,0.07692307692307693,32,0.0,0
21,features.0,0.0,1.5091718435287476,1.1995536088943481,0.07692307692307693,32,0.0,0
22,features.0,0.0,-0.6509445309638977,0.26509374380111694,0.07692307692307693,32,0.0,0
23,features.0,0.0,-0.3547168970108032,0.8705546855926514,0.07692307692307693,32,0.0,0
24,features.0,0.0,0.31516528129577637,0.48915186524391174,0.07692307692307693,32,0.0,0
25,features.0,0.0,-0.13855896890163422,0.6473732590675354,0.07692307692307693,32,0.0,0
26,features.0,0.0,-0.3711925745010376,0.7227092981338501,0.07692307692307693,32,0.0,0
27,features.0,0.0,0.22064583003520966,0.8837274312973022,0.07692307692307693,32,0.0,0
28,features.0,0.0,0.11087340861558914,1.0409753322601318,0.07692307692307693,32,0.0,0
29,features.0,0.0,-0.6682555675506592,0.420169860124588,0.07692307692307693,32,0.0,0
30,features.0,0.0,-0.9359424710273743,0.26497364044189453,0.07692307692307693,32,0.0,0
31,features.0,0.0,0.06890373677015305,0.32071197032928467,0.07692307692307693,32,0.0,0
32,features.0,0.0,0.11175182461738586,0.2542669475078583,0.07692307692307693,32,0.0,0
33,features.0,0.0,-0.0354447104036808,1.0788754224777222,0.07692307692307693,32,0.0,0
34,features.0,0.0,-0.3399111330509186,0.8824643492698669,0.07692307692307693,32,0.0,0
35,features.0,0.0,-0.5065770745277405,0.8724632263183594,0.07692307692307693,32,0.0,0
36,features.0,0.0,0.022918036207556725,0.3648968040943146,0.07692307692307693,32,0.0,0
37,features.0,0.0,0.6999079585075378,1.1845393180847168,0.07692307692307693,32,0.0,0
38,features.0,0.0,0.34792622923851013,0.8105723261833191,0.07692307692307693,32,0.0,0
39,features.0,0.0,0.12311974912881851,0.6909440755844116,0.07692307692307693,32,0.0,0
40,features.0,0.0,0.21784323453903198,0.8315140604972839,0.07692307692307693,32,0.0,0
41,features.0,0.0,-1.0752592086791992,0.3494488596916199,0.07692307692307693,32,0.0,0
42,features.0,0.0,-0.5137999653816223,0.8554700613021851,0.07692307692307693,32,0.0,0
43,features.0,0.0,-0.39087191224098206,0.6506054401397705,0.07692307692307693,32,0.0,0
44,features.0,0.0,-0.011433695442974567,1.160780906677246,0.07692307692307693,32,0.0,0
45,features.0,0.0,0.44925400614738464,0.8472859859466553,0.07692307692307693,32,0.0,0
46,features.0,0.0,-0.20696359872817993,0.7581026554107666,0.07692307692307693,32,0.0,0
47,features.0,0.0,-0.2365412712097168,0.5358850359916687,0.07692307692307693,32,0.0,0
48,features.0,0.0,-0.19149766862392426,0.30844825506210327,0.07692307692307693,32,0.0,0
49,features.0,0.0,-0.47182175517082214,0.19228820502758026,0.07692307692307693,32,0.0,0
50,features.0,0.0,-0.1311216950416565,1.3333250284194946,0.07692307692307693,32,0.0,0
51,features.0,0.0,-0.3215395510196686,0.470397412776947,0.07692307692307693,32,0.0,0
52,features.0,0.0,-0.6309800744056702,0.5607756972312927,0.07692307692307693,32,0.0,0
53,features.0,0.0,-0.4792041778564453,0.7107373476028442,0.07692307692307693,32,0.0,0
54,features.0,0.0,0.2500145733356476,1.375350832939148,0.07692307692307693,32,0.0,0
55,features.0,0.0,0.11634395271539688,0.3668268620967865,0.07692307692307693,32,0.0,0
56,features.0,0.0,-0.019438114017248154,1.1029285192489624,0.07692307692307693,32,0.0,0
57,features.0,0.0,-1.0553847551345825,0.9009588956832886,0.07692307692307693,32,0.0,0
58,features.0,0.0,0.416659951210022,0.311824768781662,0.07692307692307693,32,0.0,0
59,features.0,0.0,0.13852672278881073,0.37416571378707886,0.07692307692307693,32,0.0,0
60,features.0,0.0,0.3636511266231537,0.49014943838119507,0.07692307692307693,32,0.0,0
61,features.0,0.0,-0.36344775557518005,0.7606053352355957,0.07692307692307693,32,0.0,0
62,features.0,0.0,-0.9664776921272278,0.8224949240684509,0.07692307692307693,32,0.0,0
63,features.0,0.0,0.06194104626774788,1.4568555355072021,0.07692307692307693,32,0.0,0
0,features.2,0.63677978515625,0.09239552915096283,0.03816942498087883,0.15384615384615385,32,0.0,6
1,features.2,0.643310546875,0.09665526449680328,0.04296537861227989,0.15384615384615385,32,0.0,6
2,features.2,0.632110595703125,0.0821763277053833,0.029155127704143524,0.15384615384615385,32,0.0,6
3,features.2,0.65411376953125,0.08021590858697891,0.03014645352959633,0.15384615384615385,32,0.0,6
4,features.2,0.6661529541015625,0.09014971554279327,0.0352761372923851,0.15384615384615385,32,0.0,6
5,features.2,0.7037506103515625,0.06138269230723381,0.020370695739984512,0.15384615384615385,32,0.0,6
6,features.2,0.6170501708984375,0.12598997354507446,0.06310483813285828,0.15384615384615385,32,0.0,6
7,features.2,0.6652679443359375,0.06534393876791,0.021958211436867714,0.15384615384615385,32,0.0,6
8,features.2,0.7207183837890625,0.05768909305334091,0.019729407504200935,0.15384615384615385,32,0.0,6
9,features.2,0.630523681640625,0.10251939296722412,0.04266192391514778,0.15384615384615385,32,0.0,6
10,features.2,0.6285552978515625,0.06422507762908936,0.01911398395895958,0.15384615384615385,32,0.0,6
11,features.2,0.656829833984375,0.10237281024456024,0.04702962189912796,0.15384615384615385,32,0.0,6
12,features.2,0.6770782470703125,0.07102607190608978,0.026271961629390717,0.15384615384615385,32,0.0,6
13,features.2,0.6098480224609375,0.1260131150484085,0.06751921027898788,0.15384615384615385,32,0.0,6
14,features.2,0.6305694580078125,0.10840482264757156,0.049546465277671814,0.15384615384615385,32,0.0,6
15,features.2,0.6204376220703125,0.1191917136311531,0.05476931855082512,0.15384615384615385,32,0.0,6
16,features.2,0.6594085693359375,0.09545020014047623,0.043729182332754135,0.15384615384615385,32,0.0,6
17,features.2,0.6704254150390625,0.08268493413925171,0.03221076354384422,0.15384615384615385,32,0.0,6
18,features.2,0.6298980712890625,0.09422829747200012,0.03630276024341583,0.15384615384615385,32,0.0,6
19,features.2,0.6976470947265625,0.07452939450740814,0.029424363747239113,0.15384615384615385,32,0.0,6
20,features.2,0.6513519287109375,0.09699960052967072,0.04670218005776405,0.15384615384615385,32,0.0,6
21,features.2,0.64990234375,0.09979657828807831,0.06361266225576401,0.15384615384615385,32,0.0,6
22,features.2,0.5479888916015625,0.0810711532831192,0.023250650614500046,0.15384615384615385,32,0.0,6
23,features.2,0.641326904296875,0.12087894231081009,0.06411238759756088,0.15384615384615385,32,0.0,6
24,features.2,0.682281494140625,0.07832802087068558,0.03156337887048721,0.15384615384615385,32,0.0,6
25,features.2,0.6164093017578125,0.10937145352363586,0.04802565649151802,0.15384615384615385,32,0.0,6
26,features.2,0.681610107421875,0.06603201478719711,0.02503890171647072,0.15384615384615385,32,0.0,6
27,features.2,0.66656494140625,0.0751391276717186,0.027635829523205757,0.15384615384615385,32,0.0,6
28,features.2,0.6497650146484375,0.10253387689590454,0.0466681569814682,0.15384615384615385,32,0.0,6
29,features.2,0.65753173828125,0.0922597348690033,0.03705773502588272,0.15384615384615385,32,0.0,6
30,features.2,0.670379638671875,0.0668998658657074,0.02047891728579998,0.15384615384615385,32,0.0,6
31,features.2,0.729095458984375,0.041468940675258636,0.009904295206069946,0.15384615384615385,32,0.0,6
32,features.2,0.7158966064453125,0.05299152433872223,0.015497904270887375,0.15384615384615385,32,0.0,6
33,features.2,0.675323486328125,0.07559506595134735,0.030866743996739388,0.15384615384615385,32,0.0,6
34,features.2,0.6275177001953125,0.08051373064517975,0.028534654527902603,0.15384615384615385,32,0.0,6
35,features.2,0.6485443115234375,0.08453749120235443,0.03659574314951897,0.15384615384615385,32,0.0,6
36,features.2,0.717132568359375,0.05494255572557449,0.017321355640888214,0.15384615384615385,32,0.0,6
37,features.2,0.651092529296875,0.11839133501052856,0.06833624839782715,0.15384615384615385,32,0.0,6
38,features.2,0.664459228515625,0.1106664389371872,0.05705350637435913,0.15384615384615385,32,0.0,6
39,features.2,0.670440673828125,0.06904076039791107,0.022638479247689247,0.15384615384615385,32,0.0,6
40,features.2,0.638031005859375,0.10044580698013306,0.04405638203024864,0.15384615384615385,32,0.0,6
41,features.2,0.6225128173828125,0.09342817962169647,0.0365753099322319,0.15384615384615385,32,0.0,6
42,features.2,0.641021728515625,0.08794736117124557,0.03319019824266434,0.15384615384615385,32,0.0,6
43,features.2,0.7014007568359375,0.059765711426734924,0.02117728441953659,0.15384615384615385,32,0.0,6
44,features.2,0.5240936279296875,0.1611076295375824,0.09547672420740128,0.15384615384615385,32,0.0,6
45,features.2,0.64654541015625,0.09568759799003601,0.042465437203645706,0.15384615384615385,32,0.0,6
46,features.2,0.6915740966796875,0.0590701550245285,0.019717874005436897,0.15384615384615385,32,0.0,6
47,features.2,0.633148193359375,0.09687235951423645,0.037369705736637115,0.15384615384615385,32,0.0,6
48,features.2,0.6837310791015625,0.0695929154753685,0.022852163761854172,0.15384615384615385,32,0.0,6
49,features.2,0.68048095703125,0.061483077704906464,0.01684410497546196,0.15384615384615385,32,0.0,6
50,features.2,0.596282958984375,0.1099943220615387,0.04863770678639412,0.15384615384615385,32,0.0,6
51,features.2,0.64300537109375,0.07233650982379913,0.02447160892188549,0.15384615384615385,32,0.0,6
52,features.2,0.654541015625,0.07290739566087723,0.028630392625927925,0.15384615384615385,32,0.0,6
53,features.2,0.6850738525390625,0.07706785202026367,0.030031736940145493,0.15384615384615385,32,0.0,6
54,features.2,0.6029205322265625,0.09782801568508148,0.04147448390722275,0.15384615384615385,32,0.0,6
55,features.2,0.679107666015625,0.044420573860406876,0.009348277933895588,0.15384615384615385,32,0.0,6
56,features.2,0.6463470458984375,0.11936753988265991,0.0640311911702156,0.15384615384615385,32,0.0,6
57,features.2,0.600311279296875,0.10206693410873413,0.04297685623168945,0.15384615384615385,32,0.0,6
58,features.2,0.699432373046875,0.0649629533290863,0.02266491763293743,0.15384615384615385,32,0.0,6
59,features.2,0.69268798828125,0.06259822845458984,0.020909588783979416,0.15384615384615385,32,0.0,6
60,features.2,0.6664276123046875,0.08879750967025757,0.0363529771566391,0.15384615384615385,32,0.0,6
61,features.2,0.701385498046875,0.0633973479270935,0.02323754131793976,0.15384615384615385,32,0.0,6
62,features.2,0.5985107421875,0.11187711358070374,0.04608568176627159,0.15384615384615385,32,0.0,6
63,features.2,0.663177490234375,0.08215633034706116,0.03577025979757309,0.15384615384615385,32,0.0,6
0,features.5,0.873779296875,0.10127416253089905,0.1500619500875473,0.23076923076923078,32,0.0,11
1,features.5,0.912841796875,0.08060549944639206,0.1419481486082077,0.23076923076923078,32,0.0,11
2,features.5,0.8946533203125,0.07008319348096848,0.08207173645496368,0.23076923076923078,32,0.0,11
3,features.5,0.90386962890625,0.06845857203006744,0.10559635609388351,0.23076923076923078,32,0.0,11
4,features.5,0.8734130859375,0.09836464375257492,0.1357533186674118,0.23076923076923078,32,0.0,11
5,features.5,0.84796142578125,0.08971679210662842,0.09562956541776657,0.23076923076923078,32,0.0,11
6,features.5,0.89788818359375,0.1136389821767807,0.24344967305660248,0.23076923076923078,32,0.0,11
7,features.5,0.89593505859375,0.05560167133808136,0.05468760058283806,0.23076923076923078,32,0.0,11
8,features.5,0.86370849609375,0.07005464285612106,0.06905271112918854,0.23076923076923078,32,0.0,11
9,features.5,0.8887939453125,0.0972302183508873,0.1455591320991516,0.23076923076923078,32,0.0,11
10,features.5,0.91802978515625,0.048835158348083496,0.05040533095598221,0.23076923076923078,32,0.0,11
11,features.5,0.86846923828125,0.12511710822582245,0.213314026594162,0.23076923076923078,32,0.0,11
12,features.5,0.86224365234375,0.08666186779737473,0.09917698800563812,0.23076923076923078,32,0.0,11
13,features.5,0.88336181640625,0.1254650354385376,0.2634597718715668,0.23076923076923078,32,0.0,11
14,features.5,0.8798828125,0.11289887130260468,0.20447856187820435,0.23076923076923078,32,0.0,11
15,features.5,0.90875244140625,0.08363519608974457,0.14313459396362305,0.23076923076923078,32,0.0,11
16,features.5,0.88458251953125,0.10398052632808685,0.17569057643413544,0.23076923076923078,32,0.0,11
17,features.5,0.876708984375,0.0979190468788147,0.14155761897563934,0.23076923076923078,32,0.0,11
18,features.5,0.9134521484375,0.07392429560422897,0.11241991072893143,0.23076923076923078,32,0.0,11
19,features.5,0.83355712890625,0.11619062721729279,0.13276398181915283,0.23076923076923078,32,0.0,11
20,features.5,0.89404296875,0.09599358588457108,0.176967591047287,0.23076923076923078,32,0.0,11
21,features.5,0.959228515625,0.059798598289489746,0.23845209181308746,0.23076923076923078,32,0.0,11
22,features.5,0.91064453125,0.04651889577507973,0.041676588356494904,0.23076923076923078,32,0.0,11
23,features.5,0.86865234375,0.1410798728466034,0.27817898988723755,0.23076923076923078,32,0.0,11
24,features.5,0.89569091796875,0.06414684653282166,0.07199473679065704,0.23076923076923078,32,0.0,11
25,features.5,0.91162109375,0.07565562427043915,0.11963897198438644,0.23076923076923078,32,0.0,11
26,features.5,0.8724365234375,0.07123304903507233,0.08148786425590515,0.23076923076923078,32,0.0,11
27,features.5,0.9046630859375,0.061184100806713104,0.07581529021263123,0.23076923076923078,32,0.0,11
28,features.5,0.87371826171875,0.11611613631248474,0.1857818216085434,0.23076923076923078,32,0.0,11
29,features.5,0.87939453125,0.09347701072692871,0.12334486097097397,0.23076923076923078,32,0.0,11
30,features.5,0.8504638671875,0.09257623553276062,0.09791598469018936,0.23076923076923078,32,0.0,11
31,features.5,0.880126953125,0.04357358068227768,0.03085182048380375,0.23076923076923078,32,0.0,11
32,features.5,0.83154296875,0.0812387466430664,0.0643085390329361,0.23076923076923078,32,0.0,11
33,features.5,0.88623046875,0.07385792583227158,0.09067105501890182,0.23076923076923078,32,0.0,11
34,features.5,0.89483642578125,0.06919963657855988,0.09540683031082153,0.23076923076923078,32,0.0,11
35,features.5,0.87884521484375,0.09764102101325989,0.16528728604316711,0.23076923076923078,32,0.0,11
36,features.5,0.85174560546875,0.07811813056468964,0.08121918886899948,0.23076923076923078,32,0.0,11
37,features.5,0.88568115234375,0.13213872909545898,0.31312552094459534,0.23076923076923078,32,0.0,11
38,features.5,0.86602783203125,0.13226133584976196,0.2650538682937622,0.23076923076923078,32,0.0,11
39,features.5,0.87445068359375,0.07733579725027084,0.08383296430110931,0.23076923076923078,32,0.0,11
40,features.5,0.89532470703125,0.09939876943826675,0.17785611748695374,0.23076923076923078,32,0.0,11
41,features.5,0.8797607421875,0.09799394011497498,0.14984557032585144,0.23076923076923078,32,0.0,11
42,features.5,0.8837890625,0.09244094043970108,0.1302136927843094,0.23076923076923078,32,0.0,11
43,features.5,0.84765625,0.08157697319984436,0.08838959783315659,0.23076923076923078,32,0.0,11
44,features.5,0.9349365234375,0.08016909658908844,0.18162553012371063,0.23076923076923078,32,0.0,11
45,features.5,0.88970947265625,0.09646023064851761,0.1524108499288559,0.23076923076923078,32,0.0,11
46,features.5,0.863525390625,0.06702816486358643,0.06443625688552856,0.23076923076923078,32,0.0,11
47,features.5,0.87506103515625,0.11025351285934448,0.17650942504405975,0.23076923076923078,32,0.0,11
48,features.5,0.896484375,0.06508255004882812,0.0685623437166214,0.23076923076923078,32,0.0,11
49,features.5,0.90509033203125,0.04612402990460396,0.037490636110305786,0.23076923076923078,32,0.0,11
50,features.5,0.8961181640625,0.09292491525411606,0.15634863078594208,0.23076923076923078,32,0.0,11
51,features.5,0.88531494140625,0.07275315374135971,0.08434396237134933,0.23076923076923078,32,0.0,11
52,features.5,0.87493896484375,0.0780390128493309,0.11716051399707794,0.23076923076923078,32,0.0,11
53,features.5,0.84881591796875,0.10723962634801865,0.12889127433300018,0.23076923076923078,32,0.0,11
54,features.5,0.92315673828125,0.06245434656739235,0.11722293496131897,0.23076923076923078,32,0.0,11
55,features.5,0.93450927734375,0.025660358369350433,0.021828029304742813,0.23076923076923078,32,0.0,11
56,features.5,0.867431640625,0.1465340405702591,0.3089514970779419,0.23076923076923078,32,0.0,11
57,features.5,0.90179443359375,0.08093728125095367,0.11902225017547607,0.23076923076923078,32,0.0,11
58,features.5,0.86663818359375,0.08180499076843262,0.09856700897216797,0.23076923076923078,32,0.0,11
59,features.5,0.87841796875,0.07590821385383606,0.08938214182853699,0.23076923076923078,32,0.0,11
60,features.5,0.90716552734375,0.0695345550775528,0.10112041980028152,0.23076923076923078,32,0.0,11
61,features.5,0.87750244140625,0.07465189695358276,0.0872650071978569,0.23076923076923078,32,0.0,11
62,features.5,0.906982421875,0.07988321036100388,0.11145360767841339,0.23076923076923078,32,0.0,11
63,features.5,0.89288330078125,0.07473699003458023,0.11713264137506485,0.23076923076923078,32,0.0,11
0,features.7,0.845306396484375,0.1182345300912857,0.1490049809217453,0.3076923076923077,32,0.0,12
1,features.7,0.82928466796875,0.10601802170276642,0.12224555015563965,0.3076923076923077,32,0.0,12
2,features.7,0.865509033203125,0.07112730294466019,0.06346967071294785,0.3076923076923077,32,0.0,12
3,features.7,0.827545166015625,0.10009050369262695,0.10635341703891754,0.3076923076923077,32,0.0,12
4,features.7,0.841278076171875,0.13739129900932312,0.1870223730802536,0.3076923076923077,32,0.0,12
5,features.7,0.845550537109375,0.09840027987957001,0.1052309200167656,0.3076923076923077,32,0.0,12
6,features.7,0.819671630859375,0.1716851145029068,0.2973715662956238,0.3076923076923077,32,0.0,12
7,features.7,0.78460693359375,0.11052606999874115,0.09306683391332626,0.3076923076923077,32,0.0,12
8,features.7,0.8184814453125,0.10393452644348145,0.097340427339077,0.3076923076923077,32,0.0,12
9,features.7,0.86663818359375,0.08938327431678772,0.10250252485275269,0.3076923076923077,32,0.0,12
10,features.7,0.786376953125,0.0922003760933876,0.07110874354839325,0.3076923076923077,32,0.0,12
11,features.7,0.867919921875,0.12355391681194305,0.19228611886501312,0.3076923076923077,32,0.0,12
12,features.7,0.8424072265625,0.11062786728143692,0.12521237134933472,0.3076923076923077,32,0.0,12
13,features.7,0.841461181640625,0.16552481055259705,0.2886553406715393,0.3076923076923077,32,0.0,12
14,features.7,0.85760498046875,0.11881636083126068,0.1622581034898758,0.3076923076923077,32,0.0,12
15,features.7,0.81268310546875,0.12037494033575058,0.1462806910276413,0.3076923076923077,32,0.0,12
16,features.7,0.82366943359375,0.16321836411952972,0.2487279623746872,0.3076923076923077,32,0.0,12
17,features.7,0.839599609375,0.1273839771747589,0.18124206364154816,0.3076923076923077,32,0.0,12
18,features.7,0.81201171875,0.09545894712209702,0.09775020182132721,0.3076923076923077,32,0.0,12
19,features.7,0.88031005859375,0.09224361926317215,0.12440691143274307,0.3076923076923077,32,0.0,12
20,features.7,0.811737060546875,0.14449156820774078,0.1940458118915558,0.3076923076923077,32,0.0,12
21,features.7,0.6771240234375,0.22375726699829102,0.4488007128238678,0.3076923076923077,32,0.0,12
22,features.7,0.8157958984375,0.07916001230478287,0.0550677515566349,0.3076923076923077,32,0.0,12
23,features.7,0.870361328125,0.12214350700378418,0.2031862437725067,0.3076923076923077,32,0.0,12
24,features.7,0.77178955078125,0.1389157772064209,0.1294982135295868,0.3076923076923077,32,0.0,12
25,features.7,0.76263427734375,0.17623117566108704,0.22923587262630463,0.3076923076923077,32,0.0,12
26,features.7,0.8140869140625,0.11954182386398315,0.14234715700149536,0.3076923076923077,32,0.0,12
27,features.7,0.80413818359375,0.1183488667011261,0.11794691532850266,0.3076923076923077,32,0.0,12
28,features.7,0.870208740234375,0.1015857458114624,0.12993696331977844,0.3076923076923077,32,0.0,12
29,features.7,0.843597412109375,0.12289037555456161,0.1712651550769806,0.3076923076923077,32,0.0,12
30,features.7,0.85455322265625,0.09911126643419266,0.10893543809652328,0.3076923076923077,32,0.0,12
31,features.7,0.775054931640625,0.08977223932743073,0.059953246265649796,0.3076923076923077,32,0.0,12
32,features.7,0.88763427734375,0.05621590092778206,0.045822322368621826,0.3076923076923077,32,0.0,12
33,features.7,0.786895751953125,0.1525723934173584,0.16136564314365387,0.3076923076923077,32,0.0,12
34,features.7,0.8221435546875,0.10794688761234283,0.1179160550236702,0.3076923076923077,32,0.0,12
35,features.7,0.83099365234375,0.11611716449260712,0.1536559909582138,0.3076923076923077,32,0.0,12
36,features.7,0.826629638671875,0.11465723812580109,0.12693913280963898,0.3076923076923077,32,0.0,12
37,features.7,0.8619384765625,0.1363019049167633,0.28825825452804565,0.3076923076923077,32,0.0,12
38,features.7,0.86053466796875,0.13295510411262512,0.23867490887641907,0.3076923076923077,32,0.0,12
39,features.7,0.8519287109375,0.08885996043682098,0.09206398576498032,0.3076923076923077,32,0.0,12
40,features.7,0.85247802734375,0.11660711467266083,0.16852031648159027,0.3076923076923077,32,0.0,12
41,features.7,0.828460693359375,0.14871817827224731,0.23145544528961182,0.3076923076923077,32,0.0,12
42,features.7,0.80059814453125,0.16139380633831024,0.1986946016550064,0.3076923076923077,32,0.0,12
43,features.7,0.84051513671875,0.10015399008989334,0.11530809849500656,0.3076923076923077,32,0.0,12
44,features.7,0.786956787109375,0.1536557376384735,0.17881514132022858,0.3076923076923077,32,0.0,12
45,features.7,0.8433837890625,0.10646875947713852,0.12611670792102814,0.3076923076923077,32,0.0,12
46,features.7,0.807037353515625,0.11416328698396683,0.10767165571451187,0.3076923076923077,32,0.0,12
47,features.7,0.864166259765625,0.11268523335456848,0.14736586809158325,0.3076923076923077,32,0.0,12
48,features.7,0.7828369140625,0.13857999444007874,0.1387040764093399,0.3076923076923077,32,0.0,12
49,features.7,0.775146484375,0.11082291603088379,0.08448674529790878,0.3076923076923077,32,0.0,12
50,features.7,0.851593017578125,0.11472321301698685,0.16540156304836273,0.3076923076923077,32,0.0,12
51,features.7,0.853240966796875,0.0722595751285553,0.06516782194375992,0.3076923076923077,32,0.0,12
52,features.7,0.806976318359375,0.1427677571773529,0.2076186239719391,0.3076923076923077,32,0.0,12
53,features.7,0.86187744140625,0.10638514161109924,0.1376934051513672,0.3076923076923077,32,0.0,12
54,features.7,0.81597900390625,0.09603529423475266,0.10138384252786636,0.3076923076923077,32,0.0,12
55,features.7,0.725860595703125,0.0778103768825531,0.041279859840869904,0.3076923076923077,32,0.0,12
56,features.7,0.854736328125,0.159994438290596,0.3053523600101471,0.3076923076923077,32,0.0,12
57,features.7,0.82476806640625,0.1137925460934639,0.12249836325645447,0.3076923076923077,32,0.0,12
58,features.7,0.849395751953125,0.09362234175205231,0.10240522027015686,0.3076923076923077,32,0.0,12
59,features.7,0.802276611328125,0.1062810942530632,0.10302069783210754,0.3076923076923077,32,0.0,12
60,features.7,0.7791748046875,0.1569449007511139,0.19026900827884674,0.3076923076923077,32,0.0,12
61,features.7,0.776153564453125,0.13448157906532288,0.13703279197216034,0.3076923076923077,32,0.0,12
62,features.7,0.824005126953125,0.11844277381896973,0.12928813695907593,0.3076923076923077,32,0.0,12
63,features.7,0.794281005859375,0.14177165925502777,0.16670048236846924,0.3076923076923077,32,0.0,12
0,features.10,0.81884765625,0.30293142795562744,0.8671362996101379,0.38461538461538464,32,0.0,1
1,features.10,0.7979736328125,0.35575875639915466,1.0168203115463257,0.38461538461538464,32,0.0,1
2,features.10,0.777587890625,0.2575671374797821,0.4921363592147827,0.38461538461538464,32,0.0,1
3,features.10,0.7984619140625,0.32078519463539124,0.8384939432144165,0.38461538461538464,32,0.0,1
4,features.10,0.8660888671875,0.2227153480052948,0.6571522951126099,0.38461538461538464,32,0.0,1
5,features.10,0.82275390625,0.24973787367343903,0.5577563047409058,0.38461538461538464,32,0.0,1
6,features.10,0.822265625,0.42673853039741516,1.8249859809875488,0.38461538461538464,32,0.0,1
7,features.10,0.8538818359375,0.18724073469638824,0.40536028146743774,0.38461538461538464,32,0.0,1
8,features.10,0.8399658203125,0.21450313925743103,0.5041133165359497,0.38461538461538464,32,0.0,1
9,features.10,0.7978515625,0.26262709498405457,0.5642709136009216,0.38461538461538464,32,0.0,1
10,features.10,0.82080078125,0.26420262455940247,0.6007986068725586,0.38461538461538464,32,0.0,1
11,features.10,0.782958984375,0.4217880964279175,1.3320471048355103,0.38461538461538464,32,0.0,1
12,features.10,0.81640625,0.28232651948928833,0.7330181002616882,0.38461538461538464,32,0.0,1
13,features.10,0.8424072265625,0.32484865188598633,1.2592440843582153,0.38461538461538464,32,0.0,1
14,features.10,0.80126953125,0.3595142364501953,0.9952197074890137,0.38461538461538464,32,0.0,1
15,features.10,0.84912109375,0.26314613223075867,0.8611696362495422,0.38461538461538464,32,0.0,1
16,features.10,0.8388671875,0.3826678991317749,1.5215246677398682,0.38461538461538464,32,0.0,1
17,features.10,0.81298828125,0.3605591356754303,1.3331236839294434,0.38461538461538464,32,0.0,1
18,features.10,0.815185546875,0.2840755879878998,0.7112654447555542,0.38461538461538464,32,0.0,1
19,features.10,0.8096923828125,0.26487627625465393,0.6644394993782043,0.38461538461538464,32,0.0,1
20,features.10,0.831298828125,0.3463456630706787,1.2242231369018555,0.38461538461538464,32,0.0,1
21,features.10,0.8697509765625,0.44130727648735046,3.118375778198242,0.38461538461538464,32,0.0,1
22,features.10,0.8531494140625,0.15086551010608673,0.28033480048179626,0.38461538461538464,32,0.0,1
23,features.10,0.785888671875,0.4448598325252533,1.582683801651001,0.38461538461538464,32,0.0,1
24,features.10,0.871826171875,0.22692714631557465,0.6401175260543823,0.38461538461538464,32,0.0,1
25,features.10,0.8873291015625,0.23516225814819336,0.9274170398712158,0.38461538461538464,32,0.0,1
26,features.10,0.838134765625,0.2533230781555176,0.8439926505088806,0.38461538461538464,32,0.0,1
27,features.10,0.838134765625,0.2758347690105438,0.8279286623001099,0.38461538461538464,32,0.0,1
28,features.10,0.7918701171875,0.32273468375205994,0.7780157327651978,0.38461538461538464,32,0.0,1
29,features.10,0.83349609375,0.28685179352760315,0.8518316745758057,0.38461538461538464,32,0.0,1
30,features.10,0.8309326171875,0.23015084862709045,0.5167245268821716,0.38461538461538464,32,0.0,1
31,features.10,0.8370361328125,0.21866296231746674,0.5382859110832214,0.38461538461538464,32,0.0,1
32,features.10,0.796875,0.18850605189800262,0.27136388421058655,0.38461538461538464,32,0.0,1
33,features.10,0.877685546875,0.21522709727287292,0.6575886607170105,0.38461538461538464,32,0.0,1
34,features.10,0.81298828125,0.31640303134918213,0.9513936638832092,0.38461538461538464,32,0.0,1
35,features.10,0.8182373046875,0.3128162622451782,1.0098289251327515,0.38461538461538464,32,0.0,1
36,features.10,0.8428955078125,0.22875575721263885,0.5859270095825195,0.38461538461538464,32,0.0,1
37,features.10,0.80078125,0.41313377022743225,1.7897332906723022,0.38461538461538464,32,0.0,1
38,features.10,0.8045654296875,0.4278201460838318,1.7178459167480469,0.38461538461538464,32,0.0,1
39,features.10,0.798583984375,0.28085893392562866,0.7060021758079529,0.38461538461538464,32,0.0,1
40,features.10,0.79248046875,0.39797458052635193,1.3711881637573242,0.38461538461538464,32,0.0,1
41,features.10,0.8641357421875,0.26769304275512695,1.0256321430206299,0.38461538461538464,32,0.0,1
42,features.10,0.865478515625,0.2729645073413849,0.9364784955978394,0.38461538461538464,32,0.0,1
43,features.10,0.8294677734375,0.2617780268192291,0.817706823348999,0.38461538461538464,32,0.0,1
44,features.10,0.83935546875,0.33218836784362793,1.1048908233642578,0.38461538461538464,32,0.0,1
45,features.10,0.7972412109375,0.34339749813079834,0.9371265172958374,0.38461538461538464,32,0.0,1
46,features.10,0.8433837890625,0.22833435237407684,0.5871017575263977,0.38461538461538464,32,0.0,1
47,features.10,0.7982177734375,0.3102644681930542,0.7527989745140076,0.38461538461538464,32,0.0,1
48,features.10,0.8743896484375,0.23341068625450134,0.74472576379776,0.38461538461538464,32,0.0,1
49,features.10,0.8873291015625,0.14152750372886658,0.29483914375305176,0.38461538461538464,32,0.0,1
50,features.10,0.8148193359375,0.3478181064128876,1.25892972946167,0.38461538461538464,32,0.0,1
51,features.10,0.7862548828125,0.24881857633590698,0.45957082509994507,0.38461538461538464,32,0.0,1
52,features.10,0.8583984375,0.29573172330856323,1.3732969760894775,0.38461538461538464,32,0.0,1
53,features.10,0.830078125,0.25473979115486145,0.6766827702522278,0.38461538461538464,32,0.0,1
54,features.10,0.7930908203125,0.34417566657066345,0.9347755312919617,0.38461538461538464,32,0.0,1
55,features.10,0.8271484375,0.18953397870063782,0.3277429938316345,0.38461538461538464,32,0.0,1
56,features.10,0.830322265625,0.36941537261009216,1.4306790828704834,0.38461538461538464,32,0.0,1
57,features.10,0.818359375,0.3085280954837799,0.8915839791297913,0.38461538461538464,32,0.0,1
58,features.10,0.8133544921875,0.25370344519615173,0.5596683621406555,0.38461538461538464,32,0.0,1
59,features.10,0.82470703125,0.26803216338157654,0.7144178152084351,0.38461538461538464,32,0.0,1
60,features.10,0.8753662109375,0.2654831111431122,1.016998052597046,0.38461538461538464,32,0.0,1
61,features.10,0.8477783203125,0.28833213448524475,0.9002605080604553,0.38461538461538464,32,0.0,1
62,features.10,0.829833984375,0.29218941926956177,0.8531911373138428,0.38461538461538464,32,0.0,1
63,features.10,0.8345947265625,0.3402940332889557,1.1761112213134766,0.38461538461538464,32,0.0,1
0,features.12,0.90576171875,0.3240809142589569,1.9531047344207764,0.46153846153846156,32,0.0,2
1,features.12,0.93719482421875,0.23503296077251434,1.5927001237869263,0.46153846153846156,32,0.0,2
2,features.12,0.92413330078125,0.21525298058986664,1.0738286972045898,0.46153846153846156,32,0.0,2
3,features.12,0.942626953125,0.1911046802997589,1.185300588607788,0.46153846153846156,32,0.0,2
4,features.12,0.88446044921875,0.3440300524234772,1.8813855648040771,0.46153846153846156,32,0.0,2
5,features.12,0.89471435546875,0.2912188768386841,1.310673713684082,0.46153846153846156,32,0.0,2
6,features.12,0.918212890625,0.3852847218513489,3.4379899501800537,0.46153846153846156,32,0.0,2
7,features.12,0.90863037109375,0.2085917890071869,0.7915276288986206,0.46153846153846156,32,0.0,2
8,features.12,0.90374755859375,0.22580638527870178,0.9106607437133789,0.46153846153846156,32,0.0,2
9,features.12,0.9134521484375,0.227029949426651,1.067665696144104,0.46153846153846156,32,0.0,2
10,features.12,0.9404296875,0.1761852204799652,0.9473601579666138,0.46153846153846156,32,0.0,2
11,features.12,0.91656494140625,0.3949199318885803,3.5154638290405273,0.46153846153846156,32,0.0,2
12,features.12,0.90716552734375,0.2936219573020935,1.5792443752288818,0.46153846153846156,32,0.0,2
13,features.12,0.89385986328125,0.445387601852417,3.576800584793091,0.46153846153846156,32,0.0,2
14,features.12,0.91876220703125,0.3107638657093048,2.1189327239990234,0.46153846153846156,32,0.0,2
15,features.12,0.8961181640625,0.369804710149765,2.4280776977539062,0.46153846153846156,32,0.0,2
16,features.12,0.91900634765625,0.3669438362121582,2.8757219314575195,0.46153846153846156,32,0.0,2
17,features.12,0.91278076171875,0.367107629776001,3.2005176544189453,0.46153846153846156,32,0.0,2
18,features.12,0.92608642578125,0.2411026954650879,1.4502263069152832,0.46153846153846156,32,0.0,2
19,features.12,0.88006591796875,0.3687014877796173,1.9588122367858887,0.46153846153846156,32,0.0,2
20,features.12,0.910888671875,0.3650587499141693,2.8169925212860107,0.46153846153846156,32,0.0,2
21,features.12,0.93408203125,0.44825807213783264,6.913879871368408,0.46153846153846156,32,0.0,2
22,features.12,0.89874267578125,0.20263487100601196,0.7703313231468201,0.46153846153846156,32,0.0,2
23,features.12,0.90869140625,0.43805980682373047,4.390014171600342,0.46153846153846156,32,0.0,2
24,features.12,0.90191650390625,0.29546207189559937,1.5082780122756958,0.46153846153846156,32,0.0,2
25,features.12,0.87548828125,0.43014052510261536,2.524413585662842,0.46153846153846156,32,0.0,2
26,features.12,0.910888671875,0.22926680743694305,1.1810542345046997,0.46153846153846156,32,0.0,2
27,features.12,0.918701171875,0.2695198655128479,1.5444138050079346,0.46153846153846156,32,0.0,2
28,features.12,0.91839599609375,0.2626909017562866,1.5426522493362427,0.46153846153846156,32,0.0,2
29,features.12,0.89373779296875,0.3619672954082489,2.0718281269073486,0.46153846153846156,32,0.0,2
30,features.12,0.89349365234375,0.27707839012145996,1.2153112888336182,0.46153846153846156,32,0.0,2
31,features.12,0.9158935546875,0.22856326401233673,1.1998987197875977,0.46153846153846156,32,0.0,2
32,features.12,0.88873291015625,0.2380947321653366,0.9023024439811707,0.46153846153846156,32,0.0,2
33,features.12,0.89776611328125,0.29654163122177124,1.4660979509353638,0.46153846153846156,32,0.0,2
34,features.12,0.92718505859375,0.2878601551055908,2.0655760765075684,0.46153846153846156,32,0.0,2
35,features.12,0.90185546875,0.3487015664577484,2.520972728729248,0.46153846153846156,32,0.0,2
36,features.12,0.89532470703125,0.3041033446788788,1.6176446676254272,0.46153846153846156,32,0.0,2
37,features.12,0.91845703125,0.4018341600894928,4.55275821685791,0.46153846153846156,32,0.0,2
38,features.12,0.9078369140625,0.4849735200405121,5.310003757476807,0.46153846153846156,32,0.0,2
39,features.12,0.90869140625,0.3001115322113037,1.9500420093536377,0.46153846153846156,32,0.0,2
40,features.12,0.922119140625,0.3588997721672058,3.131228446960449,0.46153846153846156,32,0.0,2
41,features.12,0.87921142578125,0.437448114156723,2.7490429878234863,0.46153846153846156,32,0.0,2
42,features.12,0.9046630859375,0.30722731351852417,1.8457772731781006,0.46153846153846156,32,0.0,2
43,features.12,0.89544677734375,0.3384600579738617,2.065020799636841,0.46153846153846156,32,0.0,2
44,features.12,0.94512939453125,0.2082032412290573,1.355089783668518,0.46153846153846156,32,0.0,2
45,features.12,0.927490234375,0.3045583963394165,2.3480963706970215,0.46153846153846156,32,0.0,2
46,features.12,0.90069580078125,0.27964088320732117,1.3780726194381714,0.46153846153846156,32,0.0,2
47,features.12,0.9110107421875,0.2686332166194916,1.3957754373550415,0.46153846153846156,32,0.0,2
48,features.12,0.8870849609375,0.4081733524799347,2.7708497047424316,0.46153846153846156,32,0.0,2
49,features.12,0.909423828125,0.16315269470214844,0.5123143792152405,0.46153846153846156,32,0.0,2
50,features.12,0.917236328125,0.32464319467544556,2.354823350906372,0.46153846153846156,32,0.0,2
51,features.12,0.92236328125,0.20700253546237946,0.9875789284706116,0.46153846153846156,32,0.0,2
52,features.12,0.8948974609375,0.45457541942596436,4.047169208526611,0.46153846153846156,32,0.0,2
53,features.12,0.885986328125,0.3262987434864044,1.4767895936965942,0.46153846153846156,32,0.0,2
54,features.12,0.94842529296875,0.19821852445602417,1.6020872592926025,0.46153846153846156,32,0.0,2
55,features.12,0.9371337890625,0.15677860379219055,0.7299219369888306,0.46153846153846156,32,0.0,2
56,features.12,0.900634765625,0.3933852016925812,2.7475290298461914,0.46153846153846156,32,0.0,2
57,features.12,0.9193115234375,0.27018874883651733,1.6202547550201416,0.46153846153846156,32,0.0,2
58,features.12,0.9210205078125,0.18963764607906342,0.8171436786651611,0.46153846153846156,32,0.0,2
59,features.12,0.91143798828125,0.2797051966190338,1.6049730777740479,0.46153846153846156,32,0.0,2
60,features.12,0.898193359375,0.41430988907814026,3.227850914001465,0.46153846153846156,32,0.0,2
61,features.12,0.91717529296875,0.28296396136283875,1.591589093208313,0.46153846153846156,32,0.0,2
62,features.12,0.914794921875,0.27681031823158264,1.5469801425933838,0.46153846153846156,32,0.0,2
63,features.12,0.9176025390625,0.35073626041412354,2.66754150390625,0.46153846153846156,32,0.0,2
0,features.14,0.9293212890625,0.44750306010246277,5.116919994354248,0.5384615384615384,32,0.0,3
1,features.14,0.911376953125,0.582675039768219,6.706466197967529,0.5384615384615384,32,0.0,3
2,features.14,0.917236328125,0.4152189791202545,3.719837188720703,0.5384615384615384,32,0.0,3
3,features.14,0.9063720703125,0.46102362871170044,3.8480539321899414,0.5384615384615384,32,0.0,3
4,features.14,0.931640625,0.5177861452102661,7.484217166900635,0.5384615384615384,32,0.0,3
5,features.14,0.930419921875,0.39994266629219055,4.4414167404174805,0.5384615384615384,32,0.0,3
6,features.14,0.9210205078125,0.6937331557273865,12.019110679626465,0.5384615384615384,32,0.0,3
7,features.14,0.93084716796875,0.2863546907901764,2.0690011978149414,0.5384615384615384,32,0.0,3
8,features.14,0.92572021484375,0.31988269090652466,2.564528465270996,0.5384615384615384,32,0.0,3
9,features.14,0.92022705078125,0.4045381247997284,3.741692543029785,0.5384615384615384,32,0.0,3
10,features.14,0.9044189453125,0.41650888323783875,3.321990489959717,0.5384615384615384,32,0.0,3
11,features.14,0.92626953125,0.7315554618835449,14.962536811828613,0.5384615384615384,32,0.0,3
12,features.14,0.93267822265625,0.39317941665649414,4.2919697761535645,0.5384615384615384,32,0.0,3
13,features.14,0.93170166015625,0.6079395413398743,11.0540132522583,0.5384615384615384,32,0.0,3
14,features.14,0.9302978515625,0.5314896106719971,7.773621559143066,0.5384615384615384,32,0.0,3
15,features.14,0.914794921875,0.6932353973388672,11.180974960327148,0.5384615384615384,32,0.0,3
16,features.14,0.9248046875,0.5811139941215515,8.923126220703125,0.5384615384615384,32,0.0,3
17,features.14,0.9261474609375,0.588198721408844,9.5906982421875,0.5384615384615384,32,0.0,3
18,features.14,0.908203125,0.516518771648407,5.558958530426025,0.5384615384615384,32,0.0,3
19,features.14,0.930419921875,0.5845967531204224,9.976189613342285,0.5384615384615384,32,0.0,3
20,features.14,0.933837890625,0.498477578163147,7.675320625305176,0.5384615384615384,32,0.0,3
21,features.14,0.894775390625,1.2270581722259521,28.556835174560547,0.5384615384615384,32,0.0,3
22,features.14,0.921630859375,0.36179661750793457,3.112330675125122,0.5384615384615384,32,0.0,3
23,features.14,0.9361572265625,0.7255018949508667,19.09715461730957,0.5384615384615384,32,0.0,3
24,features.14,0.92938232421875,0.4685433506965637,5.619250774383545,0.5384615384615384,32,0.0,3
25,features.14,0.94305419921875,0.4496126174926758,6.879252910614014,0.5384615384615384,32,0.0,3
26,features.14,0.93377685546875,0.2991877794265747,2.540557861328125,0.5384615384615384,32,0.0,3
27,features.14,0.9150390625,0.4851611256599426,5.140559196472168,0.5384615384615384,32,0.0,3
28,features.14,0.93341064453125,0.40375709533691406,4.814934253692627,0.5384615384615384,32,0.0,3
29,features.14,0.92047119140625,0.6017879247665405,8.352416038513184,0.5384615384615384,32,0.0,3
30,features.14,0.92657470703125,0.4101828634738922,4.175450801849365,0.5384615384615384,32,0.0,3
31,features.14,0.9158935546875,0.4322977364063263,4.370669364929199,0.5384615384615384,32,0.0,3
32,features.14,0.9229736328125,0.42285972833633423,4.3506388664245605,0.5384615384615384,32,0.0,3
33,features.14,0.9189453125,0.5007392764091492,5.602445125579834,0.5384615384615384,32,0.0,3
34,features.14,0.92303466796875,0.5512992739677429,7.863049507141113,0.5384615384615384,32,0.0,3
35,features.14,0.92388916015625,0.6291329860687256,10.473167419433594,0.5384615384615384,32,0.0,3
36,features.14,0.9298095703125,0.47500213980674744,6.379177093505859,0.5384615384615384,32,0.0,3
37,features.14,0.91851806640625,0.7692304849624634,16.56817626953125,0.5384615384615384,32,0.0,3
38,features.14,0.92669677734375,0.7642354965209961,20.491252899169922,0.5384615384615384,32,0.0,3
39,features.14,0.92755126953125,0.47651350498199463,9.063128471374512,0.5384615384615384,32,0.0,3
40,features.14,0.91748046875,0.6766367554664612,10.201513290405273,0.5384615384615384,32,0.0,3
41,features.14,0.9268798828125,0.5735021829605103,9.228110313415527,0.5384615384615384,32,0.0,3
42,features.14,0.91876220703125,0.5107546448707581,6.283915996551514,0.5384615384615384,32,0.0,3
43,features.14,0.92437744140625,0.6145838499069214,10.34312915802002,0.5384615384615384,32,0.0,3
44,features.14,0.89373779296875,0.608769416809082,6.052761554718018,0.5384615384615384,32,0.0,3
45,features.14,0.918701171875,0.6531286239624023,11.49556827545166,0.5384615384615384,32,0.0,3
46,features.14,0.92596435546875,0.4138902425765991,4.71440315246582,0.5384615384615384,32,0.0,3
47,features.14,0.9246826171875,0.41913679242134094,4.058845520019531,0.5384615384615384,32,0.0,3
48,features.14,0.92645263671875,0.674527645111084,14.240966796875,0.5384615384615384,32,0.0,3
49,features.14,0.92578125,0.2605205178260803,1.7583813667297363,0.5384615384615384,32,0.0,3
50,features.14,0.9136962890625,0.7085630893707275,10.223719596862793,0.5384615384615384,32,0.0,3
51,features.14,0.9140625,0.3883611559867859,3.4376742839813232,0.5384615384615384,32,0.0,3
52,features.14,0.92572021484375,0.6545768976211548,11.550541877746582,0.5384615384615384,32,0.0,3
53,features.14,0.9342041015625,0.37080034613609314,3.918036460876465,0.5384615384615384,32,0.0,3
54,features.14,0.8980712890625,0.6427322626113892,8.133747100830078,0.5384615384615384,32,0.0,3
55,features.14,0.8919677734375,0.4775257706642151,4.1298747062683105,0.5384615384615384,32,0.0,3
56,features.14,0.933349609375,0.49831679463386536,6.664029598236084,0.5384615384615384,32,0.0,3
57,features.14,0.92010498046875,0.4353834390640259,4.139406681060791,0.5384615384615384,32,0.0,3
58,features.14,0.91827392578125,0.32118749618530273,2.3311173915863037,0.5384615384615384,32,0.0,3
59,features.14,0.9183349609375,0.4695794880390167,4.918975830078125,0.5384615384615384,32,0.0,3
60,features.14,0.92437744140625,0.7258248925209045,17.028535842895508,0.5384615384615384,32,0.0,3
61,features.14,0.91973876953125,0.48234885931015015,5.1319379806518555,0.5384615384615384,32,0.0,3
62,features.14,0.9246826171875,0.439246267080307,4.606758117675781,0.5384615384615384,32,0.0,3
63,features.14,0.90966796875,0.7644376158714294,11.876588821411133,0.5384615384615384,32,0.0,3
0,features.17,0.865234375,1.3747279644012451,23.50786018371582,0.6153846153846154,32,0.0,4
1,features.17,0.93505859375,1.09467613697052,38.3478889465332,0.6153846153846154,32,0.0,4
2,features.17,0.928466796875,0.6034009456634521,11.436614036560059,0.6153846153846154,32,0.0,4
3,features.17,0.9287109375,0.751641035079956,16.200010299682617,0.6153846153846154,32,0.0,4
4,features.17,0.8876953125,1.351409673690796,32.394474029541016,0.6153846153846154,32,0.0,4
5,features.17,0.8603515625,1.3231256008148193,22.254241943359375,0.6153846153846154,32,0.0,4
6,features.17,0.900146484375,1.779917597770691,68.69300079345703,0.6153846153846154,32,0.0,4
7,features.17,0.862548828125,0.811657190322876,8.390628814697266,0.6153846153846154,32,0.0,4
8,features.17,0.829345703125,1.2614316940307617,18.46846580505371,0.6153846153846154,32,0.0,4
9,features.17,0.8974609375,0.9188426733016968,16.355873107910156,0.6153846153846154,32,0.0,4
10,features.17,0.89208984375,0.983533501625061,17.172481536865234,0.6153846153846154,32,0.0,4
11,features.17,0.88623046875,2.6444995403289795,146.363525390625,0.6153846153846154,32,0.0,4
12,features.17,0.817626953125,1.6750837564468384,29.026395797729492,0.6153846153846154,32,0.0,4
13,features.17,0.843017578125,2.6511893272399902,114.26771545410156,0.6153846153846154,32,0.0,4
14,features.17,0.883056640625,1.6242815256118774,51.96328353881836,0.6153846153846154,32,0.0,4
15,features.17,0.888916015625,1.8144831657409668,54.2275276184082,0.6153846153846154,32,0.0,4
16,features.17,0.82470703125,2.3005902767181396,53.883087158203125,0.6153846153846154,32,0.0,4
17,features.17,0.8427734375,2.218050241470337,56.733402252197266,0.6153846153846154,32,0.0,4
18,features.17,0.9189453125,1.0162729024887085,26.71078109741211,0.6153846153846154,32,0.0,4
19,features.17,0.86865234375,2.2046492099761963,72.18712615966797,0.6153846153846154,32,0.0,4
20,features.17,0.86669921875,1.7445223331451416,49.230987548828125,0.6153846153846154,32,0.0,4
21,features.17,0.91552734375,2.150035858154297,110.5091323852539,0.6153846153846154,32,0.0,4
22,features.17,0.916748046875,0.6828547120094299,11.216573715209961,0.6153846153846154,32,0.0,4
23,features.17,0.870361328125,3.381404161453247,205.46078491210938,0.6153846153846154,32,0.0,4
24,features.17,0.887451171875,1.2726629972457886,26.731496810913086,0.6153846153846154,32,0.0,4
25,features.17,0.838134765625,1.6334182024002075,30.769811630249023,0.6153846153846154,32,0.0,4
26,features.17,0.849853515625,0.9478397965431213,10.990049362182617,0.6153846153846154,32,0.0,4
27,features.17,0.83984375,1.8712656497955322,36.98836898803711,0.6153846153846154,32,0.0,4
28,features.17,0.886962890625,1.2891807556152344,30.562423706054688,0.6153846153846154,32,0.0,4
29,features.17,0.859375,1.8231017589569092,45.91788864135742,0.6153846153846154,32,0.0,4
30,features.17,0.83642578125,1.6187405586242676,28.99985122680664,0.6153846153846154,32,0.0,4
31,features.17,0.83349609375,1.62562096118927,30.072275161743164,0.6153846153846154,32,0.0,4
32,features.17,0.94970703125,0.42796406149864197,7.484119415283203,0.6153846153846154,32,0.0,4
33,features.17,0.85205078125,1.7110836505889893,37.01113510131836,0.6153846153846154,32,0.0,4
34,features.17,0.896484375,1.7982369661331177,66.09195709228516,0.6153846153846154,32,0.0,4
35,features.17,0.90380859375,1.305472731590271,37.61952590942383,0.6153846153846154,32,0.0,4
36,features.17,0.842529296875,1.8815172910690308,47.57523727416992,0.6153846153846154,32,0.0,4
37,features.17,0.884521484375,2.1448118686676025,87.79468536376953,0.6153846153846154,32,0.0,4
38,features.17,0.872314453125,3.0931527614593506,198.39401245117188,0.6153846153846154,32,0.0,4
39,features.17,0.801513671875,3.4459915161132812,147.291748046875,0.6153846153846154,32,0.0,4
40,features.17,0.879150390625,1.7474255561828613,45.984642028808594,0.6153846153846154,32,0.0,4
41,features.17,0.8505859375,2.0762979984283447,52.1929931640625,0.6153846153846154,32,0.0,4
42,features.17,0.81689453125,1.696190357208252,26.347150802612305,0.6153846153846154,32,0.0,4
43,features.17,0.89111328125,1.604848861694336,51.38097381591797,0.6153846153846154,32,0.0,4
44,features.17,0.934326171875,1.0398459434509277,34.21543502807617,0.6153846153846154,32,0.0,4
45,features.17,0.891845703125,2.177987575531006,101.57388305664062,0.6153846153846154,32,0.0,4
46,features.17,0.85205078125,1.3842134475708008,25.17125129699707,0.6153846153846154,32,0.0,4
47,features.17,0.912353515625,0.7768101692199707,11.349764823913574,0.6153846153846154,32,0.0,4
48,features.17,0.857421875,2.8341548442840576,114.97760772705078,0.6153846153846154,32,0.0,4
49,features.17,0.8896484375,0.5504335165023804,6.062717437744141,0.6153846153846154,32,0.0,4
50,features.17,0.89990234375,1.6222816705703735,48.0265998840332,0.6153846153846154,32,0.0,4
51,features.17,0.90234375,0.9719981551170349,20.050411224365234,0.6153846153846154,32,0.0,4
52,features.17,0.87939453125,1.8649543523788452,52.165374755859375,0.6153846153846154,32,0.0,4
53,features.17,0.853759765625,1.2967982292175293,20.802074432373047,0.6153846153846154,32,0.0,4
54,features.17,0.923583984375,1.4072482585906982,68.07425689697266,0.6153846153846154,32,0.0,4
55,features.17,0.935546875,0.8417195081710815,25.88519859313965,0.6153846153846154,32,0.0,4
56,features.17,0.855224609375,1.498612642288208,28.113353729248047,0.6153846153846154,32,0.0,4
57,features.17,0.84716796875,1.3281461000442505,20.46452522277832,0.6153846153846154,32,0.0,4
58,features.17,0.845458984375,1.0202751159667969,11.989960670471191,0.6153846153846154,32,0.0,4
59,features.17,0.848876953125,1.3997247219085693,22.24913215637207,0.6153846153846154,32,0.0,4
60,features.17,0.87109375,3.0333502292633057,162.37799072265625,0.6153846153846154,32,0.0,4
61,features.17,0.843505859375,1.5097272396087646,24.27418327331543,0.6153846153846154,32,0.0,4
62,features.17,0.872802734375,1.2513132095336914,22.314769744873047,0.6153846153846154,32,0.0,4
63,features.17,0.869384765625,1.884513020515442,51.342041015625,0.6153846153846154,32,0.0,4
0,features.19,0.9805908203125,0.9031862616539001,118.87152099609375,0.6923076923076923,32,0.0,5
1,features.19,0.9718017578125,1.2935234308242798,144.0471649169922,0.6923076923076923,32,0.0,5
2,features.19,0.977294921875,0.5301164388656616,26.36402130126953,0.6923076923076923,32,0.0,5
3,features.19,0.983154296875,0.4544096887111664,31.460437774658203,0.6923076923076923,32,0.0,5
4,features.19,0.9766845703125,1.2680163383483887,150.8698272705078,0.6923076923076923,32,0.0,5
5,features.19,0.9781494140625,1.0319952964782715,118.5813217163086,0.6923076923076923,32,0.0,5
6,features.19,0.9742431640625,1.8337798118591309,324.2352600097656,0.6923076923076923,32,0.0,5
7,features.19,0.985107421875,0.45940452814102173,34.648895263671875,0.6923076923076923,32,0.0,5
8,features.19,0.9794921875,1.0207022428512573,121.39842224121094,0.6923076923076923,32,0.0,5
9,features.19,0.9764404296875,0.7971863150596619,61.396453857421875,0.6923076923076923,32,0.0,5
10,features.19,0.9814453125,0.5098950266838074,42.360389709472656,0.6923076923076923,32,0.0,5
11,features.19,0.9674072265625,3.7039265632629395,1018.2520751953125,0.6923076923076923,32,0.0,5
12,features.19,0.977294921875,1.0914555788040161,159.8682861328125,0.6923076923076923,32,0.0,5
13,features.19,0.96826171875,2.849809408187866,707.30029296875,0.6923076923076923,32,0.0,5
14,features.19,0.97607421875,1.5934985876083374,227.56875610351562,0.6923076923076923,32,0.0,5
15,features.19,0.9775390625,1.312768578529358,182.1309814453125,0.6923076923076923,32,0.0,5
16,features.19,0.9752197265625,1.6840126514434814,351.4450378417969,0.6923076923076923,32,0.0,5
17,features.19,0.980224609375,1.3684380054473877,240.47889709472656,0.6923076923076923,32,0.0,5
18,features.19,0.9769287109375,0.8437125086784363,68.06268310546875,0.6923076923076923,32,0.0,5
19,features.19,0.96728515625,2.526526689529419,430.6452941894531,0.6923076923076923,32,0.0,5
20,features.19,0.976318359375,1.3451879024505615,204.10752868652344,0.6923076923076923,32,0.0,5
21,features.19,0.98291015625,1.3717375993728638,313.9862365722656,0.6923076923076923,32,0.0,5
22,features.19,0.9813232421875,0.4208618998527527,25.910106658935547,0.6923076923076923,32,0.0,5
23,features.19,0.970458984375,3.7942895889282227,1297.4007568359375,0.6923076923076923,32,0.0,5
24,features.19,0.9796142578125,0.8532446026802063,115.34597778320312,0.6923076923076923,32,0.0,5
25,features.19,0.9837646484375,0.7618748545646667,118.024658203125,0.6923076923076923,32,0.0,5
26,features.19,0.986083984375,0.436175674200058,37.50986862182617,0.6923076923076923,32,0.0,5
27,features.19,0.9808349609375,1.0173304080963135,164.44155883789062,0.6923076923076923,32,0.0,5
28,features.19,0.974365234375,1.3737263679504395,181.42208862304688,0.6923076923076923,32,0.0,5
29,features.19,0.96875,1.9010919332504272,287.8670959472656,0.6923076923076923,32,0.0,5
30,features.19,0.968017578125,1.3884910345077515,170.2908477783203,0.6923076923076923,32,0.0,5
31,features.19,0.97607421875,1.0958508253097534,176.4501495361328,0.6923076923076923,32,0.0,5
32,features.19,0.980224609375,0.26001954078674316,10.301640510559082,0.6923076923076923,32,0.0,5
33,features.19,0.97412109375,1.2265715599060059,187.6182098388672,0.6923076923076923,32,0.0,5
34,features.19,0.9710693359375,1.9932336807250977,363.1608581542969,0.6923076923076923,32,0.0,5
35,features.19,0.9818115234375,0.7773407697677612,84.44366455078125,0.6923076923076923,32,0.0,5
36,features.19,0.9793701171875,1.2708964347839355,203.94210815429688,0.6923076923076923,32,0.0,5
37,features.19,0.969970703125,2.1281113624572754,375.5191345214844,0.6923076923076923,32,0.0,5
38,features.19,0.9656982421875,4.0340094566345215,1264.5999755859375,0.6923076923076923,32,0.0,5
39,features.19,0.9542236328125,4.398078441619873,1330.89013671875,0.6923076923076923,32,0.0,5
40,features.19,0.9864501953125,0.9600592851638794,161.72573852539062,0.6923076923076923,32,0.0,5
41,features.19,0.9732666015625,1.705092191696167,236.38697814941406,0.6923076923076923,32,0.0,5
42,features.19,0.9813232421875,0.8023491501808167,110.97181701660156,0.6923076923076923,32,0.0,5
43,features.19,0.971435546875,1.7084050178527832,247.37533569335938,0.6923076923076923,32,0.0,5
44,features.19,0.98388671875,0.7896786332130432,104.28829193115234,0.6923076923076923,32,0.0,5
45,features.19,0.972412109375,2.569326877593994,576.224853515625,0.6923076923076923,32,0.0,5
46,features.19,0.980224609375,0.9858728051185608,130.30992126464844,0.6923076923076923,32,0.0,5
47,features.19,0.9801025390625,0.5316998362541199,36.58922576904297,0.6923076923076923,32,0.0,5
48,features.19,0.977294921875,2.3562216758728027,672.7216186523438,0.6923076923076923,32,0.0,5
49,features.19,0.9825439453125,0.3264630436897278,14.462129592895508,0.6923076923076923,32,0.0,5
50,features.19,0.9835205078125,1.0730769634246826,154.92410278320312,0.6923076923076923,32,0.0,5
51,features.19,0.97509765625,0.7942508459091187,60.96159744262695,0.6923076923076923,32,0.0,5
52,features.19,0.983642578125,0.7807571887969971,107.96162414550781,0.6923076923076923,32,0.0,5
53,features.19,0.9814453125,0.816268801689148,113.3768310546875,0.6923076923076923,32,0.0,5
54,features.19,0.9752197265625,1.2280954122543335,136.98898315429688,0.6923076923076923,32,0.0,5
55,features.19,0.973876953125,0.8143212795257568,59.81459045410156,0.6923076923076923,32,0.0,5
56,features.19,0.9833984375,0.7935181856155396,105.50694274902344,0.6923076923076923,32,0.0,5
57,features.19,0.9765625,0.7644676566123962,81.92041015625,0.6923076923076923,32,0.0,5
58,features.19,0.975830078125,0.6661713123321533,60.7955207824707,0.6923076923076923,32,0.0,5
59,features.19,0.97998046875,0.7554848194122314,89.70094299316406,0.6923076923076923,32,0.0,5
60,features.19,0.9732666015625,3.2101023197174072,975.264404296875,0.6923076923076923,32,0.0,5
61,features.19,0.9801025390625,0.8718680739402771,127.38384246826172,0.6923076923076923,32,0.0,5
62,features.19,0.9783935546875,0.9376577734947205,103.29379272460938,0.6923076923076923,32,0.0,5
63,features.19,0.978515625,1.1254700422286987,147.8711700439453,0.6923076923076923,32,0.0,5
0,features.21,0.994873046875,0.39650338888168335,47.39420700073242,0.7692307692307693,32,0.0,7
1,features.21,0.9903564453125,1.2024394273757935,261.7065734863281,0.7692307692307693,32,0.0,7
2,features.21,0.9915771484375,0.42460712790489197,31.93889617919922,0.7692307692307693,32,0.0,7
3,features.21,0.9921875,0.23840641975402832,10.807466506958008,0.7692307692307693,32,0.0,7
4,features.21,0.9947509765625,0.5678257942199707,113.99172973632812,0.7692307692307693,32,0.0,7
5,features.21,0.9942626953125,0.4913429021835327,72.56080627441406,0.7692307692307693,32,0.0,7
6,features.21,0.9923095703125,1.045038104057312,311.6505432128906,0.7692307692307693,32,0.0,7
7,features.21,0.9937744140625,0.20480754971504211,10.331206321716309,0.7692307692307693,32,0.0,7
8,features.21,0.994873046875,0.4801332652568817,78.96277618408203,0.7692307692307693,32,0.0,7
9,features.21,0.991943359375,0.6116311550140381,81.26019287109375,0.7692307692307693,32,0.0,7
10,features.21,0.9932861328125,0.20489801466464996,9.579410552978516,0.7692307692307693,32,0.0,7
11,features.21,0.9866943359375,5.472557067871094,3502.80029296875,0.7692307692307693,32,0.0,7
12,features.21,0.9932861328125,0.4450129270553589,43.8193359375,0.7692307692307693,32,0.0,7
13,features.21,0.9923095703125,1.682023048400879,617.3448486328125,0.7692307692307693,32,0.0,7
14,features.21,0.991455078125,1.4188306331634521,359.113037109375,0.7692307692307693,32,0.0,7
15,features.21,0.9910888671875,0.9575563669204712,162.24588012695312,0.7692307692307693,32,0.0,7
16,features.21,0.992919921875,0.8188802003860474,168.50636291503906,0.7692307692307693,32,0.0,7
17,features.21,0.9935302734375,0.7256610989570618,123.47213745117188,0.7692307692307693,32,0.0,7
18,features.21,0.9898681640625,0.8527651429176331,127.23231506347656,0.7692307692307693,32,0.0,7
19,features.21,0.991455078125,1.4042303562164307,539.61669921875,0.7692307692307693,32,0.0,7
20,features.21,0.9925537109375,0.7670304775238037,118.06967163085938,0.7692307692307693,32,0.0,7
21,features.21,0.99267578125,0.6497285962104797,86.34425354003906,0.7692307692307693,32,0.0,7
22,features.21,0.992431640625,0.17253993451595306,5.638525009155273,0.7692307692307693,32,0.0,7
23,features.21,0.9901123046875,4.049434661865234,2380.2744140625,0.7692307692307693,32,0.0,7
24,features.21,0.993896484375,0.32744908332824707,26.41461944580078,0.7692307692307693,32,0.0,7
25,features.21,0.9937744140625,0.3010232150554657,24.014253616333008,0.7692307692307693,32,0.0,7
26,features.21,0.994140625,0.15947508811950684,7.229775905609131,0.7692307692307693,32,0.0,7
27,features.21,0.992919921875,0.607638955116272,95.1415023803711,0.7692307692307693,32,0.0,7
28,features.21,0.99169921875,1.2712419033050537,274.1536560058594,0.7692307692307693,32,0.0,7
29,features.21,0.99267578125,1.075653076171875,279.4570617675781,0.7692307692307693,32,0.0,7
30,features.21,0.9931640625,0.6347771286964417,105.0157699584961,0.7692307692307693,32,0.0,7
31,features.21,0.994140625,0.41977617144584656,47.19955825805664,0.7692307692307693,32,0.0,7
32,features.21,0.9930419921875,0.10637746006250381,2.6955461502075195,0.7692307692307693,32,0.0,7
33,features.21,0.9940185546875,0.49090203642845154,69.76506042480469,0.7692307692307693,32,0.0,7
34,features.21,0.98974609375,2.3344979286193848,785.4762573242188,0.7692307692307693,32,0.0,7
35,features.21,0.992431640625,0.4064488112926483,46.317073822021484,0.7692307692307693,32,0.0,7
36,features.21,0.9930419921875,0.6000587344169617,80.97772979736328,0.7692307692307693,32,0.0,7
37,features.21,0.9912109375,1.6099389791488647,496.225830078125,0.7692307692307693,32,0.0,7
38,features.21,0.98974609375,4.0462565422058105,2383.68359375,0.7692307692307693,32,0.0,7
39,features.21,0.99072265625,2.722527503967285,1478.8759765625,0.7692307692307693,32,0.0,7
40,features.21,0.9932861328125,0.4194589853286743,42.938758850097656,0.7692307692307693,32,0.0,7
41,features.21,0.994140625,0.7321019172668457,163.47738647460938,0.7692307692307693,32,0.0,7
42,features.21,0.994140625,0.3113669753074646,23.760509490966797,0.7692307692307693,32,0.0,7
43,features.21,0.99365234375,0.8195372223854065,206.50009155273438,0.7692307692307693,32,0.0,7
44,features.21,0.991943359375,0.5125642418861389,64.80368041992188,0.7692307692307693,32,0.0,7
45,features.21,0.991455078125,2.2902774810791016,856.6393432617188,0.7692307692307693,32,0.0,7
46,features.21,0.9951171875,0.4295344352722168,63.7353401184082,0.7692307692307693,32,0.0,7
47,features.21,0.9918212890625,0.2920791804790497,15.90958309173584,0.7692307692307693,32,0.0,7
48,features.21,0.992431640625,1.3706672191619873,389.9316101074219,0.7692307692307693,32,0.0,7
49,features.21,0.994873046875,0.11525726318359375,4.163745880126953,0.7692307692307693,32,0.0,7
50,features.21,0.9908447265625,0.8441858887672424,112.18505096435547,0.7692307692307693,32,0.0,7
51,features.21,0.9908447265625,0.6804623007774353,86.21507263183594,0.7692307692307693,32,0.0,7
52,features.21,0.992919921875,0.3150247633457184,26.895811080932617,0.7692307692307693,32,0.0,7
53,features.21,0.9949951171875,0.32393020391464233,30.84328842163086,0.7692307692307693,32,0.0,7
54,features.21,0.989013671875,1.2183712720870972,260.4486083984375,0.7692307692307693,32,0.0,7
55,features.21,0.9893798828125,0.7676650881767273,101.9710693359375,0.7692307692307693,32,0.0,7
56,features.21,0.993408203125,0.392093300819397,35.3430290222168,0.7692307692307693,32,0.0,7
57,features.21,0.9927978515625,0.33680227398872375,25.571964263916016,0.7692307692307693,32,0.0,7
58,features.21,0.9937744140625,0.2763488292694092,17.535953521728516,0.7692307692307693,32,0.0,7
59,features.21,0.994384765625,0.2930420935153961,22.98887062072754,0.7692307692307693,32,0.0,7
60,features.21,0.992431640625,1.815351963043213,686.1814575195312,0.7692307692307693,32,0.0,7
61,features.21,0.9937744140625,0.39035746455192566,37.28562927246094,0.7692307692307693,32,0.0,7
62,features.21,0.994384765625,0.3970944881439209,48.88434982299805,0.7692307692307693,32,0.0,7
63,features.21,0.994873046875,0.40900731086730957,55.15046310424805,0.7692307692307693,32,0.0,7
0,features.24,0.9873046875,0.2752983868122101,8.25871467590332,0.8461538461538461,32,0.0,8
1,features.24,0.98974609375,0.5961334109306335,95.28038787841797,0.8461538461538461,32,0.0,8
2,features.24,0.99365234375,0.15159721672534943,6.151611804962158,0.8461538461538461,32,0.0,8
3,features.24,0.994140625,0.06379909813404083,1.0629171133041382,0.8461538461538461,32,0.0,8
4,features.24,0.966796875,1.1681923866271973,79.87149810791016,0.8461538461538461,32,0.0,8
5,features.24,0.97412109375,0.6146903038024902,29.09220314025879,0.8461538461538461,32,0.0,8
6,features.24,0.9921875,0.406255841255188,37.41455841064453,0.8461538461538461,32,0.0,8
7,features.24,0.98388671875,0.19254174828529358,3.398099422454834,0.8461538461538461,32,0.0,8
8,features.24,0.98583984375,0.37677624821662903,15.426185607910156,0.8461538461538461,32,0.0,8
9,features.24,0.9912109375,0.2789207994937897,17.03835678100586,0.8461538461538461,32,0.0,8
10,features.24,0.9921875,0.05466929078102112,0.7382802963256836,0.8461538461538461,32,0.0,8
11,features.24,0.99072265625,3.6248326301574707,2405.052490234375,0.8461538461538461,32,0.0,8
12,features.24,0.990234375,0.2581321895122528,12.42676067352295,0.8461538461538461,32,0.0,8
13,features.24,0.9931640625,0.9544930458068848,192.5409698486328,0.8461538461538461,32,0.0,8
14,features.24,0.9921875,0.5874396562576294,88.89611053466797,0.8461538461538461,32,0.0,8
15,features.24,0.9912109375,0.4556126892566681,49.70281982421875,0.8461538461538461,32,0.0,8
16,features.24,0.98779296875,0.6155945658683777,61.35093688964844,0.8461538461538461,32,0.0,8
17,features.24,0.99072265625,0.4527200758457184,38.096107482910156,0.8461538461538461,32,0.0,8
18,features.24,0.9892578125,0.7594038844108582,125.31380462646484,0.8461538461538461,32,0.0,8
19,features.24,0.94287109375,5.713752746582031,1034.6085205078125,0.8461538461538461,32,0.0,8
20,features.24,0.9921875,0.36641618609428406,25.406719207763672,0.8461538461538461,32,0.0,8
21,features.24,0.9931640625,0.21491937339305878,11.798314094543457,0.8461538461538461,32,0.0,8
22,features.24,0.990234375,0.08434490114450455,0.937899649143219,0.8461538461538461,32,0.0,8
23,features.24,0.9912109375,1.7992922067642212,853.8630981445312,0.8461538461538461,32,0.0,8
24,features.24,0.98876953125,0.1510307490825653,3.411548137664795,0.8461538461538461,32,0.0,8
25,features.24,0.99169921875,0.14785364270210266,5.176588535308838,0.8461538461538461,32,0.0,8
26,features.24,0.98583984375,0.11183419823646545,1.5536525249481201,0.8461538461538461,32,0.0,8
27,features.24,0.9931640625,0.2181825041770935,19.209157943725586,0.8461538461538461,32,0.0,8
28,features.24,0.99365234375,0.44805240631103516,59.08831024169922,0.8461538461538461,32,0.0,8
29,features.24,0.9560546875,3.0247998237609863,352.11798095703125,0.8461538461538461,32,0.0,8
30,features.24,0.97216796875,0.9499945640563965,58.67670440673828,0.8461538461538461,32,0.0,8
31,features.24,0.98828125,0.30011412501335144,15.035999298095703,0.8461538461538461,32,0.0,8
32,features.24,0.98291015625,0.0804840624332428,0.7493704557418823,0.8461538461538461,32,0.0,8
33,features.24,0.98779296875,0.4195525348186493,34.97704315185547,0.8461538461538461,32,0.0,8
34,features.24,0.98974609375,1.0444656610488892,270.5397033691406,0.8461538461538461,32,0.0,8
35,features.24,0.986328125,0.2562966048717499,8.106374740600586,0.8461538461538461,32,0.0,8
36,features.24,0.9921875,0.2688031494617462,16.093515396118164,0.8461538461538461,32,0.0,8
37,features.24,0.99365234375,0.5567750334739685,81.81184387207031,0.8461538461538461,32,0.0,8
38,features.24,0.99072265625,1.9511418342590332,922.435546875,0.8461538461538461,32,0.0,8
39,features.24,0.97216796875,4.3668084144592285,1444.068359375,0.8461538461538461,32,0.0,8
40,features.24,0.9853515625,0.25851279497146606,9.079340934753418,0.8461538461538461,32,0.0,8
41,features.24,0.97216796875,1.2357174158096313,113.16317749023438,0.8461538461538461,32,0.0,8
42,features.24,0.9892578125,0.164344921708107,3.727757692337036,0.8461538461538461,32,0.0,8
43,features.24,0.96826171875,1.5092661380767822,150.87109375,0.8461538461538461,32,0.0,8
44,features.24,0.99462890625,0.15164104104042053,11.284729957580566,0.8461538461538461,32,0.0,8
45,features.24,0.99267578125,0.8150264620780945,187.57106018066406,0.8461538461538461,32,0.0,8
46,features.24,0.98681640625,0.27299660444259644,8.938797950744629,0.8461538461538461,32,0.0,8
47,features.24,0.9931640625,0.07475200295448303,1.3118754625320435,0.8461538461538461,32,0.0,8
48,features.24,0.9921875,0.7332744598388672,105.6476058959961,0.8461538461538461,32,0.0,8
49,features.24,0.97509765625,0.18924365937709808,2.619880437850952,0.8461538461538461,32,0.0,8
50,features.24,0.9931640625,0.20516788959503174,13.296358108520508,0.8461538461538461,32,0.0,8
51,features.24,0.9912109375,0.42340999841690063,41.258975982666016,0.8461538461538461,32,0.0,8
52,features.24,0.9921875,0.07079741358757019,1.1617155075073242,0.8461538461538461,32,0.0,8
53,features.24,0.986328125,0.19731877744197845,5.864152431488037,0.8461538461538461,32,0.0,8
54,features.24,0.98876953125,0.9193114638328552,188.61244201660156,0.8461538461538461,32,0.0,8
55,features.24,0.9912109375,0.5649808645248413,78.09902954101562,0.8461538461538461,32,0.0,8
56,features.24,0.98779296875,0.28069064021110535,11.513940811157227,0.8461538461538461,32,0.0,8
57,features.24,0.99169921875,0.15773417055606842,4.213602066040039,0.8461538461538461,32,0.0,8
58,features.24,0.990234375,0.17379215359687805,4.472239017486572,0.8461538461538461,32,0.0,8
59,features.24,0.986328125,0.1694934219121933,3.635521173477173,0.8461538461538461,32,0.0,8
60,features.24,0.99267578125,0.9990171194076538,207.64097595214844,0.8461538461538461,32,0.0,8
61,features.24,0.986328125,0.2826297879219055,12.435026168823242,0.8461538461538461,32,0.0,8
62,features.24,0.97705078125,0.48820438981056213,20.963472366333008,0.8461538461538461,32,0.0,8
63,features.24,0.98583984375,0.2647445499897003,8.67336368560791,0.8461538461538461,32,0.0,8
0,features.26,0.99609375,0.05562407895922661,1.2248399257659912,0.9230769230769231,32,0.0,9
1,features.26,0.99267578125,0.22016790509223938,11.71955680847168,0.9230769230769231,32,0.0,9
2,features.26,0.994140625,0.04479700326919556,0.5238035917282104,0.9230769230769231,32,0.0,9
3,features.26,0.99755859375,0.007654074113816023,0.02954276278614998,0.9230769230769231,32,0.0,9
4,features.26,0.99267578125,0.4607396721839905,55.46517562866211,0.9230769230769231,32,0.0,9
5,features.26,0.99462890625,0.22006919980049133,13.549396514892578,0.9230769230769231,32,0.0,9
6,features.26,0.99609375,0.08252839744091034,2.8589906692504883,0.9230769230769231,32,0.0,9
7,features.26,0.99560546875,0.05638035386800766,1.0119493007659912,0.9230769230769231,32,0.0,9
8,features.26,0.99560546875,0.08565443754196167,2.7344682216644287,0.9230769230769231,32,0.0,9
9,features.26,0.99560546875,0.05485863983631134,1.115417718887329,0.9230769230769231,32,0.0,9
10,features.26,0.99853515625,0.001923045376315713,0.0027189599350094795,0.9230769230769231,32,0.0,9
11,features.26,0.99560546875,0.8863105773925781,223.64002990722656,0.9230769230769231,32,0.0,9
12,features.26,0.9970703125,0.05268343910574913,1.3473305702209473,0.9230769230769231,32,0.0,9
13,features.26,0.99658203125,0.21750444173812866,19.600162506103516,0.9230769230769231,32,0.0,9
14,features.26,0.99658203125,0.12577712535858154,5.78775691986084,0.9230769230769231,32,0.0,9
15,features.26,0.99560546875,0.13914291560649872,5.280961990356445,0.9230769230769231,32,0.0,9
16,features.26,0.99609375,0.1556698977947235,10.051528930664062,0.9230769230769231,32,0.0,9
17,features.26,0.99658203125,0.104381263256073,4.006646156311035,0.9230769230769231,32,0.0,9
18,features.26,0.99267578125,0.3614707589149475,23.295557022094727,0.9230769230769231,32,0.0,9
19,features.26,0.98583984375,3.231740951538086,1405.6351318359375,0.9230769230769231,32,0.0,9
20,features.26,0.99658203125,0.08279982209205627,2.6163406372070312,0.9230769230769231,32,0.0,9
21,features.26,0.99658203125,0.02296331711113453,0.20273850858211517,0.9230769230769231,32,0.0,9
22,features.26,0.99560546875,0.01668666861951351,0.0835375264286995,0.9230769230769231,32,0.0,9
23,features.26,0.99658203125,0.40580958127975464,54.207401275634766,0.9230769230769231,32,0.0,9
24,features.26,0.99609375,0.03164336457848549,0.3572571873664856,0.9230769230769231,32,0.0,9
25,features.26,0.99658203125,0.02184680476784706,0.27275171875953674,0.9230769230769231,32,0.0,9
26,features.26,0.99462890625,0.032845158129930496,0.30995675921440125,0.9230769230769231,32,0.0,9
27,features.26,0.99755859375,0.027628086507320404,0.4299488067626953,0.9230769230769231,32,0.0,9
28,features.26,0.99658203125,0.10278365761041641,3.8974449634552,0.9230769230769231,32,0.0,9
29,features.26,0.9873046875,1.706085443496704,425.7576904296875,0.9230769230769231,32,0.0,9
30,features.26,0.99365234375,0.38402560353279114,38.51035690307617,0.9230769230769231,32,0.0,9
31,features.26,0.9951171875,0.07555188238620758,2.0680999755859375,0.9230769230769231,32,0.0,9
32,features.26,0.99267578125,0.03364323824644089,0.2815078794956207,0.9230769230769231,32,0.0,9
33,features.26,0.99560546875,0.11893610656261444,4.89561653137207,0.9230769230769231,32,0.0,9
34,features.26,0.99658203125,0.20723044872283936,14.420015335083008,0.9230769230769231,32,0.0,9
35,features.26,0.99658203125,0.0421396903693676,0.7743929624557495,0.9230769230769231,32,0.0,9
36,features.26,0.9951171875,0.09150896966457367,2.843687057495117,0.9230769230769231,32,0.0,9
37,features.26,0.99658203125,0.11577394604682922,5.044501781463623,0.9230769230769231,32,0.0,9
38,features.26,0.99658203125,0.4297845959663391,63.57219696044922,0.9230769230769231,32,0.0,9
39,features.26,0.9931640625,1.5085567235946655,529.780517578125,0.9230769230769231,32,0.0,9
40,features.26,0.9951171875,0.06811811029911041,1.8443832397460938,0.9230769230769231,32,0.0,9
41,features.26,0.9921875,0.5631083846092224,72.49202728271484,0.9230769230769231,32,0.0,9
42,features.26,0.99609375,0.036995623260736465,0.458622545003891,0.9230769230769231,32,0.0,9
43,features.26,0.99365234375,0.6335811018943787,99.87157440185547,0.9230769230769231,32,0.0,9
44,features.26,0.9970703125,0.025247294455766678,0.3067651689052582,0.9230769230769231,32,0.0,9
45,features.26,0.99658203125,0.17464281618595123,11.391629219055176,0.9230769230769231,32,0.0,9
46,features.26,0.99609375,0.056068312376737595,1.3234702348709106,0.9230769230769231,32,0.0,9
47,features.26,0.9970703125,0.010448981076478958,0.07044412195682526,0.9230769230769231,32,0.0,9
48,features.26,0.99658203125,0.1523774117231369,9.220434188842773,0.9230769230769231,32,0.0,9
49,features.26,0.99169921875,0.08134399354457855,1.5876189470291138,0.9230769230769231,32,0.0,9
50,features.26,0.9970703125,0.03398250788450241,0.47064703702926636,0.9230769230769231,32,0.0,9
51,features.26,0.99365234375,0.16604547202587128,6.092280864715576,0.9230769230769231,32,0.0,9
52,features.26,0.998046875,0.003466875059530139,0.0067413244396448135,0.9230769230769231,32,0.0,9
53,features.26,0.99560546875,0.04984040558338165,0.8169828057289124,0.9230769230769231,32,0.0,9
54,features.26,0.99267578125,0.4365450143814087,35.77667236328125,0.9230769230769231,32,0.0,9
55,features.26,0.9931640625,0.2966862916946411,15.704049110412598,0.9230769230769231,32,0.0,9
56,features.26,0.99658203125,0.061306629329919815,1.3955349922180176,0.9230769230769231,32,0.0,9
57,features.26,0.99658203125,0.03653451055288315,0.4796992838382721,0.9230769230769231,32,0.0,9
58,features.26,0.9970703125,0.03519211709499359,0.5620827674865723,0.9230769230769231,32,0.0,9
59,features.26,0.9951171875,0.0405043326318264,0.522432267665863,0.9230769230769231,32,0.0,9
60,features.26,0.99658203125,0.2268705666065216,20.630531311035156,0.9230769230769231,32,0.0,9
61,features.26,0.99560546875,0.06652987003326416,1.7131292819976807,0.9230769230769231,32,0.0,9
62,features.26,0.99609375,0.18046456575393677,9.584486961364746,0.9230769230769231,32,0.0,9
63,features.26,0.99609375,0.04050707072019577,0.7841020822525024,0.9230769230769231,32,0.0,9
0,features.28,0.99560546875,0.00913243554532528,0.03202259913086891,1.0,32,0.0,10
1,features.28,0.99609375,0.049268320202827454,0.7576460838317871,1.0,32,0.0,10
2,features.28,0.99609375,0.009354918263852596,0.028876179829239845,1.0,32,0.0,10
3,features.28,0.99365234375,0.0028764880262315273,0.001976731698960066,1.0,32,0.0,10
4,features.28,0.9951171875,0.08134999126195908,2.635043144226074,1.0,32,0.0,10
5,features.28,0.99609375,0.03246643394231796,0.5041112303733826,1.0,32,0.0,10
6,features.28,0.99658203125,0.01376403123140335,0.08762308955192566,1.0,32,0.0,10
7,features.28,0.9951171875,0.011182881891727448,0.045740626752376556,1.0,32,0.0,10
8,features.28,0.99560546875,0.014427615329623222,0.07999499887228012,1.0,32,0.0,10
9,features.28,0.99462890625,0.015946177765727043,0.09219826757907867,1.0,32,0.0,10
10,features.28,0.9921875,0.0012274058535695076,0.0003148599062114954,1.0,32,0.0,10
11,features.28,0.9931640625,0.17627595365047455,6.1309661865234375,1.0,32,0.0,10
12,features.28,0.99609375,0.00920936930924654,0.04937876760959625,1.0,32,0.0,10
13,features.28,0.99755859375,0.02923668548464775,0.3668134808540344,1.0,32,0.0,10
14,features.28,0.99658203125,0.015101280063390732,0.10297014564275742,1.0,32,0.0,10
15,features.28,0.99560546875,0.029347574338316917,0.2511247396469116,1.0,32,0.0,10
16,features.28,0.99658203125,0.024515770375728607,0.4085009694099426,1.0,32,0.0,10
17,features.28,0.99755859375,0.014167414978146553,0.08456611633300781,1.0,32,0.0,10
18,features.28,0.99365234375,0.09311928600072861,1.8804552555084229,1.0,32,0.0,10
19,features.28,0.99560546875,0.43454471230506897,76.14485931396484,1.0,32,0.0,10
20,features.28,0.99755859375,0.01091192290186882,0.049928855150938034,1.0,32,0.0,10
21,features.28,0.99365234375,0.006149492226541042,0.013159355148673058,1.0,32,0.0,10
22,features.28,0.99658203125,0.0026704235933721066,0.0036828513257205486,1.0,32,0.0,10
23,features.28,0.99658203125,0.04939469322562218,0.96494060754776,1.0,32,0.0,10
24,features.28,0.9970703125,0.004003018140792847,0.009624178521335125,1.0,32,0.0,10
25,features.28,0.9931640625,0.010113968513906002,0.02294512279331684,1.0,32,0.0,10
26,features.28,0.9970703125,0.005498959682881832,0.012586438097059727,1.0,32,0.0,10
27,features.28,0.99169921875,0.013052931986749172,0.032747890800237656,1.0,32,0.0,10
28,features.28,0.99658203125,0.011356008239090443,0.06571856886148453,1.0,32,0.0,10
29,features.28,0.99609375,0.21714642643928528,21.174280166625977,1.0,32,0.0,10
30,features.28,0.99609375,0.06505632400512695,1.8904943466186523,1.0,32,0.0,10
31,features.28,0.99658203125,0.01041917409747839,0.08155077695846558,1.0,32,0.0,10
32,features.28,0.99560546875,0.006567627191543579,0.01799975335597992,1.0,32,0.0,10
33,features.28,0.9970703125,0.017056748270988464,0.2089502364397049,1.0,32,0.0,10
34,features.28,0.99658203125,0.02361801080405712,0.22269392013549805,1.0,32,0.0,10
35,features.28,0.99365234375,0.011146764270961285,0.02959538996219635,1.0,32,0.0,10
36,features.28,0.99560546875,0.018550369888544083,0.1428413987159729,1.0,32,0.0,10
37,features.28,0.9970703125,0.014893393032252789,0.12184002250432968,1.0,32,0.0,10
38,features.28,0.9951171875,0.061831384897232056,1.3547124862670898,1.0,32,0.0,10
39,features.28,0.9970703125,0.1824674904346466,25.981281280517578,1.0,32,0.0,10
40,features.28,0.99462890625,0.01778734102845192,0.12090395390987396,1.0,32,0.0,10
41,features.28,0.99560546875,0.09207605570554733,3.7476236820220947,1.0,32,0.0,10
42,features.28,0.99658203125,0.0043433657847344875,0.011222101747989655,1.0,32,0.0,10
43,features.28,0.99560546875,0.10415007919073105,4.903693199157715,1.0,32,0.0,10
44,features.28,0.99267578125,0.011578163132071495,0.025460148230195045,1.0,32,0.0,10
45,features.28,0.99658203125,0.021104862913489342,0.2025909274816513,1.0,32,0.0,10
46,features.28,0.99560546875,0.010330339893698692,0.04123688116669655,1.0,32,0.0,10
47,features.28,0.99658203125,0.0022476413287222385,0.001963056391105056,1.0,32,0.0,10
48,features.28,0.99755859375,0.019881878048181534,0.1661597043275833,1.0,32,0.0,10
49,features.28,0.9951171875,0.014289114624261856,0.08060861378908157,1.0,32,0.0,10
50,features.28,0.9970703125,0.0038880377542227507,0.008464230224490166,1.0,32,0.0,10
51,features.28,0.99560546875,0.03514593467116356,0.385357141494751,1.0,32,0.0,10
52,features.28,0.9921875,0.001511512789875269,0.0005613310495391488,1.0,32,0.0,10
53,features.28,0.99658203125,0.006407754495739937,0.021288475021719933,1.0,32,0.0,10
54,features.28,0.9931640625,0.10420046746730804,2.666015386581421,1.0,32,0.0,10
55,features.28,0.9931640625,0.07203710079193115,1.1820870637893677,1.0,32,0.0,10
56,features.28,0.99755859375,0.008046572096645832,0.02737339772284031,1.0,32,0.0,10
57,features.28,0.99658203125,0.0044797249138355255,0.010745406150817871,1.0,32,0.0,10
58,features.28,0.99658203125,0.00540662556886673,0.018016524612903595,1.0,32,0.0,10
59,features.28,0.9970703125,0.005682722199708223,0.015072940848767757,1.0,32,0.0,10
60,features.28,0.99755859375,0.03023613803088665,0.39122554659843445,1.0,32,0.0,10
61,features.28,0.99755859375,0.009200863540172577,0.061703819781541824,1.0,32,0.0,10
62,features.28,0.99609375,0.027961241081357002,0.3638071119785309,1.0,32,0.0,10
63,features.28,0.99560546875,0.00693860650062561,0.019671551883220673,1.0,32,0.0,10
0,features.0,0.0,-0.19376488029956818,0.5292826890945435,0.07692307692307693,64,0.0,0
1,features.0,0.0,0.5347668528556824,1.5263780355453491,0.07692307692307693,64,0.0,0
2,features.0,0.0,0.18032628297805786,1.0789308547973633,0.07692307692307693,64,0.0,0
3,features.0,0.0,0.5293460488319397,0.7857885360717773,0.07692307692307693,64,0.0,0
4,features.0,0.0,-0.20545192062854767,0.41387930512428284,0.07692307692307693,64,0.0,0
5,features.0,0.0,-0.35325029492378235,0.4494532346725464,0.07692307692307693,64,0.0,0
6,features.0,0.0,-0.7040953636169434,1.0077996253967285,0.07692307692307693,64,0.0,0
7,features.0,0.0,-0.5262117385864258,0.41383248567581177,0.07692307692307693,64,0.0,0
8,features.0,0.0,0.6138952374458313,0.4483698904514313,0.07692307692307693,64,0.0,0
9,features.0,0.0,0.36028122901916504,1.0157192945480347,0.07692307692307693,64,0.0,0
10,features.0,0.0,0.30075588822364807,0.2709217071533203,0.07692307692307693,64,0.0,0
11,features.0,0.0,0.1769230216741562,1.0128086805343628,0.07692307692307693,64,0.0,0
12,features.0,0.0,-0.43453332781791687,0.6578191518783569,0.07692307692307693,64,0.0,0
13,features.0,0.0,-0.7417824864387512,1.3177671432495117,0.07692307692307693,64,0.0,0
14,features.0,0.0,-0.17681162059307098,0.7511765956878662,0.07692307692307693,64,0.0,0
15,features.0,0.0,0.1037430539727211,0.7108573317527771,0.07692307692307693,64,0.0,0
16,features.0,0.0,0.11018484085798264,1.423255443572998,0.07692307692307693,64,0.0,0
17,features.0,0.0,0.1621205061674118,0.6968210935592651,0.07692307692307693,64,0.0,0
18,features.0,0.0,0.28351035714149475,2.004716396331787,0.07692307692307693,64,0.0,0
19,features.0,0.0,-0.1781960278749466,0.7328481674194336,0.07692307692307693,64,0.0,0
20,features.0,0.0,-0.09245654195547104,0.9759272933006287,0.07692307692307693,64,0.0,0
21,features.0,0.0,1.5091718435287476,1.1995536088943481,0.07692307692307693,64,0.0,0
22,features.0,0.0,-0.6509445309638977,0.26509374380111694,0.07692307692307693,64,0.0,0
23,features.0,0.0,-0.3547168970108032,0.8705546855926514,0.07692307692307693,64,0.0,0
24,features.0,0.0,0.31516528129577637,0.48915186524391174,0.07692307692307693,64,0.0,0
25,features.0,0.0,-0.13855896890163422,0.6473732590675354,0.07692307692307693,64,0.0,0
26,features.0,0.0,-0.3711925745010376,0.7227092981338501,0.07692307692307693,64,0.0,0
27,features.0,0.0,0.22064583003520966,0.8837274312973022,0.07692307692307693,64,0.0,0
28,features.0,0.0,0.11087340861558914,1.0409753322601318,0.07692307692307693,64,0.0,0
29,features.0,0.0,-0.6682555675506592,0.420169860124588,0.07692307692307693,64,0.0,0
30,features.0,0.0,-0.9359424710273743,0.26497364044189453,0.07692307692307693,64,0.0,0
31,features.0,0.0,0.06890373677015305,0.32071197032928467,0.07692307692307693,64,0.0,0
32,features.0,0.0,0.11175182461738586,0.2542669475078583,0.07692307692307693,64,0.0,0
33,features.0,0.0,-0.0354447104036808,1.0788754224777222,0.07692307692307693,64,0.0,0
34,features.0,0.0,-0.3399111330509186,0.8824643492698669,0.07692307692307693,64,0.0,0
35,features.0,0.0,-0.5065770745277405,0.8724632263183594,0.07692307692307693,64,0.0,0
36,features.0,0.0,0.022918036207556725,0.3648968040943146,0.07692307692307693,64,0.0,0
37,features.0,0.0,0.6999079585075378,1.1845393180847168,0.07692307692307693,64,0.0,0
38,features.0,0.0,0.34792622923851013,0.8105723261833191,0.07692307692307693,64,0.0,0
39,features.0,0.0,0.12311974912881851,0.6909440755844116,0.07692307692307693,64,0.0,0
40,features.0,0.0,0.21784323453903198,0.8315140604972839,0.07692307692307693,64,0.0,0
41,features.0,0.0,-1.0752592086791992,0.3494488596916199,0.07692307692307693,64,0.0,0
42,features.0,0.0,-0.5137999653816223,0.8554700613021851,0.07692307692307693,64,0.0,0
43,features.0,0.0,-0.39087191224098206,0.6506054401397705,0.07692307692307693,64,0.0,0
44,features.0,0.0,-0.011433695442974567,1.160780906677246,0.07692307692307693,64,0.0,0
45,features.0,0.0,0.44925400614738464,0.8472859859466553,0.07692307692307693,64,0.0,0
46,features.0,0.0,-0.20696359872817993,0.7581026554107666,0.07692307692307693,64,0.0,0
47,features.0,0.0,-0.2365412712097168,0.5358850359916687,0.07692307692307693,64,0.0,0
48,features.0,0.0,-0.19149766862392426,0.30844825506210327,0.07692307692307693,64,0.0,0
49,features.0,0.0,-0.47182175517082214,0.19228820502758026,0.07692307692307693,64,0.0,0
50,features.0,0.0,-0.1311216950416565,1.3333250284194946,0.07692307692307693,64,0.0,0
51,features.0,0.0,-0.3215395510196686,0.470397412776947,0.07692307692307693,64,0.0,0
52,features.0,0.0,-0.6309800744056702,0.5607756972312927,0.07692307692307693,64,0.0,0
53,features.0,0.0,-0.4792041778564453,0.7107373476028442,0.07692307692307693,64,0.0,0
54,features.0,0.0,0.2500145733356476,1.375350832939148,0.07692307692307693,64,0.0,0
55,features.0,0.0,0.11634395271539688,0.3668268620967865,0.07692307692307693,64,0.0,0
56,features.0,0.0,-0.019438114017248154,1.1029285192489624,0.07692307692307693,64,0.0,0
57,features.0,0.0,-1.0553847551345825,0.9009588956832886,0.07692307692307693,64,0.0,0
58,features.0,0.0,0.416659951210022,0.311824768781662,0.07692307692307693,64,0.0,0
59,features.0,0.0,0.13852672278881073,0.37416571378707886,0.07692307692307693,64,0.0,0
60,features.0,0.0,0.3636511266231537,0.49014943838119507,0.07692307692307693,64,0.0,0
61,features.0,0.0,-0.36344775557518005,0.7606053352355957,0.07692307692307693,64,0.0,0
62,features.0,0.0,-0.9664776921272278,0.8224949240684509,0.07692307692307693,64,0.0,0
63,features.0,0.0,0.06194104626774788,1.4568555355072021,0.07692307692307693,64,0.0,0
0,features.2,0.63677978515625,0.09239552915096283,0.03816942498087883,0.15384615384615385,64,0.0,6
1,features.2,0.643310546875,0.09665526449680328,0.04296537861227989,0.15384615384615385,64,0.0,6
2,features.2,0.632110595703125,0.0821763277053833,0.029155127704143524,0.15384615384615385,64,0.0,6
3,features.2,0.65411376953125,0.08021590858697891,0.03014645352959633,0.15384615384615385,64,0.0,6
4,features.2,0.6661529541015625,0.09014971554279327,0.0352761372923851,0.15384615384615385,64,0.0,6
5,features.2,0.7037506103515625,0.06138269230723381,0.020370695739984512,0.15384615384615385,64,0.0,6
6,features.2,0.6170501708984375,0.12598997354507446,0.06310483813285828,0.15384615384615385,64,0.0,6
7,features.2,0.6652679443359375,0.06534393876791,0.021958211436867714,0.15384615384615385,64,0.0,6
8,features.2,0.7207183837890625,0.05768909305334091,0.019729407504200935,0.15384615384615385,64,0.0,6
9,features.2,0.630523681640625,0.10251939296722412,0.04266192391514778,0.15384615384615385,64,0.0,6
10,features.2,0.6285552978515625,0.06422507762908936,0.01911398395895958,0.15384615384615385,64,0.0,6
11,features.2,0.656829833984375,0.10237281024456024,0.04702962189912796,0.15384615384615385,64,0.0,6
12,features.2,0.6770782470703125,0.07102607190608978,0.026271961629390717,0.15384615384615385,64,0.0,6
13,features.2,0.6098480224609375,0.1260131150484085,0.06751921027898788,0.15384615384615385,64,0.0,6
14,features.2,0.6305694580078125,0.10840482264757156,0.049546465277671814,0.15384615384615385,64,0.0,6
15,features.2,0.6204376220703125,0.1191917136311531,0.05476931855082512,0.15384615384615385,64,0.0,6
16,features.2,0.6594085693359375,0.09545020014047623,0.043729182332754135,0.15384615384615385,64,0.0,6
17,features.2,0.6704254150390625,0.08268493413925171,0.03221076354384422,0.15384615384615385,64,0.0,6
18,features.2,0.6298980712890625,0.09422829747200012,0.03630276024341583,0.15384615384615385,64,0.0,6
19,features.2,0.6976470947265625,0.07452939450740814,0.029424363747239113,0.15384615384615385,64,0.0,6
20,features.2,0.6513519287109375,0.09699960052967072,0.04670218005776405,0.15384615384615385,64,0.0,6
21,features.2,0.64990234375,0.09979657828807831,0.06361266225576401,0.15384615384615385,64,0.0,6
22,features.2,0.5479888916015625,0.0810711532831192,0.023250650614500046,0.15384615384615385,64,0.0,6
23,features.2,0.641326904296875,0.12087894231081009,0.06411238759756088,0.15384615384615385,64,0.0,6
24,features.2,0.682281494140625,0.07832802087068558,0.03156337887048721,0.15384615384615385,64,0.0,6
25,features.2,0.6164093017578125,0.10937145352363586,0.04802565649151802,0.15384615384615385,64,0.0,6
26,features.2,0.681610107421875,0.06603201478719711,0.02503890171647072,0.15384615384615385,64,0.0,6
27,features.2,0.66656494140625,0.0751391276717186,0.027635829523205757,0.15384615384615385,64,0.0,6
28,features.2,0.6497650146484375,0.10253387689590454,0.0466681569814682,0.15384615384615385,64,0.0,6
29,features.2,0.65753173828125,0.0922597348690033,0.03705773502588272,0.15384615384615385,64,0.0,6
30,features.2,0.670379638671875,0.0668998658657074,0.02047891728579998,0.15384615384615385,64,0.0,6
31,features.2,0.729095458984375,0.041468940675258636,0.009904295206069946,0.15384615384615385,64,0.0,6
32,features.2,0.7158966064453125,0.05299152433872223,0.015497904270887375,0.15384615384615385,64,0.0,6
33,features.2,0.675323486328125,0.07559506595134735,0.030866743996739388,0.15384615384615385,64,0.0,6
34,features.2,0.6275177001953125,0.08051373064517975,0.028534654527902603,0.15384615384615385,64,0.0,6
35,features.2,0.6485443115234375,0.08453749120235443,0.03659574314951897,0.15384615384615385,64,0.0,6
36,features.2,0.717132568359375,0.05494255572557449,0.017321355640888214,0.15384615384615385,64,0.0,6
37,features.2,0.651092529296875,0.11839133501052856,0.06833624839782715,0.15384615384615385,64,0.0,6
38,features.2,0.664459228515625,0.1106664389371872,0.05705350637435913,0.15384615384615385,64,0.0,6
39,features.2,0.670440673828125,0.06904076039791107,0.022638479247689247,0.15384615384615385,64,0.0,6
40,features.2,0.638031005859375,0.10044580698013306,0.04405638203024864,0.15384615384615385,64,0.0,6
41,features.2,0.6225128173828125,0.09342817962169647,0.0365753099322319,0.15384615384615385,64,0.0,6
42,features.2,0.641021728515625,0.08794736117124557,0.03319019824266434,0.15384615384615385,64,0.0,6
43,features.2,0.7014007568359375,0.059765711426734924,0.02117728441953659,0.15384615384615385,64,0.0,6
44,features.2,0.5240936279296875,0.1611076295375824,0.09547672420740128,0.15384615384615385,64,0.0,6
45,features.2,0.64654541015625,0.09568759799003601,0.042465437203645706,0.15384615384615385,64,0.0,6
46,features.2,0.6915740966796875,0.0590701550245285,0.019717874005436897,0.15384615384615385,64,0.0,6
47,features.2,0.633148193359375,0.09687235951423645,0.037369705736637115,0.15384615384615385,64,0.0,6
48,features.2,0.6837310791015625,0.0695929154753685,0.022852163761854172,0.15384615384615385,64,0.0,6
49,features.2,0.68048095703125,0.061483077704906464,0.01684410497546196,0.15384615384615385,64,0.0,6
50,features.2,0.596282958984375,0.1099943220615387,0.04863770678639412,0.15384615384615385,64,0.0,6
51,features.2,0.64300537109375,0.07233650982379913,0.02447160892188549,0.15384615384615385,64,0.0,6
52,features.2,0.654541015625,0.07290739566087723,0.028630392625927925,0.15384615384615385,64,0.0,6
53,features.2,0.6850738525390625,0.07706785202026367,0.030031736940145493,0.15384615384615385,64,0.0,6
54,features.2,0.6029205322265625,0.09782801568508148,0.04147448390722275,0.15384615384615385,64,0.0,6
55,features.2,0.679107666015625,0.044420573860406876,0.009348277933895588,0.15384615384615385,64,0.0,6
56,features.2,0.6463470458984375,0.11936753988265991,0.0640311911702156,0.15384615384615385,64,0.0,6
57,features.2,0.600311279296875,0.10206693410873413,0.04297685623168945,0.15384615384615385,64,0.0,6
58,features.2,0.699432373046875,0.0649629533290863,0.02266491763293743,0.15384615384615385,64,0.0,6
59,features.2,0.69268798828125,0.06259822845458984,0.020909588783979416,0.15384615384615385,64,0.0,6
60,features.2,0.6664276123046875,0.08879750967025757,0.0363529771566391,0.15384615384615385,64,0.0,6
61,features.2,0.701385498046875,0.0633973479270935,0.02323754131793976,0.15384615384615385,64,0.0,6
62,features.2,0.5985107421875,0.11187711358070374,0.04608568176627159,0.15384615384615385,64,0.0,6
63,features.2,0.663177490234375,0.08215633034706116,0.03577025979757309,0.15384615384615385,64,0.0,6
0,features.5,0.873779296875,0.10127416253089905,0.1500619500875473,0.23076923076923078,64,0.0,11
1,features.5,0.912841796875,0.08060549944639206,0.1419481486082077,0.23076923076923078,64,0.0,11
2,features.5,0.8946533203125,0.07008319348096848,0.08207173645496368,0.23076923076923078,64,0.0,11
3,features.5,0.90386962890625,0.06845857203006744,0.10559635609388351,0.23076923076923078,64,0.0,11
4,features.5,0.8734130859375,0.09836464375257492,0.1357533186674118,0.23076923076923078,64,0.0,11
5,features.5,0.84796142578125,0.08971679210662842,0.09562956541776657,0.23076923076923078,64,0.0,11
6,features.5,0.89788818359375,0.1136389821767807,0.24344967305660248,0.23076923076923078,64,0.0,11
7,features.5,0.89593505859375,0.05560167133808136,0.05468760058283806,0.23076923076923078,64,0.0,11
8,features.5,0.86370849609375,0.07005464285612106,0.06905271112918854,0.23076923076923078,64,0.0,11
9,features.5,0.8887939453125,0.0972302183508873,0.1455591320991516,0.23076923076923078,64,0.0,11
10,features.5,0.91802978515625,0.048835158348083496,0.05040533095598221,0.23076923076923078,64,0.0,11
11,features.5,0.86846923828125,0.12511710822582245,0.213314026594162,0.23076923076923078,64,0.0,11
12,features.5,0.86224365234375,0.08666186779737473,0.09917698800563812,0.23076923076923078,64,0.0,11
13,features.5,0.88336181640625,0.1254650354385376,0.2634597718715668,0.23076923076923078,64,0.0,11
14,features.5,0.8798828125,0.11289887130260468,0.20447856187820435,0.23076923076923078,64,0.0,11
15,features.5,0.90875244140625,0.08363519608974457,0.14313459396362305,0.23076923076923078,64,0.0,11
16,features.5,0.88458251953125,0.10398052632808685,0.17569057643413544,0.23076923076923078,64,0.0,11
17,features.5,0.876708984375,0.0979190468788147,0.14155761897563934,0.23076923076923078,64,0.0,11
18,features.5,0.9134521484375,0.07392429560422897,0.11241991072893143,0.23076923076923078,64,0.0,11
19,features.5,0.83355712890625,0.11619062721729279,0.13276398181915283,0.23076923076923078,64,0.0,11
20,features.5,0.89404296875,0.09599358588457108,0.176967591047287,0.23076923076923078,64,0.0,11
21,features.5,0.959228515625,0.059798598289489746,0.23845209181308746,0.23076923076923078,64,0.0,11
22,features.5,0.91064453125,0.04651889577507973,0.041676588356494904,0.23076923076923078,64,0.0,11
23,features.5,0.86865234375,0.1410798728466034,0.27817898988723755,0.23076923076923078,64,0.0,11
24,features.5,0.89569091796875,0.06414684653282166,0.07199473679065704,0.23076923076923078,64,0.0,11
25,features.5,0.91162109375,0.07565562427043915,0.11963897198438644,0.23076923076923078,64,0.0,11
26,features.5,0.8724365234375,0.07123304903507233,0.08148786425590515,0.23076923076923078,64,0.0,11
27,features.5,0.9046630859375,0.061184100806713104,0.07581529021263123,0.23076923076923078,64,0.0,11
28,features.5,0.87371826171875,0.11611613631248474,0.1857818216085434,0.23076923076923078,64,0.0,11
29,features.5,0.87939453125,0.09347701072692871,0.12334486097097397,0.23076923076923078,64,0.0,11
30,features.5,0.8504638671875,0.09257623553276062,0.09791598469018936,0.23076923076923078,64,0.0,11
31,features.5,0.880126953125,0.04357358068227768,0.03085182048380375,0.23076923076923078,64,0.0,11
32,features.5,0.83154296875,0.0812387466430664,0.0643085390329361,0.23076923076923078,64,0.0,11
33,features.5,0.88623046875,0.07385792583227158,0.09067105501890182,0.23076923076923078,64,0.0,11
34,features.5,0.89483642578125,0.06919963657855988,0.09540683031082153,0.23076923076923078,64,0.0,11
35,features.5,0.87884521484375,0.09764102101325989,0.16528728604316711,0.23076923076923078,64,0.0,11
36,features.5,0.85174560546875,0.07811813056468964,0.08121918886899948,0.23076923076923078,64,0.0,11
37,features.5,0.88568115234375,0.13213872909545898,0.31312552094459534,0.23076923076923078,64,0.0,11
38,features.5,0.86602783203125,0.13226133584976196,0.2650538682937622,0.23076923076923078,64,0.0,11
39,features.5,0.87445068359375,0.07733579725027084,0.08383296430110931,0.23076923076923078,64,0.0,11
40,features.5,0.89532470703125,0.09939876943826675,0.17785611748695374,0.23076923076923078,64,0.0,11
41,features.5,0.8797607421875,0.09799394011497498,0.14984557032585144,0.23076923076923078,64,0.0,11
42,features.5,0.8837890625,0.09244094043970108,0.1302136927843094,0.23076923076923078,64,0.0,11
43,features.5,0.84765625,0.08157697319984436,0.08838959783315659,0.23076923076923078,64,0.0,11
44,features.5,0.9349365234375,0.08016909658908844,0.18162553012371063,0.23076923076923078,64,0.0,11
45,features.5,0.88970947265625,0.09646023064851761,0.1524108499288559,0.23076923076923078,64,0.0,11
46,features.5,0.863525390625,0.06702816486358643,0.06443625688552856,0.23076923076923078,64,0.0,11
47,features.5,0.87506103515625,0.11025351285934448,0.17650942504405975,0.23076923076923078,64,0.0,11
48,features.5,0.896484375,0.06508255004882812,0.0685623437166214,0.23076923076923078,64,0.0,11
49,features.5,0.90509033203125,0.04612402990460396,0.037490636110305786,0.23076923076923078,64,0.0,11
50,features.5,0.8961181640625,0.09292491525411606,0.15634863078594208,0.23076923076923078,64,0.0,11
51,features.5,0.88531494140625,0.07275315374135971,0.08434396237134933,0.23076923076923078,64,0.0,11
52,features.5,0.87493896484375,0.0780390128493309,0.11716051399707794,0.23076923076923078,64,0.0,11
53,features.5,0.84881591796875,0.10723962634801865,0.12889127433300018,0.23076923076923078,64,0.0,11
54,features.5,0.92315673828125,0.06245434656739235,0.11722293496131897,0.23076923076923078,64,0.0,11
55,features.5,0.93450927734375,0.025660358369350433,0.021828029304742813,0.23076923076923078,64,0.0,11
56,features.5,0.867431640625,0.1465340405702591,0.3089514970779419,0.23076923076923078,64,0.0,11
57,features.5,0.90179443359375,0.08093728125095367,0.11902225017547607,0.23076923076923078,64,0.0,11
58,features.5,0.86663818359375,0.08180499076843262,0.09856700897216797,0.23076923076923078,64,0.0,11
59,features.5,0.87841796875,0.07590821385383606,0.08938214182853699,0.23076923076923078,64,0.0,11
60,features.5,0.90716552734375,0.0695345550775528,0.10112041980028152,0.23076923076923078,64,0.0,11
61,features.5,0.87750244140625,0.07465189695358276,0.0872650071978569,0.23076923076923078,64,0.0,11
62,features.5,0.906982421875,0.07988321036100388,0.11145360767841339,0.23076923076923078,64,0.0,11
63,features.5,0.89288330078125,0.07473699003458023,0.11713264137506485,0.23076923076923078,64,0.0,11
0,features.7,0.845306396484375,0.1182345300912857,0.1490049809217453,0.3076923076923077,64,0.0,12
1,features.7,0.82928466796875,0.10601802170276642,0.12224555015563965,0.3076923076923077,64,0.0,12
2,features.7,0.865509033203125,0.07112730294466019,0.06346967071294785,0.3076923076923077,64,0.0,12
3,features.7,0.827545166015625,0.10009050369262695,0.10635341703891754,0.3076923076923077,64,0.0,12
4,features.7,0.841278076171875,0.13739129900932312,0.1870223730802536,0.3076923076923077,64,0.0,12
5,features.7,0.845550537109375,0.09840027987957001,0.1052309200167656,0.3076923076923077,64,0.0,12
6,features.7,0.819671630859375,0.1716851145029068,0.2973715662956238,0.3076923076923077,64,0.0,12
7,features.7,0.78460693359375,0.11052606999874115,0.09306683391332626,0.3076923076923077,64,0.0,12
8,features.7,0.8184814453125,0.10393452644348145,0.097340427339077,0.3076923076923077,64,0.0,12
9,features.7,0.86663818359375,0.08938327431678772,0.10250252485275269,0.3076923076923077,64,0.0,12
10,features.7,0.786376953125,0.0922003760933876,0.07110874354839325,0.3076923076923077,64,0.0,12
11,features.7,0.867919921875,0.12355391681194305,0.19228611886501312,0.3076923076923077,64,0.0,12
12,features.7,0.8424072265625,0.11062786728143692,0.12521237134933472,0.3076923076923077,64,0.0,12
13,features.7,0.841461181640625,0.16552481055259705,0.2886553406715393,0.3076923076923077,64,0.0,12
14,features.7,0.85760498046875,0.11881636083126068,0.1622581034898758,0.3076923076923077,64,0.0,12
15,features.7,0.81268310546875,0.12037494033575058,0.1462806910276413,0.3076923076923077,64,0.0,12
16,features.7,0.82366943359375,0.16321836411952972,0.2487279623746872,0.3076923076923077,64,0.0,12
17,features.7,0.839599609375,0.1273839771747589,0.18124206364154816,0.3076923076923077,64,0.0,12
18,features.7,0.81201171875,0.09545894712209702,0.09775020182132721,0.3076923076923077,64,0.0,12
19,features.7,0.88031005859375,0.09224361926317215,0.12440691143274307,0.3076923076923077,64,0.0,12
20,features.7,0.811737060546875,0.14449156820774078,0.1940458118915558,0.3076923076923077,64,0.0,12
21,features.7,0.6771240234375,0.22375726699829102,0.4488007128238678,0.3076923076923077,64,0.0,12
22,features.7,0.8157958984375,0.07916001230478287,0.0550677515566349,0.3076923076923077,64,0.0,12
23,features.7,0.870361328125,0.12214350700378418,0.2031862437725067,0.3076923076923077,64,0.0,12
24,features.7,0.77178955078125,0.1389157772064209,0.1294982135295868,0.3076923076923077,64,0.0,12
25,features.7,0.76263427734375,0.17623117566108704,0.22923587262630463,0.3076923076923077,64,0.0,12
26,features.7,0.8140869140625,0.11954182386398315,0.14234715700149536,0.3076923076923077,64,0.0,12
27,features.7,0.80413818359375,0.1183488667011261,0.11794691532850266,0.3076923076923077,64,0.0,12
28,features.7,0.870208740234375,0.1015857458114624,0.12993696331977844,0.3076923076923077,64,0.0,12
29,features.7,0.843597412109375,0.12289037555456161,0.1712651550769806,0.3076923076923077,64,0.0,12
30,features.7,0.85455322265625,0.09911126643419266,0.10893543809652328,0.3076923076923077,64,0.0,12
31,features.7,0.775054931640625,0.08977223932743073,0.059953246265649796,0.3076923076923077,64,0.0,12
32,features.7,0.88763427734375,0.05621590092778206,0.045822322368621826,0.3076923076923077,64,0.0,12
33,features.7,0.786895751953125,0.1525723934173584,0.16136564314365387,0.3076923076923077,64,0.0,12
34,features.7,0.8221435546875,0.10794688761234283,0.1179160550236702,0.3076923076923077,64,0.0,12
35,features.7,0.83099365234375,0.11611716449260712,0.1536559909582138,0.3076923076923077,64,0.0,12
36,features.7,0.826629638671875,0.11465723812580109,0.12693913280963898,0.3076923076923077,64,0.0,12
37,features.7,0.8619384765625,0.1363019049167633,0.28825825452804565,0.3076923076923077,64,0.0,12
38,features.7,0.86053466796875,0.13295510411262512,0.23867490887641907,0.3076923076923077,64,0.0,12
39,features.7,0.8519287109375,0.08885996043682098,0.09206398576498032,0.3076923076923077,64,0.0,12
40,features.7,0.85247802734375,0.11660711467266083,0.16852031648159027,0.3076923076923077,64,0.0,12
41,features.7,0.828460693359375,0.14871817827224731,0.23145544528961182,0.3076923076923077,64,0.0,12
42,features.7,0.80059814453125,0.16139380633831024,0.1986946016550064,0.3076923076923077,64,0.0,12
43,features.7,0.84051513671875,0.10015399008989334,0.11530809849500656,0.3076923076923077,64,0.0,12
44,features.7,0.786956787109375,0.1536557376384735,0.17881514132022858,0.3076923076923077,64,0.0,12
45,features.7,0.8433837890625,0.10646875947713852,0.12611670792102814,0.3076923076923077,64,0.0,12
46,features.7,0.807037353515625,0.11416328698396683,0.10767165571451187,0.3076923076923077,64,0.0,12
47,features.7,0.864166259765625,0.11268523335456848,0.14736586809158325,0.3076923076923077,64,0.0,12
48,features.7,0.7828369140625,0.13857999444007874,0.1387040764093399,0.3076923076923077,64,0.0,12
49,features.7,0.775146484375,0.11082291603088379,0.08448674529790878,0.3076923076923077,64,0.0,12
50,features.7,0.851593017578125,0.11472321301698685,0.16540156304836273,0.3076923076923077,64,0.0,12
51,features.7,0.853240966796875,0.0722595751285553,0.06516782194375992,0.3076923076923077,64,0.0,12
52,features.7,0.806976318359375,0.1427677571773529,0.2076186239719391,0.3076923076923077,64,0.0,12
53,features.7,0.86187744140625,0.10638514161109924,0.1376934051513672,0.3076923076923077,64,0.0,12
54,features.7,0.81597900390625,0.09603529423475266,0.10138384252786636,0.3076923076923077,64,0.0,12
55,features.7,0.725860595703125,0.0778103768825531,0.041279859840869904,0.3076923076923077,64,0.0,12
56,features.7,0.854736328125,0.159994438290596,0.3053523600101471,0.3076923076923077,64,0.0,12
57,features.7,0.82476806640625,0.1137925460934639,0.12249836325645447,0.3076923076923077,64,0.0,12
58,features.7,0.849395751953125,0.09362234175205231,0.10240522027015686,0.3076923076923077,64,0.0,12
59,features.7,0.802276611328125,0.1062810942530632,0.10302069783210754,0.3076923076923077,64,0.0,12
60,features.7,0.7791748046875,0.1569449007511139,0.19026900827884674,0.3076923076923077,64,0.0,12
61,features.7,0.776153564453125,0.13448157906532288,0.13703279197216034,0.3076923076923077,64,0.0,12
62,features.7,0.824005126953125,0.11844277381896973,0.12928813695907593,0.3076923076923077,64,0.0,12
63,features.7,0.794281005859375,0.14177165925502777,0.16670048236846924,0.3076923076923077,64,0.0,12
0,features.10,0.81884765625,0.30293142795562744,0.8671362996101379,0.38461538461538464,64,0.0,1
1,features.10,0.7979736328125,0.35575875639915466,1.0168203115463257,0.38461538461538464,64,0.0,1
2,features.10,0.777587890625,0.2575671374797821,0.4921363592147827,0.38461538461538464,64,0.0,1
3,features.10,0.7984619140625,0.32078519463539124,0.8384939432144165,0.38461538461538464,64,0.0,1
4,features.10,0.8660888671875,0.2227153480052948,0.6571522951126099,0.38461538461538464,64,0.0,1
5,features.10,0.82275390625,0.24973787367343903,0.5577563047409058,0.38461538461538464,64,0.0,1
6,features.10,0.822265625,0.42673853039741516,1.8249859809875488,0.38461538461538464,64,0.0,1
7,features.10,0.8538818359375,0.18724073469638824,0.40536028146743774,0.38461538461538464,64,0.0,1
8,features.10,0.8399658203125,0.21450313925743103,0.5041133165359497,0.38461538461538464,64,0.0,1
9,features.10,0.7978515625,0.26262709498405457,0.5642709136009216,0.38461538461538464,64,0.0,1
10,features.10,0.82080078125,0.26420262455940247,0.6007986068725586,0.38461538461538464,64,0.0,1
11,features.10,0.782958984375,0.4217880964279175,1.3320471048355103,0.38461538461538464,64,0.0,1
12,features.10,0.81640625,0.28232651948928833,0.7330181002616882,0.38461538461538464,64,0.0,1
13,features.10,0.8424072265625,0.32484865188598633,1.2592440843582153,0.38461538461538464,64,0.0,1
14,features.10,0.80126953125,0.3595142364501953,0.9952197074890137,0.38461538461538464,64,0.0,1
15,features.10,0.84912109375,0.26314613223075867,0.8611696362495422,0.38461538461538464,64,0.0,1
16,features.10,0.8388671875,0.3826678991317749,1.5215246677398682,0.38461538461538464,64,0.0,1
17,features.10,0.81298828125,0.3605591356754303,1.3331236839294434,0.38461538461538464,64,0.0,1
18,features.10,0.815185546875,0.2840755879878998,0.7112654447555542,0.38461538461538464,64,0.0,1
19,features.10,0.8096923828125,0.26487627625465393,0.6644394993782043,0.38461538461538464,64,0.0,1
20,features.10,0.831298828125,0.3463456630706787,1.2242231369018555,0.38461538461538464,64,0.0,1
21,features.10,0.8697509765625,0.44130727648735046,3.118375778198242,0.38461538461538464,64,0.0,1
22,features.10,0.8531494140625,0.15086551010608673,0.28033480048179626,0.38461538461538464,64,0.0,1
23,features.10,0.785888671875,0.4448598325252533,1.582683801651001,0.38461538461538464,64,0.0,1
24,features.10,0.871826171875,0.22692714631557465,0.6401175260543823,0.38461538461538464,64,0.0,1
25,features.10,0.8873291015625,0.23516225814819336,0.9274170398712158,0.38461538461538464,64,0.0,1
26,features.10,0.838134765625,0.2533230781555176,0.8439926505088806,0.38461538461538464,64,0.0,1
27,features.10,0.838134765625,0.2758347690105438,0.8279286623001099,0.38461538461538464,64,0.0,1
28,features.10,0.7918701171875,0.32273468375205994,0.7780157327651978,0.38461538461538464,64,0.0,1
29,features.10,0.83349609375,0.28685179352760315,0.8518316745758057,0.38461538461538464,64,0.0,1
30,features.10,0.8309326171875,0.23015084862709045,0.5167245268821716,0.38461538461538464,64,0.0,1
31,features.10,0.8370361328125,0.21866296231746674,0.5382859110832214,0.38461538461538464,64,0.0,1
32,features.10,0.796875,0.18850605189800262,0.27136388421058655,0.38461538461538464,64,0.0,1
33,features.10,0.877685546875,0.21522709727287292,0.6575886607170105,0.38461538461538464,64,0.0,1
34,features.10,0.81298828125,0.31640303134918213,0.9513936638832092,0.38461538461538464,64,0.0,1
35,features.10,0.8182373046875,0.3128162622451782,1.0098289251327515,0.38461538461538464,64,0.0,1
36,features.10,0.8428955078125,0.22875575721263885,0.5859270095825195,0.38461538461538464,64,0.0,1
37,features.10,0.80078125,0.41313377022743225,1.7897332906723022,0.38461538461538464,64,0.0,1
38,features.10,0.8045654296875,0.4278201460838318,1.7178459167480469,0.38461538461538464,64,0.0,1
39,features.10,0.798583984375,0.28085893392562866,0.7060021758079529,0.38461538461538464,64,0.0,1
40,features.10,0.79248046875,0.39797458052635193,1.3711881637573242,0.38461538461538464,64,0.0,1
41,features.10,0.8641357421875,0.26769304275512695,1.0256321430206299,0.38461538461538464,64,0.0,1
42,features.10,0.865478515625,0.2729645073413849,0.9364784955978394,0.38461538461538464,64,0.0,1
43,features.10,0.8294677734375,0.2617780268192291,0.817706823348999,0.38461538461538464,64,0.0,1
44,features.10,0.83935546875,0.33218836784362793,1.1048908233642578,0.38461538461538464,64,0.0,1
45,features.10,0.7972412109375,0.34339749813079834,0.9371265172958374,0.38461538461538464,64,0.0,1
46,features.10,0.8433837890625,0.22833435237407684,0.5871017575263977,0.38461538461538464,64,0.0,1
47,features.10,0.7982177734375,0.3102644681930542,0.7527989745140076,0.38461538461538464,64,0.0,1
48,features.10,0.8743896484375,0.23341068625450134,0.74472576379776,0.38461538461538464,64,0.0,1
49,features.10,0.8873291015625,0.14152750372886658,0.29483914375305176,0.38461538461538464,64,0.0,1
50,features.10,0.8148193359375,0.3478181064128876,1.25892972946167,0.38461538461538464,64,0.0,1
51,features.10,0.7862548828125,0.24881857633590698,0.45957082509994507,0.38461538461538464,64,0.0,1
52,features.10,0.8583984375,0.29573172330856323,1.3732969760894775,0.38461538461538464,64,0.0,1
53,features.10,0.830078125,0.25473979115486145,0.6766827702522278,0.38461538461538464,64,0.0,1
54,features.10,0.7930908203125,0.34417566657066345,0.9347755312919617,0.38461538461538464,64,0.0,1
55,features.10,0.8271484375,0.18953397870063782,0.3277429938316345,0.38461538461538464,64,0.0,1
56,features.10,0.830322265625,0.36941537261009216,1.4306790828704834,0.38461538461538464,64,0.0,1
57,features.10,0.818359375,0.3085280954837799,0.8915839791297913,0.38461538461538464,64,0.0,1
58,features.10,0.8133544921875,0.25370344519615173,0.5596683621406555,0.38461538461538464,64,0.0,1
59,features.10,0.82470703125,0.26803216338157654,0.7144178152084351,0.38461538461538464,64,0.0,1
60,features.10,0.8753662109375,0.2654831111431122,1.016998052597046,0.38461538461538464,64,0.0,1
61,features.10,0.8477783203125,0.28833213448524475,0.9002605080604553,0.38461538461538464,64,0.0,1
62,features.10,0.829833984375,0.29218941926956177,0.8531911373138428,0.38461538461538464,64,0.0,1
63,features.10,0.8345947265625,0.3402940332889557,1.1761112213134766,0.38461538461538464,64,0.0,1
0,features.12,0.90576171875,0.3240809142589569,1.9531047344207764,0.46153846153846156,64,0.0,2
1,features.12,0.93719482421875,0.23503296077251434,1.5927001237869263,0.46153846153846156,64,0.0,2
2,features.12,0.92413330078125,0.21525298058986664,1.0738286972045898,0.46153846153846156,64,0.0,2
3,features.12,0.942626953125,0.1911046802997589,1.185300588607788,0.46153846153846156,64,0.0,2
4,features.12,0.88446044921875,0.3440300524234772,1.8813855648040771,0.46153846153846156,64,0.0,2
5,features.12,0.89471435546875,0.2912188768386841,1.310673713684082,0.46153846153846156,64,0.0,2
6,features.12,0.918212890625,0.3852847218513489,3.4379899501800537,0.46153846153846156,64,0.0,2
7,features.12,0.90863037109375,0.2085917890071869,0.7915276288986206,0.46153846153846156,64,0.0,2
8,features.12,0.90374755859375,0.22580638527870178,0.9106607437133789,0.46153846153846156,64,0.0,2
9,features.12,0.9134521484375,0.227029949426651,1.067665696144104,0.46153846153846156,64,0.0,2
10,features.12,0.9404296875,0.1761852204799652,0.9473601579666138,0.46153846153846156,64,0.0,2
11,features.12,0.91656494140625,0.3949199318885803,3.5154638290405273,0.46153846153846156,64,0.0,2
12,features.12,0.90716552734375,0.2936219573020935,1.5792443752288818,0.46153846153846156,64,0.0,2
13,features.12,0.89385986328125,0.445387601852417,3.576800584793091,0.46153846153846156,64,0.0,2
14,features.12,0.91876220703125,0.3107638657093048,2.1189327239990234,0.46153846153846156,64,0.0,2
15,features.12,0.8961181640625,0.369804710149765,2.4280776977539062,0.46153846153846156,64,0.0,2
16,features.12,0.91900634765625,0.3669438362121582,2.8757219314575195,0.46153846153846156,64,0.0,2
17,features.12,0.91278076171875,0.367107629776001,3.2005176544189453,0.46153846153846156,64,0.0,2
18,features.12,0.92608642578125,0.2411026954650879,1.4502263069152832,0.46153846153846156,64,0.0,2
19,features.12,0.88006591796875,0.3687014877796173,1.9588122367858887,0.46153846153846156,64,0.0,2
20,features.12,0.910888671875,0.3650587499141693,2.8169925212860107,0.46153846153846156,64,0.0,2
21,features.12,0.93408203125,0.44825807213783264,6.913879871368408,0.46153846153846156,64,0.0,2
22,features.12,0.89874267578125,0.20263487100601196,0.7703313231468201,0.46153846153846156,64,0.0,2
23,features.12,0.90869140625,0.43805980682373047,4.390014171600342,0.46153846153846156,64,0.0,2
24,features.12,0.90191650390625,0.29546207189559937,1.5082780122756958,0.46153846153846156,64,0.0,2
25,features.12,0.87548828125,0.43014052510261536,2.524413585662842,0.46153846153846156,64,0.0,2
26,features.12,0.910888671875,0.22926680743694305,1.1810542345046997,0.46153846153846156,64,0.0,2
27,features.12,0.918701171875,0.2695198655128479,1.5444138050079346,0.46153846153846156,64,0.0,2
28,features.12,0.91839599609375,0.2626909017562866,1.5426522493362427,0.46153846153846156,64,0.0,2
29,features.12,0.89373779296875,0.3619672954082489,2.0718281269073486,0.46153846153846156,64,0.0,2
30,features.12,0.89349365234375,0.27707839012145996,1.2153112888336182,0.46153846153846156,64,0.0,2
31,features.12,0.9158935546875,0.22856326401233673,1.1998987197875977,0.46153846153846156,64,0.0,2
32,features.12,0.88873291015625,0.2380947321653366,0.9023024439811707,0.46153846153846156,64,0.0,2
33,features.12,0.89776611328125,0.29654163122177124,1.4660979509353638,0.46153846153846156,64,0.0,2
34,features.12,0.92718505859375,0.2878601551055908,2.0655760765075684,0.46153846153846156,64,0.0,2
35,features.12,0.90185546875,0.3487015664577484,2.520972728729248,0.46153846153846156,64,0.0,2
36,features.12,0.89532470703125,0.3041033446788788,1.6176446676254272,0.46153846153846156,64,0.0,2
37,features.12,0.91845703125,0.4018341600894928,4.55275821685791,0.46153846153846156,64,0.0,2
38,features.12,0.9078369140625,0.4849735200405121,5.310003757476807,0.46153846153846156,64,0.0,2
39,features.12,0.90869140625,0.3001115322113037,1.9500420093536377,0.46153846153846156,64,0.0,2
40,features.12,0.922119140625,0.3588997721672058,3.131228446960449,0.46153846153846156,64,0.0,2
41,features.12,0.87921142578125,0.437448114156723,2.7490429878234863,0.46153846153846156,64,0.0,2
42,features.12,0.9046630859375,0.30722731351852417,1.8457772731781006,0.46153846153846156,64,0.0,2
43,features.12,0.89544677734375,0.3384600579738617,2.065020799636841,0.46153846153846156,64,0.0,2
44,features.12,0.94512939453125,0.2082032412290573,1.355089783668518,0.46153846153846156,64,0.0,2
45,features.12,0.927490234375,0.3045583963394165,2.3480963706970215,0.46153846153846156,64,0.0,2
46,features.12,0.90069580078125,0.27964088320732117,1.3780726194381714,0.46153846153846156,64,0.0,2
47,features.12,0.9110107421875,0.2686332166194916,1.3957754373550415,0.46153846153846156,64,0.0,2
48,features.12,0.8870849609375,0.4081733524799347,2.7708497047424316,0.46153846153846156,64,0.0,2
49,features.12,0.909423828125,0.16315269470214844,0.5123143792152405,0.46153846153846156,64,0.0,2
50,features.12,0.917236328125,0.32464319467544556,2.354823350906372,0.46153846153846156,64,0.0,2
51,features.12,0.92236328125,0.20700253546237946,0.9875789284706116,0.46153846153846156,64,0.0,2
52,features.12,0.8948974609375,0.45457541942596436,4.047169208526611,0.46153846153846156,64,0.0,2
53,features.12,0.885986328125,0.3262987434864044,1.4767895936965942,0.46153846153846156,64,0.0,2
54,features.12,0.94842529296875,0.19821852445602417,1.6020872592926025,0.46153846153846156,64,0.0,2
55,features.12,0.9371337890625,0.15677860379219055,0.7299219369888306,0.46153846153846156,64,0.0,2
56,features.12,0.900634765625,0.3933852016925812,2.7475290298461914,0.46153846153846156,64,0.0,2
57,features.12,0.9193115234375,0.27018874883651733,1.6202547550201416,0.46153846153846156,64,0.0,2
58,features.12,0.9210205078125,0.18963764607906342,0.8171436786651611,0.46153846153846156,64,0.0,2
59,features.12,0.91143798828125,0.2797051966190338,1.6049730777740479,0.46153846153846156,64,0.0,2
60,features.12,0.898193359375,0.41430988907814026,3.227850914001465,0.46153846153846156,64,0.0,2
61,features.12,0.91717529296875,0.28296396136283875,1.591589093208313,0.46153846153846156,64,0.0,2
62,features.12,0.914794921875,0.27681031823158264,1.5469801425933838,0.46153846153846156,64,0.0,2
63,features.12,0.9176025390625,0.35073626041412354,2.66754150390625,0.46153846153846156,64,0.0,2
0,features.14,0.9293212890625,0.44750306010246277,5.116919994354248,0.5384615384615384,64,0.0,3
1,features.14,0.911376953125,0.582675039768219,6.706466197967529,0.5384615384615384,64,0.0,3
2,features.14,0.917236328125,0.4152189791202545,3.719837188720703,0.5384615384615384,64,0.0,3
3,features.14,0.9063720703125,0.46102362871170044,3.8480539321899414,0.5384615384615384,64,0.0,3
4,features.14,0.931640625,0.5177861452102661,7.484217166900635,0.5384615384615384,64,0.0,3
5,features.14,0.930419921875,0.39994266629219055,4.4414167404174805,0.5384615384615384,64,0.0,3
6,features.14,0.9210205078125,0.6937331557273865,12.019110679626465,0.5384615384615384,64,0.0,3
7,features.14,0.93084716796875,0.2863546907901764,2.0690011978149414,0.5384615384615384,64,0.0,3
8,features.14,0.92572021484375,0.31988269090652466,2.564528465270996,0.5384615384615384,64,0.0,3
9,features.14,0.92022705078125,0.4045381247997284,3.741692543029785,0.5384615384615384,64,0.0,3
10,features.14,0.9044189453125,0.41650888323783875,3.321990489959717,0.5384615384615384,64,0.0,3
11,features.14,0.92626953125,0.7315554618835449,14.962536811828613,0.5384615384615384,64,0.0,3
12,features.14,0.93267822265625,0.39317941665649414,4.2919697761535645,0.5384615384615384,64,0.0,3
13,features.14,0.93170166015625,0.6079395413398743,11.0540132522583,0.5384615384615384,64,0.0,3
14,features.14,0.9302978515625,0.5314896106719971,7.773621559143066,0.5384615384615384,64,0.0,3
15,features.14,0.914794921875,0.6932353973388672,11.180974960327148,0.5384615384615384,64,0.0,3
16,features.14,0.9248046875,0.5811139941215515,8.923126220703125,0.5384615384615384,64,0.0,3
17,features.14,0.9261474609375,0.588198721408844,9.5906982421875,0.5384615384615384,64,0.0,3
18,features.14,0.908203125,0.516518771648407,5.558958530426025,0.5384615384615384,64,0.0,3
19,features.14,0.930419921875,0.5845967531204224,9.976189613342285,0.5384615384615384,64,0.0,3
20,features.14,0.933837890625,0.498477578163147,7.675320625305176,0.5384615384615384,64,0.0,3
21,features.14,0.894775390625,1.2270581722259521,28.556835174560547,0.5384615384615384,64,0.0,3
22,features.14,0.921630859375,0.36179661750793457,3.112330675125122,0.5384615384615384,64,0.0,3
23,features.14,0.9361572265625,0.7255018949508667,19.09715461730957,0.5384615384615384,64,0.0,3
24,features.14,0.92938232421875,0.4685433506965637,5.619250774383545,0.5384615384615384,64,0.0,3
25,features.14,0.94305419921875,0.4496126174926758,6.879252910614014,0.5384615384615384,64,0.0,3
26,features.14,0.93377685546875,0.2991877794265747,2.540557861328125,0.5384615384615384,64,0.0,3
27,features.14,0.9150390625,0.4851611256599426,5.140559196472168,0.5384615384615384,64,0.0,3
28,features.14,0.93341064453125,0.40375709533691406,4.814934253692627,0.5384615384615384,64,0.0,3
29,features.14,0.92047119140625,0.6017879247665405,8.352416038513184,0.5384615384615384,64,0.0,3
30,features.14,0.92657470703125,0.4101828634738922,4.175450801849365,0.5384615384615384,64,0.0,3
31,features.14,0.9158935546875,0.4322977364063263,4.370669364929199,0.5384615384615384,64,0.0,3
32,features.14,0.9229736328125,0.42285972833633423,4.3506388664245605,0.5384615384615384,64,0.0,3
33,features.14,0.9189453125,0.5007392764091492,5.602445125579834,0.5384615384615384,64,0.0,3
34,features.14,0.92303466796875,0.5512992739677429,7.863049507141113,0.5384615384615384,64,0.0,3
35,features.14,0.92388916015625,0.6291329860687256,10.473167419433594,0.5384615384615384,64,0.0,3
36,features.14,0.9298095703125,0.47500213980674744,6.379177093505859,0.5384615384615384,64,0.0,3
37,features.14,0.91851806640625,0.7692304849624634,16.56817626953125,0.5384615384615384,64,0.0,3
38,features.14,0.92669677734375,0.7642354965209961,20.491252899169922,0.5384615384615384,64,0.0,3
39,features.14,0.92755126953125,0.47651350498199463,9.063128471374512,0.5384615384615384,64,0.0,3
40,features.14,0.91748046875,0.6766367554664612,10.201513290405273,0.5384615384615384,64,0.0,3
41,features.14,0.9268798828125,0.5735021829605103,9.228110313415527,0.5384615384615384,64,0.0,3
42,features.14,0.91876220703125,0.5107546448707581,6.283915996551514,0.5384615384615384,64,0.0,3
43,features.14,0.92437744140625,0.6145838499069214,10.34312915802002,0.5384615384615384,64,0.0,3
44,features.14,0.89373779296875,0.608769416809082,6.052761554718018,0.5384615384615384,64,0.0,3
45,features.14,0.918701171875,0.6531286239624023,11.49556827545166,0.5384615384615384,64,0.0,3
46,features.14,0.92596435546875,0.4138902425765991,4.71440315246582,0.5384615384615384,64,0.0,3
47,features.14,0.9246826171875,0.41913679242134094,4.058845520019531,0.5384615384615384,64,0.0,3
48,features.14,0.92645263671875,0.674527645111084,14.240966796875,0.5384615384615384,64,0.0,3
49,features.14,0.92578125,0.2605205178260803,1.7583813667297363,0.5384615384615384,64,0.0,3
50,features.14,0.9136962890625,0.7085630893707275,10.223719596862793,0.5384615384615384,64,0.0,3
51,features.14,0.9140625,0.3883611559867859,3.4376742839813232,0.5384615384615384,64,0.0,3
52,features.14,0.92572021484375,0.6545768976211548,11.550541877746582,0.5384615384615384,64,0.0,3
53,features.14,0.9342041015625,0.37080034613609314,3.918036460876465,0.5384615384615384,64,0.0,3
54,features.14,0.8980712890625,0.6427322626113892,8.133747100830078,0.5384615384615384,64,0.0,3
55,features.14,0.8919677734375,0.4775257706642151,4.1298747062683105,0.5384615384615384,64,0.0,3
56,features.14,0.933349609375,0.49831679463386536,6.664029598236084,0.5384615384615384,64,0.0,3
57,features.14,0.92010498046875,0.4353834390640259,4.139406681060791,0.5384615384615384,64,0.0,3
58,features.14,0.91827392578125,0.32118749618530273,2.3311173915863037,0.5384615384615384,64,0.0,3
59,features.14,0.9183349609375,0.4695794880390167,4.918975830078125,0.5384615384615384,64,0.0,3
60,features.14,0.92437744140625,0.7258248925209045,17.028535842895508,0.5384615384615384,64,0.0,3
61,features.14,0.91973876953125,0.48234885931015015,5.1319379806518555,0.5384615384615384,64,0.0,3
62,features.14,0.9246826171875,0.439246267080307,4.606758117675781,0.5384615384615384,64,0.0,3
63,features.14,0.90966796875,0.7644376158714294,11.876588821411133,0.5384615384615384,64,0.0,3
0,features.17,0.865234375,1.3747279644012451,23.50786018371582,0.6153846153846154,64,0.0,4
1,features.17,0.93505859375,1.09467613697052,38.3478889465332,0.6153846153846154,64,0.0,4
2,features.17,0.928466796875,0.6034009456634521,11.436614036560059,0.6153846153846154,64,0.0,4
3,features.17,0.9287109375,0.751641035079956,16.200010299682617,0.6153846153846154,64,0.0,4
4,features.17,0.8876953125,1.351409673690796,32.394474029541016,0.6153846153846154,64,0.0,4
5,features.17,0.8603515625,1.3231256008148193,22.254241943359375,0.6153846153846154,64,0.0,4
6,features.17,0.900146484375,1.779917597770691,68.69300079345703,0.6153846153846154,64,0.0,4
7,features.17,0.862548828125,0.811657190322876,8.390628814697266,0.6153846153846154,64,0.0,4
8,features.17,0.829345703125,1.2614316940307617,18.46846580505371,0.6153846153846154,64,0.0,4
9,features.17,0.8974609375,0.9188426733016968,16.355873107910156,0.6153846153846154,64,0.0,4
10,features.17,0.89208984375,0.983533501625061,17.172481536865234,0.6153846153846154,64,0.0,4
11,features.17,0.88623046875,2.6444995403289795,146.363525390625,0.6153846153846154,64,0.0,4
12,features.17,0.817626953125,1.6750837564468384,29.026395797729492,0.6153846153846154,64,0.0,4
13,features.17,0.843017578125,2.6511893272399902,114.26771545410156,0.6153846153846154,64,0.0,4
14,features.17,0.883056640625,1.6242815256118774,51.96328353881836,0.6153846153846154,64,0.0,4
15,features.17,0.888916015625,1.8144831657409668,54.2275276184082,0.6153846153846154,64,0.0,4
16,features.17,0.82470703125,2.3005902767181396,53.883087158203125,0.6153846153846154,64,0.0,4
17,features.17,0.8427734375,2.218050241470337,56.733402252197266,0.6153846153846154,64,0.0,4
18,features.17,0.9189453125,1.0162729024887085,26.71078109741211,0.6153846153846154,64,0.0,4
19,features.17,0.86865234375,2.2046492099761963,72.18712615966797,0.6153846153846154,64,0.0,4
20,features.17,0.86669921875,1.7445223331451416,49.230987548828125,0.6153846153846154,64,0.0,4
21,features.17,0.91552734375,2.150035858154297,110.5091323852539,0.6153846153846154,64,0.0,4
22,features.17,0.916748046875,0.6828547120094299,11.216573715209961,0.6153846153846154,64,0.0,4
23,features.17,0.870361328125,3.381404161453247,205.46078491210938,0.6153846153846154,64,0.0,4
24,features.17,0.887451171875,1.2726629972457886,26.731496810913086,0.6153846153846154,64,0.0,4
25,features.17,0.838134765625,1.6334182024002075,30.769811630249023,0.6153846153846154,64,0.0,4
26,features.17,0.849853515625,0.9478397965431213,10.990049362182617,0.6153846153846154,64,0.0,4
27,features.17,0.83984375,1.8712656497955322,36.98836898803711,0.6153846153846154,64,0.0,4
28,features.17,0.886962890625,1.2891807556152344,30.562423706054688,0.6153846153846154,64,0.0,4
29,features.17,0.859375,1.8231017589569092,45.91788864135742,0.6153846153846154,64,0.0,4
30,features.17,0.83642578125,1.6187405586242676,28.99985122680664,0.6153846153846154,64,0.0,4
31,features.17,0.83349609375,1.62562096118927,30.072275161743164,0.6153846153846154,64,0.0,4
32,features.17,0.94970703125,0.42796406149864197,7.484119415283203,0.6153846153846154,64,0.0,4
33,features.17,0.85205078125,1.7110836505889893,37.01113510131836,0.6153846153846154,64,0.0,4
34,features.17,0.896484375,1.7982369661331177,66.09195709228516,0.6153846153846154,64,0.0,4
35,features.17,0.90380859375,1.305472731590271,37.61952590942383,0.6153846153846154,64,0.0,4
36,features.17,0.842529296875,1.8815172910690308,47.57523727416992,0.6153846153846154,64,0.0,4
37,features.17,0.884521484375,2.1448118686676025,87.79468536376953,0.6153846153846154,64,0.0,4
38,features.17,0.872314453125,3.0931527614593506,198.39401245117188,0.6153846153846154,64,0.0,4
39,features.17,0.801513671875,3.4459915161132812,147.291748046875,0.6153846153846154,64,0.0,4
40,features.17,0.879150390625,1.7474255561828613,45.984642028808594,0.6153846153846154,64,0.0,4
41,features.17,0.8505859375,2.0762979984283447,52.1929931640625,0.6153846153846154,64,0.0,4
42,features.17,0.81689453125,1.696190357208252,26.347150802612305,0.6153846153846154,64,0.0,4
43,features.17,0.89111328125,1.604848861694336,51.38097381591797,0.6153846153846154,64,0.0,4
44,features.17,0.934326171875,1.0398459434509277,34.21543502807617,0.6153846153846154,64,0.0,4
45,features.17,0.891845703125,2.177987575531006,101.57388305664062,0.6153846153846154,64,0.0,4
46,features.17,0.85205078125,1.3842134475708008,25.17125129699707,0.6153846153846154,64,0.0,4
47,features.17,0.912353515625,0.7768101692199707,11.349764823913574,0.6153846153846154,64,0.0,4
48,features.17,0.857421875,2.8341548442840576,114.97760772705078,0.6153846153846154,64,0.0,4
49,features.17,0.8896484375,0.5504335165023804,6.062717437744141,0.6153846153846154,64,0.0,4
50,features.17,0.89990234375,1.6222816705703735,48.0265998840332,0.6153846153846154,64,0.0,4
51,features.17,0.90234375,0.9719981551170349,20.050411224365234,0.6153846153846154,64,0.0,4
52,features.17,0.87939453125,1.8649543523788452,52.165374755859375,0.6153846153846154,64,0.0,4
53,features.17,0.853759765625,1.2967982292175293,20.802074432373047,0.6153846153846154,64,0.0,4
54,features.17,0.923583984375,1.4072482585906982,68.07425689697266,0.6153846153846154,64,0.0,4
55,features.17,0.935546875,0.8417195081710815,25.88519859313965,0.6153846153846154,64,0.0,4
56,features.17,0.855224609375,1.498612642288208,28.113353729248047,0.6153846153846154,64,0.0,4
57,features.17,0.84716796875,1.3281461000442505,20.46452522277832,0.6153846153846154,64,0.0,4
58,features.17,0.845458984375,1.0202751159667969,11.989960670471191,0.6153846153846154,64,0.0,4
59,features.17,0.848876953125,1.3997247219085693,22.24913215637207,0.6153846153846154,64,0.0,4
60,features.17,0.87109375,3.0333502292633057,162.37799072265625,0.6153846153846154,64,0.0,4
61,features.17,0.843505859375,1.5097272396087646,24.27418327331543,0.6153846153846154,64,0.0,4
62,features.17,0.872802734375,1.2513132095336914,22.314769744873047,0.6153846153846154,64,0.0,4
63,features.17,0.869384765625,1.884513020515442,51.342041015625,0.6153846153846154,64,0.0,4
0,features.19,0.9805908203125,0.9031862616539001,118.87152099609375,0.6923076923076923,64,0.0,5
1,features.19,0.9718017578125,1.2935234308242798,144.0471649169922,0.6923076923076923,64,0.0,5
2,features.19,0.977294921875,0.5301164388656616,26.36402130126953,0.6923076923076923,64,0.0,5
3,features.19,0.983154296875,0.4544096887111664,31.460437774658203,0.6923076923076923,64,0.0,5
4,features.19,0.9766845703125,1.2680163383483887,150.8698272705078,0.6923076923076923,64,0.0,5
5,features.19,0.9781494140625,1.0319952964782715,118.5813217163086,0.6923076923076923,64,0.0,5
6,features.19,0.9742431640625,1.8337798118591309,324.2352600097656,0.6923076923076923,64,0.0,5
7,features.19,0.985107421875,0.45940452814102173,34.648895263671875,0.6923076923076923,64,0.0,5
8,features.19,0.9794921875,1.0207022428512573,121.39842224121094,0.6923076923076923,64,0.0,5
9,features.19,0.9764404296875,0.7971863150596619,61.396453857421875,0.6923076923076923,64,0.0,5
10,features.19,0.9814453125,0.5098950266838074,42.360389709472656,0.6923076923076923,64,0.0,5
11,features.19,0.9674072265625,3.7039265632629395,1018.2520751953125,0.6923076923076923,64,0.0,5
12,features.19,0.977294921875,1.0914555788040161,159.8682861328125,0.6923076923076923,64,0.0,5
13,features.19,0.96826171875,2.849809408187866,707.30029296875,0.6923076923076923,64,0.0,5
14,features.19,0.97607421875,1.5934985876083374,227.56875610351562,0.6923076923076923,64,0.0,5
15,features.19,0.9775390625,1.312768578529358,182.1309814453125,0.6923076923076923,64,0.0,5
16,features.19,0.9752197265625,1.6840126514434814,351.4450378417969,0.6923076923076923,64,0.0,5
17,features.19,0.980224609375,1.3684380054473877,240.47889709472656,0.6923076923076923,64,0.0,5
18,features.19,0.9769287109375,0.8437125086784363,68.06268310546875,0.6923076923076923,64,0.0,5
19,features.19,0.96728515625,2.526526689529419,430.6452941894531,0.6923076923076923,64,0.0,5
20,features.19,0.976318359375,1.3451879024505615,204.10752868652344,0.6923076923076923,64,0.0,5
21,features.19,0.98291015625,1.3717375993728638,313.9862365722656,0.6923076923076923,64,0.0,5
22,features.19,0.9813232421875,0.4208618998527527,25.910106658935547,0.6923076923076923,64,0.0,5
23,features.19,0.970458984375,3.7942895889282227,1297.4007568359375,0.6923076923076923,64,0.0,5
24,features.19,0.9796142578125,0.8532446026802063,115.34597778320312,0.6923076923076923,64,0.0,5
25,features.19,0.9837646484375,0.7618748545646667,118.024658203125,0.6923076923076923,64,0.0,5
26,features.19,0.986083984375,0.436175674200058,37.50986862182617,0.6923076923076923,64,0.0,5
27,features.19,0.9808349609375,1.0173304080963135,164.44155883789062,0.6923076923076923,64,0.0,5
28,features.19,0.974365234375,1.3737263679504395,181.42208862304688,0.6923076923076923,64,0.0,5
29,features.19,0.96875,1.9010919332504272,287.8670959472656,0.6923076923076923,64,0.0,5
30,features.19,0.968017578125,1.3884910345077515,170.2908477783203,0.6923076923076923,64,0.0,5
31,features.19,0.97607421875,1.0958508253097534,176.4501495361328,0.6923076923076923,64,0.0,5
32,features.19,0.980224609375,0.26001954078674316,10.301640510559082,0.6923076923076923,64,0.0,5
33,features.19,0.97412109375,1.2265715599060059,187.6182098388672,0.6923076923076923,64,0.0,5
34,features.19,0.9710693359375,1.9932336807250977,363.1608581542969,0.6923076923076923,64,0.0,5
35,features.19,0.9818115234375,0.7773407697677612,84.44366455078125,0.6923076923076923,64,0.0,5
36,features.19,0.9793701171875,1.2708964347839355,203.94210815429688,0.6923076923076923,64,0.0,5
37,features.19,0.969970703125,2.1281113624572754,375.5191345214844,0.6923076923076923,64,0.0,5
38,features.19,0.9656982421875,4.0340094566345215,1264.5999755859375,0.6923076923076923,64,0.0,5
39,features.19,0.9542236328125,4.398078441619873,1330.89013671875,0.6923076923076923,64,0.0,5
40,features.19,0.9864501953125,0.9600592851638794,161.72573852539062,0.6923076923076923,64,0.0,5
41,features.19,0.9732666015625,1.705092191696167,236.38697814941406,0.6923076923076923,64,0.0,5
42,features.19,0.9813232421875,0.8023491501808167,110.97181701660156,0.6923076923076923,64,0.0,5
43,features.19,0.971435546875,1.7084050178527832,247.37533569335938,0.6923076923076923,64,0.0,5
44,features.19,0.98388671875,0.7896786332130432,104.28829193115234,0.6923076923076923,64,0.0,5
45,features.19,0.972412109375,2.569326877593994,576.224853515625,0.6923076923076923,64,0.0,5
46,features.19,0.980224609375,0.9858728051185608,130.30992126464844,0.6923076923076923,64,0.0,5
47,features.19,0.9801025390625,0.5316998362541199,36.58922576904297,0.6923076923076923,64,0.0,5
48,features.19,0.977294921875,2.3562216758728027,672.7216186523438,0.6923076923076923,64,0.0,5
49,features.19,0.9825439453125,0.3264630436897278,14.462129592895508,0.6923076923076923,64,0.0,5
50,features.19,0.9835205078125,1.0730769634246826,154.92410278320312,0.6923076923076923,64,0.0,5
51,features.19,0.97509765625,0.7942508459091187,60.96159744262695,0.6923076923076923,64,0.0,5
52,features.19,0.983642578125,0.7807571887969971,107.96162414550781,0.6923076923076923,64,0.0,5
53,features.19,0.9814453125,0.816268801689148,113.3768310546875,0.6923076923076923,64,0.0,5
54,features.19,0.9752197265625,1.2280954122543335,136.98898315429688,0.6923076923076923,64,0.0,5
55,features.19,0.973876953125,0.8143212795257568,59.81459045410156,0.6923076923076923,64,0.0,5
56,features.19,0.9833984375,0.7935181856155396,105.50694274902344,0.6923076923076923,64,0.0,5
57,features.19,0.9765625,0.7644676566123962,81.92041015625,0.6923076923076923,64,0.0,5
58,features.19,0.975830078125,0.6661713123321533,60.7955207824707,0.6923076923076923,64,0.0,5
59,features.19,0.97998046875,0.7554848194122314,89.70094299316406,0.6923076923076923,64,0.0,5
60,features.19,0.9732666015625,3.2101023197174072,975.264404296875,0.6923076923076923,64,0.0,5
61,features.19,0.9801025390625,0.8718680739402771,127.38384246826172,0.6923076923076923,64,0.0,5
62,features.19,0.9783935546875,0.9376577734947205,103.29379272460938,0.6923076923076923,64,0.0,5
63,features.19,0.978515625,1.1254700422286987,147.8711700439453,0.6923076923076923,64,0.0,5
0,features.21,0.994873046875,0.39650338888168335,47.39420700073242,0.7692307692307693,64,0.0,7
1,features.21,0.9903564453125,1.2024394273757935,261.7065734863281,0.7692307692307693,64,0.0,7
2,features.21,0.9915771484375,0.42460712790489197,31.93889617919922,0.7692307692307693,64,0.0,7
3,features.21,0.9921875,0.23840641975402832,10.807466506958008,0.7692307692307693,64,0.0,7
4,features.21,0.9947509765625,0.5678257942199707,113.99172973632812,0.7692307692307693,64,0.0,7
5,features.21,0.9942626953125,0.4913429021835327,72.56080627441406,0.7692307692307693,64,0.0,7
6,features.21,0.9923095703125,1.045038104057312,311.6505432128906,0.7692307692307693,64,0.0,7
7,features.21,0.9937744140625,0.20480754971504211,10.331206321716309,0.7692307692307693,64,0.0,7
8,features.21,0.994873046875,0.4801332652568817,78.96277618408203,0.7692307692307693,64,0.0,7
9,features.21,0.991943359375,0.6116311550140381,81.26019287109375,0.7692307692307693,64,0.0,7
10,features.21,0.9932861328125,0.20489801466464996,9.579410552978516,0.7692307692307693,64,0.0,7
11,features.21,0.9866943359375,5.472557067871094,3502.80029296875,0.7692307692307693,64,0.0,7
12,features.21,0.9932861328125,0.4450129270553589,43.8193359375,0.7692307692307693,64,0.0,7
13,features.21,0.9923095703125,1.682023048400879,617.3448486328125,0.7692307692307693,64,0.0,7
14,features.21,0.991455078125,1.4188306331634521,359.113037109375,0.7692307692307693,64,0.0,7
15,features.21,0.9910888671875,0.9575563669204712,162.24588012695312,0.7692307692307693,64,0.0,7
16,features.21,0.992919921875,0.8188802003860474,168.50636291503906,0.7692307692307693,64,0.0,7
17,features.21,0.9935302734375,0.7256610989570618,123.47213745117188,0.7692307692307693,64,0.0,7
18,features.21,0.9898681640625,0.8527651429176331,127.23231506347656,0.7692307692307693,64,0.0,7
19,features.21,0.991455078125,1.4042303562164307,539.61669921875,0.7692307692307693,64,0.0,7
20,features.21,0.9925537109375,0.7670304775238037,118.06967163085938,0.7692307692307693,64,0.0,7
21,features.21,0.99267578125,0.6497285962104797,86.34425354003906,0.7692307692307693,64,0.0,7
22,features.21,0.992431640625,0.17253993451595306,5.638525009155273,0.7692307692307693,64,0.0,7
23,features.21,0.9901123046875,4.049434661865234,2380.2744140625,0.7692307692307693,64,0.0,7
24,features.21,0.993896484375,0.32744908332824707,26.41461944580078,0.7692307692307693,64,0.0,7
25,features.21,0.9937744140625,0.3010232150554657,24.014253616333008,0.7692307692307693,64,0.0,7
26,features.21,0.994140625,0.15947508811950684,7.229775905609131,0.7692307692307693,64,0.0,7
27,features.21,0.992919921875,0.607638955116272,95.1415023803711,0.7692307692307693,64,0.0,7
28,features.21,0.99169921875,1.2712419033050537,274.1536560058594,0.7692307692307693,64,0.0,7
29,features.21,0.99267578125,1.075653076171875,279.4570617675781,0.7692307692307693,64,0.0,7
30,features.21,0.9931640625,0.6347771286964417,105.0157699584961,0.7692307692307693,64,0.0,7
31,features.21,0.994140625,0.41977617144584656,47.19955825805664,0.7692307692307693,64,0.0,7
32,features.21,0.9930419921875,0.10637746006250381,2.6955461502075195,0.7692307692307693,64,0.0,7
33,features.21,0.9940185546875,0.49090203642845154,69.76506042480469,0.7692307692307693,64,0.0,7
34,features.21,0.98974609375,2.3344979286193848,785.4762573242188,0.7692307692307693,64,0.0,7
35,features.21,0.992431640625,0.4064488112926483,46.317073822021484,0.7692307692307693,64,0.0,7
36,features.21,0.9930419921875,0.6000587344169617,80.97772979736328,0.7692307692307693,64,0.0,7
37,features.21,0.9912109375,1.6099389791488647,496.225830078125,0.7692307692307693,64,0.0,7
38,features.21,0.98974609375,4.0462565422058105,2383.68359375,0.7692307692307693,64,0.0,7
39,features.21,0.99072265625,2.722527503967285,1478.8759765625,0.7692307692307693,64,0.0,7
40,features.21,0.9932861328125,0.4194589853286743,42.938758850097656,0.7692307692307693,64,0.0,7
41,features.21,0.994140625,0.7321019172668457,163.47738647460938,0.7692307692307693,64,0.0,7
42,features.21,0.994140625,0.3113669753074646,23.760509490966797,0.7692307692307693,64,0.0,7
43,features.21,0.99365234375,0.8195372223854065,206.50009155273438,0.7692307692307693,64,0.0,7
44,features.21,0.991943359375,0.5125642418861389,64.80368041992188,0.7692307692307693,64,0.0,7
45,features.21,0.991455078125,2.2902774810791016,856.6393432617188,0.7692307692307693,64,0.0,7
46,features.21,0.9951171875,0.4295344352722168,63.7353401184082,0.7692307692307693,64,0.0,7
47,features.21,0.9918212890625,0.2920791804790497,15.90958309173584,0.7692307692307693,64,0.0,7
48,features.21,0.992431640625,1.3706672191619873,389.9316101074219,0.7692307692307693,64,0.0,7
49,features.21,0.994873046875,0.11525726318359375,4.163745880126953,0.7692307692307693,64,0.0,7
50,features.21,0.9908447265625,0.8441858887672424,112.18505096435547,0.7692307692307693,64,0.0,7
51,features.21,0.9908447265625,0.6804623007774353,86.21507263183594,0.7692307692307693,64,0.0,7
52,features.21,0.992919921875,0.3150247633457184,26.895811080932617,0.7692307692307693,64,0.0,7
53,features.21,0.9949951171875,0.32393020391464233,30.84328842163086,0.7692307692307693,64,0.0,7
54,features.21,0.989013671875,1.2183712720870972,260.4486083984375,0.7692307692307693,64,0.0,7
55,features.21,0.9893798828125,0.7676650881767273,101.9710693359375,0.7692307692307693,64,0.0,7
56,features.21,0.993408203125,0.392093300819397,35.3430290222168,0.7692307692307693,64,0.0,7
57,features.21,0.9927978515625,0.33680227398872375,25.571964263916016,0.7692307692307693,64,0.0,7
58,features.21,0.9937744140625,0.2763488292694092,17.535953521728516,0.7692307692307693,64,0.0,7
59,features.21,0.994384765625,0.2930420935153961,22.98887062072754,0.7692307692307693,64,0.0,7
60,features.21,0.992431640625,1.815351963043213,686.1814575195312,0.7692307692307693,64,0.0,7
61,features.21,0.9937744140625,0.39035746455192566,37.28562927246094,0.7692307692307693,64,0.0,7
62,features.21,0.994384765625,0.3970944881439209,48.88434982299805,0.7692307692307693,64,0.0,7
63,features.21,0.994873046875,0.40900731086730957,55.15046310424805,0.7692307692307693,64,0.0,7
0,features.24,0.9873046875,0.2752983868122101,8.25871467590332,0.8461538461538461,64,0.0,8
1,features.24,0.98974609375,0.5961334109306335,95.28038787841797,0.8461538461538461,64,0.0,8
2,features.24,0.99365234375,0.15159721672534943,6.151611804962158,0.8461538461538461,64,0.0,8
3,features.24,0.994140625,0.06379909813404083,1.0629171133041382,0.8461538461538461,64,0.0,8
4,features.24,0.966796875,1.1681923866271973,79.87149810791016,0.8461538461538461,64,0.0,8
5,features.24,0.97412109375,0.6146903038024902,29.09220314025879,0.8461538461538461,64,0.0,8
6,features.24,0.9921875,0.406255841255188,37.41455841064453,0.8461538461538461,64,0.0,8
7,features.24,0.98388671875,0.19254174828529358,3.398099422454834,0.8461538461538461,64,0.0,8
8,features.24,0.98583984375,0.37677624821662903,15.426185607910156,0.8461538461538461,64,0.0,8
9,features.24,0.9912109375,0.2789207994937897,17.03835678100586,0.8461538461538461,64,0.0,8
10,features.24,0.9921875,0.05466929078102112,0.7382802963256836,0.8461538461538461,64,0.0,8
11,features.24,0.99072265625,3.6248326301574707,2405.052490234375,0.8461538461538461,64,0.0,8
12,features.24,0.990234375,0.2581321895122528,12.42676067352295,0.8461538461538461,64,0.0,8
13,features.24,0.9931640625,0.9544930458068848,192.5409698486328,0.8461538461538461,64,0.0,8
14,features.24,0.9921875,0.5874396562576294,88.89611053466797,0.8461538461538461,64,0.0,8
15,features.24,0.9912109375,0.4556126892566681,49.70281982421875,0.8461538461538461,64,0.0,8
16,features.24,0.98779296875,0.6155945658683777,61.35093688964844,0.8461538461538461,64,0.0,8
17,features.24,0.99072265625,0.4527200758457184,38.096107482910156,0.8461538461538461,64,0.0,8
18,features.24,0.9892578125,0.7594038844108582,125.31380462646484,0.8461538461538461,64,0.0,8
19,features.24,0.94287109375,5.713752746582031,1034.6085205078125,0.8461538461538461,64,0.0,8
20,features.24,0.9921875,0.36641618609428406,25.406719207763672,0.8461538461538461,64,0.0,8
21,features.24,0.9931640625,0.21491937339305878,11.798314094543457,0.8461538461538461,64,0.0,8
22,features.24,0.990234375,0.08434490114450455,0.937899649143219,0.8461538461538461,64,0.0,8
23,features.24,0.9912109375,1.7992922067642212,853.8630981445312,0.8461538461538461,64,0.0,8
24,features.24,0.98876953125,0.1510307490825653,3.411548137664795,0.8461538461538461,64,0.0,8
25,features.24,0.99169921875,0.14785364270210266,5.176588535308838,0.8461538461538461,64,0.0,8
26,features.24,0.98583984375,0.11183419823646545,1.5536525249481201,0.8461538461538461,64,0.0,8
27,features.24,0.9931640625,0.2181825041770935,19.209157943725586,0.8461538461538461,64,0.0,8
28,features.24,0.99365234375,0.44805240631103516,59.08831024169922,0.8461538461538461,64,0.0,8
29,features.24,0.9560546875,3.0247998237609863,352.11798095703125,0.8461538461538461,64,0.0,8
30,features.24,0.97216796875,0.9499945640563965,58.67670440673828,0.8461538461538461,64,0.0,8
31,features.24,0.98828125,0.30011412501335144,15.035999298095703,0.8461538461538461,64,0.0,8
32,features.24,0.98291015625,0.0804840624332428,0.7493704557418823,0.8461538461538461,64,0.0,8
33,features.24,0.98779296875,0.4195525348186493,34.97704315185547,0.8461538461538461,64,0.0,8
34,features.24,0.98974609375,1.0444656610488892,270.5397033691406,0.8461538461538461,64,0.0,8
35,features.24,0.986328125,0.2562966048717499,8.106374740600586,0.8461538461538461,64,0.0,8
36,features.24,0.9921875,0.2688031494617462,16.093515396118164,0.8461538461538461,64,0.0,8
37,features.24,0.99365234375,0.5567750334739685,81.81184387207031,0.8461538461538461,64,0.0,8
38,features.24,0.99072265625,1.9511418342590332,922.435546875,0.8461538461538461,64,0.0,8
39,features.24,0.97216796875,4.3668084144592285,1444.068359375,0.8461538461538461,64,0.0,8
40,features.24,0.9853515625,0.25851279497146606,9.079340934753418,0.8461538461538461,64,0.0,8
41,features.24,0.97216796875,1.2357174158096313,113.16317749023438,0.8461538461538461,64,0.0,8
42,features.24,0.9892578125,0.164344921708107,3.727757692337036,0.8461538461538461,64,0.0,8
43,features.24,0.96826171875,1.5092661380767822,150.87109375,0.8461538461538461,64,0.0,8
44,features.24,0.99462890625,0.15164104104042053,11.284729957580566,0.8461538461538461,64,0.0,8
45,features.24,0.99267578125,0.8150264620780945,187.57106018066406,0.8461538461538461,64,0.0,8
46,features.24,0.98681640625,0.27299660444259644,8.938797950744629,0.8461538461538461,64,0.0,8
47,features.24,0.9931640625,0.07475200295448303,1.3118754625320435,0.8461538461538461,64,0.0,8
48,features.24,0.9921875,0.7332744598388672,105.6476058959961,0.8461538461538461,64,0.0,8
49,features.24,0.97509765625,0.18924365937709808,2.619880437850952,0.8461538461538461,64,0.0,8
50,features.24,0.9931640625,0.20516788959503174,13.296358108520508,0.8461538461538461,64,0.0,8
51,features.24,0.9912109375,0.42340999841690063,41.258975982666016,0.8461538461538461,64,0.0,8
52,features.24,0.9921875,0.07079741358757019,1.1617155075073242,0.8461538461538461,64,0.0,8
53,features.24,0.986328125,0.19731877744197845,5.864152431488037,0.8461538461538461,64,0.0,8
54,features.24,0.98876953125,0.9193114638328552,188.61244201660156,0.8461538461538461,64,0.0,8
55,features.24,0.9912109375,0.5649808645248413,78.09902954101562,0.8461538461538461,64,0.0,8
56,features.24,0.98779296875,0.28069064021110535,11.513940811157227,0.8461538461538461,64,0.0,8
57,features.24,0.99169921875,0.15773417055606842,4.213602066040039,0.8461538461538461,64,0.0,8
58,features.24,0.990234375,0.17379215359687805,4.472239017486572,0.8461538461538461,64,0.0,8
59,features.24,0.986328125,0.1694934219121933,3.635521173477173,0.8461538461538461,64,0.0,8
60,features.24,0.99267578125,0.9990171194076538,207.64097595214844,0.8461538461538461,64,0.0,8
61,features.24,0.986328125,0.2826297879219055,12.435026168823242,0.8461538461538461,64,0.0,8
62,features.24,0.97705078125,0.48820438981056213,20.963472366333008,0.8461538461538461,64,0.0,8
63,features.24,0.98583984375,0.2647445499897003,8.67336368560791,0.8461538461538461,64,0.0,8
0,features.26,0.99609375,0.05562407895922661,1.2248399257659912,0.9230769230769231,64,0.0,9
1,features.26,0.99267578125,0.22016790509223938,11.71955680847168,0.9230769230769231,64,0.0,9
2,features.26,0.994140625,0.04479700326919556,0.5238035917282104,0.9230769230769231,64,0.0,9
3,features.26,0.99755859375,0.007654074113816023,0.02954276278614998,0.9230769230769231,64,0.0,9
4,features.26,0.99267578125,0.4607396721839905,55.46517562866211,0.9230769230769231,64,0.0,9
5,features.26,0.99462890625,0.22006919980049133,13.549396514892578,0.9230769230769231,64,0.0,9
6,features.26,0.99609375,0.08252839744091034,2.8589906692504883,0.9230769230769231,64,0.0,9
7,features.26,0.99560546875,0.05638035386800766,1.0119493007659912,0.9230769230769231,64,0.0,9
8,features.26,0.99560546875,0.08565443754196167,2.7344682216644287,0.9230769230769231,64,0.0,9
9,features.26,0.99560546875,0.05485863983631134,1.115417718887329,0.9230769230769231,64,0.0,9
10,features.26,0.99853515625,0.001923045376315713,0.0027189599350094795,0.9230769230769231,64,0.0,9
11,features.26,0.99560546875,0.8863105773925781,223.64002990722656,0.9230769230769231,64,0.0,9
12,features.26,0.9970703125,0.05268343910574913,1.3473305702209473,0.9230769230769231,64,0.0,9
13,features.26,0.99658203125,0.21750444173812866,19.600162506103516,0.9230769230769231,64,0.0,9
14,features.26,0.99658203125,0.12577712535858154,5.78775691986084,0.9230769230769231,64,0.0,9
15,features.26,0.99560546875,0.13914291560649872,5.280961990356445,0.9230769230769231,64,0.0,9
16,features.26,0.99609375,0.1556698977947235,10.051528930664062,0.9230769230769231,64,0.0,9
17,features.26,0.99658203125,0.104381263256073,4.006646156311035,0.9230769230769231,64,0.0,9
18,features.26,0.99267578125,0.3614707589149475,23.295557022094727,0.9230769230769231,64,0.0,9
19,features.26,0.98583984375,3.231740951538086,1405.6351318359375,0.9230769230769231,64,0.0,9
20,features.26,0.99658203125,0.08279982209205627,2.6163406372070312,0.9230769230769231,64,0.0,9
21,features.26,0.99658203125,0.02296331711113453,0.20273850858211517,0.9230769230769231,64,0.0,9
22,features.26,0.99560546875,0.01668666861951351,0.0835375264286995,0.9230769230769231,64,0.0,9
23,features.26,0.99658203125,0.40580958127975464,54.207401275634766,0.9230769230769231,64,0.0,9
24,features.26,0.99609375,0.03164336457848549,0.3572571873664856,0.9230769230769231,64,0.0,9
25,features.26,0.99658203125,0.02184680476784706,0.27275171875953674,0.9230769230769231,64,0.0,9
26,features.26,0.99462890625,0.032845158129930496,0.30995675921440125,0.9230769230769231,64,0.0,9
27,features.26,0.99755859375,0.027628086507320404,0.4299488067626953,0.9230769230769231,64,0.0,9
28,features.26,0.99658203125,0.10278365761041641,3.8974449634552,0.9230769230769231,64,0.0,9
29,features.26,0.9873046875,1.706085443496704,425.7576904296875,0.9230769230769231,64,0.0,9
30,features.26,0.99365234375,0.38402560353279114,38.51035690307617,0.9230769230769231,64,0.0,9
31,features.26,0.9951171875,0.07555188238620758,2.0680999755859375,0.9230769230769231,64,0.0,9
32,features.26,0.99267578125,0.03364323824644089,0.2815078794956207,0.9230769230769231,64,0.0,9
33,features.26,0.99560546875,0.11893610656261444,4.89561653137207,0.9230769230769231,64,0.0,9
34,features.26,0.99658203125,0.20723044872283936,14.420015335083008,0.9230769230769231,64,0.0,9
35,features.26,0.99658203125,0.0421396903693676,0.7743929624557495,0.9230769230769231,64,0.0,9
36,features.26,0.9951171875,0.09150896966457367,2.843687057495117,0.9230769230769231,64,0.0,9
37,features.26,0.99658203125,0.11577394604682922,5.044501781463623,0.9230769230769231,64,0.0,9
38,features.26,0.99658203125,0.4297845959663391,63.57219696044922,0.9230769230769231,64,0.0,9
39,features.26,0.9931640625,1.5085567235946655,529.780517578125,0.9230769230769231,64,0.0,9
40,features.26,0.9951171875,0.06811811029911041,1.8443832397460938,0.9230769230769231,64,0.0,9
41,features.26,0.9921875,0.5631083846092224,72.49202728271484,0.9230769230769231,64,0.0,9
42,features.26,0.99609375,0.036995623260736465,0.458622545003891,0.9230769230769231,64,0.0,9
43,features.26,0.99365234375,0.6335811018943787,99.87157440185547,0.9230769230769231,64,0.0,9
44,features.26,0.9970703125,0.025247294455766678,0.3067651689052582,0.9230769230769231,64,0.0,9
45,features.26,0.99658203125,0.17464281618595123,11.391629219055176,0.9230769230769231,64,0.0,9
46,features.26,0.99609375,0.056068312376737595,1.3234702348709106,0.9230769230769231,64,0.0,9
47,features.26,0.9970703125,0.010448981076478958,0.07044412195682526,0.9230769230769231,64,0.0,9
48,features.26,0.99658203125,0.1523774117231369,9.220434188842773,0.9230769230769231,64,0.0,9
49,features.26,0.99169921875,0.08134399354457855,1.5876189470291138,0.9230769230769231,64,0.0,9
50,features.26,0.9970703125,0.03398250788450241,0.47064703702926636,0.9230769230769231,64,0.0,9
51,features.26,0.99365234375,0.16604547202587128,6.092280864715576,0.9230769230769231,64,0.0,9
52,features.26,0.998046875,0.003466875059530139,0.0067413244396448135,0.9230769230769231,64,0.0,9
53,features.26,0.99560546875,0.04984040558338165,0.8169828057289124,0.9230769230769231,64,0.0,9
54,features.26,0.99267578125,0.4365450143814087,35.77667236328125,0.9230769230769231,64,0.0,9
55,features.26,0.9931640625,0.2966862916946411,15.704049110412598,0.9230769230769231,64,0.0,9
56,features.26,0.99658203125,0.061306629329919815,1.3955349922180176,0.9230769230769231,64,0.0,9
57,features.26,0.99658203125,0.03653451055288315,0.4796992838382721,0.9230769230769231,64,0.0,9
58,features.26,0.9970703125,0.03519211709499359,0.5620827674865723,0.9230769230769231,64,0.0,9
59,features.26,0.9951171875,0.0405043326318264,0.522432267665863,0.9230769230769231,64,0.0,9
60,features.26,0.99658203125,0.2268705666065216,20.630531311035156,0.9230769230769231,64,0.0,9
61,features.26,0.99560546875,0.06652987003326416,1.7131292819976807,0.9230769230769231,64,0.0,9
62,features.26,0.99609375,0.18046456575393677,9.584486961364746,0.9230769230769231,64,0.0,9
63,features.26,0.99609375,0.04050707072019577,0.7841020822525024,0.9230769230769231,64,0.0,9
0,features.28,0.99560546875,0.00913243554532528,0.03202259913086891,1.0,64,0.0,10
1,features.28,0.99609375,0.049268320202827454,0.7576460838317871,1.0,64,0.0,10
2,features.28,0.99609375,0.009354918263852596,0.028876179829239845,1.0,64,0.0,10
3,features.28,0.99365234375,0.0028764880262315273,0.001976731698960066,1.0,64,0.0,10
4,features.28,0.9951171875,0.08134999126195908,2.635043144226074,1.0,64,0.0,10
5,features.28,0.99609375,0.03246643394231796,0.5041112303733826,1.0,64,0.0,10
6,features.28,0.99658203125,0.01376403123140335,0.08762308955192566,1.0,64,0.0,10
7,features.28,0.9951171875,0.011182881891727448,0.045740626752376556,1.0,64,0.0,10
8,features.28,0.99560546875,0.014427615329623222,0.07999499887228012,1.0,64,0.0,10
9,features.28,0.99462890625,0.015946177765727043,0.09219826757907867,1.0,64,0.0,10
10,features.28,0.9921875,0.0012274058535695076,0.0003148599062114954,1.0,64,0.0,10
11,features.28,0.9931640625,0.17627595365047455,6.1309661865234375,1.0,64,0.0,10
12,features.28,0.99609375,0.00920936930924654,0.04937876760959625,1.0,64,0.0,10
13,features.28,0.99755859375,0.02923668548464775,0.3668134808540344,1.0,64,0.0,10
14,features.28,0.99658203125,0.015101280063390732,0.10297014564275742,1.0,64,0.0,10
15,features.28,0.99560546875,0.029347574338316917,0.2511247396469116,1.0,64,0.0,10
16,features.28,0.99658203125,0.024515770375728607,0.4085009694099426,1.0,64,0.0,10
17,features.28,0.99755859375,0.014167414978146553,0.08456611633300781,1.0,64,0.0,10
18,features.28,0.99365234375,0.09311928600072861,1.8804552555084229,1.0,64,0.0,10
19,features.28,0.99560546875,0.43454471230506897,76.14485931396484,1.0,64,0.0,10
20,features.28,0.99755859375,0.01091192290186882,0.049928855150938034,1.0,64,0.0,10
21,features.28,0.99365234375,0.006149492226541042,0.013159355148673058,1.0,64,0.0,10
22,features.28,0.99658203125,0.0026704235933721066,0.0036828513257205486,1.0,64,0.0,10
23,features.28,0.99658203125,0.04939469322562218,0.96494060754776,1.0,64,0.0,10
24,features.28,0.9970703125,0.004003018140792847,0.009624178521335125,1.0,64,0.0,10
25,features.28,0.9931640625,0.010113968513906002,0.02294512279331684,1.0,64,0.0,10
26,features.28,0.9970703125,0.005498959682881832,0.012586438097059727,1.0,64,0.0,10
27,features.28,0.99169921875,0.013052931986749172,0.032747890800237656,1.0,64,0.0,10
28,features.28,0.99658203125,0.011356008239090443,0.06571856886148453,1.0,64,0.0,10
29,features.28,0.99609375,0.21714642643928528,21.174280166625977,1.0,64,0.0,10
30,features.28,0.99609375,0.06505632400512695,1.8904943466186523,1.0,64,0.0,10
31,features.28,0.99658203125,0.01041917409747839,0.08155077695846558,1.0,64,0.0,10
32,features.28,0.99560546875,0.006567627191543579,0.01799975335597992,1.0,64,0.0,10
33,features.28,0.9970703125,0.017056748270988464,0.2089502364397049,1.0,64,0.0,10
34,features.28,0.99658203125,0.02361801080405712,0.22269392013549805,1.0,64,0.0,10
35,features.28,0.99365234375,0.011146764270961285,0.02959538996219635,1.0,64,0.0,10
36,features.28,0.99560546875,0.018550369888544083,0.1428413987159729,1.0,64,0.0,10
37,features.28,0.9970703125,0.014893393032252789,0.12184002250432968,1.0,64,0.0,10
38,features.28,0.9951171875,0.061831384897232056,1.3547124862670898,1.0,64,0.0,10
39,features.28,0.9970703125,0.1824674904346466,25.981281280517578,1.0,64,0.0,10
40,features.28,0.99462890625,0.01778734102845192,0.12090395390987396,1.0,64,0.0,10
41,features.28,0.99560546875,0.09207605570554733,3.7476236820220947,1.0,64,0.0,10
42,features.28,0.99658203125,0.0043433657847344875,0.011222101747989655,1.0,64,0.0,10
43,features.28,0.99560546875,0.10415007919073105,4.903693199157715,1.0,64,0.0,10
44,features.28,0.99267578125,0.011578163132071495,0.025460148230195045,1.0,64,0.0,10
45,features.28,0.99658203125,0.021104862913489342,0.2025909274816513,1.0,64,0.0,10
46,features.28,0.99560546875,0.010330339893698692,0.04123688116669655,1.0,64,0.0,10
47,features.28,0.99658203125,0.0022476413287222385,0.001963056391105056,1.0,64,0.0,10
48,features.28,0.99755859375,0.019881878048181534,0.1661597043275833,1.0,64,0.0,10
49,features.28,0.9951171875,0.014289114624261856,0.08060861378908157,1.0,64,0.0,10
50,features.28,0.9970703125,0.0038880377542227507,0.008464230224490166,1.0,64,0.0,10
51,features.28,0.99560546875,0.03514593467116356,0.385357141494751,1.0,64,0.0,10
52,features.28,0.9921875,0.001511512789875269,0.0005613310495391488,1.0,64,0.0,10
53,features.28,0.99658203125,0.006407754495739937,0.021288475021719933,1.0,64,0.0,10
54,features.28,0.9931640625,0.10420046746730804,2.666015386581421,1.0,64,0.0,10
55,features.28,0.9931640625,0.07203710079193115,1.1820870637893677,1.0,64,0.0,10
56,features.28,0.99755859375,0.008046572096645832,0.02737339772284031,1.0,64,0.0,10
57,features.28,0.99658203125,0.0044797249138355255,0.010745406150817871,1.0,64,0.0,10
58,features.28,0.99658203125,0.00540662556886673,0.018016524612903595,1.0,64,0.0,10
59,features.28,0.9970703125,0.005682722199708223,0.015072940848767757,1.0,64,0.0,10
60,features.28,0.99755859375,0.03023613803088665,0.39122554659843445,1.0,64,0.0,10
61,features.28,0.99755859375,0.009200863540172577,0.061703819781541824,1.0,64,0.0,10
62,features.28,0.99609375,0.027961241081357002,0.3638071119785309,1.0,64,0.0,10
63,features.28,0.99560546875,0.00693860650062561,0.019671551883220673,1.0,64,0.0,10
