$date
	Sun Sep 20 15:26:27 2026
$end
$version
	Icarus Verilog
$end
$timescale
	1ps
$end
$scope module tb_stage9a_conv $end
$var wire 32 ! zero_count [31:0] $end
$var wire 32 " variance [31:0] $end
$var wire 64 # sum_square [63:0] $end
$var wire 48 $ sum [47:0] $end
$var wire 1 % stats_valid $end
$var wire 2 & stage8a_resource_cfg [1:0] $end
$var wire 2 ' stage8a_resource_at_capture [1:0] $end
$var wire 32 ( sparsity [31:0] $end
$var wire 2 ) selected_resource_cfg [1:0] $end
$var wire 1 * resource_capture_valid $end
$var wire 64 + pe_valid_debug [63:0] $end
$var wire 64 , pe_enable_mask [63:0] $end
$var wire 1 - output_write_valid $end
$var wire 1 . output_valid $end
$var wire 10 / output_index_debug [9:0] $end
$var wire 32 0 mean [31:0] $end
$var wire 1 1 features_valid $end
$var wire 1 2 fallback_to_64 $end
$var wire 1 3 estimate_valid $end
$var wire 32 4 element_count [31:0] $end
$var wire 32 5 degradation_hat_64 [31:0] $end
$var wire 32 6 degradation_hat_32 [31:0] $end
$var wire 32 7 degradation_hat_16 [31:0] $end
$var wire 1 8 decision_valid $end
$var wire 2 9 decision_layer_id [1:0] $end
$var wire 1 : conv_start $end
$var wire 1 ; conv_done $end
$var wire 32 < conv_cycle_count [31:0] $end
$var wire 1 = conv_busy $end
$var wire 2 > captured_resource_cfg [1:0] $end
$var wire 7 ? active_pe_count [6:0] $end
$var parameter 32 @ ACC_WIDTH $end
$var parameter 32 A CLK_PERIOD $end
$var parameter 32 B DATA_WIDTH $end
$var parameter 32 C INPUT_C $end
$var parameter 32 D INPUT_ELEMENTS $end
$var parameter 32 E INPUT_H $end
$var parameter 32 F INPUT_W $end
$var parameter 32 G OUTPUT_C $end
$var parameter 32 H OUTPUT_ELEMENTS $end
$var parameter 32 I PE_COUNT $end
$var parameter 32 J WEIGHT_ELEMENTS $end
$var parameter 32 K WEIGHT_WIDTH $end
$var reg 2 L busy_resource_cfg [1:0] $end
$var reg 1 M busy_seen $end
$var reg 1 N clk $end
$var reg 64 O conv_done_time [63:0] $end
$var reg 64 P conv_start_time [63:0] $end
$var reg 1 Q decision_seen $end
$var reg 64 R decision_time [63:0] $end
$var reg 1 S layer_end $end
$var reg 64 T layer_end_clock_time [63:0] $end
$var reg 2 U layer_id [1:0] $end
$var reg 1 V layer_start $end
$var reg 1 W override_enable $end
$var reg 2 X resource_override_cfg [1:0] $end
$var reg 1 Y rst_n $end
$var reg 16 Z sample_data [15:0] $end
$var reg 1 [ sample_valid $end
$var integer 32 \ capture_events [31:0] $end
$var integer 32 ] output_index [31:0] $end
$var integer 32 ^ pe_index [31:0] $end
$upscope $end
$enddefinitions $end
$comment Show the parameter values. $end
$dumpall
b10000 K
b110110000 J
b1000000 I
b10000000000 H
b10000 G
b1000 F
b1000 E
b11000000 D
b11 C
b10000 B
b1010 A
b110000 @
$end
#0
$dumpvars
bx ^
bx ]
b0 \
0[
b0 Z
0Y
b10 X
0W
0V
b0 U
bx T
0S
b0 R
xQ
b0 P
b0 O
0N
xM
bx L
b1000000 ?
bx >
x=
bx <
x;
x:
bx 9
x8
bx 7
bx 6
bx 5
bx 4
x3
x2
x1
b0 0
bx /
x.
x-
b1111111111111111111111111111111111111111111111111111111111111111 ,
b0 +
x*
bx )
b0 (
bx '
bx &
x%
bx $
bx #
b0 "
bx !
$end
#5000
0-
b0 /
01
b1111111111111111111111111111111111111111111111111111111111111111 ,
b10 )
0.
b0 <
0;
0=
b0 #
b0 $
b0 !
b0 4
0%
b0 5
b0 6
b0 7
03
02
b10 &
b0 9
08
0:
b10 >
b10 '
0*
b0 T
b10 L
0M
0Q
1N
#10000
0N
#15000
1N
#20000
0N
#25000
1N
#30000
1Y
0N
#35000
1N
#40000
b1111111111111111111111111111111111111111111111111111111111111111 ,
b0 X
1W
b1000000 ^
b10000000000 ]
0N
#45000
1N
#50000
1V
0N
#55000
1N
#60000
0V
0N
#65000
1N
#70000
b1 Z
1[
0N
#75000
b10000000000000000 0
b1 #
b1 $
b1 4
1N
#80000
0[
0N
#85000
1N
#90000
b0 Z
1[
0N
#95000
b100000000000000 "
b1000000000000000 (
b1000000000000000 0
b1 !
b10 4
1N
#100000
0[
0N
#105000
1N
#110000
b1 Z
1[
0N
#115000
b11100011100100 "
b1010101010101010 0
b101010101010101 (
b10 #
b10 $
b11 4
1N
#120000
0[
0N
#125000
1N
#130000
b0 Z
1[
0N
#135000
b100000000000000 "
b1000000000000000 0
b1000000000000000 (
b10 !
b100 4
1N
#140000
0[
0N
#145000
1N
#150000
1S
0N
#155000
b100000000000000 "
b1000000000000000 0
b1000000000000000 (
11
1%
b10011011 T
1N
#160000
0S
0N
#165000
b100000000000000 "
b1000000000000000 0
b1000000000000000 (
01
0%
b111011011 6
b1110110110 7
13
1N
#170000
0N
#175000
b1111111111111111111111111111111111111111111111111111111111111111 ,
b10101111 R
b0 &
18
03
1N
#180000
0N
#185000
b10111001 P
b1 \
b1111111111111111 ,
b10000 ?
b0 )
08
1:
1*
b0 >
b0 '
1Q
1N
#190000
0N
#195000
1=
0:
0*
1N
#196000
b1000000 ^
#200000
b1111111111111111 ,
b10 X
0N
#205000
b1111111111111111 +
b0 L
1M
1N
#210000
0N
#215000
b1111111111111111 +
b1 <
1N
#220000
0N
#225000
b1111111111111111 +
b10 <
1N
#230000
0N
#235000
b1111111111111111 +
b11 <
1N
#240000
b1000000 ^
0N
#245000
b1111111111111111 +
b100 <
1N
#250000
0N
#255000
b1111111111111111 +
b101 <
1N
#260000
0N
#265000
b1111111111111111 +
b110 <
1N
#270000
0N
#275000
b1111111111111111 +
b111 <
1N
#280000
0N
#285000
b1111111111111111 +
b1000 <
1N
#290000
0N
#295000
b1111111111111111 +
b1001 <
1N
#300000
0N
#305000
b1111111111111111 +
b1010 <
1N
#310000
0N
#315000
b1111111111111111 +
b1011 <
1N
#320000
0N
#325000
b1111111111111111 +
b1100 <
1N
#330000
0N
#335000
b1111111111111111 +
b1101 <
1N
#340000
0N
#345000
b1111111111111111 +
b1110 <
1N
#350000
0N
#355000
b1111111111111111 +
b1111 <
1N
#360000
0N
#365000
b1111111111111111 +
b10000 <
1N
#370000
0N
#375000
b1111111111111111 +
b10001 <
1N
#380000
0N
#385000
b1111111111111111 +
b10010 <
1N
#390000
0N
#395000
b1111111111111111 +
b10011 <
1N
#400000
0N
#405000
b1111111111111111 +
b10100 <
1N
#410000
0N
#415000
b1111111111111111 +
b10101 <
1N
#420000
0N
#425000
b1111111111111111 +
b10110 <
1N
#430000
0N
#435000
b1111111111111111 +
b10111 <
1N
#440000
0N
#445000
b1111111111111111 +
b11000 <
1N
#450000
0N
#455000
b1111111111111111 +
b11001 <
1N
#460000
0N
#465000
1-
b1111111111111111 +
b11010 <
1N
#470000
0N
#475000
0-
b10000 /
b0 +
b11011 <
1N
#480000
0N
#485000
b1111111111111111 +
1N
#490000
0N
#495000
b1111111111111111 +
b11100 <
1N
#500000
0N
#505000
b1111111111111111 +
b11101 <
1N
#510000
0N
#515000
b1111111111111111 +
b11110 <
1N
#520000
0N
#525000
b1111111111111111 +
b11111 <
1N
#530000
0N
#535000
b1111111111111111 +
b100000 <
1N
#540000
0N
#545000
b1111111111111111 +
b100001 <
1N
#550000
0N
#555000
b1111111111111111 +
b100010 <
1N
#560000
0N
#565000
b1111111111111111 +
b100011 <
1N
#570000
0N
#575000
b1111111111111111 +
b100100 <
1N
#580000
0N
#585000
b1111111111111111 +
b100101 <
1N
#590000
0N
#595000
b1111111111111111 +
b100110 <
1N
#600000
0N
#605000
b1111111111111111 +
b100111 <
1N
#610000
0N
#615000
b1111111111111111 +
b101000 <
1N
#620000
0N
#625000
b1111111111111111 +
b101001 <
1N
#630000
0N
#635000
b1111111111111111 +
b101010 <
1N
#640000
0N
#645000
b1111111111111111 +
b101011 <
1N
#650000
0N
#655000
b1111111111111111 +
b101100 <
1N
#660000
0N
#665000
b1111111111111111 +
b101101 <
1N
#670000
0N
#675000
b1111111111111111 +
b101110 <
1N
#680000
0N
#685000
b1111111111111111 +
b101111 <
1N
#690000
0N
#695000
b1111111111111111 +
b110000 <
1N
#700000
0N
#705000
b1111111111111111 +
b110001 <
1N
#710000
0N
#715000
b1111111111111111 +
b110010 <
1N
#720000
0N
#725000
b1111111111111111 +
b110011 <
1N
#730000
0N
#735000
b1111111111111111 +
b110100 <
1N
#740000
0N
#745000
1-
b1111111111111111 +
b110101 <
1N
#750000
0N
#755000
0-
b100000 /
b0 +
b110110 <
1N
#760000
0N
#765000
b1111111111111111 +
1N
#770000
0N
#775000
b1111111111111111 +
b110111 <
1N
#780000
0N
#785000
b1111111111111111 +
b111000 <
1N
#790000
0N
#795000
b1111111111111111 +
b111001 <
1N
#800000
0N
#805000
b1111111111111111 +
b111010 <
1N
#810000
0N
#815000
b1111111111111111 +
b111011 <
1N
#820000
0N
#825000
b1111111111111111 +
b111100 <
1N
#830000
0N
#835000
b1111111111111111 +
b111101 <
1N
#840000
0N
#845000
b1111111111111111 +
b111110 <
1N
#850000
0N
#855000
b1111111111111111 +
b111111 <
1N
#860000
0N
#865000
b1111111111111111 +
b1000000 <
1N
#870000
0N
#875000
b1111111111111111 +
b1000001 <
1N
#880000
0N
#885000
b1111111111111111 +
b1000010 <
1N
#890000
0N
#895000
b1111111111111111 +
b1000011 <
1N
#900000
0N
#905000
b1111111111111111 +
b1000100 <
1N
#910000
0N
#915000
b1111111111111111 +
b1000101 <
1N
#920000
0N
#925000
b1111111111111111 +
b1000110 <
1N
#930000
0N
#935000
b1111111111111111 +
b1000111 <
1N
#940000
0N
#945000
b1111111111111111 +
b1001000 <
1N
#950000
0N
#955000
b1111111111111111 +
b1001001 <
1N
#960000
0N
#965000
b1111111111111111 +
b1001010 <
1N
#970000
0N
#975000
b1111111111111111 +
b1001011 <
1N
#980000
0N
#985000
b1111111111111111 +
b1001100 <
1N
#990000
0N
#995000
b1111111111111111 +
b1001101 <
1N
#1000000
0N
#1005000
b1111111111111111 +
b1001110 <
1N
#1010000
0N
#1015000
b1111111111111111 +
b1001111 <
1N
#1020000
0N
#1025000
1-
b1111111111111111 +
b1010000 <
1N
#1030000
0N
#1035000
0-
b110000 /
b0 +
b1010001 <
1N
#1040000
0N
#1045000
b1111111111111111 +
1N
#1050000
0N
#1055000
b1111111111111111 +
b1010010 <
1N
#1060000
0N
#1065000
b1111111111111111 +
b1010011 <
1N
#1070000
0N
#1075000
b1111111111111111 +
b1010100 <
1N
#1080000
0N
#1085000
b1111111111111111 +
b1010101 <
1N
#1090000
0N
#1095000
b1111111111111111 +
b1010110 <
1N
#1100000
0N
#1105000
b1111111111111111 +
b1010111 <
1N
#1110000
0N
#1115000
b1111111111111111 +
b1011000 <
1N
#1120000
0N
#1125000
b1111111111111111 +
b1011001 <
1N
#1130000
0N
#1135000
b1111111111111111 +
b1011010 <
1N
#1140000
0N
#1145000
b1111111111111111 +
b1011011 <
1N
#1150000
0N
#1155000
b1111111111111111 +
b1011100 <
1N
#1160000
0N
#1165000
b1111111111111111 +
b1011101 <
1N
#1170000
0N
#1175000
b1111111111111111 +
b1011110 <
1N
#1180000
0N
#1185000
b1111111111111111 +
b1011111 <
1N
#1190000
0N
#1195000
b1111111111111111 +
b1100000 <
1N
#1200000
0N
#1205000
b1111111111111111 +
b1100001 <
1N
#1210000
0N
#1215000
b1111111111111111 +
b1100010 <
1N
#1220000
0N
#1225000
b1111111111111111 +
b1100011 <
1N
#1230000
0N
#1235000
b1111111111111111 +
b1100100 <
1N
#1240000
0N
#1245000
b1111111111111111 +
b1100101 <
1N
#1250000
0N
#1255000
b1111111111111111 +
b1100110 <
1N
#1260000
0N
#1265000
b1111111111111111 +
b1100111 <
1N
#1270000
0N
#1275000
b1111111111111111 +
b1101000 <
1N
#1280000
0N
#1285000
b1111111111111111 +
b1101001 <
1N
#1290000
0N
#1295000
b1111111111111111 +
b1101010 <
1N
#1300000
0N
#1305000
1-
b1111111111111111 +
b1101011 <
1N
#1310000
0N
#1315000
0-
b1000000 /
b0 +
b1101100 <
1N
#1320000
0N
#1325000
b1111111111111111 +
1N
#1330000
0N
#1335000
b1111111111111111 +
b1101101 <
1N
#1340000
0N
#1345000
b1111111111111111 +
b1101110 <
1N
#1350000
0N
#1355000
b1111111111111111 +
b1101111 <
1N
#1360000
0N
#1365000
b1111111111111111 +
b1110000 <
1N
#1370000
0N
#1375000
b1111111111111111 +
b1110001 <
1N
#1380000
0N
#1385000
b1111111111111111 +
b1110010 <
1N
#1390000
0N
#1395000
b1111111111111111 +
b1110011 <
1N
#1400000
0N
#1405000
b1111111111111111 +
b1110100 <
1N
#1410000
0N
#1415000
b1111111111111111 +
b1110101 <
1N
#1420000
0N
#1425000
b1111111111111111 +
b1110110 <
1N
#1430000
0N
#1435000
b1111111111111111 +
b1110111 <
1N
#1440000
0N
#1445000
b1111111111111111 +
b1111000 <
1N
#1450000
0N
#1455000
b1111111111111111 +
b1111001 <
1N
#1460000
0N
#1465000
b1111111111111111 +
b1111010 <
1N
#1470000
0N
#1475000
b1111111111111111 +
b1111011 <
1N
#1480000
0N
#1485000
b1111111111111111 +
b1111100 <
1N
#1490000
0N
#1495000
b1111111111111111 +
b1111101 <
1N
#1500000
0N
#1505000
b1111111111111111 +
b1111110 <
1N
#1510000
0N
#1515000
b1111111111111111 +
b1111111 <
1N
#1520000
0N
#1525000
b1111111111111111 +
b10000000 <
1N
#1530000
0N
#1535000
b1111111111111111 +
b10000001 <
1N
#1540000
0N
#1545000
b1111111111111111 +
b10000010 <
1N
#1550000
0N
#1555000
b1111111111111111 +
b10000011 <
1N
#1560000
0N
#1565000
b1111111111111111 +
b10000100 <
1N
#1570000
0N
#1575000
b1111111111111111 +
b10000101 <
1N
#1580000
0N
#1585000
1-
b1111111111111111 +
b10000110 <
1N
#1590000
0N
#1595000
0-
b1010000 /
b0 +
b10000111 <
1N
#1600000
0N
#1605000
b1111111111111111 +
1N
#1610000
0N
#1615000
b1111111111111111 +
b10001000 <
1N
#1620000
0N
#1625000
b1111111111111111 +
b10001001 <
1N
#1630000
0N
#1635000
b1111111111111111 +
b10001010 <
1N
#1640000
0N
#1645000
b1111111111111111 +
b10001011 <
1N
#1650000
0N
#1655000
b1111111111111111 +
b10001100 <
1N
#1660000
0N
#1665000
b1111111111111111 +
b10001101 <
1N
#1670000
0N
#1675000
b1111111111111111 +
b10001110 <
1N
#1680000
0N
#1685000
b1111111111111111 +
b10001111 <
1N
#1690000
0N
#1695000
b1111111111111111 +
b10010000 <
1N
#1700000
0N
#1705000
b1111111111111111 +
b10010001 <
1N
#1710000
0N
#1715000
b1111111111111111 +
b10010010 <
1N
#1720000
0N
#1725000
b1111111111111111 +
b10010011 <
1N
#1730000
0N
#1735000
b1111111111111111 +
b10010100 <
1N
#1740000
0N
#1745000
b1111111111111111 +
b10010101 <
1N
#1750000
0N
#1755000
b1111111111111111 +
b10010110 <
1N
#1760000
0N
#1765000
b1111111111111111 +
b10010111 <
1N
#1770000
0N
#1775000
b1111111111111111 +
b10011000 <
1N
#1780000
0N
#1785000
b1111111111111111 +
b10011001 <
1N
#1790000
0N
#1795000
b1111111111111111 +
b10011010 <
1N
#1800000
0N
#1805000
b1111111111111111 +
b10011011 <
1N
#1810000
0N
#1815000
b1111111111111111 +
b10011100 <
1N
#1820000
0N
#1825000
b1111111111111111 +
b10011101 <
1N
#1830000
0N
#1835000
b1111111111111111 +
b10011110 <
1N
#1840000
0N
#1845000
b1111111111111111 +
b10011111 <
1N
#1850000
0N
#1855000
b1111111111111111 +
b10100000 <
1N
#1860000
0N
#1865000
1-
b1111111111111111 +
b10100001 <
1N
#1870000
0N
#1875000
0-
b1100000 /
b0 +
b10100010 <
1N
#1880000
0N
#1885000
b1111111111111111 +
1N
#1890000
0N
#1895000
b1111111111111111 +
b10100011 <
1N
#1900000
0N
#1905000
b1111111111111111 +
b10100100 <
1N
#1910000
0N
#1915000
b1111111111111111 +
b10100101 <
1N
#1920000
0N
#1925000
b1111111111111111 +
b10100110 <
1N
#1930000
0N
#1935000
b1111111111111111 +
b10100111 <
1N
#1940000
0N
#1945000
b1111111111111111 +
b10101000 <
1N
#1950000
0N
#1955000
b1111111111111111 +
b10101001 <
1N
#1960000
0N
#1965000
b1111111111111111 +
b10101010 <
1N
#1970000
0N
#1975000
b1111111111111111 +
b10101011 <
1N
#1980000
0N
#1985000
b1111111111111111 +
b10101100 <
1N
#1990000
0N
#1995000
b1111111111111111 +
b10101101 <
1N
#2000000
0N
#2005000
b1111111111111111 +
b10101110 <
1N
#2010000
0N
#2015000
b1111111111111111 +
b10101111 <
1N
#2020000
0N
#2025000
b1111111111111111 +
b10110000 <
1N
#2030000
0N
#2035000
b1111111111111111 +
b10110001 <
1N
#2040000
0N
#2045000
b1111111111111111 +
b10110010 <
1N
#2050000
0N
#2055000
b1111111111111111 +
b10110011 <
1N
#2060000
0N
#2065000
b1111111111111111 +
b10110100 <
1N
#2070000
0N
#2075000
b1111111111111111 +
b10110101 <
1N
#2080000
0N
#2085000
b1111111111111111 +
b10110110 <
1N
#2090000
0N
#2095000
b1111111111111111 +
b10110111 <
1N
#2100000
0N
#2105000
b1111111111111111 +
b10111000 <
1N
#2110000
0N
#2115000
b1111111111111111 +
b10111001 <
1N
#2120000
0N
#2125000
b1111111111111111 +
b10111010 <
1N
#2130000
0N
#2135000
b1111111111111111 +
b10111011 <
1N
#2140000
0N
#2145000
1-
b1111111111111111 +
b10111100 <
1N
#2150000
0N
#2155000
0-
b1110000 /
b0 +
b10111101 <
1N
#2160000
0N
#2165000
b1111111111111111 +
1N
#2170000
0N
#2175000
b1111111111111111 +
b10111110 <
1N
#2180000
0N
#2185000
b1111111111111111 +
b10111111 <
1N
#2190000
0N
#2195000
b1111111111111111 +
b11000000 <
1N
#2200000
0N
#2205000
b1111111111111111 +
b11000001 <
1N
#2210000
0N
#2215000
b1111111111111111 +
b11000010 <
1N
#2220000
0N
#2225000
b1111111111111111 +
b11000011 <
1N
#2230000
0N
#2235000
b1111111111111111 +
b11000100 <
1N
#2240000
0N
#2245000
b1111111111111111 +
b11000101 <
1N
#2250000
0N
#2255000
b1111111111111111 +
b11000110 <
1N
#2260000
0N
#2265000
b1111111111111111 +
b11000111 <
1N
#2270000
0N
#2275000
b1111111111111111 +
b11001000 <
1N
#2280000
0N
#2285000
b1111111111111111 +
b11001001 <
1N
#2290000
0N
#2295000
b1111111111111111 +
b11001010 <
1N
#2300000
0N
#2305000
b1111111111111111 +
b11001011 <
1N
#2310000
0N
#2315000
b1111111111111111 +
b11001100 <
1N
#2320000
0N
#2325000
b1111111111111111 +
b11001101 <
1N
#2330000
0N
#2335000
b1111111111111111 +
b11001110 <
1N
#2340000
0N
#2345000
b1111111111111111 +
b11001111 <
1N
#2350000
0N
#2355000
b1111111111111111 +
b11010000 <
1N
#2360000
0N
#2365000
b1111111111111111 +
b11010001 <
1N
#2370000
0N
#2375000
b1111111111111111 +
b11010010 <
1N
#2380000
0N
#2385000
b1111111111111111 +
b11010011 <
1N
#2390000
0N
#2395000
b1111111111111111 +
b11010100 <
1N
#2400000
0N
#2405000
b1111111111111111 +
b11010101 <
1N
#2410000
0N
#2415000
b1111111111111111 +
b11010110 <
1N
#2420000
0N
#2425000
1-
b1111111111111111 +
b11010111 <
1N
#2430000
0N
#2435000
0-
b10000000 /
b0 +
b11011000 <
1N
#2440000
0N
#2445000
b1111111111111111 +
1N
#2450000
0N
#2455000
b1111111111111111 +
b11011001 <
1N
#2460000
0N
#2465000
b1111111111111111 +
b11011010 <
1N
#2470000
0N
#2475000
b1111111111111111 +
b11011011 <
1N
#2480000
0N
#2485000
b1111111111111111 +
b11011100 <
1N
#2490000
0N
#2495000
b1111111111111111 +
b11011101 <
1N
#2500000
0N
#2505000
b1111111111111111 +
b11011110 <
1N
#2510000
0N
#2515000
b1111111111111111 +
b11011111 <
1N
#2520000
0N
#2525000
b1111111111111111 +
b11100000 <
1N
#2530000
0N
#2535000
b1111111111111111 +
b11100001 <
1N
#2540000
0N
#2545000
b1111111111111111 +
b11100010 <
1N
#2550000
0N
#2555000
b1111111111111111 +
b11100011 <
1N
#2560000
0N
#2565000
b1111111111111111 +
b11100100 <
1N
#2570000
0N
#2575000
b1111111111111111 +
b11100101 <
1N
#2580000
0N
#2585000
b1111111111111111 +
b11100110 <
1N
#2590000
0N
#2595000
b1111111111111111 +
b11100111 <
1N
#2600000
0N
#2605000
b1111111111111111 +
b11101000 <
1N
#2610000
0N
#2615000
b1111111111111111 +
b11101001 <
1N
#2620000
0N
#2625000
b1111111111111111 +
b11101010 <
1N
#2630000
0N
#2635000
b1111111111111111 +
b11101011 <
1N
#2640000
0N
#2645000
b1111111111111111 +
b11101100 <
1N
#2650000
0N
#2655000
b1111111111111111 +
b11101101 <
1N
#2660000
0N
#2665000
b1111111111111111 +
b11101110 <
1N
#2670000
0N
#2675000
b1111111111111111 +
b11101111 <
1N
#2680000
0N
#2685000
b1111111111111111 +
b11110000 <
1N
#2690000
0N
#2695000
b1111111111111111 +
b11110001 <
1N
#2700000
0N
#2705000
1-
b1111111111111111 +
b11110010 <
1N
#2710000
0N
#2715000
0-
b10010000 /
b0 +
b11110011 <
1N
#2720000
0N
#2725000
b1111111111111111 +
1N
#2730000
0N
#2735000
b1111111111111111 +
b11110100 <
1N
#2740000
0N
#2745000
b1111111111111111 +
b11110101 <
1N
#2750000
0N
#2755000
b1111111111111111 +
b11110110 <
1N
#2760000
0N
#2765000
b1111111111111111 +
b11110111 <
1N
#2770000
0N
#2775000
b1111111111111111 +
b11111000 <
1N
#2780000
0N
#2785000
b1111111111111111 +
b11111001 <
1N
#2790000
0N
#2795000
b1111111111111111 +
b11111010 <
1N
#2800000
0N
#2805000
b1111111111111111 +
b11111011 <
1N
#2810000
0N
#2815000
b1111111111111111 +
b11111100 <
1N
#2820000
0N
#2825000
b1111111111111111 +
b11111101 <
1N
#2830000
0N
#2835000
b1111111111111111 +
b11111110 <
1N
#2840000
0N
#2845000
b1111111111111111 +
b11111111 <
1N
#2850000
0N
#2855000
b1111111111111111 +
b100000000 <
1N
#2860000
0N
#2865000
b1111111111111111 +
b100000001 <
1N
#2870000
0N
#2875000
b1111111111111111 +
b100000010 <
1N
#2880000
0N
#2885000
b1111111111111111 +
b100000011 <
1N
#2890000
0N
#2895000
b1111111111111111 +
b100000100 <
1N
#2900000
0N
#2905000
b1111111111111111 +
b100000101 <
1N
#2910000
0N
#2915000
b1111111111111111 +
b100000110 <
1N
#2920000
0N
#2925000
b1111111111111111 +
b100000111 <
1N
#2930000
0N
#2935000
b1111111111111111 +
b100001000 <
1N
#2940000
0N
#2945000
b1111111111111111 +
b100001001 <
1N
#2950000
0N
#2955000
b1111111111111111 +
b100001010 <
1N
#2960000
0N
#2965000
b1111111111111111 +
b100001011 <
1N
#2970000
0N
#2975000
b1111111111111111 +
b100001100 <
1N
#2980000
0N
#2985000
1-
b1111111111111111 +
b100001101 <
1N
#2990000
0N
#2995000
0-
b10100000 /
b0 +
b100001110 <
1N
#3000000
0N
#3005000
b1111111111111111 +
1N
#3010000
0N
#3015000
b1111111111111111 +
b100001111 <
1N
#3020000
0N
#3025000
b1111111111111111 +
b100010000 <
1N
#3030000
0N
#3035000
b1111111111111111 +
b100010001 <
1N
#3040000
0N
#3045000
b1111111111111111 +
b100010010 <
1N
#3050000
0N
#3055000
b1111111111111111 +
b100010011 <
1N
#3060000
0N
#3065000
b1111111111111111 +
b100010100 <
1N
#3070000
0N
#3075000
b1111111111111111 +
b100010101 <
1N
#3080000
0N
#3085000
b1111111111111111 +
b100010110 <
1N
#3090000
0N
#3095000
b1111111111111111 +
b100010111 <
1N
#3100000
0N
#3105000
b1111111111111111 +
b100011000 <
1N
#3110000
0N
#3115000
b1111111111111111 +
b100011001 <
1N
#3120000
0N
#3125000
b1111111111111111 +
b100011010 <
1N
#3130000
0N
#3135000
b1111111111111111 +
b100011011 <
1N
#3140000
0N
#3145000
b1111111111111111 +
b100011100 <
1N
#3150000
0N
#3155000
b1111111111111111 +
b100011101 <
1N
#3160000
0N
#3165000
b1111111111111111 +
b100011110 <
1N
#3170000
0N
#3175000
b1111111111111111 +
b100011111 <
1N
#3180000
0N
#3185000
b1111111111111111 +
b100100000 <
1N
#3190000
0N
#3195000
b1111111111111111 +
b100100001 <
1N
#3200000
0N
#3205000
b1111111111111111 +
b100100010 <
1N
#3210000
0N
#3215000
b1111111111111111 +
b100100011 <
1N
#3220000
0N
#3225000
b1111111111111111 +
b100100100 <
1N
#3230000
0N
#3235000
b1111111111111111 +
b100100101 <
1N
#3240000
0N
#3245000
b1111111111111111 +
b100100110 <
1N
#3250000
0N
#3255000
b1111111111111111 +
b100100111 <
1N
#3260000
0N
#3265000
1-
b1111111111111111 +
b100101000 <
1N
#3270000
0N
#3275000
0-
b10110000 /
b0 +
b100101001 <
1N
#3280000
0N
#3285000
b1111111111111111 +
1N
#3290000
0N
#3295000
b1111111111111111 +
b100101010 <
1N
#3300000
0N
#3305000
b1111111111111111 +
b100101011 <
1N
#3310000
0N
#3315000
b1111111111111111 +
b100101100 <
1N
#3320000
0N
#3325000
b1111111111111111 +
b100101101 <
1N
#3330000
0N
#3335000
b1111111111111111 +
b100101110 <
1N
#3340000
0N
#3345000
b1111111111111111 +
b100101111 <
1N
#3350000
0N
#3355000
b1111111111111111 +
b100110000 <
1N
#3360000
0N
#3365000
b1111111111111111 +
b100110001 <
1N
#3370000
0N
#3375000
b1111111111111111 +
b100110010 <
1N
#3380000
0N
#3385000
b1111111111111111 +
b100110011 <
1N
#3390000
0N
#3395000
b1111111111111111 +
b100110100 <
1N
#3400000
0N
#3405000
b1111111111111111 +
b100110101 <
1N
#3410000
0N
#3415000
b1111111111111111 +
b100110110 <
1N
#3420000
0N
#3425000
b1111111111111111 +
b100110111 <
1N
#3430000
0N
#3435000
b1111111111111111 +
b100111000 <
1N
#3440000
0N
#3445000
b1111111111111111 +
b100111001 <
1N
#3450000
0N
#3455000
b1111111111111111 +
b100111010 <
1N
#3460000
0N
#3465000
b1111111111111111 +
b100111011 <
1N
#3470000
0N
#3475000
b1111111111111111 +
b100111100 <
1N
#3480000
0N
#3485000
b1111111111111111 +
b100111101 <
1N
#3490000
0N
#3495000
b1111111111111111 +
b100111110 <
1N
#3500000
0N
#3505000
b1111111111111111 +
b100111111 <
1N
#3510000
0N
#3515000
b1111111111111111 +
b101000000 <
1N
#3520000
0N
#3525000
b1111111111111111 +
b101000001 <
1N
#3530000
0N
#3535000
b1111111111111111 +
b101000010 <
1N
#3540000
0N
#3545000
1-
b1111111111111111 +
b101000011 <
1N
#3550000
0N
#3555000
0-
b11000000 /
b0 +
b101000100 <
1N
#3560000
0N
#3565000
b1111111111111111 +
1N
#3570000
0N
#3575000
b1111111111111111 +
b101000101 <
1N
#3580000
0N
#3585000
b1111111111111111 +
b101000110 <
1N
#3590000
0N
#3595000
b1111111111111111 +
b101000111 <
1N
#3600000
0N
#3605000
b1111111111111111 +
b101001000 <
1N
#3610000
0N
#3615000
b1111111111111111 +
b101001001 <
1N
#3620000
0N
#3625000
b1111111111111111 +
b101001010 <
1N
#3630000
0N
#3635000
b1111111111111111 +
b101001011 <
1N
#3640000
0N
#3645000
b1111111111111111 +
b101001100 <
1N
#3650000
0N
#3655000
b1111111111111111 +
b101001101 <
1N
#3660000
0N
#3665000
b1111111111111111 +
b101001110 <
1N
#3670000
0N
#3675000
b1111111111111111 +
b101001111 <
1N
#3680000
0N
#3685000
b1111111111111111 +
b101010000 <
1N
#3690000
0N
#3695000
b1111111111111111 +
b101010001 <
1N
#3700000
0N
#3705000
b1111111111111111 +
b101010010 <
1N
#3710000
0N
#3715000
b1111111111111111 +
b101010011 <
1N
#3720000
0N
#3725000
b1111111111111111 +
b101010100 <
1N
#3730000
0N
#3735000
b1111111111111111 +
b101010101 <
1N
#3740000
0N
#3745000
b1111111111111111 +
b101010110 <
1N
#3750000
0N
#3755000
b1111111111111111 +
b101010111 <
1N
#3760000
0N
#3765000
b1111111111111111 +
b101011000 <
1N
#3770000
0N
#3775000
b1111111111111111 +
b101011001 <
1N
#3780000
0N
#3785000
b1111111111111111 +
b101011010 <
1N
#3790000
0N
#3795000
b1111111111111111 +
b101011011 <
1N
#3800000
0N
#3805000
b1111111111111111 +
b101011100 <
1N
#3810000
0N
#3815000
b1111111111111111 +
b101011101 <
1N
#3820000
0N
#3825000
1-
b1111111111111111 +
b101011110 <
1N
#3830000
0N
#3835000
0-
b11010000 /
b0 +
b101011111 <
1N
#3840000
0N
#3845000
b1111111111111111 +
1N
#3850000
0N
#3855000
b1111111111111111 +
b101100000 <
1N
#3860000
0N
#3865000
b1111111111111111 +
b101100001 <
1N
#3870000
0N
#3875000
b1111111111111111 +
b101100010 <
1N
#3880000
0N
#3885000
b1111111111111111 +
b101100011 <
1N
#3890000
0N
#3895000
b1111111111111111 +
b101100100 <
1N
#3900000
0N
#3905000
b1111111111111111 +
b101100101 <
1N
#3910000
0N
#3915000
b1111111111111111 +
b101100110 <
1N
#3920000
0N
#3925000
b1111111111111111 +
b101100111 <
1N
#3930000
0N
#3935000
b1111111111111111 +
b101101000 <
1N
#3940000
0N
#3945000
b1111111111111111 +
b101101001 <
1N
#3950000
0N
#3955000
b1111111111111111 +
b101101010 <
1N
#3960000
0N
#3965000
b1111111111111111 +
b101101011 <
1N
#3970000
0N
#3975000
b1111111111111111 +
b101101100 <
1N
#3980000
0N
#3985000
b1111111111111111 +
b101101101 <
1N
#3990000
0N
#3995000
b1111111111111111 +
b101101110 <
1N
#4000000
0N
#4005000
b1111111111111111 +
b101101111 <
1N
#4010000
0N
#4015000
b1111111111111111 +
b101110000 <
1N
#4020000
0N
#4025000
b1111111111111111 +
b101110001 <
1N
#4030000
0N
#4035000
b1111111111111111 +
b101110010 <
1N
#4040000
0N
#4045000
b1111111111111111 +
b101110011 <
1N
#4050000
0N
#4055000
b1111111111111111 +
b101110100 <
1N
#4060000
0N
#4065000
b1111111111111111 +
b101110101 <
1N
#4070000
0N
#4075000
b1111111111111111 +
b101110110 <
1N
#4080000
0N
#4085000
b1111111111111111 +
b101110111 <
1N
#4090000
0N
#4095000
b1111111111111111 +
b101111000 <
1N
#4100000
0N
#4105000
1-
b1111111111111111 +
b101111001 <
1N
#4110000
0N
#4115000
0-
b11100000 /
b0 +
b101111010 <
1N
#4120000
0N
#4125000
b1111111111111111 +
1N
#4130000
0N
#4135000
b1111111111111111 +
b101111011 <
1N
#4140000
0N
#4145000
b1111111111111111 +
b101111100 <
1N
#4150000
0N
#4155000
b1111111111111111 +
b101111101 <
1N
#4160000
0N
#4165000
b1111111111111111 +
b101111110 <
1N
#4170000
0N
#4175000
b1111111111111111 +
b101111111 <
1N
#4180000
0N
#4185000
b1111111111111111 +
b110000000 <
1N
#4190000
0N
#4195000
b1111111111111111 +
b110000001 <
1N
#4200000
0N
#4205000
b1111111111111111 +
b110000010 <
1N
#4210000
0N
#4215000
b1111111111111111 +
b110000011 <
1N
#4220000
0N
#4225000
b1111111111111111 +
b110000100 <
1N
#4230000
0N
#4235000
b1111111111111111 +
b110000101 <
1N
#4240000
0N
#4245000
b1111111111111111 +
b110000110 <
1N
#4250000
0N
#4255000
b1111111111111111 +
b110000111 <
1N
#4260000
0N
#4265000
b1111111111111111 +
b110001000 <
1N
#4270000
0N
#4275000
b1111111111111111 +
b110001001 <
1N
#4280000
0N
#4285000
b1111111111111111 +
b110001010 <
1N
#4290000
0N
#4295000
b1111111111111111 +
b110001011 <
1N
#4300000
0N
#4305000
b1111111111111111 +
b110001100 <
1N
#4310000
0N
#4315000
b1111111111111111 +
b110001101 <
1N
#4320000
0N
#4325000
b1111111111111111 +
b110001110 <
1N
#4330000
0N
#4335000
b1111111111111111 +
b110001111 <
1N
#4340000
0N
#4345000
b1111111111111111 +
b110010000 <
1N
#4350000
0N
#4355000
b1111111111111111 +
b110010001 <
1N
#4360000
0N
#4365000
b1111111111111111 +
b110010010 <
1N
#4370000
0N
#4375000
b1111111111111111 +
b110010011 <
1N
#4380000
0N
#4385000
1-
b1111111111111111 +
b110010100 <
1N
#4390000
0N
#4395000
0-
b11110000 /
b0 +
b110010101 <
1N
#4400000
0N
#4405000
b1111111111111111 +
1N
#4410000
0N
#4415000
b1111111111111111 +
b110010110 <
1N
#4420000
0N
#4425000
b1111111111111111 +
b110010111 <
1N
#4430000
0N
#4435000
b1111111111111111 +
b110011000 <
1N
#4440000
0N
#4445000
b1111111111111111 +
b110011001 <
1N
#4450000
0N
#4455000
b1111111111111111 +
b110011010 <
1N
#4460000
0N
#4465000
b1111111111111111 +
b110011011 <
1N
#4470000
0N
#4475000
b1111111111111111 +
b110011100 <
1N
#4480000
0N
#4485000
b1111111111111111 +
b110011101 <
1N
#4490000
0N
#4495000
b1111111111111111 +
b110011110 <
1N
#4500000
0N
#4505000
b1111111111111111 +
b110011111 <
1N
#4510000
0N
#4515000
b1111111111111111 +
b110100000 <
1N
#4520000
0N
#4525000
b1111111111111111 +
b110100001 <
1N
#4530000
0N
#4535000
b1111111111111111 +
b110100010 <
1N
#4540000
0N
#4545000
b1111111111111111 +
b110100011 <
1N
#4550000
0N
#4555000
b1111111111111111 +
b110100100 <
1N
#4560000
0N
#4565000
b1111111111111111 +
b110100101 <
1N
#4570000
0N
#4575000
b1111111111111111 +
b110100110 <
1N
#4580000
0N
#4585000
b1111111111111111 +
b110100111 <
1N
#4590000
0N
#4595000
b1111111111111111 +
b110101000 <
1N
#4600000
0N
#4605000
b1111111111111111 +
b110101001 <
1N
#4610000
0N
#4615000
b1111111111111111 +
b110101010 <
1N
#4620000
0N
#4625000
b1111111111111111 +
b110101011 <
1N
#4630000
0N
#4635000
b1111111111111111 +
b110101100 <
1N
#4640000
0N
#4645000
b1111111111111111 +
b110101101 <
1N
#4650000
0N
#4655000
b1111111111111111 +
b110101110 <
1N
#4660000
0N
#4665000
1-
b1111111111111111 +
b110101111 <
1N
#4670000
0N
#4675000
0-
b100000000 /
b0 +
b110110000 <
1N
#4680000
0N
#4685000
b1111111111111111 +
1N
#4690000
0N
#4695000
b1111111111111111 +
b110110001 <
1N
#4700000
0N
#4705000
b1111111111111111 +
b110110010 <
1N
#4710000
0N
#4715000
b1111111111111111 +
b110110011 <
1N
#4720000
0N
#4725000
b1111111111111111 +
b110110100 <
1N
#4730000
0N
#4735000
b1111111111111111 +
b110110101 <
1N
#4740000
0N
#4745000
b1111111111111111 +
b110110110 <
1N
#4750000
0N
#4755000
b1111111111111111 +
b110110111 <
1N
#4760000
0N
#4765000
b1111111111111111 +
b110111000 <
1N
#4770000
0N
#4775000
b1111111111111111 +
b110111001 <
1N
#4780000
0N
#4785000
b1111111111111111 +
b110111010 <
1N
#4790000
0N
#4795000
b1111111111111111 +
b110111011 <
1N
#4800000
0N
#4805000
b1111111111111111 +
b110111100 <
1N
#4810000
0N
#4815000
b1111111111111111 +
b110111101 <
1N
#4820000
0N
#4825000
b1111111111111111 +
b110111110 <
1N
#4830000
0N
#4835000
b1111111111111111 +
b110111111 <
1N
#4840000
0N
#4845000
b1111111111111111 +
b111000000 <
1N
#4850000
0N
#4855000
b1111111111111111 +
b111000001 <
1N
#4860000
0N
#4865000
b1111111111111111 +
b111000010 <
1N
#4870000
0N
#4875000
b1111111111111111 +
b111000011 <
1N
#4880000
0N
#4885000
b1111111111111111 +
b111000100 <
1N
#4890000
0N
#4895000
b1111111111111111 +
b111000101 <
1N
#4900000
0N
#4905000
b1111111111111111 +
b111000110 <
1N
#4910000
0N
#4915000
b1111111111111111 +
b111000111 <
1N
#4920000
0N
#4925000
b1111111111111111 +
b111001000 <
1N
#4930000
0N
#4935000
b1111111111111111 +
b111001001 <
1N
#4940000
0N
#4945000
1-
b1111111111111111 +
b111001010 <
1N
#4950000
0N
#4955000
0-
b100010000 /
b0 +
b111001011 <
1N
#4960000
0N
#4965000
b1111111111111111 +
1N
#4970000
0N
#4975000
b1111111111111111 +
b111001100 <
1N
#4980000
0N
#4985000
b1111111111111111 +
b111001101 <
1N
#4990000
0N
#4995000
b1111111111111111 +
b111001110 <
1N
#5000000
0N
#5005000
b1111111111111111 +
b111001111 <
1N
#5010000
0N
#5015000
b1111111111111111 +
b111010000 <
1N
#5020000
0N
#5025000
b1111111111111111 +
b111010001 <
1N
#5030000
0N
#5035000
b1111111111111111 +
b111010010 <
1N
#5040000
0N
#5045000
b1111111111111111 +
b111010011 <
1N
#5050000
0N
#5055000
b1111111111111111 +
b111010100 <
1N
#5060000
0N
#5065000
b1111111111111111 +
b111010101 <
1N
#5070000
0N
#5075000
b1111111111111111 +
b111010110 <
1N
#5080000
0N
#5085000
b1111111111111111 +
b111010111 <
1N
#5090000
0N
#5095000
b1111111111111111 +
b111011000 <
1N
#5100000
0N
#5105000
b1111111111111111 +
b111011001 <
1N
#5110000
0N
#5115000
b1111111111111111 +
b111011010 <
1N
#5120000
0N
#5125000
b1111111111111111 +
b111011011 <
1N
#5130000
0N
#5135000
b1111111111111111 +
b111011100 <
1N
#5140000
0N
#5145000
b1111111111111111 +
b111011101 <
1N
#5150000
0N
#5155000
b1111111111111111 +
b111011110 <
1N
#5160000
0N
#5165000
b1111111111111111 +
b111011111 <
1N
#5170000
0N
#5175000
b1111111111111111 +
b111100000 <
1N
#5180000
0N
#5185000
b1111111111111111 +
b111100001 <
1N
#5190000
0N
#5195000
b1111111111111111 +
b111100010 <
1N
#5200000
0N
#5205000
b1111111111111111 +
b111100011 <
1N
#5210000
0N
#5215000
b1111111111111111 +
b111100100 <
1N
#5220000
0N
#5225000
1-
b1111111111111111 +
b111100101 <
1N
#5230000
0N
#5235000
0-
b100100000 /
b0 +
b111100110 <
1N
#5240000
0N
#5245000
b1111111111111111 +
1N
#5250000
0N
#5255000
b1111111111111111 +
b111100111 <
1N
#5260000
0N
#5265000
b1111111111111111 +
b111101000 <
1N
#5270000
0N
#5275000
b1111111111111111 +
b111101001 <
1N
#5280000
0N
#5285000
b1111111111111111 +
b111101010 <
1N
#5290000
0N
#5295000
b1111111111111111 +
b111101011 <
1N
#5300000
0N
#5305000
b1111111111111111 +
b111101100 <
1N
#5310000
0N
#5315000
b1111111111111111 +
b111101101 <
1N
#5320000
0N
#5325000
b1111111111111111 +
b111101110 <
1N
#5330000
0N
#5335000
b1111111111111111 +
b111101111 <
1N
#5340000
0N
#5345000
b1111111111111111 +
b111110000 <
1N
#5350000
0N
#5355000
b1111111111111111 +
b111110001 <
1N
#5360000
0N
#5365000
b1111111111111111 +
b111110010 <
1N
#5370000
0N
#5375000
b1111111111111111 +
b111110011 <
1N
#5380000
0N
#5385000
b1111111111111111 +
b111110100 <
1N
#5390000
0N
#5395000
b1111111111111111 +
b111110101 <
1N
#5400000
0N
#5405000
b1111111111111111 +
b111110110 <
1N
#5410000
0N
#5415000
b1111111111111111 +
b111110111 <
1N
#5420000
0N
#5425000
b1111111111111111 +
b111111000 <
1N
#5430000
0N
#5435000
b1111111111111111 +
b111111001 <
1N
#5440000
0N
#5445000
b1111111111111111 +
b111111010 <
1N
#5450000
0N
#5455000
b1111111111111111 +
b111111011 <
1N
#5460000
0N
#5465000
b1111111111111111 +
b111111100 <
1N
#5470000
0N
#5475000
b1111111111111111 +
b111111101 <
1N
#5480000
0N
#5485000
b1111111111111111 +
b111111110 <
1N
#5490000
0N
#5495000
b1111111111111111 +
b111111111 <
1N
#5500000
0N
#5505000
1-
b1111111111111111 +
b1000000000 <
1N
#5510000
0N
#5515000
0-
b100110000 /
b0 +
b1000000001 <
1N
#5520000
0N
#5525000
b1111111111111111 +
1N
#5530000
0N
#5535000
b1111111111111111 +
b1000000010 <
1N
#5540000
0N
#5545000
b1111111111111111 +
b1000000011 <
1N
#5550000
0N
#5555000
b1111111111111111 +
b1000000100 <
1N
#5560000
0N
#5565000
b1111111111111111 +
b1000000101 <
1N
#5570000
0N
#5575000
b1111111111111111 +
b1000000110 <
1N
#5580000
0N
#5585000
b1111111111111111 +
b1000000111 <
1N
#5590000
0N
#5595000
b1111111111111111 +
b1000001000 <
1N
#5600000
0N
#5605000
b1111111111111111 +
b1000001001 <
1N
#5610000
0N
#5615000
b1111111111111111 +
b1000001010 <
1N
#5620000
0N
#5625000
b1111111111111111 +
b1000001011 <
1N
#5630000
0N
#5635000
b1111111111111111 +
b1000001100 <
1N
#5640000
0N
#5645000
b1111111111111111 +
b1000001101 <
1N
#5650000
0N
#5655000
b1111111111111111 +
b1000001110 <
1N
#5660000
0N
#5665000
b1111111111111111 +
b1000001111 <
1N
#5670000
0N
#5675000
b1111111111111111 +
b1000010000 <
1N
#5680000
0N
#5685000
b1111111111111111 +
b1000010001 <
1N
#5690000
0N
#5695000
b1111111111111111 +
b1000010010 <
1N
#5700000
0N
#5705000
b1111111111111111 +
b1000010011 <
1N
#5710000
0N
#5715000
b1111111111111111 +
b1000010100 <
1N
#5720000
0N
#5725000
b1111111111111111 +
b1000010101 <
1N
#5730000
0N
#5735000
b1111111111111111 +
b1000010110 <
1N
#5740000
0N
#5745000
b1111111111111111 +
b1000010111 <
1N
#5750000
0N
#5755000
b1111111111111111 +
b1000011000 <
1N
#5760000
0N
#5765000
b1111111111111111 +
b1000011001 <
1N
#5770000
0N
#5775000
b1111111111111111 +
b1000011010 <
1N
#5780000
0N
#5785000
1-
b1111111111111111 +
b1000011011 <
1N
#5790000
0N
#5795000
0-
b101000000 /
b0 +
b1000011100 <
1N
#5800000
0N
#5805000
b1111111111111111 +
1N
#5810000
0N
#5815000
b1111111111111111 +
b1000011101 <
1N
#5820000
0N
#5825000
b1111111111111111 +
b1000011110 <
1N
#5830000
0N
#5835000
b1111111111111111 +
b1000011111 <
1N
#5840000
0N
#5845000
b1111111111111111 +
b1000100000 <
1N
#5850000
0N
#5855000
b1111111111111111 +
b1000100001 <
1N
#5860000
0N
#5865000
b1111111111111111 +
b1000100010 <
1N
#5870000
0N
#5875000
b1111111111111111 +
b1000100011 <
1N
#5880000
0N
#5885000
b1111111111111111 +
b1000100100 <
1N
#5890000
0N
#5895000
b1111111111111111 +
b1000100101 <
1N
#5900000
0N
#5905000
b1111111111111111 +
b1000100110 <
1N
#5910000
0N
#5915000
b1111111111111111 +
b1000100111 <
1N
#5920000
0N
#5925000
b1111111111111111 +
b1000101000 <
1N
#5930000
0N
#5935000
b1111111111111111 +
b1000101001 <
1N
#5940000
0N
#5945000
b1111111111111111 +
b1000101010 <
1N
#5950000
0N
#5955000
b1111111111111111 +
b1000101011 <
1N
#5960000
0N
#5965000
b1111111111111111 +
b1000101100 <
1N
#5970000
0N
#5975000
b1111111111111111 +
b1000101101 <
1N
#5980000
0N
#5985000
b1111111111111111 +
b1000101110 <
1N
#5990000
0N
#5995000
b1111111111111111 +
b1000101111 <
1N
#6000000
0N
#6005000
b1111111111111111 +
b1000110000 <
1N
#6010000
0N
#6015000
b1111111111111111 +
b1000110001 <
1N
#6020000
0N
#6025000
b1111111111111111 +
b1000110010 <
1N
#6030000
0N
#6035000
b1111111111111111 +
b1000110011 <
1N
#6040000
0N
#6045000
b1111111111111111 +
b1000110100 <
1N
#6050000
0N
#6055000
b1111111111111111 +
b1000110101 <
1N
#6060000
0N
#6065000
1-
b1111111111111111 +
b1000110110 <
1N
#6070000
0N
#6075000
0-
b101010000 /
b0 +
b1000110111 <
1N
#6080000
0N
#6085000
b1111111111111111 +
1N
#6090000
0N
#6095000
b1111111111111111 +
b1000111000 <
1N
#6100000
0N
#6105000
b1111111111111111 +
b1000111001 <
1N
#6110000
0N
#6115000
b1111111111111111 +
b1000111010 <
1N
#6120000
0N
#6125000
b1111111111111111 +
b1000111011 <
1N
#6130000
0N
#6135000
b1111111111111111 +
b1000111100 <
1N
#6140000
0N
#6145000
b1111111111111111 +
b1000111101 <
1N
#6150000
0N
#6155000
b1111111111111111 +
b1000111110 <
1N
#6160000
0N
#6165000
b1111111111111111 +
b1000111111 <
1N
#6170000
0N
#6175000
b1111111111111111 +
b1001000000 <
1N
#6180000
0N
#6185000
b1111111111111111 +
b1001000001 <
1N
#6190000
0N
#6195000
b1111111111111111 +
b1001000010 <
1N
#6200000
0N
#6205000
b1111111111111111 +
b1001000011 <
1N
#6210000
0N
#6215000
b1111111111111111 +
b1001000100 <
1N
#6220000
0N
#6225000
b1111111111111111 +
b1001000101 <
1N
#6230000
0N
#6235000
b1111111111111111 +
b1001000110 <
1N
#6240000
0N
#6245000
b1111111111111111 +
b1001000111 <
1N
#6250000
0N
#6255000
b1111111111111111 +
b1001001000 <
1N
#6260000
0N
#6265000
b1111111111111111 +
b1001001001 <
1N
#6270000
0N
#6275000
b1111111111111111 +
b1001001010 <
1N
#6280000
0N
#6285000
b1111111111111111 +
b1001001011 <
1N
#6290000
0N
#6295000
b1111111111111111 +
b1001001100 <
1N
#6300000
0N
#6305000
b1111111111111111 +
b1001001101 <
1N
#6310000
0N
#6315000
b1111111111111111 +
b1001001110 <
1N
#6320000
0N
#6325000
b1111111111111111 +
b1001001111 <
1N
#6330000
0N
#6335000
b1111111111111111 +
b1001010000 <
1N
#6340000
0N
#6345000
1-
b1111111111111111 +
b1001010001 <
1N
#6350000
0N
#6355000
0-
b101100000 /
b0 +
b1001010010 <
1N
#6360000
0N
#6365000
b1111111111111111 +
1N
#6370000
0N
#6375000
b1111111111111111 +
b1001010011 <
1N
#6380000
0N
#6385000
b1111111111111111 +
b1001010100 <
1N
#6390000
0N
#6395000
b1111111111111111 +
b1001010101 <
1N
#6400000
0N
#6405000
b1111111111111111 +
b1001010110 <
1N
#6410000
0N
#6415000
b1111111111111111 +
b1001010111 <
1N
#6420000
0N
#6425000
b1111111111111111 +
b1001011000 <
1N
#6430000
0N
#6435000
b1111111111111111 +
b1001011001 <
1N
#6440000
0N
#6445000
b1111111111111111 +
b1001011010 <
1N
#6450000
0N
#6455000
b1111111111111111 +
b1001011011 <
1N
#6460000
0N
#6465000
b1111111111111111 +
b1001011100 <
1N
#6470000
0N
#6475000
b1111111111111111 +
b1001011101 <
1N
#6480000
0N
#6485000
b1111111111111111 +
b1001011110 <
1N
#6490000
0N
#6495000
b1111111111111111 +
b1001011111 <
1N
#6500000
0N
#6505000
b1111111111111111 +
b1001100000 <
1N
#6510000
0N
#6515000
b1111111111111111 +
b1001100001 <
1N
#6520000
0N
#6525000
b1111111111111111 +
b1001100010 <
1N
#6530000
0N
#6535000
b1111111111111111 +
b1001100011 <
1N
#6540000
0N
#6545000
b1111111111111111 +
b1001100100 <
1N
#6550000
0N
#6555000
b1111111111111111 +
b1001100101 <
1N
#6560000
0N
#6565000
b1111111111111111 +
b1001100110 <
1N
#6570000
0N
#6575000
b1111111111111111 +
b1001100111 <
1N
#6580000
0N
#6585000
b1111111111111111 +
b1001101000 <
1N
#6590000
0N
#6595000
b1111111111111111 +
b1001101001 <
1N
#6600000
0N
#6605000
b1111111111111111 +
b1001101010 <
1N
#6610000
0N
#6615000
b1111111111111111 +
b1001101011 <
1N
#6620000
0N
#6625000
1-
b1111111111111111 +
b1001101100 <
1N
#6630000
0N
#6635000
0-
b101110000 /
b0 +
b1001101101 <
1N
#6640000
0N
#6645000
b1111111111111111 +
1N
#6650000
0N
#6655000
b1111111111111111 +
b1001101110 <
1N
#6660000
0N
#6665000
b1111111111111111 +
b1001101111 <
1N
#6670000
0N
#6675000
b1111111111111111 +
b1001110000 <
1N
#6680000
0N
#6685000
b1111111111111111 +
b1001110001 <
1N
#6690000
0N
#6695000
b1111111111111111 +
b1001110010 <
1N
#6700000
0N
#6705000
b1111111111111111 +
b1001110011 <
1N
#6710000
0N
#6715000
b1111111111111111 +
b1001110100 <
1N
#6720000
0N
#6725000
b1111111111111111 +
b1001110101 <
1N
#6730000
0N
#6735000
b1111111111111111 +
b1001110110 <
1N
#6740000
0N
#6745000
b1111111111111111 +
b1001110111 <
1N
#6750000
0N
#6755000
b1111111111111111 +
b1001111000 <
1N
#6760000
0N
#6765000
b1111111111111111 +
b1001111001 <
1N
#6770000
0N
#6775000
b1111111111111111 +
b1001111010 <
1N
#6780000
0N
#6785000
b1111111111111111 +
b1001111011 <
1N
#6790000
0N
#6795000
b1111111111111111 +
b1001111100 <
1N
#6800000
0N
#6805000
b1111111111111111 +
b1001111101 <
1N
#6810000
0N
#6815000
b1111111111111111 +
b1001111110 <
1N
#6820000
0N
#6825000
b1111111111111111 +
b1001111111 <
1N
#6830000
0N
#6835000
b1111111111111111 +
b1010000000 <
1N
#6840000
0N
#6845000
b1111111111111111 +
b1010000001 <
1N
#6850000
0N
#6855000
b1111111111111111 +
b1010000010 <
1N
#6860000
0N
#6865000
b1111111111111111 +
b1010000011 <
1N
#6870000
0N
#6875000
b1111111111111111 +
b1010000100 <
1N
#6880000
0N
#6885000
b1111111111111111 +
b1010000101 <
1N
#6890000
0N
#6895000
b1111111111111111 +
b1010000110 <
1N
#6900000
0N
#6905000
1-
b1111111111111111 +
b1010000111 <
1N
#6910000
0N
#6915000
0-
b110000000 /
b0 +
b1010001000 <
1N
#6920000
0N
#6925000
b1111111111111111 +
1N
#6930000
0N
#6935000
b1111111111111111 +
b1010001001 <
1N
#6940000
0N
#6945000
b1111111111111111 +
b1010001010 <
1N
#6950000
0N
#6955000
b1111111111111111 +
b1010001011 <
1N
#6960000
0N
#6965000
b1111111111111111 +
b1010001100 <
1N
#6970000
0N
#6975000
b1111111111111111 +
b1010001101 <
1N
#6980000
0N
#6985000
b1111111111111111 +
b1010001110 <
1N
#6990000
0N
#6995000
b1111111111111111 +
b1010001111 <
1N
#7000000
0N
#7005000
b1111111111111111 +
b1010010000 <
1N
#7010000
0N
#7015000
b1111111111111111 +
b1010010001 <
1N
#7020000
0N
#7025000
b1111111111111111 +
b1010010010 <
1N
#7030000
0N
#7035000
b1111111111111111 +
b1010010011 <
1N
#7040000
0N
#7045000
b1111111111111111 +
b1010010100 <
1N
#7050000
0N
#7055000
b1111111111111111 +
b1010010101 <
1N
#7060000
0N
#7065000
b1111111111111111 +
b1010010110 <
1N
#7070000
0N
#7075000
b1111111111111111 +
b1010010111 <
1N
#7080000
0N
#7085000
b1111111111111111 +
b1010011000 <
1N
#7090000
0N
#7095000
b1111111111111111 +
b1010011001 <
1N
#7100000
0N
#7105000
b1111111111111111 +
b1010011010 <
1N
#7110000
0N
#7115000
b1111111111111111 +
b1010011011 <
1N
#7120000
0N
#7125000
b1111111111111111 +
b1010011100 <
1N
#7130000
0N
#7135000
b1111111111111111 +
b1010011101 <
1N
#7140000
0N
#7145000
b1111111111111111 +
b1010011110 <
1N
#7150000
0N
#7155000
b1111111111111111 +
b1010011111 <
1N
#7160000
0N
#7165000
b1111111111111111 +
b1010100000 <
1N
#7170000
0N
#7175000
b1111111111111111 +
b1010100001 <
1N
#7180000
0N
#7185000
1-
b1111111111111111 +
b1010100010 <
1N
#7190000
0N
#7195000
0-
b110010000 /
b0 +
b1010100011 <
1N
#7200000
0N
#7205000
b1111111111111111 +
1N
#7210000
0N
#7215000
b1111111111111111 +
b1010100100 <
1N
#7220000
0N
#7225000
b1111111111111111 +
b1010100101 <
1N
#7230000
0N
#7235000
b1111111111111111 +
b1010100110 <
1N
#7240000
0N
#7245000
b1111111111111111 +
b1010100111 <
1N
#7250000
0N
#7255000
b1111111111111111 +
b1010101000 <
1N
#7260000
0N
#7265000
b1111111111111111 +
b1010101001 <
1N
#7270000
0N
#7275000
b1111111111111111 +
b1010101010 <
1N
#7280000
0N
#7285000
b1111111111111111 +
b1010101011 <
1N
#7290000
0N
#7295000
b1111111111111111 +
b1010101100 <
1N
#7300000
0N
#7305000
b1111111111111111 +
b1010101101 <
1N
#7310000
0N
#7315000
b1111111111111111 +
b1010101110 <
1N
#7320000
0N
#7325000
b1111111111111111 +
b1010101111 <
1N
#7330000
0N
#7335000
b1111111111111111 +
b1010110000 <
1N
#7340000
0N
#7345000
b1111111111111111 +
b1010110001 <
1N
#7350000
0N
#7355000
b1111111111111111 +
b1010110010 <
1N
#7360000
0N
#7365000
b1111111111111111 +
b1010110011 <
1N
#7370000
0N
#7375000
b1111111111111111 +
b1010110100 <
1N
#7380000
0N
#7385000
b1111111111111111 +
b1010110101 <
1N
#7390000
0N
#7395000
b1111111111111111 +
b1010110110 <
1N
#7400000
0N
#7405000
b1111111111111111 +
b1010110111 <
1N
#7410000
0N
#7415000
b1111111111111111 +
b1010111000 <
1N
#7420000
0N
#7425000
b1111111111111111 +
b1010111001 <
1N
#7430000
0N
#7435000
b1111111111111111 +
b1010111010 <
1N
#7440000
0N
#7445000
b1111111111111111 +
b1010111011 <
1N
#7450000
0N
#7455000
b1111111111111111 +
b1010111100 <
1N
#7460000
0N
#7465000
1-
b1111111111111111 +
b1010111101 <
1N
#7470000
0N
#7475000
0-
b110100000 /
b0 +
b1010111110 <
1N
#7480000
0N
#7485000
b1111111111111111 +
1N
#7490000
0N
#7495000
b1111111111111111 +
b1010111111 <
1N
#7500000
0N
#7505000
b1111111111111111 +
b1011000000 <
1N
#7510000
0N
#7515000
b1111111111111111 +
b1011000001 <
1N
#7520000
0N
#7525000
b1111111111111111 +
b1011000010 <
1N
#7530000
0N
#7535000
b1111111111111111 +
b1011000011 <
1N
#7540000
0N
#7545000
b1111111111111111 +
b1011000100 <
1N
#7550000
0N
#7555000
b1111111111111111 +
b1011000101 <
1N
#7560000
0N
#7565000
b1111111111111111 +
b1011000110 <
1N
#7570000
0N
#7575000
b1111111111111111 +
b1011000111 <
1N
#7580000
0N
#7585000
b1111111111111111 +
b1011001000 <
1N
#7590000
0N
#7595000
b1111111111111111 +
b1011001001 <
1N
#7600000
0N
#7605000
b1111111111111111 +
b1011001010 <
1N
#7610000
0N
#7615000
b1111111111111111 +
b1011001011 <
1N
#7620000
0N
#7625000
b1111111111111111 +
b1011001100 <
1N
#7630000
0N
#7635000
b1111111111111111 +
b1011001101 <
1N
#7640000
0N
#7645000
b1111111111111111 +
b1011001110 <
1N
#7650000
0N
#7655000
b1111111111111111 +
b1011001111 <
1N
#7660000
0N
#7665000
b1111111111111111 +
b1011010000 <
1N
#7670000
0N
#7675000
b1111111111111111 +
b1011010001 <
1N
#7680000
0N
#7685000
b1111111111111111 +
b1011010010 <
1N
#7690000
0N
#7695000
b1111111111111111 +
b1011010011 <
1N
#7700000
0N
#7705000
b1111111111111111 +
b1011010100 <
1N
#7710000
0N
#7715000
b1111111111111111 +
b1011010101 <
1N
#7720000
0N
#7725000
b1111111111111111 +
b1011010110 <
1N
#7730000
0N
#7735000
b1111111111111111 +
b1011010111 <
1N
#7740000
0N
#7745000
1-
b1111111111111111 +
b1011011000 <
1N
#7750000
0N
#7755000
0-
b110110000 /
b0 +
b1011011001 <
1N
#7760000
0N
#7765000
b1111111111111111 +
1N
#7770000
0N
#7775000
b1111111111111111 +
b1011011010 <
1N
#7780000
0N
#7785000
b1111111111111111 +
b1011011011 <
1N
#7790000
0N
#7795000
b1111111111111111 +
b1011011100 <
1N
#7800000
0N
#7805000
b1111111111111111 +
b1011011101 <
1N
#7810000
0N
#7815000
b1111111111111111 +
b1011011110 <
1N
#7820000
0N
#7825000
b1111111111111111 +
b1011011111 <
1N
#7830000
0N
#7835000
b1111111111111111 +
b1011100000 <
1N
#7840000
0N
#7845000
b1111111111111111 +
b1011100001 <
1N
#7850000
0N
#7855000
b1111111111111111 +
b1011100010 <
1N
#7860000
0N
#7865000
b1111111111111111 +
b1011100011 <
1N
#7870000
0N
#7875000
b1111111111111111 +
b1011100100 <
1N
#7880000
0N
#7885000
b1111111111111111 +
b1011100101 <
1N
#7890000
0N
#7895000
b1111111111111111 +
b1011100110 <
1N
#7900000
0N
#7905000
b1111111111111111 +
b1011100111 <
1N
#7910000
0N
#7915000
b1111111111111111 +
b1011101000 <
1N
#7920000
0N
#7925000
b1111111111111111 +
b1011101001 <
1N
#7930000
0N
#7935000
b1111111111111111 +
b1011101010 <
1N
#7940000
0N
#7945000
b1111111111111111 +
b1011101011 <
1N
#7950000
0N
#7955000
b1111111111111111 +
b1011101100 <
1N
#7960000
0N
#7965000
b1111111111111111 +
b1011101101 <
1N
#7970000
0N
#7975000
b1111111111111111 +
b1011101110 <
1N
#7980000
0N
#7985000
b1111111111111111 +
b1011101111 <
1N
#7990000
0N
#7995000
b1111111111111111 +
b1011110000 <
1N
#8000000
0N
#8005000
b1111111111111111 +
b1011110001 <
1N
#8010000
0N
#8015000
b1111111111111111 +
b1011110010 <
1N
#8020000
0N
#8025000
1-
b1111111111111111 +
b1011110011 <
1N
#8030000
0N
#8035000
0-
b111000000 /
b0 +
b1011110100 <
1N
#8040000
0N
#8045000
b1111111111111111 +
1N
#8050000
0N
#8055000
b1111111111111111 +
b1011110101 <
1N
#8060000
0N
#8065000
b1111111111111111 +
b1011110110 <
1N
#8070000
0N
#8075000
b1111111111111111 +
b1011110111 <
1N
#8080000
0N
#8085000
b1111111111111111 +
b1011111000 <
1N
#8090000
0N
#8095000
b1111111111111111 +
b1011111001 <
1N
#8100000
0N
#8105000
b1111111111111111 +
b1011111010 <
1N
#8110000
0N
#8115000
b1111111111111111 +
b1011111011 <
1N
#8120000
0N
#8125000
b1111111111111111 +
b1011111100 <
1N
#8130000
0N
#8135000
b1111111111111111 +
b1011111101 <
1N
#8140000
0N
#8145000
b1111111111111111 +
b1011111110 <
1N
#8150000
0N
#8155000
b1111111111111111 +
b1011111111 <
1N
#8160000
0N
#8165000
b1111111111111111 +
b1100000000 <
1N
#8170000
0N
#8175000
b1111111111111111 +
b1100000001 <
1N
#8180000
0N
#8185000
b1111111111111111 +
b1100000010 <
1N
#8190000
0N
#8195000
b1111111111111111 +
b1100000011 <
1N
#8200000
0N
#8205000
b1111111111111111 +
b1100000100 <
1N
#8210000
0N
#8215000
b1111111111111111 +
b1100000101 <
1N
#8220000
0N
#8225000
b1111111111111111 +
b1100000110 <
1N
#8230000
0N
#8235000
b1111111111111111 +
b1100000111 <
1N
#8240000
0N
#8245000
b1111111111111111 +
b1100001000 <
1N
#8250000
0N
#8255000
b1111111111111111 +
b1100001001 <
1N
#8260000
0N
#8265000
b1111111111111111 +
b1100001010 <
1N
#8270000
0N
#8275000
b1111111111111111 +
b1100001011 <
1N
#8280000
0N
#8285000
b1111111111111111 +
b1100001100 <
1N
#8290000
0N
#8295000
b1111111111111111 +
b1100001101 <
1N
#8300000
0N
#8305000
1-
b1111111111111111 +
b1100001110 <
1N
#8310000
0N
#8315000
0-
b111010000 /
b0 +
b1100001111 <
1N
#8320000
0N
#8325000
b1111111111111111 +
1N
#8330000
0N
#8335000
b1111111111111111 +
b1100010000 <
1N
#8340000
0N
#8345000
b1111111111111111 +
b1100010001 <
1N
#8350000
0N
#8355000
b1111111111111111 +
b1100010010 <
1N
#8360000
0N
#8365000
b1111111111111111 +
b1100010011 <
1N
#8370000
0N
#8375000
b1111111111111111 +
b1100010100 <
1N
#8380000
0N
#8385000
b1111111111111111 +
b1100010101 <
1N
#8390000
0N
#8395000
b1111111111111111 +
b1100010110 <
1N
#8400000
0N
#8405000
b1111111111111111 +
b1100010111 <
1N
#8410000
0N
#8415000
b1111111111111111 +
b1100011000 <
1N
#8420000
0N
#8425000
b1111111111111111 +
b1100011001 <
1N
#8430000
0N
#8435000
b1111111111111111 +
b1100011010 <
1N
#8440000
0N
#8445000
b1111111111111111 +
b1100011011 <
1N
#8450000
0N
#8455000
b1111111111111111 +
b1100011100 <
1N
#8460000
0N
#8465000
b1111111111111111 +
b1100011101 <
1N
#8470000
0N
#8475000
b1111111111111111 +
b1100011110 <
1N
#8480000
0N
#8485000
b1111111111111111 +
b1100011111 <
1N
#8490000
0N
#8495000
b1111111111111111 +
b1100100000 <
1N
#8500000
0N
#8505000
b1111111111111111 +
b1100100001 <
1N
#8510000
0N
#8515000
b1111111111111111 +
b1100100010 <
1N
#8520000
0N
#8525000
b1111111111111111 +
b1100100011 <
1N
#8530000
0N
#8535000
b1111111111111111 +
b1100100100 <
1N
#8540000
0N
#8545000
b1111111111111111 +
b1100100101 <
1N
#8550000
0N
#8555000
b1111111111111111 +
b1100100110 <
1N
#8560000
0N
#8565000
b1111111111111111 +
b1100100111 <
1N
#8570000
0N
#8575000
b1111111111111111 +
b1100101000 <
1N
#8580000
0N
#8585000
1-
b1111111111111111 +
b1100101001 <
1N
#8590000
0N
#8595000
0-
b111100000 /
b0 +
b1100101010 <
1N
#8600000
0N
#8605000
b1111111111111111 +
1N
#8610000
0N
#8615000
b1111111111111111 +
b1100101011 <
1N
#8620000
0N
#8625000
b1111111111111111 +
b1100101100 <
1N
#8630000
0N
#8635000
b1111111111111111 +
b1100101101 <
1N
#8640000
0N
#8645000
b1111111111111111 +
b1100101110 <
1N
#8650000
0N
#8655000
b1111111111111111 +
b1100101111 <
1N
#8660000
0N
#8665000
b1111111111111111 +
b1100110000 <
1N
#8670000
0N
#8675000
b1111111111111111 +
b1100110001 <
1N
#8680000
0N
#8685000
b1111111111111111 +
b1100110010 <
1N
#8690000
0N
#8695000
b1111111111111111 +
b1100110011 <
1N
#8700000
0N
#8705000
b1111111111111111 +
b1100110100 <
1N
#8710000
0N
#8715000
b1111111111111111 +
b1100110101 <
1N
#8720000
0N
#8725000
b1111111111111111 +
b1100110110 <
1N
#8730000
0N
#8735000
b1111111111111111 +
b1100110111 <
1N
#8740000
0N
#8745000
b1111111111111111 +
b1100111000 <
1N
#8750000
0N
#8755000
b1111111111111111 +
b1100111001 <
1N
#8760000
0N
#8765000
b1111111111111111 +
b1100111010 <
1N
#8770000
0N
#8775000
b1111111111111111 +
b1100111011 <
1N
#8780000
0N
#8785000
b1111111111111111 +
b1100111100 <
1N
#8790000
0N
#8795000
b1111111111111111 +
b1100111101 <
1N
#8800000
0N
#8805000
b1111111111111111 +
b1100111110 <
1N
#8810000
0N
#8815000
b1111111111111111 +
b1100111111 <
1N
#8820000
0N
#8825000
b1111111111111111 +
b1101000000 <
1N
#8830000
0N
#8835000
b1111111111111111 +
b1101000001 <
1N
#8840000
0N
#8845000
b1111111111111111 +
b1101000010 <
1N
#8850000
0N
#8855000
b1111111111111111 +
b1101000011 <
1N
#8860000
0N
#8865000
1-
b1111111111111111 +
b1101000100 <
1N
#8870000
0N
#8875000
0-
b111110000 /
b0 +
b1101000101 <
1N
#8880000
0N
#8885000
b1111111111111111 +
1N
#8890000
0N
#8895000
b1111111111111111 +
b1101000110 <
1N
#8900000
0N
#8905000
b1111111111111111 +
b1101000111 <
1N
#8910000
0N
#8915000
b1111111111111111 +
b1101001000 <
1N
#8920000
0N
#8925000
b1111111111111111 +
b1101001001 <
1N
#8930000
0N
#8935000
b1111111111111111 +
b1101001010 <
1N
#8940000
0N
#8945000
b1111111111111111 +
b1101001011 <
1N
#8950000
0N
#8955000
b1111111111111111 +
b1101001100 <
1N
#8960000
0N
#8965000
b1111111111111111 +
b1101001101 <
1N
#8970000
0N
#8975000
b1111111111111111 +
b1101001110 <
1N
#8980000
0N
#8985000
b1111111111111111 +
b1101001111 <
1N
#8990000
0N
#8995000
b1111111111111111 +
b1101010000 <
1N
#9000000
0N
#9005000
b1111111111111111 +
b1101010001 <
1N
#9010000
0N
#9015000
b1111111111111111 +
b1101010010 <
1N
#9020000
0N
#9025000
b1111111111111111 +
b1101010011 <
1N
#9030000
0N
#9035000
b1111111111111111 +
b1101010100 <
1N
#9040000
0N
#9045000
b1111111111111111 +
b1101010101 <
1N
#9050000
0N
#9055000
b1111111111111111 +
b1101010110 <
1N
#9060000
0N
#9065000
b1111111111111111 +
b1101010111 <
1N
#9070000
0N
#9075000
b1111111111111111 +
b1101011000 <
1N
#9080000
0N
#9085000
b1111111111111111 +
b1101011001 <
1N
#9090000
0N
#9095000
b1111111111111111 +
b1101011010 <
1N
#9100000
0N
#9105000
b1111111111111111 +
b1101011011 <
1N
#9110000
0N
#9115000
b1111111111111111 +
b1101011100 <
1N
#9120000
0N
#9125000
b1111111111111111 +
b1101011101 <
1N
#9130000
0N
#9135000
b1111111111111111 +
b1101011110 <
1N
#9140000
0N
#9145000
1-
b1111111111111111 +
b1101011111 <
1N
#9150000
0N
#9155000
0-
b1000000000 /
b0 +
b1101100000 <
1N
#9160000
0N
#9165000
b1111111111111111 +
1N
#9170000
0N
#9175000
b1111111111111111 +
b1101100001 <
1N
#9180000
0N
#9185000
b1111111111111111 +
b1101100010 <
1N
#9190000
0N
#9195000
b1111111111111111 +
b1101100011 <
1N
#9200000
0N
#9205000
b1111111111111111 +
b1101100100 <
1N
#9210000
0N
#9215000
b1111111111111111 +
b1101100101 <
1N
#9220000
0N
#9225000
b1111111111111111 +
b1101100110 <
1N
#9230000
0N
#9235000
b1111111111111111 +
b1101100111 <
1N
#9240000
0N
#9245000
b1111111111111111 +
b1101101000 <
1N
#9250000
0N
#9255000
b1111111111111111 +
b1101101001 <
1N
#9260000
0N
#9265000
b1111111111111111 +
b1101101010 <
1N
#9270000
0N
#9275000
b1111111111111111 +
b1101101011 <
1N
#9280000
0N
#9285000
b1111111111111111 +
b1101101100 <
1N
#9290000
0N
#9295000
b1111111111111111 +
b1101101101 <
1N
#9300000
0N
#9305000
b1111111111111111 +
b1101101110 <
1N
#9310000
0N
#9315000
b1111111111111111 +
b1101101111 <
1N
#9320000
0N
#9325000
b1111111111111111 +
b1101110000 <
1N
#9330000
0N
#9335000
b1111111111111111 +
b1101110001 <
1N
#9340000
0N
#9345000
b1111111111111111 +
b1101110010 <
1N
#9350000
0N
#9355000
b1111111111111111 +
b1101110011 <
1N
#9360000
0N
#9365000
b1111111111111111 +
b1101110100 <
1N
#9370000
0N
#9375000
b1111111111111111 +
b1101110101 <
1N
#9380000
0N
#9385000
b1111111111111111 +
b1101110110 <
1N
#9390000
0N
#9395000
b1111111111111111 +
b1101110111 <
1N
#9400000
0N
#9405000
b1111111111111111 +
b1101111000 <
1N
#9410000
0N
#9415000
b1111111111111111 +
b1101111001 <
1N
#9420000
0N
#9425000
1-
b1111111111111111 +
b1101111010 <
1N
#9430000
0N
#9435000
0-
b1000010000 /
b0 +
b1101111011 <
1N
#9440000
0N
#9445000
b1111111111111111 +
1N
#9450000
0N
#9455000
b1111111111111111 +
b1101111100 <
1N
#9460000
0N
#9465000
b1111111111111111 +
b1101111101 <
1N
#9470000
0N
#9475000
b1111111111111111 +
b1101111110 <
1N
#9480000
0N
#9485000
b1111111111111111 +
b1101111111 <
1N
#9490000
0N
#9495000
b1111111111111111 +
b1110000000 <
1N
#9500000
0N
#9505000
b1111111111111111 +
b1110000001 <
1N
#9510000
0N
#9515000
b1111111111111111 +
b1110000010 <
1N
#9520000
0N
#9525000
b1111111111111111 +
b1110000011 <
1N
#9530000
0N
#9535000
b1111111111111111 +
b1110000100 <
1N
#9540000
0N
#9545000
b1111111111111111 +
b1110000101 <
1N
#9550000
0N
#9555000
b1111111111111111 +
b1110000110 <
1N
#9560000
0N
#9565000
b1111111111111111 +
b1110000111 <
1N
#9570000
0N
#9575000
b1111111111111111 +
b1110001000 <
1N
#9580000
0N
#9585000
b1111111111111111 +
b1110001001 <
1N
#9590000
0N
#9595000
b1111111111111111 +
b1110001010 <
1N
#9600000
0N
#9605000
b1111111111111111 +
b1110001011 <
1N
#9610000
0N
#9615000
b1111111111111111 +
b1110001100 <
1N
#9620000
0N
#9625000
b1111111111111111 +
b1110001101 <
1N
#9630000
0N
#9635000
b1111111111111111 +
b1110001110 <
1N
#9640000
0N
#9645000
b1111111111111111 +
b1110001111 <
1N
#9650000
0N
#9655000
b1111111111111111 +
b1110010000 <
1N
#9660000
0N
#9665000
b1111111111111111 +
b1110010001 <
1N
#9670000
0N
#9675000
b1111111111111111 +
b1110010010 <
1N
#9680000
0N
#9685000
b1111111111111111 +
b1110010011 <
1N
#9690000
0N
#9695000
b1111111111111111 +
b1110010100 <
1N
#9700000
0N
#9705000
1-
b1111111111111111 +
b1110010101 <
1N
#9710000
0N
#9715000
0-
b1000100000 /
b0 +
b1110010110 <
1N
#9720000
0N
#9725000
b1111111111111111 +
1N
#9730000
0N
#9735000
b1111111111111111 +
b1110010111 <
1N
#9740000
0N
#9745000
b1111111111111111 +
b1110011000 <
1N
#9750000
0N
#9755000
b1111111111111111 +
b1110011001 <
1N
#9760000
0N
#9765000
b1111111111111111 +
b1110011010 <
1N
#9770000
0N
#9775000
b1111111111111111 +
b1110011011 <
1N
#9780000
0N
#9785000
b1111111111111111 +
b1110011100 <
1N
#9790000
0N
#9795000
b1111111111111111 +
b1110011101 <
1N
#9800000
0N
#9805000
b1111111111111111 +
b1110011110 <
1N
#9810000
0N
#9815000
b1111111111111111 +
b1110011111 <
1N
#9820000
0N
#9825000
b1111111111111111 +
b1110100000 <
1N
#9830000
0N
#9835000
b1111111111111111 +
b1110100001 <
1N
#9840000
0N
#9845000
b1111111111111111 +
b1110100010 <
1N
#9850000
0N
#9855000
b1111111111111111 +
b1110100011 <
1N
#9860000
0N
#9865000
b1111111111111111 +
b1110100100 <
1N
#9870000
0N
#9875000
b1111111111111111 +
b1110100101 <
1N
#9880000
0N
#9885000
b1111111111111111 +
b1110100110 <
1N
#9890000
0N
#9895000
b1111111111111111 +
b1110100111 <
1N
#9900000
0N
#9905000
b1111111111111111 +
b1110101000 <
1N
#9910000
0N
#9915000
b1111111111111111 +
b1110101001 <
1N
#9920000
0N
#9925000
b1111111111111111 +
b1110101010 <
1N
#9930000
0N
#9935000
b1111111111111111 +
b1110101011 <
1N
#9940000
0N
#9945000
b1111111111111111 +
b1110101100 <
1N
#9950000
0N
#9955000
b1111111111111111 +
b1110101101 <
1N
#9960000
0N
#9965000
b1111111111111111 +
b1110101110 <
1N
#9970000
0N
#9975000
b1111111111111111 +
b1110101111 <
1N
#9980000
0N
#9985000
1-
b1111111111111111 +
b1110110000 <
1N
#9990000
0N
#9995000
0-
b1000110000 /
b0 +
b1110110001 <
1N
#10000000
0N
#10005000
b1111111111111111 +
1N
#10010000
0N
#10015000
b1111111111111111 +
b1110110010 <
1N
#10020000
0N
#10025000
b1111111111111111 +
b1110110011 <
1N
#10030000
0N
#10035000
b1111111111111111 +
b1110110100 <
1N
#10040000
0N
#10045000
b1111111111111111 +
b1110110101 <
1N
#10050000
0N
#10055000
b1111111111111111 +
b1110110110 <
1N
#10060000
0N
#10065000
b1111111111111111 +
b1110110111 <
1N
#10070000
0N
#10075000
b1111111111111111 +
b1110111000 <
1N
#10080000
0N
#10085000
b1111111111111111 +
b1110111001 <
1N
#10090000
0N
#10095000
b1111111111111111 +
b1110111010 <
1N
#10100000
0N
#10105000
b1111111111111111 +
b1110111011 <
1N
#10110000
0N
#10115000
b1111111111111111 +
b1110111100 <
1N
#10120000
0N
#10125000
b1111111111111111 +
b1110111101 <
1N
#10130000
0N
#10135000
b1111111111111111 +
b1110111110 <
1N
#10140000
0N
#10145000
b1111111111111111 +
b1110111111 <
1N
#10150000
0N
#10155000
b1111111111111111 +
b1111000000 <
1N
#10160000
0N
#10165000
b1111111111111111 +
b1111000001 <
1N
#10170000
0N
#10175000
b1111111111111111 +
b1111000010 <
1N
#10180000
0N
#10185000
b1111111111111111 +
b1111000011 <
1N
#10190000
0N
#10195000
b1111111111111111 +
b1111000100 <
1N
#10200000
0N
#10205000
b1111111111111111 +
b1111000101 <
1N
#10210000
0N
#10215000
b1111111111111111 +
b1111000110 <
1N
#10220000
0N
#10225000
b1111111111111111 +
b1111000111 <
1N
#10230000
0N
#10235000
b1111111111111111 +
b1111001000 <
1N
#10240000
0N
#10245000
b1111111111111111 +
b1111001001 <
1N
#10250000
0N
#10255000
b1111111111111111 +
b1111001010 <
1N
#10260000
0N
#10265000
1-
b1111111111111111 +
b1111001011 <
1N
#10270000
0N
#10275000
0-
b1001000000 /
b0 +
b1111001100 <
1N
#10280000
0N
#10285000
b1111111111111111 +
1N
#10290000
0N
#10295000
b1111111111111111 +
b1111001101 <
1N
#10300000
0N
#10305000
b1111111111111111 +
b1111001110 <
1N
#10310000
0N
#10315000
b1111111111111111 +
b1111001111 <
1N
#10320000
0N
#10325000
b1111111111111111 +
b1111010000 <
1N
#10330000
0N
#10335000
b1111111111111111 +
b1111010001 <
1N
#10340000
0N
#10345000
b1111111111111111 +
b1111010010 <
1N
#10350000
0N
#10355000
b1111111111111111 +
b1111010011 <
1N
#10360000
0N
#10365000
b1111111111111111 +
b1111010100 <
1N
#10370000
0N
#10375000
b1111111111111111 +
b1111010101 <
1N
#10380000
0N
#10385000
b1111111111111111 +
b1111010110 <
1N
#10390000
0N
#10395000
b1111111111111111 +
b1111010111 <
1N
#10400000
0N
#10405000
b1111111111111111 +
b1111011000 <
1N
#10410000
0N
#10415000
b1111111111111111 +
b1111011001 <
1N
#10420000
0N
#10425000
b1111111111111111 +
b1111011010 <
1N
#10430000
0N
#10435000
b1111111111111111 +
b1111011011 <
1N
#10440000
0N
#10445000
b1111111111111111 +
b1111011100 <
1N
#10450000
0N
#10455000
b1111111111111111 +
b1111011101 <
1N
#10460000
0N
#10465000
b1111111111111111 +
b1111011110 <
1N
#10470000
0N
#10475000
b1111111111111111 +
b1111011111 <
1N
#10480000
0N
#10485000
b1111111111111111 +
b1111100000 <
1N
#10490000
0N
#10495000
b1111111111111111 +
b1111100001 <
1N
#10500000
0N
#10505000
b1111111111111111 +
b1111100010 <
1N
#10510000
0N
#10515000
b1111111111111111 +
b1111100011 <
1N
#10520000
0N
#10525000
b1111111111111111 +
b1111100100 <
1N
#10530000
0N
#10535000
b1111111111111111 +
b1111100101 <
1N
#10540000
0N
#10545000
1-
b1111111111111111 +
b1111100110 <
1N
#10550000
0N
#10555000
0-
b1001010000 /
b0 +
b1111100111 <
1N
#10560000
0N
#10565000
b1111111111111111 +
1N
#10570000
0N
#10575000
b1111111111111111 +
b1111101000 <
1N
#10580000
0N
#10585000
b1111111111111111 +
b1111101001 <
1N
#10590000
0N
#10595000
b1111111111111111 +
b1111101010 <
1N
#10600000
0N
#10605000
b1111111111111111 +
b1111101011 <
1N
#10610000
0N
#10615000
b1111111111111111 +
b1111101100 <
1N
#10620000
0N
#10625000
b1111111111111111 +
b1111101101 <
1N
#10630000
0N
#10635000
b1111111111111111 +
b1111101110 <
1N
#10640000
0N
#10645000
b1111111111111111 +
b1111101111 <
1N
#10650000
0N
#10655000
b1111111111111111 +
b1111110000 <
1N
#10660000
0N
#10665000
b1111111111111111 +
b1111110001 <
1N
#10670000
0N
#10675000
b1111111111111111 +
b1111110010 <
1N
#10680000
0N
#10685000
b1111111111111111 +
b1111110011 <
1N
#10690000
0N
#10695000
b1111111111111111 +
b1111110100 <
1N
#10700000
0N
#10705000
b1111111111111111 +
b1111110101 <
1N
#10710000
0N
#10715000
b1111111111111111 +
b1111110110 <
1N
#10720000
0N
#10725000
b1111111111111111 +
b1111110111 <
1N
#10730000
0N
#10735000
b1111111111111111 +
b1111111000 <
1N
#10740000
0N
#10745000
b1111111111111111 +
b1111111001 <
1N
#10750000
0N
#10755000
b1111111111111111 +
b1111111010 <
1N
#10760000
0N
#10765000
b1111111111111111 +
b1111111011 <
1N
#10770000
0N
#10775000
b1111111111111111 +
b1111111100 <
1N
#10780000
0N
#10785000
b1111111111111111 +
b1111111101 <
1N
#10790000
0N
#10795000
b1111111111111111 +
b1111111110 <
1N
#10800000
0N
#10805000
b1111111111111111 +
b1111111111 <
1N
#10810000
0N
#10815000
b1111111111111111 +
b10000000000 <
1N
#10820000
0N
#10825000
1-
b1111111111111111 +
b10000000001 <
1N
#10830000
0N
#10835000
0-
b1001100000 /
b0 +
b10000000010 <
1N
#10840000
0N
#10845000
b1111111111111111 +
1N
#10850000
0N
#10855000
b1111111111111111 +
b10000000011 <
1N
#10860000
0N
#10865000
b1111111111111111 +
b10000000100 <
1N
#10870000
0N
#10875000
b1111111111111111 +
b10000000101 <
1N
#10880000
0N
#10885000
b1111111111111111 +
b10000000110 <
1N
#10890000
0N
#10895000
b1111111111111111 +
b10000000111 <
1N
#10900000
0N
#10905000
b1111111111111111 +
b10000001000 <
1N
#10910000
0N
#10915000
b1111111111111111 +
b10000001001 <
1N
#10920000
0N
#10925000
b1111111111111111 +
b10000001010 <
1N
#10930000
0N
#10935000
b1111111111111111 +
b10000001011 <
1N
#10940000
0N
#10945000
b1111111111111111 +
b10000001100 <
1N
#10950000
0N
#10955000
b1111111111111111 +
b10000001101 <
1N
#10960000
0N
#10965000
b1111111111111111 +
b10000001110 <
1N
#10970000
0N
#10975000
b1111111111111111 +
b10000001111 <
1N
#10980000
0N
#10985000
b1111111111111111 +
b10000010000 <
1N
#10990000
0N
#10995000
b1111111111111111 +
b10000010001 <
1N
#11000000
0N
#11005000
b1111111111111111 +
b10000010010 <
1N
#11010000
0N
#11015000
b1111111111111111 +
b10000010011 <
1N
#11020000
0N
#11025000
b1111111111111111 +
b10000010100 <
1N
#11030000
0N
#11035000
b1111111111111111 +
b10000010101 <
1N
#11040000
0N
#11045000
b1111111111111111 +
b10000010110 <
1N
#11050000
0N
#11055000
b1111111111111111 +
b10000010111 <
1N
#11060000
0N
#11065000
b1111111111111111 +
b10000011000 <
1N
#11070000
0N
#11075000
b1111111111111111 +
b10000011001 <
1N
#11080000
0N
#11085000
b1111111111111111 +
b10000011010 <
1N
#11090000
0N
#11095000
b1111111111111111 +
b10000011011 <
1N
#11100000
0N
#11105000
1-
b1111111111111111 +
b10000011100 <
1N
#11110000
0N
#11115000
0-
b1001110000 /
b0 +
b10000011101 <
1N
#11120000
0N
#11125000
b1111111111111111 +
1N
#11130000
0N
#11135000
b1111111111111111 +
b10000011110 <
1N
#11140000
0N
#11145000
b1111111111111111 +
b10000011111 <
1N
#11150000
0N
#11155000
b1111111111111111 +
b10000100000 <
1N
#11160000
0N
#11165000
b1111111111111111 +
b10000100001 <
1N
#11170000
0N
#11175000
b1111111111111111 +
b10000100010 <
1N
#11180000
0N
#11185000
b1111111111111111 +
b10000100011 <
1N
#11190000
0N
#11195000
b1111111111111111 +
b10000100100 <
1N
#11200000
0N
#11205000
b1111111111111111 +
b10000100101 <
1N
#11210000
0N
#11215000
b1111111111111111 +
b10000100110 <
1N
#11220000
0N
#11225000
b1111111111111111 +
b10000100111 <
1N
#11230000
0N
#11235000
b1111111111111111 +
b10000101000 <
1N
#11240000
0N
#11245000
b1111111111111111 +
b10000101001 <
1N
#11250000
0N
#11255000
b1111111111111111 +
b10000101010 <
1N
#11260000
0N
#11265000
b1111111111111111 +
b10000101011 <
1N
#11270000
0N
#11275000
b1111111111111111 +
b10000101100 <
1N
#11280000
0N
#11285000
b1111111111111111 +
b10000101101 <
1N
#11290000
0N
#11295000
b1111111111111111 +
b10000101110 <
1N
#11300000
0N
#11305000
b1111111111111111 +
b10000101111 <
1N
#11310000
0N
#11315000
b1111111111111111 +
b10000110000 <
1N
#11320000
0N
#11325000
b1111111111111111 +
b10000110001 <
1N
#11330000
0N
#11335000
b1111111111111111 +
b10000110010 <
1N
#11340000
0N
#11345000
b1111111111111111 +
b10000110011 <
1N
#11350000
0N
#11355000
b1111111111111111 +
b10000110100 <
1N
#11360000
0N
#11365000
b1111111111111111 +
b10000110101 <
1N
#11370000
0N
#11375000
b1111111111111111 +
b10000110110 <
1N
#11380000
0N
#11385000
1-
b1111111111111111 +
b10000110111 <
1N
#11390000
0N
#11395000
0-
b1010000000 /
b0 +
b10000111000 <
1N
#11400000
0N
#11405000
b1111111111111111 +
1N
#11410000
0N
#11415000
b1111111111111111 +
b10000111001 <
1N
#11420000
0N
#11425000
b1111111111111111 +
b10000111010 <
1N
#11430000
0N
#11435000
b1111111111111111 +
b10000111011 <
1N
#11440000
0N
#11445000
b1111111111111111 +
b10000111100 <
1N
#11450000
0N
#11455000
b1111111111111111 +
b10000111101 <
1N
#11460000
0N
#11465000
b1111111111111111 +
b10000111110 <
1N
#11470000
0N
#11475000
b1111111111111111 +
b10000111111 <
1N
#11480000
0N
#11485000
b1111111111111111 +
b10001000000 <
1N
#11490000
0N
#11495000
b1111111111111111 +
b10001000001 <
1N
#11500000
0N
#11505000
b1111111111111111 +
b10001000010 <
1N
#11510000
0N
#11515000
b1111111111111111 +
b10001000011 <
1N
#11520000
0N
#11525000
b1111111111111111 +
b10001000100 <
1N
#11530000
0N
#11535000
b1111111111111111 +
b10001000101 <
1N
#11540000
0N
#11545000
b1111111111111111 +
b10001000110 <
1N
#11550000
0N
#11555000
b1111111111111111 +
b10001000111 <
1N
#11560000
0N
#11565000
b1111111111111111 +
b10001001000 <
1N
#11570000
0N
#11575000
b1111111111111111 +
b10001001001 <
1N
#11580000
0N
#11585000
b1111111111111111 +
b10001001010 <
1N
#11590000
0N
#11595000
b1111111111111111 +
b10001001011 <
1N
#11600000
0N
#11605000
b1111111111111111 +
b10001001100 <
1N
#11610000
0N
#11615000
b1111111111111111 +
b10001001101 <
1N
#11620000
0N
#11625000
b1111111111111111 +
b10001001110 <
1N
#11630000
0N
#11635000
b1111111111111111 +
b10001001111 <
1N
#11640000
0N
#11645000
b1111111111111111 +
b10001010000 <
1N
#11650000
0N
#11655000
b1111111111111111 +
b10001010001 <
1N
#11660000
0N
#11665000
1-
b1111111111111111 +
b10001010010 <
1N
#11670000
0N
#11675000
0-
b1010010000 /
b0 +
b10001010011 <
1N
#11680000
0N
#11685000
b1111111111111111 +
1N
#11690000
0N
#11695000
b1111111111111111 +
b10001010100 <
1N
#11700000
0N
#11705000
b1111111111111111 +
b10001010101 <
1N
#11710000
0N
#11715000
b1111111111111111 +
b10001010110 <
1N
#11720000
0N
#11725000
b1111111111111111 +
b10001010111 <
1N
#11730000
0N
#11735000
b1111111111111111 +
b10001011000 <
1N
#11740000
0N
#11745000
b1111111111111111 +
b10001011001 <
1N
#11750000
0N
#11755000
b1111111111111111 +
b10001011010 <
1N
#11760000
0N
#11765000
b1111111111111111 +
b10001011011 <
1N
#11770000
0N
#11775000
b1111111111111111 +
b10001011100 <
1N
#11780000
0N
#11785000
b1111111111111111 +
b10001011101 <
1N
#11790000
0N
#11795000
b1111111111111111 +
b10001011110 <
1N
#11800000
0N
#11805000
b1111111111111111 +
b10001011111 <
1N
#11810000
0N
#11815000
b1111111111111111 +
b10001100000 <
1N
#11820000
0N
#11825000
b1111111111111111 +
b10001100001 <
1N
#11830000
0N
#11835000
b1111111111111111 +
b10001100010 <
1N
#11840000
0N
#11845000
b1111111111111111 +
b10001100011 <
1N
#11850000
0N
#11855000
b1111111111111111 +
b10001100100 <
1N
#11860000
0N
#11865000
b1111111111111111 +
b10001100101 <
1N
#11870000
0N
#11875000
b1111111111111111 +
b10001100110 <
1N
#11880000
0N
#11885000
b1111111111111111 +
b10001100111 <
1N
#11890000
0N
#11895000
b1111111111111111 +
b10001101000 <
1N
#11900000
0N
#11905000
b1111111111111111 +
b10001101001 <
1N
#11910000
0N
#11915000
b1111111111111111 +
b10001101010 <
1N
#11920000
0N
#11925000
b1111111111111111 +
b10001101011 <
1N
#11930000
0N
#11935000
b1111111111111111 +
b10001101100 <
1N
#11940000
0N
#11945000
1-
b1111111111111111 +
b10001101101 <
1N
#11950000
0N
#11955000
0-
b1010100000 /
b0 +
b10001101110 <
1N
#11960000
0N
#11965000
b1111111111111111 +
1N
#11970000
0N
#11975000
b1111111111111111 +
b10001101111 <
1N
#11980000
0N
#11985000
b1111111111111111 +
b10001110000 <
1N
#11990000
0N
#11995000
b1111111111111111 +
b10001110001 <
1N
#12000000
0N
#12005000
b1111111111111111 +
b10001110010 <
1N
#12010000
0N
#12015000
b1111111111111111 +
b10001110011 <
1N
#12020000
0N
#12025000
b1111111111111111 +
b10001110100 <
1N
#12030000
0N
#12035000
b1111111111111111 +
b10001110101 <
1N
#12040000
0N
#12045000
b1111111111111111 +
b10001110110 <
1N
#12050000
0N
#12055000
b1111111111111111 +
b10001110111 <
1N
#12060000
0N
#12065000
b1111111111111111 +
b10001111000 <
1N
#12070000
0N
#12075000
b1111111111111111 +
b10001111001 <
1N
#12080000
0N
#12085000
b1111111111111111 +
b10001111010 <
1N
#12090000
0N
#12095000
b1111111111111111 +
b10001111011 <
1N
#12100000
0N
#12105000
b1111111111111111 +
b10001111100 <
1N
#12110000
0N
#12115000
b1111111111111111 +
b10001111101 <
1N
#12120000
0N
#12125000
b1111111111111111 +
b10001111110 <
1N
#12130000
0N
#12135000
b1111111111111111 +
b10001111111 <
1N
#12140000
0N
#12145000
b1111111111111111 +
b10010000000 <
1N
#12150000
0N
#12155000
b1111111111111111 +
b10010000001 <
1N
#12160000
0N
#12165000
b1111111111111111 +
b10010000010 <
1N
#12170000
0N
#12175000
b1111111111111111 +
b10010000011 <
1N
#12180000
0N
#12185000
b1111111111111111 +
b10010000100 <
1N
#12190000
0N
#12195000
b1111111111111111 +
b10010000101 <
1N
#12200000
0N
#12205000
b1111111111111111 +
b10010000110 <
1N
#12210000
0N
#12215000
b1111111111111111 +
b10010000111 <
1N
#12220000
0N
#12225000
1-
b1111111111111111 +
b10010001000 <
1N
#12230000
0N
#12235000
0-
b1010110000 /
b0 +
b10010001001 <
1N
#12240000
0N
#12245000
b1111111111111111 +
1N
#12250000
0N
#12255000
b1111111111111111 +
b10010001010 <
1N
#12260000
0N
#12265000
b1111111111111111 +
b10010001011 <
1N
#12270000
0N
#12275000
b1111111111111111 +
b10010001100 <
1N
#12280000
0N
#12285000
b1111111111111111 +
b10010001101 <
1N
#12290000
0N
#12295000
b1111111111111111 +
b10010001110 <
1N
#12300000
0N
#12305000
b1111111111111111 +
b10010001111 <
1N
#12310000
0N
#12315000
b1111111111111111 +
b10010010000 <
1N
#12320000
0N
#12325000
b1111111111111111 +
b10010010001 <
1N
#12330000
0N
#12335000
b1111111111111111 +
b10010010010 <
1N
#12340000
0N
#12345000
b1111111111111111 +
b10010010011 <
1N
#12350000
0N
#12355000
b1111111111111111 +
b10010010100 <
1N
#12360000
0N
#12365000
b1111111111111111 +
b10010010101 <
1N
#12370000
0N
#12375000
b1111111111111111 +
b10010010110 <
1N
#12380000
0N
#12385000
b1111111111111111 +
b10010010111 <
1N
#12390000
0N
#12395000
b1111111111111111 +
b10010011000 <
1N
#12400000
0N
#12405000
b1111111111111111 +
b10010011001 <
1N
#12410000
0N
#12415000
b1111111111111111 +
b10010011010 <
1N
#12420000
0N
#12425000
b1111111111111111 +
b10010011011 <
1N
#12430000
0N
#12435000
b1111111111111111 +
b10010011100 <
1N
#12440000
0N
#12445000
b1111111111111111 +
b10010011101 <
1N
#12450000
0N
#12455000
b1111111111111111 +
b10010011110 <
1N
#12460000
0N
#12465000
b1111111111111111 +
b10010011111 <
1N
#12470000
0N
#12475000
b1111111111111111 +
b10010100000 <
1N
#12480000
0N
#12485000
b1111111111111111 +
b10010100001 <
1N
#12490000
0N
#12495000
b1111111111111111 +
b10010100010 <
1N
#12500000
0N
#12505000
1-
b1111111111111111 +
b10010100011 <
1N
#12510000
0N
#12515000
0-
b1011000000 /
b0 +
b10010100100 <
1N
#12520000
0N
#12525000
b1111111111111111 +
1N
#12530000
0N
#12535000
b1111111111111111 +
b10010100101 <
1N
#12540000
0N
#12545000
b1111111111111111 +
b10010100110 <
1N
#12550000
0N
#12555000
b1111111111111111 +
b10010100111 <
1N
#12560000
0N
#12565000
b1111111111111111 +
b10010101000 <
1N
#12570000
0N
#12575000
b1111111111111111 +
b10010101001 <
1N
#12580000
0N
#12585000
b1111111111111111 +
b10010101010 <
1N
#12590000
0N
#12595000
b1111111111111111 +
b10010101011 <
1N
#12600000
0N
#12605000
b1111111111111111 +
b10010101100 <
1N
#12610000
0N
#12615000
b1111111111111111 +
b10010101101 <
1N
#12620000
0N
#12625000
b1111111111111111 +
b10010101110 <
1N
#12630000
0N
#12635000
b1111111111111111 +
b10010101111 <
1N
#12640000
0N
#12645000
b1111111111111111 +
b10010110000 <
1N
#12650000
0N
#12655000
b1111111111111111 +
b10010110001 <
1N
#12660000
0N
#12665000
b1111111111111111 +
b10010110010 <
1N
#12670000
0N
#12675000
b1111111111111111 +
b10010110011 <
1N
#12680000
0N
#12685000
b1111111111111111 +
b10010110100 <
1N
#12690000
0N
#12695000
b1111111111111111 +
b10010110101 <
1N
#12700000
0N
#12705000
b1111111111111111 +
b10010110110 <
1N
#12710000
0N
#12715000
b1111111111111111 +
b10010110111 <
1N
#12720000
0N
#12725000
b1111111111111111 +
b10010111000 <
1N
#12730000
0N
#12735000
b1111111111111111 +
b10010111001 <
1N
#12740000
0N
#12745000
b1111111111111111 +
b10010111010 <
1N
#12750000
0N
#12755000
b1111111111111111 +
b10010111011 <
1N
#12760000
0N
#12765000
b1111111111111111 +
b10010111100 <
1N
#12770000
0N
#12775000
b1111111111111111 +
b10010111101 <
1N
#12780000
0N
#12785000
1-
b1111111111111111 +
b10010111110 <
1N
#12790000
0N
#12795000
0-
b1011010000 /
b0 +
b10010111111 <
1N
#12800000
0N
#12805000
b1111111111111111 +
1N
#12810000
0N
#12815000
b1111111111111111 +
b10011000000 <
1N
#12820000
0N
#12825000
b1111111111111111 +
b10011000001 <
1N
#12830000
0N
#12835000
b1111111111111111 +
b10011000010 <
1N
#12840000
0N
#12845000
b1111111111111111 +
b10011000011 <
1N
#12850000
0N
#12855000
b1111111111111111 +
b10011000100 <
1N
#12860000
0N
#12865000
b1111111111111111 +
b10011000101 <
1N
#12870000
0N
#12875000
b1111111111111111 +
b10011000110 <
1N
#12880000
0N
#12885000
b1111111111111111 +
b10011000111 <
1N
#12890000
0N
#12895000
b1111111111111111 +
b10011001000 <
1N
#12900000
0N
#12905000
b1111111111111111 +
b10011001001 <
1N
#12910000
0N
#12915000
b1111111111111111 +
b10011001010 <
1N
#12920000
0N
#12925000
b1111111111111111 +
b10011001011 <
1N
#12930000
0N
#12935000
b1111111111111111 +
b10011001100 <
1N
#12940000
0N
#12945000
b1111111111111111 +
b10011001101 <
1N
#12950000
0N
#12955000
b1111111111111111 +
b10011001110 <
1N
#12960000
0N
#12965000
b1111111111111111 +
b10011001111 <
1N
#12970000
0N
#12975000
b1111111111111111 +
b10011010000 <
1N
#12980000
0N
#12985000
b1111111111111111 +
b10011010001 <
1N
#12990000
0N
#12995000
b1111111111111111 +
b10011010010 <
1N
#13000000
0N
#13005000
b1111111111111111 +
b10011010011 <
1N
#13010000
0N
#13015000
b1111111111111111 +
b10011010100 <
1N
#13020000
0N
#13025000
b1111111111111111 +
b10011010101 <
1N
#13030000
0N
#13035000
b1111111111111111 +
b10011010110 <
1N
#13040000
0N
#13045000
b1111111111111111 +
b10011010111 <
1N
#13050000
0N
#13055000
b1111111111111111 +
b10011011000 <
1N
#13060000
0N
#13065000
1-
b1111111111111111 +
b10011011001 <
1N
#13070000
0N
#13075000
0-
b1011100000 /
b0 +
b10011011010 <
1N
#13080000
0N
#13085000
b1111111111111111 +
1N
#13090000
0N
#13095000
b1111111111111111 +
b10011011011 <
1N
#13100000
0N
#13105000
b1111111111111111 +
b10011011100 <
1N
#13110000
0N
#13115000
b1111111111111111 +
b10011011101 <
1N
#13120000
0N
#13125000
b1111111111111111 +
b10011011110 <
1N
#13130000
0N
#13135000
b1111111111111111 +
b10011011111 <
1N
#13140000
0N
#13145000
b1111111111111111 +
b10011100000 <
1N
#13150000
0N
#13155000
b1111111111111111 +
b10011100001 <
1N
#13160000
0N
#13165000
b1111111111111111 +
b10011100010 <
1N
#13170000
0N
#13175000
b1111111111111111 +
b10011100011 <
1N
#13180000
0N
#13185000
b1111111111111111 +
b10011100100 <
1N
#13190000
0N
#13195000
b1111111111111111 +
b10011100101 <
1N
#13200000
0N
#13205000
b1111111111111111 +
b10011100110 <
1N
#13210000
0N
#13215000
b1111111111111111 +
b10011100111 <
1N
#13220000
0N
#13225000
b1111111111111111 +
b10011101000 <
1N
#13230000
0N
#13235000
b1111111111111111 +
b10011101001 <
1N
#13240000
0N
#13245000
b1111111111111111 +
b10011101010 <
1N
#13250000
0N
#13255000
b1111111111111111 +
b10011101011 <
1N
#13260000
0N
#13265000
b1111111111111111 +
b10011101100 <
1N
#13270000
0N
#13275000
b1111111111111111 +
b10011101101 <
1N
#13280000
0N
#13285000
b1111111111111111 +
b10011101110 <
1N
#13290000
0N
#13295000
b1111111111111111 +
b10011101111 <
1N
#13300000
0N
#13305000
b1111111111111111 +
b10011110000 <
1N
#13310000
0N
#13315000
b1111111111111111 +
b10011110001 <
1N
#13320000
0N
#13325000
b1111111111111111 +
b10011110010 <
1N
#13330000
0N
#13335000
b1111111111111111 +
b10011110011 <
1N
#13340000
0N
#13345000
1-
b1111111111111111 +
b10011110100 <
1N
#13350000
0N
#13355000
0-
b1011110000 /
b0 +
b10011110101 <
1N
#13360000
0N
#13365000
b1111111111111111 +
1N
#13370000
0N
#13375000
b1111111111111111 +
b10011110110 <
1N
#13380000
0N
#13385000
b1111111111111111 +
b10011110111 <
1N
#13390000
0N
#13395000
b1111111111111111 +
b10011111000 <
1N
#13400000
0N
#13405000
b1111111111111111 +
b10011111001 <
1N
#13410000
0N
#13415000
b1111111111111111 +
b10011111010 <
1N
#13420000
0N
#13425000
b1111111111111111 +
b10011111011 <
1N
#13430000
0N
#13435000
b1111111111111111 +
b10011111100 <
1N
#13440000
0N
#13445000
b1111111111111111 +
b10011111101 <
1N
#13450000
0N
#13455000
b1111111111111111 +
b10011111110 <
1N
#13460000
0N
#13465000
b1111111111111111 +
b10011111111 <
1N
#13470000
0N
#13475000
b1111111111111111 +
b10100000000 <
1N
#13480000
0N
#13485000
b1111111111111111 +
b10100000001 <
1N
#13490000
0N
#13495000
b1111111111111111 +
b10100000010 <
1N
#13500000
0N
#13505000
b1111111111111111 +
b10100000011 <
1N
#13510000
0N
#13515000
b1111111111111111 +
b10100000100 <
1N
#13520000
0N
#13525000
b1111111111111111 +
b10100000101 <
1N
#13530000
0N
#13535000
b1111111111111111 +
b10100000110 <
1N
#13540000
0N
#13545000
b1111111111111111 +
b10100000111 <
1N
#13550000
0N
#13555000
b1111111111111111 +
b10100001000 <
1N
#13560000
0N
#13565000
b1111111111111111 +
b10100001001 <
1N
#13570000
0N
#13575000
b1111111111111111 +
b10100001010 <
1N
#13580000
0N
#13585000
b1111111111111111 +
b10100001011 <
1N
#13590000
0N
#13595000
b1111111111111111 +
b10100001100 <
1N
#13600000
0N
#13605000
b1111111111111111 +
b10100001101 <
1N
#13610000
0N
#13615000
b1111111111111111 +
b10100001110 <
1N
#13620000
0N
#13625000
1-
b1111111111111111 +
b10100001111 <
1N
#13630000
0N
#13635000
0-
b1100000000 /
b0 +
b10100010000 <
1N
#13640000
0N
#13645000
b1111111111111111 +
1N
#13650000
0N
#13655000
b1111111111111111 +
b10100010001 <
1N
#13660000
0N
#13665000
b1111111111111111 +
b10100010010 <
1N
#13670000
0N
#13675000
b1111111111111111 +
b10100010011 <
1N
#13680000
0N
#13685000
b1111111111111111 +
b10100010100 <
1N
#13690000
0N
#13695000
b1111111111111111 +
b10100010101 <
1N
#13700000
0N
#13705000
b1111111111111111 +
b10100010110 <
1N
#13710000
0N
#13715000
b1111111111111111 +
b10100010111 <
1N
#13720000
0N
#13725000
b1111111111111111 +
b10100011000 <
1N
#13730000
0N
#13735000
b1111111111111111 +
b10100011001 <
1N
#13740000
0N
#13745000
b1111111111111111 +
b10100011010 <
1N
#13750000
0N
#13755000
b1111111111111111 +
b10100011011 <
1N
#13760000
0N
#13765000
b1111111111111111 +
b10100011100 <
1N
#13770000
0N
#13775000
b1111111111111111 +
b10100011101 <
1N
#13780000
0N
#13785000
b1111111111111111 +
b10100011110 <
1N
#13790000
0N
#13795000
b1111111111111111 +
b10100011111 <
1N
#13800000
0N
#13805000
b1111111111111111 +
b10100100000 <
1N
#13810000
0N
#13815000
b1111111111111111 +
b10100100001 <
1N
#13820000
0N
#13825000
b1111111111111111 +
b10100100010 <
1N
#13830000
0N
#13835000
b1111111111111111 +
b10100100011 <
1N
#13840000
0N
#13845000
b1111111111111111 +
b10100100100 <
1N
#13850000
0N
#13855000
b1111111111111111 +
b10100100101 <
1N
#13860000
0N
#13865000
b1111111111111111 +
b10100100110 <
1N
#13870000
0N
#13875000
b1111111111111111 +
b10100100111 <
1N
#13880000
0N
#13885000
b1111111111111111 +
b10100101000 <
1N
#13890000
0N
#13895000
b1111111111111111 +
b10100101001 <
1N
#13900000
0N
#13905000
1-
b1111111111111111 +
b10100101010 <
1N
#13910000
0N
#13915000
0-
b1100010000 /
b0 +
b10100101011 <
1N
#13920000
0N
#13925000
b1111111111111111 +
1N
#13930000
0N
#13935000
b1111111111111111 +
b10100101100 <
1N
#13940000
0N
#13945000
b1111111111111111 +
b10100101101 <
1N
#13950000
0N
#13955000
b1111111111111111 +
b10100101110 <
1N
#13960000
0N
#13965000
b1111111111111111 +
b10100101111 <
1N
#13970000
0N
#13975000
b1111111111111111 +
b10100110000 <
1N
#13980000
0N
#13985000
b1111111111111111 +
b10100110001 <
1N
#13990000
0N
#13995000
b1111111111111111 +
b10100110010 <
1N
#14000000
0N
#14005000
b1111111111111111 +
b10100110011 <
1N
#14010000
0N
#14015000
b1111111111111111 +
b10100110100 <
1N
#14020000
0N
#14025000
b1111111111111111 +
b10100110101 <
1N
#14030000
0N
#14035000
b1111111111111111 +
b10100110110 <
1N
#14040000
0N
#14045000
b1111111111111111 +
b10100110111 <
1N
#14050000
0N
#14055000
b1111111111111111 +
b10100111000 <
1N
#14060000
0N
#14065000
b1111111111111111 +
b10100111001 <
1N
#14070000
0N
#14075000
b1111111111111111 +
b10100111010 <
1N
#14080000
0N
#14085000
b1111111111111111 +
b10100111011 <
1N
#14090000
0N
#14095000
b1111111111111111 +
b10100111100 <
1N
#14100000
0N
#14105000
b1111111111111111 +
b10100111101 <
1N
#14110000
0N
#14115000
b1111111111111111 +
b10100111110 <
1N
#14120000
0N
#14125000
b1111111111111111 +
b10100111111 <
1N
#14130000
0N
#14135000
b1111111111111111 +
b10101000000 <
1N
#14140000
0N
#14145000
b1111111111111111 +
b10101000001 <
1N
#14150000
0N
#14155000
b1111111111111111 +
b10101000010 <
1N
#14160000
0N
#14165000
b1111111111111111 +
b10101000011 <
1N
#14170000
0N
#14175000
b1111111111111111 +
b10101000100 <
1N
#14180000
0N
#14185000
1-
b1111111111111111 +
b10101000101 <
1N
#14190000
0N
#14195000
0-
b1100100000 /
b0 +
b10101000110 <
1N
#14200000
0N
#14205000
b1111111111111111 +
1N
#14210000
0N
#14215000
b1111111111111111 +
b10101000111 <
1N
#14220000
0N
#14225000
b1111111111111111 +
b10101001000 <
1N
#14230000
0N
#14235000
b1111111111111111 +
b10101001001 <
1N
#14240000
0N
#14245000
b1111111111111111 +
b10101001010 <
1N
#14250000
0N
#14255000
b1111111111111111 +
b10101001011 <
1N
#14260000
0N
#14265000
b1111111111111111 +
b10101001100 <
1N
#14270000
0N
#14275000
b1111111111111111 +
b10101001101 <
1N
#14280000
0N
#14285000
b1111111111111111 +
b10101001110 <
1N
#14290000
0N
#14295000
b1111111111111111 +
b10101001111 <
1N
#14300000
0N
#14305000
b1111111111111111 +
b10101010000 <
1N
#14310000
0N
#14315000
b1111111111111111 +
b10101010001 <
1N
#14320000
0N
#14325000
b1111111111111111 +
b10101010010 <
1N
#14330000
0N
#14335000
b1111111111111111 +
b10101010011 <
1N
#14340000
0N
#14345000
b1111111111111111 +
b10101010100 <
1N
#14350000
0N
#14355000
b1111111111111111 +
b10101010101 <
1N
#14360000
0N
#14365000
b1111111111111111 +
b10101010110 <
1N
#14370000
0N
#14375000
b1111111111111111 +
b10101010111 <
1N
#14380000
0N
#14385000
b1111111111111111 +
b10101011000 <
1N
#14390000
0N
#14395000
b1111111111111111 +
b10101011001 <
1N
#14400000
0N
#14405000
b1111111111111111 +
b10101011010 <
1N
#14410000
0N
#14415000
b1111111111111111 +
b10101011011 <
1N
#14420000
0N
#14425000
b1111111111111111 +
b10101011100 <
1N
#14430000
0N
#14435000
b1111111111111111 +
b10101011101 <
1N
#14440000
0N
#14445000
b1111111111111111 +
b10101011110 <
1N
#14450000
0N
#14455000
b1111111111111111 +
b10101011111 <
1N
#14460000
0N
#14465000
1-
b1111111111111111 +
b10101100000 <
1N
#14470000
0N
#14475000
0-
b1100110000 /
b0 +
b10101100001 <
1N
#14480000
0N
#14485000
b1111111111111111 +
1N
#14490000
0N
#14495000
b1111111111111111 +
b10101100010 <
1N
#14500000
0N
#14505000
b1111111111111111 +
b10101100011 <
1N
#14510000
0N
#14515000
b1111111111111111 +
b10101100100 <
1N
#14520000
0N
#14525000
b1111111111111111 +
b10101100101 <
1N
#14530000
0N
#14535000
b1111111111111111 +
b10101100110 <
1N
#14540000
0N
#14545000
b1111111111111111 +
b10101100111 <
1N
#14550000
0N
#14555000
b1111111111111111 +
b10101101000 <
1N
#14560000
0N
#14565000
b1111111111111111 +
b10101101001 <
1N
#14570000
0N
#14575000
b1111111111111111 +
b10101101010 <
1N
#14580000
0N
#14585000
b1111111111111111 +
b10101101011 <
1N
#14590000
0N
#14595000
b1111111111111111 +
b10101101100 <
1N
#14600000
0N
#14605000
b1111111111111111 +
b10101101101 <
1N
#14610000
0N
#14615000
b1111111111111111 +
b10101101110 <
1N
#14620000
0N
#14625000
b1111111111111111 +
b10101101111 <
1N
#14630000
0N
#14635000
b1111111111111111 +
b10101110000 <
1N
#14640000
0N
#14645000
b1111111111111111 +
b10101110001 <
1N
#14650000
0N
#14655000
b1111111111111111 +
b10101110010 <
1N
#14660000
0N
#14665000
b1111111111111111 +
b10101110011 <
1N
#14670000
0N
#14675000
b1111111111111111 +
b10101110100 <
1N
#14680000
0N
#14685000
b1111111111111111 +
b10101110101 <
1N
#14690000
0N
#14695000
b1111111111111111 +
b10101110110 <
1N
#14700000
0N
#14705000
b1111111111111111 +
b10101110111 <
1N
#14710000
0N
#14715000
b1111111111111111 +
b10101111000 <
1N
#14720000
0N
#14725000
b1111111111111111 +
b10101111001 <
1N
#14730000
0N
#14735000
b1111111111111111 +
b10101111010 <
1N
#14740000
0N
#14745000
1-
b1111111111111111 +
b10101111011 <
1N
#14750000
0N
#14755000
0-
b1101000000 /
b0 +
b10101111100 <
1N
#14760000
0N
#14765000
b1111111111111111 +
1N
#14770000
0N
#14775000
b1111111111111111 +
b10101111101 <
1N
#14780000
0N
#14785000
b1111111111111111 +
b10101111110 <
1N
#14790000
0N
#14795000
b1111111111111111 +
b10101111111 <
1N
#14800000
0N
#14805000
b1111111111111111 +
b10110000000 <
1N
#14810000
0N
#14815000
b1111111111111111 +
b10110000001 <
1N
#14820000
0N
#14825000
b1111111111111111 +
b10110000010 <
1N
#14830000
0N
#14835000
b1111111111111111 +
b10110000011 <
1N
#14840000
0N
#14845000
b1111111111111111 +
b10110000100 <
1N
#14850000
0N
#14855000
b1111111111111111 +
b10110000101 <
1N
#14860000
0N
#14865000
b1111111111111111 +
b10110000110 <
1N
#14870000
0N
#14875000
b1111111111111111 +
b10110000111 <
1N
#14880000
0N
#14885000
b1111111111111111 +
b10110001000 <
1N
#14890000
0N
#14895000
b1111111111111111 +
b10110001001 <
1N
#14900000
0N
#14905000
b1111111111111111 +
b10110001010 <
1N
#14910000
0N
#14915000
b1111111111111111 +
b10110001011 <
1N
#14920000
0N
#14925000
b1111111111111111 +
b10110001100 <
1N
#14930000
0N
#14935000
b1111111111111111 +
b10110001101 <
1N
#14940000
0N
#14945000
b1111111111111111 +
b10110001110 <
1N
#14950000
0N
#14955000
b1111111111111111 +
b10110001111 <
1N
#14960000
0N
#14965000
b1111111111111111 +
b10110010000 <
1N
#14970000
0N
#14975000
b1111111111111111 +
b10110010001 <
1N
#14980000
0N
#14985000
b1111111111111111 +
b10110010010 <
1N
#14990000
0N
#14995000
b1111111111111111 +
b10110010011 <
1N
#15000000
0N
#15005000
b1111111111111111 +
b10110010100 <
1N
#15010000
0N
#15015000
b1111111111111111 +
b10110010101 <
1N
#15020000
0N
#15025000
1-
b1111111111111111 +
b10110010110 <
1N
#15030000
0N
#15035000
0-
b1101010000 /
b0 +
b10110010111 <
1N
#15040000
0N
#15045000
b1111111111111111 +
1N
#15050000
0N
#15055000
b1111111111111111 +
b10110011000 <
1N
#15060000
0N
#15065000
b1111111111111111 +
b10110011001 <
1N
#15070000
0N
#15075000
b1111111111111111 +
b10110011010 <
1N
#15080000
0N
#15085000
b1111111111111111 +
b10110011011 <
1N
#15090000
0N
#15095000
b1111111111111111 +
b10110011100 <
1N
#15100000
0N
#15105000
b1111111111111111 +
b10110011101 <
1N
#15110000
0N
#15115000
b1111111111111111 +
b10110011110 <
1N
#15120000
0N
#15125000
b1111111111111111 +
b10110011111 <
1N
#15130000
0N
#15135000
b1111111111111111 +
b10110100000 <
1N
#15140000
0N
#15145000
b1111111111111111 +
b10110100001 <
1N
#15150000
0N
#15155000
b1111111111111111 +
b10110100010 <
1N
#15160000
0N
#15165000
b1111111111111111 +
b10110100011 <
1N
#15170000
0N
#15175000
b1111111111111111 +
b10110100100 <
1N
#15180000
0N
#15185000
b1111111111111111 +
b10110100101 <
1N
#15190000
0N
#15195000
b1111111111111111 +
b10110100110 <
1N
#15200000
0N
#15205000
b1111111111111111 +
b10110100111 <
1N
#15210000
0N
#15215000
b1111111111111111 +
b10110101000 <
1N
#15220000
0N
#15225000
b1111111111111111 +
b10110101001 <
1N
#15230000
0N
#15235000
b1111111111111111 +
b10110101010 <
1N
#15240000
0N
#15245000
b1111111111111111 +
b10110101011 <
1N
#15250000
0N
#15255000
b1111111111111111 +
b10110101100 <
1N
#15260000
0N
#15265000
b1111111111111111 +
b10110101101 <
1N
#15270000
0N
#15275000
b1111111111111111 +
b10110101110 <
1N
#15280000
0N
#15285000
b1111111111111111 +
b10110101111 <
1N
#15290000
0N
#15295000
b1111111111111111 +
b10110110000 <
1N
#15300000
0N
#15305000
1-
b1111111111111111 +
b10110110001 <
1N
#15310000
0N
#15315000
0-
b1101100000 /
b0 +
b10110110010 <
1N
#15320000
0N
#15325000
b1111111111111111 +
1N
#15330000
0N
#15335000
b1111111111111111 +
b10110110011 <
1N
#15340000
0N
#15345000
b1111111111111111 +
b10110110100 <
1N
#15350000
0N
#15355000
b1111111111111111 +
b10110110101 <
1N
#15360000
0N
#15365000
b1111111111111111 +
b10110110110 <
1N
#15370000
0N
#15375000
b1111111111111111 +
b10110110111 <
1N
#15380000
0N
#15385000
b1111111111111111 +
b10110111000 <
1N
#15390000
0N
#15395000
b1111111111111111 +
b10110111001 <
1N
#15400000
0N
#15405000
b1111111111111111 +
b10110111010 <
1N
#15410000
0N
#15415000
b1111111111111111 +
b10110111011 <
1N
#15420000
0N
#15425000
b1111111111111111 +
b10110111100 <
1N
#15430000
0N
#15435000
b1111111111111111 +
b10110111101 <
1N
#15440000
0N
#15445000
b1111111111111111 +
b10110111110 <
1N
#15450000
0N
#15455000
b1111111111111111 +
b10110111111 <
1N
#15460000
0N
#15465000
b1111111111111111 +
b10111000000 <
1N
#15470000
0N
#15475000
b1111111111111111 +
b10111000001 <
1N
#15480000
0N
#15485000
b1111111111111111 +
b10111000010 <
1N
#15490000
0N
#15495000
b1111111111111111 +
b10111000011 <
1N
#15500000
0N
#15505000
b1111111111111111 +
b10111000100 <
1N
#15510000
0N
#15515000
b1111111111111111 +
b10111000101 <
1N
#15520000
0N
#15525000
b1111111111111111 +
b10111000110 <
1N
#15530000
0N
#15535000
b1111111111111111 +
b10111000111 <
1N
#15540000
0N
#15545000
b1111111111111111 +
b10111001000 <
1N
#15550000
0N
#15555000
b1111111111111111 +
b10111001001 <
1N
#15560000
0N
#15565000
b1111111111111111 +
b10111001010 <
1N
#15570000
0N
#15575000
b1111111111111111 +
b10111001011 <
1N
#15580000
0N
#15585000
1-
b1111111111111111 +
b10111001100 <
1N
#15590000
0N
#15595000
0-
b1101110000 /
b0 +
b10111001101 <
1N
#15600000
0N
#15605000
b1111111111111111 +
1N
#15610000
0N
#15615000
b1111111111111111 +
b10111001110 <
1N
#15620000
0N
#15625000
b1111111111111111 +
b10111001111 <
1N
#15630000
0N
#15635000
b1111111111111111 +
b10111010000 <
1N
#15640000
0N
#15645000
b1111111111111111 +
b10111010001 <
1N
#15650000
0N
#15655000
b1111111111111111 +
b10111010010 <
1N
#15660000
0N
#15665000
b1111111111111111 +
b10111010011 <
1N
#15670000
0N
#15675000
b1111111111111111 +
b10111010100 <
1N
#15680000
0N
#15685000
b1111111111111111 +
b10111010101 <
1N
#15690000
0N
#15695000
b1111111111111111 +
b10111010110 <
1N
#15700000
0N
#15705000
b1111111111111111 +
b10111010111 <
1N
#15710000
0N
#15715000
b1111111111111111 +
b10111011000 <
1N
#15720000
0N
#15725000
b1111111111111111 +
b10111011001 <
1N
#15730000
0N
#15735000
b1111111111111111 +
b10111011010 <
1N
#15740000
0N
#15745000
b1111111111111111 +
b10111011011 <
1N
#15750000
0N
#15755000
b1111111111111111 +
b10111011100 <
1N
#15760000
0N
#15765000
b1111111111111111 +
b10111011101 <
1N
#15770000
0N
#15775000
b1111111111111111 +
b10111011110 <
1N
#15780000
0N
#15785000
b1111111111111111 +
b10111011111 <
1N
#15790000
0N
#15795000
b1111111111111111 +
b10111100000 <
1N
#15800000
0N
#15805000
b1111111111111111 +
b10111100001 <
1N
#15810000
0N
#15815000
b1111111111111111 +
b10111100010 <
1N
#15820000
0N
#15825000
b1111111111111111 +
b10111100011 <
1N
#15830000
0N
#15835000
b1111111111111111 +
b10111100100 <
1N
#15840000
0N
#15845000
b1111111111111111 +
b10111100101 <
1N
#15850000
0N
#15855000
b1111111111111111 +
b10111100110 <
1N
#15860000
0N
#15865000
1-
b1111111111111111 +
b10111100111 <
1N
#15870000
0N
#15875000
0-
b1110000000 /
b0 +
b10111101000 <
1N
#15880000
0N
#15885000
b1111111111111111 +
1N
#15890000
0N
#15895000
b1111111111111111 +
b10111101001 <
1N
#15900000
0N
#15905000
b1111111111111111 +
b10111101010 <
1N
#15910000
0N
#15915000
b1111111111111111 +
b10111101011 <
1N
#15920000
0N
#15925000
b1111111111111111 +
b10111101100 <
1N
#15930000
0N
#15935000
b1111111111111111 +
b10111101101 <
1N
#15940000
0N
#15945000
b1111111111111111 +
b10111101110 <
1N
#15950000
0N
#15955000
b1111111111111111 +
b10111101111 <
1N
#15960000
0N
#15965000
b1111111111111111 +
b10111110000 <
1N
#15970000
0N
#15975000
b1111111111111111 +
b10111110001 <
1N
#15980000
0N
#15985000
b1111111111111111 +
b10111110010 <
1N
#15990000
0N
#15995000
b1111111111111111 +
b10111110011 <
1N
#16000000
0N
#16005000
b1111111111111111 +
b10111110100 <
1N
#16010000
0N
#16015000
b1111111111111111 +
b10111110101 <
1N
#16020000
0N
#16025000
b1111111111111111 +
b10111110110 <
1N
#16030000
0N
#16035000
b1111111111111111 +
b10111110111 <
1N
#16040000
0N
#16045000
b1111111111111111 +
b10111111000 <
1N
#16050000
0N
#16055000
b1111111111111111 +
b10111111001 <
1N
#16060000
0N
#16065000
b1111111111111111 +
b10111111010 <
1N
#16070000
0N
#16075000
b1111111111111111 +
b10111111011 <
1N
#16080000
0N
#16085000
b1111111111111111 +
b10111111100 <
1N
#16090000
0N
#16095000
b1111111111111111 +
b10111111101 <
1N
#16100000
0N
#16105000
b1111111111111111 +
b10111111110 <
1N
#16110000
0N
#16115000
b1111111111111111 +
b10111111111 <
1N
#16120000
0N
#16125000
b1111111111111111 +
b11000000000 <
1N
#16130000
0N
#16135000
b1111111111111111 +
b11000000001 <
1N
#16140000
0N
#16145000
1-
b1111111111111111 +
b11000000010 <
1N
#16150000
0N
#16155000
0-
b1110010000 /
b0 +
b11000000011 <
1N
#16160000
0N
#16165000
b1111111111111111 +
1N
#16170000
0N
#16175000
b1111111111111111 +
b11000000100 <
1N
#16180000
0N
#16185000
b1111111111111111 +
b11000000101 <
1N
#16190000
0N
#16195000
b1111111111111111 +
b11000000110 <
1N
#16200000
0N
#16205000
b1111111111111111 +
b11000000111 <
1N
#16210000
0N
#16215000
b1111111111111111 +
b11000001000 <
1N
#16220000
0N
#16225000
b1111111111111111 +
b11000001001 <
1N
#16230000
0N
#16235000
b1111111111111111 +
b11000001010 <
1N
#16240000
0N
#16245000
b1111111111111111 +
b11000001011 <
1N
#16250000
0N
#16255000
b1111111111111111 +
b11000001100 <
1N
#16260000
0N
#16265000
b1111111111111111 +
b11000001101 <
1N
#16270000
0N
#16275000
b1111111111111111 +
b11000001110 <
1N
#16280000
0N
#16285000
b1111111111111111 +
b11000001111 <
1N
#16290000
0N
#16295000
b1111111111111111 +
b11000010000 <
1N
#16300000
0N
#16305000
b1111111111111111 +
b11000010001 <
1N
#16310000
0N
#16315000
b1111111111111111 +
b11000010010 <
1N
#16320000
0N
#16325000
b1111111111111111 +
b11000010011 <
1N
#16330000
0N
#16335000
b1111111111111111 +
b11000010100 <
1N
#16340000
0N
#16345000
b1111111111111111 +
b11000010101 <
1N
#16350000
0N
#16355000
b1111111111111111 +
b11000010110 <
1N
#16360000
0N
#16365000
b1111111111111111 +
b11000010111 <
1N
#16370000
0N
#16375000
b1111111111111111 +
b11000011000 <
1N
#16380000
0N
#16385000
b1111111111111111 +
b11000011001 <
1N
#16390000
0N
#16395000
b1111111111111111 +
b11000011010 <
1N
#16400000
0N
#16405000
b1111111111111111 +
b11000011011 <
1N
#16410000
0N
#16415000
b1111111111111111 +
b11000011100 <
1N
#16420000
0N
#16425000
1-
b1111111111111111 +
b11000011101 <
1N
#16430000
0N
#16435000
0-
b1110100000 /
b0 +
b11000011110 <
1N
#16440000
0N
#16445000
b1111111111111111 +
1N
#16450000
0N
#16455000
b1111111111111111 +
b11000011111 <
1N
#16460000
0N
#16465000
b1111111111111111 +
b11000100000 <
1N
#16470000
0N
#16475000
b1111111111111111 +
b11000100001 <
1N
#16480000
0N
#16485000
b1111111111111111 +
b11000100010 <
1N
#16490000
0N
#16495000
b1111111111111111 +
b11000100011 <
1N
#16500000
0N
#16505000
b1111111111111111 +
b11000100100 <
1N
#16510000
0N
#16515000
b1111111111111111 +
b11000100101 <
1N
#16520000
0N
#16525000
b1111111111111111 +
b11000100110 <
1N
#16530000
0N
#16535000
b1111111111111111 +
b11000100111 <
1N
#16540000
0N
#16545000
b1111111111111111 +
b11000101000 <
1N
#16550000
0N
#16555000
b1111111111111111 +
b11000101001 <
1N
#16560000
0N
#16565000
b1111111111111111 +
b11000101010 <
1N
#16570000
0N
#16575000
b1111111111111111 +
b11000101011 <
1N
#16580000
0N
#16585000
b1111111111111111 +
b11000101100 <
1N
#16590000
0N
#16595000
b1111111111111111 +
b11000101101 <
1N
#16600000
0N
#16605000
b1111111111111111 +
b11000101110 <
1N
#16610000
0N
#16615000
b1111111111111111 +
b11000101111 <
1N
#16620000
0N
#16625000
b1111111111111111 +
b11000110000 <
1N
#16630000
0N
#16635000
b1111111111111111 +
b11000110001 <
1N
#16640000
0N
#16645000
b1111111111111111 +
b11000110010 <
1N
#16650000
0N
#16655000
b1111111111111111 +
b11000110011 <
1N
#16660000
0N
#16665000
b1111111111111111 +
b11000110100 <
1N
#16670000
0N
#16675000
b1111111111111111 +
b11000110101 <
1N
#16680000
0N
#16685000
b1111111111111111 +
b11000110110 <
1N
#16690000
0N
#16695000
b1111111111111111 +
b11000110111 <
1N
#16700000
0N
#16705000
1-
b1111111111111111 +
b11000111000 <
1N
#16710000
0N
#16715000
0-
b1110110000 /
b0 +
b11000111001 <
1N
#16720000
0N
#16725000
b1111111111111111 +
1N
#16730000
0N
#16735000
b1111111111111111 +
b11000111010 <
1N
#16740000
0N
#16745000
b1111111111111111 +
b11000111011 <
1N
#16750000
0N
#16755000
b1111111111111111 +
b11000111100 <
1N
#16760000
0N
#16765000
b1111111111111111 +
b11000111101 <
1N
#16770000
0N
#16775000
b1111111111111111 +
b11000111110 <
1N
#16780000
0N
#16785000
b1111111111111111 +
b11000111111 <
1N
#16790000
0N
#16795000
b1111111111111111 +
b11001000000 <
1N
#16800000
0N
#16805000
b1111111111111111 +
b11001000001 <
1N
#16810000
0N
#16815000
b1111111111111111 +
b11001000010 <
1N
#16820000
0N
#16825000
b1111111111111111 +
b11001000011 <
1N
#16830000
0N
#16835000
b1111111111111111 +
b11001000100 <
1N
#16840000
0N
#16845000
b1111111111111111 +
b11001000101 <
1N
#16850000
0N
#16855000
b1111111111111111 +
b11001000110 <
1N
#16860000
0N
#16865000
b1111111111111111 +
b11001000111 <
1N
#16870000
0N
#16875000
b1111111111111111 +
b11001001000 <
1N
#16880000
0N
#16885000
b1111111111111111 +
b11001001001 <
1N
#16890000
0N
#16895000
b1111111111111111 +
b11001001010 <
1N
#16900000
0N
#16905000
b1111111111111111 +
b11001001011 <
1N
#16910000
0N
#16915000
b1111111111111111 +
b11001001100 <
1N
#16920000
0N
#16925000
b1111111111111111 +
b11001001101 <
1N
#16930000
0N
#16935000
b1111111111111111 +
b11001001110 <
1N
#16940000
0N
#16945000
b1111111111111111 +
b11001001111 <
1N
#16950000
0N
#16955000
b1111111111111111 +
b11001010000 <
1N
#16960000
0N
#16965000
b1111111111111111 +
b11001010001 <
1N
#16970000
0N
#16975000
b1111111111111111 +
b11001010010 <
1N
#16980000
0N
#16985000
1-
b1111111111111111 +
b11001010011 <
1N
#16990000
0N
#16995000
0-
b1111000000 /
b0 +
b11001010100 <
1N
#17000000
0N
#17005000
b1111111111111111 +
1N
#17010000
0N
#17015000
b1111111111111111 +
b11001010101 <
1N
#17020000
0N
#17025000
b1111111111111111 +
b11001010110 <
1N
#17030000
0N
#17035000
b1111111111111111 +
b11001010111 <
1N
#17040000
0N
#17045000
b1111111111111111 +
b11001011000 <
1N
#17050000
0N
#17055000
b1111111111111111 +
b11001011001 <
1N
#17060000
0N
#17065000
b1111111111111111 +
b11001011010 <
1N
#17070000
0N
#17075000
b1111111111111111 +
b11001011011 <
1N
#17080000
0N
#17085000
b1111111111111111 +
b11001011100 <
1N
#17090000
0N
#17095000
b1111111111111111 +
b11001011101 <
1N
#17100000
0N
#17105000
b1111111111111111 +
b11001011110 <
1N
#17110000
0N
#17115000
b1111111111111111 +
b11001011111 <
1N
#17120000
0N
#17125000
b1111111111111111 +
b11001100000 <
1N
#17130000
0N
#17135000
b1111111111111111 +
b11001100001 <
1N
#17140000
0N
#17145000
b1111111111111111 +
b11001100010 <
1N
#17150000
0N
#17155000
b1111111111111111 +
b11001100011 <
1N
#17160000
0N
#17165000
b1111111111111111 +
b11001100100 <
1N
#17170000
0N
#17175000
b1111111111111111 +
b11001100101 <
1N
#17180000
0N
#17185000
b1111111111111111 +
b11001100110 <
1N
#17190000
0N
#17195000
b1111111111111111 +
b11001100111 <
1N
#17200000
0N
#17205000
b1111111111111111 +
b11001101000 <
1N
#17210000
0N
#17215000
b1111111111111111 +
b11001101001 <
1N
#17220000
0N
#17225000
b1111111111111111 +
b11001101010 <
1N
#17230000
0N
#17235000
b1111111111111111 +
b11001101011 <
1N
#17240000
0N
#17245000
b1111111111111111 +
b11001101100 <
1N
#17250000
0N
#17255000
b1111111111111111 +
b11001101101 <
1N
#17260000
0N
#17265000
1-
b1111111111111111 +
b11001101110 <
1N
#17270000
0N
#17275000
0-
b1111010000 /
b0 +
b11001101111 <
1N
#17280000
0N
#17285000
b1111111111111111 +
1N
#17290000
0N
#17295000
b1111111111111111 +
b11001110000 <
1N
#17300000
0N
#17305000
b1111111111111111 +
b11001110001 <
1N
#17310000
0N
#17315000
b1111111111111111 +
b11001110010 <
1N
#17320000
0N
#17325000
b1111111111111111 +
b11001110011 <
1N
#17330000
0N
#17335000
b1111111111111111 +
b11001110100 <
1N
#17340000
0N
#17345000
b1111111111111111 +
b11001110101 <
1N
#17350000
0N
#17355000
b1111111111111111 +
b11001110110 <
1N
#17360000
0N
#17365000
b1111111111111111 +
b11001110111 <
1N
#17370000
0N
#17375000
b1111111111111111 +
b11001111000 <
1N
#17380000
0N
#17385000
b1111111111111111 +
b11001111001 <
1N
#17390000
0N
#17395000
b1111111111111111 +
b11001111010 <
1N
#17400000
0N
#17405000
b1111111111111111 +
b11001111011 <
1N
#17410000
0N
#17415000
b1111111111111111 +
b11001111100 <
1N
#17420000
0N
#17425000
b1111111111111111 +
b11001111101 <
1N
#17430000
0N
#17435000
b1111111111111111 +
b11001111110 <
1N
#17440000
0N
#17445000
b1111111111111111 +
b11001111111 <
1N
#17450000
0N
#17455000
b1111111111111111 +
b11010000000 <
1N
#17460000
0N
#17465000
b1111111111111111 +
b11010000001 <
1N
#17470000
0N
#17475000
b1111111111111111 +
b11010000010 <
1N
#17480000
0N
#17485000
b1111111111111111 +
b11010000011 <
1N
#17490000
0N
#17495000
b1111111111111111 +
b11010000100 <
1N
#17500000
0N
#17505000
b1111111111111111 +
b11010000101 <
1N
#17510000
0N
#17515000
b1111111111111111 +
b11010000110 <
1N
#17520000
0N
#17525000
b1111111111111111 +
b11010000111 <
1N
#17530000
0N
#17535000
b1111111111111111 +
b11010001000 <
1N
#17540000
0N
#17545000
1-
b1111111111111111 +
b11010001001 <
1N
#17550000
0N
#17555000
0-
b1111100000 /
b0 +
b11010001010 <
1N
#17560000
0N
#17565000
b1111111111111111 +
1N
#17570000
0N
#17575000
b1111111111111111 +
b11010001011 <
1N
#17580000
0N
#17585000
b1111111111111111 +
b11010001100 <
1N
#17590000
0N
#17595000
b1111111111111111 +
b11010001101 <
1N
#17600000
0N
#17605000
b1111111111111111 +
b11010001110 <
1N
#17610000
0N
#17615000
b1111111111111111 +
b11010001111 <
1N
#17620000
0N
#17625000
b1111111111111111 +
b11010010000 <
1N
#17630000
0N
#17635000
b1111111111111111 +
b11010010001 <
1N
#17640000
0N
#17645000
b1111111111111111 +
b11010010010 <
1N
#17650000
0N
#17655000
b1111111111111111 +
b11010010011 <
1N
#17660000
0N
#17665000
b1111111111111111 +
b11010010100 <
1N
#17670000
0N
#17675000
b1111111111111111 +
b11010010101 <
1N
#17680000
0N
#17685000
b1111111111111111 +
b11010010110 <
1N
#17690000
0N
#17695000
b1111111111111111 +
b11010010111 <
1N
#17700000
0N
#17705000
b1111111111111111 +
b11010011000 <
1N
#17710000
0N
#17715000
b1111111111111111 +
b11010011001 <
1N
#17720000
0N
#17725000
b1111111111111111 +
b11010011010 <
1N
#17730000
0N
#17735000
b1111111111111111 +
b11010011011 <
1N
#17740000
0N
#17745000
b1111111111111111 +
b11010011100 <
1N
#17750000
0N
#17755000
b1111111111111111 +
b11010011101 <
1N
#17760000
0N
#17765000
b1111111111111111 +
b11010011110 <
1N
#17770000
0N
#17775000
b1111111111111111 +
b11010011111 <
1N
#17780000
0N
#17785000
b1111111111111111 +
b11010100000 <
1N
#17790000
0N
#17795000
b1111111111111111 +
b11010100001 <
1N
#17800000
0N
#17805000
b1111111111111111 +
b11010100010 <
1N
#17810000
0N
#17815000
b1111111111111111 +
b11010100011 <
1N
#17820000
0N
#17825000
1-
b1111111111111111 +
b11010100100 <
1N
#17830000
0N
#17835000
0-
b1111110000 /
b0 +
b11010100101 <
1N
#17840000
0N
#17845000
b1111111111111111 +
1N
#17850000
0N
#17855000
b1111111111111111 +
b11010100110 <
1N
#17860000
0N
#17865000
b1111111111111111 +
b11010100111 <
1N
#17870000
0N
#17875000
b1111111111111111 +
b11010101000 <
1N
#17880000
0N
#17885000
b1111111111111111 +
b11010101001 <
1N
#17890000
0N
#17895000
b1111111111111111 +
b11010101010 <
1N
#17900000
0N
#17905000
b1111111111111111 +
b11010101011 <
1N
#17910000
0N
#17915000
b1111111111111111 +
b11010101100 <
1N
#17920000
0N
#17925000
b1111111111111111 +
b11010101101 <
1N
#17930000
0N
#17935000
b1111111111111111 +
b11010101110 <
1N
#17940000
0N
#17945000
b1111111111111111 +
b11010101111 <
1N
#17950000
0N
#17955000
b1111111111111111 +
b11010110000 <
1N
#17960000
0N
#17965000
b1111111111111111 +
b11010110001 <
1N
#17970000
0N
#17975000
b1111111111111111 +
b11010110010 <
1N
#17980000
0N
#17985000
b1111111111111111 +
b11010110011 <
1N
#17990000
0N
#17995000
b1111111111111111 +
b11010110100 <
1N
#18000000
0N
#18005000
b1111111111111111 +
b11010110101 <
1N
#18010000
0N
#18015000
b1111111111111111 +
b11010110110 <
1N
#18020000
0N
#18025000
b1111111111111111 +
b11010110111 <
1N
#18030000
0N
#18035000
b1111111111111111 +
b11010111000 <
1N
#18040000
0N
#18045000
b1111111111111111 +
b11010111001 <
1N
#18050000
0N
#18055000
b1111111111111111 +
b11010111010 <
1N
#18060000
0N
#18065000
b1111111111111111 +
b11010111011 <
1N
#18070000
0N
#18075000
b1111111111111111 +
b11010111100 <
1N
#18080000
0N
#18085000
b1111111111111111 +
b11010111101 <
1N
#18090000
0N
#18095000
b1111111111111111 +
b11010111110 <
1N
#18100000
0N
#18105000
1-
b1111111111111111 +
b11010111111 <
1N
#18110000
0N
#18115000
0-
b0 +
b11011000000 <
1N
#18120000
0N
#18125000
b100011011001101 O
1.
1;
0=
1N
#18126000
b1000000 ^
b10000000000 ]
#18130000
b1111111111111111 ,
b1 X
1W
0N
#18135000
0.
0;
0M
1N
#18140000
1V
0N
#18145000
b0 "
b0 0
b0 (
b0 #
b0 $
b0 !
b0 4
0Q
1N
#18150000
0V
0N
#18155000
1N
#18160000
b1 Z
1[
0N
#18165000
b10000000000000000 0
b1 #
b1 $
b1 4
1N
#18170000
0[
0N
#18175000
1N
#18180000
b0 Z
1[
0N
#18185000
b100000000000000 "
b1000000000000000 (
b1000000000000000 0
b1 !
b10 4
1N
#18190000
0[
0N
#18195000
1N
#18200000
b1 Z
1[
0N
#18205000
b11100011100100 "
b1010101010101010 0
b101010101010101 (
b10 #
b10 $
b11 4
1N
#18210000
0[
0N
#18215000
1N
#18220000
b0 Z
1[
0N
#18225000
b100000000000000 "
b1000000000000000 0
b1000000000000000 (
b10 !
b100 4
1N
#18230000
0[
0N
#18235000
1N
#18240000
1S
0N
#18245000
b100000000000000 "
b1000000000000000 0
b1000000000000000 (
11
1%
b100011101000101 T
1N
#18250000
0S
0N
#18255000
b100000000000000 "
b1000000000000000 0
b1000000000000000 (
01
13
0%
1N
#18260000
0N
#18265000
b100011101011001 R
03
18
1N
#18270000
0N
#18275000
b100011101100011 P
b10 \
b11111111111111111111111111111111 ,
b100000 ?
b1 )
1:
1*
b1 >
08
1Q
1N
#18280000
0N
#18285000
b0 /
1=
b0 <
0:
0*
1N
#18286000
b1000000 ^
#18290000
b11111111111111111111111111111111 ,
b0 X
0N
#18295000
b11111111111111111111111111111111 +
b1 L
1M
1N
#18300000
0N
#18305000
b11111111111111111111111111111111 +
b1 <
1N
#18310000
0N
#18315000
b11111111111111111111111111111111 +
b10 <
1N
#18320000
0N
#18325000
b11111111111111111111111111111111 +
b11 <
1N
#18330000
b1000000 ^
0N
#18335000
b11111111111111111111111111111111 +
b100 <
1N
#18340000
0N
#18345000
b11111111111111111111111111111111 +
b101 <
1N
#18350000
0N
#18355000
b11111111111111111111111111111111 +
b110 <
1N
#18360000
0N
#18365000
b11111111111111111111111111111111 +
b111 <
1N
#18370000
0N
#18375000
b11111111111111111111111111111111 +
b1000 <
1N
#18380000
0N
#18385000
b11111111111111111111111111111111 +
b1001 <
1N
#18390000
0N
#18395000
b11111111111111111111111111111111 +
b1010 <
1N
#18400000
0N
#18405000
b11111111111111111111111111111111 +
b1011 <
1N
#18410000
0N
#18415000
b11111111111111111111111111111111 +
b1100 <
1N
#18420000
0N
#18425000
b11111111111111111111111111111111 +
b1101 <
1N
#18430000
0N
#18435000
b11111111111111111111111111111111 +
b1110 <
1N
#18440000
0N
#18445000
b11111111111111111111111111111111 +
b1111 <
1N
#18450000
0N
#18455000
b11111111111111111111111111111111 +
b10000 <
1N
#18460000
0N
#18465000
b11111111111111111111111111111111 +
b10001 <
1N
#18470000
0N
#18475000
b11111111111111111111111111111111 +
b10010 <
1N
#18480000
0N
#18485000
b11111111111111111111111111111111 +
b10011 <
1N
#18490000
0N
#18495000
b11111111111111111111111111111111 +
b10100 <
1N
#18500000
0N
#18505000
b11111111111111111111111111111111 +
b10101 <
1N
#18510000
0N
#18515000
b11111111111111111111111111111111 +
b10110 <
1N
#18520000
0N
#18525000
b11111111111111111111111111111111 +
b10111 <
1N
#18530000
0N
#18535000
b11111111111111111111111111111111 +
b11000 <
1N
#18540000
0N
#18545000
b11111111111111111111111111111111 +
b11001 <
1N
#18550000
0N
#18555000
1-
b11111111111111111111111111111111 +
b11010 <
1N
#18560000
0N
#18565000
0-
b100000 /
b0 +
b11011 <
1N
#18570000
0N
#18575000
b11111111111111111111111111111111 +
1N
#18580000
0N
#18585000
b11111111111111111111111111111111 +
b11100 <
1N
#18590000
0N
#18595000
b11111111111111111111111111111111 +
b11101 <
1N
#18600000
0N
#18605000
b11111111111111111111111111111111 +
b11110 <
1N
#18610000
0N
#18615000
b11111111111111111111111111111111 +
b11111 <
1N
#18620000
0N
#18625000
b11111111111111111111111111111111 +
b100000 <
1N
#18630000
0N
#18635000
b11111111111111111111111111111111 +
b100001 <
1N
#18640000
0N
#18645000
b11111111111111111111111111111111 +
b100010 <
1N
#18650000
0N
#18655000
b11111111111111111111111111111111 +
b100011 <
1N
#18660000
0N
#18665000
b11111111111111111111111111111111 +
b100100 <
1N
#18670000
0N
#18675000
b11111111111111111111111111111111 +
b100101 <
1N
#18680000
0N
#18685000
b11111111111111111111111111111111 +
b100110 <
1N
#18690000
0N
#18695000
b11111111111111111111111111111111 +
b100111 <
1N
#18700000
0N
#18705000
b11111111111111111111111111111111 +
b101000 <
1N
#18710000
0N
#18715000
b11111111111111111111111111111111 +
b101001 <
1N
#18720000
0N
#18725000
b11111111111111111111111111111111 +
b101010 <
1N
#18730000
0N
#18735000
b11111111111111111111111111111111 +
b101011 <
1N
#18740000
0N
#18745000
b11111111111111111111111111111111 +
b101100 <
1N
#18750000
0N
#18755000
b11111111111111111111111111111111 +
b101101 <
1N
#18760000
0N
#18765000
b11111111111111111111111111111111 +
b101110 <
1N
#18770000
0N
#18775000
b11111111111111111111111111111111 +
b101111 <
1N
#18780000
0N
#18785000
b11111111111111111111111111111111 +
b110000 <
1N
#18790000
0N
#18795000
b11111111111111111111111111111111 +
b110001 <
1N
#18800000
0N
#18805000
b11111111111111111111111111111111 +
b110010 <
1N
#18810000
0N
#18815000
b11111111111111111111111111111111 +
b110011 <
1N
#18820000
0N
#18825000
b11111111111111111111111111111111 +
b110100 <
1N
#18830000
0N
#18835000
1-
b11111111111111111111111111111111 +
b110101 <
1N
#18840000
0N
#18845000
0-
b1000000 /
b0 +
b110110 <
1N
#18850000
0N
#18855000
b11111111111111111111111111111111 +
1N
#18860000
0N
#18865000
b11111111111111111111111111111111 +
b110111 <
1N
#18870000
0N
#18875000
b11111111111111111111111111111111 +
b111000 <
1N
#18880000
0N
#18885000
b11111111111111111111111111111111 +
b111001 <
1N
#18890000
0N
#18895000
b11111111111111111111111111111111 +
b111010 <
1N
#18900000
0N
#18905000
b11111111111111111111111111111111 +
b111011 <
1N
#18910000
0N
#18915000
b11111111111111111111111111111111 +
b111100 <
1N
#18920000
0N
#18925000
b11111111111111111111111111111111 +
b111101 <
1N
#18930000
0N
#18935000
b11111111111111111111111111111111 +
b111110 <
1N
#18940000
0N
#18945000
b11111111111111111111111111111111 +
b111111 <
1N
#18950000
0N
#18955000
b11111111111111111111111111111111 +
b1000000 <
1N
#18960000
0N
#18965000
b11111111111111111111111111111111 +
b1000001 <
1N
#18970000
0N
#18975000
b11111111111111111111111111111111 +
b1000010 <
1N
#18980000
0N
#18985000
b11111111111111111111111111111111 +
b1000011 <
1N
#18990000
0N
#18995000
b11111111111111111111111111111111 +
b1000100 <
1N
#19000000
0N
#19005000
b11111111111111111111111111111111 +
b1000101 <
1N
#19010000
0N
#19015000
b11111111111111111111111111111111 +
b1000110 <
1N
#19020000
0N
#19025000
b11111111111111111111111111111111 +
b1000111 <
1N
#19030000
0N
#19035000
b11111111111111111111111111111111 +
b1001000 <
1N
#19040000
0N
#19045000
b11111111111111111111111111111111 +
b1001001 <
1N
#19050000
0N
#19055000
b11111111111111111111111111111111 +
b1001010 <
1N
#19060000
0N
#19065000
b11111111111111111111111111111111 +
b1001011 <
1N
#19070000
0N
#19075000
b11111111111111111111111111111111 +
b1001100 <
1N
#19080000
0N
#19085000
b11111111111111111111111111111111 +
b1001101 <
1N
#19090000
0N
#19095000
b11111111111111111111111111111111 +
b1001110 <
1N
#19100000
0N
#19105000
b11111111111111111111111111111111 +
b1001111 <
1N
#19110000
0N
#19115000
1-
b11111111111111111111111111111111 +
b1010000 <
1N
#19120000
0N
#19125000
0-
b1100000 /
b0 +
b1010001 <
1N
#19130000
0N
#19135000
b11111111111111111111111111111111 +
1N
#19140000
0N
#19145000
b11111111111111111111111111111111 +
b1010010 <
1N
#19150000
0N
#19155000
b11111111111111111111111111111111 +
b1010011 <
1N
#19160000
0N
#19165000
b11111111111111111111111111111111 +
b1010100 <
1N
#19170000
0N
#19175000
b11111111111111111111111111111111 +
b1010101 <
1N
#19180000
0N
#19185000
b11111111111111111111111111111111 +
b1010110 <
1N
#19190000
0N
#19195000
b11111111111111111111111111111111 +
b1010111 <
1N
#19200000
0N
#19205000
b11111111111111111111111111111111 +
b1011000 <
1N
#19210000
0N
#19215000
b11111111111111111111111111111111 +
b1011001 <
1N
#19220000
0N
#19225000
b11111111111111111111111111111111 +
b1011010 <
1N
#19230000
0N
#19235000
b11111111111111111111111111111111 +
b1011011 <
1N
#19240000
0N
#19245000
b11111111111111111111111111111111 +
b1011100 <
1N
#19250000
0N
#19255000
b11111111111111111111111111111111 +
b1011101 <
1N
#19260000
0N
#19265000
b11111111111111111111111111111111 +
b1011110 <
1N
#19270000
0N
#19275000
b11111111111111111111111111111111 +
b1011111 <
1N
#19280000
0N
#19285000
b11111111111111111111111111111111 +
b1100000 <
1N
#19290000
0N
#19295000
b11111111111111111111111111111111 +
b1100001 <
1N
#19300000
0N
#19305000
b11111111111111111111111111111111 +
b1100010 <
1N
#19310000
0N
#19315000
b11111111111111111111111111111111 +
b1100011 <
1N
#19320000
0N
#19325000
b11111111111111111111111111111111 +
b1100100 <
1N
#19330000
0N
#19335000
b11111111111111111111111111111111 +
b1100101 <
1N
#19340000
0N
#19345000
b11111111111111111111111111111111 +
b1100110 <
1N
#19350000
0N
#19355000
b11111111111111111111111111111111 +
b1100111 <
1N
#19360000
0N
#19365000
b11111111111111111111111111111111 +
b1101000 <
1N
#19370000
0N
#19375000
b11111111111111111111111111111111 +
b1101001 <
1N
#19380000
0N
#19385000
b11111111111111111111111111111111 +
b1101010 <
1N
#19390000
0N
#19395000
1-
b11111111111111111111111111111111 +
b1101011 <
1N
#19400000
0N
#19405000
0-
b10000000 /
b0 +
b1101100 <
1N
#19410000
0N
#19415000
b11111111111111111111111111111111 +
1N
#19420000
0N
#19425000
b11111111111111111111111111111111 +
b1101101 <
1N
#19430000
0N
#19435000
b11111111111111111111111111111111 +
b1101110 <
1N
#19440000
0N
#19445000
b11111111111111111111111111111111 +
b1101111 <
1N
#19450000
0N
#19455000
b11111111111111111111111111111111 +
b1110000 <
1N
#19460000
0N
#19465000
b11111111111111111111111111111111 +
b1110001 <
1N
#19470000
0N
#19475000
b11111111111111111111111111111111 +
b1110010 <
1N
#19480000
0N
#19485000
b11111111111111111111111111111111 +
b1110011 <
1N
#19490000
0N
#19495000
b11111111111111111111111111111111 +
b1110100 <
1N
#19500000
0N
#19505000
b11111111111111111111111111111111 +
b1110101 <
1N
#19510000
0N
#19515000
b11111111111111111111111111111111 +
b1110110 <
1N
#19520000
0N
#19525000
b11111111111111111111111111111111 +
b1110111 <
1N
#19530000
0N
#19535000
b11111111111111111111111111111111 +
b1111000 <
1N
#19540000
0N
#19545000
b11111111111111111111111111111111 +
b1111001 <
1N
#19550000
0N
#19555000
b11111111111111111111111111111111 +
b1111010 <
1N
#19560000
0N
#19565000
b11111111111111111111111111111111 +
b1111011 <
1N
#19570000
0N
#19575000
b11111111111111111111111111111111 +
b1111100 <
1N
#19580000
0N
#19585000
b11111111111111111111111111111111 +
b1111101 <
1N
#19590000
0N
#19595000
b11111111111111111111111111111111 +
b1111110 <
1N
#19600000
0N
#19605000
b11111111111111111111111111111111 +
b1111111 <
1N
#19610000
0N
#19615000
b11111111111111111111111111111111 +
b10000000 <
1N
#19620000
0N
#19625000
b11111111111111111111111111111111 +
b10000001 <
1N
#19630000
0N
#19635000
b11111111111111111111111111111111 +
b10000010 <
1N
#19640000
0N
#19645000
b11111111111111111111111111111111 +
b10000011 <
1N
#19650000
0N
#19655000
b11111111111111111111111111111111 +
b10000100 <
1N
#19660000
0N
#19665000
b11111111111111111111111111111111 +
b10000101 <
1N
#19670000
0N
#19675000
1-
b11111111111111111111111111111111 +
b10000110 <
1N
#19680000
0N
#19685000
0-
b10100000 /
b0 +
b10000111 <
1N
#19690000
0N
#19695000
b11111111111111111111111111111111 +
1N
#19700000
0N
#19705000
b11111111111111111111111111111111 +
b10001000 <
1N
#19710000
0N
#19715000
b11111111111111111111111111111111 +
b10001001 <
1N
#19720000
0N
#19725000
b11111111111111111111111111111111 +
b10001010 <
1N
#19730000
0N
#19735000
b11111111111111111111111111111111 +
b10001011 <
1N
#19740000
0N
#19745000
b11111111111111111111111111111111 +
b10001100 <
1N
#19750000
0N
#19755000
b11111111111111111111111111111111 +
b10001101 <
1N
#19760000
0N
#19765000
b11111111111111111111111111111111 +
b10001110 <
1N
#19770000
0N
#19775000
b11111111111111111111111111111111 +
b10001111 <
1N
#19780000
0N
#19785000
b11111111111111111111111111111111 +
b10010000 <
1N
#19790000
0N
#19795000
b11111111111111111111111111111111 +
b10010001 <
1N
#19800000
0N
#19805000
b11111111111111111111111111111111 +
b10010010 <
1N
#19810000
0N
#19815000
b11111111111111111111111111111111 +
b10010011 <
1N
#19820000
0N
#19825000
b11111111111111111111111111111111 +
b10010100 <
1N
#19830000
0N
#19835000
b11111111111111111111111111111111 +
b10010101 <
1N
#19840000
0N
#19845000
b11111111111111111111111111111111 +
b10010110 <
1N
#19850000
0N
#19855000
b11111111111111111111111111111111 +
b10010111 <
1N
#19860000
0N
#19865000
b11111111111111111111111111111111 +
b10011000 <
1N
#19870000
0N
#19875000
b11111111111111111111111111111111 +
b10011001 <
1N
#19880000
0N
#19885000
b11111111111111111111111111111111 +
b10011010 <
1N
#19890000
0N
#19895000
b11111111111111111111111111111111 +
b10011011 <
1N
#19900000
0N
#19905000
b11111111111111111111111111111111 +
b10011100 <
1N
#19910000
0N
#19915000
b11111111111111111111111111111111 +
b10011101 <
1N
#19920000
0N
#19925000
b11111111111111111111111111111111 +
b10011110 <
1N
#19930000
0N
#19935000
b11111111111111111111111111111111 +
b10011111 <
1N
#19940000
0N
#19945000
b11111111111111111111111111111111 +
b10100000 <
1N
#19950000
0N
#19955000
1-
b11111111111111111111111111111111 +
b10100001 <
1N
#19960000
0N
#19965000
0-
b11000000 /
b0 +
b10100010 <
1N
#19970000
0N
#19975000
b11111111111111111111111111111111 +
1N
#19980000
0N
#19985000
b11111111111111111111111111111111 +
b10100011 <
1N
#19990000
0N
#19995000
b11111111111111111111111111111111 +
b10100100 <
1N
#20000000
0N
#20005000
b11111111111111111111111111111111 +
b10100101 <
1N
#20010000
0N
#20015000
b11111111111111111111111111111111 +
b10100110 <
1N
#20020000
0N
#20025000
b11111111111111111111111111111111 +
b10100111 <
1N
#20030000
0N
#20035000
b11111111111111111111111111111111 +
b10101000 <
1N
#20040000
0N
#20045000
b11111111111111111111111111111111 +
b10101001 <
1N
#20050000
0N
#20055000
b11111111111111111111111111111111 +
b10101010 <
1N
#20060000
0N
#20065000
b11111111111111111111111111111111 +
b10101011 <
1N
#20070000
0N
#20075000
b11111111111111111111111111111111 +
b10101100 <
1N
#20080000
0N
#20085000
b11111111111111111111111111111111 +
b10101101 <
1N
#20090000
0N
#20095000
b11111111111111111111111111111111 +
b10101110 <
1N
#20100000
0N
#20105000
b11111111111111111111111111111111 +
b10101111 <
1N
#20110000
0N
#20115000
b11111111111111111111111111111111 +
b10110000 <
1N
#20120000
0N
#20125000
b11111111111111111111111111111111 +
b10110001 <
1N
#20130000
0N
#20135000
b11111111111111111111111111111111 +
b10110010 <
1N
#20140000
0N
#20145000
b11111111111111111111111111111111 +
b10110011 <
1N
#20150000
0N
#20155000
b11111111111111111111111111111111 +
b10110100 <
1N
#20160000
0N
#20165000
b11111111111111111111111111111111 +
b10110101 <
1N
#20170000
0N
#20175000
b11111111111111111111111111111111 +
b10110110 <
1N
#20180000
0N
#20185000
b11111111111111111111111111111111 +
b10110111 <
1N
#20190000
0N
#20195000
b11111111111111111111111111111111 +
b10111000 <
1N
#20200000
0N
#20205000
b11111111111111111111111111111111 +
b10111001 <
1N
#20210000
0N
#20215000
b11111111111111111111111111111111 +
b10111010 <
1N
#20220000
0N
#20225000
b11111111111111111111111111111111 +
b10111011 <
1N
#20230000
0N
#20235000
1-
b11111111111111111111111111111111 +
b10111100 <
1N
#20240000
0N
#20245000
0-
b11100000 /
b0 +
b10111101 <
1N
#20250000
0N
#20255000
b11111111111111111111111111111111 +
1N
#20260000
0N
#20265000
b11111111111111111111111111111111 +
b10111110 <
1N
#20270000
0N
#20275000
b11111111111111111111111111111111 +
b10111111 <
1N
#20280000
0N
#20285000
b11111111111111111111111111111111 +
b11000000 <
1N
#20290000
0N
#20295000
b11111111111111111111111111111111 +
b11000001 <
1N
#20300000
0N
#20305000
b11111111111111111111111111111111 +
b11000010 <
1N
#20310000
0N
#20315000
b11111111111111111111111111111111 +
b11000011 <
1N
#20320000
0N
#20325000
b11111111111111111111111111111111 +
b11000100 <
1N
#20330000
0N
#20335000
b11111111111111111111111111111111 +
b11000101 <
1N
#20340000
0N
#20345000
b11111111111111111111111111111111 +
b11000110 <
1N
#20350000
0N
#20355000
b11111111111111111111111111111111 +
b11000111 <
1N
#20360000
0N
#20365000
b11111111111111111111111111111111 +
b11001000 <
1N
#20370000
0N
#20375000
b11111111111111111111111111111111 +
b11001001 <
1N
#20380000
0N
#20385000
b11111111111111111111111111111111 +
b11001010 <
1N
#20390000
0N
#20395000
b11111111111111111111111111111111 +
b11001011 <
1N
#20400000
0N
#20405000
b11111111111111111111111111111111 +
b11001100 <
1N
#20410000
0N
#20415000
b11111111111111111111111111111111 +
b11001101 <
1N
#20420000
0N
#20425000
b11111111111111111111111111111111 +
b11001110 <
1N
#20430000
0N
#20435000
b11111111111111111111111111111111 +
b11001111 <
1N
#20440000
0N
#20445000
b11111111111111111111111111111111 +
b11010000 <
1N
#20450000
0N
#20455000
b11111111111111111111111111111111 +
b11010001 <
1N
#20460000
0N
#20465000
b11111111111111111111111111111111 +
b11010010 <
1N
#20470000
0N
#20475000
b11111111111111111111111111111111 +
b11010011 <
1N
#20480000
0N
#20485000
b11111111111111111111111111111111 +
b11010100 <
1N
#20490000
0N
#20495000
b11111111111111111111111111111111 +
b11010101 <
1N
#20500000
0N
#20505000
b11111111111111111111111111111111 +
b11010110 <
1N
#20510000
0N
#20515000
1-
b11111111111111111111111111111111 +
b11010111 <
1N
#20520000
0N
#20525000
0-
b100000000 /
b0 +
b11011000 <
1N
#20530000
0N
#20535000
b11111111111111111111111111111111 +
1N
#20540000
0N
#20545000
b11111111111111111111111111111111 +
b11011001 <
1N
#20550000
0N
#20555000
b11111111111111111111111111111111 +
b11011010 <
1N
#20560000
0N
#20565000
b11111111111111111111111111111111 +
b11011011 <
1N
#20570000
0N
#20575000
b11111111111111111111111111111111 +
b11011100 <
1N
#20580000
0N
#20585000
b11111111111111111111111111111111 +
b11011101 <
1N
#20590000
0N
#20595000
b11111111111111111111111111111111 +
b11011110 <
1N
#20600000
0N
#20605000
b11111111111111111111111111111111 +
b11011111 <
1N
#20610000
0N
#20615000
b11111111111111111111111111111111 +
b11100000 <
1N
#20620000
0N
#20625000
b11111111111111111111111111111111 +
b11100001 <
1N
#20630000
0N
#20635000
b11111111111111111111111111111111 +
b11100010 <
1N
#20640000
0N
#20645000
b11111111111111111111111111111111 +
b11100011 <
1N
#20650000
0N
#20655000
b11111111111111111111111111111111 +
b11100100 <
1N
#20660000
0N
#20665000
b11111111111111111111111111111111 +
b11100101 <
1N
#20670000
0N
#20675000
b11111111111111111111111111111111 +
b11100110 <
1N
#20680000
0N
#20685000
b11111111111111111111111111111111 +
b11100111 <
1N
#20690000
0N
#20695000
b11111111111111111111111111111111 +
b11101000 <
1N
#20700000
0N
#20705000
b11111111111111111111111111111111 +
b11101001 <
1N
#20710000
0N
#20715000
b11111111111111111111111111111111 +
b11101010 <
1N
#20720000
0N
#20725000
b11111111111111111111111111111111 +
b11101011 <
1N
#20730000
0N
#20735000
b11111111111111111111111111111111 +
b11101100 <
1N
#20740000
0N
#20745000
b11111111111111111111111111111111 +
b11101101 <
1N
#20750000
0N
#20755000
b11111111111111111111111111111111 +
b11101110 <
1N
#20760000
0N
#20765000
b11111111111111111111111111111111 +
b11101111 <
1N
#20770000
0N
#20775000
b11111111111111111111111111111111 +
b11110000 <
1N
#20780000
0N
#20785000
b11111111111111111111111111111111 +
b11110001 <
1N
#20790000
0N
#20795000
1-
b11111111111111111111111111111111 +
b11110010 <
1N
#20800000
0N
#20805000
0-
b100100000 /
b0 +
b11110011 <
1N
#20810000
0N
#20815000
b11111111111111111111111111111111 +
1N
#20820000
0N
#20825000
b11111111111111111111111111111111 +
b11110100 <
1N
#20830000
0N
#20835000
b11111111111111111111111111111111 +
b11110101 <
1N
#20840000
0N
#20845000
b11111111111111111111111111111111 +
b11110110 <
1N
#20850000
0N
#20855000
b11111111111111111111111111111111 +
b11110111 <
1N
#20860000
0N
#20865000
b11111111111111111111111111111111 +
b11111000 <
1N
#20870000
0N
#20875000
b11111111111111111111111111111111 +
b11111001 <
1N
#20880000
0N
#20885000
b11111111111111111111111111111111 +
b11111010 <
1N
#20890000
0N
#20895000
b11111111111111111111111111111111 +
b11111011 <
1N
#20900000
0N
#20905000
b11111111111111111111111111111111 +
b11111100 <
1N
#20910000
0N
#20915000
b11111111111111111111111111111111 +
b11111101 <
1N
#20920000
0N
#20925000
b11111111111111111111111111111111 +
b11111110 <
1N
#20930000
0N
#20935000
b11111111111111111111111111111111 +
b11111111 <
1N
#20940000
0N
#20945000
b11111111111111111111111111111111 +
b100000000 <
1N
#20950000
0N
#20955000
b11111111111111111111111111111111 +
b100000001 <
1N
#20960000
0N
#20965000
b11111111111111111111111111111111 +
b100000010 <
1N
#20970000
0N
#20975000
b11111111111111111111111111111111 +
b100000011 <
1N
#20980000
0N
#20985000
b11111111111111111111111111111111 +
b100000100 <
1N
#20990000
0N
#20995000
b11111111111111111111111111111111 +
b100000101 <
1N
#21000000
0N
#21005000
b11111111111111111111111111111111 +
b100000110 <
1N
#21010000
0N
#21015000
b11111111111111111111111111111111 +
b100000111 <
1N
#21020000
0N
#21025000
b11111111111111111111111111111111 +
b100001000 <
1N
#21030000
0N
#21035000
b11111111111111111111111111111111 +
b100001001 <
1N
#21040000
0N
#21045000
b11111111111111111111111111111111 +
b100001010 <
1N
#21050000
0N
#21055000
b11111111111111111111111111111111 +
b100001011 <
1N
#21060000
0N
#21065000
b11111111111111111111111111111111 +
b100001100 <
1N
#21070000
0N
#21075000
1-
b11111111111111111111111111111111 +
b100001101 <
1N
#21080000
0N
#21085000
0-
b101000000 /
b0 +
b100001110 <
1N
#21090000
0N
#21095000
b11111111111111111111111111111111 +
1N
#21100000
0N
#21105000
b11111111111111111111111111111111 +
b100001111 <
1N
#21110000
0N
#21115000
b11111111111111111111111111111111 +
b100010000 <
1N
#21120000
0N
#21125000
b11111111111111111111111111111111 +
b100010001 <
1N
#21130000
0N
#21135000
b11111111111111111111111111111111 +
b100010010 <
1N
#21140000
0N
#21145000
b11111111111111111111111111111111 +
b100010011 <
1N
#21150000
0N
#21155000
b11111111111111111111111111111111 +
b100010100 <
1N
#21160000
0N
#21165000
b11111111111111111111111111111111 +
b100010101 <
1N
#21170000
0N
#21175000
b11111111111111111111111111111111 +
b100010110 <
1N
#21180000
0N
#21185000
b11111111111111111111111111111111 +
b100010111 <
1N
#21190000
0N
#21195000
b11111111111111111111111111111111 +
b100011000 <
1N
#21200000
0N
#21205000
b11111111111111111111111111111111 +
b100011001 <
1N
#21210000
0N
#21215000
b11111111111111111111111111111111 +
b100011010 <
1N
#21220000
0N
#21225000
b11111111111111111111111111111111 +
b100011011 <
1N
#21230000
0N
#21235000
b11111111111111111111111111111111 +
b100011100 <
1N
#21240000
0N
#21245000
b11111111111111111111111111111111 +
b100011101 <
1N
#21250000
0N
#21255000
b11111111111111111111111111111111 +
b100011110 <
1N
#21260000
0N
#21265000
b11111111111111111111111111111111 +
b100011111 <
1N
#21270000
0N
#21275000
b11111111111111111111111111111111 +
b100100000 <
1N
#21280000
0N
#21285000
b11111111111111111111111111111111 +
b100100001 <
1N
#21290000
0N
#21295000
b11111111111111111111111111111111 +
b100100010 <
1N
#21300000
0N
#21305000
b11111111111111111111111111111111 +
b100100011 <
1N
#21310000
0N
#21315000
b11111111111111111111111111111111 +
b100100100 <
1N
#21320000
0N
#21325000
b11111111111111111111111111111111 +
b100100101 <
1N
#21330000
0N
#21335000
b11111111111111111111111111111111 +
b100100110 <
1N
#21340000
0N
#21345000
b11111111111111111111111111111111 +
b100100111 <
1N
#21350000
0N
#21355000
1-
b11111111111111111111111111111111 +
b100101000 <
1N
#21360000
0N
#21365000
0-
b101100000 /
b0 +
b100101001 <
1N
#21370000
0N
#21375000
b11111111111111111111111111111111 +
1N
#21380000
0N
#21385000
b11111111111111111111111111111111 +
b100101010 <
1N
#21390000
0N
#21395000
b11111111111111111111111111111111 +
b100101011 <
1N
#21400000
0N
#21405000
b11111111111111111111111111111111 +
b100101100 <
1N
#21410000
0N
#21415000
b11111111111111111111111111111111 +
b100101101 <
1N
#21420000
0N
#21425000
b11111111111111111111111111111111 +
b100101110 <
1N
#21430000
0N
#21435000
b11111111111111111111111111111111 +
b100101111 <
1N
#21440000
0N
#21445000
b11111111111111111111111111111111 +
b100110000 <
1N
#21450000
0N
#21455000
b11111111111111111111111111111111 +
b100110001 <
1N
#21460000
0N
#21465000
b11111111111111111111111111111111 +
b100110010 <
1N
#21470000
0N
#21475000
b11111111111111111111111111111111 +
b100110011 <
1N
#21480000
0N
#21485000
b11111111111111111111111111111111 +
b100110100 <
1N
#21490000
0N
#21495000
b11111111111111111111111111111111 +
b100110101 <
1N
#21500000
0N
#21505000
b11111111111111111111111111111111 +
b100110110 <
1N
#21510000
0N
#21515000
b11111111111111111111111111111111 +
b100110111 <
1N
#21520000
0N
#21525000
b11111111111111111111111111111111 +
b100111000 <
1N
#21530000
0N
#21535000
b11111111111111111111111111111111 +
b100111001 <
1N
#21540000
0N
#21545000
b11111111111111111111111111111111 +
b100111010 <
1N
#21550000
0N
#21555000
b11111111111111111111111111111111 +
b100111011 <
1N
#21560000
0N
#21565000
b11111111111111111111111111111111 +
b100111100 <
1N
#21570000
0N
#21575000
b11111111111111111111111111111111 +
b100111101 <
1N
#21580000
0N
#21585000
b11111111111111111111111111111111 +
b100111110 <
1N
#21590000
0N
#21595000
b11111111111111111111111111111111 +
b100111111 <
1N
#21600000
0N
#21605000
b11111111111111111111111111111111 +
b101000000 <
1N
#21610000
0N
#21615000
b11111111111111111111111111111111 +
b101000001 <
1N
#21620000
0N
#21625000
b11111111111111111111111111111111 +
b101000010 <
1N
#21630000
0N
#21635000
1-
b11111111111111111111111111111111 +
b101000011 <
1N
#21640000
0N
#21645000
0-
b110000000 /
b0 +
b101000100 <
1N
#21650000
0N
#21655000
b11111111111111111111111111111111 +
1N
#21660000
0N
#21665000
b11111111111111111111111111111111 +
b101000101 <
1N
#21670000
0N
#21675000
b11111111111111111111111111111111 +
b101000110 <
1N
#21680000
0N
#21685000
b11111111111111111111111111111111 +
b101000111 <
1N
#21690000
0N
#21695000
b11111111111111111111111111111111 +
b101001000 <
1N
#21700000
0N
#21705000
b11111111111111111111111111111111 +
b101001001 <
1N
#21710000
0N
#21715000
b11111111111111111111111111111111 +
b101001010 <
1N
#21720000
0N
#21725000
b11111111111111111111111111111111 +
b101001011 <
1N
#21730000
0N
#21735000
b11111111111111111111111111111111 +
b101001100 <
1N
#21740000
0N
#21745000
b11111111111111111111111111111111 +
b101001101 <
1N
#21750000
0N
#21755000
b11111111111111111111111111111111 +
b101001110 <
1N
#21760000
0N
#21765000
b11111111111111111111111111111111 +
b101001111 <
1N
#21770000
0N
#21775000
b11111111111111111111111111111111 +
b101010000 <
1N
#21780000
0N
#21785000
b11111111111111111111111111111111 +
b101010001 <
1N
#21790000
0N
#21795000
b11111111111111111111111111111111 +
b101010010 <
1N
#21800000
0N
#21805000
b11111111111111111111111111111111 +
b101010011 <
1N
#21810000
0N
#21815000
b11111111111111111111111111111111 +
b101010100 <
1N
#21820000
0N
#21825000
b11111111111111111111111111111111 +
b101010101 <
1N
#21830000
0N
#21835000
b11111111111111111111111111111111 +
b101010110 <
1N
#21840000
0N
#21845000
b11111111111111111111111111111111 +
b101010111 <
1N
#21850000
0N
#21855000
b11111111111111111111111111111111 +
b101011000 <
1N
#21860000
0N
#21865000
b11111111111111111111111111111111 +
b101011001 <
1N
#21870000
0N
#21875000
b11111111111111111111111111111111 +
b101011010 <
1N
#21880000
0N
#21885000
b11111111111111111111111111111111 +
b101011011 <
1N
#21890000
0N
#21895000
b11111111111111111111111111111111 +
b101011100 <
1N
#21900000
0N
#21905000
b11111111111111111111111111111111 +
b101011101 <
1N
#21910000
0N
#21915000
1-
b11111111111111111111111111111111 +
b101011110 <
1N
#21920000
0N
#21925000
0-
b110100000 /
b0 +
b101011111 <
1N
#21930000
0N
#21935000
b11111111111111111111111111111111 +
1N
#21940000
0N
#21945000
b11111111111111111111111111111111 +
b101100000 <
1N
#21950000
0N
#21955000
b11111111111111111111111111111111 +
b101100001 <
1N
#21960000
0N
#21965000
b11111111111111111111111111111111 +
b101100010 <
1N
#21970000
0N
#21975000
b11111111111111111111111111111111 +
b101100011 <
1N
#21980000
0N
#21985000
b11111111111111111111111111111111 +
b101100100 <
1N
#21990000
0N
#21995000
b11111111111111111111111111111111 +
b101100101 <
1N
#22000000
0N
#22005000
b11111111111111111111111111111111 +
b101100110 <
1N
#22010000
0N
#22015000
b11111111111111111111111111111111 +
b101100111 <
1N
#22020000
0N
#22025000
b11111111111111111111111111111111 +
b101101000 <
1N
#22030000
0N
#22035000
b11111111111111111111111111111111 +
b101101001 <
1N
#22040000
0N
#22045000
b11111111111111111111111111111111 +
b101101010 <
1N
#22050000
0N
#22055000
b11111111111111111111111111111111 +
b101101011 <
1N
#22060000
0N
#22065000
b11111111111111111111111111111111 +
b101101100 <
1N
#22070000
0N
#22075000
b11111111111111111111111111111111 +
b101101101 <
1N
#22080000
0N
#22085000
b11111111111111111111111111111111 +
b101101110 <
1N
#22090000
0N
#22095000
b11111111111111111111111111111111 +
b101101111 <
1N
#22100000
0N
#22105000
b11111111111111111111111111111111 +
b101110000 <
1N
#22110000
0N
#22115000
b11111111111111111111111111111111 +
b101110001 <
1N
#22120000
0N
#22125000
b11111111111111111111111111111111 +
b101110010 <
1N
#22130000
0N
#22135000
b11111111111111111111111111111111 +
b101110011 <
1N
#22140000
0N
#22145000
b11111111111111111111111111111111 +
b101110100 <
1N
#22150000
0N
#22155000
b11111111111111111111111111111111 +
b101110101 <
1N
#22160000
0N
#22165000
b11111111111111111111111111111111 +
b101110110 <
1N
#22170000
0N
#22175000
b11111111111111111111111111111111 +
b101110111 <
1N
#22180000
0N
#22185000
b11111111111111111111111111111111 +
b101111000 <
1N
#22190000
0N
#22195000
1-
b11111111111111111111111111111111 +
b101111001 <
1N
#22200000
0N
#22205000
0-
b111000000 /
b0 +
b101111010 <
1N
#22210000
0N
#22215000
b11111111111111111111111111111111 +
1N
#22220000
0N
#22225000
b11111111111111111111111111111111 +
b101111011 <
1N
#22230000
0N
#22235000
b11111111111111111111111111111111 +
b101111100 <
1N
#22240000
0N
#22245000
b11111111111111111111111111111111 +
b101111101 <
1N
#22250000
0N
#22255000
b11111111111111111111111111111111 +
b101111110 <
1N
#22260000
0N
#22265000
b11111111111111111111111111111111 +
b101111111 <
1N
#22270000
0N
#22275000
b11111111111111111111111111111111 +
b110000000 <
1N
#22280000
0N
#22285000
b11111111111111111111111111111111 +
b110000001 <
1N
#22290000
0N
#22295000
b11111111111111111111111111111111 +
b110000010 <
1N
#22300000
0N
#22305000
b11111111111111111111111111111111 +
b110000011 <
1N
#22310000
0N
#22315000
b11111111111111111111111111111111 +
b110000100 <
1N
#22320000
0N
#22325000
b11111111111111111111111111111111 +
b110000101 <
1N
#22330000
0N
#22335000
b11111111111111111111111111111111 +
b110000110 <
1N
#22340000
0N
#22345000
b11111111111111111111111111111111 +
b110000111 <
1N
#22350000
0N
#22355000
b11111111111111111111111111111111 +
b110001000 <
1N
#22360000
0N
#22365000
b11111111111111111111111111111111 +
b110001001 <
1N
#22370000
0N
#22375000
b11111111111111111111111111111111 +
b110001010 <
1N
#22380000
0N
#22385000
b11111111111111111111111111111111 +
b110001011 <
1N
#22390000
0N
#22395000
b11111111111111111111111111111111 +
b110001100 <
1N
#22400000
0N
#22405000
b11111111111111111111111111111111 +
b110001101 <
1N
#22410000
0N
#22415000
b11111111111111111111111111111111 +
b110001110 <
1N
#22420000
0N
#22425000
b11111111111111111111111111111111 +
b110001111 <
1N
#22430000
0N
#22435000
b11111111111111111111111111111111 +
b110010000 <
1N
#22440000
0N
#22445000
b11111111111111111111111111111111 +
b110010001 <
1N
#22450000
0N
#22455000
b11111111111111111111111111111111 +
b110010010 <
1N
#22460000
0N
#22465000
b11111111111111111111111111111111 +
b110010011 <
1N
#22470000
0N
#22475000
1-
b11111111111111111111111111111111 +
b110010100 <
1N
#22480000
0N
#22485000
0-
b111100000 /
b0 +
b110010101 <
1N
#22490000
0N
#22495000
b11111111111111111111111111111111 +
1N
#22500000
0N
#22505000
b11111111111111111111111111111111 +
b110010110 <
1N
#22510000
0N
#22515000
b11111111111111111111111111111111 +
b110010111 <
1N
#22520000
0N
#22525000
b11111111111111111111111111111111 +
b110011000 <
1N
#22530000
0N
#22535000
b11111111111111111111111111111111 +
b110011001 <
1N
#22540000
0N
#22545000
b11111111111111111111111111111111 +
b110011010 <
1N
#22550000
0N
#22555000
b11111111111111111111111111111111 +
b110011011 <
1N
#22560000
0N
#22565000
b11111111111111111111111111111111 +
b110011100 <
1N
#22570000
0N
#22575000
b11111111111111111111111111111111 +
b110011101 <
1N
#22580000
0N
#22585000
b11111111111111111111111111111111 +
b110011110 <
1N
#22590000
0N
#22595000
b11111111111111111111111111111111 +
b110011111 <
1N
#22600000
0N
#22605000
b11111111111111111111111111111111 +
b110100000 <
1N
#22610000
0N
#22615000
b11111111111111111111111111111111 +
b110100001 <
1N
#22620000
0N
#22625000
b11111111111111111111111111111111 +
b110100010 <
1N
#22630000
0N
#22635000
b11111111111111111111111111111111 +
b110100011 <
1N
#22640000
0N
#22645000
b11111111111111111111111111111111 +
b110100100 <
1N
#22650000
0N
#22655000
b11111111111111111111111111111111 +
b110100101 <
1N
#22660000
0N
#22665000
b11111111111111111111111111111111 +
b110100110 <
1N
#22670000
0N
#22675000
b11111111111111111111111111111111 +
b110100111 <
1N
#22680000
0N
#22685000
b11111111111111111111111111111111 +
b110101000 <
1N
#22690000
0N
#22695000
b11111111111111111111111111111111 +
b110101001 <
1N
#22700000
0N
#22705000
b11111111111111111111111111111111 +
b110101010 <
1N
#22710000
0N
#22715000
b11111111111111111111111111111111 +
b110101011 <
1N
#22720000
0N
#22725000
b11111111111111111111111111111111 +
b110101100 <
1N
#22730000
0N
#22735000
b11111111111111111111111111111111 +
b110101101 <
1N
#22740000
0N
#22745000
b11111111111111111111111111111111 +
b110101110 <
1N
#22750000
0N
#22755000
1-
b11111111111111111111111111111111 +
b110101111 <
1N
#22760000
0N
#22765000
0-
b1000000000 /
b0 +
b110110000 <
1N
#22770000
0N
#22775000
b11111111111111111111111111111111 +
1N
#22780000
0N
#22785000
b11111111111111111111111111111111 +
b110110001 <
1N
#22790000
0N
#22795000
b11111111111111111111111111111111 +
b110110010 <
1N
#22800000
0N
#22805000
b11111111111111111111111111111111 +
b110110011 <
1N
#22810000
0N
#22815000
b11111111111111111111111111111111 +
b110110100 <
1N
#22820000
0N
#22825000
b11111111111111111111111111111111 +
b110110101 <
1N
#22830000
0N
#22835000
b11111111111111111111111111111111 +
b110110110 <
1N
#22840000
0N
#22845000
b11111111111111111111111111111111 +
b110110111 <
1N
#22850000
0N
#22855000
b11111111111111111111111111111111 +
b110111000 <
1N
#22860000
0N
#22865000
b11111111111111111111111111111111 +
b110111001 <
1N
#22870000
0N
#22875000
b11111111111111111111111111111111 +
b110111010 <
1N
#22880000
0N
#22885000
b11111111111111111111111111111111 +
b110111011 <
1N
#22890000
0N
#22895000
b11111111111111111111111111111111 +
b110111100 <
1N
#22900000
0N
#22905000
b11111111111111111111111111111111 +
b110111101 <
1N
#22910000
0N
#22915000
b11111111111111111111111111111111 +
b110111110 <
1N
#22920000
0N
#22925000
b11111111111111111111111111111111 +
b110111111 <
1N
#22930000
0N
#22935000
b11111111111111111111111111111111 +
b111000000 <
1N
#22940000
0N
#22945000
b11111111111111111111111111111111 +
b111000001 <
1N
#22950000
0N
#22955000
b11111111111111111111111111111111 +
b111000010 <
1N
#22960000
0N
#22965000
b11111111111111111111111111111111 +
b111000011 <
1N
#22970000
0N
#22975000
b11111111111111111111111111111111 +
b111000100 <
1N
#22980000
0N
#22985000
b11111111111111111111111111111111 +
b111000101 <
1N
#22990000
0N
#22995000
b11111111111111111111111111111111 +
b111000110 <
1N
#23000000
0N
#23005000
b11111111111111111111111111111111 +
b111000111 <
1N
#23010000
0N
#23015000
b11111111111111111111111111111111 +
b111001000 <
1N
#23020000
0N
#23025000
b11111111111111111111111111111111 +
b111001001 <
1N
#23030000
0N
#23035000
1-
b11111111111111111111111111111111 +
b111001010 <
1N
#23040000
0N
#23045000
0-
b1000100000 /
b0 +
b111001011 <
1N
#23050000
0N
#23055000
b11111111111111111111111111111111 +
1N
#23060000
0N
#23065000
b11111111111111111111111111111111 +
b111001100 <
1N
#23070000
0N
#23075000
b11111111111111111111111111111111 +
b111001101 <
1N
#23080000
0N
#23085000
b11111111111111111111111111111111 +
b111001110 <
1N
#23090000
0N
#23095000
b11111111111111111111111111111111 +
b111001111 <
1N
#23100000
0N
#23105000
b11111111111111111111111111111111 +
b111010000 <
1N
#23110000
0N
#23115000
b11111111111111111111111111111111 +
b111010001 <
1N
#23120000
0N
#23125000
b11111111111111111111111111111111 +
b111010010 <
1N
#23130000
0N
#23135000
b11111111111111111111111111111111 +
b111010011 <
1N
#23140000
0N
#23145000
b11111111111111111111111111111111 +
b111010100 <
1N
#23150000
0N
#23155000
b11111111111111111111111111111111 +
b111010101 <
1N
#23160000
0N
#23165000
b11111111111111111111111111111111 +
b111010110 <
1N
#23170000
0N
#23175000
b11111111111111111111111111111111 +
b111010111 <
1N
#23180000
0N
#23185000
b11111111111111111111111111111111 +
b111011000 <
1N
#23190000
0N
#23195000
b11111111111111111111111111111111 +
b111011001 <
1N
#23200000
0N
#23205000
b11111111111111111111111111111111 +
b111011010 <
1N
#23210000
0N
#23215000
b11111111111111111111111111111111 +
b111011011 <
1N
#23220000
0N
#23225000
b11111111111111111111111111111111 +
b111011100 <
1N
#23230000
0N
#23235000
b11111111111111111111111111111111 +
b111011101 <
1N
#23240000
0N
#23245000
b11111111111111111111111111111111 +
b111011110 <
1N
#23250000
0N
#23255000
b11111111111111111111111111111111 +
b111011111 <
1N
#23260000
0N
#23265000
b11111111111111111111111111111111 +
b111100000 <
1N
#23270000
0N
#23275000
b11111111111111111111111111111111 +
b111100001 <
1N
#23280000
0N
#23285000
b11111111111111111111111111111111 +
b111100010 <
1N
#23290000
0N
#23295000
b11111111111111111111111111111111 +
b111100011 <
1N
#23300000
0N
#23305000
b11111111111111111111111111111111 +
b111100100 <
1N
#23310000
0N
#23315000
1-
b11111111111111111111111111111111 +
b111100101 <
1N
#23320000
0N
#23325000
0-
b1001000000 /
b0 +
b111100110 <
1N
#23330000
0N
#23335000
b11111111111111111111111111111111 +
1N
#23340000
0N
#23345000
b11111111111111111111111111111111 +
b111100111 <
1N
#23350000
0N
#23355000
b11111111111111111111111111111111 +
b111101000 <
1N
#23360000
0N
#23365000
b11111111111111111111111111111111 +
b111101001 <
1N
#23370000
0N
#23375000
b11111111111111111111111111111111 +
b111101010 <
1N
#23380000
0N
#23385000
b11111111111111111111111111111111 +
b111101011 <
1N
#23390000
0N
#23395000
b11111111111111111111111111111111 +
b111101100 <
1N
#23400000
0N
#23405000
b11111111111111111111111111111111 +
b111101101 <
1N
#23410000
0N
#23415000
b11111111111111111111111111111111 +
b111101110 <
1N
#23420000
0N
#23425000
b11111111111111111111111111111111 +
b111101111 <
1N
#23430000
0N
#23435000
b11111111111111111111111111111111 +
b111110000 <
1N
#23440000
0N
#23445000
b11111111111111111111111111111111 +
b111110001 <
1N
#23450000
0N
#23455000
b11111111111111111111111111111111 +
b111110010 <
1N
#23460000
0N
#23465000
b11111111111111111111111111111111 +
b111110011 <
1N
#23470000
0N
#23475000
b11111111111111111111111111111111 +
b111110100 <
1N
#23480000
0N
#23485000
b11111111111111111111111111111111 +
b111110101 <
1N
#23490000
0N
#23495000
b11111111111111111111111111111111 +
b111110110 <
1N
#23500000
0N
#23505000
b11111111111111111111111111111111 +
b111110111 <
1N
#23510000
0N
#23515000
b11111111111111111111111111111111 +
b111111000 <
1N
#23520000
0N
#23525000
b11111111111111111111111111111111 +
b111111001 <
1N
#23530000
0N
#23535000
b11111111111111111111111111111111 +
b111111010 <
1N
#23540000
0N
#23545000
b11111111111111111111111111111111 +
b111111011 <
1N
#23550000
0N
#23555000
b11111111111111111111111111111111 +
b111111100 <
1N
#23560000
0N
#23565000
b11111111111111111111111111111111 +
b111111101 <
1N
#23570000
0N
#23575000
b11111111111111111111111111111111 +
b111111110 <
1N
#23580000
0N
#23585000
b11111111111111111111111111111111 +
b111111111 <
1N
#23590000
0N
#23595000
1-
b11111111111111111111111111111111 +
b1000000000 <
1N
#23600000
0N
#23605000
0-
b1001100000 /
b0 +
b1000000001 <
1N
#23610000
0N
#23615000
b11111111111111111111111111111111 +
1N
#23620000
0N
#23625000
b11111111111111111111111111111111 +
b1000000010 <
1N
#23630000
0N
#23635000
b11111111111111111111111111111111 +
b1000000011 <
1N
#23640000
0N
#23645000
b11111111111111111111111111111111 +
b1000000100 <
1N
#23650000
0N
#23655000
b11111111111111111111111111111111 +
b1000000101 <
1N
#23660000
0N
#23665000
b11111111111111111111111111111111 +
b1000000110 <
1N
#23670000
0N
#23675000
b11111111111111111111111111111111 +
b1000000111 <
1N
#23680000
0N
#23685000
b11111111111111111111111111111111 +
b1000001000 <
1N
#23690000
0N
#23695000
b11111111111111111111111111111111 +
b1000001001 <
1N
#23700000
0N
#23705000
b11111111111111111111111111111111 +
b1000001010 <
1N
#23710000
0N
#23715000
b11111111111111111111111111111111 +
b1000001011 <
1N
#23720000
0N
#23725000
b11111111111111111111111111111111 +
b1000001100 <
1N
#23730000
0N
#23735000
b11111111111111111111111111111111 +
b1000001101 <
1N
#23740000
0N
#23745000
b11111111111111111111111111111111 +
b1000001110 <
1N
#23750000
0N
#23755000
b11111111111111111111111111111111 +
b1000001111 <
1N
#23760000
0N
#23765000
b11111111111111111111111111111111 +
b1000010000 <
1N
#23770000
0N
#23775000
b11111111111111111111111111111111 +
b1000010001 <
1N
#23780000
0N
#23785000
b11111111111111111111111111111111 +
b1000010010 <
1N
#23790000
0N
#23795000
b11111111111111111111111111111111 +
b1000010011 <
1N
#23800000
0N
#23805000
b11111111111111111111111111111111 +
b1000010100 <
1N
#23810000
0N
#23815000
b11111111111111111111111111111111 +
b1000010101 <
1N
#23820000
0N
#23825000
b11111111111111111111111111111111 +
b1000010110 <
1N
#23830000
0N
#23835000
b11111111111111111111111111111111 +
b1000010111 <
1N
#23840000
0N
#23845000
b11111111111111111111111111111111 +
b1000011000 <
1N
#23850000
0N
#23855000
b11111111111111111111111111111111 +
b1000011001 <
1N
#23860000
0N
#23865000
b11111111111111111111111111111111 +
b1000011010 <
1N
#23870000
0N
#23875000
1-
b11111111111111111111111111111111 +
b1000011011 <
1N
#23880000
0N
#23885000
0-
b1010000000 /
b0 +
b1000011100 <
1N
#23890000
0N
#23895000
b11111111111111111111111111111111 +
1N
#23900000
0N
#23905000
b11111111111111111111111111111111 +
b1000011101 <
1N
#23910000
0N
#23915000
b11111111111111111111111111111111 +
b1000011110 <
1N
#23920000
0N
#23925000
b11111111111111111111111111111111 +
b1000011111 <
1N
#23930000
0N
#23935000
b11111111111111111111111111111111 +
b1000100000 <
1N
#23940000
0N
#23945000
b11111111111111111111111111111111 +
b1000100001 <
1N
#23950000
0N
#23955000
b11111111111111111111111111111111 +
b1000100010 <
1N
#23960000
0N
#23965000
b11111111111111111111111111111111 +
b1000100011 <
1N
#23970000
0N
#23975000
b11111111111111111111111111111111 +
b1000100100 <
1N
#23980000
0N
#23985000
b11111111111111111111111111111111 +
b1000100101 <
1N
#23990000
0N
#23995000
b11111111111111111111111111111111 +
b1000100110 <
1N
#24000000
0N
#24005000
b11111111111111111111111111111111 +
b1000100111 <
1N
#24010000
0N
#24015000
b11111111111111111111111111111111 +
b1000101000 <
1N
#24020000
0N
#24025000
b11111111111111111111111111111111 +
b1000101001 <
1N
#24030000
0N
#24035000
b11111111111111111111111111111111 +
b1000101010 <
1N
#24040000
0N
#24045000
b11111111111111111111111111111111 +
b1000101011 <
1N
#24050000
0N
#24055000
b11111111111111111111111111111111 +
b1000101100 <
1N
#24060000
0N
#24065000
b11111111111111111111111111111111 +
b1000101101 <
1N
#24070000
0N
#24075000
b11111111111111111111111111111111 +
b1000101110 <
1N
#24080000
0N
#24085000
b11111111111111111111111111111111 +
b1000101111 <
1N
#24090000
0N
#24095000
b11111111111111111111111111111111 +
b1000110000 <
1N
#24100000
0N
#24105000
b11111111111111111111111111111111 +
b1000110001 <
1N
#24110000
0N
#24115000
b11111111111111111111111111111111 +
b1000110010 <
1N
#24120000
0N
#24125000
b11111111111111111111111111111111 +
b1000110011 <
1N
#24130000
0N
#24135000
b11111111111111111111111111111111 +
b1000110100 <
1N
#24140000
0N
#24145000
b11111111111111111111111111111111 +
b1000110101 <
1N
#24150000
0N
#24155000
1-
b11111111111111111111111111111111 +
b1000110110 <
1N
#24160000
0N
#24165000
0-
b1010100000 /
b0 +
b1000110111 <
1N
#24170000
0N
#24175000
b11111111111111111111111111111111 +
1N
#24180000
0N
#24185000
b11111111111111111111111111111111 +
b1000111000 <
1N
#24190000
0N
#24195000
b11111111111111111111111111111111 +
b1000111001 <
1N
#24200000
0N
#24205000
b11111111111111111111111111111111 +
b1000111010 <
1N
#24210000
0N
#24215000
b11111111111111111111111111111111 +
b1000111011 <
1N
#24220000
0N
#24225000
b11111111111111111111111111111111 +
b1000111100 <
1N
#24230000
0N
#24235000
b11111111111111111111111111111111 +
b1000111101 <
1N
#24240000
0N
#24245000
b11111111111111111111111111111111 +
b1000111110 <
1N
#24250000
0N
#24255000
b11111111111111111111111111111111 +
b1000111111 <
1N
#24260000
0N
#24265000
b11111111111111111111111111111111 +
b1001000000 <
1N
#24270000
0N
#24275000
b11111111111111111111111111111111 +
b1001000001 <
1N
#24280000
0N
#24285000
b11111111111111111111111111111111 +
b1001000010 <
1N
#24290000
0N
#24295000
b11111111111111111111111111111111 +
b1001000011 <
1N
#24300000
0N
#24305000
b11111111111111111111111111111111 +
b1001000100 <
1N
#24310000
0N
#24315000
b11111111111111111111111111111111 +
b1001000101 <
1N
#24320000
0N
#24325000
b11111111111111111111111111111111 +
b1001000110 <
1N
#24330000
0N
#24335000
b11111111111111111111111111111111 +
b1001000111 <
1N
#24340000
0N
#24345000
b11111111111111111111111111111111 +
b1001001000 <
1N
#24350000
0N
#24355000
b11111111111111111111111111111111 +
b1001001001 <
1N
#24360000
0N
#24365000
b11111111111111111111111111111111 +
b1001001010 <
1N
#24370000
0N
#24375000
b11111111111111111111111111111111 +
b1001001011 <
1N
#24380000
0N
#24385000
b11111111111111111111111111111111 +
b1001001100 <
1N
#24390000
0N
#24395000
b11111111111111111111111111111111 +
b1001001101 <
1N
#24400000
0N
#24405000
b11111111111111111111111111111111 +
b1001001110 <
1N
#24410000
0N
#24415000
b11111111111111111111111111111111 +
b1001001111 <
1N
#24420000
0N
#24425000
b11111111111111111111111111111111 +
b1001010000 <
1N
#24430000
0N
#24435000
1-
b11111111111111111111111111111111 +
b1001010001 <
1N
#24440000
0N
#24445000
0-
b1011000000 /
b0 +
b1001010010 <
1N
#24450000
0N
#24455000
b11111111111111111111111111111111 +
1N
#24460000
0N
#24465000
b11111111111111111111111111111111 +
b1001010011 <
1N
#24470000
0N
#24475000
b11111111111111111111111111111111 +
b1001010100 <
1N
#24480000
0N
#24485000
b11111111111111111111111111111111 +
b1001010101 <
1N
#24490000
0N
#24495000
b11111111111111111111111111111111 +
b1001010110 <
1N
#24500000
0N
#24505000
b11111111111111111111111111111111 +
b1001010111 <
1N
#24510000
0N
#24515000
b11111111111111111111111111111111 +
b1001011000 <
1N
#24520000
0N
#24525000
b11111111111111111111111111111111 +
b1001011001 <
1N
#24530000
0N
#24535000
b11111111111111111111111111111111 +
b1001011010 <
1N
#24540000
0N
#24545000
b11111111111111111111111111111111 +
b1001011011 <
1N
#24550000
0N
#24555000
b11111111111111111111111111111111 +
b1001011100 <
1N
#24560000
0N
#24565000
b11111111111111111111111111111111 +
b1001011101 <
1N
#24570000
0N
#24575000
b11111111111111111111111111111111 +
b1001011110 <
1N
#24580000
0N
#24585000
b11111111111111111111111111111111 +
b1001011111 <
1N
#24590000
0N
#24595000
b11111111111111111111111111111111 +
b1001100000 <
1N
#24600000
0N
#24605000
b11111111111111111111111111111111 +
b1001100001 <
1N
#24610000
0N
#24615000
b11111111111111111111111111111111 +
b1001100010 <
1N
#24620000
0N
#24625000
b11111111111111111111111111111111 +
b1001100011 <
1N
#24630000
0N
#24635000
b11111111111111111111111111111111 +
b1001100100 <
1N
#24640000
0N
#24645000
b11111111111111111111111111111111 +
b1001100101 <
1N
#24650000
0N
#24655000
b11111111111111111111111111111111 +
b1001100110 <
1N
#24660000
0N
#24665000
b11111111111111111111111111111111 +
b1001100111 <
1N
#24670000
0N
#24675000
b11111111111111111111111111111111 +
b1001101000 <
1N
#24680000
0N
#24685000
b11111111111111111111111111111111 +
b1001101001 <
1N
#24690000
0N
#24695000
b11111111111111111111111111111111 +
b1001101010 <
1N
#24700000
0N
#24705000
b11111111111111111111111111111111 +
b1001101011 <
1N
#24710000
0N
#24715000
1-
b11111111111111111111111111111111 +
b1001101100 <
1N
#24720000
0N
#24725000
0-
b1011100000 /
b0 +
b1001101101 <
1N
#24730000
0N
#24735000
b11111111111111111111111111111111 +
1N
#24740000
0N
#24745000
b11111111111111111111111111111111 +
b1001101110 <
1N
#24750000
0N
#24755000
b11111111111111111111111111111111 +
b1001101111 <
1N
#24760000
0N
#24765000
b11111111111111111111111111111111 +
b1001110000 <
1N
#24770000
0N
#24775000
b11111111111111111111111111111111 +
b1001110001 <
1N
#24780000
0N
#24785000
b11111111111111111111111111111111 +
b1001110010 <
1N
#24790000
0N
#24795000
b11111111111111111111111111111111 +
b1001110011 <
1N
#24800000
0N
#24805000
b11111111111111111111111111111111 +
b1001110100 <
1N
#24810000
0N
#24815000
b11111111111111111111111111111111 +
b1001110101 <
1N
#24820000
0N
#24825000
b11111111111111111111111111111111 +
b1001110110 <
1N
#24830000
0N
#24835000
b11111111111111111111111111111111 +
b1001110111 <
1N
#24840000
0N
#24845000
b11111111111111111111111111111111 +
b1001111000 <
1N
#24850000
0N
#24855000
b11111111111111111111111111111111 +
b1001111001 <
1N
#24860000
0N
#24865000
b11111111111111111111111111111111 +
b1001111010 <
1N
#24870000
0N
#24875000
b11111111111111111111111111111111 +
b1001111011 <
1N
#24880000
0N
#24885000
b11111111111111111111111111111111 +
b1001111100 <
1N
#24890000
0N
#24895000
b11111111111111111111111111111111 +
b1001111101 <
1N
#24900000
0N
#24905000
b11111111111111111111111111111111 +
b1001111110 <
1N
#24910000
0N
#24915000
b11111111111111111111111111111111 +
b1001111111 <
1N
#24920000
0N
#24925000
b11111111111111111111111111111111 +
b1010000000 <
1N
#24930000
0N
#24935000
b11111111111111111111111111111111 +
b1010000001 <
1N
#24940000
0N
#24945000
b11111111111111111111111111111111 +
b1010000010 <
1N
#24950000
0N
#24955000
b11111111111111111111111111111111 +
b1010000011 <
1N
#24960000
0N
#24965000
b11111111111111111111111111111111 +
b1010000100 <
1N
#24970000
0N
#24975000
b11111111111111111111111111111111 +
b1010000101 <
1N
#24980000
0N
#24985000
b11111111111111111111111111111111 +
b1010000110 <
1N
#24990000
0N
#24995000
1-
b11111111111111111111111111111111 +
b1010000111 <
1N
#25000000
0N
#25005000
0-
b1100000000 /
b0 +
b1010001000 <
1N
#25010000
0N
#25015000
b11111111111111111111111111111111 +
1N
#25020000
0N
#25025000
b11111111111111111111111111111111 +
b1010001001 <
1N
#25030000
0N
#25035000
b11111111111111111111111111111111 +
b1010001010 <
1N
#25040000
0N
#25045000
b11111111111111111111111111111111 +
b1010001011 <
1N
#25050000
0N
#25055000
b11111111111111111111111111111111 +
b1010001100 <
1N
#25060000
0N
#25065000
b11111111111111111111111111111111 +
b1010001101 <
1N
#25070000
0N
#25075000
b11111111111111111111111111111111 +
b1010001110 <
1N
#25080000
0N
#25085000
b11111111111111111111111111111111 +
b1010001111 <
1N
#25090000
0N
#25095000
b11111111111111111111111111111111 +
b1010010000 <
1N
#25100000
0N
#25105000
b11111111111111111111111111111111 +
b1010010001 <
1N
#25110000
0N
#25115000
b11111111111111111111111111111111 +
b1010010010 <
1N
#25120000
0N
#25125000
b11111111111111111111111111111111 +
b1010010011 <
1N
#25130000
0N
#25135000
b11111111111111111111111111111111 +
b1010010100 <
1N
#25140000
0N
#25145000
b11111111111111111111111111111111 +
b1010010101 <
1N
#25150000
0N
#25155000
b11111111111111111111111111111111 +
b1010010110 <
1N
#25160000
0N
#25165000
b11111111111111111111111111111111 +
b1010010111 <
1N
#25170000
0N
#25175000
b11111111111111111111111111111111 +
b1010011000 <
1N
#25180000
0N
#25185000
b11111111111111111111111111111111 +
b1010011001 <
1N
#25190000
0N
#25195000
b11111111111111111111111111111111 +
b1010011010 <
1N
#25200000
0N
#25205000
b11111111111111111111111111111111 +
b1010011011 <
1N
#25210000
0N
#25215000
b11111111111111111111111111111111 +
b1010011100 <
1N
#25220000
0N
#25225000
b11111111111111111111111111111111 +
b1010011101 <
1N
#25230000
0N
#25235000
b11111111111111111111111111111111 +
b1010011110 <
1N
#25240000
0N
#25245000
b11111111111111111111111111111111 +
b1010011111 <
1N
#25250000
0N
#25255000
b11111111111111111111111111111111 +
b1010100000 <
1N
#25260000
0N
#25265000
b11111111111111111111111111111111 +
b1010100001 <
1N
#25270000
0N
#25275000
1-
b11111111111111111111111111111111 +
b1010100010 <
1N
#25280000
0N
#25285000
0-
b1100100000 /
b0 +
b1010100011 <
1N
#25290000
0N
#25295000
b11111111111111111111111111111111 +
1N
#25300000
0N
#25305000
b11111111111111111111111111111111 +
b1010100100 <
1N
#25310000
0N
#25315000
b11111111111111111111111111111111 +
b1010100101 <
1N
#25320000
0N
#25325000
b11111111111111111111111111111111 +
b1010100110 <
1N
#25330000
0N
#25335000
b11111111111111111111111111111111 +
b1010100111 <
1N
#25340000
0N
#25345000
b11111111111111111111111111111111 +
b1010101000 <
1N
#25350000
0N
#25355000
b11111111111111111111111111111111 +
b1010101001 <
1N
#25360000
0N
#25365000
b11111111111111111111111111111111 +
b1010101010 <
1N
#25370000
0N
#25375000
b11111111111111111111111111111111 +
b1010101011 <
1N
#25380000
0N
#25385000
b11111111111111111111111111111111 +
b1010101100 <
1N
#25390000
0N
#25395000
b11111111111111111111111111111111 +
b1010101101 <
1N
#25400000
0N
#25405000
b11111111111111111111111111111111 +
b1010101110 <
1N
#25410000
0N
#25415000
b11111111111111111111111111111111 +
b1010101111 <
1N
#25420000
0N
#25425000
b11111111111111111111111111111111 +
b1010110000 <
1N
#25430000
0N
#25435000
b11111111111111111111111111111111 +
b1010110001 <
1N
#25440000
0N
#25445000
b11111111111111111111111111111111 +
b1010110010 <
1N
#25450000
0N
#25455000
b11111111111111111111111111111111 +
b1010110011 <
1N
#25460000
0N
#25465000
b11111111111111111111111111111111 +
b1010110100 <
1N
#25470000
0N
#25475000
b11111111111111111111111111111111 +
b1010110101 <
1N
#25480000
0N
#25485000
b11111111111111111111111111111111 +
b1010110110 <
1N
#25490000
0N
#25495000
b11111111111111111111111111111111 +
b1010110111 <
1N
#25500000
0N
#25505000
b11111111111111111111111111111111 +
b1010111000 <
1N
#25510000
0N
#25515000
b11111111111111111111111111111111 +
b1010111001 <
1N
#25520000
0N
#25525000
b11111111111111111111111111111111 +
b1010111010 <
1N
#25530000
0N
#25535000
b11111111111111111111111111111111 +
b1010111011 <
1N
#25540000
0N
#25545000
b11111111111111111111111111111111 +
b1010111100 <
1N
#25550000
0N
#25555000
1-
b11111111111111111111111111111111 +
b1010111101 <
1N
#25560000
0N
#25565000
0-
b1101000000 /
b0 +
b1010111110 <
1N
#25570000
0N
#25575000
b11111111111111111111111111111111 +
1N
#25580000
0N
#25585000
b11111111111111111111111111111111 +
b1010111111 <
1N
#25590000
0N
#25595000
b11111111111111111111111111111111 +
b1011000000 <
1N
#25600000
0N
#25605000
b11111111111111111111111111111111 +
b1011000001 <
1N
#25610000
0N
#25615000
b11111111111111111111111111111111 +
b1011000010 <
1N
#25620000
0N
#25625000
b11111111111111111111111111111111 +
b1011000011 <
1N
#25630000
0N
#25635000
b11111111111111111111111111111111 +
b1011000100 <
1N
#25640000
0N
#25645000
b11111111111111111111111111111111 +
b1011000101 <
1N
#25650000
0N
#25655000
b11111111111111111111111111111111 +
b1011000110 <
1N
#25660000
0N
#25665000
b11111111111111111111111111111111 +
b1011000111 <
1N
#25670000
0N
#25675000
b11111111111111111111111111111111 +
b1011001000 <
1N
#25680000
0N
#25685000
b11111111111111111111111111111111 +
b1011001001 <
1N
#25690000
0N
#25695000
b11111111111111111111111111111111 +
b1011001010 <
1N
#25700000
0N
#25705000
b11111111111111111111111111111111 +
b1011001011 <
1N
#25710000
0N
#25715000
b11111111111111111111111111111111 +
b1011001100 <
1N
#25720000
0N
#25725000
b11111111111111111111111111111111 +
b1011001101 <
1N
#25730000
0N
#25735000
b11111111111111111111111111111111 +
b1011001110 <
1N
#25740000
0N
#25745000
b11111111111111111111111111111111 +
b1011001111 <
1N
#25750000
0N
#25755000
b11111111111111111111111111111111 +
b1011010000 <
1N
#25760000
0N
#25765000
b11111111111111111111111111111111 +
b1011010001 <
1N
#25770000
0N
#25775000
b11111111111111111111111111111111 +
b1011010010 <
1N
#25780000
0N
#25785000
b11111111111111111111111111111111 +
b1011010011 <
1N
#25790000
0N
#25795000
b11111111111111111111111111111111 +
b1011010100 <
1N
#25800000
0N
#25805000
b11111111111111111111111111111111 +
b1011010101 <
1N
#25810000
0N
#25815000
b11111111111111111111111111111111 +
b1011010110 <
1N
#25820000
0N
#25825000
b11111111111111111111111111111111 +
b1011010111 <
1N
#25830000
0N
#25835000
1-
b11111111111111111111111111111111 +
b1011011000 <
1N
#25840000
0N
#25845000
0-
b1101100000 /
b0 +
b1011011001 <
1N
#25850000
0N
#25855000
b11111111111111111111111111111111 +
1N
#25860000
0N
#25865000
b11111111111111111111111111111111 +
b1011011010 <
1N
#25870000
0N
#25875000
b11111111111111111111111111111111 +
b1011011011 <
1N
#25880000
0N
#25885000
b11111111111111111111111111111111 +
b1011011100 <
1N
#25890000
0N
#25895000
b11111111111111111111111111111111 +
b1011011101 <
1N
#25900000
0N
#25905000
b11111111111111111111111111111111 +
b1011011110 <
1N
#25910000
0N
#25915000
b11111111111111111111111111111111 +
b1011011111 <
1N
#25920000
0N
#25925000
b11111111111111111111111111111111 +
b1011100000 <
1N
#25930000
0N
#25935000
b11111111111111111111111111111111 +
b1011100001 <
1N
#25940000
0N
#25945000
b11111111111111111111111111111111 +
b1011100010 <
1N
#25950000
0N
#25955000
b11111111111111111111111111111111 +
b1011100011 <
1N
#25960000
0N
#25965000
b11111111111111111111111111111111 +
b1011100100 <
1N
#25970000
0N
#25975000
b11111111111111111111111111111111 +
b1011100101 <
1N
#25980000
0N
#25985000
b11111111111111111111111111111111 +
b1011100110 <
1N
#25990000
0N
#25995000
b11111111111111111111111111111111 +
b1011100111 <
1N
#26000000
0N
#26005000
b11111111111111111111111111111111 +
b1011101000 <
1N
#26010000
0N
#26015000
b11111111111111111111111111111111 +
b1011101001 <
1N
#26020000
0N
#26025000
b11111111111111111111111111111111 +
b1011101010 <
1N
#26030000
0N
#26035000
b11111111111111111111111111111111 +
b1011101011 <
1N
#26040000
0N
#26045000
b11111111111111111111111111111111 +
b1011101100 <
1N
#26050000
0N
#26055000
b11111111111111111111111111111111 +
b1011101101 <
1N
#26060000
0N
#26065000
b11111111111111111111111111111111 +
b1011101110 <
1N
#26070000
0N
#26075000
b11111111111111111111111111111111 +
b1011101111 <
1N
#26080000
0N
#26085000
b11111111111111111111111111111111 +
b1011110000 <
1N
#26090000
0N
#26095000
b11111111111111111111111111111111 +
b1011110001 <
1N
#26100000
0N
#26105000
b11111111111111111111111111111111 +
b1011110010 <
1N
#26110000
0N
#26115000
1-
b11111111111111111111111111111111 +
b1011110011 <
1N
#26120000
0N
#26125000
0-
b1110000000 /
b0 +
b1011110100 <
1N
#26130000
0N
#26135000
b11111111111111111111111111111111 +
1N
#26140000
0N
#26145000
b11111111111111111111111111111111 +
b1011110101 <
1N
#26150000
0N
#26155000
b11111111111111111111111111111111 +
b1011110110 <
1N
#26160000
0N
#26165000
b11111111111111111111111111111111 +
b1011110111 <
1N
#26170000
0N
#26175000
b11111111111111111111111111111111 +
b1011111000 <
1N
#26180000
0N
#26185000
b11111111111111111111111111111111 +
b1011111001 <
1N
#26190000
0N
#26195000
b11111111111111111111111111111111 +
b1011111010 <
1N
#26200000
0N
#26205000
b11111111111111111111111111111111 +
b1011111011 <
1N
#26210000
0N
#26215000
b11111111111111111111111111111111 +
b1011111100 <
1N
#26220000
0N
#26225000
b11111111111111111111111111111111 +
b1011111101 <
1N
#26230000
0N
#26235000
b11111111111111111111111111111111 +
b1011111110 <
1N
#26240000
0N
#26245000
b11111111111111111111111111111111 +
b1011111111 <
1N
#26250000
0N
#26255000
b11111111111111111111111111111111 +
b1100000000 <
1N
#26260000
0N
#26265000
b11111111111111111111111111111111 +
b1100000001 <
1N
#26270000
0N
#26275000
b11111111111111111111111111111111 +
b1100000010 <
1N
#26280000
0N
#26285000
b11111111111111111111111111111111 +
b1100000011 <
1N
#26290000
0N
#26295000
b11111111111111111111111111111111 +
b1100000100 <
1N
#26300000
0N
#26305000
b11111111111111111111111111111111 +
b1100000101 <
1N
#26310000
0N
#26315000
b11111111111111111111111111111111 +
b1100000110 <
1N
#26320000
0N
#26325000
b11111111111111111111111111111111 +
b1100000111 <
1N
#26330000
0N
#26335000
b11111111111111111111111111111111 +
b1100001000 <
1N
#26340000
0N
#26345000
b11111111111111111111111111111111 +
b1100001001 <
1N
#26350000
0N
#26355000
b11111111111111111111111111111111 +
b1100001010 <
1N
#26360000
0N
#26365000
b11111111111111111111111111111111 +
b1100001011 <
1N
#26370000
0N
#26375000
b11111111111111111111111111111111 +
b1100001100 <
1N
#26380000
0N
#26385000
b11111111111111111111111111111111 +
b1100001101 <
1N
#26390000
0N
#26395000
1-
b11111111111111111111111111111111 +
b1100001110 <
1N
#26400000
0N
#26405000
0-
b1110100000 /
b0 +
b1100001111 <
1N
#26410000
0N
#26415000
b11111111111111111111111111111111 +
1N
#26420000
0N
#26425000
b11111111111111111111111111111111 +
b1100010000 <
1N
#26430000
0N
#26435000
b11111111111111111111111111111111 +
b1100010001 <
1N
#26440000
0N
#26445000
b11111111111111111111111111111111 +
b1100010010 <
1N
#26450000
0N
#26455000
b11111111111111111111111111111111 +
b1100010011 <
1N
#26460000
0N
#26465000
b11111111111111111111111111111111 +
b1100010100 <
1N
#26470000
0N
#26475000
b11111111111111111111111111111111 +
b1100010101 <
1N
#26480000
0N
#26485000
b11111111111111111111111111111111 +
b1100010110 <
1N
#26490000
0N
#26495000
b11111111111111111111111111111111 +
b1100010111 <
1N
#26500000
0N
#26505000
b11111111111111111111111111111111 +
b1100011000 <
1N
#26510000
0N
#26515000
b11111111111111111111111111111111 +
b1100011001 <
1N
#26520000
0N
#26525000
b11111111111111111111111111111111 +
b1100011010 <
1N
#26530000
0N
#26535000
b11111111111111111111111111111111 +
b1100011011 <
1N
#26540000
0N
#26545000
b11111111111111111111111111111111 +
b1100011100 <
1N
#26550000
0N
#26555000
b11111111111111111111111111111111 +
b1100011101 <
1N
#26560000
0N
#26565000
b11111111111111111111111111111111 +
b1100011110 <
1N
#26570000
0N
#26575000
b11111111111111111111111111111111 +
b1100011111 <
1N
#26580000
0N
#26585000
b11111111111111111111111111111111 +
b1100100000 <
1N
#26590000
0N
#26595000
b11111111111111111111111111111111 +
b1100100001 <
1N
#26600000
0N
#26605000
b11111111111111111111111111111111 +
b1100100010 <
1N
#26610000
0N
#26615000
b11111111111111111111111111111111 +
b1100100011 <
1N
#26620000
0N
#26625000
b11111111111111111111111111111111 +
b1100100100 <
1N
#26630000
0N
#26635000
b11111111111111111111111111111111 +
b1100100101 <
1N
#26640000
0N
#26645000
b11111111111111111111111111111111 +
b1100100110 <
1N
#26650000
0N
#26655000
b11111111111111111111111111111111 +
b1100100111 <
1N
#26660000
0N
#26665000
b11111111111111111111111111111111 +
b1100101000 <
1N
#26670000
0N
#26675000
1-
b11111111111111111111111111111111 +
b1100101001 <
1N
#26680000
0N
#26685000
0-
b1111000000 /
b0 +
b1100101010 <
1N
#26690000
0N
#26695000
b11111111111111111111111111111111 +
1N
#26700000
0N
#26705000
b11111111111111111111111111111111 +
b1100101011 <
1N
#26710000
0N
#26715000
b11111111111111111111111111111111 +
b1100101100 <
1N
#26720000
0N
#26725000
b11111111111111111111111111111111 +
b1100101101 <
1N
#26730000
0N
#26735000
b11111111111111111111111111111111 +
b1100101110 <
1N
#26740000
0N
#26745000
b11111111111111111111111111111111 +
b1100101111 <
1N
#26750000
0N
#26755000
b11111111111111111111111111111111 +
b1100110000 <
1N
#26760000
0N
#26765000
b11111111111111111111111111111111 +
b1100110001 <
1N
#26770000
0N
#26775000
b11111111111111111111111111111111 +
b1100110010 <
1N
#26780000
0N
#26785000
b11111111111111111111111111111111 +
b1100110011 <
1N
#26790000
0N
#26795000
b11111111111111111111111111111111 +
b1100110100 <
1N
#26800000
0N
#26805000
b11111111111111111111111111111111 +
b1100110101 <
1N
#26810000
0N
#26815000
b11111111111111111111111111111111 +
b1100110110 <
1N
#26820000
0N
#26825000
b11111111111111111111111111111111 +
b1100110111 <
1N
#26830000
0N
#26835000
b11111111111111111111111111111111 +
b1100111000 <
1N
#26840000
0N
#26845000
b11111111111111111111111111111111 +
b1100111001 <
1N
#26850000
0N
#26855000
b11111111111111111111111111111111 +
b1100111010 <
1N
#26860000
0N
#26865000
b11111111111111111111111111111111 +
b1100111011 <
1N
#26870000
0N
#26875000
b11111111111111111111111111111111 +
b1100111100 <
1N
#26880000
0N
#26885000
b11111111111111111111111111111111 +
b1100111101 <
1N
#26890000
0N
#26895000
b11111111111111111111111111111111 +
b1100111110 <
1N
#26900000
0N
#26905000
b11111111111111111111111111111111 +
b1100111111 <
1N
#26910000
0N
#26915000
b11111111111111111111111111111111 +
b1101000000 <
1N
#26920000
0N
#26925000
b11111111111111111111111111111111 +
b1101000001 <
1N
#26930000
0N
#26935000
b11111111111111111111111111111111 +
b1101000010 <
1N
#26940000
0N
#26945000
b11111111111111111111111111111111 +
b1101000011 <
1N
#26950000
0N
#26955000
1-
b11111111111111111111111111111111 +
b1101000100 <
1N
#26960000
0N
#26965000
0-
b1111100000 /
b0 +
b1101000101 <
1N
#26970000
0N
#26975000
b11111111111111111111111111111111 +
1N
#26980000
0N
#26985000
b11111111111111111111111111111111 +
b1101000110 <
1N
#26990000
0N
#26995000
b11111111111111111111111111111111 +
b1101000111 <
1N
#27000000
0N
#27005000
b11111111111111111111111111111111 +
b1101001000 <
1N
#27010000
0N
#27015000
b11111111111111111111111111111111 +
b1101001001 <
1N
#27020000
0N
#27025000
b11111111111111111111111111111111 +
b1101001010 <
1N
#27030000
0N
#27035000
b11111111111111111111111111111111 +
b1101001011 <
1N
#27040000
0N
#27045000
b11111111111111111111111111111111 +
b1101001100 <
1N
#27050000
0N
#27055000
b11111111111111111111111111111111 +
b1101001101 <
1N
#27060000
0N
#27065000
b11111111111111111111111111111111 +
b1101001110 <
1N
#27070000
0N
#27075000
b11111111111111111111111111111111 +
b1101001111 <
1N
#27080000
0N
#27085000
b11111111111111111111111111111111 +
b1101010000 <
1N
#27090000
0N
#27095000
b11111111111111111111111111111111 +
b1101010001 <
1N
#27100000
0N
#27105000
b11111111111111111111111111111111 +
b1101010010 <
1N
#27110000
0N
#27115000
b11111111111111111111111111111111 +
b1101010011 <
1N
#27120000
0N
#27125000
b11111111111111111111111111111111 +
b1101010100 <
1N
#27130000
0N
#27135000
b11111111111111111111111111111111 +
b1101010101 <
1N
#27140000
0N
#27145000
b11111111111111111111111111111111 +
b1101010110 <
1N
#27150000
0N
#27155000
b11111111111111111111111111111111 +
b1101010111 <
1N
#27160000
0N
#27165000
b11111111111111111111111111111111 +
b1101011000 <
1N
#27170000
0N
#27175000
b11111111111111111111111111111111 +
b1101011001 <
1N
#27180000
0N
#27185000
b11111111111111111111111111111111 +
b1101011010 <
1N
#27190000
0N
#27195000
b11111111111111111111111111111111 +
b1101011011 <
1N
#27200000
0N
#27205000
b11111111111111111111111111111111 +
b1101011100 <
1N
#27210000
0N
#27215000
b11111111111111111111111111111111 +
b1101011101 <
1N
#27220000
0N
#27225000
b11111111111111111111111111111111 +
b1101011110 <
1N
#27230000
0N
#27235000
1-
b11111111111111111111111111111111 +
b1101011111 <
1N
#27240000
0N
#27245000
0-
b0 +
b1101100000 <
1N
#27250000
0N
#27255000
b110101001110111 O
1.
1;
0=
1N
#27256000
b1000000 ^
b10000000000 ]
#27260000
b11111111111111111111111111111111 ,
b10 X
1W
0N
#27265000
0.
0;
0M
1N
#27270000
1V
0N
#27275000
b0 "
b0 0
b0 (
b0 #
b0 $
b0 !
b0 4
0Q
1N
#27280000
0V
0N
#27285000
1N
#27290000
b1 Z
1[
0N
#27295000
b10000000000000000 0
b1 #
b1 $
b1 4
1N
#27300000
0[
0N
#27305000
1N
#27310000
b0 Z
1[
0N
#27315000
b100000000000000 "
b1000000000000000 (
b1000000000000000 0
b1 !
b10 4
1N
#27320000
0[
0N
#27325000
1N
#27330000
b1 Z
1[
0N
#27335000
b11100011100100 "
b1010101010101010 0
b101010101010101 (
b10 #
b10 $
b11 4
1N
#27340000
0[
0N
#27345000
1N
#27350000
b0 Z
1[
0N
#27355000
b100000000000000 "
b1000000000000000 0
b1000000000000000 (
b10 !
b100 4
1N
#27360000
0[
0N
#27365000
1N
#27370000
1S
0N
#27375000
b100000000000000 "
b1000000000000000 0
b1000000000000000 (
11
1%
b110101011101111 T
1N
#27380000
0S
0N
#27385000
b100000000000000 "
b1000000000000000 0
b1000000000000000 (
01
0%
13
1N
#27390000
0N
#27395000
b110101100000011 R
18
03
1N
#27400000
0N
#27405000
b110101100001101 P
b11 \
b1111111111111111111111111111111111111111111111111111111111111111 ,
b1000000 ?
b10 )
08
1:
1*
b10 >
1Q
1N
#27410000
0N
#27415000
b0 /
1=
b0 <
0:
0*
1N
#27416000
b1000000 ^
#27420000
b1111111111111111111111111111111111111111111111111111111111111111 ,
b0 X
0N
#27425000
b1111111111111111111111111111111111111111111111111111111111111111 +
b10 L
1M
1N
#27430000
0N
#27435000
b1111111111111111111111111111111111111111111111111111111111111111 +
b1 <
1N
#27440000
0N
#27445000
b1111111111111111111111111111111111111111111111111111111111111111 +
b10 <
1N
#27450000
0N
#27455000
b1111111111111111111111111111111111111111111111111111111111111111 +
b11 <
1N
#27460000
b1000000 ^
0N
#27465000
b1111111111111111111111111111111111111111111111111111111111111111 +
b100 <
1N
#27470000
0N
#27475000
b1111111111111111111111111111111111111111111111111111111111111111 +
b101 <
1N
#27480000
0N
#27485000
b1111111111111111111111111111111111111111111111111111111111111111 +
b110 <
1N
#27490000
0N
#27495000
b1111111111111111111111111111111111111111111111111111111111111111 +
b111 <
1N
#27500000
0N
#27505000
b1111111111111111111111111111111111111111111111111111111111111111 +
b1000 <
1N
#27510000
0N
#27515000
b1111111111111111111111111111111111111111111111111111111111111111 +
b1001 <
1N
#27520000
0N
#27525000
b1111111111111111111111111111111111111111111111111111111111111111 +
b1010 <
1N
#27530000
0N
#27535000
b1111111111111111111111111111111111111111111111111111111111111111 +
b1011 <
1N
#27540000
0N
#27545000
b1111111111111111111111111111111111111111111111111111111111111111 +
b1100 <
1N
#27550000
0N
#27555000
b1111111111111111111111111111111111111111111111111111111111111111 +
b1101 <
1N
#27560000
0N
#27565000
b1111111111111111111111111111111111111111111111111111111111111111 +
b1110 <
1N
#27570000
0N
#27575000
b1111111111111111111111111111111111111111111111111111111111111111 +
b1111 <
1N
#27580000
0N
#27585000
b1111111111111111111111111111111111111111111111111111111111111111 +
b10000 <
1N
#27590000
0N
#27595000
b1111111111111111111111111111111111111111111111111111111111111111 +
b10001 <
1N
#27600000
0N
#27605000
b1111111111111111111111111111111111111111111111111111111111111111 +
b10010 <
1N
#27610000
0N
#27615000
b1111111111111111111111111111111111111111111111111111111111111111 +
b10011 <
1N
#27620000
0N
#27625000
b1111111111111111111111111111111111111111111111111111111111111111 +
b10100 <
1N
#27630000
0N
#27635000
b1111111111111111111111111111111111111111111111111111111111111111 +
b10101 <
1N
#27640000
0N
#27645000
b1111111111111111111111111111111111111111111111111111111111111111 +
b10110 <
1N
#27650000
0N
#27655000
b1111111111111111111111111111111111111111111111111111111111111111 +
b10111 <
1N
#27660000
0N
#27665000
b1111111111111111111111111111111111111111111111111111111111111111 +
b11000 <
1N
#27670000
0N
#27675000
b1111111111111111111111111111111111111111111111111111111111111111 +
b11001 <
1N
#27680000
0N
#27685000
1-
b1111111111111111111111111111111111111111111111111111111111111111 +
b11010 <
1N
#27690000
0N
#27695000
0-
b1000000 /
b0 +
b11011 <
1N
#27700000
0N
#27705000
b1111111111111111111111111111111111111111111111111111111111111111 +
1N
#27710000
0N
#27715000
b1111111111111111111111111111111111111111111111111111111111111111 +
b11100 <
1N
#27720000
0N
#27725000
b1111111111111111111111111111111111111111111111111111111111111111 +
b11101 <
1N
#27730000
0N
#27735000
b1111111111111111111111111111111111111111111111111111111111111111 +
b11110 <
1N
#27740000
0N
#27745000
b1111111111111111111111111111111111111111111111111111111111111111 +
b11111 <
1N
#27750000
0N
#27755000
b1111111111111111111111111111111111111111111111111111111111111111 +
b100000 <
1N
#27760000
0N
#27765000
b1111111111111111111111111111111111111111111111111111111111111111 +
b100001 <
1N
#27770000
0N
#27775000
b1111111111111111111111111111111111111111111111111111111111111111 +
b100010 <
1N
#27780000
0N
#27785000
b1111111111111111111111111111111111111111111111111111111111111111 +
b100011 <
1N
#27790000
0N
#27795000
b1111111111111111111111111111111111111111111111111111111111111111 +
b100100 <
1N
#27800000
0N
#27805000
b1111111111111111111111111111111111111111111111111111111111111111 +
b100101 <
1N
#27810000
0N
#27815000
b1111111111111111111111111111111111111111111111111111111111111111 +
b100110 <
1N
#27820000
0N
#27825000
b1111111111111111111111111111111111111111111111111111111111111111 +
b100111 <
1N
#27830000
0N
#27835000
b1111111111111111111111111111111111111111111111111111111111111111 +
b101000 <
1N
#27840000
0N
#27845000
b1111111111111111111111111111111111111111111111111111111111111111 +
b101001 <
1N
#27850000
0N
#27855000
b1111111111111111111111111111111111111111111111111111111111111111 +
b101010 <
1N
#27860000
0N
#27865000
b1111111111111111111111111111111111111111111111111111111111111111 +
b101011 <
1N
#27870000
0N
#27875000
b1111111111111111111111111111111111111111111111111111111111111111 +
b101100 <
1N
#27880000
0N
#27885000
b1111111111111111111111111111111111111111111111111111111111111111 +
b101101 <
1N
#27890000
0N
#27895000
b1111111111111111111111111111111111111111111111111111111111111111 +
b101110 <
1N
#27900000
0N
#27905000
b1111111111111111111111111111111111111111111111111111111111111111 +
b101111 <
1N
#27910000
0N
#27915000
b1111111111111111111111111111111111111111111111111111111111111111 +
b110000 <
1N
#27920000
0N
#27925000
b1111111111111111111111111111111111111111111111111111111111111111 +
b110001 <
1N
#27930000
0N
#27935000
b1111111111111111111111111111111111111111111111111111111111111111 +
b110010 <
1N
#27940000
0N
#27945000
b1111111111111111111111111111111111111111111111111111111111111111 +
b110011 <
1N
#27950000
0N
#27955000
b1111111111111111111111111111111111111111111111111111111111111111 +
b110100 <
1N
#27960000
0N
#27965000
1-
b1111111111111111111111111111111111111111111111111111111111111111 +
b110101 <
1N
#27970000
0N
#27975000
0-
b10000000 /
b0 +
b110110 <
1N
#27980000
0N
#27985000
b1111111111111111111111111111111111111111111111111111111111111111 +
1N
#27990000
0N
#27995000
b1111111111111111111111111111111111111111111111111111111111111111 +
b110111 <
1N
#28000000
0N
#28005000
b1111111111111111111111111111111111111111111111111111111111111111 +
b111000 <
1N
#28010000
0N
#28015000
b1111111111111111111111111111111111111111111111111111111111111111 +
b111001 <
1N
#28020000
0N
#28025000
b1111111111111111111111111111111111111111111111111111111111111111 +
b111010 <
1N
#28030000
0N
#28035000
b1111111111111111111111111111111111111111111111111111111111111111 +
b111011 <
1N
#28040000
0N
#28045000
b1111111111111111111111111111111111111111111111111111111111111111 +
b111100 <
1N
#28050000
0N
#28055000
b1111111111111111111111111111111111111111111111111111111111111111 +
b111101 <
1N
#28060000
0N
#28065000
b1111111111111111111111111111111111111111111111111111111111111111 +
b111110 <
1N
#28070000
0N
#28075000
b1111111111111111111111111111111111111111111111111111111111111111 +
b111111 <
1N
#28080000
0N
#28085000
b1111111111111111111111111111111111111111111111111111111111111111 +
b1000000 <
1N
#28090000
0N
#28095000
b1111111111111111111111111111111111111111111111111111111111111111 +
b1000001 <
1N
#28100000
0N
#28105000
b1111111111111111111111111111111111111111111111111111111111111111 +
b1000010 <
1N
#28110000
0N
#28115000
b1111111111111111111111111111111111111111111111111111111111111111 +
b1000011 <
1N
#28120000
0N
#28125000
b1111111111111111111111111111111111111111111111111111111111111111 +
b1000100 <
1N
#28130000
0N
#28135000
b1111111111111111111111111111111111111111111111111111111111111111 +
b1000101 <
1N
#28140000
0N
#28145000
b1111111111111111111111111111111111111111111111111111111111111111 +
b1000110 <
1N
#28150000
0N
#28155000
b1111111111111111111111111111111111111111111111111111111111111111 +
b1000111 <
1N
#28160000
0N
#28165000
b1111111111111111111111111111111111111111111111111111111111111111 +
b1001000 <
1N
#28170000
0N
#28175000
b1111111111111111111111111111111111111111111111111111111111111111 +
b1001001 <
1N
#28180000
0N
#28185000
b1111111111111111111111111111111111111111111111111111111111111111 +
b1001010 <
1N
#28190000
0N
#28195000
b1111111111111111111111111111111111111111111111111111111111111111 +
b1001011 <
1N
#28200000
0N
#28205000
b1111111111111111111111111111111111111111111111111111111111111111 +
b1001100 <
1N
#28210000
0N
#28215000
b1111111111111111111111111111111111111111111111111111111111111111 +
b1001101 <
1N
#28220000
0N
#28225000
b1111111111111111111111111111111111111111111111111111111111111111 +
b1001110 <
1N
#28230000
0N
#28235000
b1111111111111111111111111111111111111111111111111111111111111111 +
b1001111 <
1N
#28240000
0N
#28245000
1-
b1111111111111111111111111111111111111111111111111111111111111111 +
b1010000 <
1N
#28250000
0N
#28255000
0-
b11000000 /
b0 +
b1010001 <
1N
#28260000
0N
#28265000
b1111111111111111111111111111111111111111111111111111111111111111 +
1N
#28270000
0N
#28275000
b1111111111111111111111111111111111111111111111111111111111111111 +
b1010010 <
1N
#28280000
0N
#28285000
b1111111111111111111111111111111111111111111111111111111111111111 +
b1010011 <
1N
#28290000
0N
#28295000
b1111111111111111111111111111111111111111111111111111111111111111 +
b1010100 <
1N
#28300000
0N
#28305000
b1111111111111111111111111111111111111111111111111111111111111111 +
b1010101 <
1N
#28310000
0N
#28315000
b1111111111111111111111111111111111111111111111111111111111111111 +
b1010110 <
1N
#28320000
0N
#28325000
b1111111111111111111111111111111111111111111111111111111111111111 +
b1010111 <
1N
#28330000
0N
#28335000
b1111111111111111111111111111111111111111111111111111111111111111 +
b1011000 <
1N
#28340000
0N
#28345000
b1111111111111111111111111111111111111111111111111111111111111111 +
b1011001 <
1N
#28350000
0N
#28355000
b1111111111111111111111111111111111111111111111111111111111111111 +
b1011010 <
1N
#28360000
0N
#28365000
b1111111111111111111111111111111111111111111111111111111111111111 +
b1011011 <
1N
#28370000
0N
#28375000
b1111111111111111111111111111111111111111111111111111111111111111 +
b1011100 <
1N
#28380000
0N
#28385000
b1111111111111111111111111111111111111111111111111111111111111111 +
b1011101 <
1N
#28390000
0N
#28395000
b1111111111111111111111111111111111111111111111111111111111111111 +
b1011110 <
1N
#28400000
0N
#28405000
b1111111111111111111111111111111111111111111111111111111111111111 +
b1011111 <
1N
#28410000
0N
#28415000
b1111111111111111111111111111111111111111111111111111111111111111 +
b1100000 <
1N
#28420000
0N
#28425000
b1111111111111111111111111111111111111111111111111111111111111111 +
b1100001 <
1N
#28430000
0N
#28435000
b1111111111111111111111111111111111111111111111111111111111111111 +
b1100010 <
1N
#28440000
0N
#28445000
b1111111111111111111111111111111111111111111111111111111111111111 +
b1100011 <
1N
#28450000
0N
#28455000
b1111111111111111111111111111111111111111111111111111111111111111 +
b1100100 <
1N
#28460000
0N
#28465000
b1111111111111111111111111111111111111111111111111111111111111111 +
b1100101 <
1N
#28470000
0N
#28475000
b1111111111111111111111111111111111111111111111111111111111111111 +
b1100110 <
1N
#28480000
0N
#28485000
b1111111111111111111111111111111111111111111111111111111111111111 +
b1100111 <
1N
#28490000
0N
#28495000
b1111111111111111111111111111111111111111111111111111111111111111 +
b1101000 <
1N
#28500000
0N
#28505000
b1111111111111111111111111111111111111111111111111111111111111111 +
b1101001 <
1N
#28510000
0N
#28515000
b1111111111111111111111111111111111111111111111111111111111111111 +
b1101010 <
1N
#28520000
0N
#28525000
1-
b1111111111111111111111111111111111111111111111111111111111111111 +
b1101011 <
1N
#28530000
0N
#28535000
0-
b100000000 /
b0 +
b1101100 <
1N
#28540000
0N
#28545000
b1111111111111111111111111111111111111111111111111111111111111111 +
1N
#28550000
0N
#28555000
b1111111111111111111111111111111111111111111111111111111111111111 +
b1101101 <
1N
#28560000
0N
#28565000
b1111111111111111111111111111111111111111111111111111111111111111 +
b1101110 <
1N
#28570000
0N
#28575000
b1111111111111111111111111111111111111111111111111111111111111111 +
b1101111 <
1N
#28580000
0N
#28585000
b1111111111111111111111111111111111111111111111111111111111111111 +
b1110000 <
1N
#28590000
0N
#28595000
b1111111111111111111111111111111111111111111111111111111111111111 +
b1110001 <
1N
#28600000
0N
#28605000
b1111111111111111111111111111111111111111111111111111111111111111 +
b1110010 <
1N
#28610000
0N
#28615000
b1111111111111111111111111111111111111111111111111111111111111111 +
b1110011 <
1N
#28620000
0N
#28625000
b1111111111111111111111111111111111111111111111111111111111111111 +
b1110100 <
1N
#28630000
0N
#28635000
b1111111111111111111111111111111111111111111111111111111111111111 +
b1110101 <
1N
#28640000
0N
#28645000
b1111111111111111111111111111111111111111111111111111111111111111 +
b1110110 <
1N
#28650000
0N
#28655000
b1111111111111111111111111111111111111111111111111111111111111111 +
b1110111 <
1N
#28660000
0N
#28665000
b1111111111111111111111111111111111111111111111111111111111111111 +
b1111000 <
1N
#28670000
0N
#28675000
b1111111111111111111111111111111111111111111111111111111111111111 +
b1111001 <
1N
#28680000
0N
#28685000
b1111111111111111111111111111111111111111111111111111111111111111 +
b1111010 <
1N
#28690000
0N
#28695000
b1111111111111111111111111111111111111111111111111111111111111111 +
b1111011 <
1N
#28700000
0N
#28705000
b1111111111111111111111111111111111111111111111111111111111111111 +
b1111100 <
1N
#28710000
0N
#28715000
b1111111111111111111111111111111111111111111111111111111111111111 +
b1111101 <
1N
#28720000
0N
#28725000
b1111111111111111111111111111111111111111111111111111111111111111 +
b1111110 <
1N
#28730000
0N
#28735000
b1111111111111111111111111111111111111111111111111111111111111111 +
b1111111 <
1N
#28740000
0N
#28745000
b1111111111111111111111111111111111111111111111111111111111111111 +
b10000000 <
1N
#28750000
0N
#28755000
b1111111111111111111111111111111111111111111111111111111111111111 +
b10000001 <
1N
#28760000
0N
#28765000
b1111111111111111111111111111111111111111111111111111111111111111 +
b10000010 <
1N
#28770000
0N
#28775000
b1111111111111111111111111111111111111111111111111111111111111111 +
b10000011 <
1N
#28780000
0N
#28785000
b1111111111111111111111111111111111111111111111111111111111111111 +
b10000100 <
1N
#28790000
0N
#28795000
b1111111111111111111111111111111111111111111111111111111111111111 +
b10000101 <
1N
#28800000
0N
#28805000
1-
b1111111111111111111111111111111111111111111111111111111111111111 +
b10000110 <
1N
#28810000
0N
#28815000
0-
b101000000 /
b0 +
b10000111 <
1N
#28820000
0N
#28825000
b1111111111111111111111111111111111111111111111111111111111111111 +
1N
#28830000
0N
#28835000
b1111111111111111111111111111111111111111111111111111111111111111 +
b10001000 <
1N
#28840000
0N
#28845000
b1111111111111111111111111111111111111111111111111111111111111111 +
b10001001 <
1N
#28850000
0N
#28855000
b1111111111111111111111111111111111111111111111111111111111111111 +
b10001010 <
1N
#28860000
0N
#28865000
b1111111111111111111111111111111111111111111111111111111111111111 +
b10001011 <
1N
#28870000
0N
#28875000
b1111111111111111111111111111111111111111111111111111111111111111 +
b10001100 <
1N
#28880000
0N
#28885000
b1111111111111111111111111111111111111111111111111111111111111111 +
b10001101 <
1N
#28890000
0N
#28895000
b1111111111111111111111111111111111111111111111111111111111111111 +
b10001110 <
1N
#28900000
0N
#28905000
b1111111111111111111111111111111111111111111111111111111111111111 +
b10001111 <
1N
#28910000
0N
#28915000
b1111111111111111111111111111111111111111111111111111111111111111 +
b10010000 <
1N
#28920000
0N
#28925000
b1111111111111111111111111111111111111111111111111111111111111111 +
b10010001 <
1N
#28930000
0N
#28935000
b1111111111111111111111111111111111111111111111111111111111111111 +
b10010010 <
1N
#28940000
0N
#28945000
b1111111111111111111111111111111111111111111111111111111111111111 +
b10010011 <
1N
#28950000
0N
#28955000
b1111111111111111111111111111111111111111111111111111111111111111 +
b10010100 <
1N
#28960000
0N
#28965000
b1111111111111111111111111111111111111111111111111111111111111111 +
b10010101 <
1N
#28970000
0N
#28975000
b1111111111111111111111111111111111111111111111111111111111111111 +
b10010110 <
1N
#28980000
0N
#28985000
b1111111111111111111111111111111111111111111111111111111111111111 +
b10010111 <
1N
#28990000
0N
#28995000
b1111111111111111111111111111111111111111111111111111111111111111 +
b10011000 <
1N
#29000000
0N
#29005000
b1111111111111111111111111111111111111111111111111111111111111111 +
b10011001 <
1N
#29010000
0N
#29015000
b1111111111111111111111111111111111111111111111111111111111111111 +
b10011010 <
1N
#29020000
0N
#29025000
b1111111111111111111111111111111111111111111111111111111111111111 +
b10011011 <
1N
#29030000
0N
#29035000
b1111111111111111111111111111111111111111111111111111111111111111 +
b10011100 <
1N
#29040000
0N
#29045000
b1111111111111111111111111111111111111111111111111111111111111111 +
b10011101 <
1N
#29050000
0N
#29055000
b1111111111111111111111111111111111111111111111111111111111111111 +
b10011110 <
1N
#29060000
0N
#29065000
b1111111111111111111111111111111111111111111111111111111111111111 +
b10011111 <
1N
#29070000
0N
#29075000
b1111111111111111111111111111111111111111111111111111111111111111 +
b10100000 <
1N
#29080000
0N
#29085000
1-
b1111111111111111111111111111111111111111111111111111111111111111 +
b10100001 <
1N
#29090000
0N
#29095000
0-
b110000000 /
b0 +
b10100010 <
1N
#29100000
0N
#29105000
b1111111111111111111111111111111111111111111111111111111111111111 +
1N
#29110000
0N
#29115000
b1111111111111111111111111111111111111111111111111111111111111111 +
b10100011 <
1N
#29120000
0N
#29125000
b1111111111111111111111111111111111111111111111111111111111111111 +
b10100100 <
1N
#29130000
0N
#29135000
b1111111111111111111111111111111111111111111111111111111111111111 +
b10100101 <
1N
#29140000
0N
#29145000
b1111111111111111111111111111111111111111111111111111111111111111 +
b10100110 <
1N
#29150000
0N
#29155000
b1111111111111111111111111111111111111111111111111111111111111111 +
b10100111 <
1N
#29160000
0N
#29165000
b1111111111111111111111111111111111111111111111111111111111111111 +
b10101000 <
1N
#29170000
0N
#29175000
b1111111111111111111111111111111111111111111111111111111111111111 +
b10101001 <
1N
#29180000
0N
#29185000
b1111111111111111111111111111111111111111111111111111111111111111 +
b10101010 <
1N
#29190000
0N
#29195000
b1111111111111111111111111111111111111111111111111111111111111111 +
b10101011 <
1N
#29200000
0N
#29205000
b1111111111111111111111111111111111111111111111111111111111111111 +
b10101100 <
1N
#29210000
0N
#29215000
b1111111111111111111111111111111111111111111111111111111111111111 +
b10101101 <
1N
#29220000
0N
#29225000
b1111111111111111111111111111111111111111111111111111111111111111 +
b10101110 <
1N
#29230000
0N
#29235000
b1111111111111111111111111111111111111111111111111111111111111111 +
b10101111 <
1N
#29240000
0N
#29245000
b1111111111111111111111111111111111111111111111111111111111111111 +
b10110000 <
1N
#29250000
0N
#29255000
b1111111111111111111111111111111111111111111111111111111111111111 +
b10110001 <
1N
#29260000
0N
#29265000
b1111111111111111111111111111111111111111111111111111111111111111 +
b10110010 <
1N
#29270000
0N
#29275000
b1111111111111111111111111111111111111111111111111111111111111111 +
b10110011 <
1N
#29280000
0N
#29285000
b1111111111111111111111111111111111111111111111111111111111111111 +
b10110100 <
1N
#29290000
0N
#29295000
b1111111111111111111111111111111111111111111111111111111111111111 +
b10110101 <
1N
#29300000
0N
#29305000
b1111111111111111111111111111111111111111111111111111111111111111 +
b10110110 <
1N
#29310000
0N
#29315000
b1111111111111111111111111111111111111111111111111111111111111111 +
b10110111 <
1N
#29320000
0N
#29325000
b1111111111111111111111111111111111111111111111111111111111111111 +
b10111000 <
1N
#29330000
0N
#29335000
b1111111111111111111111111111111111111111111111111111111111111111 +
b10111001 <
1N
#29340000
0N
#29345000
b1111111111111111111111111111111111111111111111111111111111111111 +
b10111010 <
1N
#29350000
0N
#29355000
b1111111111111111111111111111111111111111111111111111111111111111 +
b10111011 <
1N
#29360000
0N
#29365000
1-
b1111111111111111111111111111111111111111111111111111111111111111 +
b10111100 <
1N
#29370000
0N
#29375000
0-
b111000000 /
b0 +
b10111101 <
1N
#29380000
0N
#29385000
b1111111111111111111111111111111111111111111111111111111111111111 +
1N
#29390000
0N
#29395000
b1111111111111111111111111111111111111111111111111111111111111111 +
b10111110 <
1N
#29400000
0N
#29405000
b1111111111111111111111111111111111111111111111111111111111111111 +
b10111111 <
1N
#29410000
0N
#29415000
b1111111111111111111111111111111111111111111111111111111111111111 +
b11000000 <
1N
#29420000
0N
#29425000
b1111111111111111111111111111111111111111111111111111111111111111 +
b11000001 <
1N
#29430000
0N
#29435000
b1111111111111111111111111111111111111111111111111111111111111111 +
b11000010 <
1N
#29440000
0N
#29445000
b1111111111111111111111111111111111111111111111111111111111111111 +
b11000011 <
1N
#29450000
0N
#29455000
b1111111111111111111111111111111111111111111111111111111111111111 +
b11000100 <
1N
#29460000
0N
#29465000
b1111111111111111111111111111111111111111111111111111111111111111 +
b11000101 <
1N
#29470000
0N
#29475000
b1111111111111111111111111111111111111111111111111111111111111111 +
b11000110 <
1N
#29480000
0N
#29485000
b1111111111111111111111111111111111111111111111111111111111111111 +
b11000111 <
1N
#29490000
0N
#29495000
b1111111111111111111111111111111111111111111111111111111111111111 +
b11001000 <
1N
#29500000
0N
#29505000
b1111111111111111111111111111111111111111111111111111111111111111 +
b11001001 <
1N
#29510000
0N
#29515000
b1111111111111111111111111111111111111111111111111111111111111111 +
b11001010 <
1N
#29520000
0N
#29525000
b1111111111111111111111111111111111111111111111111111111111111111 +
b11001011 <
1N
#29530000
0N
#29535000
b1111111111111111111111111111111111111111111111111111111111111111 +
b11001100 <
1N
#29540000
0N
#29545000
b1111111111111111111111111111111111111111111111111111111111111111 +
b11001101 <
1N
#29550000
0N
#29555000
b1111111111111111111111111111111111111111111111111111111111111111 +
b11001110 <
1N
#29560000
0N
#29565000
b1111111111111111111111111111111111111111111111111111111111111111 +
b11001111 <
1N
#29570000
0N
#29575000
b1111111111111111111111111111111111111111111111111111111111111111 +
b11010000 <
1N
#29580000
0N
#29585000
b1111111111111111111111111111111111111111111111111111111111111111 +
b11010001 <
1N
#29590000
0N
#29595000
b1111111111111111111111111111111111111111111111111111111111111111 +
b11010010 <
1N
#29600000
0N
#29605000
b1111111111111111111111111111111111111111111111111111111111111111 +
b11010011 <
1N
#29610000
0N
#29615000
b1111111111111111111111111111111111111111111111111111111111111111 +
b11010100 <
1N
#29620000
0N
#29625000
b1111111111111111111111111111111111111111111111111111111111111111 +
b11010101 <
1N
#29630000
0N
#29635000
b1111111111111111111111111111111111111111111111111111111111111111 +
b11010110 <
1N
#29640000
0N
#29645000
1-
b1111111111111111111111111111111111111111111111111111111111111111 +
b11010111 <
1N
#29650000
0N
#29655000
0-
b1000000000 /
b0 +
b11011000 <
1N
#29660000
0N
#29665000
b1111111111111111111111111111111111111111111111111111111111111111 +
1N
#29670000
0N
#29675000
b1111111111111111111111111111111111111111111111111111111111111111 +
b11011001 <
1N
#29680000
0N
#29685000
b1111111111111111111111111111111111111111111111111111111111111111 +
b11011010 <
1N
#29690000
0N
#29695000
b1111111111111111111111111111111111111111111111111111111111111111 +
b11011011 <
1N
#29700000
0N
#29705000
b1111111111111111111111111111111111111111111111111111111111111111 +
b11011100 <
1N
#29710000
0N
#29715000
b1111111111111111111111111111111111111111111111111111111111111111 +
b11011101 <
1N
#29720000
0N
#29725000
b1111111111111111111111111111111111111111111111111111111111111111 +
b11011110 <
1N
#29730000
0N
#29735000
b1111111111111111111111111111111111111111111111111111111111111111 +
b11011111 <
1N
#29740000
0N
#29745000
b1111111111111111111111111111111111111111111111111111111111111111 +
b11100000 <
1N
#29750000
0N
#29755000
b1111111111111111111111111111111111111111111111111111111111111111 +
b11100001 <
1N
#29760000
0N
#29765000
b1111111111111111111111111111111111111111111111111111111111111111 +
b11100010 <
1N
#29770000
0N
#29775000
b1111111111111111111111111111111111111111111111111111111111111111 +
b11100011 <
1N
#29780000
0N
#29785000
b1111111111111111111111111111111111111111111111111111111111111111 +
b11100100 <
1N
#29790000
0N
#29795000
b1111111111111111111111111111111111111111111111111111111111111111 +
b11100101 <
1N
#29800000
0N
#29805000
b1111111111111111111111111111111111111111111111111111111111111111 +
b11100110 <
1N
#29810000
0N
#29815000
b1111111111111111111111111111111111111111111111111111111111111111 +
b11100111 <
1N
#29820000
0N
#29825000
b1111111111111111111111111111111111111111111111111111111111111111 +
b11101000 <
1N
#29830000
0N
#29835000
b1111111111111111111111111111111111111111111111111111111111111111 +
b11101001 <
1N
#29840000
0N
#29845000
b1111111111111111111111111111111111111111111111111111111111111111 +
b11101010 <
1N
#29850000
0N
#29855000
b1111111111111111111111111111111111111111111111111111111111111111 +
b11101011 <
1N
#29860000
0N
#29865000
b1111111111111111111111111111111111111111111111111111111111111111 +
b11101100 <
1N
#29870000
0N
#29875000
b1111111111111111111111111111111111111111111111111111111111111111 +
b11101101 <
1N
#29880000
0N
#29885000
b1111111111111111111111111111111111111111111111111111111111111111 +
b11101110 <
1N
#29890000
0N
#29895000
b1111111111111111111111111111111111111111111111111111111111111111 +
b11101111 <
1N
#29900000
0N
#29905000
b1111111111111111111111111111111111111111111111111111111111111111 +
b11110000 <
1N
#29910000
0N
#29915000
b1111111111111111111111111111111111111111111111111111111111111111 +
b11110001 <
1N
#29920000
0N
#29925000
1-
b1111111111111111111111111111111111111111111111111111111111111111 +
b11110010 <
1N
#29930000
0N
#29935000
0-
b1001000000 /
b0 +
b11110011 <
1N
#29940000
0N
#29945000
b1111111111111111111111111111111111111111111111111111111111111111 +
1N
#29950000
0N
#29955000
b1111111111111111111111111111111111111111111111111111111111111111 +
b11110100 <
1N
#29960000
0N
#29965000
b1111111111111111111111111111111111111111111111111111111111111111 +
b11110101 <
1N
#29970000
0N
#29975000
b1111111111111111111111111111111111111111111111111111111111111111 +
b11110110 <
1N
#29980000
0N
#29985000
b1111111111111111111111111111111111111111111111111111111111111111 +
b11110111 <
1N
#29990000
0N
#29995000
b1111111111111111111111111111111111111111111111111111111111111111 +
b11111000 <
1N
#30000000
0N
#30005000
b1111111111111111111111111111111111111111111111111111111111111111 +
b11111001 <
1N
#30010000
0N
#30015000
b1111111111111111111111111111111111111111111111111111111111111111 +
b11111010 <
1N
#30020000
0N
#30025000
b1111111111111111111111111111111111111111111111111111111111111111 +
b11111011 <
1N
#30030000
0N
#30035000
b1111111111111111111111111111111111111111111111111111111111111111 +
b11111100 <
1N
#30040000
0N
#30045000
b1111111111111111111111111111111111111111111111111111111111111111 +
b11111101 <
1N
#30050000
0N
#30055000
b1111111111111111111111111111111111111111111111111111111111111111 +
b11111110 <
1N
#30060000
0N
#30065000
b1111111111111111111111111111111111111111111111111111111111111111 +
b11111111 <
1N
#30070000
0N
#30075000
b1111111111111111111111111111111111111111111111111111111111111111 +
b100000000 <
1N
#30080000
0N
#30085000
b1111111111111111111111111111111111111111111111111111111111111111 +
b100000001 <
1N
#30090000
0N
#30095000
b1111111111111111111111111111111111111111111111111111111111111111 +
b100000010 <
1N
#30100000
0N
#30105000
b1111111111111111111111111111111111111111111111111111111111111111 +
b100000011 <
1N
#30110000
0N
#30115000
b1111111111111111111111111111111111111111111111111111111111111111 +
b100000100 <
1N
#30120000
0N
#30125000
b1111111111111111111111111111111111111111111111111111111111111111 +
b100000101 <
1N
#30130000
0N
#30135000
b1111111111111111111111111111111111111111111111111111111111111111 +
b100000110 <
1N
#30140000
0N
#30145000
b1111111111111111111111111111111111111111111111111111111111111111 +
b100000111 <
1N
#30150000
0N
#30155000
b1111111111111111111111111111111111111111111111111111111111111111 +
b100001000 <
1N
#30160000
0N
#30165000
b1111111111111111111111111111111111111111111111111111111111111111 +
b100001001 <
1N
#30170000
0N
#30175000
b1111111111111111111111111111111111111111111111111111111111111111 +
b100001010 <
1N
#30180000
0N
#30185000
b1111111111111111111111111111111111111111111111111111111111111111 +
b100001011 <
1N
#30190000
0N
#30195000
b1111111111111111111111111111111111111111111111111111111111111111 +
b100001100 <
1N
#30200000
0N
#30205000
1-
b1111111111111111111111111111111111111111111111111111111111111111 +
b100001101 <
1N
#30210000
0N
#30215000
0-
b1010000000 /
b0 +
b100001110 <
1N
#30220000
0N
#30225000
b1111111111111111111111111111111111111111111111111111111111111111 +
1N
#30230000
0N
#30235000
b1111111111111111111111111111111111111111111111111111111111111111 +
b100001111 <
1N
#30240000
0N
#30245000
b1111111111111111111111111111111111111111111111111111111111111111 +
b100010000 <
1N
#30250000
0N
#30255000
b1111111111111111111111111111111111111111111111111111111111111111 +
b100010001 <
1N
#30260000
0N
#30265000
b1111111111111111111111111111111111111111111111111111111111111111 +
b100010010 <
1N
#30270000
0N
#30275000
b1111111111111111111111111111111111111111111111111111111111111111 +
b100010011 <
1N
#30280000
0N
#30285000
b1111111111111111111111111111111111111111111111111111111111111111 +
b100010100 <
1N
#30290000
0N
#30295000
b1111111111111111111111111111111111111111111111111111111111111111 +
b100010101 <
1N
#30300000
0N
#30305000
b1111111111111111111111111111111111111111111111111111111111111111 +
b100010110 <
1N
#30310000
0N
#30315000
b1111111111111111111111111111111111111111111111111111111111111111 +
b100010111 <
1N
#30320000
0N
#30325000
b1111111111111111111111111111111111111111111111111111111111111111 +
b100011000 <
1N
#30330000
0N
#30335000
b1111111111111111111111111111111111111111111111111111111111111111 +
b100011001 <
1N
#30340000
0N
#30345000
b1111111111111111111111111111111111111111111111111111111111111111 +
b100011010 <
1N
#30350000
0N
#30355000
b1111111111111111111111111111111111111111111111111111111111111111 +
b100011011 <
1N
#30360000
0N
#30365000
b1111111111111111111111111111111111111111111111111111111111111111 +
b100011100 <
1N
#30370000
0N
#30375000
b1111111111111111111111111111111111111111111111111111111111111111 +
b100011101 <
1N
#30380000
0N
#30385000
b1111111111111111111111111111111111111111111111111111111111111111 +
b100011110 <
1N
#30390000
0N
#30395000
b1111111111111111111111111111111111111111111111111111111111111111 +
b100011111 <
1N
#30400000
0N
#30405000
b1111111111111111111111111111111111111111111111111111111111111111 +
b100100000 <
1N
#30410000
0N
#30415000
b1111111111111111111111111111111111111111111111111111111111111111 +
b100100001 <
1N
#30420000
0N
#30425000
b1111111111111111111111111111111111111111111111111111111111111111 +
b100100010 <
1N
#30430000
0N
#30435000
b1111111111111111111111111111111111111111111111111111111111111111 +
b100100011 <
1N
#30440000
0N
#30445000
b1111111111111111111111111111111111111111111111111111111111111111 +
b100100100 <
1N
#30450000
0N
#30455000
b1111111111111111111111111111111111111111111111111111111111111111 +
b100100101 <
1N
#30460000
0N
#30465000
b1111111111111111111111111111111111111111111111111111111111111111 +
b100100110 <
1N
#30470000
0N
#30475000
b1111111111111111111111111111111111111111111111111111111111111111 +
b100100111 <
1N
#30480000
0N
#30485000
1-
b1111111111111111111111111111111111111111111111111111111111111111 +
b100101000 <
1N
#30490000
0N
#30495000
0-
b1011000000 /
b0 +
b100101001 <
1N
#30500000
0N
#30505000
b1111111111111111111111111111111111111111111111111111111111111111 +
1N
#30510000
0N
#30515000
b1111111111111111111111111111111111111111111111111111111111111111 +
b100101010 <
1N
#30520000
0N
#30525000
b1111111111111111111111111111111111111111111111111111111111111111 +
b100101011 <
1N
#30530000
0N
#30535000
b1111111111111111111111111111111111111111111111111111111111111111 +
b100101100 <
1N
#30540000
0N
#30545000
b1111111111111111111111111111111111111111111111111111111111111111 +
b100101101 <
1N
#30550000
0N
#30555000
b1111111111111111111111111111111111111111111111111111111111111111 +
b100101110 <
1N
#30560000
0N
#30565000
b1111111111111111111111111111111111111111111111111111111111111111 +
b100101111 <
1N
#30570000
0N
#30575000
b1111111111111111111111111111111111111111111111111111111111111111 +
b100110000 <
1N
#30580000
0N
#30585000
b1111111111111111111111111111111111111111111111111111111111111111 +
b100110001 <
1N
#30590000
0N
#30595000
b1111111111111111111111111111111111111111111111111111111111111111 +
b100110010 <
1N
#30600000
0N
#30605000
b1111111111111111111111111111111111111111111111111111111111111111 +
b100110011 <
1N
#30610000
0N
#30615000
b1111111111111111111111111111111111111111111111111111111111111111 +
b100110100 <
1N
#30620000
0N
#30625000
b1111111111111111111111111111111111111111111111111111111111111111 +
b100110101 <
1N
#30630000
0N
#30635000
b1111111111111111111111111111111111111111111111111111111111111111 +
b100110110 <
1N
#30640000
0N
#30645000
b1111111111111111111111111111111111111111111111111111111111111111 +
b100110111 <
1N
#30650000
0N
#30655000
b1111111111111111111111111111111111111111111111111111111111111111 +
b100111000 <
1N
#30660000
0N
#30665000
b1111111111111111111111111111111111111111111111111111111111111111 +
b100111001 <
1N
#30670000
0N
#30675000
b1111111111111111111111111111111111111111111111111111111111111111 +
b100111010 <
1N
#30680000
0N
#30685000
b1111111111111111111111111111111111111111111111111111111111111111 +
b100111011 <
1N
#30690000
0N
#30695000
b1111111111111111111111111111111111111111111111111111111111111111 +
b100111100 <
1N
#30700000
0N
#30705000
b1111111111111111111111111111111111111111111111111111111111111111 +
b100111101 <
1N
#30710000
0N
#30715000
b1111111111111111111111111111111111111111111111111111111111111111 +
b100111110 <
1N
#30720000
0N
#30725000
b1111111111111111111111111111111111111111111111111111111111111111 +
b100111111 <
1N
#30730000
0N
#30735000
b1111111111111111111111111111111111111111111111111111111111111111 +
b101000000 <
1N
#30740000
0N
#30745000
b1111111111111111111111111111111111111111111111111111111111111111 +
b101000001 <
1N
#30750000
0N
#30755000
b1111111111111111111111111111111111111111111111111111111111111111 +
b101000010 <
1N
#30760000
0N
#30765000
1-
b1111111111111111111111111111111111111111111111111111111111111111 +
b101000011 <
1N
#30770000
0N
#30775000
0-
b1100000000 /
b0 +
b101000100 <
1N
#30780000
0N
#30785000
b1111111111111111111111111111111111111111111111111111111111111111 +
1N
#30790000
0N
#30795000
b1111111111111111111111111111111111111111111111111111111111111111 +
b101000101 <
1N
#30800000
0N
#30805000
b1111111111111111111111111111111111111111111111111111111111111111 +
b101000110 <
1N
#30810000
0N
#30815000
b1111111111111111111111111111111111111111111111111111111111111111 +
b101000111 <
1N
#30820000
0N
#30825000
b1111111111111111111111111111111111111111111111111111111111111111 +
b101001000 <
1N
#30830000
0N
#30835000
b1111111111111111111111111111111111111111111111111111111111111111 +
b101001001 <
1N
#30840000
0N
#30845000
b1111111111111111111111111111111111111111111111111111111111111111 +
b101001010 <
1N
#30850000
0N
#30855000
b1111111111111111111111111111111111111111111111111111111111111111 +
b101001011 <
1N
#30860000
0N
#30865000
b1111111111111111111111111111111111111111111111111111111111111111 +
b101001100 <
1N
#30870000
0N
#30875000
b1111111111111111111111111111111111111111111111111111111111111111 +
b101001101 <
1N
#30880000
0N
#30885000
b1111111111111111111111111111111111111111111111111111111111111111 +
b101001110 <
1N
#30890000
0N
#30895000
b1111111111111111111111111111111111111111111111111111111111111111 +
b101001111 <
1N
#30900000
0N
#30905000
b1111111111111111111111111111111111111111111111111111111111111111 +
b101010000 <
1N
#30910000
0N
#30915000
b1111111111111111111111111111111111111111111111111111111111111111 +
b101010001 <
1N
#30920000
0N
#30925000
b1111111111111111111111111111111111111111111111111111111111111111 +
b101010010 <
1N
#30930000
0N
#30935000
b1111111111111111111111111111111111111111111111111111111111111111 +
b101010011 <
1N
#30940000
0N
#30945000
b1111111111111111111111111111111111111111111111111111111111111111 +
b101010100 <
1N
#30950000
0N
#30955000
b1111111111111111111111111111111111111111111111111111111111111111 +
b101010101 <
1N
#30960000
0N
#30965000
b1111111111111111111111111111111111111111111111111111111111111111 +
b101010110 <
1N
#30970000
0N
#30975000
b1111111111111111111111111111111111111111111111111111111111111111 +
b101010111 <
1N
#30980000
0N
#30985000
b1111111111111111111111111111111111111111111111111111111111111111 +
b101011000 <
1N
#30990000
0N
#30995000
b1111111111111111111111111111111111111111111111111111111111111111 +
b101011001 <
1N
#31000000
0N
#31005000
b1111111111111111111111111111111111111111111111111111111111111111 +
b101011010 <
1N
#31010000
0N
#31015000
b1111111111111111111111111111111111111111111111111111111111111111 +
b101011011 <
1N
#31020000
0N
#31025000
b1111111111111111111111111111111111111111111111111111111111111111 +
b101011100 <
1N
#31030000
0N
#31035000
b1111111111111111111111111111111111111111111111111111111111111111 +
b101011101 <
1N
#31040000
0N
#31045000
1-
b1111111111111111111111111111111111111111111111111111111111111111 +
b101011110 <
1N
#31050000
0N
#31055000
0-
b1101000000 /
b0 +
b101011111 <
1N
#31060000
0N
#31065000
b1111111111111111111111111111111111111111111111111111111111111111 +
1N
#31070000
0N
#31075000
b1111111111111111111111111111111111111111111111111111111111111111 +
b101100000 <
1N
#31080000
0N
#31085000
b1111111111111111111111111111111111111111111111111111111111111111 +
b101100001 <
1N
#31090000
0N
#31095000
b1111111111111111111111111111111111111111111111111111111111111111 +
b101100010 <
1N
#31100000
0N
#31105000
b1111111111111111111111111111111111111111111111111111111111111111 +
b101100011 <
1N
#31110000
0N
#31115000
b1111111111111111111111111111111111111111111111111111111111111111 +
b101100100 <
1N
#31120000
0N
#31125000
b1111111111111111111111111111111111111111111111111111111111111111 +
b101100101 <
1N
#31130000
0N
#31135000
b1111111111111111111111111111111111111111111111111111111111111111 +
b101100110 <
1N
#31140000
0N
#31145000
b1111111111111111111111111111111111111111111111111111111111111111 +
b101100111 <
1N
#31150000
0N
#31155000
b1111111111111111111111111111111111111111111111111111111111111111 +
b101101000 <
1N
#31160000
0N
#31165000
b1111111111111111111111111111111111111111111111111111111111111111 +
b101101001 <
1N
#31170000
0N
#31175000
b1111111111111111111111111111111111111111111111111111111111111111 +
b101101010 <
1N
#31180000
0N
#31185000
b1111111111111111111111111111111111111111111111111111111111111111 +
b101101011 <
1N
#31190000
0N
#31195000
b1111111111111111111111111111111111111111111111111111111111111111 +
b101101100 <
1N
#31200000
0N
#31205000
b1111111111111111111111111111111111111111111111111111111111111111 +
b101101101 <
1N
#31210000
0N
#31215000
b1111111111111111111111111111111111111111111111111111111111111111 +
b101101110 <
1N
#31220000
0N
#31225000
b1111111111111111111111111111111111111111111111111111111111111111 +
b101101111 <
1N
#31230000
0N
#31235000
b1111111111111111111111111111111111111111111111111111111111111111 +
b101110000 <
1N
#31240000
0N
#31245000
b1111111111111111111111111111111111111111111111111111111111111111 +
b101110001 <
1N
#31250000
0N
#31255000
b1111111111111111111111111111111111111111111111111111111111111111 +
b101110010 <
1N
#31260000
0N
#31265000
b1111111111111111111111111111111111111111111111111111111111111111 +
b101110011 <
1N
#31270000
0N
#31275000
b1111111111111111111111111111111111111111111111111111111111111111 +
b101110100 <
1N
#31280000
0N
#31285000
b1111111111111111111111111111111111111111111111111111111111111111 +
b101110101 <
1N
#31290000
0N
#31295000
b1111111111111111111111111111111111111111111111111111111111111111 +
b101110110 <
1N
#31300000
0N
#31305000
b1111111111111111111111111111111111111111111111111111111111111111 +
b101110111 <
1N
#31310000
0N
#31315000
b1111111111111111111111111111111111111111111111111111111111111111 +
b101111000 <
1N
#31320000
0N
#31325000
1-
b1111111111111111111111111111111111111111111111111111111111111111 +
b101111001 <
1N
#31330000
0N
#31335000
0-
b1110000000 /
b0 +
b101111010 <
1N
#31340000
0N
#31345000
b1111111111111111111111111111111111111111111111111111111111111111 +
1N
#31350000
0N
#31355000
b1111111111111111111111111111111111111111111111111111111111111111 +
b101111011 <
1N
#31360000
0N
#31365000
b1111111111111111111111111111111111111111111111111111111111111111 +
b101111100 <
1N
#31370000
0N
#31375000
b1111111111111111111111111111111111111111111111111111111111111111 +
b101111101 <
1N
#31380000
0N
#31385000
b1111111111111111111111111111111111111111111111111111111111111111 +
b101111110 <
1N
#31390000
0N
#31395000
b1111111111111111111111111111111111111111111111111111111111111111 +
b101111111 <
1N
#31400000
0N
#31405000
b1111111111111111111111111111111111111111111111111111111111111111 +
b110000000 <
1N
#31410000
0N
#31415000
b1111111111111111111111111111111111111111111111111111111111111111 +
b110000001 <
1N
#31420000
0N
#31425000
b1111111111111111111111111111111111111111111111111111111111111111 +
b110000010 <
1N
#31430000
0N
#31435000
b1111111111111111111111111111111111111111111111111111111111111111 +
b110000011 <
1N
#31440000
0N
#31445000
b1111111111111111111111111111111111111111111111111111111111111111 +
b110000100 <
1N
#31450000
0N
#31455000
b1111111111111111111111111111111111111111111111111111111111111111 +
b110000101 <
1N
#31460000
0N
#31465000
b1111111111111111111111111111111111111111111111111111111111111111 +
b110000110 <
1N
#31470000
0N
#31475000
b1111111111111111111111111111111111111111111111111111111111111111 +
b110000111 <
1N
#31480000
0N
#31485000
b1111111111111111111111111111111111111111111111111111111111111111 +
b110001000 <
1N
#31490000
0N
#31495000
b1111111111111111111111111111111111111111111111111111111111111111 +
b110001001 <
1N
#31500000
0N
#31505000
b1111111111111111111111111111111111111111111111111111111111111111 +
b110001010 <
1N
#31510000
0N
#31515000
b1111111111111111111111111111111111111111111111111111111111111111 +
b110001011 <
1N
#31520000
0N
#31525000
b1111111111111111111111111111111111111111111111111111111111111111 +
b110001100 <
1N
#31530000
0N
#31535000
b1111111111111111111111111111111111111111111111111111111111111111 +
b110001101 <
1N
#31540000
0N
#31545000
b1111111111111111111111111111111111111111111111111111111111111111 +
b110001110 <
1N
#31550000
0N
#31555000
b1111111111111111111111111111111111111111111111111111111111111111 +
b110001111 <
1N
#31560000
0N
#31565000
b1111111111111111111111111111111111111111111111111111111111111111 +
b110010000 <
1N
#31570000
0N
#31575000
b1111111111111111111111111111111111111111111111111111111111111111 +
b110010001 <
1N
#31580000
0N
#31585000
b1111111111111111111111111111111111111111111111111111111111111111 +
b110010010 <
1N
#31590000
0N
#31595000
b1111111111111111111111111111111111111111111111111111111111111111 +
b110010011 <
1N
#31600000
0N
#31605000
1-
b1111111111111111111111111111111111111111111111111111111111111111 +
b110010100 <
1N
#31610000
0N
#31615000
0-
b1111000000 /
b0 +
b110010101 <
1N
#31620000
0N
#31625000
b1111111111111111111111111111111111111111111111111111111111111111 +
1N
#31630000
0N
#31635000
b1111111111111111111111111111111111111111111111111111111111111111 +
b110010110 <
1N
#31640000
0N
#31645000
b1111111111111111111111111111111111111111111111111111111111111111 +
b110010111 <
1N
#31650000
0N
#31655000
b1111111111111111111111111111111111111111111111111111111111111111 +
b110011000 <
1N
#31660000
0N
#31665000
b1111111111111111111111111111111111111111111111111111111111111111 +
b110011001 <
1N
#31670000
0N
#31675000
b1111111111111111111111111111111111111111111111111111111111111111 +
b110011010 <
1N
#31680000
0N
#31685000
b1111111111111111111111111111111111111111111111111111111111111111 +
b110011011 <
1N
#31690000
0N
#31695000
b1111111111111111111111111111111111111111111111111111111111111111 +
b110011100 <
1N
#31700000
0N
#31705000
b1111111111111111111111111111111111111111111111111111111111111111 +
b110011101 <
1N
#31710000
0N
#31715000
b1111111111111111111111111111111111111111111111111111111111111111 +
b110011110 <
1N
#31720000
0N
#31725000
b1111111111111111111111111111111111111111111111111111111111111111 +
b110011111 <
1N
#31730000
0N
#31735000
b1111111111111111111111111111111111111111111111111111111111111111 +
b110100000 <
1N
#31740000
0N
#31745000
b1111111111111111111111111111111111111111111111111111111111111111 +
b110100001 <
1N
#31750000
0N
#31755000
b1111111111111111111111111111111111111111111111111111111111111111 +
b110100010 <
1N
#31760000
0N
#31765000
b1111111111111111111111111111111111111111111111111111111111111111 +
b110100011 <
1N
#31770000
0N
#31775000
b1111111111111111111111111111111111111111111111111111111111111111 +
b110100100 <
1N
#31780000
0N
#31785000
b1111111111111111111111111111111111111111111111111111111111111111 +
b110100101 <
1N
#31790000
0N
#31795000
b1111111111111111111111111111111111111111111111111111111111111111 +
b110100110 <
1N
#31800000
0N
#31805000
b1111111111111111111111111111111111111111111111111111111111111111 +
b110100111 <
1N
#31810000
0N
#31815000
b1111111111111111111111111111111111111111111111111111111111111111 +
b110101000 <
1N
#31820000
0N
#31825000
b1111111111111111111111111111111111111111111111111111111111111111 +
b110101001 <
1N
#31830000
0N
#31835000
b1111111111111111111111111111111111111111111111111111111111111111 +
b110101010 <
1N
#31840000
0N
#31845000
b1111111111111111111111111111111111111111111111111111111111111111 +
b110101011 <
1N
#31850000
0N
#31855000
b1111111111111111111111111111111111111111111111111111111111111111 +
b110101100 <
1N
#31860000
0N
#31865000
b1111111111111111111111111111111111111111111111111111111111111111 +
b110101101 <
1N
#31870000
0N
#31875000
b1111111111111111111111111111111111111111111111111111111111111111 +
b110101110 <
1N
#31880000
0N
#31885000
1-
b1111111111111111111111111111111111111111111111111111111111111111 +
b110101111 <
1N
#31890000
0N
#31895000
0-
b0 +
b110110000 <
1N
#31900000
0N
#31905000
b111110010100001 O
1.
1;
0=
1N
#31906000
b1000000 ^
b10000000000 ]
#31910000
b1111111111111111111111111111111111111111111111111111111111111111 ,
b10 X
0W
0N
#31915000
0.
0;
0M
1N
#31920000
1V
0N
#31925000
b0 "
b0 0
b0 (
b0 #
b0 $
b0 !
b0 4
0Q
1N
#31930000
0V
0N
#31935000
1N
#31940000
b1 Z
1[
0N
#31945000
b10000000000000000 0
b1 #
b1 $
b1 4
1N
#31950000
0[
0N
#31955000
1N
#31960000
b0 Z
1[
0N
#31965000
b100000000000000 "
b1000000000000000 (
b1000000000000000 0
b1 !
b10 4
1N
#31970000
0[
0N
#31975000
1N
#31980000
b1 Z
1[
0N
#31985000
b11100011100100 "
b1010101010101010 0
b101010101010101 (
b10 #
b10 $
b11 4
1N
#31990000
0[
0N
#31995000
1N
#32000000
b0 Z
1[
0N
#32005000
b100000000000000 "
b1000000000000000 0
b1000000000000000 (
b10 !
b100 4
1N
#32010000
0[
0N
#32015000
1N
#32020000
1S
0N
#32025000
b100000000000000 "
b1000000000000000 0
b1000000000000000 (
11
1%
b111110100011001 T
1N
#32030000
0S
0N
#32035000
b100000000000000 "
b1000000000000000 0
b1000000000000000 (
01
13
0%
1N
#32040000
0N
#32045000
b111110100101101 R
03
18
1N
#32050000
0N
#32055000
b111110100110111 P
b100 \
b1111111111111111 ,
b10000 ?
b0 )
1:
1*
b0 >
08
1Q
1N
#32060000
0N
#32065000
b0 /
1=
b0 <
0:
0*
1N
#32066000
b1000000 ^
#32070000
b1111111111111111 ,
1W
0N
#32075000
b1111111111111111 +
b0 L
1M
1N
#32080000
0N
#32085000
b1111111111111111 +
b1 <
1N
#32090000
0N
#32095000
b1111111111111111 +
b10 <
1N
#32100000
0N
#32105000
b1111111111111111 +
b11 <
1N
#32110000
b1000000 ^
0N
#32115000
b1111111111111111 +
b100 <
1N
#32120000
0N
#32125000
b1111111111111111 +
b101 <
1N
#32130000
0N
#32135000
b1111111111111111 +
b110 <
1N
#32140000
0N
#32145000
b1111111111111111 +
b111 <
1N
#32150000
0N
#32155000
b1111111111111111 +
b1000 <
1N
#32160000
0N
#32165000
b1111111111111111 +
b1001 <
1N
#32170000
0N
#32175000
b1111111111111111 +
b1010 <
1N
#32180000
0N
#32185000
b1111111111111111 +
b1011 <
1N
#32190000
0N
#32195000
b1111111111111111 +
b1100 <
1N
#32200000
0N
#32205000
b1111111111111111 +
b1101 <
1N
#32210000
0N
#32215000
b1111111111111111 +
b1110 <
1N
#32220000
0N
#32225000
b1111111111111111 +
b1111 <
1N
#32230000
0N
#32235000
b1111111111111111 +
b10000 <
1N
#32240000
0N
#32245000
b1111111111111111 +
b10001 <
1N
#32250000
0N
#32255000
b1111111111111111 +
b10010 <
1N
#32260000
0N
#32265000
b1111111111111111 +
b10011 <
1N
#32270000
0N
#32275000
b1111111111111111 +
b10100 <
1N
#32280000
0N
#32285000
b1111111111111111 +
b10101 <
1N
#32290000
0N
#32295000
b1111111111111111 +
b10110 <
1N
#32300000
0N
#32305000
b1111111111111111 +
b10111 <
1N
#32310000
0N
#32315000
b1111111111111111 +
b11000 <
1N
#32320000
0N
#32325000
b1111111111111111 +
b11001 <
1N
#32330000
0N
#32335000
1-
b1111111111111111 +
b11010 <
1N
#32340000
0N
#32345000
0-
b10000 /
b0 +
b11011 <
1N
#32350000
0N
#32355000
b1111111111111111 +
1N
#32360000
0N
#32365000
b1111111111111111 +
b11100 <
1N
#32370000
0N
#32375000
b1111111111111111 +
b11101 <
1N
#32380000
0N
#32385000
b1111111111111111 +
b11110 <
1N
#32390000
0N
#32395000
b1111111111111111 +
b11111 <
1N
#32400000
0N
#32405000
b1111111111111111 +
b100000 <
1N
#32410000
0N
#32415000
b1111111111111111 +
b100001 <
1N
#32420000
0N
#32425000
b1111111111111111 +
b100010 <
1N
#32430000
0N
#32435000
b1111111111111111 +
b100011 <
1N
#32440000
0N
#32445000
b1111111111111111 +
b100100 <
1N
#32450000
0N
#32455000
b1111111111111111 +
b100101 <
1N
#32460000
0N
#32465000
b1111111111111111 +
b100110 <
1N
#32470000
0N
#32475000
b1111111111111111 +
b100111 <
1N
#32480000
0N
#32485000
b1111111111111111 +
b101000 <
1N
#32490000
0N
#32495000
b1111111111111111 +
b101001 <
1N
#32500000
0N
#32505000
b1111111111111111 +
b101010 <
1N
#32510000
0N
#32515000
b1111111111111111 +
b101011 <
1N
#32520000
0N
#32525000
b1111111111111111 +
b101100 <
1N
#32530000
0N
#32535000
b1111111111111111 +
b101101 <
1N
#32540000
0N
#32545000
b1111111111111111 +
b101110 <
1N
#32550000
0N
#32555000
b1111111111111111 +
b101111 <
1N
#32560000
0N
#32565000
b1111111111111111 +
b110000 <
1N
#32570000
0N
#32575000
b1111111111111111 +
b110001 <
1N
#32580000
0N
#32585000
b1111111111111111 +
b110010 <
1N
#32590000
0N
#32595000
b1111111111111111 +
b110011 <
1N
#32600000
0N
#32605000
b1111111111111111 +
b110100 <
1N
#32610000
0N
#32615000
1-
b1111111111111111 +
b110101 <
1N
#32620000
0N
#32625000
0-
b100000 /
b0 +
b110110 <
1N
#32630000
0N
#32635000
b1111111111111111 +
1N
#32640000
0N
#32645000
b1111111111111111 +
b110111 <
1N
#32650000
0N
#32655000
b1111111111111111 +
b111000 <
1N
#32660000
0N
#32665000
b1111111111111111 +
b111001 <
1N
#32670000
0N
#32675000
b1111111111111111 +
b111010 <
1N
#32680000
0N
#32685000
b1111111111111111 +
b111011 <
1N
#32690000
0N
#32695000
b1111111111111111 +
b111100 <
1N
#32700000
0N
#32705000
b1111111111111111 +
b111101 <
1N
#32710000
0N
#32715000
b1111111111111111 +
b111110 <
1N
#32720000
0N
#32725000
b1111111111111111 +
b111111 <
1N
#32730000
0N
#32735000
b1111111111111111 +
b1000000 <
1N
#32740000
0N
#32745000
b1111111111111111 +
b1000001 <
1N
#32750000
0N
#32755000
b1111111111111111 +
b1000010 <
1N
#32760000
0N
#32765000
b1111111111111111 +
b1000011 <
1N
#32770000
0N
#32775000
b1111111111111111 +
b1000100 <
1N
#32780000
0N
#32785000
b1111111111111111 +
b1000101 <
1N
#32790000
0N
#32795000
b1111111111111111 +
b1000110 <
1N
#32800000
0N
#32805000
b1111111111111111 +
b1000111 <
1N
#32810000
0N
#32815000
b1111111111111111 +
b1001000 <
1N
#32820000
0N
#32825000
b1111111111111111 +
b1001001 <
1N
#32830000
0N
#32835000
b1111111111111111 +
b1001010 <
1N
#32840000
0N
#32845000
b1111111111111111 +
b1001011 <
1N
#32850000
0N
#32855000
b1111111111111111 +
b1001100 <
1N
#32860000
0N
#32865000
b1111111111111111 +
b1001101 <
1N
#32870000
0N
#32875000
b1111111111111111 +
b1001110 <
1N
#32880000
0N
#32885000
b1111111111111111 +
b1001111 <
1N
#32890000
0N
#32895000
1-
b1111111111111111 +
b1010000 <
1N
#32900000
0N
#32905000
0-
b110000 /
b0 +
b1010001 <
1N
#32910000
0N
#32915000
b1111111111111111 +
1N
#32920000
0N
#32925000
b1111111111111111 +
b1010010 <
1N
#32930000
0N
#32935000
b1111111111111111 +
b1010011 <
1N
#32940000
0N
#32945000
b1111111111111111 +
b1010100 <
1N
#32950000
0N
#32955000
b1111111111111111 +
b1010101 <
1N
#32960000
0N
#32965000
b1111111111111111 +
b1010110 <
1N
#32970000
0N
#32975000
b1111111111111111 +
b1010111 <
1N
#32980000
0N
#32985000
b1111111111111111 +
b1011000 <
1N
#32990000
0N
#32995000
b1111111111111111 +
b1011001 <
1N
#33000000
0N
#33005000
b1111111111111111 +
b1011010 <
1N
#33010000
0N
#33015000
b1111111111111111 +
b1011011 <
1N
#33020000
0N
#33025000
b1111111111111111 +
b1011100 <
1N
#33030000
0N
#33035000
b1111111111111111 +
b1011101 <
1N
#33040000
0N
#33045000
b1111111111111111 +
b1011110 <
1N
#33050000
0N
#33055000
b1111111111111111 +
b1011111 <
1N
#33060000
0N
#33065000
b1111111111111111 +
b1100000 <
1N
#33070000
0N
#33075000
b1111111111111111 +
b1100001 <
1N
#33080000
0N
#33085000
b1111111111111111 +
b1100010 <
1N
#33090000
0N
#33095000
b1111111111111111 +
b1100011 <
1N
#33100000
0N
#33105000
b1111111111111111 +
b1100100 <
1N
#33110000
0N
#33115000
b1111111111111111 +
b1100101 <
1N
#33120000
0N
#33125000
b1111111111111111 +
b1100110 <
1N
#33130000
0N
#33135000
b1111111111111111 +
b1100111 <
1N
#33140000
0N
#33145000
b1111111111111111 +
b1101000 <
1N
#33150000
0N
#33155000
b1111111111111111 +
b1101001 <
1N
#33160000
0N
#33165000
b1111111111111111 +
b1101010 <
1N
#33170000
0N
#33175000
1-
b1111111111111111 +
b1101011 <
1N
#33180000
0N
#33185000
0-
b1000000 /
b0 +
b1101100 <
1N
#33190000
0N
#33195000
b1111111111111111 +
1N
#33200000
0N
#33205000
b1111111111111111 +
b1101101 <
1N
#33210000
0N
#33215000
b1111111111111111 +
b1101110 <
1N
#33220000
0N
#33225000
b1111111111111111 +
b1101111 <
1N
#33230000
0N
#33235000
b1111111111111111 +
b1110000 <
1N
#33240000
0N
#33245000
b1111111111111111 +
b1110001 <
1N
#33250000
0N
#33255000
b1111111111111111 +
b1110010 <
1N
#33260000
0N
#33265000
b1111111111111111 +
b1110011 <
1N
#33270000
0N
#33275000
b1111111111111111 +
b1110100 <
1N
#33280000
0N
#33285000
b1111111111111111 +
b1110101 <
1N
#33290000
0N
#33295000
b1111111111111111 +
b1110110 <
1N
#33300000
0N
#33305000
b1111111111111111 +
b1110111 <
1N
#33310000
0N
#33315000
b1111111111111111 +
b1111000 <
1N
#33320000
0N
#33325000
b1111111111111111 +
b1111001 <
1N
#33330000
0N
#33335000
b1111111111111111 +
b1111010 <
1N
#33340000
0N
#33345000
b1111111111111111 +
b1111011 <
1N
#33350000
0N
#33355000
b1111111111111111 +
b1111100 <
1N
#33360000
0N
#33365000
b1111111111111111 +
b1111101 <
1N
#33370000
0N
#33375000
b1111111111111111 +
b1111110 <
1N
#33380000
0N
#33385000
b1111111111111111 +
b1111111 <
1N
#33390000
0N
#33395000
b1111111111111111 +
b10000000 <
1N
#33400000
0N
#33405000
b1111111111111111 +
b10000001 <
1N
#33410000
0N
#33415000
b1111111111111111 +
b10000010 <
1N
#33420000
0N
#33425000
b1111111111111111 +
b10000011 <
1N
#33430000
0N
#33435000
b1111111111111111 +
b10000100 <
1N
#33440000
0N
#33445000
b1111111111111111 +
b10000101 <
1N
#33450000
0N
#33455000
1-
b1111111111111111 +
b10000110 <
1N
#33460000
0N
#33465000
0-
b1010000 /
b0 +
b10000111 <
1N
#33470000
0N
#33475000
b1111111111111111 +
1N
#33480000
0N
#33485000
b1111111111111111 +
b10001000 <
1N
#33490000
0N
#33495000
b1111111111111111 +
b10001001 <
1N
#33500000
0N
#33505000
b1111111111111111 +
b10001010 <
1N
#33510000
0N
#33515000
b1111111111111111 +
b10001011 <
1N
#33520000
0N
#33525000
b1111111111111111 +
b10001100 <
1N
#33530000
0N
#33535000
b1111111111111111 +
b10001101 <
1N
#33540000
0N
#33545000
b1111111111111111 +
b10001110 <
1N
#33550000
0N
#33555000
b1111111111111111 +
b10001111 <
1N
#33560000
0N
#33565000
b1111111111111111 +
b10010000 <
1N
#33570000
0N
#33575000
b1111111111111111 +
b10010001 <
1N
#33580000
0N
#33585000
b1111111111111111 +
b10010010 <
1N
#33590000
0N
#33595000
b1111111111111111 +
b10010011 <
1N
#33600000
0N
#33605000
b1111111111111111 +
b10010100 <
1N
#33610000
0N
#33615000
b1111111111111111 +
b10010101 <
1N
#33620000
0N
#33625000
b1111111111111111 +
b10010110 <
1N
#33630000
0N
#33635000
b1111111111111111 +
b10010111 <
1N
#33640000
0N
#33645000
b1111111111111111 +
b10011000 <
1N
#33650000
0N
#33655000
b1111111111111111 +
b10011001 <
1N
#33660000
0N
#33665000
b1111111111111111 +
b10011010 <
1N
#33670000
0N
#33675000
b1111111111111111 +
b10011011 <
1N
#33680000
0N
#33685000
b1111111111111111 +
b10011100 <
1N
#33690000
0N
#33695000
b1111111111111111 +
b10011101 <
1N
#33700000
0N
#33705000
b1111111111111111 +
b10011110 <
1N
#33710000
0N
#33715000
b1111111111111111 +
b10011111 <
1N
#33720000
0N
#33725000
b1111111111111111 +
b10100000 <
1N
#33730000
0N
#33735000
1-
b1111111111111111 +
b10100001 <
1N
#33740000
0N
#33745000
0-
b1100000 /
b0 +
b10100010 <
1N
#33750000
0N
#33755000
b1111111111111111 +
1N
#33760000
0N
#33765000
b1111111111111111 +
b10100011 <
1N
#33770000
0N
#33775000
b1111111111111111 +
b10100100 <
1N
#33780000
0N
#33785000
b1111111111111111 +
b10100101 <
1N
#33790000
0N
#33795000
b1111111111111111 +
b10100110 <
1N
#33800000
0N
#33805000
b1111111111111111 +
b10100111 <
1N
#33810000
0N
#33815000
b1111111111111111 +
b10101000 <
1N
#33820000
0N
#33825000
b1111111111111111 +
b10101001 <
1N
#33830000
0N
#33835000
b1111111111111111 +
b10101010 <
1N
#33840000
0N
#33845000
b1111111111111111 +
b10101011 <
1N
#33850000
0N
#33855000
b1111111111111111 +
b10101100 <
1N
#33860000
0N
#33865000
b1111111111111111 +
b10101101 <
1N
#33870000
0N
#33875000
b1111111111111111 +
b10101110 <
1N
#33880000
0N
#33885000
b1111111111111111 +
b10101111 <
1N
#33890000
0N
#33895000
b1111111111111111 +
b10110000 <
1N
#33900000
0N
#33905000
b1111111111111111 +
b10110001 <
1N
#33910000
0N
#33915000
b1111111111111111 +
b10110010 <
1N
#33920000
0N
#33925000
b1111111111111111 +
b10110011 <
1N
#33930000
0N
#33935000
b1111111111111111 +
b10110100 <
1N
#33940000
0N
#33945000
b1111111111111111 +
b10110101 <
1N
#33950000
0N
#33955000
b1111111111111111 +
b10110110 <
1N
#33960000
0N
#33965000
b1111111111111111 +
b10110111 <
1N
#33970000
0N
#33975000
b1111111111111111 +
b10111000 <
1N
#33980000
0N
#33985000
b1111111111111111 +
b10111001 <
1N
#33990000
0N
#33995000
b1111111111111111 +
b10111010 <
1N
#34000000
0N
#34005000
b1111111111111111 +
b10111011 <
1N
#34010000
0N
#34015000
1-
b1111111111111111 +
b10111100 <
1N
#34020000
0N
#34025000
0-
b1110000 /
b0 +
b10111101 <
1N
#34030000
0N
#34035000
b1111111111111111 +
1N
#34040000
0N
#34045000
b1111111111111111 +
b10111110 <
1N
#34050000
0N
#34055000
b1111111111111111 +
b10111111 <
1N
#34060000
0N
#34065000
b1111111111111111 +
b11000000 <
1N
#34070000
0N
#34075000
b1111111111111111 +
b11000001 <
1N
#34080000
0N
#34085000
b1111111111111111 +
b11000010 <
1N
#34090000
0N
#34095000
b1111111111111111 +
b11000011 <
1N
#34100000
0N
#34105000
b1111111111111111 +
b11000100 <
1N
#34110000
0N
#34115000
b1111111111111111 +
b11000101 <
1N
#34120000
0N
#34125000
b1111111111111111 +
b11000110 <
1N
#34130000
0N
#34135000
b1111111111111111 +
b11000111 <
1N
#34140000
0N
#34145000
b1111111111111111 +
b11001000 <
1N
#34150000
0N
#34155000
b1111111111111111 +
b11001001 <
1N
#34160000
0N
#34165000
b1111111111111111 +
b11001010 <
1N
#34170000
0N
#34175000
b1111111111111111 +
b11001011 <
1N
#34180000
0N
#34185000
b1111111111111111 +
b11001100 <
1N
#34190000
0N
#34195000
b1111111111111111 +
b11001101 <
1N
#34200000
0N
#34205000
b1111111111111111 +
b11001110 <
1N
#34210000
0N
#34215000
b1111111111111111 +
b11001111 <
1N
#34220000
0N
#34225000
b1111111111111111 +
b11010000 <
1N
#34230000
0N
#34235000
b1111111111111111 +
b11010001 <
1N
#34240000
0N
#34245000
b1111111111111111 +
b11010010 <
1N
#34250000
0N
#34255000
b1111111111111111 +
b11010011 <
1N
#34260000
0N
#34265000
b1111111111111111 +
b11010100 <
1N
#34270000
0N
#34275000
b1111111111111111 +
b11010101 <
1N
#34280000
0N
#34285000
b1111111111111111 +
b11010110 <
1N
#34290000
0N
#34295000
1-
b1111111111111111 +
b11010111 <
1N
#34300000
0N
#34305000
0-
b10000000 /
b0 +
b11011000 <
1N
#34310000
0N
#34315000
b1111111111111111 +
1N
#34320000
0N
#34325000
b1111111111111111 +
b11011001 <
1N
#34330000
0N
#34335000
b1111111111111111 +
b11011010 <
1N
#34340000
0N
#34345000
b1111111111111111 +
b11011011 <
1N
#34350000
0N
#34355000
b1111111111111111 +
b11011100 <
1N
#34360000
0N
#34365000
b1111111111111111 +
b11011101 <
1N
#34370000
0N
#34375000
b1111111111111111 +
b11011110 <
1N
#34380000
0N
#34385000
b1111111111111111 +
b11011111 <
1N
#34390000
0N
#34395000
b1111111111111111 +
b11100000 <
1N
#34400000
0N
#34405000
b1111111111111111 +
b11100001 <
1N
#34410000
0N
#34415000
b1111111111111111 +
b11100010 <
1N
#34420000
0N
#34425000
b1111111111111111 +
b11100011 <
1N
#34430000
0N
#34435000
b1111111111111111 +
b11100100 <
1N
#34440000
0N
#34445000
b1111111111111111 +
b11100101 <
1N
#34450000
0N
#34455000
b1111111111111111 +
b11100110 <
1N
#34460000
0N
#34465000
b1111111111111111 +
b11100111 <
1N
#34470000
0N
#34475000
b1111111111111111 +
b11101000 <
1N
#34480000
0N
#34485000
b1111111111111111 +
b11101001 <
1N
#34490000
0N
#34495000
b1111111111111111 +
b11101010 <
1N
#34500000
0N
#34505000
b1111111111111111 +
b11101011 <
1N
#34510000
0N
#34515000
b1111111111111111 +
b11101100 <
1N
#34520000
0N
#34525000
b1111111111111111 +
b11101101 <
1N
#34530000
0N
#34535000
b1111111111111111 +
b11101110 <
1N
#34540000
0N
#34545000
b1111111111111111 +
b11101111 <
1N
#34550000
0N
#34555000
b1111111111111111 +
b11110000 <
1N
#34560000
0N
#34565000
b1111111111111111 +
b11110001 <
1N
#34570000
0N
#34575000
1-
b1111111111111111 +
b11110010 <
1N
#34580000
0N
#34585000
0-
b10010000 /
b0 +
b11110011 <
1N
#34590000
0N
#34595000
b1111111111111111 +
1N
#34600000
0N
#34605000
b1111111111111111 +
b11110100 <
1N
#34610000
0N
#34615000
b1111111111111111 +
b11110101 <
1N
#34620000
0N
#34625000
b1111111111111111 +
b11110110 <
1N
#34630000
0N
#34635000
b1111111111111111 +
b11110111 <
1N
#34640000
0N
#34645000
b1111111111111111 +
b11111000 <
1N
#34650000
0N
#34655000
b1111111111111111 +
b11111001 <
1N
#34660000
0N
#34665000
b1111111111111111 +
b11111010 <
1N
#34670000
0N
#34675000
b1111111111111111 +
b11111011 <
1N
#34680000
0N
#34685000
b1111111111111111 +
b11111100 <
1N
#34690000
0N
#34695000
b1111111111111111 +
b11111101 <
1N
#34700000
0N
#34705000
b1111111111111111 +
b11111110 <
1N
#34710000
0N
#34715000
b1111111111111111 +
b11111111 <
1N
#34720000
0N
#34725000
b1111111111111111 +
b100000000 <
1N
#34730000
0N
#34735000
b1111111111111111 +
b100000001 <
1N
#34740000
0N
#34745000
b1111111111111111 +
b100000010 <
1N
#34750000
0N
#34755000
b1111111111111111 +
b100000011 <
1N
#34760000
0N
#34765000
b1111111111111111 +
b100000100 <
1N
#34770000
0N
#34775000
b1111111111111111 +
b100000101 <
1N
#34780000
0N
#34785000
b1111111111111111 +
b100000110 <
1N
#34790000
0N
#34795000
b1111111111111111 +
b100000111 <
1N
#34800000
0N
#34805000
b1111111111111111 +
b100001000 <
1N
#34810000
0N
#34815000
b1111111111111111 +
b100001001 <
1N
#34820000
0N
#34825000
b1111111111111111 +
b100001010 <
1N
#34830000
0N
#34835000
b1111111111111111 +
b100001011 <
1N
#34840000
0N
#34845000
b1111111111111111 +
b100001100 <
1N
#34850000
0N
#34855000
1-
b1111111111111111 +
b100001101 <
1N
#34860000
0N
#34865000
0-
b10100000 /
b0 +
b100001110 <
1N
#34870000
0N
#34875000
b1111111111111111 +
1N
#34880000
0N
#34885000
b1111111111111111 +
b100001111 <
1N
#34890000
0N
#34895000
b1111111111111111 +
b100010000 <
1N
#34900000
0N
#34905000
b1111111111111111 +
b100010001 <
1N
#34910000
0N
#34915000
b1111111111111111 +
b100010010 <
1N
#34920000
0N
#34925000
b1111111111111111 +
b100010011 <
1N
#34930000
0N
#34935000
b1111111111111111 +
b100010100 <
1N
#34940000
0N
#34945000
b1111111111111111 +
b100010101 <
1N
#34950000
0N
#34955000
b1111111111111111 +
b100010110 <
1N
#34960000
0N
#34965000
b1111111111111111 +
b100010111 <
1N
#34970000
0N
#34975000
b1111111111111111 +
b100011000 <
1N
#34980000
0N
#34985000
b1111111111111111 +
b100011001 <
1N
#34990000
0N
#34995000
b1111111111111111 +
b100011010 <
1N
#35000000
0N
#35005000
b1111111111111111 +
b100011011 <
1N
#35010000
0N
#35015000
b1111111111111111 +
b100011100 <
1N
#35020000
0N
#35025000
b1111111111111111 +
b100011101 <
1N
#35030000
0N
#35035000
b1111111111111111 +
b100011110 <
1N
#35040000
0N
#35045000
b1111111111111111 +
b100011111 <
1N
#35050000
0N
#35055000
b1111111111111111 +
b100100000 <
1N
#35060000
0N
#35065000
b1111111111111111 +
b100100001 <
1N
#35070000
0N
#35075000
b1111111111111111 +
b100100010 <
1N
#35080000
0N
#35085000
b1111111111111111 +
b100100011 <
1N
#35090000
0N
#35095000
b1111111111111111 +
b100100100 <
1N
#35100000
0N
#35105000
b1111111111111111 +
b100100101 <
1N
#35110000
0N
#35115000
b1111111111111111 +
b100100110 <
1N
#35120000
0N
#35125000
b1111111111111111 +
b100100111 <
1N
#35130000
0N
#35135000
1-
b1111111111111111 +
b100101000 <
1N
#35140000
0N
#35145000
0-
b10110000 /
b0 +
b100101001 <
1N
#35150000
0N
#35155000
b1111111111111111 +
1N
#35160000
0N
#35165000
b1111111111111111 +
b100101010 <
1N
#35170000
0N
#35175000
b1111111111111111 +
b100101011 <
1N
#35180000
0N
#35185000
b1111111111111111 +
b100101100 <
1N
#35190000
0N
#35195000
b1111111111111111 +
b100101101 <
1N
#35200000
0N
#35205000
b1111111111111111 +
b100101110 <
1N
#35210000
0N
#35215000
b1111111111111111 +
b100101111 <
1N
#35220000
0N
#35225000
b1111111111111111 +
b100110000 <
1N
#35230000
0N
#35235000
b1111111111111111 +
b100110001 <
1N
#35240000
0N
#35245000
b1111111111111111 +
b100110010 <
1N
#35250000
0N
#35255000
b1111111111111111 +
b100110011 <
1N
#35260000
0N
#35265000
b1111111111111111 +
b100110100 <
1N
#35270000
0N
#35275000
b1111111111111111 +
b100110101 <
1N
#35280000
0N
#35285000
b1111111111111111 +
b100110110 <
1N
#35290000
0N
#35295000
b1111111111111111 +
b100110111 <
1N
#35300000
0N
#35305000
b1111111111111111 +
b100111000 <
1N
#35310000
0N
#35315000
b1111111111111111 +
b100111001 <
1N
#35320000
0N
#35325000
b1111111111111111 +
b100111010 <
1N
#35330000
0N
#35335000
b1111111111111111 +
b100111011 <
1N
#35340000
0N
#35345000
b1111111111111111 +
b100111100 <
1N
#35350000
0N
#35355000
b1111111111111111 +
b100111101 <
1N
#35360000
0N
#35365000
b1111111111111111 +
b100111110 <
1N
#35370000
0N
#35375000
b1111111111111111 +
b100111111 <
1N
#35380000
0N
#35385000
b1111111111111111 +
b101000000 <
1N
#35390000
0N
#35395000
b1111111111111111 +
b101000001 <
1N
#35400000
0N
#35405000
b1111111111111111 +
b101000010 <
1N
#35410000
0N
#35415000
1-
b1111111111111111 +
b101000011 <
1N
#35420000
0N
#35425000
0-
b11000000 /
b0 +
b101000100 <
1N
#35430000
0N
#35435000
b1111111111111111 +
1N
#35440000
0N
#35445000
b1111111111111111 +
b101000101 <
1N
#35450000
0N
#35455000
b1111111111111111 +
b101000110 <
1N
#35460000
0N
#35465000
b1111111111111111 +
b101000111 <
1N
#35470000
0N
#35475000
b1111111111111111 +
b101001000 <
1N
#35480000
0N
#35485000
b1111111111111111 +
b101001001 <
1N
#35490000
0N
#35495000
b1111111111111111 +
b101001010 <
1N
#35500000
0N
#35505000
b1111111111111111 +
b101001011 <
1N
#35510000
0N
#35515000
b1111111111111111 +
b101001100 <
1N
#35520000
0N
#35525000
b1111111111111111 +
b101001101 <
1N
#35530000
0N
#35535000
b1111111111111111 +
b101001110 <
1N
#35540000
0N
#35545000
b1111111111111111 +
b101001111 <
1N
#35550000
0N
#35555000
b1111111111111111 +
b101010000 <
1N
#35560000
0N
#35565000
b1111111111111111 +
b101010001 <
1N
#35570000
0N
#35575000
b1111111111111111 +
b101010010 <
1N
#35580000
0N
#35585000
b1111111111111111 +
b101010011 <
1N
#35590000
0N
#35595000
b1111111111111111 +
b101010100 <
1N
#35600000
0N
#35605000
b1111111111111111 +
b101010101 <
1N
#35610000
0N
#35615000
b1111111111111111 +
b101010110 <
1N
#35620000
0N
#35625000
b1111111111111111 +
b101010111 <
1N
#35630000
0N
#35635000
b1111111111111111 +
b101011000 <
1N
#35640000
0N
#35645000
b1111111111111111 +
b101011001 <
1N
#35650000
0N
#35655000
b1111111111111111 +
b101011010 <
1N
#35660000
0N
#35665000
b1111111111111111 +
b101011011 <
1N
#35670000
0N
#35675000
b1111111111111111 +
b101011100 <
1N
#35680000
0N
#35685000
b1111111111111111 +
b101011101 <
1N
#35690000
0N
#35695000
1-
b1111111111111111 +
b101011110 <
1N
#35700000
0N
#35705000
0-
b11010000 /
b0 +
b101011111 <
1N
#35710000
0N
#35715000
b1111111111111111 +
1N
#35720000
0N
#35725000
b1111111111111111 +
b101100000 <
1N
#35730000
0N
#35735000
b1111111111111111 +
b101100001 <
1N
#35740000
0N
#35745000
b1111111111111111 +
b101100010 <
1N
#35750000
0N
#35755000
b1111111111111111 +
b101100011 <
1N
#35760000
0N
#35765000
b1111111111111111 +
b101100100 <
1N
#35770000
0N
#35775000
b1111111111111111 +
b101100101 <
1N
#35780000
0N
#35785000
b1111111111111111 +
b101100110 <
1N
#35790000
0N
#35795000
b1111111111111111 +
b101100111 <
1N
#35800000
0N
#35805000
b1111111111111111 +
b101101000 <
1N
#35810000
0N
#35815000
b1111111111111111 +
b101101001 <
1N
#35820000
0N
#35825000
b1111111111111111 +
b101101010 <
1N
#35830000
0N
#35835000
b1111111111111111 +
b101101011 <
1N
#35840000
0N
#35845000
b1111111111111111 +
b101101100 <
1N
#35850000
0N
#35855000
b1111111111111111 +
b101101101 <
1N
#35860000
0N
#35865000
b1111111111111111 +
b101101110 <
1N
#35870000
0N
#35875000
b1111111111111111 +
b101101111 <
1N
#35880000
0N
#35885000
b1111111111111111 +
b101110000 <
1N
#35890000
0N
#35895000
b1111111111111111 +
b101110001 <
1N
#35900000
0N
#35905000
b1111111111111111 +
b101110010 <
1N
#35910000
0N
#35915000
b1111111111111111 +
b101110011 <
1N
#35920000
0N
#35925000
b1111111111111111 +
b101110100 <
1N
#35930000
0N
#35935000
b1111111111111111 +
b101110101 <
1N
#35940000
0N
#35945000
b1111111111111111 +
b101110110 <
1N
#35950000
0N
#35955000
b1111111111111111 +
b101110111 <
1N
#35960000
0N
#35965000
b1111111111111111 +
b101111000 <
1N
#35970000
0N
#35975000
1-
b1111111111111111 +
b101111001 <
1N
#35980000
0N
#35985000
0-
b11100000 /
b0 +
b101111010 <
1N
#35990000
0N
#35995000
b1111111111111111 +
1N
#36000000
0N
#36005000
b1111111111111111 +
b101111011 <
1N
#36010000
0N
#36015000
b1111111111111111 +
b101111100 <
1N
#36020000
0N
#36025000
b1111111111111111 +
b101111101 <
1N
#36030000
0N
#36035000
b1111111111111111 +
b101111110 <
1N
#36040000
0N
#36045000
b1111111111111111 +
b101111111 <
1N
#36050000
0N
#36055000
b1111111111111111 +
b110000000 <
1N
#36060000
0N
#36065000
b1111111111111111 +
b110000001 <
1N
#36070000
0N
#36075000
b1111111111111111 +
b110000010 <
1N
#36080000
0N
#36085000
b1111111111111111 +
b110000011 <
1N
#36090000
0N
#36095000
b1111111111111111 +
b110000100 <
1N
#36100000
0N
#36105000
b1111111111111111 +
b110000101 <
1N
#36110000
0N
#36115000
b1111111111111111 +
b110000110 <
1N
#36120000
0N
#36125000
b1111111111111111 +
b110000111 <
1N
#36130000
0N
#36135000
b1111111111111111 +
b110001000 <
1N
#36140000
0N
#36145000
b1111111111111111 +
b110001001 <
1N
#36150000
0N
#36155000
b1111111111111111 +
b110001010 <
1N
#36160000
0N
#36165000
b1111111111111111 +
b110001011 <
1N
#36170000
0N
#36175000
b1111111111111111 +
b110001100 <
1N
#36180000
0N
#36185000
b1111111111111111 +
b110001101 <
1N
#36190000
0N
#36195000
b1111111111111111 +
b110001110 <
1N
#36200000
0N
#36205000
b1111111111111111 +
b110001111 <
1N
#36210000
0N
#36215000
b1111111111111111 +
b110010000 <
1N
#36220000
0N
#36225000
b1111111111111111 +
b110010001 <
1N
#36230000
0N
#36235000
b1111111111111111 +
b110010010 <
1N
#36240000
0N
#36245000
b1111111111111111 +
b110010011 <
1N
#36250000
0N
#36255000
1-
b1111111111111111 +
b110010100 <
1N
#36260000
0N
#36265000
0-
b11110000 /
b0 +
b110010101 <
1N
#36270000
0N
#36275000
b1111111111111111 +
1N
#36280000
0N
#36285000
b1111111111111111 +
b110010110 <
1N
#36290000
0N
#36295000
b1111111111111111 +
b110010111 <
1N
#36300000
0N
#36305000
b1111111111111111 +
b110011000 <
1N
#36310000
0N
#36315000
b1111111111111111 +
b110011001 <
1N
#36320000
0N
#36325000
b1111111111111111 +
b110011010 <
1N
#36330000
0N
#36335000
b1111111111111111 +
b110011011 <
1N
#36340000
0N
#36345000
b1111111111111111 +
b110011100 <
1N
#36350000
0N
#36355000
b1111111111111111 +
b110011101 <
1N
#36360000
0N
#36365000
b1111111111111111 +
b110011110 <
1N
#36370000
0N
#36375000
b1111111111111111 +
b110011111 <
1N
#36380000
0N
#36385000
b1111111111111111 +
b110100000 <
1N
#36390000
0N
#36395000
b1111111111111111 +
b110100001 <
1N
#36400000
0N
#36405000
b1111111111111111 +
b110100010 <
1N
#36410000
0N
#36415000
b1111111111111111 +
b110100011 <
1N
#36420000
0N
#36425000
b1111111111111111 +
b110100100 <
1N
#36430000
0N
#36435000
b1111111111111111 +
b110100101 <
1N
#36440000
0N
#36445000
b1111111111111111 +
b110100110 <
1N
#36450000
0N
#36455000
b1111111111111111 +
b110100111 <
1N
#36460000
0N
#36465000
b1111111111111111 +
b110101000 <
1N
#36470000
0N
#36475000
b1111111111111111 +
b110101001 <
1N
#36480000
0N
#36485000
b1111111111111111 +
b110101010 <
1N
#36490000
0N
#36495000
b1111111111111111 +
b110101011 <
1N
#36500000
0N
#36505000
b1111111111111111 +
b110101100 <
1N
#36510000
0N
#36515000
b1111111111111111 +
b110101101 <
1N
#36520000
0N
#36525000
b1111111111111111 +
b110101110 <
1N
#36530000
0N
#36535000
1-
b1111111111111111 +
b110101111 <
1N
#36540000
0N
#36545000
0-
b100000000 /
b0 +
b110110000 <
1N
#36550000
0N
#36555000
b1111111111111111 +
1N
#36560000
0N
#36565000
b1111111111111111 +
b110110001 <
1N
#36570000
0N
#36575000
b1111111111111111 +
b110110010 <
1N
#36580000
0N
#36585000
b1111111111111111 +
b110110011 <
1N
#36590000
0N
#36595000
b1111111111111111 +
b110110100 <
1N
#36600000
0N
#36605000
b1111111111111111 +
b110110101 <
1N
#36610000
0N
#36615000
b1111111111111111 +
b110110110 <
1N
#36620000
0N
#36625000
b1111111111111111 +
b110110111 <
1N
#36630000
0N
#36635000
b1111111111111111 +
b110111000 <
1N
#36640000
0N
#36645000
b1111111111111111 +
b110111001 <
1N
#36650000
0N
#36655000
b1111111111111111 +
b110111010 <
1N
#36660000
0N
#36665000
b1111111111111111 +
b110111011 <
1N
#36670000
0N
#36675000
b1111111111111111 +
b110111100 <
1N
#36680000
0N
#36685000
b1111111111111111 +
b110111101 <
1N
#36690000
0N
#36695000
b1111111111111111 +
b110111110 <
1N
#36700000
0N
#36705000
b1111111111111111 +
b110111111 <
1N
#36710000
0N
#36715000
b1111111111111111 +
b111000000 <
1N
#36720000
0N
#36725000
b1111111111111111 +
b111000001 <
1N
#36730000
0N
#36735000
b1111111111111111 +
b111000010 <
1N
#36740000
0N
#36745000
b1111111111111111 +
b111000011 <
1N
#36750000
0N
#36755000
b1111111111111111 +
b111000100 <
1N
#36760000
0N
#36765000
b1111111111111111 +
b111000101 <
1N
#36770000
0N
#36775000
b1111111111111111 +
b111000110 <
1N
#36780000
0N
#36785000
b1111111111111111 +
b111000111 <
1N
#36790000
0N
#36795000
b1111111111111111 +
b111001000 <
1N
#36800000
0N
#36805000
b1111111111111111 +
b111001001 <
1N
#36810000
0N
#36815000
1-
b1111111111111111 +
b111001010 <
1N
#36820000
0N
#36825000
0-
b100010000 /
b0 +
b111001011 <
1N
#36830000
0N
#36835000
b1111111111111111 +
1N
#36840000
0N
#36845000
b1111111111111111 +
b111001100 <
1N
#36850000
0N
#36855000
b1111111111111111 +
b111001101 <
1N
#36860000
0N
#36865000
b1111111111111111 +
b111001110 <
1N
#36870000
0N
#36875000
b1111111111111111 +
b111001111 <
1N
#36880000
0N
#36885000
b1111111111111111 +
b111010000 <
1N
#36890000
0N
#36895000
b1111111111111111 +
b111010001 <
1N
#36900000
0N
#36905000
b1111111111111111 +
b111010010 <
1N
#36910000
0N
#36915000
b1111111111111111 +
b111010011 <
1N
#36920000
0N
#36925000
b1111111111111111 +
b111010100 <
1N
#36930000
0N
#36935000
b1111111111111111 +
b111010101 <
1N
#36940000
0N
#36945000
b1111111111111111 +
b111010110 <
1N
#36950000
0N
#36955000
b1111111111111111 +
b111010111 <
1N
#36960000
0N
#36965000
b1111111111111111 +
b111011000 <
1N
#36970000
0N
#36975000
b1111111111111111 +
b111011001 <
1N
#36980000
0N
#36985000
b1111111111111111 +
b111011010 <
1N
#36990000
0N
#36995000
b1111111111111111 +
b111011011 <
1N
#37000000
0N
#37005000
b1111111111111111 +
b111011100 <
1N
#37010000
0N
#37015000
b1111111111111111 +
b111011101 <
1N
#37020000
0N
#37025000
b1111111111111111 +
b111011110 <
1N
#37030000
0N
#37035000
b1111111111111111 +
b111011111 <
1N
#37040000
0N
#37045000
b1111111111111111 +
b111100000 <
1N
#37050000
0N
#37055000
b1111111111111111 +
b111100001 <
1N
#37060000
0N
#37065000
b1111111111111111 +
b111100010 <
1N
#37070000
0N
#37075000
b1111111111111111 +
b111100011 <
1N
#37080000
0N
#37085000
b1111111111111111 +
b111100100 <
1N
#37090000
0N
#37095000
1-
b1111111111111111 +
b111100101 <
1N
#37100000
0N
#37105000
0-
b100100000 /
b0 +
b111100110 <
1N
#37110000
0N
#37115000
b1111111111111111 +
1N
#37120000
0N
#37125000
b1111111111111111 +
b111100111 <
1N
#37130000
0N
#37135000
b1111111111111111 +
b111101000 <
1N
#37140000
0N
#37145000
b1111111111111111 +
b111101001 <
1N
#37150000
0N
#37155000
b1111111111111111 +
b111101010 <
1N
#37160000
0N
#37165000
b1111111111111111 +
b111101011 <
1N
#37170000
0N
#37175000
b1111111111111111 +
b111101100 <
1N
#37180000
0N
#37185000
b1111111111111111 +
b111101101 <
1N
#37190000
0N
#37195000
b1111111111111111 +
b111101110 <
1N
#37200000
0N
#37205000
b1111111111111111 +
b111101111 <
1N
#37210000
0N
#37215000
b1111111111111111 +
b111110000 <
1N
#37220000
0N
#37225000
b1111111111111111 +
b111110001 <
1N
#37230000
0N
#37235000
b1111111111111111 +
b111110010 <
1N
#37240000
0N
#37245000
b1111111111111111 +
b111110011 <
1N
#37250000
0N
#37255000
b1111111111111111 +
b111110100 <
1N
#37260000
0N
#37265000
b1111111111111111 +
b111110101 <
1N
#37270000
0N
#37275000
b1111111111111111 +
b111110110 <
1N
#37280000
0N
#37285000
b1111111111111111 +
b111110111 <
1N
#37290000
0N
#37295000
b1111111111111111 +
b111111000 <
1N
#37300000
0N
#37305000
b1111111111111111 +
b111111001 <
1N
#37310000
0N
#37315000
b1111111111111111 +
b111111010 <
1N
#37320000
0N
#37325000
b1111111111111111 +
b111111011 <
1N
#37330000
0N
#37335000
b1111111111111111 +
b111111100 <
1N
#37340000
0N
#37345000
b1111111111111111 +
b111111101 <
1N
#37350000
0N
#37355000
b1111111111111111 +
b111111110 <
1N
#37360000
0N
#37365000
b1111111111111111 +
b111111111 <
1N
#37370000
0N
#37375000
1-
b1111111111111111 +
b1000000000 <
1N
#37380000
0N
#37385000
0-
b100110000 /
b0 +
b1000000001 <
1N
#37390000
0N
#37395000
b1111111111111111 +
1N
#37400000
0N
#37405000
b1111111111111111 +
b1000000010 <
1N
#37410000
0N
#37415000
b1111111111111111 +
b1000000011 <
1N
#37420000
0N
#37425000
b1111111111111111 +
b1000000100 <
1N
#37430000
0N
#37435000
b1111111111111111 +
b1000000101 <
1N
#37440000
0N
#37445000
b1111111111111111 +
b1000000110 <
1N
#37450000
0N
#37455000
b1111111111111111 +
b1000000111 <
1N
#37460000
0N
#37465000
b1111111111111111 +
b1000001000 <
1N
#37470000
0N
#37475000
b1111111111111111 +
b1000001001 <
1N
#37480000
0N
#37485000
b1111111111111111 +
b1000001010 <
1N
#37490000
0N
#37495000
b1111111111111111 +
b1000001011 <
1N
#37500000
0N
#37505000
b1111111111111111 +
b1000001100 <
1N
#37510000
0N
#37515000
b1111111111111111 +
b1000001101 <
1N
#37520000
0N
#37525000
b1111111111111111 +
b1000001110 <
1N
#37530000
0N
#37535000
b1111111111111111 +
b1000001111 <
1N
#37540000
0N
#37545000
b1111111111111111 +
b1000010000 <
1N
#37550000
0N
#37555000
b1111111111111111 +
b1000010001 <
1N
#37560000
0N
#37565000
b1111111111111111 +
b1000010010 <
1N
#37570000
0N
#37575000
b1111111111111111 +
b1000010011 <
1N
#37580000
0N
#37585000
b1111111111111111 +
b1000010100 <
1N
#37590000
0N
#37595000
b1111111111111111 +
b1000010101 <
1N
#37600000
0N
#37605000
b1111111111111111 +
b1000010110 <
1N
#37610000
0N
#37615000
b1111111111111111 +
b1000010111 <
1N
#37620000
0N
#37625000
b1111111111111111 +
b1000011000 <
1N
#37630000
0N
#37635000
b1111111111111111 +
b1000011001 <
1N
#37640000
0N
#37645000
b1111111111111111 +
b1000011010 <
1N
#37650000
0N
#37655000
1-
b1111111111111111 +
b1000011011 <
1N
#37660000
0N
#37665000
0-
b101000000 /
b0 +
b1000011100 <
1N
#37670000
0N
#37675000
b1111111111111111 +
1N
#37680000
0N
#37685000
b1111111111111111 +
b1000011101 <
1N
#37690000
0N
#37695000
b1111111111111111 +
b1000011110 <
1N
#37700000
0N
#37705000
b1111111111111111 +
b1000011111 <
1N
#37710000
0N
#37715000
b1111111111111111 +
b1000100000 <
1N
#37720000
0N
#37725000
b1111111111111111 +
b1000100001 <
1N
#37730000
0N
#37735000
b1111111111111111 +
b1000100010 <
1N
#37740000
0N
#37745000
b1111111111111111 +
b1000100011 <
1N
#37750000
0N
#37755000
b1111111111111111 +
b1000100100 <
1N
#37760000
0N
#37765000
b1111111111111111 +
b1000100101 <
1N
#37770000
0N
#37775000
b1111111111111111 +
b1000100110 <
1N
#37780000
0N
#37785000
b1111111111111111 +
b1000100111 <
1N
#37790000
0N
#37795000
b1111111111111111 +
b1000101000 <
1N
#37800000
0N
#37805000
b1111111111111111 +
b1000101001 <
1N
#37810000
0N
#37815000
b1111111111111111 +
b1000101010 <
1N
#37820000
0N
#37825000
b1111111111111111 +
b1000101011 <
1N
#37830000
0N
#37835000
b1111111111111111 +
b1000101100 <
1N
#37840000
0N
#37845000
b1111111111111111 +
b1000101101 <
1N
#37850000
0N
#37855000
b1111111111111111 +
b1000101110 <
1N
#37860000
0N
#37865000
b1111111111111111 +
b1000101111 <
1N
#37870000
0N
#37875000
b1111111111111111 +
b1000110000 <
1N
#37880000
0N
#37885000
b1111111111111111 +
b1000110001 <
1N
#37890000
0N
#37895000
b1111111111111111 +
b1000110010 <
1N
#37900000
0N
#37905000
b1111111111111111 +
b1000110011 <
1N
#37910000
0N
#37915000
b1111111111111111 +
b1000110100 <
1N
#37920000
0N
#37925000
b1111111111111111 +
b1000110101 <
1N
#37930000
0N
#37935000
1-
b1111111111111111 +
b1000110110 <
1N
#37940000
0N
#37945000
0-
b101010000 /
b0 +
b1000110111 <
1N
#37950000
0N
#37955000
b1111111111111111 +
1N
#37960000
0N
#37965000
b1111111111111111 +
b1000111000 <
1N
#37970000
0N
#37975000
b1111111111111111 +
b1000111001 <
1N
#37980000
0N
#37985000
b1111111111111111 +
b1000111010 <
1N
#37990000
0N
#37995000
b1111111111111111 +
b1000111011 <
1N
#38000000
0N
#38005000
b1111111111111111 +
b1000111100 <
1N
#38010000
0N
#38015000
b1111111111111111 +
b1000111101 <
1N
#38020000
0N
#38025000
b1111111111111111 +
b1000111110 <
1N
#38030000
0N
#38035000
b1111111111111111 +
b1000111111 <
1N
#38040000
0N
#38045000
b1111111111111111 +
b1001000000 <
1N
#38050000
0N
#38055000
b1111111111111111 +
b1001000001 <
1N
#38060000
0N
#38065000
b1111111111111111 +
b1001000010 <
1N
#38070000
0N
#38075000
b1111111111111111 +
b1001000011 <
1N
#38080000
0N
#38085000
b1111111111111111 +
b1001000100 <
1N
#38090000
0N
#38095000
b1111111111111111 +
b1001000101 <
1N
#38100000
0N
#38105000
b1111111111111111 +
b1001000110 <
1N
#38110000
0N
#38115000
b1111111111111111 +
b1001000111 <
1N
#38120000
0N
#38125000
b1111111111111111 +
b1001001000 <
1N
#38130000
0N
#38135000
b1111111111111111 +
b1001001001 <
1N
#38140000
0N
#38145000
b1111111111111111 +
b1001001010 <
1N
#38150000
0N
#38155000
b1111111111111111 +
b1001001011 <
1N
#38160000
0N
#38165000
b1111111111111111 +
b1001001100 <
1N
#38170000
0N
#38175000
b1111111111111111 +
b1001001101 <
1N
#38180000
0N
#38185000
b1111111111111111 +
b1001001110 <
1N
#38190000
0N
#38195000
b1111111111111111 +
b1001001111 <
1N
#38200000
0N
#38205000
b1111111111111111 +
b1001010000 <
1N
#38210000
0N
#38215000
1-
b1111111111111111 +
b1001010001 <
1N
#38220000
0N
#38225000
0-
b101100000 /
b0 +
b1001010010 <
1N
#38230000
0N
#38235000
b1111111111111111 +
1N
#38240000
0N
#38245000
b1111111111111111 +
b1001010011 <
1N
#38250000
0N
#38255000
b1111111111111111 +
b1001010100 <
1N
#38260000
0N
#38265000
b1111111111111111 +
b1001010101 <
1N
#38270000
0N
#38275000
b1111111111111111 +
b1001010110 <
1N
#38280000
0N
#38285000
b1111111111111111 +
b1001010111 <
1N
#38290000
0N
#38295000
b1111111111111111 +
b1001011000 <
1N
#38300000
0N
#38305000
b1111111111111111 +
b1001011001 <
1N
#38310000
0N
#38315000
b1111111111111111 +
b1001011010 <
1N
#38320000
0N
#38325000
b1111111111111111 +
b1001011011 <
1N
#38330000
0N
#38335000
b1111111111111111 +
b1001011100 <
1N
#38340000
0N
#38345000
b1111111111111111 +
b1001011101 <
1N
#38350000
0N
#38355000
b1111111111111111 +
b1001011110 <
1N
#38360000
0N
#38365000
b1111111111111111 +
b1001011111 <
1N
#38370000
0N
#38375000
b1111111111111111 +
b1001100000 <
1N
#38380000
0N
#38385000
b1111111111111111 +
b1001100001 <
1N
#38390000
0N
#38395000
b1111111111111111 +
b1001100010 <
1N
#38400000
0N
#38405000
b1111111111111111 +
b1001100011 <
1N
#38410000
0N
#38415000
b1111111111111111 +
b1001100100 <
1N
#38420000
0N
#38425000
b1111111111111111 +
b1001100101 <
1N
#38430000
0N
#38435000
b1111111111111111 +
b1001100110 <
1N
#38440000
0N
#38445000
b1111111111111111 +
b1001100111 <
1N
#38450000
0N
#38455000
b1111111111111111 +
b1001101000 <
1N
#38460000
0N
#38465000
b1111111111111111 +
b1001101001 <
1N
#38470000
0N
#38475000
b1111111111111111 +
b1001101010 <
1N
#38480000
0N
#38485000
b1111111111111111 +
b1001101011 <
1N
#38490000
0N
#38495000
1-
b1111111111111111 +
b1001101100 <
1N
#38500000
0N
#38505000
0-
b101110000 /
b0 +
b1001101101 <
1N
#38510000
0N
#38515000
b1111111111111111 +
1N
#38520000
0N
#38525000
b1111111111111111 +
b1001101110 <
1N
#38530000
0N
#38535000
b1111111111111111 +
b1001101111 <
1N
#38540000
0N
#38545000
b1111111111111111 +
b1001110000 <
1N
#38550000
0N
#38555000
b1111111111111111 +
b1001110001 <
1N
#38560000
0N
#38565000
b1111111111111111 +
b1001110010 <
1N
#38570000
0N
#38575000
b1111111111111111 +
b1001110011 <
1N
#38580000
0N
#38585000
b1111111111111111 +
b1001110100 <
1N
#38590000
0N
#38595000
b1111111111111111 +
b1001110101 <
1N
#38600000
0N
#38605000
b1111111111111111 +
b1001110110 <
1N
#38610000
0N
#38615000
b1111111111111111 +
b1001110111 <
1N
#38620000
0N
#38625000
b1111111111111111 +
b1001111000 <
1N
#38630000
0N
#38635000
b1111111111111111 +
b1001111001 <
1N
#38640000
0N
#38645000
b1111111111111111 +
b1001111010 <
1N
#38650000
0N
#38655000
b1111111111111111 +
b1001111011 <
1N
#38660000
0N
#38665000
b1111111111111111 +
b1001111100 <
1N
#38670000
0N
#38675000
b1111111111111111 +
b1001111101 <
1N
#38680000
0N
#38685000
b1111111111111111 +
b1001111110 <
1N
#38690000
0N
#38695000
b1111111111111111 +
b1001111111 <
1N
#38700000
0N
#38705000
b1111111111111111 +
b1010000000 <
1N
#38710000
0N
#38715000
b1111111111111111 +
b1010000001 <
1N
#38720000
0N
#38725000
b1111111111111111 +
b1010000010 <
1N
#38730000
0N
#38735000
b1111111111111111 +
b1010000011 <
1N
#38740000
0N
#38745000
b1111111111111111 +
b1010000100 <
1N
#38750000
0N
#38755000
b1111111111111111 +
b1010000101 <
1N
#38760000
0N
#38765000
b1111111111111111 +
b1010000110 <
1N
#38770000
0N
#38775000
1-
b1111111111111111 +
b1010000111 <
1N
#38780000
0N
#38785000
0-
b110000000 /
b0 +
b1010001000 <
1N
#38790000
0N
#38795000
b1111111111111111 +
1N
#38800000
0N
#38805000
b1111111111111111 +
b1010001001 <
1N
#38810000
0N
#38815000
b1111111111111111 +
b1010001010 <
1N
#38820000
0N
#38825000
b1111111111111111 +
b1010001011 <
1N
#38830000
0N
#38835000
b1111111111111111 +
b1010001100 <
1N
#38840000
0N
#38845000
b1111111111111111 +
b1010001101 <
1N
#38850000
0N
#38855000
b1111111111111111 +
b1010001110 <
1N
#38860000
0N
#38865000
b1111111111111111 +
b1010001111 <
1N
#38870000
0N
#38875000
b1111111111111111 +
b1010010000 <
1N
#38880000
0N
#38885000
b1111111111111111 +
b1010010001 <
1N
#38890000
0N
#38895000
b1111111111111111 +
b1010010010 <
1N
#38900000
0N
#38905000
b1111111111111111 +
b1010010011 <
1N
#38910000
0N
#38915000
b1111111111111111 +
b1010010100 <
1N
#38920000
0N
#38925000
b1111111111111111 +
b1010010101 <
1N
#38930000
0N
#38935000
b1111111111111111 +
b1010010110 <
1N
#38940000
0N
#38945000
b1111111111111111 +
b1010010111 <
1N
#38950000
0N
#38955000
b1111111111111111 +
b1010011000 <
1N
#38960000
0N
#38965000
b1111111111111111 +
b1010011001 <
1N
#38970000
0N
#38975000
b1111111111111111 +
b1010011010 <
1N
#38980000
0N
#38985000
b1111111111111111 +
b1010011011 <
1N
#38990000
0N
#38995000
b1111111111111111 +
b1010011100 <
1N
#39000000
0N
#39005000
b1111111111111111 +
b1010011101 <
1N
#39010000
0N
#39015000
b1111111111111111 +
b1010011110 <
1N
#39020000
0N
#39025000
b1111111111111111 +
b1010011111 <
1N
#39030000
0N
#39035000
b1111111111111111 +
b1010100000 <
1N
#39040000
0N
#39045000
b1111111111111111 +
b1010100001 <
1N
#39050000
0N
#39055000
1-
b1111111111111111 +
b1010100010 <
1N
#39060000
0N
#39065000
0-
b110010000 /
b0 +
b1010100011 <
1N
#39070000
0N
#39075000
b1111111111111111 +
1N
#39080000
0N
#39085000
b1111111111111111 +
b1010100100 <
1N
#39090000
0N
#39095000
b1111111111111111 +
b1010100101 <
1N
#39100000
0N
#39105000
b1111111111111111 +
b1010100110 <
1N
#39110000
0N
#39115000
b1111111111111111 +
b1010100111 <
1N
#39120000
0N
#39125000
b1111111111111111 +
b1010101000 <
1N
#39130000
0N
#39135000
b1111111111111111 +
b1010101001 <
1N
#39140000
0N
#39145000
b1111111111111111 +
b1010101010 <
1N
#39150000
0N
#39155000
b1111111111111111 +
b1010101011 <
1N
#39160000
0N
#39165000
b1111111111111111 +
b1010101100 <
1N
#39170000
0N
#39175000
b1111111111111111 +
b1010101101 <
1N
#39180000
0N
#39185000
b1111111111111111 +
b1010101110 <
1N
#39190000
0N
#39195000
b1111111111111111 +
b1010101111 <
1N
#39200000
0N
#39205000
b1111111111111111 +
b1010110000 <
1N
#39210000
0N
#39215000
b1111111111111111 +
b1010110001 <
1N
#39220000
0N
#39225000
b1111111111111111 +
b1010110010 <
1N
#39230000
0N
#39235000
b1111111111111111 +
b1010110011 <
1N
#39240000
0N
#39245000
b1111111111111111 +
b1010110100 <
1N
#39250000
0N
#39255000
b1111111111111111 +
b1010110101 <
1N
#39260000
0N
#39265000
b1111111111111111 +
b1010110110 <
1N
#39270000
0N
#39275000
b1111111111111111 +
b1010110111 <
1N
#39280000
0N
#39285000
b1111111111111111 +
b1010111000 <
1N
#39290000
0N
#39295000
b1111111111111111 +
b1010111001 <
1N
#39300000
0N
#39305000
b1111111111111111 +
b1010111010 <
1N
#39310000
0N
#39315000
b1111111111111111 +
b1010111011 <
1N
#39320000
0N
#39325000
b1111111111111111 +
b1010111100 <
1N
#39330000
0N
#39335000
1-
b1111111111111111 +
b1010111101 <
1N
#39340000
0N
#39345000
0-
b110100000 /
b0 +
b1010111110 <
1N
#39350000
0N
#39355000
b1111111111111111 +
1N
#39360000
0N
#39365000
b1111111111111111 +
b1010111111 <
1N
#39370000
0N
#39375000
b1111111111111111 +
b1011000000 <
1N
#39380000
0N
#39385000
b1111111111111111 +
b1011000001 <
1N
#39390000
0N
#39395000
b1111111111111111 +
b1011000010 <
1N
#39400000
0N
#39405000
b1111111111111111 +
b1011000011 <
1N
#39410000
0N
#39415000
b1111111111111111 +
b1011000100 <
1N
#39420000
0N
#39425000
b1111111111111111 +
b1011000101 <
1N
#39430000
0N
#39435000
b1111111111111111 +
b1011000110 <
1N
#39440000
0N
#39445000
b1111111111111111 +
b1011000111 <
1N
#39450000
0N
#39455000
b1111111111111111 +
b1011001000 <
1N
#39460000
0N
#39465000
b1111111111111111 +
b1011001001 <
1N
#39470000
0N
#39475000
b1111111111111111 +
b1011001010 <
1N
#39480000
0N
#39485000
b1111111111111111 +
b1011001011 <
1N
#39490000
0N
#39495000
b1111111111111111 +
b1011001100 <
1N
#39500000
0N
#39505000
b1111111111111111 +
b1011001101 <
1N
#39510000
0N
#39515000
b1111111111111111 +
b1011001110 <
1N
#39520000
0N
#39525000
b1111111111111111 +
b1011001111 <
1N
#39530000
0N
#39535000
b1111111111111111 +
b1011010000 <
1N
#39540000
0N
#39545000
b1111111111111111 +
b1011010001 <
1N
#39550000
0N
#39555000
b1111111111111111 +
b1011010010 <
1N
#39560000
0N
#39565000
b1111111111111111 +
b1011010011 <
1N
#39570000
0N
#39575000
b1111111111111111 +
b1011010100 <
1N
#39580000
0N
#39585000
b1111111111111111 +
b1011010101 <
1N
#39590000
0N
#39595000
b1111111111111111 +
b1011010110 <
1N
#39600000
0N
#39605000
b1111111111111111 +
b1011010111 <
1N
#39610000
0N
#39615000
1-
b1111111111111111 +
b1011011000 <
1N
#39620000
0N
#39625000
0-
b110110000 /
b0 +
b1011011001 <
1N
#39630000
0N
#39635000
b1111111111111111 +
1N
#39640000
0N
#39645000
b1111111111111111 +
b1011011010 <
1N
#39650000
0N
#39655000
b1111111111111111 +
b1011011011 <
1N
#39660000
0N
#39665000
b1111111111111111 +
b1011011100 <
1N
#39670000
0N
#39675000
b1111111111111111 +
b1011011101 <
1N
#39680000
0N
#39685000
b1111111111111111 +
b1011011110 <
1N
#39690000
0N
#39695000
b1111111111111111 +
b1011011111 <
1N
#39700000
0N
#39705000
b1111111111111111 +
b1011100000 <
1N
#39710000
0N
#39715000
b1111111111111111 +
b1011100001 <
1N
#39720000
0N
#39725000
b1111111111111111 +
b1011100010 <
1N
#39730000
0N
#39735000
b1111111111111111 +
b1011100011 <
1N
#39740000
0N
#39745000
b1111111111111111 +
b1011100100 <
1N
#39750000
0N
#39755000
b1111111111111111 +
b1011100101 <
1N
#39760000
0N
#39765000
b1111111111111111 +
b1011100110 <
1N
#39770000
0N
#39775000
b1111111111111111 +
b1011100111 <
1N
#39780000
0N
#39785000
b1111111111111111 +
b1011101000 <
1N
#39790000
0N
#39795000
b1111111111111111 +
b1011101001 <
1N
#39800000
0N
#39805000
b1111111111111111 +
b1011101010 <
1N
#39810000
0N
#39815000
b1111111111111111 +
b1011101011 <
1N
#39820000
0N
#39825000
b1111111111111111 +
b1011101100 <
1N
#39830000
0N
#39835000
b1111111111111111 +
b1011101101 <
1N
#39840000
0N
#39845000
b1111111111111111 +
b1011101110 <
1N
#39850000
0N
#39855000
b1111111111111111 +
b1011101111 <
1N
#39860000
0N
#39865000
b1111111111111111 +
b1011110000 <
1N
#39870000
0N
#39875000
b1111111111111111 +
b1011110001 <
1N
#39880000
0N
#39885000
b1111111111111111 +
b1011110010 <
1N
#39890000
0N
#39895000
1-
b1111111111111111 +
b1011110011 <
1N
#39900000
0N
#39905000
0-
b111000000 /
b0 +
b1011110100 <
1N
#39910000
0N
#39915000
b1111111111111111 +
1N
#39920000
0N
#39925000
b1111111111111111 +
b1011110101 <
1N
#39930000
0N
#39935000
b1111111111111111 +
b1011110110 <
1N
#39940000
0N
#39945000
b1111111111111111 +
b1011110111 <
1N
#39950000
0N
#39955000
b1111111111111111 +
b1011111000 <
1N
#39960000
0N
#39965000
b1111111111111111 +
b1011111001 <
1N
#39970000
0N
#39975000
b1111111111111111 +
b1011111010 <
1N
#39980000
0N
#39985000
b1111111111111111 +
b1011111011 <
1N
#39990000
0N
#39995000
b1111111111111111 +
b1011111100 <
1N
#40000000
0N
#40005000
b1111111111111111 +
b1011111101 <
1N
#40010000
0N
#40015000
b1111111111111111 +
b1011111110 <
1N
#40020000
0N
#40025000
b1111111111111111 +
b1011111111 <
1N
#40030000
0N
#40035000
b1111111111111111 +
b1100000000 <
1N
#40040000
0N
#40045000
b1111111111111111 +
b1100000001 <
1N
#40050000
0N
#40055000
b1111111111111111 +
b1100000010 <
1N
#40060000
0N
#40065000
b1111111111111111 +
b1100000011 <
1N
#40070000
0N
#40075000
b1111111111111111 +
b1100000100 <
1N
#40080000
0N
#40085000
b1111111111111111 +
b1100000101 <
1N
#40090000
0N
#40095000
b1111111111111111 +
b1100000110 <
1N
#40100000
0N
#40105000
b1111111111111111 +
b1100000111 <
1N
#40110000
0N
#40115000
b1111111111111111 +
b1100001000 <
1N
#40120000
0N
#40125000
b1111111111111111 +
b1100001001 <
1N
#40130000
0N
#40135000
b1111111111111111 +
b1100001010 <
1N
#40140000
0N
#40145000
b1111111111111111 +
b1100001011 <
1N
#40150000
0N
#40155000
b1111111111111111 +
b1100001100 <
1N
#40160000
0N
#40165000
b1111111111111111 +
b1100001101 <
1N
#40170000
0N
#40175000
1-
b1111111111111111 +
b1100001110 <
1N
#40180000
0N
#40185000
0-
b111010000 /
b0 +
b1100001111 <
1N
#40190000
0N
#40195000
b1111111111111111 +
1N
#40200000
0N
#40205000
b1111111111111111 +
b1100010000 <
1N
#40210000
0N
#40215000
b1111111111111111 +
b1100010001 <
1N
#40220000
0N
#40225000
b1111111111111111 +
b1100010010 <
1N
#40230000
0N
#40235000
b1111111111111111 +
b1100010011 <
1N
#40240000
0N
#40245000
b1111111111111111 +
b1100010100 <
1N
#40250000
0N
#40255000
b1111111111111111 +
b1100010101 <
1N
#40260000
0N
#40265000
b1111111111111111 +
b1100010110 <
1N
#40270000
0N
#40275000
b1111111111111111 +
b1100010111 <
1N
#40280000
0N
#40285000
b1111111111111111 +
b1100011000 <
1N
#40290000
0N
#40295000
b1111111111111111 +
b1100011001 <
1N
#40300000
0N
#40305000
b1111111111111111 +
b1100011010 <
1N
#40310000
0N
#40315000
b1111111111111111 +
b1100011011 <
1N
#40320000
0N
#40325000
b1111111111111111 +
b1100011100 <
1N
#40330000
0N
#40335000
b1111111111111111 +
b1100011101 <
1N
#40340000
0N
#40345000
b1111111111111111 +
b1100011110 <
1N
#40350000
0N
#40355000
b1111111111111111 +
b1100011111 <
1N
#40360000
0N
#40365000
b1111111111111111 +
b1100100000 <
1N
#40370000
0N
#40375000
b1111111111111111 +
b1100100001 <
1N
#40380000
0N
#40385000
b1111111111111111 +
b1100100010 <
1N
#40390000
0N
#40395000
b1111111111111111 +
b1100100011 <
1N
#40400000
0N
#40405000
b1111111111111111 +
b1100100100 <
1N
#40410000
0N
#40415000
b1111111111111111 +
b1100100101 <
1N
#40420000
0N
#40425000
b1111111111111111 +
b1100100110 <
1N
#40430000
0N
#40435000
b1111111111111111 +
b1100100111 <
1N
#40440000
0N
#40445000
b1111111111111111 +
b1100101000 <
1N
#40450000
0N
#40455000
1-
b1111111111111111 +
b1100101001 <
1N
#40460000
0N
#40465000
0-
b111100000 /
b0 +
b1100101010 <
1N
#40470000
0N
#40475000
b1111111111111111 +
1N
#40480000
0N
#40485000
b1111111111111111 +
b1100101011 <
1N
#40490000
0N
#40495000
b1111111111111111 +
b1100101100 <
1N
#40500000
0N
#40505000
b1111111111111111 +
b1100101101 <
1N
#40510000
0N
#40515000
b1111111111111111 +
b1100101110 <
1N
#40520000
0N
#40525000
b1111111111111111 +
b1100101111 <
1N
#40530000
0N
#40535000
b1111111111111111 +
b1100110000 <
1N
#40540000
0N
#40545000
b1111111111111111 +
b1100110001 <
1N
#40550000
0N
#40555000
b1111111111111111 +
b1100110010 <
1N
#40560000
0N
#40565000
b1111111111111111 +
b1100110011 <
1N
#40570000
0N
#40575000
b1111111111111111 +
b1100110100 <
1N
#40580000
0N
#40585000
b1111111111111111 +
b1100110101 <
1N
#40590000
0N
#40595000
b1111111111111111 +
b1100110110 <
1N
#40600000
0N
#40605000
b1111111111111111 +
b1100110111 <
1N
#40610000
0N
#40615000
b1111111111111111 +
b1100111000 <
1N
#40620000
0N
#40625000
b1111111111111111 +
b1100111001 <
1N
#40630000
0N
#40635000
b1111111111111111 +
b1100111010 <
1N
#40640000
0N
#40645000
b1111111111111111 +
b1100111011 <
1N
#40650000
0N
#40655000
b1111111111111111 +
b1100111100 <
1N
#40660000
0N
#40665000
b1111111111111111 +
b1100111101 <
1N
#40670000
0N
#40675000
b1111111111111111 +
b1100111110 <
1N
#40680000
0N
#40685000
b1111111111111111 +
b1100111111 <
1N
#40690000
0N
#40695000
b1111111111111111 +
b1101000000 <
1N
#40700000
0N
#40705000
b1111111111111111 +
b1101000001 <
1N
#40710000
0N
#40715000
b1111111111111111 +
b1101000010 <
1N
#40720000
0N
#40725000
b1111111111111111 +
b1101000011 <
1N
#40730000
0N
#40735000
1-
b1111111111111111 +
b1101000100 <
1N
#40740000
0N
#40745000
0-
b111110000 /
b0 +
b1101000101 <
1N
#40750000
0N
#40755000
b1111111111111111 +
1N
#40760000
0N
#40765000
b1111111111111111 +
b1101000110 <
1N
#40770000
0N
#40775000
b1111111111111111 +
b1101000111 <
1N
#40780000
0N
#40785000
b1111111111111111 +
b1101001000 <
1N
#40790000
0N
#40795000
b1111111111111111 +
b1101001001 <
1N
#40800000
0N
#40805000
b1111111111111111 +
b1101001010 <
1N
#40810000
0N
#40815000
b1111111111111111 +
b1101001011 <
1N
#40820000
0N
#40825000
b1111111111111111 +
b1101001100 <
1N
#40830000
0N
#40835000
b1111111111111111 +
b1101001101 <
1N
#40840000
0N
#40845000
b1111111111111111 +
b1101001110 <
1N
#40850000
0N
#40855000
b1111111111111111 +
b1101001111 <
1N
#40860000
0N
#40865000
b1111111111111111 +
b1101010000 <
1N
#40870000
0N
#40875000
b1111111111111111 +
b1101010001 <
1N
#40880000
0N
#40885000
b1111111111111111 +
b1101010010 <
1N
#40890000
0N
#40895000
b1111111111111111 +
b1101010011 <
1N
#40900000
0N
#40905000
b1111111111111111 +
b1101010100 <
1N
#40910000
0N
#40915000
b1111111111111111 +
b1101010101 <
1N
#40920000
0N
#40925000
b1111111111111111 +
b1101010110 <
1N
#40930000
0N
#40935000
b1111111111111111 +
b1101010111 <
1N
#40940000
0N
#40945000
b1111111111111111 +
b1101011000 <
1N
#40950000
0N
#40955000
b1111111111111111 +
b1101011001 <
1N
#40960000
0N
#40965000
b1111111111111111 +
b1101011010 <
1N
#40970000
0N
#40975000
b1111111111111111 +
b1101011011 <
1N
#40980000
0N
#40985000
b1111111111111111 +
b1101011100 <
1N
#40990000
0N
#40995000
b1111111111111111 +
b1101011101 <
1N
#41000000
0N
#41005000
b1111111111111111 +
b1101011110 <
1N
#41010000
0N
#41015000
1-
b1111111111111111 +
b1101011111 <
1N
#41020000
0N
#41025000
0-
b1000000000 /
b0 +
b1101100000 <
1N
#41030000
0N
#41035000
b1111111111111111 +
1N
#41040000
0N
#41045000
b1111111111111111 +
b1101100001 <
1N
#41050000
0N
#41055000
b1111111111111111 +
b1101100010 <
1N
#41060000
0N
#41065000
b1111111111111111 +
b1101100011 <
1N
#41070000
0N
#41075000
b1111111111111111 +
b1101100100 <
1N
#41080000
0N
#41085000
b1111111111111111 +
b1101100101 <
1N
#41090000
0N
#41095000
b1111111111111111 +
b1101100110 <
1N
#41100000
0N
#41105000
b1111111111111111 +
b1101100111 <
1N
#41110000
0N
#41115000
b1111111111111111 +
b1101101000 <
1N
#41120000
0N
#41125000
b1111111111111111 +
b1101101001 <
1N
#41130000
0N
#41135000
b1111111111111111 +
b1101101010 <
1N
#41140000
0N
#41145000
b1111111111111111 +
b1101101011 <
1N
#41150000
0N
#41155000
b1111111111111111 +
b1101101100 <
1N
#41160000
0N
#41165000
b1111111111111111 +
b1101101101 <
1N
#41170000
0N
#41175000
b1111111111111111 +
b1101101110 <
1N
#41180000
0N
#41185000
b1111111111111111 +
b1101101111 <
1N
#41190000
0N
#41195000
b1111111111111111 +
b1101110000 <
1N
#41200000
0N
#41205000
b1111111111111111 +
b1101110001 <
1N
#41210000
0N
#41215000
b1111111111111111 +
b1101110010 <
1N
#41220000
0N
#41225000
b1111111111111111 +
b1101110011 <
1N
#41230000
0N
#41235000
b1111111111111111 +
b1101110100 <
1N
#41240000
0N
#41245000
b1111111111111111 +
b1101110101 <
1N
#41250000
0N
#41255000
b1111111111111111 +
b1101110110 <
1N
#41260000
0N
#41265000
b1111111111111111 +
b1101110111 <
1N
#41270000
0N
#41275000
b1111111111111111 +
b1101111000 <
1N
#41280000
0N
#41285000
b1111111111111111 +
b1101111001 <
1N
#41290000
0N
#41295000
1-
b1111111111111111 +
b1101111010 <
1N
#41300000
0N
#41305000
0-
b1000010000 /
b0 +
b1101111011 <
1N
#41310000
0N
#41315000
b1111111111111111 +
1N
#41320000
0N
#41325000
b1111111111111111 +
b1101111100 <
1N
#41330000
0N
#41335000
b1111111111111111 +
b1101111101 <
1N
#41340000
0N
#41345000
b1111111111111111 +
b1101111110 <
1N
#41350000
0N
#41355000
b1111111111111111 +
b1101111111 <
1N
#41360000
0N
#41365000
b1111111111111111 +
b1110000000 <
1N
#41370000
0N
#41375000
b1111111111111111 +
b1110000001 <
1N
#41380000
0N
#41385000
b1111111111111111 +
b1110000010 <
1N
#41390000
0N
#41395000
b1111111111111111 +
b1110000011 <
1N
#41400000
0N
#41405000
b1111111111111111 +
b1110000100 <
1N
#41410000
0N
#41415000
b1111111111111111 +
b1110000101 <
1N
#41420000
0N
#41425000
b1111111111111111 +
b1110000110 <
1N
#41430000
0N
#41435000
b1111111111111111 +
b1110000111 <
1N
#41440000
0N
#41445000
b1111111111111111 +
b1110001000 <
1N
#41450000
0N
#41455000
b1111111111111111 +
b1110001001 <
1N
#41460000
0N
#41465000
b1111111111111111 +
b1110001010 <
1N
#41470000
0N
#41475000
b1111111111111111 +
b1110001011 <
1N
#41480000
0N
#41485000
b1111111111111111 +
b1110001100 <
1N
#41490000
0N
#41495000
b1111111111111111 +
b1110001101 <
1N
#41500000
0N
#41505000
b1111111111111111 +
b1110001110 <
1N
#41510000
0N
#41515000
b1111111111111111 +
b1110001111 <
1N
#41520000
0N
#41525000
b1111111111111111 +
b1110010000 <
1N
#41530000
0N
#41535000
b1111111111111111 +
b1110010001 <
1N
#41540000
0N
#41545000
b1111111111111111 +
b1110010010 <
1N
#41550000
0N
#41555000
b1111111111111111 +
b1110010011 <
1N
#41560000
0N
#41565000
b1111111111111111 +
b1110010100 <
1N
#41570000
0N
#41575000
1-
b1111111111111111 +
b1110010101 <
1N
#41580000
0N
#41585000
0-
b1000100000 /
b0 +
b1110010110 <
1N
#41590000
0N
#41595000
b1111111111111111 +
1N
#41600000
0N
#41605000
b1111111111111111 +
b1110010111 <
1N
#41610000
0N
#41615000
b1111111111111111 +
b1110011000 <
1N
#41620000
0N
#41625000
b1111111111111111 +
b1110011001 <
1N
#41630000
0N
#41635000
b1111111111111111 +
b1110011010 <
1N
#41640000
0N
#41645000
b1111111111111111 +
b1110011011 <
1N
#41650000
0N
#41655000
b1111111111111111 +
b1110011100 <
1N
#41660000
0N
#41665000
b1111111111111111 +
b1110011101 <
1N
#41670000
0N
#41675000
b1111111111111111 +
b1110011110 <
1N
#41680000
0N
#41685000
b1111111111111111 +
b1110011111 <
1N
#41690000
0N
#41695000
b1111111111111111 +
b1110100000 <
1N
#41700000
0N
#41705000
b1111111111111111 +
b1110100001 <
1N
#41710000
0N
#41715000
b1111111111111111 +
b1110100010 <
1N
#41720000
0N
#41725000
b1111111111111111 +
b1110100011 <
1N
#41730000
0N
#41735000
b1111111111111111 +
b1110100100 <
1N
#41740000
0N
#41745000
b1111111111111111 +
b1110100101 <
1N
#41750000
0N
#41755000
b1111111111111111 +
b1110100110 <
1N
#41760000
0N
#41765000
b1111111111111111 +
b1110100111 <
1N
#41770000
0N
#41775000
b1111111111111111 +
b1110101000 <
1N
#41780000
0N
#41785000
b1111111111111111 +
b1110101001 <
1N
#41790000
0N
#41795000
b1111111111111111 +
b1110101010 <
1N
#41800000
0N
#41805000
b1111111111111111 +
b1110101011 <
1N
#41810000
0N
#41815000
b1111111111111111 +
b1110101100 <
1N
#41820000
0N
#41825000
b1111111111111111 +
b1110101101 <
1N
#41830000
0N
#41835000
b1111111111111111 +
b1110101110 <
1N
#41840000
0N
#41845000
b1111111111111111 +
b1110101111 <
1N
#41850000
0N
#41855000
1-
b1111111111111111 +
b1110110000 <
1N
#41860000
0N
#41865000
0-
b1000110000 /
b0 +
b1110110001 <
1N
#41870000
0N
#41875000
b1111111111111111 +
1N
#41880000
0N
#41885000
b1111111111111111 +
b1110110010 <
1N
#41890000
0N
#41895000
b1111111111111111 +
b1110110011 <
1N
#41900000
0N
#41905000
b1111111111111111 +
b1110110100 <
1N
#41910000
0N
#41915000
b1111111111111111 +
b1110110101 <
1N
#41920000
0N
#41925000
b1111111111111111 +
b1110110110 <
1N
#41930000
0N
#41935000
b1111111111111111 +
b1110110111 <
1N
#41940000
0N
#41945000
b1111111111111111 +
b1110111000 <
1N
#41950000
0N
#41955000
b1111111111111111 +
b1110111001 <
1N
#41960000
0N
#41965000
b1111111111111111 +
b1110111010 <
1N
#41970000
0N
#41975000
b1111111111111111 +
b1110111011 <
1N
#41980000
0N
#41985000
b1111111111111111 +
b1110111100 <
1N
#41990000
0N
#41995000
b1111111111111111 +
b1110111101 <
1N
#42000000
0N
#42005000
b1111111111111111 +
b1110111110 <
1N
#42010000
0N
#42015000
b1111111111111111 +
b1110111111 <
1N
#42020000
0N
#42025000
b1111111111111111 +
b1111000000 <
1N
#42030000
0N
#42035000
b1111111111111111 +
b1111000001 <
1N
#42040000
0N
#42045000
b1111111111111111 +
b1111000010 <
1N
#42050000
0N
#42055000
b1111111111111111 +
b1111000011 <
1N
#42060000
0N
#42065000
b1111111111111111 +
b1111000100 <
1N
#42070000
0N
#42075000
b1111111111111111 +
b1111000101 <
1N
#42080000
0N
#42085000
b1111111111111111 +
b1111000110 <
1N
#42090000
0N
#42095000
b1111111111111111 +
b1111000111 <
1N
#42100000
0N
#42105000
b1111111111111111 +
b1111001000 <
1N
#42110000
0N
#42115000
b1111111111111111 +
b1111001001 <
1N
#42120000
0N
#42125000
b1111111111111111 +
b1111001010 <
1N
#42130000
0N
#42135000
1-
b1111111111111111 +
b1111001011 <
1N
#42140000
0N
#42145000
0-
b1001000000 /
b0 +
b1111001100 <
1N
#42150000
0N
#42155000
b1111111111111111 +
1N
#42160000
0N
#42165000
b1111111111111111 +
b1111001101 <
1N
#42170000
0N
#42175000
b1111111111111111 +
b1111001110 <
1N
#42180000
0N
#42185000
b1111111111111111 +
b1111001111 <
1N
#42190000
0N
#42195000
b1111111111111111 +
b1111010000 <
1N
#42200000
0N
#42205000
b1111111111111111 +
b1111010001 <
1N
#42210000
0N
#42215000
b1111111111111111 +
b1111010010 <
1N
#42220000
0N
#42225000
b1111111111111111 +
b1111010011 <
1N
#42230000
0N
#42235000
b1111111111111111 +
b1111010100 <
1N
#42240000
0N
#42245000
b1111111111111111 +
b1111010101 <
1N
#42250000
0N
#42255000
b1111111111111111 +
b1111010110 <
1N
#42260000
0N
#42265000
b1111111111111111 +
b1111010111 <
1N
#42270000
0N
#42275000
b1111111111111111 +
b1111011000 <
1N
#42280000
0N
#42285000
b1111111111111111 +
b1111011001 <
1N
#42290000
0N
#42295000
b1111111111111111 +
b1111011010 <
1N
#42300000
0N
#42305000
b1111111111111111 +
b1111011011 <
1N
#42310000
0N
#42315000
b1111111111111111 +
b1111011100 <
1N
#42320000
0N
#42325000
b1111111111111111 +
b1111011101 <
1N
#42330000
0N
#42335000
b1111111111111111 +
b1111011110 <
1N
#42340000
0N
#42345000
b1111111111111111 +
b1111011111 <
1N
#42350000
0N
#42355000
b1111111111111111 +
b1111100000 <
1N
#42360000
0N
#42365000
b1111111111111111 +
b1111100001 <
1N
#42370000
0N
#42375000
b1111111111111111 +
b1111100010 <
1N
#42380000
0N
#42385000
b1111111111111111 +
b1111100011 <
1N
#42390000
0N
#42395000
b1111111111111111 +
b1111100100 <
1N
#42400000
0N
#42405000
b1111111111111111 +
b1111100101 <
1N
#42410000
0N
#42415000
1-
b1111111111111111 +
b1111100110 <
1N
#42420000
0N
#42425000
0-
b1001010000 /
b0 +
b1111100111 <
1N
#42430000
0N
#42435000
b1111111111111111 +
1N
#42440000
0N
#42445000
b1111111111111111 +
b1111101000 <
1N
#42450000
0N
#42455000
b1111111111111111 +
b1111101001 <
1N
#42460000
0N
#42465000
b1111111111111111 +
b1111101010 <
1N
#42470000
0N
#42475000
b1111111111111111 +
b1111101011 <
1N
#42480000
0N
#42485000
b1111111111111111 +
b1111101100 <
1N
#42490000
0N
#42495000
b1111111111111111 +
b1111101101 <
1N
#42500000
0N
#42505000
b1111111111111111 +
b1111101110 <
1N
#42510000
0N
#42515000
b1111111111111111 +
b1111101111 <
1N
#42520000
0N
#42525000
b1111111111111111 +
b1111110000 <
1N
#42530000
0N
#42535000
b1111111111111111 +
b1111110001 <
1N
#42540000
0N
#42545000
b1111111111111111 +
b1111110010 <
1N
#42550000
0N
#42555000
b1111111111111111 +
b1111110011 <
1N
#42560000
0N
#42565000
b1111111111111111 +
b1111110100 <
1N
#42570000
0N
#42575000
b1111111111111111 +
b1111110101 <
1N
#42580000
0N
#42585000
b1111111111111111 +
b1111110110 <
1N
#42590000
0N
#42595000
b1111111111111111 +
b1111110111 <
1N
#42600000
0N
#42605000
b1111111111111111 +
b1111111000 <
1N
#42610000
0N
#42615000
b1111111111111111 +
b1111111001 <
1N
#42620000
0N
#42625000
b1111111111111111 +
b1111111010 <
1N
#42630000
0N
#42635000
b1111111111111111 +
b1111111011 <
1N
#42640000
0N
#42645000
b1111111111111111 +
b1111111100 <
1N
#42650000
0N
#42655000
b1111111111111111 +
b1111111101 <
1N
#42660000
0N
#42665000
b1111111111111111 +
b1111111110 <
1N
#42670000
0N
#42675000
b1111111111111111 +
b1111111111 <
1N
#42680000
0N
#42685000
b1111111111111111 +
b10000000000 <
1N
#42690000
0N
#42695000
1-
b1111111111111111 +
b10000000001 <
1N
#42700000
0N
#42705000
0-
b1001100000 /
b0 +
b10000000010 <
1N
#42710000
0N
#42715000
b1111111111111111 +
1N
#42720000
0N
#42725000
b1111111111111111 +
b10000000011 <
1N
#42730000
0N
#42735000
b1111111111111111 +
b10000000100 <
1N
#42740000
0N
#42745000
b1111111111111111 +
b10000000101 <
1N
#42750000
0N
#42755000
b1111111111111111 +
b10000000110 <
1N
#42760000
0N
#42765000
b1111111111111111 +
b10000000111 <
1N
#42770000
0N
#42775000
b1111111111111111 +
b10000001000 <
1N
#42780000
0N
#42785000
b1111111111111111 +
b10000001001 <
1N
#42790000
0N
#42795000
b1111111111111111 +
b10000001010 <
1N
#42800000
0N
#42805000
b1111111111111111 +
b10000001011 <
1N
#42810000
0N
#42815000
b1111111111111111 +
b10000001100 <
1N
#42820000
0N
#42825000
b1111111111111111 +
b10000001101 <
1N
#42830000
0N
#42835000
b1111111111111111 +
b10000001110 <
1N
#42840000
0N
#42845000
b1111111111111111 +
b10000001111 <
1N
#42850000
0N
#42855000
b1111111111111111 +
b10000010000 <
1N
#42860000
0N
#42865000
b1111111111111111 +
b10000010001 <
1N
#42870000
0N
#42875000
b1111111111111111 +
b10000010010 <
1N
#42880000
0N
#42885000
b1111111111111111 +
b10000010011 <
1N
#42890000
0N
#42895000
b1111111111111111 +
b10000010100 <
1N
#42900000
0N
#42905000
b1111111111111111 +
b10000010101 <
1N
#42910000
0N
#42915000
b1111111111111111 +
b10000010110 <
1N
#42920000
0N
#42925000
b1111111111111111 +
b10000010111 <
1N
#42930000
0N
#42935000
b1111111111111111 +
b10000011000 <
1N
#42940000
0N
#42945000
b1111111111111111 +
b10000011001 <
1N
#42950000
0N
#42955000
b1111111111111111 +
b10000011010 <
1N
#42960000
0N
#42965000
b1111111111111111 +
b10000011011 <
1N
#42970000
0N
#42975000
1-
b1111111111111111 +
b10000011100 <
1N
#42980000
0N
#42985000
0-
b1001110000 /
b0 +
b10000011101 <
1N
#42990000
0N
#42995000
b1111111111111111 +
1N
#43000000
0N
#43005000
b1111111111111111 +
b10000011110 <
1N
#43010000
0N
#43015000
b1111111111111111 +
b10000011111 <
1N
#43020000
0N
#43025000
b1111111111111111 +
b10000100000 <
1N
#43030000
0N
#43035000
b1111111111111111 +
b10000100001 <
1N
#43040000
0N
#43045000
b1111111111111111 +
b10000100010 <
1N
#43050000
0N
#43055000
b1111111111111111 +
b10000100011 <
1N
#43060000
0N
#43065000
b1111111111111111 +
b10000100100 <
1N
#43070000
0N
#43075000
b1111111111111111 +
b10000100101 <
1N
#43080000
0N
#43085000
b1111111111111111 +
b10000100110 <
1N
#43090000
0N
#43095000
b1111111111111111 +
b10000100111 <
1N
#43100000
0N
#43105000
b1111111111111111 +
b10000101000 <
1N
#43110000
0N
#43115000
b1111111111111111 +
b10000101001 <
1N
#43120000
0N
#43125000
b1111111111111111 +
b10000101010 <
1N
#43130000
0N
#43135000
b1111111111111111 +
b10000101011 <
1N
#43140000
0N
#43145000
b1111111111111111 +
b10000101100 <
1N
#43150000
0N
#43155000
b1111111111111111 +
b10000101101 <
1N
#43160000
0N
#43165000
b1111111111111111 +
b10000101110 <
1N
#43170000
0N
#43175000
b1111111111111111 +
b10000101111 <
1N
#43180000
0N
#43185000
b1111111111111111 +
b10000110000 <
1N
#43190000
0N
#43195000
b1111111111111111 +
b10000110001 <
1N
#43200000
0N
#43205000
b1111111111111111 +
b10000110010 <
1N
#43210000
0N
#43215000
b1111111111111111 +
b10000110011 <
1N
#43220000
0N
#43225000
b1111111111111111 +
b10000110100 <
1N
#43230000
0N
#43235000
b1111111111111111 +
b10000110101 <
1N
#43240000
0N
#43245000
b1111111111111111 +
b10000110110 <
1N
#43250000
0N
#43255000
1-
b1111111111111111 +
b10000110111 <
1N
#43260000
0N
#43265000
0-
b1010000000 /
b0 +
b10000111000 <
1N
#43270000
0N
#43275000
b1111111111111111 +
1N
#43280000
0N
#43285000
b1111111111111111 +
b10000111001 <
1N
#43290000
0N
#43295000
b1111111111111111 +
b10000111010 <
1N
#43300000
0N
#43305000
b1111111111111111 +
b10000111011 <
1N
#43310000
0N
#43315000
b1111111111111111 +
b10000111100 <
1N
#43320000
0N
#43325000
b1111111111111111 +
b10000111101 <
1N
#43330000
0N
#43335000
b1111111111111111 +
b10000111110 <
1N
#43340000
0N
#43345000
b1111111111111111 +
b10000111111 <
1N
#43350000
0N
#43355000
b1111111111111111 +
b10001000000 <
1N
#43360000
0N
#43365000
b1111111111111111 +
b10001000001 <
1N
#43370000
0N
#43375000
b1111111111111111 +
b10001000010 <
1N
#43380000
0N
#43385000
b1111111111111111 +
b10001000011 <
1N
#43390000
0N
#43395000
b1111111111111111 +
b10001000100 <
1N
#43400000
0N
#43405000
b1111111111111111 +
b10001000101 <
1N
#43410000
0N
#43415000
b1111111111111111 +
b10001000110 <
1N
#43420000
0N
#43425000
b1111111111111111 +
b10001000111 <
1N
#43430000
0N
#43435000
b1111111111111111 +
b10001001000 <
1N
#43440000
0N
#43445000
b1111111111111111 +
b10001001001 <
1N
#43450000
0N
#43455000
b1111111111111111 +
b10001001010 <
1N
#43460000
0N
#43465000
b1111111111111111 +
b10001001011 <
1N
#43470000
0N
#43475000
b1111111111111111 +
b10001001100 <
1N
#43480000
0N
#43485000
b1111111111111111 +
b10001001101 <
1N
#43490000
0N
#43495000
b1111111111111111 +
b10001001110 <
1N
#43500000
0N
#43505000
b1111111111111111 +
b10001001111 <
1N
#43510000
0N
#43515000
b1111111111111111 +
b10001010000 <
1N
#43520000
0N
#43525000
b1111111111111111 +
b10001010001 <
1N
#43530000
0N
#43535000
1-
b1111111111111111 +
b10001010010 <
1N
#43540000
0N
#43545000
0-
b1010010000 /
b0 +
b10001010011 <
1N
#43550000
0N
#43555000
b1111111111111111 +
1N
#43560000
0N
#43565000
b1111111111111111 +
b10001010100 <
1N
#43570000
0N
#43575000
b1111111111111111 +
b10001010101 <
1N
#43580000
0N
#43585000
b1111111111111111 +
b10001010110 <
1N
#43590000
0N
#43595000
b1111111111111111 +
b10001010111 <
1N
#43600000
0N
#43605000
b1111111111111111 +
b10001011000 <
1N
#43610000
0N
#43615000
b1111111111111111 +
b10001011001 <
1N
#43620000
0N
#43625000
b1111111111111111 +
b10001011010 <
1N
#43630000
0N
#43635000
b1111111111111111 +
b10001011011 <
1N
#43640000
0N
#43645000
b1111111111111111 +
b10001011100 <
1N
#43650000
0N
#43655000
b1111111111111111 +
b10001011101 <
1N
#43660000
0N
#43665000
b1111111111111111 +
b10001011110 <
1N
#43670000
0N
#43675000
b1111111111111111 +
b10001011111 <
1N
#43680000
0N
#43685000
b1111111111111111 +
b10001100000 <
1N
#43690000
0N
#43695000
b1111111111111111 +
b10001100001 <
1N
#43700000
0N
#43705000
b1111111111111111 +
b10001100010 <
1N
#43710000
0N
#43715000
b1111111111111111 +
b10001100011 <
1N
#43720000
0N
#43725000
b1111111111111111 +
b10001100100 <
1N
#43730000
0N
#43735000
b1111111111111111 +
b10001100101 <
1N
#43740000
0N
#43745000
b1111111111111111 +
b10001100110 <
1N
#43750000
0N
#43755000
b1111111111111111 +
b10001100111 <
1N
#43760000
0N
#43765000
b1111111111111111 +
b10001101000 <
1N
#43770000
0N
#43775000
b1111111111111111 +
b10001101001 <
1N
#43780000
0N
#43785000
b1111111111111111 +
b10001101010 <
1N
#43790000
0N
#43795000
b1111111111111111 +
b10001101011 <
1N
#43800000
0N
#43805000
b1111111111111111 +
b10001101100 <
1N
#43810000
0N
#43815000
1-
b1111111111111111 +
b10001101101 <
1N
#43820000
0N
#43825000
0-
b1010100000 /
b0 +
b10001101110 <
1N
#43830000
0N
#43835000
b1111111111111111 +
1N
#43840000
0N
#43845000
b1111111111111111 +
b10001101111 <
1N
#43850000
0N
#43855000
b1111111111111111 +
b10001110000 <
1N
#43860000
0N
#43865000
b1111111111111111 +
b10001110001 <
1N
#43870000
0N
#43875000
b1111111111111111 +
b10001110010 <
1N
#43880000
0N
#43885000
b1111111111111111 +
b10001110011 <
1N
#43890000
0N
#43895000
b1111111111111111 +
b10001110100 <
1N
#43900000
0N
#43905000
b1111111111111111 +
b10001110101 <
1N
#43910000
0N
#43915000
b1111111111111111 +
b10001110110 <
1N
#43920000
0N
#43925000
b1111111111111111 +
b10001110111 <
1N
#43930000
0N
#43935000
b1111111111111111 +
b10001111000 <
1N
#43940000
0N
#43945000
b1111111111111111 +
b10001111001 <
1N
#43950000
0N
#43955000
b1111111111111111 +
b10001111010 <
1N
#43960000
0N
#43965000
b1111111111111111 +
b10001111011 <
1N
#43970000
0N
#43975000
b1111111111111111 +
b10001111100 <
1N
#43980000
0N
#43985000
b1111111111111111 +
b10001111101 <
1N
#43990000
0N
#43995000
b1111111111111111 +
b10001111110 <
1N
#44000000
0N
#44005000
b1111111111111111 +
b10001111111 <
1N
#44010000
0N
#44015000
b1111111111111111 +
b10010000000 <
1N
#44020000
0N
#44025000
b1111111111111111 +
b10010000001 <
1N
#44030000
0N
#44035000
b1111111111111111 +
b10010000010 <
1N
#44040000
0N
#44045000
b1111111111111111 +
b10010000011 <
1N
#44050000
0N
#44055000
b1111111111111111 +
b10010000100 <
1N
#44060000
0N
#44065000
b1111111111111111 +
b10010000101 <
1N
#44070000
0N
#44075000
b1111111111111111 +
b10010000110 <
1N
#44080000
0N
#44085000
b1111111111111111 +
b10010000111 <
1N
#44090000
0N
#44095000
1-
b1111111111111111 +
b10010001000 <
1N
#44100000
0N
#44105000
0-
b1010110000 /
b0 +
b10010001001 <
1N
#44110000
0N
#44115000
b1111111111111111 +
1N
#44120000
0N
#44125000
b1111111111111111 +
b10010001010 <
1N
#44130000
0N
#44135000
b1111111111111111 +
b10010001011 <
1N
#44140000
0N
#44145000
b1111111111111111 +
b10010001100 <
1N
#44150000
0N
#44155000
b1111111111111111 +
b10010001101 <
1N
#44160000
0N
#44165000
b1111111111111111 +
b10010001110 <
1N
#44170000
0N
#44175000
b1111111111111111 +
b10010001111 <
1N
#44180000
0N
#44185000
b1111111111111111 +
b10010010000 <
1N
#44190000
0N
#44195000
b1111111111111111 +
b10010010001 <
1N
#44200000
0N
#44205000
b1111111111111111 +
b10010010010 <
1N
#44210000
0N
#44215000
b1111111111111111 +
b10010010011 <
1N
#44220000
0N
#44225000
b1111111111111111 +
b10010010100 <
1N
#44230000
0N
#44235000
b1111111111111111 +
b10010010101 <
1N
#44240000
0N
#44245000
b1111111111111111 +
b10010010110 <
1N
#44250000
0N
#44255000
b1111111111111111 +
b10010010111 <
1N
#44260000
0N
#44265000
b1111111111111111 +
b10010011000 <
1N
#44270000
0N
#44275000
b1111111111111111 +
b10010011001 <
1N
#44280000
0N
#44285000
b1111111111111111 +
b10010011010 <
1N
#44290000
0N
#44295000
b1111111111111111 +
b10010011011 <
1N
#44300000
0N
#44305000
b1111111111111111 +
b10010011100 <
1N
#44310000
0N
#44315000
b1111111111111111 +
b10010011101 <
1N
#44320000
0N
#44325000
b1111111111111111 +
b10010011110 <
1N
#44330000
0N
#44335000
b1111111111111111 +
b10010011111 <
1N
#44340000
0N
#44345000
b1111111111111111 +
b10010100000 <
1N
#44350000
0N
#44355000
b1111111111111111 +
b10010100001 <
1N
#44360000
0N
#44365000
b1111111111111111 +
b10010100010 <
1N
#44370000
0N
#44375000
1-
b1111111111111111 +
b10010100011 <
1N
#44380000
0N
#44385000
0-
b1011000000 /
b0 +
b10010100100 <
1N
#44390000
0N
#44395000
b1111111111111111 +
1N
#44400000
0N
#44405000
b1111111111111111 +
b10010100101 <
1N
#44410000
0N
#44415000
b1111111111111111 +
b10010100110 <
1N
#44420000
0N
#44425000
b1111111111111111 +
b10010100111 <
1N
#44430000
0N
#44435000
b1111111111111111 +
b10010101000 <
1N
#44440000
0N
#44445000
b1111111111111111 +
b10010101001 <
1N
#44450000
0N
#44455000
b1111111111111111 +
b10010101010 <
1N
#44460000
0N
#44465000
b1111111111111111 +
b10010101011 <
1N
#44470000
0N
#44475000
b1111111111111111 +
b10010101100 <
1N
#44480000
0N
#44485000
b1111111111111111 +
b10010101101 <
1N
#44490000
0N
#44495000
b1111111111111111 +
b10010101110 <
1N
#44500000
0N
#44505000
b1111111111111111 +
b10010101111 <
1N
#44510000
0N
#44515000
b1111111111111111 +
b10010110000 <
1N
#44520000
0N
#44525000
b1111111111111111 +
b10010110001 <
1N
#44530000
0N
#44535000
b1111111111111111 +
b10010110010 <
1N
#44540000
0N
#44545000
b1111111111111111 +
b10010110011 <
1N
#44550000
0N
#44555000
b1111111111111111 +
b10010110100 <
1N
#44560000
0N
#44565000
b1111111111111111 +
b10010110101 <
1N
#44570000
0N
#44575000
b1111111111111111 +
b10010110110 <
1N
#44580000
0N
#44585000
b1111111111111111 +
b10010110111 <
1N
#44590000
0N
#44595000
b1111111111111111 +
b10010111000 <
1N
#44600000
0N
#44605000
b1111111111111111 +
b10010111001 <
1N
#44610000
0N
#44615000
b1111111111111111 +
b10010111010 <
1N
#44620000
0N
#44625000
b1111111111111111 +
b10010111011 <
1N
#44630000
0N
#44635000
b1111111111111111 +
b10010111100 <
1N
#44640000
0N
#44645000
b1111111111111111 +
b10010111101 <
1N
#44650000
0N
#44655000
1-
b1111111111111111 +
b10010111110 <
1N
#44660000
0N
#44665000
0-
b1011010000 /
b0 +
b10010111111 <
1N
#44670000
0N
#44675000
b1111111111111111 +
1N
#44680000
0N
#44685000
b1111111111111111 +
b10011000000 <
1N
#44690000
0N
#44695000
b1111111111111111 +
b10011000001 <
1N
#44700000
0N
#44705000
b1111111111111111 +
b10011000010 <
1N
#44710000
0N
#44715000
b1111111111111111 +
b10011000011 <
1N
#44720000
0N
#44725000
b1111111111111111 +
b10011000100 <
1N
#44730000
0N
#44735000
b1111111111111111 +
b10011000101 <
1N
#44740000
0N
#44745000
b1111111111111111 +
b10011000110 <
1N
#44750000
0N
#44755000
b1111111111111111 +
b10011000111 <
1N
#44760000
0N
#44765000
b1111111111111111 +
b10011001000 <
1N
#44770000
0N
#44775000
b1111111111111111 +
b10011001001 <
1N
#44780000
0N
#44785000
b1111111111111111 +
b10011001010 <
1N
#44790000
0N
#44795000
b1111111111111111 +
b10011001011 <
1N
#44800000
0N
#44805000
b1111111111111111 +
b10011001100 <
1N
#44810000
0N
#44815000
b1111111111111111 +
b10011001101 <
1N
#44820000
0N
#44825000
b1111111111111111 +
b10011001110 <
1N
#44830000
0N
#44835000
b1111111111111111 +
b10011001111 <
1N
#44840000
0N
#44845000
b1111111111111111 +
b10011010000 <
1N
#44850000
0N
#44855000
b1111111111111111 +
b10011010001 <
1N
#44860000
0N
#44865000
b1111111111111111 +
b10011010010 <
1N
#44870000
0N
#44875000
b1111111111111111 +
b10011010011 <
1N
#44880000
0N
#44885000
b1111111111111111 +
b10011010100 <
1N
#44890000
0N
#44895000
b1111111111111111 +
b10011010101 <
1N
#44900000
0N
#44905000
b1111111111111111 +
b10011010110 <
1N
#44910000
0N
#44915000
b1111111111111111 +
b10011010111 <
1N
#44920000
0N
#44925000
b1111111111111111 +
b10011011000 <
1N
#44930000
0N
#44935000
1-
b1111111111111111 +
b10011011001 <
1N
#44940000
0N
#44945000
0-
b1011100000 /
b0 +
b10011011010 <
1N
#44950000
0N
#44955000
b1111111111111111 +
1N
#44960000
0N
#44965000
b1111111111111111 +
b10011011011 <
1N
#44970000
0N
#44975000
b1111111111111111 +
b10011011100 <
1N
#44980000
0N
#44985000
b1111111111111111 +
b10011011101 <
1N
#44990000
0N
#44995000
b1111111111111111 +
b10011011110 <
1N
#45000000
0N
#45005000
b1111111111111111 +
b10011011111 <
1N
#45010000
0N
#45015000
b1111111111111111 +
b10011100000 <
1N
#45020000
0N
#45025000
b1111111111111111 +
b10011100001 <
1N
#45030000
0N
#45035000
b1111111111111111 +
b10011100010 <
1N
#45040000
0N
#45045000
b1111111111111111 +
b10011100011 <
1N
#45050000
0N
#45055000
b1111111111111111 +
b10011100100 <
1N
#45060000
0N
#45065000
b1111111111111111 +
b10011100101 <
1N
#45070000
0N
#45075000
b1111111111111111 +
b10011100110 <
1N
#45080000
0N
#45085000
b1111111111111111 +
b10011100111 <
1N
#45090000
0N
#45095000
b1111111111111111 +
b10011101000 <
1N
#45100000
0N
#45105000
b1111111111111111 +
b10011101001 <
1N
#45110000
0N
#45115000
b1111111111111111 +
b10011101010 <
1N
#45120000
0N
#45125000
b1111111111111111 +
b10011101011 <
1N
#45130000
0N
#45135000
b1111111111111111 +
b10011101100 <
1N
#45140000
0N
#45145000
b1111111111111111 +
b10011101101 <
1N
#45150000
0N
#45155000
b1111111111111111 +
b10011101110 <
1N
#45160000
0N
#45165000
b1111111111111111 +
b10011101111 <
1N
#45170000
0N
#45175000
b1111111111111111 +
b10011110000 <
1N
#45180000
0N
#45185000
b1111111111111111 +
b10011110001 <
1N
#45190000
0N
#45195000
b1111111111111111 +
b10011110010 <
1N
#45200000
0N
#45205000
b1111111111111111 +
b10011110011 <
1N
#45210000
0N
#45215000
1-
b1111111111111111 +
b10011110100 <
1N
#45220000
0N
#45225000
0-
b1011110000 /
b0 +
b10011110101 <
1N
#45230000
0N
#45235000
b1111111111111111 +
1N
#45240000
0N
#45245000
b1111111111111111 +
b10011110110 <
1N
#45250000
0N
#45255000
b1111111111111111 +
b10011110111 <
1N
#45260000
0N
#45265000
b1111111111111111 +
b10011111000 <
1N
#45270000
0N
#45275000
b1111111111111111 +
b10011111001 <
1N
#45280000
0N
#45285000
b1111111111111111 +
b10011111010 <
1N
#45290000
0N
#45295000
b1111111111111111 +
b10011111011 <
1N
#45300000
0N
#45305000
b1111111111111111 +
b10011111100 <
1N
#45310000
0N
#45315000
b1111111111111111 +
b10011111101 <
1N
#45320000
0N
#45325000
b1111111111111111 +
b10011111110 <
1N
#45330000
0N
#45335000
b1111111111111111 +
b10011111111 <
1N
#45340000
0N
#45345000
b1111111111111111 +
b10100000000 <
1N
#45350000
0N
#45355000
b1111111111111111 +
b10100000001 <
1N
#45360000
0N
#45365000
b1111111111111111 +
b10100000010 <
1N
#45370000
0N
#45375000
b1111111111111111 +
b10100000011 <
1N
#45380000
0N
#45385000
b1111111111111111 +
b10100000100 <
1N
#45390000
0N
#45395000
b1111111111111111 +
b10100000101 <
1N
#45400000
0N
#45405000
b1111111111111111 +
b10100000110 <
1N
#45410000
0N
#45415000
b1111111111111111 +
b10100000111 <
1N
#45420000
0N
#45425000
b1111111111111111 +
b10100001000 <
1N
#45430000
0N
#45435000
b1111111111111111 +
b10100001001 <
1N
#45440000
0N
#45445000
b1111111111111111 +
b10100001010 <
1N
#45450000
0N
#45455000
b1111111111111111 +
b10100001011 <
1N
#45460000
0N
#45465000
b1111111111111111 +
b10100001100 <
1N
#45470000
0N
#45475000
b1111111111111111 +
b10100001101 <
1N
#45480000
0N
#45485000
b1111111111111111 +
b10100001110 <
1N
#45490000
0N
#45495000
1-
b1111111111111111 +
b10100001111 <
1N
#45500000
0N
#45505000
0-
b1100000000 /
b0 +
b10100010000 <
1N
#45510000
0N
#45515000
b1111111111111111 +
1N
#45520000
0N
#45525000
b1111111111111111 +
b10100010001 <
1N
#45530000
0N
#45535000
b1111111111111111 +
b10100010010 <
1N
#45540000
0N
#45545000
b1111111111111111 +
b10100010011 <
1N
#45550000
0N
#45555000
b1111111111111111 +
b10100010100 <
1N
#45560000
0N
#45565000
b1111111111111111 +
b10100010101 <
1N
#45570000
0N
#45575000
b1111111111111111 +
b10100010110 <
1N
#45580000
0N
#45585000
b1111111111111111 +
b10100010111 <
1N
#45590000
0N
#45595000
b1111111111111111 +
b10100011000 <
1N
#45600000
0N
#45605000
b1111111111111111 +
b10100011001 <
1N
#45610000
0N
#45615000
b1111111111111111 +
b10100011010 <
1N
#45620000
0N
#45625000
b1111111111111111 +
b10100011011 <
1N
#45630000
0N
#45635000
b1111111111111111 +
b10100011100 <
1N
#45640000
0N
#45645000
b1111111111111111 +
b10100011101 <
1N
#45650000
0N
#45655000
b1111111111111111 +
b10100011110 <
1N
#45660000
0N
#45665000
b1111111111111111 +
b10100011111 <
1N
#45670000
0N
#45675000
b1111111111111111 +
b10100100000 <
1N
#45680000
0N
#45685000
b1111111111111111 +
b10100100001 <
1N
#45690000
0N
#45695000
b1111111111111111 +
b10100100010 <
1N
#45700000
0N
#45705000
b1111111111111111 +
b10100100011 <
1N
#45710000
0N
#45715000
b1111111111111111 +
b10100100100 <
1N
#45720000
0N
#45725000
b1111111111111111 +
b10100100101 <
1N
#45730000
0N
#45735000
b1111111111111111 +
b10100100110 <
1N
#45740000
0N
#45745000
b1111111111111111 +
b10100100111 <
1N
#45750000
0N
#45755000
b1111111111111111 +
b10100101000 <
1N
#45760000
0N
#45765000
b1111111111111111 +
b10100101001 <
1N
#45770000
0N
#45775000
1-
b1111111111111111 +
b10100101010 <
1N
#45780000
0N
#45785000
0-
b1100010000 /
b0 +
b10100101011 <
1N
#45790000
0N
#45795000
b1111111111111111 +
1N
#45800000
0N
#45805000
b1111111111111111 +
b10100101100 <
1N
#45810000
0N
#45815000
b1111111111111111 +
b10100101101 <
1N
#45820000
0N
#45825000
b1111111111111111 +
b10100101110 <
1N
#45830000
0N
#45835000
b1111111111111111 +
b10100101111 <
1N
#45840000
0N
#45845000
b1111111111111111 +
b10100110000 <
1N
#45850000
0N
#45855000
b1111111111111111 +
b10100110001 <
1N
#45860000
0N
#45865000
b1111111111111111 +
b10100110010 <
1N
#45870000
0N
#45875000
b1111111111111111 +
b10100110011 <
1N
#45880000
0N
#45885000
b1111111111111111 +
b10100110100 <
1N
#45890000
0N
#45895000
b1111111111111111 +
b10100110101 <
1N
#45900000
0N
#45905000
b1111111111111111 +
b10100110110 <
1N
#45910000
0N
#45915000
b1111111111111111 +
b10100110111 <
1N
#45920000
0N
#45925000
b1111111111111111 +
b10100111000 <
1N
#45930000
0N
#45935000
b1111111111111111 +
b10100111001 <
1N
#45940000
0N
#45945000
b1111111111111111 +
b10100111010 <
1N
#45950000
0N
#45955000
b1111111111111111 +
b10100111011 <
1N
#45960000
0N
#45965000
b1111111111111111 +
b10100111100 <
1N
#45970000
0N
#45975000
b1111111111111111 +
b10100111101 <
1N
#45980000
0N
#45985000
b1111111111111111 +
b10100111110 <
1N
#45990000
0N
#45995000
b1111111111111111 +
b10100111111 <
1N
#46000000
0N
#46005000
b1111111111111111 +
b10101000000 <
1N
#46010000
0N
#46015000
b1111111111111111 +
b10101000001 <
1N
#46020000
0N
#46025000
b1111111111111111 +
b10101000010 <
1N
#46030000
0N
#46035000
b1111111111111111 +
b10101000011 <
1N
#46040000
0N
#46045000
b1111111111111111 +
b10101000100 <
1N
#46050000
0N
#46055000
1-
b1111111111111111 +
b10101000101 <
1N
#46060000
0N
#46065000
0-
b1100100000 /
b0 +
b10101000110 <
1N
#46070000
0N
#46075000
b1111111111111111 +
1N
#46080000
0N
#46085000
b1111111111111111 +
b10101000111 <
1N
#46090000
0N
#46095000
b1111111111111111 +
b10101001000 <
1N
#46100000
0N
#46105000
b1111111111111111 +
b10101001001 <
1N
#46110000
0N
#46115000
b1111111111111111 +
b10101001010 <
1N
#46120000
0N
#46125000
b1111111111111111 +
b10101001011 <
1N
#46130000
0N
#46135000
b1111111111111111 +
b10101001100 <
1N
#46140000
0N
#46145000
b1111111111111111 +
b10101001101 <
1N
#46150000
0N
#46155000
b1111111111111111 +
b10101001110 <
1N
#46160000
0N
#46165000
b1111111111111111 +
b10101001111 <
1N
#46170000
0N
#46175000
b1111111111111111 +
b10101010000 <
1N
#46180000
0N
#46185000
b1111111111111111 +
b10101010001 <
1N
#46190000
0N
#46195000
b1111111111111111 +
b10101010010 <
1N
#46200000
0N
#46205000
b1111111111111111 +
b10101010011 <
1N
#46210000
0N
#46215000
b1111111111111111 +
b10101010100 <
1N
#46220000
0N
#46225000
b1111111111111111 +
b10101010101 <
1N
#46230000
0N
#46235000
b1111111111111111 +
b10101010110 <
1N
#46240000
0N
#46245000
b1111111111111111 +
b10101010111 <
1N
#46250000
0N
#46255000
b1111111111111111 +
b10101011000 <
1N
#46260000
0N
#46265000
b1111111111111111 +
b10101011001 <
1N
#46270000
0N
#46275000
b1111111111111111 +
b10101011010 <
1N
#46280000
0N
#46285000
b1111111111111111 +
b10101011011 <
1N
#46290000
0N
#46295000
b1111111111111111 +
b10101011100 <
1N
#46300000
0N
#46305000
b1111111111111111 +
b10101011101 <
1N
#46310000
0N
#46315000
b1111111111111111 +
b10101011110 <
1N
#46320000
0N
#46325000
b1111111111111111 +
b10101011111 <
1N
#46330000
0N
#46335000
1-
b1111111111111111 +
b10101100000 <
1N
#46340000
0N
#46345000
0-
b1100110000 /
b0 +
b10101100001 <
1N
#46350000
0N
#46355000
b1111111111111111 +
1N
#46360000
0N
#46365000
b1111111111111111 +
b10101100010 <
1N
#46370000
0N
#46375000
b1111111111111111 +
b10101100011 <
1N
#46380000
0N
#46385000
b1111111111111111 +
b10101100100 <
1N
#46390000
0N
#46395000
b1111111111111111 +
b10101100101 <
1N
#46400000
0N
#46405000
b1111111111111111 +
b10101100110 <
1N
#46410000
0N
#46415000
b1111111111111111 +
b10101100111 <
1N
#46420000
0N
#46425000
b1111111111111111 +
b10101101000 <
1N
#46430000
0N
#46435000
b1111111111111111 +
b10101101001 <
1N
#46440000
0N
#46445000
b1111111111111111 +
b10101101010 <
1N
#46450000
0N
#46455000
b1111111111111111 +
b10101101011 <
1N
#46460000
0N
#46465000
b1111111111111111 +
b10101101100 <
1N
#46470000
0N
#46475000
b1111111111111111 +
b10101101101 <
1N
#46480000
0N
#46485000
b1111111111111111 +
b10101101110 <
1N
#46490000
0N
#46495000
b1111111111111111 +
b10101101111 <
1N
#46500000
0N
#46505000
b1111111111111111 +
b10101110000 <
1N
#46510000
0N
#46515000
b1111111111111111 +
b10101110001 <
1N
#46520000
0N
#46525000
b1111111111111111 +
b10101110010 <
1N
#46530000
0N
#46535000
b1111111111111111 +
b10101110011 <
1N
#46540000
0N
#46545000
b1111111111111111 +
b10101110100 <
1N
#46550000
0N
#46555000
b1111111111111111 +
b10101110101 <
1N
#46560000
0N
#46565000
b1111111111111111 +
b10101110110 <
1N
#46570000
0N
#46575000
b1111111111111111 +
b10101110111 <
1N
#46580000
0N
#46585000
b1111111111111111 +
b10101111000 <
1N
#46590000
0N
#46595000
b1111111111111111 +
b10101111001 <
1N
#46600000
0N
#46605000
b1111111111111111 +
b10101111010 <
1N
#46610000
0N
#46615000
1-
b1111111111111111 +
b10101111011 <
1N
#46620000
0N
#46625000
0-
b1101000000 /
b0 +
b10101111100 <
1N
#46630000
0N
#46635000
b1111111111111111 +
1N
#46640000
0N
#46645000
b1111111111111111 +
b10101111101 <
1N
#46650000
0N
#46655000
b1111111111111111 +
b10101111110 <
1N
#46660000
0N
#46665000
b1111111111111111 +
b10101111111 <
1N
#46670000
0N
#46675000
b1111111111111111 +
b10110000000 <
1N
#46680000
0N
#46685000
b1111111111111111 +
b10110000001 <
1N
#46690000
0N
#46695000
b1111111111111111 +
b10110000010 <
1N
#46700000
0N
#46705000
b1111111111111111 +
b10110000011 <
1N
#46710000
0N
#46715000
b1111111111111111 +
b10110000100 <
1N
#46720000
0N
#46725000
b1111111111111111 +
b10110000101 <
1N
#46730000
0N
#46735000
b1111111111111111 +
b10110000110 <
1N
#46740000
0N
#46745000
b1111111111111111 +
b10110000111 <
1N
#46750000
0N
#46755000
b1111111111111111 +
b10110001000 <
1N
#46760000
0N
#46765000
b1111111111111111 +
b10110001001 <
1N
#46770000
0N
#46775000
b1111111111111111 +
b10110001010 <
1N
#46780000
0N
#46785000
b1111111111111111 +
b10110001011 <
1N
#46790000
0N
#46795000
b1111111111111111 +
b10110001100 <
1N
#46800000
0N
#46805000
b1111111111111111 +
b10110001101 <
1N
#46810000
0N
#46815000
b1111111111111111 +
b10110001110 <
1N
#46820000
0N
#46825000
b1111111111111111 +
b10110001111 <
1N
#46830000
0N
#46835000
b1111111111111111 +
b10110010000 <
1N
#46840000
0N
#46845000
b1111111111111111 +
b10110010001 <
1N
#46850000
0N
#46855000
b1111111111111111 +
b10110010010 <
1N
#46860000
0N
#46865000
b1111111111111111 +
b10110010011 <
1N
#46870000
0N
#46875000
b1111111111111111 +
b10110010100 <
1N
#46880000
0N
#46885000
b1111111111111111 +
b10110010101 <
1N
#46890000
0N
#46895000
1-
b1111111111111111 +
b10110010110 <
1N
#46900000
0N
#46905000
0-
b1101010000 /
b0 +
b10110010111 <
1N
#46910000
0N
#46915000
b1111111111111111 +
1N
#46920000
0N
#46925000
b1111111111111111 +
b10110011000 <
1N
#46930000
0N
#46935000
b1111111111111111 +
b10110011001 <
1N
#46940000
0N
#46945000
b1111111111111111 +
b10110011010 <
1N
#46950000
0N
#46955000
b1111111111111111 +
b10110011011 <
1N
#46960000
0N
#46965000
b1111111111111111 +
b10110011100 <
1N
#46970000
0N
#46975000
b1111111111111111 +
b10110011101 <
1N
#46980000
0N
#46985000
b1111111111111111 +
b10110011110 <
1N
#46990000
0N
#46995000
b1111111111111111 +
b10110011111 <
1N
#47000000
0N
#47005000
b1111111111111111 +
b10110100000 <
1N
#47010000
0N
#47015000
b1111111111111111 +
b10110100001 <
1N
#47020000
0N
#47025000
b1111111111111111 +
b10110100010 <
1N
#47030000
0N
#47035000
b1111111111111111 +
b10110100011 <
1N
#47040000
0N
#47045000
b1111111111111111 +
b10110100100 <
1N
#47050000
0N
#47055000
b1111111111111111 +
b10110100101 <
1N
#47060000
0N
#47065000
b1111111111111111 +
b10110100110 <
1N
#47070000
0N
#47075000
b1111111111111111 +
b10110100111 <
1N
#47080000
0N
#47085000
b1111111111111111 +
b10110101000 <
1N
#47090000
0N
#47095000
b1111111111111111 +
b10110101001 <
1N
#47100000
0N
#47105000
b1111111111111111 +
b10110101010 <
1N
#47110000
0N
#47115000
b1111111111111111 +
b10110101011 <
1N
#47120000
0N
#47125000
b1111111111111111 +
b10110101100 <
1N
#47130000
0N
#47135000
b1111111111111111 +
b10110101101 <
1N
#47140000
0N
#47145000
b1111111111111111 +
b10110101110 <
1N
#47150000
0N
#47155000
b1111111111111111 +
b10110101111 <
1N
#47160000
0N
#47165000
b1111111111111111 +
b10110110000 <
1N
#47170000
0N
#47175000
1-
b1111111111111111 +
b10110110001 <
1N
#47180000
0N
#47185000
0-
b1101100000 /
b0 +
b10110110010 <
1N
#47190000
0N
#47195000
b1111111111111111 +
1N
#47200000
0N
#47205000
b1111111111111111 +
b10110110011 <
1N
#47210000
0N
#47215000
b1111111111111111 +
b10110110100 <
1N
#47220000
0N
#47225000
b1111111111111111 +
b10110110101 <
1N
#47230000
0N
#47235000
b1111111111111111 +
b10110110110 <
1N
#47240000
0N
#47245000
b1111111111111111 +
b10110110111 <
1N
#47250000
0N
#47255000
b1111111111111111 +
b10110111000 <
1N
#47260000
0N
#47265000
b1111111111111111 +
b10110111001 <
1N
#47270000
0N
#47275000
b1111111111111111 +
b10110111010 <
1N
#47280000
0N
#47285000
b1111111111111111 +
b10110111011 <
1N
#47290000
0N
#47295000
b1111111111111111 +
b10110111100 <
1N
#47300000
0N
#47305000
b1111111111111111 +
b10110111101 <
1N
#47310000
0N
#47315000
b1111111111111111 +
b10110111110 <
1N
#47320000
0N
#47325000
b1111111111111111 +
b10110111111 <
1N
#47330000
0N
#47335000
b1111111111111111 +
b10111000000 <
1N
#47340000
0N
#47345000
b1111111111111111 +
b10111000001 <
1N
#47350000
0N
#47355000
b1111111111111111 +
b10111000010 <
1N
#47360000
0N
#47365000
b1111111111111111 +
b10111000011 <
1N
#47370000
0N
#47375000
b1111111111111111 +
b10111000100 <
1N
#47380000
0N
#47385000
b1111111111111111 +
b10111000101 <
1N
#47390000
0N
#47395000
b1111111111111111 +
b10111000110 <
1N
#47400000
0N
#47405000
b1111111111111111 +
b10111000111 <
1N
#47410000
0N
#47415000
b1111111111111111 +
b10111001000 <
1N
#47420000
0N
#47425000
b1111111111111111 +
b10111001001 <
1N
#47430000
0N
#47435000
b1111111111111111 +
b10111001010 <
1N
#47440000
0N
#47445000
b1111111111111111 +
b10111001011 <
1N
#47450000
0N
#47455000
1-
b1111111111111111 +
b10111001100 <
1N
#47460000
0N
#47465000
0-
b1101110000 /
b0 +
b10111001101 <
1N
#47470000
0N
#47475000
b1111111111111111 +
1N
#47480000
0N
#47485000
b1111111111111111 +
b10111001110 <
1N
#47490000
0N
#47495000
b1111111111111111 +
b10111001111 <
1N
#47500000
0N
#47505000
b1111111111111111 +
b10111010000 <
1N
#47510000
0N
#47515000
b1111111111111111 +
b10111010001 <
1N
#47520000
0N
#47525000
b1111111111111111 +
b10111010010 <
1N
#47530000
0N
#47535000
b1111111111111111 +
b10111010011 <
1N
#47540000
0N
#47545000
b1111111111111111 +
b10111010100 <
1N
#47550000
0N
#47555000
b1111111111111111 +
b10111010101 <
1N
#47560000
0N
#47565000
b1111111111111111 +
b10111010110 <
1N
#47570000
0N
#47575000
b1111111111111111 +
b10111010111 <
1N
#47580000
0N
#47585000
b1111111111111111 +
b10111011000 <
1N
#47590000
0N
#47595000
b1111111111111111 +
b10111011001 <
1N
#47600000
0N
#47605000
b1111111111111111 +
b10111011010 <
1N
#47610000
0N
#47615000
b1111111111111111 +
b10111011011 <
1N
#47620000
0N
#47625000
b1111111111111111 +
b10111011100 <
1N
#47630000
0N
#47635000
b1111111111111111 +
b10111011101 <
1N
#47640000
0N
#47645000
b1111111111111111 +
b10111011110 <
1N
#47650000
0N
#47655000
b1111111111111111 +
b10111011111 <
1N
#47660000
0N
#47665000
b1111111111111111 +
b10111100000 <
1N
#47670000
0N
#47675000
b1111111111111111 +
b10111100001 <
1N
#47680000
0N
#47685000
b1111111111111111 +
b10111100010 <
1N
#47690000
0N
#47695000
b1111111111111111 +
b10111100011 <
1N
#47700000
0N
#47705000
b1111111111111111 +
b10111100100 <
1N
#47710000
0N
#47715000
b1111111111111111 +
b10111100101 <
1N
#47720000
0N
#47725000
b1111111111111111 +
b10111100110 <
1N
#47730000
0N
#47735000
1-
b1111111111111111 +
b10111100111 <
1N
#47740000
0N
#47745000
0-
b1110000000 /
b0 +
b10111101000 <
1N
#47750000
0N
#47755000
b1111111111111111 +
1N
#47760000
0N
#47765000
b1111111111111111 +
b10111101001 <
1N
#47770000
0N
#47775000
b1111111111111111 +
b10111101010 <
1N
#47780000
0N
#47785000
b1111111111111111 +
b10111101011 <
1N
#47790000
0N
#47795000
b1111111111111111 +
b10111101100 <
1N
#47800000
0N
#47805000
b1111111111111111 +
b10111101101 <
1N
#47810000
0N
#47815000
b1111111111111111 +
b10111101110 <
1N
#47820000
0N
#47825000
b1111111111111111 +
b10111101111 <
1N
#47830000
0N
#47835000
b1111111111111111 +
b10111110000 <
1N
#47840000
0N
#47845000
b1111111111111111 +
b10111110001 <
1N
#47850000
0N
#47855000
b1111111111111111 +
b10111110010 <
1N
#47860000
0N
#47865000
b1111111111111111 +
b10111110011 <
1N
#47870000
0N
#47875000
b1111111111111111 +
b10111110100 <
1N
#47880000
0N
#47885000
b1111111111111111 +
b10111110101 <
1N
#47890000
0N
#47895000
b1111111111111111 +
b10111110110 <
1N
#47900000
0N
#47905000
b1111111111111111 +
b10111110111 <
1N
#47910000
0N
#47915000
b1111111111111111 +
b10111111000 <
1N
#47920000
0N
#47925000
b1111111111111111 +
b10111111001 <
1N
#47930000
0N
#47935000
b1111111111111111 +
b10111111010 <
1N
#47940000
0N
#47945000
b1111111111111111 +
b10111111011 <
1N
#47950000
0N
#47955000
b1111111111111111 +
b10111111100 <
1N
#47960000
0N
#47965000
b1111111111111111 +
b10111111101 <
1N
#47970000
0N
#47975000
b1111111111111111 +
b10111111110 <
1N
#47980000
0N
#47985000
b1111111111111111 +
b10111111111 <
1N
#47990000
0N
#47995000
b1111111111111111 +
b11000000000 <
1N
#48000000
0N
#48005000
b1111111111111111 +
b11000000001 <
1N
#48010000
0N
#48015000
1-
b1111111111111111 +
b11000000010 <
1N
#48020000
0N
#48025000
0-
b1110010000 /
b0 +
b11000000011 <
1N
#48030000
0N
#48035000
b1111111111111111 +
1N
#48040000
0N
#48045000
b1111111111111111 +
b11000000100 <
1N
#48050000
0N
#48055000
b1111111111111111 +
b11000000101 <
1N
#48060000
0N
#48065000
b1111111111111111 +
b11000000110 <
1N
#48070000
0N
#48075000
b1111111111111111 +
b11000000111 <
1N
#48080000
0N
#48085000
b1111111111111111 +
b11000001000 <
1N
#48090000
0N
#48095000
b1111111111111111 +
b11000001001 <
1N
#48100000
0N
#48105000
b1111111111111111 +
b11000001010 <
1N
#48110000
0N
#48115000
b1111111111111111 +
b11000001011 <
1N
#48120000
0N
#48125000
b1111111111111111 +
b11000001100 <
1N
#48130000
0N
#48135000
b1111111111111111 +
b11000001101 <
1N
#48140000
0N
#48145000
b1111111111111111 +
b11000001110 <
1N
#48150000
0N
#48155000
b1111111111111111 +
b11000001111 <
1N
#48160000
0N
#48165000
b1111111111111111 +
b11000010000 <
1N
#48170000
0N
#48175000
b1111111111111111 +
b11000010001 <
1N
#48180000
0N
#48185000
b1111111111111111 +
b11000010010 <
1N
#48190000
0N
#48195000
b1111111111111111 +
b11000010011 <
1N
#48200000
0N
#48205000
b1111111111111111 +
b11000010100 <
1N
#48210000
0N
#48215000
b1111111111111111 +
b11000010101 <
1N
#48220000
0N
#48225000
b1111111111111111 +
b11000010110 <
1N
#48230000
0N
#48235000
b1111111111111111 +
b11000010111 <
1N
#48240000
0N
#48245000
b1111111111111111 +
b11000011000 <
1N
#48250000
0N
#48255000
b1111111111111111 +
b11000011001 <
1N
#48260000
0N
#48265000
b1111111111111111 +
b11000011010 <
1N
#48270000
0N
#48275000
b1111111111111111 +
b11000011011 <
1N
#48280000
0N
#48285000
b1111111111111111 +
b11000011100 <
1N
#48290000
0N
#48295000
1-
b1111111111111111 +
b11000011101 <
1N
#48300000
0N
#48305000
0-
b1110100000 /
b0 +
b11000011110 <
1N
#48310000
0N
#48315000
b1111111111111111 +
1N
#48320000
0N
#48325000
b1111111111111111 +
b11000011111 <
1N
#48330000
0N
#48335000
b1111111111111111 +
b11000100000 <
1N
#48340000
0N
#48345000
b1111111111111111 +
b11000100001 <
1N
#48350000
0N
#48355000
b1111111111111111 +
b11000100010 <
1N
#48360000
0N
#48365000
b1111111111111111 +
b11000100011 <
1N
#48370000
0N
#48375000
b1111111111111111 +
b11000100100 <
1N
#48380000
0N
#48385000
b1111111111111111 +
b11000100101 <
1N
#48390000
0N
#48395000
b1111111111111111 +
b11000100110 <
1N
#48400000
0N
#48405000
b1111111111111111 +
b11000100111 <
1N
#48410000
0N
#48415000
b1111111111111111 +
b11000101000 <
1N
#48420000
0N
#48425000
b1111111111111111 +
b11000101001 <
1N
#48430000
0N
#48435000
b1111111111111111 +
b11000101010 <
1N
#48440000
0N
#48445000
b1111111111111111 +
b11000101011 <
1N
#48450000
0N
#48455000
b1111111111111111 +
b11000101100 <
1N
#48460000
0N
#48465000
b1111111111111111 +
b11000101101 <
1N
#48470000
0N
#48475000
b1111111111111111 +
b11000101110 <
1N
#48480000
0N
#48485000
b1111111111111111 +
b11000101111 <
1N
#48490000
0N
#48495000
b1111111111111111 +
b11000110000 <
1N
#48500000
0N
#48505000
b1111111111111111 +
b11000110001 <
1N
#48510000
0N
#48515000
b1111111111111111 +
b11000110010 <
1N
#48520000
0N
#48525000
b1111111111111111 +
b11000110011 <
1N
#48530000
0N
#48535000
b1111111111111111 +
b11000110100 <
1N
#48540000
0N
#48545000
b1111111111111111 +
b11000110101 <
1N
#48550000
0N
#48555000
b1111111111111111 +
b11000110110 <
1N
#48560000
0N
#48565000
b1111111111111111 +
b11000110111 <
1N
#48570000
0N
#48575000
1-
b1111111111111111 +
b11000111000 <
1N
#48580000
0N
#48585000
0-
b1110110000 /
b0 +
b11000111001 <
1N
#48590000
0N
#48595000
b1111111111111111 +
1N
#48600000
0N
#48605000
b1111111111111111 +
b11000111010 <
1N
#48610000
0N
#48615000
b1111111111111111 +
b11000111011 <
1N
#48620000
0N
#48625000
b1111111111111111 +
b11000111100 <
1N
#48630000
0N
#48635000
b1111111111111111 +
b11000111101 <
1N
#48640000
0N
#48645000
b1111111111111111 +
b11000111110 <
1N
#48650000
0N
#48655000
b1111111111111111 +
b11000111111 <
1N
#48660000
0N
#48665000
b1111111111111111 +
b11001000000 <
1N
#48670000
0N
#48675000
b1111111111111111 +
b11001000001 <
1N
#48680000
0N
#48685000
b1111111111111111 +
b11001000010 <
1N
#48690000
0N
#48695000
b1111111111111111 +
b11001000011 <
1N
#48700000
0N
#48705000
b1111111111111111 +
b11001000100 <
1N
#48710000
0N
#48715000
b1111111111111111 +
b11001000101 <
1N
#48720000
0N
#48725000
b1111111111111111 +
b11001000110 <
1N
#48730000
0N
#48735000
b1111111111111111 +
b11001000111 <
1N
#48740000
0N
#48745000
b1111111111111111 +
b11001001000 <
1N
#48750000
0N
#48755000
b1111111111111111 +
b11001001001 <
1N
#48760000
0N
#48765000
b1111111111111111 +
b11001001010 <
1N
#48770000
0N
#48775000
b1111111111111111 +
b11001001011 <
1N
#48780000
0N
#48785000
b1111111111111111 +
b11001001100 <
1N
#48790000
0N
#48795000
b1111111111111111 +
b11001001101 <
1N
#48800000
0N
#48805000
b1111111111111111 +
b11001001110 <
1N
#48810000
0N
#48815000
b1111111111111111 +
b11001001111 <
1N
#48820000
0N
#48825000
b1111111111111111 +
b11001010000 <
1N
#48830000
0N
#48835000
b1111111111111111 +
b11001010001 <
1N
#48840000
0N
#48845000
b1111111111111111 +
b11001010010 <
1N
#48850000
0N
#48855000
1-
b1111111111111111 +
b11001010011 <
1N
#48860000
0N
#48865000
0-
b1111000000 /
b0 +
b11001010100 <
1N
#48870000
0N
#48875000
b1111111111111111 +
1N
#48880000
0N
#48885000
b1111111111111111 +
b11001010101 <
1N
#48890000
0N
#48895000
b1111111111111111 +
b11001010110 <
1N
#48900000
0N
#48905000
b1111111111111111 +
b11001010111 <
1N
#48910000
0N
#48915000
b1111111111111111 +
b11001011000 <
1N
#48920000
0N
#48925000
b1111111111111111 +
b11001011001 <
1N
#48930000
0N
#48935000
b1111111111111111 +
b11001011010 <
1N
#48940000
0N
#48945000
b1111111111111111 +
b11001011011 <
1N
#48950000
0N
#48955000
b1111111111111111 +
b11001011100 <
1N
#48960000
0N
#48965000
b1111111111111111 +
b11001011101 <
1N
#48970000
0N
#48975000
b1111111111111111 +
b11001011110 <
1N
#48980000
0N
#48985000
b1111111111111111 +
b11001011111 <
1N
#48990000
0N
#48995000
b1111111111111111 +
b11001100000 <
1N
#49000000
0N
#49005000
b1111111111111111 +
b11001100001 <
1N
#49010000
0N
#49015000
b1111111111111111 +
b11001100010 <
1N
#49020000
0N
#49025000
b1111111111111111 +
b11001100011 <
1N
#49030000
0N
#49035000
b1111111111111111 +
b11001100100 <
1N
#49040000
0N
#49045000
b1111111111111111 +
b11001100101 <
1N
#49050000
0N
#49055000
b1111111111111111 +
b11001100110 <
1N
#49060000
0N
#49065000
b1111111111111111 +
b11001100111 <
1N
#49070000
0N
#49075000
b1111111111111111 +
b11001101000 <
1N
#49080000
0N
#49085000
b1111111111111111 +
b11001101001 <
1N
#49090000
0N
#49095000
b1111111111111111 +
b11001101010 <
1N
#49100000
0N
#49105000
b1111111111111111 +
b11001101011 <
1N
#49110000
0N
#49115000
b1111111111111111 +
b11001101100 <
1N
#49120000
0N
#49125000
b1111111111111111 +
b11001101101 <
1N
#49130000
0N
#49135000
1-
b1111111111111111 +
b11001101110 <
1N
#49140000
0N
#49145000
0-
b1111010000 /
b0 +
b11001101111 <
1N
#49150000
0N
#49155000
b1111111111111111 +
1N
#49160000
0N
#49165000
b1111111111111111 +
b11001110000 <
1N
#49170000
0N
#49175000
b1111111111111111 +
b11001110001 <
1N
#49180000
0N
#49185000
b1111111111111111 +
b11001110010 <
1N
#49190000
0N
#49195000
b1111111111111111 +
b11001110011 <
1N
#49200000
0N
#49205000
b1111111111111111 +
b11001110100 <
1N
#49210000
0N
#49215000
b1111111111111111 +
b11001110101 <
1N
#49220000
0N
#49225000
b1111111111111111 +
b11001110110 <
1N
#49230000
0N
#49235000
b1111111111111111 +
b11001110111 <
1N
#49240000
0N
#49245000
b1111111111111111 +
b11001111000 <
1N
#49250000
0N
#49255000
b1111111111111111 +
b11001111001 <
1N
#49260000
0N
#49265000
b1111111111111111 +
b11001111010 <
1N
#49270000
0N
#49275000
b1111111111111111 +
b11001111011 <
1N
#49280000
0N
#49285000
b1111111111111111 +
b11001111100 <
1N
#49290000
0N
#49295000
b1111111111111111 +
b11001111101 <
1N
#49300000
0N
#49305000
b1111111111111111 +
b11001111110 <
1N
#49310000
0N
#49315000
b1111111111111111 +
b11001111111 <
1N
#49320000
0N
#49325000
b1111111111111111 +
b11010000000 <
1N
#49330000
0N
#49335000
b1111111111111111 +
b11010000001 <
1N
#49340000
0N
#49345000
b1111111111111111 +
b11010000010 <
1N
#49350000
0N
#49355000
b1111111111111111 +
b11010000011 <
1N
#49360000
0N
#49365000
b1111111111111111 +
b11010000100 <
1N
#49370000
0N
#49375000
b1111111111111111 +
b11010000101 <
1N
#49380000
0N
#49385000
b1111111111111111 +
b11010000110 <
1N
#49390000
0N
#49395000
b1111111111111111 +
b11010000111 <
1N
#49400000
0N
#49405000
b1111111111111111 +
b11010001000 <
1N
#49410000
0N
#49415000
1-
b1111111111111111 +
b11010001001 <
1N
#49420000
0N
#49425000
0-
b1111100000 /
b0 +
b11010001010 <
1N
#49430000
0N
#49435000
b1111111111111111 +
1N
#49440000
0N
#49445000
b1111111111111111 +
b11010001011 <
1N
#49450000
0N
#49455000
b1111111111111111 +
b11010001100 <
1N
#49460000
0N
#49465000
b1111111111111111 +
b11010001101 <
1N
#49470000
0N
#49475000
b1111111111111111 +
b11010001110 <
1N
#49480000
0N
#49485000
b1111111111111111 +
b11010001111 <
1N
#49490000
0N
#49495000
b1111111111111111 +
b11010010000 <
1N
#49500000
0N
#49505000
b1111111111111111 +
b11010010001 <
1N
#49510000
0N
#49515000
b1111111111111111 +
b11010010010 <
1N
#49520000
0N
#49525000
b1111111111111111 +
b11010010011 <
1N
#49530000
0N
#49535000
b1111111111111111 +
b11010010100 <
1N
#49540000
0N
#49545000
b1111111111111111 +
b11010010101 <
1N
#49550000
0N
#49555000
b1111111111111111 +
b11010010110 <
1N
#49560000
0N
#49565000
b1111111111111111 +
b11010010111 <
1N
#49570000
0N
#49575000
b1111111111111111 +
b11010011000 <
1N
#49580000
0N
#49585000
b1111111111111111 +
b11010011001 <
1N
#49590000
0N
#49595000
b1111111111111111 +
b11010011010 <
1N
#49600000
0N
#49605000
b1111111111111111 +
b11010011011 <
1N
#49610000
0N
#49615000
b1111111111111111 +
b11010011100 <
1N
#49620000
0N
#49625000
b1111111111111111 +
b11010011101 <
1N
#49630000
0N
#49635000
b1111111111111111 +
b11010011110 <
1N
#49640000
0N
#49645000
b1111111111111111 +
b11010011111 <
1N
#49650000
0N
#49655000
b1111111111111111 +
b11010100000 <
1N
#49660000
0N
#49665000
b1111111111111111 +
b11010100001 <
1N
#49670000
0N
#49675000
b1111111111111111 +
b11010100010 <
1N
#49680000
0N
#49685000
b1111111111111111 +
b11010100011 <
1N
#49690000
0N
#49695000
1-
b1111111111111111 +
b11010100100 <
1N
#49700000
0N
#49705000
0-
b1111110000 /
b0 +
b11010100101 <
1N
#49710000
0N
#49715000
b1111111111111111 +
1N
#49720000
0N
#49725000
b1111111111111111 +
b11010100110 <
1N
#49730000
0N
#49735000
b1111111111111111 +
b11010100111 <
1N
#49740000
0N
#49745000
b1111111111111111 +
b11010101000 <
1N
#49750000
0N
#49755000
b1111111111111111 +
b11010101001 <
1N
#49760000
0N
#49765000
b1111111111111111 +
b11010101010 <
1N
#49770000
0N
#49775000
b1111111111111111 +
b11010101011 <
1N
#49780000
0N
#49785000
b1111111111111111 +
b11010101100 <
1N
#49790000
0N
#49795000
b1111111111111111 +
b11010101101 <
1N
#49800000
0N
#49805000
b1111111111111111 +
b11010101110 <
1N
#49810000
0N
#49815000
b1111111111111111 +
b11010101111 <
1N
#49820000
0N
#49825000
b1111111111111111 +
b11010110000 <
1N
#49830000
0N
#49835000
b1111111111111111 +
b11010110001 <
1N
#49840000
0N
#49845000
b1111111111111111 +
b11010110010 <
1N
#49850000
0N
#49855000
b1111111111111111 +
b11010110011 <
1N
#49860000
0N
#49865000
b1111111111111111 +
b11010110100 <
1N
#49870000
0N
#49875000
b1111111111111111 +
b11010110101 <
1N
#49880000
0N
#49885000
b1111111111111111 +
b11010110110 <
1N
#49890000
0N
#49895000
b1111111111111111 +
b11010110111 <
1N
#49900000
0N
#49905000
b1111111111111111 +
b11010111000 <
1N
#49910000
0N
#49915000
b1111111111111111 +
b11010111001 <
1N
#49920000
0N
#49925000
b1111111111111111 +
b11010111010 <
1N
#49930000
0N
#49935000
b1111111111111111 +
b11010111011 <
1N
#49940000
0N
#49945000
b1111111111111111 +
b11010111100 <
1N
#49950000
0N
#49955000
b1111111111111111 +
b11010111101 <
1N
#49960000
0N
#49965000
b1111111111111111 +
b11010111110 <
1N
#49970000
0N
#49975000
1-
b1111111111111111 +
b11010111111 <
1N
#49980000
0N
#49985000
0-
b0 +
b11011000000 <
1N
#49990000
0N
#49995000
b1100001101001011 O
1.
1;
0=
1N
#49996000
b1000000 ^
b10000000000 ]
#50000000
b1111111111111111 ,
0W
0N
#50005000
0.
0;
0M
1N
#50010000
1V
b1 U
0N
#50015000
b0 "
b0 0
b0 (
b0 #
b0 $
b0 !
b0 4
0Q
1N
#50020000
0V
0N
#50025000
1N
#50030000
1[
0N
#50035000
b10000000000000000 (
b1 !
b1 4
1N
#50040000
0[
0N
#50045000
1N
#50050000
b11 Z
1[
0N
#50055000
b100100000000000000 "
b11000000000000000 0
b1000000000000000 (
b1001 #
b11 $
b10 4
1N
#50060000
0[
0N
#50065000
1N
#50070000
b0 Z
1[
0N
#50075000
b100000000000000000 "
b10000000000000000 0
b1010101010101010 (
b10 !
b11 4
1N
#50080000
0[
0N
#50085000
1N
#50090000
b1111111111111101 Z
1[
0N
#50095000
b1001000000000000000 "
b0 0
b1000000000000000 (
b10010 #
b0 $
b100 4
1N
#50100000
0[
0N
#50105000
1N
#50110000
1S
0N
#50115000
b1001000000000000000 "
b1000000000000000 (
11
1%
b1100001111000011 T
1N
#50120000
0S
0N
#50125000
b1001000000000000000 "
b1000000000000000 (
01
0%
b100000110100 6
b1000001101000 7
13
1N
#50130000
0N
#50135000
b1111111111111111 ,
b1100001111010111 R
b1 &
b1 9
18
03
1N
#50140000
0N
#50145000
b1100001111100001 P
b101 \
b11111111111111111111111111111111 ,
b100000 ?
b1 )
08
1:
1*
b1 >
b1 '
1Q
1N
#50150000
0N
#50155000
b0 /
1=
b0 <
0:
0*
1N
#50156000
b1000000 ^
#50160000
b11111111111111111111111111111111 ,
b0 X
1W
0N
#50165000
b11111111111111111111111111111111 +
b1 L
1M
1N
#50170000
0N
#50175000
b11111111111111111111111111111111 +
b1 <
1N
#50180000
0N
#50185000
b11111111111111111111111111111111 +
b10 <
1N
#50190000
0N
#50195000
b11111111111111111111111111111111 +
b11 <
1N
#50200000
b1000000 ^
0N
#50205000
b11111111111111111111111111111111 +
b100 <
1N
#50210000
0N
#50215000
b11111111111111111111111111111111 +
b101 <
1N
#50220000
0N
#50225000
b11111111111111111111111111111111 +
b110 <
1N
#50230000
0N
#50235000
b11111111111111111111111111111111 +
b111 <
1N
#50240000
0N
#50245000
b11111111111111111111111111111111 +
b1000 <
1N
#50250000
0N
#50255000
b11111111111111111111111111111111 +
b1001 <
1N
#50260000
0N
#50265000
b11111111111111111111111111111111 +
b1010 <
1N
#50270000
0N
#50275000
b11111111111111111111111111111111 +
b1011 <
1N
#50280000
0N
#50285000
b11111111111111111111111111111111 +
b1100 <
1N
#50290000
0N
#50295000
b11111111111111111111111111111111 +
b1101 <
1N
#50300000
0N
#50305000
b11111111111111111111111111111111 +
b1110 <
1N
#50310000
0N
#50315000
b11111111111111111111111111111111 +
b1111 <
1N
#50320000
0N
#50325000
b11111111111111111111111111111111 +
b10000 <
1N
#50330000
0N
#50335000
b11111111111111111111111111111111 +
b10001 <
1N
#50340000
0N
#50345000
b11111111111111111111111111111111 +
b10010 <
1N
#50350000
0N
#50355000
b11111111111111111111111111111111 +
b10011 <
1N
#50360000
0N
#50365000
b11111111111111111111111111111111 +
b10100 <
1N
#50370000
0N
#50375000
b11111111111111111111111111111111 +
b10101 <
1N
#50380000
0N
#50385000
b11111111111111111111111111111111 +
b10110 <
1N
#50390000
0N
#50395000
b11111111111111111111111111111111 +
b10111 <
1N
#50400000
0N
#50405000
b11111111111111111111111111111111 +
b11000 <
1N
#50410000
0N
#50415000
b11111111111111111111111111111111 +
b11001 <
1N
#50420000
0N
#50425000
1-
b11111111111111111111111111111111 +
b11010 <
1N
#50430000
0N
#50435000
0-
b100000 /
b0 +
b11011 <
1N
#50440000
0N
#50445000
b11111111111111111111111111111111 +
1N
#50450000
0N
#50455000
b11111111111111111111111111111111 +
b11100 <
1N
#50460000
0N
#50465000
b11111111111111111111111111111111 +
b11101 <
1N
#50470000
0N
#50475000
b11111111111111111111111111111111 +
b11110 <
1N
#50480000
0N
#50485000
b11111111111111111111111111111111 +
b11111 <
1N
#50490000
0N
#50495000
b11111111111111111111111111111111 +
b100000 <
1N
#50500000
0N
#50505000
b11111111111111111111111111111111 +
b100001 <
1N
#50510000
0N
#50515000
b11111111111111111111111111111111 +
b100010 <
1N
#50520000
0N
#50525000
b11111111111111111111111111111111 +
b100011 <
1N
#50530000
0N
#50535000
b11111111111111111111111111111111 +
b100100 <
1N
#50540000
0N
#50545000
b11111111111111111111111111111111 +
b100101 <
1N
#50550000
0N
#50555000
b11111111111111111111111111111111 +
b100110 <
1N
#50560000
0N
#50565000
b11111111111111111111111111111111 +
b100111 <
1N
#50570000
0N
#50575000
b11111111111111111111111111111111 +
b101000 <
1N
#50580000
0N
#50585000
b11111111111111111111111111111111 +
b101001 <
1N
#50590000
0N
#50595000
b11111111111111111111111111111111 +
b101010 <
1N
#50600000
0N
#50605000
b11111111111111111111111111111111 +
b101011 <
1N
#50610000
0N
#50615000
b11111111111111111111111111111111 +
b101100 <
1N
#50620000
0N
#50625000
b11111111111111111111111111111111 +
b101101 <
1N
#50630000
0N
#50635000
b11111111111111111111111111111111 +
b101110 <
1N
#50640000
0N
#50645000
b11111111111111111111111111111111 +
b101111 <
1N
#50650000
0N
#50655000
b11111111111111111111111111111111 +
b110000 <
1N
#50660000
0N
#50665000
b11111111111111111111111111111111 +
b110001 <
1N
#50670000
0N
#50675000
b11111111111111111111111111111111 +
b110010 <
1N
#50680000
0N
#50685000
b11111111111111111111111111111111 +
b110011 <
1N
#50690000
0N
#50695000
b11111111111111111111111111111111 +
b110100 <
1N
#50700000
0N
#50705000
1-
b11111111111111111111111111111111 +
b110101 <
1N
#50710000
0N
#50715000
0-
b1000000 /
b0 +
b110110 <
1N
#50720000
0N
#50725000
b11111111111111111111111111111111 +
1N
#50730000
0N
#50735000
b11111111111111111111111111111111 +
b110111 <
1N
#50740000
0N
#50745000
b11111111111111111111111111111111 +
b111000 <
1N
#50750000
0N
#50755000
b11111111111111111111111111111111 +
b111001 <
1N
#50760000
0N
#50765000
b11111111111111111111111111111111 +
b111010 <
1N
#50770000
0N
#50775000
b11111111111111111111111111111111 +
b111011 <
1N
#50780000
0N
#50785000
b11111111111111111111111111111111 +
b111100 <
1N
#50790000
0N
#50795000
b11111111111111111111111111111111 +
b111101 <
1N
#50800000
0N
#50805000
b11111111111111111111111111111111 +
b111110 <
1N
#50810000
0N
#50815000
b11111111111111111111111111111111 +
b111111 <
1N
#50820000
0N
#50825000
b11111111111111111111111111111111 +
b1000000 <
1N
#50830000
0N
#50835000
b11111111111111111111111111111111 +
b1000001 <
1N
#50840000
0N
#50845000
b11111111111111111111111111111111 +
b1000010 <
1N
#50850000
0N
#50855000
b11111111111111111111111111111111 +
b1000011 <
1N
#50860000
0N
#50865000
b11111111111111111111111111111111 +
b1000100 <
1N
#50870000
0N
#50875000
b11111111111111111111111111111111 +
b1000101 <
1N
#50880000
0N
#50885000
b11111111111111111111111111111111 +
b1000110 <
1N
#50890000
0N
#50895000
b11111111111111111111111111111111 +
b1000111 <
1N
#50900000
0N
#50905000
b11111111111111111111111111111111 +
b1001000 <
1N
#50910000
0N
#50915000
b11111111111111111111111111111111 +
b1001001 <
1N
#50920000
0N
#50925000
b11111111111111111111111111111111 +
b1001010 <
1N
#50930000
0N
#50935000
b11111111111111111111111111111111 +
b1001011 <
1N
#50940000
0N
#50945000
b11111111111111111111111111111111 +
b1001100 <
1N
#50950000
0N
#50955000
b11111111111111111111111111111111 +
b1001101 <
1N
#50960000
0N
#50965000
b11111111111111111111111111111111 +
b1001110 <
1N
#50970000
0N
#50975000
b11111111111111111111111111111111 +
b1001111 <
1N
#50980000
0N
#50985000
1-
b11111111111111111111111111111111 +
b1010000 <
1N
#50990000
0N
#50995000
0-
b1100000 /
b0 +
b1010001 <
1N
#51000000
0N
#51005000
b11111111111111111111111111111111 +
1N
#51010000
0N
#51015000
b11111111111111111111111111111111 +
b1010010 <
1N
#51020000
0N
#51025000
b11111111111111111111111111111111 +
b1010011 <
1N
#51030000
0N
#51035000
b11111111111111111111111111111111 +
b1010100 <
1N
#51040000
0N
#51045000
b11111111111111111111111111111111 +
b1010101 <
1N
#51050000
0N
#51055000
b11111111111111111111111111111111 +
b1010110 <
1N
#51060000
0N
#51065000
b11111111111111111111111111111111 +
b1010111 <
1N
#51070000
0N
#51075000
b11111111111111111111111111111111 +
b1011000 <
1N
#51080000
0N
#51085000
b11111111111111111111111111111111 +
b1011001 <
1N
#51090000
0N
#51095000
b11111111111111111111111111111111 +
b1011010 <
1N
#51100000
0N
#51105000
b11111111111111111111111111111111 +
b1011011 <
1N
#51110000
0N
#51115000
b11111111111111111111111111111111 +
b1011100 <
1N
#51120000
0N
#51125000
b11111111111111111111111111111111 +
b1011101 <
1N
#51130000
0N
#51135000
b11111111111111111111111111111111 +
b1011110 <
1N
#51140000
0N
#51145000
b11111111111111111111111111111111 +
b1011111 <
1N
#51150000
0N
#51155000
b11111111111111111111111111111111 +
b1100000 <
1N
#51160000
0N
#51165000
b11111111111111111111111111111111 +
b1100001 <
1N
#51170000
0N
#51175000
b11111111111111111111111111111111 +
b1100010 <
1N
#51180000
0N
#51185000
b11111111111111111111111111111111 +
b1100011 <
1N
#51190000
0N
#51195000
b11111111111111111111111111111111 +
b1100100 <
1N
#51200000
0N
#51205000
b11111111111111111111111111111111 +
b1100101 <
1N
#51210000
0N
#51215000
b11111111111111111111111111111111 +
b1100110 <
1N
#51220000
0N
#51225000
b11111111111111111111111111111111 +
b1100111 <
1N
#51230000
0N
#51235000
b11111111111111111111111111111111 +
b1101000 <
1N
#51240000
0N
#51245000
b11111111111111111111111111111111 +
b1101001 <
1N
#51250000
0N
#51255000
b11111111111111111111111111111111 +
b1101010 <
1N
#51260000
0N
#51265000
1-
b11111111111111111111111111111111 +
b1101011 <
1N
#51270000
0N
#51275000
0-
b10000000 /
b0 +
b1101100 <
1N
#51280000
0N
#51285000
b11111111111111111111111111111111 +
1N
#51290000
0N
#51295000
b11111111111111111111111111111111 +
b1101101 <
1N
#51300000
0N
#51305000
b11111111111111111111111111111111 +
b1101110 <
1N
#51310000
0N
#51315000
b11111111111111111111111111111111 +
b1101111 <
1N
#51320000
0N
#51325000
b11111111111111111111111111111111 +
b1110000 <
1N
#51330000
0N
#51335000
b11111111111111111111111111111111 +
b1110001 <
1N
#51340000
0N
#51345000
b11111111111111111111111111111111 +
b1110010 <
1N
#51350000
0N
#51355000
b11111111111111111111111111111111 +
b1110011 <
1N
#51360000
0N
#51365000
b11111111111111111111111111111111 +
b1110100 <
1N
#51370000
0N
#51375000
b11111111111111111111111111111111 +
b1110101 <
1N
#51380000
0N
#51385000
b11111111111111111111111111111111 +
b1110110 <
1N
#51390000
0N
#51395000
b11111111111111111111111111111111 +
b1110111 <
1N
#51400000
0N
#51405000
b11111111111111111111111111111111 +
b1111000 <
1N
#51410000
0N
#51415000
b11111111111111111111111111111111 +
b1111001 <
1N
#51420000
0N
#51425000
b11111111111111111111111111111111 +
b1111010 <
1N
#51430000
0N
#51435000
b11111111111111111111111111111111 +
b1111011 <
1N
#51440000
0N
#51445000
b11111111111111111111111111111111 +
b1111100 <
1N
#51450000
0N
#51455000
b11111111111111111111111111111111 +
b1111101 <
1N
#51460000
0N
#51465000
b11111111111111111111111111111111 +
b1111110 <
1N
#51470000
0N
#51475000
b11111111111111111111111111111111 +
b1111111 <
1N
#51480000
0N
#51485000
b11111111111111111111111111111111 +
b10000000 <
1N
#51490000
0N
#51495000
b11111111111111111111111111111111 +
b10000001 <
1N
#51500000
0N
#51505000
b11111111111111111111111111111111 +
b10000010 <
1N
#51510000
0N
#51515000
b11111111111111111111111111111111 +
b10000011 <
1N
#51520000
0N
#51525000
b11111111111111111111111111111111 +
b10000100 <
1N
#51530000
0N
#51535000
b11111111111111111111111111111111 +
b10000101 <
1N
#51540000
0N
#51545000
1-
b11111111111111111111111111111111 +
b10000110 <
1N
#51550000
0N
#51555000
0-
b10100000 /
b0 +
b10000111 <
1N
#51560000
0N
#51565000
b11111111111111111111111111111111 +
1N
#51570000
0N
#51575000
b11111111111111111111111111111111 +
b10001000 <
1N
#51580000
0N
#51585000
b11111111111111111111111111111111 +
b10001001 <
1N
#51590000
0N
#51595000
b11111111111111111111111111111111 +
b10001010 <
1N
#51600000
0N
#51605000
b11111111111111111111111111111111 +
b10001011 <
1N
#51610000
0N
#51615000
b11111111111111111111111111111111 +
b10001100 <
1N
#51620000
0N
#51625000
b11111111111111111111111111111111 +
b10001101 <
1N
#51630000
0N
#51635000
b11111111111111111111111111111111 +
b10001110 <
1N
#51640000
0N
#51645000
b11111111111111111111111111111111 +
b10001111 <
1N
#51650000
0N
#51655000
b11111111111111111111111111111111 +
b10010000 <
1N
#51660000
0N
#51665000
b11111111111111111111111111111111 +
b10010001 <
1N
#51670000
0N
#51675000
b11111111111111111111111111111111 +
b10010010 <
1N
#51680000
0N
#51685000
b11111111111111111111111111111111 +
b10010011 <
1N
#51690000
0N
#51695000
b11111111111111111111111111111111 +
b10010100 <
1N
#51700000
0N
#51705000
b11111111111111111111111111111111 +
b10010101 <
1N
#51710000
0N
#51715000
b11111111111111111111111111111111 +
b10010110 <
1N
#51720000
0N
#51725000
b11111111111111111111111111111111 +
b10010111 <
1N
#51730000
0N
#51735000
b11111111111111111111111111111111 +
b10011000 <
1N
#51740000
0N
#51745000
b11111111111111111111111111111111 +
b10011001 <
1N
#51750000
0N
#51755000
b11111111111111111111111111111111 +
b10011010 <
1N
#51760000
0N
#51765000
b11111111111111111111111111111111 +
b10011011 <
1N
#51770000
0N
#51775000
b11111111111111111111111111111111 +
b10011100 <
1N
#51780000
0N
#51785000
b11111111111111111111111111111111 +
b10011101 <
1N
#51790000
0N
#51795000
b11111111111111111111111111111111 +
b10011110 <
1N
#51800000
0N
#51805000
b11111111111111111111111111111111 +
b10011111 <
1N
#51810000
0N
#51815000
b11111111111111111111111111111111 +
b10100000 <
1N
#51820000
0N
#51825000
1-
b11111111111111111111111111111111 +
b10100001 <
1N
#51830000
0N
#51835000
0-
b11000000 /
b0 +
b10100010 <
1N
#51840000
0N
#51845000
b11111111111111111111111111111111 +
1N
#51850000
0N
#51855000
b11111111111111111111111111111111 +
b10100011 <
1N
#51860000
0N
#51865000
b11111111111111111111111111111111 +
b10100100 <
1N
#51870000
0N
#51875000
b11111111111111111111111111111111 +
b10100101 <
1N
#51880000
0N
#51885000
b11111111111111111111111111111111 +
b10100110 <
1N
#51890000
0N
#51895000
b11111111111111111111111111111111 +
b10100111 <
1N
#51900000
0N
#51905000
b11111111111111111111111111111111 +
b10101000 <
1N
#51910000
0N
#51915000
b11111111111111111111111111111111 +
b10101001 <
1N
#51920000
0N
#51925000
b11111111111111111111111111111111 +
b10101010 <
1N
#51930000
0N
#51935000
b11111111111111111111111111111111 +
b10101011 <
1N
#51940000
0N
#51945000
b11111111111111111111111111111111 +
b10101100 <
1N
#51950000
0N
#51955000
b11111111111111111111111111111111 +
b10101101 <
1N
#51960000
0N
#51965000
b11111111111111111111111111111111 +
b10101110 <
1N
#51970000
0N
#51975000
b11111111111111111111111111111111 +
b10101111 <
1N
#51980000
0N
#51985000
b11111111111111111111111111111111 +
b10110000 <
1N
#51990000
0N
#51995000
b11111111111111111111111111111111 +
b10110001 <
1N
#52000000
0N
#52005000
b11111111111111111111111111111111 +
b10110010 <
1N
#52010000
0N
#52015000
b11111111111111111111111111111111 +
b10110011 <
1N
#52020000
0N
#52025000
b11111111111111111111111111111111 +
b10110100 <
1N
#52030000
0N
#52035000
b11111111111111111111111111111111 +
b10110101 <
1N
#52040000
0N
#52045000
b11111111111111111111111111111111 +
b10110110 <
1N
#52050000
0N
#52055000
b11111111111111111111111111111111 +
b10110111 <
1N
#52060000
0N
#52065000
b11111111111111111111111111111111 +
b10111000 <
1N
#52070000
0N
#52075000
b11111111111111111111111111111111 +
b10111001 <
1N
#52080000
0N
#52085000
b11111111111111111111111111111111 +
b10111010 <
1N
#52090000
0N
#52095000
b11111111111111111111111111111111 +
b10111011 <
1N
#52100000
0N
#52105000
1-
b11111111111111111111111111111111 +
b10111100 <
1N
#52110000
0N
#52115000
0-
b11100000 /
b0 +
b10111101 <
1N
#52120000
0N
#52125000
b11111111111111111111111111111111 +
1N
#52130000
0N
#52135000
b11111111111111111111111111111111 +
b10111110 <
1N
#52140000
0N
#52145000
b11111111111111111111111111111111 +
b10111111 <
1N
#52150000
0N
#52155000
b11111111111111111111111111111111 +
b11000000 <
1N
#52160000
0N
#52165000
b11111111111111111111111111111111 +
b11000001 <
1N
#52170000
0N
#52175000
b11111111111111111111111111111111 +
b11000010 <
1N
#52180000
0N
#52185000
b11111111111111111111111111111111 +
b11000011 <
1N
#52190000
0N
#52195000
b11111111111111111111111111111111 +
b11000100 <
1N
#52200000
0N
#52205000
b11111111111111111111111111111111 +
b11000101 <
1N
#52210000
0N
#52215000
b11111111111111111111111111111111 +
b11000110 <
1N
#52220000
0N
#52225000
b11111111111111111111111111111111 +
b11000111 <
1N
#52230000
0N
#52235000
b11111111111111111111111111111111 +
b11001000 <
1N
#52240000
0N
#52245000
b11111111111111111111111111111111 +
b11001001 <
1N
#52250000
0N
#52255000
b11111111111111111111111111111111 +
b11001010 <
1N
#52260000
0N
#52265000
b11111111111111111111111111111111 +
b11001011 <
1N
#52270000
0N
#52275000
b11111111111111111111111111111111 +
b11001100 <
1N
#52280000
0N
#52285000
b11111111111111111111111111111111 +
b11001101 <
1N
#52290000
0N
#52295000
b11111111111111111111111111111111 +
b11001110 <
1N
#52300000
0N
#52305000
b11111111111111111111111111111111 +
b11001111 <
1N
#52310000
0N
#52315000
b11111111111111111111111111111111 +
b11010000 <
1N
#52320000
0N
#52325000
b11111111111111111111111111111111 +
b11010001 <
1N
#52330000
0N
#52335000
b11111111111111111111111111111111 +
b11010010 <
1N
#52340000
0N
#52345000
b11111111111111111111111111111111 +
b11010011 <
1N
#52350000
0N
#52355000
b11111111111111111111111111111111 +
b11010100 <
1N
#52360000
0N
#52365000
b11111111111111111111111111111111 +
b11010101 <
1N
#52370000
0N
#52375000
b11111111111111111111111111111111 +
b11010110 <
1N
#52380000
0N
#52385000
1-
b11111111111111111111111111111111 +
b11010111 <
1N
#52390000
0N
#52395000
0-
b100000000 /
b0 +
b11011000 <
1N
#52400000
0N
#52405000
b11111111111111111111111111111111 +
1N
#52410000
0N
#52415000
b11111111111111111111111111111111 +
b11011001 <
1N
#52420000
0N
#52425000
b11111111111111111111111111111111 +
b11011010 <
1N
#52430000
0N
#52435000
b11111111111111111111111111111111 +
b11011011 <
1N
#52440000
0N
#52445000
b11111111111111111111111111111111 +
b11011100 <
1N
#52450000
0N
#52455000
b11111111111111111111111111111111 +
b11011101 <
1N
#52460000
0N
#52465000
b11111111111111111111111111111111 +
b11011110 <
1N
#52470000
0N
#52475000
b11111111111111111111111111111111 +
b11011111 <
1N
#52480000
0N
#52485000
b11111111111111111111111111111111 +
b11100000 <
1N
#52490000
0N
#52495000
b11111111111111111111111111111111 +
b11100001 <
1N
#52500000
0N
#52505000
b11111111111111111111111111111111 +
b11100010 <
1N
#52510000
0N
#52515000
b11111111111111111111111111111111 +
b11100011 <
1N
#52520000
0N
#52525000
b11111111111111111111111111111111 +
b11100100 <
1N
#52530000
0N
#52535000
b11111111111111111111111111111111 +
b11100101 <
1N
#52540000
0N
#52545000
b11111111111111111111111111111111 +
b11100110 <
1N
#52550000
0N
#52555000
b11111111111111111111111111111111 +
b11100111 <
1N
#52560000
0N
#52565000
b11111111111111111111111111111111 +
b11101000 <
1N
#52570000
0N
#52575000
b11111111111111111111111111111111 +
b11101001 <
1N
#52580000
0N
#52585000
b11111111111111111111111111111111 +
b11101010 <
1N
#52590000
0N
#52595000
b11111111111111111111111111111111 +
b11101011 <
1N
#52600000
0N
#52605000
b11111111111111111111111111111111 +
b11101100 <
1N
#52610000
0N
#52615000
b11111111111111111111111111111111 +
b11101101 <
1N
#52620000
0N
#52625000
b11111111111111111111111111111111 +
b11101110 <
1N
#52630000
0N
#52635000
b11111111111111111111111111111111 +
b11101111 <
1N
#52640000
0N
#52645000
b11111111111111111111111111111111 +
b11110000 <
1N
#52650000
0N
#52655000
b11111111111111111111111111111111 +
b11110001 <
1N
#52660000
0N
#52665000
1-
b11111111111111111111111111111111 +
b11110010 <
1N
#52670000
0N
#52675000
0-
b100100000 /
b0 +
b11110011 <
1N
#52680000
0N
#52685000
b11111111111111111111111111111111 +
1N
#52690000
0N
#52695000
b11111111111111111111111111111111 +
b11110100 <
1N
#52700000
0N
#52705000
b11111111111111111111111111111111 +
b11110101 <
1N
#52710000
0N
#52715000
b11111111111111111111111111111111 +
b11110110 <
1N
#52720000
0N
#52725000
b11111111111111111111111111111111 +
b11110111 <
1N
#52730000
0N
#52735000
b11111111111111111111111111111111 +
b11111000 <
1N
#52740000
0N
#52745000
b11111111111111111111111111111111 +
b11111001 <
1N
#52750000
0N
#52755000
b11111111111111111111111111111111 +
b11111010 <
1N
#52760000
0N
#52765000
b11111111111111111111111111111111 +
b11111011 <
1N
#52770000
0N
#52775000
b11111111111111111111111111111111 +
b11111100 <
1N
#52780000
0N
#52785000
b11111111111111111111111111111111 +
b11111101 <
1N
#52790000
0N
#52795000
b11111111111111111111111111111111 +
b11111110 <
1N
#52800000
0N
#52805000
b11111111111111111111111111111111 +
b11111111 <
1N
#52810000
0N
#52815000
b11111111111111111111111111111111 +
b100000000 <
1N
#52820000
0N
#52825000
b11111111111111111111111111111111 +
b100000001 <
1N
#52830000
0N
#52835000
b11111111111111111111111111111111 +
b100000010 <
1N
#52840000
0N
#52845000
b11111111111111111111111111111111 +
b100000011 <
1N
#52850000
0N
#52855000
b11111111111111111111111111111111 +
b100000100 <
1N
#52860000
0N
#52865000
b11111111111111111111111111111111 +
b100000101 <
1N
#52870000
0N
#52875000
b11111111111111111111111111111111 +
b100000110 <
1N
#52880000
0N
#52885000
b11111111111111111111111111111111 +
b100000111 <
1N
#52890000
0N
#52895000
b11111111111111111111111111111111 +
b100001000 <
1N
#52900000
0N
#52905000
b11111111111111111111111111111111 +
b100001001 <
1N
#52910000
0N
#52915000
b11111111111111111111111111111111 +
b100001010 <
1N
#52920000
0N
#52925000
b11111111111111111111111111111111 +
b100001011 <
1N
#52930000
0N
#52935000
b11111111111111111111111111111111 +
b100001100 <
1N
#52940000
0N
#52945000
1-
b11111111111111111111111111111111 +
b100001101 <
1N
#52950000
0N
#52955000
0-
b101000000 /
b0 +
b100001110 <
1N
#52960000
0N
#52965000
b11111111111111111111111111111111 +
1N
#52970000
0N
#52975000
b11111111111111111111111111111111 +
b100001111 <
1N
#52980000
0N
#52985000
b11111111111111111111111111111111 +
b100010000 <
1N
#52990000
0N
#52995000
b11111111111111111111111111111111 +
b100010001 <
1N
#53000000
0N
#53005000
b11111111111111111111111111111111 +
b100010010 <
1N
#53010000
0N
#53015000
b11111111111111111111111111111111 +
b100010011 <
1N
#53020000
0N
#53025000
b11111111111111111111111111111111 +
b100010100 <
1N
#53030000
0N
#53035000
b11111111111111111111111111111111 +
b100010101 <
1N
#53040000
0N
#53045000
b11111111111111111111111111111111 +
b100010110 <
1N
#53050000
0N
#53055000
b11111111111111111111111111111111 +
b100010111 <
1N
#53060000
0N
#53065000
b11111111111111111111111111111111 +
b100011000 <
1N
#53070000
0N
#53075000
b11111111111111111111111111111111 +
b100011001 <
1N
#53080000
0N
#53085000
b11111111111111111111111111111111 +
b100011010 <
1N
#53090000
0N
#53095000
b11111111111111111111111111111111 +
b100011011 <
1N
#53100000
0N
#53105000
b11111111111111111111111111111111 +
b100011100 <
1N
#53110000
0N
#53115000
b11111111111111111111111111111111 +
b100011101 <
1N
#53120000
0N
#53125000
b11111111111111111111111111111111 +
b100011110 <
1N
#53130000
0N
#53135000
b11111111111111111111111111111111 +
b100011111 <
1N
#53140000
0N
#53145000
b11111111111111111111111111111111 +
b100100000 <
1N
#53150000
0N
#53155000
b11111111111111111111111111111111 +
b100100001 <
1N
#53160000
0N
#53165000
b11111111111111111111111111111111 +
b100100010 <
1N
#53170000
0N
#53175000
b11111111111111111111111111111111 +
b100100011 <
1N
#53180000
0N
#53185000
b11111111111111111111111111111111 +
b100100100 <
1N
#53190000
0N
#53195000
b11111111111111111111111111111111 +
b100100101 <
1N
#53200000
0N
#53205000
b11111111111111111111111111111111 +
b100100110 <
1N
#53210000
0N
#53215000
b11111111111111111111111111111111 +
b100100111 <
1N
#53220000
0N
#53225000
1-
b11111111111111111111111111111111 +
b100101000 <
1N
#53230000
0N
#53235000
0-
b101100000 /
b0 +
b100101001 <
1N
#53240000
0N
#53245000
b11111111111111111111111111111111 +
1N
#53250000
0N
#53255000
b11111111111111111111111111111111 +
b100101010 <
1N
#53260000
0N
#53265000
b11111111111111111111111111111111 +
b100101011 <
1N
#53270000
0N
#53275000
b11111111111111111111111111111111 +
b100101100 <
1N
#53280000
0N
#53285000
b11111111111111111111111111111111 +
b100101101 <
1N
#53290000
0N
#53295000
b11111111111111111111111111111111 +
b100101110 <
1N
#53300000
0N
#53305000
b11111111111111111111111111111111 +
b100101111 <
1N
#53310000
0N
#53315000
b11111111111111111111111111111111 +
b100110000 <
1N
#53320000
0N
#53325000
b11111111111111111111111111111111 +
b100110001 <
1N
#53330000
0N
#53335000
b11111111111111111111111111111111 +
b100110010 <
1N
#53340000
0N
#53345000
b11111111111111111111111111111111 +
b100110011 <
1N
#53350000
0N
#53355000
b11111111111111111111111111111111 +
b100110100 <
1N
#53360000
0N
#53365000
b11111111111111111111111111111111 +
b100110101 <
1N
#53370000
0N
#53375000
b11111111111111111111111111111111 +
b100110110 <
1N
#53380000
0N
#53385000
b11111111111111111111111111111111 +
b100110111 <
1N
#53390000
0N
#53395000
b11111111111111111111111111111111 +
b100111000 <
1N
#53400000
0N
#53405000
b11111111111111111111111111111111 +
b100111001 <
1N
#53410000
0N
#53415000
b11111111111111111111111111111111 +
b100111010 <
1N
#53420000
0N
#53425000
b11111111111111111111111111111111 +
b100111011 <
1N
#53430000
0N
#53435000
b11111111111111111111111111111111 +
b100111100 <
1N
#53440000
0N
#53445000
b11111111111111111111111111111111 +
b100111101 <
1N
#53450000
0N
#53455000
b11111111111111111111111111111111 +
b100111110 <
1N
#53460000
0N
#53465000
b11111111111111111111111111111111 +
b100111111 <
1N
#53470000
0N
#53475000
b11111111111111111111111111111111 +
b101000000 <
1N
#53480000
0N
#53485000
b11111111111111111111111111111111 +
b101000001 <
1N
#53490000
0N
#53495000
b11111111111111111111111111111111 +
b101000010 <
1N
#53500000
0N
#53505000
1-
b11111111111111111111111111111111 +
b101000011 <
1N
#53510000
0N
#53515000
0-
b110000000 /
b0 +
b101000100 <
1N
#53520000
0N
#53525000
b11111111111111111111111111111111 +
1N
#53530000
0N
#53535000
b11111111111111111111111111111111 +
b101000101 <
1N
#53540000
0N
#53545000
b11111111111111111111111111111111 +
b101000110 <
1N
#53550000
0N
#53555000
b11111111111111111111111111111111 +
b101000111 <
1N
#53560000
0N
#53565000
b11111111111111111111111111111111 +
b101001000 <
1N
#53570000
0N
#53575000
b11111111111111111111111111111111 +
b101001001 <
1N
#53580000
0N
#53585000
b11111111111111111111111111111111 +
b101001010 <
1N
#53590000
0N
#53595000
b11111111111111111111111111111111 +
b101001011 <
1N
#53600000
0N
#53605000
b11111111111111111111111111111111 +
b101001100 <
1N
#53610000
0N
#53615000
b11111111111111111111111111111111 +
b101001101 <
1N
#53620000
0N
#53625000
b11111111111111111111111111111111 +
b101001110 <
1N
#53630000
0N
#53635000
b11111111111111111111111111111111 +
b101001111 <
1N
#53640000
0N
#53645000
b11111111111111111111111111111111 +
b101010000 <
1N
#53650000
0N
#53655000
b11111111111111111111111111111111 +
b101010001 <
1N
#53660000
0N
#53665000
b11111111111111111111111111111111 +
b101010010 <
1N
#53670000
0N
#53675000
b11111111111111111111111111111111 +
b101010011 <
1N
#53680000
0N
#53685000
b11111111111111111111111111111111 +
b101010100 <
1N
#53690000
0N
#53695000
b11111111111111111111111111111111 +
b101010101 <
1N
#53700000
0N
#53705000
b11111111111111111111111111111111 +
b101010110 <
1N
#53710000
0N
#53715000
b11111111111111111111111111111111 +
b101010111 <
1N
#53720000
0N
#53725000
b11111111111111111111111111111111 +
b101011000 <
1N
#53730000
0N
#53735000
b11111111111111111111111111111111 +
b101011001 <
1N
#53740000
0N
#53745000
b11111111111111111111111111111111 +
b101011010 <
1N
#53750000
0N
#53755000
b11111111111111111111111111111111 +
b101011011 <
1N
#53760000
0N
#53765000
b11111111111111111111111111111111 +
b101011100 <
1N
#53770000
0N
#53775000
b11111111111111111111111111111111 +
b101011101 <
1N
#53780000
0N
#53785000
1-
b11111111111111111111111111111111 +
b101011110 <
1N
#53790000
0N
#53795000
0-
b110100000 /
b0 +
b101011111 <
1N
#53800000
0N
#53805000
b11111111111111111111111111111111 +
1N
#53810000
0N
#53815000
b11111111111111111111111111111111 +
b101100000 <
1N
#53820000
0N
#53825000
b11111111111111111111111111111111 +
b101100001 <
1N
#53830000
0N
#53835000
b11111111111111111111111111111111 +
b101100010 <
1N
#53840000
0N
#53845000
b11111111111111111111111111111111 +
b101100011 <
1N
#53850000
0N
#53855000
b11111111111111111111111111111111 +
b101100100 <
1N
#53860000
0N
#53865000
b11111111111111111111111111111111 +
b101100101 <
1N
#53870000
0N
#53875000
b11111111111111111111111111111111 +
b101100110 <
1N
#53880000
0N
#53885000
b11111111111111111111111111111111 +
b101100111 <
1N
#53890000
0N
#53895000
b11111111111111111111111111111111 +
b101101000 <
1N
#53900000
0N
#53905000
b11111111111111111111111111111111 +
b101101001 <
1N
#53910000
0N
#53915000
b11111111111111111111111111111111 +
b101101010 <
1N
#53920000
0N
#53925000
b11111111111111111111111111111111 +
b101101011 <
1N
#53930000
0N
#53935000
b11111111111111111111111111111111 +
b101101100 <
1N
#53940000
0N
#53945000
b11111111111111111111111111111111 +
b101101101 <
1N
#53950000
0N
#53955000
b11111111111111111111111111111111 +
b101101110 <
1N
#53960000
0N
#53965000
b11111111111111111111111111111111 +
b101101111 <
1N
#53970000
0N
#53975000
b11111111111111111111111111111111 +
b101110000 <
1N
#53980000
0N
#53985000
b11111111111111111111111111111111 +
b101110001 <
1N
#53990000
0N
#53995000
b11111111111111111111111111111111 +
b101110010 <
1N
#54000000
0N
#54005000
b11111111111111111111111111111111 +
b101110011 <
1N
#54010000
0N
#54015000
b11111111111111111111111111111111 +
b101110100 <
1N
#54020000
0N
#54025000
b11111111111111111111111111111111 +
b101110101 <
1N
#54030000
0N
#54035000
b11111111111111111111111111111111 +
b101110110 <
1N
#54040000
0N
#54045000
b11111111111111111111111111111111 +
b101110111 <
1N
#54050000
0N
#54055000
b11111111111111111111111111111111 +
b101111000 <
1N
#54060000
0N
#54065000
1-
b11111111111111111111111111111111 +
b101111001 <
1N
#54070000
0N
#54075000
0-
b111000000 /
b0 +
b101111010 <
1N
#54080000
0N
#54085000
b11111111111111111111111111111111 +
1N
#54090000
0N
#54095000
b11111111111111111111111111111111 +
b101111011 <
1N
#54100000
0N
#54105000
b11111111111111111111111111111111 +
b101111100 <
1N
#54110000
0N
#54115000
b11111111111111111111111111111111 +
b101111101 <
1N
#54120000
0N
#54125000
b11111111111111111111111111111111 +
b101111110 <
1N
#54130000
0N
#54135000
b11111111111111111111111111111111 +
b101111111 <
1N
#54140000
0N
#54145000
b11111111111111111111111111111111 +
b110000000 <
1N
#54150000
0N
#54155000
b11111111111111111111111111111111 +
b110000001 <
1N
#54160000
0N
#54165000
b11111111111111111111111111111111 +
b110000010 <
1N
#54170000
0N
#54175000
b11111111111111111111111111111111 +
b110000011 <
1N
#54180000
0N
#54185000
b11111111111111111111111111111111 +
b110000100 <
1N
#54190000
0N
#54195000
b11111111111111111111111111111111 +
b110000101 <
1N
#54200000
0N
#54205000
b11111111111111111111111111111111 +
b110000110 <
1N
#54210000
0N
#54215000
b11111111111111111111111111111111 +
b110000111 <
1N
#54220000
0N
#54225000
b11111111111111111111111111111111 +
b110001000 <
1N
#54230000
0N
#54235000
b11111111111111111111111111111111 +
b110001001 <
1N
#54240000
0N
#54245000
b11111111111111111111111111111111 +
b110001010 <
1N
#54250000
0N
#54255000
b11111111111111111111111111111111 +
b110001011 <
1N
#54260000
0N
#54265000
b11111111111111111111111111111111 +
b110001100 <
1N
#54270000
0N
#54275000
b11111111111111111111111111111111 +
b110001101 <
1N
#54280000
0N
#54285000
b11111111111111111111111111111111 +
b110001110 <
1N
#54290000
0N
#54295000
b11111111111111111111111111111111 +
b110001111 <
1N
#54300000
0N
#54305000
b11111111111111111111111111111111 +
b110010000 <
1N
#54310000
0N
#54315000
b11111111111111111111111111111111 +
b110010001 <
1N
#54320000
0N
#54325000
b11111111111111111111111111111111 +
b110010010 <
1N
#54330000
0N
#54335000
b11111111111111111111111111111111 +
b110010011 <
1N
#54340000
0N
#54345000
1-
b11111111111111111111111111111111 +
b110010100 <
1N
#54350000
0N
#54355000
0-
b111100000 /
b0 +
b110010101 <
1N
#54360000
0N
#54365000
b11111111111111111111111111111111 +
1N
#54370000
0N
#54375000
b11111111111111111111111111111111 +
b110010110 <
1N
#54380000
0N
#54385000
b11111111111111111111111111111111 +
b110010111 <
1N
#54390000
0N
#54395000
b11111111111111111111111111111111 +
b110011000 <
1N
#54400000
0N
#54405000
b11111111111111111111111111111111 +
b110011001 <
1N
#54410000
0N
#54415000
b11111111111111111111111111111111 +
b110011010 <
1N
#54420000
0N
#54425000
b11111111111111111111111111111111 +
b110011011 <
1N
#54430000
0N
#54435000
b11111111111111111111111111111111 +
b110011100 <
1N
#54440000
0N
#54445000
b11111111111111111111111111111111 +
b110011101 <
1N
#54450000
0N
#54455000
b11111111111111111111111111111111 +
b110011110 <
1N
#54460000
0N
#54465000
b11111111111111111111111111111111 +
b110011111 <
1N
#54470000
0N
#54475000
b11111111111111111111111111111111 +
b110100000 <
1N
#54480000
0N
#54485000
b11111111111111111111111111111111 +
b110100001 <
1N
#54490000
0N
#54495000
b11111111111111111111111111111111 +
b110100010 <
1N
#54500000
0N
#54505000
b11111111111111111111111111111111 +
b110100011 <
1N
#54510000
0N
#54515000
b11111111111111111111111111111111 +
b110100100 <
1N
#54520000
0N
#54525000
b11111111111111111111111111111111 +
b110100101 <
1N
#54530000
0N
#54535000
b11111111111111111111111111111111 +
b110100110 <
1N
#54540000
0N
#54545000
b11111111111111111111111111111111 +
b110100111 <
1N
#54550000
0N
#54555000
b11111111111111111111111111111111 +
b110101000 <
1N
#54560000
0N
#54565000
b11111111111111111111111111111111 +
b110101001 <
1N
#54570000
0N
#54575000
b11111111111111111111111111111111 +
b110101010 <
1N
#54580000
0N
#54585000
b11111111111111111111111111111111 +
b110101011 <
1N
#54590000
0N
#54595000
b11111111111111111111111111111111 +
b110101100 <
1N
#54600000
0N
#54605000
b11111111111111111111111111111111 +
b110101101 <
1N
#54610000
0N
#54615000
b11111111111111111111111111111111 +
b110101110 <
1N
#54620000
0N
#54625000
1-
b11111111111111111111111111111111 +
b110101111 <
1N
#54630000
0N
#54635000
0-
b1000000000 /
b0 +
b110110000 <
1N
#54640000
0N
#54645000
b11111111111111111111111111111111 +
1N
#54650000
0N
#54655000
b11111111111111111111111111111111 +
b110110001 <
1N
#54660000
0N
#54665000
b11111111111111111111111111111111 +
b110110010 <
1N
#54670000
0N
#54675000
b11111111111111111111111111111111 +
b110110011 <
1N
#54680000
0N
#54685000
b11111111111111111111111111111111 +
b110110100 <
1N
#54690000
0N
#54695000
b11111111111111111111111111111111 +
b110110101 <
1N
#54700000
0N
#54705000
b11111111111111111111111111111111 +
b110110110 <
1N
#54710000
0N
#54715000
b11111111111111111111111111111111 +
b110110111 <
1N
#54720000
0N
#54725000
b11111111111111111111111111111111 +
b110111000 <
1N
#54730000
0N
#54735000
b11111111111111111111111111111111 +
b110111001 <
1N
#54740000
0N
#54745000
b11111111111111111111111111111111 +
b110111010 <
1N
#54750000
0N
#54755000
b11111111111111111111111111111111 +
b110111011 <
1N
#54760000
0N
#54765000
b11111111111111111111111111111111 +
b110111100 <
1N
#54770000
0N
#54775000
b11111111111111111111111111111111 +
b110111101 <
1N
#54780000
0N
#54785000
b11111111111111111111111111111111 +
b110111110 <
1N
#54790000
0N
#54795000
b11111111111111111111111111111111 +
b110111111 <
1N
#54800000
0N
#54805000
b11111111111111111111111111111111 +
b111000000 <
1N
#54810000
0N
#54815000
b11111111111111111111111111111111 +
b111000001 <
1N
#54820000
0N
#54825000
b11111111111111111111111111111111 +
b111000010 <
1N
#54830000
0N
#54835000
b11111111111111111111111111111111 +
b111000011 <
1N
#54840000
0N
#54845000
b11111111111111111111111111111111 +
b111000100 <
1N
#54850000
0N
#54855000
b11111111111111111111111111111111 +
b111000101 <
1N
#54860000
0N
#54865000
b11111111111111111111111111111111 +
b111000110 <
1N
#54870000
0N
#54875000
b11111111111111111111111111111111 +
b111000111 <
1N
#54880000
0N
#54885000
b11111111111111111111111111111111 +
b111001000 <
1N
#54890000
0N
#54895000
b11111111111111111111111111111111 +
b111001001 <
1N
#54900000
0N
#54905000
1-
b11111111111111111111111111111111 +
b111001010 <
1N
#54910000
0N
#54915000
0-
b1000100000 /
b0 +
b111001011 <
1N
#54920000
0N
#54925000
b11111111111111111111111111111111 +
1N
#54930000
0N
#54935000
b11111111111111111111111111111111 +
b111001100 <
1N
#54940000
0N
#54945000
b11111111111111111111111111111111 +
b111001101 <
1N
#54950000
0N
#54955000
b11111111111111111111111111111111 +
b111001110 <
1N
#54960000
0N
#54965000
b11111111111111111111111111111111 +
b111001111 <
1N
#54970000
0N
#54975000
b11111111111111111111111111111111 +
b111010000 <
1N
#54980000
0N
#54985000
b11111111111111111111111111111111 +
b111010001 <
1N
#54990000
0N
#54995000
b11111111111111111111111111111111 +
b111010010 <
1N
#55000000
0N
#55005000
b11111111111111111111111111111111 +
b111010011 <
1N
#55010000
0N
#55015000
b11111111111111111111111111111111 +
b111010100 <
1N
#55020000
0N
#55025000
b11111111111111111111111111111111 +
b111010101 <
1N
#55030000
0N
#55035000
b11111111111111111111111111111111 +
b111010110 <
1N
#55040000
0N
#55045000
b11111111111111111111111111111111 +
b111010111 <
1N
#55050000
0N
#55055000
b11111111111111111111111111111111 +
b111011000 <
1N
#55060000
0N
#55065000
b11111111111111111111111111111111 +
b111011001 <
1N
#55070000
0N
#55075000
b11111111111111111111111111111111 +
b111011010 <
1N
#55080000
0N
#55085000
b11111111111111111111111111111111 +
b111011011 <
1N
#55090000
0N
#55095000
b11111111111111111111111111111111 +
b111011100 <
1N
#55100000
0N
#55105000
b11111111111111111111111111111111 +
b111011101 <
1N
#55110000
0N
#55115000
b11111111111111111111111111111111 +
b111011110 <
1N
#55120000
0N
#55125000
b11111111111111111111111111111111 +
b111011111 <
1N
#55130000
0N
#55135000
b11111111111111111111111111111111 +
b111100000 <
1N
#55140000
0N
#55145000
b11111111111111111111111111111111 +
b111100001 <
1N
#55150000
0N
#55155000
b11111111111111111111111111111111 +
b111100010 <
1N
#55160000
0N
#55165000
b11111111111111111111111111111111 +
b111100011 <
1N
#55170000
0N
#55175000
b11111111111111111111111111111111 +
b111100100 <
1N
#55180000
0N
#55185000
1-
b11111111111111111111111111111111 +
b111100101 <
1N
#55190000
0N
#55195000
0-
b1001000000 /
b0 +
b111100110 <
1N
#55200000
0N
#55205000
b11111111111111111111111111111111 +
1N
#55210000
0N
#55215000
b11111111111111111111111111111111 +
b111100111 <
1N
#55220000
0N
#55225000
b11111111111111111111111111111111 +
b111101000 <
1N
#55230000
0N
#55235000
b11111111111111111111111111111111 +
b111101001 <
1N
#55240000
0N
#55245000
b11111111111111111111111111111111 +
b111101010 <
1N
#55250000
0N
#55255000
b11111111111111111111111111111111 +
b111101011 <
1N
#55260000
0N
#55265000
b11111111111111111111111111111111 +
b111101100 <
1N
#55270000
0N
#55275000
b11111111111111111111111111111111 +
b111101101 <
1N
#55280000
0N
#55285000
b11111111111111111111111111111111 +
b111101110 <
1N
#55290000
0N
#55295000
b11111111111111111111111111111111 +
b111101111 <
1N
#55300000
0N
#55305000
b11111111111111111111111111111111 +
b111110000 <
1N
#55310000
0N
#55315000
b11111111111111111111111111111111 +
b111110001 <
1N
#55320000
0N
#55325000
b11111111111111111111111111111111 +
b111110010 <
1N
#55330000
0N
#55335000
b11111111111111111111111111111111 +
b111110011 <
1N
#55340000
0N
#55345000
b11111111111111111111111111111111 +
b111110100 <
1N
#55350000
0N
#55355000
b11111111111111111111111111111111 +
b111110101 <
1N
#55360000
0N
#55365000
b11111111111111111111111111111111 +
b111110110 <
1N
#55370000
0N
#55375000
b11111111111111111111111111111111 +
b111110111 <
1N
#55380000
0N
#55385000
b11111111111111111111111111111111 +
b111111000 <
1N
#55390000
0N
#55395000
b11111111111111111111111111111111 +
b111111001 <
1N
#55400000
0N
#55405000
b11111111111111111111111111111111 +
b111111010 <
1N
#55410000
0N
#55415000
b11111111111111111111111111111111 +
b111111011 <
1N
#55420000
0N
#55425000
b11111111111111111111111111111111 +
b111111100 <
1N
#55430000
0N
#55435000
b11111111111111111111111111111111 +
b111111101 <
1N
#55440000
0N
#55445000
b11111111111111111111111111111111 +
b111111110 <
1N
#55450000
0N
#55455000
b11111111111111111111111111111111 +
b111111111 <
1N
#55460000
0N
#55465000
1-
b11111111111111111111111111111111 +
b1000000000 <
1N
#55470000
0N
#55475000
0-
b1001100000 /
b0 +
b1000000001 <
1N
#55480000
0N
#55485000
b11111111111111111111111111111111 +
1N
#55490000
0N
#55495000
b11111111111111111111111111111111 +
b1000000010 <
1N
#55500000
0N
#55505000
b11111111111111111111111111111111 +
b1000000011 <
1N
#55510000
0N
#55515000
b11111111111111111111111111111111 +
b1000000100 <
1N
#55520000
0N
#55525000
b11111111111111111111111111111111 +
b1000000101 <
1N
#55530000
0N
#55535000
b11111111111111111111111111111111 +
b1000000110 <
1N
#55540000
0N
#55545000
b11111111111111111111111111111111 +
b1000000111 <
1N
#55550000
0N
#55555000
b11111111111111111111111111111111 +
b1000001000 <
1N
#55560000
0N
#55565000
b11111111111111111111111111111111 +
b1000001001 <
1N
#55570000
0N
#55575000
b11111111111111111111111111111111 +
b1000001010 <
1N
#55580000
0N
#55585000
b11111111111111111111111111111111 +
b1000001011 <
1N
#55590000
0N
#55595000
b11111111111111111111111111111111 +
b1000001100 <
1N
#55600000
0N
#55605000
b11111111111111111111111111111111 +
b1000001101 <
1N
#55610000
0N
#55615000
b11111111111111111111111111111111 +
b1000001110 <
1N
#55620000
0N
#55625000
b11111111111111111111111111111111 +
b1000001111 <
1N
#55630000
0N
#55635000
b11111111111111111111111111111111 +
b1000010000 <
1N
#55640000
0N
#55645000
b11111111111111111111111111111111 +
b1000010001 <
1N
#55650000
0N
#55655000
b11111111111111111111111111111111 +
b1000010010 <
1N
#55660000
0N
#55665000
b11111111111111111111111111111111 +
b1000010011 <
1N
#55670000
0N
#55675000
b11111111111111111111111111111111 +
b1000010100 <
1N
#55680000
0N
#55685000
b11111111111111111111111111111111 +
b1000010101 <
1N
#55690000
0N
#55695000
b11111111111111111111111111111111 +
b1000010110 <
1N
#55700000
0N
#55705000
b11111111111111111111111111111111 +
b1000010111 <
1N
#55710000
0N
#55715000
b11111111111111111111111111111111 +
b1000011000 <
1N
#55720000
0N
#55725000
b11111111111111111111111111111111 +
b1000011001 <
1N
#55730000
0N
#55735000
b11111111111111111111111111111111 +
b1000011010 <
1N
#55740000
0N
#55745000
1-
b11111111111111111111111111111111 +
b1000011011 <
1N
#55750000
0N
#55755000
0-
b1010000000 /
b0 +
b1000011100 <
1N
#55760000
0N
#55765000
b11111111111111111111111111111111 +
1N
#55770000
0N
#55775000
b11111111111111111111111111111111 +
b1000011101 <
1N
#55780000
0N
#55785000
b11111111111111111111111111111111 +
b1000011110 <
1N
#55790000
0N
#55795000
b11111111111111111111111111111111 +
b1000011111 <
1N
#55800000
0N
#55805000
b11111111111111111111111111111111 +
b1000100000 <
1N
#55810000
0N
#55815000
b11111111111111111111111111111111 +
b1000100001 <
1N
#55820000
0N
#55825000
b11111111111111111111111111111111 +
b1000100010 <
1N
#55830000
0N
#55835000
b11111111111111111111111111111111 +
b1000100011 <
1N
#55840000
0N
#55845000
b11111111111111111111111111111111 +
b1000100100 <
1N
#55850000
0N
#55855000
b11111111111111111111111111111111 +
b1000100101 <
1N
#55860000
0N
#55865000
b11111111111111111111111111111111 +
b1000100110 <
1N
#55870000
0N
#55875000
b11111111111111111111111111111111 +
b1000100111 <
1N
#55880000
0N
#55885000
b11111111111111111111111111111111 +
b1000101000 <
1N
#55890000
0N
#55895000
b11111111111111111111111111111111 +
b1000101001 <
1N
#55900000
0N
#55905000
b11111111111111111111111111111111 +
b1000101010 <
1N
#55910000
0N
#55915000
b11111111111111111111111111111111 +
b1000101011 <
1N
#55920000
0N
#55925000
b11111111111111111111111111111111 +
b1000101100 <
1N
#55930000
0N
#55935000
b11111111111111111111111111111111 +
b1000101101 <
1N
#55940000
0N
#55945000
b11111111111111111111111111111111 +
b1000101110 <
1N
#55950000
0N
#55955000
b11111111111111111111111111111111 +
b1000101111 <
1N
#55960000
0N
#55965000
b11111111111111111111111111111111 +
b1000110000 <
1N
#55970000
0N
#55975000
b11111111111111111111111111111111 +
b1000110001 <
1N
#55980000
0N
#55985000
b11111111111111111111111111111111 +
b1000110010 <
1N
#55990000
0N
#55995000
b11111111111111111111111111111111 +
b1000110011 <
1N
#56000000
0N
#56005000
b11111111111111111111111111111111 +
b1000110100 <
1N
#56010000
0N
#56015000
b11111111111111111111111111111111 +
b1000110101 <
1N
#56020000
0N
#56025000
1-
b11111111111111111111111111111111 +
b1000110110 <
1N
#56030000
0N
#56035000
0-
b1010100000 /
b0 +
b1000110111 <
1N
#56040000
0N
#56045000
b11111111111111111111111111111111 +
1N
#56050000
0N
#56055000
b11111111111111111111111111111111 +
b1000111000 <
1N
#56060000
0N
#56065000
b11111111111111111111111111111111 +
b1000111001 <
1N
#56070000
0N
#56075000
b11111111111111111111111111111111 +
b1000111010 <
1N
#56080000
0N
#56085000
b11111111111111111111111111111111 +
b1000111011 <
1N
#56090000
0N
#56095000
b11111111111111111111111111111111 +
b1000111100 <
1N
#56100000
0N
#56105000
b11111111111111111111111111111111 +
b1000111101 <
1N
#56110000
0N
#56115000
b11111111111111111111111111111111 +
b1000111110 <
1N
#56120000
0N
#56125000
b11111111111111111111111111111111 +
b1000111111 <
1N
#56130000
0N
#56135000
b11111111111111111111111111111111 +
b1001000000 <
1N
#56140000
0N
#56145000
b11111111111111111111111111111111 +
b1001000001 <
1N
#56150000
0N
#56155000
b11111111111111111111111111111111 +
b1001000010 <
1N
#56160000
0N
#56165000
b11111111111111111111111111111111 +
b1001000011 <
1N
#56170000
0N
#56175000
b11111111111111111111111111111111 +
b1001000100 <
1N
#56180000
0N
#56185000
b11111111111111111111111111111111 +
b1001000101 <
1N
#56190000
0N
#56195000
b11111111111111111111111111111111 +
b1001000110 <
1N
#56200000
0N
#56205000
b11111111111111111111111111111111 +
b1001000111 <
1N
#56210000
0N
#56215000
b11111111111111111111111111111111 +
b1001001000 <
1N
#56220000
0N
#56225000
b11111111111111111111111111111111 +
b1001001001 <
1N
#56230000
0N
#56235000
b11111111111111111111111111111111 +
b1001001010 <
1N
#56240000
0N
#56245000
b11111111111111111111111111111111 +
b1001001011 <
1N
#56250000
0N
#56255000
b11111111111111111111111111111111 +
b1001001100 <
1N
#56260000
0N
#56265000
b11111111111111111111111111111111 +
b1001001101 <
1N
#56270000
0N
#56275000
b11111111111111111111111111111111 +
b1001001110 <
1N
#56280000
0N
#56285000
b11111111111111111111111111111111 +
b1001001111 <
1N
#56290000
0N
#56295000
b11111111111111111111111111111111 +
b1001010000 <
1N
#56300000
0N
#56305000
1-
b11111111111111111111111111111111 +
b1001010001 <
1N
#56310000
0N
#56315000
0-
b1011000000 /
b0 +
b1001010010 <
1N
#56320000
0N
#56325000
b11111111111111111111111111111111 +
1N
#56330000
0N
#56335000
b11111111111111111111111111111111 +
b1001010011 <
1N
#56340000
0N
#56345000
b11111111111111111111111111111111 +
b1001010100 <
1N
#56350000
0N
#56355000
b11111111111111111111111111111111 +
b1001010101 <
1N
#56360000
0N
#56365000
b11111111111111111111111111111111 +
b1001010110 <
1N
#56370000
0N
#56375000
b11111111111111111111111111111111 +
b1001010111 <
1N
#56380000
0N
#56385000
b11111111111111111111111111111111 +
b1001011000 <
1N
#56390000
0N
#56395000
b11111111111111111111111111111111 +
b1001011001 <
1N
#56400000
0N
#56405000
b11111111111111111111111111111111 +
b1001011010 <
1N
#56410000
0N
#56415000
b11111111111111111111111111111111 +
b1001011011 <
1N
#56420000
0N
#56425000
b11111111111111111111111111111111 +
b1001011100 <
1N
#56430000
0N
#56435000
b11111111111111111111111111111111 +
b1001011101 <
1N
#56440000
0N
#56445000
b11111111111111111111111111111111 +
b1001011110 <
1N
#56450000
0N
#56455000
b11111111111111111111111111111111 +
b1001011111 <
1N
#56460000
0N
#56465000
b11111111111111111111111111111111 +
b1001100000 <
1N
#56470000
0N
#56475000
b11111111111111111111111111111111 +
b1001100001 <
1N
#56480000
0N
#56485000
b11111111111111111111111111111111 +
b1001100010 <
1N
#56490000
0N
#56495000
b11111111111111111111111111111111 +
b1001100011 <
1N
#56500000
0N
#56505000
b11111111111111111111111111111111 +
b1001100100 <
1N
#56510000
0N
#56515000
b11111111111111111111111111111111 +
b1001100101 <
1N
#56520000
0N
#56525000
b11111111111111111111111111111111 +
b1001100110 <
1N
#56530000
0N
#56535000
b11111111111111111111111111111111 +
b1001100111 <
1N
#56540000
0N
#56545000
b11111111111111111111111111111111 +
b1001101000 <
1N
#56550000
0N
#56555000
b11111111111111111111111111111111 +
b1001101001 <
1N
#56560000
0N
#56565000
b11111111111111111111111111111111 +
b1001101010 <
1N
#56570000
0N
#56575000
b11111111111111111111111111111111 +
b1001101011 <
1N
#56580000
0N
#56585000
1-
b11111111111111111111111111111111 +
b1001101100 <
1N
#56590000
0N
#56595000
0-
b1011100000 /
b0 +
b1001101101 <
1N
#56600000
0N
#56605000
b11111111111111111111111111111111 +
1N
#56610000
0N
#56615000
b11111111111111111111111111111111 +
b1001101110 <
1N
#56620000
0N
#56625000
b11111111111111111111111111111111 +
b1001101111 <
1N
#56630000
0N
#56635000
b11111111111111111111111111111111 +
b1001110000 <
1N
#56640000
0N
#56645000
b11111111111111111111111111111111 +
b1001110001 <
1N
#56650000
0N
#56655000
b11111111111111111111111111111111 +
b1001110010 <
1N
#56660000
0N
#56665000
b11111111111111111111111111111111 +
b1001110011 <
1N
#56670000
0N
#56675000
b11111111111111111111111111111111 +
b1001110100 <
1N
#56680000
0N
#56685000
b11111111111111111111111111111111 +
b1001110101 <
1N
#56690000
0N
#56695000
b11111111111111111111111111111111 +
b1001110110 <
1N
#56700000
0N
#56705000
b11111111111111111111111111111111 +
b1001110111 <
1N
#56710000
0N
#56715000
b11111111111111111111111111111111 +
b1001111000 <
1N
#56720000
0N
#56725000
b11111111111111111111111111111111 +
b1001111001 <
1N
#56730000
0N
#56735000
b11111111111111111111111111111111 +
b1001111010 <
1N
#56740000
0N
#56745000
b11111111111111111111111111111111 +
b1001111011 <
1N
#56750000
0N
#56755000
b11111111111111111111111111111111 +
b1001111100 <
1N
#56760000
0N
#56765000
b11111111111111111111111111111111 +
b1001111101 <
1N
#56770000
0N
#56775000
b11111111111111111111111111111111 +
b1001111110 <
1N
#56780000
0N
#56785000
b11111111111111111111111111111111 +
b1001111111 <
1N
#56790000
0N
#56795000
b11111111111111111111111111111111 +
b1010000000 <
1N
#56800000
0N
#56805000
b11111111111111111111111111111111 +
b1010000001 <
1N
#56810000
0N
#56815000
b11111111111111111111111111111111 +
b1010000010 <
1N
#56820000
0N
#56825000
b11111111111111111111111111111111 +
b1010000011 <
1N
#56830000
0N
#56835000
b11111111111111111111111111111111 +
b1010000100 <
1N
#56840000
0N
#56845000
b11111111111111111111111111111111 +
b1010000101 <
1N
#56850000
0N
#56855000
b11111111111111111111111111111111 +
b1010000110 <
1N
#56860000
0N
#56865000
1-
b11111111111111111111111111111111 +
b1010000111 <
1N
#56870000
0N
#56875000
0-
b1100000000 /
b0 +
b1010001000 <
1N
#56880000
0N
#56885000
b11111111111111111111111111111111 +
1N
#56890000
0N
#56895000
b11111111111111111111111111111111 +
b1010001001 <
1N
#56900000
0N
#56905000
b11111111111111111111111111111111 +
b1010001010 <
1N
#56910000
0N
#56915000
b11111111111111111111111111111111 +
b1010001011 <
1N
#56920000
0N
#56925000
b11111111111111111111111111111111 +
b1010001100 <
1N
#56930000
0N
#56935000
b11111111111111111111111111111111 +
b1010001101 <
1N
#56940000
0N
#56945000
b11111111111111111111111111111111 +
b1010001110 <
1N
#56950000
0N
#56955000
b11111111111111111111111111111111 +
b1010001111 <
1N
#56960000
0N
#56965000
b11111111111111111111111111111111 +
b1010010000 <
1N
#56970000
0N
#56975000
b11111111111111111111111111111111 +
b1010010001 <
1N
#56980000
0N
#56985000
b11111111111111111111111111111111 +
b1010010010 <
1N
#56990000
0N
#56995000
b11111111111111111111111111111111 +
b1010010011 <
1N
#57000000
0N
#57005000
b11111111111111111111111111111111 +
b1010010100 <
1N
#57010000
0N
#57015000
b11111111111111111111111111111111 +
b1010010101 <
1N
#57020000
0N
#57025000
b11111111111111111111111111111111 +
b1010010110 <
1N
#57030000
0N
#57035000
b11111111111111111111111111111111 +
b1010010111 <
1N
#57040000
0N
#57045000
b11111111111111111111111111111111 +
b1010011000 <
1N
#57050000
0N
#57055000
b11111111111111111111111111111111 +
b1010011001 <
1N
#57060000
0N
#57065000
b11111111111111111111111111111111 +
b1010011010 <
1N
#57070000
0N
#57075000
b11111111111111111111111111111111 +
b1010011011 <
1N
#57080000
0N
#57085000
b11111111111111111111111111111111 +
b1010011100 <
1N
#57090000
0N
#57095000
b11111111111111111111111111111111 +
b1010011101 <
1N
#57100000
0N
#57105000
b11111111111111111111111111111111 +
b1010011110 <
1N
#57110000
0N
#57115000
b11111111111111111111111111111111 +
b1010011111 <
1N
#57120000
0N
#57125000
b11111111111111111111111111111111 +
b1010100000 <
1N
#57130000
0N
#57135000
b11111111111111111111111111111111 +
b1010100001 <
1N
#57140000
0N
#57145000
1-
b11111111111111111111111111111111 +
b1010100010 <
1N
#57150000
0N
#57155000
0-
b1100100000 /
b0 +
b1010100011 <
1N
#57160000
0N
#57165000
b11111111111111111111111111111111 +
1N
#57170000
0N
#57175000
b11111111111111111111111111111111 +
b1010100100 <
1N
#57180000
0N
#57185000
b11111111111111111111111111111111 +
b1010100101 <
1N
#57190000
0N
#57195000
b11111111111111111111111111111111 +
b1010100110 <
1N
#57200000
0N
#57205000
b11111111111111111111111111111111 +
b1010100111 <
1N
#57210000
0N
#57215000
b11111111111111111111111111111111 +
b1010101000 <
1N
#57220000
0N
#57225000
b11111111111111111111111111111111 +
b1010101001 <
1N
#57230000
0N
#57235000
b11111111111111111111111111111111 +
b1010101010 <
1N
#57240000
0N
#57245000
b11111111111111111111111111111111 +
b1010101011 <
1N
#57250000
0N
#57255000
b11111111111111111111111111111111 +
b1010101100 <
1N
#57260000
0N
#57265000
b11111111111111111111111111111111 +
b1010101101 <
1N
#57270000
0N
#57275000
b11111111111111111111111111111111 +
b1010101110 <
1N
#57280000
0N
#57285000
b11111111111111111111111111111111 +
b1010101111 <
1N
#57290000
0N
#57295000
b11111111111111111111111111111111 +
b1010110000 <
1N
#57300000
0N
#57305000
b11111111111111111111111111111111 +
b1010110001 <
1N
#57310000
0N
#57315000
b11111111111111111111111111111111 +
b1010110010 <
1N
#57320000
0N
#57325000
b11111111111111111111111111111111 +
b1010110011 <
1N
#57330000
0N
#57335000
b11111111111111111111111111111111 +
b1010110100 <
1N
#57340000
0N
#57345000
b11111111111111111111111111111111 +
b1010110101 <
1N
#57350000
0N
#57355000
b11111111111111111111111111111111 +
b1010110110 <
1N
#57360000
0N
#57365000
b11111111111111111111111111111111 +
b1010110111 <
1N
#57370000
0N
#57375000
b11111111111111111111111111111111 +
b1010111000 <
1N
#57380000
0N
#57385000
b11111111111111111111111111111111 +
b1010111001 <
1N
#57390000
0N
#57395000
b11111111111111111111111111111111 +
b1010111010 <
1N
#57400000
0N
#57405000
b11111111111111111111111111111111 +
b1010111011 <
1N
#57410000
0N
#57415000
b11111111111111111111111111111111 +
b1010111100 <
1N
#57420000
0N
#57425000
1-
b11111111111111111111111111111111 +
b1010111101 <
1N
#57430000
0N
#57435000
0-
b1101000000 /
b0 +
b1010111110 <
1N
#57440000
0N
#57445000
b11111111111111111111111111111111 +
1N
#57450000
0N
#57455000
b11111111111111111111111111111111 +
b1010111111 <
1N
#57460000
0N
#57465000
b11111111111111111111111111111111 +
b1011000000 <
1N
#57470000
0N
#57475000
b11111111111111111111111111111111 +
b1011000001 <
1N
#57480000
0N
#57485000
b11111111111111111111111111111111 +
b1011000010 <
1N
#57490000
0N
#57495000
b11111111111111111111111111111111 +
b1011000011 <
1N
#57500000
0N
#57505000
b11111111111111111111111111111111 +
b1011000100 <
1N
#57510000
0N
#57515000
b11111111111111111111111111111111 +
b1011000101 <
1N
#57520000
0N
#57525000
b11111111111111111111111111111111 +
b1011000110 <
1N
#57530000
0N
#57535000
b11111111111111111111111111111111 +
b1011000111 <
1N
#57540000
0N
#57545000
b11111111111111111111111111111111 +
b1011001000 <
1N
#57550000
0N
#57555000
b11111111111111111111111111111111 +
b1011001001 <
1N
#57560000
0N
#57565000
b11111111111111111111111111111111 +
b1011001010 <
1N
#57570000
0N
#57575000
b11111111111111111111111111111111 +
b1011001011 <
1N
#57580000
0N
#57585000
b11111111111111111111111111111111 +
b1011001100 <
1N
#57590000
0N
#57595000
b11111111111111111111111111111111 +
b1011001101 <
1N
#57600000
0N
#57605000
b11111111111111111111111111111111 +
b1011001110 <
1N
#57610000
0N
#57615000
b11111111111111111111111111111111 +
b1011001111 <
1N
#57620000
0N
#57625000
b11111111111111111111111111111111 +
b1011010000 <
1N
#57630000
0N
#57635000
b11111111111111111111111111111111 +
b1011010001 <
1N
#57640000
0N
#57645000
b11111111111111111111111111111111 +
b1011010010 <
1N
#57650000
0N
#57655000
b11111111111111111111111111111111 +
b1011010011 <
1N
#57660000
0N
#57665000
b11111111111111111111111111111111 +
b1011010100 <
1N
#57670000
0N
#57675000
b11111111111111111111111111111111 +
b1011010101 <
1N
#57680000
0N
#57685000
b11111111111111111111111111111111 +
b1011010110 <
1N
#57690000
0N
#57695000
b11111111111111111111111111111111 +
b1011010111 <
1N
#57700000
0N
#57705000
1-
b11111111111111111111111111111111 +
b1011011000 <
1N
#57710000
0N
#57715000
0-
b1101100000 /
b0 +
b1011011001 <
1N
#57720000
0N
#57725000
b11111111111111111111111111111111 +
1N
#57730000
0N
#57735000
b11111111111111111111111111111111 +
b1011011010 <
1N
#57740000
0N
#57745000
b11111111111111111111111111111111 +
b1011011011 <
1N
#57750000
0N
#57755000
b11111111111111111111111111111111 +
b1011011100 <
1N
#57760000
0N
#57765000
b11111111111111111111111111111111 +
b1011011101 <
1N
#57770000
0N
#57775000
b11111111111111111111111111111111 +
b1011011110 <
1N
#57780000
0N
#57785000
b11111111111111111111111111111111 +
b1011011111 <
1N
#57790000
0N
#57795000
b11111111111111111111111111111111 +
b1011100000 <
1N
#57800000
0N
#57805000
b11111111111111111111111111111111 +
b1011100001 <
1N
#57810000
0N
#57815000
b11111111111111111111111111111111 +
b1011100010 <
1N
#57820000
0N
#57825000
b11111111111111111111111111111111 +
b1011100011 <
1N
#57830000
0N
#57835000
b11111111111111111111111111111111 +
b1011100100 <
1N
#57840000
0N
#57845000
b11111111111111111111111111111111 +
b1011100101 <
1N
#57850000
0N
#57855000
b11111111111111111111111111111111 +
b1011100110 <
1N
#57860000
0N
#57865000
b11111111111111111111111111111111 +
b1011100111 <
1N
#57870000
0N
#57875000
b11111111111111111111111111111111 +
b1011101000 <
1N
#57880000
0N
#57885000
b11111111111111111111111111111111 +
b1011101001 <
1N
#57890000
0N
#57895000
b11111111111111111111111111111111 +
b1011101010 <
1N
#57900000
0N
#57905000
b11111111111111111111111111111111 +
b1011101011 <
1N
#57910000
0N
#57915000
b11111111111111111111111111111111 +
b1011101100 <
1N
#57920000
0N
#57925000
b11111111111111111111111111111111 +
b1011101101 <
1N
#57930000
0N
#57935000
b11111111111111111111111111111111 +
b1011101110 <
1N
#57940000
0N
#57945000
b11111111111111111111111111111111 +
b1011101111 <
1N
#57950000
0N
#57955000
b11111111111111111111111111111111 +
b1011110000 <
1N
#57960000
0N
#57965000
b11111111111111111111111111111111 +
b1011110001 <
1N
#57970000
0N
#57975000
b11111111111111111111111111111111 +
b1011110010 <
1N
#57980000
0N
#57985000
1-
b11111111111111111111111111111111 +
b1011110011 <
1N
#57990000
0N
#57995000
0-
b1110000000 /
b0 +
b1011110100 <
1N
#58000000
0N
#58005000
b11111111111111111111111111111111 +
1N
#58010000
0N
#58015000
b11111111111111111111111111111111 +
b1011110101 <
1N
#58020000
0N
#58025000
b11111111111111111111111111111111 +
b1011110110 <
1N
#58030000
0N
#58035000
b11111111111111111111111111111111 +
b1011110111 <
1N
#58040000
0N
#58045000
b11111111111111111111111111111111 +
b1011111000 <
1N
#58050000
0N
#58055000
b11111111111111111111111111111111 +
b1011111001 <
1N
#58060000
0N
#58065000
b11111111111111111111111111111111 +
b1011111010 <
1N
#58070000
0N
#58075000
b11111111111111111111111111111111 +
b1011111011 <
1N
#58080000
0N
#58085000
b11111111111111111111111111111111 +
b1011111100 <
1N
#58090000
0N
#58095000
b11111111111111111111111111111111 +
b1011111101 <
1N
#58100000
0N
#58105000
b11111111111111111111111111111111 +
b1011111110 <
1N
#58110000
0N
#58115000
b11111111111111111111111111111111 +
b1011111111 <
1N
#58120000
0N
#58125000
b11111111111111111111111111111111 +
b1100000000 <
1N
#58130000
0N
#58135000
b11111111111111111111111111111111 +
b1100000001 <
1N
#58140000
0N
#58145000
b11111111111111111111111111111111 +
b1100000010 <
1N
#58150000
0N
#58155000
b11111111111111111111111111111111 +
b1100000011 <
1N
#58160000
0N
#58165000
b11111111111111111111111111111111 +
b1100000100 <
1N
#58170000
0N
#58175000
b11111111111111111111111111111111 +
b1100000101 <
1N
#58180000
0N
#58185000
b11111111111111111111111111111111 +
b1100000110 <
1N
#58190000
0N
#58195000
b11111111111111111111111111111111 +
b1100000111 <
1N
#58200000
0N
#58205000
b11111111111111111111111111111111 +
b1100001000 <
1N
#58210000
0N
#58215000
b11111111111111111111111111111111 +
b1100001001 <
1N
#58220000
0N
#58225000
b11111111111111111111111111111111 +
b1100001010 <
1N
#58230000
0N
#58235000
b11111111111111111111111111111111 +
b1100001011 <
1N
#58240000
0N
#58245000
b11111111111111111111111111111111 +
b1100001100 <
1N
#58250000
0N
#58255000
b11111111111111111111111111111111 +
b1100001101 <
1N
#58260000
0N
#58265000
1-
b11111111111111111111111111111111 +
b1100001110 <
1N
#58270000
0N
#58275000
0-
b1110100000 /
b0 +
b1100001111 <
1N
#58280000
0N
#58285000
b11111111111111111111111111111111 +
1N
#58290000
0N
#58295000
b11111111111111111111111111111111 +
b1100010000 <
1N
#58300000
0N
#58305000
b11111111111111111111111111111111 +
b1100010001 <
1N
#58310000
0N
#58315000
b11111111111111111111111111111111 +
b1100010010 <
1N
#58320000
0N
#58325000
b11111111111111111111111111111111 +
b1100010011 <
1N
#58330000
0N
#58335000
b11111111111111111111111111111111 +
b1100010100 <
1N
#58340000
0N
#58345000
b11111111111111111111111111111111 +
b1100010101 <
1N
#58350000
0N
#58355000
b11111111111111111111111111111111 +
b1100010110 <
1N
#58360000
0N
#58365000
b11111111111111111111111111111111 +
b1100010111 <
1N
#58370000
0N
#58375000
b11111111111111111111111111111111 +
b1100011000 <
1N
#58380000
0N
#58385000
b11111111111111111111111111111111 +
b1100011001 <
1N
#58390000
0N
#58395000
b11111111111111111111111111111111 +
b1100011010 <
1N
#58400000
0N
#58405000
b11111111111111111111111111111111 +
b1100011011 <
1N
#58410000
0N
#58415000
b11111111111111111111111111111111 +
b1100011100 <
1N
#58420000
0N
#58425000
b11111111111111111111111111111111 +
b1100011101 <
1N
#58430000
0N
#58435000
b11111111111111111111111111111111 +
b1100011110 <
1N
#58440000
0N
#58445000
b11111111111111111111111111111111 +
b1100011111 <
1N
#58450000
0N
#58455000
b11111111111111111111111111111111 +
b1100100000 <
1N
#58460000
0N
#58465000
b11111111111111111111111111111111 +
b1100100001 <
1N
#58470000
0N
#58475000
b11111111111111111111111111111111 +
b1100100010 <
1N
#58480000
0N
#58485000
b11111111111111111111111111111111 +
b1100100011 <
1N
#58490000
0N
#58495000
b11111111111111111111111111111111 +
b1100100100 <
1N
#58500000
0N
#58505000
b11111111111111111111111111111111 +
b1100100101 <
1N
#58510000
0N
#58515000
b11111111111111111111111111111111 +
b1100100110 <
1N
#58520000
0N
#58525000
b11111111111111111111111111111111 +
b1100100111 <
1N
#58530000
0N
#58535000
b11111111111111111111111111111111 +
b1100101000 <
1N
#58540000
0N
#58545000
1-
b11111111111111111111111111111111 +
b1100101001 <
1N
#58550000
0N
#58555000
0-
b1111000000 /
b0 +
b1100101010 <
1N
#58560000
0N
#58565000
b11111111111111111111111111111111 +
1N
#58570000
0N
#58575000
b11111111111111111111111111111111 +
b1100101011 <
1N
#58580000
0N
#58585000
b11111111111111111111111111111111 +
b1100101100 <
1N
#58590000
0N
#58595000
b11111111111111111111111111111111 +
b1100101101 <
1N
#58600000
0N
#58605000
b11111111111111111111111111111111 +
b1100101110 <
1N
#58610000
0N
#58615000
b11111111111111111111111111111111 +
b1100101111 <
1N
#58620000
0N
#58625000
b11111111111111111111111111111111 +
b1100110000 <
1N
#58630000
0N
#58635000
b11111111111111111111111111111111 +
b1100110001 <
1N
#58640000
0N
#58645000
b11111111111111111111111111111111 +
b1100110010 <
1N
#58650000
0N
#58655000
b11111111111111111111111111111111 +
b1100110011 <
1N
#58660000
0N
#58665000
b11111111111111111111111111111111 +
b1100110100 <
1N
#58670000
0N
#58675000
b11111111111111111111111111111111 +
b1100110101 <
1N
#58680000
0N
#58685000
b11111111111111111111111111111111 +
b1100110110 <
1N
#58690000
0N
#58695000
b11111111111111111111111111111111 +
b1100110111 <
1N
#58700000
0N
#58705000
b11111111111111111111111111111111 +
b1100111000 <
1N
#58710000
0N
#58715000
b11111111111111111111111111111111 +
b1100111001 <
1N
#58720000
0N
#58725000
b11111111111111111111111111111111 +
b1100111010 <
1N
#58730000
0N
#58735000
b11111111111111111111111111111111 +
b1100111011 <
1N
#58740000
0N
#58745000
b11111111111111111111111111111111 +
b1100111100 <
1N
#58750000
0N
#58755000
b11111111111111111111111111111111 +
b1100111101 <
1N
#58760000
0N
#58765000
b11111111111111111111111111111111 +
b1100111110 <
1N
#58770000
0N
#58775000
b11111111111111111111111111111111 +
b1100111111 <
1N
#58780000
0N
#58785000
b11111111111111111111111111111111 +
b1101000000 <
1N
#58790000
0N
#58795000
b11111111111111111111111111111111 +
b1101000001 <
1N
#58800000
0N
#58805000
b11111111111111111111111111111111 +
b1101000010 <
1N
#58810000
0N
#58815000
b11111111111111111111111111111111 +
b1101000011 <
1N
#58820000
0N
#58825000
1-
b11111111111111111111111111111111 +
b1101000100 <
1N
#58830000
0N
#58835000
0-
b1111100000 /
b0 +
b1101000101 <
1N
#58840000
0N
#58845000
b11111111111111111111111111111111 +
1N
#58850000
0N
#58855000
b11111111111111111111111111111111 +
b1101000110 <
1N
#58860000
0N
#58865000
b11111111111111111111111111111111 +
b1101000111 <
1N
#58870000
0N
#58875000
b11111111111111111111111111111111 +
b1101001000 <
1N
#58880000
0N
#58885000
b11111111111111111111111111111111 +
b1101001001 <
1N
#58890000
0N
#58895000
b11111111111111111111111111111111 +
b1101001010 <
1N
#58900000
0N
#58905000
b11111111111111111111111111111111 +
b1101001011 <
1N
#58910000
0N
#58915000
b11111111111111111111111111111111 +
b1101001100 <
1N
#58920000
0N
#58925000
b11111111111111111111111111111111 +
b1101001101 <
1N
#58930000
0N
#58935000
b11111111111111111111111111111111 +
b1101001110 <
1N
#58940000
0N
#58945000
b11111111111111111111111111111111 +
b1101001111 <
1N
#58950000
0N
#58955000
b11111111111111111111111111111111 +
b1101010000 <
1N
#58960000
0N
#58965000
b11111111111111111111111111111111 +
b1101010001 <
1N
#58970000
0N
#58975000
b11111111111111111111111111111111 +
b1101010010 <
1N
#58980000
0N
#58985000
b11111111111111111111111111111111 +
b1101010011 <
1N
#58990000
0N
#58995000
b11111111111111111111111111111111 +
b1101010100 <
1N
#59000000
0N
#59005000
b11111111111111111111111111111111 +
b1101010101 <
1N
#59010000
0N
#59015000
b11111111111111111111111111111111 +
b1101010110 <
1N
#59020000
0N
#59025000
b11111111111111111111111111111111 +
b1101010111 <
1N
#59030000
0N
#59035000
b11111111111111111111111111111111 +
b1101011000 <
1N
#59040000
0N
#59045000
b11111111111111111111111111111111 +
b1101011001 <
1N
#59050000
0N
#59055000
b11111111111111111111111111111111 +
b1101011010 <
1N
#59060000
0N
#59065000
b11111111111111111111111111111111 +
b1101011011 <
1N
#59070000
0N
#59075000
b11111111111111111111111111111111 +
b1101011100 <
1N
#59080000
0N
#59085000
b11111111111111111111111111111111 +
b1101011101 <
1N
#59090000
0N
#59095000
b11111111111111111111111111111111 +
b1101011110 <
1N
#59100000
0N
#59105000
1-
b11111111111111111111111111111111 +
b1101011111 <
1N
#59110000
0N
#59115000
0-
b0 +
b1101100000 <
1N
#59120000
0N
#59125000
b1110011011110101 O
1.
1;
0=
1N
#59126000
b1000000 ^
b10000000000 ]
#59130000
b11111111111111111111111111111111 ,
b10 X
0W
0N
#59135000
0.
0;
0M
1N
#59140000
1V
b10 U
0N
#59145000
b0 "
b0 (
b0 #
b0 !
b0 4
0Q
1N
#59150000
0V
0N
#59155000
1N
#59160000
b0 Z
1[
0N
#59165000
b10000000000000000 (
b1 !
b1 4
1N
#59170000
0[
0N
#59175000
1N
#59180000
b100 Z
1[
0N
#59185000
b1000000000000000000 "
b100000000000000000 0
b1000000000000000 (
b10000 #
b100 $
b10 4
1N
#59190000
0[
0N
#59195000
1N
#59200000
b0 Z
1[
0N
#59205000
b111000111000111010 "
b10101010101010101 0
b1010101010101010 (
b10 !
b11 4
1N
#59210000
0[
0N
#59215000
1N
#59220000
b1111111111111100 Z
1[
0N
#59225000
b10000000000000000000 "
b0 0
b1000000000000000 (
b100000 #
b0 $
b100 4
1N
#59230000
0[
0N
#59235000
1N
#59240000
1S
0N
#59245000
b10000000000000000000 "
b1000000000000000 (
11
1%
b1110011101101101 T
1N
#59250000
0S
0N
#59255000
b10000000000000000000 "
b1000000000000000 (
01
b110110101100 6
b1101101011000 7
13
0%
1N
#59260000
0N
#59265000
b11111111111111111111111111111111 ,
b1110011110000001 R
03
12
b10 &
b10 9
18
1N
#59270000
0N
#59275000
b1110011110001011 P
b110 \
b1111111111111111111111111111111111111111111111111111111111111111 ,
b1000000 ?
b10 )
1:
1*
b10 >
b10 '
02
08
1Q
1N
#59280000
0N
#59285000
b0 /
1=
b0 <
0:
0*
1N
#59286000
b1000000 ^
#59290000
b1111111111111111111111111111111111111111111111111111111111111111 ,
b0 X
1W
0N
#59295000
b1111111111111111111111111111111111111111111111111111111111111111 +
b10 L
1M
1N
#59300000
0N
#59305000
b1111111111111111111111111111111111111111111111111111111111111111 +
b1 <
1N
#59310000
0N
#59315000
b1111111111111111111111111111111111111111111111111111111111111111 +
b10 <
1N
#59320000
0N
#59325000
b1111111111111111111111111111111111111111111111111111111111111111 +
b11 <
1N
#59330000
b1000000 ^
0N
#59335000
b1111111111111111111111111111111111111111111111111111111111111111 +
b100 <
1N
#59340000
0N
#59345000
b1111111111111111111111111111111111111111111111111111111111111111 +
b101 <
1N
#59350000
0N
#59355000
b1111111111111111111111111111111111111111111111111111111111111111 +
b110 <
1N
#59360000
0N
#59365000
b1111111111111111111111111111111111111111111111111111111111111111 +
b111 <
1N
#59370000
0N
#59375000
b1111111111111111111111111111111111111111111111111111111111111111 +
b1000 <
1N
#59380000
0N
#59385000
b1111111111111111111111111111111111111111111111111111111111111111 +
b1001 <
1N
#59390000
0N
#59395000
b1111111111111111111111111111111111111111111111111111111111111111 +
b1010 <
1N
#59400000
0N
#59405000
b1111111111111111111111111111111111111111111111111111111111111111 +
b1011 <
1N
#59410000
0N
#59415000
b1111111111111111111111111111111111111111111111111111111111111111 +
b1100 <
1N
#59420000
0N
#59425000
b1111111111111111111111111111111111111111111111111111111111111111 +
b1101 <
1N
#59430000
0N
#59435000
b1111111111111111111111111111111111111111111111111111111111111111 +
b1110 <
1N
#59440000
0N
#59445000
b1111111111111111111111111111111111111111111111111111111111111111 +
b1111 <
1N
#59450000
0N
#59455000
b1111111111111111111111111111111111111111111111111111111111111111 +
b10000 <
1N
#59460000
0N
#59465000
b1111111111111111111111111111111111111111111111111111111111111111 +
b10001 <
1N
#59470000
0N
#59475000
b1111111111111111111111111111111111111111111111111111111111111111 +
b10010 <
1N
#59480000
0N
#59485000
b1111111111111111111111111111111111111111111111111111111111111111 +
b10011 <
1N
#59490000
0N
#59495000
b1111111111111111111111111111111111111111111111111111111111111111 +
b10100 <
1N
#59500000
0N
#59505000
b1111111111111111111111111111111111111111111111111111111111111111 +
b10101 <
1N
#59510000
0N
#59515000
b1111111111111111111111111111111111111111111111111111111111111111 +
b10110 <
1N
#59520000
0N
#59525000
b1111111111111111111111111111111111111111111111111111111111111111 +
b10111 <
1N
#59530000
0N
#59535000
b1111111111111111111111111111111111111111111111111111111111111111 +
b11000 <
1N
#59540000
0N
#59545000
b1111111111111111111111111111111111111111111111111111111111111111 +
b11001 <
1N
#59550000
0N
#59555000
1-
b1111111111111111111111111111111111111111111111111111111111111111 +
b11010 <
1N
#59560000
0N
#59565000
0-
b1000000 /
b0 +
b11011 <
1N
#59570000
0N
#59575000
b1111111111111111111111111111111111111111111111111111111111111111 +
1N
#59580000
0N
#59585000
b1111111111111111111111111111111111111111111111111111111111111111 +
b11100 <
1N
#59590000
0N
#59595000
b1111111111111111111111111111111111111111111111111111111111111111 +
b11101 <
1N
#59600000
0N
#59605000
b1111111111111111111111111111111111111111111111111111111111111111 +
b11110 <
1N
#59610000
0N
#59615000
b1111111111111111111111111111111111111111111111111111111111111111 +
b11111 <
1N
#59620000
0N
#59625000
b1111111111111111111111111111111111111111111111111111111111111111 +
b100000 <
1N
#59630000
0N
#59635000
b1111111111111111111111111111111111111111111111111111111111111111 +
b100001 <
1N
#59640000
0N
#59645000
b1111111111111111111111111111111111111111111111111111111111111111 +
b100010 <
1N
#59650000
0N
#59655000
b1111111111111111111111111111111111111111111111111111111111111111 +
b100011 <
1N
#59660000
0N
#59665000
b1111111111111111111111111111111111111111111111111111111111111111 +
b100100 <
1N
#59670000
0N
#59675000
b1111111111111111111111111111111111111111111111111111111111111111 +
b100101 <
1N
#59680000
0N
#59685000
b1111111111111111111111111111111111111111111111111111111111111111 +
b100110 <
1N
#59690000
0N
#59695000
b1111111111111111111111111111111111111111111111111111111111111111 +
b100111 <
1N
#59700000
0N
#59705000
b1111111111111111111111111111111111111111111111111111111111111111 +
b101000 <
1N
#59710000
0N
#59715000
b1111111111111111111111111111111111111111111111111111111111111111 +
b101001 <
1N
#59720000
0N
#59725000
b1111111111111111111111111111111111111111111111111111111111111111 +
b101010 <
1N
#59730000
0N
#59735000
b1111111111111111111111111111111111111111111111111111111111111111 +
b101011 <
1N
#59740000
0N
#59745000
b1111111111111111111111111111111111111111111111111111111111111111 +
b101100 <
1N
#59750000
0N
#59755000
b1111111111111111111111111111111111111111111111111111111111111111 +
b101101 <
1N
#59760000
0N
#59765000
b1111111111111111111111111111111111111111111111111111111111111111 +
b101110 <
1N
#59770000
0N
#59775000
b1111111111111111111111111111111111111111111111111111111111111111 +
b101111 <
1N
#59780000
0N
#59785000
b1111111111111111111111111111111111111111111111111111111111111111 +
b110000 <
1N
#59790000
0N
#59795000
b1111111111111111111111111111111111111111111111111111111111111111 +
b110001 <
1N
#59800000
0N
#59805000
b1111111111111111111111111111111111111111111111111111111111111111 +
b110010 <
1N
#59810000
0N
#59815000
b1111111111111111111111111111111111111111111111111111111111111111 +
b110011 <
1N
#59820000
0N
#59825000
b1111111111111111111111111111111111111111111111111111111111111111 +
b110100 <
1N
#59830000
0N
#59835000
1-
b1111111111111111111111111111111111111111111111111111111111111111 +
b110101 <
1N
#59840000
0N
#59845000
0-
b10000000 /
b0 +
b110110 <
1N
#59850000
0N
#59855000
b1111111111111111111111111111111111111111111111111111111111111111 +
1N
#59860000
0N
#59865000
b1111111111111111111111111111111111111111111111111111111111111111 +
b110111 <
1N
#59870000
0N
#59875000
b1111111111111111111111111111111111111111111111111111111111111111 +
b111000 <
1N
#59880000
0N
#59885000
b1111111111111111111111111111111111111111111111111111111111111111 +
b111001 <
1N
#59890000
0N
#59895000
b1111111111111111111111111111111111111111111111111111111111111111 +
b111010 <
1N
#59900000
0N
#59905000
b1111111111111111111111111111111111111111111111111111111111111111 +
b111011 <
1N
#59910000
0N
#59915000
b1111111111111111111111111111111111111111111111111111111111111111 +
b111100 <
1N
#59920000
0N
#59925000
b1111111111111111111111111111111111111111111111111111111111111111 +
b111101 <
1N
#59930000
0N
#59935000
b1111111111111111111111111111111111111111111111111111111111111111 +
b111110 <
1N
#59940000
0N
#59945000
b1111111111111111111111111111111111111111111111111111111111111111 +
b111111 <
1N
#59950000
0N
#59955000
b1111111111111111111111111111111111111111111111111111111111111111 +
b1000000 <
1N
#59960000
0N
#59965000
b1111111111111111111111111111111111111111111111111111111111111111 +
b1000001 <
1N
#59970000
0N
#59975000
b1111111111111111111111111111111111111111111111111111111111111111 +
b1000010 <
1N
#59980000
0N
#59985000
b1111111111111111111111111111111111111111111111111111111111111111 +
b1000011 <
1N
#59990000
0N
#59995000
b1111111111111111111111111111111111111111111111111111111111111111 +
b1000100 <
1N
#60000000
0N
#60005000
b1111111111111111111111111111111111111111111111111111111111111111 +
b1000101 <
1N
#60010000
0N
#60015000
b1111111111111111111111111111111111111111111111111111111111111111 +
b1000110 <
1N
#60020000
0N
#60025000
b1111111111111111111111111111111111111111111111111111111111111111 +
b1000111 <
1N
#60030000
0N
#60035000
b1111111111111111111111111111111111111111111111111111111111111111 +
b1001000 <
1N
#60040000
0N
#60045000
b1111111111111111111111111111111111111111111111111111111111111111 +
b1001001 <
1N
#60050000
0N
#60055000
b1111111111111111111111111111111111111111111111111111111111111111 +
b1001010 <
1N
#60060000
0N
#60065000
b1111111111111111111111111111111111111111111111111111111111111111 +
b1001011 <
1N
#60070000
0N
#60075000
b1111111111111111111111111111111111111111111111111111111111111111 +
b1001100 <
1N
#60080000
0N
#60085000
b1111111111111111111111111111111111111111111111111111111111111111 +
b1001101 <
1N
#60090000
0N
#60095000
b1111111111111111111111111111111111111111111111111111111111111111 +
b1001110 <
1N
#60100000
0N
#60105000
b1111111111111111111111111111111111111111111111111111111111111111 +
b1001111 <
1N
#60110000
0N
#60115000
1-
b1111111111111111111111111111111111111111111111111111111111111111 +
b1010000 <
1N
#60120000
0N
#60125000
0-
b11000000 /
b0 +
b1010001 <
1N
#60130000
0N
#60135000
b1111111111111111111111111111111111111111111111111111111111111111 +
1N
#60140000
0N
#60145000
b1111111111111111111111111111111111111111111111111111111111111111 +
b1010010 <
1N
#60150000
0N
#60155000
b1111111111111111111111111111111111111111111111111111111111111111 +
b1010011 <
1N
#60160000
0N
#60165000
b1111111111111111111111111111111111111111111111111111111111111111 +
b1010100 <
1N
#60170000
0N
#60175000
b1111111111111111111111111111111111111111111111111111111111111111 +
b1010101 <
1N
#60180000
0N
#60185000
b1111111111111111111111111111111111111111111111111111111111111111 +
b1010110 <
1N
#60190000
0N
#60195000
b1111111111111111111111111111111111111111111111111111111111111111 +
b1010111 <
1N
#60200000
0N
#60205000
b1111111111111111111111111111111111111111111111111111111111111111 +
b1011000 <
1N
#60210000
0N
#60215000
b1111111111111111111111111111111111111111111111111111111111111111 +
b1011001 <
1N
#60220000
0N
#60225000
b1111111111111111111111111111111111111111111111111111111111111111 +
b1011010 <
1N
#60230000
0N
#60235000
b1111111111111111111111111111111111111111111111111111111111111111 +
b1011011 <
1N
#60240000
0N
#60245000
b1111111111111111111111111111111111111111111111111111111111111111 +
b1011100 <
1N
#60250000
0N
#60255000
b1111111111111111111111111111111111111111111111111111111111111111 +
b1011101 <
1N
#60260000
0N
#60265000
b1111111111111111111111111111111111111111111111111111111111111111 +
b1011110 <
1N
#60270000
0N
#60275000
b1111111111111111111111111111111111111111111111111111111111111111 +
b1011111 <
1N
#60280000
0N
#60285000
b1111111111111111111111111111111111111111111111111111111111111111 +
b1100000 <
1N
#60290000
0N
#60295000
b1111111111111111111111111111111111111111111111111111111111111111 +
b1100001 <
1N
#60300000
0N
#60305000
b1111111111111111111111111111111111111111111111111111111111111111 +
b1100010 <
1N
#60310000
0N
#60315000
b1111111111111111111111111111111111111111111111111111111111111111 +
b1100011 <
1N
#60320000
0N
#60325000
b1111111111111111111111111111111111111111111111111111111111111111 +
b1100100 <
1N
#60330000
0N
#60335000
b1111111111111111111111111111111111111111111111111111111111111111 +
b1100101 <
1N
#60340000
0N
#60345000
b1111111111111111111111111111111111111111111111111111111111111111 +
b1100110 <
1N
#60350000
0N
#60355000
b1111111111111111111111111111111111111111111111111111111111111111 +
b1100111 <
1N
#60360000
0N
#60365000
b1111111111111111111111111111111111111111111111111111111111111111 +
b1101000 <
1N
#60370000
0N
#60375000
b1111111111111111111111111111111111111111111111111111111111111111 +
b1101001 <
1N
#60380000
0N
#60385000
b1111111111111111111111111111111111111111111111111111111111111111 +
b1101010 <
1N
#60390000
0N
#60395000
1-
b1111111111111111111111111111111111111111111111111111111111111111 +
b1101011 <
1N
#60400000
0N
#60405000
0-
b100000000 /
b0 +
b1101100 <
1N
#60410000
0N
#60415000
b1111111111111111111111111111111111111111111111111111111111111111 +
1N
#60420000
0N
#60425000
b1111111111111111111111111111111111111111111111111111111111111111 +
b1101101 <
1N
#60430000
0N
#60435000
b1111111111111111111111111111111111111111111111111111111111111111 +
b1101110 <
1N
#60440000
0N
#60445000
b1111111111111111111111111111111111111111111111111111111111111111 +
b1101111 <
1N
#60450000
0N
#60455000
b1111111111111111111111111111111111111111111111111111111111111111 +
b1110000 <
1N
#60460000
0N
#60465000
b1111111111111111111111111111111111111111111111111111111111111111 +
b1110001 <
1N
#60470000
0N
#60475000
b1111111111111111111111111111111111111111111111111111111111111111 +
b1110010 <
1N
#60480000
0N
#60485000
b1111111111111111111111111111111111111111111111111111111111111111 +
b1110011 <
1N
#60490000
0N
#60495000
b1111111111111111111111111111111111111111111111111111111111111111 +
b1110100 <
1N
#60500000
0N
#60505000
b1111111111111111111111111111111111111111111111111111111111111111 +
b1110101 <
1N
#60510000
0N
#60515000
b1111111111111111111111111111111111111111111111111111111111111111 +
b1110110 <
1N
#60520000
0N
#60525000
b1111111111111111111111111111111111111111111111111111111111111111 +
b1110111 <
1N
#60530000
0N
#60535000
b1111111111111111111111111111111111111111111111111111111111111111 +
b1111000 <
1N
#60540000
0N
#60545000
b1111111111111111111111111111111111111111111111111111111111111111 +
b1111001 <
1N
#60550000
0N
#60555000
b1111111111111111111111111111111111111111111111111111111111111111 +
b1111010 <
1N
#60560000
0N
#60565000
b1111111111111111111111111111111111111111111111111111111111111111 +
b1111011 <
1N
#60570000
0N
#60575000
b1111111111111111111111111111111111111111111111111111111111111111 +
b1111100 <
1N
#60580000
0N
#60585000
b1111111111111111111111111111111111111111111111111111111111111111 +
b1111101 <
1N
#60590000
0N
#60595000
b1111111111111111111111111111111111111111111111111111111111111111 +
b1111110 <
1N
#60600000
0N
#60605000
b1111111111111111111111111111111111111111111111111111111111111111 +
b1111111 <
1N
#60610000
0N
#60615000
b1111111111111111111111111111111111111111111111111111111111111111 +
b10000000 <
1N
#60620000
0N
#60625000
b1111111111111111111111111111111111111111111111111111111111111111 +
b10000001 <
1N
#60630000
0N
#60635000
b1111111111111111111111111111111111111111111111111111111111111111 +
b10000010 <
1N
#60640000
0N
#60645000
b1111111111111111111111111111111111111111111111111111111111111111 +
b10000011 <
1N
#60650000
0N
#60655000
b1111111111111111111111111111111111111111111111111111111111111111 +
b10000100 <
1N
#60660000
0N
#60665000
b1111111111111111111111111111111111111111111111111111111111111111 +
b10000101 <
1N
#60670000
0N
#60675000
1-
b1111111111111111111111111111111111111111111111111111111111111111 +
b10000110 <
1N
#60680000
0N
#60685000
0-
b101000000 /
b0 +
b10000111 <
1N
#60690000
0N
#60695000
b1111111111111111111111111111111111111111111111111111111111111111 +
1N
#60700000
0N
#60705000
b1111111111111111111111111111111111111111111111111111111111111111 +
b10001000 <
1N
#60710000
0N
#60715000
b1111111111111111111111111111111111111111111111111111111111111111 +
b10001001 <
1N
#60720000
0N
#60725000
b1111111111111111111111111111111111111111111111111111111111111111 +
b10001010 <
1N
#60730000
0N
#60735000
b1111111111111111111111111111111111111111111111111111111111111111 +
b10001011 <
1N
#60740000
0N
#60745000
b1111111111111111111111111111111111111111111111111111111111111111 +
b10001100 <
1N
#60750000
0N
#60755000
b1111111111111111111111111111111111111111111111111111111111111111 +
b10001101 <
1N
#60760000
0N
#60765000
b1111111111111111111111111111111111111111111111111111111111111111 +
b10001110 <
1N
#60770000
0N
#60775000
b1111111111111111111111111111111111111111111111111111111111111111 +
b10001111 <
1N
#60780000
0N
#60785000
b1111111111111111111111111111111111111111111111111111111111111111 +
b10010000 <
1N
#60790000
0N
#60795000
b1111111111111111111111111111111111111111111111111111111111111111 +
b10010001 <
1N
#60800000
0N
#60805000
b1111111111111111111111111111111111111111111111111111111111111111 +
b10010010 <
1N
#60810000
0N
#60815000
b1111111111111111111111111111111111111111111111111111111111111111 +
b10010011 <
1N
#60820000
0N
#60825000
b1111111111111111111111111111111111111111111111111111111111111111 +
b10010100 <
1N
#60830000
0N
#60835000
b1111111111111111111111111111111111111111111111111111111111111111 +
b10010101 <
1N
#60840000
0N
#60845000
b1111111111111111111111111111111111111111111111111111111111111111 +
b10010110 <
1N
#60850000
0N
#60855000
b1111111111111111111111111111111111111111111111111111111111111111 +
b10010111 <
1N
#60860000
0N
#60865000
b1111111111111111111111111111111111111111111111111111111111111111 +
b10011000 <
1N
#60870000
0N
#60875000
b1111111111111111111111111111111111111111111111111111111111111111 +
b10011001 <
1N
#60880000
0N
#60885000
b1111111111111111111111111111111111111111111111111111111111111111 +
b10011010 <
1N
#60890000
0N
#60895000
b1111111111111111111111111111111111111111111111111111111111111111 +
b10011011 <
1N
#60900000
0N
#60905000
b1111111111111111111111111111111111111111111111111111111111111111 +
b10011100 <
1N
#60910000
0N
#60915000
b1111111111111111111111111111111111111111111111111111111111111111 +
b10011101 <
1N
#60920000
0N
#60925000
b1111111111111111111111111111111111111111111111111111111111111111 +
b10011110 <
1N
#60930000
0N
#60935000
b1111111111111111111111111111111111111111111111111111111111111111 +
b10011111 <
1N
#60940000
0N
#60945000
b1111111111111111111111111111111111111111111111111111111111111111 +
b10100000 <
1N
#60950000
0N
#60955000
1-
b1111111111111111111111111111111111111111111111111111111111111111 +
b10100001 <
1N
#60960000
0N
#60965000
0-
b110000000 /
b0 +
b10100010 <
1N
#60970000
0N
#60975000
b1111111111111111111111111111111111111111111111111111111111111111 +
1N
#60980000
0N
#60985000
b1111111111111111111111111111111111111111111111111111111111111111 +
b10100011 <
1N
#60990000
0N
#60995000
b1111111111111111111111111111111111111111111111111111111111111111 +
b10100100 <
1N
#61000000
0N
#61005000
b1111111111111111111111111111111111111111111111111111111111111111 +
b10100101 <
1N
#61010000
0N
#61015000
b1111111111111111111111111111111111111111111111111111111111111111 +
b10100110 <
1N
#61020000
0N
#61025000
b1111111111111111111111111111111111111111111111111111111111111111 +
b10100111 <
1N
#61030000
0N
#61035000
b1111111111111111111111111111111111111111111111111111111111111111 +
b10101000 <
1N
#61040000
0N
#61045000
b1111111111111111111111111111111111111111111111111111111111111111 +
b10101001 <
1N
#61050000
0N
#61055000
b1111111111111111111111111111111111111111111111111111111111111111 +
b10101010 <
1N
#61060000
0N
#61065000
b1111111111111111111111111111111111111111111111111111111111111111 +
b10101011 <
1N
#61070000
0N
#61075000
b1111111111111111111111111111111111111111111111111111111111111111 +
b10101100 <
1N
#61080000
0N
#61085000
b1111111111111111111111111111111111111111111111111111111111111111 +
b10101101 <
1N
#61090000
0N
#61095000
b1111111111111111111111111111111111111111111111111111111111111111 +
b10101110 <
1N
#61100000
0N
#61105000
b1111111111111111111111111111111111111111111111111111111111111111 +
b10101111 <
1N
#61110000
0N
#61115000
b1111111111111111111111111111111111111111111111111111111111111111 +
b10110000 <
1N
#61120000
0N
#61125000
b1111111111111111111111111111111111111111111111111111111111111111 +
b10110001 <
1N
#61130000
0N
#61135000
b1111111111111111111111111111111111111111111111111111111111111111 +
b10110010 <
1N
#61140000
0N
#61145000
b1111111111111111111111111111111111111111111111111111111111111111 +
b10110011 <
1N
#61150000
0N
#61155000
b1111111111111111111111111111111111111111111111111111111111111111 +
b10110100 <
1N
#61160000
0N
#61165000
b1111111111111111111111111111111111111111111111111111111111111111 +
b10110101 <
1N
#61170000
0N
#61175000
b1111111111111111111111111111111111111111111111111111111111111111 +
b10110110 <
1N
#61180000
0N
#61185000
b1111111111111111111111111111111111111111111111111111111111111111 +
b10110111 <
1N
#61190000
0N
#61195000
b1111111111111111111111111111111111111111111111111111111111111111 +
b10111000 <
1N
#61200000
0N
#61205000
b1111111111111111111111111111111111111111111111111111111111111111 +
b10111001 <
1N
#61210000
0N
#61215000
b1111111111111111111111111111111111111111111111111111111111111111 +
b10111010 <
1N
#61220000
0N
#61225000
b1111111111111111111111111111111111111111111111111111111111111111 +
b10111011 <
1N
#61230000
0N
#61235000
1-
b1111111111111111111111111111111111111111111111111111111111111111 +
b10111100 <
1N
#61240000
0N
#61245000
0-
b111000000 /
b0 +
b10111101 <
1N
#61250000
0N
#61255000
b1111111111111111111111111111111111111111111111111111111111111111 +
1N
#61260000
0N
#61265000
b1111111111111111111111111111111111111111111111111111111111111111 +
b10111110 <
1N
#61270000
0N
#61275000
b1111111111111111111111111111111111111111111111111111111111111111 +
b10111111 <
1N
#61280000
0N
#61285000
b1111111111111111111111111111111111111111111111111111111111111111 +
b11000000 <
1N
#61290000
0N
#61295000
b1111111111111111111111111111111111111111111111111111111111111111 +
b11000001 <
1N
#61300000
0N
#61305000
b1111111111111111111111111111111111111111111111111111111111111111 +
b11000010 <
1N
#61310000
0N
#61315000
b1111111111111111111111111111111111111111111111111111111111111111 +
b11000011 <
1N
#61320000
0N
#61325000
b1111111111111111111111111111111111111111111111111111111111111111 +
b11000100 <
1N
#61330000
0N
#61335000
b1111111111111111111111111111111111111111111111111111111111111111 +
b11000101 <
1N
#61340000
0N
#61345000
b1111111111111111111111111111111111111111111111111111111111111111 +
b11000110 <
1N
#61350000
0N
#61355000
b1111111111111111111111111111111111111111111111111111111111111111 +
b11000111 <
1N
#61360000
0N
#61365000
b1111111111111111111111111111111111111111111111111111111111111111 +
b11001000 <
1N
#61370000
0N
#61375000
b1111111111111111111111111111111111111111111111111111111111111111 +
b11001001 <
1N
#61380000
0N
#61385000
b1111111111111111111111111111111111111111111111111111111111111111 +
b11001010 <
1N
#61390000
0N
#61395000
b1111111111111111111111111111111111111111111111111111111111111111 +
b11001011 <
1N
#61400000
0N
#61405000
b1111111111111111111111111111111111111111111111111111111111111111 +
b11001100 <
1N
#61410000
0N
#61415000
b1111111111111111111111111111111111111111111111111111111111111111 +
b11001101 <
1N
#61420000
0N
#61425000
b1111111111111111111111111111111111111111111111111111111111111111 +
b11001110 <
1N
#61430000
0N
#61435000
b1111111111111111111111111111111111111111111111111111111111111111 +
b11001111 <
1N
#61440000
0N
#61445000
b1111111111111111111111111111111111111111111111111111111111111111 +
b11010000 <
1N
#61450000
0N
#61455000
b1111111111111111111111111111111111111111111111111111111111111111 +
b11010001 <
1N
#61460000
0N
#61465000
b1111111111111111111111111111111111111111111111111111111111111111 +
b11010010 <
1N
#61470000
0N
#61475000
b1111111111111111111111111111111111111111111111111111111111111111 +
b11010011 <
1N
#61480000
0N
#61485000
b1111111111111111111111111111111111111111111111111111111111111111 +
b11010100 <
1N
#61490000
0N
#61495000
b1111111111111111111111111111111111111111111111111111111111111111 +
b11010101 <
1N
#61500000
0N
#61505000
b1111111111111111111111111111111111111111111111111111111111111111 +
b11010110 <
1N
#61510000
0N
#61515000
1-
b1111111111111111111111111111111111111111111111111111111111111111 +
b11010111 <
1N
#61520000
0N
#61525000
0-
b1000000000 /
b0 +
b11011000 <
1N
#61530000
0N
#61535000
b1111111111111111111111111111111111111111111111111111111111111111 +
1N
#61540000
0N
#61545000
b1111111111111111111111111111111111111111111111111111111111111111 +
b11011001 <
1N
#61550000
0N
#61555000
b1111111111111111111111111111111111111111111111111111111111111111 +
b11011010 <
1N
#61560000
0N
#61565000
b1111111111111111111111111111111111111111111111111111111111111111 +
b11011011 <
1N
#61570000
0N
#61575000
b1111111111111111111111111111111111111111111111111111111111111111 +
b11011100 <
1N
#61580000
0N
#61585000
b1111111111111111111111111111111111111111111111111111111111111111 +
b11011101 <
1N
#61590000
0N
#61595000
b1111111111111111111111111111111111111111111111111111111111111111 +
b11011110 <
1N
#61600000
0N
#61605000
b1111111111111111111111111111111111111111111111111111111111111111 +
b11011111 <
1N
#61610000
0N
#61615000
b1111111111111111111111111111111111111111111111111111111111111111 +
b11100000 <
1N
#61620000
0N
#61625000
b1111111111111111111111111111111111111111111111111111111111111111 +
b11100001 <
1N
#61630000
0N
#61635000
b1111111111111111111111111111111111111111111111111111111111111111 +
b11100010 <
1N
#61640000
0N
#61645000
b1111111111111111111111111111111111111111111111111111111111111111 +
b11100011 <
1N
#61650000
0N
#61655000
b1111111111111111111111111111111111111111111111111111111111111111 +
b11100100 <
1N
#61660000
0N
#61665000
b1111111111111111111111111111111111111111111111111111111111111111 +
b11100101 <
1N
#61670000
0N
#61675000
b1111111111111111111111111111111111111111111111111111111111111111 +
b11100110 <
1N
#61680000
0N
#61685000
b1111111111111111111111111111111111111111111111111111111111111111 +
b11100111 <
1N
#61690000
0N
#61695000
b1111111111111111111111111111111111111111111111111111111111111111 +
b11101000 <
1N
#61700000
0N
#61705000
b1111111111111111111111111111111111111111111111111111111111111111 +
b11101001 <
1N
#61710000
0N
#61715000
b1111111111111111111111111111111111111111111111111111111111111111 +
b11101010 <
1N
#61720000
0N
#61725000
b1111111111111111111111111111111111111111111111111111111111111111 +
b11101011 <
1N
#61730000
0N
#61735000
b1111111111111111111111111111111111111111111111111111111111111111 +
b11101100 <
1N
#61740000
0N
#61745000
b1111111111111111111111111111111111111111111111111111111111111111 +
b11101101 <
1N
#61750000
0N
#61755000
b1111111111111111111111111111111111111111111111111111111111111111 +
b11101110 <
1N
#61760000
0N
#61765000
b1111111111111111111111111111111111111111111111111111111111111111 +
b11101111 <
1N
#61770000
0N
#61775000
b1111111111111111111111111111111111111111111111111111111111111111 +
b11110000 <
1N
#61780000
0N
#61785000
b1111111111111111111111111111111111111111111111111111111111111111 +
b11110001 <
1N
#61790000
0N
#61795000
1-
b1111111111111111111111111111111111111111111111111111111111111111 +
b11110010 <
1N
#61800000
0N
#61805000
0-
b1001000000 /
b0 +
b11110011 <
1N
#61810000
0N
#61815000
b1111111111111111111111111111111111111111111111111111111111111111 +
1N
#61820000
0N
#61825000
b1111111111111111111111111111111111111111111111111111111111111111 +
b11110100 <
1N
#61830000
0N
#61835000
b1111111111111111111111111111111111111111111111111111111111111111 +
b11110101 <
1N
#61840000
0N
#61845000
b1111111111111111111111111111111111111111111111111111111111111111 +
b11110110 <
1N
#61850000
0N
#61855000
b1111111111111111111111111111111111111111111111111111111111111111 +
b11110111 <
1N
#61860000
0N
#61865000
b1111111111111111111111111111111111111111111111111111111111111111 +
b11111000 <
1N
#61870000
0N
#61875000
b1111111111111111111111111111111111111111111111111111111111111111 +
b11111001 <
1N
#61880000
0N
#61885000
b1111111111111111111111111111111111111111111111111111111111111111 +
b11111010 <
1N
#61890000
0N
#61895000
b1111111111111111111111111111111111111111111111111111111111111111 +
b11111011 <
1N
#61900000
0N
#61905000
b1111111111111111111111111111111111111111111111111111111111111111 +
b11111100 <
1N
#61910000
0N
#61915000
b1111111111111111111111111111111111111111111111111111111111111111 +
b11111101 <
1N
#61920000
0N
#61925000
b1111111111111111111111111111111111111111111111111111111111111111 +
b11111110 <
1N
#61930000
0N
#61935000
b1111111111111111111111111111111111111111111111111111111111111111 +
b11111111 <
1N
#61940000
0N
#61945000
b1111111111111111111111111111111111111111111111111111111111111111 +
b100000000 <
1N
#61950000
0N
#61955000
b1111111111111111111111111111111111111111111111111111111111111111 +
b100000001 <
1N
#61960000
0N
#61965000
b1111111111111111111111111111111111111111111111111111111111111111 +
b100000010 <
1N
#61970000
0N
#61975000
b1111111111111111111111111111111111111111111111111111111111111111 +
b100000011 <
1N
#61980000
0N
#61985000
b1111111111111111111111111111111111111111111111111111111111111111 +
b100000100 <
1N
#61990000
0N
#61995000
b1111111111111111111111111111111111111111111111111111111111111111 +
b100000101 <
1N
#62000000
0N
#62005000
b1111111111111111111111111111111111111111111111111111111111111111 +
b100000110 <
1N
#62010000
0N
#62015000
b1111111111111111111111111111111111111111111111111111111111111111 +
b100000111 <
1N
#62020000
0N
#62025000
b1111111111111111111111111111111111111111111111111111111111111111 +
b100001000 <
1N
#62030000
0N
#62035000
b1111111111111111111111111111111111111111111111111111111111111111 +
b100001001 <
1N
#62040000
0N
#62045000
b1111111111111111111111111111111111111111111111111111111111111111 +
b100001010 <
1N
#62050000
0N
#62055000
b1111111111111111111111111111111111111111111111111111111111111111 +
b100001011 <
1N
#62060000
0N
#62065000
b1111111111111111111111111111111111111111111111111111111111111111 +
b100001100 <
1N
#62070000
0N
#62075000
1-
b1111111111111111111111111111111111111111111111111111111111111111 +
b100001101 <
1N
#62080000
0N
#62085000
0-
b1010000000 /
b0 +
b100001110 <
1N
#62090000
0N
#62095000
b1111111111111111111111111111111111111111111111111111111111111111 +
1N
#62100000
0N
#62105000
b1111111111111111111111111111111111111111111111111111111111111111 +
b100001111 <
1N
#62110000
0N
#62115000
b1111111111111111111111111111111111111111111111111111111111111111 +
b100010000 <
1N
#62120000
0N
#62125000
b1111111111111111111111111111111111111111111111111111111111111111 +
b100010001 <
1N
#62130000
0N
#62135000
b1111111111111111111111111111111111111111111111111111111111111111 +
b100010010 <
1N
#62140000
0N
#62145000
b1111111111111111111111111111111111111111111111111111111111111111 +
b100010011 <
1N
#62150000
0N
#62155000
b1111111111111111111111111111111111111111111111111111111111111111 +
b100010100 <
1N
#62160000
0N
#62165000
b1111111111111111111111111111111111111111111111111111111111111111 +
b100010101 <
1N
#62170000
0N
#62175000
b1111111111111111111111111111111111111111111111111111111111111111 +
b100010110 <
1N
#62180000
0N
#62185000
b1111111111111111111111111111111111111111111111111111111111111111 +
b100010111 <
1N
#62190000
0N
#62195000
b1111111111111111111111111111111111111111111111111111111111111111 +
b100011000 <
1N
#62200000
0N
#62205000
b1111111111111111111111111111111111111111111111111111111111111111 +
b100011001 <
1N
#62210000
0N
#62215000
b1111111111111111111111111111111111111111111111111111111111111111 +
b100011010 <
1N
#62220000
0N
#62225000
b1111111111111111111111111111111111111111111111111111111111111111 +
b100011011 <
1N
#62230000
0N
#62235000
b1111111111111111111111111111111111111111111111111111111111111111 +
b100011100 <
1N
#62240000
0N
#62245000
b1111111111111111111111111111111111111111111111111111111111111111 +
b100011101 <
1N
#62250000
0N
#62255000
b1111111111111111111111111111111111111111111111111111111111111111 +
b100011110 <
1N
#62260000
0N
#62265000
b1111111111111111111111111111111111111111111111111111111111111111 +
b100011111 <
1N
#62270000
0N
#62275000
b1111111111111111111111111111111111111111111111111111111111111111 +
b100100000 <
1N
#62280000
0N
#62285000
b1111111111111111111111111111111111111111111111111111111111111111 +
b100100001 <
1N
#62290000
0N
#62295000
b1111111111111111111111111111111111111111111111111111111111111111 +
b100100010 <
1N
#62300000
0N
#62305000
b1111111111111111111111111111111111111111111111111111111111111111 +
b100100011 <
1N
#62310000
0N
#62315000
b1111111111111111111111111111111111111111111111111111111111111111 +
b100100100 <
1N
#62320000
0N
#62325000
b1111111111111111111111111111111111111111111111111111111111111111 +
b100100101 <
1N
#62330000
0N
#62335000
b1111111111111111111111111111111111111111111111111111111111111111 +
b100100110 <
1N
#62340000
0N
#62345000
b1111111111111111111111111111111111111111111111111111111111111111 +
b100100111 <
1N
#62350000
0N
#62355000
1-
b1111111111111111111111111111111111111111111111111111111111111111 +
b100101000 <
1N
#62360000
0N
#62365000
0-
b1011000000 /
b0 +
b100101001 <
1N
#62370000
0N
#62375000
b1111111111111111111111111111111111111111111111111111111111111111 +
1N
#62380000
0N
#62385000
b1111111111111111111111111111111111111111111111111111111111111111 +
b100101010 <
1N
#62390000
0N
#62395000
b1111111111111111111111111111111111111111111111111111111111111111 +
b100101011 <
1N
#62400000
0N
#62405000
b1111111111111111111111111111111111111111111111111111111111111111 +
b100101100 <
1N
#62410000
0N
#62415000
b1111111111111111111111111111111111111111111111111111111111111111 +
b100101101 <
1N
#62420000
0N
#62425000
b1111111111111111111111111111111111111111111111111111111111111111 +
b100101110 <
1N
#62430000
0N
#62435000
b1111111111111111111111111111111111111111111111111111111111111111 +
b100101111 <
1N
#62440000
0N
#62445000
b1111111111111111111111111111111111111111111111111111111111111111 +
b100110000 <
1N
#62450000
0N
#62455000
b1111111111111111111111111111111111111111111111111111111111111111 +
b100110001 <
1N
#62460000
0N
#62465000
b1111111111111111111111111111111111111111111111111111111111111111 +
b100110010 <
1N
#62470000
0N
#62475000
b1111111111111111111111111111111111111111111111111111111111111111 +
b100110011 <
1N
#62480000
0N
#62485000
b1111111111111111111111111111111111111111111111111111111111111111 +
b100110100 <
1N
#62490000
0N
#62495000
b1111111111111111111111111111111111111111111111111111111111111111 +
b100110101 <
1N
#62500000
0N
#62505000
b1111111111111111111111111111111111111111111111111111111111111111 +
b100110110 <
1N
#62510000
0N
#62515000
b1111111111111111111111111111111111111111111111111111111111111111 +
b100110111 <
1N
#62520000
0N
#62525000
b1111111111111111111111111111111111111111111111111111111111111111 +
b100111000 <
1N
#62530000
0N
#62535000
b1111111111111111111111111111111111111111111111111111111111111111 +
b100111001 <
1N
#62540000
0N
#62545000
b1111111111111111111111111111111111111111111111111111111111111111 +
b100111010 <
1N
#62550000
0N
#62555000
b1111111111111111111111111111111111111111111111111111111111111111 +
b100111011 <
1N
#62560000
0N
#62565000
b1111111111111111111111111111111111111111111111111111111111111111 +
b100111100 <
1N
#62570000
0N
#62575000
b1111111111111111111111111111111111111111111111111111111111111111 +
b100111101 <
1N
#62580000
0N
#62585000
b1111111111111111111111111111111111111111111111111111111111111111 +
b100111110 <
1N
#62590000
0N
#62595000
b1111111111111111111111111111111111111111111111111111111111111111 +
b100111111 <
1N
#62600000
0N
#62605000
b1111111111111111111111111111111111111111111111111111111111111111 +
b101000000 <
1N
#62610000
0N
#62615000
b1111111111111111111111111111111111111111111111111111111111111111 +
b101000001 <
1N
#62620000
0N
#62625000
b1111111111111111111111111111111111111111111111111111111111111111 +
b101000010 <
1N
#62630000
0N
#62635000
1-
b1111111111111111111111111111111111111111111111111111111111111111 +
b101000011 <
1N
#62640000
0N
#62645000
0-
b1100000000 /
b0 +
b101000100 <
1N
#62650000
0N
#62655000
b1111111111111111111111111111111111111111111111111111111111111111 +
1N
#62660000
0N
#62665000
b1111111111111111111111111111111111111111111111111111111111111111 +
b101000101 <
1N
#62670000
0N
#62675000
b1111111111111111111111111111111111111111111111111111111111111111 +
b101000110 <
1N
#62680000
0N
#62685000
b1111111111111111111111111111111111111111111111111111111111111111 +
b101000111 <
1N
#62690000
0N
#62695000
b1111111111111111111111111111111111111111111111111111111111111111 +
b101001000 <
1N
#62700000
0N
#62705000
b1111111111111111111111111111111111111111111111111111111111111111 +
b101001001 <
1N
#62710000
0N
#62715000
b1111111111111111111111111111111111111111111111111111111111111111 +
b101001010 <
1N
#62720000
0N
#62725000
b1111111111111111111111111111111111111111111111111111111111111111 +
b101001011 <
1N
#62730000
0N
#62735000
b1111111111111111111111111111111111111111111111111111111111111111 +
b101001100 <
1N
#62740000
0N
#62745000
b1111111111111111111111111111111111111111111111111111111111111111 +
b101001101 <
1N
#62750000
0N
#62755000
b1111111111111111111111111111111111111111111111111111111111111111 +
b101001110 <
1N
#62760000
0N
#62765000
b1111111111111111111111111111111111111111111111111111111111111111 +
b101001111 <
1N
#62770000
0N
#62775000
b1111111111111111111111111111111111111111111111111111111111111111 +
b101010000 <
1N
#62780000
0N
#62785000
b1111111111111111111111111111111111111111111111111111111111111111 +
b101010001 <
1N
#62790000
0N
#62795000
b1111111111111111111111111111111111111111111111111111111111111111 +
b101010010 <
1N
#62800000
0N
#62805000
b1111111111111111111111111111111111111111111111111111111111111111 +
b101010011 <
1N
#62810000
0N
#62815000
b1111111111111111111111111111111111111111111111111111111111111111 +
b101010100 <
1N
#62820000
0N
#62825000
b1111111111111111111111111111111111111111111111111111111111111111 +
b101010101 <
1N
#62830000
0N
#62835000
b1111111111111111111111111111111111111111111111111111111111111111 +
b101010110 <
1N
#62840000
0N
#62845000
b1111111111111111111111111111111111111111111111111111111111111111 +
b101010111 <
1N
#62850000
0N
#62855000
b1111111111111111111111111111111111111111111111111111111111111111 +
b101011000 <
1N
#62860000
0N
#62865000
b1111111111111111111111111111111111111111111111111111111111111111 +
b101011001 <
1N
#62870000
0N
#62875000
b1111111111111111111111111111111111111111111111111111111111111111 +
b101011010 <
1N
#62880000
0N
#62885000
b1111111111111111111111111111111111111111111111111111111111111111 +
b101011011 <
1N
#62890000
0N
#62895000
b1111111111111111111111111111111111111111111111111111111111111111 +
b101011100 <
1N
#62900000
0N
#62905000
b1111111111111111111111111111111111111111111111111111111111111111 +
b101011101 <
1N
#62910000
0N
#62915000
1-
b1111111111111111111111111111111111111111111111111111111111111111 +
b101011110 <
1N
#62920000
0N
#62925000
0-
b1101000000 /
b0 +
b101011111 <
1N
#62930000
0N
#62935000
b1111111111111111111111111111111111111111111111111111111111111111 +
1N
#62940000
0N
#62945000
b1111111111111111111111111111111111111111111111111111111111111111 +
b101100000 <
1N
#62950000
0N
#62955000
b1111111111111111111111111111111111111111111111111111111111111111 +
b101100001 <
1N
#62960000
0N
#62965000
b1111111111111111111111111111111111111111111111111111111111111111 +
b101100010 <
1N
#62970000
0N
#62975000
b1111111111111111111111111111111111111111111111111111111111111111 +
b101100011 <
1N
#62980000
0N
#62985000
b1111111111111111111111111111111111111111111111111111111111111111 +
b101100100 <
1N
#62990000
0N
#62995000
b1111111111111111111111111111111111111111111111111111111111111111 +
b101100101 <
1N
#63000000
0N
#63005000
b1111111111111111111111111111111111111111111111111111111111111111 +
b101100110 <
1N
#63010000
0N
#63015000
b1111111111111111111111111111111111111111111111111111111111111111 +
b101100111 <
1N
#63020000
0N
#63025000
b1111111111111111111111111111111111111111111111111111111111111111 +
b101101000 <
1N
#63030000
0N
#63035000
b1111111111111111111111111111111111111111111111111111111111111111 +
b101101001 <
1N
#63040000
0N
#63045000
b1111111111111111111111111111111111111111111111111111111111111111 +
b101101010 <
1N
#63050000
0N
#63055000
b1111111111111111111111111111111111111111111111111111111111111111 +
b101101011 <
1N
#63060000
0N
#63065000
b1111111111111111111111111111111111111111111111111111111111111111 +
b101101100 <
1N
#63070000
0N
#63075000
b1111111111111111111111111111111111111111111111111111111111111111 +
b101101101 <
1N
#63080000
0N
#63085000
b1111111111111111111111111111111111111111111111111111111111111111 +
b101101110 <
1N
#63090000
0N
#63095000
b1111111111111111111111111111111111111111111111111111111111111111 +
b101101111 <
1N
#63100000
0N
#63105000
b1111111111111111111111111111111111111111111111111111111111111111 +
b101110000 <
1N
#63110000
0N
#63115000
b1111111111111111111111111111111111111111111111111111111111111111 +
b101110001 <
1N
#63120000
0N
#63125000
b1111111111111111111111111111111111111111111111111111111111111111 +
b101110010 <
1N
#63130000
0N
#63135000
b1111111111111111111111111111111111111111111111111111111111111111 +
b101110011 <
1N
#63140000
0N
#63145000
b1111111111111111111111111111111111111111111111111111111111111111 +
b101110100 <
1N
#63150000
0N
#63155000
b1111111111111111111111111111111111111111111111111111111111111111 +
b101110101 <
1N
#63160000
0N
#63165000
b1111111111111111111111111111111111111111111111111111111111111111 +
b101110110 <
1N
#63170000
0N
#63175000
b1111111111111111111111111111111111111111111111111111111111111111 +
b101110111 <
1N
#63180000
0N
#63185000
b1111111111111111111111111111111111111111111111111111111111111111 +
b101111000 <
1N
#63190000
0N
#63195000
1-
b1111111111111111111111111111111111111111111111111111111111111111 +
b101111001 <
1N
#63200000
0N
#63205000
0-
b1110000000 /
b0 +
b101111010 <
1N
#63210000
0N
#63215000
b1111111111111111111111111111111111111111111111111111111111111111 +
1N
#63220000
0N
#63225000
b1111111111111111111111111111111111111111111111111111111111111111 +
b101111011 <
1N
#63230000
0N
#63235000
b1111111111111111111111111111111111111111111111111111111111111111 +
b101111100 <
1N
#63240000
0N
#63245000
b1111111111111111111111111111111111111111111111111111111111111111 +
b101111101 <
1N
#63250000
0N
#63255000
b1111111111111111111111111111111111111111111111111111111111111111 +
b101111110 <
1N
#63260000
0N
#63265000
b1111111111111111111111111111111111111111111111111111111111111111 +
b101111111 <
1N
#63270000
0N
#63275000
b1111111111111111111111111111111111111111111111111111111111111111 +
b110000000 <
1N
#63280000
0N
#63285000
b1111111111111111111111111111111111111111111111111111111111111111 +
b110000001 <
1N
#63290000
0N
#63295000
b1111111111111111111111111111111111111111111111111111111111111111 +
b110000010 <
1N
#63300000
0N
#63305000
b1111111111111111111111111111111111111111111111111111111111111111 +
b110000011 <
1N
#63310000
0N
#63315000
b1111111111111111111111111111111111111111111111111111111111111111 +
b110000100 <
1N
#63320000
0N
#63325000
b1111111111111111111111111111111111111111111111111111111111111111 +
b110000101 <
1N
#63330000
0N
#63335000
b1111111111111111111111111111111111111111111111111111111111111111 +
b110000110 <
1N
#63340000
0N
#63345000
b1111111111111111111111111111111111111111111111111111111111111111 +
b110000111 <
1N
#63350000
0N
#63355000
b1111111111111111111111111111111111111111111111111111111111111111 +
b110001000 <
1N
#63360000
0N
#63365000
b1111111111111111111111111111111111111111111111111111111111111111 +
b110001001 <
1N
#63370000
0N
#63375000
b1111111111111111111111111111111111111111111111111111111111111111 +
b110001010 <
1N
#63380000
0N
#63385000
b1111111111111111111111111111111111111111111111111111111111111111 +
b110001011 <
1N
#63390000
0N
#63395000
b1111111111111111111111111111111111111111111111111111111111111111 +
b110001100 <
1N
#63400000
0N
#63405000
b1111111111111111111111111111111111111111111111111111111111111111 +
b110001101 <
1N
#63410000
0N
#63415000
b1111111111111111111111111111111111111111111111111111111111111111 +
b110001110 <
1N
#63420000
0N
#63425000
b1111111111111111111111111111111111111111111111111111111111111111 +
b110001111 <
1N
#63430000
0N
#63435000
b1111111111111111111111111111111111111111111111111111111111111111 +
b110010000 <
1N
#63440000
0N
#63445000
b1111111111111111111111111111111111111111111111111111111111111111 +
b110010001 <
1N
#63450000
0N
#63455000
b1111111111111111111111111111111111111111111111111111111111111111 +
b110010010 <
1N
#63460000
0N
#63465000
b1111111111111111111111111111111111111111111111111111111111111111 +
b110010011 <
1N
#63470000
0N
#63475000
1-
b1111111111111111111111111111111111111111111111111111111111111111 +
b110010100 <
1N
#63480000
0N
#63485000
0-
b1111000000 /
b0 +
b110010101 <
1N
#63490000
0N
#63495000
b1111111111111111111111111111111111111111111111111111111111111111 +
1N
#63500000
0N
#63505000
b1111111111111111111111111111111111111111111111111111111111111111 +
b110010110 <
1N
#63510000
0N
#63515000
b1111111111111111111111111111111111111111111111111111111111111111 +
b110010111 <
1N
#63520000
0N
#63525000
b1111111111111111111111111111111111111111111111111111111111111111 +
b110011000 <
1N
#63530000
0N
#63535000
b1111111111111111111111111111111111111111111111111111111111111111 +
b110011001 <
1N
#63540000
0N
#63545000
b1111111111111111111111111111111111111111111111111111111111111111 +
b110011010 <
1N
#63550000
0N
#63555000
b1111111111111111111111111111111111111111111111111111111111111111 +
b110011011 <
1N
#63560000
0N
#63565000
b1111111111111111111111111111111111111111111111111111111111111111 +
b110011100 <
1N
#63570000
0N
#63575000
b1111111111111111111111111111111111111111111111111111111111111111 +
b110011101 <
1N
#63580000
0N
#63585000
b1111111111111111111111111111111111111111111111111111111111111111 +
b110011110 <
1N
#63590000
0N
#63595000
b1111111111111111111111111111111111111111111111111111111111111111 +
b110011111 <
1N
#63600000
0N
#63605000
b1111111111111111111111111111111111111111111111111111111111111111 +
b110100000 <
1N
#63610000
0N
#63615000
b1111111111111111111111111111111111111111111111111111111111111111 +
b110100001 <
1N
#63620000
0N
#63625000
b1111111111111111111111111111111111111111111111111111111111111111 +
b110100010 <
1N
#63630000
0N
#63635000
b1111111111111111111111111111111111111111111111111111111111111111 +
b110100011 <
1N
#63640000
0N
#63645000
b1111111111111111111111111111111111111111111111111111111111111111 +
b110100100 <
1N
#63650000
0N
#63655000
b1111111111111111111111111111111111111111111111111111111111111111 +
b110100101 <
1N
#63660000
0N
#63665000
b1111111111111111111111111111111111111111111111111111111111111111 +
b110100110 <
1N
#63670000
0N
#63675000
b1111111111111111111111111111111111111111111111111111111111111111 +
b110100111 <
1N
#63680000
0N
#63685000
b1111111111111111111111111111111111111111111111111111111111111111 +
b110101000 <
1N
#63690000
0N
#63695000
b1111111111111111111111111111111111111111111111111111111111111111 +
b110101001 <
1N
#63700000
0N
#63705000
b1111111111111111111111111111111111111111111111111111111111111111 +
b110101010 <
1N
#63710000
0N
#63715000
b1111111111111111111111111111111111111111111111111111111111111111 +
b110101011 <
1N
#63720000
0N
#63725000
b1111111111111111111111111111111111111111111111111111111111111111 +
b110101100 <
1N
#63730000
0N
#63735000
b1111111111111111111111111111111111111111111111111111111111111111 +
b110101101 <
1N
#63740000
0N
#63745000
b1111111111111111111111111111111111111111111111111111111111111111 +
b110101110 <
1N
#63750000
0N
#63755000
1-
b1111111111111111111111111111111111111111111111111111111111111111 +
b110101111 <
1N
#63760000
0N
#63765000
0-
b0 +
b110110000 <
1N
#63770000
0N
#63775000
b1111100100011111 O
1.
1;
0=
1N
#63776000
b1000000 ^
b10000000000 ]
#63780000
b1111111111111111111111111111111111111111111111111111111111111111 ,
0W
0N
