1,-1,-1,-1,-1
2,-1,-1,-1,-1
3,-1,-1,-1,-1
4,-1,-1,-1,-1
5,0,-1,-1,-1
6,3,1,-1,-1
7,6,4,2,-1
8,9,7,5,3
9,12,10,8,6
10,15,13,11,9
11,18,16,14,12
12,21,19,17,15
13,24,22,20,18
14,27,25,23,21
15,30,28,26,24
16,33,31,29,27
17,36,34,32,30
18,39,37,35,33
19,42,40,38,36
20,45,43,41,39
21,48,46,44,42
22,51,49,47,45
23,54,52,50,48
24,57,55,53,51
25,60,58,56,54
26,63,61,59,57
27,66,64,62,60
28,69,67,65,63
29,72,70,68,66
30,75,73,71,69
31,78,76,74,72
32,81,79,77,75
33,84,82,80,78
34,87,85,83,81
35,96,88,86,84
36,99,97,89,87
37,102,100,98,90
38,105,103,101,99
39,108,106,104,102
40,111,109,107,105
41,114,112,110,108
42,117,115,113,111
43,120,118,116,114
44,123,121,119,117
45,126,124,122,120
46,129,127,125,123
47,132,130,128,126
48,135,133,131,129
49,138,136,134,132
50,141,139,137,135
51,144,142,140,138
52,147,145,143,141
53,150,148,146,144
54,153,151,149,147
55,156,154,152,150
56,159,157,155,153
57,162,160,158,156
58,165,163,161,159
59,168,166,164,162
60,171,169,167,165
61,174,172,170,168
62,177,175,173,171
63,180,178,176,174
64,183,181,179,177
65,192,184,182,180
66,195,193,185,183
67,198,196,194,186
68,201,199,197,195
69,204,202,200,198
70,207,205,203,201
71,210,208,206,204
72,213,211,209,207
73,216,214,212,210
74,219,217,215,213
75,222,220,218,216
76,225,223,221,219
77,228,226,224,222
78,231,229,227,225
79,234,232,230,228
80,237,235,233,231
81,240,238,236,234
82,243,241,239,237
83,246,244,242,240
84,249,247,245,243
85,252,250,248,246
86,255,253,251,249
87,258,256,254,252
88,261,259,257,255
89,264,262,260,258
90,267,265,263,261
91,270,268,266,264
92,273,271,269,267
93,276,274,272,270
94,279,277,275,273
95,288,280,278,276
96,291,289,281,279
97,294,292,290,282
98,297,295,293,291
99,300,298,296,294
100,303,301,299,297
101,306,304,302,300
102,309,307,305,303
103,312,310,308,306
104,315,313,311,309
105,318,316,314,312
106,321,319,317,315
107,324,322,320,318
108,327,325,323,321
109,330,328,326,324
110,333,331,329,327
111,336,334,332,330
112,339,337,335,333
113,342,340,338,336
114,345,343,341,339
115,348,346,344,342
116,351,349,347,345
117,354,352,350,348
118,357,355,353,351
119,360,358,356,354
120,363,361,359,357
121,366,364,362,360
122,369,367,365,363
123,372,370,368,366
124,375,373,371,369
125,384,376,374,372
126,387,385,377,375
127,390,388,386,378
128,393,391,389,387
129,396,394,392,390
130,399,397,395,393
131,402,400,398,396
132,405,403,401,399
133,408,406,404,402
134,411,409,407,405
135,414,412,410,408
136,417,415,413,411
137,420,418,416,414
138,423,421,419,417
139,426,424,422,420
140,429,427,425,423
141,432,430,428,426
142,435,433,431,429
143,438,436,434,432
144,441,439,437,435
145,444,442,440,438
146,447,445,443,441
147,450,448,446,444
148,453,451,449,447
149,456,454,452,450
150,459,457,455,453
151,462,460,458,456
152,465,463,461,459
153,468,466,464,462
154,471,469,467,465
155,480,472,470,468
156,483,481,473,471
157,486,484,482,474
158,489,487,485,483
159,492,490,488,486
160,495,493,491,489
161,498,496,494,492
162,501,499,497,495
163,504,502,500,498
164,507,505,503,501
165,510,508,506,504
166,513,511,509,507
167,516,514,512,510
168,519,517,515,513
169,522,520,518,516
170,525,523,521,519
171,528,526,524,522
172,531,529,527,525
173,534,532,530,528
174,537,535,533,531
175,540,538,536,534
176,543,541,539,537
177,546,544,542,540
178,549,547,545,543
179,552,550,548,546
180,555,553,551,549
181,558,556,554,552
182,561,559,557,555
183,564,562,560,558
184,567,565,563,561
185,576,568,566,564
186,579,577,569,567
187,582,580,578,570
188,585,583,581,579
189,588,586,584,582
190,591,589,587,585
191,594,592,590,588
192,597,595,593,591
193,600,598,596,594
194,603,601,599,597
195,606,604,602,600
196,609,607,605,603
197,612,610,608,606
198,615,613,611,609
199,618,616,614,612
200,621,619,617,615
201,624,622,620,618
202,627,625,623,621
203,630,628,626,624
204,633,631,629,627
205,636,634,632,630
206,639,637,635,633
207,642,640,638,636
208,645,643,641,639
209,648,646,644,642
210,651,649,647,645
211,654,652,650,648
212,657,655,653,651
213,660,658,656,654
214,663,661,659,657
215,672,664,662,660
216,675,673,665,663
217,678,676,674,666
218,681,679,677,675
219,684,682,680,678
220,687,685,683,681
221,690,688,686,684
222,693,691,689,687
223,696,694,692,690
224,699,697,695,693
225,702,700,698,696
226,705,703,701,699
227,708,706,704,702
228,711,709,707,705
229,714,712,710,708
230,717,715,713,711
231,720,718,716,714
232,723,721,719,717
233,726,724,722,720
234,729,727,725,723
235,732,730,728,726
236,735,733,731,729
237,738,736,734,732
238,741,739,737,735
239,744,742,740,738
240,747,745,743,741
241,750,748,746,744
242,753,751,749,747
243,756,754,752,750
244,759,757,755,753
245,768,760,758,756
246,771,769,761,759
247,774,772,770,762
248,777,775,773,771
249,780,778,776,774
250,783,781,779,777
251,786,784,782,780
252,789,787,785,783
253,792,790,788,786
254,795,793,791,789
255,798,796,794,792
256,801,799,797,795
257,804,802,800,798
258,807,805,803,801
259,810,808,806,804
260,813,811,809,807
261,816,814,812,810
262,819,817,815,813
263,822,820,818,816
264,825,823,821,819
265,828,826,824,822
266,831,829,827,825
267,834,832,830,828
268,837,835,833,831
269,840,838,836,834
270,843,841,839,837
271,846,844,842,840
272,849,847,845,843
273,852,850,848,846
274,855,853,851,849
275,864,856,854,852
276,867,865,857,855
277,870,868,866,858
278,873,871,869,867
279,876,874,872,870
280,879,877,875,873
281,882,880,878,876
282,885,883,881,879
283,888,886,884,882
284,891,889,887,885
285,894,892,890,888
286,897,895,893,891
287,900,898,896,894
288,903,901,899,897
289,906,904,902,900
290,909,907,905,903
291,912,910,908,906
292,915,913,911,909
293,918,916,914,912
294,921,919,917,915
295,924,922,920,918
296,927,925,923,921
297,930,928,926,924
298,933,931,929,927
299,936,934,932,930
300,939,937,935,933
301,942,940,938,936
302,945,943,941,939
303,948,946,944,942
304,951,949,947,945
305,960,952,950,948
306,963,961,953,951
307,966,964,962,954
308,969,967,965,963
309,972,970,968,966
310,975,973,971,969
311,978,976,974,972
312,981,979,977,975
313,984,982,980,978
314,987,985,983,981
315,990,988,986,984
316,993,991,989,987
317,996,994,992,990
318,999,997,995,993
319,1002,1000,998,996
320,1005,1003,1001,999
321,1008,1006,1004,1002
322,1011,1009,1007,1005
323,1014,1012,1010,1008
324,1017,1015,1013,1011
325,1020,1018,1016,1014
326,1023,1021,1019,1017
327,1026,1024,1022,1020
328,1029,1027,1025,1023
329,1032,1030,1028,1026
330,1035,1033,1031,1029
331,1038,1036,1034,1032
332,1041,1039,1037,1035
333,1044,1042,1040,1038
334,1047,1045,1043,1041
335,1056,1048,1046,1044
336,1059,1057,1049,1047
337,1062,1060,1058,1050
338,1065,1063,1061,1059
339,1068,1066,1064,1062
340,1071,1069,1067,1065
341,1074,1072,1070,1068
342,1077,1075,1073,1071
343,1080,1078,1076,1074
344,1083,1081,1079,1077
345,1086,1084,1082,1080
346,1089,1087,1085,1083
347,1092,1090,1088,1086
348,1095,1093,1091,1089
349,1098,1096,1094,1092
350,1101,1099,1097,1095
351,1104,1102,1100,1098
352,1107,1105,1103,1101
353,1110,1108,1106,1104
354,1113,1111,1109,1107
355,1116,1114,1112,1110
356,1119,1117,1115,1113
357,1122,1120,1118,1116
358,1125,1123,1121,1119
359,1128,1126,1124,1122
360,1131,1129,1127,1125
361,1134,1132,1130,1128
362,1137,1135,1133,1131
363,1140,1138,1136,1134
364,1143,1141,1139,1137
365,1152,1144,1142,1140
366,1155,1153,1145,1143
367,1158,1156,1154,1146
368,1161,1159,1157,1155
369,1164,1162,1160,1158
370,1167,1165,1163,1161
371,1170,1168,1166,1164
372,1173,1171,1169,1167
373,1176,1174,1172,1170
374,1179,1177,1175,1173
375,1182,1180,1178,1176
376,1185,1183,1181,1179
377,1188,1186,1184,1182
378,1191,1189,1187,1185
379,1194,1192,1190,1188
380,1197,1195,1193,1191
381,1200,1198,1196,1194
382,1203,1201,1199,1197
383,1206,1204,1202,1200
384,1209,1207,1205,1203
385,1212,1210,1208,1206
386,1215,1213,1211,1209
387,1218,1216,1214,1212
388,1221,1219,1217,1215
389,1224,1222,1220,1218
390,1227,1225,1223,1221
391,1230,1228,1226,1224
392,1233,1231,1229,1227
393,1236,1234,1232,1230
394,1239,1237,1235,1233
395,1248,1240,1238,1236
396,1251,1249,1241,1239
397,1254,1252,1250,1242
398,1257,1255,1253,1251
399,1260,1258,1256,1254
400,1263,1261,1259,1257
401,1266,1264,1262,1260
402,1269,1267,1265,1263
403,1272,1270,1268,1266
404,1275,1273,1271,1269
405,1278,1276,1274,1272
406,1281,1279,1277,1275
407,1284,1282,1280,1278
408,1287,1285,1283,1281
409,1290,1288,1286,1284
410,1293,1291,1289,1287
411,1296,1294,1292,1290
412,1299,1297,1295,1293
413,1302,1300,1298,1296
414,1305,1303,1301,1299
415,1308,1306,1304,1302
416,1311,1309,1307,1305
417,1314,1312,1310,1308
418,1317,1315,1313,1311
419,1320,1318,1316,1314
420,1323,1321,1319,1317
421,1326,1324,1322,1320
422,1329,1327,1325,1323
423,1332,1330,1328,1326
424,1335,1333,1331,1329
425,1344,1336,1334,1332
426,1347,1345,1337,1335
427,1350,1348,1346,1338
428,1353,1351,1349,1347
429,1356,1354,1352,1350
430,1359,1357,1355,1353
431,1362,1360,1358,1356
432,1365,1363,1361,1359
433,1368,1366,1364,1362
434,1371,1369,1367,1365
435,1374,1372,1370,1368
436,1377,1375,1373,1371
437,1380,1378,1376,1374
438,1383,1381,1379,1377
439,1386,1384,1382,1380
440,1389,1387,1385,1383
441,1392,1390,1388,1386
442,1395,1393,1391,1389
443,1398,1396,1394,1392
444,1401,1399,1397,1395
445,1404,1402,1400,1398
446,1407,1405,1403,1401
447,1410,1408,1406,1404
448,1413,1411,1409,1407
449,1416,1414,1412,1410
450,1419,1417,1415,1413
451,1422,1420,1418,1416
452,1425,1423,1421,1419
453,1428,1426,1424,1422
454,1431,1429,1427,1425
455,1440,1432,1430,1428
456,1443,1441,1433,1431
457,1446,1444,1442,1434
458,1449,1447,1445,1443
459,1452,1450,1448,1446
460,1455,1453,1451,1449
461,1458,1456,1454,1452
462,1461,1459,1457,1455
463,1464,1462,1460,1458
464,1467,1465,1463,1461
465,1470,1468,1466,1464
466,1473,1471,1469,1467
467,1476,1474,1472,1470
468,1479,1477,1475,1473
469,1482,1480,1478,1476
470,1485,1483,1481,1479
471,1488,1486,1484,1482
472,1491,1489,1487,1485
473,1494,1492,1490,1488
474,1497,1495,1493,1491
475,1500,1498,1496,1494
476,1503,1501,1499,1497
477,1506,1504,1502,1500
478,1509,1507,1505,1503
479,1512,1510,1508,1506
480,1515,1513,1511,1509
481,1518,1516,1514,1512
482,1521,1519,1517,1515
483,1524,1522,1520,1518
484,1527,1525,1523,1521
485,1536,1528,1526,1524
486,1539,1537,1529,1527
487,1542,1540,1538,1530
488,1545,1543,1541,1539
489,1548,1546,1544,1542
490,1551,1549,1547,1545
491,1554,1552,1550,1548
492,1557,1555,1553,1551
493,1560,1558,1556,1554
494,1563,1561,1559,1557
495,1566,1564,1562,1560
496,1569,1567,1565,1563
497,1572,1570,1568,1566
498,1575,1573,1571,1569
499,1578,1576,1574,1572
500,1581,1579,1577,1575
501,1584,1582,1580,1578
502,1587,1585,1583,1581
503,1590,1588,1586,1584
504,1593,1591,1589,1587
505,1596,1594,1592,1590
506,1599,1597,1595,1593
507,1602,1600,1598,1596
508,1605,1603,1601,1599
509,1608,1606,1604,1602
510,1611,1609,1607,1605
511,1614,1612,1610,1608
512,1617,1615,1613,1611
513,1620,1618,1616,1614
514,1623,1621,1619,1617
515,1632,1624,1622,1620
516,1635,1633,1625,1623
517,1638,1636,1634,1626
518,1641,1639,1637,1635
519,1644,1642,1640,1638
520,1647,1645,1643,1641
521,1650,1648,1646,1644
522,1653,1651,1649,1647
523,1656,1654,1652,1650
524,1659,1657,1655,1653
525,1662,1660,1658,1656
526,1665,1663,1661,1659
527,1668,1666,1664,1662
528,1671,1669,1667,1665
529,1674,1672,1670,1668
530,1677,1675,1673,1671
531,1680,1678,1676,1674
532,1683,1681,1679,1677
533,1686,1684,1682,1680
534,1689,1687,1685,1683
535,1692,1690,1688,1686
536,1695,1693,1691,1689
537,1698,1696,1694,1692
538,1701,1699,1697,1695
539,1704,1702,1700,1698
540,1707,1705,1703,1701
541,1710,1708,1706,1704
542,1713,1711,1709,1707
543,1716,1714,1712,1710
544,1719,1717,1715,1713
545,1728,1720,1718,1716
546,1731,1729,1721,1719
547,1734,1732,1730,1722
548,1737,1735,1733,1731
549,1740,1738,1736,1734
550,1743,1741,1739,1737
551,1746,1744,1742,1740
552,1749,1747,1745,1743
553,1752,1750,1748,1746
554,1755,1753,1751,1749
555,1758,1756,1754,1752
556,1761,1759,1757,1755
557,1764,1762,1760,1758
558,1767,1765,1763,1761
559,1770,1768,1766,1764
560,1773,1771,1769,1767
561,1776,1774,1772,1770
562,1779,1777,1775,1773
563,1782,1780,1778,1776
564,1785,1783,1781,1779
565,1788,1786,1784,1782
566,1791,1789,1787,1785
567,1794,1792,1790,1788
568,1797,1795,1793,1791
569,1800,1798,1796,1794
570,1803,1801,1799,1797
571,1806,1804,1802,1800
572,1809,1807,1805,1803
573,1812,1810,1808,1806
574,1815,1813,1811,1809
575,1824,1816,1814,1812
576,1827,1825,1817,1815
577,1830,1828,1826,1818
578,1833,1831,1829,1827
579,1836,1834,1832,1830
580,1839,1837,1835,1833
581,1842,1840,1838,1836
582,1845,1843,1841,1839
583,1848,1846,1844,1842
584,1851,1849,1847,1845
585,1854,1852,1850,1848
586,1857,1855,1853,1851
587,1860,1858,1856,1854
588,1863,1861,1859,1857
589,1866,1864,1862,1860
590,1869,1867,1865,1863
591,1872,1870,1868,1866
592,1875,1873,1871,1869
593,1878,1876,1874,1872
594,1881,1879,1877,1875
595,1884,1882,1880,1878
596,1887,1885,1883,1881
597,1890,1888,1886,1884
598,1893,1891,1889,1887
599,1896,1894,1892,1890
600,1899,1897,1895,1893
601,1902,1900,1898,1896
602,1905,1903,1901,1899
603,1908,1906,1904,1902
604,1911,1909,1907,1905
605,1920,1912,1910,1908
606,1923,1921,1913,1911
607,1926,1924,1922,1914
608,1929,1927,1925,1923
609,1932,1930,1928,1926
610,1935,1933,1931,1929
611,1938,1936,1934,1932
612,1941,1939,1937,1935
613,1944,1942,1940,1938
614,1947,1945,1943,1941
615,1950,1948,1946,1944
616,1953,1951,1949,1947
617,1956,1954,1952,1950
618,1959,1957,1955,1953
619,1962,1960,1958,1956
620,1965,1963,1961,1959
621,1968,1966,1964,1962
622,1971,1969,1967,1965
623,1974,1972,1970,1968
624,1977,1975,1973,1971
625,1980,1978,1976,1974
626,1983,1981,1979,1977
627,1986,1984,1982,1980
628,1989,1987,1985,1983
629,1992,1990,1988,1986
630,1995,1993,1991,1989
631,1998,1996,1994,1992
632,2001,1999,1997,1995
633,2004,2002,2000,1998
634,2007,2005,2003,2001
635,2016,2008,2006,2004
636,2019,2017,2009,2007
637,2022,2020,2018,2010
638,2025,2023,2021,2019
639,2028,2026,2024,2022
640,2031,2029,2027,2025
641,2034,2032,2030,2028
642,2037,2035,2033,2031
643,2040,2038,2036,2034
644,2043,2041,2039,2037
645,2046,2044,2042,2040
646,2049,2047,2045,2043
647,2052,2050,2048,2046
648,2055,2053,2051,2049
649,2058,2056,2054,2052
650,2061,2059,2057,2055
651,2064,2062,2060,2058
652,2067,2065,2063,2061
653,2070,2068,2066,2064
654,2073,2071,2069,2067
655,2076,2074,2072,2070
656,2079,2077,2075,2073
657,2082,2080,2078,2076
658,2085,2083,2081,2079
659,2088,2086,2084,2082
660,2091,2089,2087,2085
661,2094,2092,2090,2088
662,2097,2095,2093,2091
663,2100,2098,2096,2094
664,2103,2101,2099,2097
665,2112,2104,2102,2100
666,2115,2113,2105,2103
667,2118,2116,2114,2106
668,2121,2119,2117,2115
669,2124,2122,2120,2118
670,2127,2125,2123,2121
671,2130,2128,2126,2124
672,2133,2131,2129,2127
673,2136,2134,2132,2130
674,2139,2137,2135,2133
675,2142,2140,2138,2136
676,2145,2143,2141,2139
677,2148,2146,2144,2142
678,2151,2149,2147,2145
679,2154,2152,2150,2148
680,2157,2155,2153,2151
681,2160,2158,2156,2154
682,2163,2161,2159,2157
683,2166,2164,2162,2160
684,2169,2167,2165,2163
685,2172,2170,2168,2166
686,2175,2173,2171,2169
687,2178,2176,2174,2172
688,2181,2179,2177,2175
689,2184,2182,2180,2178
690,2187,2185,2183,2181
691,2190,2188,2186,2184
692,2193,2191,2189,2187
693,2196,2194,2192,2190
694,2199,2197,2195,2193
695,2208,2200,2198,2196
696,2211,2209,2201,2199
697,2214,2212,2210,2202
698,2217,2215,2213,2211
699,2220,2218,2216,2214
700,2223,2221,2219,2217
701,2226,2224,2222,2220
702,2229,2227,2225,2223
703,2232,2230,2228,2226
704,2235,2233,2231,2229
705,2238,2236,2234,2232
706,2241,2239,2237,2235
707,2244,2242,2240,2238
708,2247,2245,2243,2241
709,2250,2248,2246,2244
710,2253,2251,2249,2247
711,2256,2254,2252,2250
712,2259,2257,2255,2253
713,2262,2260,2258,2256
714,2265,2263,2261,2259
715,2268,2266,2264,2262
716,2271,2269,2267,2265
717,2274,2272,2270,2268
718,2277,2275,2273,2271
719,2280,2278,2276,2274
720,2283,2281,2279,2277
721,2286,2284,2282,2280
722,2289,2287,2285,2283
723,2292,2290,2288,2286
724,2295,2293,2291,2289
725,2304,2296,2294,2292
726,2307,2305,2297,2295
727,2310,2308,2306,2298
728,2313,2311,2309,2307
729,2316,2314,2312,2310
730,2319,2317,2315,2313
731,2322,2320,2318,2316
732,2325,2323,2321,2319
733,2328,2326,2324,2322
734,2331,2329,2327,2325
735,2334,2332,2330,2328
736,2337,2335,2333,2331
737,2340,2338,2336,2334
738,2343,2341,2339,2337
739,2346,2344,2342,2340
740,2349,2347,2345,2343
741,2352,2350,2348,2346
742,2355,2353,2351,2349
743,2358,2356,2354,2352
744,2361,2359,2357,2355
745,2364,2362,2360,2358
746,2367,2365,2363,2361
747,2370,2368,2366,2364
748,2373,2371,2369,2367
749,2376,2374,2372,2370
750,2379,2377,2375,2373
751,2382,2380,2378,2376
752,2385,2383,2381,2379
753,2388,2386,2384,2382
754,2391,2389,2387,2385
755,2400,2392,2390,2388
756,2403,2401,2393,2391
757,2406,2404,2402,2394
758,2409,2407,2405,2403
759,2412,2410,2408,2406
760,2415,2413,2411,2409
761,2418,2416,2414,2412
762,2421,2419,2417,2415
763,2424,2422,2420,2418
764,2427,2425,2423,2421
765,2430,2428,2426,2424
766,2433,2431,2429,2427
767,2436,2434,2432,2430
768,2439,2437,2435,2433
769,2442,2440,2438,2436
770,2445,2443,2441,2439
771,2448,2446,2444,2442
772,2451,2449,2447,2445
773,2454,2452,2450,2448
774,2457,2455,2453,2451
775,2460,2458,2456,2454
776,2463,2461,2459,2457
777,2466,2464,2462,2460
778,2469,2467,2465,2463
779,2472,2470,2468,2466
780,2475,2473,2471,2469
781,2478,2476,2474,2472
782,2481,2479,2477,2475
783,2484,2482,2480,2478
784,2487,2485,2483,2481
785,2496,2488,2486,2484
786,2499,2497,2489,2487
787,2502,2500,2498,2490
788,2505,2503,2501,2499
789,2508,2506,2504,2502
790,2511,2509,2507,2505
791,2514,2512,2510,2508
792,2517,2515,2513,2511
793,2520,2518,2516,2514
794,2523,2521,2519,2517
795,2526,2524,2522,2520
796,2529,2527,2525,2523
797,2532,2530,2528,2526
798,2535,2533,2531,2529
799,2538,2536,2534,2532
800,2541,2539,2537,2535
801,2544,2542,2540,2538
802,2547,2545,2543,2541
803,2550,2548,2546,2544
804,2553,2551,2549,2547
805,2556,2554,2552,2550
806,2559,2557,2555,2553
807,2562,2560,2558,2556
808,2565,2563,2561,2559
809,2568,2566,2564,2562
810,2571,2569,2567,2565
811,2574,2572,2570,2568
812,2577,2575,2573,2571
813,2580,2578,2576,2574
814,2583,2581,2579,2577
815,2592,2584,2582,2580
816,2595,2593,2585,2583
817,2598,2596,2594,2586
818,2601,2599,2597,2595
819,2604,2602,2600,2598
820,2607,2605,2603,2601
821,2610,2608,2606,2604
822,2613,2611,2609,2607
823,2616,2614,2612,2610
824,2619,2617,2615,2613
825,2622,2620,2618,2616
826,2625,2623,2621,2619
827,2628,2626,2624,2622
828,2631,2629,2627,2625
829,2634,2632,2630,2628
830,2637,2635,2633,2631
831,2640,2638,2636,2634
832,2643,2641,2639,2637
833,2646,2644,2642,2640
834,2649,2647,2645,2643
835,2652,2650,2648,2646
836,2655,2653,2651,2649
837,2658,2656,2654,2652
838,2661,2659,2657,2655
839,2664,2662,2660,2658
840,2667,2665,2663,2661
841,2670,2668,2666,2664
842,2673,2671,2669,2667
843,2676,2674,2672,2670
844,2679,2677,2675,2673
845,2688,2680,2678,2676
846,2691,2689,2681,2679
847,2694,2692,2690,2682
848,2697,2695,2693,2691
849,2700,2698,2696,2694
850,2703,2701,2699,2697
851,2706,2704,2702,2700
852,2709,2707,2705,2703
853,2712,2710,2708,2706
854,2715,2713,2711,2709
855,2718,2716,2714,2712
856,2721,2719,2717,2715
857,2724,2722,2720,2718
858,2727,2725,2723,2721
859,2730,2728,2726,2724
860,2733,2731,2729,2727
861,2736,2734,2732,2730
862,2739,2737,2735,2733
863,2742,2740,2738,2736
864,2745,2743,2741,2739
865,2748,2746,2744,2742
866,2751,2749,2747,2745
867,2754,2752,2750,2748
868,2757,2755,2753,2751
869,2760,2758,2756,2754
870,2763,2761,2759,2757
871,2766,2764,2762,2760
872,2769,2767,2765,2763
873,2772,2770,2768,2766
874,2775,2773,2771,2769
875,2784,2776,2774,2772
876,2787,2785,2777,2775
877,2790,2788,2786,2778
878,2793,2791,2789,2787
879,2796,2794,2792,2790
880,2799,2797,2795,2793
881,2802,2800,2798,2796
882,2805,2803,2801,2799
883,2808,2806,2804,2802
884,2811,2809,2807,2805
885,2814,2812,2810,2808
886,2817,2815,2813,2811
887,2820,2818,2816,2814
888,2823,2821,2819,2817
889,2826,2824,2822,2820
890,2829,2827,2825,2823
891,2832,2830,2828,2826
892,2835,2833,2831,2829
893,2838,2836,2834,2832
894,2841,2839,2837,2835
895,2844,2842,2840,2838
896,2847,2845,2843,2841
897,2850,2848,2846,2844
898,2853,2851,2849,2847
899,2856,2854,2852,2850
900,2859,2857,2855,2853
901,2862,2860,2858,2856
902,2865,2863,2861,2859
903,2868,2866,2864,2862
904,2871,2869,2867,2865
905,-1,2872,2870,2868
906,-1,-1,2873,2871
907,-1,-1,-1,2874
908,-1,-1,-1,-1
909,-1,-1,-1,-1
910,-1,-1,-1,-1
911,-1,-1,-1,-1
912,-1,-1,-1,-1
913,-1,-1,-1,-1
914,-1,-1,-1,-1
915,-1,-1,-1,-1
916,-1,-1,-1,-1
917,-1,-1,-1,-1
918,-1,-1,-1,-1
919,4,-1,-1,-1
920,7,5,-1,-1
921,10,8,6,-1
922,13,11,9,7
923,16,14,12,10
924,19,17,15,13
925,22,20,18,16
926,25,23,21,19
927,28,26,24,22
928,31,29,27,25
929,34,32,30,28
930,37,35,33,31
931,40,38,36,34
932,43,41,39,37
933,46,44,42,40
934,49,47,45,43
935,52,50,48,46
936,55,53,51,49
937,58,56,54,52
938,61,59,57,55
939,64,62,60,58
940,67,65,63,61
941,70,68,66,64
942,73,71,69,67
943,76,74,72,70
944,79,77,75,73
945,82,80,78,76
946,85,83,81,79
947,88,86,84,82
948,91,89,87,85
949,100,92,90,88
950,103,101,93,91
951,106,104,102,94
952,109,107,105,103
953,112,110,108,106
954,115,113,111,109
955,118,116,114,112
956,121,119,117,115
957,124,122,120,118
958,127,125,123,121
959,130,128,126,124
960,133,131,129,127
961,136,134,132,130
962,139,137,135,133
963,142,140,138,136
964,145,143,141,139
965,148,146,144,142
966,151,149,147,145
967,154,152,150,148
968,157,155,153,151
969,160,158,156,154
970,163,161,159,157
971,166,164,162,160
972,169,167,165,163
973,172,170,168,166
974,175,173,171,169
975,178,176,174,172
976,181,179,177,175
977,184,182,180,178
978,187,185,183,181
979,196,188,186,184
980,199,197,189,187
981,202,200,198,190
982,205,203,201,199
983,208,206,204,202
984,211,209,207,205
985,214,212,210,208
986,217,215,213,211
987,220,218,216,214
988,223,221,219,217
989,226,224,222,220
990,229,227,225,223
991,232,230,228,226
992,235,233,231,229
993,238,236,234,232
994,241,239,237,235
995,244,242,240,238
996,247,245,243,241
997,250,248,246,244
998,253,251,249,247
999,256,254,252,250
1000,259,257,255,253
1001,262,260,258,256
1002,265,263,261,259
1003,268,266,264,262
1004,271,269,267,265
1005,274,272,270,268
1006,277,275,273,271
1007,280,278,276,274
1008,283,281,279,277
1009,292,284,282,280
1010,295,293,285,283
1011,298,296,294,286
1012,301,299,297,295
1013,304,302,300,298
1014,307,305,303,301
1015,310,308,306,304
1016,313,311,309,307
1017,316,314,312,310
1018,319,317,315,313
1019,322,320,318,316
1020,325,323,321,319
1021,328,326,324,322
1022,331,329,327,325
1023,334,332,330,328
1024,337,335,333,331
1025,340,338,336,334
1026,343,341,339,337
1027,346,344,342,340
1028,349,347,345,343
1029,352,350,348,346
1030,355,353,351,349
1031,358,356,354,352
1032,361,359,357,355
1033,364,362,360,358
1034,367,365,363,361
1035,370,368,366,364
1036,373,371,369,367
1037,376,374,372,370
1038,379,377,375,373
1039,388,380,378,376
1040,391,389,381,379
1041,394,392,390,382
1042,397,395,393,391
1043,400,398,396,394
1044,403,401,399,397
1045,406,404,402,400
1046,409,407,405,403
1047,412,410,408,406
1048,415,413,411,409
1049,418,416,414,412
1050,421,419,417,415
1051,424,422,420,418
1052,427,425,423,421
1053,430,428,426,424
1054,433,431,429,427
1055,436,434,432,430
1056,439,437,435,433
1057,442,440,438,436
1058,445,443,441,439
1059,448,446,444,442
1060,451,449,447,445
1061,454,452,450,448
1062,457,455,453,451
1063,460,458,456,454
1064,463,461,459,457
1065,466,464,462,460
1066,469,467,465,463
1067,472,470,468,466
1068,475,473,471,469
1069,484,476,474,472
1070,487,485,477,475
1071,490,488,486,478
1072,493,491,489,487
1073,496,494,492,490
1074,499,497,495,493
1075,502,500,498,496
1076,505,503,501,499
1077,508,506,504,502
1078,511,509,507,505
1079,514,512,510,508
1080,517,515,513,511
1081,520,518,516,514
1082,523,521,519,517
1083,526,524,522,520
1084,529,527,525,523
1085,532,530,528,526
1086,535,533,531,529
1087,538,536,534,532
1088,541,539,537,535
1089,544,542,540,538
1090,547,545,543,541
1091,550,548,546,544
1092,553,551,549,547
1093,556,554,552,550
1094,559,557,555,553
1095,562,560,558,556
1096,565,563,561,559
1097,568,566,564,562
1098,571,569,567,565
1099,580,572,570,568
1100,583,581,573,571
1101,586,584,582,574
1102,589,587,585,583
1103,592,590,588,586
1104,595,593,591,589
1105,598,596,594,592
1106,601,599,597,595
1107,604,602,600,598
1108,607,605,603,601
1109,610,608,606,604
1110,613,611,609,607
1111,616,614,612,610
1112,619,617,615,613
1113,622,620,618,616
1114,625,623,621,619
1115,628,626,624,622
1116,631,629,627,625
1117,634,632,630,628
1118,637,635,633,631
1119,640,638,636,634
1120,643,641,639,637
1121,646,644,642,640
1122,649,647,645,643
1123,652,650,648,646
1124,655,653,651,649
1125,658,656,654,652
1126,661,659,657,655
1127,664,662,660,658
1128,667,665,663,661
1129,676,668,666,664
1130,679,677,669,667
1131,682,680,678,670
1132,685,683,681,679
1133,688,686,684,682
1134,691,689,687,685
1135,694,692,690,688
1136,697,695,693,691
1137,700,698,696,694
1138,703,701,699,697
1139,706,704,702,700
1140,709,707,705,703
1141,712,710,708,706
1142,715,713,711,709
1143,718,716,714,712
1144,721,719,717,715
1145,724,722,720,718
1146,727,725,723,721
1147,730,728,726,724
1148,733,731,729,727
1149,736,734,732,730
1150,739,737,735,733
1151,742,740,738,736
1152,745,743,741,739
1153,748,746,744,742
1154,751,749,747,745
1155,754,752,750,748
1156,757,755,753,751
1157,760,758,756,754
1158,763,761,759,757
1159,772,764,762,760
1160,775,773,765,763
1161,778,776,774,766
1162,781,779,777,775
1163,784,782,780,778
1164,787,785,783,781
1165,790,788,786,784
1166,793,791,789,787
1167,796,794,792,790
1168,799,797,795,793
1169,802,800,798,796
1170,805,803,801,799
1171,808,806,804,802
1172,811,809,807,805
1173,814,812,810,808
1174,817,815,813,811
1175,820,818,816,814
1176,823,821,819,817
1177,826,824,822,820
1178,829,827,825,823
1179,832,830,828,826
1180,835,833,831,829
1181,838,836,834,832
1182,841,839,837,835
1183,844,842,840,838
1184,847,845,843,841
1185,850,848,846,844
1186,853,851,849,847
1187,856,854,852,850
1188,859,857,855,853
1189,868,860,858,856
1190,871,869,861,859
1191,874,872,870,862
1192,877,875,873,871
1193,880,878,876,874
1194,883,881,879,877
1195,886,884,882,880
1196,889,887,885,883
1197,892,890,888,886
1198,895,893,891,889
1199,898,896,894,892
1200,901,899,897,895
1201,904,902,900,898
1202,907,905,903,901
1203,910,908,906,904
1204,913,911,909,907
1205,916,914,912,910
1206,919,917,915,913
1207,922,920,918,916
1208,925,923,921,919
1209,928,926,924,922
1210,931,929,927,925
1211,934,932,930,928
1212,937,935,933,931
1213,940,938,936,934
1214,943,941,939,937
1215,946,944,942,940
1216,949,947,945,943
1217,952,950,948,946
1218,955,953,951,949
1219,964,956,954,952
1220,967,965,957,955
1221,970,968,966,958
1222,973,971,969,967
1223,976,974,972,970
1224,979,977,975,973
1225,982,980,978,976
1226,985,983,981,979
1227,988,986,984,982
1228,991,989,987,985
1229,994,992,990,988
1230,997,995,993,991
1231,1000,998,996,994
1232,1003,1001,999,997
1233,1006,1004,1002,1000
1234,1009,1007,1005,1003
1235,1012,1010,1008,1006
1236,1015,1013,1011,1009
1237,1018,1016,1014,1012
1238,1021,1019,1017,1015
1239,1024,1022,1020,1018
1240,1027,1025,1023,1021
1241,1030,1028,1026,1024
1242,1033,1031,1029,1027
1243,1036,1034,1032,1030
1244,1039,1037,1035,1033
1245,1042,1040,1038,1036
1246,1045,1043,1041,1039
1247,1048,1046,1044,1042
1248,1051,1049,1047,1045
1249,1060,1052,1050,1048
1250,1063,1061,1053,1051
1251,1066,1064,1062,1054
1252,1069,1067,1065,1063
1253,1072,1070,1068,1066
1254,1075,1073,1071,1069
1255,1078,1076,1074,1072
1256,1081,1079,1077,1075
1257,1084,1082,1080,1078
1258,1087,1085,1083,1081
1259,1090,1088,1086,1084
1260,1093,1091,1089,1087
1261,1096,1094,1092,1090
1262,1099,1097,1095,1093
1263,1102,1100,1098,1096
1264,1105,1103,1101,1099
1265,1108,1106,1104,1102
1266,1111,1109,1107,1105
1267,1114,1112,1110,1108
1268,1117,1115,1113,1111
1269,1120,1118,1116,1114
1270,1123,1121,1119,1117
1271,1126,1124,1122,1120
1272,1129,1127,1125,1123
1273,1132,1130,1128,1126
1274,1135,1133,1131,1129
1275,1138,1136,1134,1132
1276,1141,1139,1137,1135
1277,1144,1142,1140,1138
1278,1147,1145,1143,1141
1279,1156,1148,1146,1144
1280,1159,1157,1149,1147
1281,1162,1160,1158,1150
1282,1165,1163,1161,1159
1283,1168,1166,1164,1162
1284,1171,1169,1167,1165
1285,1174,1172,1170,1168
1286,1177,1175,1173,1171
1287,1180,1178,1176,1174
1288,1183,1181,1179,1177
1289,1186,1184,1182,1180
1290,1189,1187,1185,1183
1291,1192,1190,1188,1186
1292,1195,1193,1191,1189
1293,1198,1196,1194,1192
1294,1201,1199,1197,1195
1295,1204,1202,1200,1198
1296,1207,1205,1203,1201
1297,1210,1208,1206,1204
1298,1213,1211,1209,1207
1299,1216,1214,1212,1210
1300,1219,1217,1215,1213
1301,1222,1220,1218,1216
1302,1225,1223,1221,1219
1303,1228,1226,1224,1222
1304,1231,1229,1227,1225
1305,1234,1232,1230,1228
1306,1237,1235,1233,1231
1307,1240,1238,1236,1234
1308,1243,1241,1239,1237
1309,1252,1244,1242,1240
1310,1255,1253,1245,1243
1311,1258,1256,1254,1246
1312,1261,1259,1257,1255
1313,1264,1262,1260,1258
1314,1267,1265,1263,1261
1315,1270,1268,1266,1264
1316,1273,1271,1269,1267
1317,1276,1274,1272,1270
1318,1279,1277,1275,1273
1319,1282,1280,1278,1276
1320,1285,1283,1281,1279
1321,1288,1286,1284,1282
1322,1291,1289,1287,1285
1323,1294,1292,1290,1288
1324,1297,1295,1293,1291
1325,1300,1298,1296,1294
1326,1303,1301,1299,1297
1327,1306,1304,1302,1300
1328,1309,1307,1305,1303
1329,1312,1310,1308,1306
1330,1315,1313,1311,1309
1331,1318,1316,1314,1312
1332,1321,1319,1317,1315
1333,1324,1322,1320,1318
1334,1327,1325,1323,1321
1335,1330,1328,1326,1324
1336,1333,1331,1329,1327
1337,1336,1334,1332,1330
1338,1339,1337,1335,1333
1339,1348,1340,1338,1336
1340,1351,1349,1341,1339
1341,1354,1352,1350,1342
1342,1357,1355,1353,1351
1343,1360,1358,1356,1354
1344,1363,1361,1359,1357
1345,1366,1364,1362,1360
1346,1369,1367,1365,1363
1347,1372,1370,1368,1366
1348,1375,1373,1371,1369
1349,1378,1376,1374,1372
1350,1381,1379,1377,1375
1351,1384,1382,1380,1378
1352,1387,1385,1383,1381
1353,1390,1388,1386,1384
1354,1393,1391,1389,1387
1355,1396,1394,1392,1390
1356,1399,1397,1395,1393
1357,1402,1400,1398,1396
1358,1405,1403,1401,1399
1359,1408,1406,1404,1402
1360,1411,1409,1407,1405
1361,1414,1412,1410,1408
1362,1417,1415,1413,1411
1363,1420,1418,1416,1414
1364,1423,1421,1419,1417
1365,1426,1424,1422,1420
1366,1429,1427,1425,1423
1367,1432,1430,1428,1426
1368,1435,1433,1431,1429
1369,1444,1436,1434,1432
1370,1447,1445,1437,1435
1371,1450,1448,1446,1438
1372,1453,1451,1449,1447
1373,1456,1454,1452,1450
1374,1459,1457,1455,1453
1375,1462,1460,1458,1456
1376,1465,1463,1461,1459
1377,1468,1466,1464,1462
1378,1471,1469,1467,1465
1379,1474,1472,1470,1468
1380,1477,1475,1473,1471
1381,1480,1478,1476,1474
1382,1483,1481,1479,1477
1383,1486,1484,1482,1480
1384,1489,1487,1485,1483
1385,1492,1490,1488,1486
1386,1495,1493,1491,1489
1387,1498,1496,1494,1492
1388,1501,1499,1497,1495
1389,1504,1502,1500,1498
1390,1507,1505,1503,1501
1391,1510,1508,1506,1504
1392,1513,1511,1509,1507
1393,1516,1514,1512,1510
1394,1519,1517,1515,1513
1395,1522,1520,1518,1516
1396,1525,1523,1521,1519
1397,1528,1526,1524,1522
1398,1531,1529,1527,1525
1399,1540,1532,1530,1528
1400,1543,1541,1533,1531
1401,1546,1544,1542,1534
1402,1549,1547,1545,1543
1403,1552,1550,1548,1546
1404,1555,1553,1551,1549
1405,1558,1556,1554,1552
1406,1561,1559,1557,1555
1407,1564,1562,1560,1558
1408,1567,1565,1563,1561
1409,1570,1568,1566,1564
1410,1573,1571,1569,1567
1411,1576,1574,1572,1570
1412,1579,1577,1575,1573
1413,1582,1580,1578,1576
1414,1585,1583,1581,1579
1415,1588,1586,1584,1582
1416,1591,1589,1587,1585
1417,1594,1592,1590,1588
1418,1597,1595,1593,1591
1419,1600,1598,1596,1594
1420,1603,1601,1599,1597
1421,1606,1604,1602,1600
1422,1609,1607,1605,1603
1423,1612,1610,1608,1606
1424,1615,1613,1611,1609
1425,1618,1616,1614,1612
1426,1621,1619,1617,1615
1427,1624,1622,1620,1618
1428,1627,1625,1623,1621
1429,1636,1628,1626,1624
1430,1639,1637,1629,1627
1431,1642,1640,1638,1630
1432,1645,1643,1641,1639
1433,1648,1646,1644,1642
1434,1651,1649,1647,1645
1435,1654,1652,1650,1648
1436,1657,1655,1653,1651
1437,1660,1658,1656,1654
1438,1663,1661,1659,1657
1439,1666,1664,1662,1660
1440,1669,1667,1665,1663
1441,1672,1670,1668,1666
1442,1675,1673,1671,1669
1443,1678,1676,1674,1672
1444,1681,1679,1677,1675
1445,1684,1682,1680,1678
1446,1687,1685,1683,1681
1447,1690,1688,1686,1684
1448,1693,1691,1689,1687
1449,1696,1694,1692,1690
1450,1699,1697,1695,1693
1451,1702,1700,1698,1696
1452,1705,1703,1701,1699
1453,1708,1706,1704,1702
1454,1711,1709,1707,1705
1455,1714,1712,1710,1708
1456,1717,1715,1713,1711
1457,1720,1718,1716,1714
1458,1723,1721,1719,1717
1459,1732,1724,1722,1720
1460,1735,1733,1725,1723
1461,1738,1736,1734,1726
1462,1741,1739,1737,1735
1463,1744,1742,1740,1738
1464,1747,1745,1743,1741
1465,1750,1748,1746,1744
1466,1753,1751,1749,1747
1467,1756,1754,1752,1750
1468,1759,1757,1755,1753
1469,1762,1760,1758,1756
1470,1765,1763,1761,1759
1471,1768,1766,1764,1762
1472,1771,1769,1767,1765
1473,1774,1772,1770,1768
1474,1777,1775,1773,1771
1475,1780,1778,1776,1774
1476,1783,1781,1779,1777
1477,1786,1784,1782,1780
1478,1789,1787,1785,1783
1479,1792,1790,1788,1786
1480,1795,1793,1791,1789
1481,1798,1796,1794,1792
1482,1801,1799,1797,1795
1483,1804,1802,1800,1798
1484,1807,1805,1803,1801
1485,1810,1808,1806,1804
1486,1813,1811,1809,1807
1487,1816,1814,1812,1810
1488,1819,1817,1815,1813
1489,1828,1820,1818,1816
1490,1831,1829,1821,1819
1491,1834,1832,1830,1822
1492,1837,1835,1833,1831
1493,1840,1838,1836,1834
1494,1843,1841,1839,1837
1495,1846,1844,1842,1840
1496,1849,1847,1845,1843
1497,1852,1850,1848,1846
1498,1855,1853,1851,1849
1499,1858,1856,1854,1852
1500,1861,1859,1857,1855
1501,1864,1862,1860,1858
1502,1867,1865,1863,1861
1503,1870,1868,1866,1864
1504,1873,1871,1869,1867
1505,1876,1874,1872,1870
1506,1879,1877,1875,1873
1507,1882,1880,1878,1876
1508,1885,1883,1881,1879
1509,1888,1886,1884,1882
1510,1891,1889,1887,1885
1511,1894,1892,1890,1888
1512,1897,1895,1893,1891
1513,1900,1898,1896,1894
1514,1903,1901,1899,1897
1515,1906,1904,1902,1900
1516,1909,1907,1905,1903
1517,1912,1910,1908,1906
1518,1915,1913,1911,1909
1519,1924,1916,1914,1912
1520,1927,1925,1917,1915
1521,1930,1928,1926,1918
1522,1933,1931,1929,1927
1523,1936,1934,1932,1930
1524,1939,1937,1935,1933
1525,1942,1940,1938,1936
1526,1945,1943,1941,1939
1527,1948,1946,1944,1942
1528,1951,1949,1947,1945
1529,1954,1952,1950,1948
1530,1957,1955,1953,1951
1531,1960,1958,1956,1954
1532,1963,1961,1959,1957
1533,1966,1964,1962,1960
1534,1969,1967,1965,1963
1535,1972,1970,1968,1966
1536,1975,1973,1971,1969
1537,1978,1976,1974,1972
1538,1981,1979,1977,1975
1539,1984,1982,1980,1978
1540,1987,1985,1983,1981
1541,1990,1988,1986,1984
1542,1993,1991,1989,1987
1543,1996,1994,1992,1990
1544,1999,1997,1995,1993
1545,2002,2000,1998,1996
1546,2005,2003,2001,1999
1547,2008,2006,2004,2002
1548,2011,2009,2007,2005
1549,2020,2012,2010,2008
1550,2023,2021,2013,2011
1551,2026,2024,2022,2014
1552,2029,2027,2025,2023
1553,2032,2030,2028,2026
1554,2035,2033,2031,2029
1555,2038,2036,2034,2032
1556,2041,2039,2037,2035
1557,2044,2042,2040,2038
1558,2047,2045,2043,2041
1559,2050,2048,2046,2044
1560,2053,2051,2049,2047
1561,2056,2054,2052,2050
1562,2059,2057,2055,2053
1563,2062,2060,2058,2056
1564,2065,2063,2061,2059
1565,2068,2066,2064,2062
1566,2071,2069,2067,2065
1567,2074,2072,2070,2068
1568,2077,2075,2073,2071
1569,2080,2078,2076,2074
1570,2083,2081,2079,2077
1571,2086,2084,2082,2080
1572,2089,2087,2085,2083
1573,2092,2090,2088,2086
1574,2095,2093,2091,2089
1575,2098,2096,2094,2092
1576,2101,2099,2097,2095
1577,2104,2102,2100,2098
1578,2107,2105,2103,2101
1579,2116,2108,2106,2104
1580,2119,2117,2109,2107
1581,2122,2120,2118,2110
1582,2125,2123,2121,2119
1583,2128,2126,2124,2122
1584,2131,2129,2127,2125
1585,2134,2132,2130,2128
1586,2137,2135,2133,2131
1587,2140,2138,2136,2134
1588,2143,2141,2139,2137
1589,2146,2144,2142,2140
1590,2149,2147,2145,2143
1591,2152,2150,2148,2146
1592,2155,2153,2151,2149
1593,2158,2156,2154,2152
1594,2161,2159,2157,2155
1595,2164,2162,2160,2158
1596,2167,2165,2163,2161
1597,2170,2168,2166,2164
1598,2173,2171,2169,2167
1599,2176,2174,2172,2170
1600,2179,2177,2175,2173
1601,2182,2180,2178,2176
1602,2185,2183,2181,2179
1603,2188,2186,2184,2182
1604,2191,2189,2187,2185
1605,2194,2192,2190,2188
1606,2197,2195,2193,2191
1607,2200,2198,2196,2194
1608,2203,2201,2199,2197
1609,2212,2204,2202,2200
1610,2215,2213,2205,2203
1611,2218,2216,2214,2206
1612,2221,2219,2217,2215
1613,2224,2222,2220,2218
1614,2227,2225,2223,2221
1615,2230,2228,2226,2224
1616,2233,2231,2229,2227
1617,2236,2234,2232,2230
1618,2239,2237,2235,2233
1619,2242,2240,2238,2236
1620,2245,2243,2241,2239
1621,2248,2246,2244,2242
1622,2251,2249,2247,2245
1623,2254,2252,2250,2248
1624,2257,2255,2253,2251
1625,2260,2258,2256,2254
1626,2263,2261,2259,2257
1627,2266,2264,2262,2260
1628,2269,2267,2265,2263
1629,2272,2270,2268,2266
1630,2275,2273,2271,2269
1631,2278,2276,2274,2272
1632,2281,2279,2277,2275
1633,2284,2282,2280,2278
1634,2287,2285,2283,2281
1635,2290,2288,2286,2284
1636,2293,2291,2289,2287
1637,2296,2294,2292,2290
1638,2299,2297,2295,2293
1639,2308,2300,2298,2296
1640,2311,2309,2301,2299
1641,2314,2312,2310,2302
1642,2317,2315,2313,2311
1643,2320,2318,2316,2314
1644,2323,2321,2319,2317
1645,2326,2324,2322,2320
1646,2329,2327,2325,2323
1647,2332,2330,2328,2326
1648,2335,2333,2331,2329
1649,2338,2336,2334,2332
1650,2341,2339,2337,2335
1651,2344,2342,2340,2338
1652,2347,2345,2343,2341
1653,2350,2348,2346,2344
1654,2353,2351,2349,2347
1655,2356,2354,2352,2350
1656,2359,2357,2355,2353
1657,2362,2360,2358,2356
1658,2365,2363,2361,2359
1659,2368,2366,2364,2362
1660,2371,2369,2367,2365
1661,2374,2372,2370,2368
1662,2377,2375,2373,2371
1663,2380,2378,2376,2374
1664,2383,2381,2379,2377
1665,2386,2384,2382,2380
1666,2389,2387,2385,2383
1667,2392,2390,2388,2386
1668,2395,2393,2391,2389
1669,2404,2396,2394,2392
1670,2407,2405,2397,2395
1671,2410,2408,2406,2398
1672,2413,2411,2409,2407
1673,2416,2414,2412,2410
1674,2419,2417,2415,2413
1675,2422,2420,2418,2416
1676,2425,2423,2421,2419
1677,2428,2426,2424,2422
1678,2431,2429,2427,2425
1679,2434,2432,2430,2428
1680,2437,2435,2433,2431
1681,2440,2438,2436,2434
1682,2443,2441,2439,2437
1683,2446,2444,2442,2440
1684,2449,2447,2445,2443
1685,2452,2450,2448,2446
1686,2455,2453,2451,2449
1687,2458,2456,2454,2452
1688,2461,2459,2457,2455
1689,2464,2462,2460,2458
1690,2467,2465,2463,2461
1691,2470,2468,2466,2464
1692,2473,2471,2469,2467
1693,2476,2474,2472,2470
1694,2479,2477,2475,2473
1695,2482,2480,2478,2476
1696,2485,2483,2481,2479
1697,2488,2486,2484,2482
1698,2491,2489,2487,2485
1699,2500,2492,2490,2488
1700,2503,2501,2493,2491
1701,2506,2504,2502,2494
1702,2509,2507,2505,2503
1703,2512,2510,2508,2506
1704,2515,2513,2511,2509
1705,2518,2516,2514,2512
1706,2521,2519,2517,2515
1707,2524,2522,2520,2518
1708,2527,2525,2523,2521
1709,2530,2528,2526,2524
1710,2533,2531,2529,2527
1711,2536,2534,2532,2530
1712,2539,2537,2535,2533
1713,2542,2540,2538,2536
1714,2545,2543,2541,2539
1715,2548,2546,2544,2542
1716,2551,2549,2547,2545
1717,2554,2552,2550,2548
1718,2557,2555,2553,2551
1719,2560,2558,2556,2554
1720,2563,2561,2559,2557
1721,2566,2564,2562,2560
1722,2569,2567,2565,2563
1723,2572,2570,2568,2566
1724,2575,2573,2571,2569
1725,2578,2576,2574,2572
1726,2581,2579,2577,2575
1727,2584,2582,2580,2578
1728,2587,2585,2583,2581
1729,2596,2588,2586,2584
1730,2599,2597,2589,2587
1731,2602,2600,2598,2590
1732,2605,2603,2601,2599
1733,2608,2606,2604,2602
1734,2611,2609,2607,2605
1735,2614,2612,2610,2608
1736,2617,2615,2613,2611
1737,2620,2618,2616,2614
1738,2623,2621,2619,2617
1739,2626,2624,2622,2620
1740,2629,2627,2625,2623
1741,2632,2630,2628,2626
1742,2635,2633,2631,2629
1743,2638,2636,2634,2632
1744,2641,2639,2637,2635
1745,2644,2642,2640,2638
1746,2647,2645,2643,2641
1747,2650,2648,2646,2644
1748,2653,2651,2649,2647
1749,2656,2654,2652,2650
1750,2659,2657,2655,2653
1751,2662,2660,2658,2656
1752,2665,2663,2661,2659
1753,2668,2666,2664,2662
1754,2671,2669,2667,2665
1755,2674,2672,2670,2668
1756,2677,2675,2673,2671
1757,2680,2678,2676,2674
1758,2683,2681,2679,2677
1759,2692,2684,2682,2680
1760,2695,2693,2685,2683
1761,2698,2696,2694,2686
1762,2701,2699,2697,2695
1763,2704,2702,2700,2698
1764,2707,2705,2703,2701
1765,2710,2708,2706,2704
1766,2713,2711,2709,2707
1767,2716,2714,2712,2710
1768,2719,2717,2715,2713
1769,2722,2720,2718,2716
1770,2725,2723,2721,2719
1771,2728,2726,2724,2722
1772,2731,2729,2727,2725
1773,2734,2732,2730,2728
1774,2737,2735,2733,2731
1775,2740,2738,2736,2734
1776,2743,2741,2739,2737
1777,2746,2744,2742,2740
1778,2749,2747,2745,2743
1779,2752,2750,2748,2746
1780,2755,2753,2751,2749
1781,2758,2756,2754,2752
1782,2761,2759,2757,2755
1783,2764,2762,2760,2758
1784,2767,2765,2763,2761
1785,2770,2768,2766,2764
1786,2773,2771,2769,2767
1787,2776,2774,2772,2770
1788,2779,2777,2775,2773
1789,2788,2780,2778,2776
1790,2791,2789,2781,2779
1791,2794,2792,2790,2782
1792,2797,2795,2793,2791
1793,2800,2798,2796,2794
1794,2803,2801,2799,2797
1795,2806,2804,2802,2800
1796,2809,2807,2805,2803
1797,2812,2810,2808,2806
1798,2815,2813,2811,2809
1799,2818,2816,2814,2812
1800,2821,2819,2817,2815
1801,2824,2822,2820,2818
1802,2827,2825,2823,2821
1803,2830,2828,2826,2824
1804,2833,2831,2829,2827
1805,2836,2834,2832,2830
1806,2839,2837,2835,2833
1807,2842,2840,2838,2836
1808,2845,2843,2841,2839
1809,2848,2846,2844,2842
1810,2851,2849,2847,2845
1811,2854,2852,2850,2848
1812,2857,2855,2853,2851
1813,2860,2858,2856,2854
1814,2863,2861,2859,2857
1815,2866,2864,2862,2860
1816,2869,2867,2865,2863
1817,2872,2870,2868,2866
1818,2875,2873,2871,2869
1819,-1,2876,2874,2872
1820,-1,-1,2877,2875
1821,-1,-1,-1,2878
1822,-1,-1,-1,-1
1823,-1,-1,-1,-1
1824,-1,-1,-1,-1
1825,-1,-1,-1,-1
1826,-1,-1,-1,-1
1827,-1,-1,-1,-1
1828,-1,-1,-1,-1
1829,-1,-1,-1,-1
1830,-1,-1,-1,-1
1831,-1,-1,-1,-1
1832,-1,-1,-1,-1
1833,8,-1,-1,-1
1834,11,96,-1,-1
1835,14,99,97,-1
1836,17,102,100,98
1837,20,105,103,101
1838,23,108,106,104
1839,26,111,109,107
1840,29,114,112,110
1841,32,117,115,113
1842,35,120,118,116
1843,38,123,121,119
1844,41,126,124,122
1845,44,129,127,125
1846,47,132,130,128
1847,50,135,133,131
1848,53,138,136,134
1849,56,141,139,137
1850,59,144,142,140
1851,62,147,145,143
1852,65,150,148,146
1853,68,153,151,149
1854,71,156,154,152
1855,74,159,157,155
1856,77,162,160,158
1857,80,165,163,161
1858,83,168,166,164
1859,86,171,169,167
1860,89,174,172,170
1861,92,177,175,173
1862,95,180,178,176
1863,104,183,181,179
1864,107,192,184,182
1865,110,195,193,185
1866,113,198,196,194
1867,116,201,199,197
1868,119,204,202,200
1869,122,207,205,203
1870,125,210,208,206
1871,128,213,211,209
1872,131,216,214,212
1873,134,219,217,215
1874,137,222,220,218
1875,140,225,223,221
1876,143,228,226,224
1877,146,231,229,227
1878,149,234,232,230
1879,152,237,235,233
1880,155,240,238,236
1881,158,243,241,239
1882,161,246,244,242
1883,164,249,247,245
1884,167,252,250,248
1885,170,255,253,251
1886,173,258,256,254
1887,176,261,259,257
1888,179,264,262,260
1889,182,267,265,263
1890,185,270,268,266
1891,188,273,271,269
1892,191,276,274,272
1893,200,279,277,275
1894,203,288,280,278
1895,206,291,289,281
1896,209,294,292,290
1897,212,297,295,293
1898,215,300,298,296
1899,218,303,301,299
1900,221,306,304,302
1901,224,309,307,305
1902,227,312,310,308
1903,230,315,313,311
1904,233,318,316,314
1905,236,321,319,317
1906,239,324,322,320
1907,242,327,325,323
1908,245,330,328,326
1909,248,333,331,329
1910,251,336,334,332
1911,254,339,337,335
1912,257,342,340,338
1913,260,345,343,341
1914,263,348,346,344
1915,266,351,349,347
1916,269,354,352,350
1917,272,357,355,353
1918,275,360,358,356
1919,278,363,361,359
1920,281,366,364,362
1921,284,369,367,365
1922,287,372,370,368
1923,296,375,373,371
1924,299,384,376,374
1925,302,387,385,377
1926,305,390,388,386
1927,308,393,391,389
1928,311,396,394,392
1929,314,399,397,395
1930,317,402,400,398
1931,320,405,403,401
1932,323,408,406,404
1933,326,411,409,407
1934,329,414,412,410
1935,332,417,415,413
1936,335,420,418,416
1937,338,423,421,419
1938,341,426,424,422
1939,344,429,427,425
1940,347,432,430,428
1941,350,435,433,431
1942,353,438,436,434
1943,356,441,439,437
1944,359,444,442,440
1945,362,447,445,443
1946,365,450,448,446
1947,368,453,451,449
1948,371,456,454,452
1949,374,459,457,455
1950,377,462,460,458
1951,380,465,463,461
1952,383,468,466,464
1953,392,471,469,467
1954,395,480,472,470
1955,398,483,481,473
1956,401,486,484,482
1957,404,489,487,485
1958,407,492,490,488
1959,410,495,493,491
1960,413,498,496,494
1961,416,501,499,497
1962,419,504,502,500
1963,422,507,505,503
1964,425,510,508,506
1965,428,513,511,509
1966,431,516,514,512
1967,434,519,517,515
1968,437,522,520,518
1969,440,525,523,521
1970,443,528,526,524
1971,446,531,529,527
1972,449,534,532,530
1973,452,537,535,533
1974,455,540,538,536
1975,458,543,541,539
1976,461,546,544,542
1977,464,549,547,545
1978,467,552,550,548
1979,470,555,553,551
1980,473,558,556,554
1981,476,561,559,557
1982,479,564,562,560
1983,488,567,565,563
1984,491,576,568,566
1985,494,579,577,569
1986,497,582,580,578
1987,500,585,583,581
1988,503,588,586,584
1989,506,591,589,587
1990,509,594,592,590
1991,512,597,595,593
1992,515,600,598,596
1993,518,603,601,599
1994,521,606,604,602
1995,524,609,607,605
1996,527,612,610,608
1997,530,615,613,611
1998,533,618,616,614
1999,536,621,619,617
2000,539,624,622,620
2001,542,627,625,623
2002,545,630,628,626
2003,548,633,631,629
2004,551,636,634,632
2005,554,639,637,635
2006,557,642,640,638
2007,560,645,643,641
2008,563,648,646,644
2009,566,651,649,647
2010,569,654,652,650
2011,572,657,655,653
2012,575,660,658,656
2013,584,663,661,659
2014,587,672,664,662
2015,590,675,673,665
2016,593,678,676,674
2017,596,681,679,677
2018,599,684,682,680
2019,602,687,685,683
2020,605,690,688,686
2021,608,693,691,689
2022,611,696,694,692
2023,614,699,697,695
2024,617,702,700,698
2025,620,705,703,701
2026,623,708,706,704
2027,626,711,709,707
2028,629,714,712,710
2029,632,717,715,713
2030,635,720,718,716
2031,638,723,721,719
2032,641,726,724,722
2033,644,729,727,725
2034,647,732,730,728
2035,650,735,733,731
2036,653,738,736,734
2037,656,741,739,737
2038,659,744,742,740
2039,662,747,745,743
2040,665,750,748,746
2041,668,753,751,749
2042,671,756,754,752
2043,680,759,757,755
2044,683,768,760,758
2045,686,771,769,761
2046,689,774,772,770
2047,692,777,775,773
2048,695,780,778,776
2049,698,783,781,779
2050,701,786,784,782
2051,704,789,787,785
2052,707,792,790,788
2053,710,795,793,791
2054,713,798,796,794
2055,716,801,799,797
2056,719,804,802,800
2057,722,807,805,803
2058,725,810,808,806
2059,728,813,811,809
2060,731,816,814,812
2061,734,819,817,815
2062,737,822,820,818
2063,740,825,823,821
2064,743,828,826,824
2065,746,831,829,827
2066,749,834,832,830
2067,752,837,835,833
2068,755,840,838,836
2069,758,843,841,839
2070,761,846,844,842
2071,764,849,847,845
2072,767,852,850,848
2073,776,855,853,851
2074,779,864,856,854
2075,782,867,865,857
2076,785,870,868,866
2077,788,873,871,869
2078,791,876,874,872
2079,794,879,877,875
2080,797,882,880,878
2081,800,885,883,881
2082,803,888,886,884
2083,806,891,889,887
2084,809,894,892,890
2085,812,897,895,893
2086,815,900,898,896
2087,818,903,901,899
2088,821,906,904,902
2089,824,909,907,905
2090,827,912,910,908
2091,830,915,913,911
2092,833,918,916,914
2093,836,921,919,917
2094,839,924,922,920
2095,842,927,925,923
2096,845,930,928,926
2097,848,933,931,929
2098,851,936,934,932
2099,854,939,937,935
2100,857,942,940,938
2101,860,945,943,941
2102,863,948,946,944
2103,872,951,949,947
2104,875,960,952,950
2105,878,963,961,953
2106,881,966,964,962
2107,884,969,967,965
2108,887,972,970,968
2109,890,975,973,971
2110,893,978,976,974
2111,896,981,979,977
2112,899,984,982,980
2113,902,987,985,983
2114,905,990,988,986
2115,908,993,991,989
2116,911,996,994,992
2117,914,999,997,995
2118,917,1002,1000,998
2119,920,1005,1003,1001
2120,923,1008,1006,1004
2121,926,1011,1009,1007
2122,929,1014,1012,1010
2123,932,1017,1015,1013
2124,935,1020,1018,1016
2125,938,1023,1021,1019
2126,941,1026,1024,1022
2127,944,1029,1027,1025
2128,947,1032,1030,1028
2129,950,1035,1033,1031
2130,953,1038,1036,1034
2131,956,1041,1039,1037
2132,959,1044,1042,1040
2133,968,1047,1045,1043
2134,971,1056,1048,1046
2135,974,1059,1057,1049
2136,977,1062,1060,1058
2137,980,1065,1063,1061
2138,983,1068,1066,1064
2139,986,1071,1069,1067
2140,989,1074,1072,1070
2141,992,1077,1075,1073
2142,995,1080,1078,1076
2143,998,1083,1081,1079
2144,1001,1086,1084,1082
2145,1004,1089,1087,1085
2146,1007,1092,1090,1088
2147,1010,1095,1093,1091
2148,1013,1098,1096,1094
2149,1016,1101,1099,1097
2150,1019,1104,1102,1100
2151,1022,1107,1105,1103
2152,1025,1110,1108,1106
2153,1028,1113,1111,1109
2154,1031,1116,1114,1112
2155,1034,1119,1117,1115
2156,1037,1122,1120,1118
2157,1040,1125,1123,1121
2158,1043,1128,1126,1124
2159,1046,1131,1129,1127
2160,1049,1134,1132,1130
2161,1052,1137,1135,1133
2162,1055,1140,1138,1136
2163,1064,1143,1141,1139
2164,1067,1152,1144,1142
2165,1070,1155,1153,1145
2166,1073,1158,1156,1154
2167,1076,1161,1159,1157
2168,1079,1164,1162,1160
2169,1082,1167,1165,1163
2170,1085,1170,1168,1166
2171,1088,1173,1171,1169
2172,1091,1176,1174,1172
2173,1094,1179,1177,1175
2174,1097,1182,1180,1178
2175,1100,1185,1183,1181
2176,1103,1188,1186,1184
2177,1106,1191,1189,1187
2178,1109,1194,1192,1190
2179,1112,1197,1195,1193
2180,1115,1200,1198,1196
2181,1118,1203,1201,1199
2182,1121,1206,1204,1202
2183,1124,1209,1207,1205
2184,1127,1212,1210,1208
2185,1130,1215,1213,1211
2186,1133,1218,1216,1214
2187,1136,1221,1219,1217
2188,1139,1224,1222,1220
2189,1142,1227,1225,1223
2190,1145,1230,1228,1226
2191,1148,1233,1231,1229
2192,1151,1236,1234,1232
2193,1160,1239,1237,1235
2194,1163,1248,1240,1238
2195,1166,1251,1249,1241
2196,1169,1254,1252,1250
2197,1172,1257,1255,1253
2198,1175,1260,1258,1256
2199,1178,1263,1261,1259
2200,1181,1266,1264,1262
2201,1184,1269,1267,1265
2202,1187,1272,1270,1268
2203,1190,1275,1273,1271
2204,1193,1278,1276,1274
2205,1196,1281,1279,1277
2206,1199,1284,1282,1280
2207,1202,1287,1285,1283
2208,1205,1290,1288,1286
2209,1208,1293,1291,1289
2210,1211,1296,1294,1292
2211,1214,1299,1297,1295
2212,1217,1302,1300,1298
2213,1220,1305,1303,1301
2214,1223,1308,1306,1304
2215,1226,1311,1309,1307
2216,1229,1314,1312,1310
2217,1232,1317,1315,1313
2218,1235,1320,1318,1316
2219,1238,1323,1321,1319
2220,1241,1326,1324,1322
2221,1244,1329,1327,1325
2222,1247,1332,1330,1328
2223,1256,1335,1333,1331
2224,1259,1344,1336,1334
2225,1262,1347,1345,1337
2226,1265,1350,1348,1346
2227,1268,1353,1351,1349
2228,1271,1356,1354,1352
2229,1274,1359,1357,1355
2230,1277,1362,1360,1358
2231,1280,1365,1363,1361
2232,1283,1368,1366,1364
2233,1286,1371,1369,1367
2234,1289,1374,1372,1370
2235,1292,1377,1375,1373
2236,1295,1380,1378,1376
2237,1298,1383,1381,1379
2238,1301,1386,1384,1382
2239,1304,1389,1387,1385
2240,1307,1392,1390,1388
2241,1310,1395,1393,1391
2242,1313,1398,1396,1394
2243,1316,1401,1399,1397
2244,1319,1404,1402,1400
2245,1322,1407,1405,1403
2246,1325,1410,1408,1406
2247,1328,1413,1411,1409
2248,1331,1416,1414,1412
2249,1334,1419,1417,1415
2250,1337,1422,1420,1418
2251,1340,1425,1423,1421
2252,1343,1428,1426,1424
2253,1352,1431,1429,1427
2254,1355,1440,1432,1430
2255,1358,1443,1441,1433
2256,1361,1446,1444,1442
2257,1364,1449,1447,1445
2258,1367,1452,1450,1448
2259,1370,1455,1453,1451
2260,1373,1458,1456,1454
2261,1376,1461,1459,1457
2262,1379,1464,1462,1460
2263,1382,1467,1465,1463
2264,1385,1470,1468,1466
2265,1388,1473,1471,1469
2266,1391,1476,1474,1472
2267,1394,1479,1477,1475
2268,1397,1482,1480,1478
2269,1400,1485,1483,1481
2270,1403,1488,1486,1484
2271,1406,1491,1489,1487
2272,1409,1494,1492,1490
2273,1412,1497,1495,1493
2274,1415,1500,1498,1496
2275,1418,1503,1501,1499
2276,1421,1506,1504,1502
2277,1424,1509,1507,1505
2278,1427,1512,1510,1508
2279,1430,1515,1513,1511
2280,1433,1518,1516,1514
2281,1436,1521,1519,1517
2282,1439,1524,1522,1520
2283,1448,1527,1525,1523
2284,1451,1536,1528,1526
2285,1454,1539,1537,1529
2286,1457,1542,1540,1538
2287,1460,1545,1543,1541
2288,1463,1548,1546,1544
2289,1466,1551,1549,1547
2290,1469,1554,1552,1550
2291,1472,1557,1555,1553
2292,1475,1560,1558,1556
2293,1478,1563,1561,1559
2294,1481,1566,1564,1562
2295,1484,1569,1567,1565
2296,1487,1572,1570,1568
2297,1490,1575,1573,1571
2298,1493,1578,1576,1574
2299,1496,1581,1579,1577
2300,1499,1584,1582,1580
2301,1502,1587,1585,1583
2302,1505,1590,1588,1586
2303,1508,1593,1591,1589
2304,1511,1596,1594,1592
2305,1514,1599,1597,1595
2306,1517,1602,1600,1598
2307,1520,1605,1603,1601
2308,1523,1608,1606,1604
2309,1526,1611,1609,1607
2310,1529,1614,1612,1610
2311,1532,1617,1615,1613
2312,1535,1620,1618,1616
2313,1544,1623,1621,1619
2314,1547,1632,1624,1622
2315,1550,1635,1633,1625
2316,1553,1638,1636,1634
2317,1556,1641,1639,1637
2318,1559,1644,1642,1640
2319,1562,1647,1645,1643
2320,1565,1650,1648,1646
2321,1568,1653,1651,1649
2322,1571,1656,1654,1652
2323,1574,1659,1657,1655
2324,1577,1662,1660,1658
2325,1580,1665,1663,1661
2326,1583,1668,1666,1664
2327,1586,1671,1669,1667
2328,1589,1674,1672,1670
2329,1592,1677,1675,1673
2330,1595,1680,1678,1676
2331,1598,1683,1681,1679
2332,1601,1686,1684,1682
2333,1604,1689,1687,1685
2334,1607,1692,1690,1688
2335,1610,1695,1693,1691
2336,1613,1698,1696,1694
2337,1616,1701,1699,1697
2338,1619,1704,1702,1700
2339,1622,1707,1705,1703
2340,1625,1710,1708,1706
2341,1628,1713,1711,1709
2342,1631,1716,1714,1712
2343,1640,1719,1717,1715
2344,1643,1728,1720,1718
2345,1646,1731,1729,1721
2346,1649,1734,1732,1730
2347,1652,1737,1735,1733
2348,1655,1740,1738,1736
2349,1658,1743,1741,1739
2350,1661,1746,1744,1742
2351,1664,1749,1747,1745
2352,1667,1752,1750,1748
2353,1670,1755,1753,1751
2354,1673,1758,1756,1754
2355,1676,1761,1759,1757
2356,1679,1764,1762,1760
2357,1682,1767,1765,1763
2358,1685,1770,1768,1766
2359,1688,1773,1771,1769
2360,1691,1776,1774,1772
2361,1694,1779,1777,1775
2362,1697,1782,1780,1778
2363,1700,1785,1783,1781
2364,1703,1788,1786,1784
2365,1706,1791,1789,1787
2366,1709,1794,1792,1790
2367,1712,1797,1795,1793
2368,1715,1800,1798,1796
2369,1718,1803,1801,1799
2370,1721,1806,1804,1802
2371,1724,1809,1807,1805
2372,1727,1812,1810,1808
2373,1736,1815,1813,1811
2374,1739,1824,1816,1814
2375,1742,1827,1825,1817
2376,1745,1830,1828,1826
2377,1748,1833,1831,1829
2378,1751,1836,1834,1832
2379,1754,1839,1837,1835
2380,1757,1842,1840,1838
2381,1760,1845,1843,1841
2382,1763,1848,1846,1844
2383,1766,1851,1849,1847
2384,1769,1854,1852,1850
2385,1772,1857,1855,1853
2386,1775,1860,1858,1856
2387,1778,1863,1861,1859
2388,1781,1866,1864,1862
2389,1784,1869,1867,1865
2390,1787,1872,1870,1868
2391,1790,1875,1873,1871
2392,1793,1878,1876,1874
2393,1796,1881,1879,1877
2394,1799,1884,1882,1880
2395,1802,1887,1885,1883
2396,1805,1890,1888,1886
2397,1808,1893,1891,1889
2398,1811,1896,1894,1892
2399,1814,1899,1897,1895
2400,1817,1902,1900,1898
2401,1820,1905,1903,1901
2402,1823,1908,1906,1904
2403,1832,1911,1909,1907
2404,1835,1920,1912,1910
2405,1838,1923,1921,1913
2406,1841,1926,1924,1922
2407,1844,1929,1927,1925
2408,1847,1932,1930,1928
2409,1850,1935,1933,1931
2410,1853,1938,1936,1934
2411,1856,1941,1939,1937
2412,1859,1944,1942,1940
2413,1862,1947,1945,1943
2414,1865,1950,1948,1946
2415,1868,1953,1951,1949
2416,1871,1956,1954,1952
2417,1874,1959,1957,1955
2418,1877,1962,1960,1958
2419,1880,1965,1963,1961
2420,1883,1968,1966,1964
2421,1886,1971,1969,1967
2422,1889,1974,1972,1970
2423,1892,1977,1975,1973
2424,1895,1980,1978,1976
2425,1898,1983,1981,1979
2426,1901,1986,1984,1982
2427,1904,1989,1987,1985
2428,1907,1992,1990,1988
2429,1910,1995,1993,1991
2430,1913,1998,1996,1994
2431,1916,2001,1999,1997
2432,1919,2004,2002,2000
2433,1928,2007,2005,2003
2434,1931,2016,2008,2006
2435,1934,2019,2017,2009
2436,1937,2022,2020,2018
2437,1940,2025,2023,2021
2438,1943,2028,2026,2024
2439,1946,2031,2029,2027
2440,1949,2034,2032,2030
2441,1952,2037,2035,2033
2442,1955,2040,2038,2036
2443,1958,2043,2041,2039
2444,1961,2046,2044,2042
2445,1964,2049,2047,2045
2446,1967,2052,2050,2048
2447,1970,2055,2053,2051
2448,1973,2058,2056,2054
2449,1976,2061,2059,2057
2450,1979,2064,2062,2060
2451,1982,2067,2065,2063
2452,1985,2070,2068,2066
2453,1988,2073,2071,2069
2454,1991,2076,2074,2072
2455,1994,2079,2077,2075
2456,1997,2082,2080,2078
2457,2000,2085,2083,2081
2458,2003,2088,2086,2084
2459,2006,2091,2089,2087
2460,2009,2094,2092,2090
2461,2012,2097,2095,2093
2462,2015,2100,2098,2096
2463,2024,2103,2101,2099
2464,2027,2112,2104,2102
2465,2030,2115,2113,2105
2466,2033,2118,2116,2114
2467,2036,2121,2119,2117
2468,2039,2124,2122,2120
2469,2042,2127,2125,2123
2470,2045,2130,2128,2126
2471,2048,2133,2131,2129
2472,2051,2136,2134,2132
2473,2054,2139,2137,2135
2474,2057,2142,2140,2138
2475,2060,2145,2143,2141
2476,2063,2148,2146,2144
2477,2066,2151,2149,2147
2478,2069,2154,2152,2150
2479,2072,2157,2155,2153
2480,2075,2160,2158,2156
2481,2078,2163,2161,2159
2482,2081,2166,2164,2162
2483,2084,2169,2167,2165
2484,2087,2172,2170,2168
2485,2090,2175,2173,2171
2486,2093,2178,2176,2174
2487,2096,2181,2179,2177
2488,2099,2184,2182,2180
2489,2102,2187,2185,2183
2490,2105,2190,2188,2186
2491,2108,2193,2191,2189
2492,2111,2196,2194,2192
2493,2120,2199,2197,2195
2494,2123,2208,2200,2198
2495,2126,2211,2209,2201
2496,2129,2214,2212,2210
2497,2132,2217,2215,2213
2498,2135,2220,2218,2216
2499,2138,2223,2221,2219
2500,2141,2226,2224,2222
2501,2144,2229,2227,2225
2502,2147,2232,2230,2228
2503,2150,2235,2233,2231
2504,2153,2238,2236,2234
2505,2156,2241,2239,2237
2506,2159,2244,2242,2240
2507,2162,2247,2245,2243
2508,2165,2250,2248,2246
2509,2168,2253,2251,2249
2510,2171,2256,2254,2252
2511,2174,2259,2257,2255
2512,2177,2262,2260,2258
2513,2180,2265,2263,2261
2514,2183,2268,2266,2264
2515,2186,2271,2269,2267
2516,2189,2274,2272,2270
2517,2192,2277,2275,2273
2518,2195,2280,2278,2276
2519,2198,2283,2281,2279
2520,2201,2286,2284,2282
2521,2204,2289,2287,2285
2522,2207,2292,2290,2288
2523,2216,2295,2293,2291
2524,2219,2304,2296,2294
2525,2222,2307,2305,2297
2526,2225,2310,2308,2306
2527,2228,2313,2311,2309
2528,2231,2316,2314,2312
2529,2234,2319,2317,2315
2530,2237,2322,2320,2318
2531,2240,2325,2323,2321
2532,2243,2328,2326,2324
2533,2246,2331,2329,2327
2534,2249,2334,2332,2330
2535,2252,2337,2335,2333
2536,2255,2340,2338,2336
2537,2258,2343,2341,2339
2538,2261,2346,2344,2342
2539,2264,2349,2347,2345
2540,2267,2352,2350,2348
2541,2270,2355,2353,2351
2542,2273,2358,2356,2354
2543,2276,2361,2359,2357
2544,2279,2364,2362,2360
2545,2282,2367,2365,2363
2546,2285,2370,2368,2366
2547,2288,2373,2371,2369
2548,2291,2376,2374,2372
2549,2294,2379,2377,2375
2550,2297,2382,2380,2378
2551,2300,2385,2383,2381
2552,2303,2388,2386,2384
2553,2312,2391,2389,2387
2554,2315,2400,2392,2390
2555,2318,2403,2401,2393
2556,2321,2406,2404,2402
2557,2324,2409,2407,2405
2558,2327,2412,2410,2408
2559,2330,2415,2413,2411
2560,2333,2418,2416,2414
2561,2336,2421,2419,2417
2562,2339,2424,2422,2420
2563,2342,2427,2425,2423
2564,2345,2430,2428,2426
2565,2348,2433,2431,2429
2566,2351,2436,2434,2432
2567,2354,2439,2437,2435
2568,2357,2442,2440,2438
2569,2360,2445,2443,2441
2570,2363,2448,2446,2444
2571,2366,2451,2449,2447
2572,2369,2454,2452,2450
2573,2372,2457,2455,2453
2574,2375,2460,2458,2456
2575,2378,2463,2461,2459
2576,2381,2466,2464,2462
2577,2384,2469,2467,2465
2578,2387,2472,2470,2468
2579,2390,2475,2473,2471
2580,2393,2478,2476,2474
2581,2396,2481,2479,2477
2582,2399,2484,2482,2480
2583,2408,2487,2485,2483
2584,2411,2496,2488,2486
2585,2414,2499,2497,2489
2586,2417,2502,2500,2498
2587,2420,2505,2503,2501
2588,2423,2508,2506,2504
2589,2426,2511,2509,2507
2590,2429,2514,2512,2510
2591,2432,2517,2515,2513
2592,2435,2520,2518,2516
2593,2438,2523,2521,2519
2594,2441,2526,2524,2522
2595,2444,2529,2527,2525
2596,2447,2532,2530,2528
2597,2450,2535,2533,2531
2598,2453,2538,2536,2534
2599,2456,2541,2539,2537
2600,2459,2544,2542,2540
2601,2462,2547,2545,2543
2602,2465,2550,2548,2546
2603,2468,2553,2551,2549
2604,2471,2556,2554,2552
2605,2474,2559,2557,2555
2606,2477,2562,2560,2558
2607,2480,2565,2563,2561
2608,2483,2568,2566,2564
2609,2486,2571,2569,2567
2610,2489,2574,2572,2570
2611,2492,2577,2575,2573
2612,2495,2580,2578,2576
2613,2504,2583,2581,2579
2614,2507,2592,2584,2582
2615,2510,2595,2593,2585
2616,2513,2598,2596,2594
2617,2516,2601,2599,2597
2618,2519,2604,2602,2600
2619,2522,2607,2605,2603
2620,2525,2610,2608,2606
2621,2528,2613,2611,2609
2622,2531,2616,2614,2612
2623,2534,2619,2617,2615
2624,2537,2622,2620,2618
2625,2540,2625,2623,2621
2626,2543,2628,2626,2624
2627,2546,2631,2629,2627
2628,2549,2634,2632,2630
2629,2552,2637,2635,2633
2630,2555,2640,2638,2636
2631,2558,2643,2641,2639
2632,2561,2646,2644,2642
2633,2564,2649,2647,2645
2634,2567,2652,2650,2648
2635,2570,2655,2653,2651
2636,2573,2658,2656,2654
2637,2576,2661,2659,2657
2638,2579,2664,2662,2660
2639,2582,2667,2665,2663
2640,2585,2670,2668,2666
2641,2588,2673,2671,2669
2642,2591,2676,2674,2672
2643,2600,2679,2677,2675
2644,2603,2688,2680,2678
2645,2606,2691,2689,2681
2646,2609,2694,2692,2690
2647,2612,2697,2695,2693
2648,2615,2700,2698,2696
2649,2618,2703,2701,2699
2650,2621,2706,2704,2702
2651,2624,2709,2707,2705
2652,2627,2712,2710,2708
2653,2630,2715,2713,2711
2654,2633,2718,2716,2714
2655,2636,2721,2719,2717
2656,2639,2724,2722,2720
2657,2642,2727,2725,2723
2658,2645,2730,2728,2726
2659,2648,2733,2731,2729
2660,2651,2736,2734,2732
2661,2654,2739,2737,2735
2662,2657,2742,2740,2738
2663,2660,2745,2743,2741
2664,2663,2748,2746,2744
2665,2666,2751,2749,2747
2666,2669,2754,2752,2750
2667,2672,2757,2755,2753
2668,2675,2760,2758,2756
2669,2678,2763,2761,2759
2670,2681,2766,2764,2762
2671,2684,2769,2767,2765
2672,2687,2772,2770,2768
2673,2696,2775,2773,2771
2674,2699,2784,2776,2774
2675,2702,2787,2785,2777
2676,2705,2790,2788,2786
2677,2708,2793,2791,2789
2678,2711,2796,2794,2792
2679,2714,2799,2797,2795
2680,2717,2802,2800,2798
2681,2720,2805,2803,2801
2682,2723,2808,2806,2804
2683,2726,2811,2809,2807
2684,2729,2814,2812,2810
2685,2732,2817,2815,2813
2686,2735,2820,2818,2816
2687,2738,2823,2821,2819
2688,2741,2826,2824,2822
2689,2744,2829,2827,2825
2690,2747,2832,2830,2828
2691,2750,2835,2833,2831
2692,2753,2838,2836,2834
2693,2756,2841,2839,2837
2694,2759,2844,2842,2840
2695,2762,2847,2845,2843
2696,2765,2850,2848,2846
2697,2768,2853,2851,2849
2698,2771,2856,2854,2852
2699,2774,2859,2857,2855
2700,2777,2862,2860,2858
2701,2780,2865,2863,2861
2702,2783,2868,2866,2864
2703,2792,2871,2869,2867
2704,2795,2880,2872,2870
2705,2798,2883,2881,2873
2706,2801,2886,2884,2882
2707,2804,2889,2887,2885
2708,2807,2892,2890,2888
2709,2810,2895,2893,2891
2710,2813,2898,2896,2894
2711,2816,2901,2899,2897
2712,2819,2904,2902,2900
2713,2822,2907,2905,2903
2714,2825,2910,2908,2906
2715,2828,2913,2911,2909
2716,2831,2916,2914,2912
2717,2834,2919,2917,2915
2718,2837,2922,2920,2918
2719,2840,2925,2923,2921
2720,2843,2928,2926,2924
2721,2846,2931,2929,2927
2722,2849,2934,2932,2930
2723,2852,2937,2935,2933
2724,2855,2940,2938,2936
2725,2858,2943,2941,2939
2726,2861,2946,2944,2942
2727,2864,2949,2947,2945
2728,2867,2952,2950,2948
2729,2870,2955,2953,2951
2730,2873,2958,2956,2954
2731,2876,2961,2959,2957
2732,2879,2964,2962,2960
2733,-1,2967,2965,2963
2734,-1,-1,2968,2966
2735,-1,-1,-1,2969
2736,-1,-1,-1,-1
2737,-1,-1,-1,-1
2738,-1,-1,-1,-1
2739,-1,-1,-1,-1
2740,-1,-1,-1,-1
2741,-1,-1,-1,-1
2742,-1,-1,-1,-1
2743,-1,-1,-1,-1
2744,-1,-1,-1,-1
2745,-1,-1,-1,-1
2746,-1,-1,-1,-1
2747,99,-1,-1,-1
2748,102,100,-1,-1
2749,105,103,101,-1
2750,108,106,104,102
2751,111,109,107,105
2752,114,112,110,108
2753,117,115,113,111
2754,120,118,116,114
2755,123,121,119,117
2756,126,124,122,120
2757,129,127,125,123
2758,132,130,128,126
2759,135,133,131,129
2760,138,136,134,132
2761,141,139,137,135
2762,144,142,140,138
2763,147,145,143,141
2764,150,148,146,144
2765,153,151,149,147
2766,156,154,152,150
2767,159,157,155,153
2768,162,160,158,156
2769,165,163,161,159
2770,168,166,164,162
2771,171,169,167,165
2772,174,172,170,168
2773,177,175,173,171
2774,180,178,176,174
2775,183,181,179,177
2776,186,184,182,180
2777,195,187,185,183
2778,198,196,188,186
2779,201,199,197,189
2780,204,202,200,198
2781,207,205,203,201
2782,210,208,206,204
2783,213,211,209,207
2784,216,214,212,210
2785,219,217,215,213
2786,222,220,218,216
2787,225,223,221,219
2788,228,226,224,222
2789,231,229,227,225
2790,234,232,230,228
2791,237,235,233,231
2792,240,238,236,234
2793,243,241,239,237
2794,246,244,242,240
2795,249,247,245,243
2796,252,250,248,246
2797,255,253,251,249
2798,258,256,254,252
2799,261,259,257,255
2800,264,262,260,258
2801,267,265,263,261
2802,270,268,266,264
2803,273,271,269,267
2804,276,274,272,270
2805,279,277,275,273
2806,282,280,278,276
2807,291,283,281,279
2808,294,292,284,282
2809,297,295,293,285
2810,300,298,296,294
2811,303,301,299,297
2812,306,304,302,300
2813,309,307,305,303
2814,312,310,308,306
2815,315,313,311,309
2816,318,316,314,312
2817,321,319,317,315
2818,324,322,320,318
2819,327,325,323,321
2820,330,328,326,324
2821,333,331,329,327
2822,336,334,332,330
2823,339,337,335,333
2824,342,340,338,336
2825,345,343,341,339
2826,348,346,344,342
2827,351,349,347,345
2828,354,352,350,348
2829,357,355,353,351
2830,360,358,356,354
2831,363,361,359,357
2832,366,364,362,360
2833,369,367,365,363
2834,372,370,368,366
2835,375,373,371,369
2836,378,376,374,372
2837,387,379,377,375
2838,390,388,380,378
2839,393,391,389,381
2840,396,394,392,390
2841,399,397,395,393
2842,402,400,398,396
2843,405,403,401,399
2844,408,406,404,402
2845,411,409,407,405
2846,414,412,410,408
2847,417,415,413,411
2848,420,418,416,414
2849,423,421,419,417
2850,426,424,422,420
2851,429,427,425,423
2852,432,430,428,426
2853,435,433,431,429
2854,438,436,434,432
2855,441,439,437,435
2856,444,442,440,438
2857,447,445,443,441
2858,450,448,446,444
2859,453,451,449,447
2860,456,454,452,450
2861,459,457,455,453
2862,462,460,458,456
2863,465,463,461,459
2864,468,466,464,462
2865,471,469,467,465
2866,474,472,470,468
2867,483,475,473,471
2868,486,484,476,474
2869,489,487,485,477
2870,492,490,488,486
2871,495,493,491,489
2872,498,496,494,492
2873,501,499,497,495
2874,504,502,500,498
2875,507,505,503,501
2876,510,508,506,504
2877,513,511,509,507
2878,516,514,512,510
2879,519,517,515,513
2880,522,520,518,516
2881,525,523,521,519
2882,528,526,524,522
2883,531,529,527,525
2884,534,532,530,528
2885,537,535,533,531
2886,540,538,536,534
2887,543,541,539,537
2888,546,544,542,540
2889,549,547,545,543
2890,552,550,548,546
2891,555,553,551,549
2892,558,556,554,552
2893,561,559,557,555
2894,564,562,560,558
2895,567,565,563,561
2896,570,568,566,564
2897,579,571,569,567
2898,582,580,572,570
2899,585,583,581,573
2900,588,586,584,582
2901,591,589,587,585
2902,594,592,590,588
2903,597,595,593,591
2904,600,598,596,594
2905,603,601,599,597
2906,606,604,602,600
2907,609,607,605,603
2908,612,610,608,606
2909,615,613,611,609
2910,618,616,614,612
2911,621,619,617,615
2912,624,622,620,618
2913,627,625,623,621
2914,630,628,626,624
2915,633,631,629,627
2916,636,634,632,630
2917,639,637,635,633
2918,642,640,638,636
2919,645,643,641,639
2920,648,646,644,642
2921,651,649,647,645
2922,654,652,650,648
2923,657,655,653,651
2924,660,658,656,654
2925,663,661,659,657
2926,666,664,662,660
2927,675,667,665,663
2928,678,676,668,666
2929,681,679,677,669
2930,684,682,680,678
2931,687,685,683,681
2932,690,688,686,684
2933,693,691,689,687
2934,696,694,692,690
2935,699,697,695,693
2936,702,700,698,696
2937,705,703,701,699
2938,708,706,704,702
2939,711,709,707,705
2940,714,712,710,708
2941,717,715,713,711
2942,720,718,716,714
2943,723,721,719,717
2944,726,724,722,720
2945,729,727,725,723
2946,732,730,728,726
2947,735,733,731,729
2948,738,736,734,732
2949,741,739,737,735
2950,744,742,740,738
2951,747,745,743,741
2952,750,748,746,744
2953,753,751,749,747
2954,756,754,752,750
2955,759,757,755,753
2956,762,760,758,756
2957,771,763,761,759
2958,774,772,764,762
2959,777,775,773,765
2960,780,778,776,774
2961,783,781,779,777
2962,786,784,782,780
2963,789,787,785,783
2964,792,790,788,786
2965,795,793,791,789
2966,798,796,794,792
2967,801,799,797,795
2968,804,802,800,798
2969,807,805,803,801
2970,810,808,806,804
2971,813,811,809,807
2972,816,814,812,810
2973,819,817,815,813
2974,822,820,818,816
2975,825,823,821,819
2976,828,826,824,822
2977,831,829,827,825
2978,834,832,830,828
2979,837,835,833,831
2980,840,838,836,834
2981,843,841,839,837
2982,846,844,842,840
2983,849,847,845,843
2984,852,850,848,846
2985,855,853,851,849
2986,858,856,854,852
2987,867,859,857,855
2988,870,868,860,858
2989,873,871,869,861
2990,876,874,872,870
2991,879,877,875,873
2992,882,880,878,876
2993,885,883,881,879
2994,888,886,884,882
2995,891,889,887,885
2996,894,892,890,888
2997,897,895,893,891
2998,900,898,896,894
2999,903,901,899,897
3000,906,904,902,900
3001,909,907,905,903
3002,912,910,908,906
3003,915,913,911,909
3004,918,916,914,912
3005,921,919,917,915
3006,924,922,920,918
3007,927,925,923,921
3008,930,928,926,924
3009,933,931,929,927
3010,936,934,932,930
3011,939,937,935,933
3012,942,940,938,936
3013,945,943,941,939
3014,948,946,944,942
3015,951,949,947,945
3016,954,952,950,948
3017,963,955,953,951
3018,966,964,956,954
3019,969,967,965,957
3020,972,970,968,966
3021,975,973,971,969
3022,978,976,974,972
3023,981,979,977,975
3024,984,982,980,978
3025,987,985,983,981
3026,990,988,986,984
3027,993,991,989,987
3028,996,994,992,990
3029,999,997,995,993
3030,1002,1000,998,996
3031,1005,1003,1001,999
3032,1008,1006,1004,1002
3033,1011,1009,1007,1005
3034,1014,1012,1010,1008
3035,1017,1015,1013,1011
3036,1020,1018,1016,1014
3037,1023,1021,1019,1017
3038,1026,1024,1022,1020
3039,1029,1027,1025,1023
3040,1032,1030,1028,1026
3041,1035,1033,1031,1029
3042,1038,1036,1034,1032
3043,1041,1039,1037,1035
3044,1044,1042,1040,1038
3045,1047,1045,1043,1041
3046,1050,1048,1046,1044
3047,1059,1051,1049,1047
3048,1062,1060,1052,1050
3049,1065,1063,1061,1053
3050,1068,1066,1064,1062
3051,1071,1069,1067,1065
3052,1074,1072,1070,1068
3053,1077,1075,1073,1071
3054,1080,1078,1076,1074
3055,1083,1081,1079,1077
3056,1086,1084,1082,1080
3057,1089,1087,1085,1083
3058,1092,1090,1088,1086
3059,1095,1093,1091,1089
3060,1098,1096,1094,1092
3061,1101,1099,1097,1095
3062,1104,1102,1100,1098
3063,1107,1105,1103,1101
3064,1110,1108,1106,1104
3065,1113,1111,1109,1107
3066,1116,1114,1112,1110
3067,1119,1117,1115,1113
3068,1122,1120,1118,1116
3069,1125,1123,1121,1119
3070,1128,1126,1124,1122
3071,1131,1129,1127,1125
3072,1134,1132,1130,1128
3073,1137,1135,1133,1131
3074,1140,1138,1136,1134
3075,1143,1141,1139,1137
3076,1146,1144,1142,1140
3077,1155,1147,1145,1143
3078,1158,1156,1148,1146
3079,1161,1159,1157,1149
3080,1164,1162,1160,1158
3081,1167,1165,1163,1161
3082,1170,1168,1166,1164
3083,1173,1171,1169,1167
3084,1176,1174,1172,1170
3085,1179,1177,1175,1173
3086,1182,1180,1178,1176
3087,1185,1183,1181,1179
3088,1188,1186,1184,1182
3089,1191,1189,1187,1185
3090,1194,1192,1190,1188
3091,1197,1195,1193,1191
3092,1200,1198,1196,1194
3093,1203,1201,1199,1197
3094,1206,1204,1202,1200
3095,1209,1207,1205,1203
3096,1212,1210,1208,1206
3097,1215,1213,1211,1209
3098,1218,1216,1214,1212
3099,1221,1219,1217,1215
3100,1224,1222,1220,1218
3101,1227,1225,1223,1221
3102,1230,1228,1226,1224
3103,1233,1231,1229,1227
3104,1236,1234,1232,1230
3105,1239,1237,1235,1233
3106,1242,1240,1238,1236
3107,1251,1243,1241,1239
3108,1254,1252,1244,1242
3109,1257,1255,1253,1245
3110,1260,1258,1256,1254
3111,1263,1261,1259,1257
3112,1266,1264,1262,1260
3113,1269,1267,1265,1263
3114,1272,1270,1268,1266
3115,1275,1273,1271,1269
3116,1278,1276,1274,1272
3117,1281,1279,1277,1275
3118,1284,1282,1280,1278
3119,1287,1285,1283,1281
3120,1290,1288,1286,1284
3121,1293,1291,1289,1287
3122,1296,1294,1292,1290
3123,1299,1297,1295,1293
3124,1302,1300,1298,1296
3125,1305,1303,1301,1299
3126,1308,1306,1304,1302
3127,1311,1309,1307,1305
3128,1314,1312,1310,1308
3129,1317,1315,1313,1311
3130,1320,1318,1316,1314
3131,1323,1321,1319,1317
3132,1326,1324,1322,1320
3133,1329,1327,1325,1323
3134,1332,1330,1328,1326
3135,1335,1333,1331,1329
3136,1338,1336,1334,1332
3137,1347,1339,1337,1335
3138,1350,1348,1340,1338
3139,1353,1351,1349,1341
3140,1356,1354,1352,1350
3141,1359,1357,1355,1353
3142,1362,1360,1358,1356
3143,1365,1363,1361,1359
3144,1368,1366,1364,1362
3145,1371,1369,1367,1365
3146,1374,1372,1370,1368
3147,1377,1375,1373,1371
3148,1380,1378,1376,1374
3149,1383,1381,1379,1377
3150,1386,1384,1382,1380
3151,1389,1387,1385,1383
3152,1392,1390,1388,1386
3153,1395,1393,1391,1389
3154,1398,1396,1394,1392
3155,1401,1399,1397,1395
3156,1404,1402,1400,1398
3157,1407,1405,1403,1401
3158,1410,1408,1406,1404
3159,1413,1411,1409,1407
3160,1416,1414,1412,1410
3161,1419,1417,1415,1413
3162,1422,1420,1418,1416
3163,1425,1423,1421,1419
3164,1428,1426,1424,1422
3165,1431,1429,1427,1425
3166,1434,1432,1430,1428
3167,1443,1435,1433,1431
3168,1446,1444,1436,1434
3169,1449,1447,1445,1437
3170,1452,1450,1448,1446
3171,1455,1453,1451,1449
3172,1458,1456,1454,1452
3173,1461,1459,1457,1455
3174,1464,1462,1460,1458
3175,1467,1465,1463,1461
3176,1470,1468,1466,1464
3177,1473,1471,1469,1467
3178,1476,1474,1472,1470
3179,1479,1477,1475,1473
3180,1482,1480,1478,1476
3181,1485,1483,1481,1479
3182,1488,1486,1484,1482
3183,1491,1489,1487,1485
3184,1494,1492,1490,1488
3185,1497,1495,1493,1491
3186,1500,1498,1496,1494
3187,1503,1501,1499,1497
3188,1506,1504,1502,1500
3189,1509,1507,1505,1503
3190,1512,1510,1508,1506
3191,1515,1513,1511,1509
3192,1518,1516,1514,1512
3193,1521,1519,1517,1515
3194,1524,1522,1520,1518
3195,1527,1525,1523,1521
3196,1530,1528,1526,1524
3197,1539,1531,1529,1527
3198,1542,1540,1532,1530
3199,1545,1543,1541,1533
3200,1548,1546,1544,1542
3201,1551,1549,1547,1545
3202,1554,1552,1550,1548
3203,1557,1555,1553,1551
3204,1560,1558,1556,1554
3205,1563,1561,1559,1557
3206,1566,1564,1562,1560
3207,1569,1567,1565,1563
3208,1572,1570,1568,1566
3209,1575,1573,1571,1569
3210,1578,1576,1574,1572
3211,1581,1579,1577,1575
3212,1584,1582,1580,1578
3213,1587,1585,1583,1581
3214,1590,1588,1586,1584
3215,1593,1591,1589,1587
3216,1596,1594,1592,1590
3217,1599,1597,1595,1593
3218,1602,1600,1598,1596
3219,1605,1603,1601,1599
3220,1608,1606,1604,1602
3221,1611,1609,1607,1605
3222,1614,1612,1610,1608
3223,1617,1615,1613,1611
3224,1620,1618,1616,1614
3225,1623,1621,1619,1617
3226,1626,1624,1622,1620
3227,1635,1627,1625,1623
3228,1638,1636,1628,1626
3229,1641,1639,1637,1629
3230,1644,1642,1640,1638
3231,1647,1645,1643,1641
3232,1650,1648,1646,1644
3233,1653,1651,1649,1647
3234,1656,1654,1652,1650
3235,1659,1657,1655,1653
3236,1662,1660,1658,1656
3237,1665,1663,1661,1659
3238,1668,1666,1664,1662
3239,1671,1669,1667,1665
3240,1674,1672,1670,1668
3241,1677,1675,1673,1671
3242,1680,1678,1676,1674
3243,1683,1681,1679,1677
3244,1686,1684,1682,1680
3245,1689,1687,1685,1683
3246,1692,1690,1688,1686
3247,1695,1693,1691,1689
3248,1698,1696,1694,1692
3249,1701,1699,1697,1695
3250,1704,1702,1700,1698
3251,1707,1705,1703,1701
3252,1710,1708,1706,1704
3253,1713,1711,1709,1707
3254,1716,1714,1712,1710
3255,1719,1717,1715,1713
3256,1722,1720,1718,1716
3257,1731,1723,1721,1719
3258,1734,1732,1724,1722
3259,1737,1735,1733,1725
3260,1740,1738,1736,1734
3261,1743,1741,1739,1737
3262,1746,1744,1742,1740
3263,1749,1747,1745,1743
3264,1752,1750,1748,1746
3265,1755,1753,1751,1749
3266,1758,1756,1754,1752
3267,1761,1759,1757,1755
3268,1764,1762,1760,1758
3269,1767,1765,1763,1761
3270,1770,1768,1766,1764
3271,1773,1771,1769,1767
3272,1776,1774,1772,1770
3273,1779,1777,1775,1773
3274,1782,1780,1778,1776
3275,1785,1783,1781,1779
3276,1788,1786,1784,1782
3277,1791,1789,1787,1785
3278,1794,1792,1790,1788
3279,1797,1795,1793,1791
3280,1800,1798,1796,1794
3281,1803,1801,1799,1797
3282,1806,1804,1802,1800
3283,1809,1807,1805,1803
3284,1812,1810,1808,1806
3285,1815,1813,1811,1809
3286,1818,1816,1814,1812
3287,1827,1819,1817,1815
3288,1830,1828,1820,1818
3289,1833,1831,1829,1821
3290,1836,1834,1832,1830
3291,1839,1837,1835,1833
3292,1842,1840,1838,1836
3293,1845,1843,1841,1839
3294,1848,1846,1844,1842
3295,1851,1849,1847,1845
3296,1854,1852,1850,1848
3297,1857,1855,1853,1851
3298,1860,1858,1856,1854
3299,1863,1861,1859,1857
3300,1866,1864,1862,1860
3301,1869,1867,1865,1863
3302,1872,1870,1868,1866
3303,1875,1873,1871,1869
3304,1878,1876,1874,1872
3305,1881,1879,1877,1875
3306,1884,1882,1880,1878
3307,1887,1885,1883,1881
3308,1890,1888,1886,1884
3309,1893,1891,1889,1887
3310,1896,1894,1892,1890
3311,1899,1897,1895,1893
3312,1902,1900,1898,1896
3313,1905,1903,1901,1899
3314,1908,1906,1904,1902
3315,1911,1909,1907,1905
3316,1914,1912,1910,1908
3317,1923,1915,1913,1911
3318,1926,1924,1916,1914
3319,1929,1927,1925,1917
3320,1932,1930,1928,1926
3321,1935,1933,1931,1929
3322,1938,1936,1934,1932
3323,1941,1939,1937,1935
3324,1944,1942,1940,1938
3325,1947,1945,1943,1941
3326,1950,1948,1946,1944
3327,1953,1951,1949,1947
3328,1956,1954,1952,1950
3329,1959,1957,1955,1953
3330,1962,1960,1958,1956
3331,1965,1963,1961,1959
3332,1968,1966,1964,1962
3333,1971,1969,1967,1965
3334,1974,1972,1970,1968
3335,1977,1975,1973,1971
3336,1980,1978,1976,1974
3337,1983,1981,1979,1977
3338,1986,1984,1982,1980
3339,1989,1987,1985,1983
3340,1992,1990,1988,1986
3341,1995,1993,1991,1989
3342,1998,1996,1994,1992
3343,2001,1999,1997,1995
3344,2004,2002,2000,1998
3345,2007,2005,2003,2001
3346,2010,2008,2006,2004
3347,2019,2011,2009,2007
3348,2022,2020,2012,2010
3349,2025,2023,2021,2013
3350,2028,2026,2024,2022
3351,2031,2029,2027,2025
3352,2034,2032,2030,2028
3353,2037,2035,2033,2031
3354,2040,2038,2036,2034
3355,2043,2041,2039,2037
3356,2046,2044,2042,2040
3357,2049,2047,2045,2043
3358,2052,2050,2048,2046
3359,2055,2053,2051,2049
3360,2058,2056,2054,2052
3361,2061,2059,2057,2055
3362,2064,2062,2060,2058
3363,2067,2065,2063,2061
3364,2070,2068,2066,2064
3365,2073,2071,2069,2067
3366,2076,2074,2072,2070
3367,2079,2077,2075,2073
3368,2082,2080,2078,2076
3369,2085,2083,2081,2079
3370,2088,2086,2084,2082
3371,2091,2089,2087,2085
3372,2094,2092,2090,2088
3373,2097,2095,2093,2091
3374,2100,2098,2096,2094
3375,2103,2101,2099,2097
3376,2106,2104,2102,2100
3377,2115,2107,2105,2103
3378,2118,2116,2108,2106
3379,2121,2119,2117,2109
3380,2124,2122,2120,2118
3381,2127,2125,2123,2121
3382,2130,2128,2126,2124
3383,2133,2131,2129,2127
3384,2136,2134,2132,2130
3385,2139,2137,2135,2133
3386,2142,2140,2138,2136
3387,2145,2143,2141,2139
3388,2148,2146,2144,2142
3389,2151,2149,2147,2145
3390,2154,2152,2150,2148
3391,2157,2155,2153,2151
3392,2160,2158,2156,2154
3393,2163,2161,2159,2157
3394,2166,2164,2162,2160
3395,2169,2167,2165,2163
3396,2172,2170,2168,2166
3397,2175,2173,2171,2169
3398,2178,2176,2174,2172
3399,2181,2179,2177,2175
3400,2184,2182,2180,2178
3401,2187,2185,2183,2181
3402,2190,2188,2186,2184
3403,2193,2191,2189,2187
3404,2196,2194,2192,2190
3405,2199,2197,2195,2193
3406,2202,2200,2198,2196
3407,2211,2203,2201,2199
3408,2214,2212,2204,2202
3409,2217,2215,2213,2205
3410,2220,2218,2216,2214
3411,2223,2221,2219,2217
3412,2226,2224,2222,2220
3413,2229,2227,2225,2223
3414,2232,2230,2228,2226
3415,2235,2233,2231,2229
3416,2238,2236,2234,2232
3417,2241,2239,2237,2235
3418,2244,2242,2240,2238
3419,2247,2245,2243,2241
3420,2250,2248,2246,2244
3421,2253,2251,2249,2247
3422,2256,2254,2252,2250
3423,2259,2257,2255,2253
3424,2262,2260,2258,2256
3425,2265,2263,2261,2259
3426,2268,2266,2264,2262
3427,2271,2269,2267,2265
3428,2274,2272,2270,2268
3429,2277,2275,2273,2271
3430,2280,2278,2276,2274
3431,2283,2281,2279,2277
3432,2286,2284,2282,2280
3433,2289,2287,2285,2283
3434,2292,2290,2288,2286
3435,2295,2293,2291,2289
3436,2298,2296,2294,2292
3437,2307,2299,2297,2295
3438,2310,2308,2300,2298
3439,2313,2311,2309,2301
3440,2316,2314,2312,2310
3441,2319,2317,2315,2313
3442,2322,2320,2318,2316
3443,2325,2323,2321,2319
3444,2328,2326,2324,2322
3445,2331,2329,2327,2325
3446,2334,2332,2330,2328
3447,2337,2335,2333,2331
3448,2340,2338,2336,2334
3449,2343,2341,2339,2337
3450,2346,2344,2342,2340
3451,2349,2347,2345,2343
3452,2352,2350,2348,2346
3453,2355,2353,2351,2349
3454,2358,2356,2354,2352
3455,2361,2359,2357,2355
3456,2364,2362,2360,2358
3457,2367,2365,2363,2361
3458,2370,2368,2366,2364
3459,2373,2371,2369,2367
3460,2376,2374,2372,2370
3461,2379,2377,2375,2373
3462,2382,2380,2378,2376
3463,2385,2383,2381,2379
3464,2388,2386,2384,2382
3465,2391,2389,2387,2385
3466,2394,2392,2390,2388
3467,2403,2395,2393,2391
3468,2406,2404,2396,2394
3469,2409,2407,2405,2397
3470,2412,2410,2408,2406
3471,2415,2413,2411,2409
3472,2418,2416,2414,2412
3473,2421,2419,2417,2415
3474,2424,2422,2420,2418
3475,2427,2425,2423,2421
3476,2430,2428,2426,2424
3477,2433,2431,2429,2427
3478,2436,2434,2432,2430
3479,2439,2437,2435,2433
3480,2442,2440,2438,2436
3481,2445,2443,2441,2439
3482,2448,2446,2444,2442
3483,2451,2449,2447,2445
3484,2454,2452,2450,2448
3485,2457,2455,2453,2451
3486,2460,2458,2456,2454
3487,2463,2461,2459,2457
3488,2466,2464,2462,2460
3489,2469,2467,2465,2463
3490,2472,2470,2468,2466
3491,2475,2473,2471,2469
3492,2478,2476,2474,2472
3493,2481,2479,2477,2475
3494,2484,2482,2480,2478
3495,2487,2485,2483,2481
3496,2490,2488,2486,2484
3497,2499,2491,2489,2487
3498,2502,2500,2492,2490
3499,2505,2503,2501,2493
3500,2508,2506,2504,2502
3501,2511,2509,2507,2505
3502,2514,2512,2510,2508
3503,2517,2515,2513,2511
3504,2520,2518,2516,2514
3505,2523,2521,2519,2517
3506,2526,2524,2522,2520
3507,2529,2527,2525,2523
3508,2532,2530,2528,2526
3509,2535,2533,2531,2529
3510,2538,2536,2534,2532
3511,2541,2539,2537,2535
3512,2544,2542,2540,2538
3513,2547,2545,2543,2541
3514,2550,2548,2546,2544
3515,2553,2551,2549,2547
3516,2556,2554,2552,2550
3517,2559,2557,2555,2553
3518,2562,2560,2558,2556
3519,2565,2563,2561,2559
3520,2568,2566,2564,2562
3521,2571,2569,2567,2565
3522,2574,2572,2570,2568
3523,2577,2575,2573,2571
3524,2580,2578,2576,2574
3525,2583,2581,2579,2577
3526,2586,2584,2582,2580
3527,2595,2587,2585,2583
3528,2598,2596,2588,2586
3529,2601,2599,2597,2589
3530,2604,2602,2600,2598
3531,2607,2605,2603,2601
3532,2610,2608,2606,2604
3533,2613,2611,2609,2607
3534,2616,2614,2612,2610
3535,2619,2617,2615,2613
3536,2622,2620,2618,2616
3537,2625,2623,2621,2619
3538,2628,2626,2624,2622
3539,2631,2629,2627,2625
3540,2634,2632,2630,2628
3541,2637,2635,2633,2631
3542,2640,2638,2636,2634
3543,2643,2641,2639,2637
3544,2646,2644,2642,2640
3545,2649,2647,2645,2643
3546,2652,2650,2648,2646
3547,2655,2653,2651,2649
3548,2658,2656,2654,2652
3549,2661,2659,2657,2655
3550,2664,2662,2660,2658
3551,2667,2665,2663,2661
3552,2670,2668,2666,2664
3553,2673,2671,2669,2667
3554,2676,2674,2672,2670
3555,2679,2677,2675,2673
3556,2682,2680,2678,2676
3557,2691,2683,2681,2679
3558,2694,2692,2684,2682
3559,2697,2695,2693,2685
3560,2700,2698,2696,2694
3561,2703,2701,2699,2697
3562,2706,2704,2702,2700
3563,2709,2707,2705,2703
3564,2712,2710,2708,2706
3565,2715,2713,2711,2709
3566,2718,2716,2714,2712
3567,2721,2719,2717,2715
3568,2724,2722,2720,2718
3569,2727,2725,2723,2721
3570,2730,2728,2726,2724
3571,2733,2731,2729,2727
3572,2736,2734,2732,2730
3573,2739,2737,2735,2733
3574,2742,2740,2738,2736
3575,2745,2743,2741,2739
3576,2748,2746,2744,2742
3577,2751,2749,2747,2745
3578,2754,2752,2750,2748
3579,2757,2755,2753,2751
3580,2760,2758,2756,2754
3581,2763,2761,2759,2757
3582,2766,2764,2762,2760
3583,2769,2767,2765,2763
3584,2772,2770,2768,2766
3585,2775,2773,2771,2769
3586,2778,2776,2774,2772
3587,2787,2779,2777,2775
3588,2790,2788,2780,2778
3589,2793,2791,2789,2781
3590,2796,2794,2792,2790
3591,2799,2797,2795,2793
3592,2802,2800,2798,2796
3593,2805,2803,2801,2799
3594,2808,2806,2804,2802
3595,2811,2809,2807,2805
3596,2814,2812,2810,2808
3597,2817,2815,2813,2811
3598,2820,2818,2816,2814
3599,2823,2821,2819,2817
3600,2826,2824,2822,2820
3601,2829,2827,2825,2823
3602,2832,2830,2828,2826
3603,2835,2833,2831,2829
3604,2838,2836,2834,2832
3605,2841,2839,2837,2835
3606,2844,2842,2840,2838
3607,2847,2845,2843,2841
3608,2850,2848,2846,2844
3609,2853,2851,2849,2847
3610,2856,2854,2852,2850
3611,2859,2857,2855,2853
3612,2862,2860,2858,2856
3613,2865,2863,2861,2859
3614,2868,2866,2864,2862
3615,2871,2869,2867,2865
3616,2874,2872,2870,2868
3617,2883,2875,2873,2871
3618,2886,2884,2876,2874
3619,2889,2887,2885,2877
3620,2892,2890,2888,2886
3621,2895,2893,2891,2889
3622,2898,2896,2894,2892
3623,2901,2899,2897,2895
3624,2904,2902,2900,2898
3625,2907,2905,2903,2901
3626,2910,2908,2906,2904
3627,2913,2911,2909,2907
3628,2916,2914,2912,2910
3629,2919,2917,2915,2913
3630,2922,2920,2918,2916
3631,2925,2923,2921,2919
3632,2928,2926,2924,2922
3633,2931,2929,2927,2925
3634,2934,2932,2930,2928
3635,2937,2935,2933,2931
3636,2940,2938,2936,2934
3637,2943,2941,2939,2937
3638,2946,2944,2942,2940
3639,2949,2947,2945,2943
3640,2952,2950,2948,2946
3641,2955,2953,2951,2949
3642,2958,2956,2954,2952
3643,2961,2959,2957,2955
3644,2964,2962,2960,2958
3645,2967,2965,2963,2961
3646,2970,2968,2966,2964
3647,-1,2971,2969,2967
3648,-1,-1,2972,2970
3649,-1,-1,-1,2973
3650,-1,-1,-1,-1
3651,-1,-1,-1,-1
3652,-1,-1,-1,-1
3653,-1,-1,-1,-1
3654,-1,-1,-1,-1
3655,-1,-1,-1,-1
3656,-1,-1,-1,-1
3657,-1,-1,-1,-1
3658,-1,-1,-1,-1
3659,-1,-1,-1,-1
3660,-1,-1,-1,-1
3661,103,-1,-1,-1
3662,106,104,-1,-1
3663,109,107,192,-1
3664,112,110,195,193
3665,115,113,198,196
3666,118,116,201,199
3667,121,119,204,202
3668,124,122,207,205
3669,127,125,210,208
3670,130,128,213,211
3671,133,131,216,214
3672,136,134,219,217
3673,139,137,222,220
3674,142,140,225,223
3675,145,143,228,226
3676,148,146,231,229
3677,151,149,234,232
3678,154,152,237,235
3679,157,155,240,238
3680,160,158,243,241
3681,163,161,246,244
3682,166,164,249,247
3683,169,167,252,250
3684,172,170,255,253
3685,175,173,258,256
3686,178,176,261,259
3687,181,179,264,262
3688,184,182,267,265
3689,187,185,270,268
3690,190,188,273,271
3691,199,191,276,274
3692,202,200,279,277
3693,205,203,288,280
3694,208,206,291,289
3695,211,209,294,292
3696,214,212,297,295
3697,217,215,300,298
3698,220,218,303,301
3699,223,221,306,304
3700,226,224,309,307
3701,229,227,312,310
3702,232,230,315,313
3703,235,233,318,316
3704,238,236,321,319
3705,241,239,324,322
3706,244,242,327,325
3707,247,245,330,328
3708,250,248,333,331
3709,253,251,336,334
3710,256,254,339,337
3711,259,257,342,340
3712,262,260,345,343
3713,265,263,348,346
3714,268,266,351,349
3715,271,269,354,352
3716,274,272,357,355
3717,277,275,360,358
3718,280,278,363,361
3719,283,281,366,364
3720,286,284,369,367
3721,295,287,372,370
3722,298,296,375,373
3723,301,299,384,376
3724,304,302,387,385
3725,307,305,390,388
3726,310,308,393,391
3727,313,311,396,394
3728,316,314,399,397
3729,319,317,402,400
3730,322,320,405,403
3731,325,323,408,406
3732,328,326,411,409
3733,331,329,414,412
3734,334,332,417,415
3735,337,335,420,418
3736,340,338,423,421
3737,343,341,426,424
3738,346,344,429,427
3739,349,347,432,430
3740,352,350,435,433
3741,355,353,438,436
3742,358,356,441,439
3743,361,359,444,442
3744,364,362,447,445
3745,367,365,450,448
3746,370,368,453,451
3747,373,371,456,454
3748,376,374,459,457
3749,379,377,462,460
3750,382,380,465,463
3751,391,383,468,466
3752,394,392,471,469
3753,397,395,480,472
3754,400,398,483,481
3755,403,401,486,484
3756,406,404,489,487
3757,409,407,492,490
3758,412,410,495,493
3759,415,413,498,496
3760,418,416,501,499
3761,421,419,504,502
3762,424,422,507,505
3763,427,425,510,508
3764,430,428,513,511
3765,433,431,516,514
3766,436,434,519,517
3767,439,437,522,520
3768,442,440,525,523
3769,445,443,528,526
3770,448,446,531,529
3771,451,449,534,532
3772,454,452,537,535
3773,457,455,540,538
3774,460,458,543,541
3775,463,461,546,544
3776,466,464,549,547
3777,469,467,552,550
3778,472,470,555,553
3779,475,473,558,556
3780,478,476,561,559
3781,487,479,564,562
3782,490,488,567,565
3783,493,491,576,568
3784,496,494,579,577
3785,499,497,582,580
3786,502,500,585,583
3787,505,503,588,586
3788,508,506,591,589
3789,511,509,594,592
3790,514,512,597,595
3791,517,515,600,598
3792,520,518,603,601
3793,523,521,606,604
3794,526,524,609,607
3795,529,527,612,610
3796,532,530,615,613
3797,535,533,618,616
3798,538,536,621,619
3799,541,539,624,622
3800,544,542,627,625
3801,547,545,630,628
3802,550,548,633,631
3803,553,551,636,634
3804,556,554,639,637
3805,559,557,642,640
3806,562,560,645,643
3807,565,563,648,646
3808,568,566,651,649
3809,571,569,654,652
3810,574,572,657,655
3811,583,575,660,658
3812,586,584,663,661
3813,589,587,672,664
3814,592,590,675,673
3815,595,593,678,676
3816,598,596,681,679
3817,601,599,684,682
3818,604,602,687,685
3819,607,605,690,688
3820,610,608,693,691
3821,613,611,696,694
3822,616,614,699,697
3823,619,617,702,700
3824,622,620,705,703
3825,625,623,708,706
3826,628,626,711,709
3827,631,629,714,712
3828,634,632,717,715
3829,637,635,720,718
3830,640,638,723,721
3831,643,641,726,724
3832,646,644,729,727
3833,649,647,732,730
3834,652,650,735,733
3835,655,653,738,736
3836,658,656,741,739
3837,661,659,744,742
3838,664,662,747,745
3839,667,665,750,748
3840,670,668,753,751
3841,679,671,756,754
3842,682,680,759,757
3843,685,683,768,760
3844,688,686,771,769
3845,691,689,774,772
3846,694,692,777,775
3847,697,695,780,778
3848,700,698,783,781
3849,703,701,786,784
3850,706,704,789,787
3851,709,707,792,790
3852,712,710,795,793
3853,715,713,798,796
3854,718,716,801,799
3855,721,719,804,802
3856,724,722,807,805
3857,727,725,810,808
3858,730,728,813,811
3859,733,731,816,814
3860,736,734,819,817
3861,739,737,822,820
3862,742,740,825,823
3863,745,743,828,826
3864,748,746,831,829
3865,751,749,834,832
3866,754,752,837,835
3867,757,755,840,838
3868,760,758,843,841
3869,763,761,846,844
3870,766,764,849,847
3871,775,767,852,850
3872,778,776,855,853
3873,781,779,864,856
3874,784,782,867,865
3875,787,785,870,868
3876,790,788,873,871
3877,793,791,876,874
3878,796,794,879,877
3879,799,797,882,880
3880,802,800,885,883
3881,805,803,888,886
3882,808,806,891,889
3883,811,809,894,892
3884,814,812,897,895
3885,817,815,900,898
3886,820,818,903,901
3887,823,821,906,904
3888,826,824,909,907
3889,829,827,912,910
3890,832,830,915,913
3891,835,833,918,916
3892,838,836,921,919
3893,841,839,924,922
3894,844,842,927,925
3895,847,845,930,928
3896,850,848,933,931
3897,853,851,936,934
3898,856,854,939,937
3899,859,857,942,940
3900,862,860,945,943
3901,871,863,948,946
3902,874,872,951,949
3903,877,875,960,952
3904,880,878,963,961
3905,883,881,966,964
3906,886,884,969,967
3907,889,887,972,970
3908,892,890,975,973
3909,895,893,978,976
3910,898,896,981,979
3911,901,899,984,982
3912,904,902,987,985
3913,907,905,990,988
3914,910,908,993,991
3915,913,911,996,994
3916,916,914,999,997
3917,919,917,1002,1000
3918,922,920,1005,1003
3919,925,923,1008,1006
3920,928,926,1011,1009
3921,931,929,1014,1012
3922,934,932,1017,1015
3923,937,935,1020,1018
3924,940,938,1023,1021
3925,943,941,1026,1024
3926,946,944,1029,1027
3927,949,947,1032,1030
3928,952,950,1035,1033
3929,955,953,1038,1036
3930,958,956,1041,1039
3931,967,959,1044,1042
3932,970,968,1047,1045
3933,973,971,1056,1048
3934,976,974,1059,1057
3935,979,977,1062,1060
3936,982,980,1065,1063
3937,985,983,1068,1066
3938,988,986,1071,1069
3939,991,989,1074,1072
3940,994,992,1077,1075
3941,997,995,1080,1078
3942,1000,998,1083,1081
3943,1003,1001,1086,1084
3944,1006,1004,1089,1087
3945,1009,1007,1092,1090
3946,1012,1010,1095,1093
3947,1015,1013,1098,1096
3948,1018,1016,1101,1099
3949,1021,1019,1104,1102
3950,1024,1022,1107,1105
3951,1027,1025,1110,1108
3952,1030,1028,1113,1111
3953,1033,1031,1116,1114
3954,1036,1034,1119,1117
3955,1039,1037,1122,1120
3956,1042,1040,1125,1123
3957,1045,1043,1128,1126
3958,1048,1046,1131,1129
3959,1051,1049,1134,1132
3960,1054,1052,1137,1135
3961,1063,1055,1140,1138
3962,1066,1064,1143,1141
3963,1069,1067,1152,1144
3964,1072,1070,1155,1153
3965,1075,1073,1158,1156
3966,1078,1076,1161,1159
3967,1081,1079,1164,1162
3968,1084,1082,1167,1165
3969,1087,1085,1170,1168
3970,1090,1088,1173,1171
3971,1093,1091,1176,1174
3972,1096,1094,1179,1177
3973,1099,1097,1182,1180
3974,1102,1100,1185,1183
3975,1105,1103,1188,1186
3976,1108,1106,1191,1189
3977,1111,1109,1194,1192
3978,1114,1112,1197,1195
3979,1117,1115,1200,1198
3980,1120,1118,1203,1201
3981,1123,1121,1206,1204
3982,1126,1124,1209,1207
3983,1129,1127,1212,1210
3984,1132,1130,1215,1213
3985,1135,1133,1218,1216
3986,1138,1136,1221,1219
3987,1141,1139,1224,1222
3988,1144,1142,1227,1225
3989,1147,1145,1230,1228
3990,1150,1148,1233,1231
3991,1159,1151,1236,1234
3992,1162,1160,1239,1237
3993,1165,1163,1248,1240
3994,1168,1166,1251,1249
3995,1171,1169,1254,1252
3996,1174,1172,1257,1255
3997,1177,1175,1260,1258
3998,1180,1178,1263,1261
3999,1183,1181,1266,1264
4000,1186,1184,1269,1267
4001,1189,1187,1272,1270
4002,1192,1190,1275,1273
4003,1195,1193,1278,1276
4004,1198,1196,1281,1279
4005,1201,1199,1284,1282
4006,1204,1202,1287,1285
4007,1207,1205,1290,1288
4008,1210,1208,1293,1291
4009,1213,1211,1296,1294
4010,1216,1214,1299,1297
4011,1219,1217,1302,1300
4012,1222,1220,1305,1303
4013,1225,1223,1308,1306
4014,1228,1226,1311,1309
4015,1231,1229,1314,1312
4016,1234,1232,1317,1315
4017,1237,1235,1320,1318
4018,1240,1238,1323,1321
4019,1243,1241,1326,1324
4020,1246,1244,1329,1327
4021,1255,1247,1332,1330
4022,1258,1256,1335,1333
4023,1261,1259,1344,1336
4024,1264,1262,1347,1345
4025,1267,1265,1350,1348
4026,1270,1268,1353,1351
4027,1273,1271,1356,1354
4028,1276,1274,1359,1357
4029,1279,1277,1362,1360
4030,1282,1280,1365,1363
4031,1285,1283,1368,1366
4032,1288,1286,1371,1369
4033,1291,1289,1374,1372
4034,1294,1292,1377,1375
4035,1297,1295,1380,1378
4036,1300,1298,1383,1381
4037,1303,1301,1386,1384
4038,1306,1304,1389,1387
4039,1309,1307,1392,1390
4040,1312,1310,1395,1393
4041,1315,1313,1398,1396
4042,1318,1316,1401,1399
4043,1321,1319,1404,1402
4044,1324,1322,1407,1405
4045,1327,1325,1410,1408
4046,1330,1328,1413,1411
4047,1333,1331,1416,1414
4048,1336,1334,1419,1417
4049,1339,1337,1422,1420
4050,1342,1340,1425,1423
4051,1351,1343,1428,1426
4052,1354,1352,1431,1429
4053,1357,1355,1440,1432
4054,1360,1358,1443,1441
4055,1363,1361,1446,1444
4056,1366,1364,1449,1447
4057,1369,1367,1452,1450
4058,1372,1370,1455,1453
4059,1375,1373,1458,1456
4060,1378,1376,1461,1459
4061,1381,1379,1464,1462
4062,1384,1382,1467,1465
4063,1387,1385,1470,1468
4064,1390,1388,1473,1471
4065,1393,1391,1476,1474
4066,1396,1394,1479,1477
4067,1399,1397,1482,1480
4068,1402,1400,1485,1483
4069,1405,1403,1488,1486
4070,1408,1406,1491,1489
4071,1411,1409,1494,1492
4072,1414,1412,1497,1495
4073,1417,1415,1500,1498
4074,1420,1418,1503,1501
4075,1423,1421,1506,1504
4076,1426,1424,1509,1507
4077,1429,1427,1512,1510
4078,1432,1430,1515,1513
4079,1435,1433,1518,1516
4080,1438,1436,1521,1519
4081,1447,1439,1524,1522
4082,1450,1448,1527,1525
4083,1453,1451,1536,1528
4084,1456,1454,1539,1537
4085,1459,1457,1542,1540
4086,1462,1460,1545,1543
4087,1465,1463,1548,1546
4088,1468,1466,1551,1549
4089,1471,1469,1554,1552
4090,1474,1472,1557,1555
4091,1477,1475,1560,1558
4092,1480,1478,1563,1561
4093,1483,1481,1566,1564
4094,1486,1484,1569,1567
4095,1489,1487,1572,1570
4096,1492,1490,1575,1573
4097,1495,1493,1578,1576
4098,1498,1496,1581,1579
4099,1501,1499,1584,1582
4100,1504,1502,1587,1585
4101,1507,1505,1590,1588
4102,1510,1508,1593,1591
4103,1513,1511,1596,1594
4104,1516,1514,1599,1597
4105,1519,1517,1602,1600
4106,1522,1520,1605,1603
4107,1525,1523,1608,1606
4108,1528,1526,1611,1609
4109,1531,1529,1614,1612
4110,1534,1532,1617,1615
4111,1543,1535,1620,1618
4112,1546,1544,1623,1621
4113,1549,1547,1632,1624
4114,1552,1550,1635,1633
4115,1555,1553,1638,1636
4116,1558,1556,1641,1639
4117,1561,1559,1644,1642
4118,1564,1562,1647,1645
4119,1567,1565,1650,1648
4120,1570,1568,1653,1651
4121,1573,1571,1656,1654
4122,1576,1574,1659,1657
4123,1579,1577,1662,1660
4124,1582,1580,1665,1663
4125,1585,1583,1668,1666
4126,1588,1586,1671,1669
4127,1591,1589,1674,1672
4128,1594,1592,1677,1675
4129,1597,1595,1680,1678
4130,1600,1598,1683,1681
4131,1603,1601,1686,1684
4132,1606,1604,1689,1687
4133,1609,1607,1692,1690
4134,1612,1610,1695,1693
4135,1615,1613,1698,1696
4136,1618,1616,1701,1699
4137,1621,1619,1704,1702
4138,1624,1622,1707,1705
4139,1627,1625,1710,1708
4140,1630,1628,1713,1711
4141,1639,1631,1716,1714
4142,1642,1640,1719,1717
4143,1645,1643,1728,1720
4144,1648,1646,1731,1729
4145,1651,1649,1734,1732
4146,1654,1652,1737,1735
4147,1657,1655,1740,1738
4148,1660,1658,1743,1741
4149,1663,1661,1746,1744
4150,1666,1664,1749,1747
4151,1669,1667,1752,1750
4152,1672,1670,1755,1753
4153,1675,1673,1758,1756
4154,1678,1676,1761,1759
4155,1681,1679,1764,1762
4156,1684,1682,1767,1765
4157,1687,1685,1770,1768
4158,1690,1688,1773,1771
4159,1693,1691,1776,1774
4160,1696,1694,1779,1777
4161,1699,1697,1782,1780
4162,1702,1700,1785,1783
4163,1705,1703,1788,1786
4164,1708,1706,1791,1789
4165,1711,1709,1794,1792
4166,1714,1712,1797,1795
4167,1717,1715,1800,1798
4168,1720,1718,1803,1801
4169,1723,1721,1806,1804
4170,1726,1724,1809,1807
4171,1735,1727,1812,1810
4172,1738,1736,1815,1813
4173,1741,1739,1824,1816
4174,1744,1742,1827,1825
4175,1747,1745,1830,1828
4176,1750,1748,1833,1831
4177,1753,1751,1836,1834
4178,1756,1754,1839,1837
4179,1759,1757,1842,1840
4180,1762,1760,1845,1843
4181,1765,1763,1848,1846
4182,1768,1766,1851,1849
4183,1771,1769,1854,1852
4184,1774,1772,1857,1855
4185,1777,1775,1860,1858
4186,1780,1778,1863,1861
4187,1783,1781,1866,1864
4188,1786,1784,1869,1867
4189,1789,1787,1872,1870
4190,1792,1790,1875,1873
4191,1795,1793,1878,1876
4192,1798,1796,1881,1879
4193,1801,1799,1884,1882
4194,1804,1802,1887,1885
4195,1807,1805,1890,1888
4196,1810,1808,1893,1891
4197,1813,1811,1896,1894
4198,1816,1814,1899,1897
4199,1819,1817,1902,1900
4200,1822,1820,1905,1903
4201,1831,1823,1908,1906
4202,1834,1832,1911,1909
4203,1837,1835,1920,1912
4204,1840,1838,1923,1921
4205,1843,1841,1926,1924
4206,1846,1844,1929,1927
4207,1849,1847,1932,1930
4208,1852,1850,1935,1933
4209,1855,1853,1938,1936
4210,1858,1856,1941,1939
4211,1861,1859,1944,1942
4212,1864,1862,1947,1945
4213,1867,1865,1950,1948
4214,1870,1868,1953,1951
4215,1873,1871,1956,1954
4216,1876,1874,1959,1957
4217,1879,1877,1962,1960
4218,1882,1880,1965,1963
4219,1885,1883,1968,1966
4220,1888,1886,1971,1969
4221,1891,1889,1974,1972
4222,1894,1892,1977,1975
4223,1897,1895,1980,1978
4224,1900,1898,1983,1981
4225,1903,1901,1986,1984
4226,1906,1904,1989,1987
4227,1909,1907,1992,1990
4228,1912,1910,1995,1993
4229,1915,1913,1998,1996
4230,1918,1916,2001,1999
4231,1927,1919,2004,2002
4232,1930,1928,2007,2005
4233,1933,1931,2016,2008
4234,1936,1934,2019,2017
4235,1939,1937,2022,2020
4236,1942,1940,2025,2023
4237,1945,1943,2028,2026
4238,1948,1946,2031,2029
4239,1951,1949,2034,2032
4240,1954,1952,2037,2035
4241,1957,1955,2040,2038
4242,1960,1958,2043,2041
4243,1963,1961,2046,2044
4244,1966,1964,2049,2047
4245,1969,1967,2052,2050
4246,1972,1970,2055,2053
4247,1975,1973,2058,2056
4248,1978,1976,2061,2059
4249,1981,1979,2064,2062
4250,1984,1982,2067,2065
4251,1987,1985,2070,2068
4252,1990,1988,2073,2071
4253,1993,1991,2076,2074
4254,1996,1994,2079,2077
4255,1999,1997,2082,2080
4256,2002,2000,2085,2083
4257,2005,2003,2088,2086
4258,2008,2006,2091,2089
4259,2011,2009,2094,2092
4260,2014,2012,2097,2095
4261,2023,2015,2100,2098
4262,2026,2024,2103,2101
4263,2029,2027,2112,2104
4264,2032,2030,2115,2113
4265,2035,2033,2118,2116
4266,2038,2036,2121,2119
4267,2041,2039,2124,2122
4268,2044,2042,2127,2125
4269,2047,2045,2130,2128
4270,2050,2048,2133,2131
4271,2053,2051,2136,2134
4272,2056,2054,2139,2137
4273,2059,2057,2142,2140
4274,2062,2060,2145,2143
4275,2065,2063,2148,2146
4276,2068,2066,2151,2149
4277,2071,2069,2154,2152
4278,2074,2072,2157,2155
4279,2077,2075,2160,2158
4280,2080,2078,2163,2161
4281,2083,2081,2166,2164
4282,2086,2084,2169,2167
4283,2089,2087,2172,2170
4284,2092,2090,2175,2173
4285,2095,2093,2178,2176
4286,2098,2096,2181,2179
4287,2101,2099,2184,2182
4288,2104,2102,2187,2185
4289,2107,2105,2190,2188
4290,2110,2108,2193,2191
4291,2119,2111,2196,2194
4292,2122,2120,2199,2197
4293,2125,2123,2208,2200
4294,2128,2126,2211,2209
4295,2131,2129,2214,2212
4296,2134,2132,2217,2215
4297,2137,2135,2220,2218
4298,2140,2138,2223,2221
4299,2143,2141,2226,2224
4300,2146,2144,2229,2227
4301,2149,2147,2232,2230
4302,2152,2150,2235,2233
4303,2155,2153,2238,2236
4304,2158,2156,2241,2239
4305,2161,2159,2244,2242
4306,2164,2162,2247,2245
4307,2167,2165,2250,2248
4308,2170,2168,2253,2251
4309,2173,2171,2256,2254
4310,2176,2174,2259,2257
4311,2179,2177,2262,2260
4312,2182,2180,2265,2263
4313,2185,2183,2268,2266
4314,2188,2186,2271,2269
4315,2191,2189,2274,2272
4316,2194,2192,2277,2275
4317,2197,2195,2280,2278
4318,2200,2198,2283,2281
4319,2203,2201,2286,2284
4320,2206,2204,2289,2287
4321,2215,2207,2292,2290
4322,2218,2216,2295,2293
4323,2221,2219,2304,2296
4324,2224,2222,2307,2305
4325,2227,2225,2310,2308
4326,2230,2228,2313,2311
4327,2233,2231,2316,2314
4328,2236,2234,2319,2317
4329,2239,2237,2322,2320
4330,2242,2240,2325,2323
4331,2245,2243,2328,2326
4332,2248,2246,2331,2329
4333,2251,2249,2334,2332
4334,2254,2252,2337,2335
4335,2257,2255,2340,2338
4336,2260,2258,2343,2341
4337,2263,2261,2346,2344
4338,2266,2264,2349,2347
4339,2269,2267,2352,2350
4340,2272,2270,2355,2353
4341,2275,2273,2358,2356
4342,2278,2276,2361,2359
4343,2281,2279,2364,2362
4344,2284,2282,2367,2365
4345,2287,2285,2370,2368
4346,2290,2288,2373,2371
4347,2293,2291,2376,2374
4348,2296,2294,2379,2377
4349,2299,2297,2382,2380
4350,2302,2300,2385,2383
4351,2311,2303,2388,2386
4352,2314,2312,2391,2389
4353,2317,2315,2400,2392
4354,2320,2318,2403,2401
4355,2323,2321,2406,2404
4356,2326,2324,2409,2407
4357,2329,2327,2412,2410
4358,2332,2330,2415,2413
4359,2335,2333,2418,2416
4360,2338,2336,2421,2419
4361,2341,2339,2424,2422
4362,2344,2342,2427,2425
4363,2347,2345,2430,2428
4364,2350,2348,2433,2431
4365,2353,2351,2436,2434
4366,2356,2354,2439,2437
4367,2359,2357,2442,2440
4368,2362,2360,2445,2443
4369,2365,2363,2448,2446
4370,2368,2366,2451,2449
4371,2371,2369,2454,2452
4372,2374,2372,2457,2455
4373,2377,2375,2460,2458
4374,2380,2378,2463,2461
4375,2383,2381,2466,2464
4376,2386,2384,2469,2467
4377,2389,2387,2472,2470
4378,2392,2390,2475,2473
4379,2395,2393,2478,2476
4380,2398,2396,2481,2479
4381,2407,2399,2484,2482
4382,2410,2408,2487,2485
4383,2413,2411,2496,2488
4384,2416,2414,2499,2497
4385,2419,2417,2502,2500
4386,2422,2420,2505,2503
4387,2425,2423,2508,2506
4388,2428,2426,2511,2509
4389,2431,2429,2514,2512
4390,2434,2432,2517,2515
4391,2437,2435,2520,2518
4392,2440,2438,2523,2521
4393,2443,2441,2526,2524
4394,2446,2444,2529,2527
4395,2449,2447,2532,2530
4396,2452,2450,2535,2533
4397,2455,2453,2538,2536
4398,2458,2456,2541,2539
4399,2461,2459,2544,2542
4400,2464,2462,2547,2545
4401,2467,2465,2550,2548
4402,2470,2468,2553,2551
4403,2473,2471,2556,2554
4404,2476,2474,2559,2557
4405,2479,2477,2562,2560
4406,2482,2480,2565,2563
4407,2485,2483,2568,2566
4408,2488,2486,2571,2569
4409,2491,2489,2574,2572
4410,2494,2492,2577,2575
4411,2503,2495,2580,2578
4412,2506,2504,2583,2581
4413,2509,2507,2592,2584
4414,2512,2510,2595,2593
4415,2515,2513,2598,2596
4416,2518,2516,2601,2599
4417,2521,2519,2604,2602
4418,2524,2522,2607,2605
4419,2527,2525,2610,2608
4420,2530,2528,2613,2611
4421,2533,2531,2616,2614
4422,2536,2534,2619,2617
4423,2539,2537,2622,2620
4424,2542,2540,2625,2623
4425,2545,2543,2628,2626
4426,2548,2546,2631,2629
4427,2551,2549,2634,2632
4428,2554,2552,2637,2635
4429,2557,2555,2640,2638
4430,2560,2558,2643,2641
4431,2563,2561,2646,2644
4432,2566,2564,2649,2647
4433,2569,2567,2652,2650
4434,2572,2570,2655,2653
4435,2575,2573,2658,2656
4436,2578,2576,2661,2659
4437,2581,2579,2664,2662
4438,2584,2582,2667,2665
4439,2587,2585,2670,2668
4440,2590,2588,2673,2671
4441,2599,2591,2676,2674
4442,2602,2600,2679,2677
4443,2605,2603,2688,2680
4444,2608,2606,2691,2689
4445,2611,2609,2694,2692
4446,2614,2612,2697,2695
4447,2617,2615,2700,2698
4448,2620,2618,2703,2701
4449,2623,2621,2706,2704
4450,2626,2624,2709,2707
4451,2629,2627,2712,2710
4452,2632,2630,2715,2713
4453,2635,2633,2718,2716
4454,2638,2636,2721,2719
4455,2641,2639,2724,2722
4456,2644,2642,2727,2725
4457,2647,2645,2730,2728
4458,2650,2648,2733,2731
4459,2653,2651,2736,2734
4460,2656,2654,2739,2737
4461,2659,2657,2742,2740
4462,2662,2660,2745,2743
4463,2665,2663,2748,2746
4464,2668,2666,2751,2749
4465,2671,2669,2754,2752
4466,2674,2672,2757,2755
4467,2677,2675,2760,2758
4468,2680,2678,2763,2761
4469,2683,2681,2766,2764
4470,2686,2684,2769,2767
4471,2695,2687,2772,2770
4472,2698,2696,2775,2773
4473,2701,2699,2784,2776
4474,2704,2702,2787,2785
4475,2707,2705,2790,2788
4476,2710,2708,2793,2791
4477,2713,2711,2796,2794
4478,2716,2714,2799,2797
4479,2719,2717,2802,2800
4480,2722,2720,2805,2803
4481,2725,2723,2808,2806
4482,2728,2726,2811,2809
4483,2731,2729,2814,2812
4484,2734,2732,2817,2815
4485,2737,2735,2820,2818
4486,2740,2738,2823,2821
4487,2743,2741,2826,2824
4488,2746,2744,2829,2827
4489,2749,2747,2832,2830
4490,2752,2750,2835,2833
4491,2755,2753,2838,2836
4492,2758,2756,2841,2839
4493,2761,2759,2844,2842
4494,2764,2762,2847,2845
4495,2767,2765,2850,2848
4496,2770,2768,2853,2851
4497,2773,2771,2856,2854
4498,2776,2774,2859,2857
4499,2779,2777,2862,2860
4500,2782,2780,2865,2863
4501,2791,2783,2868,2866
4502,2794,2792,2871,2869
4503,2797,2795,2880,2872
4504,2800,2798,2883,2881
4505,2803,2801,2886,2884
4506,2806,2804,2889,2887
4507,2809,2807,2892,2890
4508,2812,2810,2895,2893
4509,2815,2813,2898,2896
4510,2818,2816,2901,2899
4511,2821,2819,2904,2902
4512,2824,2822,2907,2905
4513,2827,2825,2910,2908
4514,2830,2828,2913,2911
4515,2833,2831,2916,2914
4516,2836,2834,2919,2917
4517,2839,2837,2922,2920
4518,2842,2840,2925,2923
4519,2845,2843,2928,2926
4520,2848,2846,2931,2929
4521,2851,2849,2934,2932
4522,2854,2852,2937,2935
4523,2857,2855,2940,2938
4524,2860,2858,2943,2941
4525,2863,2861,2946,2944
4526,2866,2864,2949,2947
4527,2869,2867,2952,2950
4528,2872,2870,2955,2953
4529,2875,2873,2958,2956
4530,2878,2876,2961,2959
4531,2887,2879,2964,2962
4532,2890,2888,2967,2965
4533,2893,2891,2976,2968
4534,2896,2894,2979,2977
4535,2899,2897,2982,2980
4536,2902,2900,2985,2983
4537,2905,2903,2988,2986
4538,2908,2906,2991,2989
4539,2911,2909,2994,2992
4540,2914,2912,2997,2995
4541,2917,2915,3000,2998
4542,2920,2918,3003,3001
4543,2923,2921,3006,3004
4544,2926,2924,3009,3007
4545,2929,2927,3012,3010
4546,2932,2930,3015,3013
4547,2935,2933,3018,3016
4548,2938,2936,3021,3019
4549,2941,2939,3024,3022
4550,2944,2942,3027,3025
4551,2947,2945,3030,3028
4552,2950,2948,3033,3031
4553,2953,2951,3036,3034
4554,2956,2954,3039,3037
4555,2959,2957,3042,3040
4556,2962,2960,3045,3043
4557,2965,2963,3048,3046
4558,2968,2966,3051,3049
4559,2971,2969,3054,3052
4560,2974,2972,3057,3055
4561,-1,2975,3060,3058
4562,-1,-1,3063,3061
4563,-1,-1,-1,3064
4564,-1,-1,-1,-1
4565,-1,-1,-1,-1
4566,-1,-1,-1,-1
4567,-1,-1,-1,-1
4568,-1,-1,-1,-1
4569,-1,-1,-1,-1
4570,-1,-1,-1,-1
4571,-1,-1,-1,-1
4572,-1,-1,-1,-1
4573,-1,-1,-1,-1
4574,-1,-1,-1,-1
4575,194,-1,-1,-1
4576,197,195,-1,-1
4577,200,198,196,-1
4578,203,201,199,197
4579,206,204,202,200
4580,209,207,205,203
4581,212,210,208,206
4582,215,213,211,209
4583,218,216,214,212
4584,221,219,217,215
4585,224,222,220,218
4586,227,225,223,221
4587,230,228,226,224
4588,233,231,229,227
4589,236,234,232,230
4590,239,237,235,233
4591,242,240,238,236
4592,245,243,241,239
4593,248,246,244,242
4594,251,249,247,245
4595,254,252,250,248
4596,257,255,253,251
4597,260,258,256,254
4598,263,261,259,257
4599,266,264,262,260
4600,269,267,265,263
4601,272,270,268,266
4602,275,273,271,269
4603,278,276,274,272
4604,281,279,277,275
4605,290,282,280,278
4606,293,291,283,281
4607,296,294,292,284
4608,299,297,295,293
4609,302,300,298,296
4610,305,303,301,299
4611,308,306,304,302
4612,311,309,307,305
4613,314,312,310,308
4614,317,315,313,311
4615,320,318,316,314
4616,323,321,319,317
4617,326,324,322,320
4618,329,327,325,323
4619,332,330,328,326
4620,335,333,331,329
4621,338,336,334,332
4622,341,339,337,335
4623,344,342,340,338
4624,347,345,343,341
4625,350,348,346,344
4626,353,351,349,347
4627,356,354,352,350
4628,359,357,355,353
4629,362,360,358,356
4630,365,363,361,359
4631,368,366,364,362
4632,371,369,367,365
4633,374,372,370,368
4634,377,375,373,371
4635,386,378,376,374
4636,389,387,379,377
4637,392,390,388,380
4638,395,393,391,389
4639,398,396,394,392
4640,401,399,397,395
4641,404,402,400,398
4642,407,405,403,401
4643,410,408,406,404
4644,413,411,409,407
4645,416,414,412,410
4646,419,417,415,413
4647,422,420,418,416
4648,425,423,421,419
4649,428,426,424,422
4650,431,429,427,425
4651,434,432,430,428
4652,437,435,433,431
4653,440,438,436,434
4654,443,441,439,437
4655,446,444,442,440
4656,449,447,445,443
4657,452,450,448,446
4658,455,453,451,449
4659,458,456,454,452
4660,461,459,457,455
4661,464,462,460,458
4662,467,465,463,461
4663,470,468,466,464
4664,473,471,469,467
4665,482,474,472,470
4666,485,483,475,473
4667,488,486,484,476
4668,491,489,487,485
4669,494,492,490,488
4670,497,495,493,491
4671,500,498,496,494
4672,503,501,499,497
4673,506,504,502,500
4674,509,507,505,503
4675,512,510,508,506
4676,515,513,511,509
4677,518,516,514,512
4678,521,519,517,515
4679,524,522,520,518
4680,527,525,523,521
4681,530,528,526,524
4682,533,531,529,527
4683,536,534,532,530
4684,539,537,535,533
4685,542,540,538,536
4686,545,543,541,539
4687,548,546,544,542
4688,551,549,547,545
4689,554,552,550,548
4690,557,555,553,551
4691,560,558,556,554
4692,563,561,559,557
4693,566,564,562,560
4694,569,567,565,563
4695,578,570,568,566
4696,581,579,571,569
4697,584,582,580,572
4698,587,585,583,581
4699,590,588,586,584
4700,593,591,589,587
4701,596,594,592,590
4702,599,597,595,593
4703,602,600,598,596
4704,605,603,601,599
4705,608,606,604,602
4706,611,609,607,605
4707,614,612,610,608
4708,617,615,613,611
4709,620,618,616,614
4710,623,621,619,617
4711,626,624,622,620
4712,629,627,625,623
4713,632,630,628,626
4714,635,633,631,629
4715,638,636,634,632
4716,641,639,637,635
4717,644,642,640,638
4718,647,645,643,641
4719,650,648,646,644
4720,653,651,649,647
4721,656,654,652,650
4722,659,657,655,653
4723,662,660,658,656
4724,665,663,661,659
4725,674,666,664,662
4726,677,675,667,665
4727,680,678,676,668
4728,683,681,679,677
4729,686,684,682,680
4730,689,687,685,683
4731,692,690,688,686
4732,695,693,691,689
4733,698,696,694,692
4734,701,699,697,695
4735,704,702,700,698
4736,707,705,703,701
4737,710,708,706,704
4738,713,711,709,707
4739,716,714,712,710
4740,719,717,715,713
4741,722,720,718,716
4742,725,723,721,719
4743,728,726,724,722
4744,731,729,727,725
4745,734,732,730,728
4746,737,735,733,731
4747,740,738,736,734
4748,743,741,739,737
4749,746,744,742,740
4750,749,747,745,743
4751,752,750,748,746
4752,755,753,751,749
4753,758,756,754,752
4754,761,759,757,755
4755,770,762,760,758
4756,773,771,763,761
4757,776,774,772,764
4758,779,777,775,773
4759,782,780,778,776
4760,785,783,781,779
4761,788,786,784,782
4762,791,789,787,785
4763,794,792,790,788
4764,797,795,793,791
4765,800,798,796,794
4766,803,801,799,797
4767,806,804,802,800
4768,809,807,805,803
4769,812,810,808,806
4770,815,813,811,809
4771,818,816,814,812
4772,821,819,817,815
4773,824,822,820,818
4774,827,825,823,821
4775,830,828,826,824
4776,833,831,829,827
4777,836,834,832,830
4778,839,837,835,833
4779,842,840,838,836
4780,845,843,841,839
4781,848,846,844,842
4782,851,849,847,845
4783,854,852,850,848
4784,857,855,853,851
4785,866,858,856,854
4786,869,867,859,857
4787,872,870,868,860
4788,875,873,871,869
4789,878,876,874,872
4790,881,879,877,875
4791,884,882,880,878
4792,887,885,883,881
4793,890,888,886,884
4794,893,891,889,887
4795,896,894,892,890
4796,899,897,895,893
4797,902,900,898,896
4798,905,903,901,899
4799,908,906,904,902
4800,911,909,907,905
4801,914,912,910,908
4802,917,915,913,911
4803,920,918,916,914
4804,923,921,919,917
4805,926,924,922,920
4806,929,927,925,923
4807,932,930,928,926
4808,935,933,931,929
4809,938,936,934,932
4810,941,939,937,935
4811,944,942,940,938
4812,947,945,943,941
4813,950,948,946,944
4814,953,951,949,947
4815,962,954,952,950
4816,965,963,955,953
4817,968,966,964,956
4818,971,969,967,965
4819,974,972,970,968
4820,977,975,973,971
4821,980,978,976,974
4822,983,981,979,977
4823,986,984,982,980
4824,989,987,985,983
4825,992,990,988,986
4826,995,993,991,989
4827,998,996,994,992
4828,1001,999,997,995
4829,1004,1002,1000,998
4830,1007,1005,1003,1001
4831,1010,1008,1006,1004
4832,1013,1011,1009,1007
4833,1016,1014,1012,1010
4834,1019,1017,1015,1013
4835,1022,1020,1018,1016
4836,1025,1023,1021,1019
4837,1028,1026,1024,1022
4838,1031,1029,1027,1025
4839,1034,1032,1030,1028
4840,1037,1035,1033,1031
4841,1040,1038,1036,1034
4842,1043,1041,1039,1037
4843,1046,1044,1042,1040
4844,1049,1047,1045,1043
4845,1058,1050,1048,1046
4846,1061,1059,1051,1049
4847,1064,1062,1060,1052
4848,1067,1065,1063,1061
4849,1070,1068,1066,1064
4850,1073,1071,1069,1067
4851,1076,1074,1072,1070
4852,1079,1077,1075,1073
4853,1082,1080,1078,1076
4854,1085,1083,1081,1079
4855,1088,1086,1084,1082
4856,1091,1089,1087,1085
4857,1094,1092,1090,1088
4858,1097,1095,1093,1091
4859,1100,1098,1096,1094
4860,1103,1101,1099,1097
4861,1106,1104,1102,1100
4862,1109,1107,1105,1103
4863,1112,1110,1108,1106
4864,1115,1113,1111,1109
4865,1118,1116,1114,1112
4866,1121,1119,1117,1115
4867,1124,1122,1120,1118
4868,1127,1125,1123,1121
4869,1130,1128,1126,1124
4870,1133,1131,1129,1127
4871,1136,1134,1132,1130
4872,1139,1137,1135,1133
4873,1142,1140,1138,1136
4874,1145,1143,1141,1139
4875,1154,1146,1144,1142
4876,1157,1155,1147,1145
4877,1160,1158,1156,1148
4878,1163,1161,1159,1157
4879,1166,1164,1162,1160
4880,1169,1167,1165,1163
4881,1172,1170,1168,1166
4882,1175,1173,1171,1169
4883,1178,1176,1174,1172
4884,1181,1179,1177,1175
4885,1184,1182,1180,1178
4886,1187,1185,1183,1181
4887,1190,1188,1186,1184
4888,1193,1191,1189,1187
4889,1196,1194,1192,1190
4890,1199,1197,1195,1193
4891,1202,1200,1198,1196
4892,1205,1203,1201,1199
4893,1208,1206,1204,1202
4894,1211,1209,1207,1205
4895,1214,1212,1210,1208
4896,1217,1215,1213,1211
4897,1220,1218,1216,1214
4898,1223,1221,1219,1217
4899,1226,1224,1222,1220
4900,1229,1227,1225,1223
4901,1232,1230,1228,1226
4902,1235,1233,1231,1229
4903,1238,1236,1234,1232
4904,1241,1239,1237,1235
4905,1250,1242,1240,1238
4906,1253,1251,1243,1241
4907,1256,1254,1252,1244
4908,1259,1257,1255,1253
4909,1262,1260,1258,1256
4910,1265,1263,1261,1259
4911,1268,1266,1264,1262
4912,1271,1269,1267,1265
4913,1274,1272,1270,1268
4914,1277,1275,1273,1271
4915,1280,1278,1276,1274
4916,1283,1281,1279,1277
4917,1286,1284,1282,1280
4918,1289,1287,1285,1283
4919,1292,1290,1288,1286
4920,1295,1293,1291,1289
4921,1298,1296,1294,1292
4922,1301,1299,1297,1295
4923,1304,1302,1300,1298
4924,1307,1305,1303,1301
4925,1310,1308,1306,1304
4926,1313,1311,1309,1307
4927,1316,1314,1312,1310
4928,1319,1317,1315,1313
4929,1322,1320,1318,1316
4930,1325,1323,1321,1319
4931,1328,1326,1324,1322
4932,1331,1329,1327,1325
4933,1334,1332,1330,1328
4934,1337,1335,1333,1331
4935,1346,1338,1336,1334
4936,1349,1347,1339,1337
4937,1352,1350,1348,1340
4938,1355,1353,1351,1349
4939,1358,1356,1354,1352
4940,1361,1359,1357,1355
4941,1364,1362,1360,1358
4942,1367,1365,1363,1361
4943,1370,1368,1366,1364
4944,1373,1371,1369,1367
4945,1376,1374,1372,1370
4946,1379,1377,1375,1373
4947,1382,1380,1378,1376
4948,1385,1383,1381,1379
4949,1388,1386,1384,1382
4950,1391,1389,1387,1385
4951,1394,1392,1390,1388
4952,1397,1395,1393,1391
4953,1400,1398,1396,1394
4954,1403,1401,1399,1397
4955,1406,1404,1402,1400
4956,1409,1407,1405,1403
4957,1412,1410,1408,1406
4958,1415,1413,1411,1409
4959,1418,1416,1414,1412
4960,1421,1419,1417,1415
4961,1424,1422,1420,1418
4962,1427,1425,1423,1421
4963,1430,1428,1426,1424
4964,1433,1431,1429,1427
4965,1442,1434,1432,1430
4966,1445,1443,1435,1433
4967,1448,1446,1444,1436
4968,1451,1449,1447,1445
4969,1454,1452,1450,1448
4970,1457,1455,1453,1451
4971,1460,1458,1456,1454
4972,1463,1461,1459,1457
4973,1466,1464,1462,1460
4974,1469,1467,1465,1463
4975,1472,1470,1468,1466
4976,1475,1473,1471,1469
4977,1478,1476,1474,1472
4978,1481,1479,1477,1475
4979,1484,1482,1480,1478
4980,1487,1485,1483,1481
4981,1490,1488,1486,1484
4982,1493,1491,1489,1487
4983,1496,1494,1492,1490
4984,1499,1497,1495,1493
4985,1502,1500,1498,1496
4986,1505,1503,1501,1499
4987,1508,1506,1504,1502
4988,1511,1509,1507,1505
4989,1514,1512,1510,1508
4990,1517,1515,1513,1511
4991,1520,1518,1516,1514
4992,1523,1521,1519,1517
4993,1526,1524,1522,1520
4994,1529,1527,1525,1523
4995,1538,1530,1528,1526
4996,1541,1539,1531,1529
4997,1544,1542,1540,1532
4998,1547,1545,1543,1541
4999,1550,1548,1546,1544
5000,1553,1551,1549,1547
5001,1556,1554,1552,1550
5002,1559,1557,1555,1553
5003,1562,1560,1558,1556
5004,1565,1563,1561,1559
5005,1568,1566,1564,1562
5006,1571,1569,1567,1565
5007,1574,1572,1570,1568
5008,1577,1575,1573,1571
5009,1580,1578,1576,1574
5010,1583,1581,1579,1577
5011,1586,1584,1582,1580
5012,1589,1587,1585,1583
5013,1592,1590,1588,1586
5014,1595,1593,1591,1589
5015,1598,1596,1594,1592
5016,1601,1599,1597,1595
5017,1604,1602,1600,1598
5018,1607,1605,1603,1601
5019,1610,1608,1606,1604
5020,1613,1611,1609,1607
5021,1616,1614,1612,1610
5022,1619,1617,1615,1613
5023,1622,1620,1618,1616
5024,1625,1623,1621,1619
5025,1634,1626,1624,1622
5026,1637,1635,1627,1625
5027,1640,1638,1636,1628
5028,1643,1641,1639,1637
5029,1646,1644,1642,1640
5030,1649,1647,1645,1643
5031,1652,1650,1648,1646
5032,1655,1653,1651,1649
5033,1658,1656,1654,1652
5034,1661,1659,1657,1655
5035,1664,1662,1660,1658
5036,1667,1665,1663,1661
5037,1670,1668,1666,1664
5038,1673,1671,1669,1667
5039,1676,1674,1672,1670
5040,1679,1677,1675,1673
5041,1682,1680,1678,1676
5042,1685,1683,1681,1679
5043,1688,1686,1684,1682
5044,1691,1689,1687,1685
5045,1694,1692,1690,1688
5046,1697,1695,1693,1691
5047,1700,1698,1696,1694
5048,1703,1701,1699,1697
5049,1706,1704,1702,1700
5050,1709,1707,1705,1703
5051,1712,1710,1708,1706
5052,1715,1713,1711,1709
5053,1718,1716,1714,1712
5054,1721,1719,1717,1715
5055,1730,1722,1720,1718
5056,1733,1731,1723,1721
5057,1736,1734,1732,1724
5058,1739,1737,1735,1733
5059,1742,1740,1738,1736
5060,1745,1743,1741,1739
5061,1748,1746,1744,1742
5062,1751,1749,1747,1745
5063,1754,1752,1750,1748
5064,1757,1755,1753,1751
5065,1760,1758,1756,1754
5066,1763,1761,1759,1757
5067,1766,1764,1762,1760
5068,1769,1767,1765,1763
5069,1772,1770,1768,1766
5070,1775,1773,1771,1769
5071,1778,1776,1774,1772
5072,1781,1779,1777,1775
5073,1784,1782,1780,1778
5074,1787,1785,1783,1781
5075,1790,1788,1786,1784
5076,1793,1791,1789,1787
5077,1796,1794,1792,1790
5078,1799,1797,1795,1793
5079,1802,1800,1798,1796
5080,1805,1803,1801,1799
5081,1808,1806,1804,1802
5082,1811,1809,1807,1805
5083,1814,1812,1810,1808
5084,1817,1815,1813,1811
5085,1826,1818,1816,1814
5086,1829,1827,1819,1817
5087,1832,1830,1828,1820
5088,1835,1833,1831,1829
5089,1838,1836,1834,1832
5090,1841,1839,1837,1835
5091,1844,1842,1840,1838
5092,1847,1845,1843,1841
5093,1850,1848,1846,1844
5094,1853,1851,1849,1847
5095,1856,1854,1852,1850
5096,1859,1857,1855,1853
5097,1862,1860,1858,1856
5098,1865,1863,1861,1859
5099,1868,1866,1864,1862
5100,1871,1869,1867,1865
5101,1874,1872,1870,1868
5102,1877,1875,1873,1871
5103,1880,1878,1876,1874
5104,1883,1881,1879,1877
5105,1886,1884,1882,1880
5106,1889,1887,1885,1883
5107,1892,1890,1888,1886
5108,1895,1893,1891,1889
5109,1898,1896,1894,1892
5110,1901,1899,1897,1895
5111,1904,1902,1900,1898
5112,1907,1905,1903,1901
5113,1910,1908,1906,1904
5114,1913,1911,1909,1907
5115,1922,1914,1912,1910
5116,1925,1923,1915,1913
5117,1928,1926,1924,1916
5118,1931,1929,1927,1925
5119,1934,1932,1930,1928
5120,1937,1935,1933,1931
5121,1940,1938,1936,1934
5122,1943,1941,1939,1937
5123,1946,1944,1942,1940
5124,1949,1947,1945,1943
5125,1952,1950,1948,1946
5126,1955,1953,1951,1949
5127,1958,1956,1954,1952
5128,1961,1959,1957,1955
5129,1964,1962,1960,1958
5130,1967,1965,1963,1961
5131,1970,1968,1966,1964
5132,1973,1971,1969,1967
5133,1976,1974,1972,1970
5134,1979,1977,1975,1973
5135,1982,1980,1978,1976
5136,1985,1983,1981,1979
5137,1988,1986,1984,1982
5138,1991,1989,1987,1985
5139,1994,1992,1990,1988
5140,1997,1995,1993,1991
5141,2000,1998,1996,1994
5142,2003,2001,1999,1997
5143,2006,2004,2002,2000
5144,2009,2007,2005,2003
5145,2018,2010,2008,2006
5146,2021,2019,2011,2009
5147,2024,2022,2020,2012
5148,2027,2025,2023,2021
5149,2030,2028,2026,2024
5150,2033,2031,2029,2027
5151,2036,2034,2032,2030
5152,2039,2037,2035,2033
5153,2042,2040,2038,2036
5154,2045,2043,2041,2039
5155,2048,2046,2044,2042
5156,2051,2049,2047,2045
5157,2054,2052,2050,2048
5158,2057,2055,2053,2051
5159,2060,2058,2056,2054
5160,2063,2061,2059,2057
5161,2066,2064,2062,2060
5162,2069,2067,2065,2063
5163,2072,2070,2068,2066
5164,2075,2073,2071,2069
5165,2078,2076,2074,2072
5166,2081,2079,2077,2075
5167,2084,2082,2080,2078
5168,2087,2085,2083,2081
5169,2090,2088,2086,2084
5170,2093,2091,2089,2087
5171,2096,2094,2092,2090
5172,2099,2097,2095,2093
5173,2102,2100,2098,2096
5174,2105,2103,2101,2099
5175,2114,2106,2104,2102
5176,2117,2115,2107,2105
5177,2120,2118,2116,2108
5178,2123,2121,2119,2117
5179,2126,2124,2122,2120
5180,2129,2127,2125,2123
5181,2132,2130,2128,2126
5182,2135,2133,2131,2129
5183,2138,2136,2134,2132
5184,2141,2139,2137,2135
5185,2144,2142,2140,2138
5186,2147,2145,2143,2141
5187,2150,2148,2146,2144
5188,2153,2151,2149,2147
5189,2156,2154,2152,2150
5190,2159,2157,2155,2153
5191,2162,2160,2158,2156
5192,2165,2163,2161,2159
5193,2168,2166,2164,2162
5194,2171,2169,2167,2165
5195,2174,2172,2170,2168
5196,2177,2175,2173,2171
5197,2180,2178,2176,2174
5198,2183,2181,2179,2177
5199,2186,2184,2182,2180
5200,2189,2187,2185,2183
5201,2192,2190,2188,2186
5202,2195,2193,2191,2189
5203,2198,2196,2194,2192
5204,2201,2199,2197,2195
5205,2210,2202,2200,2198
5206,2213,2211,2203,2201
5207,2216,2214,2212,2204
5208,2219,2217,2215,2213
5209,2222,2220,2218,2216
5210,2225,2223,2221,2219
5211,2228,2226,2224,2222
5212,2231,2229,2227,2225
5213,2234,2232,2230,2228
5214,2237,2235,2233,2231
5215,2240,2238,2236,2234
5216,2243,2241,2239,2237
5217,2246,2244,2242,2240
5218,2249,2247,2245,2243
5219,2252,2250,2248,2246
5220,2255,2253,2251,2249
5221,2258,2256,2254,2252
5222,2261,2259,2257,2255
5223,2264,2262,2260,2258
5224,2267,2265,2263,2261
5225,2270,2268,2266,2264
5226,2273,2271,2269,2267
5227,2276,2274,2272,2270
5228,2279,2277,2275,2273
5229,2282,2280,2278,2276
5230,2285,2283,2281,2279
5231,2288,2286,2284,2282
5232,2291,2289,2287,2285
5233,2294,2292,2290,2288
5234,2297,2295,2293,2291
5235,2306,2298,2296,2294
5236,2309,2307,2299,2297
5237,2312,2310,2308,2300
5238,2315,2313,2311,2309
5239,2318,2316,2314,2312
5240,2321,2319,2317,2315
5241,2324,2322,2320,2318
5242,2327,2325,2323,2321
5243,2330,2328,2326,2324
5244,2333,2331,2329,2327
5245,2336,2334,2332,2330
5246,2339,2337,2335,2333
5247,2342,2340,2338,2336
5248,2345,2343,2341,2339
5249,2348,2346,2344,2342
5250,2351,2349,2347,2345
5251,2354,2352,2350,2348
5252,2357,2355,2353,2351
5253,2360,2358,2356,2354
5254,2363,2361,2359,2357
5255,2366,2364,2362,2360
5256,2369,2367,2365,2363
5257,2372,2370,2368,2366
5258,2375,2373,2371,2369
5259,2378,2376,2374,2372
5260,2381,2379,2377,2375
5261,2384,2382,2380,2378
5262,2387,2385,2383,2381
5263,2390,2388,2386,2384
5264,2393,2391,2389,2387
5265,2402,2394,2392,2390
5266,2405,2403,2395,2393
5267,2408,2406,2404,2396
5268,2411,2409,2407,2405
5269,2414,2412,2410,2408
5270,2417,2415,2413,2411
5271,2420,2418,2416,2414
5272,2423,2421,2419,2417
5273,2426,2424,2422,2420
5274,2429,2427,2425,2423
5275,2432,2430,2428,2426
5276,2435,2433,2431,2429
5277,2438,2436,2434,2432
5278,2441,2439,2437,2435
5279,2444,2442,2440,2438
5280,2447,2445,2443,2441
5281,2450,2448,2446,2444
5282,2453,2451,2449,2447
5283,2456,2454,2452,2450
5284,2459,2457,2455,2453
5285,2462,2460,2458,2456
5286,2465,2463,2461,2459
5287,2468,2466,2464,2462
5288,2471,2469,2467,2465
5289,2474,2472,2470,2468
5290,2477,2475,2473,2471
5291,2480,2478,2476,2474
5292,2483,2481,2479,2477
5293,2486,2484,2482,2480
5294,2489,2487,2485,2483
5295,2498,2490,2488,2486
5296,2501,2499,2491,2489
5297,2504,2502,2500,2492
5298,2507,2505,2503,2501
5299,2510,2508,2506,2504
5300,2513,2511,2509,2507
5301,2516,2514,2512,2510
5302,2519,2517,2515,2513
5303,2522,2520,2518,2516
5304,2525,2523,2521,2519
5305,2528,2526,2524,2522
5306,2531,2529,2527,2525
5307,2534,2532,2530,2528
5308,2537,2535,2533,2531
5309,2540,2538,2536,2534
5310,2543,2541,2539,2537
5311,2546,2544,2542,2540
5312,2549,2547,2545,2543
5313,2552,2550,2548,2546
5314,2555,2553,2551,2549
5315,2558,2556,2554,2552
5316,2561,2559,2557,2555
5317,2564,2562,2560,2558
5318,2567,2565,2563,2561
5319,2570,2568,2566,2564
5320,2573,2571,2569,2567
5321,2576,2574,2572,2570
5322,2579,2577,2575,2573
5323,2582,2580,2578,2576
5324,2585,2583,2581,2579
5325,2594,2586,2584,2582
5326,2597,2595,2587,2585
5327,2600,2598,2596,2588
5328,2603,2601,2599,2597
5329,2606,2604,2602,2600
5330,2609,2607,2605,2603
5331,2612,2610,2608,2606
5332,2615,2613,2611,2609
5333,2618,2616,2614,2612
5334,2621,2619,2617,2615
5335,2624,2622,2620,2618
5336,2627,2625,2623,2621
5337,2630,2628,2626,2624
5338,2633,2631,2629,2627
5339,2636,2634,2632,2630
5340,2639,2637,2635,2633
5341,2642,2640,2638,2636
5342,2645,2643,2641,2639
5343,2648,2646,2644,2642
5344,2651,2649,2647,2645
5345,2654,2652,2650,2648
5346,2657,2655,2653,2651
5347,2660,2658,2656,2654
5348,2663,2661,2659,2657
5349,2666,2664,2662,2660
5350,2669,2667,2665,2663
5351,2672,2670,2668,2666
5352,2675,2673,2671,2669
5353,2678,2676,2674,2672
5354,2681,2679,2677,2675
5355,2690,2682,2680,2678
5356,2693,2691,2683,2681
5357,2696,2694,2692,2684
5358,2699,2697,2695,2693
5359,2702,2700,2698,2696
5360,2705,2703,2701,2699
5361,2708,2706,2704,2702
5362,2711,2709,2707,2705
5363,2714,2712,2710,2708
5364,2717,2715,2713,2711
5365,2720,2718,2716,2714
5366,2723,2721,2719,2717
5367,2726,2724,2722,2720
5368,2729,2727,2725,2723
5369,2732,2730,2728,2726
5370,2735,2733,2731,2729
5371,2738,2736,2734,2732
5372,2741,2739,2737,2735
5373,2744,2742,2740,2738
5374,2747,2745,2743,2741
5375,2750,2748,2746,2744
5376,2753,2751,2749,2747
5377,2756,2754,2752,2750
5378,2759,2757,2755,2753
5379,2762,2760,2758,2756
5380,2765,2763,2761,2759
5381,2768,2766,2764,2762
5382,2771,2769,2767,2765
5383,2774,2772,2770,2768
5384,2777,2775,2773,2771
5385,2786,2778,2776,2774
5386,2789,2787,2779,2777
5387,2792,2790,2788,2780
5388,2795,2793,2791,2789
5389,2798,2796,2794,2792
5390,2801,2799,2797,2795
5391,2804,2802,2800,2798
5392,2807,2805,2803,2801
5393,2810,2808,2806,2804
5394,2813,2811,2809,2807
5395,2816,2814,2812,2810
5396,2819,2817,2815,2813
5397,2822,2820,2818,2816
5398,2825,2823,2821,2819
5399,2828,2826,2824,2822
5400,2831,2829,2827,2825
5401,2834,2832,2830,2828
5402,2837,2835,2833,2831
5403,2840,2838,2836,2834
5404,2843,2841,2839,2837
5405,2846,2844,2842,2840
5406,2849,2847,2845,2843
5407,2852,2850,2848,2846
5408,2855,2853,2851,2849
5409,2858,2856,2854,2852
5410,2861,2859,2857,2855
5411,2864,2862,2860,2858
5412,2867,2865,2863,2861
5413,2870,2868,2866,2864
5414,2873,2871,2869,2867
5415,2882,2874,2872,2870
5416,2885,2883,2875,2873
5417,2888,2886,2884,2876
5418,2891,2889,2887,2885
5419,2894,2892,2890,2888
5420,2897,2895,2893,2891
5421,2900,2898,2896,2894
5422,2903,2901,2899,2897
5423,2906,2904,2902,2900
5424,2909,2907,2905,2903
5425,2912,2910,2908,2906
5426,2915,2913,2911,2909
5427,2918,2916,2914,2912
5428,2921,2919,2917,2915
5429,2924,2922,2920,2918
5430,2927,2925,2923,2921
5431,2930,2928,2926,2924
5432,2933,2931,2929,2927
5433,2936,2934,2932,2930
5434,2939,2937,2935,2933
5435,2942,2940,2938,2936
5436,2945,2943,2941,2939
5437,2948,2946,2944,2942
5438,2951,2949,2947,2945
5439,2954,2952,2950,2948
5440,2957,2955,2953,2951
5441,2960,2958,2956,2954
5442,2963,2961,2959,2957
5443,2966,2964,2962,2960
5444,2969,2967,2965,2963
5445,2978,2970,2968,2966
5446,2981,2979,2971,2969
5447,2984,2982,2980,2972
5448,2987,2985,2983,2981
5449,2990,2988,2986,2984
5450,2993,2991,2989,2987
5451,2996,2994,2992,2990
5452,2999,2997,2995,2993
5453,3002,3000,2998,2996
5454,3005,3003,3001,2999
5455,3008,3006,3004,3002
5456,3011,3009,3007,3005
5457,3014,3012,3010,3008
5458,3017,3015,3013,3011
5459,3020,3018,3016,3014
5460,3023,3021,3019,3017
5461,3026,3024,3022,3020
5462,3029,3027,3025,3023
5463,3032,3030,3028,3026
5464,3035,3033,3031,3029
5465,3038,3036,3034,3032
5466,3041,3039,3037,3035
5467,3044,3042,3040,3038
5468,3047,3045,3043,3041
5469,3050,3048,3046,3044
5470,3053,3051,3049,3047
5471,3056,3054,3052,3050
5472,3059,3057,3055,3053
5473,3062,3060,3058,3056
5474,3065,3063,3061,3059
5475,-1,3066,3064,3062
5476,-1,-1,3067,3065
5477,-1,-1,-1,3068
5478,-1,-1,-1,-1
5479,-1,-1,-1,-1
5480,-1,-1,-1,-1
5481,-1,-1,-1,-1
5482,-1,-1,-1,-1
5483,-1,-1,-1,-1
5484,-1,-1,-1,-1
5485,-1,-1,-1,-1
5486,-1,-1,-1,-1
5487,-1,-1,-1,-1
5488,-1,-1,-1,-1
5489,198,-1,-1,-1
5490,201,199,-1,-1
5491,204,202,200,-1
5492,207,205,203,-1
5493,210,208,206,-1
5494,213,211,209,-1
5495,216,214,212,-1
5496,219,217,215,-1
5497,222,220,218,-1
5498,225,223,221,-1
5499,228,226,224,-1
5500,231,229,227,-1
5501,234,232,230,-1
5502,237,235,233,-1
5503,240,238,236,-1
5504,243,241,239,-1
5505,246,244,242,-1
5506,249,247,245,-1
5507,252,250,248,-1
5508,255,253,251,-1
5509,258,256,254,-1
5510,261,259,257,-1
5511,264,262,260,-1
5512,267,265,263,-1
5513,270,268,266,-1
5514,273,271,269,-1
5515,276,274,272,-1
5516,279,277,275,-1
5517,282,280,278,-1
5518,285,283,281,-1
5519,294,286,284,-1
5520,297,295,287,-1
5521,300,298,296,-1
5522,303,301,299,-1
5523,306,304,302,-1
5524,309,307,305,-1
5525,312,310,308,-1
5526,315,313,311,-1
5527,318,316,314,-1
5528,321,319,317,-1
5529,324,322,320,-1
5530,327,325,323,-1
5531,330,328,326,-1
5532,333,331,329,-1
5533,336,334,332,-1
5534,339,337,335,-1
5535,342,340,338,-1
5536,345,343,341,-1
5537,348,346,344,-1
5538,351,349,347,-1
5539,354,352,350,-1
5540,357,355,353,-1
5541,360,358,356,-1
5542,363,361,359,-1
5543,366,364,362,-1
5544,369,367,365,-1
5545,372,370,368,-1
5546,375,373,371,-1
5547,378,376,374,-1
5548,381,379,377,-1
5549,390,382,380,-1
5550,393,391,383,-1
5551,396,394,392,-1
5552,399,397,395,-1
5553,402,400,398,-1
5554,405,403,401,-1
5555,408,406,404,-1
5556,411,409,407,-1
5557,414,412,410,-1
5558,417,415,413,-1
5559,420,418,416,-1
5560,423,421,419,-1
5561,426,424,422,-1
5562,429,427,425,-1
5563,432,430,428,-1
5564,435,433,431,-1
5565,438,436,434,-1
5566,441,439,437,-1
5567,444,442,440,-1
5568,447,445,443,-1
5569,450,448,446,-1
5570,453,451,449,-1
5571,456,454,452,-1
5572,459,457,455,-1
5573,462,460,458,-1
5574,465,463,461,-1
5575,468,466,464,-1
5576,471,469,467,-1
5577,474,472,470,-1
5578,477,475,473,-1
5579,486,478,476,-1
5580,489,487,479,-1
5581,492,490,488,-1
5582,495,493,491,-1
5583,498,496,494,-1
5584,501,499,497,-1
5585,504,502,500,-1
5586,507,505,503,-1
5587,510,508,506,-1
5588,513,511,509,-1
5589,516,514,512,-1
5590,519,517,515,-1
5591,522,520,518,-1
5592,525,523,521,-1
5593,528,526,524,-1
5594,531,529,527,-1
5595,534,532,530,-1
5596,537,535,533,-1
5597,540,538,536,-1
5598,543,541,539,-1
5599,546,544,542,-1
5600,549,547,545,-1
5601,552,550,548,-1
5602,555,553,551,-1
5603,558,556,554,-1
5604,561,559,557,-1
5605,564,562,560,-1
5606,567,565,563,-1
5607,570,568,566,-1
5608,573,571,569,-1
5609,582,574,572,-1
5610,585,583,575,-1
5611,588,586,584,-1
5612,591,589,587,-1
5613,594,592,590,-1
5614,597,595,593,-1
5615,600,598,596,-1
5616,603,601,599,-1
5617,606,604,602,-1
5618,609,607,605,-1
5619,612,610,608,-1
5620,615,613,611,-1
5621,618,616,614,-1
5622,621,619,617,-1
5623,624,622,620,-1
5624,627,625,623,-1
5625,630,628,626,-1
5626,633,631,629,-1
5627,636,634,632,-1
5628,639,637,635,-1
5629,642,640,638,-1
5630,645,643,641,-1
5631,648,646,644,-1
5632,651,649,647,-1
5633,654,652,650,-1
5634,657,655,653,-1
5635,660,658,656,-1
5636,663,661,659,-1
5637,666,664,662,-1
5638,669,667,665,-1
5639,678,670,668,-1
5640,681,679,671,-1
5641,684,682,680,-1
5642,687,685,683,-1
5643,690,688,686,-1
5644,693,691,689,-1
5645,696,694,692,-1
5646,699,697,695,-1
5647,702,700,698,-1
5648,705,703,701,-1
5649,708,706,704,-1
5650,711,709,707,-1
5651,714,712,710,-1
5652,717,715,713,-1
5653,720,718,716,-1
5654,723,721,719,-1
5655,726,724,722,-1
5656,729,727,725,-1
5657,732,730,728,-1
5658,735,733,731,-1
5659,738,736,734,-1
5660,741,739,737,-1
5661,744,742,740,-1
5662,747,745,743,-1
5663,750,748,746,-1
5664,753,751,749,-1
5665,756,754,752,-1
5666,759,757,755,-1
5667,762,760,758,-1
5668,765,763,761,-1
5669,774,766,764,-1
5670,777,775,767,-1
5671,780,778,776,-1
5672,783,781,779,-1
5673,786,784,782,-1
5674,789,787,785,-1
5675,792,790,788,-1
5676,795,793,791,-1
5677,798,796,794,-1
5678,801,799,797,-1
5679,804,802,800,-1
5680,807,805,803,-1
5681,810,808,806,-1
5682,813,811,809,-1
5683,816,814,812,-1
5684,819,817,815,-1
5685,822,820,818,-1
5686,825,823,821,-1
5687,828,826,824,-1
5688,831,829,827,-1
5689,834,832,830,-1
5690,837,835,833,-1
5691,840,838,836,-1
5692,843,841,839,-1
5693,846,844,842,-1
5694,849,847,845,-1
5695,852,850,848,-1
5696,855,853,851,-1
5697,858,856,854,-1
5698,861,859,857,-1
5699,870,862,860,-1
5700,873,871,863,-1
5701,876,874,872,-1
5702,879,877,875,-1
5703,882,880,878,-1
5704,885,883,881,-1
5705,888,886,884,-1
5706,891,889,887,-1
5707,894,892,890,-1
5708,897,895,893,-1
5709,900,898,896,-1
5710,903,901,899,-1
5711,906,904,902,-1
5712,909,907,905,-1
5713,912,910,908,-1
5714,915,913,911,-1
5715,918,916,914,-1
5716,921,919,917,-1
5717,924,922,920,-1
5718,927,925,923,-1
5719,930,928,926,-1
5720,933,931,929,-1
5721,936,934,932,-1
5722,939,937,935,-1
5723,942,940,938,-1
5724,945,943,941,-1
5725,948,946,944,-1
5726,951,949,947,-1
5727,954,952,950,-1
5728,957,955,953,-1
5729,966,958,956,-1
5730,969,967,959,-1
5731,972,970,968,-1
5732,975,973,971,-1
5733,978,976,974,-1
5734,981,979,977,-1
5735,984,982,980,-1
5736,987,985,983,-1
5737,990,988,986,-1
5738,993,991,989,-1
5739,996,994,992,-1
5740,999,997,995,-1
5741,1002,1000,998,-1
5742,1005,1003,1001,-1
5743,1008,1006,1004,-1
5744,1011,1009,1007,-1
5745,1014,1012,1010,-1
5746,1017,1015,1013,-1
5747,1020,1018,1016,-1
5748,1023,1021,1019,-1
5749,1026,1024,1022,-1
5750,1029,1027,1025,-1
5751,1032,1030,1028,-1
5752,1035,1033,1031,-1
5753,1038,1036,1034,-1
5754,1041,1039,1037,-1
5755,1044,1042,1040,-1
5756,1047,1045,1043,-1
5757,1050,1048,1046,-1
5758,1053,1051,1049,-1
5759,1062,1054,1052,-1
5760,1065,1063,1055,-1
5761,1068,1066,1064,-1
5762,1071,1069,1067,-1
5763,1074,1072,1070,-1
5764,1077,1075,1073,-1
5765,1080,1078,1076,-1
5766,1083,1081,1079,-1
5767,1086,1084,1082,-1
5768,1089,1087,1085,-1
5769,1092,1090,1088,-1
5770,1095,1093,1091,-1
5771,1098,1096,1094,-1
5772,1101,1099,1097,-1
5773,1104,1102,1100,-1
5774,1107,1105,1103,-1
5775,1110,1108,1106,-1
5776,1113,1111,1109,-1
5777,1116,1114,1112,-1
5778,1119,1117,1115,-1
5779,1122,1120,1118,-1
5780,1125,1123,1121,-1
5781,1128,1126,1124,-1
5782,1131,1129,1127,-1
5783,1134,1132,1130,-1
5784,1137,1135,1133,-1
5785,1140,1138,1136,-1
5786,1143,1141,1139,-1
5787,1146,1144,1142,-1
5788,1149,1147,1145,-1
5789,1158,1150,1148,-1
5790,1161,1159,1151,-1
5791,1164,1162,1160,-1
5792,1167,1165,1163,-1
5793,1170,1168,1166,-1
5794,1173,1171,1169,-1
5795,1176,1174,1172,-1
5796,1179,1177,1175,-1
5797,1182,1180,1178,-1
5798,1185,1183,1181,-1
5799,1188,1186,1184,-1
5800,1191,1189,1187,-1
5801,1194,1192,1190,-1
5802,1197,1195,1193,-1
5803,1200,1198,1196,-1
5804,1203,1201,1199,-1
5805,1206,1204,1202,-1
5806,1209,1207,1205,-1
5807,1212,1210,1208,-1
5808,1215,1213,1211,-1
5809,1218,1216,1214,-1
5810,1221,1219,1217,-1
5811,1224,1222,1220,-1
5812,1227,1225,1223,-1
5813,1230,1228,1226,-1
5814,1233,1231,1229,-1
5815,1236,1234,1232,-1
5816,1239,1237,1235,-1
5817,1242,1240,1238,-1
5818,1245,1243,1241,-1
5819,1254,1246,1244,-1
5820,1257,1255,1247,-1
5821,1260,1258,1256,-1
5822,1263,1261,1259,-1
5823,1266,1264,1262,-1
5824,1269,1267,1265,-1
5825,1272,1270,1268,-1
5826,1275,1273,1271,-1
5827,1278,1276,1274,-1
5828,1281,1279,1277,-1
5829,1284,1282,1280,-1
5830,1287,1285,1283,-1
5831,1290,1288,1286,-1
5832,1293,1291,1289,-1
5833,1296,1294,1292,-1
5834,1299,1297,1295,-1
5835,1302,1300,1298,-1
5836,1305,1303,1301,-1
5837,1308,1306,1304,-1
5838,1311,1309,1307,-1
5839,1314,1312,1310,-1
5840,1317,1315,1313,-1
5841,1320,1318,1316,-1
5842,1323,1321,1319,-1
5843,1326,1324,1322,-1
5844,1329,1327,1325,-1
5845,1332,1330,1328,-1
5846,1335,1333,1331,-1
5847,1338,1336,1334,-1
5848,1341,1339,1337,-1
5849,1350,1342,1340,-1
5850,1353,1351,1343,-1
5851,1356,1354,1352,-1
5852,1359,1357,1355,-1
5853,1362,1360,1358,-1
5854,1365,1363,1361,-1
5855,1368,1366,1364,-1
5856,1371,1369,1367,-1
5857,1374,1372,1370,-1
5858,1377,1375,1373,-1
5859,1380,1378,1376,-1
5860,1383,1381,1379,-1
5861,1386,1384,1382,-1
5862,1389,1387,1385,-1
5863,1392,1390,1388,-1
5864,1395,1393,1391,-1
5865,1398,1396,1394,-1
5866,1401,1399,1397,-1
5867,1404,1402,1400,-1
5868,1407,1405,1403,-1
5869,1410,1408,1406,-1
5870,1413,1411,1409,-1
5871,1416,1414,1412,-1
5872,1419,1417,1415,-1
5873,1422,1420,1418,-1
5874,1425,1423,1421,-1
5875,1428,1426,1424,-1
5876,1431,1429,1427,-1
5877,1434,1432,1430,-1
5878,1437,1435,1433,-1
5879,1446,1438,1436,-1
5880,1449,1447,1439,-1
5881,1452,1450,1448,-1
5882,1455,1453,1451,-1
5883,1458,1456,1454,-1
5884,1461,1459,1457,-1
5885,1464,1462,1460,-1
5886,1467,1465,1463,-1
5887,1470,1468,1466,-1
5888,1473,1471,1469,-1
5889,1476,1474,1472,-1
5890,1479,1477,1475,-1
5891,1482,1480,1478,-1
5892,1485,1483,1481,-1
5893,1488,1486,1484,-1
5894,1491,1489,1487,-1
5895,1494,1492,1490,-1
5896,1497,1495,1493,-1
5897,1500,1498,1496,-1
5898,1503,1501,1499,-1
5899,1506,1504,1502,-1
5900,1509,1507,1505,-1
5901,1512,1510,1508,-1
5902,1515,1513,1511,-1
5903,1518,1516,1514,-1
5904,1521,1519,1517,-1
5905,1524,1522,1520,-1
5906,1527,1525,1523,-1
5907,1530,1528,1526,-1
5908,1533,1531,1529,-1
5909,1542,1534,1532,-1
5910,1545,1543,1535,-1
5911,1548,1546,1544,-1
5912,1551,1549,1547,-1
5913,1554,1552,1550,-1
5914,1557,1555,1553,-1
5915,1560,1558,1556,-1
5916,1563,1561,1559,-1
5917,1566,1564,1562,-1
5918,1569,1567,1565,-1
5919,1572,1570,1568,-1
5920,1575,1573,1571,-1
5921,1578,1576,1574,-1
5922,1581,1579,1577,-1
5923,1584,1582,1580,-1
5924,1587,1585,1583,-1
5925,1590,1588,1586,-1
5926,1593,1591,1589,-1
5927,1596,1594,1592,-1
5928,1599,1597,1595,-1
5929,1602,1600,1598,-1
5930,1605,1603,1601,-1
5931,1608,1606,1604,-1
5932,1611,1609,1607,-1
5933,1614,1612,1610,-1
5934,1617,1615,1613,-1
5935,1620,1618,1616,-1
5936,1623,1621,1619,-1
5937,1626,1624,1622,-1
5938,1629,1627,1625,-1
5939,1638,1630,1628,-1
5940,1641,1639,1631,-1
5941,1644,1642,1640,-1
5942,1647,1645,1643,-1
5943,1650,1648,1646,-1
5944,1653,1651,1649,-1
5945,1656,1654,1652,-1
5946,1659,1657,1655,-1
5947,1662,1660,1658,-1
5948,1665,1663,1661,-1
5949,1668,1666,1664,-1
5950,1671,1669,1667,-1
5951,1674,1672,1670,-1
5952,1677,1675,1673,-1
5953,1680,1678,1676,-1
5954,1683,1681,1679,-1
5955,1686,1684,1682,-1
5956,1689,1687,1685,-1
5957,1692,1690,1688,-1
5958,1695,1693,1691,-1
5959,1698,1696,1694,-1
5960,1701,1699,1697,-1
5961,1704,1702,1700,-1
5962,1707,1705,1703,-1
5963,1710,1708,1706,-1
5964,1713,1711,1709,-1
5965,1716,1714,1712,-1
5966,1719,1717,1715,-1
5967,1722,1720,1718,-1
5968,1725,1723,1721,-1
5969,1734,1726,1724,-1
5970,1737,1735,1727,-1
5971,1740,1738,1736,-1
5972,1743,1741,1739,-1
5973,1746,1744,1742,-1
5974,1749,1747,1745,-1
5975,1752,1750,1748,-1
5976,1755,1753,1751,-1
5977,1758,1756,1754,-1
5978,1761,1759,1757,-1
5979,1764,1762,1760,-1
5980,1767,1765,1763,-1
5981,1770,1768,1766,-1
5982,1773,1771,1769,-1
5983,1776,1774,1772,-1
5984,1779,1777,1775,-1
5985,1782,1780,1778,-1
5986,1785,1783,1781,-1
5987,1788,1786,1784,-1
5988,1791,1789,1787,-1
5989,1794,1792,1790,-1
5990,1797,1795,1793,-1
5991,1800,1798,1796,-1
5992,1803,1801,1799,-1
5993,1806,1804,1802,-1
5994,1809,1807,1805,-1
5995,1812,1810,1808,-1
5996,1815,1813,1811,-1
5997,1818,1816,1814,-1
5998,1821,1819,1817,-1
5999,1830,1822,1820,-1
6000,1833,1831,1823,-1
6001,1836,1834,1832,-1
6002,1839,1837,1835,-1
6003,1842,1840,1838,-1
6004,1845,1843,1841,-1
6005,1848,1846,1844,-1
6006,1851,1849,1847,-1
6007,1854,1852,1850,-1
6008,1857,1855,1853,-1
6009,1860,1858,1856,-1
6010,1863,1861,1859,-1
6011,1866,1864,1862,-1
6012,1869,1867,1865,-1
6013,1872,1870,1868,-1
6014,1875,1873,1871,-1
6015,1878,1876,1874,-1
6016,1881,1879,1877,-1
6017,1884,1882,1880,-1
6018,1887,1885,1883,-1
6019,1890,1888,1886,-1
6020,1893,1891,1889,-1
6021,1896,1894,1892,-1
6022,1899,1897,1895,-1
6023,1902,1900,1898,-1
6024,1905,1903,1901,-1
6025,1908,1906,1904,-1
6026,1911,1909,1907,-1
6027,1914,1912,1910,-1
6028,1917,1915,1913,-1
6029,1926,1918,1916,-1
6030,1929,1927,1919,-1
6031,1932,1930,1928,-1
6032,1935,1933,1931,-1
6033,1938,1936,1934,-1
6034,1941,1939,1937,-1
6035,1944,1942,1940,-1
6036,1947,1945,1943,-1
6037,1950,1948,1946,-1
6038,1953,1951,1949,-1
6039,1956,1954,1952,-1
6040,1959,1957,1955,-1
6041,1962,1960,1958,-1
6042,1965,1963,1961,-1
6043,1968,1966,1964,-1
6044,1971,1969,1967,-1
6045,1974,1972,1970,-1
6046,1977,1975,1973,-1
6047,1980,1978,1976,-1
6048,1983,1981,1979,-1
6049,1986,1984,1982,-1
6050,1989,1987,1985,-1
6051,1992,1990,1988,-1
6052,1995,1993,1991,-1
6053,1998,1996,1994,-1
6054,2001,1999,1997,-1
6055,2004,2002,2000,-1
6056,2007,2005,2003,-1
6057,2010,2008,2006,-1
6058,2013,2011,2009,-1
6059,2022,2014,2012,-1
6060,2025,2023,2015,-1
6061,2028,2026,2024,-1
6062,2031,2029,2027,-1
6063,2034,2032,2030,-1
6064,2037,2035,2033,-1
6065,2040,2038,2036,-1
6066,2043,2041,2039,-1
6067,2046,2044,2042,-1
6068,2049,2047,2045,-1
6069,2052,2050,2048,-1
6070,2055,2053,2051,-1
6071,2058,2056,2054,-1
6072,2061,2059,2057,-1
6073,2064,2062,2060,-1
6074,2067,2065,2063,-1
6075,2070,2068,2066,-1
6076,2073,2071,2069,-1
6077,2076,2074,2072,-1
6078,2079,2077,2075,-1
6079,2082,2080,2078,-1
6080,2085,2083,2081,-1
6081,2088,2086,2084,-1
6082,2091,2089,2087,-1
6083,2094,2092,2090,-1
6084,2097,2095,2093,-1
6085,2100,2098,2096,-1
6086,2103,2101,2099,-1
6087,2106,2104,2102,-1
6088,2109,2107,2105,-1
6089,2118,2110,2108,-1
6090,2121,2119,2111,-1
6091,2124,2122,2120,-1
6092,2127,2125,2123,-1
6093,2130,2128,2126,-1
6094,2133,2131,2129,-1
6095,2136,2134,2132,-1
6096,2139,2137,2135,-1
6097,2142,2140,2138,-1
6098,2145,2143,2141,-1
6099,2148,2146,2144,-1
6100,2151,2149,2147,-1
6101,2154,2152,2150,-1
6102,2157,2155,2153,-1
6103,2160,2158,2156,-1
6104,2163,2161,2159,-1
6105,2166,2164,2162,-1
6106,2169,2167,2165,-1
6107,2172,2170,2168,-1
6108,2175,2173,2171,-1
6109,2178,2176,2174,-1
6110,2181,2179,2177,-1
6111,2184,2182,2180,-1
6112,2187,2185,2183,-1
6113,2190,2188,2186,-1
6114,2193,2191,2189,-1
6115,2196,2194,2192,-1
6116,2199,2197,2195,-1
6117,2202,2200,2198,-1
6118,2205,2203,2201,-1
6119,2214,2206,2204,-1
6120,2217,2215,2207,-1
6121,2220,2218,2216,-1
6122,2223,2221,2219,-1
6123,2226,2224,2222,-1
6124,2229,2227,2225,-1
6125,2232,2230,2228,-1
6126,2235,2233,2231,-1
6127,2238,2236,2234,-1
6128,2241,2239,2237,-1
6129,2244,2242,2240,-1
6130,2247,2245,2243,-1
6131,2250,2248,2246,-1
6132,2253,2251,2249,-1
6133,2256,2254,2252,-1
6134,2259,2257,2255,-1
6135,2262,2260,2258,-1
6136,2265,2263,2261,-1
6137,2268,2266,2264,-1
6138,2271,2269,2267,-1
6139,2274,2272,2270,-1
6140,2277,2275,2273,-1
6141,2280,2278,2276,-1
6142,2283,2281,2279,-1
6143,2286,2284,2282,-1
6144,2289,2287,2285,-1
6145,2292,2290,2288,-1
6146,2295,2293,2291,-1
6147,2298,2296,2294,-1
6148,2301,2299,2297,-1
6149,2310,2302,2300,-1
6150,2313,2311,2303,-1
6151,2316,2314,2312,-1
6152,2319,2317,2315,-1
6153,2322,2320,2318,-1
6154,2325,2323,2321,-1
6155,2328,2326,2324,-1
6156,2331,2329,2327,-1
6157,2334,2332,2330,-1
6158,2337,2335,2333,-1
6159,2340,2338,2336,-1
6160,2343,2341,2339,-1
6161,2346,2344,2342,-1
6162,2349,2347,2345,-1
6163,2352,2350,2348,-1
6164,2355,2353,2351,-1
6165,2358,2356,2354,-1
6166,2361,2359,2357,-1
6167,2364,2362,2360,-1
6168,2367,2365,2363,-1
6169,2370,2368,2366,-1
6170,2373,2371,2369,-1
6171,2376,2374,2372,-1
6172,2379,2377,2375,-1
6173,2382,2380,2378,-1
6174,2385,2383,2381,-1
6175,2388,2386,2384,-1
6176,2391,2389,2387,-1
6177,2394,2392,2390,-1
6178,2397,2395,2393,-1
6179,2406,2398,2396,-1
6180,2409,2407,2399,-1
6181,2412,2410,2408,-1
6182,2415,2413,2411,-1
6183,2418,2416,2414,-1
6184,2421,2419,2417,-1
6185,2424,2422,2420,-1
6186,2427,2425,2423,-1
6187,2430,2428,2426,-1
6188,2433,2431,2429,-1
6189,2436,2434,2432,-1
6190,2439,2437,2435,-1
6191,2442,2440,2438,-1
6192,2445,2443,2441,-1
6193,2448,2446,2444,-1
6194,2451,2449,2447,-1
6195,2454,2452,2450,-1
6196,2457,2455,2453,-1
6197,2460,2458,2456,-1
6198,2463,2461,2459,-1
6199,2466,2464,2462,-1
6200,2469,2467,2465,-1
6201,2472,2470,2468,-1
6202,2475,2473,2471,-1
6203,2478,2476,2474,-1
6204,2481,2479,2477,-1
6205,2484,2482,2480,-1
6206,2487,2485,2483,-1
6207,2490,2488,2486,-1
6208,2493,2491,2489,-1
6209,2502,2494,2492,-1
6210,2505,2503,2495,-1
6211,2508,2506,2504,-1
6212,2511,2509,2507,-1
6213,2514,2512,2510,-1
6214,2517,2515,2513,-1
6215,2520,2518,2516,-1
6216,2523,2521,2519,-1
6217,2526,2524,2522,-1
6218,2529,2527,2525,-1
6219,2532,2530,2528,-1
6220,2535,2533,2531,-1
6221,2538,2536,2534,-1
6222,2541,2539,2537,-1
6223,2544,2542,2540,-1
6224,2547,2545,2543,-1
6225,2550,2548,2546,-1
6226,2553,2551,2549,-1
6227,2556,2554,2552,-1
6228,2559,2557,2555,-1
6229,2562,2560,2558,-1
6230,2565,2563,2561,-1
6231,2568,2566,2564,-1
6232,2571,2569,2567,-1
6233,2574,2572,2570,-1
6234,2577,2575,2573,-1
6235,2580,2578,2576,-1
6236,2583,2581,2579,-1
6237,2586,2584,2582,-1
6238,2589,2587,2585,-1
6239,2598,2590,2588,-1
6240,2601,2599,2591,-1
6241,2604,2602,2600,-1
6242,2607,2605,2603,-1
6243,2610,2608,2606,-1
6244,2613,2611,2609,-1
6245,2616,2614,2612,-1
6246,2619,2617,2615,-1
6247,2622,2620,2618,-1
6248,2625,2623,2621,-1
6249,2628,2626,2624,-1
6250,2631,2629,2627,-1
6251,2634,2632,2630,-1
6252,2637,2635,2633,-1
6253,2640,2638,2636,-1
6254,2643,2641,2639,-1
6255,2646,2644,2642,-1
6256,2649,2647,2645,-1
6257,2652,2650,2648,-1
6258,2655,2653,2651,-1
6259,2658,2656,2654,-1
6260,2661,2659,2657,-1
6261,2664,2662,2660,-1
6262,2667,2665,2663,-1
6263,2670,2668,2666,-1
6264,2673,2671,2669,-1
6265,2676,2674,2672,-1
6266,2679,2677,2675,-1
6267,2682,2680,2678,-1
6268,2685,2683,2681,-1
6269,2694,2686,2684,-1
6270,2697,2695,2687,-1
6271,2700,2698,2696,-1
6272,2703,2701,2699,-1
6273,2706,2704,2702,-1
6274,2709,2707,2705,-1
6275,2712,2710,2708,-1
6276,2715,2713,2711,-1
6277,2718,2716,2714,-1
6278,2721,2719,2717,-1
6279,2724,2722,2720,-1
6280,2727,2725,2723,-1
6281,2730,2728,2726,-1
6282,2733,2731,2729,-1
6283,2736,2734,2732,-1
6284,2739,2737,2735,-1
6285,2742,2740,2738,-1
6286,2745,2743,2741,-1
6287,2748,2746,2744,-1
6288,2751,2749,2747,-1
6289,2754,2752,2750,-1
6290,2757,2755,2753,-1
6291,2760,2758,2756,-1
6292,2763,2761,2759,-1
6293,2766,2764,2762,-1
6294,2769,2767,2765,-1
6295,2772,2770,2768,-1
6296,2775,2773,2771,-1
6297,2778,2776,2774,-1
6298,2781,2779,2777,-1
6299,2790,2782,2780,-1
6300,2793,2791,2783,-1
6301,2796,2794,2792,-1
6302,2799,2797,2795,-1
6303,2802,2800,2798,-1
6304,2805,2803,2801,-1
6305,2808,2806,2804,-1
6306,2811,2809,2807,-1
6307,2814,2812,2810,-1
6308,2817,2815,2813,-1
6309,2820,2818,2816,-1
6310,2823,2821,2819,-1
6311,2826,2824,2822,-1
6312,2829,2827,2825,-1
6313,2832,2830,2828,-1
6314,2835,2833,2831,-1
6315,2838,2836,2834,-1
6316,2841,2839,2837,-1
6317,2844,2842,2840,-1
6318,2847,2845,2843,-1
6319,2850,2848,2846,-1
6320,2853,2851,2849,-1
6321,2856,2854,2852,-1
6322,2859,2857,2855,-1
6323,2862,2860,2858,-1
6324,2865,2863,2861,-1
6325,2868,2866,2864,-1
6326,2871,2869,2867,-1
6327,2874,2872,2870,-1
6328,2877,2875,2873,-1
6329,2886,2878,2876,-1
6330,2889,2887,2879,-1
6331,2892,2890,2888,-1
6332,2895,2893,2891,-1
6333,2898,2896,2894,-1
6334,2901,2899,2897,-1
6335,2904,2902,2900,-1
6336,2907,2905,2903,-1
6337,2910,2908,2906,-1
6338,2913,2911,2909,-1
6339,2916,2914,2912,-1
6340,2919,2917,2915,-1
6341,2922,2920,2918,-1
6342,2925,2923,2921,-1
6343,2928,2926,2924,-1
6344,2931,2929,2927,-1
6345,2934,2932,2930,-1
6346,2937,2935,2933,-1
6347,2940,2938,2936,-1
6348,2943,2941,2939,-1
6349,2946,2944,2942,-1
6350,2949,2947,2945,-1
6351,2952,2950,2948,-1
6352,2955,2953,2951,-1
6353,2958,2956,2954,-1
6354,2961,2959,2957,-1
6355,2964,2962,2960,-1
6356,2967,2965,2963,-1
6357,2970,2968,2966,-1
6358,2973,2971,2969,-1
6359,2982,2974,2972,-1
6360,2985,2983,2975,-1
6361,2988,2986,2984,-1
6362,2991,2989,2987,-1
6363,2994,2992,2990,-1
6364,2997,2995,2993,-1
6365,3000,2998,2996,-1
6366,3003,3001,2999,-1
6367,3006,3004,3002,-1
6368,3009,3007,3005,-1
6369,3012,3010,3008,-1
6370,3015,3013,3011,-1
6371,3018,3016,3014,-1
6372,3021,3019,3017,-1
6373,3024,3022,3020,-1
6374,3027,3025,3023,-1
6375,3030,3028,3026,-1
6376,3033,3031,3029,-1
6377,3036,3034,3032,-1
6378,3039,3037,3035,-1
6379,3042,3040,3038,-1
6380,3045,3043,3041,-1
6381,3048,3046,3044,-1
6382,3051,3049,3047,-1
6383,3054,3052,3050,-1
6384,3057,3055,3053,-1
6385,3060,3058,3056,-1
6386,3063,3061,3059,-1
6387,3066,3064,3062,-1
6388,3069,3067,3065,-1
6389,-1,3070,3068,-1
6390,-1,-1,3071,-1
6391,-1,-1,-1,-1
6392,-1,-1,-1,-1
6393,-1,-1,-1,-1
6394,-1,-1,-1,-1
6395,-1,-1,-1,-1
6396,-1,-1,-1,-1
6397,-1,-1,-1,-1
6398,-1,-1,-1,-1
6399,-1,-1,-1,-1
6400,-1,-1,-1,-1
6401,-1,-1,-1,-1
6402,-1,-1,-1,-1
6403,0,-1,-1,-1
6404,3,1,-1,-1
6405,6,4,2,-1
6406,9,7,5,3
6407,12,10,8,6
6408,15,13,11,9
6409,18,16,14,12
6410,21,19,17,15
6411,24,22,20,18
6412,27,25,23,21
6413,30,28,26,24
6414,33,31,29,27
6415,36,34,32,30
6416,39,37,35,33
6417,42,40,38,36
6418,45,43,41,39
6419,48,46,44,42
6420,51,49,47,45
6421,54,52,50,48
6422,57,55,53,51
6423,60,58,56,54
6424,63,61,59,57
6425,66,64,62,60
6426,69,67,65,63
6427,72,70,68,66
6428,75,73,71,69
6429,78,76,74,72
6430,81,79,77,75
6431,84,82,80,78
6432,87,85,83,81
6433,96,88,86,84
6434,99,97,89,87
6435,102,100,98,90
6436,105,103,101,99
6437,108,106,104,102
6438,111,109,107,105
6439,114,112,110,108
6440,117,115,113,111
6441,120,118,116,114
6442,123,121,119,117
6443,126,124,122,120
6444,129,127,125,123
6445,132,130,128,126
6446,135,133,131,129
6447,138,136,134,132
6448,141,139,137,135
6449,144,142,140,138
6450,147,145,143,141
6451,150,148,146,144
6452,153,151,149,147
6453,156,154,152,150
6454,159,157,155,153
6455,162,160,158,156
6456,165,163,161,159
6457,168,166,164,162
6458,171,169,167,165
6459,174,172,170,168
6460,177,175,173,171
6461,180,178,176,174
6462,183,181,179,177
6463,192,184,182,180
6464,195,193,185,183
6465,198,196,194,186
6466,201,199,197,195
6467,204,202,200,198
6468,207,205,203,201
6469,210,208,206,204
6470,213,211,209,207
6471,216,214,212,210
6472,219,217,215,213
6473,222,220,218,216
6474,225,223,221,219
6475,228,226,224,222
6476,231,229,227,225
6477,234,232,230,228
6478,237,235,233,231
6479,240,238,236,234
6480,243,241,239,237
6481,246,244,242,240
6482,249,247,245,243
6483,252,250,248,246
6484,255,253,251,249
6485,258,256,254,252
6486,261,259,257,255
6487,264,262,260,258
6488,267,265,263,261
6489,270,268,266,264
6490,273,271,269,267
6491,276,274,272,270
6492,279,277,275,273
6493,288,280,278,276
6494,291,289,281,279
6495,294,292,290,282
6496,297,295,293,291
6497,300,298,296,294
6498,303,301,299,297
6499,306,304,302,300
6500,309,307,305,303
6501,312,310,308,306
6502,315,313,311,309
6503,318,316,314,312
6504,321,319,317,315
6505,324,322,320,318
6506,327,325,323,321
6507,330,328,326,324
6508,333,331,329,327
6509,336,334,332,330
6510,339,337,335,333
6511,342,340,338,336
6512,345,343,341,339
6513,348,346,344,342
6514,351,349,347,345
6515,354,352,350,348
6516,357,355,353,351
6517,360,358,356,354
6518,363,361,359,357
6519,366,364,362,360
6520,369,367,365,363
6521,372,370,368,366
6522,375,373,371,369
6523,384,376,374,372
6524,387,385,377,375
6525,390,388,386,378
6526,393,391,389,387
6527,396,394,392,390
6528,399,397,395,393
6529,402,400,398,396
6530,405,403,401,399
6531,408,406,404,402
6532,411,409,407,405
6533,414,412,410,408
6534,417,415,413,411
6535,420,418,416,414
6536,423,421,419,417
6537,426,424,422,420
6538,429,427,425,423
6539,432,430,428,426
6540,435,433,431,429
6541,438,436,434,432
6542,441,439,437,435
6543,444,442,440,438
6544,447,445,443,441
6545,450,448,446,444
6546,453,451,449,447
6547,456,454,452,450
6548,459,457,455,453
6549,462,460,458,456
6550,465,463,461,459
6551,468,466,464,462
6552,471,469,467,465
6553,480,472,470,468
6554,483,481,473,471
6555,486,484,482,474
6556,489,487,485,483
6557,492,490,488,486
6558,495,493,491,489
6559,498,496,494,492
6560,501,499,497,495
6561,504,502,500,498
6562,507,505,503,501
6563,510,508,506,504
6564,513,511,509,507
6565,516,514,512,510
6566,519,517,515,513
6567,522,520,518,516
6568,525,523,521,519
6569,528,526,524,522
6570,531,529,527,525
6571,534,532,530,528
6572,537,535,533,531
6573,540,538,536,534
6574,543,541,539,537
6575,546,544,542,540
6576,549,547,545,543
6577,552,550,548,546
6578,555,553,551,549
6579,558,556,554,552
6580,561,559,557,555
6581,564,562,560,558
6582,567,565,563,561
6583,576,568,566,564
6584,579,577,569,567
6585,582,580,578,570
6586,585,583,581,579
6587,588,586,584,582
6588,591,589,587,585
6589,594,592,590,588
6590,597,595,593,591
6591,600,598,596,594
6592,603,601,599,597
6593,606,604,602,600
6594,609,607,605,603
6595,612,610,608,606
6596,615,613,611,609
6597,618,616,614,612
6598,621,619,617,615
6599,624,622,620,618
6600,627,625,623,621
6601,630,628,626,624
6602,633,631,629,627
6603,636,634,632,630
6604,639,637,635,633
6605,642,640,638,636
6606,645,643,641,639
6607,648,646,644,642
6608,651,649,647,645
6609,654,652,650,648
6610,657,655,653,651
6611,660,658,656,654
6612,663,661,659,657
6613,672,664,662,660
6614,675,673,665,663
6615,678,676,674,666
6616,681,679,677,675
6617,684,682,680,678
6618,687,685,683,681
6619,690,688,686,684
6620,693,691,689,687
6621,696,694,692,690
6622,699,697,695,693
6623,702,700,698,696
6624,705,703,701,699
6625,708,706,704,702
6626,711,709,707,705
6627,714,712,710,708
6628,717,715,713,711
6629,720,718,716,714
6630,723,721,719,717
6631,726,724,722,720
6632,729,727,725,723
6633,732,730,728,726
6634,735,733,731,729
6635,738,736,734,732
6636,741,739,737,735
6637,744,742,740,738
6638,747,745,743,741
6639,750,748,746,744
6640,753,751,749,747
6641,756,754,752,750
6642,759,757,755,753
6643,768,760,758,756
6644,771,769,761,759
6645,774,772,770,762
6646,777,775,773,771
6647,780,778,776,774
6648,783,781,779,777
6649,786,784,782,780
6650,789,787,785,783
6651,792,790,788,786
6652,795,793,791,789
6653,798,796,794,792
6654,801,799,797,795
6655,804,802,800,798
6656,807,805,803,801
6657,810,808,806,804
6658,813,811,809,807
6659,816,814,812,810
6660,819,817,815,813
6661,822,820,818,816
6662,825,823,821,819
6663,828,826,824,822
6664,831,829,827,825
6665,834,832,830,828
6666,837,835,833,831
6667,840,838,836,834
6668,843,841,839,837
6669,846,844,842,840
6670,849,847,845,843
6671,852,850,848,846
6672,855,853,851,849
6673,864,856,854,852
6674,867,865,857,855
6675,870,868,866,858
6676,873,871,869,867
6677,876,874,872,870
6678,879,877,875,873
6679,882,880,878,876
6680,885,883,881,879
6681,888,886,884,882
6682,891,889,887,885
6683,894,892,890,888
6684,897,895,893,891
6685,900,898,896,894
6686,903,901,899,897
6687,906,904,902,900
6688,909,907,905,903
6689,912,910,908,906
6690,915,913,911,909
6691,918,916,914,912
6692,921,919,917,915
6693,924,922,920,918
6694,927,925,923,921
6695,930,928,926,924
6696,933,931,929,927
6697,936,934,932,930
6698,939,937,935,933
6699,942,940,938,936
6700,945,943,941,939
6701,948,946,944,942
6702,951,949,947,945
6703,960,952,950,948
6704,963,961,953,951
6705,966,964,962,954
6706,969,967,965,963
6707,972,970,968,966
6708,975,973,971,969
6709,978,976,974,972
6710,981,979,977,975
6711,984,982,980,978
6712,987,985,983,981
6713,990,988,986,984
6714,993,991,989,987
6715,996,994,992,990
6716,999,997,995,993
6717,1002,1000,998,996
6718,1005,1003,1001,999
6719,1008,1006,1004,1002
6720,1011,1009,1007,1005
6721,1014,1012,1010,1008
6722,1017,1015,1013,1011
6723,1020,1018,1016,1014
6724,1023,1021,1019,1017
6725,1026,1024,1022,1020
6726,1029,1027,1025,1023
6727,1032,1030,1028,1026
6728,1035,1033,1031,1029
6729,1038,1036,1034,1032
6730,1041,1039,1037,1035
6731,1044,1042,1040,1038
6732,1047,1045,1043,1041
6733,1056,1048,1046,1044
6734,1059,1057,1049,1047
6735,1062,1060,1058,1050
6736,1065,1063,1061,1059
6737,1068,1066,1064,1062
6738,1071,1069,1067,1065
6739,1074,1072,1070,1068
6740,1077,1075,1073,1071
6741,1080,1078,1076,1074
6742,1083,1081,1079,1077
6743,1086,1084,1082,1080
6744,1089,1087,1085,1083
6745,1092,1090,1088,1086
6746,1095,1093,1091,1089
6747,1098,1096,1094,1092
6748,1101,1099,1097,1095
6749,1104,1102,1100,1098
6750,1107,1105,1103,1101
6751,1110,1108,1106,1104
6752,1113,1111,1109,1107
6753,1116,1114,1112,1110
6754,1119,1117,1115,1113
6755,1122,1120,1118,1116
6756,1125,1123,1121,1119
6757,1128,1126,1124,1122
6758,1131,1129,1127,1125
6759,1134,1132,1130,1128
6760,1137,1135,1133,1131
6761,1140,1138,1136,1134
6762,1143,1141,1139,1137
6763,1152,1144,1142,1140
6764,1155,1153,1145,1143
6765,1158,1156,1154,1146
6766,1161,1159,1157,1155
6767,1164,1162,1160,1158
6768,1167,1165,1163,1161
6769,1170,1168,1166,1164
6770,1173,1171,1169,1167
6771,1176,1174,1172,1170
6772,1179,1177,1175,1173
6773,1182,1180,1178,1176
6774,1185,1183,1181,1179
6775,1188,1186,1184,1182
6776,1191,1189,1187,1185
6777,1194,1192,1190,1188
6778,1197,1195,1193,1191
6779,1200,1198,1196,1194
6780,1203,1201,1199,1197
6781,1206,1204,1202,1200
6782,1209,1207,1205,1203
6783,1212,1210,1208,1206
6784,1215,1213,1211,1209
6785,1218,1216,1214,1212
6786,1221,1219,1217,1215
6787,1224,1222,1220,1218
6788,1227,1225,1223,1221
6789,1230,1228,1226,1224
6790,1233,1231,1229,1227
6791,1236,1234,1232,1230
6792,1239,1237,1235,1233
6793,1248,1240,1238,1236
6794,1251,1249,1241,1239
6795,1254,1252,1250,1242
6796,1257,1255,1253,1251
6797,1260,1258,1256,1254
6798,1263,1261,1259,1257
6799,1266,1264,1262,1260
6800,1269,1267,1265,1263
6801,1272,1270,1268,1266
6802,1275,1273,1271,1269
6803,1278,1276,1274,1272
6804,1281,1279,1277,1275
6805,1284,1282,1280,1278
6806,1287,1285,1283,1281
6807,1290,1288,1286,1284
6808,1293,1291,1289,1287
6809,1296,1294,1292,1290
6810,1299,1297,1295,1293
6811,1302,1300,1298,1296
6812,1305,1303,1301,1299
6813,1308,1306,1304,1302
6814,1311,1309,1307,1305
6815,1314,1312,1310,1308
6816,1317,1315,1313,1311
6817,1320,1318,1316,1314
6818,1323,1321,1319,1317
6819,1326,1324,1322,1320
6820,1329,1327,1325,1323
6821,1332,1330,1328,1326
6822,1335,1333,1331,1329
6823,1344,1336,1334,1332
6824,1347,1345,1337,1335
6825,1350,1348,1346,1338
6826,1353,1351,1349,1347
6827,1356,1354,1352,1350
6828,1359,1357,1355,1353
6829,1362,1360,1358,1356
6830,1365,1363,1361,1359
6831,1368,1366,1364,1362
6832,1371,1369,1367,1365
6833,1374,1372,1370,1368
6834,1377,1375,1373,1371
6835,1380,1378,1376,1374
6836,1383,1381,1379,1377
6837,1386,1384,1382,1380
6838,1389,1387,1385,1383
6839,1392,1390,1388,1386
6840,1395,1393,1391,1389
6841,1398,1396,1394,1392
6842,1401,1399,1397,1395
6843,1404,1402,1400,1398
6844,1407,1405,1403,1401
6845,1410,1408,1406,1404
6846,1413,1411,1409,1407
6847,1416,1414,1412,1410
6848,1419,1417,1415,1413
6849,1422,1420,1418,1416
6850,1425,1423,1421,1419
6851,1428,1426,1424,1422
6852,1431,1429,1427,1425
6853,1440,1432,1430,1428
6854,1443,1441,1433,1431
6855,1446,1444,1442,1434
6856,1449,1447,1445,1443
6857,1452,1450,1448,1446
6858,1455,1453,1451,1449
6859,1458,1456,1454,1452
6860,1461,1459,1457,1455
6861,1464,1462,1460,1458
6862,1467,1465,1463,1461
6863,1470,1468,1466,1464
6864,1473,1471,1469,1467
6865,1476,1474,1472,1470
6866,1479,1477,1475,1473
6867,1482,1480,1478,1476
6868,1485,1483,1481,1479
6869,1488,1486,1484,1482
6870,1491,1489,1487,1485
6871,1494,1492,1490,1488
6872,1497,1495,1493,1491
6873,1500,1498,1496,1494
6874,1503,1501,1499,1497
6875,1506,1504,1502,1500
6876,1509,1507,1505,1503
6877,1512,1510,1508,1506
6878,1515,1513,1511,1509
6879,1518,1516,1514,1512
6880,1521,1519,1517,1515
6881,1524,1522,1520,1518
6882,1527,1525,1523,1521
6883,1536,1528,1526,1524
6884,1539,1537,1529,1527
6885,1542,1540,1538,1530
6886,1545,1543,1541,1539
6887,1548,1546,1544,1542
6888,1551,1549,1547,1545
6889,1554,1552,1550,1548
6890,1557,1555,1553,1551
6891,1560,1558,1556,1554
6892,1563,1561,1559,1557
6893,1566,1564,1562,1560
6894,1569,1567,1565,1563
6895,1572,1570,1568,1566
6896,1575,1573,1571,1569
6897,1578,1576,1574,1572
6898,1581,1579,1577,1575
6899,1584,1582,1580,1578
6900,1587,1585,1583,1581
6901,1590,1588,1586,1584
6902,1593,1591,1589,1587
6903,1596,1594,1592,1590
6904,1599,1597,1595,1593
6905,1602,1600,1598,1596
6906,1605,1603,1601,1599
6907,1608,1606,1604,1602
6908,1611,1609,1607,1605
6909,1614,1612,1610,1608
6910,1617,1615,1613,1611
6911,1620,1618,1616,1614
6912,1623,1621,1619,1617
6913,1632,1624,1622,1620
6914,1635,1633,1625,1623
6915,1638,1636,1634,1626
6916,1641,1639,1637,1635
6917,1644,1642,1640,1638
6918,1647,1645,1643,1641
6919,1650,1648,1646,1644
6920,1653,1651,1649,1647
6921,1656,1654,1652,1650
6922,1659,1657,1655,1653
6923,1662,1660,1658,1656
6924,1665,1663,1661,1659
6925,1668,1666,1664,1662
6926,1671,1669,1667,1665
6927,1674,1672,1670,1668
6928,1677,1675,1673,1671
6929,1680,1678,1676,1674
6930,1683,1681,1679,1677
6931,1686,1684,1682,1680
6932,1689,1687,1685,1683
6933,1692,1690,1688,1686
6934,1695,1693,1691,1689
6935,1698,1696,1694,1692
6936,1701,1699,1697,1695
6937,1704,1702,1700,1698
6938,1707,1705,1703,1701
6939,1710,1708,1706,1704
6940,1713,1711,1709,1707
6941,1716,1714,1712,1710
6942,1719,1717,1715,1713
6943,1728,1720,1718,1716
6944,1731,1729,1721,1719
6945,1734,1732,1730,1722
6946,1737,1735,1733,1731
6947,1740,1738,1736,1734
6948,1743,1741,1739,1737
6949,1746,1744,1742,1740
6950,1749,1747,1745,1743
6951,1752,1750,1748,1746
6952,1755,1753,1751,1749
6953,1758,1756,1754,1752
6954,1761,1759,1757,1755
6955,1764,1762,1760,1758
6956,1767,1765,1763,1761
6957,1770,1768,1766,1764
6958,1773,1771,1769,1767
6959,1776,1774,1772,1770
6960,1779,1777,1775,1773
6961,1782,1780,1778,1776
6962,1785,1783,1781,1779
6963,1788,1786,1784,1782
6964,1791,1789,1787,1785
6965,1794,1792,1790,1788
6966,1797,1795,1793,1791
6967,1800,1798,1796,1794
6968,1803,1801,1799,1797
6969,1806,1804,1802,1800
6970,1809,1807,1805,1803
6971,1812,1810,1808,1806
6972,1815,1813,1811,1809
6973,1824,1816,1814,1812
6974,1827,1825,1817,1815
6975,1830,1828,1826,1818
6976,1833,1831,1829,1827
6977,1836,1834,1832,1830
6978,1839,1837,1835,1833
6979,1842,1840,1838,1836
6980,1845,1843,1841,1839
6981,1848,1846,1844,1842
6982,1851,1849,1847,1845
6983,1854,1852,1850,1848
6984,1857,1855,1853,1851
6985,1860,1858,1856,1854
6986,1863,1861,1859,1857
6987,1866,1864,1862,1860
6988,1869,1867,1865,1863
6989,1872,1870,1868,1866
6990,1875,1873,1871,1869
6991,1878,1876,1874,1872
6992,1881,1879,1877,1875
6993,1884,1882,1880,1878
6994,1887,1885,1883,1881
6995,1890,1888,1886,1884
6996,1893,1891,1889,1887
6997,1896,1894,1892,1890
6998,1899,1897,1895,1893
6999,1902,1900,1898,1896
7000,1905,1903,1901,1899
7001,1908,1906,1904,1902
7002,1911,1909,1907,1905
7003,1920,1912,1910,1908
7004,1923,1921,1913,1911
7005,1926,1924,1922,1914
7006,1929,1927,1925,1923
7007,1932,1930,1928,1926
7008,1935,1933,1931,1929
7009,1938,1936,1934,1932
7010,1941,1939,1937,1935
7011,1944,1942,1940,1938
7012,1947,1945,1943,1941
7013,1950,1948,1946,1944
7014,1953,1951,1949,1947
7015,1956,1954,1952,1950
7016,1959,1957,1955,1953
7017,1962,1960,1958,1956
7018,1965,1963,1961,1959
7019,1968,1966,1964,1962
7020,1971,1969,1967,1965
7021,1974,1972,1970,1968
7022,1977,1975,1973,1971
7023,1980,1978,1976,1974
7024,1983,1981,1979,1977
7025,1986,1984,1982,1980
7026,1989,1987,1985,1983
7027,1992,1990,1988,1986
7028,1995,1993,1991,1989
7029,1998,1996,1994,1992
7030,2001,1999,1997,1995
7031,2004,2002,2000,1998
7032,2007,2005,2003,2001
7033,2016,2008,2006,2004
7034,2019,2017,2009,2007
7035,2022,2020,2018,2010
7036,2025,2023,2021,2019
7037,2028,2026,2024,2022
7038,2031,2029,2027,2025
7039,2034,2032,2030,2028
7040,2037,2035,2033,2031
7041,2040,2038,2036,2034
7042,2043,2041,2039,2037
7043,2046,2044,2042,2040
7044,2049,2047,2045,2043
7045,2052,2050,2048,2046
7046,2055,2053,2051,2049
7047,2058,2056,2054,2052
7048,2061,2059,2057,2055
7049,2064,2062,2060,2058
7050,2067,2065,2063,2061
7051,2070,2068,2066,2064
7052,2073,2071,2069,2067
7053,2076,2074,2072,2070
7054,2079,2077,2075,2073
7055,2082,2080,2078,2076
7056,2085,2083,2081,2079
7057,2088,2086,2084,2082
7058,2091,2089,2087,2085
7059,2094,2092,2090,2088
7060,2097,2095,2093,2091
7061,2100,2098,2096,2094
7062,2103,2101,2099,2097
7063,2112,2104,2102,2100
7064,2115,2113,2105,2103
7065,2118,2116,2114,2106
7066,2121,2119,2117,2115
7067,2124,2122,2120,2118
7068,2127,2125,2123,2121
7069,2130,2128,2126,2124
7070,2133,2131,2129,2127
7071,2136,2134,2132,2130
7072,2139,2137,2135,2133
7073,2142,2140,2138,2136
7074,2145,2143,2141,2139
7075,2148,2146,2144,2142
7076,2151,2149,2147,2145
7077,2154,2152,2150,2148
7078,2157,2155,2153,2151
7079,2160,2158,2156,2154
7080,2163,2161,2159,2157
7081,2166,2164,2162,2160
7082,2169,2167,2165,2163
7083,2172,2170,2168,2166
7084,2175,2173,2171,2169
7085,2178,2176,2174,2172
7086,2181,2179,2177,2175
7087,2184,2182,2180,2178
7088,2187,2185,2183,2181
7089,2190,2188,2186,2184
7090,2193,2191,2189,2187
7091,2196,2194,2192,2190
7092,2199,2197,2195,2193
7093,2208,2200,2198,2196
7094,2211,2209,2201,2199
7095,2214,2212,2210,2202
7096,2217,2215,2213,2211
7097,2220,2218,2216,2214
7098,2223,2221,2219,2217
7099,2226,2224,2222,2220
7100,2229,2227,2225,2223
7101,2232,2230,2228,2226
7102,2235,2233,2231,2229
7103,2238,2236,2234,2232
7104,2241,2239,2237,2235
7105,2244,2242,2240,2238
7106,2247,2245,2243,2241
7107,2250,2248,2246,2244
7108,2253,2251,2249,2247
7109,2256,2254,2252,2250
7110,2259,2257,2255,2253
7111,2262,2260,2258,2256
7112,2265,2263,2261,2259
7113,2268,2266,2264,2262
7114,2271,2269,2267,2265
7115,2274,2272,2270,2268
7116,2277,2275,2273,2271
7117,2280,2278,2276,2274
7118,2283,2281,2279,2277
7119,2286,2284,2282,2280
7120,2289,2287,2285,2283
7121,2292,2290,2288,2286
7122,2295,2293,2291,2289
7123,2304,2296,2294,2292
7124,2307,2305,2297,2295
7125,2310,2308,2306,2298
7126,2313,2311,2309,2307
7127,2316,2314,2312,2310
7128,2319,2317,2315,2313
7129,2322,2320,2318,2316
7130,2325,2323,2321,2319
7131,2328,2326,2324,2322
7132,2331,2329,2327,2325
7133,2334,2332,2330,2328
7134,2337,2335,2333,2331
7135,2340,2338,2336,2334
7136,2343,2341,2339,2337
7137,2346,2344,2342,2340
7138,2349,2347,2345,2343
7139,2352,2350,2348,2346
7140,2355,2353,2351,2349
7141,2358,2356,2354,2352
7142,2361,2359,2357,2355
7143,2364,2362,2360,2358
7144,2367,2365,2363,2361
7145,2370,2368,2366,2364
7146,2373,2371,2369,2367
7147,2376,2374,2372,2370
7148,2379,2377,2375,2373
7149,2382,2380,2378,2376
7150,2385,2383,2381,2379
7151,2388,2386,2384,2382
7152,2391,2389,2387,2385
7153,2400,2392,2390,2388
7154,2403,2401,2393,2391
7155,2406,2404,2402,2394
7156,2409,2407,2405,2403
7157,2412,2410,2408,2406
7158,2415,2413,2411,2409
7159,2418,2416,2414,2412
7160,2421,2419,2417,2415
7161,2424,2422,2420,2418
7162,2427,2425,2423,2421
7163,2430,2428,2426,2424
7164,2433,2431,2429,2427
7165,2436,2434,2432,2430
7166,2439,2437,2435,2433
7167,2442,2440,2438,2436
7168,2445,2443,2441,2439
7169,2448,2446,2444,2442
7170,2451,2449,2447,2445
7171,2454,2452,2450,2448
7172,2457,2455,2453,2451
7173,2460,2458,2456,2454
7174,2463,2461,2459,2457
7175,2466,2464,2462,2460
7176,2469,2467,2465,2463
7177,2472,2470,2468,2466
7178,2475,2473,2471,2469
7179,2478,2476,2474,2472
7180,2481,2479,2477,2475
7181,2484,2482,2480,2478
7182,2487,2485,2483,2481
7183,2496,2488,2486,2484
7184,2499,2497,2489,2487
7185,2502,2500,2498,2490
7186,2505,2503,2501,2499
7187,2508,2506,2504,2502
7188,2511,2509,2507,2505
7189,2514,2512,2510,2508
7190,2517,2515,2513,2511
7191,2520,2518,2516,2514
7192,2523,2521,2519,2517
7193,2526,2524,2522,2520
7194,2529,2527,2525,2523
7195,2532,2530,2528,2526
7196,2535,2533,2531,2529
7197,2538,2536,2534,2532
7198,2541,2539,2537,2535
7199,2544,2542,2540,2538
7200,2547,2545,2543,2541
7201,2550,2548,2546,2544
7202,2553,2551,2549,2547
7203,2556,2554,2552,2550
7204,2559,2557,2555,2553
7205,2562,2560,2558,2556
7206,2565,2563,2561,2559
7207,2568,2566,2564,2562
7208,2571,2569,2567,2565
7209,2574,2572,2570,2568
7210,2577,2575,2573,2571
7211,2580,2578,2576,2574
7212,2583,2581,2579,2577
7213,2592,2584,2582,2580
7214,2595,2593,2585,2583
7215,2598,2596,2594,2586
7216,2601,2599,2597,2595
7217,2604,2602,2600,2598
7218,2607,2605,2603,2601
7219,2610,2608,2606,2604
7220,2613,2611,2609,2607
7221,2616,2614,2612,2610
7222,2619,2617,2615,2613
7223,2622,2620,2618,2616
7224,2625,2623,2621,2619
7225,2628,2626,2624,2622
7226,2631,2629,2627,2625
7227,2634,2632,2630,2628
7228,2637,2635,2633,2631
7229,2640,2638,2636,2634
7230,2643,2641,2639,2637
7231,2646,2644,2642,2640
7232,2649,2647,2645,2643
7233,2652,2650,2648,2646
7234,2655,2653,2651,2649
7235,2658,2656,2654,2652
7236,2661,2659,2657,2655
7237,2664,2662,2660,2658
7238,2667,2665,2663,2661
7239,2670,2668,2666,2664
7240,2673,2671,2669,2667
7241,2676,2674,2672,2670
7242,2679,2677,2675,2673
7243,2688,2680,2678,2676
7244,2691,2689,2681,2679
7245,2694,2692,2690,2682
7246,2697,2695,2693,2691
7247,2700,2698,2696,2694
7248,2703,2701,2699,2697
7249,2706,2704,2702,2700
7250,2709,2707,2705,2703
7251,2712,2710,2708,2706
7252,2715,2713,2711,2709
7253,2718,2716,2714,2712
7254,2721,2719,2717,2715
7255,2724,2722,2720,2718
7256,2727,2725,2723,2721
7257,2730,2728,2726,2724
7258,2733,2731,2729,2727
7259,2736,2734,2732,2730
7260,2739,2737,2735,2733
7261,2742,2740,2738,2736
7262,2745,2743,2741,2739
7263,2748,2746,2744,2742
7264,2751,2749,2747,2745
7265,2754,2752,2750,2748
7266,2757,2755,2753,2751
7267,2760,2758,2756,2754
7268,2763,2761,2759,2757
7269,2766,2764,2762,2760
7270,2769,2767,2765,2763
7271,2772,2770,2768,2766
7272,2775,2773,2771,2769
7273,2784,2776,2774,2772
7274,2787,2785,2777,2775
7275,2790,2788,2786,2778
7276,2793,2791,2789,2787
7277,2796,2794,2792,2790
7278,2799,2797,2795,2793
7279,2802,2800,2798,2796
7280,2805,2803,2801,2799
7281,2808,2806,2804,2802
7282,2811,2809,2807,2805
7283,2814,2812,2810,2808
7284,2817,2815,2813,2811
7285,2820,2818,2816,2814
7286,2823,2821,2819,2817
7287,2826,2824,2822,2820
7288,2829,2827,2825,2823
7289,2832,2830,2828,2826
7290,2835,2833,2831,2829
7291,2838,2836,2834,2832
7292,2841,2839,2837,2835
7293,2844,2842,2840,2838
7294,2847,2845,2843,2841
7295,2850,2848,2846,2844
7296,2853,2851,2849,2847
7297,2856,2854,2852,2850
7298,2859,2857,2855,2853
7299,2862,2860,2858,2856
7300,2865,2863,2861,2859
7301,2868,2866,2864,2862
7302,2871,2869,2867,2865
7303,-1,2872,2870,2868
7304,-1,-1,2873,2871
7305,-1,-1,-1,2874
7306,-1,-1,-1,-1
7307,-1,-1,-1,-1
7308,-1,-1,-1,-1
7309,-1,-1,-1,-1
7310,-1,-1,-1,-1
7311,-1,-1,-1,-1
7312,-1,-1,-1,-1
7313,-1,-1,-1,-1
7314,-1,-1,-1,-1
7315,-1,-1,-1,-1
7316,-1,-1,-1,-1
7317,4,-1,-1,-1
7318,7,5,-1,-1
7319,10,8,6,-1
7320,13,11,9,7
7321,16,14,12,10
7322,19,17,15,13
7323,22,20,18,16
7324,25,23,21,19
7325,28,26,24,22
7326,31,29,27,25
7327,34,32,30,28
7328,37,35,33,31
7329,40,38,36,34
7330,43,41,39,37
7331,46,44,42,40
7332,49,47,45,43
7333,52,50,48,46
7334,55,53,51,49
7335,58,56,54,52
7336,61,59,57,55
7337,64,62,60,58
7338,67,65,63,61
7339,70,68,66,64
7340,73,71,69,67
7341,76,74,72,70
7342,79,77,75,73
7343,82,80,78,76
7344,85,83,81,79
7345,88,86,84,82
7346,91,89,87,85
7347,100,92,90,88
7348,103,101,93,91
7349,106,104,102,94
7350,109,107,105,103
7351,112,110,108,106
7352,115,113,111,109
7353,118,116,114,112
7354,121,119,117,115
7355,124,122,120,118
7356,127,125,123,121
7357,130,128,126,124
7358,133,131,129,127
7359,136,134,132,130
7360,139,137,135,133
7361,142,140,138,136
7362,145,143,141,139
7363,148,146,144,142
7364,151,149,147,145
7365,154,152,150,148
7366,157,155,153,151
7367,160,158,156,154
7368,163,161,159,157
7369,166,164,162,160
7370,169,167,165,163
7371,172,170,168,166
7372,175,173,171,169
7373,178,176,174,172
7374,181,179,177,175
7375,184,182,180,178
7376,187,185,183,181
7377,196,188,186,184
7378,199,197,189,187
7379,202,200,198,190
7380,205,203,201,199
7381,208,206,204,202
7382,211,209,207,205
7383,214,212,210,208
7384,217,215,213,211
7385,220,218,216,214
7386,223,221,219,217
7387,226,224,222,220
7388,229,227,225,223
7389,232,230,228,226
7390,235,233,231,229
7391,238,236,234,232
7392,241,239,237,235
7393,244,242,240,238
7394,247,245,243,241
7395,250,248,246,244
7396,253,251,249,247
7397,256,254,252,250
7398,259,257,255,253
7399,262,260,258,256
7400,265,263,261,259
7401,268,266,264,262
7402,271,269,267,265
7403,274,272,270,268
7404,277,275,273,271
7405,280,278,276,274
7406,283,281,279,277
7407,292,284,282,280
7408,295,293,285,283
7409,298,296,294,286
7410,301,299,297,295
7411,304,302,300,298
7412,307,305,303,301
7413,310,308,306,304
7414,313,311,309,307
7415,316,314,312,310
7416,319,317,315,313
7417,322,320,318,316
7418,325,323,321,319
7419,328,326,324,322
7420,331,329,327,325
7421,334,332,330,328
7422,337,335,333,331
7423,340,338,336,334
7424,343,341,339,337
7425,346,344,342,340
7426,349,347,345,343
7427,352,350,348,346
7428,355,353,351,349
7429,358,356,354,352
7430,361,359,357,355
7431,364,362,360,358
7432,367,365,363,361
7433,370,368,366,364
7434,373,371,369,367
7435,376,374,372,370
7436,379,377,375,373
7437,388,380,378,376
7438,391,389,381,379
7439,394,392,390,382
7440,397,395,393,391
7441,400,398,396,394
7442,403,401,399,397
7443,406,404,402,400
7444,409,407,405,403
7445,412,410,408,406
7446,415,413,411,409
7447,418,416,414,412
7448,421,419,417,415
7449,424,422,420,418
7450,427,425,423,421
7451,430,428,426,424
7452,433,431,429,427
7453,436,434,432,430
7454,439,437,435,433
7455,442,440,438,436
7456,445,443,441,439
7457,448,446,444,442
7458,451,449,447,445
7459,454,452,450,448
7460,457,455,453,451
7461,460,458,456,454
7462,463,461,459,457
7463,466,464,462,460
7464,469,467,465,463
7465,472,470,468,466
7466,475,473,471,469
7467,484,476,474,472
7468,487,485,477,475
7469,490,488,486,478
7470,493,491,489,487
7471,496,494,492,490
7472,499,497,495,493
7473,502,500,498,496
7474,505,503,501,499
7475,508,506,504,502
7476,511,509,507,505
7477,514,512,510,508
7478,517,515,513,511
7479,520,518,516,514
7480,523,521,519,517
7481,526,524,522,520
7482,529,527,525,523
7483,532,530,528,526
7484,535,533,531,529
7485,538,536,534,532
7486,541,539,537,535
7487,544,542,540,538
7488,547,545,543,541
7489,550,548,546,544
7490,553,551,549,547
7491,556,554,552,550
7492,559,557,555,553
7493,562,560,558,556
7494,565,563,561,559
7495,568,566,564,562
7496,571,569,567,565
7497,580,572,570,568
7498,583,581,573,571
7499,586,584,582,574
7500,589,587,585,583
7501,592,590,588,586
7502,595,593,591,589
7503,598,596,594,592
7504,601,599,597,595
7505,604,602,600,598
7506,607,605,603,601
7507,610,608,606,604
7508,613,611,609,607
7509,616,614,612,610
7510,619,617,615,613
7511,622,620,618,616
7512,625,623,621,619
7513,628,626,624,622
7514,631,629,627,625
7515,634,632,630,628
7516,637,635,633,631
7517,640,638,636,634
7518,643,641,639,637
7519,646,644,642,640
7520,649,647,645,643
7521,652,650,648,646
7522,655,653,651,649
7523,658,656,654,652
7524,661,659,657,655
7525,664,662,660,658
7526,667,665,663,661
7527,676,668,666,664
7528,679,677,669,667
7529,682,680,678,670
7530,685,683,681,679
7531,688,686,684,682
7532,691,689,687,685
7533,694,692,690,688
7534,697,695,693,691
7535,700,698,696,694
7536,703,701,699,697
7537,706,704,702,700
7538,709,707,705,703
7539,712,710,708,706
7540,715,713,711,709
7541,718,716,714,712
7542,721,719,717,715
7543,724,722,720,718
7544,727,725,723,721
7545,730,728,726,724
7546,733,731,729,727
7547,736,734,732,730
7548,739,737,735,733
7549,742,740,738,736
7550,745,743,741,739
7551,748,746,744,742
7552,751,749,747,745
7553,754,752,750,748
7554,757,755,753,751
7555,760,758,756,754
7556,763,761,759,757
7557,772,764,762,760
7558,775,773,765,763
7559,778,776,774,766
7560,781,779,777,775
7561,784,782,780,778
7562,787,785,783,781
7563,790,788,786,784
7564,793,791,789,787
7565,796,794,792,790
7566,799,797,795,793
7567,802,800,798,796
7568,805,803,801,799
7569,808,806,804,802
7570,811,809,807,805
7571,814,812,810,808
7572,817,815,813,811
7573,820,818,816,814
7574,823,821,819,817
7575,826,824,822,820
7576,829,827,825,823
7577,832,830,828,826
7578,835,833,831,829
7579,838,836,834,832
7580,841,839,837,835
7581,844,842,840,838
7582,847,845,843,841
7583,850,848,846,844
7584,853,851,849,847
7585,856,854,852,850
7586,859,857,855,853
7587,868,860,858,856
7588,871,869,861,859
7589,874,872,870,862
7590,877,875,873,871
7591,880,878,876,874
7592,883,881,879,877
7593,886,884,882,880
7594,889,887,885,883
7595,892,890,888,886
7596,895,893,891,889
7597,898,896,894,892
7598,901,899,897,895
7599,904,902,900,898
7600,907,905,903,901
7601,910,908,906,904
7602,913,911,909,907
7603,916,914,912,910
7604,919,917,915,913
7605,922,920,918,916
7606,925,923,921,919
7607,928,926,924,922
7608,931,929,927,925
7609,934,932,930,928
7610,937,935,933,931
7611,940,938,936,934
7612,943,941,939,937
7613,946,944,942,940
7614,949,947,945,943
7615,952,950,948,946
7616,955,953,951,949
7617,964,956,954,952
7618,967,965,957,955
7619,970,968,966,958
7620,973,971,969,967
7621,976,974,972,970
7622,979,977,975,973
7623,982,980,978,976
7624,985,983,981,979
7625,988,986,984,982
7626,991,989,987,985
7627,994,992,990,988
7628,997,995,993,991
7629,1000,998,996,994
7630,1003,1001,999,997
7631,1006,1004,1002,1000
7632,1009,1007,1005,1003
7633,1012,1010,1008,1006
7634,1015,1013,1011,1009
7635,1018,1016,1014,1012
7636,1021,1019,1017,1015
7637,1024,1022,1020,1018
7638,1027,1025,1023,1021
7639,1030,1028,1026,1024
7640,1033,1031,1029,1027
7641,1036,1034,1032,1030
7642,1039,1037,1035,1033
7643,1042,1040,1038,1036
7644,1045,1043,1041,1039
7645,1048,1046,1044,1042
7646,1051,1049,1047,1045
7647,1060,1052,1050,1048
7648,1063,1061,1053,1051
7649,1066,1064,1062,1054
7650,1069,1067,1065,1063
7651,1072,1070,1068,1066
7652,1075,1073,1071,1069
7653,1078,1076,1074,1072
7654,1081,1079,1077,1075
7655,1084,1082,1080,1078
7656,1087,1085,1083,1081
7657,1090,1088,1086,1084
7658,1093,1091,1089,1087
7659,1096,1094,1092,1090
7660,1099,1097,1095,1093
7661,1102,1100,1098,1096
7662,1105,1103,1101,1099
7663,1108,1106,1104,1102
7664,1111,1109,1107,1105
7665,1114,1112,1110,1108
7666,1117,1115,1113,1111
7667,1120,1118,1116,1114
7668,1123,1121,1119,1117
7669,1126,1124,1122,1120
7670,1129,1127,1125,1123
7671,1132,1130,1128,1126
7672,1135,1133,1131,1129
7673,1138,1136,1134,1132
7674,1141,1139,1137,1135
7675,1144,1142,1140,1138
7676,1147,1145,1143,1141
7677,1156,1148,1146,1144
7678,1159,1157,1149,1147
7679,1162,1160,1158,1150
7680,1165,1163,1161,1159
7681,1168,1166,1164,1162
7682,1171,1169,1167,1165
7683,1174,1172,1170,1168
7684,1177,1175,1173,1171
7685,1180,1178,1176,1174
7686,1183,1181,1179,1177
7687,1186,1184,1182,1180
7688,1189,1187,1185,1183
7689,1192,1190,1188,1186
7690,1195,1193,1191,1189
7691,1198,1196,1194,1192
7692,1201,1199,1197,1195
7693,1204,1202,1200,1198
7694,1207,1205,1203,1201
7695,1210,1208,1206,1204
7696,1213,1211,1209,1207
7697,1216,1214,1212,1210
7698,1219,1217,1215,1213
7699,1222,1220,1218,1216
7700,1225,1223,1221,1219
7701,1228,1226,1224,1222
7702,1231,1229,1227,1225
7703,1234,1232,1230,1228
7704,1237,1235,1233,1231
7705,1240,1238,1236,1234
7706,1243,1241,1239,1237
7707,1252,1244,1242,1240
7708,1255,1253,1245,1243
7709,1258,1256,1254,1246
7710,1261,1259,1257,1255
7711,1264,1262,1260,1258
7712,1267,1265,1263,1261
7713,1270,1268,1266,1264
7714,1273,1271,1269,1267
7715,1276,1274,1272,1270
7716,1279,1277,1275,1273
7717,1282,1280,1278,1276
7718,1285,1283,1281,1279
7719,1288,1286,1284,1282
7720,1291,1289,1287,1285
7721,1294,1292,1290,1288
7722,1297,1295,1293,1291
7723,1300,1298,1296,1294
7724,1303,1301,1299,1297
7725,1306,1304,1302,1300
7726,1309,1307,1305,1303
7727,1312,1310,1308,1306
7728,1315,1313,1311,1309
7729,1318,1316,1314,1312
7730,1321,1319,1317,1315
7731,1324,1322,1320,1318
7732,1327,1325,1323,1321
7733,1330,1328,1326,1324
7734,1333,1331,1329,1327
7735,1336,1334,1332,1330
7736,1339,1337,1335,1333
7737,1348,1340,1338,1336
7738,1351,1349,1341,1339
7739,1354,1352,1350,1342
7740,1357,1355,1353,1351
7741,1360,1358,1356,1354
7742,1363,1361,1359,1357
7743,1366,1364,1362,1360
7744,1369,1367,1365,1363
7745,1372,1370,1368,1366
7746,1375,1373,1371,1369
7747,1378,1376,1374,1372
7748,1381,1379,1377,1375
7749,1384,1382,1380,1378
7750,1387,1385,1383,1381
7751,1390,1388,1386,1384
7752,1393,1391,1389,1387
7753,1396,1394,1392,1390
7754,1399,1397,1395,1393
7755,1402,1400,1398,1396
7756,1405,1403,1401,1399
7757,1408,1406,1404,1402
7758,1411,1409,1407,1405
7759,1414,1412,1410,1408
7760,1417,1415,1413,1411
7761,1420,1418,1416,1414
7762,1423,1421,1419,1417
7763,1426,1424,1422,1420
7764,1429,1427,1425,1423
7765,1432,1430,1428,1426
7766,1435,1433,1431,1429
7767,1444,1436,1434,1432
7768,1447,1445,1437,1435
7769,1450,1448,1446,1438
7770,1453,1451,1449,1447
7771,1456,1454,1452,1450
7772,1459,1457,1455,1453
7773,1462,1460,1458,1456
7774,1465,1463,1461,1459
7775,1468,1466,1464,1462
7776,1471,1469,1467,1465
7777,1474,1472,1470,1468
7778,1477,1475,1473,1471
7779,1480,1478,1476,1474
7780,1483,1481,1479,1477
7781,1486,1484,1482,1480
7782,1489,1487,1485,1483
7783,1492,1490,1488,1486
7784,1495,1493,1491,1489
7785,1498,1496,1494,1492
7786,1501,1499,1497,1495
7787,1504,1502,1500,1498
7788,1507,1505,1503,1501
7789,1510,1508,1506,1504
7790,1513,1511,1509,1507
7791,1516,1514,1512,1510
7792,1519,1517,1515,1513
7793,1522,1520,1518,1516
7794,1525,1523,1521,1519
7795,1528,1526,1524,1522
7796,1531,1529,1527,1525
7797,1540,1532,1530,1528
7798,1543,1541,1533,1531
7799,1546,1544,1542,1534
7800,1549,1547,1545,1543
7801,1552,1550,1548,1546
7802,1555,1553,1551,1549
7803,1558,1556,1554,1552
7804,1561,1559,1557,1555
7805,1564,1562,1560,1558
7806,1567,1565,1563,1561
7807,1570,1568,1566,1564
7808,1573,1571,1569,1567
7809,1576,1574,1572,1570
7810,1579,1577,1575,1573
7811,1582,1580,1578,1576
7812,1585,1583,1581,1579
7813,1588,1586,1584,1582
7814,1591,1589,1587,1585
7815,1594,1592,1590,1588
7816,1597,1595,1593,1591
7817,1600,1598,1596,1594
7818,1603,1601,1599,1597
7819,1606,1604,1602,1600
7820,1609,1607,1605,1603
7821,1612,1610,1608,1606
7822,1615,1613,1611,1609
7823,1618,1616,1614,1612
7824,1621,1619,1617,1615
7825,1624,1622,1620,1618
7826,1627,1625,1623,1621
7827,1636,1628,1626,1624
7828,1639,1637,1629,1627
7829,1642,1640,1638,1630
7830,1645,1643,1641,1639
7831,1648,1646,1644,1642
7832,1651,1649,1647,1645
7833,1654,1652,1650,1648
7834,1657,1655,1653,1651
7835,1660,1658,1656,1654
7836,1663,1661,1659,1657
7837,1666,1664,1662,1660
7838,1669,1667,1665,1663
7839,1672,1670,1668,1666
7840,1675,1673,1671,1669
7841,1678,1676,1674,1672
7842,1681,1679,1677,1675
7843,1684,1682,1680,1678
7844,1687,1685,1683,1681
7845,1690,1688,1686,1684
7846,1693,1691,1689,1687
7847,1696,1694,1692,1690
7848,1699,1697,1695,1693
7849,1702,1700,1698,1696
7850,1705,1703,1701,1699
7851,1708,1706,1704,1702
7852,1711,1709,1707,1705
7853,1714,1712,1710,1708
7854,1717,1715,1713,1711
7855,1720,1718,1716,1714
7856,1723,1721,1719,1717
7857,1732,1724,1722,1720
7858,1735,1733,1725,1723
7859,1738,1736,1734,1726
7860,1741,1739,1737,1735
7861,1744,1742,1740,1738
7862,1747,1745,1743,1741
7863,1750,1748,1746,1744
7864,1753,1751,1749,1747
7865,1756,1754,1752,1750
7866,1759,1757,1755,1753
7867,1762,1760,1758,1756
7868,1765,1763,1761,1759
7869,1768,1766,1764,1762
7870,1771,1769,1767,1765
7871,1774,1772,1770,1768
7872,1777,1775,1773,1771
7873,1780,1778,1776,1774
7874,1783,1781,1779,1777
7875,1786,1784,1782,1780
7876,1789,1787,1785,1783
7877,1792,1790,1788,1786
7878,1795,1793,1791,1789
7879,1798,1796,1794,1792
7880,1801,1799,1797,1795
7881,1804,1802,1800,1798
7882,1807,1805,1803,1801
7883,1810,1808,1806,1804
7884,1813,1811,1809,1807
7885,1816,1814,1812,1810
7886,1819,1817,1815,1813
7887,1828,1820,1818,1816
7888,1831,1829,1821,1819
7889,1834,1832,1830,1822
7890,1837,1835,1833,1831
7891,1840,1838,1836,1834
7892,1843,1841,1839,1837
7893,1846,1844,1842,1840
7894,1849,1847,1845,1843
7895,1852,1850,1848,1846
7896,1855,1853,1851,1849
7897,1858,1856,1854,1852
7898,1861,1859,1857,1855
7899,1864,1862,1860,1858
7900,1867,1865,1863,1861
7901,1870,1868,1866,1864
7902,1873,1871,1869,1867
7903,1876,1874,1872,1870
7904,1879,1877,1875,1873
7905,1882,1880,1878,1876
7906,1885,1883,1881,1879
7907,1888,1886,1884,1882
7908,1891,1889,1887,1885
7909,1894,1892,1890,1888
7910,1897,1895,1893,1891
7911,1900,1898,1896,1894
7912,1903,1901,1899,1897
7913,1906,1904,1902,1900
7914,1909,1907,1905,1903
7915,1912,1910,1908,1906
7916,1915,1913,1911,1909
7917,1924,1916,1914,1912
7918,1927,1925,1917,1915
7919,1930,1928,1926,1918
7920,1933,1931,1929,1927
7921,1936,1934,1932,1930
7922,1939,1937,1935,1933
7923,1942,1940,1938,1936
7924,1945,1943,1941,1939
7925,1948,1946,1944,1942
7926,1951,1949,1947,1945
7927,1954,1952,1950,1948
7928,1957,1955,1953,1951
7929,1960,1958,1956,1954
7930,1963,1961,1959,1957
7931,1966,1964,1962,1960
7932,1969,1967,1965,1963
7933,1972,1970,1968,1966
7934,1975,1973,1971,1969
7935,1978,1976,1974,1972
7936,1981,1979,1977,1975
7937,1984,1982,1980,1978
7938,1987,1985,1983,1981
7939,1990,1988,1986,1984
7940,1993,1991,1989,1987
7941,1996,1994,1992,1990
7942,1999,1997,1995,1993
7943,2002,2000,1998,1996
7944,2005,2003,2001,1999
7945,2008,2006,2004,2002
7946,2011,2009,2007,2005
7947,2020,2012,2010,2008
7948,2023,2021,2013,2011
7949,2026,2024,2022,2014
7950,2029,2027,2025,2023
7951,2032,2030,2028,2026
7952,2035,2033,2031,2029
7953,2038,2036,2034,2032
7954,2041,2039,2037,2035
7955,2044,2042,2040,2038
7956,2047,2045,2043,2041
7957,2050,2048,2046,2044
7958,2053,2051,2049,2047
7959,2056,2054,2052,2050
7960,2059,2057,2055,2053
7961,2062,2060,2058,2056
7962,2065,2063,2061,2059
7963,2068,2066,2064,2062
7964,2071,2069,2067,2065
7965,2074,2072,2070,2068
7966,2077,2075,2073,2071
7967,2080,2078,2076,2074
7968,2083,2081,2079,2077
7969,2086,2084,2082,2080
7970,2089,2087,2085,2083
7971,2092,2090,2088,2086
7972,2095,2093,2091,2089
7973,2098,2096,2094,2092
7974,2101,2099,2097,2095
7975,2104,2102,2100,2098
7976,2107,2105,2103,2101
7977,2116,2108,2106,2104
7978,2119,2117,2109,2107
7979,2122,2120,2118,2110
7980,2125,2123,2121,2119
7981,2128,2126,2124,2122
7982,2131,2129,2127,2125
7983,2134,2132,2130,2128
7984,2137,2135,2133,2131
7985,2140,2138,2136,2134
7986,2143,2141,2139,2137
7987,2146,2144,2142,2140
7988,2149,2147,2145,2143
7989,2152,2150,2148,2146
7990,2155,2153,2151,2149
7991,2158,2156,2154,2152
7992,2161,2159,2157,2155
7993,2164,2162,2160,2158
7994,2167,2165,2163,2161
7995,2170,2168,2166,2164
7996,2173,2171,2169,2167
7997,2176,2174,2172,2170
7998,2179,2177,2175,2173
7999,2182,2180,2178,2176
8000,2185,2183,2181,2179
8001,2188,2186,2184,2182
8002,2191,2189,2187,2185
8003,2194,2192,2190,2188
8004,2197,2195,2193,2191
8005,2200,2198,2196,2194
8006,2203,2201,2199,2197
8007,2212,2204,2202,2200
8008,2215,2213,2205,2203
8009,2218,2216,2214,2206
8010,2221,2219,2217,2215
8011,2224,2222,2220,2218
8012,2227,2225,2223,2221
8013,2230,2228,2226,2224
8014,2233,2231,2229,2227
8015,2236,2234,2232,2230
8016,2239,2237,2235,2233
8017,2242,2240,2238,2236
8018,2245,2243,2241,2239
8019,2248,2246,2244,2242
8020,2251,2249,2247,2245
8021,2254,2252,2250,2248
8022,2257,2255,2253,2251
8023,2260,2258,2256,2254
8024,2263,2261,2259,2257
8025,2266,2264,2262,2260
8026,2269,2267,2265,2263
8027,2272,2270,2268,2266
8028,2275,2273,2271,2269
8029,2278,2276,2274,2272
8030,2281,2279,2277,2275
8031,2284,2282,2280,2278
8032,2287,2285,2283,2281
8033,2290,2288,2286,2284
8034,2293,2291,2289,2287
8035,2296,2294,2292,2290
8036,2299,2297,2295,2293
8037,2308,2300,2298,2296
8038,2311,2309,2301,2299
8039,2314,2312,2310,2302
8040,2317,2315,2313,2311
8041,2320,2318,2316,2314
8042,2323,2321,2319,2317
8043,2326,2324,2322,2320
8044,2329,2327,2325,2323
8045,2332,2330,2328,2326
8046,2335,2333,2331,2329
8047,2338,2336,2334,2332
8048,2341,2339,2337,2335
8049,2344,2342,2340,2338
8050,2347,2345,2343,2341
8051,2350,2348,2346,2344
8052,2353,2351,2349,2347
8053,2356,2354,2352,2350
8054,2359,2357,2355,2353
8055,2362,2360,2358,2356
8056,2365,2363,2361,2359
8057,2368,2366,2364,2362
8058,2371,2369,2367,2365
8059,2374,2372,2370,2368
8060,2377,2375,2373,2371
8061,2380,2378,2376,2374
8062,2383,2381,2379,2377
8063,2386,2384,2382,2380
8064,2389,2387,2385,2383
8065,2392,2390,2388,2386
8066,2395,2393,2391,2389
8067,2404,2396,2394,2392
8068,2407,2405,2397,2395
8069,2410,2408,2406,2398
8070,2413,2411,2409,2407
8071,2416,2414,2412,2410
8072,2419,2417,2415,2413
8073,2422,2420,2418,2416
8074,2425,2423,2421,2419
8075,2428,2426,2424,2422
8076,2431,2429,2427,2425
8077,2434,2432,2430,2428
8078,2437,2435,2433,2431
8079,2440,2438,2436,2434
8080,2443,2441,2439,2437
8081,2446,2444,2442,2440
8082,2449,2447,2445,2443
8083,2452,2450,2448,2446
8084,2455,2453,2451,2449
8085,2458,2456,2454,2452
8086,2461,2459,2457,2455
8087,2464,2462,2460,2458
8088,2467,2465,2463,2461
8089,2470,2468,2466,2464
8090,2473,2471,2469,2467
8091,2476,2474,2472,2470
8092,2479,2477,2475,2473
8093,2482,2480,2478,2476
8094,2485,2483,2481,2479
8095,2488,2486,2484,2482
8096,2491,2489,2487,2485
8097,2500,2492,2490,2488
8098,2503,2501,2493,2491
8099,2506,2504,2502,2494
8100,2509,2507,2505,2503
8101,2512,2510,2508,2506
8102,2515,2513,2511,2509
8103,2518,2516,2514,2512
8104,2521,2519,2517,2515
8105,2524,2522,2520,2518
8106,2527,2525,2523,2521
8107,2530,2528,2526,2524
8108,2533,2531,2529,2527
8109,2536,2534,2532,2530
8110,2539,2537,2535,2533
8111,2542,2540,2538,2536
8112,2545,2543,2541,2539
8113,2548,2546,2544,2542
8114,2551,2549,2547,2545
8115,2554,2552,2550,2548
8116,2557,2555,2553,2551
8117,2560,2558,2556,2554
8118,2563,2561,2559,2557
8119,2566,2564,2562,2560
8120,2569,2567,2565,2563
8121,2572,2570,2568,2566
8122,2575,2573,2571,2569
8123,2578,2576,2574,2572
8124,2581,2579,2577,2575
8125,2584,2582,2580,2578
8126,2587,2585,2583,2581
8127,2596,2588,2586,2584
8128,2599,2597,2589,2587
8129,2602,2600,2598,2590
8130,2605,2603,2601,2599
8131,2608,2606,2604,2602
8132,2611,2609,2607,2605
8133,2614,2612,2610,2608
8134,2617,2615,2613,2611
8135,2620,2618,2616,2614
8136,2623,2621,2619,2617
8137,2626,2624,2622,2620
8138,2629,2627,2625,2623
8139,2632,2630,2628,2626
8140,2635,2633,2631,2629
8141,2638,2636,2634,2632
8142,2641,2639,2637,2635
8143,2644,2642,2640,2638
8144,2647,2645,2643,2641
8145,2650,2648,2646,2644
8146,2653,2651,2649,2647
8147,2656,2654,2652,2650
8148,2659,2657,2655,2653
8149,2662,2660,2658,2656
8150,2665,2663,2661,2659
8151,2668,2666,2664,2662
8152,2671,2669,2667,2665
8153,2674,2672,2670,2668
8154,2677,2675,2673,2671
8155,2680,2678,2676,2674
8156,2683,2681,2679,2677
8157,2692,2684,2682,2680
8158,2695,2693,2685,2683
8159,2698,2696,2694,2686
8160,2701,2699,2697,2695
8161,2704,2702,2700,2698
8162,2707,2705,2703,2701
8163,2710,2708,2706,2704
8164,2713,2711,2709,2707
8165,2716,2714,2712,2710
8166,2719,2717,2715,2713
8167,2722,2720,2718,2716
8168,2725,2723,2721,2719
8169,2728,2726,2724,2722
8170,2731,2729,2727,2725
8171,2734,2732,2730,2728
8172,2737,2735,2733,2731
8173,2740,2738,2736,2734
8174,2743,2741,2739,2737
8175,2746,2744,2742,2740
8176,2749,2747,2745,2743
8177,2752,2750,2748,2746
8178,2755,2753,2751,2749
8179,2758,2756,2754,2752
8180,2761,2759,2757,2755
8181,2764,2762,2760,2758
8182,2767,2765,2763,2761
8183,2770,2768,2766,2764
8184,2773,2771,2769,2767
8185,2776,2774,2772,2770
8186,2779,2777,2775,2773
8187,2788,2780,2778,2776
8188,2791,2789,2781,2779
8189,2794,2792,2790,2782
8190,2797,2795,2793,2791
8191,2800,2798,2796,2794
8192,2803,2801,2799,2797
8193,2806,2804,2802,2800
8194,2809,2807,2805,2803
8195,2812,2810,2808,2806
8196,2815,2813,2811,2809
8197,2818,2816,2814,2812
8198,2821,2819,2817,2815
8199,2824,2822,2820,2818
8200,2827,2825,2823,2821
8201,2830,2828,2826,2824
8202,2833,2831,2829,2827
8203,2836,2834,2832,2830
8204,2839,2837,2835,2833
8205,2842,2840,2838,2836
8206,2845,2843,2841,2839
8207,2848,2846,2844,2842
8208,2851,2849,2847,2845
8209,2854,2852,2850,2848
8210,2857,2855,2853,2851
8211,2860,2858,2856,2854
8212,2863,2861,2859,2857
8213,2866,2864,2862,2860
8214,2869,2867,2865,2863
8215,2872,2870,2868,2866
8216,2875,2873,2871,2869
8217,-1,2876,2874,2872
8218,-1,-1,2877,2875
8219,-1,-1,-1,2878
8220,-1,-1,-1,-1
8221,-1,-1,-1,-1
8222,-1,-1,-1,-1
8223,-1,-1,-1,-1
8224,-1,-1,-1,-1
8225,-1,-1,-1,-1
8226,-1,-1,-1,-1
8227,-1,-1,-1,-1
8228,-1,-1,-1,-1
8229,-1,-1,-1,-1
8230,-1,-1,-1,-1
8231,8,-1,-1,-1
8232,11,96,-1,-1
8233,14,99,97,-1
8234,17,102,100,98
8235,20,105,103,101
8236,23,108,106,104
8237,26,111,109,107
8238,29,114,112,110
8239,32,117,115,113
8240,35,120,118,116
8241,38,123,121,119
8242,41,126,124,122
8243,44,129,127,125
8244,47,132,130,128
8245,50,135,133,131
8246,53,138,136,134
8247,56,141,139,137
8248,59,144,142,140
8249,62,147,145,143
8250,65,150,148,146
8251,68,153,151,149
8252,71,156,154,152
8253,74,159,157,155
8254,77,162,160,158
8255,80,165,163,161
8256,83,168,166,164
8257,86,171,169,167
8258,89,174,172,170
8259,92,177,175,173
8260,95,180,178,176
8261,104,183,181,179
8262,107,192,184,182
8263,110,195,193,185
8264,113,198,196,194
8265,116,201,199,197
8266,119,204,202,200
8267,122,207,205,203
8268,125,210,208,206
8269,128,213,211,209
8270,131,216,214,212
8271,134,219,217,215
8272,137,222,220,218
8273,140,225,223,221
8274,143,228,226,224
8275,146,231,229,227
8276,149,234,232,230
8277,152,237,235,233
8278,155,240,238,236
8279,158,243,241,239
8280,161,246,244,242
8281,164,249,247,245
8282,167,252,250,248
8283,170,255,253,251
8284,173,258,256,254
8285,176,261,259,257
8286,179,264,262,260
8287,182,267,265,263
8288,185,270,268,266
8289,188,273,271,269
8290,191,276,274,272
8291,200,279,277,275
8292,203,288,280,278
8293,206,291,289,281
8294,209,294,292,290
8295,212,297,295,293
8296,215,300,298,296
8297,218,303,301,299
8298,221,306,304,302
8299,224,309,307,305
8300,227,312,310,308
8301,230,315,313,311
8302,233,318,316,314
8303,236,321,319,317
8304,239,324,322,320
8305,242,327,325,323
8306,245,330,328,326
8307,248,333,331,329
8308,251,336,334,332
8309,254,339,337,335
8310,257,342,340,338
8311,260,345,343,341
8312,263,348,346,344
8313,266,351,349,347
8314,269,354,352,350
8315,272,357,355,353
8316,275,360,358,356
8317,278,363,361,359
8318,281,366,364,362
8319,284,369,367,365
8320,287,372,370,368
8321,296,375,373,371
8322,299,384,376,374
8323,302,387,385,377
8324,305,390,388,386
8325,308,393,391,389
8326,311,396,394,392
8327,314,399,397,395
8328,317,402,400,398
8329,320,405,403,401
8330,323,408,406,404
8331,326,411,409,407
8332,329,414,412,410
8333,332,417,415,413
8334,335,420,418,416
8335,338,423,421,419
8336,341,426,424,422
8337,344,429,427,425
8338,347,432,430,428
8339,350,435,433,431
8340,353,438,436,434
8341,356,441,439,437
8342,359,444,442,440
8343,362,447,445,443
8344,365,450,448,446
8345,368,453,451,449
8346,371,456,454,452
8347,374,459,457,455
8348,377,462,460,458
8349,380,465,463,461
8350,383,468,466,464
8351,392,471,469,467
8352,395,480,472,470
8353,398,483,481,473
8354,401,486,484,482
8355,404,489,487,485
8356,407,492,490,488
8357,410,495,493,491
8358,413,498,496,494
8359,416,501,499,497
8360,419,504,502,500
8361,422,507,505,503
8362,425,510,508,506
8363,428,513,511,509
8364,431,516,514,512
8365,434,519,517,515
8366,437,522,520,518
8367,440,525,523,521
8368,443,528,526,524
8369,446,531,529,527
8370,449,534,532,530
8371,452,537,535,533
8372,455,540,538,536
8373,458,543,541,539
8374,461,546,544,542
8375,464,549,547,545
8376,467,552,550,548
8377,470,555,553,551
8378,473,558,556,554
8379,476,561,559,557
8380,479,564,562,560
8381,488,567,565,563
8382,491,576,568,566
8383,494,579,577,569
8384,497,582,580,578
8385,500,585,583,581
8386,503,588,586,584
8387,506,591,589,587
8388,509,594,592,590
8389,512,597,595,593
8390,515,600,598,596
8391,518,603,601,599
8392,521,606,604,602
8393,524,609,607,605
8394,527,612,610,608
8395,530,615,613,611
8396,533,618,616,614
8397,536,621,619,617
8398,539,624,622,620
8399,542,627,625,623
8400,545,630,628,626
8401,548,633,631,629
8402,551,636,634,632
8403,554,639,637,635
8404,557,642,640,638
8405,560,645,643,641
8406,563,648,646,644
8407,566,651,649,647
8408,569,654,652,650
8409,572,657,655,653
8410,575,660,658,656
8411,584,663,661,659
8412,587,672,664,662
8413,590,675,673,665
8414,593,678,676,674
8415,596,681,679,677
8416,599,684,682,680
8417,602,687,685,683
8418,605,690,688,686
8419,608,693,691,689
8420,611,696,694,692
8421,614,699,697,695
8422,617,702,700,698
8423,620,705,703,701
8424,623,708,706,704
8425,626,711,709,707
8426,629,714,712,710
8427,632,717,715,713
8428,635,720,718,716
8429,638,723,721,719
8430,641,726,724,722
8431,644,729,727,725
8432,647,732,730,728
8433,650,735,733,731
8434,653,738,736,734
8435,656,741,739,737
8436,659,744,742,740
8437,662,747,745,743
8438,665,750,748,746
8439,668,753,751,749
8440,671,756,754,752
8441,680,759,757,755
8442,683,768,760,758
8443,686,771,769,761
8444,689,774,772,770
8445,692,777,775,773
8446,695,780,778,776
8447,698,783,781,779
8448,701,786,784,782
8449,704,789,787,785
8450,707,792,790,788
8451,710,795,793,791
8452,713,798,796,794
8453,716,801,799,797
8454,719,804,802,800
8455,722,807,805,803
8456,725,810,808,806
8457,728,813,811,809
8458,731,816,814,812
8459,734,819,817,815
8460,737,822,820,818
8461,740,825,823,821
8462,743,828,826,824
8463,746,831,829,827
8464,749,834,832,830
8465,752,837,835,833
8466,755,840,838,836
8467,758,843,841,839
8468,761,846,844,842
8469,764,849,847,845
8470,767,852,850,848
8471,776,855,853,851
8472,779,864,856,854
8473,782,867,865,857
8474,785,870,868,866
8475,788,873,871,869
8476,791,876,874,872
8477,794,879,877,875
8478,797,882,880,878
8479,800,885,883,881
8480,803,888,886,884
8481,806,891,889,887
8482,809,894,892,890
8483,812,897,895,893
8484,815,900,898,896
8485,818,903,901,899
8486,821,906,904,902
8487,824,909,907,905
8488,827,912,910,908
8489,830,915,913,911
8490,833,918,916,914
8491,836,921,919,917
8492,839,924,922,920
8493,842,927,925,923
8494,845,930,928,926
8495,848,933,931,929
8496,851,936,934,932
8497,854,939,937,935
8498,857,942,940,938
8499,860,945,943,941
8500,863,948,946,944
8501,872,951,949,947
8502,875,960,952,950
8503,878,963,961,953
8504,881,966,964,962
8505,884,969,967,965
8506,887,972,970,968
8507,890,975,973,971
8508,893,978,976,974
8509,896,981,979,977
8510,899,984,982,980
8511,902,987,985,983
8512,905,990,988,986
8513,908,993,991,989
8514,911,996,994,992
8515,914,999,997,995
8516,917,1002,1000,998
8517,920,1005,1003,1001
8518,923,1008,1006,1004
8519,926,1011,1009,1007
8520,929,1014,1012,1010
8521,932,1017,1015,1013
8522,935,1020,1018,1016
8523,938,1023,1021,1019
8524,941,1026,1024,1022
8525,944,1029,1027,1025
8526,947,1032,1030,1028
8527,950,1035,1033,1031
8528,953,1038,1036,1034
8529,956,1041,1039,1037
8530,959,1044,1042,1040
8531,968,1047,1045,1043
8532,971,1056,1048,1046
8533,974,1059,1057,1049
8534,977,1062,1060,1058
8535,980,1065,1063,1061
8536,983,1068,1066,1064
8537,986,1071,1069,1067
8538,989,1074,1072,1070
8539,992,1077,1075,1073
8540,995,1080,1078,1076
8541,998,1083,1081,1079
8542,1001,1086,1084,1082
8543,1004,1089,1087,1085
8544,1007,1092,1090,1088
8545,1010,1095,1093,1091
8546,1013,1098,1096,1094
8547,1016,1101,1099,1097
8548,1019,1104,1102,1100
8549,1022,1107,1105,1103
8550,1025,1110,1108,1106
8551,1028,1113,1111,1109
8552,1031,1116,1114,1112
8553,1034,1119,1117,1115
8554,1037,1122,1120,1118
8555,1040,1125,1123,1121
8556,1043,1128,1126,1124
8557,1046,1131,1129,1127
8558,1049,1134,1132,1130
8559,1052,1137,1135,1133
8560,1055,1140,1138,1136
8561,1064,1143,1141,1139
8562,1067,1152,1144,1142
8563,1070,1155,1153,1145
8564,1073,1158,1156,1154
8565,1076,1161,1159,1157
8566,1079,1164,1162,1160
8567,1082,1167,1165,1163
8568,1085,1170,1168,1166
8569,1088,1173,1171,1169
8570,1091,1176,1174,1172
8571,1094,1179,1177,1175
8572,1097,1182,1180,1178
8573,1100,1185,1183,1181
8574,1103,1188,1186,1184
8575,1106,1191,1189,1187
8576,1109,1194,1192,1190
8577,1112,1197,1195,1193
8578,1115,1200,1198,1196
8579,1118,1203,1201,1199
8580,1121,1206,1204,1202
8581,1124,1209,1207,1205
8582,1127,1212,1210,1208
8583,1130,1215,1213,1211
8584,1133,1218,1216,1214
8585,1136,1221,1219,1217
8586,1139,1224,1222,1220
8587,1142,1227,1225,1223
8588,1145,1230,1228,1226
8589,1148,1233,1231,1229
8590,1151,1236,1234,1232
8591,1160,1239,1237,1235
8592,1163,1248,1240,1238
8593,1166,1251,1249,1241
8594,1169,1254,1252,1250
8595,1172,1257,1255,1253
8596,1175,1260,1258,1256
8597,1178,1263,1261,1259
8598,1181,1266,1264,1262
8599,1184,1269,1267,1265
8600,1187,1272,1270,1268
8601,1190,1275,1273,1271
8602,1193,1278,1276,1274
8603,1196,1281,1279,1277
8604,1199,1284,1282,1280
8605,1202,1287,1285,1283
8606,1205,1290,1288,1286
8607,1208,1293,1291,1289
8608,1211,1296,1294,1292
8609,1214,1299,1297,1295
8610,1217,1302,1300,1298
8611,1220,1305,1303,1301
8612,1223,1308,1306,1304
8613,1226,1311,1309,1307
8614,1229,1314,1312,1310
8615,1232,1317,1315,1313
8616,1235,1320,1318,1316
8617,1238,1323,1321,1319
8618,1241,1326,1324,1322
8619,1244,1329,1327,1325
8620,1247,1332,1330,1328
8621,1256,1335,1333,1331
8622,1259,1344,1336,1334
8623,1262,1347,1345,1337
8624,1265,1350,1348,1346
8625,1268,1353,1351,1349
8626,1271,1356,1354,1352
8627,1274,1359,1357,1355
8628,1277,1362,1360,1358
8629,1280,1365,1363,1361
8630,1283,1368,1366,1364
8631,1286,1371,1369,1367
8632,1289,1374,1372,1370
8633,1292,1377,1375,1373
8634,1295,1380,1378,1376
8635,1298,1383,1381,1379
8636,1301,1386,1384,1382
8637,1304,1389,1387,1385
8638,1307,1392,1390,1388
8639,1310,1395,1393,1391
8640,1313,1398,1396,1394
8641,1316,1401,1399,1397
8642,1319,1404,1402,1400
8643,1322,1407,1405,1403
8644,1325,1410,1408,1406
8645,1328,1413,1411,1409
8646,1331,1416,1414,1412
8647,1334,1419,1417,1415
8648,1337,1422,1420,1418
8649,1340,1425,1423,1421
8650,1343,1428,1426,1424
8651,1352,1431,1429,1427
8652,1355,1440,1432,1430
8653,1358,1443,1441,1433
8654,1361,1446,1444,1442
8655,1364,1449,1447,1445
8656,1367,1452,1450,1448
8657,1370,1455,1453,1451
8658,1373,1458,1456,1454
8659,1376,1461,1459,1457
8660,1379,1464,1462,1460
8661,1382,1467,1465,1463
8662,1385,1470,1468,1466
8663,1388,1473,1471,1469
8664,1391,1476,1474,1472
8665,1394,1479,1477,1475
8666,1397,1482,1480,1478
8667,1400,1485,1483,1481
8668,1403,1488,1486,1484
8669,1406,1491,1489,1487
8670,1409,1494,1492,1490
8671,1412,1497,1495,1493
8672,1415,1500,1498,1496
8673,1418,1503,1501,1499
8674,1421,1506,1504,1502
8675,1424,1509,1507,1505
8676,1427,1512,1510,1508
8677,1430,1515,1513,1511
8678,1433,1518,1516,1514
8679,1436,1521,1519,1517
8680,1439,1524,1522,1520
8681,1448,1527,1525,1523
8682,1451,1536,1528,1526
8683,1454,1539,1537,1529
8684,1457,1542,1540,1538
8685,1460,1545,1543,1541
8686,1463,1548,1546,1544
8687,1466,1551,1549,1547
8688,1469,1554,1552,1550
8689,1472,1557,1555,1553
8690,1475,1560,1558,1556
8691,1478,1563,1561,1559
8692,1481,1566,1564,1562
8693,1484,1569,1567,1565
8694,1487,1572,1570,1568
8695,1490,1575,1573,1571
8696,1493,1578,1576,1574
8697,1496,1581,1579,1577
8698,1499,1584,1582,1580
8699,1502,1587,1585,1583
8700,1505,1590,1588,1586
8701,1508,1593,1591,1589
8702,1511,1596,1594,1592
8703,1514,1599,1597,1595
8704,1517,1602,1600,1598
8705,1520,1605,1603,1601
8706,1523,1608,1606,1604
8707,1526,1611,1609,1607
8708,1529,1614,1612,1610
8709,1532,1617,1615,1613
8710,1535,1620,1618,1616
8711,1544,1623,1621,1619
8712,1547,1632,1624,1622
8713,1550,1635,1633,1625
8714,1553,1638,1636,1634
8715,1556,1641,1639,1637
8716,1559,1644,1642,1640
8717,1562,1647,1645,1643
8718,1565,1650,1648,1646
8719,1568,1653,1651,1649
8720,1571,1656,1654,1652
8721,1574,1659,1657,1655
8722,1577,1662,1660,1658
8723,1580,1665,1663,1661
8724,1583,1668,1666,1664
8725,1586,1671,1669,1667
8726,1589,1674,1672,1670
8727,1592,1677,1675,1673
8728,1595,1680,1678,1676
8729,1598,1683,1681,1679
8730,1601,1686,1684,1682
8731,1604,1689,1687,1685
8732,1607,1692,1690,1688
8733,1610,1695,1693,1691
8734,1613,1698,1696,1694
8735,1616,1701,1699,1697
8736,1619,1704,1702,1700
8737,1622,1707,1705,1703
8738,1625,1710,1708,1706
8739,1628,1713,1711,1709
8740,1631,1716,1714,1712
8741,1640,1719,1717,1715
8742,1643,1728,1720,1718
8743,1646,1731,1729,1721
8744,1649,1734,1732,1730
8745,1652,1737,1735,1733
8746,1655,1740,1738,1736
8747,1658,1743,1741,1739
8748,1661,1746,1744,1742
8749,1664,1749,1747,1745
8750,1667,1752,1750,1748
8751,1670,1755,1753,1751
8752,1673,1758,1756,1754
8753,1676,1761,1759,1757
8754,1679,1764,1762,1760
8755,1682,1767,1765,1763
8756,1685,1770,1768,1766
8757,1688,1773,1771,1769
8758,1691,1776,1774,1772
8759,1694,1779,1777,1775
8760,1697,1782,1780,1778
8761,1700,1785,1783,1781
8762,1703,1788,1786,1784
8763,1706,1791,1789,1787
8764,1709,1794,1792,1790
8765,1712,1797,1795,1793
8766,1715,1800,1798,1796
8767,1718,1803,1801,1799
8768,1721,1806,1804,1802
8769,1724,1809,1807,1805
8770,1727,1812,1810,1808
8771,1736,1815,1813,1811
8772,1739,1824,1816,1814
8773,1742,1827,1825,1817
8774,1745,1830,1828,1826
8775,1748,1833,1831,1829
8776,1751,1836,1834,1832
8777,1754,1839,1837,1835
8778,1757,1842,1840,1838
8779,1760,1845,1843,1841
8780,1763,1848,1846,1844
8781,1766,1851,1849,1847
8782,1769,1854,1852,1850
8783,1772,1857,1855,1853
8784,1775,1860,1858,1856
8785,1778,1863,1861,1859
8786,1781,1866,1864,1862
8787,1784,1869,1867,1865
8788,1787,1872,1870,1868
8789,1790,1875,1873,1871
8790,1793,1878,1876,1874
8791,1796,1881,1879,1877
8792,1799,1884,1882,1880
8793,1802,1887,1885,1883
8794,1805,1890,1888,1886
8795,1808,1893,1891,1889
8796,1811,1896,1894,1892
8797,1814,1899,1897,1895
8798,1817,1902,1900,1898
8799,1820,1905,1903,1901
8800,1823,1908,1906,1904
8801,1832,1911,1909,1907
8802,1835,1920,1912,1910
8803,1838,1923,1921,1913
8804,1841,1926,1924,1922
8805,1844,1929,1927,1925
8806,1847,1932,1930,1928
8807,1850,1935,1933,1931
8808,1853,1938,1936,1934
8809,1856,1941,1939,1937
8810,1859,1944,1942,1940
8811,1862,1947,1945,1943
8812,1865,1950,1948,1946
8813,1868,1953,1951,1949
8814,1871,1956,1954,1952
8815,1874,1959,1957,1955
8816,1877,1962,1960,1958
8817,1880,1965,1963,1961
8818,1883,1968,1966,1964
8819,1886,1971,1969,1967
8820,1889,1974,1972,1970
8821,1892,1977,1975,1973
8822,1895,1980,1978,1976
8823,1898,1983,1981,1979
8824,1901,1986,1984,1982
8825,1904,1989,1987,1985
8826,1907,1992,1990,1988
8827,1910,1995,1993,1991
8828,1913,1998,1996,1994
8829,1916,2001,1999,1997
8830,1919,2004,2002,2000
8831,1928,2007,2005,2003
8832,1931,2016,2008,2006
8833,1934,2019,2017,2009
8834,1937,2022,2020,2018
8835,1940,2025,2023,2021
8836,1943,2028,2026,2024
8837,1946,2031,2029,2027
8838,1949,2034,2032,2030
8839,1952,2037,2035,2033
8840,1955,2040,2038,2036
8841,1958,2043,2041,2039
8842,1961,2046,2044,2042
8843,1964,2049,2047,2045
8844,1967,2052,2050,2048
8845,1970,2055,2053,2051
8846,1973,2058,2056,2054
8847,1976,2061,2059,2057
8848,1979,2064,2062,2060
8849,1982,2067,2065,2063
8850,1985,2070,2068,2066
8851,1988,2073,2071,2069
8852,1991,2076,2074,2072
8853,1994,2079,2077,2075
8854,1997,2082,2080,2078
8855,2000,2085,2083,2081
8856,2003,2088,2086,2084
8857,2006,2091,2089,2087
8858,2009,2094,2092,2090
8859,2012,2097,2095,2093
8860,2015,2100,2098,2096
8861,2024,2103,2101,2099
8862,2027,2112,2104,2102
8863,2030,2115,2113,2105
8864,2033,2118,2116,2114
8865,2036,2121,2119,2117
8866,2039,2124,2122,2120
8867,2042,2127,2125,2123
8868,2045,2130,2128,2126
8869,2048,2133,2131,2129
8870,2051,2136,2134,2132
8871,2054,2139,2137,2135
8872,2057,2142,2140,2138
8873,2060,2145,2143,2141
8874,2063,2148,2146,2144
8875,2066,2151,2149,2147
8876,2069,2154,2152,2150
8877,2072,2157,2155,2153
8878,2075,2160,2158,2156
8879,2078,2163,2161,2159
8880,2081,2166,2164,2162
8881,2084,2169,2167,2165
8882,2087,2172,2170,2168
8883,2090,2175,2173,2171
8884,2093,2178,2176,2174
8885,2096,2181,2179,2177
8886,2099,2184,2182,2180
8887,2102,2187,2185,2183
8888,2105,2190,2188,2186
8889,2108,2193,2191,2189
8890,2111,2196,2194,2192
8891,2120,2199,2197,2195
8892,2123,2208,2200,2198
8893,2126,2211,2209,2201
8894,2129,2214,2212,2210
8895,2132,2217,2215,2213
8896,2135,2220,2218,2216
8897,2138,2223,2221,2219
8898,2141,2226,2224,2222
8899,2144,2229,2227,2225
8900,2147,2232,2230,2228
8901,2150,2235,2233,2231
8902,2153,2238,2236,2234
8903,2156,2241,2239,2237
8904,2159,2244,2242,2240
8905,2162,2247,2245,2243
8906,2165,2250,2248,2246
8907,2168,2253,2251,2249
8908,2171,2256,2254,2252
8909,2174,2259,2257,2255
8910,2177,2262,2260,2258
8911,2180,2265,2263,2261
8912,2183,2268,2266,2264
8913,2186,2271,2269,2267
8914,2189,2274,2272,2270
8915,2192,2277,2275,2273
8916,2195,2280,2278,2276
8917,2198,2283,2281,2279
8918,2201,2286,2284,2282
8919,2204,2289,2287,2285
8920,2207,2292,2290,2288
8921,2216,2295,2293,2291
8922,2219,2304,2296,2294
8923,2222,2307,2305,2297
8924,2225,2310,2308,2306
8925,2228,2313,2311,2309
8926,2231,2316,2314,2312
8927,2234,2319,2317,2315
8928,2237,2322,2320,2318
8929,2240,2325,2323,2321
8930,2243,2328,2326,2324
8931,2246,2331,2329,2327
8932,2249,2334,2332,2330
8933,2252,2337,2335,2333
8934,2255,2340,2338,2336
8935,2258,2343,2341,2339
8936,2261,2346,2344,2342
8937,2264,2349,2347,2345
8938,2267,2352,2350,2348
8939,2270,2355,2353,2351
8940,2273,2358,2356,2354
8941,2276,2361,2359,2357
8942,2279,2364,2362,2360
8943,2282,2367,2365,2363
8944,2285,2370,2368,2366
8945,2288,2373,2371,2369
8946,2291,2376,2374,2372
8947,2294,2379,2377,2375
8948,2297,2382,2380,2378
8949,2300,2385,2383,2381
8950,2303,2388,2386,2384
8951,2312,2391,2389,2387
8952,2315,2400,2392,2390
8953,2318,2403,2401,2393
8954,2321,2406,2404,2402
8955,2324,2409,2407,2405
8956,2327,2412,2410,2408
8957,2330,2415,2413,2411
8958,2333,2418,2416,2414
8959,2336,2421,2419,2417
8960,2339,2424,2422,2420
8961,2342,2427,2425,2423
8962,2345,2430,2428,2426
8963,2348,2433,2431,2429
8964,2351,2436,2434,2432
8965,2354,2439,2437,2435
8966,2357,2442,2440,2438
8967,2360,2445,2443,2441
8968,2363,2448,2446,2444
8969,2366,2451,2449,2447
8970,2369,2454,2452,2450
8971,2372,2457,2455,2453
8972,2375,2460,2458,2456
8973,2378,2463,2461,2459
8974,2381,2466,2464,2462
8975,2384,2469,2467,2465
8976,2387,2472,2470,2468
8977,2390,2475,2473,2471
8978,2393,2478,2476,2474
8979,2396,2481,2479,2477
8980,2399,2484,2482,2480
8981,2408,2487,2485,2483
8982,2411,2496,2488,2486
8983,2414,2499,2497,2489
8984,2417,2502,2500,2498
8985,2420,2505,2503,2501
8986,2423,2508,2506,2504
8987,2426,2511,2509,2507
8988,2429,2514,2512,2510
8989,2432,2517,2515,2513
8990,2435,2520,2518,2516
8991,2438,2523,2521,2519
8992,2441,2526,2524,2522
8993,2444,2529,2527,2525
8994,2447,2532,2530,2528
8995,2450,2535,2533,2531
8996,2453,2538,2536,2534
8997,2456,2541,2539,2537
8998,2459,2544,2542,2540
8999,2462,2547,2545,2543
9000,2465,2550,2548,2546
9001,2468,2553,2551,2549
9002,2471,2556,2554,2552
9003,2474,2559,2557,2555
9004,2477,2562,2560,2558
9005,2480,2565,2563,2561
9006,2483,2568,2566,2564
9007,2486,2571,2569,2567
9008,2489,2574,2572,2570
9009,2492,2577,2575,2573
9010,2495,2580,2578,2576
9011,2504,2583,2581,2579
9012,2507,2592,2584,2582
9013,2510,2595,2593,2585
9014,2513,2598,2596,2594
9015,2516,2601,2599,2597
9016,2519,2604,2602,2600
9017,2522,2607,2605,2603
9018,2525,2610,2608,2606
9019,2528,2613,2611,2609
9020,2531,2616,2614,2612
9021,2534,2619,2617,2615
9022,2537,2622,2620,2618
9023,2540,2625,2623,2621
9024,2543,2628,2626,2624
9025,2546,2631,2629,2627
9026,2549,2634,2632,2630
9027,2552,2637,2635,2633
9028,2555,2640,2638,2636
9029,2558,2643,2641,2639
9030,2561,2646,2644,2642
9031,2564,2649,2647,2645
9032,2567,2652,2650,2648
9033,2570,2655,2653,2651
9034,2573,2658,2656,2654
9035,2576,2661,2659,2657
9036,2579,2664,2662,2660
9037,2582,2667,2665,2663
9038,2585,2670,2668,2666
9039,2588,2673,2671,2669
9040,2591,2676,2674,2672
9041,2600,2679,2677,2675
9042,2603,2688,2680,2678
9043,2606,2691,2689,2681
9044,2609,2694,2692,2690
9045,2612,2697,2695,2693
9046,2615,2700,2698,2696
9047,2618,2703,2701,2699
9048,2621,2706,2704,2702
9049,2624,2709,2707,2705
9050,2627,2712,2710,2708
9051,2630,2715,2713,2711
9052,2633,2718,2716,2714
9053,2636,2721,2719,2717
9054,2639,2724,2722,2720
9055,2642,2727,2725,2723
9056,2645,2730,2728,2726
9057,2648,2733,2731,2729
9058,2651,2736,2734,2732
9059,2654,2739,2737,2735
9060,2657,2742,2740,2738
9061,2660,2745,2743,2741
9062,2663,2748,2746,2744
9063,2666,2751,2749,2747
9064,2669,2754,2752,2750
9065,2672,2757,2755,2753
9066,2675,2760,2758,2756
9067,2678,2763,2761,2759
9068,2681,2766,2764,2762
9069,2684,2769,2767,2765
9070,2687,2772,2770,2768
9071,2696,2775,2773,2771
9072,2699,2784,2776,2774
9073,2702,2787,2785,2777
9074,2705,2790,2788,2786
9075,2708,2793,2791,2789
9076,2711,2796,2794,2792
9077,2714,2799,2797,2795
9078,2717,2802,2800,2798
9079,2720,2805,2803,2801
9080,2723,2808,2806,2804
9081,2726,2811,2809,2807
9082,2729,2814,2812,2810
9083,2732,2817,2815,2813
9084,2735,2820,2818,2816
9085,2738,2823,2821,2819
9086,2741,2826,2824,2822
9087,2744,2829,2827,2825
9088,2747,2832,2830,2828
9089,2750,2835,2833,2831
9090,2753,2838,2836,2834
9091,2756,2841,2839,2837
9092,2759,2844,2842,2840
9093,2762,2847,2845,2843
9094,2765,2850,2848,2846
9095,2768,2853,2851,2849
9096,2771,2856,2854,2852
9097,2774,2859,2857,2855
9098,2777,2862,2860,2858
9099,2780,2865,2863,2861
9100,2783,2868,2866,2864
9101,2792,2871,2869,2867
9102,2795,2880,2872,2870
9103,2798,2883,2881,2873
9104,2801,2886,2884,2882
9105,2804,2889,2887,2885
9106,2807,2892,2890,2888
9107,2810,2895,2893,2891
9108,2813,2898,2896,2894
9109,2816,2901,2899,2897
9110,2819,2904,2902,2900
9111,2822,2907,2905,2903
9112,2825,2910,2908,2906
9113,2828,2913,2911,2909
9114,2831,2916,2914,2912
9115,2834,2919,2917,2915
9116,2837,2922,2920,2918
9117,2840,2925,2923,2921
9118,2843,2928,2926,2924
9119,2846,2931,2929,2927
9120,2849,2934,2932,2930
9121,2852,2937,2935,2933
9122,2855,2940,2938,2936
9123,2858,2943,2941,2939
9124,2861,2946,2944,2942
9125,2864,2949,2947,2945
9126,2867,2952,2950,2948
9127,2870,2955,2953,2951
9128,2873,2958,2956,2954
9129,2876,2961,2959,2957
9130,2879,2964,2962,2960
9131,-1,2967,2965,2963
9132,-1,-1,2968,2966
9133,-1,-1,-1,2969
9134,-1,-1,-1,-1
9135,-1,-1,-1,-1
9136,-1,-1,-1,-1
9137,-1,-1,-1,-1
9138,-1,-1,-1,-1
9139,-1,-1,-1,-1
9140,-1,-1,-1,-1
9141,-1,-1,-1,-1
9142,-1,-1,-1,-1
9143,-1,-1,-1,-1
9144,-1,-1,-1,-1
9145,99,-1,-1,-1
9146,102,100,-1,-1
9147,105,103,101,-1
9148,108,106,104,102
9149,111,109,107,105
9150,114,112,110,108
9151,117,115,113,111
9152,120,118,116,114
9153,123,121,119,117
9154,126,124,122,120
9155,129,127,125,123
9156,132,130,128,126
9157,135,133,131,129
9158,138,136,134,132
9159,141,139,137,135
9160,144,142,140,138
9161,147,145,143,141
9162,150,148,146,144
9163,153,151,149,147
9164,156,154,152,150
9165,159,157,155,153
9166,162,160,158,156
9167,165,163,161,159
9168,168,166,164,162
9169,171,169,167,165
9170,174,172,170,168
9171,177,175,173,171
9172,180,178,176,174
9173,183,181,179,177
9174,186,184,182,180
9175,195,187,185,183
9176,198,196,188,186
9177,201,199,197,189
9178,204,202,200,198
9179,207,205,203,201
9180,210,208,206,204
9181,213,211,209,207
9182,216,214,212,210
9183,219,217,215,213
9184,222,220,218,216
9185,225,223,221,219
9186,228,226,224,222
9187,231,229,227,225
9188,234,232,230,228
9189,237,235,233,231
9190,240,238,236,234
9191,243,241,239,237
9192,246,244,242,240
9193,249,247,245,243
9194,252,250,248,246
9195,255,253,251,249
9196,258,256,254,252
9197,261,259,257,255
9198,264,262,260,258
9199,267,265,263,261
9200,270,268,266,264
9201,273,271,269,267
9202,276,274,272,270
9203,279,277,275,273
9204,282,280,278,276
9205,291,283,281,279
9206,294,292,284,282
9207,297,295,293,285
9208,300,298,296,294
9209,303,301,299,297
9210,306,304,302,300
9211,309,307,305,303
9212,312,310,308,306
9213,315,313,311,309
9214,318,316,314,312
9215,321,319,317,315
9216,324,322,320,318
9217,327,325,323,321
9218,330,328,326,324
9219,333,331,329,327
9220,336,334,332,330
9221,339,337,335,333
9222,342,340,338,336
9223,345,343,341,339
9224,348,346,344,342
9225,351,349,347,345
9226,354,352,350,348
9227,357,355,353,351
9228,360,358,356,354
9229,363,361,359,357
9230,366,364,362,360
9231,369,367,365,363
9232,372,370,368,366
9233,375,373,371,369
9234,378,376,374,372
9235,387,379,377,375
9236,390,388,380,378
9237,393,391,389,381
9238,396,394,392,390
9239,399,397,395,393
9240,402,400,398,396
9241,405,403,401,399
9242,408,406,404,402
9243,411,409,407,405
9244,414,412,410,408
9245,417,415,413,411
9246,420,418,416,414
9247,423,421,419,417
9248,426,424,422,420
9249,429,427,425,423
9250,432,430,428,426
9251,435,433,431,429
9252,438,436,434,432
9253,441,439,437,435
9254,444,442,440,438
9255,447,445,443,441
9256,450,448,446,444
9257,453,451,449,447
9258,456,454,452,450
9259,459,457,455,453
9260,462,460,458,456
9261,465,463,461,459
9262,468,466,464,462
9263,471,469,467,465
9264,474,472,470,468
9265,483,475,473,471
9266,486,484,476,474
9267,489,487,485,477
9268,492,490,488,486
9269,495,493,491,489
9270,498,496,494,492
9271,501,499,497,495
9272,504,502,500,498
9273,507,505,503,501
9274,510,508,506,504
9275,513,511,509,507
9276,516,514,512,510
9277,519,517,515,513
9278,522,520,518,516
9279,525,523,521,519
9280,528,526,524,522
9281,531,529,527,525
9282,534,532,530,528
9283,537,535,533,531
9284,540,538,536,534
9285,543,541,539,537
9286,546,544,542,540
9287,549,547,545,543
9288,552,550,548,546
9289,555,553,551,549
9290,558,556,554,552
9291,561,559,557,555
9292,564,562,560,558
9293,567,565,563,561
9294,570,568,566,564
9295,579,571,569,567
9296,582,580,572,570
9297,585,583,581,573
9298,588,586,584,582
9299,591,589,587,585
9300,594,592,590,588
9301,597,595,593,591
9302,600,598,596,594
9303,603,601,599,597
9304,606,604,602,600
9305,609,607,605,603
9306,612,610,608,606
9307,615,613,611,609
9308,618,616,614,612
9309,621,619,617,615
9310,624,622,620,618
9311,627,625,623,621
9312,630,628,626,624
9313,633,631,629,627
9314,636,634,632,630
9315,639,637,635,633
9316,642,640,638,636
9317,645,643,641,639
9318,648,646,644,642
9319,651,649,647,645
9320,654,652,650,648
9321,657,655,653,651
9322,660,658,656,654
9323,663,661,659,657
9324,666,664,662,660
9325,675,667,665,663
9326,678,676,668,666
9327,681,679,677,669
9328,684,682,680,678
9329,687,685,683,681
9330,690,688,686,684
9331,693,691,689,687
9332,696,694,692,690
9333,699,697,695,693
9334,702,700,698,696
9335,705,703,701,699
9336,708,706,704,702
9337,711,709,707,705
9338,714,712,710,708
9339,717,715,713,711
9340,720,718,716,714
9341,723,721,719,717
9342,726,724,722,720
9343,729,727,725,723
9344,732,730,728,726
9345,735,733,731,729
9346,738,736,734,732
9347,741,739,737,735
9348,744,742,740,738
9349,747,745,743,741
9350,750,748,746,744
9351,753,751,749,747
9352,756,754,752,750
9353,759,757,755,753
9354,762,760,758,756
9355,771,763,761,759
9356,774,772,764,762
9357,777,775,773,765
9358,780,778,776,774
9359,783,781,779,777
9360,786,784,782,780
9361,789,787,785,783
9362,792,790,788,786
9363,795,793,791,789
9364,798,796,794,792
9365,801,799,797,795
9366,804,802,800,798
9367,807,805,803,801
9368,810,808,806,804
9369,813,811,809,807
9370,816,814,812,810
9371,819,817,815,813
9372,822,820,818,816
9373,825,823,821,819
9374,828,826,824,822
9375,831,829,827,825
9376,834,832,830,828
9377,837,835,833,831
9378,840,838,836,834
9379,843,841,839,837
9380,846,844,842,840
9381,849,847,845,843
9382,852,850,848,846
9383,855,853,851,849
9384,858,856,854,852
9385,867,859,857,855
9386,870,868,860,858
9387,873,871,869,861
9388,876,874,872,870
9389,879,877,875,873
9390,882,880,878,876
9391,885,883,881,879
9392,888,886,884,882
9393,891,889,887,885
9394,894,892,890,888
9395,897,895,893,891
9396,900,898,896,894
9397,903,901,899,897
9398,906,904,902,900
9399,909,907,905,903
9400,912,910,908,906
9401,915,913,911,909
9402,918,916,914,912
9403,921,919,917,915
9404,924,922,920,918
9405,927,925,923,921
9406,930,928,926,924
9407,933,931,929,927
9408,936,934,932,930
9409,939,937,935,933
9410,942,940,938,936
9411,945,943,941,939
9412,948,946,944,942
9413,951,949,947,945
9414,954,952,950,948
9415,963,955,953,951
9416,966,964,956,954
9417,969,967,965,957
9418,972,970,968,966
9419,975,973,971,969
9420,978,976,974,972
9421,981,979,977,975
9422,984,982,980,978
9423,987,985,983,981
9424,990,988,986,984
9425,993,991,989,987
9426,996,994,992,990
9427,999,997,995,993
9428,1002,1000,998,996
9429,1005,1003,1001,999
9430,1008,1006,1004,1002
9431,1011,1009,1007,1005
9432,1014,1012,1010,1008
9433,1017,1015,1013,1011
9434,1020,1018,1016,1014
9435,1023,1021,1019,1017
9436,1026,1024,1022,1020
9437,1029,1027,1025,1023
9438,1032,1030,1028,1026
9439,1035,1033,1031,1029
9440,1038,1036,1034,1032
9441,1041,1039,1037,1035
9442,1044,1042,1040,1038
9443,1047,1045,1043,1041
9444,1050,1048,1046,1044
9445,1059,1051,1049,1047
9446,1062,1060,1052,1050
9447,1065,1063,1061,1053
9448,1068,1066,1064,1062
9449,1071,1069,1067,1065
9450,1074,1072,1070,1068
9451,1077,1075,1073,1071
9452,1080,1078,1076,1074
9453,1083,1081,1079,1077
9454,1086,1084,1082,1080
9455,1089,1087,1085,1083
9456,1092,1090,1088,1086
9457,1095,1093,1091,1089
9458,1098,1096,1094,1092
9459,1101,1099,1097,1095
9460,1104,1102,1100,1098
9461,1107,1105,1103,1101
9462,1110,1108,1106,1104
9463,1113,1111,1109,1107
9464,1116,1114,1112,1110
9465,1119,1117,1115,1113
9466,1122,1120,1118,1116
9467,1125,1123,1121,1119
9468,1128,1126,1124,1122
9469,1131,1129,1127,1125
9470,1134,1132,1130,1128
9471,1137,1135,1133,1131
9472,1140,1138,1136,1134
9473,1143,1141,1139,1137
9474,1146,1144,1142,1140
9475,1155,1147,1145,1143
9476,1158,1156,1148,1146
9477,1161,1159,1157,1149
9478,1164,1162,1160,1158
9479,1167,1165,1163,1161
9480,1170,1168,1166,1164
9481,1173,1171,1169,1167
9482,1176,1174,1172,1170
9483,1179,1177,1175,1173
9484,1182,1180,1178,1176
9485,1185,1183,1181,1179
9486,1188,1186,1184,1182
9487,1191,1189,1187,1185
9488,1194,1192,1190,1188
9489,1197,1195,1193,1191
9490,1200,1198,1196,1194
9491,1203,1201,1199,1197
9492,1206,1204,1202,1200
9493,1209,1207,1205,1203
9494,1212,1210,1208,1206
9495,1215,1213,1211,1209
9496,1218,1216,1214,1212
9497,1221,1219,1217,1215
9498,1224,1222,1220,1218
9499,1227,1225,1223,1221
9500,1230,1228,1226,1224
9501,1233,1231,1229,1227
9502,1236,1234,1232,1230
9503,1239,1237,1235,1233
9504,1242,1240,1238,1236
9505,1251,1243,1241,1239
9506,1254,1252,1244,1242
9507,1257,1255,1253,1245
9508,1260,1258,1256,1254
9509,1263,1261,1259,1257
9510,1266,1264,1262,1260
9511,1269,1267,1265,1263
9512,1272,1270,1268,1266
9513,1275,1273,1271,1269
9514,1278,1276,1274,1272
9515,1281,1279,1277,1275
9516,1284,1282,1280,1278
9517,1287,1285,1283,1281
9518,1290,1288,1286,1284
9519,1293,1291,1289,1287
9520,1296,1294,1292,1290
9521,1299,1297,1295,1293
9522,1302,1300,1298,1296
9523,1305,1303,1301,1299
9524,1308,1306,1304,1302
9525,1311,1309,1307,1305
9526,1314,1312,1310,1308
9527,1317,1315,1313,1311
9528,1320,1318,1316,1314
9529,1323,1321,1319,1317
9530,1326,1324,1322,1320
9531,1329,1327,1325,1323
9532,1332,1330,1328,1326
9533,1335,1333,1331,1329
9534,1338,1336,1334,1332
9535,1347,1339,1337,1335
9536,1350,1348,1340,1338
9537,1353,1351,1349,1341
9538,1356,1354,1352,1350
9539,1359,1357,1355,1353
9540,1362,1360,1358,1356
9541,1365,1363,1361,1359
9542,1368,1366,1364,1362
9543,1371,1369,1367,1365
9544,1374,1372,1370,1368
9545,1377,1375,1373,1371
9546,1380,1378,1376,1374
9547,1383,1381,1379,1377
9548,1386,1384,1382,1380
9549,1389,1387,1385,1383
9550,1392,1390,1388,1386
9551,1395,1393,1391,1389
9552,1398,1396,1394,1392
9553,1401,1399,1397,1395
9554,1404,1402,1400,1398
9555,1407,1405,1403,1401
9556,1410,1408,1406,1404
9557,1413,1411,1409,1407
9558,1416,1414,1412,1410
9559,1419,1417,1415,1413
9560,1422,1420,1418,1416
9561,1425,1423,1421,1419
9562,1428,1426,1424,1422
9563,1431,1429,1427,1425
9564,1434,1432,1430,1428
9565,1443,1435,1433,1431
9566,1446,1444,1436,1434
9567,1449,1447,1445,1437
9568,1452,1450,1448,1446
9569,1455,1453,1451,1449
9570,1458,1456,1454,1452
9571,1461,1459,1457,1455
9572,1464,1462,1460,1458
9573,1467,1465,1463,1461
9574,1470,1468,1466,1464
9575,1473,1471,1469,1467
9576,1476,1474,1472,1470
9577,1479,1477,1475,1473
9578,1482,1480,1478,1476
9579,1485,1483,1481,1479
9580,1488,1486,1484,1482
9581,1491,1489,1487,1485
9582,1494,1492,1490,1488
9583,1497,1495,1493,1491
9584,1500,1498,1496,1494
9585,1503,1501,1499,1497
9586,1506,1504,1502,1500
9587,1509,1507,1505,1503
9588,1512,1510,1508,1506
9589,1515,1513,1511,1509
9590,1518,1516,1514,1512
9591,1521,1519,1517,1515
9592,1524,1522,1520,1518
9593,1527,1525,1523,1521
9594,1530,1528,1526,1524
9595,1539,1531,1529,1527
9596,1542,1540,1532,1530
9597,1545,1543,1541,1533
9598,1548,1546,1544,1542
9599,1551,1549,1547,1545
9600,1554,1552,1550,1548
9601,1557,1555,1553,1551
9602,1560,1558,1556,1554
9603,1563,1561,1559,1557
9604,1566,1564,1562,1560
9605,1569,1567,1565,1563
9606,1572,1570,1568,1566
9607,1575,1573,1571,1569
9608,1578,1576,1574,1572
9609,1581,1579,1577,1575
9610,1584,1582,1580,1578
9611,1587,1585,1583,1581
9612,1590,1588,1586,1584
9613,1593,1591,1589,1587
9614,1596,1594,1592,1590
9615,1599,1597,1595,1593
9616,1602,1600,1598,1596
9617,1605,1603,1601,1599
9618,1608,1606,1604,1602
9619,1611,1609,1607,1605
9620,1614,1612,1610,1608
9621,1617,1615,1613,1611
9622,1620,1618,1616,1614
9623,1623,1621,1619,1617
9624,1626,1624,1622,1620
9625,1635,1627,1625,1623
9626,1638,1636,1628,1626
9627,1641,1639,1637,1629
9628,1644,1642,1640,1638
9629,1647,1645,1643,1641
9630,1650,1648,1646,1644
9631,1653,1651,1649,1647
9632,1656,1654,1652,1650
9633,1659,1657,1655,1653
9634,1662,1660,1658,1656
9635,1665,1663,1661,1659
9636,1668,1666,1664,1662
9637,1671,1669,1667,1665
9638,1674,1672,1670,1668
9639,1677,1675,1673,1671
9640,1680,1678,1676,1674
9641,1683,1681,1679,1677
9642,1686,1684,1682,1680
9643,1689,1687,1685,1683
9644,1692,1690,1688,1686
9645,1695,1693,1691,1689
9646,1698,1696,1694,1692
9647,1701,1699,1697,1695
9648,1704,1702,1700,1698
9649,1707,1705,1703,1701
9650,1710,1708,1706,1704
9651,1713,1711,1709,1707
9652,1716,1714,1712,1710
9653,1719,1717,1715,1713
9654,1722,1720,1718,1716
9655,1731,1723,1721,1719
9656,1734,1732,1724,1722
9657,1737,1735,1733,1725
9658,1740,1738,1736,1734
9659,1743,1741,1739,1737
9660,1746,1744,1742,1740
9661,1749,1747,1745,1743
9662,1752,1750,1748,1746
9663,1755,1753,1751,1749
9664,1758,1756,1754,1752
9665,1761,1759,1757,1755
9666,1764,1762,1760,1758
9667,1767,1765,1763,1761
9668,1770,1768,1766,1764
9669,1773,1771,1769,1767
9670,1776,1774,1772,1770
9671,1779,1777,1775,1773
9672,1782,1780,1778,1776
9673,1785,1783,1781,1779
9674,1788,1786,1784,1782
9675,1791,1789,1787,1785
9676,1794,1792,1790,1788
9677,1797,1795,1793,1791
9678,1800,1798,1796,1794
9679,1803,1801,1799,1797
9680,1806,1804,1802,1800
9681,1809,1807,1805,1803
9682,1812,1810,1808,1806
9683,1815,1813,1811,1809
9684,1818,1816,1814,1812
9685,1827,1819,1817,1815
9686,1830,1828,1820,1818
9687,1833,1831,1829,1821
9688,1836,1834,1832,1830
9689,1839,1837,1835,1833
9690,1842,1840,1838,1836
9691,1845,1843,1841,1839
9692,1848,1846,1844,1842
9693,1851,1849,1847,1845
9694,1854,1852,1850,1848
9695,1857,1855,1853,1851
9696,1860,1858,1856,1854
9697,1863,1861,1859,1857
9698,1866,1864,1862,1860
9699,1869,1867,1865,1863
9700,1872,1870,1868,1866
9701,1875,1873,1871,1869
9702,1878,1876,1874,1872
9703,1881,1879,1877,1875
9704,1884,1882,1880,1878
9705,1887,1885,1883,1881
9706,1890,1888,1886,1884
9707,1893,1891,1889,1887
9708,1896,1894,1892,1890
9709,1899,1897,1895,1893
9710,1902,1900,1898,1896
9711,1905,1903,1901,1899
9712,1908,1906,1904,1902
9713,1911,1909,1907,1905
9714,1914,1912,1910,1908
9715,1923,1915,1913,1911
9716,1926,1924,1916,1914
9717,1929,1927,1925,1917
9718,1932,1930,1928,1926
9719,1935,1933,1931,1929
9720,1938,1936,1934,1932
9721,1941,1939,1937,1935
9722,1944,1942,1940,1938
9723,1947,1945,1943,1941
9724,1950,1948,1946,1944
9725,1953,1951,1949,1947
9726,1956,1954,1952,1950
9727,1959,1957,1955,1953
9728,1962,1960,1958,1956
9729,1965,1963,1961,1959
9730,1968,1966,1964,1962
9731,1971,1969,1967,1965
9732,1974,1972,1970,1968
9733,1977,1975,1973,1971
9734,1980,1978,1976,1974
9735,1983,1981,1979,1977
9736,1986,1984,1982,1980
9737,1989,1987,1985,1983
9738,1992,1990,1988,1986
9739,1995,1993,1991,1989
9740,1998,1996,1994,1992
9741,2001,1999,1997,1995
9742,2004,2002,2000,1998
9743,2007,2005,2003,2001
9744,2010,2008,2006,2004
9745,2019,2011,2009,2007
9746,2022,2020,2012,2010
9747,2025,2023,2021,2013
9748,2028,2026,2024,2022
9749,2031,2029,2027,2025
9750,2034,2032,2030,2028
9751,2037,2035,2033,2031
9752,2040,2038,2036,2034
9753,2043,2041,2039,2037
9754,2046,2044,2042,2040
9755,2049,2047,2045,2043
9756,2052,2050,2048,2046
9757,2055,2053,2051,2049
9758,2058,2056,2054,2052
9759,2061,2059,2057,2055
9760,2064,2062,2060,2058
9761,2067,2065,2063,2061
9762,2070,2068,2066,2064
9763,2073,2071,2069,2067
9764,2076,2074,2072,2070
9765,2079,2077,2075,2073
9766,2082,2080,2078,2076
9767,2085,2083,2081,2079
9768,2088,2086,2084,2082
9769,2091,2089,2087,2085
9770,2094,2092,2090,2088
9771,2097,2095,2093,2091
9772,2100,2098,2096,2094
9773,2103,2101,2099,2097
9774,2106,2104,2102,2100
9775,2115,2107,2105,2103
9776,2118,2116,2108,2106
9777,2121,2119,2117,2109
9778,2124,2122,2120,2118
9779,2127,2125,2123,2121
9780,2130,2128,2126,2124
9781,2133,2131,2129,2127
9782,2136,2134,2132,2130
9783,2139,2137,2135,2133
9784,2142,2140,2138,2136
9785,2145,2143,2141,2139
9786,2148,2146,2144,2142
9787,2151,2149,2147,2145
9788,2154,2152,2150,2148
9789,2157,2155,2153,2151
9790,2160,2158,2156,2154
9791,2163,2161,2159,2157
9792,2166,2164,2162,2160
9793,2169,2167,2165,2163
9794,2172,2170,2168,2166
9795,2175,2173,2171,2169
9796,2178,2176,2174,2172
9797,2181,2179,2177,2175
9798,2184,2182,2180,2178
9799,2187,2185,2183,2181
9800,2190,2188,2186,2184
9801,2193,2191,2189,2187
9802,2196,2194,2192,2190
9803,2199,2197,2195,2193
9804,2202,2200,2198,2196
9805,2211,2203,2201,2199
9806,2214,2212,2204,2202
9807,2217,2215,2213,2205
9808,2220,2218,2216,2214
9809,2223,2221,2219,2217
9810,2226,2224,2222,2220
9811,2229,2227,2225,2223
9812,2232,2230,2228,2226
9813,2235,2233,2231,2229
9814,2238,2236,2234,2232
9815,2241,2239,2237,2235
9816,2244,2242,2240,2238
9817,2247,2245,2243,2241
9818,2250,2248,2246,2244
9819,2253,2251,2249,2247
9820,2256,2254,2252,2250
9821,2259,2257,2255,2253
9822,2262,2260,2258,2256
9823,2265,2263,2261,2259
9824,2268,2266,2264,2262
9825,2271,2269,2267,2265
9826,2274,2272,2270,2268
9827,2277,2275,2273,2271
9828,2280,2278,2276,2274
9829,2283,2281,2279,2277
9830,2286,2284,2282,2280
9831,2289,2287,2285,2283
9832,2292,2290,2288,2286
9833,2295,2293,2291,2289
9834,2298,2296,2294,2292
9835,2307,2299,2297,2295
9836,2310,2308,2300,2298
9837,2313,2311,2309,2301
9838,2316,2314,2312,2310
9839,2319,2317,2315,2313
9840,2322,2320,2318,2316
9841,2325,2323,2321,2319
9842,2328,2326,2324,2322
9843,2331,2329,2327,2325
9844,2334,2332,2330,2328
9845,2337,2335,2333,2331
9846,2340,2338,2336,2334
9847,2343,2341,2339,2337
9848,2346,2344,2342,2340
9849,2349,2347,2345,2343
9850,2352,2350,2348,2346
9851,2355,2353,2351,2349
9852,2358,2356,2354,2352
9853,2361,2359,2357,2355
9854,2364,2362,2360,2358
9855,2367,2365,2363,2361
9856,2370,2368,2366,2364
9857,2373,2371,2369,2367
9858,2376,2374,2372,2370
9859,2379,2377,2375,2373
9860,2382,2380,2378,2376
9861,2385,2383,2381,2379
9862,2388,2386,2384,2382
9863,2391,2389,2387,2385
9864,2394,2392,2390,2388
9865,2403,2395,2393,2391
9866,2406,2404,2396,2394
9867,2409,2407,2405,2397
9868,2412,2410,2408,2406
9869,2415,2413,2411,2409
9870,2418,2416,2414,2412
9871,2421,2419,2417,2415
9872,2424,2422,2420,2418
9873,2427,2425,2423,2421
9874,2430,2428,2426,2424
9875,2433,2431,2429,2427
9876,2436,2434,2432,2430
9877,2439,2437,2435,2433
9878,2442,2440,2438,2436
9879,2445,2443,2441,2439
9880,2448,2446,2444,2442
9881,2451,2449,2447,2445
9882,2454,2452,2450,2448
9883,2457,2455,2453,2451
9884,2460,2458,2456,2454
9885,2463,2461,2459,2457
9886,2466,2464,2462,2460
9887,2469,2467,2465,2463
9888,2472,2470,2468,2466
9889,2475,2473,2471,2469
9890,2478,2476,2474,2472
9891,2481,2479,2477,2475
9892,2484,2482,2480,2478
9893,2487,2485,2483,2481
9894,2490,2488,2486,2484
9895,2499,2491,2489,2487
9896,2502,2500,2492,2490
9897,2505,2503,2501,2493
9898,2508,2506,2504,2502
9899,2511,2509,2507,2505
9900,2514,2512,2510,2508
9901,2517,2515,2513,2511
9902,2520,2518,2516,2514
9903,2523,2521,2519,2517
9904,2526,2524,2522,2520
9905,2529,2527,2525,2523
9906,2532,2530,2528,2526
9907,2535,2533,2531,2529
9908,2538,2536,2534,2532
9909,2541,2539,2537,2535
9910,2544,2542,2540,2538
9911,2547,2545,2543,2541
9912,2550,2548,2546,2544
9913,2553,2551,2549,2547
9914,2556,2554,2552,2550
9915,2559,2557,2555,2553
9916,2562,2560,2558,2556
9917,2565,2563,2561,2559
9918,2568,2566,2564,2562
9919,2571,2569,2567,2565
9920,2574,2572,2570,2568
9921,2577,2575,2573,2571
9922,2580,2578,2576,2574
9923,2583,2581,2579,2577
9924,2586,2584,2582,2580
9925,2595,2587,2585,2583
9926,2598,2596,2588,2586
9927,2601,2599,2597,2589
9928,2604,2602,2600,2598
9929,2607,2605,2603,2601
9930,2610,2608,2606,2604
9931,2613,2611,2609,2607
9932,2616,2614,2612,2610
9933,2619,2617,2615,2613
9934,2622,2620,2618,2616
9935,2625,2623,2621,2619
9936,2628,2626,2624,2622
9937,2631,2629,2627,2625
9938,2634,2632,2630,2628
9939,2637,2635,2633,2631
9940,2640,2638,2636,2634
9941,2643,2641,2639,2637
9942,2646,2644,2642,2640
9943,2649,2647,2645,2643
9944,2652,2650,2648,2646
9945,2655,2653,2651,2649
9946,2658,2656,2654,2652
9947,2661,2659,2657,2655
9948,2664,2662,2660,2658
9949,2667,2665,2663,2661
9950,2670,2668,2666,2664
9951,2673,2671,2669,2667
9952,2676,2674,2672,2670
9953,2679,2677,2675,2673
9954,2682,2680,2678,2676
9955,2691,2683,2681,2679
9956,2694,2692,2684,2682
9957,2697,2695,2693,2685
9958,2700,2698,2696,2694
9959,2703,2701,2699,2697
9960,2706,2704,2702,2700
9961,2709,2707,2705,2703
9962,2712,2710,2708,2706
9963,2715,2713,2711,2709
9964,2718,2716,2714,2712
9965,2721,2719,2717,2715
9966,2724,2722,2720,2718
9967,2727,2725,2723,2721
9968,2730,2728,2726,2724
9969,2733,2731,2729,2727
9970,2736,2734,2732,2730
9971,2739,2737,2735,2733
9972,2742,2740,2738,2736
9973,2745,2743,2741,2739
9974,2748,2746,2744,2742
9975,2751,2749,2747,2745
9976,2754,2752,2750,2748
9977,2757,2755,2753,2751
9978,2760,2758,2756,2754
9979,2763,2761,2759,2757
9980,2766,2764,2762,2760
9981,2769,2767,2765,2763
9982,2772,2770,2768,2766
9983,2775,2773,2771,2769
9984,2778,2776,2774,2772
9985,2787,2779,2777,2775
9986,2790,2788,2780,2778
9987,2793,2791,2789,2781
9988,2796,2794,2792,2790
9989,2799,2797,2795,2793
9990,2802,2800,2798,2796
9991,2805,2803,2801,2799
9992,2808,2806,2804,2802
9993,2811,2809,2807,2805
9994,2814,2812,2810,2808
9995,2817,2815,2813,2811
9996,2820,2818,2816,2814
9997,2823,2821,2819,2817
9998,2826,2824,2822,2820
9999,2829,2827,2825,2823
10000,2832,2830,2828,2826
10001,2835,2833,2831,2829
10002,2838,2836,2834,2832
10003,2841,2839,2837,2835
10004,2844,2842,2840,2838
10005,2847,2845,2843,2841
10006,2850,2848,2846,2844
10007,2853,2851,2849,2847
10008,2856,2854,2852,2850
10009,2859,2857,2855,2853
10010,2862,2860,2858,2856
10011,2865,2863,2861,2859
10012,2868,2866,2864,2862
10013,2871,2869,2867,2865
10014,2874,2872,2870,2868
10015,2883,2875,2873,2871
10016,2886,2884,2876,2874
10017,2889,2887,2885,2877
10018,2892,2890,2888,2886
10019,2895,2893,2891,2889
10020,2898,2896,2894,2892
10021,2901,2899,2897,2895
10022,2904,2902,2900,2898
10023,2907,2905,2903,2901
10024,2910,2908,2906,2904
10025,2913,2911,2909,2907
10026,2916,2914,2912,2910
10027,2919,2917,2915,2913
10028,2922,2920,2918,2916
10029,2925,2923,2921,2919
10030,2928,2926,2924,2922
10031,2931,2929,2927,2925
10032,2934,2932,2930,2928
10033,2937,2935,2933,2931
10034,2940,2938,2936,2934
10035,2943,2941,2939,2937
10036,2946,2944,2942,2940
10037,2949,2947,2945,2943
10038,2952,2950,2948,2946
10039,2955,2953,2951,2949
10040,2958,2956,2954,2952
10041,2961,2959,2957,2955
10042,2964,2962,2960,2958
10043,2967,2965,2963,2961
10044,2970,2968,2966,2964
10045,-1,2971,2969,2967
10046,-1,-1,2972,2970
10047,-1,-1,-1,2973
10048,-1,-1,-1,-1
10049,-1,-1,-1,-1
10050,-1,-1,-1,-1
10051,-1,-1,-1,-1
10052,-1,-1,-1,-1
10053,-1,-1,-1,-1
10054,-1,-1,-1,-1
10055,-1,-1,-1,-1
10056,-1,-1,-1,-1
10057,-1,-1,-1,-1
10058,-1,-1,-1,-1
10059,103,-1,-1,-1
10060,106,104,-1,-1
10061,109,107,192,-1
10062,112,110,195,193
10063,115,113,198,196
10064,118,116,201,199
10065,121,119,204,202
10066,124,122,207,205
10067,127,125,210,208
10068,130,128,213,211
10069,133,131,216,214
10070,136,134,219,217
10071,139,137,222,220
10072,142,140,225,223
10073,145,143,228,226
10074,148,146,231,229
10075,151,149,234,232
10076,154,152,237,235
10077,157,155,240,238
10078,160,158,243,241
10079,163,161,246,244
10080,166,164,249,247
10081,169,167,252,250
10082,172,170,255,253
10083,175,173,258,256
10084,178,176,261,259
10085,181,179,264,262
10086,184,182,267,265
10087,187,185,270,268
10088,190,188,273,271
10089,199,191,276,274
10090,202,200,279,277
10091,205,203,288,280
10092,208,206,291,289
10093,211,209,294,292
10094,214,212,297,295
10095,217,215,300,298
10096,220,218,303,301
10097,223,221,306,304
10098,226,224,309,307
10099,229,227,312,310
10100,232,230,315,313
10101,235,233,318,316
10102,238,236,321,319
10103,241,239,324,322
10104,244,242,327,325
10105,247,245,330,328
10106,250,248,333,331
10107,253,251,336,334
10108,256,254,339,337
10109,259,257,342,340
10110,262,260,345,343
10111,265,263,348,346
10112,268,266,351,349
10113,271,269,354,352
10114,274,272,357,355
10115,277,275,360,358
10116,280,278,363,361
10117,283,281,366,364
10118,286,284,369,367
10119,295,287,372,370
10120,298,296,375,373
10121,301,299,384,376
10122,304,302,387,385
10123,307,305,390,388
10124,310,308,393,391
10125,313,311,396,394
10126,316,314,399,397
10127,319,317,402,400
10128,322,320,405,403
10129,325,323,408,406
10130,328,326,411,409
10131,331,329,414,412
10132,334,332,417,415
10133,337,335,420,418
10134,340,338,423,421
10135,343,341,426,424
10136,346,344,429,427
10137,349,347,432,430
10138,352,350,435,433
10139,355,353,438,436
10140,358,356,441,439
10141,361,359,444,442
10142,364,362,447,445
10143,367,365,450,448
10144,370,368,453,451
10145,373,371,456,454
10146,376,374,459,457
10147,379,377,462,460
10148,382,380,465,463
10149,391,383,468,466
10150,394,392,471,469
10151,397,395,480,472
10152,400,398,483,481
10153,403,401,486,484
10154,406,404,489,487
10155,409,407,492,490
10156,412,410,495,493
10157,415,413,498,496
10158,418,416,501,499
10159,421,419,504,502
10160,424,422,507,505
10161,427,425,510,508
10162,430,428,513,511
10163,433,431,516,514
10164,436,434,519,517
10165,439,437,522,520
10166,442,440,525,523
10167,445,443,528,526
10168,448,446,531,529
10169,451,449,534,532
10170,454,452,537,535
10171,457,455,540,538
10172,460,458,543,541
10173,463,461,546,544
10174,466,464,549,547
10175,469,467,552,550
10176,472,470,555,553
10177,475,473,558,556
10178,478,476,561,559
10179,487,479,564,562
10180,490,488,567,565
10181,493,491,576,568
10182,496,494,579,577
10183,499,497,582,580
10184,502,500,585,583
10185,505,503,588,586
10186,508,506,591,589
10187,511,509,594,592
10188,514,512,597,595
10189,517,515,600,598
10190,520,518,603,601
10191,523,521,606,604
10192,526,524,609,607
10193,529,527,612,610
10194,532,530,615,613
10195,535,533,618,616
10196,538,536,621,619
10197,541,539,624,622
10198,544,542,627,625
10199,547,545,630,628
10200,550,548,633,631
10201,553,551,636,634
10202,556,554,639,637
10203,559,557,642,640
10204,562,560,645,643
10205,565,563,648,646
10206,568,566,651,649
10207,571,569,654,652
10208,574,572,657,655
10209,583,575,660,658
10210,586,584,663,661
10211,589,587,672,664
10212,592,590,675,673
10213,595,593,678,676
10214,598,596,681,679
10215,601,599,684,682
10216,604,602,687,685
10217,607,605,690,688
10218,610,608,693,691
10219,613,611,696,694
10220,616,614,699,697
10221,619,617,702,700
10222,622,620,705,703
10223,625,623,708,706
10224,628,626,711,709
10225,631,629,714,712
10226,634,632,717,715
10227,637,635,720,718
10228,640,638,723,721
10229,643,641,726,724
10230,646,644,729,727
10231,649,647,732,730
10232,652,650,735,733
10233,655,653,738,736
10234,658,656,741,739
10235,661,659,744,742
10236,664,662,747,745
10237,667,665,750,748
10238,670,668,753,751
10239,679,671,756,754
10240,682,680,759,757
10241,685,683,768,760
10242,688,686,771,769
10243,691,689,774,772
10244,694,692,777,775
10245,697,695,780,778
10246,700,698,783,781
10247,703,701,786,784
10248,706,704,789,787
10249,709,707,792,790
10250,712,710,795,793
10251,715,713,798,796
10252,718,716,801,799
10253,721,719,804,802
10254,724,722,807,805
10255,727,725,810,808
10256,730,728,813,811
10257,733,731,816,814
10258,736,734,819,817
10259,739,737,822,820
10260,742,740,825,823
10261,745,743,828,826
10262,748,746,831,829
10263,751,749,834,832
10264,754,752,837,835
10265,757,755,840,838
10266,760,758,843,841
10267,763,761,846,844
10268,766,764,849,847
10269,775,767,852,850
10270,778,776,855,853
10271,781,779,864,856
10272,784,782,867,865
10273,787,785,870,868
10274,790,788,873,871
10275,793,791,876,874
10276,796,794,879,877
10277,799,797,882,880
10278,802,800,885,883
10279,805,803,888,886
10280,808,806,891,889
10281,811,809,894,892
10282,814,812,897,895
10283,817,815,900,898
10284,820,818,903,901
10285,823,821,906,904
10286,826,824,909,907
10287,829,827,912,910
10288,832,830,915,913
10289,835,833,918,916
10290,838,836,921,919
10291,841,839,924,922
10292,844,842,927,925
10293,847,845,930,928
10294,850,848,933,931
10295,853,851,936,934
10296,856,854,939,937
10297,859,857,942,940
10298,862,860,945,943
10299,871,863,948,946
10300,874,872,951,949
10301,877,875,960,952
10302,880,878,963,961
10303,883,881,966,964
10304,886,884,969,967
10305,889,887,972,970
10306,892,890,975,973
10307,895,893,978,976
10308,898,896,981,979
10309,901,899,984,982
10310,904,902,987,985
10311,907,905,990,988
10312,910,908,993,991
10313,913,911,996,994
10314,916,914,999,997
10315,919,917,1002,1000
10316,922,920,1005,1003
10317,925,923,1008,1006
10318,928,926,1011,1009
10319,931,929,1014,1012
10320,934,932,1017,1015
10321,937,935,1020,1018
10322,940,938,1023,1021
10323,943,941,1026,1024
10324,946,944,1029,1027
10325,949,947,1032,1030
10326,952,950,1035,1033
10327,955,953,1038,1036
10328,958,956,1041,1039
10329,967,959,1044,1042
10330,970,968,1047,1045
10331,973,971,1056,1048
10332,976,974,1059,1057
10333,979,977,1062,1060
10334,982,980,1065,1063
10335,985,983,1068,1066
10336,988,986,1071,1069
10337,991,989,1074,1072
10338,994,992,1077,1075
10339,997,995,1080,1078
10340,1000,998,1083,1081
10341,1003,1001,1086,1084
10342,1006,1004,1089,1087
10343,1009,1007,1092,1090
10344,1012,1010,1095,1093
10345,1015,1013,1098,1096
10346,1018,1016,1101,1099
10347,1021,1019,1104,1102
10348,1024,1022,1107,1105
10349,1027,1025,1110,1108
10350,1030,1028,1113,1111
10351,1033,1031,1116,1114
10352,1036,1034,1119,1117
10353,1039,1037,1122,1120
10354,1042,1040,1125,1123
10355,1045,1043,1128,1126
10356,1048,1046,1131,1129
10357,1051,1049,1134,1132
10358,1054,1052,1137,1135
10359,1063,1055,1140,1138
10360,1066,1064,1143,1141
10361,1069,1067,1152,1144
10362,1072,1070,1155,1153
10363,1075,1073,1158,1156
10364,1078,1076,1161,1159
10365,1081,1079,1164,1162
10366,1084,1082,1167,1165
10367,1087,1085,1170,1168
10368,1090,1088,1173,1171
10369,1093,1091,1176,1174
10370,1096,1094,1179,1177
10371,1099,1097,1182,1180
10372,1102,1100,1185,1183
10373,1105,1103,1188,1186
10374,1108,1106,1191,1189
10375,1111,1109,1194,1192
10376,1114,1112,1197,1195
10377,1117,1115,1200,1198
10378,1120,1118,1203,1201
10379,1123,1121,1206,1204
10380,1126,1124,1209,1207
10381,1129,1127,1212,1210
10382,1132,1130,1215,1213
10383,1135,1133,1218,1216
10384,1138,1136,1221,1219
10385,1141,1139,1224,1222
10386,1144,1142,1227,1225
10387,1147,1145,1230,1228
10388,1150,1148,1233,1231
10389,1159,1151,1236,1234
10390,1162,1160,1239,1237
10391,1165,1163,1248,1240
10392,1168,1166,1251,1249
10393,1171,1169,1254,1252
10394,1174,1172,1257,1255
10395,1177,1175,1260,1258
10396,1180,1178,1263,1261
10397,1183,1181,1266,1264
10398,1186,1184,1269,1267
10399,1189,1187,1272,1270
10400,1192,1190,1275,1273
10401,1195,1193,1278,1276
10402,1198,1196,1281,1279
10403,1201,1199,1284,1282
10404,1204,1202,1287,1285
10405,1207,1205,1290,1288
10406,1210,1208,1293,1291
10407,1213,1211,1296,1294
10408,1216,1214,1299,1297
10409,1219,1217,1302,1300
10410,1222,1220,1305,1303
10411,1225,1223,1308,1306
10412,1228,1226,1311,1309
10413,1231,1229,1314,1312
10414,1234,1232,1317,1315
10415,1237,1235,1320,1318
10416,1240,1238,1323,1321
10417,1243,1241,1326,1324
10418,1246,1244,1329,1327
10419,1255,1247,1332,1330
10420,1258,1256,1335,1333
10421,1261,1259,1344,1336
10422,1264,1262,1347,1345
10423,1267,1265,1350,1348
10424,1270,1268,1353,1351
10425,1273,1271,1356,1354
10426,1276,1274,1359,1357
10427,1279,1277,1362,1360
10428,1282,1280,1365,1363
10429,1285,1283,1368,1366
10430,1288,1286,1371,1369
10431,1291,1289,1374,1372
10432,1294,1292,1377,1375
10433,1297,1295,1380,1378
10434,1300,1298,1383,1381
10435,1303,1301,1386,1384
10436,1306,1304,1389,1387
10437,1309,1307,1392,1390
10438,1312,1310,1395,1393
10439,1315,1313,1398,1396
10440,1318,1316,1401,1399
10441,1321,1319,1404,1402
10442,1324,1322,1407,1405
10443,1327,1325,1410,1408
10444,1330,1328,1413,1411
10445,1333,1331,1416,1414
10446,1336,1334,1419,1417
10447,1339,1337,1422,1420
10448,1342,1340,1425,1423
10449,1351,1343,1428,1426
10450,1354,1352,1431,1429
10451,1357,1355,1440,1432
10452,1360,1358,1443,1441
10453,1363,1361,1446,1444
10454,1366,1364,1449,1447
10455,1369,1367,1452,1450
10456,1372,1370,1455,1453
10457,1375,1373,1458,1456
10458,1378,1376,1461,1459
10459,1381,1379,1464,1462
10460,1384,1382,1467,1465
10461,1387,1385,1470,1468
10462,1390,1388,1473,1471
10463,1393,1391,1476,1474
10464,1396,1394,1479,1477
10465,1399,1397,1482,1480
10466,1402,1400,1485,1483
10467,1405,1403,1488,1486
10468,1408,1406,1491,1489
10469,1411,1409,1494,1492
10470,1414,1412,1497,1495
10471,1417,1415,1500,1498
10472,1420,1418,1503,1501
10473,1423,1421,1506,1504
10474,1426,1424,1509,1507
10475,1429,1427,1512,1510
10476,1432,1430,1515,1513
10477,1435,1433,1518,1516
10478,1438,1436,1521,1519
10479,1447,1439,1524,1522
10480,1450,1448,1527,1525
10481,1453,1451,1536,1528
10482,1456,1454,1539,1537
10483,1459,1457,1542,1540
10484,1462,1460,1545,1543
10485,1465,1463,1548,1546
10486,1468,1466,1551,1549
10487,1471,1469,1554,1552
10488,1474,1472,1557,1555
10489,1477,1475,1560,1558
10490,1480,1478,1563,1561
10491,1483,1481,1566,1564
10492,1486,1484,1569,1567
10493,1489,1487,1572,1570
10494,1492,1490,1575,1573
10495,1495,1493,1578,1576
10496,1498,1496,1581,1579
10497,1501,1499,1584,1582
10498,1504,1502,1587,1585
10499,1507,1505,1590,1588
10500,1510,1508,1593,1591
10501,1513,1511,1596,1594
10502,1516,1514,1599,1597
10503,1519,1517,1602,1600
10504,1522,1520,1605,1603
10505,1525,1523,1608,1606
10506,1528,1526,1611,1609
10507,1531,1529,1614,1612
10508,1534,1532,1617,1615
10509,1543,1535,1620,1618
10510,1546,1544,1623,1621
10511,1549,1547,1632,1624
10512,1552,1550,1635,1633
10513,1555,1553,1638,1636
10514,1558,1556,1641,1639
10515,1561,1559,1644,1642
10516,1564,1562,1647,1645
10517,1567,1565,1650,1648
10518,1570,1568,1653,1651
10519,1573,1571,1656,1654
10520,1576,1574,1659,1657
10521,1579,1577,1662,1660
10522,1582,1580,1665,1663
10523,1585,1583,1668,1666
10524,1588,1586,1671,1669
10525,1591,1589,1674,1672
10526,1594,1592,1677,1675
10527,1597,1595,1680,1678
10528,1600,1598,1683,1681
10529,1603,1601,1686,1684
10530,1606,1604,1689,1687
10531,1609,1607,1692,1690
10532,1612,1610,1695,1693
10533,1615,1613,1698,1696
10534,1618,1616,1701,1699
10535,1621,1619,1704,1702
10536,1624,1622,1707,1705
10537,1627,1625,1710,1708
10538,1630,1628,1713,1711
10539,1639,1631,1716,1714
10540,1642,1640,1719,1717
10541,1645,1643,1728,1720
10542,1648,1646,1731,1729
10543,1651,1649,1734,1732
10544,1654,1652,1737,1735
10545,1657,1655,1740,1738
10546,1660,1658,1743,1741
10547,1663,1661,1746,1744
10548,1666,1664,1749,1747
10549,1669,1667,1752,1750
10550,1672,1670,1755,1753
10551,1675,1673,1758,1756
10552,1678,1676,1761,1759
10553,1681,1679,1764,1762
10554,1684,1682,1767,1765
10555,1687,1685,1770,1768
10556,1690,1688,1773,1771
10557,1693,1691,1776,1774
10558,1696,1694,1779,1777
10559,1699,1697,1782,1780
10560,1702,1700,1785,1783
10561,1705,1703,1788,1786
10562,1708,1706,1791,1789
10563,1711,1709,1794,1792
10564,1714,1712,1797,1795
10565,1717,1715,1800,1798
10566,1720,1718,1803,1801
10567,1723,1721,1806,1804
10568,1726,1724,1809,1807
10569,1735,1727,1812,1810
10570,1738,1736,1815,1813
10571,1741,1739,1824,1816
10572,1744,1742,1827,1825
10573,1747,1745,1830,1828
10574,1750,1748,1833,1831
10575,1753,1751,1836,1834
10576,1756,1754,1839,1837
10577,1759,1757,1842,1840
10578,1762,1760,1845,1843
10579,1765,1763,1848,1846
10580,1768,1766,1851,1849
10581,1771,1769,1854,1852
10582,1774,1772,1857,1855
10583,1777,1775,1860,1858
10584,1780,1778,1863,1861
10585,1783,1781,1866,1864
10586,1786,1784,1869,1867
10587,1789,1787,1872,1870
10588,1792,1790,1875,1873
10589,1795,1793,1878,1876
10590,1798,1796,1881,1879
10591,1801,1799,1884,1882
10592,1804,1802,1887,1885
10593,1807,1805,1890,1888
10594,1810,1808,1893,1891
10595,1813,1811,1896,1894
10596,1816,1814,1899,1897
10597,1819,1817,1902,1900
10598,1822,1820,1905,1903
10599,1831,1823,1908,1906
10600,1834,1832,1911,1909
10601,1837,1835,1920,1912
10602,1840,1838,1923,1921
10603,1843,1841,1926,1924
10604,1846,1844,1929,1927
10605,1849,1847,1932,1930
10606,1852,1850,1935,1933
10607,1855,1853,1938,1936
10608,1858,1856,1941,1939
10609,1861,1859,1944,1942
10610,1864,1862,1947,1945
10611,1867,1865,1950,1948
10612,1870,1868,1953,1951
10613,1873,1871,1956,1954
10614,1876,1874,1959,1957
10615,1879,1877,1962,1960
10616,1882,1880,1965,1963
10617,1885,1883,1968,1966
10618,1888,1886,1971,1969
10619,1891,1889,1974,1972
10620,1894,1892,1977,1975
10621,1897,1895,1980,1978
10622,1900,1898,1983,1981
10623,1903,1901,1986,1984
10624,1906,1904,1989,1987
10625,1909,1907,1992,1990
10626,1912,1910,1995,1993
10627,1915,1913,1998,1996
10628,1918,1916,2001,1999
10629,1927,1919,2004,2002
10630,1930,1928,2007,2005
10631,1933,1931,2016,2008
10632,1936,1934,2019,2017
10633,1939,1937,2022,2020
10634,1942,1940,2025,2023
10635,1945,1943,2028,2026
10636,1948,1946,2031,2029
10637,1951,1949,2034,2032
10638,1954,1952,2037,2035
10639,1957,1955,2040,2038
10640,1960,1958,2043,2041
10641,1963,1961,2046,2044
10642,1966,1964,2049,2047
10643,1969,1967,2052,2050
10644,1972,1970,2055,2053
10645,1975,1973,2058,2056
10646,1978,1976,2061,2059
10647,1981,1979,2064,2062
10648,1984,1982,2067,2065
10649,1987,1985,2070,2068
10650,1990,1988,2073,2071
10651,1993,1991,2076,2074
10652,1996,1994,2079,2077
10653,1999,1997,2082,2080
10654,2002,2000,2085,2083
10655,2005,2003,2088,2086
10656,2008,2006,2091,2089
10657,2011,2009,2094,2092
10658,2014,2012,2097,2095
10659,2023,2015,2100,2098
10660,2026,2024,2103,2101
10661,2029,2027,2112,2104
10662,2032,2030,2115,2113
10663,2035,2033,2118,2116
10664,2038,2036,2121,2119
10665,2041,2039,2124,2122
10666,2044,2042,2127,2125
10667,2047,2045,2130,2128
10668,2050,2048,2133,2131
10669,2053,2051,2136,2134
10670,2056,2054,2139,2137
10671,2059,2057,2142,2140
10672,2062,2060,2145,2143
10673,2065,2063,2148,2146
10674,2068,2066,2151,2149
10675,2071,2069,2154,2152
10676,2074,2072,2157,2155
10677,2077,2075,2160,2158
10678,2080,2078,2163,2161
10679,2083,2081,2166,2164
10680,2086,2084,2169,2167
10681,2089,2087,2172,2170
10682,2092,2090,2175,2173
10683,2095,2093,2178,2176
10684,2098,2096,2181,2179
10685,2101,2099,2184,2182
10686,2104,2102,2187,2185
10687,2107,2105,2190,2188
10688,2110,2108,2193,2191
10689,2119,2111,2196,2194
10690,2122,2120,2199,2197
10691,2125,2123,2208,2200
10692,2128,2126,2211,2209
10693,2131,2129,2214,2212
10694,2134,2132,2217,2215
10695,2137,2135,2220,2218
10696,2140,2138,2223,2221
10697,2143,2141,2226,2224
10698,2146,2144,2229,2227
10699,2149,2147,2232,2230
10700,2152,2150,2235,2233
10701,2155,2153,2238,2236
10702,2158,2156,2241,2239
10703,2161,2159,2244,2242
10704,2164,2162,2247,2245
10705,2167,2165,2250,2248
10706,2170,2168,2253,2251
10707,2173,2171,2256,2254
10708,2176,2174,2259,2257
10709,2179,2177,2262,2260
10710,2182,2180,2265,2263
10711,2185,2183,2268,2266
10712,2188,2186,2271,2269
10713,2191,2189,2274,2272
10714,2194,2192,2277,2275
10715,2197,2195,2280,2278
10716,2200,2198,2283,2281
10717,2203,2201,2286,2284
10718,2206,2204,2289,2287
10719,2215,2207,2292,2290
10720,2218,2216,2295,2293
10721,2221,2219,2304,2296
10722,2224,2222,2307,2305
10723,2227,2225,2310,2308
10724,2230,2228,2313,2311
10725,2233,2231,2316,2314
10726,2236,2234,2319,2317
10727,2239,2237,2322,2320
10728,2242,2240,2325,2323
10729,2245,2243,2328,2326
10730,2248,2246,2331,2329
10731,2251,2249,2334,2332
10732,2254,2252,2337,2335
10733,2257,2255,2340,2338
10734,2260,2258,2343,2341
10735,2263,2261,2346,2344
10736,2266,2264,2349,2347
10737,2269,2267,2352,2350
10738,2272,2270,2355,2353
10739,2275,2273,2358,2356
10740,2278,2276,2361,2359
10741,2281,2279,2364,2362
10742,2284,2282,2367,2365
10743,2287,2285,2370,2368
10744,2290,2288,2373,2371
10745,2293,2291,2376,2374
10746,2296,2294,2379,2377
10747,2299,2297,2382,2380
10748,2302,2300,2385,2383
10749,2311,2303,2388,2386
10750,2314,2312,2391,2389
10751,2317,2315,2400,2392
10752,2320,2318,2403,2401
10753,2323,2321,2406,2404
10754,2326,2324,2409,2407
10755,2329,2327,2412,2410
10756,2332,2330,2415,2413
10757,2335,2333,2418,2416
10758,2338,2336,2421,2419
10759,2341,2339,2424,2422
10760,2344,2342,2427,2425
10761,2347,2345,2430,2428
10762,2350,2348,2433,2431
10763,2353,2351,2436,2434
10764,2356,2354,2439,2437
10765,2359,2357,2442,2440
10766,2362,2360,2445,2443
10767,2365,2363,2448,2446
10768,2368,2366,2451,2449
10769,2371,2369,2454,2452
10770,2374,2372,2457,2455
10771,2377,2375,2460,2458
10772,2380,2378,2463,2461
10773,2383,2381,2466,2464
10774,2386,2384,2469,2467
10775,2389,2387,2472,2470
10776,2392,2390,2475,2473
10777,2395,2393,2478,2476
10778,2398,2396,2481,2479
10779,2407,2399,2484,2482
10780,2410,2408,2487,2485
10781,2413,2411,2496,2488
10782,2416,2414,2499,2497
10783,2419,2417,2502,2500
10784,2422,2420,2505,2503
10785,2425,2423,2508,2506
10786,2428,2426,2511,2509
10787,2431,2429,2514,2512
10788,2434,2432,2517,2515
10789,2437,2435,2520,2518
10790,2440,2438,2523,2521
10791,2443,2441,2526,2524
10792,2446,2444,2529,2527
10793,2449,2447,2532,2530
10794,2452,2450,2535,2533
10795,2455,2453,2538,2536
10796,2458,2456,2541,2539
10797,2461,2459,2544,2542
10798,2464,2462,2547,2545
10799,2467,2465,2550,2548
10800,2470,2468,2553,2551
10801,2473,2471,2556,2554
10802,2476,2474,2559,2557
10803,2479,2477,2562,2560
10804,2482,2480,2565,2563
10805,2485,2483,2568,2566
10806,2488,2486,2571,2569
10807,2491,2489,2574,2572
10808,2494,2492,2577,2575
10809,2503,2495,2580,2578
10810,2506,2504,2583,2581
10811,2509,2507,2592,2584
10812,2512,2510,2595,2593
10813,2515,2513,2598,2596
10814,2518,2516,2601,2599
10815,2521,2519,2604,2602
10816,2524,2522,2607,2605
10817,2527,2525,2610,2608
10818,2530,2528,2613,2611
10819,2533,2531,2616,2614
10820,2536,2534,2619,2617
10821,2539,2537,2622,2620
10822,2542,2540,2625,2623
10823,2545,2543,2628,2626
10824,2548,2546,2631,2629
10825,2551,2549,2634,2632
10826,2554,2552,2637,2635
10827,2557,2555,2640,2638
10828,2560,2558,2643,2641
10829,2563,2561,2646,2644
10830,2566,2564,2649,2647
10831,2569,2567,2652,2650
10832,2572,2570,2655,2653
10833,2575,2573,2658,2656
10834,2578,2576,2661,2659
10835,2581,2579,2664,2662
10836,2584,2582,2667,2665
10837,2587,2585,2670,2668
10838,2590,2588,2673,2671
10839,2599,2591,2676,2674
10840,2602,2600,2679,2677
10841,2605,2603,2688,2680
10842,2608,2606,2691,2689
10843,2611,2609,2694,2692
10844,2614,2612,2697,2695
10845,2617,2615,2700,2698
10846,2620,2618,2703,2701
10847,2623,2621,2706,2704
10848,2626,2624,2709,2707
10849,2629,2627,2712,2710
10850,2632,2630,2715,2713
10851,2635,2633,2718,2716
10852,2638,2636,2721,2719
10853,2641,2639,2724,2722
10854,2644,2642,2727,2725
10855,2647,2645,2730,2728
10856,2650,2648,2733,2731
10857,2653,2651,2736,2734
10858,2656,2654,2739,2737
10859,2659,2657,2742,2740
10860,2662,2660,2745,2743
10861,2665,2663,2748,2746
10862,2668,2666,2751,2749
10863,2671,2669,2754,2752
10864,2674,2672,2757,2755
10865,2677,2675,2760,2758
10866,2680,2678,2763,2761
10867,2683,2681,2766,2764
10868,2686,2684,2769,2767
10869,2695,2687,2772,2770
10870,2698,2696,2775,2773
10871,2701,2699,2784,2776
10872,2704,2702,2787,2785
10873,2707,2705,2790,2788
10874,2710,2708,2793,2791
10875,2713,2711,2796,2794
10876,2716,2714,2799,2797
10877,2719,2717,2802,2800
10878,2722,2720,2805,2803
10879,2725,2723,2808,2806
10880,2728,2726,2811,2809
10881,2731,2729,2814,2812
10882,2734,2732,2817,2815
10883,2737,2735,2820,2818
10884,2740,2738,2823,2821
10885,2743,2741,2826,2824
10886,2746,2744,2829,2827
10887,2749,2747,2832,2830
10888,2752,2750,2835,2833
10889,2755,2753,2838,2836
10890,2758,2756,2841,2839
10891,2761,2759,2844,2842
10892,2764,2762,2847,2845
10893,2767,2765,2850,2848
10894,2770,2768,2853,2851
10895,2773,2771,2856,2854
10896,2776,2774,2859,2857
10897,2779,2777,2862,2860
10898,2782,2780,2865,2863
10899,2791,2783,2868,2866
10900,2794,2792,2871,2869
10901,2797,2795,2880,2872
10902,2800,2798,2883,2881
10903,2803,2801,2886,2884
10904,2806,2804,2889,2887
10905,2809,2807,2892,2890
10906,2812,2810,2895,2893
10907,2815,2813,2898,2896
10908,2818,2816,2901,2899
10909,2821,2819,2904,2902
10910,2824,2822,2907,2905
10911,2827,2825,2910,2908
10912,2830,2828,2913,2911
10913,2833,2831,2916,2914
10914,2836,2834,2919,2917
10915,2839,2837,2922,2920
10916,2842,2840,2925,2923
10917,2845,2843,2928,2926
10918,2848,2846,2931,2929
10919,2851,2849,2934,2932
10920,2854,2852,2937,2935
10921,2857,2855,2940,2938
10922,2860,2858,2943,2941
10923,2863,2861,2946,2944
10924,2866,2864,2949,2947
10925,2869,2867,2952,2950
10926,2872,2870,2955,2953
10927,2875,2873,2958,2956
10928,2878,2876,2961,2959
10929,2887,2879,2964,2962
10930,2890,2888,2967,2965
10931,2893,2891,2976,2968
10932,2896,2894,2979,2977
10933,2899,2897,2982,2980
10934,2902,2900,2985,2983
10935,2905,2903,2988,2986
10936,2908,2906,2991,2989
10937,2911,2909,2994,2992
10938,2914,2912,2997,2995
10939,2917,2915,3000,2998
10940,2920,2918,3003,3001
10941,2923,2921,3006,3004
10942,2926,2924,3009,3007
10943,2929,2927,3012,3010
10944,2932,2930,3015,3013
10945,2935,2933,3018,3016
10946,2938,2936,3021,3019
10947,2941,2939,3024,3022
10948,2944,2942,3027,3025
10949,2947,2945,3030,3028
10950,2950,2948,3033,3031
10951,2953,2951,3036,3034
10952,2956,2954,3039,3037
10953,2959,2957,3042,3040
10954,2962,2960,3045,3043
10955,2965,2963,3048,3046
10956,2968,2966,3051,3049
10957,2971,2969,3054,3052
10958,2974,2972,3057,3055
10959,-1,2975,3060,3058
10960,-1,-1,3063,3061
10961,-1,-1,-1,3064
10962,-1,-1,-1,-1
10963,-1,-1,-1,-1
10964,-1,-1,-1,-1
10965,-1,-1,-1,-1
10966,-1,-1,-1,-1
10967,-1,-1,-1,-1
10968,-1,-1,-1,-1
10969,-1,-1,-1,-1
10970,-1,-1,-1,-1
10971,-1,-1,-1,-1
10972,-1,-1,-1,-1
10973,194,-1,-1,-1
10974,197,195,-1,-1
10975,200,198,196,-1
10976,203,201,199,197
10977,206,204,202,200
10978,209,207,205,203
10979,212,210,208,206
10980,215,213,211,209
10981,218,216,214,212
10982,221,219,217,215
10983,224,222,220,218
10984,227,225,223,221
10985,230,228,226,224
10986,233,231,229,227
10987,236,234,232,230
10988,239,237,235,233
10989,242,240,238,236
10990,245,243,241,239
10991,248,246,244,242
10992,251,249,247,245
10993,254,252,250,248
10994,257,255,253,251
10995,260,258,256,254
10996,263,261,259,257
10997,266,264,262,260
10998,269,267,265,263
10999,272,270,268,266
11000,275,273,271,269
11001,278,276,274,272
11002,281,279,277,275
11003,290,282,280,278
11004,293,291,283,281
11005,296,294,292,284
11006,299,297,295,293
11007,302,300,298,296
11008,305,303,301,299
11009,308,306,304,302
11010,311,309,307,305
11011,314,312,310,308
11012,317,315,313,311
11013,320,318,316,314
11014,323,321,319,317
11015,326,324,322,320
11016,329,327,325,323
11017,332,330,328,326
11018,335,333,331,329
11019,338,336,334,332
11020,341,339,337,335
11021,344,342,340,338
11022,347,345,343,341
11023,350,348,346,344
11024,353,351,349,347
11025,356,354,352,350
11026,359,357,355,353
11027,362,360,358,356
11028,365,363,361,359
11029,368,366,364,362
11030,371,369,367,365
11031,374,372,370,368
11032,377,375,373,371
11033,386,378,376,374
11034,389,387,379,377
11035,392,390,388,380
11036,395,393,391,389
11037,398,396,394,392
11038,401,399,397,395
11039,404,402,400,398
11040,407,405,403,401
11041,410,408,406,404
11042,413,411,409,407
11043,416,414,412,410
11044,419,417,415,413
11045,422,420,418,416
11046,425,423,421,419
11047,428,426,424,422
11048,431,429,427,425
11049,434,432,430,428
11050,437,435,433,431
11051,440,438,436,434
11052,443,441,439,437
11053,446,444,442,440
11054,449,447,445,443
11055,452,450,448,446
11056,455,453,451,449
11057,458,456,454,452
11058,461,459,457,455
11059,464,462,460,458
11060,467,465,463,461
11061,470,468,466,464
11062,473,471,469,467
11063,482,474,472,470
11064,485,483,475,473
11065,488,486,484,476
11066,491,489,487,485
11067,494,492,490,488
11068,497,495,493,491
11069,500,498,496,494
11070,503,501,499,497
11071,506,504,502,500
11072,509,507,505,503
11073,512,510,508,506
11074,515,513,511,509
11075,518,516,514,512
11076,521,519,517,515
11077,524,522,520,518
11078,527,525,523,521
11079,530,528,526,524
11080,533,531,529,527
11081,536,534,532,530
11082,539,537,535,533
11083,542,540,538,536
11084,545,543,541,539
11085,548,546,544,542
11086,551,549,547,545
11087,554,552,550,548
11088,557,555,553,551
11089,560,558,556,554
11090,563,561,559,557
11091,566,564,562,560
11092,569,567,565,563
11093,578,570,568,566
11094,581,579,571,569
11095,584,582,580,572
11096,587,585,583,581
11097,590,588,586,584
11098,593,591,589,587
11099,596,594,592,590
11100,599,597,595,593
11101,602,600,598,596
11102,605,603,601,599
11103,608,606,604,602
11104,611,609,607,605
11105,614,612,610,608
11106,617,615,613,611
11107,620,618,616,614
11108,623,621,619,617
11109,626,624,622,620
11110,629,627,625,623
11111,632,630,628,626
11112,635,633,631,629
11113,638,636,634,632
11114,641,639,637,635
11115,644,642,640,638
11116,647,645,643,641
11117,650,648,646,644
11118,653,651,649,647
11119,656,654,652,650
11120,659,657,655,653
11121,662,660,658,656
11122,665,663,661,659
11123,674,666,664,662
11124,677,675,667,665
11125,680,678,676,668
11126,683,681,679,677
11127,686,684,682,680
11128,689,687,685,683
11129,692,690,688,686
11130,695,693,691,689
11131,698,696,694,692
11132,701,699,697,695
11133,704,702,700,698
11134,707,705,703,701
11135,710,708,706,704
11136,713,711,709,707
11137,716,714,712,710
11138,719,717,715,713
11139,722,720,718,716
11140,725,723,721,719
11141,728,726,724,722
11142,731,729,727,725
11143,734,732,730,728
11144,737,735,733,731
11145,740,738,736,734
11146,743,741,739,737
11147,746,744,742,740
11148,749,747,745,743
11149,752,750,748,746
11150,755,753,751,749
11151,758,756,754,752
11152,761,759,757,755
11153,770,762,760,758
11154,773,771,763,761
11155,776,774,772,764
11156,779,777,775,773
11157,782,780,778,776
11158,785,783,781,779
11159,788,786,784,782
11160,791,789,787,785
11161,794,792,790,788
11162,797,795,793,791
11163,800,798,796,794
11164,803,801,799,797
11165,806,804,802,800
11166,809,807,805,803
11167,812,810,808,806
11168,815,813,811,809
11169,818,816,814,812
11170,821,819,817,815
11171,824,822,820,818
11172,827,825,823,821
11173,830,828,826,824
11174,833,831,829,827
11175,836,834,832,830
11176,839,837,835,833
11177,842,840,838,836
11178,845,843,841,839
11179,848,846,844,842
11180,851,849,847,845
11181,854,852,850,848
11182,857,855,853,851
11183,866,858,856,854
11184,869,867,859,857
11185,872,870,868,860
11186,875,873,871,869
11187,878,876,874,872
11188,881,879,877,875
11189,884,882,880,878
11190,887,885,883,881
11191,890,888,886,884
11192,893,891,889,887
11193,896,894,892,890
11194,899,897,895,893
11195,902,900,898,896
11196,905,903,901,899
11197,908,906,904,902
11198,911,909,907,905
11199,914,912,910,908
11200,917,915,913,911
11201,920,918,916,914
11202,923,921,919,917
11203,926,924,922,920
11204,929,927,925,923
11205,932,930,928,926
11206,935,933,931,929
11207,938,936,934,932
11208,941,939,937,935
11209,944,942,940,938
11210,947,945,943,941
11211,950,948,946,944
11212,953,951,949,947
11213,962,954,952,950
11214,965,963,955,953
11215,968,966,964,956
11216,971,969,967,965
11217,974,972,970,968
11218,977,975,973,971
11219,980,978,976,974
11220,983,981,979,977
11221,986,984,982,980
11222,989,987,985,983
11223,992,990,988,986
11224,995,993,991,989
11225,998,996,994,992
11226,1001,999,997,995
11227,1004,1002,1000,998
11228,1007,1005,1003,1001
11229,1010,1008,1006,1004
11230,1013,1011,1009,1007
11231,1016,1014,1012,1010
11232,1019,1017,1015,1013
11233,1022,1020,1018,1016
11234,1025,1023,1021,1019
11235,1028,1026,1024,1022
11236,1031,1029,1027,1025
11237,1034,1032,1030,1028
11238,1037,1035,1033,1031
11239,1040,1038,1036,1034
11240,1043,1041,1039,1037
11241,1046,1044,1042,1040
11242,1049,1047,1045,1043
11243,1058,1050,1048,1046
11244,1061,1059,1051,1049
11245,1064,1062,1060,1052
11246,1067,1065,1063,1061
11247,1070,1068,1066,1064
11248,1073,1071,1069,1067
11249,1076,1074,1072,1070
11250,1079,1077,1075,1073
11251,1082,1080,1078,1076
11252,1085,1083,1081,1079
11253,1088,1086,1084,1082
11254,1091,1089,1087,1085
11255,1094,1092,1090,1088
11256,1097,1095,1093,1091
11257,1100,1098,1096,1094
11258,1103,1101,1099,1097
11259,1106,1104,1102,1100
11260,1109,1107,1105,1103
11261,1112,1110,1108,1106
11262,1115,1113,1111,1109
11263,1118,1116,1114,1112
11264,1121,1119,1117,1115
11265,1124,1122,1120,1118
11266,1127,1125,1123,1121
11267,1130,1128,1126,1124
11268,1133,1131,1129,1127
11269,1136,1134,1132,1130
11270,1139,1137,1135,1133
11271,1142,1140,1138,1136
11272,1145,1143,1141,1139
11273,1154,1146,1144,1142
11274,1157,1155,1147,1145
11275,1160,1158,1156,1148
11276,1163,1161,1159,1157
11277,1166,1164,1162,1160
11278,1169,1167,1165,1163
11279,1172,1170,1168,1166
11280,1175,1173,1171,1169
11281,1178,1176,1174,1172
11282,1181,1179,1177,1175
11283,1184,1182,1180,1178
11284,1187,1185,1183,1181
11285,1190,1188,1186,1184
11286,1193,1191,1189,1187
11287,1196,1194,1192,1190
11288,1199,1197,1195,1193
11289,1202,1200,1198,1196
11290,1205,1203,1201,1199
11291,1208,1206,1204,1202
11292,1211,1209,1207,1205
11293,1214,1212,1210,1208
11294,1217,1215,1213,1211
11295,1220,1218,1216,1214
11296,1223,1221,1219,1217
11297,1226,1224,1222,1220
11298,1229,1227,1225,1223
11299,1232,1230,1228,1226
11300,1235,1233,1231,1229
11301,1238,1236,1234,1232
11302,1241,1239,1237,1235
11303,1250,1242,1240,1238
11304,1253,1251,1243,1241
11305,1256,1254,1252,1244
11306,1259,1257,1255,1253
11307,1262,1260,1258,1256
11308,1265,1263,1261,1259
11309,1268,1266,1264,1262
11310,1271,1269,1267,1265
11311,1274,1272,1270,1268
11312,1277,1275,1273,1271
11313,1280,1278,1276,1274
11314,1283,1281,1279,1277
11315,1286,1284,1282,1280
11316,1289,1287,1285,1283
11317,1292,1290,1288,1286
11318,1295,1293,1291,1289
11319,1298,1296,1294,1292
11320,1301,1299,1297,1295
11321,1304,1302,1300,1298
11322,1307,1305,1303,1301
11323,1310,1308,1306,1304
11324,1313,1311,1309,1307
11325,1316,1314,1312,1310
11326,1319,1317,1315,1313
11327,1322,1320,1318,1316
11328,1325,1323,1321,1319
11329,1328,1326,1324,1322
11330,1331,1329,1327,1325
11331,1334,1332,1330,1328
11332,1337,1335,1333,1331
11333,1346,1338,1336,1334
11334,1349,1347,1339,1337
11335,1352,1350,1348,1340
11336,1355,1353,1351,1349
11337,1358,1356,1354,1352
11338,1361,1359,1357,1355
11339,1364,1362,1360,1358
11340,1367,1365,1363,1361
11341,1370,1368,1366,1364
11342,1373,1371,1369,1367
11343,1376,1374,1372,1370
11344,1379,1377,1375,1373
11345,1382,1380,1378,1376
11346,1385,1383,1381,1379
11347,1388,1386,1384,1382
11348,1391,1389,1387,1385
11349,1394,1392,1390,1388
11350,1397,1395,1393,1391
11351,1400,1398,1396,1394
11352,1403,1401,1399,1397
11353,1406,1404,1402,1400
11354,1409,1407,1405,1403
11355,1412,1410,1408,1406
11356,1415,1413,1411,1409
11357,1418,1416,1414,1412
11358,1421,1419,1417,1415
11359,1424,1422,1420,1418
11360,1427,1425,1423,1421
11361,1430,1428,1426,1424
11362,1433,1431,1429,1427
11363,1442,1434,1432,1430
11364,1445,1443,1435,1433
11365,1448,1446,1444,1436
11366,1451,1449,1447,1445
11367,1454,1452,1450,1448
11368,1457,1455,1453,1451
11369,1460,1458,1456,1454
11370,1463,1461,1459,1457
11371,1466,1464,1462,1460
11372,1469,1467,1465,1463
11373,1472,1470,1468,1466
11374,1475,1473,1471,1469
11375,1478,1476,1474,1472
11376,1481,1479,1477,1475
11377,1484,1482,1480,1478
11378,1487,1485,1483,1481
11379,1490,1488,1486,1484
11380,1493,1491,1489,1487
11381,1496,1494,1492,1490
11382,1499,1497,1495,1493
11383,1502,1500,1498,1496
11384,1505,1503,1501,1499
11385,1508,1506,1504,1502
11386,1511,1509,1507,1505
11387,1514,1512,1510,1508
11388,1517,1515,1513,1511
11389,1520,1518,1516,1514
11390,1523,1521,1519,1517
11391,1526,1524,1522,1520
11392,1529,1527,1525,1523
11393,1538,1530,1528,1526
11394,1541,1539,1531,1529
11395,1544,1542,1540,1532
11396,1547,1545,1543,1541
11397,1550,1548,1546,1544
11398,1553,1551,1549,1547
11399,1556,1554,1552,1550
11400,1559,1557,1555,1553
11401,1562,1560,1558,1556
11402,1565,1563,1561,1559
11403,1568,1566,1564,1562
11404,1571,1569,1567,1565
11405,1574,1572,1570,1568
11406,1577,1575,1573,1571
11407,1580,1578,1576,1574
11408,1583,1581,1579,1577
11409,1586,1584,1582,1580
11410,1589,1587,1585,1583
11411,1592,1590,1588,1586
11412,1595,1593,1591,1589
11413,1598,1596,1594,1592
11414,1601,1599,1597,1595
11415,1604,1602,1600,1598
11416,1607,1605,1603,1601
11417,1610,1608,1606,1604
11418,1613,1611,1609,1607
11419,1616,1614,1612,1610
11420,1619,1617,1615,1613
11421,1622,1620,1618,1616
11422,1625,1623,1621,1619
11423,1634,1626,1624,1622
11424,1637,1635,1627,1625
11425,1640,1638,1636,1628
11426,1643,1641,1639,1637
11427,1646,1644,1642,1640
11428,1649,1647,1645,1643
11429,1652,1650,1648,1646
11430,1655,1653,1651,1649
11431,1658,1656,1654,1652
11432,1661,1659,1657,1655
11433,1664,1662,1660,1658
11434,1667,1665,1663,1661
11435,1670,1668,1666,1664
11436,1673,1671,1669,1667
11437,1676,1674,1672,1670
11438,1679,1677,1675,1673
11439,1682,1680,1678,1676
11440,1685,1683,1681,1679
11441,1688,1686,1684,1682
11442,1691,1689,1687,1685
11443,1694,1692,1690,1688
11444,1697,1695,1693,1691
11445,1700,1698,1696,1694
11446,1703,1701,1699,1697
11447,1706,1704,1702,1700
11448,1709,1707,1705,1703
11449,1712,1710,1708,1706
11450,1715,1713,1711,1709
11451,1718,1716,1714,1712
11452,1721,1719,1717,1715
11453,1730,1722,1720,1718
11454,1733,1731,1723,1721
11455,1736,1734,1732,1724
11456,1739,1737,1735,1733
11457,1742,1740,1738,1736
11458,1745,1743,1741,1739
11459,1748,1746,1744,1742
11460,1751,1749,1747,1745
11461,1754,1752,1750,1748
11462,1757,1755,1753,1751
11463,1760,1758,1756,1754
11464,1763,1761,1759,1757
11465,1766,1764,1762,1760
11466,1769,1767,1765,1763
11467,1772,1770,1768,1766
11468,1775,1773,1771,1769
11469,1778,1776,1774,1772
11470,1781,1779,1777,1775
11471,1784,1782,1780,1778
11472,1787,1785,1783,1781
11473,1790,1788,1786,1784
11474,1793,1791,1789,1787
11475,1796,1794,1792,1790
11476,1799,1797,1795,1793
11477,1802,1800,1798,1796
11478,1805,1803,1801,1799
11479,1808,1806,1804,1802
11480,1811,1809,1807,1805
11481,1814,1812,1810,1808
11482,1817,1815,1813,1811
11483,1826,1818,1816,1814
11484,1829,1827,1819,1817
11485,1832,1830,1828,1820
11486,1835,1833,1831,1829
11487,1838,1836,1834,1832
11488,1841,1839,1837,1835
11489,1844,1842,1840,1838
11490,1847,1845,1843,1841
11491,1850,1848,1846,1844
11492,1853,1851,1849,1847
11493,1856,1854,1852,1850
11494,1859,1857,1855,1853
11495,1862,1860,1858,1856
11496,1865,1863,1861,1859
11497,1868,1866,1864,1862
11498,1871,1869,1867,1865
11499,1874,1872,1870,1868
11500,1877,1875,1873,1871
11501,1880,1878,1876,1874
11502,1883,1881,1879,1877
11503,1886,1884,1882,1880
11504,1889,1887,1885,1883
11505,1892,1890,1888,1886
11506,1895,1893,1891,1889
11507,1898,1896,1894,1892
11508,1901,1899,1897,1895
11509,1904,1902,1900,1898
11510,1907,1905,1903,1901
11511,1910,1908,1906,1904
11512,1913,1911,1909,1907
11513,1922,1914,1912,1910
11514,1925,1923,1915,1913
11515,1928,1926,1924,1916
11516,1931,1929,1927,1925
11517,1934,1932,1930,1928
11518,1937,1935,1933,1931
11519,1940,1938,1936,1934
11520,1943,1941,1939,1937
11521,1946,1944,1942,1940
11522,1949,1947,1945,1943
11523,1952,1950,1948,1946
11524,1955,1953,1951,1949
11525,1958,1956,1954,1952
11526,1961,1959,1957,1955
11527,1964,1962,1960,1958
11528,1967,1965,1963,1961
11529,1970,1968,1966,1964
11530,1973,1971,1969,1967
11531,1976,1974,1972,1970
11532,1979,1977,1975,1973
11533,1982,1980,1978,1976
11534,1985,1983,1981,1979
11535,1988,1986,1984,1982
11536,1991,1989,1987,1985
11537,1994,1992,1990,1988
11538,1997,1995,1993,1991
11539,2000,1998,1996,1994
11540,2003,2001,1999,1997
11541,2006,2004,2002,2000
11542,2009,2007,2005,2003
11543,2018,2010,2008,2006
11544,2021,2019,2011,2009
11545,2024,2022,2020,2012
11546,2027,2025,2023,2021
11547,2030,2028,2026,2024
11548,2033,2031,2029,2027
11549,2036,2034,2032,2030
11550,2039,2037,2035,2033
11551,2042,2040,2038,2036
11552,2045,2043,2041,2039
11553,2048,2046,2044,2042
11554,2051,2049,2047,2045
11555,2054,2052,2050,2048
11556,2057,2055,2053,2051
11557,2060,2058,2056,2054
11558,2063,2061,2059,2057
11559,2066,2064,2062,2060
11560,2069,2067,2065,2063
11561,2072,2070,2068,2066
11562,2075,2073,2071,2069
11563,2078,2076,2074,2072
11564,2081,2079,2077,2075
11565,2084,2082,2080,2078
11566,2087,2085,2083,2081
11567,2090,2088,2086,2084
11568,2093,2091,2089,2087
11569,2096,2094,2092,2090
11570,2099,2097,2095,2093
11571,2102,2100,2098,2096
11572,2105,2103,2101,2099
11573,2114,2106,2104,2102
11574,2117,2115,2107,2105
11575,2120,2118,2116,2108
11576,2123,2121,2119,2117
11577,2126,2124,2122,2120
11578,2129,2127,2125,2123
11579,2132,2130,2128,2126
11580,2135,2133,2131,2129
11581,2138,2136,2134,2132
11582,2141,2139,2137,2135
11583,2144,2142,2140,2138
11584,2147,2145,2143,2141
11585,2150,2148,2146,2144
11586,2153,2151,2149,2147
11587,2156,2154,2152,2150
11588,2159,2157,2155,2153
11589,2162,2160,2158,2156
11590,2165,2163,2161,2159
11591,2168,2166,2164,2162
11592,2171,2169,2167,2165
11593,2174,2172,2170,2168
11594,2177,2175,2173,2171
11595,2180,2178,2176,2174
11596,2183,2181,2179,2177
11597,2186,2184,2182,2180
11598,2189,2187,2185,2183
11599,2192,2190,2188,2186
11600,2195,2193,2191,2189
11601,2198,2196,2194,2192
11602,2201,2199,2197,2195
11603,2210,2202,2200,2198
11604,2213,2211,2203,2201
11605,2216,2214,2212,2204
11606,2219,2217,2215,2213
11607,2222,2220,2218,2216
11608,2225,2223,2221,2219
11609,2228,2226,2224,2222
11610,2231,2229,2227,2225
11611,2234,2232,2230,2228
11612,2237,2235,2233,2231
11613,2240,2238,2236,2234
11614,2243,2241,2239,2237
11615,2246,2244,2242,2240
11616,2249,2247,2245,2243
11617,2252,2250,2248,2246
11618,2255,2253,2251,2249
11619,2258,2256,2254,2252
11620,2261,2259,2257,2255
11621,2264,2262,2260,2258
11622,2267,2265,2263,2261
11623,2270,2268,2266,2264
11624,2273,2271,2269,2267
11625,2276,2274,2272,2270
11626,2279,2277,2275,2273
11627,2282,2280,2278,2276
11628,2285,2283,2281,2279
11629,2288,2286,2284,2282
11630,2291,2289,2287,2285
11631,2294,2292,2290,2288
11632,2297,2295,2293,2291
11633,2306,2298,2296,2294
11634,2309,2307,2299,2297
11635,2312,2310,2308,2300
11636,2315,2313,2311,2309
11637,2318,2316,2314,2312
11638,2321,2319,2317,2315
11639,2324,2322,2320,2318
11640,2327,2325,2323,2321
11641,2330,2328,2326,2324
11642,2333,2331,2329,2327
11643,2336,2334,2332,2330
11644,2339,2337,2335,2333
11645,2342,2340,2338,2336
11646,2345,2343,2341,2339
11647,2348,2346,2344,2342
11648,2351,2349,2347,2345
11649,2354,2352,2350,2348
11650,2357,2355,2353,2351
11651,2360,2358,2356,2354
11652,2363,2361,2359,2357
11653,2366,2364,2362,2360
11654,2369,2367,2365,2363
11655,2372,2370,2368,2366
11656,2375,2373,2371,2369
11657,2378,2376,2374,2372
11658,2381,2379,2377,2375
11659,2384,2382,2380,2378
11660,2387,2385,2383,2381
11661,2390,2388,2386,2384
11662,2393,2391,2389,2387
11663,2402,2394,2392,2390
11664,2405,2403,2395,2393
11665,2408,2406,2404,2396
11666,2411,2409,2407,2405
11667,2414,2412,2410,2408
11668,2417,2415,2413,2411
11669,2420,2418,2416,2414
11670,2423,2421,2419,2417
11671,2426,2424,2422,2420
11672,2429,2427,2425,2423
11673,2432,2430,2428,2426
11674,2435,2433,2431,2429
11675,2438,2436,2434,2432
11676,2441,2439,2437,2435
11677,2444,2442,2440,2438
11678,2447,2445,2443,2441
11679,2450,2448,2446,2444
11680,2453,2451,2449,2447
11681,2456,2454,2452,2450
11682,2459,2457,2455,2453
11683,2462,2460,2458,2456
11684,2465,2463,2461,2459
11685,2468,2466,2464,2462
11686,2471,2469,2467,2465
11687,2474,2472,2470,2468
11688,2477,2475,2473,2471
11689,2480,2478,2476,2474
11690,2483,2481,2479,2477
11691,2486,2484,2482,2480
11692,2489,2487,2485,2483
11693,2498,2490,2488,2486
11694,2501,2499,2491,2489
11695,2504,2502,2500,2492
11696,2507,2505,2503,2501
11697,2510,2508,2506,2504
11698,2513,2511,2509,2507
11699,2516,2514,2512,2510
11700,2519,2517,2515,2513
11701,2522,2520,2518,2516
11702,2525,2523,2521,2519
11703,2528,2526,2524,2522
11704,2531,2529,2527,2525
11705,2534,2532,2530,2528
11706,2537,2535,2533,2531
11707,2540,2538,2536,2534
11708,2543,2541,2539,2537
11709,2546,2544,2542,2540
11710,2549,2547,2545,2543
11711,2552,2550,2548,2546
11712,2555,2553,2551,2549
11713,2558,2556,2554,2552
11714,2561,2559,2557,2555
11715,2564,2562,2560,2558
11716,2567,2565,2563,2561
11717,2570,2568,2566,2564
11718,2573,2571,2569,2567
11719,2576,2574,2572,2570
11720,2579,2577,2575,2573
11721,2582,2580,2578,2576
11722,2585,2583,2581,2579
11723,2594,2586,2584,2582
11724,2597,2595,2587,2585
11725,2600,2598,2596,2588
11726,2603,2601,2599,2597
11727,2606,2604,2602,2600
11728,2609,2607,2605,2603
11729,2612,2610,2608,2606
11730,2615,2613,2611,2609
11731,2618,2616,2614,2612
11732,2621,2619,2617,2615
11733,2624,2622,2620,2618
11734,2627,2625,2623,2621
11735,2630,2628,2626,2624
11736,2633,2631,2629,2627
11737,2636,2634,2632,2630
11738,2639,2637,2635,2633
11739,2642,2640,2638,2636
11740,2645,2643,2641,2639
11741,2648,2646,2644,2642
11742,2651,2649,2647,2645
11743,2654,2652,2650,2648
11744,2657,2655,2653,2651
11745,2660,2658,2656,2654
11746,2663,2661,2659,2657
11747,2666,2664,2662,2660
11748,2669,2667,2665,2663
11749,2672,2670,2668,2666
11750,2675,2673,2671,2669
11751,2678,2676,2674,2672
11752,2681,2679,2677,2675
11753,2690,2682,2680,2678
11754,2693,2691,2683,2681
11755,2696,2694,2692,2684
11756,2699,2697,2695,2693
11757,2702,2700,2698,2696
11758,2705,2703,2701,2699
11759,2708,2706,2704,2702
11760,2711,2709,2707,2705
11761,2714,2712,2710,2708
11762,2717,2715,2713,2711
11763,2720,2718,2716,2714
11764,2723,2721,2719,2717
11765,2726,2724,2722,2720
11766,2729,2727,2725,2723
11767,2732,2730,2728,2726
11768,2735,2733,2731,2729
11769,2738,2736,2734,2732
11770,2741,2739,2737,2735
11771,2744,2742,2740,2738
11772,2747,2745,2743,2741
11773,2750,2748,2746,2744
11774,2753,2751,2749,2747
11775,2756,2754,2752,2750
11776,2759,2757,2755,2753
11777,2762,2760,2758,2756
11778,2765,2763,2761,2759
11779,2768,2766,2764,2762
11780,2771,2769,2767,2765
11781,2774,2772,2770,2768
11782,2777,2775,2773,2771
11783,2786,2778,2776,2774
11784,2789,2787,2779,2777
11785,2792,2790,2788,2780
11786,2795,2793,2791,2789
11787,2798,2796,2794,2792
11788,2801,2799,2797,2795
11789,2804,2802,2800,2798
11790,2807,2805,2803,2801
11791,2810,2808,2806,2804
11792,2813,2811,2809,2807
11793,2816,2814,2812,2810
11794,2819,2817,2815,2813
11795,2822,2820,2818,2816
11796,2825,2823,2821,2819
11797,2828,2826,2824,2822
11798,2831,2829,2827,2825
11799,2834,2832,2830,2828
11800,2837,2835,2833,2831
11801,2840,2838,2836,2834
11802,2843,2841,2839,2837
11803,2846,2844,2842,2840
11804,2849,2847,2845,2843
11805,2852,2850,2848,2846
11806,2855,2853,2851,2849
11807,2858,2856,2854,2852
11808,2861,2859,2857,2855
11809,2864,2862,2860,2858
11810,2867,2865,2863,2861
11811,2870,2868,2866,2864
11812,2873,2871,2869,2867
11813,2882,2874,2872,2870
11814,2885,2883,2875,2873
11815,2888,2886,2884,2876
11816,2891,2889,2887,2885
11817,2894,2892,2890,2888
11818,2897,2895,2893,2891
11819,2900,2898,2896,2894
11820,2903,2901,2899,2897
11821,2906,2904,2902,2900
11822,2909,2907,2905,2903
11823,2912,2910,2908,2906
11824,2915,2913,2911,2909
11825,2918,2916,2914,2912
11826,2921,2919,2917,2915
11827,2924,2922,2920,2918
11828,2927,2925,2923,2921
11829,2930,2928,2926,2924
11830,2933,2931,2929,2927
11831,2936,2934,2932,2930
11832,2939,2937,2935,2933
11833,2942,2940,2938,2936
11834,2945,2943,2941,2939
11835,2948,2946,2944,2942
11836,2951,2949,2947,2945
11837,2954,2952,2950,2948
11838,2957,2955,2953,2951
11839,2960,2958,2956,2954
11840,2963,2961,2959,2957
11841,2966,2964,2962,2960
11842,2969,2967,2965,2963
11843,2978,2970,2968,2966
11844,2981,2979,2971,2969
11845,2984,2982,2980,2972
11846,2987,2985,2983,2981
11847,2990,2988,2986,2984
11848,2993,2991,2989,2987
11849,2996,2994,2992,2990
11850,2999,2997,2995,2993
11851,3002,3000,2998,2996
11852,3005,3003,3001,2999
11853,3008,3006,3004,3002
11854,3011,3009,3007,3005
11855,3014,3012,3010,3008
11856,3017,3015,3013,3011
11857,3020,3018,3016,3014
11858,3023,3021,3019,3017
11859,3026,3024,3022,3020
11860,3029,3027,3025,3023
11861,3032,3030,3028,3026
11862,3035,3033,3031,3029
11863,3038,3036,3034,3032
11864,3041,3039,3037,3035
11865,3044,3042,3040,3038
11866,3047,3045,3043,3041
11867,3050,3048,3046,3044
11868,3053,3051,3049,3047
11869,3056,3054,3052,3050
11870,3059,3057,3055,3053
11871,3062,3060,3058,3056
11872,3065,3063,3061,3059
11873,-1,3066,3064,3062
11874,-1,-1,3067,3065
11875,-1,-1,-1,3068
11876,-1,-1,-1,-1
11877,-1,-1,-1,-1
11878,-1,-1,-1,-1
11879,-1,-1,-1,-1
11880,-1,-1,-1,-1
11881,-1,-1,-1,-1
11882,-1,-1,-1,-1
11883,-1,-1,-1,-1
11884,-1,-1,-1,-1
11885,-1,-1,-1,-1
11886,-1,-1,-1,-1
11887,198,-1,-1,-1
11888,201,199,-1,-1
11889,204,202,200,-1
11890,207,205,203,-1
11891,210,208,206,-1
11892,213,211,209,-1
11893,216,214,212,-1
11894,219,217,215,-1
11895,222,220,218,-1
11896,225,223,221,-1
11897,228,226,224,-1
11898,231,229,227,-1
11899,234,232,230,-1
11900,237,235,233,-1
11901,240,238,236,-1
11902,243,241,239,-1
11903,246,244,242,-1
11904,249,247,245,-1
11905,252,250,248,-1
11906,255,253,251,-1
11907,258,256,254,-1
11908,261,259,257,-1
11909,264,262,260,-1
11910,267,265,263,-1
11911,270,268,266,-1
11912,273,271,269,-1
11913,276,274,272,-1
11914,279,277,275,-1
11915,282,280,278,-1
11916,285,283,281,-1
11917,294,286,284,-1
11918,297,295,287,-1
11919,300,298,296,-1
11920,303,301,299,-1
11921,306,304,302,-1
11922,309,307,305,-1
11923,312,310,308,-1
11924,315,313,311,-1
11925,318,316,314,-1
11926,321,319,317,-1
11927,324,322,320,-1
11928,327,325,323,-1
11929,330,328,326,-1
11930,333,331,329,-1
11931,336,334,332,-1
11932,339,337,335,-1
11933,342,340,338,-1
11934,345,343,341,-1
11935,348,346,344,-1
11936,351,349,347,-1
11937,354,352,350,-1
11938,357,355,353,-1
11939,360,358,356,-1
11940,363,361,359,-1
11941,366,364,362,-1
11942,369,367,365,-1
11943,372,370,368,-1
11944,375,373,371,-1
11945,378,376,374,-1
11946,381,379,377,-1
11947,390,382,380,-1
11948,393,391,383,-1
11949,396,394,392,-1
11950,399,397,395,-1
11951,402,400,398,-1
11952,405,403,401,-1
11953,408,406,404,-1
11954,411,409,407,-1
11955,414,412,410,-1
11956,417,415,413,-1
11957,420,418,416,-1
11958,423,421,419,-1
11959,426,424,422,-1
11960,429,427,425,-1
11961,432,430,428,-1
11962,435,433,431,-1
11963,438,436,434,-1
11964,441,439,437,-1
11965,444,442,440,-1
11966,447,445,443,-1
11967,450,448,446,-1
11968,453,451,449,-1
11969,456,454,452,-1
11970,459,457,455,-1
11971,462,460,458,-1
11972,465,463,461,-1
11973,468,466,464,-1
11974,471,469,467,-1
11975,474,472,470,-1
11976,477,475,473,-1
11977,486,478,476,-1
11978,489,487,479,-1
11979,492,490,488,-1
11980,495,493,491,-1
11981,498,496,494,-1
11982,501,499,497,-1
11983,504,502,500,-1
11984,507,505,503,-1
11985,510,508,506,-1
11986,513,511,509,-1
11987,516,514,512,-1
11988,519,517,515,-1
11989,522,520,518,-1
11990,525,523,521,-1
11991,528,526,524,-1
11992,531,529,527,-1
11993,534,532,530,-1
11994,537,535,533,-1
11995,540,538,536,-1
11996,543,541,539,-1
11997,546,544,542,-1
11998,549,547,545,-1
11999,552,550,548,-1
12000,555,553,551,-1
12001,558,556,554,-1
12002,561,559,557,-1
12003,564,562,560,-1
12004,567,565,563,-1
12005,570,568,566,-1
12006,573,571,569,-1
12007,582,574,572,-1
12008,585,583,575,-1
12009,588,586,584,-1
12010,591,589,587,-1
12011,594,592,590,-1
12012,597,595,593,-1
12013,600,598,596,-1
12014,603,601,599,-1
12015,606,604,602,-1
12016,609,607,605,-1
12017,612,610,608,-1
12018,615,613,611,-1
12019,618,616,614,-1
12020,621,619,617,-1
12021,624,622,620,-1
12022,627,625,623,-1
12023,630,628,626,-1
12024,633,631,629,-1
12025,636,634,632,-1
12026,639,637,635,-1
12027,642,640,638,-1
12028,645,643,641,-1
12029,648,646,644,-1
12030,651,649,647,-1
12031,654,652,650,-1
12032,657,655,653,-1
12033,660,658,656,-1
12034,663,661,659,-1
12035,666,664,662,-1
12036,669,667,665,-1
12037,678,670,668,-1
12038,681,679,671,-1
12039,684,682,680,-1
12040,687,685,683,-1
12041,690,688,686,-1
12042,693,691,689,-1
12043,696,694,692,-1
12044,699,697,695,-1
12045,702,700,698,-1
12046,705,703,701,-1
12047,708,706,704,-1
12048,711,709,707,-1
12049,714,712,710,-1
12050,717,715,713,-1
12051,720,718,716,-1
12052,723,721,719,-1
12053,726,724,722,-1
12054,729,727,725,-1
12055,732,730,728,-1
12056,735,733,731,-1
12057,738,736,734,-1
12058,741,739,737,-1
12059,744,742,740,-1
12060,747,745,743,-1
12061,750,748,746,-1
12062,753,751,749,-1
12063,756,754,752,-1
12064,759,757,755,-1
12065,762,760,758,-1
12066,765,763,761,-1
12067,774,766,764,-1
12068,777,775,767,-1
12069,780,778,776,-1
12070,783,781,779,-1
12071,786,784,782,-1
12072,789,787,785,-1
12073,792,790,788,-1
12074,795,793,791,-1
12075,798,796,794,-1
12076,801,799,797,-1
12077,804,802,800,-1
12078,807,805,803,-1
12079,810,808,806,-1
12080,813,811,809,-1
12081,816,814,812,-1
12082,819,817,815,-1
12083,822,820,818,-1
12084,825,823,821,-1
12085,828,826,824,-1
12086,831,829,827,-1
12087,834,832,830,-1
12088,837,835,833,-1
12089,840,838,836,-1
12090,843,841,839,-1
12091,846,844,842,-1
12092,849,847,845,-1
12093,852,850,848,-1
12094,855,853,851,-1
12095,858,856,854,-1
12096,861,859,857,-1
12097,870,862,860,-1
12098,873,871,863,-1
12099,876,874,872,-1
12100,879,877,875,-1
12101,882,880,878,-1
12102,885,883,881,-1
12103,888,886,884,-1
12104,891,889,887,-1
12105,894,892,890,-1
12106,897,895,893,-1
12107,900,898,896,-1
12108,903,901,899,-1
12109,906,904,902,-1
12110,909,907,905,-1
12111,912,910,908,-1
12112,915,913,911,-1
12113,918,916,914,-1
12114,921,919,917,-1
12115,924,922,920,-1
12116,927,925,923,-1
12117,930,928,926,-1
12118,933,931,929,-1
12119,936,934,932,-1
12120,939,937,935,-1
12121,942,940,938,-1
12122,945,943,941,-1
12123,948,946,944,-1
12124,951,949,947,-1
12125,954,952,950,-1
12126,957,955,953,-1
12127,966,958,956,-1
12128,969,967,959,-1
12129,972,970,968,-1
12130,975,973,971,-1
12131,978,976,974,-1
12132,981,979,977,-1
12133,984,982,980,-1
12134,987,985,983,-1
12135,990,988,986,-1
12136,993,991,989,-1
12137,996,994,992,-1
12138,999,997,995,-1
12139,1002,1000,998,-1
12140,1005,1003,1001,-1
12141,1008,1006,1004,-1
12142,1011,1009,1007,-1
12143,1014,1012,1010,-1
12144,1017,1015,1013,-1
12145,1020,1018,1016,-1
12146,1023,1021,1019,-1
12147,1026,1024,1022,-1
12148,1029,1027,1025,-1
12149,1032,1030,1028,-1
12150,1035,1033,1031,-1
12151,1038,1036,1034,-1
12152,1041,1039,1037,-1
12153,1044,1042,1040,-1
12154,1047,1045,1043,-1
12155,1050,1048,1046,-1
12156,1053,1051,1049,-1
12157,1062,1054,1052,-1
12158,1065,1063,1055,-1
12159,1068,1066,1064,-1
12160,1071,1069,1067,-1
12161,1074,1072,1070,-1
12162,1077,1075,1073,-1
12163,1080,1078,1076,-1
12164,1083,1081,1079,-1
12165,1086,1084,1082,-1
12166,1089,1087,1085,-1
12167,1092,1090,1088,-1
12168,1095,1093,1091,-1
12169,1098,1096,1094,-1
12170,1101,1099,1097,-1
12171,1104,1102,1100,-1
12172,1107,1105,1103,-1
12173,1110,1108,1106,-1
12174,1113,1111,1109,-1
12175,1116,1114,1112,-1
12176,1119,1117,1115,-1
12177,1122,1120,1118,-1
12178,1125,1123,1121,-1
12179,1128,1126,1124,-1
12180,1131,1129,1127,-1
12181,1134,1132,1130,-1
12182,1137,1135,1133,-1
12183,1140,1138,1136,-1
12184,1143,1141,1139,-1
12185,1146,1144,1142,-1
12186,1149,1147,1145,-1
12187,1158,1150,1148,-1
12188,1161,1159,1151,-1
12189,1164,1162,1160,-1
12190,1167,1165,1163,-1
12191,1170,1168,1166,-1
12192,1173,1171,1169,-1
12193,1176,1174,1172,-1
12194,1179,1177,1175,-1
12195,1182,1180,1178,-1
12196,1185,1183,1181,-1
12197,1188,1186,1184,-1
12198,1191,1189,1187,-1
12199,1194,1192,1190,-1
12200,1197,1195,1193,-1
12201,1200,1198,1196,-1
12202,1203,1201,1199,-1
12203,1206,1204,1202,-1
12204,1209,1207,1205,-1
12205,1212,1210,1208,-1
12206,1215,1213,1211,-1
12207,1218,1216,1214,-1
12208,1221,1219,1217,-1
12209,1224,1222,1220,-1
12210,1227,1225,1223,-1
12211,1230,1228,1226,-1
12212,1233,1231,1229,-1
12213,1236,1234,1232,-1
12214,1239,1237,1235,-1
12215,1242,1240,1238,-1
12216,1245,1243,1241,-1
12217,1254,1246,1244,-1
12218,1257,1255,1247,-1
12219,1260,1258,1256,-1
12220,1263,1261,1259,-1
12221,1266,1264,1262,-1
12222,1269,1267,1265,-1
12223,1272,1270,1268,-1
12224,1275,1273,1271,-1
12225,1278,1276,1274,-1
12226,1281,1279,1277,-1
12227,1284,1282,1280,-1
12228,1287,1285,1283,-1
12229,1290,1288,1286,-1
12230,1293,1291,1289,-1
12231,1296,1294,1292,-1
12232,1299,1297,1295,-1
12233,1302,1300,1298,-1
12234,1305,1303,1301,-1
12235,1308,1306,1304,-1
12236,1311,1309,1307,-1
12237,1314,1312,1310,-1
12238,1317,1315,1313,-1
12239,1320,1318,1316,-1
12240,1323,1321,1319,-1
12241,1326,1324,1322,-1
12242,1329,1327,1325,-1
12243,1332,1330,1328,-1
12244,1335,1333,1331,-1
12245,1338,1336,1334,-1
12246,1341,1339,1337,-1
12247,1350,1342,1340,-1
12248,1353,1351,1343,-1
12249,1356,1354,1352,-1
12250,1359,1357,1355,-1
12251,1362,1360,1358,-1
12252,1365,1363,1361,-1
12253,1368,1366,1364,-1
12254,1371,1369,1367,-1
12255,1374,1372,1370,-1
12256,1377,1375,1373,-1
12257,1380,1378,1376,-1
12258,1383,1381,1379,-1
12259,1386,1384,1382,-1
12260,1389,1387,1385,-1
12261,1392,1390,1388,-1
12262,1395,1393,1391,-1
12263,1398,1396,1394,-1
12264,1401,1399,1397,-1
12265,1404,1402,1400,-1
12266,1407,1405,1403,-1
12267,1410,1408,1406,-1
12268,1413,1411,1409,-1
12269,1416,1414,1412,-1
12270,1419,1417,1415,-1
12271,1422,1420,1418,-1
12272,1425,1423,1421,-1
12273,1428,1426,1424,-1
12274,1431,1429,1427,-1
12275,1434,1432,1430,-1
12276,1437,1435,1433,-1
12277,1446,1438,1436,-1
12278,1449,1447,1439,-1
12279,1452,1450,1448,-1
12280,1455,1453,1451,-1
12281,1458,1456,1454,-1
12282,1461,1459,1457,-1
12283,1464,1462,1460,-1
12284,1467,1465,1463,-1
12285,1470,1468,1466,-1
12286,1473,1471,1469,-1
12287,1476,1474,1472,-1
12288,1479,1477,1475,-1
12289,1482,1480,1478,-1
12290,1485,1483,1481,-1
12291,1488,1486,1484,-1
12292,1491,1489,1487,-1
12293,1494,1492,1490,-1
12294,1497,1495,1493,-1
12295,1500,1498,1496,-1
12296,1503,1501,1499,-1
12297,1506,1504,1502,-1
12298,1509,1507,1505,-1
12299,1512,1510,1508,-1
12300,1515,1513,1511,-1
12301,1518,1516,1514,-1
12302,1521,1519,1517,-1
12303,1524,1522,1520,-1
12304,1527,1525,1523,-1
12305,1530,1528,1526,-1
12306,1533,1531,1529,-1
12307,1542,1534,1532,-1
12308,1545,1543,1535,-1
12309,1548,1546,1544,-1
12310,1551,1549,1547,-1
12311,1554,1552,1550,-1
12312,1557,1555,1553,-1
12313,1560,1558,1556,-1
12314,1563,1561,1559,-1
12315,1566,1564,1562,-1
12316,1569,1567,1565,-1
12317,1572,1570,1568,-1
12318,1575,1573,1571,-1
12319,1578,1576,1574,-1
12320,1581,1579,1577,-1
12321,1584,1582,1580,-1
12322,1587,1585,1583,-1
12323,1590,1588,1586,-1
12324,1593,1591,1589,-1
12325,1596,1594,1592,-1
12326,1599,1597,1595,-1
12327,1602,1600,1598,-1
12328,1605,1603,1601,-1
12329,1608,1606,1604,-1
12330,1611,1609,1607,-1
12331,1614,1612,1610,-1
12332,1617,1615,1613,-1
12333,1620,1618,1616,-1
12334,1623,1621,1619,-1
12335,1626,1624,1622,-1
12336,1629,1627,1625,-1
12337,1638,1630,1628,-1
12338,1641,1639,1631,-1
12339,1644,1642,1640,-1
12340,1647,1645,1643,-1
12341,1650,1648,1646,-1
12342,1653,1651,1649,-1
12343,1656,1654,1652,-1
12344,1659,1657,1655,-1
12345,1662,1660,1658,-1
12346,1665,1663,1661,-1
12347,1668,1666,1664,-1
12348,1671,1669,1667,-1
12349,1674,1672,1670,-1
12350,1677,1675,1673,-1
12351,1680,1678,1676,-1
12352,1683,1681,1679,-1
12353,1686,1684,1682,-1
12354,1689,1687,1685,-1
12355,1692,1690,1688,-1
12356,1695,1693,1691,-1
12357,1698,1696,1694,-1
12358,1701,1699,1697,-1
12359,1704,1702,1700,-1
12360,1707,1705,1703,-1
12361,1710,1708,1706,-1
12362,1713,1711,1709,-1
12363,1716,1714,1712,-1
12364,1719,1717,1715,-1
12365,1722,1720,1718,-1
12366,1725,1723,1721,-1
12367,1734,1726,1724,-1
12368,1737,1735,1727,-1
12369,1740,1738,1736,-1
12370,1743,1741,1739,-1
12371,1746,1744,1742,-1
12372,1749,1747,1745,-1
12373,1752,1750,1748,-1
12374,1755,1753,1751,-1
12375,1758,1756,1754,-1
12376,1761,1759,1757,-1
12377,1764,1762,1760,-1
12378,1767,1765,1763,-1
12379,1770,1768,1766,-1
12380,1773,1771,1769,-1
12381,1776,1774,1772,-1
12382,1779,1777,1775,-1
12383,1782,1780,1778,-1
12384,1785,1783,1781,-1
12385,1788,1786,1784,-1
12386,1791,1789,1787,-1
12387,1794,1792,1790,-1
12388,1797,1795,1793,-1
12389,1800,1798,1796,-1
12390,1803,1801,1799,-1
12391,1806,1804,1802,-1
12392,1809,1807,1805,-1
12393,1812,1810,1808,-1
12394,1815,1813,1811,-1
12395,1818,1816,1814,-1
12396,1821,1819,1817,-1
12397,1830,1822,1820,-1
12398,1833,1831,1823,-1
12399,1836,1834,1832,-1
12400,1839,1837,1835,-1
12401,1842,1840,1838,-1
12402,1845,1843,1841,-1
12403,1848,1846,1844,-1
12404,1851,1849,1847,-1
12405,1854,1852,1850,-1
12406,1857,1855,1853,-1
12407,1860,1858,1856,-1
12408,1863,1861,1859,-1
12409,1866,1864,1862,-1
12410,1869,1867,1865,-1
12411,1872,1870,1868,-1
12412,1875,1873,1871,-1
12413,1878,1876,1874,-1
12414,1881,1879,1877,-1
12415,1884,1882,1880,-1
12416,1887,1885,1883,-1
12417,1890,1888,1886,-1
12418,1893,1891,1889,-1
12419,1896,1894,1892,-1
12420,1899,1897,1895,-1
12421,1902,1900,1898,-1
12422,1905,1903,1901,-1
12423,1908,1906,1904,-1
12424,1911,1909,1907,-1
12425,1914,1912,1910,-1
12426,1917,1915,1913,-1
12427,1926,1918,1916,-1
12428,1929,1927,1919,-1
12429,1932,1930,1928,-1
12430,1935,1933,1931,-1
12431,1938,1936,1934,-1
12432,1941,1939,1937,-1
12433,1944,1942,1940,-1
12434,1947,1945,1943,-1
12435,1950,1948,1946,-1
12436,1953,1951,1949,-1
12437,1956,1954,1952,-1
12438,1959,1957,1955,-1
12439,1962,1960,1958,-1
12440,1965,1963,1961,-1
12441,1968,1966,1964,-1
12442,1971,1969,1967,-1
12443,1974,1972,1970,-1
12444,1977,1975,1973,-1
12445,1980,1978,1976,-1
12446,1983,1981,1979,-1
12447,1986,1984,1982,-1
12448,1989,1987,1985,-1
12449,1992,1990,1988,-1
12450,1995,1993,1991,-1
12451,1998,1996,1994,-1
12452,2001,1999,1997,-1
12453,2004,2002,2000,-1
12454,2007,2005,2003,-1
12455,2010,2008,2006,-1
12456,2013,2011,2009,-1
12457,2022,2014,2012,-1
12458,2025,2023,2015,-1
12459,2028,2026,2024,-1
12460,2031,2029,2027,-1
12461,2034,2032,2030,-1
12462,2037,2035,2033,-1
12463,2040,2038,2036,-1
12464,2043,2041,2039,-1
12465,2046,2044,2042,-1
12466,2049,2047,2045,-1
12467,2052,2050,2048,-1
12468,2055,2053,2051,-1
12469,2058,2056,2054,-1
12470,2061,2059,2057,-1
12471,2064,2062,2060,-1
12472,2067,2065,2063,-1
12473,2070,2068,2066,-1
12474,2073,2071,2069,-1
12475,2076,2074,2072,-1
12476,2079,2077,2075,-1
12477,2082,2080,2078,-1
12478,2085,2083,2081,-1
12479,2088,2086,2084,-1
12480,2091,2089,2087,-1
12481,2094,2092,2090,-1
12482,2097,2095,2093,-1
12483,2100,2098,2096,-1
12484,2103,2101,2099,-1
12485,2106,2104,2102,-1
12486,2109,2107,2105,-1
12487,2118,2110,2108,-1
12488,2121,2119,2111,-1
12489,2124,2122,2120,-1
12490,2127,2125,2123,-1
12491,2130,2128,2126,-1
12492,2133,2131,2129,-1
12493,2136,2134,2132,-1
12494,2139,2137,2135,-1
12495,2142,2140,2138,-1
12496,2145,2143,2141,-1
12497,2148,2146,2144,-1
12498,2151,2149,2147,-1
12499,2154,2152,2150,-1
12500,2157,2155,2153,-1
12501,2160,2158,2156,-1
12502,2163,2161,2159,-1
12503,2166,2164,2162,-1
12504,2169,2167,2165,-1
12505,2172,2170,2168,-1
12506,2175,2173,2171,-1
12507,2178,2176,2174,-1
12508,2181,2179,2177,-1
12509,2184,2182,2180,-1
12510,2187,2185,2183,-1
12511,2190,2188,2186,-1
12512,2193,2191,2189,-1
12513,2196,2194,2192,-1
12514,2199,2197,2195,-1
12515,2202,2200,2198,-1
12516,2205,2203,2201,-1
12517,2214,2206,2204,-1
12518,2217,2215,2207,-1
12519,2220,2218,2216,-1
12520,2223,2221,2219,-1
12521,2226,2224,2222,-1
12522,2229,2227,2225,-1
12523,2232,2230,2228,-1
12524,2235,2233,2231,-1
12525,2238,2236,2234,-1
12526,2241,2239,2237,-1
12527,2244,2242,2240,-1
12528,2247,2245,2243,-1
12529,2250,2248,2246,-1
12530,2253,2251,2249,-1
12531,2256,2254,2252,-1
12532,2259,2257,2255,-1
12533,2262,2260,2258,-1
12534,2265,2263,2261,-1
12535,2268,2266,2264,-1
12536,2271,2269,2267,-1
12537,2274,2272,2270,-1
12538,2277,2275,2273,-1
12539,2280,2278,2276,-1
12540,2283,2281,2279,-1
12541,2286,2284,2282,-1
12542,2289,2287,2285,-1
12543,2292,2290,2288,-1
12544,2295,2293,2291,-1
12545,2298,2296,2294,-1
12546,2301,2299,2297,-1
12547,2310,2302,2300,-1
12548,2313,2311,2303,-1
12549,2316,2314,2312,-1
12550,2319,2317,2315,-1
12551,2322,2320,2318,-1
12552,2325,2323,2321,-1
12553,2328,2326,2324,-1
12554,2331,2329,2327,-1
12555,2334,2332,2330,-1
12556,2337,2335,2333,-1
12557,2340,2338,2336,-1
12558,2343,2341,2339,-1
12559,2346,2344,2342,-1
12560,2349,2347,2345,-1
12561,2352,2350,2348,-1
12562,2355,2353,2351,-1
12563,2358,2356,2354,-1
12564,2361,2359,2357,-1
12565,2364,2362,2360,-1
12566,2367,2365,2363,-1
12567,2370,2368,2366,-1
12568,2373,2371,2369,-1
12569,2376,2374,2372,-1
12570,2379,2377,2375,-1
12571,2382,2380,2378,-1
12572,2385,2383,2381,-1
12573,2388,2386,2384,-1
12574,2391,2389,2387,-1
12575,2394,2392,2390,-1
12576,2397,2395,2393,-1
12577,2406,2398,2396,-1
12578,2409,2407,2399,-1
12579,2412,2410,2408,-1
12580,2415,2413,2411,-1
12581,2418,2416,2414,-1
12582,2421,2419,2417,-1
12583,2424,2422,2420,-1
12584,2427,2425,2423,-1
12585,2430,2428,2426,-1
12586,2433,2431,2429,-1
12587,2436,2434,2432,-1
12588,2439,2437,2435,-1
12589,2442,2440,2438,-1
12590,2445,2443,2441,-1
12591,2448,2446,2444,-1
12592,2451,2449,2447,-1
12593,2454,2452,2450,-1
12594,2457,2455,2453,-1
12595,2460,2458,2456,-1
12596,2463,2461,2459,-1
12597,2466,2464,2462,-1
12598,2469,2467,2465,-1
12599,2472,2470,2468,-1
12600,2475,2473,2471,-1
12601,2478,2476,2474,-1
12602,2481,2479,2477,-1
12603,2484,2482,2480,-1
12604,2487,2485,2483,-1
12605,2490,2488,2486,-1
12606,2493,2491,2489,-1
12607,2502,2494,2492,-1
12608,2505,2503,2495,-1
12609,2508,2506,2504,-1
12610,2511,2509,2507,-1
12611,2514,2512,2510,-1
12612,2517,2515,2513,-1
12613,2520,2518,2516,-1
12614,2523,2521,2519,-1
12615,2526,2524,2522,-1
12616,2529,2527,2525,-1
12617,2532,2530,2528,-1
12618,2535,2533,2531,-1
12619,2538,2536,2534,-1
12620,2541,2539,2537,-1
12621,2544,2542,2540,-1
12622,2547,2545,2543,-1
12623,2550,2548,2546,-1
12624,2553,2551,2549,-1
12625,2556,2554,2552,-1
12626,2559,2557,2555,-1
12627,2562,2560,2558,-1
12628,2565,2563,2561,-1
12629,2568,2566,2564,-1
12630,2571,2569,2567,-1
12631,2574,2572,2570,-1
12632,2577,2575,2573,-1
12633,2580,2578,2576,-1
12634,2583,2581,2579,-1
12635,2586,2584,2582,-1
12636,2589,2587,2585,-1
12637,2598,2590,2588,-1
12638,2601,2599,2591,-1
12639,2604,2602,2600,-1
12640,2607,2605,2603,-1
12641,2610,2608,2606,-1
12642,2613,2611,2609,-1
12643,2616,2614,2612,-1
12644,2619,2617,2615,-1
12645,2622,2620,2618,-1
12646,2625,2623,2621,-1
12647,2628,2626,2624,-1
12648,2631,2629,2627,-1
12649,2634,2632,2630,-1
12650,2637,2635,2633,-1
12651,2640,2638,2636,-1
12652,2643,2641,2639,-1
12653,2646,2644,2642,-1
12654,2649,2647,2645,-1
12655,2652,2650,2648,-1
12656,2655,2653,2651,-1
12657,2658,2656,2654,-1
12658,2661,2659,2657,-1
12659,2664,2662,2660,-1
12660,2667,2665,2663,-1
12661,2670,2668,2666,-1
12662,2673,2671,2669,-1
12663,2676,2674,2672,-1
12664,2679,2677,2675,-1
12665,2682,2680,2678,-1
12666,2685,2683,2681,-1
12667,2694,2686,2684,-1
12668,2697,2695,2687,-1
12669,2700,2698,2696,-1
12670,2703,2701,2699,-1
12671,2706,2704,2702,-1
12672,2709,2707,2705,-1
12673,2712,2710,2708,-1
12674,2715,2713,2711,-1
12675,2718,2716,2714,-1
12676,2721,2719,2717,-1
12677,2724,2722,2720,-1
12678,2727,2725,2723,-1
12679,2730,2728,2726,-1
12680,2733,2731,2729,-1
12681,2736,2734,2732,-1
12682,2739,2737,2735,-1
12683,2742,2740,2738,-1
12684,2745,2743,2741,-1
12685,2748,2746,2744,-1
12686,2751,2749,2747,-1
12687,2754,2752,2750,-1
12688,2757,2755,2753,-1
12689,2760,2758,2756,-1
12690,2763,2761,2759,-1
12691,2766,2764,2762,-1
12692,2769,2767,2765,-1
12693,2772,2770,2768,-1
12694,2775,2773,2771,-1
12695,2778,2776,2774,-1
12696,2781,2779,2777,-1
12697,2790,2782,2780,-1
12698,2793,2791,2783,-1
12699,2796,2794,2792,-1
12700,2799,2797,2795,-1
12701,2802,2800,2798,-1
12702,2805,2803,2801,-1
12703,2808,2806,2804,-1
12704,2811,2809,2807,-1
12705,2814,2812,2810,-1
12706,2817,2815,2813,-1
12707,2820,2818,2816,-1
12708,2823,2821,2819,-1
12709,2826,2824,2822,-1
12710,2829,2827,2825,-1
12711,2832,2830,2828,-1
12712,2835,2833,2831,-1
12713,2838,2836,2834,-1
12714,2841,2839,2837,-1
12715,2844,2842,2840,-1
12716,2847,2845,2843,-1
12717,2850,2848,2846,-1
12718,2853,2851,2849,-1
12719,2856,2854,2852,-1
12720,2859,2857,2855,-1
12721,2862,2860,2858,-1
12722,2865,2863,2861,-1
12723,2868,2866,2864,-1
12724,2871,2869,2867,-1
12725,2874,2872,2870,-1
12726,2877,2875,2873,-1
12727,2886,2878,2876,-1
12728,2889,2887,2879,-1
12729,2892,2890,2888,-1
12730,2895,2893,2891,-1
12731,2898,2896,2894,-1
12732,2901,2899,2897,-1
12733,2904,2902,2900,-1
12734,2907,2905,2903,-1
12735,2910,2908,2906,-1
12736,2913,2911,2909,-1
12737,2916,2914,2912,-1
12738,2919,2917,2915,-1
12739,2922,2920,2918,-1
12740,2925,2923,2921,-1
12741,2928,2926,2924,-1
12742,2931,2929,2927,-1
12743,2934,2932,2930,-1
12744,2937,2935,2933,-1
12745,2940,2938,2936,-1
12746,2943,2941,2939,-1
12747,2946,2944,2942,-1
12748,2949,2947,2945,-1
12749,2952,2950,2948,-1
12750,2955,2953,2951,-1
12751,2958,2956,2954,-1
12752,2961,2959,2957,-1
12753,2964,2962,2960,-1
12754,2967,2965,2963,-1
12755,2970,2968,2966,-1
12756,2973,2971,2969,-1
12757,2982,2974,2972,-1
12758,2985,2983,2975,-1
12759,2988,2986,2984,-1
12760,2991,2989,2987,-1
12761,2994,2992,2990,-1
12762,2997,2995,2993,-1
12763,3000,2998,2996,-1
12764,3003,3001,2999,-1
12765,3006,3004,3002,-1
12766,3009,3007,3005,-1
12767,3012,3010,3008,-1
12768,3015,3013,3011,-1
12769,3018,3016,3014,-1
12770,3021,3019,3017,-1
12771,3024,3022,3020,-1
12772,3027,3025,3023,-1
12773,3030,3028,3026,-1
12774,3033,3031,3029,-1
12775,3036,3034,3032,-1
12776,3039,3037,3035,-1
12777,3042,3040,3038,-1
12778,3045,3043,3041,-1
12779,3048,3046,3044,-1
12780,3051,3049,3047,-1
12781,3054,3052,3050,-1
12782,3057,3055,3053,-1
12783,3060,3058,3056,-1
12784,3063,3061,3059,-1
12785,3066,3064,3062,-1
12786,3069,3067,3065,-1
12787,-1,3070,3068,-1
12788,-1,-1,3071,-1
12789,-1,-1,-1,-1
12790,-1,-1,-1,-1
12791,-1,-1,-1,-1
12792,-1,-1,-1,-1
12793,-1,-1,-1,-1
12794,-1,-1,-1,-1
12795,-1,-1,-1,-1
12796,-1,-1,-1,-1
