0,-1,-1,-1,-1,-1,-1,-1,-1
1,-1,-1,-1,-1,-1,-1,-1,-1
2,-1,-1,-1,-1,-1,-1,-1,-1
3,-1,-1,-1,-1,-1,-1,-1,-1
4,-1,-1,-1,-1,-1,-1,-1,-1
5,-1,-1,-1,-1,-1,-1,-1,-1
6,-1,-1,-1,-1,-1,-1,-1,-1
7,20000000,-1,-1,-1,-1,-1,-1,-1
8,20000016,20000001,-1,-1,-1,-1,-1,-1
9,20000032,20000017,20000002,-1,-1,-1,-1,-1
10,20000048,20000033,20000018,20000003,-1,-1,-1,-1
11,20000064,20000049,20000034,20000019,20000004,-1,-1,-1
12,20000080,20000065,20000050,20000035,20000020,20000005,-1,-1
13,20000096,20000081,20000066,20000051,20000036,20000021,20000006,-1
14,20000112,20000097,20000082,20000067,20000052,20000037,20000022,20000007
15,20000128,20000113,20000098,20000083,20000068,20000053,20000038,20000023
16,20000144,20000129,20000114,20000099,20000084,20000069,20000054,20000039
17,20000160,20000145,20000130,20000115,20000100,20000085,20000070,20000055
18,20000176,20000161,20000146,20000131,20000116,20000101,20000086,20000071
19,20000192,20000177,20000162,20000147,20000132,20000117,20000102,20000087
20,20000208,20000193,20000178,20000163,20000148,20000133,20000118,20000103
21,20000224,20000209,20000194,20000179,20000164,20000149,20000134,20000119
22,20000240,20000225,20000210,20000195,20000180,20000165,20000150,20000135
23,20000256,20000241,20000226,20000211,20000196,20000181,20000166,20000151
24,20000272,20000257,20000242,20000227,20000212,20000197,20000182,20000167
25,20000288,20000273,20000258,20000243,20000228,20000213,20000198,20000183
26,20000304,20000289,20000274,20000259,20000244,20000229,20000214,20000199
27,20000320,20000305,20000290,20000275,20000260,20000245,20000230,20000215
28,20000336,20000321,20000306,20000291,20000276,20000261,20000246,20000231
29,20000352,20000337,20000322,20000307,20000292,20000277,20000262,20000247
30,20000368,20000353,20000338,20000323,20000308,20000293,20000278,20000263
31,20000384,20000369,20000354,20000339,20000324,20000309,20000294,20000279
32,20000400,20000385,20000370,20000355,20000340,20000325,20000310,20000295
33,20000416,20000401,20000386,20000371,20000356,20000341,20000326,20000311
34,20000432,20000417,20000402,20000387,20000372,20000357,20000342,20000327
35,20000448,20000433,20000418,20000403,20000388,20000373,20000358,20000343
36,20000464,20000449,20000434,20000419,20000404,20000389,20000374,20000359
37,20000480,20000465,20000450,20000435,20000420,20000405,20000390,20000375
38,20000496,20000481,20000466,20000451,20000436,20000421,20000406,20000391
39,20000512,20000497,20000482,20000467,20000452,20000437,20000422,20000407
40,20000528,20000513,20000498,20000483,20000468,20000453,20000438,20000423
41,20000544,20000529,20000514,20000499,20000484,20000469,20000454,20000439
42,20000560,20000545,20000530,20000515,20000500,20000485,20000470,20000455
43,20000576,20000561,20000546,20000531,20000516,20000501,20000486,20000471
44,20000592,20000577,20000562,20000547,20000532,20000517,20000502,20000487
45,20000608,20000593,20000578,20000563,20000548,20000533,20000518,20000503
46,20000624,20000609,20000594,20000579,20000564,20000549,20000534,20000519
47,20000640,20000625,20000610,20000595,20000580,20000565,20000550,20000535
48,20000656,20000641,20000626,20000611,20000596,20000581,20000566,20000551
49,20000672,20000657,20000642,20000627,20000612,20000597,20000582,20000567
50,20000688,20000673,20000658,20000643,20000628,20000613,20000598,20000583
51,20000704,20000689,20000674,20000659,20000644,20000629,20000614,20000599
52,20000720,20000705,20000690,20000675,20000660,20000645,20000630,20000615
53,20000736,20000721,20000706,20000691,20000676,20000661,20000646,20000631
54,20000752,20000737,20000722,20000707,20000692,20000677,20000662,20000647
55,20000768,20000753,20000738,20000723,20000708,20000693,20000678,20000663
56,20000784,20000769,20000754,20000739,20000724,20000709,20000694,20000679
57,20000800,20000785,20000770,20000755,20000740,20000725,20000710,20000695
58,20000816,20000801,20000786,20000771,20000756,20000741,20000726,20000711
59,20000832,20000817,20000802,20000787,20000772,20000757,20000742,20000727
60,20000848,20000833,20000818,20000803,20000788,20000773,20000758,20000743
61,20000864,20000849,20000834,20000819,20000804,20000789,20000774,20000759
62,20000880,20000865,20000850,20000835,20000820,20000805,20000790,20000775
63,20000896,20000881,20000866,20000851,20000836,20000821,20000806,20000791
64,20000912,20000897,20000882,20000867,20000852,20000837,20000822,20000807
65,20000928,20000913,20000898,20000883,20000868,20000853,20000838,20000823
66,20000944,20000929,20000914,20000899,20000884,20000869,20000854,20000839
67,20000960,20000945,20000930,20000915,20000900,20000885,20000870,20000855
68,20000976,20000961,20000946,20000931,20000916,20000901,20000886,20000871
69,20000992,20000977,20000962,20000947,20000932,20000917,20000902,20000887
70,20001008,20000993,20000978,20000963,20000948,20000933,20000918,20000903
71,20001024,20001009,20000994,20000979,20000964,20000949,20000934,20000919
72,20001040,20001025,20001010,20000995,20000980,20000965,20000950,20000935
73,20001056,20001041,20001026,20001011,20000996,20000981,20000966,20000951
74,20001072,20001057,20001042,20001027,20001012,20000997,20000982,20000967
75,20001088,20001073,20001058,20001043,20001028,20001013,20000998,20000983
76,20001104,20001089,20001074,20001059,20001044,20001029,20001014,20000999
77,20001120,20001105,20001090,20001075,20001060,20001045,20001030,20001015
78,20001136,20001121,20001106,20001091,20001076,20001061,20001046,20001031
79,20001152,20001137,20001122,20001107,20001092,20001077,20001062,20001047
80,20001168,20001153,20001138,20001123,20001108,20001093,20001078,20001063
81,20001184,20001169,20001154,20001139,20001124,20001109,20001094,20001079
82,20001200,20001185,20001170,20001155,20001140,20001125,20001110,20001095
83,20001216,20001201,20001186,20001171,20001156,20001141,20001126,20001111
84,20001232,20001217,20001202,20001187,20001172,20001157,20001142,20001127
85,20001248,20001233,20001218,20001203,20001188,20001173,20001158,20001143
86,20001264,20001249,20001234,20001219,20001204,20001189,20001174,20001159
87,20001280,20001265,20001250,20001235,20001220,20001205,20001190,20001175
88,20001296,20001281,20001266,20001251,20001236,20001221,20001206,20001191
89,20001312,20001297,20001282,20001267,20001252,20001237,20001222,20001207
90,20001328,20001313,20001298,20001283,20001268,20001253,20001238,20001223
91,20001344,20001329,20001314,20001299,20001284,20001269,20001254,20001239
92,20001360,20001345,20001330,20001315,20001300,20001285,20001270,20001255
93,20001376,20001361,20001346,20001331,20001316,20001301,20001286,20001271
94,20001392,20001377,20001362,20001347,20001332,20001317,20001302,20001287
95,20001408,20001393,20001378,20001363,20001348,20001333,20001318,20001303
96,20001424,20001409,20001394,20001379,20001364,20001349,20001334,20001319
97,20001440,20001425,20001410,20001395,20001380,20001365,20001350,20001335
98,20001456,20001441,20001426,20001411,20001396,20001381,20001366,20001351
99,20001472,20001457,20001442,20001427,20001412,20001397,20001382,20001367
100,20001488,20001473,20001458,20001443,20001428,20001413,20001398,20001383
101,20001504,20001489,20001474,20001459,20001444,20001429,20001414,20001399
102,20001520,20001505,20001490,20001475,20001460,20001445,20001430,20001415
103,20001536,20001521,20001506,20001491,20001476,20001461,20001446,20001431
104,20001552,20001537,20001522,20001507,20001492,20001477,20001462,20001447
105,20001568,20001553,20001538,20001523,20001508,20001493,20001478,20001463
106,20001584,20001569,20001554,20001539,20001524,20001509,20001494,20001479
107,20001600,20001585,20001570,20001555,20001540,20001525,20001510,20001495
108,20001616,20001601,20001586,20001571,20001556,20001541,20001526,20001511
109,20001632,20001617,20001602,20001587,20001572,20001557,20001542,20001527
110,20001648,20001633,20001618,20001603,20001588,20001573,20001558,20001543
111,20001664,20001649,20001634,20001619,20001604,20001589,20001574,20001559
112,20001680,20001665,20001650,20001635,20001620,20001605,20001590,20001575
113,20001696,20001681,20001666,20001651,20001636,20001621,20001606,20001591
114,20001712,20001697,20001682,20001667,20001652,20001637,20001622,20001607
115,20001728,20001713,20001698,20001683,20001668,20001653,20001638,20001623
116,20001744,20001729,20001714,20001699,20001684,20001669,20001654,20001639
117,20001760,20001745,20001730,20001715,20001700,20001685,20001670,20001655
118,20001776,20001761,20001746,20001731,20001716,20001701,20001686,20001671
119,20001792,20001777,20001762,20001747,20001732,20001717,20001702,20001687
120,20001808,20001793,20001778,20001763,20001748,20001733,20001718,20001703
121,20001824,20001809,20001794,20001779,20001764,20001749,20001734,20001719
122,20001840,20001825,20001810,20001795,20001780,20001765,20001750,20001735
123,20001856,20001841,20001826,20001811,20001796,20001781,20001766,20001751
124,20001872,20001857,20001842,20001827,20001812,20001797,20001782,20001767
125,20001888,20001873,20001858,20001843,20001828,20001813,20001798,20001783
126,20001904,20001889,20001874,20001859,20001844,20001829,20001814,20001799
127,20001920,20001905,20001890,20001875,20001860,20001845,20001830,20001815
128,20001936,20001921,20001906,20001891,20001876,20001861,20001846,20001831
129,20001952,20001937,20001922,20001907,20001892,20001877,20001862,20001847
130,20001968,20001953,20001938,20001923,20001908,20001893,20001878,20001863
131,20001984,20001969,20001954,20001939,20001924,20001909,20001894,20001879
132,20002000,20001985,20001970,20001955,20001940,20001925,20001910,20001895
133,20002016,20002001,20001986,20001971,20001956,20001941,20001926,20001911
134,20002032,20002017,20002002,20001987,20001972,20001957,20001942,20001927
135,20002048,20002033,20002018,20002003,20001988,20001973,20001958,20001943
136,20002064,20002049,20002034,20002019,20002004,20001989,20001974,20001959
137,20002080,20002065,20002050,20002035,20002020,20002005,20001990,20001975
138,20002096,20002081,20002066,20002051,20002036,20002021,20002006,20001991
139,20002112,20002097,20002082,20002067,20002052,20002037,20002022,20002007
140,20002128,20002113,20002098,20002083,20002068,20002053,20002038,20002023
141,20002144,20002129,20002114,20002099,20002084,20002069,20002054,20002039
142,20002160,20002145,20002130,20002115,20002100,20002085,20002070,20002055
143,20002176,20002161,20002146,20002131,20002116,20002101,20002086,20002071
144,20002192,20002177,20002162,20002147,20002132,20002117,20002102,20002087
145,20002208,20002193,20002178,20002163,20002148,20002133,20002118,20002103
146,20002224,20002209,20002194,20002179,20002164,20002149,20002134,20002119
147,20002240,20002225,20002210,20002195,20002180,20002165,20002150,20002135
148,20002256,20002241,20002226,20002211,20002196,20002181,20002166,20002151
149,20002272,20002257,20002242,20002227,20002212,20002197,20002182,20002167
150,20002288,20002273,20002258,20002243,20002228,20002213,20002198,20002183
151,20002304,20002289,20002274,20002259,20002244,20002229,20002214,20002199
152,20002320,20002305,20002290,20002275,20002260,20002245,20002230,20002215
153,20002336,20002321,20002306,20002291,20002276,20002261,20002246,20002231
154,20002352,20002337,20002322,20002307,20002292,20002277,20002262,20002247
155,20002368,20002353,20002338,20002323,20002308,20002293,20002278,20002263
156,20002384,20002369,20002354,20002339,20002324,20002309,20002294,20002279
157,20002400,20002385,20002370,20002355,20002340,20002325,20002310,20002295
158,20002416,20002401,20002386,20002371,20002356,20002341,20002326,20002311
159,20002432,20002417,20002402,20002387,20002372,20002357,20002342,20002327
160,20002448,20002433,20002418,20002403,20002388,20002373,20002358,20002343
161,20002464,20002449,20002434,20002419,20002404,20002389,20002374,20002359
162,20002480,20002465,20002450,20002435,20002420,20002405,20002390,20002375
163,20002496,20002481,20002466,20002451,20002436,20002421,20002406,20002391
164,20002512,20002497,20002482,20002467,20002452,20002437,20002422,20002407
165,20002528,20002513,20002498,20002483,20002468,20002453,20002438,20002423
166,20002544,20002529,20002514,20002499,20002484,20002469,20002454,20002439
167,20002560,20002545,20002530,20002515,20002500,20002485,20002470,20002455
168,20002576,20002561,20002546,20002531,20002516,20002501,20002486,20002471
169,20002592,20002577,20002562,20002547,20002532,20002517,20002502,20002487
170,20002608,20002593,20002578,20002563,20002548,20002533,20002518,20002503
171,20002624,20002609,20002594,20002579,20002564,20002549,20002534,20002519
172,20002640,20002625,20002610,20002595,20002580,20002565,20002550,20002535
173,20002656,20002641,20002626,20002611,20002596,20002581,20002566,20002551
174,20002672,20002657,20002642,20002627,20002612,20002597,20002582,20002567
175,20002688,20002673,20002658,20002643,20002628,20002613,20002598,20002583
176,20002704,20002689,20002674,20002659,20002644,20002629,20002614,20002599
177,20002720,20002705,20002690,20002675,20002660,20002645,20002630,20002615
178,20002736,20002721,20002706,20002691,20002676,20002661,20002646,20002631
179,20002752,20002737,20002722,20002707,20002692,20002677,20002662,20002647
180,20002768,20002753,20002738,20002723,20002708,20002693,20002678,20002663
181,20002784,20002769,20002754,20002739,20002724,20002709,20002694,20002679
182,20002800,20002785,20002770,20002755,20002740,20002725,20002710,20002695
183,20002816,20002801,20002786,20002771,20002756,20002741,20002726,20002711
184,20002832,20002817,20002802,20002787,20002772,20002757,20002742,20002727
185,20002848,20002833,20002818,20002803,20002788,20002773,20002758,20002743
186,20002864,20002849,20002834,20002819,20002804,20002789,20002774,20002759
187,20002880,20002865,20002850,20002835,20002820,20002805,20002790,20002775
188,20002896,20002881,20002866,20002851,20002836,20002821,20002806,20002791
189,20002912,20002897,20002882,20002867,20002852,20002837,20002822,20002807
190,20002928,20002913,20002898,20002883,20002868,20002853,20002838,20002823
191,20002944,20002929,20002914,20002899,20002884,20002869,20002854,20002839
192,20002960,20002945,20002930,20002915,20002900,20002885,20002870,20002855
193,20002976,20002961,20002946,20002931,20002916,20002901,20002886,20002871
194,20002992,20002977,20002962,20002947,20002932,20002917,20002902,20002887
195,20003008,20002993,20002978,20002963,20002948,20002933,20002918,20002903
196,20003024,20003009,20002994,20002979,20002964,20002949,20002934,20002919
197,20003040,20003025,20003010,20002995,20002980,20002965,20002950,20002935
198,20003056,20003041,20003026,20003011,20002996,20002981,20002966,20002951
199,20003072,20003057,20003042,20003027,20003012,20002997,20002982,20002967
200,20003088,20003073,20003058,20003043,20003028,20003013,20002998,20002983
201,20003104,20003089,20003074,20003059,20003044,20003029,20003014,20002999
202,20003120,20003105,20003090,20003075,20003060,20003045,20003030,20003015
203,20003136,20003121,20003106,20003091,20003076,20003061,20003046,20003031
204,20003152,20003137,20003122,20003107,20003092,20003077,20003062,20003047
205,20003168,20003153,20003138,20003123,20003108,20003093,20003078,20003063
206,20003184,20003169,20003154,20003139,20003124,20003109,20003094,20003079
207,20003200,20003185,20003170,20003155,20003140,20003125,20003110,20003095
208,20003216,20003201,20003186,20003171,20003156,20003141,20003126,20003111
209,20003232,20003217,20003202,20003187,20003172,20003157,20003142,20003127
210,20003248,20003233,20003218,20003203,20003188,20003173,20003158,20003143
211,20003264,20003249,20003234,20003219,20003204,20003189,20003174,20003159
212,20003280,20003265,20003250,20003235,20003220,20003205,20003190,20003175
213,20003296,20003281,20003266,20003251,20003236,20003221,20003206,20003191
214,20003312,20003297,20003282,20003267,20003252,20003237,20003222,20003207
215,20003328,20003313,20003298,20003283,20003268,20003253,20003238,20003223
216,20003344,20003329,20003314,20003299,20003284,20003269,20003254,20003239
217,20003360,20003345,20003330,20003315,20003300,20003285,20003270,20003255
218,20003376,20003361,20003346,20003331,20003316,20003301,20003286,20003271
219,20003392,20003377,20003362,20003347,20003332,20003317,20003302,20003287
220,20003408,20003393,20003378,20003363,20003348,20003333,20003318,20003303
221,20003424,20003409,20003394,20003379,20003364,20003349,20003334,20003319
222,20003440,20003425,20003410,20003395,20003380,20003365,20003350,20003335
223,20003456,20003441,20003426,20003411,20003396,20003381,20003366,20003351
224,20003472,20003457,20003442,20003427,20003412,20003397,20003382,20003367
225,20003488,20003473,20003458,20003443,20003428,20003413,20003398,20003383
226,20003504,20003489,20003474,20003459,20003444,20003429,20003414,20003399
227,20003520,20003505,20003490,20003475,20003460,20003445,20003430,20003415
228,20003536,20003521,20003506,20003491,20003476,20003461,20003446,20003431
229,20003552,20003537,20003522,20003507,20003492,20003477,20003462,20003447
230,20003568,20003553,20003538,20003523,20003508,20003493,20003478,20003463
231,20003584,20003569,20003554,20003539,20003524,20003509,20003494,20003479
232,20003600,20003585,20003570,20003555,20003540,20003525,20003510,20003495
233,20003616,20003601,20003586,20003571,20003556,20003541,20003526,20003511
234,20003632,20003617,20003602,20003587,20003572,20003557,20003542,20003527
235,20003648,20003633,20003618,20003603,20003588,20003573,20003558,20003543
236,20003664,20003649,20003634,20003619,20003604,20003589,20003574,20003559
237,20003680,20003665,20003650,20003635,20003620,20003605,20003590,20003575
238,20003696,20003681,20003666,20003651,20003636,20003621,20003606,20003591
239,20003712,20003697,20003682,20003667,20003652,20003637,20003622,20003607
240,20003728,20003713,20003698,20003683,20003668,20003653,20003638,20003623
241,20003744,20003729,20003714,20003699,20003684,20003669,20003654,20003639
242,20003760,20003745,20003730,20003715,20003700,20003685,20003670,20003655
243,20003776,20003761,20003746,20003731,20003716,20003701,20003686,20003671
244,20003792,20003777,20003762,20003747,20003732,20003717,20003702,20003687
245,20003808,20003793,20003778,20003763,20003748,20003733,20003718,20003703
246,20003824,20003809,20003794,20003779,20003764,20003749,20003734,20003719
247,20003840,20003825,20003810,20003795,20003780,20003765,20003750,20003735
248,20003856,20003841,20003826,20003811,20003796,20003781,20003766,20003751
249,20003872,20003857,20003842,20003827,20003812,20003797,20003782,20003767
250,20003888,20003873,20003858,20003843,20003828,20003813,20003798,20003783
251,20003904,20003889,20003874,20003859,20003844,20003829,20003814,20003799
252,20003920,20003905,20003890,20003875,20003860,20003845,20003830,20003815
253,20003936,20003921,20003906,20003891,20003876,20003861,20003846,20003831
254,20003952,20003937,20003922,20003907,20003892,20003877,20003862,20003847
255,20003968,20003953,20003938,20003923,20003908,20003893,20003878,20003863
256,20003984,20003969,20003954,20003939,20003924,20003909,20003894,20003879
257,20004000,20003985,20003970,20003955,20003940,20003925,20003910,20003895
258,20004016,20004001,20003986,20003971,20003956,20003941,20003926,20003911
259,20004032,20004017,20004002,20003987,20003972,20003957,20003942,20003927
260,20004048,20004033,20004018,20004003,20003988,20003973,20003958,20003943
261,20004064,20004049,20004034,20004019,20004004,20003989,20003974,20003959
262,20004080,20004065,20004050,20004035,20004020,20004005,20003990,20003975
263,20004096,20004081,20004066,20004051,20004036,20004021,20004006,20003991
264,20004112,20004097,20004082,20004067,20004052,20004037,20004022,20004007
265,20004128,20004113,20004098,20004083,20004068,20004053,20004038,20004023
266,20004144,20004129,20004114,20004099,20004084,20004069,20004054,20004039
267,20004160,20004145,20004130,20004115,20004100,20004085,20004070,20004055
268,20004176,20004161,20004146,20004131,20004116,20004101,20004086,20004071
269,20004192,20004177,20004162,20004147,20004132,20004117,20004102,20004087
270,20004208,20004193,20004178,20004163,20004148,20004133,20004118,20004103
271,20004224,20004209,20004194,20004179,20004164,20004149,20004134,20004119
272,20004240,20004225,20004210,20004195,20004180,20004165,20004150,20004135
273,20004256,20004241,20004226,20004211,20004196,20004181,20004166,20004151
274,20004272,20004257,20004242,20004227,20004212,20004197,20004182,20004167
275,20004288,20004273,20004258,20004243,20004228,20004213,20004198,20004183
276,20004304,20004289,20004274,20004259,20004244,20004229,20004214,20004199
277,20004320,20004305,20004290,20004275,20004260,20004245,20004230,20004215
278,20004336,20004321,20004306,20004291,20004276,20004261,20004246,20004231
279,20004352,20004337,20004322,20004307,20004292,20004277,20004262,20004247
280,20004368,20004353,20004338,20004323,20004308,20004293,20004278,20004263
281,20004384,20004369,20004354,20004339,20004324,20004309,20004294,20004279
282,20004400,20004385,20004370,20004355,20004340,20004325,20004310,20004295
283,20004416,20004401,20004386,20004371,20004356,20004341,20004326,20004311
284,20004432,20004417,20004402,20004387,20004372,20004357,20004342,20004327
285,20004448,20004433,20004418,20004403,20004388,20004373,20004358,20004343
286,20004464,20004449,20004434,20004419,20004404,20004389,20004374,20004359
287,20004480,20004465,20004450,20004435,20004420,20004405,20004390,20004375
288,20004496,20004481,20004466,20004451,20004436,20004421,20004406,20004391
289,20004512,20004497,20004482,20004467,20004452,20004437,20004422,20004407
290,20004528,20004513,20004498,20004483,20004468,20004453,20004438,20004423
291,20004544,20004529,20004514,20004499,20004484,20004469,20004454,20004439
292,20004560,20004545,20004530,20004515,20004500,20004485,20004470,20004455
293,20004576,20004561,20004546,20004531,20004516,20004501,20004486,20004471
294,20004592,20004577,20004562,20004547,20004532,20004517,20004502,20004487
295,20004608,20004593,20004578,20004563,20004548,20004533,20004518,20004503
296,20004624,20004609,20004594,20004579,20004564,20004549,20004534,20004519
297,20004640,20004625,20004610,20004595,20004580,20004565,20004550,20004535
298,20004656,20004641,20004626,20004611,20004596,20004581,20004566,20004551
299,20004672,20004657,20004642,20004627,20004612,20004597,20004582,20004567
300,20004688,20004673,20004658,20004643,20004628,20004613,20004598,20004583
301,20004704,20004689,20004674,20004659,20004644,20004629,20004614,20004599
302,20004720,20004705,20004690,20004675,20004660,20004645,20004630,20004615
303,20004736,20004721,20004706,20004691,20004676,20004661,20004646,20004631
304,20004752,20004737,20004722,20004707,20004692,20004677,20004662,20004647
305,20004768,20004753,20004738,20004723,20004708,20004693,20004678,20004663
306,20004784,20004769,20004754,20004739,20004724,20004709,20004694,20004679
307,20004800,20004785,20004770,20004755,20004740,20004725,20004710,20004695
308,20004816,20004801,20004786,20004771,20004756,20004741,20004726,20004711
309,20004832,20004817,20004802,20004787,20004772,20004757,20004742,20004727
310,20004848,20004833,20004818,20004803,20004788,20004773,20004758,20004743
311,20004864,20004849,20004834,20004819,20004804,20004789,20004774,20004759
312,20004880,20004865,20004850,20004835,20004820,20004805,20004790,20004775
313,20004896,20004881,20004866,20004851,20004836,20004821,20004806,20004791
314,20004912,20004897,20004882,20004867,20004852,20004837,20004822,20004807
315,20004928,20004913,20004898,20004883,20004868,20004853,20004838,20004823
316,20004944,20004929,20004914,20004899,20004884,20004869,20004854,20004839
317,20004960,20004945,20004930,20004915,20004900,20004885,20004870,20004855
318,20004976,20004961,20004946,20004931,20004916,20004901,20004886,20004871
319,20004992,20004977,20004962,20004947,20004932,20004917,20004902,20004887
320,20005008,20004993,20004978,20004963,20004948,20004933,20004918,20004903
321,20005024,20005009,20004994,20004979,20004964,20004949,20004934,20004919
322,20005040,20005025,20005010,20004995,20004980,20004965,20004950,20004935
323,20005056,20005041,20005026,20005011,20004996,20004981,20004966,20004951
324,20005072,20005057,20005042,20005027,20005012,20004997,20004982,20004967
325,20005088,20005073,20005058,20005043,20005028,20005013,20004998,20004983
326,20005104,20005089,20005074,20005059,20005044,20005029,20005014,20004999
327,20005120,20005105,20005090,20005075,20005060,20005045,20005030,20005015
328,20005136,20005121,20005106,20005091,20005076,20005061,20005046,20005031
329,20005152,20005137,20005122,20005107,20005092,20005077,20005062,20005047
330,20005168,20005153,20005138,20005123,20005108,20005093,20005078,20005063
331,20005184,20005169,20005154,20005139,20005124,20005109,20005094,20005079
332,20005200,20005185,20005170,20005155,20005140,20005125,20005110,20005095
333,20005216,20005201,20005186,20005171,20005156,20005141,20005126,20005111
334,20005232,20005217,20005202,20005187,20005172,20005157,20005142,20005127
335,20005248,20005233,20005218,20005203,20005188,20005173,20005158,20005143
336,20005264,20005249,20005234,20005219,20005204,20005189,20005174,20005159
337,20005280,20005265,20005250,20005235,20005220,20005205,20005190,20005175
338,20005296,20005281,20005266,20005251,20005236,20005221,20005206,20005191
339,20005312,20005297,20005282,20005267,20005252,20005237,20005222,20005207
340,20005328,20005313,20005298,20005283,20005268,20005253,20005238,20005223
341,20005344,20005329,20005314,20005299,20005284,20005269,20005254,20005239
342,20005360,20005345,20005330,20005315,20005300,20005285,20005270,20005255
343,20005376,20005361,20005346,20005331,20005316,20005301,20005286,20005271
344,20005392,20005377,20005362,20005347,20005332,20005317,20005302,20005287
345,20005408,20005393,20005378,20005363,20005348,20005333,20005318,20005303
346,20005424,20005409,20005394,20005379,20005364,20005349,20005334,20005319
347,20005440,20005425,20005410,20005395,20005380,20005365,20005350,20005335
348,20005456,20005441,20005426,20005411,20005396,20005381,20005366,20005351
349,20005472,20005457,20005442,20005427,20005412,20005397,20005382,20005367
350,20005488,20005473,20005458,20005443,20005428,20005413,20005398,20005383
351,20005504,20005489,20005474,20005459,20005444,20005429,20005414,20005399
352,20005520,20005505,20005490,20005475,20005460,20005445,20005430,20005415
353,20005536,20005521,20005506,20005491,20005476,20005461,20005446,20005431
354,20005552,20005537,20005522,20005507,20005492,20005477,20005462,20005447
355,20005568,20005553,20005538,20005523,20005508,20005493,20005478,20005463
356,20005584,20005569,20005554,20005539,20005524,20005509,20005494,20005479
357,20005600,20005585,20005570,20005555,20005540,20005525,20005510,20005495
358,20005616,20005601,20005586,20005571,20005556,20005541,20005526,20005511
359,20005632,20005617,20005602,20005587,20005572,20005557,20005542,20005527
360,20005648,20005633,20005618,20005603,20005588,20005573,20005558,20005543
361,20005664,20005649,20005634,20005619,20005604,20005589,20005574,20005559
362,20005680,20005665,20005650,20005635,20005620,20005605,20005590,20005575
363,20005696,20005681,20005666,20005651,20005636,20005621,20005606,20005591
364,20005712,20005697,20005682,20005667,20005652,20005637,20005622,20005607
365,20005728,20005713,20005698,20005683,20005668,20005653,20005638,20005623
366,20005744,20005729,20005714,20005699,20005684,20005669,20005654,20005639
367,20005760,20005745,20005730,20005715,20005700,20005685,20005670,20005655
368,20005776,20005761,20005746,20005731,20005716,20005701,20005686,20005671
369,20005792,20005777,20005762,20005747,20005732,20005717,20005702,20005687
370,20005808,20005793,20005778,20005763,20005748,20005733,20005718,20005703
371,20005824,20005809,20005794,20005779,20005764,20005749,20005734,20005719
372,20005840,20005825,20005810,20005795,20005780,20005765,20005750,20005735
373,20005856,20005841,20005826,20005811,20005796,20005781,20005766,20005751
374,20005872,20005857,20005842,20005827,20005812,20005797,20005782,20005767
375,20005888,20005873,20005858,20005843,20005828,20005813,20005798,20005783
376,20005904,20005889,20005874,20005859,20005844,20005829,20005814,20005799
377,20005920,20005905,20005890,20005875,20005860,20005845,20005830,20005815
378,20005936,20005921,20005906,20005891,20005876,20005861,20005846,20005831
379,20005952,20005937,20005922,20005907,20005892,20005877,20005862,20005847
380,20005968,20005953,20005938,20005923,20005908,20005893,20005878,20005863
381,20005984,20005969,20005954,20005939,20005924,20005909,20005894,20005879
382,20006000,20005985,20005970,20005955,20005940,20005925,20005910,20005895
383,20006016,20006001,20005986,20005971,20005956,20005941,20005926,20005911
384,20006032,20006017,20006002,20005987,20005972,20005957,20005942,20005927
385,20006048,20006033,20006018,20006003,20005988,20005973,20005958,20005943
386,20006064,20006049,20006034,20006019,20006004,20005989,20005974,20005959
387,20006080,20006065,20006050,20006035,20006020,20006005,20005990,20005975
388,20006096,20006081,20006066,20006051,20006036,20006021,20006006,20005991
389,20006112,20006097,20006082,20006067,20006052,20006037,20006022,20006007
390,20006128,20006113,20006098,20006083,20006068,20006053,20006038,20006023
391,20006144,20006129,20006114,20006099,20006084,20006069,20006054,20006039
392,20006160,20006145,20006130,20006115,20006100,20006085,20006070,20006055
393,20006176,20006161,20006146,20006131,20006116,20006101,20006086,20006071
394,20006192,20006177,20006162,20006147,20006132,20006117,20006102,20006087
395,20006208,20006193,20006178,20006163,20006148,20006133,20006118,20006103
396,20006224,20006209,20006194,20006179,20006164,20006149,20006134,20006119
397,20006240,20006225,20006210,20006195,20006180,20006165,20006150,20006135
398,20006256,20006241,20006226,20006211,20006196,20006181,20006166,20006151
399,20006272,20006257,20006242,20006227,20006212,20006197,20006182,20006167
400,20006288,20006273,20006258,20006243,20006228,20006213,20006198,20006183
401,20006304,20006289,20006274,20006259,20006244,20006229,20006214,20006199
402,20006320,20006305,20006290,20006275,20006260,20006245,20006230,20006215
403,20006336,20006321,20006306,20006291,20006276,20006261,20006246,20006231
404,20006352,20006337,20006322,20006307,20006292,20006277,20006262,20006247
405,20006368,20006353,20006338,20006323,20006308,20006293,20006278,20006263
406,20006384,20006369,20006354,20006339,20006324,20006309,20006294,20006279
407,20006400,20006385,20006370,20006355,20006340,20006325,20006310,20006295
408,20006416,20006401,20006386,20006371,20006356,20006341,20006326,20006311
409,20006432,20006417,20006402,20006387,20006372,20006357,20006342,20006327
410,20006448,20006433,20006418,20006403,20006388,20006373,20006358,20006343
411,20006464,20006449,20006434,20006419,20006404,20006389,20006374,20006359
412,20006480,20006465,20006450,20006435,20006420,20006405,20006390,20006375
413,20006496,20006481,20006466,20006451,20006436,20006421,20006406,20006391
414,20006512,20006497,20006482,20006467,20006452,20006437,20006422,20006407
415,20006528,20006513,20006498,20006483,20006468,20006453,20006438,20006423
416,20006544,20006529,20006514,20006499,20006484,20006469,20006454,20006439
417,20006560,20006545,20006530,20006515,20006500,20006485,20006470,20006455
418,20006576,20006561,20006546,20006531,20006516,20006501,20006486,20006471
419,20006592,20006577,20006562,20006547,20006532,20006517,20006502,20006487
420,20006608,20006593,20006578,20006563,20006548,20006533,20006518,20006503
421,20006624,20006609,20006594,20006579,20006564,20006549,20006534,20006519
422,20006640,20006625,20006610,20006595,20006580,20006565,20006550,20006535
423,20006656,20006641,20006626,20006611,20006596,20006581,20006566,20006551
424,20006672,20006657,20006642,20006627,20006612,20006597,20006582,20006567
425,20006688,20006673,20006658,20006643,20006628,20006613,20006598,20006583
426,20006704,20006689,20006674,20006659,20006644,20006629,20006614,20006599
427,20006720,20006705,20006690,20006675,20006660,20006645,20006630,20006615
428,20006736,20006721,20006706,20006691,20006676,20006661,20006646,20006631
429,20006752,20006737,20006722,20006707,20006692,20006677,20006662,20006647
430,20006768,20006753,20006738,20006723,20006708,20006693,20006678,20006663
431,20006784,20006769,20006754,20006739,20006724,20006709,20006694,20006679
432,20006800,20006785,20006770,20006755,20006740,20006725,20006710,20006695
433,20006816,20006801,20006786,20006771,20006756,20006741,20006726,20006711
434,20006832,20006817,20006802,20006787,20006772,20006757,20006742,20006727
435,20006848,20006833,20006818,20006803,20006788,20006773,20006758,20006743
436,20006864,20006849,20006834,20006819,20006804,20006789,20006774,20006759
437,20006880,20006865,20006850,20006835,20006820,20006805,20006790,20006775
438,20006896,20006881,20006866,20006851,20006836,20006821,20006806,20006791
439,20006912,20006897,20006882,20006867,20006852,20006837,20006822,20006807
440,20006928,20006913,20006898,20006883,20006868,20006853,20006838,20006823
441,20006944,20006929,20006914,20006899,20006884,20006869,20006854,20006839
442,20006960,20006945,20006930,20006915,20006900,20006885,20006870,20006855
443,20006976,20006961,20006946,20006931,20006916,20006901,20006886,20006871
444,20006992,20006977,20006962,20006947,20006932,20006917,20006902,20006887
445,20007008,20006993,20006978,20006963,20006948,20006933,20006918,20006903
446,20007024,20007009,20006994,20006979,20006964,20006949,20006934,20006919
447,20007040,20007025,20007010,20006995,20006980,20006965,20006950,20006935
448,20007056,20007041,20007026,20007011,20006996,20006981,20006966,20006951
449,20007072,20007057,20007042,20007027,20007012,20006997,20006982,20006967
450,20007088,20007073,20007058,20007043,20007028,20007013,20006998,20006983
451,20007104,20007089,20007074,20007059,20007044,20007029,20007014,20006999
452,20007120,20007105,20007090,20007075,20007060,20007045,20007030,20007015
453,20007136,20007121,20007106,20007091,20007076,20007061,20007046,20007031
454,20007152,20007137,20007122,20007107,20007092,20007077,20007062,20007047
455,20007168,20007153,20007138,20007123,20007108,20007093,20007078,20007063
456,20007184,20007169,20007154,20007139,20007124,20007109,20007094,20007079
457,20007200,20007185,20007170,20007155,20007140,20007125,20007110,20007095
458,20007216,20007201,20007186,20007171,20007156,20007141,20007126,20007111
459,20007232,20007217,20007202,20007187,20007172,20007157,20007142,20007127
460,20007248,20007233,20007218,20007203,20007188,20007173,20007158,20007143
461,20007264,20007249,20007234,20007219,20007204,20007189,20007174,20007159
462,20007280,20007265,20007250,20007235,20007220,20007205,20007190,20007175
463,20007296,20007281,20007266,20007251,20007236,20007221,20007206,20007191
464,20007312,20007297,20007282,20007267,20007252,20007237,20007222,20007207
465,20007328,20007313,20007298,20007283,20007268,20007253,20007238,20007223
466,20007344,20007329,20007314,20007299,20007284,20007269,20007254,20007239
467,20007360,20007345,20007330,20007315,20007300,20007285,20007270,20007255
468,20007376,20007361,20007346,20007331,20007316,20007301,20007286,20007271
469,20007392,20007377,20007362,20007347,20007332,20007317,20007302,20007287
470,20007408,20007393,20007378,20007363,20007348,20007333,20007318,20007303
471,20007424,20007409,20007394,20007379,20007364,20007349,20007334,20007319
472,20007440,20007425,20007410,20007395,20007380,20007365,20007350,20007335
473,20007456,20007441,20007426,20007411,20007396,20007381,20007366,20007351
474,20007472,20007457,20007442,20007427,20007412,20007397,20007382,20007367
475,20007488,20007473,20007458,20007443,20007428,20007413,20007398,20007383
476,20007504,20007489,20007474,20007459,20007444,20007429,20007414,20007399
477,20007520,20007505,20007490,20007475,20007460,20007445,20007430,20007415
478,20007536,20007521,20007506,20007491,20007476,20007461,20007446,20007431
479,20007552,20007537,20007522,20007507,20007492,20007477,20007462,20007447
480,20007568,20007553,20007538,20007523,20007508,20007493,20007478,20007463
481,20007584,20007569,20007554,20007539,20007524,20007509,20007494,20007479
482,20007600,20007585,20007570,20007555,20007540,20007525,20007510,20007495
483,20007616,20007601,20007586,20007571,20007556,20007541,20007526,20007511
484,20007632,20007617,20007602,20007587,20007572,20007557,20007542,20007527
485,20007648,20007633,20007618,20007603,20007588,20007573,20007558,20007543
486,20007664,20007649,20007634,20007619,20007604,20007589,20007574,20007559
487,20007680,20007665,20007650,20007635,20007620,20007605,20007590,20007575
488,20007696,20007681,20007666,20007651,20007636,20007621,20007606,20007591
489,20007712,20007697,20007682,20007667,20007652,20007637,20007622,20007607
490,20007728,20007713,20007698,20007683,20007668,20007653,20007638,20007623
491,20007744,20007729,20007714,20007699,20007684,20007669,20007654,20007639
492,20007760,20007745,20007730,20007715,20007700,20007685,20007670,20007655
493,20007776,20007761,20007746,20007731,20007716,20007701,20007686,20007671
494,20007792,20007777,20007762,20007747,20007732,20007717,20007702,20007687
495,20007808,20007793,20007778,20007763,20007748,20007733,20007718,20007703
496,20007824,20007809,20007794,20007779,20007764,20007749,20007734,20007719
497,20007840,20007825,20007810,20007795,20007780,20007765,20007750,20007735
498,20007856,20007841,20007826,20007811,20007796,20007781,20007766,20007751
499,20007872,20007857,20007842,20007827,20007812,20007797,20007782,20007767
500,20007888,20007873,20007858,20007843,20007828,20007813,20007798,20007783
501,20007904,20007889,20007874,20007859,20007844,20007829,20007814,20007799
502,20007920,20007905,20007890,20007875,20007860,20007845,20007830,20007815
503,20007936,20007921,20007906,20007891,20007876,20007861,20007846,20007831
504,20007952,20007937,20007922,20007907,20007892,20007877,20007862,20007847
505,20007968,20007953,20007938,20007923,20007908,20007893,20007878,20007863
506,20007984,20007969,20007954,20007939,20007924,20007909,20007894,20007879
507,20008000,20007985,20007970,20007955,20007940,20007925,20007910,20007895
508,20008016,20008001,20007986,20007971,20007956,20007941,20007926,20007911
509,20008032,20008017,20008002,20007987,20007972,20007957,20007942,20007927
510,20008048,20008033,20008018,20008003,20007988,20007973,20007958,20007943
511,20008064,20008049,20008034,20008019,20008004,20007989,20007974,20007959
512,20008080,20008065,20008050,20008035,20008020,20008005,20007990,20007975
513,20008096,20008081,20008066,20008051,20008036,20008021,20008006,20007991
514,20008112,20008097,20008082,20008067,20008052,20008037,20008022,20008007
515,20008128,20008113,20008098,20008083,20008068,20008053,20008038,20008023
516,20008144,20008129,20008114,20008099,20008084,20008069,20008054,20008039
517,20008160,20008145,20008130,20008115,20008100,20008085,20008070,20008055
518,20008176,20008161,20008146,20008131,20008116,20008101,20008086,20008071
519,20008192,20008177,20008162,20008147,20008132,20008117,20008102,20008087
520,20008208,20008193,20008178,20008163,20008148,20008133,20008118,20008103
521,20008224,20008209,20008194,20008179,20008164,20008149,20008134,20008119
522,20008240,20008225,20008210,20008195,20008180,20008165,20008150,20008135
523,20008256,20008241,20008226,20008211,20008196,20008181,20008166,20008151
524,20008272,20008257,20008242,20008227,20008212,20008197,20008182,20008167
525,20008288,20008273,20008258,20008243,20008228,20008213,20008198,20008183
526,20008304,20008289,20008274,20008259,20008244,20008229,20008214,20008199
527,20008320,20008305,20008290,20008275,20008260,20008245,20008230,20008215
528,20008336,20008321,20008306,20008291,20008276,20008261,20008246,20008231
529,20008352,20008337,20008322,20008307,20008292,20008277,20008262,20008247
530,20008368,20008353,20008338,20008323,20008308,20008293,20008278,20008263
531,20008384,20008369,20008354,20008339,20008324,20008309,20008294,20008279
532,20008400,20008385,20008370,20008355,20008340,20008325,20008310,20008295
533,20008416,20008401,20008386,20008371,20008356,20008341,20008326,20008311
534,20008432,20008417,20008402,20008387,20008372,20008357,20008342,20008327
535,20008448,20008433,20008418,20008403,20008388,20008373,20008358,20008343
536,20008464,20008449,20008434,20008419,20008404,20008389,20008374,20008359
537,20008480,20008465,20008450,20008435,20008420,20008405,20008390,20008375
538,20008496,20008481,20008466,20008451,20008436,20008421,20008406,20008391
539,20008512,20008497,20008482,20008467,20008452,20008437,20008422,20008407
540,20008528,20008513,20008498,20008483,20008468,20008453,20008438,20008423
541,20008544,20008529,20008514,20008499,20008484,20008469,20008454,20008439
542,20008560,20008545,20008530,20008515,20008500,20008485,20008470,20008455
543,20008576,20008561,20008546,20008531,20008516,20008501,20008486,20008471
544,20008592,20008577,20008562,20008547,20008532,20008517,20008502,20008487
545,20008608,20008593,20008578,20008563,20008548,20008533,20008518,20008503
546,20008624,20008609,20008594,20008579,20008564,20008549,20008534,20008519
547,20008640,20008625,20008610,20008595,20008580,20008565,20008550,20008535
548,20008656,20008641,20008626,20008611,20008596,20008581,20008566,20008551
549,20008672,20008657,20008642,20008627,20008612,20008597,20008582,20008567
550,20008688,20008673,20008658,20008643,20008628,20008613,20008598,20008583
551,20008704,20008689,20008674,20008659,20008644,20008629,20008614,20008599
552,20008720,20008705,20008690,20008675,20008660,20008645,20008630,20008615
553,20008736,20008721,20008706,20008691,20008676,20008661,20008646,20008631
554,20008752,20008737,20008722,20008707,20008692,20008677,20008662,20008647
555,20008768,20008753,20008738,20008723,20008708,20008693,20008678,20008663
556,20008784,20008769,20008754,20008739,20008724,20008709,20008694,20008679
557,20008800,20008785,20008770,20008755,20008740,20008725,20008710,20008695
558,20008816,20008801,20008786,20008771,20008756,20008741,20008726,20008711
559,20008832,20008817,20008802,20008787,20008772,20008757,20008742,20008727
560,20008848,20008833,20008818,20008803,20008788,20008773,20008758,20008743
561,20008864,20008849,20008834,20008819,20008804,20008789,20008774,20008759
562,20008880,20008865,20008850,20008835,20008820,20008805,20008790,20008775
563,20008896,20008881,20008866,20008851,20008836,20008821,20008806,20008791
564,20008912,20008897,20008882,20008867,20008852,20008837,20008822,20008807
565,20008928,20008913,20008898,20008883,20008868,20008853,20008838,20008823
566,20008944,20008929,20008914,20008899,20008884,20008869,20008854,20008839
567,20008960,20008945,20008930,20008915,20008900,20008885,20008870,20008855
568,20008976,20008961,20008946,20008931,20008916,20008901,20008886,20008871
569,20008992,20008977,20008962,20008947,20008932,20008917,20008902,20008887
570,20009008,20008993,20008978,20008963,20008948,20008933,20008918,20008903
571,20009024,20009009,20008994,20008979,20008964,20008949,20008934,20008919
572,20009040,20009025,20009010,20008995,20008980,20008965,20008950,20008935
573,20009056,20009041,20009026,20009011,20008996,20008981,20008966,20008951
574,20009072,20009057,20009042,20009027,20009012,20008997,20008982,20008967
575,20009088,20009073,20009058,20009043,20009028,20009013,20008998,20008983
576,20009104,20009089,20009074,20009059,20009044,20009029,20009014,20008999
577,20009120,20009105,20009090,20009075,20009060,20009045,20009030,20009015
578,20009136,20009121,20009106,20009091,20009076,20009061,20009046,20009031
579,20009152,20009137,20009122,20009107,20009092,20009077,20009062,20009047
580,20009168,20009153,20009138,20009123,20009108,20009093,20009078,20009063
581,20009184,20009169,20009154,20009139,20009124,20009109,20009094,20009079
582,20009200,20009185,20009170,20009155,20009140,20009125,20009110,20009095
583,20009216,20009201,20009186,20009171,20009156,20009141,20009126,20009111
584,20009232,20009217,20009202,20009187,20009172,20009157,20009142,20009127
585,20009248,20009233,20009218,20009203,20009188,20009173,20009158,20009143
586,20009264,20009249,20009234,20009219,20009204,20009189,20009174,20009159
587,20009280,20009265,20009250,20009235,20009220,20009205,20009190,20009175
588,20009296,20009281,20009266,20009251,20009236,20009221,20009206,20009191
589,20009312,20009297,20009282,20009267,20009252,20009237,20009222,20009207
590,20009328,20009313,20009298,20009283,20009268,20009253,20009238,20009223
591,20009344,20009329,20009314,20009299,20009284,20009269,20009254,20009239
592,20009360,20009345,20009330,20009315,20009300,20009285,20009270,20009255
593,20009376,20009361,20009346,20009331,20009316,20009301,20009286,20009271
594,20009392,20009377,20009362,20009347,20009332,20009317,20009302,20009287
595,20009408,20009393,20009378,20009363,20009348,20009333,20009318,20009303
596,20009424,20009409,20009394,20009379,20009364,20009349,20009334,20009319
597,20009440,20009425,20009410,20009395,20009380,20009365,20009350,20009335
598,20009456,20009441,20009426,20009411,20009396,20009381,20009366,20009351
599,20009472,20009457,20009442,20009427,20009412,20009397,20009382,20009367
600,20009488,20009473,20009458,20009443,20009428,20009413,20009398,20009383
601,20009504,20009489,20009474,20009459,20009444,20009429,20009414,20009399
602,20009520,20009505,20009490,20009475,20009460,20009445,20009430,20009415
603,20009536,20009521,20009506,20009491,20009476,20009461,20009446,20009431
604,20009552,20009537,20009522,20009507,20009492,20009477,20009462,20009447
605,20009568,20009553,20009538,20009523,20009508,20009493,20009478,20009463
606,20009584,20009569,20009554,20009539,20009524,20009509,20009494,20009479
607,20009600,20009585,20009570,20009555,20009540,20009525,20009510,20009495
608,20009616,20009601,20009586,20009571,20009556,20009541,20009526,20009511
609,20009632,20009617,20009602,20009587,20009572,20009557,20009542,20009527
610,20009648,20009633,20009618,20009603,20009588,20009573,20009558,20009543
611,20009664,20009649,20009634,20009619,20009604,20009589,20009574,20009559
612,20009680,20009665,20009650,20009635,20009620,20009605,20009590,20009575
613,20009696,20009681,20009666,20009651,20009636,20009621,20009606,20009591
614,20009712,20009697,20009682,20009667,20009652,20009637,20009622,20009607
615,20009728,20009713,20009698,20009683,20009668,20009653,20009638,20009623
616,20009744,20009729,20009714,20009699,20009684,20009669,20009654,20009639
617,20009760,20009745,20009730,20009715,20009700,20009685,20009670,20009655
618,20009776,20009761,20009746,20009731,20009716,20009701,20009686,20009671
619,20009792,20009777,20009762,20009747,20009732,20009717,20009702,20009687
620,20009808,20009793,20009778,20009763,20009748,20009733,20009718,20009703
621,20009824,20009809,20009794,20009779,20009764,20009749,20009734,20009719
622,20009840,20009825,20009810,20009795,20009780,20009765,20009750,20009735
623,20009856,20009841,20009826,20009811,20009796,20009781,20009766,20009751
624,20009872,20009857,20009842,20009827,20009812,20009797,20009782,20009767
625,20009888,20009873,20009858,20009843,20009828,20009813,20009798,20009783
626,20009904,20009889,20009874,20009859,20009844,20009829,20009814,20009799
627,20009920,20009905,20009890,20009875,20009860,20009845,20009830,20009815
628,20009936,20009921,20009906,20009891,20009876,20009861,20009846,20009831
629,20009952,20009937,20009922,20009907,20009892,20009877,20009862,20009847
630,20009968,20009953,20009938,20009923,20009908,20009893,20009878,20009863
631,20009984,20009969,20009954,20009939,20009924,20009909,20009894,20009879
632,20010000,20009985,20009970,20009955,20009940,20009925,20009910,20009895
633,20010016,20010001,20009986,20009971,20009956,20009941,20009926,20009911
634,20010032,20010017,20010002,20009987,20009972,20009957,20009942,20009927
635,20010048,20010033,20010018,20010003,20009988,20009973,20009958,20009943
636,20010064,20010049,20010034,20010019,20010004,20009989,20009974,20009959
637,20010080,20010065,20010050,20010035,20010020,20010005,20009990,20009975
638,20010096,20010081,20010066,20010051,20010036,20010021,20010006,20009991
639,20010112,20010097,20010082,20010067,20010052,20010037,20010022,20010007
640,20010128,20010113,20010098,20010083,20010068,20010053,20010038,20010023
641,20010144,20010129,20010114,20010099,20010084,20010069,20010054,20010039
642,20010160,20010145,20010130,20010115,20010100,20010085,20010070,20010055
643,20010176,20010161,20010146,20010131,20010116,20010101,20010086,20010071
644,20010192,20010177,20010162,20010147,20010132,20010117,20010102,20010087
645,20010208,20010193,20010178,20010163,20010148,20010133,20010118,20010103
646,20010224,20010209,20010194,20010179,20010164,20010149,20010134,20010119
647,20010240,20010225,20010210,20010195,20010180,20010165,20010150,20010135
648,20010256,20010241,20010226,20010211,20010196,20010181,20010166,20010151
649,20010272,20010257,20010242,20010227,20010212,20010197,20010182,20010167
650,20010288,20010273,20010258,20010243,20010228,20010213,20010198,20010183
651,20010304,20010289,20010274,20010259,20010244,20010229,20010214,20010199
652,20010320,20010305,20010290,20010275,20010260,20010245,20010230,20010215
653,20010336,20010321,20010306,20010291,20010276,20010261,20010246,20010231
654,20010352,20010337,20010322,20010307,20010292,20010277,20010262,20010247
655,20010368,20010353,20010338,20010323,20010308,20010293,20010278,20010263
656,20010384,20010369,20010354,20010339,20010324,20010309,20010294,20010279
657,20010400,20010385,20010370,20010355,20010340,20010325,20010310,20010295
658,20010416,20010401,20010386,20010371,20010356,20010341,20010326,20010311
659,20010432,20010417,20010402,20010387,20010372,20010357,20010342,20010327
660,20010448,20010433,20010418,20010403,20010388,20010373,20010358,20010343
661,20010464,20010449,20010434,20010419,20010404,20010389,20010374,20010359
662,20010480,20010465,20010450,20010435,20010420,20010405,20010390,20010375
663,20010496,20010481,20010466,20010451,20010436,20010421,20010406,20010391
664,20010512,20010497,20010482,20010467,20010452,20010437,20010422,20010407
665,20010528,20010513,20010498,20010483,20010468,20010453,20010438,20010423
666,20010544,20010529,20010514,20010499,20010484,20010469,20010454,20010439
667,20010560,20010545,20010530,20010515,20010500,20010485,20010470,20010455
668,20010576,20010561,20010546,20010531,20010516,20010501,20010486,20010471
669,20010592,20010577,20010562,20010547,20010532,20010517,20010502,20010487
670,20010608,20010593,20010578,20010563,20010548,20010533,20010518,20010503
671,20010624,20010609,20010594,20010579,20010564,20010549,20010534,20010519
672,20010640,20010625,20010610,20010595,20010580,20010565,20010550,20010535
673,20010656,20010641,20010626,20010611,20010596,20010581,20010566,20010551
674,20010672,20010657,20010642,20010627,20010612,20010597,20010582,20010567
675,20010688,20010673,20010658,20010643,20010628,20010613,20010598,20010583
676,20010704,20010689,20010674,20010659,20010644,20010629,20010614,20010599
677,20010720,20010705,20010690,20010675,20010660,20010645,20010630,20010615
678,20010736,20010721,20010706,20010691,20010676,20010661,20010646,20010631
679,20010752,20010737,20010722,20010707,20010692,20010677,20010662,20010647
680,20010768,20010753,20010738,20010723,20010708,20010693,20010678,20010663
681,20010784,20010769,20010754,20010739,20010724,20010709,20010694,20010679
682,20010800,20010785,20010770,20010755,20010740,20010725,20010710,20010695
683,20010816,20010801,20010786,20010771,20010756,20010741,20010726,20010711
684,20010832,20010817,20010802,20010787,20010772,20010757,20010742,20010727
685,20010848,20010833,20010818,20010803,20010788,20010773,20010758,20010743
686,20010864,20010849,20010834,20010819,20010804,20010789,20010774,20010759
687,20010880,20010865,20010850,20010835,20010820,20010805,20010790,20010775
688,20010896,20010881,20010866,20010851,20010836,20010821,20010806,20010791
689,20010912,20010897,20010882,20010867,20010852,20010837,20010822,20010807
690,20010928,20010913,20010898,20010883,20010868,20010853,20010838,20010823
691,20010944,20010929,20010914,20010899,20010884,20010869,20010854,20010839
692,20010960,20010945,20010930,20010915,20010900,20010885,20010870,20010855
693,20010976,20010961,20010946,20010931,20010916,20010901,20010886,20010871
694,20010992,20010977,20010962,20010947,20010932,20010917,20010902,20010887
695,20011008,20010993,20010978,20010963,20010948,20010933,20010918,20010903
696,20011024,20011009,20010994,20010979,20010964,20010949,20010934,20010919
697,20011040,20011025,20011010,20010995,20010980,20010965,20010950,20010935
698,20011056,20011041,20011026,20011011,20010996,20010981,20010966,20010951
699,20011072,20011057,20011042,20011027,20011012,20010997,20010982,20010967
700,20011088,20011073,20011058,20011043,20011028,20011013,20010998,20010983
701,20011104,20011089,20011074,20011059,20011044,20011029,20011014,20010999
702,20011120,20011105,20011090,20011075,20011060,20011045,20011030,20011015
703,20011136,20011121,20011106,20011091,20011076,20011061,20011046,20011031
704,20011152,20011137,20011122,20011107,20011092,20011077,20011062,20011047
705,20011168,20011153,20011138,20011123,20011108,20011093,20011078,20011063
706,20011184,20011169,20011154,20011139,20011124,20011109,20011094,20011079
707,20011200,20011185,20011170,20011155,20011140,20011125,20011110,20011095
708,20011216,20011201,20011186,20011171,20011156,20011141,20011126,20011111
709,20011232,20011217,20011202,20011187,20011172,20011157,20011142,20011127
710,20011248,20011233,20011218,20011203,20011188,20011173,20011158,20011143
711,20011264,20011249,20011234,20011219,20011204,20011189,20011174,20011159
712,20011280,20011265,20011250,20011235,20011220,20011205,20011190,20011175
713,20011296,20011281,20011266,20011251,20011236,20011221,20011206,20011191
714,20011312,20011297,20011282,20011267,20011252,20011237,20011222,20011207
715,20011328,20011313,20011298,20011283,20011268,20011253,20011238,20011223
716,20011344,20011329,20011314,20011299,20011284,20011269,20011254,20011239
717,20011360,20011345,20011330,20011315,20011300,20011285,20011270,20011255
718,20011376,20011361,20011346,20011331,20011316,20011301,20011286,20011271
719,20011392,20011377,20011362,20011347,20011332,20011317,20011302,20011287
720,20011408,20011393,20011378,20011363,20011348,20011333,20011318,20011303
721,20011424,20011409,20011394,20011379,20011364,20011349,20011334,20011319
722,20011440,20011425,20011410,20011395,20011380,20011365,20011350,20011335
723,20011456,20011441,20011426,20011411,20011396,20011381,20011366,20011351
724,20011472,20011457,20011442,20011427,20011412,20011397,20011382,20011367
725,20011488,20011473,20011458,20011443,20011428,20011413,20011398,20011383
726,20011504,20011489,20011474,20011459,20011444,20011429,20011414,20011399
727,20011520,20011505,20011490,20011475,20011460,20011445,20011430,20011415
728,20011536,20011521,20011506,20011491,20011476,20011461,20011446,20011431
729,20011552,20011537,20011522,20011507,20011492,20011477,20011462,20011447
730,20011568,20011553,20011538,20011523,20011508,20011493,20011478,20011463
731,20011584,20011569,20011554,20011539,20011524,20011509,20011494,20011479
732,20011600,20011585,20011570,20011555,20011540,20011525,20011510,20011495
733,20011616,20011601,20011586,20011571,20011556,20011541,20011526,20011511
734,20011632,20011617,20011602,20011587,20011572,20011557,20011542,20011527
735,20011648,20011633,20011618,20011603,20011588,20011573,20011558,20011543
736,20011664,20011649,20011634,20011619,20011604,20011589,20011574,20011559
737,20011680,20011665,20011650,20011635,20011620,20011605,20011590,20011575
738,20011696,20011681,20011666,20011651,20011636,20011621,20011606,20011591
739,20011712,20011697,20011682,20011667,20011652,20011637,20011622,20011607
740,20011728,20011713,20011698,20011683,20011668,20011653,20011638,20011623
741,20011744,20011729,20011714,20011699,20011684,20011669,20011654,20011639
742,20011760,20011745,20011730,20011715,20011700,20011685,20011670,20011655
743,20011776,20011761,20011746,20011731,20011716,20011701,20011686,20011671
744,20011792,20011777,20011762,20011747,20011732,20011717,20011702,20011687
745,20011808,20011793,20011778,20011763,20011748,20011733,20011718,20011703
746,20011824,20011809,20011794,20011779,20011764,20011749,20011734,20011719
747,20011840,20011825,20011810,20011795,20011780,20011765,20011750,20011735
748,20011856,20011841,20011826,20011811,20011796,20011781,20011766,20011751
749,20011872,20011857,20011842,20011827,20011812,20011797,20011782,20011767
750,20011888,20011873,20011858,20011843,20011828,20011813,20011798,20011783
751,20011904,20011889,20011874,20011859,20011844,20011829,20011814,20011799
752,20011920,20011905,20011890,20011875,20011860,20011845,20011830,20011815
753,20011936,20011921,20011906,20011891,20011876,20011861,20011846,20011831
754,20011952,20011937,20011922,20011907,20011892,20011877,20011862,20011847
755,20011968,20011953,20011938,20011923,20011908,20011893,20011878,20011863
756,20011984,20011969,20011954,20011939,20011924,20011909,20011894,20011879
757,20012000,20011985,20011970,20011955,20011940,20011925,20011910,20011895
758,20012016,20012001,20011986,20011971,20011956,20011941,20011926,20011911
759,20012032,20012017,20012002,20011987,20011972,20011957,20011942,20011927
760,20012048,20012033,20012018,20012003,20011988,20011973,20011958,20011943
761,20012064,20012049,20012034,20012019,20012004,20011989,20011974,20011959
762,20012080,20012065,20012050,20012035,20012020,20012005,20011990,20011975
763,20012096,20012081,20012066,20012051,20012036,20012021,20012006,20011991
764,20012112,20012097,20012082,20012067,20012052,20012037,20012022,20012007
765,20012128,20012113,20012098,20012083,20012068,20012053,20012038,20012023
766,20012144,20012129,20012114,20012099,20012084,20012069,20012054,20012039
767,20012160,20012145,20012130,20012115,20012100,20012085,20012070,20012055
768,20012176,20012161,20012146,20012131,20012116,20012101,20012086,20012071
769,20012192,20012177,20012162,20012147,20012132,20012117,20012102,20012087
770,20012208,20012193,20012178,20012163,20012148,20012133,20012118,20012103
771,20012224,20012209,20012194,20012179,20012164,20012149,20012134,20012119
772,20012240,20012225,20012210,20012195,20012180,20012165,20012150,20012135
773,20012256,20012241,20012226,20012211,20012196,20012181,20012166,20012151
774,20012272,20012257,20012242,20012227,20012212,20012197,20012182,20012167
775,20012288,20012273,20012258,20012243,20012228,20012213,20012198,20012183
776,20012304,20012289,20012274,20012259,20012244,20012229,20012214,20012199
777,20012320,20012305,20012290,20012275,20012260,20012245,20012230,20012215
778,20012336,20012321,20012306,20012291,20012276,20012261,20012246,20012231
779,20012352,20012337,20012322,20012307,20012292,20012277,20012262,20012247
780,20012368,20012353,20012338,20012323,20012308,20012293,20012278,20012263
781,20012384,20012369,20012354,20012339,20012324,20012309,20012294,20012279
782,20012400,20012385,20012370,20012355,20012340,20012325,20012310,20012295
783,20012416,20012401,20012386,20012371,20012356,20012341,20012326,20012311
784,20012432,20012417,20012402,20012387,20012372,20012357,20012342,20012327
785,20012448,20012433,20012418,20012403,20012388,20012373,20012358,20012343
786,20012464,20012449,20012434,20012419,20012404,20012389,20012374,20012359
787,20012480,20012465,20012450,20012435,20012420,20012405,20012390,20012375
788,20012496,20012481,20012466,20012451,20012436,20012421,20012406,20012391
789,20012512,20012497,20012482,20012467,20012452,20012437,20012422,20012407
790,20012528,20012513,20012498,20012483,20012468,20012453,20012438,20012423
791,20012544,20012529,20012514,20012499,20012484,20012469,20012454,20012439
792,20012560,20012545,20012530,20012515,20012500,20012485,20012470,20012455
793,20012576,20012561,20012546,20012531,20012516,20012501,20012486,20012471
794,20012592,20012577,20012562,20012547,20012532,20012517,20012502,20012487
795,20012608,20012593,20012578,20012563,20012548,20012533,20012518,20012503
796,20012624,20012609,20012594,20012579,20012564,20012549,20012534,20012519
797,20012640,20012625,20012610,20012595,20012580,20012565,20012550,20012535
798,20012656,20012641,20012626,20012611,20012596,20012581,20012566,20012551
799,20012672,20012657,20012642,20012627,20012612,20012597,20012582,20012567
800,20012688,20012673,20012658,20012643,20012628,20012613,20012598,20012583
801,20012704,20012689,20012674,20012659,20012644,20012629,20012614,20012599
802,20012720,20012705,20012690,20012675,20012660,20012645,20012630,20012615
803,20012736,20012721,20012706,20012691,20012676,20012661,20012646,20012631
804,20012752,20012737,20012722,20012707,20012692,20012677,20012662,20012647
805,20012768,20012753,20012738,20012723,20012708,20012693,20012678,20012663
806,20012784,20012769,20012754,20012739,20012724,20012709,20012694,20012679
807,20012800,20012785,20012770,20012755,20012740,20012725,20012710,20012695
808,20012816,20012801,20012786,20012771,20012756,20012741,20012726,20012711
809,20012832,20012817,20012802,20012787,20012772,20012757,20012742,20012727
810,20012848,20012833,20012818,20012803,20012788,20012773,20012758,20012743
811,20012864,20012849,20012834,20012819,20012804,20012789,20012774,20012759
812,20012880,20012865,20012850,20012835,20012820,20012805,20012790,20012775
813,20012896,20012881,20012866,20012851,20012836,20012821,20012806,20012791
814,20012912,20012897,20012882,20012867,20012852,20012837,20012822,20012807
815,20012928,20012913,20012898,20012883,20012868,20012853,20012838,20012823
816,20012944,20012929,20012914,20012899,20012884,20012869,20012854,20012839
817,20012960,20012945,20012930,20012915,20012900,20012885,20012870,20012855
818,20012976,20012961,20012946,20012931,20012916,20012901,20012886,20012871
819,20012992,20012977,20012962,20012947,20012932,20012917,20012902,20012887
820,20013008,20012993,20012978,20012963,20012948,20012933,20012918,20012903
821,20013024,20013009,20012994,20012979,20012964,20012949,20012934,20012919
822,20013040,20013025,20013010,20012995,20012980,20012965,20012950,20012935
823,20013056,20013041,20013026,20013011,20012996,20012981,20012966,20012951
824,20013072,20013057,20013042,20013027,20013012,20012997,20012982,20012967
825,20013088,20013073,20013058,20013043,20013028,20013013,20012998,20012983
826,20013104,20013089,20013074,20013059,20013044,20013029,20013014,20012999
827,20013120,20013105,20013090,20013075,20013060,20013045,20013030,20013015
828,20013136,20013121,20013106,20013091,20013076,20013061,20013046,20013031
829,20013152,20013137,20013122,20013107,20013092,20013077,20013062,20013047
830,20013168,20013153,20013138,20013123,20013108,20013093,20013078,20013063
831,20013184,20013169,20013154,20013139,20013124,20013109,20013094,20013079
832,20013200,20013185,20013170,20013155,20013140,20013125,20013110,20013095
833,20013216,20013201,20013186,20013171,20013156,20013141,20013126,20013111
834,20013232,20013217,20013202,20013187,20013172,20013157,20013142,20013127
835,20013248,20013233,20013218,20013203,20013188,20013173,20013158,20013143
836,20013264,20013249,20013234,20013219,20013204,20013189,20013174,20013159
837,20013280,20013265,20013250,20013235,20013220,20013205,20013190,20013175
838,20013296,20013281,20013266,20013251,20013236,20013221,20013206,20013191
839,20013312,20013297,20013282,20013267,20013252,20013237,20013222,20013207
840,20013328,20013313,20013298,20013283,20013268,20013253,20013238,20013223
841,20013344,20013329,20013314,20013299,20013284,20013269,20013254,20013239
842,20013360,20013345,20013330,20013315,20013300,20013285,20013270,20013255
843,20013376,20013361,20013346,20013331,20013316,20013301,20013286,20013271
844,20013392,20013377,20013362,20013347,20013332,20013317,20013302,20013287
845,20013408,20013393,20013378,20013363,20013348,20013333,20013318,20013303
846,20013424,20013409,20013394,20013379,20013364,20013349,20013334,20013319
847,20013440,20013425,20013410,20013395,20013380,20013365,20013350,20013335
848,20013456,20013441,20013426,20013411,20013396,20013381,20013366,20013351
849,20013472,20013457,20013442,20013427,20013412,20013397,20013382,20013367
850,20013488,20013473,20013458,20013443,20013428,20013413,20013398,20013383
851,20013504,20013489,20013474,20013459,20013444,20013429,20013414,20013399
852,20013520,20013505,20013490,20013475,20013460,20013445,20013430,20013415
853,20013536,20013521,20013506,20013491,20013476,20013461,20013446,20013431
854,20013552,20013537,20013522,20013507,20013492,20013477,20013462,20013447
855,20013568,20013553,20013538,20013523,20013508,20013493,20013478,20013463
856,20013584,20013569,20013554,20013539,20013524,20013509,20013494,20013479
857,20013600,20013585,20013570,20013555,20013540,20013525,20013510,20013495
858,20013616,20013601,20013586,20013571,20013556,20013541,20013526,20013511
859,20013632,20013617,20013602,20013587,20013572,20013557,20013542,20013527
860,20013648,20013633,20013618,20013603,20013588,20013573,20013558,20013543
861,20013664,20013649,20013634,20013619,20013604,20013589,20013574,20013559
862,20013680,20013665,20013650,20013635,20013620,20013605,20013590,20013575
863,20013696,20013681,20013666,20013651,20013636,20013621,20013606,20013591
864,20013712,20013697,20013682,20013667,20013652,20013637,20013622,20013607
865,20013728,20013713,20013698,20013683,20013668,20013653,20013638,20013623
866,20013744,20013729,20013714,20013699,20013684,20013669,20013654,20013639
867,20013760,20013745,20013730,20013715,20013700,20013685,20013670,20013655
868,20013776,20013761,20013746,20013731,20013716,20013701,20013686,20013671
869,20013792,20013777,20013762,20013747,20013732,20013717,20013702,20013687
870,20013808,20013793,20013778,20013763,20013748,20013733,20013718,20013703
871,20013824,20013809,20013794,20013779,20013764,20013749,20013734,20013719
872,20013840,20013825,20013810,20013795,20013780,20013765,20013750,20013735
873,20013856,20013841,20013826,20013811,20013796,20013781,20013766,20013751
874,20013872,20013857,20013842,20013827,20013812,20013797,20013782,20013767
875,20013888,20013873,20013858,20013843,20013828,20013813,20013798,20013783
876,20013904,20013889,20013874,20013859,20013844,20013829,20013814,20013799
877,20013920,20013905,20013890,20013875,20013860,20013845,20013830,20013815
878,20013936,20013921,20013906,20013891,20013876,20013861,20013846,20013831
879,20013952,20013937,20013922,20013907,20013892,20013877,20013862,20013847
880,20013968,20013953,20013938,20013923,20013908,20013893,20013878,20013863
881,20013984,20013969,20013954,20013939,20013924,20013909,20013894,20013879
882,20014000,20013985,20013970,20013955,20013940,20013925,20013910,20013895
883,20014016,20014001,20013986,20013971,20013956,20013941,20013926,20013911
884,20014032,20014017,20014002,20013987,20013972,20013957,20013942,20013927
885,20014048,20014033,20014018,20014003,20013988,20013973,20013958,20013943
886,20014064,20014049,20014034,20014019,20014004,20013989,20013974,20013959
887,20014080,20014065,20014050,20014035,20014020,20014005,20013990,20013975
888,20014096,20014081,20014066,20014051,20014036,20014021,20014006,20013991
889,20014112,20014097,20014082,20014067,20014052,20014037,20014022,20014007
890,20014128,20014113,20014098,20014083,20014068,20014053,20014038,20014023
891,20014144,20014129,20014114,20014099,20014084,20014069,20014054,20014039
892,20014160,20014145,20014130,20014115,20014100,20014085,20014070,20014055
893,20014176,20014161,20014146,20014131,20014116,20014101,20014086,20014071
894,20014192,20014177,20014162,20014147,20014132,20014117,20014102,20014087
895,20014208,20014193,20014178,20014163,20014148,20014133,20014118,20014103
896,20014224,20014209,20014194,20014179,20014164,20014149,20014134,20014119
897,20014240,20014225,20014210,20014195,20014180,20014165,20014150,20014135
898,20014256,20014241,20014226,20014211,20014196,20014181,20014166,20014151
899,20014272,20014257,20014242,20014227,20014212,20014197,20014182,20014167
900,20014288,20014273,20014258,20014243,20014228,20014213,20014198,20014183
901,20014304,20014289,20014274,20014259,20014244,20014229,20014214,20014199
902,20014320,20014305,20014290,20014275,20014260,20014245,20014230,20014215
903,20014336,20014321,20014306,20014291,20014276,20014261,20014246,20014231
904,20014352,20014337,20014322,20014307,20014292,20014277,20014262,20014247
905,20014368,20014353,20014338,20014323,20014308,20014293,20014278,20014263
906,20014384,20014369,20014354,20014339,20014324,20014309,20014294,20014279
907,-1,20014385,20014370,20014355,20014340,20014325,20014310,20014295
908,-1,-1,20014386,20014371,20014356,20014341,20014326,20014311
909,-1,-1,-1,20014387,20014372,20014357,20014342,20014327
910,-1,-1,-1,-1,20014388,20014373,20014358,20014343
911,-1,-1,-1,-1,-1,20014389,20014374,20014359
912,-1,-1,-1,-1,-1,-1,20014390,20014375
913,-1,-1,-1,-1,-1,-1,-1,20014391
914,-1,-1,-1,-1,-1,-1,-1,-1
915,-1,-1,-1,-1,-1,-1,-1,-1
916,-1,-1,-1,-1,-1,-1,-1,-1
917,-1,-1,-1,-1,-1,-1,-1,-1
918,-1,-1,-1,-1,-1,-1,-1,-1
919,-1,-1,-1,-1,-1,-1,-1,-1
920,-1,-1,-1,-1,-1,-1,-1,-1
921,20000000,-1,-1,-1,-1,-1,-1,-1
922,20000016,20000001,-1,-1,-1,-1,-1,-1
923,20000032,20000017,20000002,-1,-1,-1,-1,-1
924,20000048,20000033,20000018,20000003,-1,-1,-1,-1
925,20000064,20000049,20000034,20000019,20000004,-1,-1,-1
926,20000080,20000065,20000050,20000035,20000020,20000005,-1,-1
927,20000096,20000081,20000066,20000051,20000036,20000021,20000006,-1
928,20000112,20000097,20000082,20000067,20000052,20000037,20000022,20000007
929,20000128,20000113,20000098,20000083,20000068,20000053,20000038,20000023
930,20000144,20000129,20000114,20000099,20000084,20000069,20000054,20000039
931,20000160,20000145,20000130,20000115,20000100,20000085,20000070,20000055
932,20000176,20000161,20000146,20000131,20000116,20000101,20000086,20000071
933,20000192,20000177,20000162,20000147,20000132,20000117,20000102,20000087
934,20000208,20000193,20000178,20000163,20000148,20000133,20000118,20000103
935,20000224,20000209,20000194,20000179,20000164,20000149,20000134,20000119
936,20000240,20000225,20000210,20000195,20000180,20000165,20000150,20000135
937,20000256,20000241,20000226,20000211,20000196,20000181,20000166,20000151
938,20000272,20000257,20000242,20000227,20000212,20000197,20000182,20000167
939,20000288,20000273,20000258,20000243,20000228,20000213,20000198,20000183
940,20000304,20000289,20000274,20000259,20000244,20000229,20000214,20000199
941,20000320,20000305,20000290,20000275,20000260,20000245,20000230,20000215
942,20000336,20000321,20000306,20000291,20000276,20000261,20000246,20000231
943,20000352,20000337,20000322,20000307,20000292,20000277,20000262,20000247
944,20000368,20000353,20000338,20000323,20000308,20000293,20000278,20000263
945,20000384,20000369,20000354,20000339,20000324,20000309,20000294,20000279
946,20000400,20000385,20000370,20000355,20000340,20000325,20000310,20000295
947,20000416,20000401,20000386,20000371,20000356,20000341,20000326,20000311
948,20000432,20000417,20000402,20000387,20000372,20000357,20000342,20000327
949,20000448,20000433,20000418,20000403,20000388,20000373,20000358,20000343
950,20000464,20000449,20000434,20000419,20000404,20000389,20000374,20000359
951,20000480,20000465,20000450,20000435,20000420,20000405,20000390,20000375
952,20000496,20000481,20000466,20000451,20000436,20000421,20000406,20000391
953,20000512,20000497,20000482,20000467,20000452,20000437,20000422,20000407
954,20000528,20000513,20000498,20000483,20000468,20000453,20000438,20000423
955,20000544,20000529,20000514,20000499,20000484,20000469,20000454,20000439
956,20000560,20000545,20000530,20000515,20000500,20000485,20000470,20000455
957,20000576,20000561,20000546,20000531,20000516,20000501,20000486,20000471
958,20000592,20000577,20000562,20000547,20000532,20000517,20000502,20000487
959,20000608,20000593,20000578,20000563,20000548,20000533,20000518,20000503
960,20000624,20000609,20000594,20000579,20000564,20000549,20000534,20000519
961,20000640,20000625,20000610,20000595,20000580,20000565,20000550,20000535
962,20000656,20000641,20000626,20000611,20000596,20000581,20000566,20000551
963,20000672,20000657,20000642,20000627,20000612,20000597,20000582,20000567
964,20000688,20000673,20000658,20000643,20000628,20000613,20000598,20000583
965,20000704,20000689,20000674,20000659,20000644,20000629,20000614,20000599
966,20000720,20000705,20000690,20000675,20000660,20000645,20000630,20000615
967,20000736,20000721,20000706,20000691,20000676,20000661,20000646,20000631
968,20000752,20000737,20000722,20000707,20000692,20000677,20000662,20000647
969,20000768,20000753,20000738,20000723,20000708,20000693,20000678,20000663
970,20000784,20000769,20000754,20000739,20000724,20000709,20000694,20000679
971,20000800,20000785,20000770,20000755,20000740,20000725,20000710,20000695
972,20000816,20000801,20000786,20000771,20000756,20000741,20000726,20000711
973,20000832,20000817,20000802,20000787,20000772,20000757,20000742,20000727
974,20000848,20000833,20000818,20000803,20000788,20000773,20000758,20000743
975,20000864,20000849,20000834,20000819,20000804,20000789,20000774,20000759
976,20000880,20000865,20000850,20000835,20000820,20000805,20000790,20000775
977,20000896,20000881,20000866,20000851,20000836,20000821,20000806,20000791
978,20000912,20000897,20000882,20000867,20000852,20000837,20000822,20000807
979,20000928,20000913,20000898,20000883,20000868,20000853,20000838,20000823
980,20000944,20000929,20000914,20000899,20000884,20000869,20000854,20000839
981,20000960,20000945,20000930,20000915,20000900,20000885,20000870,20000855
982,20000976,20000961,20000946,20000931,20000916,20000901,20000886,20000871
983,20000992,20000977,20000962,20000947,20000932,20000917,20000902,20000887
984,20001008,20000993,20000978,20000963,20000948,20000933,20000918,20000903
985,20001024,20001009,20000994,20000979,20000964,20000949,20000934,20000919
986,20001040,20001025,20001010,20000995,20000980,20000965,20000950,20000935
987,20001056,20001041,20001026,20001011,20000996,20000981,20000966,20000951
988,20001072,20001057,20001042,20001027,20001012,20000997,20000982,20000967
989,20001088,20001073,20001058,20001043,20001028,20001013,20000998,20000983
990,20001104,20001089,20001074,20001059,20001044,20001029,20001014,20000999
991,20001120,20001105,20001090,20001075,20001060,20001045,20001030,20001015
992,20001136,20001121,20001106,20001091,20001076,20001061,20001046,20001031
993,20001152,20001137,20001122,20001107,20001092,20001077,20001062,20001047
994,20001168,20001153,20001138,20001123,20001108,20001093,20001078,20001063
995,20001184,20001169,20001154,20001139,20001124,20001109,20001094,20001079
996,20001200,20001185,20001170,20001155,20001140,20001125,20001110,20001095
997,20001216,20001201,20001186,20001171,20001156,20001141,20001126,20001111
998,20001232,20001217,20001202,20001187,20001172,20001157,20001142,20001127
999,20001248,20001233,20001218,20001203,20001188,20001173,20001158,20001143
1000,20001264,20001249,20001234,20001219,20001204,20001189,20001174,20001159
1001,20001280,20001265,20001250,20001235,20001220,20001205,20001190,20001175
1002,20001296,20001281,20001266,20001251,20001236,20001221,20001206,20001191
1003,20001312,20001297,20001282,20001267,20001252,20001237,20001222,20001207
1004,20001328,20001313,20001298,20001283,20001268,20001253,20001238,20001223
1005,20001344,20001329,20001314,20001299,20001284,20001269,20001254,20001239
1006,20001360,20001345,20001330,20001315,20001300,20001285,20001270,20001255
1007,20001376,20001361,20001346,20001331,20001316,20001301,20001286,20001271
1008,20001392,20001377,20001362,20001347,20001332,20001317,20001302,20001287
1009,20001408,20001393,20001378,20001363,20001348,20001333,20001318,20001303
1010,20001424,20001409,20001394,20001379,20001364,20001349,20001334,20001319
1011,20001440,20001425,20001410,20001395,20001380,20001365,20001350,20001335
1012,20001456,20001441,20001426,20001411,20001396,20001381,20001366,20001351
1013,20001472,20001457,20001442,20001427,20001412,20001397,20001382,20001367
1014,20001488,20001473,20001458,20001443,20001428,20001413,20001398,20001383
1015,20001504,20001489,20001474,20001459,20001444,20001429,20001414,20001399
1016,20001520,20001505,20001490,20001475,20001460,20001445,20001430,20001415
1017,20001536,20001521,20001506,20001491,20001476,20001461,20001446,20001431
1018,20001552,20001537,20001522,20001507,20001492,20001477,20001462,20001447
1019,20001568,20001553,20001538,20001523,20001508,20001493,20001478,20001463
1020,20001584,20001569,20001554,20001539,20001524,20001509,20001494,20001479
1021,20001600,20001585,20001570,20001555,20001540,20001525,20001510,20001495
1022,20001616,20001601,20001586,20001571,20001556,20001541,20001526,20001511
1023,20001632,20001617,20001602,20001587,20001572,20001557,20001542,20001527
1024,20001648,20001633,20001618,20001603,20001588,20001573,20001558,20001543
1025,20001664,20001649,20001634,20001619,20001604,20001589,20001574,20001559
1026,20001680,20001665,20001650,20001635,20001620,20001605,20001590,20001575
1027,20001696,20001681,20001666,20001651,20001636,20001621,20001606,20001591
1028,20001712,20001697,20001682,20001667,20001652,20001637,20001622,20001607
1029,20001728,20001713,20001698,20001683,20001668,20001653,20001638,20001623
1030,20001744,20001729,20001714,20001699,20001684,20001669,20001654,20001639
1031,20001760,20001745,20001730,20001715,20001700,20001685,20001670,20001655
1032,20001776,20001761,20001746,20001731,20001716,20001701,20001686,20001671
1033,20001792,20001777,20001762,20001747,20001732,20001717,20001702,20001687
1034,20001808,20001793,20001778,20001763,20001748,20001733,20001718,20001703
1035,20001824,20001809,20001794,20001779,20001764,20001749,20001734,20001719
1036,20001840,20001825,20001810,20001795,20001780,20001765,20001750,20001735
1037,20001856,20001841,20001826,20001811,20001796,20001781,20001766,20001751
1038,20001872,20001857,20001842,20001827,20001812,20001797,20001782,20001767
1039,20001888,20001873,20001858,20001843,20001828,20001813,20001798,20001783
1040,20001904,20001889,20001874,20001859,20001844,20001829,20001814,20001799
1041,20001920,20001905,20001890,20001875,20001860,20001845,20001830,20001815
1042,20001936,20001921,20001906,20001891,20001876,20001861,20001846,20001831
1043,20001952,20001937,20001922,20001907,20001892,20001877,20001862,20001847
1044,20001968,20001953,20001938,20001923,20001908,20001893,20001878,20001863
1045,20001984,20001969,20001954,20001939,20001924,20001909,20001894,20001879
1046,20002000,20001985,20001970,20001955,20001940,20001925,20001910,20001895
1047,20002016,20002001,20001986,20001971,20001956,20001941,20001926,20001911
1048,20002032,20002017,20002002,20001987,20001972,20001957,20001942,20001927
1049,20002048,20002033,20002018,20002003,20001988,20001973,20001958,20001943
1050,20002064,20002049,20002034,20002019,20002004,20001989,20001974,20001959
1051,20002080,20002065,20002050,20002035,20002020,20002005,20001990,20001975
1052,20002096,20002081,20002066,20002051,20002036,20002021,20002006,20001991
1053,20002112,20002097,20002082,20002067,20002052,20002037,20002022,20002007
1054,20002128,20002113,20002098,20002083,20002068,20002053,20002038,20002023
1055,20002144,20002129,20002114,20002099,20002084,20002069,20002054,20002039
1056,20002160,20002145,20002130,20002115,20002100,20002085,20002070,20002055
1057,20002176,20002161,20002146,20002131,20002116,20002101,20002086,20002071
1058,20002192,20002177,20002162,20002147,20002132,20002117,20002102,20002087
1059,20002208,20002193,20002178,20002163,20002148,20002133,20002118,20002103
1060,20002224,20002209,20002194,20002179,20002164,20002149,20002134,20002119
1061,20002240,20002225,20002210,20002195,20002180,20002165,20002150,20002135
1062,20002256,20002241,20002226,20002211,20002196,20002181,20002166,20002151
1063,20002272,20002257,20002242,20002227,20002212,20002197,20002182,20002167
1064,20002288,20002273,20002258,20002243,20002228,20002213,20002198,20002183
1065,20002304,20002289,20002274,20002259,20002244,20002229,20002214,20002199
1066,20002320,20002305,20002290,20002275,20002260,20002245,20002230,20002215
1067,20002336,20002321,20002306,20002291,20002276,20002261,20002246,20002231
1068,20002352,20002337,20002322,20002307,20002292,20002277,20002262,20002247
1069,20002368,20002353,20002338,20002323,20002308,20002293,20002278,20002263
1070,20002384,20002369,20002354,20002339,20002324,20002309,20002294,20002279
1071,20002400,20002385,20002370,20002355,20002340,20002325,20002310,20002295
1072,20002416,20002401,20002386,20002371,20002356,20002341,20002326,20002311
1073,20002432,20002417,20002402,20002387,20002372,20002357,20002342,20002327
1074,20002448,20002433,20002418,20002403,20002388,20002373,20002358,20002343
1075,20002464,20002449,20002434,20002419,20002404,20002389,20002374,20002359
1076,20002480,20002465,20002450,20002435,20002420,20002405,20002390,20002375
1077,20002496,20002481,20002466,20002451,20002436,20002421,20002406,20002391
1078,20002512,20002497,20002482,20002467,20002452,20002437,20002422,20002407
1079,20002528,20002513,20002498,20002483,20002468,20002453,20002438,20002423
1080,20002544,20002529,20002514,20002499,20002484,20002469,20002454,20002439
1081,20002560,20002545,20002530,20002515,20002500,20002485,20002470,20002455
1082,20002576,20002561,20002546,20002531,20002516,20002501,20002486,20002471
1083,20002592,20002577,20002562,20002547,20002532,20002517,20002502,20002487
1084,20002608,20002593,20002578,20002563,20002548,20002533,20002518,20002503
1085,20002624,20002609,20002594,20002579,20002564,20002549,20002534,20002519
1086,20002640,20002625,20002610,20002595,20002580,20002565,20002550,20002535
1087,20002656,20002641,20002626,20002611,20002596,20002581,20002566,20002551
1088,20002672,20002657,20002642,20002627,20002612,20002597,20002582,20002567
1089,20002688,20002673,20002658,20002643,20002628,20002613,20002598,20002583
1090,20002704,20002689,20002674,20002659,20002644,20002629,20002614,20002599
1091,20002720,20002705,20002690,20002675,20002660,20002645,20002630,20002615
1092,20002736,20002721,20002706,20002691,20002676,20002661,20002646,20002631
1093,20002752,20002737,20002722,20002707,20002692,20002677,20002662,20002647
1094,20002768,20002753,20002738,20002723,20002708,20002693,20002678,20002663
1095,20002784,20002769,20002754,20002739,20002724,20002709,20002694,20002679
1096,20002800,20002785,20002770,20002755,20002740,20002725,20002710,20002695
1097,20002816,20002801,20002786,20002771,20002756,20002741,20002726,20002711
1098,20002832,20002817,20002802,20002787,20002772,20002757,20002742,20002727
1099,20002848,20002833,20002818,20002803,20002788,20002773,20002758,20002743
1100,20002864,20002849,20002834,20002819,20002804,20002789,20002774,20002759
1101,20002880,20002865,20002850,20002835,20002820,20002805,20002790,20002775
1102,20002896,20002881,20002866,20002851,20002836,20002821,20002806,20002791
1103,20002912,20002897,20002882,20002867,20002852,20002837,20002822,20002807
1104,20002928,20002913,20002898,20002883,20002868,20002853,20002838,20002823
1105,20002944,20002929,20002914,20002899,20002884,20002869,20002854,20002839
1106,20002960,20002945,20002930,20002915,20002900,20002885,20002870,20002855
1107,20002976,20002961,20002946,20002931,20002916,20002901,20002886,20002871
1108,20002992,20002977,20002962,20002947,20002932,20002917,20002902,20002887
1109,20003008,20002993,20002978,20002963,20002948,20002933,20002918,20002903
1110,20003024,20003009,20002994,20002979,20002964,20002949,20002934,20002919
1111,20003040,20003025,20003010,20002995,20002980,20002965,20002950,20002935
1112,20003056,20003041,20003026,20003011,20002996,20002981,20002966,20002951
1113,20003072,20003057,20003042,20003027,20003012,20002997,20002982,20002967
1114,20003088,20003073,20003058,20003043,20003028,20003013,20002998,20002983
1115,20003104,20003089,20003074,20003059,20003044,20003029,20003014,20002999
1116,20003120,20003105,20003090,20003075,20003060,20003045,20003030,20003015
1117,20003136,20003121,20003106,20003091,20003076,20003061,20003046,20003031
1118,20003152,20003137,20003122,20003107,20003092,20003077,20003062,20003047
1119,20003168,20003153,20003138,20003123,20003108,20003093,20003078,20003063
1120,20003184,20003169,20003154,20003139,20003124,20003109,20003094,20003079
1121,20003200,20003185,20003170,20003155,20003140,20003125,20003110,20003095
1122,20003216,20003201,20003186,20003171,20003156,20003141,20003126,20003111
1123,20003232,20003217,20003202,20003187,20003172,20003157,20003142,20003127
1124,20003248,20003233,20003218,20003203,20003188,20003173,20003158,20003143
1125,20003264,20003249,20003234,20003219,20003204,20003189,20003174,20003159
1126,20003280,20003265,20003250,20003235,20003220,20003205,20003190,20003175
1127,20003296,20003281,20003266,20003251,20003236,20003221,20003206,20003191
1128,20003312,20003297,20003282,20003267,20003252,20003237,20003222,20003207
1129,20003328,20003313,20003298,20003283,20003268,20003253,20003238,20003223
1130,20003344,20003329,20003314,20003299,20003284,20003269,20003254,20003239
1131,20003360,20003345,20003330,20003315,20003300,20003285,20003270,20003255
1132,20003376,20003361,20003346,20003331,20003316,20003301,20003286,20003271
1133,20003392,20003377,20003362,20003347,20003332,20003317,20003302,20003287
1134,20003408,20003393,20003378,20003363,20003348,20003333,20003318,20003303
1135,20003424,20003409,20003394,20003379,20003364,20003349,20003334,20003319
1136,20003440,20003425,20003410,20003395,20003380,20003365,20003350,20003335
1137,20003456,20003441,20003426,20003411,20003396,20003381,20003366,20003351
1138,20003472,20003457,20003442,20003427,20003412,20003397,20003382,20003367
1139,20003488,20003473,20003458,20003443,20003428,20003413,20003398,20003383
1140,20003504,20003489,20003474,20003459,20003444,20003429,20003414,20003399
1141,20003520,20003505,20003490,20003475,20003460,20003445,20003430,20003415
1142,20003536,20003521,20003506,20003491,20003476,20003461,20003446,20003431
1143,20003552,20003537,20003522,20003507,20003492,20003477,20003462,20003447
1144,20003568,20003553,20003538,20003523,20003508,20003493,20003478,20003463
1145,20003584,20003569,20003554,20003539,20003524,20003509,20003494,20003479
1146,20003600,20003585,20003570,20003555,20003540,20003525,20003510,20003495
1147,20003616,20003601,20003586,20003571,20003556,20003541,20003526,20003511
1148,20003632,20003617,20003602,20003587,20003572,20003557,20003542,20003527
1149,20003648,20003633,20003618,20003603,20003588,20003573,20003558,20003543
1150,20003664,20003649,20003634,20003619,20003604,20003589,20003574,20003559
1151,20003680,20003665,20003650,20003635,20003620,20003605,20003590,20003575
1152,20003696,20003681,20003666,20003651,20003636,20003621,20003606,20003591
1153,20003712,20003697,20003682,20003667,20003652,20003637,20003622,20003607
1154,20003728,20003713,20003698,20003683,20003668,20003653,20003638,20003623
1155,20003744,20003729,20003714,20003699,20003684,20003669,20003654,20003639
1156,20003760,20003745,20003730,20003715,20003700,20003685,20003670,20003655
1157,20003776,20003761,20003746,20003731,20003716,20003701,20003686,20003671
1158,20003792,20003777,20003762,20003747,20003732,20003717,20003702,20003687
1159,20003808,20003793,20003778,20003763,20003748,20003733,20003718,20003703
1160,20003824,20003809,20003794,20003779,20003764,20003749,20003734,20003719
1161,20003840,20003825,20003810,20003795,20003780,20003765,20003750,20003735
1162,20003856,20003841,20003826,20003811,20003796,20003781,20003766,20003751
1163,20003872,20003857,20003842,20003827,20003812,20003797,20003782,20003767
1164,20003888,20003873,20003858,20003843,20003828,20003813,20003798,20003783
1165,20003904,20003889,20003874,20003859,20003844,20003829,20003814,20003799
1166,20003920,20003905,20003890,20003875,20003860,20003845,20003830,20003815
1167,20003936,20003921,20003906,20003891,20003876,20003861,20003846,20003831
1168,20003952,20003937,20003922,20003907,20003892,20003877,20003862,20003847
1169,20003968,20003953,20003938,20003923,20003908,20003893,20003878,20003863
1170,20003984,20003969,20003954,20003939,20003924,20003909,20003894,20003879
1171,20004000,20003985,20003970,20003955,20003940,20003925,20003910,20003895
1172,20004016,20004001,20003986,20003971,20003956,20003941,20003926,20003911
1173,20004032,20004017,20004002,20003987,20003972,20003957,20003942,20003927
1174,20004048,20004033,20004018,20004003,20003988,20003973,20003958,20003943
1175,20004064,20004049,20004034,20004019,20004004,20003989,20003974,20003959
1176,20004080,20004065,20004050,20004035,20004020,20004005,20003990,20003975
1177,20004096,20004081,20004066,20004051,20004036,20004021,20004006,20003991
1178,20004112,20004097,20004082,20004067,20004052,20004037,20004022,20004007
1179,20004128,20004113,20004098,20004083,20004068,20004053,20004038,20004023
1180,20004144,20004129,20004114,20004099,20004084,20004069,20004054,20004039
1181,20004160,20004145,20004130,20004115,20004100,20004085,20004070,20004055
1182,20004176,20004161,20004146,20004131,20004116,20004101,20004086,20004071
1183,20004192,20004177,20004162,20004147,20004132,20004117,20004102,20004087
1184,20004208,20004193,20004178,20004163,20004148,20004133,20004118,20004103
1185,20004224,20004209,20004194,20004179,20004164,20004149,20004134,20004119
1186,20004240,20004225,20004210,20004195,20004180,20004165,20004150,20004135
1187,20004256,20004241,20004226,20004211,20004196,20004181,20004166,20004151
1188,20004272,20004257,20004242,20004227,20004212,20004197,20004182,20004167
1189,20004288,20004273,20004258,20004243,20004228,20004213,20004198,20004183
1190,20004304,20004289,20004274,20004259,20004244,20004229,20004214,20004199
1191,20004320,20004305,20004290,20004275,20004260,20004245,20004230,20004215
1192,20004336,20004321,20004306,20004291,20004276,20004261,20004246,20004231
1193,20004352,20004337,20004322,20004307,20004292,20004277,20004262,20004247
1194,20004368,20004353,20004338,20004323,20004308,20004293,20004278,20004263
1195,20004384,20004369,20004354,20004339,20004324,20004309,20004294,20004279
1196,20004400,20004385,20004370,20004355,20004340,20004325,20004310,20004295
1197,20004416,20004401,20004386,20004371,20004356,20004341,20004326,20004311
1198,20004432,20004417,20004402,20004387,20004372,20004357,20004342,20004327
1199,20004448,20004433,20004418,20004403,20004388,20004373,20004358,20004343
1200,20004464,20004449,20004434,20004419,20004404,20004389,20004374,20004359
1201,20004480,20004465,20004450,20004435,20004420,20004405,20004390,20004375
1202,20004496,20004481,20004466,20004451,20004436,20004421,20004406,20004391
1203,20004512,20004497,20004482,20004467,20004452,20004437,20004422,20004407
1204,20004528,20004513,20004498,20004483,20004468,20004453,20004438,20004423
1205,20004544,20004529,20004514,20004499,20004484,20004469,20004454,20004439
1206,20004560,20004545,20004530,20004515,20004500,20004485,20004470,20004455
1207,20004576,20004561,20004546,20004531,20004516,20004501,20004486,20004471
1208,20004592,20004577,20004562,20004547,20004532,20004517,20004502,20004487
1209,20004608,20004593,20004578,20004563,20004548,20004533,20004518,20004503
1210,20004624,20004609,20004594,20004579,20004564,20004549,20004534,20004519
1211,20004640,20004625,20004610,20004595,20004580,20004565,20004550,20004535
1212,20004656,20004641,20004626,20004611,20004596,20004581,20004566,20004551
1213,20004672,20004657,20004642,20004627,20004612,20004597,20004582,20004567
1214,20004688,20004673,20004658,20004643,20004628,20004613,20004598,20004583
1215,20004704,20004689,20004674,20004659,20004644,20004629,20004614,20004599
1216,20004720,20004705,20004690,20004675,20004660,20004645,20004630,20004615
1217,20004736,20004721,20004706,20004691,20004676,20004661,20004646,20004631
1218,20004752,20004737,20004722,20004707,20004692,20004677,20004662,20004647
1219,20004768,20004753,20004738,20004723,20004708,20004693,20004678,20004663
1220,20004784,20004769,20004754,20004739,20004724,20004709,20004694,20004679
1221,20004800,20004785,20004770,20004755,20004740,20004725,20004710,20004695
1222,20004816,20004801,20004786,20004771,20004756,20004741,20004726,20004711
1223,20004832,20004817,20004802,20004787,20004772,20004757,20004742,20004727
1224,20004848,20004833,20004818,20004803,20004788,20004773,20004758,20004743
1225,20004864,20004849,20004834,20004819,20004804,20004789,20004774,20004759
1226,20004880,20004865,20004850,20004835,20004820,20004805,20004790,20004775
1227,20004896,20004881,20004866,20004851,20004836,20004821,20004806,20004791
1228,20004912,20004897,20004882,20004867,20004852,20004837,20004822,20004807
1229,20004928,20004913,20004898,20004883,20004868,20004853,20004838,20004823
1230,20004944,20004929,20004914,20004899,20004884,20004869,20004854,20004839
1231,20004960,20004945,20004930,20004915,20004900,20004885,20004870,20004855
1232,20004976,20004961,20004946,20004931,20004916,20004901,20004886,20004871
1233,20004992,20004977,20004962,20004947,20004932,20004917,20004902,20004887
1234,20005008,20004993,20004978,20004963,20004948,20004933,20004918,20004903
1235,20005024,20005009,20004994,20004979,20004964,20004949,20004934,20004919
1236,20005040,20005025,20005010,20004995,20004980,20004965,20004950,20004935
1237,20005056,20005041,20005026,20005011,20004996,20004981,20004966,20004951
1238,20005072,20005057,20005042,20005027,20005012,20004997,20004982,20004967
1239,20005088,20005073,20005058,20005043,20005028,20005013,20004998,20004983
1240,20005104,20005089,20005074,20005059,20005044,20005029,20005014,20004999
1241,20005120,20005105,20005090,20005075,20005060,20005045,20005030,20005015
1242,20005136,20005121,20005106,20005091,20005076,20005061,20005046,20005031
1243,20005152,20005137,20005122,20005107,20005092,20005077,20005062,20005047
1244,20005168,20005153,20005138,20005123,20005108,20005093,20005078,20005063
1245,20005184,20005169,20005154,20005139,20005124,20005109,20005094,20005079
1246,20005200,20005185,20005170,20005155,20005140,20005125,20005110,20005095
1247,20005216,20005201,20005186,20005171,20005156,20005141,20005126,20005111
1248,20005232,20005217,20005202,20005187,20005172,20005157,20005142,20005127
1249,20005248,20005233,20005218,20005203,20005188,20005173,20005158,20005143
1250,20005264,20005249,20005234,20005219,20005204,20005189,20005174,20005159
1251,20005280,20005265,20005250,20005235,20005220,20005205,20005190,20005175
1252,20005296,20005281,20005266,20005251,20005236,20005221,20005206,20005191
1253,20005312,20005297,20005282,20005267,20005252,20005237,20005222,20005207
1254,20005328,20005313,20005298,20005283,20005268,20005253,20005238,20005223
1255,20005344,20005329,20005314,20005299,20005284,20005269,20005254,20005239
1256,20005360,20005345,20005330,20005315,20005300,20005285,20005270,20005255
1257,20005376,20005361,20005346,20005331,20005316,20005301,20005286,20005271
1258,20005392,20005377,20005362,20005347,20005332,20005317,20005302,20005287
1259,20005408,20005393,20005378,20005363,20005348,20005333,20005318,20005303
1260,20005424,20005409,20005394,20005379,20005364,20005349,20005334,20005319
1261,20005440,20005425,20005410,20005395,20005380,20005365,20005350,20005335
1262,20005456,20005441,20005426,20005411,20005396,20005381,20005366,20005351
1263,20005472,20005457,20005442,20005427,20005412,20005397,20005382,20005367
1264,20005488,20005473,20005458,20005443,20005428,20005413,20005398,20005383
1265,20005504,20005489,20005474,20005459,20005444,20005429,20005414,20005399
1266,20005520,20005505,20005490,20005475,20005460,20005445,20005430,20005415
1267,20005536,20005521,20005506,20005491,20005476,20005461,20005446,20005431
1268,20005552,20005537,20005522,20005507,20005492,20005477,20005462,20005447
1269,20005568,20005553,20005538,20005523,20005508,20005493,20005478,20005463
1270,20005584,20005569,20005554,20005539,20005524,20005509,20005494,20005479
1271,20005600,20005585,20005570,20005555,20005540,20005525,20005510,20005495
1272,20005616,20005601,20005586,20005571,20005556,20005541,20005526,20005511
1273,20005632,20005617,20005602,20005587,20005572,20005557,20005542,20005527
1274,20005648,20005633,20005618,20005603,20005588,20005573,20005558,20005543
1275,20005664,20005649,20005634,20005619,20005604,20005589,20005574,20005559
1276,20005680,20005665,20005650,20005635,20005620,20005605,20005590,20005575
1277,20005696,20005681,20005666,20005651,20005636,20005621,20005606,20005591
1278,20005712,20005697,20005682,20005667,20005652,20005637,20005622,20005607
1279,20005728,20005713,20005698,20005683,20005668,20005653,20005638,20005623
1280,20005744,20005729,20005714,20005699,20005684,20005669,20005654,20005639
1281,20005760,20005745,20005730,20005715,20005700,20005685,20005670,20005655
1282,20005776,20005761,20005746,20005731,20005716,20005701,20005686,20005671
1283,20005792,20005777,20005762,20005747,20005732,20005717,20005702,20005687
1284,20005808,20005793,20005778,20005763,20005748,20005733,20005718,20005703
1285,20005824,20005809,20005794,20005779,20005764,20005749,20005734,20005719
1286,20005840,20005825,20005810,20005795,20005780,20005765,20005750,20005735
1287,20005856,20005841,20005826,20005811,20005796,20005781,20005766,20005751
1288,20005872,20005857,20005842,20005827,20005812,20005797,20005782,20005767
1289,20005888,20005873,20005858,20005843,20005828,20005813,20005798,20005783
1290,20005904,20005889,20005874,20005859,20005844,20005829,20005814,20005799
1291,20005920,20005905,20005890,20005875,20005860,20005845,20005830,20005815
1292,20005936,20005921,20005906,20005891,20005876,20005861,20005846,20005831
1293,20005952,20005937,20005922,20005907,20005892,20005877,20005862,20005847
1294,20005968,20005953,20005938,20005923,20005908,20005893,20005878,20005863
1295,20005984,20005969,20005954,20005939,20005924,20005909,20005894,20005879
1296,20006000,20005985,20005970,20005955,20005940,20005925,20005910,20005895
1297,20006016,20006001,20005986,20005971,20005956,20005941,20005926,20005911
1298,20006032,20006017,20006002,20005987,20005972,20005957,20005942,20005927
1299,20006048,20006033,20006018,20006003,20005988,20005973,20005958,20005943
1300,20006064,20006049,20006034,20006019,20006004,20005989,20005974,20005959
1301,20006080,20006065,20006050,20006035,20006020,20006005,20005990,20005975
1302,20006096,20006081,20006066,20006051,20006036,20006021,20006006,20005991
1303,20006112,20006097,20006082,20006067,20006052,20006037,20006022,20006007
1304,20006128,20006113,20006098,20006083,20006068,20006053,20006038,20006023
1305,20006144,20006129,20006114,20006099,20006084,20006069,20006054,20006039
1306,20006160,20006145,20006130,20006115,20006100,20006085,20006070,20006055
1307,20006176,20006161,20006146,20006131,20006116,20006101,20006086,20006071
1308,20006192,20006177,20006162,20006147,20006132,20006117,20006102,20006087
1309,20006208,20006193,20006178,20006163,20006148,20006133,20006118,20006103
1310,20006224,20006209,20006194,20006179,20006164,20006149,20006134,20006119
1311,20006240,20006225,20006210,20006195,20006180,20006165,20006150,20006135
1312,20006256,20006241,20006226,20006211,20006196,20006181,20006166,20006151
1313,20006272,20006257,20006242,20006227,20006212,20006197,20006182,20006167
1314,20006288,20006273,20006258,20006243,20006228,20006213,20006198,20006183
1315,20006304,20006289,20006274,20006259,20006244,20006229,20006214,20006199
1316,20006320,20006305,20006290,20006275,20006260,20006245,20006230,20006215
1317,20006336,20006321,20006306,20006291,20006276,20006261,20006246,20006231
1318,20006352,20006337,20006322,20006307,20006292,20006277,20006262,20006247
1319,20006368,20006353,20006338,20006323,20006308,20006293,20006278,20006263
1320,20006384,20006369,20006354,20006339,20006324,20006309,20006294,20006279
1321,20006400,20006385,20006370,20006355,20006340,20006325,20006310,20006295
1322,20006416,20006401,20006386,20006371,20006356,20006341,20006326,20006311
1323,20006432,20006417,20006402,20006387,20006372,20006357,20006342,20006327
1324,20006448,20006433,20006418,20006403,20006388,20006373,20006358,20006343
1325,20006464,20006449,20006434,20006419,20006404,20006389,20006374,20006359
1326,20006480,20006465,20006450,20006435,20006420,20006405,20006390,20006375
1327,20006496,20006481,20006466,20006451,20006436,20006421,20006406,20006391
1328,20006512,20006497,20006482,20006467,20006452,20006437,20006422,20006407
1329,20006528,20006513,20006498,20006483,20006468,20006453,20006438,20006423
1330,20006544,20006529,20006514,20006499,20006484,20006469,20006454,20006439
1331,20006560,20006545,20006530,20006515,20006500,20006485,20006470,20006455
1332,20006576,20006561,20006546,20006531,20006516,20006501,20006486,20006471
1333,20006592,20006577,20006562,20006547,20006532,20006517,20006502,20006487
1334,20006608,20006593,20006578,20006563,20006548,20006533,20006518,20006503
1335,20006624,20006609,20006594,20006579,20006564,20006549,20006534,20006519
1336,20006640,20006625,20006610,20006595,20006580,20006565,20006550,20006535
1337,20006656,20006641,20006626,20006611,20006596,20006581,20006566,20006551
1338,20006672,20006657,20006642,20006627,20006612,20006597,20006582,20006567
1339,20006688,20006673,20006658,20006643,20006628,20006613,20006598,20006583
1340,20006704,20006689,20006674,20006659,20006644,20006629,20006614,20006599
1341,20006720,20006705,20006690,20006675,20006660,20006645,20006630,20006615
1342,20006736,20006721,20006706,20006691,20006676,20006661,20006646,20006631
1343,20006752,20006737,20006722,20006707,20006692,20006677,20006662,20006647
1344,20006768,20006753,20006738,20006723,20006708,20006693,20006678,20006663
1345,20006784,20006769,20006754,20006739,20006724,20006709,20006694,20006679
1346,20006800,20006785,20006770,20006755,20006740,20006725,20006710,20006695
1347,20006816,20006801,20006786,20006771,20006756,20006741,20006726,20006711
1348,20006832,20006817,20006802,20006787,20006772,20006757,20006742,20006727
1349,20006848,20006833,20006818,20006803,20006788,20006773,20006758,20006743
1350,20006864,20006849,20006834,20006819,20006804,20006789,20006774,20006759
1351,20006880,20006865,20006850,20006835,20006820,20006805,20006790,20006775
1352,20006896,20006881,20006866,20006851,20006836,20006821,20006806,20006791
1353,20006912,20006897,20006882,20006867,20006852,20006837,20006822,20006807
1354,20006928,20006913,20006898,20006883,20006868,20006853,20006838,20006823
1355,20006944,20006929,20006914,20006899,20006884,20006869,20006854,20006839
1356,20006960,20006945,20006930,20006915,20006900,20006885,20006870,20006855
1357,20006976,20006961,20006946,20006931,20006916,20006901,20006886,20006871
1358,20006992,20006977,20006962,20006947,20006932,20006917,20006902,20006887
1359,20007008,20006993,20006978,20006963,20006948,20006933,20006918,20006903
1360,20007024,20007009,20006994,20006979,20006964,20006949,20006934,20006919
1361,20007040,20007025,20007010,20006995,20006980,20006965,20006950,20006935
1362,20007056,20007041,20007026,20007011,20006996,20006981,20006966,20006951
1363,20007072,20007057,20007042,20007027,20007012,20006997,20006982,20006967
1364,20007088,20007073,20007058,20007043,20007028,20007013,20006998,20006983
1365,20007104,20007089,20007074,20007059,20007044,20007029,20007014,20006999
1366,20007120,20007105,20007090,20007075,20007060,20007045,20007030,20007015
1367,20007136,20007121,20007106,20007091,20007076,20007061,20007046,20007031
1368,20007152,20007137,20007122,20007107,20007092,20007077,20007062,20007047
1369,20007168,20007153,20007138,20007123,20007108,20007093,20007078,20007063
1370,20007184,20007169,20007154,20007139,20007124,20007109,20007094,20007079
1371,20007200,20007185,20007170,20007155,20007140,20007125,20007110,20007095
1372,20007216,20007201,20007186,20007171,20007156,20007141,20007126,20007111
1373,20007232,20007217,20007202,20007187,20007172,20007157,20007142,20007127
1374,20007248,20007233,20007218,20007203,20007188,20007173,20007158,20007143
1375,20007264,20007249,20007234,20007219,20007204,20007189,20007174,20007159
1376,20007280,20007265,20007250,20007235,20007220,20007205,20007190,20007175
1377,20007296,20007281,20007266,20007251,20007236,20007221,20007206,20007191
1378,20007312,20007297,20007282,20007267,20007252,20007237,20007222,20007207
1379,20007328,20007313,20007298,20007283,20007268,20007253,20007238,20007223
1380,20007344,20007329,20007314,20007299,20007284,20007269,20007254,20007239
1381,20007360,20007345,20007330,20007315,20007300,20007285,20007270,20007255
1382,20007376,20007361,20007346,20007331,20007316,20007301,20007286,20007271
1383,20007392,20007377,20007362,20007347,20007332,20007317,20007302,20007287
1384,20007408,20007393,20007378,20007363,20007348,20007333,20007318,20007303
1385,20007424,20007409,20007394,20007379,20007364,20007349,20007334,20007319
1386,20007440,20007425,20007410,20007395,20007380,20007365,20007350,20007335
1387,20007456,20007441,20007426,20007411,20007396,20007381,20007366,20007351
1388,20007472,20007457,20007442,20007427,20007412,20007397,20007382,20007367
1389,20007488,20007473,20007458,20007443,20007428,20007413,20007398,20007383
1390,20007504,20007489,20007474,20007459,20007444,20007429,20007414,20007399
1391,20007520,20007505,20007490,20007475,20007460,20007445,20007430,20007415
1392,20007536,20007521,20007506,20007491,20007476,20007461,20007446,20007431
1393,20007552,20007537,20007522,20007507,20007492,20007477,20007462,20007447
1394,20007568,20007553,20007538,20007523,20007508,20007493,20007478,20007463
1395,20007584,20007569,20007554,20007539,20007524,20007509,20007494,20007479
1396,20007600,20007585,20007570,20007555,20007540,20007525,20007510,20007495
1397,20007616,20007601,20007586,20007571,20007556,20007541,20007526,20007511
1398,20007632,20007617,20007602,20007587,20007572,20007557,20007542,20007527
1399,20007648,20007633,20007618,20007603,20007588,20007573,20007558,20007543
1400,20007664,20007649,20007634,20007619,20007604,20007589,20007574,20007559
1401,20007680,20007665,20007650,20007635,20007620,20007605,20007590,20007575
1402,20007696,20007681,20007666,20007651,20007636,20007621,20007606,20007591
1403,20007712,20007697,20007682,20007667,20007652,20007637,20007622,20007607
1404,20007728,20007713,20007698,20007683,20007668,20007653,20007638,20007623
1405,20007744,20007729,20007714,20007699,20007684,20007669,20007654,20007639
1406,20007760,20007745,20007730,20007715,20007700,20007685,20007670,20007655
1407,20007776,20007761,20007746,20007731,20007716,20007701,20007686,20007671
1408,20007792,20007777,20007762,20007747,20007732,20007717,20007702,20007687
1409,20007808,20007793,20007778,20007763,20007748,20007733,20007718,20007703
1410,20007824,20007809,20007794,20007779,20007764,20007749,20007734,20007719
1411,20007840,20007825,20007810,20007795,20007780,20007765,20007750,20007735
1412,20007856,20007841,20007826,20007811,20007796,20007781,20007766,20007751
1413,20007872,20007857,20007842,20007827,20007812,20007797,20007782,20007767
1414,20007888,20007873,20007858,20007843,20007828,20007813,20007798,20007783
1415,20007904,20007889,20007874,20007859,20007844,20007829,20007814,20007799
1416,20007920,20007905,20007890,20007875,20007860,20007845,20007830,20007815
1417,20007936,20007921,20007906,20007891,20007876,20007861,20007846,20007831
1418,20007952,20007937,20007922,20007907,20007892,20007877,20007862,20007847
1419,20007968,20007953,20007938,20007923,20007908,20007893,20007878,20007863
1420,20007984,20007969,20007954,20007939,20007924,20007909,20007894,20007879
1421,20008000,20007985,20007970,20007955,20007940,20007925,20007910,20007895
1422,20008016,20008001,20007986,20007971,20007956,20007941,20007926,20007911
1423,20008032,20008017,20008002,20007987,20007972,20007957,20007942,20007927
1424,20008048,20008033,20008018,20008003,20007988,20007973,20007958,20007943
1425,20008064,20008049,20008034,20008019,20008004,20007989,20007974,20007959
1426,20008080,20008065,20008050,20008035,20008020,20008005,20007990,20007975
1427,20008096,20008081,20008066,20008051,20008036,20008021,20008006,20007991
1428,20008112,20008097,20008082,20008067,20008052,20008037,20008022,20008007
1429,20008128,20008113,20008098,20008083,20008068,20008053,20008038,20008023
1430,20008144,20008129,20008114,20008099,20008084,20008069,20008054,20008039
1431,20008160,20008145,20008130,20008115,20008100,20008085,20008070,20008055
1432,20008176,20008161,20008146,20008131,20008116,20008101,20008086,20008071
1433,20008192,20008177,20008162,20008147,20008132,20008117,20008102,20008087
1434,20008208,20008193,20008178,20008163,20008148,20008133,20008118,20008103
1435,20008224,20008209,20008194,20008179,20008164,20008149,20008134,20008119
1436,20008240,20008225,20008210,20008195,20008180,20008165,20008150,20008135
1437,20008256,20008241,20008226,20008211,20008196,20008181,20008166,20008151
1438,20008272,20008257,20008242,20008227,20008212,20008197,20008182,20008167
1439,20008288,20008273,20008258,20008243,20008228,20008213,20008198,20008183
1440,20008304,20008289,20008274,20008259,20008244,20008229,20008214,20008199
1441,20008320,20008305,20008290,20008275,20008260,20008245,20008230,20008215
1442,20008336,20008321,20008306,20008291,20008276,20008261,20008246,20008231
1443,20008352,20008337,20008322,20008307,20008292,20008277,20008262,20008247
1444,20008368,20008353,20008338,20008323,20008308,20008293,20008278,20008263
1445,20008384,20008369,20008354,20008339,20008324,20008309,20008294,20008279
1446,20008400,20008385,20008370,20008355,20008340,20008325,20008310,20008295
1447,20008416,20008401,20008386,20008371,20008356,20008341,20008326,20008311
1448,20008432,20008417,20008402,20008387,20008372,20008357,20008342,20008327
1449,20008448,20008433,20008418,20008403,20008388,20008373,20008358,20008343
1450,20008464,20008449,20008434,20008419,20008404,20008389,20008374,20008359
1451,20008480,20008465,20008450,20008435,20008420,20008405,20008390,20008375
1452,20008496,20008481,20008466,20008451,20008436,20008421,20008406,20008391
1453,20008512,20008497,20008482,20008467,20008452,20008437,20008422,20008407
1454,20008528,20008513,20008498,20008483,20008468,20008453,20008438,20008423
1455,20008544,20008529,20008514,20008499,20008484,20008469,20008454,20008439
1456,20008560,20008545,20008530,20008515,20008500,20008485,20008470,20008455
1457,20008576,20008561,20008546,20008531,20008516,20008501,20008486,20008471
1458,20008592,20008577,20008562,20008547,20008532,20008517,20008502,20008487
1459,20008608,20008593,20008578,20008563,20008548,20008533,20008518,20008503
1460,20008624,20008609,20008594,20008579,20008564,20008549,20008534,20008519
1461,20008640,20008625,20008610,20008595,20008580,20008565,20008550,20008535
1462,20008656,20008641,20008626,20008611,20008596,20008581,20008566,20008551
1463,20008672,20008657,20008642,20008627,20008612,20008597,20008582,20008567
1464,20008688,20008673,20008658,20008643,20008628,20008613,20008598,20008583
1465,20008704,20008689,20008674,20008659,20008644,20008629,20008614,20008599
1466,20008720,20008705,20008690,20008675,20008660,20008645,20008630,20008615
1467,20008736,20008721,20008706,20008691,20008676,20008661,20008646,20008631
1468,20008752,20008737,20008722,20008707,20008692,20008677,20008662,20008647
1469,20008768,20008753,20008738,20008723,20008708,20008693,20008678,20008663
1470,20008784,20008769,20008754,20008739,20008724,20008709,20008694,20008679
1471,20008800,20008785,20008770,20008755,20008740,20008725,20008710,20008695
1472,20008816,20008801,20008786,20008771,20008756,20008741,20008726,20008711
1473,20008832,20008817,20008802,20008787,20008772,20008757,20008742,20008727
1474,20008848,20008833,20008818,20008803,20008788,20008773,20008758,20008743
1475,20008864,20008849,20008834,20008819,20008804,20008789,20008774,20008759
1476,20008880,20008865,20008850,20008835,20008820,20008805,20008790,20008775
1477,20008896,20008881,20008866,20008851,20008836,20008821,20008806,20008791
1478,20008912,20008897,20008882,20008867,20008852,20008837,20008822,20008807
1479,20008928,20008913,20008898,20008883,20008868,20008853,20008838,20008823
1480,20008944,20008929,20008914,20008899,20008884,20008869,20008854,20008839
1481,20008960,20008945,20008930,20008915,20008900,20008885,20008870,20008855
1482,20008976,20008961,20008946,20008931,20008916,20008901,20008886,20008871
1483,20008992,20008977,20008962,20008947,20008932,20008917,20008902,20008887
1484,20009008,20008993,20008978,20008963,20008948,20008933,20008918,20008903
1485,20009024,20009009,20008994,20008979,20008964,20008949,20008934,20008919
1486,20009040,20009025,20009010,20008995,20008980,20008965,20008950,20008935
1487,20009056,20009041,20009026,20009011,20008996,20008981,20008966,20008951
1488,20009072,20009057,20009042,20009027,20009012,20008997,20008982,20008967
1489,20009088,20009073,20009058,20009043,20009028,20009013,20008998,20008983
1490,20009104,20009089,20009074,20009059,20009044,20009029,20009014,20008999
1491,20009120,20009105,20009090,20009075,20009060,20009045,20009030,20009015
1492,20009136,20009121,20009106,20009091,20009076,20009061,20009046,20009031
1493,20009152,20009137,20009122,20009107,20009092,20009077,20009062,20009047
1494,20009168,20009153,20009138,20009123,20009108,20009093,20009078,20009063
1495,20009184,20009169,20009154,20009139,20009124,20009109,20009094,20009079
1496,20009200,20009185,20009170,20009155,20009140,20009125,20009110,20009095
1497,20009216,20009201,20009186,20009171,20009156,20009141,20009126,20009111
1498,20009232,20009217,20009202,20009187,20009172,20009157,20009142,20009127
1499,20009248,20009233,20009218,20009203,20009188,20009173,20009158,20009143
1500,20009264,20009249,20009234,20009219,20009204,20009189,20009174,20009159
1501,20009280,20009265,20009250,20009235,20009220,20009205,20009190,20009175
1502,20009296,20009281,20009266,20009251,20009236,20009221,20009206,20009191
1503,20009312,20009297,20009282,20009267,20009252,20009237,20009222,20009207
1504,20009328,20009313,20009298,20009283,20009268,20009253,20009238,20009223
1505,20009344,20009329,20009314,20009299,20009284,20009269,20009254,20009239
1506,20009360,20009345,20009330,20009315,20009300,20009285,20009270,20009255
1507,20009376,20009361,20009346,20009331,20009316,20009301,20009286,20009271
1508,20009392,20009377,20009362,20009347,20009332,20009317,20009302,20009287
1509,20009408,20009393,20009378,20009363,20009348,20009333,20009318,20009303
1510,20009424,20009409,20009394,20009379,20009364,20009349,20009334,20009319
1511,20009440,20009425,20009410,20009395,20009380,20009365,20009350,20009335
1512,20009456,20009441,20009426,20009411,20009396,20009381,20009366,20009351
1513,20009472,20009457,20009442,20009427,20009412,20009397,20009382,20009367
1514,20009488,20009473,20009458,20009443,20009428,20009413,20009398,20009383
1515,20009504,20009489,20009474,20009459,20009444,20009429,20009414,20009399
1516,20009520,20009505,20009490,20009475,20009460,20009445,20009430,20009415
1517,20009536,20009521,20009506,20009491,20009476,20009461,20009446,20009431
1518,20009552,20009537,20009522,20009507,20009492,20009477,20009462,20009447
1519,20009568,20009553,20009538,20009523,20009508,20009493,20009478,20009463
1520,20009584,20009569,20009554,20009539,20009524,20009509,20009494,20009479
1521,20009600,20009585,20009570,20009555,20009540,20009525,20009510,20009495
1522,20009616,20009601,20009586,20009571,20009556,20009541,20009526,20009511
1523,20009632,20009617,20009602,20009587,20009572,20009557,20009542,20009527
1524,20009648,20009633,20009618,20009603,20009588,20009573,20009558,20009543
1525,20009664,20009649,20009634,20009619,20009604,20009589,20009574,20009559
1526,20009680,20009665,20009650,20009635,20009620,20009605,20009590,20009575
1527,20009696,20009681,20009666,20009651,20009636,20009621,20009606,20009591
1528,20009712,20009697,20009682,20009667,20009652,20009637,20009622,20009607
1529,20009728,20009713,20009698,20009683,20009668,20009653,20009638,20009623
1530,20009744,20009729,20009714,20009699,20009684,20009669,20009654,20009639
1531,20009760,20009745,20009730,20009715,20009700,20009685,20009670,20009655
1532,20009776,20009761,20009746,20009731,20009716,20009701,20009686,20009671
1533,20009792,20009777,20009762,20009747,20009732,20009717,20009702,20009687
1534,20009808,20009793,20009778,20009763,20009748,20009733,20009718,20009703
1535,20009824,20009809,20009794,20009779,20009764,20009749,20009734,20009719
1536,20009840,20009825,20009810,20009795,20009780,20009765,20009750,20009735
1537,20009856,20009841,20009826,20009811,20009796,20009781,20009766,20009751
1538,20009872,20009857,20009842,20009827,20009812,20009797,20009782,20009767
1539,20009888,20009873,20009858,20009843,20009828,20009813,20009798,20009783
1540,20009904,20009889,20009874,20009859,20009844,20009829,20009814,20009799
1541,20009920,20009905,20009890,20009875,20009860,20009845,20009830,20009815
1542,20009936,20009921,20009906,20009891,20009876,20009861,20009846,20009831
1543,20009952,20009937,20009922,20009907,20009892,20009877,20009862,20009847
1544,20009968,20009953,20009938,20009923,20009908,20009893,20009878,20009863
1545,20009984,20009969,20009954,20009939,20009924,20009909,20009894,20009879
1546,20010000,20009985,20009970,20009955,20009940,20009925,20009910,20009895
1547,20010016,20010001,20009986,20009971,20009956,20009941,20009926,20009911
1548,20010032,20010017,20010002,20009987,20009972,20009957,20009942,20009927
1549,20010048,20010033,20010018,20010003,20009988,20009973,20009958,20009943
1550,20010064,20010049,20010034,20010019,20010004,20009989,20009974,20009959
1551,20010080,20010065,20010050,20010035,20010020,20010005,20009990,20009975
1552,20010096,20010081,20010066,20010051,20010036,20010021,20010006,20009991
1553,20010112,20010097,20010082,20010067,20010052,20010037,20010022,20010007
1554,20010128,20010113,20010098,20010083,20010068,20010053,20010038,20010023
1555,20010144,20010129,20010114,20010099,20010084,20010069,20010054,20010039
1556,20010160,20010145,20010130,20010115,20010100,20010085,20010070,20010055
1557,20010176,20010161,20010146,20010131,20010116,20010101,20010086,20010071
1558,20010192,20010177,20010162,20010147,20010132,20010117,20010102,20010087
1559,20010208,20010193,20010178,20010163,20010148,20010133,20010118,20010103
1560,20010224,20010209,20010194,20010179,20010164,20010149,20010134,20010119
1561,20010240,20010225,20010210,20010195,20010180,20010165,20010150,20010135
1562,20010256,20010241,20010226,20010211,20010196,20010181,20010166,20010151
1563,20010272,20010257,20010242,20010227,20010212,20010197,20010182,20010167
1564,20010288,20010273,20010258,20010243,20010228,20010213,20010198,20010183
1565,20010304,20010289,20010274,20010259,20010244,20010229,20010214,20010199
1566,20010320,20010305,20010290,20010275,20010260,20010245,20010230,20010215
1567,20010336,20010321,20010306,20010291,20010276,20010261,20010246,20010231
1568,20010352,20010337,20010322,20010307,20010292,20010277,20010262,20010247
1569,20010368,20010353,20010338,20010323,20010308,20010293,20010278,20010263
1570,20010384,20010369,20010354,20010339,20010324,20010309,20010294,20010279
1571,20010400,20010385,20010370,20010355,20010340,20010325,20010310,20010295
1572,20010416,20010401,20010386,20010371,20010356,20010341,20010326,20010311
1573,20010432,20010417,20010402,20010387,20010372,20010357,20010342,20010327
1574,20010448,20010433,20010418,20010403,20010388,20010373,20010358,20010343
1575,20010464,20010449,20010434,20010419,20010404,20010389,20010374,20010359
1576,20010480,20010465,20010450,20010435,20010420,20010405,20010390,20010375
1577,20010496,20010481,20010466,20010451,20010436,20010421,20010406,20010391
1578,20010512,20010497,20010482,20010467,20010452,20010437,20010422,20010407
1579,20010528,20010513,20010498,20010483,20010468,20010453,20010438,20010423
1580,20010544,20010529,20010514,20010499,20010484,20010469,20010454,20010439
1581,20010560,20010545,20010530,20010515,20010500,20010485,20010470,20010455
1582,20010576,20010561,20010546,20010531,20010516,20010501,20010486,20010471
1583,20010592,20010577,20010562,20010547,20010532,20010517,20010502,20010487
1584,20010608,20010593,20010578,20010563,20010548,20010533,20010518,20010503
1585,20010624,20010609,20010594,20010579,20010564,20010549,20010534,20010519
1586,20010640,20010625,20010610,20010595,20010580,20010565,20010550,20010535
1587,20010656,20010641,20010626,20010611,20010596,20010581,20010566,20010551
1588,20010672,20010657,20010642,20010627,20010612,20010597,20010582,20010567
1589,20010688,20010673,20010658,20010643,20010628,20010613,20010598,20010583
1590,20010704,20010689,20010674,20010659,20010644,20010629,20010614,20010599
1591,20010720,20010705,20010690,20010675,20010660,20010645,20010630,20010615
1592,20010736,20010721,20010706,20010691,20010676,20010661,20010646,20010631
1593,20010752,20010737,20010722,20010707,20010692,20010677,20010662,20010647
1594,20010768,20010753,20010738,20010723,20010708,20010693,20010678,20010663
1595,20010784,20010769,20010754,20010739,20010724,20010709,20010694,20010679
1596,20010800,20010785,20010770,20010755,20010740,20010725,20010710,20010695
1597,20010816,20010801,20010786,20010771,20010756,20010741,20010726,20010711
1598,20010832,20010817,20010802,20010787,20010772,20010757,20010742,20010727
1599,20010848,20010833,20010818,20010803,20010788,20010773,20010758,20010743
1600,20010864,20010849,20010834,20010819,20010804,20010789,20010774,20010759
1601,20010880,20010865,20010850,20010835,20010820,20010805,20010790,20010775
1602,20010896,20010881,20010866,20010851,20010836,20010821,20010806,20010791
1603,20010912,20010897,20010882,20010867,20010852,20010837,20010822,20010807
1604,20010928,20010913,20010898,20010883,20010868,20010853,20010838,20010823
1605,20010944,20010929,20010914,20010899,20010884,20010869,20010854,20010839
1606,20010960,20010945,20010930,20010915,20010900,20010885,20010870,20010855
1607,20010976,20010961,20010946,20010931,20010916,20010901,20010886,20010871
1608,20010992,20010977,20010962,20010947,20010932,20010917,20010902,20010887
1609,20011008,20010993,20010978,20010963,20010948,20010933,20010918,20010903
1610,20011024,20011009,20010994,20010979,20010964,20010949,20010934,20010919
1611,20011040,20011025,20011010,20010995,20010980,20010965,20010950,20010935
1612,20011056,20011041,20011026,20011011,20010996,20010981,20010966,20010951
1613,20011072,20011057,20011042,20011027,20011012,20010997,20010982,20010967
1614,20011088,20011073,20011058,20011043,20011028,20011013,20010998,20010983
1615,20011104,20011089,20011074,20011059,20011044,20011029,20011014,20010999
1616,20011120,20011105,20011090,20011075,20011060,20011045,20011030,20011015
1617,20011136,20011121,20011106,20011091,20011076,20011061,20011046,20011031
1618,20011152,20011137,20011122,20011107,20011092,20011077,20011062,20011047
1619,20011168,20011153,20011138,20011123,20011108,20011093,20011078,20011063
1620,20011184,20011169,20011154,20011139,20011124,20011109,20011094,20011079
1621,20011200,20011185,20011170,20011155,20011140,20011125,20011110,20011095
1622,20011216,20011201,20011186,20011171,20011156,20011141,20011126,20011111
1623,20011232,20011217,20011202,20011187,20011172,20011157,20011142,20011127
1624,20011248,20011233,20011218,20011203,20011188,20011173,20011158,20011143
1625,20011264,20011249,20011234,20011219,20011204,20011189,20011174,20011159
1626,20011280,20011265,20011250,20011235,20011220,20011205,20011190,20011175
1627,20011296,20011281,20011266,20011251,20011236,20011221,20011206,20011191
1628,20011312,20011297,20011282,20011267,20011252,20011237,20011222,20011207
1629,20011328,20011313,20011298,20011283,20011268,20011253,20011238,20011223
1630,20011344,20011329,20011314,20011299,20011284,20011269,20011254,20011239
1631,20011360,20011345,20011330,20011315,20011300,20011285,20011270,20011255
1632,20011376,20011361,20011346,20011331,20011316,20011301,20011286,20011271
1633,20011392,20011377,20011362,20011347,20011332,20011317,20011302,20011287
1634,20011408,20011393,20011378,20011363,20011348,20011333,20011318,20011303
1635,20011424,20011409,20011394,20011379,20011364,20011349,20011334,20011319
1636,20011440,20011425,20011410,20011395,20011380,20011365,20011350,20011335
1637,20011456,20011441,20011426,20011411,20011396,20011381,20011366,20011351
1638,20011472,20011457,20011442,20011427,20011412,20011397,20011382,20011367
1639,20011488,20011473,20011458,20011443,20011428,20011413,20011398,20011383
1640,20011504,20011489,20011474,20011459,20011444,20011429,20011414,20011399
1641,20011520,20011505,20011490,20011475,20011460,20011445,20011430,20011415
1642,20011536,20011521,20011506,20011491,20011476,20011461,20011446,20011431
1643,20011552,20011537,20011522,20011507,20011492,20011477,20011462,20011447
1644,20011568,20011553,20011538,20011523,20011508,20011493,20011478,20011463
1645,20011584,20011569,20011554,20011539,20011524,20011509,20011494,20011479
1646,20011600,20011585,20011570,20011555,20011540,20011525,20011510,20011495
1647,20011616,20011601,20011586,20011571,20011556,20011541,20011526,20011511
1648,20011632,20011617,20011602,20011587,20011572,20011557,20011542,20011527
1649,20011648,20011633,20011618,20011603,20011588,20011573,20011558,20011543
1650,20011664,20011649,20011634,20011619,20011604,20011589,20011574,20011559
1651,20011680,20011665,20011650,20011635,20011620,20011605,20011590,20011575
1652,20011696,20011681,20011666,20011651,20011636,20011621,20011606,20011591
1653,20011712,20011697,20011682,20011667,20011652,20011637,20011622,20011607
1654,20011728,20011713,20011698,20011683,20011668,20011653,20011638,20011623
1655,20011744,20011729,20011714,20011699,20011684,20011669,20011654,20011639
1656,20011760,20011745,20011730,20011715,20011700,20011685,20011670,20011655
1657,20011776,20011761,20011746,20011731,20011716,20011701,20011686,20011671
1658,20011792,20011777,20011762,20011747,20011732,20011717,20011702,20011687
1659,20011808,20011793,20011778,20011763,20011748,20011733,20011718,20011703
1660,20011824,20011809,20011794,20011779,20011764,20011749,20011734,20011719
1661,20011840,20011825,20011810,20011795,20011780,20011765,20011750,20011735
1662,20011856,20011841,20011826,20011811,20011796,20011781,20011766,20011751
1663,20011872,20011857,20011842,20011827,20011812,20011797,20011782,20011767
1664,20011888,20011873,20011858,20011843,20011828,20011813,20011798,20011783
1665,20011904,20011889,20011874,20011859,20011844,20011829,20011814,20011799
1666,20011920,20011905,20011890,20011875,20011860,20011845,20011830,20011815
1667,20011936,20011921,20011906,20011891,20011876,20011861,20011846,20011831
1668,20011952,20011937,20011922,20011907,20011892,20011877,20011862,20011847
1669,20011968,20011953,20011938,20011923,20011908,20011893,20011878,20011863
1670,20011984,20011969,20011954,20011939,20011924,20011909,20011894,20011879
1671,20012000,20011985,20011970,20011955,20011940,20011925,20011910,20011895
1672,20012016,20012001,20011986,20011971,20011956,20011941,20011926,20011911
1673,20012032,20012017,20012002,20011987,20011972,20011957,20011942,20011927
1674,20012048,20012033,20012018,20012003,20011988,20011973,20011958,20011943
1675,20012064,20012049,20012034,20012019,20012004,20011989,20011974,20011959
1676,20012080,20012065,20012050,20012035,20012020,20012005,20011990,20011975
1677,20012096,20012081,20012066,20012051,20012036,20012021,20012006,20011991
1678,20012112,20012097,20012082,20012067,20012052,20012037,20012022,20012007
1679,20012128,20012113,20012098,20012083,20012068,20012053,20012038,20012023
1680,20012144,20012129,20012114,20012099,20012084,20012069,20012054,20012039
1681,20012160,20012145,20012130,20012115,20012100,20012085,20012070,20012055
1682,20012176,20012161,20012146,20012131,20012116,20012101,20012086,20012071
1683,20012192,20012177,20012162,20012147,20012132,20012117,20012102,20012087
1684,20012208,20012193,20012178,20012163,20012148,20012133,20012118,20012103
1685,20012224,20012209,20012194,20012179,20012164,20012149,20012134,20012119
1686,20012240,20012225,20012210,20012195,20012180,20012165,20012150,20012135
1687,20012256,20012241,20012226,20012211,20012196,20012181,20012166,20012151
1688,20012272,20012257,20012242,20012227,20012212,20012197,20012182,20012167
1689,20012288,20012273,20012258,20012243,20012228,20012213,20012198,20012183
1690,20012304,20012289,20012274,20012259,20012244,20012229,20012214,20012199
1691,20012320,20012305,20012290,20012275,20012260,20012245,20012230,20012215
1692,20012336,20012321,20012306,20012291,20012276,20012261,20012246,20012231
1693,20012352,20012337,20012322,20012307,20012292,20012277,20012262,20012247
1694,20012368,20012353,20012338,20012323,20012308,20012293,20012278,20012263
1695,20012384,20012369,20012354,20012339,20012324,20012309,20012294,20012279
1696,20012400,20012385,20012370,20012355,20012340,20012325,20012310,20012295
1697,20012416,20012401,20012386,20012371,20012356,20012341,20012326,20012311
1698,20012432,20012417,20012402,20012387,20012372,20012357,20012342,20012327
1699,20012448,20012433,20012418,20012403,20012388,20012373,20012358,20012343
1700,20012464,20012449,20012434,20012419,20012404,20012389,20012374,20012359
1701,20012480,20012465,20012450,20012435,20012420,20012405,20012390,20012375
1702,20012496,20012481,20012466,20012451,20012436,20012421,20012406,20012391
1703,20012512,20012497,20012482,20012467,20012452,20012437,20012422,20012407
1704,20012528,20012513,20012498,20012483,20012468,20012453,20012438,20012423
1705,20012544,20012529,20012514,20012499,20012484,20012469,20012454,20012439
1706,20012560,20012545,20012530,20012515,20012500,20012485,20012470,20012455
1707,20012576,20012561,20012546,20012531,20012516,20012501,20012486,20012471
1708,20012592,20012577,20012562,20012547,20012532,20012517,20012502,20012487
1709,20012608,20012593,20012578,20012563,20012548,20012533,20012518,20012503
1710,20012624,20012609,20012594,20012579,20012564,20012549,20012534,20012519
1711,20012640,20012625,20012610,20012595,20012580,20012565,20012550,20012535
1712,20012656,20012641,20012626,20012611,20012596,20012581,20012566,20012551
1713,20012672,20012657,20012642,20012627,20012612,20012597,20012582,20012567
1714,20012688,20012673,20012658,20012643,20012628,20012613,20012598,20012583
1715,20012704,20012689,20012674,20012659,20012644,20012629,20012614,20012599
1716,20012720,20012705,20012690,20012675,20012660,20012645,20012630,20012615
1717,20012736,20012721,20012706,20012691,20012676,20012661,20012646,20012631
1718,20012752,20012737,20012722,20012707,20012692,20012677,20012662,20012647
1719,20012768,20012753,20012738,20012723,20012708,20012693,20012678,20012663
1720,20012784,20012769,20012754,20012739,20012724,20012709,20012694,20012679
1721,20012800,20012785,20012770,20012755,20012740,20012725,20012710,20012695
1722,20012816,20012801,20012786,20012771,20012756,20012741,20012726,20012711
1723,20012832,20012817,20012802,20012787,20012772,20012757,20012742,20012727
1724,20012848,20012833,20012818,20012803,20012788,20012773,20012758,20012743
1725,20012864,20012849,20012834,20012819,20012804,20012789,20012774,20012759
1726,20012880,20012865,20012850,20012835,20012820,20012805,20012790,20012775
1727,20012896,20012881,20012866,20012851,20012836,20012821,20012806,20012791
1728,20012912,20012897,20012882,20012867,20012852,20012837,20012822,20012807
1729,20012928,20012913,20012898,20012883,20012868,20012853,20012838,20012823
1730,20012944,20012929,20012914,20012899,20012884,20012869,20012854,20012839
1731,20012960,20012945,20012930,20012915,20012900,20012885,20012870,20012855
1732,20012976,20012961,20012946,20012931,20012916,20012901,20012886,20012871
1733,20012992,20012977,20012962,20012947,20012932,20012917,20012902,20012887
1734,20013008,20012993,20012978,20012963,20012948,20012933,20012918,20012903
1735,20013024,20013009,20012994,20012979,20012964,20012949,20012934,20012919
1736,20013040,20013025,20013010,20012995,20012980,20012965,20012950,20012935
1737,20013056,20013041,20013026,20013011,20012996,20012981,20012966,20012951
1738,20013072,20013057,20013042,20013027,20013012,20012997,20012982,20012967
1739,20013088,20013073,20013058,20013043,20013028,20013013,20012998,20012983
1740,20013104,20013089,20013074,20013059,20013044,20013029,20013014,20012999
1741,20013120,20013105,20013090,20013075,20013060,20013045,20013030,20013015
1742,20013136,20013121,20013106,20013091,20013076,20013061,20013046,20013031
1743,20013152,20013137,20013122,20013107,20013092,20013077,20013062,20013047
1744,20013168,20013153,20013138,20013123,20013108,20013093,20013078,20013063
1745,20013184,20013169,20013154,20013139,20013124,20013109,20013094,20013079
1746,20013200,20013185,20013170,20013155,20013140,20013125,20013110,20013095
1747,20013216,20013201,20013186,20013171,20013156,20013141,20013126,20013111
1748,20013232,20013217,20013202,20013187,20013172,20013157,20013142,20013127
1749,20013248,20013233,20013218,20013203,20013188,20013173,20013158,20013143
1750,20013264,20013249,20013234,20013219,20013204,20013189,20013174,20013159
1751,20013280,20013265,20013250,20013235,20013220,20013205,20013190,20013175
1752,20013296,20013281,20013266,20013251,20013236,20013221,20013206,20013191
1753,20013312,20013297,20013282,20013267,20013252,20013237,20013222,20013207
1754,20013328,20013313,20013298,20013283,20013268,20013253,20013238,20013223
1755,20013344,20013329,20013314,20013299,20013284,20013269,20013254,20013239
1756,20013360,20013345,20013330,20013315,20013300,20013285,20013270,20013255
1757,20013376,20013361,20013346,20013331,20013316,20013301,20013286,20013271
1758,20013392,20013377,20013362,20013347,20013332,20013317,20013302,20013287
1759,20013408,20013393,20013378,20013363,20013348,20013333,20013318,20013303
1760,20013424,20013409,20013394,20013379,20013364,20013349,20013334,20013319
1761,20013440,20013425,20013410,20013395,20013380,20013365,20013350,20013335
1762,20013456,20013441,20013426,20013411,20013396,20013381,20013366,20013351
1763,20013472,20013457,20013442,20013427,20013412,20013397,20013382,20013367
1764,20013488,20013473,20013458,20013443,20013428,20013413,20013398,20013383
1765,20013504,20013489,20013474,20013459,20013444,20013429,20013414,20013399
1766,20013520,20013505,20013490,20013475,20013460,20013445,20013430,20013415
1767,20013536,20013521,20013506,20013491,20013476,20013461,20013446,20013431
1768,20013552,20013537,20013522,20013507,20013492,20013477,20013462,20013447
1769,20013568,20013553,20013538,20013523,20013508,20013493,20013478,20013463
1770,20013584,20013569,20013554,20013539,20013524,20013509,20013494,20013479
1771,20013600,20013585,20013570,20013555,20013540,20013525,20013510,20013495
1772,20013616,20013601,20013586,20013571,20013556,20013541,20013526,20013511
1773,20013632,20013617,20013602,20013587,20013572,20013557,20013542,20013527
1774,20013648,20013633,20013618,20013603,20013588,20013573,20013558,20013543
1775,20013664,20013649,20013634,20013619,20013604,20013589,20013574,20013559
1776,20013680,20013665,20013650,20013635,20013620,20013605,20013590,20013575
1777,20013696,20013681,20013666,20013651,20013636,20013621,20013606,20013591
1778,20013712,20013697,20013682,20013667,20013652,20013637,20013622,20013607
1779,20013728,20013713,20013698,20013683,20013668,20013653,20013638,20013623
1780,20013744,20013729,20013714,20013699,20013684,20013669,20013654,20013639
1781,20013760,20013745,20013730,20013715,20013700,20013685,20013670,20013655
1782,20013776,20013761,20013746,20013731,20013716,20013701,20013686,20013671
1783,20013792,20013777,20013762,20013747,20013732,20013717,20013702,20013687
1784,20013808,20013793,20013778,20013763,20013748,20013733,20013718,20013703
1785,20013824,20013809,20013794,20013779,20013764,20013749,20013734,20013719
1786,20013840,20013825,20013810,20013795,20013780,20013765,20013750,20013735
1787,20013856,20013841,20013826,20013811,20013796,20013781,20013766,20013751
1788,20013872,20013857,20013842,20013827,20013812,20013797,20013782,20013767
1789,20013888,20013873,20013858,20013843,20013828,20013813,20013798,20013783
1790,20013904,20013889,20013874,20013859,20013844,20013829,20013814,20013799
1791,20013920,20013905,20013890,20013875,20013860,20013845,20013830,20013815
1792,20013936,20013921,20013906,20013891,20013876,20013861,20013846,20013831
1793,20013952,20013937,20013922,20013907,20013892,20013877,20013862,20013847
1794,20013968,20013953,20013938,20013923,20013908,20013893,20013878,20013863
1795,20013984,20013969,20013954,20013939,20013924,20013909,20013894,20013879
1796,20014000,20013985,20013970,20013955,20013940,20013925,20013910,20013895
1797,20014016,20014001,20013986,20013971,20013956,20013941,20013926,20013911
1798,20014032,20014017,20014002,20013987,20013972,20013957,20013942,20013927
1799,20014048,20014033,20014018,20014003,20013988,20013973,20013958,20013943
1800,20014064,20014049,20014034,20014019,20014004,20013989,20013974,20013959
1801,20014080,20014065,20014050,20014035,20014020,20014005,20013990,20013975
1802,20014096,20014081,20014066,20014051,20014036,20014021,20014006,20013991
1803,20014112,20014097,20014082,20014067,20014052,20014037,20014022,20014007
1804,20014128,20014113,20014098,20014083,20014068,20014053,20014038,20014023
1805,20014144,20014129,20014114,20014099,20014084,20014069,20014054,20014039
1806,20014160,20014145,20014130,20014115,20014100,20014085,20014070,20014055
1807,20014176,20014161,20014146,20014131,20014116,20014101,20014086,20014071
1808,20014192,20014177,20014162,20014147,20014132,20014117,20014102,20014087
1809,20014208,20014193,20014178,20014163,20014148,20014133,20014118,20014103
1810,20014224,20014209,20014194,20014179,20014164,20014149,20014134,20014119
1811,20014240,20014225,20014210,20014195,20014180,20014165,20014150,20014135
1812,20014256,20014241,20014226,20014211,20014196,20014181,20014166,20014151
1813,20014272,20014257,20014242,20014227,20014212,20014197,20014182,20014167
1814,20014288,20014273,20014258,20014243,20014228,20014213,20014198,20014183
1815,20014304,20014289,20014274,20014259,20014244,20014229,20014214,20014199
1816,20014320,20014305,20014290,20014275,20014260,20014245,20014230,20014215
1817,20014336,20014321,20014306,20014291,20014276,20014261,20014246,20014231
1818,20014352,20014337,20014322,20014307,20014292,20014277,20014262,20014247
1819,20014368,20014353,20014338,20014323,20014308,20014293,20014278,20014263
1820,20014384,20014369,20014354,20014339,20014324,20014309,20014294,20014279
1821,-1,20014385,20014370,20014355,20014340,20014325,20014310,20014295
1822,-1,-1,20014386,20014371,20014356,20014341,20014326,20014311
1823,-1,-1,-1,20014387,20014372,20014357,20014342,20014327
1824,-1,-1,-1,-1,20014388,20014373,20014358,20014343
1825,-1,-1,-1,-1,-1,20014389,20014374,20014359
1826,-1,-1,-1,-1,-1,-1,20014390,20014375
1827,-1,-1,-1,-1,-1,-1,-1,20014391
1828,-1,-1,-1,-1,-1,-1,-1,-1
1829,-1,-1,-1,-1,-1,-1,-1,-1
1830,-1,-1,-1,-1,-1,-1,-1,-1
1831,-1,-1,-1,-1,-1,-1,-1,-1
1832,-1,-1,-1,-1,-1,-1,-1,-1
1833,-1,-1,-1,-1,-1,-1,-1,-1
1834,-1,-1,-1,-1,-1,-1,-1,-1
1835,20000000,-1,-1,-1,-1,-1,-1,-1
1836,20000016,20000001,-1,-1,-1,-1,-1,-1
1837,20000032,20000017,20000002,-1,-1,-1,-1,-1
1838,20000048,20000033,20000018,20000003,-1,-1,-1,-1
1839,20000064,20000049,20000034,20000019,20000004,-1,-1,-1
1840,20000080,20000065,20000050,20000035,20000020,20000005,-1,-1
1841,20000096,20000081,20000066,20000051,20000036,20000021,20000006,-1
1842,20000112,20000097,20000082,20000067,20000052,20000037,20000022,20000007
1843,20000128,20000113,20000098,20000083,20000068,20000053,20000038,20000023
1844,20000144,20000129,20000114,20000099,20000084,20000069,20000054,20000039
1845,20000160,20000145,20000130,20000115,20000100,20000085,20000070,20000055
1846,20000176,20000161,20000146,20000131,20000116,20000101,20000086,20000071
1847,20000192,20000177,20000162,20000147,20000132,20000117,20000102,20000087
1848,20000208,20000193,20000178,20000163,20000148,20000133,20000118,20000103
1849,20000224,20000209,20000194,20000179,20000164,20000149,20000134,20000119
1850,20000240,20000225,20000210,20000195,20000180,20000165,20000150,20000135
1851,20000256,20000241,20000226,20000211,20000196,20000181,20000166,20000151
1852,20000272,20000257,20000242,20000227,20000212,20000197,20000182,20000167
1853,20000288,20000273,20000258,20000243,20000228,20000213,20000198,20000183
1854,20000304,20000289,20000274,20000259,20000244,20000229,20000214,20000199
1855,20000320,20000305,20000290,20000275,20000260,20000245,20000230,20000215
1856,20000336,20000321,20000306,20000291,20000276,20000261,20000246,20000231
1857,20000352,20000337,20000322,20000307,20000292,20000277,20000262,20000247
1858,20000368,20000353,20000338,20000323,20000308,20000293,20000278,20000263
1859,20000384,20000369,20000354,20000339,20000324,20000309,20000294,20000279
1860,20000400,20000385,20000370,20000355,20000340,20000325,20000310,20000295
1861,20000416,20000401,20000386,20000371,20000356,20000341,20000326,20000311
1862,20000432,20000417,20000402,20000387,20000372,20000357,20000342,20000327
1863,20000448,20000433,20000418,20000403,20000388,20000373,20000358,20000343
1864,20000464,20000449,20000434,20000419,20000404,20000389,20000374,20000359
1865,20000480,20000465,20000450,20000435,20000420,20000405,20000390,20000375
1866,20000496,20000481,20000466,20000451,20000436,20000421,20000406,20000391
1867,20000512,20000497,20000482,20000467,20000452,20000437,20000422,20000407
1868,20000528,20000513,20000498,20000483,20000468,20000453,20000438,20000423
1869,20000544,20000529,20000514,20000499,20000484,20000469,20000454,20000439
1870,20000560,20000545,20000530,20000515,20000500,20000485,20000470,20000455
1871,20000576,20000561,20000546,20000531,20000516,20000501,20000486,20000471
1872,20000592,20000577,20000562,20000547,20000532,20000517,20000502,20000487
1873,20000608,20000593,20000578,20000563,20000548,20000533,20000518,20000503
1874,20000624,20000609,20000594,20000579,20000564,20000549,20000534,20000519
1875,20000640,20000625,20000610,20000595,20000580,20000565,20000550,20000535
1876,20000656,20000641,20000626,20000611,20000596,20000581,20000566,20000551
1877,20000672,20000657,20000642,20000627,20000612,20000597,20000582,20000567
1878,20000688,20000673,20000658,20000643,20000628,20000613,20000598,20000583
1879,20000704,20000689,20000674,20000659,20000644,20000629,20000614,20000599
1880,20000720,20000705,20000690,20000675,20000660,20000645,20000630,20000615
1881,20000736,20000721,20000706,20000691,20000676,20000661,20000646,20000631
1882,20000752,20000737,20000722,20000707,20000692,20000677,20000662,20000647
1883,20000768,20000753,20000738,20000723,20000708,20000693,20000678,20000663
1884,20000784,20000769,20000754,20000739,20000724,20000709,20000694,20000679
1885,20000800,20000785,20000770,20000755,20000740,20000725,20000710,20000695
1886,20000816,20000801,20000786,20000771,20000756,20000741,20000726,20000711
1887,20000832,20000817,20000802,20000787,20000772,20000757,20000742,20000727
1888,20000848,20000833,20000818,20000803,20000788,20000773,20000758,20000743
1889,20000864,20000849,20000834,20000819,20000804,20000789,20000774,20000759
1890,20000880,20000865,20000850,20000835,20000820,20000805,20000790,20000775
1891,20000896,20000881,20000866,20000851,20000836,20000821,20000806,20000791
1892,20000912,20000897,20000882,20000867,20000852,20000837,20000822,20000807
1893,20000928,20000913,20000898,20000883,20000868,20000853,20000838,20000823
1894,20000944,20000929,20000914,20000899,20000884,20000869,20000854,20000839
1895,20000960,20000945,20000930,20000915,20000900,20000885,20000870,20000855
1896,20000976,20000961,20000946,20000931,20000916,20000901,20000886,20000871
1897,20000992,20000977,20000962,20000947,20000932,20000917,20000902,20000887
1898,20001008,20000993,20000978,20000963,20000948,20000933,20000918,20000903
1899,20001024,20001009,20000994,20000979,20000964,20000949,20000934,20000919
1900,20001040,20001025,20001010,20000995,20000980,20000965,20000950,20000935
1901,20001056,20001041,20001026,20001011,20000996,20000981,20000966,20000951
1902,20001072,20001057,20001042,20001027,20001012,20000997,20000982,20000967
1903,20001088,20001073,20001058,20001043,20001028,20001013,20000998,20000983
1904,20001104,20001089,20001074,20001059,20001044,20001029,20001014,20000999
1905,20001120,20001105,20001090,20001075,20001060,20001045,20001030,20001015
1906,20001136,20001121,20001106,20001091,20001076,20001061,20001046,20001031
1907,20001152,20001137,20001122,20001107,20001092,20001077,20001062,20001047
1908,20001168,20001153,20001138,20001123,20001108,20001093,20001078,20001063
1909,20001184,20001169,20001154,20001139,20001124,20001109,20001094,20001079
1910,20001200,20001185,20001170,20001155,20001140,20001125,20001110,20001095
1911,20001216,20001201,20001186,20001171,20001156,20001141,20001126,20001111
1912,20001232,20001217,20001202,20001187,20001172,20001157,20001142,20001127
1913,20001248,20001233,20001218,20001203,20001188,20001173,20001158,20001143
1914,20001264,20001249,20001234,20001219,20001204,20001189,20001174,20001159
1915,20001280,20001265,20001250,20001235,20001220,20001205,20001190,20001175
1916,20001296,20001281,20001266,20001251,20001236,20001221,20001206,20001191
1917,20001312,20001297,20001282,20001267,20001252,20001237,20001222,20001207
1918,20001328,20001313,20001298,20001283,20001268,20001253,20001238,20001223
1919,20001344,20001329,20001314,20001299,20001284,20001269,20001254,20001239
1920,20001360,20001345,20001330,20001315,20001300,20001285,20001270,20001255
1921,20001376,20001361,20001346,20001331,20001316,20001301,20001286,20001271
1922,20001392,20001377,20001362,20001347,20001332,20001317,20001302,20001287
1923,20001408,20001393,20001378,20001363,20001348,20001333,20001318,20001303
1924,20001424,20001409,20001394,20001379,20001364,20001349,20001334,20001319
1925,20001440,20001425,20001410,20001395,20001380,20001365,20001350,20001335
1926,20001456,20001441,20001426,20001411,20001396,20001381,20001366,20001351
1927,20001472,20001457,20001442,20001427,20001412,20001397,20001382,20001367
1928,20001488,20001473,20001458,20001443,20001428,20001413,20001398,20001383
1929,20001504,20001489,20001474,20001459,20001444,20001429,20001414,20001399
1930,20001520,20001505,20001490,20001475,20001460,20001445,20001430,20001415
1931,20001536,20001521,20001506,20001491,20001476,20001461,20001446,20001431
1932,20001552,20001537,20001522,20001507,20001492,20001477,20001462,20001447
1933,20001568,20001553,20001538,20001523,20001508,20001493,20001478,20001463
1934,20001584,20001569,20001554,20001539,20001524,20001509,20001494,20001479
1935,20001600,20001585,20001570,20001555,20001540,20001525,20001510,20001495
1936,20001616,20001601,20001586,20001571,20001556,20001541,20001526,20001511
1937,20001632,20001617,20001602,20001587,20001572,20001557,20001542,20001527
1938,20001648,20001633,20001618,20001603,20001588,20001573,20001558,20001543
1939,20001664,20001649,20001634,20001619,20001604,20001589,20001574,20001559
1940,20001680,20001665,20001650,20001635,20001620,20001605,20001590,20001575
1941,20001696,20001681,20001666,20001651,20001636,20001621,20001606,20001591
1942,20001712,20001697,20001682,20001667,20001652,20001637,20001622,20001607
1943,20001728,20001713,20001698,20001683,20001668,20001653,20001638,20001623
1944,20001744,20001729,20001714,20001699,20001684,20001669,20001654,20001639
1945,20001760,20001745,20001730,20001715,20001700,20001685,20001670,20001655
1946,20001776,20001761,20001746,20001731,20001716,20001701,20001686,20001671
1947,20001792,20001777,20001762,20001747,20001732,20001717,20001702,20001687
1948,20001808,20001793,20001778,20001763,20001748,20001733,20001718,20001703
1949,20001824,20001809,20001794,20001779,20001764,20001749,20001734,20001719
1950,20001840,20001825,20001810,20001795,20001780,20001765,20001750,20001735
1951,20001856,20001841,20001826,20001811,20001796,20001781,20001766,20001751
1952,20001872,20001857,20001842,20001827,20001812,20001797,20001782,20001767
1953,20001888,20001873,20001858,20001843,20001828,20001813,20001798,20001783
1954,20001904,20001889,20001874,20001859,20001844,20001829,20001814,20001799
1955,20001920,20001905,20001890,20001875,20001860,20001845,20001830,20001815
1956,20001936,20001921,20001906,20001891,20001876,20001861,20001846,20001831
1957,20001952,20001937,20001922,20001907,20001892,20001877,20001862,20001847
1958,20001968,20001953,20001938,20001923,20001908,20001893,20001878,20001863
1959,20001984,20001969,20001954,20001939,20001924,20001909,20001894,20001879
1960,20002000,20001985,20001970,20001955,20001940,20001925,20001910,20001895
1961,20002016,20002001,20001986,20001971,20001956,20001941,20001926,20001911
1962,20002032,20002017,20002002,20001987,20001972,20001957,20001942,20001927
1963,20002048,20002033,20002018,20002003,20001988,20001973,20001958,20001943
1964,20002064,20002049,20002034,20002019,20002004,20001989,20001974,20001959
1965,20002080,20002065,20002050,20002035,20002020,20002005,20001990,20001975
1966,20002096,20002081,20002066,20002051,20002036,20002021,20002006,20001991
1967,20002112,20002097,20002082,20002067,20002052,20002037,20002022,20002007
1968,20002128,20002113,20002098,20002083,20002068,20002053,20002038,20002023
1969,20002144,20002129,20002114,20002099,20002084,20002069,20002054,20002039
1970,20002160,20002145,20002130,20002115,20002100,20002085,20002070,20002055
1971,20002176,20002161,20002146,20002131,20002116,20002101,20002086,20002071
1972,20002192,20002177,20002162,20002147,20002132,20002117,20002102,20002087
1973,20002208,20002193,20002178,20002163,20002148,20002133,20002118,20002103
1974,20002224,20002209,20002194,20002179,20002164,20002149,20002134,20002119
1975,20002240,20002225,20002210,20002195,20002180,20002165,20002150,20002135
1976,20002256,20002241,20002226,20002211,20002196,20002181,20002166,20002151
1977,20002272,20002257,20002242,20002227,20002212,20002197,20002182,20002167
1978,20002288,20002273,20002258,20002243,20002228,20002213,20002198,20002183
1979,20002304,20002289,20002274,20002259,20002244,20002229,20002214,20002199
1980,20002320,20002305,20002290,20002275,20002260,20002245,20002230,20002215
1981,20002336,20002321,20002306,20002291,20002276,20002261,20002246,20002231
1982,20002352,20002337,20002322,20002307,20002292,20002277,20002262,20002247
1983,20002368,20002353,20002338,20002323,20002308,20002293,20002278,20002263
1984,20002384,20002369,20002354,20002339,20002324,20002309,20002294,20002279
1985,20002400,20002385,20002370,20002355,20002340,20002325,20002310,20002295
1986,20002416,20002401,20002386,20002371,20002356,20002341,20002326,20002311
1987,20002432,20002417,20002402,20002387,20002372,20002357,20002342,20002327
1988,20002448,20002433,20002418,20002403,20002388,20002373,20002358,20002343
1989,20002464,20002449,20002434,20002419,20002404,20002389,20002374,20002359
1990,20002480,20002465,20002450,20002435,20002420,20002405,20002390,20002375
1991,20002496,20002481,20002466,20002451,20002436,20002421,20002406,20002391
1992,20002512,20002497,20002482,20002467,20002452,20002437,20002422,20002407
1993,20002528,20002513,20002498,20002483,20002468,20002453,20002438,20002423
1994,20002544,20002529,20002514,20002499,20002484,20002469,20002454,20002439
1995,20002560,20002545,20002530,20002515,20002500,20002485,20002470,20002455
1996,20002576,20002561,20002546,20002531,20002516,20002501,20002486,20002471
1997,20002592,20002577,20002562,20002547,20002532,20002517,20002502,20002487
1998,20002608,20002593,20002578,20002563,20002548,20002533,20002518,20002503
1999,20002624,20002609,20002594,20002579,20002564,20002549,20002534,20002519
2000,20002640,20002625,20002610,20002595,20002580,20002565,20002550,20002535
2001,20002656,20002641,20002626,20002611,20002596,20002581,20002566,20002551
2002,20002672,20002657,20002642,20002627,20002612,20002597,20002582,20002567
2003,20002688,20002673,20002658,20002643,20002628,20002613,20002598,20002583
2004,20002704,20002689,20002674,20002659,20002644,20002629,20002614,20002599
2005,20002720,20002705,20002690,20002675,20002660,20002645,20002630,20002615
2006,20002736,20002721,20002706,20002691,20002676,20002661,20002646,20002631
2007,20002752,20002737,20002722,20002707,20002692,20002677,20002662,20002647
2008,20002768,20002753,20002738,20002723,20002708,20002693,20002678,20002663
2009,20002784,20002769,20002754,20002739,20002724,20002709,20002694,20002679
2010,20002800,20002785,20002770,20002755,20002740,20002725,20002710,20002695
2011,20002816,20002801,20002786,20002771,20002756,20002741,20002726,20002711
2012,20002832,20002817,20002802,20002787,20002772,20002757,20002742,20002727
2013,20002848,20002833,20002818,20002803,20002788,20002773,20002758,20002743
2014,20002864,20002849,20002834,20002819,20002804,20002789,20002774,20002759
2015,20002880,20002865,20002850,20002835,20002820,20002805,20002790,20002775
2016,20002896,20002881,20002866,20002851,20002836,20002821,20002806,20002791
2017,20002912,20002897,20002882,20002867,20002852,20002837,20002822,20002807
2018,20002928,20002913,20002898,20002883,20002868,20002853,20002838,20002823
2019,20002944,20002929,20002914,20002899,20002884,20002869,20002854,20002839
2020,20002960,20002945,20002930,20002915,20002900,20002885,20002870,20002855
2021,20002976,20002961,20002946,20002931,20002916,20002901,20002886,20002871
2022,20002992,20002977,20002962,20002947,20002932,20002917,20002902,20002887
2023,20003008,20002993,20002978,20002963,20002948,20002933,20002918,20002903
2024,20003024,20003009,20002994,20002979,20002964,20002949,20002934,20002919
2025,20003040,20003025,20003010,20002995,20002980,20002965,20002950,20002935
2026,20003056,20003041,20003026,20003011,20002996,20002981,20002966,20002951
2027,20003072,20003057,20003042,20003027,20003012,20002997,20002982,20002967
2028,20003088,20003073,20003058,20003043,20003028,20003013,20002998,20002983
2029,20003104,20003089,20003074,20003059,20003044,20003029,20003014,20002999
2030,20003120,20003105,20003090,20003075,20003060,20003045,20003030,20003015
2031,20003136,20003121,20003106,20003091,20003076,20003061,20003046,20003031
2032,20003152,20003137,20003122,20003107,20003092,20003077,20003062,20003047
2033,20003168,20003153,20003138,20003123,20003108,20003093,20003078,20003063
2034,20003184,20003169,20003154,20003139,20003124,20003109,20003094,20003079
2035,20003200,20003185,20003170,20003155,20003140,20003125,20003110,20003095
2036,20003216,20003201,20003186,20003171,20003156,20003141,20003126,20003111
2037,20003232,20003217,20003202,20003187,20003172,20003157,20003142,20003127
2038,20003248,20003233,20003218,20003203,20003188,20003173,20003158,20003143
2039,20003264,20003249,20003234,20003219,20003204,20003189,20003174,20003159
2040,20003280,20003265,20003250,20003235,20003220,20003205,20003190,20003175
2041,20003296,20003281,20003266,20003251,20003236,20003221,20003206,20003191
2042,20003312,20003297,20003282,20003267,20003252,20003237,20003222,20003207
2043,20003328,20003313,20003298,20003283,20003268,20003253,20003238,20003223
2044,20003344,20003329,20003314,20003299,20003284,20003269,20003254,20003239
2045,20003360,20003345,20003330,20003315,20003300,20003285,20003270,20003255
2046,20003376,20003361,20003346,20003331,20003316,20003301,20003286,20003271
2047,20003392,20003377,20003362,20003347,20003332,20003317,20003302,20003287
2048,20003408,20003393,20003378,20003363,20003348,20003333,20003318,20003303
2049,20003424,20003409,20003394,20003379,20003364,20003349,20003334,20003319
2050,20003440,20003425,20003410,20003395,20003380,20003365,20003350,20003335
2051,20003456,20003441,20003426,20003411,20003396,20003381,20003366,20003351
2052,20003472,20003457,20003442,20003427,20003412,20003397,20003382,20003367
2053,20003488,20003473,20003458,20003443,20003428,20003413,20003398,20003383
2054,20003504,20003489,20003474,20003459,20003444,20003429,20003414,20003399
2055,20003520,20003505,20003490,20003475,20003460,20003445,20003430,20003415
2056,20003536,20003521,20003506,20003491,20003476,20003461,20003446,20003431
2057,20003552,20003537,20003522,20003507,20003492,20003477,20003462,20003447
2058,20003568,20003553,20003538,20003523,20003508,20003493,20003478,20003463
2059,20003584,20003569,20003554,20003539,20003524,20003509,20003494,20003479
2060,20003600,20003585,20003570,20003555,20003540,20003525,20003510,20003495
2061,20003616,20003601,20003586,20003571,20003556,20003541,20003526,20003511
2062,20003632,20003617,20003602,20003587,20003572,20003557,20003542,20003527
2063,20003648,20003633,20003618,20003603,20003588,20003573,20003558,20003543
2064,20003664,20003649,20003634,20003619,20003604,20003589,20003574,20003559
2065,20003680,20003665,20003650,20003635,20003620,20003605,20003590,20003575
2066,20003696,20003681,20003666,20003651,20003636,20003621,20003606,20003591
2067,20003712,20003697,20003682,20003667,20003652,20003637,20003622,20003607
2068,20003728,20003713,20003698,20003683,20003668,20003653,20003638,20003623
2069,20003744,20003729,20003714,20003699,20003684,20003669,20003654,20003639
2070,20003760,20003745,20003730,20003715,20003700,20003685,20003670,20003655
2071,20003776,20003761,20003746,20003731,20003716,20003701,20003686,20003671
2072,20003792,20003777,20003762,20003747,20003732,20003717,20003702,20003687
2073,20003808,20003793,20003778,20003763,20003748,20003733,20003718,20003703
2074,20003824,20003809,20003794,20003779,20003764,20003749,20003734,20003719
2075,20003840,20003825,20003810,20003795,20003780,20003765,20003750,20003735
2076,20003856,20003841,20003826,20003811,20003796,20003781,20003766,20003751
2077,20003872,20003857,20003842,20003827,20003812,20003797,20003782,20003767
2078,20003888,20003873,20003858,20003843,20003828,20003813,20003798,20003783
2079,20003904,20003889,20003874,20003859,20003844,20003829,20003814,20003799
2080,20003920,20003905,20003890,20003875,20003860,20003845,20003830,20003815
2081,20003936,20003921,20003906,20003891,20003876,20003861,20003846,20003831
2082,20003952,20003937,20003922,20003907,20003892,20003877,20003862,20003847
2083,20003968,20003953,20003938,20003923,20003908,20003893,20003878,20003863
2084,20003984,20003969,20003954,20003939,20003924,20003909,20003894,20003879
2085,20004000,20003985,20003970,20003955,20003940,20003925,20003910,20003895
2086,20004016,20004001,20003986,20003971,20003956,20003941,20003926,20003911
2087,20004032,20004017,20004002,20003987,20003972,20003957,20003942,20003927
2088,20004048,20004033,20004018,20004003,20003988,20003973,20003958,20003943
2089,20004064,20004049,20004034,20004019,20004004,20003989,20003974,20003959
2090,20004080,20004065,20004050,20004035,20004020,20004005,20003990,20003975
2091,20004096,20004081,20004066,20004051,20004036,20004021,20004006,20003991
2092,20004112,20004097,20004082,20004067,20004052,20004037,20004022,20004007
2093,20004128,20004113,20004098,20004083,20004068,20004053,20004038,20004023
2094,20004144,20004129,20004114,20004099,20004084,20004069,20004054,20004039
2095,20004160,20004145,20004130,20004115,20004100,20004085,20004070,20004055
2096,20004176,20004161,20004146,20004131,20004116,20004101,20004086,20004071
2097,20004192,20004177,20004162,20004147,20004132,20004117,20004102,20004087
2098,20004208,20004193,20004178,20004163,20004148,20004133,20004118,20004103
2099,20004224,20004209,20004194,20004179,20004164,20004149,20004134,20004119
2100,20004240,20004225,20004210,20004195,20004180,20004165,20004150,20004135
2101,20004256,20004241,20004226,20004211,20004196,20004181,20004166,20004151
2102,20004272,20004257,20004242,20004227,20004212,20004197,20004182,20004167
2103,20004288,20004273,20004258,20004243,20004228,20004213,20004198,20004183
2104,20004304,20004289,20004274,20004259,20004244,20004229,20004214,20004199
2105,20004320,20004305,20004290,20004275,20004260,20004245,20004230,20004215
2106,20004336,20004321,20004306,20004291,20004276,20004261,20004246,20004231
2107,20004352,20004337,20004322,20004307,20004292,20004277,20004262,20004247
2108,20004368,20004353,20004338,20004323,20004308,20004293,20004278,20004263
2109,20004384,20004369,20004354,20004339,20004324,20004309,20004294,20004279
2110,20004400,20004385,20004370,20004355,20004340,20004325,20004310,20004295
2111,20004416,20004401,20004386,20004371,20004356,20004341,20004326,20004311
2112,20004432,20004417,20004402,20004387,20004372,20004357,20004342,20004327
2113,20004448,20004433,20004418,20004403,20004388,20004373,20004358,20004343
2114,20004464,20004449,20004434,20004419,20004404,20004389,20004374,20004359
2115,20004480,20004465,20004450,20004435,20004420,20004405,20004390,20004375
2116,20004496,20004481,20004466,20004451,20004436,20004421,20004406,20004391
2117,20004512,20004497,20004482,20004467,20004452,20004437,20004422,20004407
2118,20004528,20004513,20004498,20004483,20004468,20004453,20004438,20004423
2119,20004544,20004529,20004514,20004499,20004484,20004469,20004454,20004439
2120,20004560,20004545,20004530,20004515,20004500,20004485,20004470,20004455
2121,20004576,20004561,20004546,20004531,20004516,20004501,20004486,20004471
2122,20004592,20004577,20004562,20004547,20004532,20004517,20004502,20004487
2123,20004608,20004593,20004578,20004563,20004548,20004533,20004518,20004503
2124,20004624,20004609,20004594,20004579,20004564,20004549,20004534,20004519
2125,20004640,20004625,20004610,20004595,20004580,20004565,20004550,20004535
2126,20004656,20004641,20004626,20004611,20004596,20004581,20004566,20004551
2127,20004672,20004657,20004642,20004627,20004612,20004597,20004582,20004567
2128,20004688,20004673,20004658,20004643,20004628,20004613,20004598,20004583
2129,20004704,20004689,20004674,20004659,20004644,20004629,20004614,20004599
2130,20004720,20004705,20004690,20004675,20004660,20004645,20004630,20004615
2131,20004736,20004721,20004706,20004691,20004676,20004661,20004646,20004631
2132,20004752,20004737,20004722,20004707,20004692,20004677,20004662,20004647
2133,20004768,20004753,20004738,20004723,20004708,20004693,20004678,20004663
2134,20004784,20004769,20004754,20004739,20004724,20004709,20004694,20004679
2135,20004800,20004785,20004770,20004755,20004740,20004725,20004710,20004695
2136,20004816,20004801,20004786,20004771,20004756,20004741,20004726,20004711
2137,20004832,20004817,20004802,20004787,20004772,20004757,20004742,20004727
2138,20004848,20004833,20004818,20004803,20004788,20004773,20004758,20004743
2139,20004864,20004849,20004834,20004819,20004804,20004789,20004774,20004759
2140,20004880,20004865,20004850,20004835,20004820,20004805,20004790,20004775
2141,20004896,20004881,20004866,20004851,20004836,20004821,20004806,20004791
2142,20004912,20004897,20004882,20004867,20004852,20004837,20004822,20004807
2143,20004928,20004913,20004898,20004883,20004868,20004853,20004838,20004823
2144,20004944,20004929,20004914,20004899,20004884,20004869,20004854,20004839
2145,20004960,20004945,20004930,20004915,20004900,20004885,20004870,20004855
2146,20004976,20004961,20004946,20004931,20004916,20004901,20004886,20004871
2147,20004992,20004977,20004962,20004947,20004932,20004917,20004902,20004887
2148,20005008,20004993,20004978,20004963,20004948,20004933,20004918,20004903
2149,20005024,20005009,20004994,20004979,20004964,20004949,20004934,20004919
2150,20005040,20005025,20005010,20004995,20004980,20004965,20004950,20004935
2151,20005056,20005041,20005026,20005011,20004996,20004981,20004966,20004951
2152,20005072,20005057,20005042,20005027,20005012,20004997,20004982,20004967
2153,20005088,20005073,20005058,20005043,20005028,20005013,20004998,20004983
2154,20005104,20005089,20005074,20005059,20005044,20005029,20005014,20004999
2155,20005120,20005105,20005090,20005075,20005060,20005045,20005030,20005015
2156,20005136,20005121,20005106,20005091,20005076,20005061,20005046,20005031
2157,20005152,20005137,20005122,20005107,20005092,20005077,20005062,20005047
2158,20005168,20005153,20005138,20005123,20005108,20005093,20005078,20005063
2159,20005184,20005169,20005154,20005139,20005124,20005109,20005094,20005079
2160,20005200,20005185,20005170,20005155,20005140,20005125,20005110,20005095
2161,20005216,20005201,20005186,20005171,20005156,20005141,20005126,20005111
2162,20005232,20005217,20005202,20005187,20005172,20005157,20005142,20005127
2163,20005248,20005233,20005218,20005203,20005188,20005173,20005158,20005143
2164,20005264,20005249,20005234,20005219,20005204,20005189,20005174,20005159
2165,20005280,20005265,20005250,20005235,20005220,20005205,20005190,20005175
2166,20005296,20005281,20005266,20005251,20005236,20005221,20005206,20005191
2167,20005312,20005297,20005282,20005267,20005252,20005237,20005222,20005207
2168,20005328,20005313,20005298,20005283,20005268,20005253,20005238,20005223
2169,20005344,20005329,20005314,20005299,20005284,20005269,20005254,20005239
2170,20005360,20005345,20005330,20005315,20005300,20005285,20005270,20005255
2171,20005376,20005361,20005346,20005331,20005316,20005301,20005286,20005271
2172,20005392,20005377,20005362,20005347,20005332,20005317,20005302,20005287
2173,20005408,20005393,20005378,20005363,20005348,20005333,20005318,20005303
2174,20005424,20005409,20005394,20005379,20005364,20005349,20005334,20005319
2175,20005440,20005425,20005410,20005395,20005380,20005365,20005350,20005335
2176,20005456,20005441,20005426,20005411,20005396,20005381,20005366,20005351
2177,20005472,20005457,20005442,20005427,20005412,20005397,20005382,20005367
2178,20005488,20005473,20005458,20005443,20005428,20005413,20005398,20005383
2179,20005504,20005489,20005474,20005459,20005444,20005429,20005414,20005399
2180,20005520,20005505,20005490,20005475,20005460,20005445,20005430,20005415
2181,20005536,20005521,20005506,20005491,20005476,20005461,20005446,20005431
2182,20005552,20005537,20005522,20005507,20005492,20005477,20005462,20005447
2183,20005568,20005553,20005538,20005523,20005508,20005493,20005478,20005463
2184,20005584,20005569,20005554,20005539,20005524,20005509,20005494,20005479
2185,20005600,20005585,20005570,20005555,20005540,20005525,20005510,20005495
2186,20005616,20005601,20005586,20005571,20005556,20005541,20005526,20005511
2187,20005632,20005617,20005602,20005587,20005572,20005557,20005542,20005527
2188,20005648,20005633,20005618,20005603,20005588,20005573,20005558,20005543
2189,20005664,20005649,20005634,20005619,20005604,20005589,20005574,20005559
2190,20005680,20005665,20005650,20005635,20005620,20005605,20005590,20005575
2191,20005696,20005681,20005666,20005651,20005636,20005621,20005606,20005591
2192,20005712,20005697,20005682,20005667,20005652,20005637,20005622,20005607
2193,20005728,20005713,20005698,20005683,20005668,20005653,20005638,20005623
2194,20005744,20005729,20005714,20005699,20005684,20005669,20005654,20005639
2195,20005760,20005745,20005730,20005715,20005700,20005685,20005670,20005655
2196,20005776,20005761,20005746,20005731,20005716,20005701,20005686,20005671
2197,20005792,20005777,20005762,20005747,20005732,20005717,20005702,20005687
2198,20005808,20005793,20005778,20005763,20005748,20005733,20005718,20005703
2199,20005824,20005809,20005794,20005779,20005764,20005749,20005734,20005719
2200,20005840,20005825,20005810,20005795,20005780,20005765,20005750,20005735
2201,20005856,20005841,20005826,20005811,20005796,20005781,20005766,20005751
2202,20005872,20005857,20005842,20005827,20005812,20005797,20005782,20005767
2203,20005888,20005873,20005858,20005843,20005828,20005813,20005798,20005783
2204,20005904,20005889,20005874,20005859,20005844,20005829,20005814,20005799
2205,20005920,20005905,20005890,20005875,20005860,20005845,20005830,20005815
2206,20005936,20005921,20005906,20005891,20005876,20005861,20005846,20005831
2207,20005952,20005937,20005922,20005907,20005892,20005877,20005862,20005847
2208,20005968,20005953,20005938,20005923,20005908,20005893,20005878,20005863
2209,20005984,20005969,20005954,20005939,20005924,20005909,20005894,20005879
2210,20006000,20005985,20005970,20005955,20005940,20005925,20005910,20005895
2211,20006016,20006001,20005986,20005971,20005956,20005941,20005926,20005911
2212,20006032,20006017,20006002,20005987,20005972,20005957,20005942,20005927
2213,20006048,20006033,20006018,20006003,20005988,20005973,20005958,20005943
2214,20006064,20006049,20006034,20006019,20006004,20005989,20005974,20005959
2215,20006080,20006065,20006050,20006035,20006020,20006005,20005990,20005975
2216,20006096,20006081,20006066,20006051,20006036,20006021,20006006,20005991
2217,20006112,20006097,20006082,20006067,20006052,20006037,20006022,20006007
2218,20006128,20006113,20006098,20006083,20006068,20006053,20006038,20006023
2219,20006144,20006129,20006114,20006099,20006084,20006069,20006054,20006039
2220,20006160,20006145,20006130,20006115,20006100,20006085,20006070,20006055
2221,20006176,20006161,20006146,20006131,20006116,20006101,20006086,20006071
2222,20006192,20006177,20006162,20006147,20006132,20006117,20006102,20006087
2223,20006208,20006193,20006178,20006163,20006148,20006133,20006118,20006103
2224,20006224,20006209,20006194,20006179,20006164,20006149,20006134,20006119
2225,20006240,20006225,20006210,20006195,20006180,20006165,20006150,20006135
2226,20006256,20006241,20006226,20006211,20006196,20006181,20006166,20006151
2227,20006272,20006257,20006242,20006227,20006212,20006197,20006182,20006167
2228,20006288,20006273,20006258,20006243,20006228,20006213,20006198,20006183
2229,20006304,20006289,20006274,20006259,20006244,20006229,20006214,20006199
2230,20006320,20006305,20006290,20006275,20006260,20006245,20006230,20006215
2231,20006336,20006321,20006306,20006291,20006276,20006261,20006246,20006231
2232,20006352,20006337,20006322,20006307,20006292,20006277,20006262,20006247
2233,20006368,20006353,20006338,20006323,20006308,20006293,20006278,20006263
2234,20006384,20006369,20006354,20006339,20006324,20006309,20006294,20006279
2235,20006400,20006385,20006370,20006355,20006340,20006325,20006310,20006295
2236,20006416,20006401,20006386,20006371,20006356,20006341,20006326,20006311
2237,20006432,20006417,20006402,20006387,20006372,20006357,20006342,20006327
2238,20006448,20006433,20006418,20006403,20006388,20006373,20006358,20006343
2239,20006464,20006449,20006434,20006419,20006404,20006389,20006374,20006359
2240,20006480,20006465,20006450,20006435,20006420,20006405,20006390,20006375
2241,20006496,20006481,20006466,20006451,20006436,20006421,20006406,20006391
2242,20006512,20006497,20006482,20006467,20006452,20006437,20006422,20006407
2243,20006528,20006513,20006498,20006483,20006468,20006453,20006438,20006423
2244,20006544,20006529,20006514,20006499,20006484,20006469,20006454,20006439
2245,20006560,20006545,20006530,20006515,20006500,20006485,20006470,20006455
2246,20006576,20006561,20006546,20006531,20006516,20006501,20006486,20006471
2247,20006592,20006577,20006562,20006547,20006532,20006517,20006502,20006487
2248,20006608,20006593,20006578,20006563,20006548,20006533,20006518,20006503
2249,20006624,20006609,20006594,20006579,20006564,20006549,20006534,20006519
2250,20006640,20006625,20006610,20006595,20006580,20006565,20006550,20006535
2251,20006656,20006641,20006626,20006611,20006596,20006581,20006566,20006551
2252,20006672,20006657,20006642,20006627,20006612,20006597,20006582,20006567
2253,20006688,20006673,20006658,20006643,20006628,20006613,20006598,20006583
2254,20006704,20006689,20006674,20006659,20006644,20006629,20006614,20006599
2255,20006720,20006705,20006690,20006675,20006660,20006645,20006630,20006615
2256,20006736,20006721,20006706,20006691,20006676,20006661,20006646,20006631
2257,20006752,20006737,20006722,20006707,20006692,20006677,20006662,20006647
2258,20006768,20006753,20006738,20006723,20006708,20006693,20006678,20006663
2259,20006784,20006769,20006754,20006739,20006724,20006709,20006694,20006679
2260,20006800,20006785,20006770,20006755,20006740,20006725,20006710,20006695
2261,20006816,20006801,20006786,20006771,20006756,20006741,20006726,20006711
2262,20006832,20006817,20006802,20006787,20006772,20006757,20006742,20006727
2263,20006848,20006833,20006818,20006803,20006788,20006773,20006758,20006743
2264,20006864,20006849,20006834,20006819,20006804,20006789,20006774,20006759
2265,20006880,20006865,20006850,20006835,20006820,20006805,20006790,20006775
2266,20006896,20006881,20006866,20006851,20006836,20006821,20006806,20006791
2267,20006912,20006897,20006882,20006867,20006852,20006837,20006822,20006807
2268,20006928,20006913,20006898,20006883,20006868,20006853,20006838,20006823
2269,20006944,20006929,20006914,20006899,20006884,20006869,20006854,20006839
2270,20006960,20006945,20006930,20006915,20006900,20006885,20006870,20006855
2271,20006976,20006961,20006946,20006931,20006916,20006901,20006886,20006871
2272,20006992,20006977,20006962,20006947,20006932,20006917,20006902,20006887
2273,20007008,20006993,20006978,20006963,20006948,20006933,20006918,20006903
2274,20007024,20007009,20006994,20006979,20006964,20006949,20006934,20006919
2275,20007040,20007025,20007010,20006995,20006980,20006965,20006950,20006935
2276,20007056,20007041,20007026,20007011,20006996,20006981,20006966,20006951
2277,20007072,20007057,20007042,20007027,20007012,20006997,20006982,20006967
2278,20007088,20007073,20007058,20007043,20007028,20007013,20006998,20006983
2279,20007104,20007089,20007074,20007059,20007044,20007029,20007014,20006999
2280,20007120,20007105,20007090,20007075,20007060,20007045,20007030,20007015
2281,20007136,20007121,20007106,20007091,20007076,20007061,20007046,20007031
2282,20007152,20007137,20007122,20007107,20007092,20007077,20007062,20007047
2283,20007168,20007153,20007138,20007123,20007108,20007093,20007078,20007063
2284,20007184,20007169,20007154,20007139,20007124,20007109,20007094,20007079
2285,20007200,20007185,20007170,20007155,20007140,20007125,20007110,20007095
2286,20007216,20007201,20007186,20007171,20007156,20007141,20007126,20007111
2287,20007232,20007217,20007202,20007187,20007172,20007157,20007142,20007127
2288,20007248,20007233,20007218,20007203,20007188,20007173,20007158,20007143
2289,20007264,20007249,20007234,20007219,20007204,20007189,20007174,20007159
2290,20007280,20007265,20007250,20007235,20007220,20007205,20007190,20007175
2291,20007296,20007281,20007266,20007251,20007236,20007221,20007206,20007191
2292,20007312,20007297,20007282,20007267,20007252,20007237,20007222,20007207
2293,20007328,20007313,20007298,20007283,20007268,20007253,20007238,20007223
2294,20007344,20007329,20007314,20007299,20007284,20007269,20007254,20007239
2295,20007360,20007345,20007330,20007315,20007300,20007285,20007270,20007255
2296,20007376,20007361,20007346,20007331,20007316,20007301,20007286,20007271
2297,20007392,20007377,20007362,20007347,20007332,20007317,20007302,20007287
2298,20007408,20007393,20007378,20007363,20007348,20007333,20007318,20007303
2299,20007424,20007409,20007394,20007379,20007364,20007349,20007334,20007319
2300,20007440,20007425,20007410,20007395,20007380,20007365,20007350,20007335
2301,20007456,20007441,20007426,20007411,20007396,20007381,20007366,20007351
2302,20007472,20007457,20007442,20007427,20007412,20007397,20007382,20007367
2303,20007488,20007473,20007458,20007443,20007428,20007413,20007398,20007383
2304,20007504,20007489,20007474,20007459,20007444,20007429,20007414,20007399
2305,20007520,20007505,20007490,20007475,20007460,20007445,20007430,20007415
2306,20007536,20007521,20007506,20007491,20007476,20007461,20007446,20007431
2307,20007552,20007537,20007522,20007507,20007492,20007477,20007462,20007447
2308,20007568,20007553,20007538,20007523,20007508,20007493,20007478,20007463
2309,20007584,20007569,20007554,20007539,20007524,20007509,20007494,20007479
2310,20007600,20007585,20007570,20007555,20007540,20007525,20007510,20007495
2311,20007616,20007601,20007586,20007571,20007556,20007541,20007526,20007511
2312,20007632,20007617,20007602,20007587,20007572,20007557,20007542,20007527
2313,20007648,20007633,20007618,20007603,20007588,20007573,20007558,20007543
2314,20007664,20007649,20007634,20007619,20007604,20007589,20007574,20007559
2315,20007680,20007665,20007650,20007635,20007620,20007605,20007590,20007575
2316,20007696,20007681,20007666,20007651,20007636,20007621,20007606,20007591
2317,20007712,20007697,20007682,20007667,20007652,20007637,20007622,20007607
2318,20007728,20007713,20007698,20007683,20007668,20007653,20007638,20007623
2319,20007744,20007729,20007714,20007699,20007684,20007669,20007654,20007639
2320,20007760,20007745,20007730,20007715,20007700,20007685,20007670,20007655
2321,20007776,20007761,20007746,20007731,20007716,20007701,20007686,20007671
2322,20007792,20007777,20007762,20007747,20007732,20007717,20007702,20007687
2323,20007808,20007793,20007778,20007763,20007748,20007733,20007718,20007703
2324,20007824,20007809,20007794,20007779,20007764,20007749,20007734,20007719
2325,20007840,20007825,20007810,20007795,20007780,20007765,20007750,20007735
2326,20007856,20007841,20007826,20007811,20007796,20007781,20007766,20007751
2327,20007872,20007857,20007842,20007827,20007812,20007797,20007782,20007767
2328,20007888,20007873,20007858,20007843,20007828,20007813,20007798,20007783
2329,20007904,20007889,20007874,20007859,20007844,20007829,20007814,20007799
2330,20007920,20007905,20007890,20007875,20007860,20007845,20007830,20007815
2331,20007936,20007921,20007906,20007891,20007876,20007861,20007846,20007831
2332,20007952,20007937,20007922,20007907,20007892,20007877,20007862,20007847
2333,20007968,20007953,20007938,20007923,20007908,20007893,20007878,20007863
2334,20007984,20007969,20007954,20007939,20007924,20007909,20007894,20007879
2335,20008000,20007985,20007970,20007955,20007940,20007925,20007910,20007895
2336,20008016,20008001,20007986,20007971,20007956,20007941,20007926,20007911
2337,20008032,20008017,20008002,20007987,20007972,20007957,20007942,20007927
2338,20008048,20008033,20008018,20008003,20007988,20007973,20007958,20007943
2339,20008064,20008049,20008034,20008019,20008004,20007989,20007974,20007959
2340,20008080,20008065,20008050,20008035,20008020,20008005,20007990,20007975
2341,20008096,20008081,20008066,20008051,20008036,20008021,20008006,20007991
2342,20008112,20008097,20008082,20008067,20008052,20008037,20008022,20008007
2343,20008128,20008113,20008098,20008083,20008068,20008053,20008038,20008023
2344,20008144,20008129,20008114,20008099,20008084,20008069,20008054,20008039
2345,20008160,20008145,20008130,20008115,20008100,20008085,20008070,20008055
2346,20008176,20008161,20008146,20008131,20008116,20008101,20008086,20008071
2347,20008192,20008177,20008162,20008147,20008132,20008117,20008102,20008087
2348,20008208,20008193,20008178,20008163,20008148,20008133,20008118,20008103
2349,20008224,20008209,20008194,20008179,20008164,20008149,20008134,20008119
2350,20008240,20008225,20008210,20008195,20008180,20008165,20008150,20008135
2351,20008256,20008241,20008226,20008211,20008196,20008181,20008166,20008151
2352,20008272,20008257,20008242,20008227,20008212,20008197,20008182,20008167
2353,20008288,20008273,20008258,20008243,20008228,20008213,20008198,20008183
2354,20008304,20008289,20008274,20008259,20008244,20008229,20008214,20008199
2355,20008320,20008305,20008290,20008275,20008260,20008245,20008230,20008215
2356,20008336,20008321,20008306,20008291,20008276,20008261,20008246,20008231
2357,20008352,20008337,20008322,20008307,20008292,20008277,20008262,20008247
2358,20008368,20008353,20008338,20008323,20008308,20008293,20008278,20008263
2359,20008384,20008369,20008354,20008339,20008324,20008309,20008294,20008279
2360,20008400,20008385,20008370,20008355,20008340,20008325,20008310,20008295
2361,20008416,20008401,20008386,20008371,20008356,20008341,20008326,20008311
2362,20008432,20008417,20008402,20008387,20008372,20008357,20008342,20008327
2363,20008448,20008433,20008418,20008403,20008388,20008373,20008358,20008343
2364,20008464,20008449,20008434,20008419,20008404,20008389,20008374,20008359
2365,20008480,20008465,20008450,20008435,20008420,20008405,20008390,20008375
2366,20008496,20008481,20008466,20008451,20008436,20008421,20008406,20008391
2367,20008512,20008497,20008482,20008467,20008452,20008437,20008422,20008407
2368,20008528,20008513,20008498,20008483,20008468,20008453,20008438,20008423
2369,20008544,20008529,20008514,20008499,20008484,20008469,20008454,20008439
2370,20008560,20008545,20008530,20008515,20008500,20008485,20008470,20008455
2371,20008576,20008561,20008546,20008531,20008516,20008501,20008486,20008471
2372,20008592,20008577,20008562,20008547,20008532,20008517,20008502,20008487
2373,20008608,20008593,20008578,20008563,20008548,20008533,20008518,20008503
2374,20008624,20008609,20008594,20008579,20008564,20008549,20008534,20008519
2375,20008640,20008625,20008610,20008595,20008580,20008565,20008550,20008535
2376,20008656,20008641,20008626,20008611,20008596,20008581,20008566,20008551
2377,20008672,20008657,20008642,20008627,20008612,20008597,20008582,20008567
2378,20008688,20008673,20008658,20008643,20008628,20008613,20008598,20008583
2379,20008704,20008689,20008674,20008659,20008644,20008629,20008614,20008599
2380,20008720,20008705,20008690,20008675,20008660,20008645,20008630,20008615
2381,20008736,20008721,20008706,20008691,20008676,20008661,20008646,20008631
2382,20008752,20008737,20008722,20008707,20008692,20008677,20008662,20008647
2383,20008768,20008753,20008738,20008723,20008708,20008693,20008678,20008663
2384,20008784,20008769,20008754,20008739,20008724,20008709,20008694,20008679
2385,20008800,20008785,20008770,20008755,20008740,20008725,20008710,20008695
2386,20008816,20008801,20008786,20008771,20008756,20008741,20008726,20008711
2387,20008832,20008817,20008802,20008787,20008772,20008757,20008742,20008727
2388,20008848,20008833,20008818,20008803,20008788,20008773,20008758,20008743
2389,20008864,20008849,20008834,20008819,20008804,20008789,20008774,20008759
2390,20008880,20008865,20008850,20008835,20008820,20008805,20008790,20008775
2391,20008896,20008881,20008866,20008851,20008836,20008821,20008806,20008791
2392,20008912,20008897,20008882,20008867,20008852,20008837,20008822,20008807
2393,20008928,20008913,20008898,20008883,20008868,20008853,20008838,20008823
2394,20008944,20008929,20008914,20008899,20008884,20008869,20008854,20008839
2395,20008960,20008945,20008930,20008915,20008900,20008885,20008870,20008855
2396,20008976,20008961,20008946,20008931,20008916,20008901,20008886,20008871
2397,20008992,20008977,20008962,20008947,20008932,20008917,20008902,20008887
2398,20009008,20008993,20008978,20008963,20008948,20008933,20008918,20008903
2399,20009024,20009009,20008994,20008979,20008964,20008949,20008934,20008919
2400,20009040,20009025,20009010,20008995,20008980,20008965,20008950,20008935
2401,20009056,20009041,20009026,20009011,20008996,20008981,20008966,20008951
2402,20009072,20009057,20009042,20009027,20009012,20008997,20008982,20008967
2403,20009088,20009073,20009058,20009043,20009028,20009013,20008998,20008983
2404,20009104,20009089,20009074,20009059,20009044,20009029,20009014,20008999
2405,20009120,20009105,20009090,20009075,20009060,20009045,20009030,20009015
2406,20009136,20009121,20009106,20009091,20009076,20009061,20009046,20009031
2407,20009152,20009137,20009122,20009107,20009092,20009077,20009062,20009047
2408,20009168,20009153,20009138,20009123,20009108,20009093,20009078,20009063
2409,20009184,20009169,20009154,20009139,20009124,20009109,20009094,20009079
2410,20009200,20009185,20009170,20009155,20009140,20009125,20009110,20009095
2411,20009216,20009201,20009186,20009171,20009156,20009141,20009126,20009111
2412,20009232,20009217,20009202,20009187,20009172,20009157,20009142,20009127
2413,20009248,20009233,20009218,20009203,20009188,20009173,20009158,20009143
2414,20009264,20009249,20009234,20009219,20009204,20009189,20009174,20009159
2415,20009280,20009265,20009250,20009235,20009220,20009205,20009190,20009175
2416,20009296,20009281,20009266,20009251,20009236,20009221,20009206,20009191
2417,20009312,20009297,20009282,20009267,20009252,20009237,20009222,20009207
2418,20009328,20009313,20009298,20009283,20009268,20009253,20009238,20009223
2419,20009344,20009329,20009314,20009299,20009284,20009269,20009254,20009239
2420,20009360,20009345,20009330,20009315,20009300,20009285,20009270,20009255
2421,20009376,20009361,20009346,20009331,20009316,20009301,20009286,20009271
2422,20009392,20009377,20009362,20009347,20009332,20009317,20009302,20009287
2423,20009408,20009393,20009378,20009363,20009348,20009333,20009318,20009303
2424,20009424,20009409,20009394,20009379,20009364,20009349,20009334,20009319
2425,20009440,20009425,20009410,20009395,20009380,20009365,20009350,20009335
2426,20009456,20009441,20009426,20009411,20009396,20009381,20009366,20009351
2427,20009472,20009457,20009442,20009427,20009412,20009397,20009382,20009367
2428,20009488,20009473,20009458,20009443,20009428,20009413,20009398,20009383
2429,20009504,20009489,20009474,20009459,20009444,20009429,20009414,20009399
2430,20009520,20009505,20009490,20009475,20009460,20009445,20009430,20009415
2431,20009536,20009521,20009506,20009491,20009476,20009461,20009446,20009431
2432,20009552,20009537,20009522,20009507,20009492,20009477,20009462,20009447
2433,20009568,20009553,20009538,20009523,20009508,20009493,20009478,20009463
2434,20009584,20009569,20009554,20009539,20009524,20009509,20009494,20009479
2435,20009600,20009585,20009570,20009555,20009540,20009525,20009510,20009495
2436,20009616,20009601,20009586,20009571,20009556,20009541,20009526,20009511
2437,20009632,20009617,20009602,20009587,20009572,20009557,20009542,20009527
2438,20009648,20009633,20009618,20009603,20009588,20009573,20009558,20009543
2439,20009664,20009649,20009634,20009619,20009604,20009589,20009574,20009559
2440,20009680,20009665,20009650,20009635,20009620,20009605,20009590,20009575
2441,20009696,20009681,20009666,20009651,20009636,20009621,20009606,20009591
2442,20009712,20009697,20009682,20009667,20009652,20009637,20009622,20009607
2443,20009728,20009713,20009698,20009683,20009668,20009653,20009638,20009623
2444,20009744,20009729,20009714,20009699,20009684,20009669,20009654,20009639
2445,20009760,20009745,20009730,20009715,20009700,20009685,20009670,20009655
2446,20009776,20009761,20009746,20009731,20009716,20009701,20009686,20009671
2447,20009792,20009777,20009762,20009747,20009732,20009717,20009702,20009687
2448,20009808,20009793,20009778,20009763,20009748,20009733,20009718,20009703
2449,20009824,20009809,20009794,20009779,20009764,20009749,20009734,20009719
2450,20009840,20009825,20009810,20009795,20009780,20009765,20009750,20009735
2451,20009856,20009841,20009826,20009811,20009796,20009781,20009766,20009751
2452,20009872,20009857,20009842,20009827,20009812,20009797,20009782,20009767
2453,20009888,20009873,20009858,20009843,20009828,20009813,20009798,20009783
2454,20009904,20009889,20009874,20009859,20009844,20009829,20009814,20009799
2455,20009920,20009905,20009890,20009875,20009860,20009845,20009830,20009815
2456,20009936,20009921,20009906,20009891,20009876,20009861,20009846,20009831
2457,20009952,20009937,20009922,20009907,20009892,20009877,20009862,20009847
2458,20009968,20009953,20009938,20009923,20009908,20009893,20009878,20009863
2459,20009984,20009969,20009954,20009939,20009924,20009909,20009894,20009879
2460,20010000,20009985,20009970,20009955,20009940,20009925,20009910,20009895
2461,20010016,20010001,20009986,20009971,20009956,20009941,20009926,20009911
2462,20010032,20010017,20010002,20009987,20009972,20009957,20009942,20009927
2463,20010048,20010033,20010018,20010003,20009988,20009973,20009958,20009943
2464,20010064,20010049,20010034,20010019,20010004,20009989,20009974,20009959
2465,20010080,20010065,20010050,20010035,20010020,20010005,20009990,20009975
2466,20010096,20010081,20010066,20010051,20010036,20010021,20010006,20009991
2467,20010112,20010097,20010082,20010067,20010052,20010037,20010022,20010007
2468,20010128,20010113,20010098,20010083,20010068,20010053,20010038,20010023
2469,20010144,20010129,20010114,20010099,20010084,20010069,20010054,20010039
2470,20010160,20010145,20010130,20010115,20010100,20010085,20010070,20010055
2471,20010176,20010161,20010146,20010131,20010116,20010101,20010086,20010071
2472,20010192,20010177,20010162,20010147,20010132,20010117,20010102,20010087
2473,20010208,20010193,20010178,20010163,20010148,20010133,20010118,20010103
2474,20010224,20010209,20010194,20010179,20010164,20010149,20010134,20010119
2475,20010240,20010225,20010210,20010195,20010180,20010165,20010150,20010135
2476,20010256,20010241,20010226,20010211,20010196,20010181,20010166,20010151
2477,20010272,20010257,20010242,20010227,20010212,20010197,20010182,20010167
2478,20010288,20010273,20010258,20010243,20010228,20010213,20010198,20010183
2479,20010304,20010289,20010274,20010259,20010244,20010229,20010214,20010199
2480,20010320,20010305,20010290,20010275,20010260,20010245,20010230,20010215
2481,20010336,20010321,20010306,20010291,20010276,20010261,20010246,20010231
2482,20010352,20010337,20010322,20010307,20010292,20010277,20010262,20010247
2483,20010368,20010353,20010338,20010323,20010308,20010293,20010278,20010263
2484,20010384,20010369,20010354,20010339,20010324,20010309,20010294,20010279
2485,20010400,20010385,20010370,20010355,20010340,20010325,20010310,20010295
2486,20010416,20010401,20010386,20010371,20010356,20010341,20010326,20010311
2487,20010432,20010417,20010402,20010387,20010372,20010357,20010342,20010327
2488,20010448,20010433,20010418,20010403,20010388,20010373,20010358,20010343
2489,20010464,20010449,20010434,20010419,20010404,20010389,20010374,20010359
2490,20010480,20010465,20010450,20010435,20010420,20010405,20010390,20010375
2491,20010496,20010481,20010466,20010451,20010436,20010421,20010406,20010391
2492,20010512,20010497,20010482,20010467,20010452,20010437,20010422,20010407
2493,20010528,20010513,20010498,20010483,20010468,20010453,20010438,20010423
2494,20010544,20010529,20010514,20010499,20010484,20010469,20010454,20010439
2495,20010560,20010545,20010530,20010515,20010500,20010485,20010470,20010455
2496,20010576,20010561,20010546,20010531,20010516,20010501,20010486,20010471
2497,20010592,20010577,20010562,20010547,20010532,20010517,20010502,20010487
2498,20010608,20010593,20010578,20010563,20010548,20010533,20010518,20010503
2499,20010624,20010609,20010594,20010579,20010564,20010549,20010534,20010519
2500,20010640,20010625,20010610,20010595,20010580,20010565,20010550,20010535
2501,20010656,20010641,20010626,20010611,20010596,20010581,20010566,20010551
2502,20010672,20010657,20010642,20010627,20010612,20010597,20010582,20010567
2503,20010688,20010673,20010658,20010643,20010628,20010613,20010598,20010583
2504,20010704,20010689,20010674,20010659,20010644,20010629,20010614,20010599
2505,20010720,20010705,20010690,20010675,20010660,20010645,20010630,20010615
2506,20010736,20010721,20010706,20010691,20010676,20010661,20010646,20010631
2507,20010752,20010737,20010722,20010707,20010692,20010677,20010662,20010647
2508,20010768,20010753,20010738,20010723,20010708,20010693,20010678,20010663
2509,20010784,20010769,20010754,20010739,20010724,20010709,20010694,20010679
2510,20010800,20010785,20010770,20010755,20010740,20010725,20010710,20010695
2511,20010816,20010801,20010786,20010771,20010756,20010741,20010726,20010711
2512,20010832,20010817,20010802,20010787,20010772,20010757,20010742,20010727
2513,20010848,20010833,20010818,20010803,20010788,20010773,20010758,20010743
2514,20010864,20010849,20010834,20010819,20010804,20010789,20010774,20010759
2515,20010880,20010865,20010850,20010835,20010820,20010805,20010790,20010775
2516,20010896,20010881,20010866,20010851,20010836,20010821,20010806,20010791
2517,20010912,20010897,20010882,20010867,20010852,20010837,20010822,20010807
2518,20010928,20010913,20010898,20010883,20010868,20010853,20010838,20010823
2519,20010944,20010929,20010914,20010899,20010884,20010869,20010854,20010839
2520,20010960,20010945,20010930,20010915,20010900,20010885,20010870,20010855
2521,20010976,20010961,20010946,20010931,20010916,20010901,20010886,20010871
2522,20010992,20010977,20010962,20010947,20010932,20010917,20010902,20010887
2523,20011008,20010993,20010978,20010963,20010948,20010933,20010918,20010903
2524,20011024,20011009,20010994,20010979,20010964,20010949,20010934,20010919
2525,20011040,20011025,20011010,20010995,20010980,20010965,20010950,20010935
2526,20011056,20011041,20011026,20011011,20010996,20010981,20010966,20010951
2527,20011072,20011057,20011042,20011027,20011012,20010997,20010982,20010967
2528,20011088,20011073,20011058,20011043,20011028,20011013,20010998,20010983
2529,20011104,20011089,20011074,20011059,20011044,20011029,20011014,20010999
2530,20011120,20011105,20011090,20011075,20011060,20011045,20011030,20011015
2531,20011136,20011121,20011106,20011091,20011076,20011061,20011046,20011031
2532,20011152,20011137,20011122,20011107,20011092,20011077,20011062,20011047
2533,20011168,20011153,20011138,20011123,20011108,20011093,20011078,20011063
2534,20011184,20011169,20011154,20011139,20011124,20011109,20011094,20011079
2535,20011200,20011185,20011170,20011155,20011140,20011125,20011110,20011095
2536,20011216,20011201,20011186,20011171,20011156,20011141,20011126,20011111
2537,20011232,20011217,20011202,20011187,20011172,20011157,20011142,20011127
2538,20011248,20011233,20011218,20011203,20011188,20011173,20011158,20011143
2539,20011264,20011249,20011234,20011219,20011204,20011189,20011174,20011159
2540,20011280,20011265,20011250,20011235,20011220,20011205,20011190,20011175
2541,20011296,20011281,20011266,20011251,20011236,20011221,20011206,20011191
2542,20011312,20011297,20011282,20011267,20011252,20011237,20011222,20011207
2543,20011328,20011313,20011298,20011283,20011268,20011253,20011238,20011223
2544,20011344,20011329,20011314,20011299,20011284,20011269,20011254,20011239
2545,20011360,20011345,20011330,20011315,20011300,20011285,20011270,20011255
2546,20011376,20011361,20011346,20011331,20011316,20011301,20011286,20011271
2547,20011392,20011377,20011362,20011347,20011332,20011317,20011302,20011287
2548,20011408,20011393,20011378,20011363,20011348,20011333,20011318,20011303
2549,20011424,20011409,20011394,20011379,20011364,20011349,20011334,20011319
2550,20011440,20011425,20011410,20011395,20011380,20011365,20011350,20011335
2551,20011456,20011441,20011426,20011411,20011396,20011381,20011366,20011351
2552,20011472,20011457,20011442,20011427,20011412,20011397,20011382,20011367
2553,20011488,20011473,20011458,20011443,20011428,20011413,20011398,20011383
2554,20011504,20011489,20011474,20011459,20011444,20011429,20011414,20011399
2555,20011520,20011505,20011490,20011475,20011460,20011445,20011430,20011415
2556,20011536,20011521,20011506,20011491,20011476,20011461,20011446,20011431
2557,20011552,20011537,20011522,20011507,20011492,20011477,20011462,20011447
2558,20011568,20011553,20011538,20011523,20011508,20011493,20011478,20011463
2559,20011584,20011569,20011554,20011539,20011524,20011509,20011494,20011479
2560,20011600,20011585,20011570,20011555,20011540,20011525,20011510,20011495
2561,20011616,20011601,20011586,20011571,20011556,20011541,20011526,20011511
2562,20011632,20011617,20011602,20011587,20011572,20011557,20011542,20011527
2563,20011648,20011633,20011618,20011603,20011588,20011573,20011558,20011543
2564,20011664,20011649,20011634,20011619,20011604,20011589,20011574,20011559
2565,20011680,20011665,20011650,20011635,20011620,20011605,20011590,20011575
2566,20011696,20011681,20011666,20011651,20011636,20011621,20011606,20011591
2567,20011712,20011697,20011682,20011667,20011652,20011637,20011622,20011607
2568,20011728,20011713,20011698,20011683,20011668,20011653,20011638,20011623
2569,20011744,20011729,20011714,20011699,20011684,20011669,20011654,20011639
2570,20011760,20011745,20011730,20011715,20011700,20011685,20011670,20011655
2571,20011776,20011761,20011746,20011731,20011716,20011701,20011686,20011671
2572,20011792,20011777,20011762,20011747,20011732,20011717,20011702,20011687
2573,20011808,20011793,20011778,20011763,20011748,20011733,20011718,20011703
2574,20011824,20011809,20011794,20011779,20011764,20011749,20011734,20011719
2575,20011840,20011825,20011810,20011795,20011780,20011765,20011750,20011735
2576,20011856,20011841,20011826,20011811,20011796,20011781,20011766,20011751
2577,20011872,20011857,20011842,20011827,20011812,20011797,20011782,20011767
2578,20011888,20011873,20011858,20011843,20011828,20011813,20011798,20011783
2579,20011904,20011889,20011874,20011859,20011844,20011829,20011814,20011799
2580,20011920,20011905,20011890,20011875,20011860,20011845,20011830,20011815
2581,20011936,20011921,20011906,20011891,20011876,20011861,20011846,20011831
2582,20011952,20011937,20011922,20011907,20011892,20011877,20011862,20011847
2583,20011968,20011953,20011938,20011923,20011908,20011893,20011878,20011863
2584,20011984,20011969,20011954,20011939,20011924,20011909,20011894,20011879
2585,20012000,20011985,20011970,20011955,20011940,20011925,20011910,20011895
2586,20012016,20012001,20011986,20011971,20011956,20011941,20011926,20011911
2587,20012032,20012017,20012002,20011987,20011972,20011957,20011942,20011927
2588,20012048,20012033,20012018,20012003,20011988,20011973,20011958,20011943
2589,20012064,20012049,20012034,20012019,20012004,20011989,20011974,20011959
2590,20012080,20012065,20012050,20012035,20012020,20012005,20011990,20011975
2591,20012096,20012081,20012066,20012051,20012036,20012021,20012006,20011991
2592,20012112,20012097,20012082,20012067,20012052,20012037,20012022,20012007
2593,20012128,20012113,20012098,20012083,20012068,20012053,20012038,20012023
2594,20012144,20012129,20012114,20012099,20012084,20012069,20012054,20012039
2595,20012160,20012145,20012130,20012115,20012100,20012085,20012070,20012055
2596,20012176,20012161,20012146,20012131,20012116,20012101,20012086,20012071
2597,20012192,20012177,20012162,20012147,20012132,20012117,20012102,20012087
2598,20012208,20012193,20012178,20012163,20012148,20012133,20012118,20012103
2599,20012224,20012209,20012194,20012179,20012164,20012149,20012134,20012119
2600,20012240,20012225,20012210,20012195,20012180,20012165,20012150,20012135
2601,20012256,20012241,20012226,20012211,20012196,20012181,20012166,20012151
2602,20012272,20012257,20012242,20012227,20012212,20012197,20012182,20012167
2603,20012288,20012273,20012258,20012243,20012228,20012213,20012198,20012183
2604,20012304,20012289,20012274,20012259,20012244,20012229,20012214,20012199
2605,20012320,20012305,20012290,20012275,20012260,20012245,20012230,20012215
2606,20012336,20012321,20012306,20012291,20012276,20012261,20012246,20012231
2607,20012352,20012337,20012322,20012307,20012292,20012277,20012262,20012247
2608,20012368,20012353,20012338,20012323,20012308,20012293,20012278,20012263
2609,20012384,20012369,20012354,20012339,20012324,20012309,20012294,20012279
2610,20012400,20012385,20012370,20012355,20012340,20012325,20012310,20012295
2611,20012416,20012401,20012386,20012371,20012356,20012341,20012326,20012311
2612,20012432,20012417,20012402,20012387,20012372,20012357,20012342,20012327
2613,20012448,20012433,20012418,20012403,20012388,20012373,20012358,20012343
2614,20012464,20012449,20012434,20012419,20012404,20012389,20012374,20012359
2615,20012480,20012465,20012450,20012435,20012420,20012405,20012390,20012375
2616,20012496,20012481,20012466,20012451,20012436,20012421,20012406,20012391
2617,20012512,20012497,20012482,20012467,20012452,20012437,20012422,20012407
2618,20012528,20012513,20012498,20012483,20012468,20012453,20012438,20012423
2619,20012544,20012529,20012514,20012499,20012484,20012469,20012454,20012439
2620,20012560,20012545,20012530,20012515,20012500,20012485,20012470,20012455
2621,20012576,20012561,20012546,20012531,20012516,20012501,20012486,20012471
2622,20012592,20012577,20012562,20012547,20012532,20012517,20012502,20012487
2623,20012608,20012593,20012578,20012563,20012548,20012533,20012518,20012503
2624,20012624,20012609,20012594,20012579,20012564,20012549,20012534,20012519
2625,20012640,20012625,20012610,20012595,20012580,20012565,20012550,20012535
2626,20012656,20012641,20012626,20012611,20012596,20012581,20012566,20012551
2627,20012672,20012657,20012642,20012627,20012612,20012597,20012582,20012567
2628,20012688,20012673,20012658,20012643,20012628,20012613,20012598,20012583
2629,20012704,20012689,20012674,20012659,20012644,20012629,20012614,20012599
2630,20012720,20012705,20012690,20012675,20012660,20012645,20012630,20012615
2631,20012736,20012721,20012706,20012691,20012676,20012661,20012646,20012631
2632,20012752,20012737,20012722,20012707,20012692,20012677,20012662,20012647
2633,20012768,20012753,20012738,20012723,20012708,20012693,20012678,20012663
2634,20012784,20012769,20012754,20012739,20012724,20012709,20012694,20012679
2635,20012800,20012785,20012770,20012755,20012740,20012725,20012710,20012695
2636,20012816,20012801,20012786,20012771,20012756,20012741,20012726,20012711
2637,20012832,20012817,20012802,20012787,20012772,20012757,20012742,20012727
2638,20012848,20012833,20012818,20012803,20012788,20012773,20012758,20012743
2639,20012864,20012849,20012834,20012819,20012804,20012789,20012774,20012759
2640,20012880,20012865,20012850,20012835,20012820,20012805,20012790,20012775
2641,20012896,20012881,20012866,20012851,20012836,20012821,20012806,20012791
2642,20012912,20012897,20012882,20012867,20012852,20012837,20012822,20012807
2643,20012928,20012913,20012898,20012883,20012868,20012853,20012838,20012823
2644,20012944,20012929,20012914,20012899,20012884,20012869,20012854,20012839
2645,20012960,20012945,20012930,20012915,20012900,20012885,20012870,20012855
2646,20012976,20012961,20012946,20012931,20012916,20012901,20012886,20012871
2647,20012992,20012977,20012962,20012947,20012932,20012917,20012902,20012887
2648,20013008,20012993,20012978,20012963,20012948,20012933,20012918,20012903
2649,20013024,20013009,20012994,20012979,20012964,20012949,20012934,20012919
2650,20013040,20013025,20013010,20012995,20012980,20012965,20012950,20012935
2651,20013056,20013041,20013026,20013011,20012996,20012981,20012966,20012951
2652,20013072,20013057,20013042,20013027,20013012,20012997,20012982,20012967
2653,20013088,20013073,20013058,20013043,20013028,20013013,20012998,20012983
2654,20013104,20013089,20013074,20013059,20013044,20013029,20013014,20012999
2655,20013120,20013105,20013090,20013075,20013060,20013045,20013030,20013015
2656,20013136,20013121,20013106,20013091,20013076,20013061,20013046,20013031
2657,20013152,20013137,20013122,20013107,20013092,20013077,20013062,20013047
2658,20013168,20013153,20013138,20013123,20013108,20013093,20013078,20013063
2659,20013184,20013169,20013154,20013139,20013124,20013109,20013094,20013079
2660,20013200,20013185,20013170,20013155,20013140,20013125,20013110,20013095
2661,20013216,20013201,20013186,20013171,20013156,20013141,20013126,20013111
2662,20013232,20013217,20013202,20013187,20013172,20013157,20013142,20013127
2663,20013248,20013233,20013218,20013203,20013188,20013173,20013158,20013143
2664,20013264,20013249,20013234,20013219,20013204,20013189,20013174,20013159
2665,20013280,20013265,20013250,20013235,20013220,20013205,20013190,20013175
2666,20013296,20013281,20013266,20013251,20013236,20013221,20013206,20013191
2667,20013312,20013297,20013282,20013267,20013252,20013237,20013222,20013207
2668,20013328,20013313,20013298,20013283,20013268,20013253,20013238,20013223
2669,20013344,20013329,20013314,20013299,20013284,20013269,20013254,20013239
2670,20013360,20013345,20013330,20013315,20013300,20013285,20013270,20013255
2671,20013376,20013361,20013346,20013331,20013316,20013301,20013286,20013271
2672,20013392,20013377,20013362,20013347,20013332,20013317,20013302,20013287
2673,20013408,20013393,20013378,20013363,20013348,20013333,20013318,20013303
2674,20013424,20013409,20013394,20013379,20013364,20013349,20013334,20013319
2675,20013440,20013425,20013410,20013395,20013380,20013365,20013350,20013335
2676,20013456,20013441,20013426,20013411,20013396,20013381,20013366,20013351
2677,20013472,20013457,20013442,20013427,20013412,20013397,20013382,20013367
2678,20013488,20013473,20013458,20013443,20013428,20013413,20013398,20013383
2679,20013504,20013489,20013474,20013459,20013444,20013429,20013414,20013399
2680,20013520,20013505,20013490,20013475,20013460,20013445,20013430,20013415
2681,20013536,20013521,20013506,20013491,20013476,20013461,20013446,20013431
2682,20013552,20013537,20013522,20013507,20013492,20013477,20013462,20013447
2683,20013568,20013553,20013538,20013523,20013508,20013493,20013478,20013463
2684,20013584,20013569,20013554,20013539,20013524,20013509,20013494,20013479
2685,20013600,20013585,20013570,20013555,20013540,20013525,20013510,20013495
2686,20013616,20013601,20013586,20013571,20013556,20013541,20013526,20013511
2687,20013632,20013617,20013602,20013587,20013572,20013557,20013542,20013527
2688,20013648,20013633,20013618,20013603,20013588,20013573,20013558,20013543
2689,20013664,20013649,20013634,20013619,20013604,20013589,20013574,20013559
2690,20013680,20013665,20013650,20013635,20013620,20013605,20013590,20013575
2691,20013696,20013681,20013666,20013651,20013636,20013621,20013606,20013591
2692,20013712,20013697,20013682,20013667,20013652,20013637,20013622,20013607
2693,20013728,20013713,20013698,20013683,20013668,20013653,20013638,20013623
2694,20013744,20013729,20013714,20013699,20013684,20013669,20013654,20013639
2695,20013760,20013745,20013730,20013715,20013700,20013685,20013670,20013655
2696,20013776,20013761,20013746,20013731,20013716,20013701,20013686,20013671
2697,20013792,20013777,20013762,20013747,20013732,20013717,20013702,20013687
2698,20013808,20013793,20013778,20013763,20013748,20013733,20013718,20013703
2699,20013824,20013809,20013794,20013779,20013764,20013749,20013734,20013719
2700,20013840,20013825,20013810,20013795,20013780,20013765,20013750,20013735
2701,20013856,20013841,20013826,20013811,20013796,20013781,20013766,20013751
2702,20013872,20013857,20013842,20013827,20013812,20013797,20013782,20013767
2703,20013888,20013873,20013858,20013843,20013828,20013813,20013798,20013783
2704,20013904,20013889,20013874,20013859,20013844,20013829,20013814,20013799
2705,20013920,20013905,20013890,20013875,20013860,20013845,20013830,20013815
2706,20013936,20013921,20013906,20013891,20013876,20013861,20013846,20013831
2707,20013952,20013937,20013922,20013907,20013892,20013877,20013862,20013847
2708,20013968,20013953,20013938,20013923,20013908,20013893,20013878,20013863
2709,20013984,20013969,20013954,20013939,20013924,20013909,20013894,20013879
2710,20014000,20013985,20013970,20013955,20013940,20013925,20013910,20013895
2711,20014016,20014001,20013986,20013971,20013956,20013941,20013926,20013911
2712,20014032,20014017,20014002,20013987,20013972,20013957,20013942,20013927
2713,20014048,20014033,20014018,20014003,20013988,20013973,20013958,20013943
2714,20014064,20014049,20014034,20014019,20014004,20013989,20013974,20013959
2715,20014080,20014065,20014050,20014035,20014020,20014005,20013990,20013975
2716,20014096,20014081,20014066,20014051,20014036,20014021,20014006,20013991
2717,20014112,20014097,20014082,20014067,20014052,20014037,20014022,20014007
2718,20014128,20014113,20014098,20014083,20014068,20014053,20014038,20014023
2719,20014144,20014129,20014114,20014099,20014084,20014069,20014054,20014039
2720,20014160,20014145,20014130,20014115,20014100,20014085,20014070,20014055
2721,20014176,20014161,20014146,20014131,20014116,20014101,20014086,20014071
2722,20014192,20014177,20014162,20014147,20014132,20014117,20014102,20014087
2723,20014208,20014193,20014178,20014163,20014148,20014133,20014118,20014103
2724,20014224,20014209,20014194,20014179,20014164,20014149,20014134,20014119
2725,20014240,20014225,20014210,20014195,20014180,20014165,20014150,20014135
2726,20014256,20014241,20014226,20014211,20014196,20014181,20014166,20014151
2727,20014272,20014257,20014242,20014227,20014212,20014197,20014182,20014167
2728,20014288,20014273,20014258,20014243,20014228,20014213,20014198,20014183
2729,20014304,20014289,20014274,20014259,20014244,20014229,20014214,20014199
2730,20014320,20014305,20014290,20014275,20014260,20014245,20014230,20014215
2731,20014336,20014321,20014306,20014291,20014276,20014261,20014246,20014231
2732,20014352,20014337,20014322,20014307,20014292,20014277,20014262,20014247
2733,20014368,20014353,20014338,20014323,20014308,20014293,20014278,20014263
2734,20014384,20014369,20014354,20014339,20014324,20014309,20014294,20014279
2735,-1,20014385,20014370,20014355,20014340,20014325,20014310,20014295
2736,-1,-1,20014386,20014371,20014356,20014341,20014326,20014311
2737,-1,-1,-1,20014387,20014372,20014357,20014342,20014327
2738,-1,-1,-1,-1,20014388,20014373,20014358,20014343
2739,-1,-1,-1,-1,-1,20014389,20014374,20014359
2740,-1,-1,-1,-1,-1,-1,20014390,20014375
2741,-1,-1,-1,-1,-1,-1,-1,20014391
2742,-1,-1,-1,-1,-1,-1,-1,-1
2743,-1,-1,-1,-1,-1,-1,-1,-1
2744,-1,-1,-1,-1,-1,-1,-1,-1
2745,-1,-1,-1,-1,-1,-1,-1,-1
2746,-1,-1,-1,-1,-1,-1,-1,-1
2747,-1,-1,-1,-1,-1,-1,-1,-1
2748,-1,-1,-1,-1,-1,-1,-1,-1
2749,20000000,-1,-1,-1,-1,-1,-1,-1
2750,20000016,20000001,-1,-1,-1,-1,-1,-1
2751,20000032,20000017,20000002,-1,-1,-1,-1,-1
2752,20000048,20000033,20000018,20000003,-1,-1,-1,-1
2753,20000064,20000049,20000034,20000019,20000004,-1,-1,-1
2754,20000080,20000065,20000050,20000035,20000020,20000005,-1,-1
2755,20000096,20000081,20000066,20000051,20000036,20000021,20000006,-1
2756,20000112,20000097,20000082,20000067,20000052,20000037,20000022,20000007
2757,20000128,20000113,20000098,20000083,20000068,20000053,20000038,20000023
2758,20000144,20000129,20000114,20000099,20000084,20000069,20000054,20000039
2759,20000160,20000145,20000130,20000115,20000100,20000085,20000070,20000055
2760,20000176,20000161,20000146,20000131,20000116,20000101,20000086,20000071
2761,20000192,20000177,20000162,20000147,20000132,20000117,20000102,20000087
2762,20000208,20000193,20000178,20000163,20000148,20000133,20000118,20000103
2763,20000224,20000209,20000194,20000179,20000164,20000149,20000134,20000119
2764,20000240,20000225,20000210,20000195,20000180,20000165,20000150,20000135
2765,20000256,20000241,20000226,20000211,20000196,20000181,20000166,20000151
2766,20000272,20000257,20000242,20000227,20000212,20000197,20000182,20000167
2767,20000288,20000273,20000258,20000243,20000228,20000213,20000198,20000183
2768,20000304,20000289,20000274,20000259,20000244,20000229,20000214,20000199
2769,20000320,20000305,20000290,20000275,20000260,20000245,20000230,20000215
2770,20000336,20000321,20000306,20000291,20000276,20000261,20000246,20000231
2771,20000352,20000337,20000322,20000307,20000292,20000277,20000262,20000247
2772,20000368,20000353,20000338,20000323,20000308,20000293,20000278,20000263
2773,20000384,20000369,20000354,20000339,20000324,20000309,20000294,20000279
2774,20000400,20000385,20000370,20000355,20000340,20000325,20000310,20000295
2775,20000416,20000401,20000386,20000371,20000356,20000341,20000326,20000311
2776,20000432,20000417,20000402,20000387,20000372,20000357,20000342,20000327
2777,20000448,20000433,20000418,20000403,20000388,20000373,20000358,20000343
2778,20000464,20000449,20000434,20000419,20000404,20000389,20000374,20000359
2779,20000480,20000465,20000450,20000435,20000420,20000405,20000390,20000375
2780,20000496,20000481,20000466,20000451,20000436,20000421,20000406,20000391
2781,20000512,20000497,20000482,20000467,20000452,20000437,20000422,20000407
2782,20000528,20000513,20000498,20000483,20000468,20000453,20000438,20000423
2783,20000544,20000529,20000514,20000499,20000484,20000469,20000454,20000439
2784,20000560,20000545,20000530,20000515,20000500,20000485,20000470,20000455
2785,20000576,20000561,20000546,20000531,20000516,20000501,20000486,20000471
2786,20000592,20000577,20000562,20000547,20000532,20000517,20000502,20000487
2787,20000608,20000593,20000578,20000563,20000548,20000533,20000518,20000503
2788,20000624,20000609,20000594,20000579,20000564,20000549,20000534,20000519
2789,20000640,20000625,20000610,20000595,20000580,20000565,20000550,20000535
2790,20000656,20000641,20000626,20000611,20000596,20000581,20000566,20000551
2791,20000672,20000657,20000642,20000627,20000612,20000597,20000582,20000567
2792,20000688,20000673,20000658,20000643,20000628,20000613,20000598,20000583
2793,20000704,20000689,20000674,20000659,20000644,20000629,20000614,20000599
2794,20000720,20000705,20000690,20000675,20000660,20000645,20000630,20000615
2795,20000736,20000721,20000706,20000691,20000676,20000661,20000646,20000631
2796,20000752,20000737,20000722,20000707,20000692,20000677,20000662,20000647
2797,20000768,20000753,20000738,20000723,20000708,20000693,20000678,20000663
2798,20000784,20000769,20000754,20000739,20000724,20000709,20000694,20000679
2799,20000800,20000785,20000770,20000755,20000740,20000725,20000710,20000695
2800,20000816,20000801,20000786,20000771,20000756,20000741,20000726,20000711
2801,20000832,20000817,20000802,20000787,20000772,20000757,20000742,20000727
2802,20000848,20000833,20000818,20000803,20000788,20000773,20000758,20000743
2803,20000864,20000849,20000834,20000819,20000804,20000789,20000774,20000759
2804,20000880,20000865,20000850,20000835,20000820,20000805,20000790,20000775
2805,20000896,20000881,20000866,20000851,20000836,20000821,20000806,20000791
2806,20000912,20000897,20000882,20000867,20000852,20000837,20000822,20000807
2807,20000928,20000913,20000898,20000883,20000868,20000853,20000838,20000823
2808,20000944,20000929,20000914,20000899,20000884,20000869,20000854,20000839
2809,20000960,20000945,20000930,20000915,20000900,20000885,20000870,20000855
2810,20000976,20000961,20000946,20000931,20000916,20000901,20000886,20000871
2811,20000992,20000977,20000962,20000947,20000932,20000917,20000902,20000887
2812,20001008,20000993,20000978,20000963,20000948,20000933,20000918,20000903
2813,20001024,20001009,20000994,20000979,20000964,20000949,20000934,20000919
2814,20001040,20001025,20001010,20000995,20000980,20000965,20000950,20000935
2815,20001056,20001041,20001026,20001011,20000996,20000981,20000966,20000951
2816,20001072,20001057,20001042,20001027,20001012,20000997,20000982,20000967
2817,20001088,20001073,20001058,20001043,20001028,20001013,20000998,20000983
2818,20001104,20001089,20001074,20001059,20001044,20001029,20001014,20000999
2819,20001120,20001105,20001090,20001075,20001060,20001045,20001030,20001015
2820,20001136,20001121,20001106,20001091,20001076,20001061,20001046,20001031
2821,20001152,20001137,20001122,20001107,20001092,20001077,20001062,20001047
2822,20001168,20001153,20001138,20001123,20001108,20001093,20001078,20001063
2823,20001184,20001169,20001154,20001139,20001124,20001109,20001094,20001079
2824,20001200,20001185,20001170,20001155,20001140,20001125,20001110,20001095
2825,20001216,20001201,20001186,20001171,20001156,20001141,20001126,20001111
2826,20001232,20001217,20001202,20001187,20001172,20001157,20001142,20001127
2827,20001248,20001233,20001218,20001203,20001188,20001173,20001158,20001143
2828,20001264,20001249,20001234,20001219,20001204,20001189,20001174,20001159
2829,20001280,20001265,20001250,20001235,20001220,20001205,20001190,20001175
2830,20001296,20001281,20001266,20001251,20001236,20001221,20001206,20001191
2831,20001312,20001297,20001282,20001267,20001252,20001237,20001222,20001207
2832,20001328,20001313,20001298,20001283,20001268,20001253,20001238,20001223
2833,20001344,20001329,20001314,20001299,20001284,20001269,20001254,20001239
2834,20001360,20001345,20001330,20001315,20001300,20001285,20001270,20001255
2835,20001376,20001361,20001346,20001331,20001316,20001301,20001286,20001271
2836,20001392,20001377,20001362,20001347,20001332,20001317,20001302,20001287
2837,20001408,20001393,20001378,20001363,20001348,20001333,20001318,20001303
2838,20001424,20001409,20001394,20001379,20001364,20001349,20001334,20001319
2839,20001440,20001425,20001410,20001395,20001380,20001365,20001350,20001335
2840,20001456,20001441,20001426,20001411,20001396,20001381,20001366,20001351
2841,20001472,20001457,20001442,20001427,20001412,20001397,20001382,20001367
2842,20001488,20001473,20001458,20001443,20001428,20001413,20001398,20001383
2843,20001504,20001489,20001474,20001459,20001444,20001429,20001414,20001399
2844,20001520,20001505,20001490,20001475,20001460,20001445,20001430,20001415
2845,20001536,20001521,20001506,20001491,20001476,20001461,20001446,20001431
2846,20001552,20001537,20001522,20001507,20001492,20001477,20001462,20001447
2847,20001568,20001553,20001538,20001523,20001508,20001493,20001478,20001463
2848,20001584,20001569,20001554,20001539,20001524,20001509,20001494,20001479
2849,20001600,20001585,20001570,20001555,20001540,20001525,20001510,20001495
2850,20001616,20001601,20001586,20001571,20001556,20001541,20001526,20001511
2851,20001632,20001617,20001602,20001587,20001572,20001557,20001542,20001527
2852,20001648,20001633,20001618,20001603,20001588,20001573,20001558,20001543
2853,20001664,20001649,20001634,20001619,20001604,20001589,20001574,20001559
2854,20001680,20001665,20001650,20001635,20001620,20001605,20001590,20001575
2855,20001696,20001681,20001666,20001651,20001636,20001621,20001606,20001591
2856,20001712,20001697,20001682,20001667,20001652,20001637,20001622,20001607
2857,20001728,20001713,20001698,20001683,20001668,20001653,20001638,20001623
2858,20001744,20001729,20001714,20001699,20001684,20001669,20001654,20001639
2859,20001760,20001745,20001730,20001715,20001700,20001685,20001670,20001655
2860,20001776,20001761,20001746,20001731,20001716,20001701,20001686,20001671
2861,20001792,20001777,20001762,20001747,20001732,20001717,20001702,20001687
2862,20001808,20001793,20001778,20001763,20001748,20001733,20001718,20001703
2863,20001824,20001809,20001794,20001779,20001764,20001749,20001734,20001719
2864,20001840,20001825,20001810,20001795,20001780,20001765,20001750,20001735
2865,20001856,20001841,20001826,20001811,20001796,20001781,20001766,20001751
2866,20001872,20001857,20001842,20001827,20001812,20001797,20001782,20001767
2867,20001888,20001873,20001858,20001843,20001828,20001813,20001798,20001783
2868,20001904,20001889,20001874,20001859,20001844,20001829,20001814,20001799
2869,20001920,20001905,20001890,20001875,20001860,20001845,20001830,20001815
2870,20001936,20001921,20001906,20001891,20001876,20001861,20001846,20001831
2871,20001952,20001937,20001922,20001907,20001892,20001877,20001862,20001847
2872,20001968,20001953,20001938,20001923,20001908,20001893,20001878,20001863
2873,20001984,20001969,20001954,20001939,20001924,20001909,20001894,20001879
2874,20002000,20001985,20001970,20001955,20001940,20001925,20001910,20001895
2875,20002016,20002001,20001986,20001971,20001956,20001941,20001926,20001911
2876,20002032,20002017,20002002,20001987,20001972,20001957,20001942,20001927
2877,20002048,20002033,20002018,20002003,20001988,20001973,20001958,20001943
2878,20002064,20002049,20002034,20002019,20002004,20001989,20001974,20001959
2879,20002080,20002065,20002050,20002035,20002020,20002005,20001990,20001975
2880,20002096,20002081,20002066,20002051,20002036,20002021,20002006,20001991
2881,20002112,20002097,20002082,20002067,20002052,20002037,20002022,20002007
2882,20002128,20002113,20002098,20002083,20002068,20002053,20002038,20002023
2883,20002144,20002129,20002114,20002099,20002084,20002069,20002054,20002039
2884,20002160,20002145,20002130,20002115,20002100,20002085,20002070,20002055
2885,20002176,20002161,20002146,20002131,20002116,20002101,20002086,20002071
2886,20002192,20002177,20002162,20002147,20002132,20002117,20002102,20002087
2887,20002208,20002193,20002178,20002163,20002148,20002133,20002118,20002103
2888,20002224,20002209,20002194,20002179,20002164,20002149,20002134,20002119
2889,20002240,20002225,20002210,20002195,20002180,20002165,20002150,20002135
2890,20002256,20002241,20002226,20002211,20002196,20002181,20002166,20002151
2891,20002272,20002257,20002242,20002227,20002212,20002197,20002182,20002167
2892,20002288,20002273,20002258,20002243,20002228,20002213,20002198,20002183
2893,20002304,20002289,20002274,20002259,20002244,20002229,20002214,20002199
2894,20002320,20002305,20002290,20002275,20002260,20002245,20002230,20002215
2895,20002336,20002321,20002306,20002291,20002276,20002261,20002246,20002231
2896,20002352,20002337,20002322,20002307,20002292,20002277,20002262,20002247
2897,20002368,20002353,20002338,20002323,20002308,20002293,20002278,20002263
2898,20002384,20002369,20002354,20002339,20002324,20002309,20002294,20002279
2899,20002400,20002385,20002370,20002355,20002340,20002325,20002310,20002295
2900,20002416,20002401,20002386,20002371,20002356,20002341,20002326,20002311
2901,20002432,20002417,20002402,20002387,20002372,20002357,20002342,20002327
2902,20002448,20002433,20002418,20002403,20002388,20002373,20002358,20002343
2903,20002464,20002449,20002434,20002419,20002404,20002389,20002374,20002359
2904,20002480,20002465,20002450,20002435,20002420,20002405,20002390,20002375
2905,20002496,20002481,20002466,20002451,20002436,20002421,20002406,20002391
2906,20002512,20002497,20002482,20002467,20002452,20002437,20002422,20002407
2907,20002528,20002513,20002498,20002483,20002468,20002453,20002438,20002423
2908,20002544,20002529,20002514,20002499,20002484,20002469,20002454,20002439
2909,20002560,20002545,20002530,20002515,20002500,20002485,20002470,20002455
2910,20002576,20002561,20002546,20002531,20002516,20002501,20002486,20002471
2911,20002592,20002577,20002562,20002547,20002532,20002517,20002502,20002487
2912,20002608,20002593,20002578,20002563,20002548,20002533,20002518,20002503
2913,20002624,20002609,20002594,20002579,20002564,20002549,20002534,20002519
2914,20002640,20002625,20002610,20002595,20002580,20002565,20002550,20002535
2915,20002656,20002641,20002626,20002611,20002596,20002581,20002566,20002551
2916,20002672,20002657,20002642,20002627,20002612,20002597,20002582,20002567
2917,20002688,20002673,20002658,20002643,20002628,20002613,20002598,20002583
2918,20002704,20002689,20002674,20002659,20002644,20002629,20002614,20002599
2919,20002720,20002705,20002690,20002675,20002660,20002645,20002630,20002615
2920,20002736,20002721,20002706,20002691,20002676,20002661,20002646,20002631
2921,20002752,20002737,20002722,20002707,20002692,20002677,20002662,20002647
2922,20002768,20002753,20002738,20002723,20002708,20002693,20002678,20002663
2923,20002784,20002769,20002754,20002739,20002724,20002709,20002694,20002679
2924,20002800,20002785,20002770,20002755,20002740,20002725,20002710,20002695
2925,20002816,20002801,20002786,20002771,20002756,20002741,20002726,20002711
2926,20002832,20002817,20002802,20002787,20002772,20002757,20002742,20002727
2927,20002848,20002833,20002818,20002803,20002788,20002773,20002758,20002743
2928,20002864,20002849,20002834,20002819,20002804,20002789,20002774,20002759
2929,20002880,20002865,20002850,20002835,20002820,20002805,20002790,20002775
2930,20002896,20002881,20002866,20002851,20002836,20002821,20002806,20002791
2931,20002912,20002897,20002882,20002867,20002852,20002837,20002822,20002807
2932,20002928,20002913,20002898,20002883,20002868,20002853,20002838,20002823
2933,20002944,20002929,20002914,20002899,20002884,20002869,20002854,20002839
2934,20002960,20002945,20002930,20002915,20002900,20002885,20002870,20002855
2935,20002976,20002961,20002946,20002931,20002916,20002901,20002886,20002871
2936,20002992,20002977,20002962,20002947,20002932,20002917,20002902,20002887
2937,20003008,20002993,20002978,20002963,20002948,20002933,20002918,20002903
2938,20003024,20003009,20002994,20002979,20002964,20002949,20002934,20002919
2939,20003040,20003025,20003010,20002995,20002980,20002965,20002950,20002935
2940,20003056,20003041,20003026,20003011,20002996,20002981,20002966,20002951
2941,20003072,20003057,20003042,20003027,20003012,20002997,20002982,20002967
2942,20003088,20003073,20003058,20003043,20003028,20003013,20002998,20002983
2943,20003104,20003089,20003074,20003059,20003044,20003029,20003014,20002999
2944,20003120,20003105,20003090,20003075,20003060,20003045,20003030,20003015
2945,20003136,20003121,20003106,20003091,20003076,20003061,20003046,20003031
2946,20003152,20003137,20003122,20003107,20003092,20003077,20003062,20003047
2947,20003168,20003153,20003138,20003123,20003108,20003093,20003078,20003063
2948,20003184,20003169,20003154,20003139,20003124,20003109,20003094,20003079
2949,20003200,20003185,20003170,20003155,20003140,20003125,20003110,20003095
2950,20003216,20003201,20003186,20003171,20003156,20003141,20003126,20003111
2951,20003232,20003217,20003202,20003187,20003172,20003157,20003142,20003127
2952,20003248,20003233,20003218,20003203,20003188,20003173,20003158,20003143
2953,20003264,20003249,20003234,20003219,20003204,20003189,20003174,20003159
2954,20003280,20003265,20003250,20003235,20003220,20003205,20003190,20003175
2955,20003296,20003281,20003266,20003251,20003236,20003221,20003206,20003191
2956,20003312,20003297,20003282,20003267,20003252,20003237,20003222,20003207
2957,20003328,20003313,20003298,20003283,20003268,20003253,20003238,20003223
2958,20003344,20003329,20003314,20003299,20003284,20003269,20003254,20003239
2959,20003360,20003345,20003330,20003315,20003300,20003285,20003270,20003255
2960,20003376,20003361,20003346,20003331,20003316,20003301,20003286,20003271
2961,20003392,20003377,20003362,20003347,20003332,20003317,20003302,20003287
2962,20003408,20003393,20003378,20003363,20003348,20003333,20003318,20003303
2963,20003424,20003409,20003394,20003379,20003364,20003349,20003334,20003319
2964,20003440,20003425,20003410,20003395,20003380,20003365,20003350,20003335
2965,20003456,20003441,20003426,20003411,20003396,20003381,20003366,20003351
2966,20003472,20003457,20003442,20003427,20003412,20003397,20003382,20003367
2967,20003488,20003473,20003458,20003443,20003428,20003413,20003398,20003383
2968,20003504,20003489,20003474,20003459,20003444,20003429,20003414,20003399
2969,20003520,20003505,20003490,20003475,20003460,20003445,20003430,20003415
2970,20003536,20003521,20003506,20003491,20003476,20003461,20003446,20003431
2971,20003552,20003537,20003522,20003507,20003492,20003477,20003462,20003447
2972,20003568,20003553,20003538,20003523,20003508,20003493,20003478,20003463
2973,20003584,20003569,20003554,20003539,20003524,20003509,20003494,20003479
2974,20003600,20003585,20003570,20003555,20003540,20003525,20003510,20003495
2975,20003616,20003601,20003586,20003571,20003556,20003541,20003526,20003511
2976,20003632,20003617,20003602,20003587,20003572,20003557,20003542,20003527
2977,20003648,20003633,20003618,20003603,20003588,20003573,20003558,20003543
2978,20003664,20003649,20003634,20003619,20003604,20003589,20003574,20003559
2979,20003680,20003665,20003650,20003635,20003620,20003605,20003590,20003575
2980,20003696,20003681,20003666,20003651,20003636,20003621,20003606,20003591
2981,20003712,20003697,20003682,20003667,20003652,20003637,20003622,20003607
2982,20003728,20003713,20003698,20003683,20003668,20003653,20003638,20003623
2983,20003744,20003729,20003714,20003699,20003684,20003669,20003654,20003639
2984,20003760,20003745,20003730,20003715,20003700,20003685,20003670,20003655
2985,20003776,20003761,20003746,20003731,20003716,20003701,20003686,20003671
2986,20003792,20003777,20003762,20003747,20003732,20003717,20003702,20003687
2987,20003808,20003793,20003778,20003763,20003748,20003733,20003718,20003703
2988,20003824,20003809,20003794,20003779,20003764,20003749,20003734,20003719
2989,20003840,20003825,20003810,20003795,20003780,20003765,20003750,20003735
2990,20003856,20003841,20003826,20003811,20003796,20003781,20003766,20003751
2991,20003872,20003857,20003842,20003827,20003812,20003797,20003782,20003767
2992,20003888,20003873,20003858,20003843,20003828,20003813,20003798,20003783
2993,20003904,20003889,20003874,20003859,20003844,20003829,20003814,20003799
2994,20003920,20003905,20003890,20003875,20003860,20003845,20003830,20003815
2995,20003936,20003921,20003906,20003891,20003876,20003861,20003846,20003831
2996,20003952,20003937,20003922,20003907,20003892,20003877,20003862,20003847
2997,20003968,20003953,20003938,20003923,20003908,20003893,20003878,20003863
2998,20003984,20003969,20003954,20003939,20003924,20003909,20003894,20003879
2999,20004000,20003985,20003970,20003955,20003940,20003925,20003910,20003895
3000,20004016,20004001,20003986,20003971,20003956,20003941,20003926,20003911
3001,20004032,20004017,20004002,20003987,20003972,20003957,20003942,20003927
3002,20004048,20004033,20004018,20004003,20003988,20003973,20003958,20003943
3003,20004064,20004049,20004034,20004019,20004004,20003989,20003974,20003959
3004,20004080,20004065,20004050,20004035,20004020,20004005,20003990,20003975
3005,20004096,20004081,20004066,20004051,20004036,20004021,20004006,20003991
3006,20004112,20004097,20004082,20004067,20004052,20004037,20004022,20004007
3007,20004128,20004113,20004098,20004083,20004068,20004053,20004038,20004023
3008,20004144,20004129,20004114,20004099,20004084,20004069,20004054,20004039
3009,20004160,20004145,20004130,20004115,20004100,20004085,20004070,20004055
3010,20004176,20004161,20004146,20004131,20004116,20004101,20004086,20004071
3011,20004192,20004177,20004162,20004147,20004132,20004117,20004102,20004087
3012,20004208,20004193,20004178,20004163,20004148,20004133,20004118,20004103
3013,20004224,20004209,20004194,20004179,20004164,20004149,20004134,20004119
3014,20004240,20004225,20004210,20004195,20004180,20004165,20004150,20004135
3015,20004256,20004241,20004226,20004211,20004196,20004181,20004166,20004151
3016,20004272,20004257,20004242,20004227,20004212,20004197,20004182,20004167
3017,20004288,20004273,20004258,20004243,20004228,20004213,20004198,20004183
3018,20004304,20004289,20004274,20004259,20004244,20004229,20004214,20004199
3019,20004320,20004305,20004290,20004275,20004260,20004245,20004230,20004215
3020,20004336,20004321,20004306,20004291,20004276,20004261,20004246,20004231
3021,20004352,20004337,20004322,20004307,20004292,20004277,20004262,20004247
3022,20004368,20004353,20004338,20004323,20004308,20004293,20004278,20004263
3023,20004384,20004369,20004354,20004339,20004324,20004309,20004294,20004279
3024,20004400,20004385,20004370,20004355,20004340,20004325,20004310,20004295
3025,20004416,20004401,20004386,20004371,20004356,20004341,20004326,20004311
3026,20004432,20004417,20004402,20004387,20004372,20004357,20004342,20004327
3027,20004448,20004433,20004418,20004403,20004388,20004373,20004358,20004343
3028,20004464,20004449,20004434,20004419,20004404,20004389,20004374,20004359
3029,20004480,20004465,20004450,20004435,20004420,20004405,20004390,20004375
3030,20004496,20004481,20004466,20004451,20004436,20004421,20004406,20004391
3031,20004512,20004497,20004482,20004467,20004452,20004437,20004422,20004407
3032,20004528,20004513,20004498,20004483,20004468,20004453,20004438,20004423
3033,20004544,20004529,20004514,20004499,20004484,20004469,20004454,20004439
3034,20004560,20004545,20004530,20004515,20004500,20004485,20004470,20004455
3035,20004576,20004561,20004546,20004531,20004516,20004501,20004486,20004471
3036,20004592,20004577,20004562,20004547,20004532,20004517,20004502,20004487
3037,20004608,20004593,20004578,20004563,20004548,20004533,20004518,20004503
3038,20004624,20004609,20004594,20004579,20004564,20004549,20004534,20004519
3039,20004640,20004625,20004610,20004595,20004580,20004565,20004550,20004535
3040,20004656,20004641,20004626,20004611,20004596,20004581,20004566,20004551
3041,20004672,20004657,20004642,20004627,20004612,20004597,20004582,20004567
3042,20004688,20004673,20004658,20004643,20004628,20004613,20004598,20004583
3043,20004704,20004689,20004674,20004659,20004644,20004629,20004614,20004599
3044,20004720,20004705,20004690,20004675,20004660,20004645,20004630,20004615
3045,20004736,20004721,20004706,20004691,20004676,20004661,20004646,20004631
3046,20004752,20004737,20004722,20004707,20004692,20004677,20004662,20004647
3047,20004768,20004753,20004738,20004723,20004708,20004693,20004678,20004663
3048,20004784,20004769,20004754,20004739,20004724,20004709,20004694,20004679
3049,20004800,20004785,20004770,20004755,20004740,20004725,20004710,20004695
3050,20004816,20004801,20004786,20004771,20004756,20004741,20004726,20004711
3051,20004832,20004817,20004802,20004787,20004772,20004757,20004742,20004727
3052,20004848,20004833,20004818,20004803,20004788,20004773,20004758,20004743
3053,20004864,20004849,20004834,20004819,20004804,20004789,20004774,20004759
3054,20004880,20004865,20004850,20004835,20004820,20004805,20004790,20004775
3055,20004896,20004881,20004866,20004851,20004836,20004821,20004806,20004791
3056,20004912,20004897,20004882,20004867,20004852,20004837,20004822,20004807
3057,20004928,20004913,20004898,20004883,20004868,20004853,20004838,20004823
3058,20004944,20004929,20004914,20004899,20004884,20004869,20004854,20004839
3059,20004960,20004945,20004930,20004915,20004900,20004885,20004870,20004855
3060,20004976,20004961,20004946,20004931,20004916,20004901,20004886,20004871
3061,20004992,20004977,20004962,20004947,20004932,20004917,20004902,20004887
3062,20005008,20004993,20004978,20004963,20004948,20004933,20004918,20004903
3063,20005024,20005009,20004994,20004979,20004964,20004949,20004934,20004919
3064,20005040,20005025,20005010,20004995,20004980,20004965,20004950,20004935
3065,20005056,20005041,20005026,20005011,20004996,20004981,20004966,20004951
3066,20005072,20005057,20005042,20005027,20005012,20004997,20004982,20004967
3067,20005088,20005073,20005058,20005043,20005028,20005013,20004998,20004983
3068,20005104,20005089,20005074,20005059,20005044,20005029,20005014,20004999
3069,20005120,20005105,20005090,20005075,20005060,20005045,20005030,20005015
3070,20005136,20005121,20005106,20005091,20005076,20005061,20005046,20005031
3071,20005152,20005137,20005122,20005107,20005092,20005077,20005062,20005047
3072,20005168,20005153,20005138,20005123,20005108,20005093,20005078,20005063
3073,20005184,20005169,20005154,20005139,20005124,20005109,20005094,20005079
3074,20005200,20005185,20005170,20005155,20005140,20005125,20005110,20005095
3075,20005216,20005201,20005186,20005171,20005156,20005141,20005126,20005111
3076,20005232,20005217,20005202,20005187,20005172,20005157,20005142,20005127
3077,20005248,20005233,20005218,20005203,20005188,20005173,20005158,20005143
3078,20005264,20005249,20005234,20005219,20005204,20005189,20005174,20005159
3079,20005280,20005265,20005250,20005235,20005220,20005205,20005190,20005175
3080,20005296,20005281,20005266,20005251,20005236,20005221,20005206,20005191
3081,20005312,20005297,20005282,20005267,20005252,20005237,20005222,20005207
3082,20005328,20005313,20005298,20005283,20005268,20005253,20005238,20005223
3083,20005344,20005329,20005314,20005299,20005284,20005269,20005254,20005239
3084,20005360,20005345,20005330,20005315,20005300,20005285,20005270,20005255
3085,20005376,20005361,20005346,20005331,20005316,20005301,20005286,20005271
3086,20005392,20005377,20005362,20005347,20005332,20005317,20005302,20005287
3087,20005408,20005393,20005378,20005363,20005348,20005333,20005318,20005303
3088,20005424,20005409,20005394,20005379,20005364,20005349,20005334,20005319
3089,20005440,20005425,20005410,20005395,20005380,20005365,20005350,20005335
3090,20005456,20005441,20005426,20005411,20005396,20005381,20005366,20005351
3091,20005472,20005457,20005442,20005427,20005412,20005397,20005382,20005367
3092,20005488,20005473,20005458,20005443,20005428,20005413,20005398,20005383
3093,20005504,20005489,20005474,20005459,20005444,20005429,20005414,20005399
3094,20005520,20005505,20005490,20005475,20005460,20005445,20005430,20005415
3095,20005536,20005521,20005506,20005491,20005476,20005461,20005446,20005431
3096,20005552,20005537,20005522,20005507,20005492,20005477,20005462,20005447
3097,20005568,20005553,20005538,20005523,20005508,20005493,20005478,20005463
3098,20005584,20005569,20005554,20005539,20005524,20005509,20005494,20005479
3099,20005600,20005585,20005570,20005555,20005540,20005525,20005510,20005495
3100,20005616,20005601,20005586,20005571,20005556,20005541,20005526,20005511
3101,20005632,20005617,20005602,20005587,20005572,20005557,20005542,20005527
3102,20005648,20005633,20005618,20005603,20005588,20005573,20005558,20005543
3103,20005664,20005649,20005634,20005619,20005604,20005589,20005574,20005559
3104,20005680,20005665,20005650,20005635,20005620,20005605,20005590,20005575
3105,20005696,20005681,20005666,20005651,20005636,20005621,20005606,20005591
3106,20005712,20005697,20005682,20005667,20005652,20005637,20005622,20005607
3107,20005728,20005713,20005698,20005683,20005668,20005653,20005638,20005623
3108,20005744,20005729,20005714,20005699,20005684,20005669,20005654,20005639
3109,20005760,20005745,20005730,20005715,20005700,20005685,20005670,20005655
3110,20005776,20005761,20005746,20005731,20005716,20005701,20005686,20005671
3111,20005792,20005777,20005762,20005747,20005732,20005717,20005702,20005687
3112,20005808,20005793,20005778,20005763,20005748,20005733,20005718,20005703
3113,20005824,20005809,20005794,20005779,20005764,20005749,20005734,20005719
3114,20005840,20005825,20005810,20005795,20005780,20005765,20005750,20005735
3115,20005856,20005841,20005826,20005811,20005796,20005781,20005766,20005751
3116,20005872,20005857,20005842,20005827,20005812,20005797,20005782,20005767
3117,20005888,20005873,20005858,20005843,20005828,20005813,20005798,20005783
3118,20005904,20005889,20005874,20005859,20005844,20005829,20005814,20005799
3119,20005920,20005905,20005890,20005875,20005860,20005845,20005830,20005815
3120,20005936,20005921,20005906,20005891,20005876,20005861,20005846,20005831
3121,20005952,20005937,20005922,20005907,20005892,20005877,20005862,20005847
3122,20005968,20005953,20005938,20005923,20005908,20005893,20005878,20005863
3123,20005984,20005969,20005954,20005939,20005924,20005909,20005894,20005879
3124,20006000,20005985,20005970,20005955,20005940,20005925,20005910,20005895
3125,20006016,20006001,20005986,20005971,20005956,20005941,20005926,20005911
3126,20006032,20006017,20006002,20005987,20005972,20005957,20005942,20005927
3127,20006048,20006033,20006018,20006003,20005988,20005973,20005958,20005943
3128,20006064,20006049,20006034,20006019,20006004,20005989,20005974,20005959
3129,20006080,20006065,20006050,20006035,20006020,20006005,20005990,20005975
3130,20006096,20006081,20006066,20006051,20006036,20006021,20006006,20005991
3131,20006112,20006097,20006082,20006067,20006052,20006037,20006022,20006007
3132,20006128,20006113,20006098,20006083,20006068,20006053,20006038,20006023
3133,20006144,20006129,20006114,20006099,20006084,20006069,20006054,20006039
3134,20006160,20006145,20006130,20006115,20006100,20006085,20006070,20006055
3135,20006176,20006161,20006146,20006131,20006116,20006101,20006086,20006071
3136,20006192,20006177,20006162,20006147,20006132,20006117,20006102,20006087
3137,20006208,20006193,20006178,20006163,20006148,20006133,20006118,20006103
3138,20006224,20006209,20006194,20006179,20006164,20006149,20006134,20006119
3139,20006240,20006225,20006210,20006195,20006180,20006165,20006150,20006135
3140,20006256,20006241,20006226,20006211,20006196,20006181,20006166,20006151
3141,20006272,20006257,20006242,20006227,20006212,20006197,20006182,20006167
3142,20006288,20006273,20006258,20006243,20006228,20006213,20006198,20006183
3143,20006304,20006289,20006274,20006259,20006244,20006229,20006214,20006199
3144,20006320,20006305,20006290,20006275,20006260,20006245,20006230,20006215
3145,20006336,20006321,20006306,20006291,20006276,20006261,20006246,20006231
3146,20006352,20006337,20006322,20006307,20006292,20006277,20006262,20006247
3147,20006368,20006353,20006338,20006323,20006308,20006293,20006278,20006263
3148,20006384,20006369,20006354,20006339,20006324,20006309,20006294,20006279
3149,20006400,20006385,20006370,20006355,20006340,20006325,20006310,20006295
3150,20006416,20006401,20006386,20006371,20006356,20006341,20006326,20006311
3151,20006432,20006417,20006402,20006387,20006372,20006357,20006342,20006327
3152,20006448,20006433,20006418,20006403,20006388,20006373,20006358,20006343
3153,20006464,20006449,20006434,20006419,20006404,20006389,20006374,20006359
3154,20006480,20006465,20006450,20006435,20006420,20006405,20006390,20006375
3155,20006496,20006481,20006466,20006451,20006436,20006421,20006406,20006391
3156,20006512,20006497,20006482,20006467,20006452,20006437,20006422,20006407
3157,20006528,20006513,20006498,20006483,20006468,20006453,20006438,20006423
3158,20006544,20006529,20006514,20006499,20006484,20006469,20006454,20006439
3159,20006560,20006545,20006530,20006515,20006500,20006485,20006470,20006455
3160,20006576,20006561,20006546,20006531,20006516,20006501,20006486,20006471
3161,20006592,20006577,20006562,20006547,20006532,20006517,20006502,20006487
3162,20006608,20006593,20006578,20006563,20006548,20006533,20006518,20006503
3163,20006624,20006609,20006594,20006579,20006564,20006549,20006534,20006519
3164,20006640,20006625,20006610,20006595,20006580,20006565,20006550,20006535
3165,20006656,20006641,20006626,20006611,20006596,20006581,20006566,20006551
3166,20006672,20006657,20006642,20006627,20006612,20006597,20006582,20006567
3167,20006688,20006673,20006658,20006643,20006628,20006613,20006598,20006583
3168,20006704,20006689,20006674,20006659,20006644,20006629,20006614,20006599
3169,20006720,20006705,20006690,20006675,20006660,20006645,20006630,20006615
3170,20006736,20006721,20006706,20006691,20006676,20006661,20006646,20006631
3171,20006752,20006737,20006722,20006707,20006692,20006677,20006662,20006647
3172,20006768,20006753,20006738,20006723,20006708,20006693,20006678,20006663
3173,20006784,20006769,20006754,20006739,20006724,20006709,20006694,20006679
3174,20006800,20006785,20006770,20006755,20006740,20006725,20006710,20006695
3175,20006816,20006801,20006786,20006771,20006756,20006741,20006726,20006711
3176,20006832,20006817,20006802,20006787,20006772,20006757,20006742,20006727
3177,20006848,20006833,20006818,20006803,20006788,20006773,20006758,20006743
3178,20006864,20006849,20006834,20006819,20006804,20006789,20006774,20006759
3179,20006880,20006865,20006850,20006835,20006820,20006805,20006790,20006775
3180,20006896,20006881,20006866,20006851,20006836,20006821,20006806,20006791
3181,20006912,20006897,20006882,20006867,20006852,20006837,20006822,20006807
3182,20006928,20006913,20006898,20006883,20006868,20006853,20006838,20006823
3183,20006944,20006929,20006914,20006899,20006884,20006869,20006854,20006839
3184,20006960,20006945,20006930,20006915,20006900,20006885,20006870,20006855
3185,20006976,20006961,20006946,20006931,20006916,20006901,20006886,20006871
3186,20006992,20006977,20006962,20006947,20006932,20006917,20006902,20006887
3187,20007008,20006993,20006978,20006963,20006948,20006933,20006918,20006903
3188,20007024,20007009,20006994,20006979,20006964,20006949,20006934,20006919
3189,20007040,20007025,20007010,20006995,20006980,20006965,20006950,20006935
3190,20007056,20007041,20007026,20007011,20006996,20006981,20006966,20006951
3191,20007072,20007057,20007042,20007027,20007012,20006997,20006982,20006967
3192,20007088,20007073,20007058,20007043,20007028,20007013,20006998,20006983
3193,20007104,20007089,20007074,20007059,20007044,20007029,20007014,20006999
3194,20007120,20007105,20007090,20007075,20007060,20007045,20007030,20007015
3195,20007136,20007121,20007106,20007091,20007076,20007061,20007046,20007031
3196,20007152,20007137,20007122,20007107,20007092,20007077,20007062,20007047
3197,20007168,20007153,20007138,20007123,20007108,20007093,20007078,20007063
3198,20007184,20007169,20007154,20007139,20007124,20007109,20007094,20007079
3199,20007200,20007185,20007170,20007155,20007140,20007125,20007110,20007095
3200,20007216,20007201,20007186,20007171,20007156,20007141,20007126,20007111
3201,20007232,20007217,20007202,20007187,20007172,20007157,20007142,20007127
3202,20007248,20007233,20007218,20007203,20007188,20007173,20007158,20007143
3203,20007264,20007249,20007234,20007219,20007204,20007189,20007174,20007159
3204,20007280,20007265,20007250,20007235,20007220,20007205,20007190,20007175
3205,20007296,20007281,20007266,20007251,20007236,20007221,20007206,20007191
3206,20007312,20007297,20007282,20007267,20007252,20007237,20007222,20007207
3207,20007328,20007313,20007298,20007283,20007268,20007253,20007238,20007223
3208,20007344,20007329,20007314,20007299,20007284,20007269,20007254,20007239
3209,20007360,20007345,20007330,20007315,20007300,20007285,20007270,20007255
3210,20007376,20007361,20007346,20007331,20007316,20007301,20007286,20007271
3211,20007392,20007377,20007362,20007347,20007332,20007317,20007302,20007287
3212,20007408,20007393,20007378,20007363,20007348,20007333,20007318,20007303
3213,20007424,20007409,20007394,20007379,20007364,20007349,20007334,20007319
3214,20007440,20007425,20007410,20007395,20007380,20007365,20007350,20007335
3215,20007456,20007441,20007426,20007411,20007396,20007381,20007366,20007351
3216,20007472,20007457,20007442,20007427,20007412,20007397,20007382,20007367
3217,20007488,20007473,20007458,20007443,20007428,20007413,20007398,20007383
3218,20007504,20007489,20007474,20007459,20007444,20007429,20007414,20007399
3219,20007520,20007505,20007490,20007475,20007460,20007445,20007430,20007415
3220,20007536,20007521,20007506,20007491,20007476,20007461,20007446,20007431
3221,20007552,20007537,20007522,20007507,20007492,20007477,20007462,20007447
3222,20007568,20007553,20007538,20007523,20007508,20007493,20007478,20007463
3223,20007584,20007569,20007554,20007539,20007524,20007509,20007494,20007479
3224,20007600,20007585,20007570,20007555,20007540,20007525,20007510,20007495
3225,20007616,20007601,20007586,20007571,20007556,20007541,20007526,20007511
3226,20007632,20007617,20007602,20007587,20007572,20007557,20007542,20007527
3227,20007648,20007633,20007618,20007603,20007588,20007573,20007558,20007543
3228,20007664,20007649,20007634,20007619,20007604,20007589,20007574,20007559
3229,20007680,20007665,20007650,20007635,20007620,20007605,20007590,20007575
3230,20007696,20007681,20007666,20007651,20007636,20007621,20007606,20007591
3231,20007712,20007697,20007682,20007667,20007652,20007637,20007622,20007607
3232,20007728,20007713,20007698,20007683,20007668,20007653,20007638,20007623
3233,20007744,20007729,20007714,20007699,20007684,20007669,20007654,20007639
3234,20007760,20007745,20007730,20007715,20007700,20007685,20007670,20007655
3235,20007776,20007761,20007746,20007731,20007716,20007701,20007686,20007671
3236,20007792,20007777,20007762,20007747,20007732,20007717,20007702,20007687
3237,20007808,20007793,20007778,20007763,20007748,20007733,20007718,20007703
3238,20007824,20007809,20007794,20007779,20007764,20007749,20007734,20007719
3239,20007840,20007825,20007810,20007795,20007780,20007765,20007750,20007735
3240,20007856,20007841,20007826,20007811,20007796,20007781,20007766,20007751
3241,20007872,20007857,20007842,20007827,20007812,20007797,20007782,20007767
3242,20007888,20007873,20007858,20007843,20007828,20007813,20007798,20007783
3243,20007904,20007889,20007874,20007859,20007844,20007829,20007814,20007799
3244,20007920,20007905,20007890,20007875,20007860,20007845,20007830,20007815
3245,20007936,20007921,20007906,20007891,20007876,20007861,20007846,20007831
3246,20007952,20007937,20007922,20007907,20007892,20007877,20007862,20007847
3247,20007968,20007953,20007938,20007923,20007908,20007893,20007878,20007863
3248,20007984,20007969,20007954,20007939,20007924,20007909,20007894,20007879
3249,20008000,20007985,20007970,20007955,20007940,20007925,20007910,20007895
3250,20008016,20008001,20007986,20007971,20007956,20007941,20007926,20007911
3251,20008032,20008017,20008002,20007987,20007972,20007957,20007942,20007927
3252,20008048,20008033,20008018,20008003,20007988,20007973,20007958,20007943
3253,20008064,20008049,20008034,20008019,20008004,20007989,20007974,20007959
3254,20008080,20008065,20008050,20008035,20008020,20008005,20007990,20007975
3255,20008096,20008081,20008066,20008051,20008036,20008021,20008006,20007991
3256,20008112,20008097,20008082,20008067,20008052,20008037,20008022,20008007
3257,20008128,20008113,20008098,20008083,20008068,20008053,20008038,20008023
3258,20008144,20008129,20008114,20008099,20008084,20008069,20008054,20008039
3259,20008160,20008145,20008130,20008115,20008100,20008085,20008070,20008055
3260,20008176,20008161,20008146,20008131,20008116,20008101,20008086,20008071
3261,20008192,20008177,20008162,20008147,20008132,20008117,20008102,20008087
3262,20008208,20008193,20008178,20008163,20008148,20008133,20008118,20008103
3263,20008224,20008209,20008194,20008179,20008164,20008149,20008134,20008119
3264,20008240,20008225,20008210,20008195,20008180,20008165,20008150,20008135
3265,20008256,20008241,20008226,20008211,20008196,20008181,20008166,20008151
3266,20008272,20008257,20008242,20008227,20008212,20008197,20008182,20008167
3267,20008288,20008273,20008258,20008243,20008228,20008213,20008198,20008183
3268,20008304,20008289,20008274,20008259,20008244,20008229,20008214,20008199
3269,20008320,20008305,20008290,20008275,20008260,20008245,20008230,20008215
3270,20008336,20008321,20008306,20008291,20008276,20008261,20008246,20008231
3271,20008352,20008337,20008322,20008307,20008292,20008277,20008262,20008247
3272,20008368,20008353,20008338,20008323,20008308,20008293,20008278,20008263
3273,20008384,20008369,20008354,20008339,20008324,20008309,20008294,20008279
3274,20008400,20008385,20008370,20008355,20008340,20008325,20008310,20008295
3275,20008416,20008401,20008386,20008371,20008356,20008341,20008326,20008311
3276,20008432,20008417,20008402,20008387,20008372,20008357,20008342,20008327
3277,20008448,20008433,20008418,20008403,20008388,20008373,20008358,20008343
3278,20008464,20008449,20008434,20008419,20008404,20008389,20008374,20008359
3279,20008480,20008465,20008450,20008435,20008420,20008405,20008390,20008375
3280,20008496,20008481,20008466,20008451,20008436,20008421,20008406,20008391
3281,20008512,20008497,20008482,20008467,20008452,20008437,20008422,20008407
3282,20008528,20008513,20008498,20008483,20008468,20008453,20008438,20008423
3283,20008544,20008529,20008514,20008499,20008484,20008469,20008454,20008439
3284,20008560,20008545,20008530,20008515,20008500,20008485,20008470,20008455
3285,20008576,20008561,20008546,20008531,20008516,20008501,20008486,20008471
3286,20008592,20008577,20008562,20008547,20008532,20008517,20008502,20008487
3287,20008608,20008593,20008578,20008563,20008548,20008533,20008518,20008503
3288,20008624,20008609,20008594,20008579,20008564,20008549,20008534,20008519
3289,20008640,20008625,20008610,20008595,20008580,20008565,20008550,20008535
3290,20008656,20008641,20008626,20008611,20008596,20008581,20008566,20008551
3291,20008672,20008657,20008642,20008627,20008612,20008597,20008582,20008567
3292,20008688,20008673,20008658,20008643,20008628,20008613,20008598,20008583
3293,20008704,20008689,20008674,20008659,20008644,20008629,20008614,20008599
3294,20008720,20008705,20008690,20008675,20008660,20008645,20008630,20008615
3295,20008736,20008721,20008706,20008691,20008676,20008661,20008646,20008631
3296,20008752,20008737,20008722,20008707,20008692,20008677,20008662,20008647
3297,20008768,20008753,20008738,20008723,20008708,20008693,20008678,20008663
3298,20008784,20008769,20008754,20008739,20008724,20008709,20008694,20008679
3299,20008800,20008785,20008770,20008755,20008740,20008725,20008710,20008695
3300,20008816,20008801,20008786,20008771,20008756,20008741,20008726,20008711
3301,20008832,20008817,20008802,20008787,20008772,20008757,20008742,20008727
3302,20008848,20008833,20008818,20008803,20008788,20008773,20008758,20008743
3303,20008864,20008849,20008834,20008819,20008804,20008789,20008774,20008759
3304,20008880,20008865,20008850,20008835,20008820,20008805,20008790,20008775
3305,20008896,20008881,20008866,20008851,20008836,20008821,20008806,20008791
3306,20008912,20008897,20008882,20008867,20008852,20008837,20008822,20008807
3307,20008928,20008913,20008898,20008883,20008868,20008853,20008838,20008823
3308,20008944,20008929,20008914,20008899,20008884,20008869,20008854,20008839
3309,20008960,20008945,20008930,20008915,20008900,20008885,20008870,20008855
3310,20008976,20008961,20008946,20008931,20008916,20008901,20008886,20008871
3311,20008992,20008977,20008962,20008947,20008932,20008917,20008902,20008887
3312,20009008,20008993,20008978,20008963,20008948,20008933,20008918,20008903
3313,20009024,20009009,20008994,20008979,20008964,20008949,20008934,20008919
3314,20009040,20009025,20009010,20008995,20008980,20008965,20008950,20008935
3315,20009056,20009041,20009026,20009011,20008996,20008981,20008966,20008951
3316,20009072,20009057,20009042,20009027,20009012,20008997,20008982,20008967
3317,20009088,20009073,20009058,20009043,20009028,20009013,20008998,20008983
3318,20009104,20009089,20009074,20009059,20009044,20009029,20009014,20008999
3319,20009120,20009105,20009090,20009075,20009060,20009045,20009030,20009015
3320,20009136,20009121,20009106,20009091,20009076,20009061,20009046,20009031
3321,20009152,20009137,20009122,20009107,20009092,20009077,20009062,20009047
3322,20009168,20009153,20009138,20009123,20009108,20009093,20009078,20009063
3323,20009184,20009169,20009154,20009139,20009124,20009109,20009094,20009079
3324,20009200,20009185,20009170,20009155,20009140,20009125,20009110,20009095
3325,20009216,20009201,20009186,20009171,20009156,20009141,20009126,20009111
3326,20009232,20009217,20009202,20009187,20009172,20009157,20009142,20009127
3327,20009248,20009233,20009218,20009203,20009188,20009173,20009158,20009143
3328,20009264,20009249,20009234,20009219,20009204,20009189,20009174,20009159
3329,20009280,20009265,20009250,20009235,20009220,20009205,20009190,20009175
3330,20009296,20009281,20009266,20009251,20009236,20009221,20009206,20009191
3331,20009312,20009297,20009282,20009267,20009252,20009237,20009222,20009207
3332,20009328,20009313,20009298,20009283,20009268,20009253,20009238,20009223
3333,20009344,20009329,20009314,20009299,20009284,20009269,20009254,20009239
3334,20009360,20009345,20009330,20009315,20009300,20009285,20009270,20009255
3335,20009376,20009361,20009346,20009331,20009316,20009301,20009286,20009271
3336,20009392,20009377,20009362,20009347,20009332,20009317,20009302,20009287
3337,20009408,20009393,20009378,20009363,20009348,20009333,20009318,20009303
3338,20009424,20009409,20009394,20009379,20009364,20009349,20009334,20009319
3339,20009440,20009425,20009410,20009395,20009380,20009365,20009350,20009335
3340,20009456,20009441,20009426,20009411,20009396,20009381,20009366,20009351
3341,20009472,20009457,20009442,20009427,20009412,20009397,20009382,20009367
3342,20009488,20009473,20009458,20009443,20009428,20009413,20009398,20009383
3343,20009504,20009489,20009474,20009459,20009444,20009429,20009414,20009399
3344,20009520,20009505,20009490,20009475,20009460,20009445,20009430,20009415
3345,20009536,20009521,20009506,20009491,20009476,20009461,20009446,20009431
3346,20009552,20009537,20009522,20009507,20009492,20009477,20009462,20009447
3347,20009568,20009553,20009538,20009523,20009508,20009493,20009478,20009463
3348,20009584,20009569,20009554,20009539,20009524,20009509,20009494,20009479
3349,20009600,20009585,20009570,20009555,20009540,20009525,20009510,20009495
3350,20009616,20009601,20009586,20009571,20009556,20009541,20009526,20009511
3351,20009632,20009617,20009602,20009587,20009572,20009557,20009542,20009527
3352,20009648,20009633,20009618,20009603,20009588,20009573,20009558,20009543
3353,20009664,20009649,20009634,20009619,20009604,20009589,20009574,20009559
3354,20009680,20009665,20009650,20009635,20009620,20009605,20009590,20009575
3355,20009696,20009681,20009666,20009651,20009636,20009621,20009606,20009591
3356,20009712,20009697,20009682,20009667,20009652,20009637,20009622,20009607
3357,20009728,20009713,20009698,20009683,20009668,20009653,20009638,20009623
3358,20009744,20009729,20009714,20009699,20009684,20009669,20009654,20009639
3359,20009760,20009745,20009730,20009715,20009700,20009685,20009670,20009655
3360,20009776,20009761,20009746,20009731,20009716,20009701,20009686,20009671
3361,20009792,20009777,20009762,20009747,20009732,20009717,20009702,20009687
3362,20009808,20009793,20009778,20009763,20009748,20009733,20009718,20009703
3363,20009824,20009809,20009794,20009779,20009764,20009749,20009734,20009719
3364,20009840,20009825,20009810,20009795,20009780,20009765,20009750,20009735
3365,20009856,20009841,20009826,20009811,20009796,20009781,20009766,20009751
3366,20009872,20009857,20009842,20009827,20009812,20009797,20009782,20009767
3367,20009888,20009873,20009858,20009843,20009828,20009813,20009798,20009783
3368,20009904,20009889,20009874,20009859,20009844,20009829,20009814,20009799
3369,20009920,20009905,20009890,20009875,20009860,20009845,20009830,20009815
3370,20009936,20009921,20009906,20009891,20009876,20009861,20009846,20009831
3371,20009952,20009937,20009922,20009907,20009892,20009877,20009862,20009847
3372,20009968,20009953,20009938,20009923,20009908,20009893,20009878,20009863
3373,20009984,20009969,20009954,20009939,20009924,20009909,20009894,20009879
3374,20010000,20009985,20009970,20009955,20009940,20009925,20009910,20009895
3375,20010016,20010001,20009986,20009971,20009956,20009941,20009926,20009911
3376,20010032,20010017,20010002,20009987,20009972,20009957,20009942,20009927
3377,20010048,20010033,20010018,20010003,20009988,20009973,20009958,20009943
3378,20010064,20010049,20010034,20010019,20010004,20009989,20009974,20009959
3379,20010080,20010065,20010050,20010035,20010020,20010005,20009990,20009975
3380,20010096,20010081,20010066,20010051,20010036,20010021,20010006,20009991
3381,20010112,20010097,20010082,20010067,20010052,20010037,20010022,20010007
3382,20010128,20010113,20010098,20010083,20010068,20010053,20010038,20010023
3383,20010144,20010129,20010114,20010099,20010084,20010069,20010054,20010039
3384,20010160,20010145,20010130,20010115,20010100,20010085,20010070,20010055
3385,20010176,20010161,20010146,20010131,20010116,20010101,20010086,20010071
3386,20010192,20010177,20010162,20010147,20010132,20010117,20010102,20010087
3387,20010208,20010193,20010178,20010163,20010148,20010133,20010118,20010103
3388,20010224,20010209,20010194,20010179,20010164,20010149,20010134,20010119
3389,20010240,20010225,20010210,20010195,20010180,20010165,20010150,20010135
3390,20010256,20010241,20010226,20010211,20010196,20010181,20010166,20010151
3391,20010272,20010257,20010242,20010227,20010212,20010197,20010182,20010167
3392,20010288,20010273,20010258,20010243,20010228,20010213,20010198,20010183
3393,20010304,20010289,20010274,20010259,20010244,20010229,20010214,20010199
3394,20010320,20010305,20010290,20010275,20010260,20010245,20010230,20010215
3395,20010336,20010321,20010306,20010291,20010276,20010261,20010246,20010231
3396,20010352,20010337,20010322,20010307,20010292,20010277,20010262,20010247
3397,20010368,20010353,20010338,20010323,20010308,20010293,20010278,20010263
3398,20010384,20010369,20010354,20010339,20010324,20010309,20010294,20010279
3399,20010400,20010385,20010370,20010355,20010340,20010325,20010310,20010295
3400,20010416,20010401,20010386,20010371,20010356,20010341,20010326,20010311
3401,20010432,20010417,20010402,20010387,20010372,20010357,20010342,20010327
3402,20010448,20010433,20010418,20010403,20010388,20010373,20010358,20010343
3403,20010464,20010449,20010434,20010419,20010404,20010389,20010374,20010359
3404,20010480,20010465,20010450,20010435,20010420,20010405,20010390,20010375
3405,20010496,20010481,20010466,20010451,20010436,20010421,20010406,20010391
3406,20010512,20010497,20010482,20010467,20010452,20010437,20010422,20010407
3407,20010528,20010513,20010498,20010483,20010468,20010453,20010438,20010423
3408,20010544,20010529,20010514,20010499,20010484,20010469,20010454,20010439
3409,20010560,20010545,20010530,20010515,20010500,20010485,20010470,20010455
3410,20010576,20010561,20010546,20010531,20010516,20010501,20010486,20010471
3411,20010592,20010577,20010562,20010547,20010532,20010517,20010502,20010487
3412,20010608,20010593,20010578,20010563,20010548,20010533,20010518,20010503
3413,20010624,20010609,20010594,20010579,20010564,20010549,20010534,20010519
3414,20010640,20010625,20010610,20010595,20010580,20010565,20010550,20010535
3415,20010656,20010641,20010626,20010611,20010596,20010581,20010566,20010551
3416,20010672,20010657,20010642,20010627,20010612,20010597,20010582,20010567
3417,20010688,20010673,20010658,20010643,20010628,20010613,20010598,20010583
3418,20010704,20010689,20010674,20010659,20010644,20010629,20010614,20010599
3419,20010720,20010705,20010690,20010675,20010660,20010645,20010630,20010615
3420,20010736,20010721,20010706,20010691,20010676,20010661,20010646,20010631
3421,20010752,20010737,20010722,20010707,20010692,20010677,20010662,20010647
3422,20010768,20010753,20010738,20010723,20010708,20010693,20010678,20010663
3423,20010784,20010769,20010754,20010739,20010724,20010709,20010694,20010679
3424,20010800,20010785,20010770,20010755,20010740,20010725,20010710,20010695
3425,20010816,20010801,20010786,20010771,20010756,20010741,20010726,20010711
3426,20010832,20010817,20010802,20010787,20010772,20010757,20010742,20010727
3427,20010848,20010833,20010818,20010803,20010788,20010773,20010758,20010743
3428,20010864,20010849,20010834,20010819,20010804,20010789,20010774,20010759
3429,20010880,20010865,20010850,20010835,20010820,20010805,20010790,20010775
3430,20010896,20010881,20010866,20010851,20010836,20010821,20010806,20010791
3431,20010912,20010897,20010882,20010867,20010852,20010837,20010822,20010807
3432,20010928,20010913,20010898,20010883,20010868,20010853,20010838,20010823
3433,20010944,20010929,20010914,20010899,20010884,20010869,20010854,20010839
3434,20010960,20010945,20010930,20010915,20010900,20010885,20010870,20010855
3435,20010976,20010961,20010946,20010931,20010916,20010901,20010886,20010871
3436,20010992,20010977,20010962,20010947,20010932,20010917,20010902,20010887
3437,20011008,20010993,20010978,20010963,20010948,20010933,20010918,20010903
3438,20011024,20011009,20010994,20010979,20010964,20010949,20010934,20010919
3439,20011040,20011025,20011010,20010995,20010980,20010965,20010950,20010935
3440,20011056,20011041,20011026,20011011,20010996,20010981,20010966,20010951
3441,20011072,20011057,20011042,20011027,20011012,20010997,20010982,20010967
3442,20011088,20011073,20011058,20011043,20011028,20011013,20010998,20010983
3443,20011104,20011089,20011074,20011059,20011044,20011029,20011014,20010999
3444,20011120,20011105,20011090,20011075,20011060,20011045,20011030,20011015
3445,20011136,20011121,20011106,20011091,20011076,20011061,20011046,20011031
3446,20011152,20011137,20011122,20011107,20011092,20011077,20011062,20011047
3447,20011168,20011153,20011138,20011123,20011108,20011093,20011078,20011063
3448,20011184,20011169,20011154,20011139,20011124,20011109,20011094,20011079
3449,20011200,20011185,20011170,20011155,20011140,20011125,20011110,20011095
3450,20011216,20011201,20011186,20011171,20011156,20011141,20011126,20011111
3451,20011232,20011217,20011202,20011187,20011172,20011157,20011142,20011127
3452,20011248,20011233,20011218,20011203,20011188,20011173,20011158,20011143
3453,20011264,20011249,20011234,20011219,20011204,20011189,20011174,20011159
3454,20011280,20011265,20011250,20011235,20011220,20011205,20011190,20011175
3455,20011296,20011281,20011266,20011251,20011236,20011221,20011206,20011191
3456,20011312,20011297,20011282,20011267,20011252,20011237,20011222,20011207
3457,20011328,20011313,20011298,20011283,20011268,20011253,20011238,20011223
3458,20011344,20011329,20011314,20011299,20011284,20011269,20011254,20011239
3459,20011360,20011345,20011330,20011315,20011300,20011285,20011270,20011255
3460,20011376,20011361,20011346,20011331,20011316,20011301,20011286,20011271
3461,20011392,20011377,20011362,20011347,20011332,20011317,20011302,20011287
3462,20011408,20011393,20011378,20011363,20011348,20011333,20011318,20011303
3463,20011424,20011409,20011394,20011379,20011364,20011349,20011334,20011319
3464,20011440,20011425,20011410,20011395,20011380,20011365,20011350,20011335
3465,20011456,20011441,20011426,20011411,20011396,20011381,20011366,20011351
3466,20011472,20011457,20011442,20011427,20011412,20011397,20011382,20011367
3467,20011488,20011473,20011458,20011443,20011428,20011413,20011398,20011383
3468,20011504,20011489,20011474,20011459,20011444,20011429,20011414,20011399
3469,20011520,20011505,20011490,20011475,20011460,20011445,20011430,20011415
3470,20011536,20011521,20011506,20011491,20011476,20011461,20011446,20011431
3471,20011552,20011537,20011522,20011507,20011492,20011477,20011462,20011447
3472,20011568,20011553,20011538,20011523,20011508,20011493,20011478,20011463
3473,20011584,20011569,20011554,20011539,20011524,20011509,20011494,20011479
3474,20011600,20011585,20011570,20011555,20011540,20011525,20011510,20011495
3475,20011616,20011601,20011586,20011571,20011556,20011541,20011526,20011511
3476,20011632,20011617,20011602,20011587,20011572,20011557,20011542,20011527
3477,20011648,20011633,20011618,20011603,20011588,20011573,20011558,20011543
3478,20011664,20011649,20011634,20011619,20011604,20011589,20011574,20011559
3479,20011680,20011665,20011650,20011635,20011620,20011605,20011590,20011575
3480,20011696,20011681,20011666,20011651,20011636,20011621,20011606,20011591
3481,20011712,20011697,20011682,20011667,20011652,20011637,20011622,20011607
3482,20011728,20011713,20011698,20011683,20011668,20011653,20011638,20011623
3483,20011744,20011729,20011714,20011699,20011684,20011669,20011654,20011639
3484,20011760,20011745,20011730,20011715,20011700,20011685,20011670,20011655
3485,20011776,20011761,20011746,20011731,20011716,20011701,20011686,20011671
3486,20011792,20011777,20011762,20011747,20011732,20011717,20011702,20011687
3487,20011808,20011793,20011778,20011763,20011748,20011733,20011718,20011703
3488,20011824,20011809,20011794,20011779,20011764,20011749,20011734,20011719
3489,20011840,20011825,20011810,20011795,20011780,20011765,20011750,20011735
3490,20011856,20011841,20011826,20011811,20011796,20011781,20011766,20011751
3491,20011872,20011857,20011842,20011827,20011812,20011797,20011782,20011767
3492,20011888,20011873,20011858,20011843,20011828,20011813,20011798,20011783
3493,20011904,20011889,20011874,20011859,20011844,20011829,20011814,20011799
3494,20011920,20011905,20011890,20011875,20011860,20011845,20011830,20011815
3495,20011936,20011921,20011906,20011891,20011876,20011861,20011846,20011831
3496,20011952,20011937,20011922,20011907,20011892,20011877,20011862,20011847
3497,20011968,20011953,20011938,20011923,20011908,20011893,20011878,20011863
3498,20011984,20011969,20011954,20011939,20011924,20011909,20011894,20011879
3499,20012000,20011985,20011970,20011955,20011940,20011925,20011910,20011895
3500,20012016,20012001,20011986,20011971,20011956,20011941,20011926,20011911
3501,20012032,20012017,20012002,20011987,20011972,20011957,20011942,20011927
3502,20012048,20012033,20012018,20012003,20011988,20011973,20011958,20011943
3503,20012064,20012049,20012034,20012019,20012004,20011989,20011974,20011959
3504,20012080,20012065,20012050,20012035,20012020,20012005,20011990,20011975
3505,20012096,20012081,20012066,20012051,20012036,20012021,20012006,20011991
3506,20012112,20012097,20012082,20012067,20012052,20012037,20012022,20012007
3507,20012128,20012113,20012098,20012083,20012068,20012053,20012038,20012023
3508,20012144,20012129,20012114,20012099,20012084,20012069,20012054,20012039
3509,20012160,20012145,20012130,20012115,20012100,20012085,20012070,20012055
3510,20012176,20012161,20012146,20012131,20012116,20012101,20012086,20012071
3511,20012192,20012177,20012162,20012147,20012132,20012117,20012102,20012087
3512,20012208,20012193,20012178,20012163,20012148,20012133,20012118,20012103
3513,20012224,20012209,20012194,20012179,20012164,20012149,20012134,20012119
3514,20012240,20012225,20012210,20012195,20012180,20012165,20012150,20012135
3515,20012256,20012241,20012226,20012211,20012196,20012181,20012166,20012151
3516,20012272,20012257,20012242,20012227,20012212,20012197,20012182,20012167
3517,20012288,20012273,20012258,20012243,20012228,20012213,20012198,20012183
3518,20012304,20012289,20012274,20012259,20012244,20012229,20012214,20012199
3519,20012320,20012305,20012290,20012275,20012260,20012245,20012230,20012215
3520,20012336,20012321,20012306,20012291,20012276,20012261,20012246,20012231
3521,20012352,20012337,20012322,20012307,20012292,20012277,20012262,20012247
3522,20012368,20012353,20012338,20012323,20012308,20012293,20012278,20012263
3523,20012384,20012369,20012354,20012339,20012324,20012309,20012294,20012279
3524,20012400,20012385,20012370,20012355,20012340,20012325,20012310,20012295
3525,20012416,20012401,20012386,20012371,20012356,20012341,20012326,20012311
3526,20012432,20012417,20012402,20012387,20012372,20012357,20012342,20012327
3527,20012448,20012433,20012418,20012403,20012388,20012373,20012358,20012343
3528,20012464,20012449,20012434,20012419,20012404,20012389,20012374,20012359
3529,20012480,20012465,20012450,20012435,20012420,20012405,20012390,20012375
3530,20012496,20012481,20012466,20012451,20012436,20012421,20012406,20012391
3531,20012512,20012497,20012482,20012467,20012452,20012437,20012422,20012407
3532,20012528,20012513,20012498,20012483,20012468,20012453,20012438,20012423
3533,20012544,20012529,20012514,20012499,20012484,20012469,20012454,20012439
3534,20012560,20012545,20012530,20012515,20012500,20012485,20012470,20012455
3535,20012576,20012561,20012546,20012531,20012516,20012501,20012486,20012471
3536,20012592,20012577,20012562,20012547,20012532,20012517,20012502,20012487
3537,20012608,20012593,20012578,20012563,20012548,20012533,20012518,20012503
3538,20012624,20012609,20012594,20012579,20012564,20012549,20012534,20012519
3539,20012640,20012625,20012610,20012595,20012580,20012565,20012550,20012535
3540,20012656,20012641,20012626,20012611,20012596,20012581,20012566,20012551
3541,20012672,20012657,20012642,20012627,20012612,20012597,20012582,20012567
3542,20012688,20012673,20012658,20012643,20012628,20012613,20012598,20012583
3543,20012704,20012689,20012674,20012659,20012644,20012629,20012614,20012599
3544,20012720,20012705,20012690,20012675,20012660,20012645,20012630,20012615
3545,20012736,20012721,20012706,20012691,20012676,20012661,20012646,20012631
3546,20012752,20012737,20012722,20012707,20012692,20012677,20012662,20012647
3547,20012768,20012753,20012738,20012723,20012708,20012693,20012678,20012663
3548,20012784,20012769,20012754,20012739,20012724,20012709,20012694,20012679
3549,20012800,20012785,20012770,20012755,20012740,20012725,20012710,20012695
3550,20012816,20012801,20012786,20012771,20012756,20012741,20012726,20012711
3551,20012832,20012817,20012802,20012787,20012772,20012757,20012742,20012727
3552,20012848,20012833,20012818,20012803,20012788,20012773,20012758,20012743
3553,20012864,20012849,20012834,20012819,20012804,20012789,20012774,20012759
3554,20012880,20012865,20012850,20012835,20012820,20012805,20012790,20012775
3555,20012896,20012881,20012866,20012851,20012836,20012821,20012806,20012791
3556,20012912,20012897,20012882,20012867,20012852,20012837,20012822,20012807
3557,20012928,20012913,20012898,20012883,20012868,20012853,20012838,20012823
3558,20012944,20012929,20012914,20012899,20012884,20012869,20012854,20012839
3559,20012960,20012945,20012930,20012915,20012900,20012885,20012870,20012855
3560,20012976,20012961,20012946,20012931,20012916,20012901,20012886,20012871
3561,20012992,20012977,20012962,20012947,20012932,20012917,20012902,20012887
3562,20013008,20012993,20012978,20012963,20012948,20012933,20012918,20012903
3563,20013024,20013009,20012994,20012979,20012964,20012949,20012934,20012919
3564,20013040,20013025,20013010,20012995,20012980,20012965,20012950,20012935
3565,20013056,20013041,20013026,20013011,20012996,20012981,20012966,20012951
3566,20013072,20013057,20013042,20013027,20013012,20012997,20012982,20012967
3567,20013088,20013073,20013058,20013043,20013028,20013013,20012998,20012983
3568,20013104,20013089,20013074,20013059,20013044,20013029,20013014,20012999
3569,20013120,20013105,20013090,20013075,20013060,20013045,20013030,20013015
3570,20013136,20013121,20013106,20013091,20013076,20013061,20013046,20013031
3571,20013152,20013137,20013122,20013107,20013092,20013077,20013062,20013047
3572,20013168,20013153,20013138,20013123,20013108,20013093,20013078,20013063
3573,20013184,20013169,20013154,20013139,20013124,20013109,20013094,20013079
3574,20013200,20013185,20013170,20013155,20013140,20013125,20013110,20013095
3575,20013216,20013201,20013186,20013171,20013156,20013141,20013126,20013111
3576,20013232,20013217,20013202,20013187,20013172,20013157,20013142,20013127
3577,20013248,20013233,20013218,20013203,20013188,20013173,20013158,20013143
3578,20013264,20013249,20013234,20013219,20013204,20013189,20013174,20013159
3579,20013280,20013265,20013250,20013235,20013220,20013205,20013190,20013175
3580,20013296,20013281,20013266,20013251,20013236,20013221,20013206,20013191
3581,20013312,20013297,20013282,20013267,20013252,20013237,20013222,20013207
3582,20013328,20013313,20013298,20013283,20013268,20013253,20013238,20013223
3583,20013344,20013329,20013314,20013299,20013284,20013269,20013254,20013239
3584,20013360,20013345,20013330,20013315,20013300,20013285,20013270,20013255
3585,20013376,20013361,20013346,20013331,20013316,20013301,20013286,20013271
3586,20013392,20013377,20013362,20013347,20013332,20013317,20013302,20013287
3587,20013408,20013393,20013378,20013363,20013348,20013333,20013318,20013303
3588,20013424,20013409,20013394,20013379,20013364,20013349,20013334,20013319
3589,20013440,20013425,20013410,20013395,20013380,20013365,20013350,20013335
3590,20013456,20013441,20013426,20013411,20013396,20013381,20013366,20013351
3591,20013472,20013457,20013442,20013427,20013412,20013397,20013382,20013367
3592,20013488,20013473,20013458,20013443,20013428,20013413,20013398,20013383
3593,20013504,20013489,20013474,20013459,20013444,20013429,20013414,20013399
3594,20013520,20013505,20013490,20013475,20013460,20013445,20013430,20013415
3595,20013536,20013521,20013506,20013491,20013476,20013461,20013446,20013431
3596,20013552,20013537,20013522,20013507,20013492,20013477,20013462,20013447
3597,20013568,20013553,20013538,20013523,20013508,20013493,20013478,20013463
3598,20013584,20013569,20013554,20013539,20013524,20013509,20013494,20013479
3599,20013600,20013585,20013570,20013555,20013540,20013525,20013510,20013495
3600,20013616,20013601,20013586,20013571,20013556,20013541,20013526,20013511
3601,20013632,20013617,20013602,20013587,20013572,20013557,20013542,20013527
3602,20013648,20013633,20013618,20013603,20013588,20013573,20013558,20013543
3603,20013664,20013649,20013634,20013619,20013604,20013589,20013574,20013559
3604,20013680,20013665,20013650,20013635,20013620,20013605,20013590,20013575
3605,20013696,20013681,20013666,20013651,20013636,20013621,20013606,20013591
3606,20013712,20013697,20013682,20013667,20013652,20013637,20013622,20013607
3607,20013728,20013713,20013698,20013683,20013668,20013653,20013638,20013623
3608,20013744,20013729,20013714,20013699,20013684,20013669,20013654,20013639
3609,20013760,20013745,20013730,20013715,20013700,20013685,20013670,20013655
3610,20013776,20013761,20013746,20013731,20013716,20013701,20013686,20013671
3611,20013792,20013777,20013762,20013747,20013732,20013717,20013702,20013687
3612,20013808,20013793,20013778,20013763,20013748,20013733,20013718,20013703
3613,20013824,20013809,20013794,20013779,20013764,20013749,20013734,20013719
3614,20013840,20013825,20013810,20013795,20013780,20013765,20013750,20013735
3615,20013856,20013841,20013826,20013811,20013796,20013781,20013766,20013751
3616,20013872,20013857,20013842,20013827,20013812,20013797,20013782,20013767
3617,20013888,20013873,20013858,20013843,20013828,20013813,20013798,20013783
3618,20013904,20013889,20013874,20013859,20013844,20013829,20013814,20013799
3619,20013920,20013905,20013890,20013875,20013860,20013845,20013830,20013815
3620,20013936,20013921,20013906,20013891,20013876,20013861,20013846,20013831
3621,20013952,20013937,20013922,20013907,20013892,20013877,20013862,20013847
3622,20013968,20013953,20013938,20013923,20013908,20013893,20013878,20013863
3623,20013984,20013969,20013954,20013939,20013924,20013909,20013894,20013879
3624,20014000,20013985,20013970,20013955,20013940,20013925,20013910,20013895
3625,20014016,20014001,20013986,20013971,20013956,20013941,20013926,20013911
3626,20014032,20014017,20014002,20013987,20013972,20013957,20013942,20013927
3627,20014048,20014033,20014018,20014003,20013988,20013973,20013958,20013943
3628,20014064,20014049,20014034,20014019,20014004,20013989,20013974,20013959
3629,20014080,20014065,20014050,20014035,20014020,20014005,20013990,20013975
3630,20014096,20014081,20014066,20014051,20014036,20014021,20014006,20013991
3631,20014112,20014097,20014082,20014067,20014052,20014037,20014022,20014007
3632,20014128,20014113,20014098,20014083,20014068,20014053,20014038,20014023
3633,20014144,20014129,20014114,20014099,20014084,20014069,20014054,20014039
3634,20014160,20014145,20014130,20014115,20014100,20014085,20014070,20014055
3635,20014176,20014161,20014146,20014131,20014116,20014101,20014086,20014071
3636,20014192,20014177,20014162,20014147,20014132,20014117,20014102,20014087
3637,20014208,20014193,20014178,20014163,20014148,20014133,20014118,20014103
3638,20014224,20014209,20014194,20014179,20014164,20014149,20014134,20014119
3639,20014240,20014225,20014210,20014195,20014180,20014165,20014150,20014135
3640,20014256,20014241,20014226,20014211,20014196,20014181,20014166,20014151
3641,20014272,20014257,20014242,20014227,20014212,20014197,20014182,20014167
3642,20014288,20014273,20014258,20014243,20014228,20014213,20014198,20014183
3643,20014304,20014289,20014274,20014259,20014244,20014229,20014214,20014199
3644,20014320,20014305,20014290,20014275,20014260,20014245,20014230,20014215
3645,20014336,20014321,20014306,20014291,20014276,20014261,20014246,20014231
3646,20014352,20014337,20014322,20014307,20014292,20014277,20014262,20014247
3647,20014368,20014353,20014338,20014323,20014308,20014293,20014278,20014263
3648,20014384,20014369,20014354,20014339,20014324,20014309,20014294,20014279
3649,-1,20014385,20014370,20014355,20014340,20014325,20014310,20014295
3650,-1,-1,20014386,20014371,20014356,20014341,20014326,20014311
3651,-1,-1,-1,20014387,20014372,20014357,20014342,20014327
3652,-1,-1,-1,-1,20014388,20014373,20014358,20014343
3653,-1,-1,-1,-1,-1,20014389,20014374,20014359
3654,-1,-1,-1,-1,-1,-1,20014390,20014375
3655,-1,-1,-1,-1,-1,-1,-1,20014391
3656,-1,-1,-1,-1,-1,-1,-1,-1
3657,-1,-1,-1,-1,-1,-1,-1,-1
3658,-1,-1,-1,-1,-1,-1,-1,-1
3659,-1,-1,-1,-1,-1,-1,-1,-1
3660,-1,-1,-1,-1,-1,-1,-1,-1
3661,-1,-1,-1,-1,-1,-1,-1,-1
3662,-1,-1,-1,-1,-1,-1,-1,-1
3663,20000000,-1,-1,-1,-1,-1,-1,-1
3664,20000016,20000001,-1,-1,-1,-1,-1,-1
3665,20000032,20000017,20000002,-1,-1,-1,-1,-1
3666,20000048,20000033,20000018,20000003,-1,-1,-1,-1
3667,20000064,20000049,20000034,20000019,20000004,-1,-1,-1
3668,20000080,20000065,20000050,20000035,20000020,20000005,-1,-1
3669,20000096,20000081,20000066,20000051,20000036,20000021,20000006,-1
3670,20000112,20000097,20000082,20000067,20000052,20000037,20000022,20000007
3671,20000128,20000113,20000098,20000083,20000068,20000053,20000038,20000023
3672,20000144,20000129,20000114,20000099,20000084,20000069,20000054,20000039
3673,20000160,20000145,20000130,20000115,20000100,20000085,20000070,20000055
3674,20000176,20000161,20000146,20000131,20000116,20000101,20000086,20000071
3675,20000192,20000177,20000162,20000147,20000132,20000117,20000102,20000087
3676,20000208,20000193,20000178,20000163,20000148,20000133,20000118,20000103
3677,20000224,20000209,20000194,20000179,20000164,20000149,20000134,20000119
3678,20000240,20000225,20000210,20000195,20000180,20000165,20000150,20000135
3679,20000256,20000241,20000226,20000211,20000196,20000181,20000166,20000151
3680,20000272,20000257,20000242,20000227,20000212,20000197,20000182,20000167
3681,20000288,20000273,20000258,20000243,20000228,20000213,20000198,20000183
3682,20000304,20000289,20000274,20000259,20000244,20000229,20000214,20000199
3683,20000320,20000305,20000290,20000275,20000260,20000245,20000230,20000215
3684,20000336,20000321,20000306,20000291,20000276,20000261,20000246,20000231
3685,20000352,20000337,20000322,20000307,20000292,20000277,20000262,20000247
3686,20000368,20000353,20000338,20000323,20000308,20000293,20000278,20000263
3687,20000384,20000369,20000354,20000339,20000324,20000309,20000294,20000279
3688,20000400,20000385,20000370,20000355,20000340,20000325,20000310,20000295
3689,20000416,20000401,20000386,20000371,20000356,20000341,20000326,20000311
3690,20000432,20000417,20000402,20000387,20000372,20000357,20000342,20000327
3691,20000448,20000433,20000418,20000403,20000388,20000373,20000358,20000343
3692,20000464,20000449,20000434,20000419,20000404,20000389,20000374,20000359
3693,20000480,20000465,20000450,20000435,20000420,20000405,20000390,20000375
3694,20000496,20000481,20000466,20000451,20000436,20000421,20000406,20000391
3695,20000512,20000497,20000482,20000467,20000452,20000437,20000422,20000407
3696,20000528,20000513,20000498,20000483,20000468,20000453,20000438,20000423
3697,20000544,20000529,20000514,20000499,20000484,20000469,20000454,20000439
3698,20000560,20000545,20000530,20000515,20000500,20000485,20000470,20000455
3699,20000576,20000561,20000546,20000531,20000516,20000501,20000486,20000471
3700,20000592,20000577,20000562,20000547,20000532,20000517,20000502,20000487
3701,20000608,20000593,20000578,20000563,20000548,20000533,20000518,20000503
3702,20000624,20000609,20000594,20000579,20000564,20000549,20000534,20000519
3703,20000640,20000625,20000610,20000595,20000580,20000565,20000550,20000535
3704,20000656,20000641,20000626,20000611,20000596,20000581,20000566,20000551
3705,20000672,20000657,20000642,20000627,20000612,20000597,20000582,20000567
3706,20000688,20000673,20000658,20000643,20000628,20000613,20000598,20000583
3707,20000704,20000689,20000674,20000659,20000644,20000629,20000614,20000599
3708,20000720,20000705,20000690,20000675,20000660,20000645,20000630,20000615
3709,20000736,20000721,20000706,20000691,20000676,20000661,20000646,20000631
3710,20000752,20000737,20000722,20000707,20000692,20000677,20000662,20000647
3711,20000768,20000753,20000738,20000723,20000708,20000693,20000678,20000663
3712,20000784,20000769,20000754,20000739,20000724,20000709,20000694,20000679
3713,20000800,20000785,20000770,20000755,20000740,20000725,20000710,20000695
3714,20000816,20000801,20000786,20000771,20000756,20000741,20000726,20000711
3715,20000832,20000817,20000802,20000787,20000772,20000757,20000742,20000727
3716,20000848,20000833,20000818,20000803,20000788,20000773,20000758,20000743
3717,20000864,20000849,20000834,20000819,20000804,20000789,20000774,20000759
3718,20000880,20000865,20000850,20000835,20000820,20000805,20000790,20000775
3719,20000896,20000881,20000866,20000851,20000836,20000821,20000806,20000791
3720,20000912,20000897,20000882,20000867,20000852,20000837,20000822,20000807
3721,20000928,20000913,20000898,20000883,20000868,20000853,20000838,20000823
3722,20000944,20000929,20000914,20000899,20000884,20000869,20000854,20000839
3723,20000960,20000945,20000930,20000915,20000900,20000885,20000870,20000855
3724,20000976,20000961,20000946,20000931,20000916,20000901,20000886,20000871
3725,20000992,20000977,20000962,20000947,20000932,20000917,20000902,20000887
3726,20001008,20000993,20000978,20000963,20000948,20000933,20000918,20000903
3727,20001024,20001009,20000994,20000979,20000964,20000949,20000934,20000919
3728,20001040,20001025,20001010,20000995,20000980,20000965,20000950,20000935
3729,20001056,20001041,20001026,20001011,20000996,20000981,20000966,20000951
3730,20001072,20001057,20001042,20001027,20001012,20000997,20000982,20000967
3731,20001088,20001073,20001058,20001043,20001028,20001013,20000998,20000983
3732,20001104,20001089,20001074,20001059,20001044,20001029,20001014,20000999
3733,20001120,20001105,20001090,20001075,20001060,20001045,20001030,20001015
3734,20001136,20001121,20001106,20001091,20001076,20001061,20001046,20001031
3735,20001152,20001137,20001122,20001107,20001092,20001077,20001062,20001047
3736,20001168,20001153,20001138,20001123,20001108,20001093,20001078,20001063
3737,20001184,20001169,20001154,20001139,20001124,20001109,20001094,20001079
3738,20001200,20001185,20001170,20001155,20001140,20001125,20001110,20001095
3739,20001216,20001201,20001186,20001171,20001156,20001141,20001126,20001111
3740,20001232,20001217,20001202,20001187,20001172,20001157,20001142,20001127
3741,20001248,20001233,20001218,20001203,20001188,20001173,20001158,20001143
3742,20001264,20001249,20001234,20001219,20001204,20001189,20001174,20001159
3743,20001280,20001265,20001250,20001235,20001220,20001205,20001190,20001175
3744,20001296,20001281,20001266,20001251,20001236,20001221,20001206,20001191
3745,20001312,20001297,20001282,20001267,20001252,20001237,20001222,20001207
3746,20001328,20001313,20001298,20001283,20001268,20001253,20001238,20001223
3747,20001344,20001329,20001314,20001299,20001284,20001269,20001254,20001239
3748,20001360,20001345,20001330,20001315,20001300,20001285,20001270,20001255
3749,20001376,20001361,20001346,20001331,20001316,20001301,20001286,20001271
3750,20001392,20001377,20001362,20001347,20001332,20001317,20001302,20001287
3751,20001408,20001393,20001378,20001363,20001348,20001333,20001318,20001303
3752,20001424,20001409,20001394,20001379,20001364,20001349,20001334,20001319
3753,20001440,20001425,20001410,20001395,20001380,20001365,20001350,20001335
3754,20001456,20001441,20001426,20001411,20001396,20001381,20001366,20001351
3755,20001472,20001457,20001442,20001427,20001412,20001397,20001382,20001367
3756,20001488,20001473,20001458,20001443,20001428,20001413,20001398,20001383
3757,20001504,20001489,20001474,20001459,20001444,20001429,20001414,20001399
3758,20001520,20001505,20001490,20001475,20001460,20001445,20001430,20001415
3759,20001536,20001521,20001506,20001491,20001476,20001461,20001446,20001431
3760,20001552,20001537,20001522,20001507,20001492,20001477,20001462,20001447
3761,20001568,20001553,20001538,20001523,20001508,20001493,20001478,20001463
3762,20001584,20001569,20001554,20001539,20001524,20001509,20001494,20001479
3763,20001600,20001585,20001570,20001555,20001540,20001525,20001510,20001495
3764,20001616,20001601,20001586,20001571,20001556,20001541,20001526,20001511
3765,20001632,20001617,20001602,20001587,20001572,20001557,20001542,20001527
3766,20001648,20001633,20001618,20001603,20001588,20001573,20001558,20001543
3767,20001664,20001649,20001634,20001619,20001604,20001589,20001574,20001559
3768,20001680,20001665,20001650,20001635,20001620,20001605,20001590,20001575
3769,20001696,20001681,20001666,20001651,20001636,20001621,20001606,20001591
3770,20001712,20001697,20001682,20001667,20001652,20001637,20001622,20001607
3771,20001728,20001713,20001698,20001683,20001668,20001653,20001638,20001623
3772,20001744,20001729,20001714,20001699,20001684,20001669,20001654,20001639
3773,20001760,20001745,20001730,20001715,20001700,20001685,20001670,20001655
3774,20001776,20001761,20001746,20001731,20001716,20001701,20001686,20001671
3775,20001792,20001777,20001762,20001747,20001732,20001717,20001702,20001687
3776,20001808,20001793,20001778,20001763,20001748,20001733,20001718,20001703
3777,20001824,20001809,20001794,20001779,20001764,20001749,20001734,20001719
3778,20001840,20001825,20001810,20001795,20001780,20001765,20001750,20001735
3779,20001856,20001841,20001826,20001811,20001796,20001781,20001766,20001751
3780,20001872,20001857,20001842,20001827,20001812,20001797,20001782,20001767
3781,20001888,20001873,20001858,20001843,20001828,20001813,20001798,20001783
3782,20001904,20001889,20001874,20001859,20001844,20001829,20001814,20001799
3783,20001920,20001905,20001890,20001875,20001860,20001845,20001830,20001815
3784,20001936,20001921,20001906,20001891,20001876,20001861,20001846,20001831
3785,20001952,20001937,20001922,20001907,20001892,20001877,20001862,20001847
3786,20001968,20001953,20001938,20001923,20001908,20001893,20001878,20001863
3787,20001984,20001969,20001954,20001939,20001924,20001909,20001894,20001879
3788,20002000,20001985,20001970,20001955,20001940,20001925,20001910,20001895
3789,20002016,20002001,20001986,20001971,20001956,20001941,20001926,20001911
3790,20002032,20002017,20002002,20001987,20001972,20001957,20001942,20001927
3791,20002048,20002033,20002018,20002003,20001988,20001973,20001958,20001943
3792,20002064,20002049,20002034,20002019,20002004,20001989,20001974,20001959
3793,20002080,20002065,20002050,20002035,20002020,20002005,20001990,20001975
3794,20002096,20002081,20002066,20002051,20002036,20002021,20002006,20001991
3795,20002112,20002097,20002082,20002067,20002052,20002037,20002022,20002007
3796,20002128,20002113,20002098,20002083,20002068,20002053,20002038,20002023
3797,20002144,20002129,20002114,20002099,20002084,20002069,20002054,20002039
3798,20002160,20002145,20002130,20002115,20002100,20002085,20002070,20002055
3799,20002176,20002161,20002146,20002131,20002116,20002101,20002086,20002071
3800,20002192,20002177,20002162,20002147,20002132,20002117,20002102,20002087
3801,20002208,20002193,20002178,20002163,20002148,20002133,20002118,20002103
3802,20002224,20002209,20002194,20002179,20002164,20002149,20002134,20002119
3803,20002240,20002225,20002210,20002195,20002180,20002165,20002150,20002135
3804,20002256,20002241,20002226,20002211,20002196,20002181,20002166,20002151
3805,20002272,20002257,20002242,20002227,20002212,20002197,20002182,20002167
3806,20002288,20002273,20002258,20002243,20002228,20002213,20002198,20002183
3807,20002304,20002289,20002274,20002259,20002244,20002229,20002214,20002199
3808,20002320,20002305,20002290,20002275,20002260,20002245,20002230,20002215
3809,20002336,20002321,20002306,20002291,20002276,20002261,20002246,20002231
3810,20002352,20002337,20002322,20002307,20002292,20002277,20002262,20002247
3811,20002368,20002353,20002338,20002323,20002308,20002293,20002278,20002263
3812,20002384,20002369,20002354,20002339,20002324,20002309,20002294,20002279
3813,20002400,20002385,20002370,20002355,20002340,20002325,20002310,20002295
3814,20002416,20002401,20002386,20002371,20002356,20002341,20002326,20002311
3815,20002432,20002417,20002402,20002387,20002372,20002357,20002342,20002327
3816,20002448,20002433,20002418,20002403,20002388,20002373,20002358,20002343
3817,20002464,20002449,20002434,20002419,20002404,20002389,20002374,20002359
3818,20002480,20002465,20002450,20002435,20002420,20002405,20002390,20002375
3819,20002496,20002481,20002466,20002451,20002436,20002421,20002406,20002391
3820,20002512,20002497,20002482,20002467,20002452,20002437,20002422,20002407
3821,20002528,20002513,20002498,20002483,20002468,20002453,20002438,20002423
3822,20002544,20002529,20002514,20002499,20002484,20002469,20002454,20002439
3823,20002560,20002545,20002530,20002515,20002500,20002485,20002470,20002455
3824,20002576,20002561,20002546,20002531,20002516,20002501,20002486,20002471
3825,20002592,20002577,20002562,20002547,20002532,20002517,20002502,20002487
3826,20002608,20002593,20002578,20002563,20002548,20002533,20002518,20002503
3827,20002624,20002609,20002594,20002579,20002564,20002549,20002534,20002519
3828,20002640,20002625,20002610,20002595,20002580,20002565,20002550,20002535
3829,20002656,20002641,20002626,20002611,20002596,20002581,20002566,20002551
3830,20002672,20002657,20002642,20002627,20002612,20002597,20002582,20002567
3831,20002688,20002673,20002658,20002643,20002628,20002613,20002598,20002583
3832,20002704,20002689,20002674,20002659,20002644,20002629,20002614,20002599
3833,20002720,20002705,20002690,20002675,20002660,20002645,20002630,20002615
3834,20002736,20002721,20002706,20002691,20002676,20002661,20002646,20002631
3835,20002752,20002737,20002722,20002707,20002692,20002677,20002662,20002647
3836,20002768,20002753,20002738,20002723,20002708,20002693,20002678,20002663
3837,20002784,20002769,20002754,20002739,20002724,20002709,20002694,20002679
3838,20002800,20002785,20002770,20002755,20002740,20002725,20002710,20002695
3839,20002816,20002801,20002786,20002771,20002756,20002741,20002726,20002711
3840,20002832,20002817,20002802,20002787,20002772,20002757,20002742,20002727
3841,20002848,20002833,20002818,20002803,20002788,20002773,20002758,20002743
3842,20002864,20002849,20002834,20002819,20002804,20002789,20002774,20002759
3843,20002880,20002865,20002850,20002835,20002820,20002805,20002790,20002775
3844,20002896,20002881,20002866,20002851,20002836,20002821,20002806,20002791
3845,20002912,20002897,20002882,20002867,20002852,20002837,20002822,20002807
3846,20002928,20002913,20002898,20002883,20002868,20002853,20002838,20002823
3847,20002944,20002929,20002914,20002899,20002884,20002869,20002854,20002839
3848,20002960,20002945,20002930,20002915,20002900,20002885,20002870,20002855
3849,20002976,20002961,20002946,20002931,20002916,20002901,20002886,20002871
3850,20002992,20002977,20002962,20002947,20002932,20002917,20002902,20002887
3851,20003008,20002993,20002978,20002963,20002948,20002933,20002918,20002903
3852,20003024,20003009,20002994,20002979,20002964,20002949,20002934,20002919
3853,20003040,20003025,20003010,20002995,20002980,20002965,20002950,20002935
3854,20003056,20003041,20003026,20003011,20002996,20002981,20002966,20002951
3855,20003072,20003057,20003042,20003027,20003012,20002997,20002982,20002967
3856,20003088,20003073,20003058,20003043,20003028,20003013,20002998,20002983
3857,20003104,20003089,20003074,20003059,20003044,20003029,20003014,20002999
3858,20003120,20003105,20003090,20003075,20003060,20003045,20003030,20003015
3859,20003136,20003121,20003106,20003091,20003076,20003061,20003046,20003031
3860,20003152,20003137,20003122,20003107,20003092,20003077,20003062,20003047
3861,20003168,20003153,20003138,20003123,20003108,20003093,20003078,20003063
3862,20003184,20003169,20003154,20003139,20003124,20003109,20003094,20003079
3863,20003200,20003185,20003170,20003155,20003140,20003125,20003110,20003095
3864,20003216,20003201,20003186,20003171,20003156,20003141,20003126,20003111
3865,20003232,20003217,20003202,20003187,20003172,20003157,20003142,20003127
3866,20003248,20003233,20003218,20003203,20003188,20003173,20003158,20003143
3867,20003264,20003249,20003234,20003219,20003204,20003189,20003174,20003159
3868,20003280,20003265,20003250,20003235,20003220,20003205,20003190,20003175
3869,20003296,20003281,20003266,20003251,20003236,20003221,20003206,20003191
3870,20003312,20003297,20003282,20003267,20003252,20003237,20003222,20003207
3871,20003328,20003313,20003298,20003283,20003268,20003253,20003238,20003223
3872,20003344,20003329,20003314,20003299,20003284,20003269,20003254,20003239
3873,20003360,20003345,20003330,20003315,20003300,20003285,20003270,20003255
3874,20003376,20003361,20003346,20003331,20003316,20003301,20003286,20003271
3875,20003392,20003377,20003362,20003347,20003332,20003317,20003302,20003287
3876,20003408,20003393,20003378,20003363,20003348,20003333,20003318,20003303
3877,20003424,20003409,20003394,20003379,20003364,20003349,20003334,20003319
3878,20003440,20003425,20003410,20003395,20003380,20003365,20003350,20003335
3879,20003456,20003441,20003426,20003411,20003396,20003381,20003366,20003351
3880,20003472,20003457,20003442,20003427,20003412,20003397,20003382,20003367
3881,20003488,20003473,20003458,20003443,20003428,20003413,20003398,20003383
3882,20003504,20003489,20003474,20003459,20003444,20003429,20003414,20003399
3883,20003520,20003505,20003490,20003475,20003460,20003445,20003430,20003415
3884,20003536,20003521,20003506,20003491,20003476,20003461,20003446,20003431
3885,20003552,20003537,20003522,20003507,20003492,20003477,20003462,20003447
3886,20003568,20003553,20003538,20003523,20003508,20003493,20003478,20003463
3887,20003584,20003569,20003554,20003539,20003524,20003509,20003494,20003479
3888,20003600,20003585,20003570,20003555,20003540,20003525,20003510,20003495
3889,20003616,20003601,20003586,20003571,20003556,20003541,20003526,20003511
3890,20003632,20003617,20003602,20003587,20003572,20003557,20003542,20003527
3891,20003648,20003633,20003618,20003603,20003588,20003573,20003558,20003543
3892,20003664,20003649,20003634,20003619,20003604,20003589,20003574,20003559
3893,20003680,20003665,20003650,20003635,20003620,20003605,20003590,20003575
3894,20003696,20003681,20003666,20003651,20003636,20003621,20003606,20003591
3895,20003712,20003697,20003682,20003667,20003652,20003637,20003622,20003607
3896,20003728,20003713,20003698,20003683,20003668,20003653,20003638,20003623
3897,20003744,20003729,20003714,20003699,20003684,20003669,20003654,20003639
3898,20003760,20003745,20003730,20003715,20003700,20003685,20003670,20003655
3899,20003776,20003761,20003746,20003731,20003716,20003701,20003686,20003671
3900,20003792,20003777,20003762,20003747,20003732,20003717,20003702,20003687
3901,20003808,20003793,20003778,20003763,20003748,20003733,20003718,20003703
3902,20003824,20003809,20003794,20003779,20003764,20003749,20003734,20003719
3903,20003840,20003825,20003810,20003795,20003780,20003765,20003750,20003735
3904,20003856,20003841,20003826,20003811,20003796,20003781,20003766,20003751
3905,20003872,20003857,20003842,20003827,20003812,20003797,20003782,20003767
3906,20003888,20003873,20003858,20003843,20003828,20003813,20003798,20003783
3907,20003904,20003889,20003874,20003859,20003844,20003829,20003814,20003799
3908,20003920,20003905,20003890,20003875,20003860,20003845,20003830,20003815
3909,20003936,20003921,20003906,20003891,20003876,20003861,20003846,20003831
3910,20003952,20003937,20003922,20003907,20003892,20003877,20003862,20003847
3911,20003968,20003953,20003938,20003923,20003908,20003893,20003878,20003863
3912,20003984,20003969,20003954,20003939,20003924,20003909,20003894,20003879
3913,20004000,20003985,20003970,20003955,20003940,20003925,20003910,20003895
3914,20004016,20004001,20003986,20003971,20003956,20003941,20003926,20003911
3915,20004032,20004017,20004002,20003987,20003972,20003957,20003942,20003927
3916,20004048,20004033,20004018,20004003,20003988,20003973,20003958,20003943
3917,20004064,20004049,20004034,20004019,20004004,20003989,20003974,20003959
3918,20004080,20004065,20004050,20004035,20004020,20004005,20003990,20003975
3919,20004096,20004081,20004066,20004051,20004036,20004021,20004006,20003991
3920,20004112,20004097,20004082,20004067,20004052,20004037,20004022,20004007
3921,20004128,20004113,20004098,20004083,20004068,20004053,20004038,20004023
3922,20004144,20004129,20004114,20004099,20004084,20004069,20004054,20004039
3923,20004160,20004145,20004130,20004115,20004100,20004085,20004070,20004055
3924,20004176,20004161,20004146,20004131,20004116,20004101,20004086,20004071
3925,20004192,20004177,20004162,20004147,20004132,20004117,20004102,20004087
3926,20004208,20004193,20004178,20004163,20004148,20004133,20004118,20004103
3927,20004224,20004209,20004194,20004179,20004164,20004149,20004134,20004119
3928,20004240,20004225,20004210,20004195,20004180,20004165,20004150,20004135
3929,20004256,20004241,20004226,20004211,20004196,20004181,20004166,20004151
3930,20004272,20004257,20004242,20004227,20004212,20004197,20004182,20004167
3931,20004288,20004273,20004258,20004243,20004228,20004213,20004198,20004183
3932,20004304,20004289,20004274,20004259,20004244,20004229,20004214,20004199
3933,20004320,20004305,20004290,20004275,20004260,20004245,20004230,20004215
3934,20004336,20004321,20004306,20004291,20004276,20004261,20004246,20004231
3935,20004352,20004337,20004322,20004307,20004292,20004277,20004262,20004247
3936,20004368,20004353,20004338,20004323,20004308,20004293,20004278,20004263
3937,20004384,20004369,20004354,20004339,20004324,20004309,20004294,20004279
3938,20004400,20004385,20004370,20004355,20004340,20004325,20004310,20004295
3939,20004416,20004401,20004386,20004371,20004356,20004341,20004326,20004311
3940,20004432,20004417,20004402,20004387,20004372,20004357,20004342,20004327
3941,20004448,20004433,20004418,20004403,20004388,20004373,20004358,20004343
3942,20004464,20004449,20004434,20004419,20004404,20004389,20004374,20004359
3943,20004480,20004465,20004450,20004435,20004420,20004405,20004390,20004375
3944,20004496,20004481,20004466,20004451,20004436,20004421,20004406,20004391
3945,20004512,20004497,20004482,20004467,20004452,20004437,20004422,20004407
3946,20004528,20004513,20004498,20004483,20004468,20004453,20004438,20004423
3947,20004544,20004529,20004514,20004499,20004484,20004469,20004454,20004439
3948,20004560,20004545,20004530,20004515,20004500,20004485,20004470,20004455
3949,20004576,20004561,20004546,20004531,20004516,20004501,20004486,20004471
3950,20004592,20004577,20004562,20004547,20004532,20004517,20004502,20004487
3951,20004608,20004593,20004578,20004563,20004548,20004533,20004518,20004503
3952,20004624,20004609,20004594,20004579,20004564,20004549,20004534,20004519
3953,20004640,20004625,20004610,20004595,20004580,20004565,20004550,20004535
3954,20004656,20004641,20004626,20004611,20004596,20004581,20004566,20004551
3955,20004672,20004657,20004642,20004627,20004612,20004597,20004582,20004567
3956,20004688,20004673,20004658,20004643,20004628,20004613,20004598,20004583
3957,20004704,20004689,20004674,20004659,20004644,20004629,20004614,20004599
3958,20004720,20004705,20004690,20004675,20004660,20004645,20004630,20004615
3959,20004736,20004721,20004706,20004691,20004676,20004661,20004646,20004631
3960,20004752,20004737,20004722,20004707,20004692,20004677,20004662,20004647
3961,20004768,20004753,20004738,20004723,20004708,20004693,20004678,20004663
3962,20004784,20004769,20004754,20004739,20004724,20004709,20004694,20004679
3963,20004800,20004785,20004770,20004755,20004740,20004725,20004710,20004695
3964,20004816,20004801,20004786,20004771,20004756,20004741,20004726,20004711
3965,20004832,20004817,20004802,20004787,20004772,20004757,20004742,20004727
3966,20004848,20004833,20004818,20004803,20004788,20004773,20004758,20004743
3967,20004864,20004849,20004834,20004819,20004804,20004789,20004774,20004759
3968,20004880,20004865,20004850,20004835,20004820,20004805,20004790,20004775
3969,20004896,20004881,20004866,20004851,20004836,20004821,20004806,20004791
3970,20004912,20004897,20004882,20004867,20004852,20004837,20004822,20004807
3971,20004928,20004913,20004898,20004883,20004868,20004853,20004838,20004823
3972,20004944,20004929,20004914,20004899,20004884,20004869,20004854,20004839
3973,20004960,20004945,20004930,20004915,20004900,20004885,20004870,20004855
3974,20004976,20004961,20004946,20004931,20004916,20004901,20004886,20004871
3975,20004992,20004977,20004962,20004947,20004932,20004917,20004902,20004887
3976,20005008,20004993,20004978,20004963,20004948,20004933,20004918,20004903
3977,20005024,20005009,20004994,20004979,20004964,20004949,20004934,20004919
3978,20005040,20005025,20005010,20004995,20004980,20004965,20004950,20004935
3979,20005056,20005041,20005026,20005011,20004996,20004981,20004966,20004951
3980,20005072,20005057,20005042,20005027,20005012,20004997,20004982,20004967
3981,20005088,20005073,20005058,20005043,20005028,20005013,20004998,20004983
3982,20005104,20005089,20005074,20005059,20005044,20005029,20005014,20004999
3983,20005120,20005105,20005090,20005075,20005060,20005045,20005030,20005015
3984,20005136,20005121,20005106,20005091,20005076,20005061,20005046,20005031
3985,20005152,20005137,20005122,20005107,20005092,20005077,20005062,20005047
3986,20005168,20005153,20005138,20005123,20005108,20005093,20005078,20005063
3987,20005184,20005169,20005154,20005139,20005124,20005109,20005094,20005079
3988,20005200,20005185,20005170,20005155,20005140,20005125,20005110,20005095
3989,20005216,20005201,20005186,20005171,20005156,20005141,20005126,20005111
3990,20005232,20005217,20005202,20005187,20005172,20005157,20005142,20005127
3991,20005248,20005233,20005218,20005203,20005188,20005173,20005158,20005143
3992,20005264,20005249,20005234,20005219,20005204,20005189,20005174,20005159
3993,20005280,20005265,20005250,20005235,20005220,20005205,20005190,20005175
3994,20005296,20005281,20005266,20005251,20005236,20005221,20005206,20005191
3995,20005312,20005297,20005282,20005267,20005252,20005237,20005222,20005207
3996,20005328,20005313,20005298,20005283,20005268,20005253,20005238,20005223
3997,20005344,20005329,20005314,20005299,20005284,20005269,20005254,20005239
3998,20005360,20005345,20005330,20005315,20005300,20005285,20005270,20005255
3999,20005376,20005361,20005346,20005331,20005316,20005301,20005286,20005271
4000,20005392,20005377,20005362,20005347,20005332,20005317,20005302,20005287
4001,20005408,20005393,20005378,20005363,20005348,20005333,20005318,20005303
4002,20005424,20005409,20005394,20005379,20005364,20005349,20005334,20005319
4003,20005440,20005425,20005410,20005395,20005380,20005365,20005350,20005335
4004,20005456,20005441,20005426,20005411,20005396,20005381,20005366,20005351
4005,20005472,20005457,20005442,20005427,20005412,20005397,20005382,20005367
4006,20005488,20005473,20005458,20005443,20005428,20005413,20005398,20005383
4007,20005504,20005489,20005474,20005459,20005444,20005429,20005414,20005399
4008,20005520,20005505,20005490,20005475,20005460,20005445,20005430,20005415
4009,20005536,20005521,20005506,20005491,20005476,20005461,20005446,20005431
4010,20005552,20005537,20005522,20005507,20005492,20005477,20005462,20005447
4011,20005568,20005553,20005538,20005523,20005508,20005493,20005478,20005463
4012,20005584,20005569,20005554,20005539,20005524,20005509,20005494,20005479
4013,20005600,20005585,20005570,20005555,20005540,20005525,20005510,20005495
4014,20005616,20005601,20005586,20005571,20005556,20005541,20005526,20005511
4015,20005632,20005617,20005602,20005587,20005572,20005557,20005542,20005527
4016,20005648,20005633,20005618,20005603,20005588,20005573,20005558,20005543
4017,20005664,20005649,20005634,20005619,20005604,20005589,20005574,20005559
4018,20005680,20005665,20005650,20005635,20005620,20005605,20005590,20005575
4019,20005696,20005681,20005666,20005651,20005636,20005621,20005606,20005591
4020,20005712,20005697,20005682,20005667,20005652,20005637,20005622,20005607
4021,20005728,20005713,20005698,20005683,20005668,20005653,20005638,20005623
4022,20005744,20005729,20005714,20005699,20005684,20005669,20005654,20005639
4023,20005760,20005745,20005730,20005715,20005700,20005685,20005670,20005655
4024,20005776,20005761,20005746,20005731,20005716,20005701,20005686,20005671
4025,20005792,20005777,20005762,20005747,20005732,20005717,20005702,20005687
4026,20005808,20005793,20005778,20005763,20005748,20005733,20005718,20005703
4027,20005824,20005809,20005794,20005779,20005764,20005749,20005734,20005719
4028,20005840,20005825,20005810,20005795,20005780,20005765,20005750,20005735
4029,20005856,20005841,20005826,20005811,20005796,20005781,20005766,20005751
4030,20005872,20005857,20005842,20005827,20005812,20005797,20005782,20005767
4031,20005888,20005873,20005858,20005843,20005828,20005813,20005798,20005783
4032,20005904,20005889,20005874,20005859,20005844,20005829,20005814,20005799
4033,20005920,20005905,20005890,20005875,20005860,20005845,20005830,20005815
4034,20005936,20005921,20005906,20005891,20005876,20005861,20005846,20005831
4035,20005952,20005937,20005922,20005907,20005892,20005877,20005862,20005847
4036,20005968,20005953,20005938,20005923,20005908,20005893,20005878,20005863
4037,20005984,20005969,20005954,20005939,20005924,20005909,20005894,20005879
4038,20006000,20005985,20005970,20005955,20005940,20005925,20005910,20005895
4039,20006016,20006001,20005986,20005971,20005956,20005941,20005926,20005911
4040,20006032,20006017,20006002,20005987,20005972,20005957,20005942,20005927
4041,20006048,20006033,20006018,20006003,20005988,20005973,20005958,20005943
4042,20006064,20006049,20006034,20006019,20006004,20005989,20005974,20005959
4043,20006080,20006065,20006050,20006035,20006020,20006005,20005990,20005975
4044,20006096,20006081,20006066,20006051,20006036,20006021,20006006,20005991
4045,20006112,20006097,20006082,20006067,20006052,20006037,20006022,20006007
4046,20006128,20006113,20006098,20006083,20006068,20006053,20006038,20006023
4047,20006144,20006129,20006114,20006099,20006084,20006069,20006054,20006039
4048,20006160,20006145,20006130,20006115,20006100,20006085,20006070,20006055
4049,20006176,20006161,20006146,20006131,20006116,20006101,20006086,20006071
4050,20006192,20006177,20006162,20006147,20006132,20006117,20006102,20006087
4051,20006208,20006193,20006178,20006163,20006148,20006133,20006118,20006103
4052,20006224,20006209,20006194,20006179,20006164,20006149,20006134,20006119
4053,20006240,20006225,20006210,20006195,20006180,20006165,20006150,20006135
4054,20006256,20006241,20006226,20006211,20006196,20006181,20006166,20006151
4055,20006272,20006257,20006242,20006227,20006212,20006197,20006182,20006167
4056,20006288,20006273,20006258,20006243,20006228,20006213,20006198,20006183
4057,20006304,20006289,20006274,20006259,20006244,20006229,20006214,20006199
4058,20006320,20006305,20006290,20006275,20006260,20006245,20006230,20006215
4059,20006336,20006321,20006306,20006291,20006276,20006261,20006246,20006231
4060,20006352,20006337,20006322,20006307,20006292,20006277,20006262,20006247
4061,20006368,20006353,20006338,20006323,20006308,20006293,20006278,20006263
4062,20006384,20006369,20006354,20006339,20006324,20006309,20006294,20006279
4063,20006400,20006385,20006370,20006355,20006340,20006325,20006310,20006295
4064,20006416,20006401,20006386,20006371,20006356,20006341,20006326,20006311
4065,20006432,20006417,20006402,20006387,20006372,20006357,20006342,20006327
4066,20006448,20006433,20006418,20006403,20006388,20006373,20006358,20006343
4067,20006464,20006449,20006434,20006419,20006404,20006389,20006374,20006359
4068,20006480,20006465,20006450,20006435,20006420,20006405,20006390,20006375
4069,20006496,20006481,20006466,20006451,20006436,20006421,20006406,20006391
4070,20006512,20006497,20006482,20006467,20006452,20006437,20006422,20006407
4071,20006528,20006513,20006498,20006483,20006468,20006453,20006438,20006423
4072,20006544,20006529,20006514,20006499,20006484,20006469,20006454,20006439
4073,20006560,20006545,20006530,20006515,20006500,20006485,20006470,20006455
4074,20006576,20006561,20006546,20006531,20006516,20006501,20006486,20006471
4075,20006592,20006577,20006562,20006547,20006532,20006517,20006502,20006487
4076,20006608,20006593,20006578,20006563,20006548,20006533,20006518,20006503
4077,20006624,20006609,20006594,20006579,20006564,20006549,20006534,20006519
4078,20006640,20006625,20006610,20006595,20006580,20006565,20006550,20006535
4079,20006656,20006641,20006626,20006611,20006596,20006581,20006566,20006551
4080,20006672,20006657,20006642,20006627,20006612,20006597,20006582,20006567
4081,20006688,20006673,20006658,20006643,20006628,20006613,20006598,20006583
4082,20006704,20006689,20006674,20006659,20006644,20006629,20006614,20006599
4083,20006720,20006705,20006690,20006675,20006660,20006645,20006630,20006615
4084,20006736,20006721,20006706,20006691,20006676,20006661,20006646,20006631
4085,20006752,20006737,20006722,20006707,20006692,20006677,20006662,20006647
4086,20006768,20006753,20006738,20006723,20006708,20006693,20006678,20006663
4087,20006784,20006769,20006754,20006739,20006724,20006709,20006694,20006679
4088,20006800,20006785,20006770,20006755,20006740,20006725,20006710,20006695
4089,20006816,20006801,20006786,20006771,20006756,20006741,20006726,20006711
4090,20006832,20006817,20006802,20006787,20006772,20006757,20006742,20006727
4091,20006848,20006833,20006818,20006803,20006788,20006773,20006758,20006743
4092,20006864,20006849,20006834,20006819,20006804,20006789,20006774,20006759
4093,20006880,20006865,20006850,20006835,20006820,20006805,20006790,20006775
4094,20006896,20006881,20006866,20006851,20006836,20006821,20006806,20006791
4095,20006912,20006897,20006882,20006867,20006852,20006837,20006822,20006807
4096,20006928,20006913,20006898,20006883,20006868,20006853,20006838,20006823
4097,20006944,20006929,20006914,20006899,20006884,20006869,20006854,20006839
4098,20006960,20006945,20006930,20006915,20006900,20006885,20006870,20006855
4099,20006976,20006961,20006946,20006931,20006916,20006901,20006886,20006871
4100,20006992,20006977,20006962,20006947,20006932,20006917,20006902,20006887
4101,20007008,20006993,20006978,20006963,20006948,20006933,20006918,20006903
4102,20007024,20007009,20006994,20006979,20006964,20006949,20006934,20006919
4103,20007040,20007025,20007010,20006995,20006980,20006965,20006950,20006935
4104,20007056,20007041,20007026,20007011,20006996,20006981,20006966,20006951
4105,20007072,20007057,20007042,20007027,20007012,20006997,20006982,20006967
4106,20007088,20007073,20007058,20007043,20007028,20007013,20006998,20006983
4107,20007104,20007089,20007074,20007059,20007044,20007029,20007014,20006999
4108,20007120,20007105,20007090,20007075,20007060,20007045,20007030,20007015
4109,20007136,20007121,20007106,20007091,20007076,20007061,20007046,20007031
4110,20007152,20007137,20007122,20007107,20007092,20007077,20007062,20007047
4111,20007168,20007153,20007138,20007123,20007108,20007093,20007078,20007063
4112,20007184,20007169,20007154,20007139,20007124,20007109,20007094,20007079
4113,20007200,20007185,20007170,20007155,20007140,20007125,20007110,20007095
4114,20007216,20007201,20007186,20007171,20007156,20007141,20007126,20007111
4115,20007232,20007217,20007202,20007187,20007172,20007157,20007142,20007127
4116,20007248,20007233,20007218,20007203,20007188,20007173,20007158,20007143
4117,20007264,20007249,20007234,20007219,20007204,20007189,20007174,20007159
4118,20007280,20007265,20007250,20007235,20007220,20007205,20007190,20007175
4119,20007296,20007281,20007266,20007251,20007236,20007221,20007206,20007191
4120,20007312,20007297,20007282,20007267,20007252,20007237,20007222,20007207
4121,20007328,20007313,20007298,20007283,20007268,20007253,20007238,20007223
4122,20007344,20007329,20007314,20007299,20007284,20007269,20007254,20007239
4123,20007360,20007345,20007330,20007315,20007300,20007285,20007270,20007255
4124,20007376,20007361,20007346,20007331,20007316,20007301,20007286,20007271
4125,20007392,20007377,20007362,20007347,20007332,20007317,20007302,20007287
4126,20007408,20007393,20007378,20007363,20007348,20007333,20007318,20007303
4127,20007424,20007409,20007394,20007379,20007364,20007349,20007334,20007319
4128,20007440,20007425,20007410,20007395,20007380,20007365,20007350,20007335
4129,20007456,20007441,20007426,20007411,20007396,20007381,20007366,20007351
4130,20007472,20007457,20007442,20007427,20007412,20007397,20007382,20007367
4131,20007488,20007473,20007458,20007443,20007428,20007413,20007398,20007383
4132,20007504,20007489,20007474,20007459,20007444,20007429,20007414,20007399
4133,20007520,20007505,20007490,20007475,20007460,20007445,20007430,20007415
4134,20007536,20007521,20007506,20007491,20007476,20007461,20007446,20007431
4135,20007552,20007537,20007522,20007507,20007492,20007477,20007462,20007447
4136,20007568,20007553,20007538,20007523,20007508,20007493,20007478,20007463
4137,20007584,20007569,20007554,20007539,20007524,20007509,20007494,20007479
4138,20007600,20007585,20007570,20007555,20007540,20007525,20007510,20007495
4139,20007616,20007601,20007586,20007571,20007556,20007541,20007526,20007511
4140,20007632,20007617,20007602,20007587,20007572,20007557,20007542,20007527
4141,20007648,20007633,20007618,20007603,20007588,20007573,20007558,20007543
4142,20007664,20007649,20007634,20007619,20007604,20007589,20007574,20007559
4143,20007680,20007665,20007650,20007635,20007620,20007605,20007590,20007575
4144,20007696,20007681,20007666,20007651,20007636,20007621,20007606,20007591
4145,20007712,20007697,20007682,20007667,20007652,20007637,20007622,20007607
4146,20007728,20007713,20007698,20007683,20007668,20007653,20007638,20007623
4147,20007744,20007729,20007714,20007699,20007684,20007669,20007654,20007639
4148,20007760,20007745,20007730,20007715,20007700,20007685,20007670,20007655
4149,20007776,20007761,20007746,20007731,20007716,20007701,20007686,20007671
4150,20007792,20007777,20007762,20007747,20007732,20007717,20007702,20007687
4151,20007808,20007793,20007778,20007763,20007748,20007733,20007718,20007703
4152,20007824,20007809,20007794,20007779,20007764,20007749,20007734,20007719
4153,20007840,20007825,20007810,20007795,20007780,20007765,20007750,20007735
4154,20007856,20007841,20007826,20007811,20007796,20007781,20007766,20007751
4155,20007872,20007857,20007842,20007827,20007812,20007797,20007782,20007767
4156,20007888,20007873,20007858,20007843,20007828,20007813,20007798,20007783
4157,20007904,20007889,20007874,20007859,20007844,20007829,20007814,20007799
4158,20007920,20007905,20007890,20007875,20007860,20007845,20007830,20007815
4159,20007936,20007921,20007906,20007891,20007876,20007861,20007846,20007831
4160,20007952,20007937,20007922,20007907,20007892,20007877,20007862,20007847
4161,20007968,20007953,20007938,20007923,20007908,20007893,20007878,20007863
4162,20007984,20007969,20007954,20007939,20007924,20007909,20007894,20007879
4163,20008000,20007985,20007970,20007955,20007940,20007925,20007910,20007895
4164,20008016,20008001,20007986,20007971,20007956,20007941,20007926,20007911
4165,20008032,20008017,20008002,20007987,20007972,20007957,20007942,20007927
4166,20008048,20008033,20008018,20008003,20007988,20007973,20007958,20007943
4167,20008064,20008049,20008034,20008019,20008004,20007989,20007974,20007959
4168,20008080,20008065,20008050,20008035,20008020,20008005,20007990,20007975
4169,20008096,20008081,20008066,20008051,20008036,20008021,20008006,20007991
4170,20008112,20008097,20008082,20008067,20008052,20008037,20008022,20008007
4171,20008128,20008113,20008098,20008083,20008068,20008053,20008038,20008023
4172,20008144,20008129,20008114,20008099,20008084,20008069,20008054,20008039
4173,20008160,20008145,20008130,20008115,20008100,20008085,20008070,20008055
4174,20008176,20008161,20008146,20008131,20008116,20008101,20008086,20008071
4175,20008192,20008177,20008162,20008147,20008132,20008117,20008102,20008087
4176,20008208,20008193,20008178,20008163,20008148,20008133,20008118,20008103
4177,20008224,20008209,20008194,20008179,20008164,20008149,20008134,20008119
4178,20008240,20008225,20008210,20008195,20008180,20008165,20008150,20008135
4179,20008256,20008241,20008226,20008211,20008196,20008181,20008166,20008151
4180,20008272,20008257,20008242,20008227,20008212,20008197,20008182,20008167
4181,20008288,20008273,20008258,20008243,20008228,20008213,20008198,20008183
4182,20008304,20008289,20008274,20008259,20008244,20008229,20008214,20008199
4183,20008320,20008305,20008290,20008275,20008260,20008245,20008230,20008215
4184,20008336,20008321,20008306,20008291,20008276,20008261,20008246,20008231
4185,20008352,20008337,20008322,20008307,20008292,20008277,20008262,20008247
4186,20008368,20008353,20008338,20008323,20008308,20008293,20008278,20008263
4187,20008384,20008369,20008354,20008339,20008324,20008309,20008294,20008279
4188,20008400,20008385,20008370,20008355,20008340,20008325,20008310,20008295
4189,20008416,20008401,20008386,20008371,20008356,20008341,20008326,20008311
4190,20008432,20008417,20008402,20008387,20008372,20008357,20008342,20008327
4191,20008448,20008433,20008418,20008403,20008388,20008373,20008358,20008343
4192,20008464,20008449,20008434,20008419,20008404,20008389,20008374,20008359
4193,20008480,20008465,20008450,20008435,20008420,20008405,20008390,20008375
4194,20008496,20008481,20008466,20008451,20008436,20008421,20008406,20008391
4195,20008512,20008497,20008482,20008467,20008452,20008437,20008422,20008407
4196,20008528,20008513,20008498,20008483,20008468,20008453,20008438,20008423
4197,20008544,20008529,20008514,20008499,20008484,20008469,20008454,20008439
4198,20008560,20008545,20008530,20008515,20008500,20008485,20008470,20008455
4199,20008576,20008561,20008546,20008531,20008516,20008501,20008486,20008471
4200,20008592,20008577,20008562,20008547,20008532,20008517,20008502,20008487
4201,20008608,20008593,20008578,20008563,20008548,20008533,20008518,20008503
4202,20008624,20008609,20008594,20008579,20008564,20008549,20008534,20008519
4203,20008640,20008625,20008610,20008595,20008580,20008565,20008550,20008535
4204,20008656,20008641,20008626,20008611,20008596,20008581,20008566,20008551
4205,20008672,20008657,20008642,20008627,20008612,20008597,20008582,20008567
4206,20008688,20008673,20008658,20008643,20008628,20008613,20008598,20008583
4207,20008704,20008689,20008674,20008659,20008644,20008629,20008614,20008599
4208,20008720,20008705,20008690,20008675,20008660,20008645,20008630,20008615
4209,20008736,20008721,20008706,20008691,20008676,20008661,20008646,20008631
4210,20008752,20008737,20008722,20008707,20008692,20008677,20008662,20008647
4211,20008768,20008753,20008738,20008723,20008708,20008693,20008678,20008663
4212,20008784,20008769,20008754,20008739,20008724,20008709,20008694,20008679
4213,20008800,20008785,20008770,20008755,20008740,20008725,20008710,20008695
4214,20008816,20008801,20008786,20008771,20008756,20008741,20008726,20008711
4215,20008832,20008817,20008802,20008787,20008772,20008757,20008742,20008727
4216,20008848,20008833,20008818,20008803,20008788,20008773,20008758,20008743
4217,20008864,20008849,20008834,20008819,20008804,20008789,20008774,20008759
4218,20008880,20008865,20008850,20008835,20008820,20008805,20008790,20008775
4219,20008896,20008881,20008866,20008851,20008836,20008821,20008806,20008791
4220,20008912,20008897,20008882,20008867,20008852,20008837,20008822,20008807
4221,20008928,20008913,20008898,20008883,20008868,20008853,20008838,20008823
4222,20008944,20008929,20008914,20008899,20008884,20008869,20008854,20008839
4223,20008960,20008945,20008930,20008915,20008900,20008885,20008870,20008855
4224,20008976,20008961,20008946,20008931,20008916,20008901,20008886,20008871
4225,20008992,20008977,20008962,20008947,20008932,20008917,20008902,20008887
4226,20009008,20008993,20008978,20008963,20008948,20008933,20008918,20008903
4227,20009024,20009009,20008994,20008979,20008964,20008949,20008934,20008919
4228,20009040,20009025,20009010,20008995,20008980,20008965,20008950,20008935
4229,20009056,20009041,20009026,20009011,20008996,20008981,20008966,20008951
4230,20009072,20009057,20009042,20009027,20009012,20008997,20008982,20008967
4231,20009088,20009073,20009058,20009043,20009028,20009013,20008998,20008983
4232,20009104,20009089,20009074,20009059,20009044,20009029,20009014,20008999
4233,20009120,20009105,20009090,20009075,20009060,20009045,20009030,20009015
4234,20009136,20009121,20009106,20009091,20009076,20009061,20009046,20009031
4235,20009152,20009137,20009122,20009107,20009092,20009077,20009062,20009047
4236,20009168,20009153,20009138,20009123,20009108,20009093,20009078,20009063
4237,20009184,20009169,20009154,20009139,20009124,20009109,20009094,20009079
4238,20009200,20009185,20009170,20009155,20009140,20009125,20009110,20009095
4239,20009216,20009201,20009186,20009171,20009156,20009141,20009126,20009111
4240,20009232,20009217,20009202,20009187,20009172,20009157,20009142,20009127
4241,20009248,20009233,20009218,20009203,20009188,20009173,20009158,20009143
4242,20009264,20009249,20009234,20009219,20009204,20009189,20009174,20009159
4243,20009280,20009265,20009250,20009235,20009220,20009205,20009190,20009175
4244,20009296,20009281,20009266,20009251,20009236,20009221,20009206,20009191
4245,20009312,20009297,20009282,20009267,20009252,20009237,20009222,20009207
4246,20009328,20009313,20009298,20009283,20009268,20009253,20009238,20009223
4247,20009344,20009329,20009314,20009299,20009284,20009269,20009254,20009239
4248,20009360,20009345,20009330,20009315,20009300,20009285,20009270,20009255
4249,20009376,20009361,20009346,20009331,20009316,20009301,20009286,20009271
4250,20009392,20009377,20009362,20009347,20009332,20009317,20009302,20009287
4251,20009408,20009393,20009378,20009363,20009348,20009333,20009318,20009303
4252,20009424,20009409,20009394,20009379,20009364,20009349,20009334,20009319
4253,20009440,20009425,20009410,20009395,20009380,20009365,20009350,20009335
4254,20009456,20009441,20009426,20009411,20009396,20009381,20009366,20009351
4255,20009472,20009457,20009442,20009427,20009412,20009397,20009382,20009367
4256,20009488,20009473,20009458,20009443,20009428,20009413,20009398,20009383
4257,20009504,20009489,20009474,20009459,20009444,20009429,20009414,20009399
4258,20009520,20009505,20009490,20009475,20009460,20009445,20009430,20009415
4259,20009536,20009521,20009506,20009491,20009476,20009461,20009446,20009431
4260,20009552,20009537,20009522,20009507,20009492,20009477,20009462,20009447
4261,20009568,20009553,20009538,20009523,20009508,20009493,20009478,20009463
4262,20009584,20009569,20009554,20009539,20009524,20009509,20009494,20009479
4263,20009600,20009585,20009570,20009555,20009540,20009525,20009510,20009495
4264,20009616,20009601,20009586,20009571,20009556,20009541,20009526,20009511
4265,20009632,20009617,20009602,20009587,20009572,20009557,20009542,20009527
4266,20009648,20009633,20009618,20009603,20009588,20009573,20009558,20009543
4267,20009664,20009649,20009634,20009619,20009604,20009589,20009574,20009559
4268,20009680,20009665,20009650,20009635,20009620,20009605,20009590,20009575
4269,20009696,20009681,20009666,20009651,20009636,20009621,20009606,20009591
4270,20009712,20009697,20009682,20009667,20009652,20009637,20009622,20009607
4271,20009728,20009713,20009698,20009683,20009668,20009653,20009638,20009623
4272,20009744,20009729,20009714,20009699,20009684,20009669,20009654,20009639
4273,20009760,20009745,20009730,20009715,20009700,20009685,20009670,20009655
4274,20009776,20009761,20009746,20009731,20009716,20009701,20009686,20009671
4275,20009792,20009777,20009762,20009747,20009732,20009717,20009702,20009687
4276,20009808,20009793,20009778,20009763,20009748,20009733,20009718,20009703
4277,20009824,20009809,20009794,20009779,20009764,20009749,20009734,20009719
4278,20009840,20009825,20009810,20009795,20009780,20009765,20009750,20009735
4279,20009856,20009841,20009826,20009811,20009796,20009781,20009766,20009751
4280,20009872,20009857,20009842,20009827,20009812,20009797,20009782,20009767
4281,20009888,20009873,20009858,20009843,20009828,20009813,20009798,20009783
4282,20009904,20009889,20009874,20009859,20009844,20009829,20009814,20009799
4283,20009920,20009905,20009890,20009875,20009860,20009845,20009830,20009815
4284,20009936,20009921,20009906,20009891,20009876,20009861,20009846,20009831
4285,20009952,20009937,20009922,20009907,20009892,20009877,20009862,20009847
4286,20009968,20009953,20009938,20009923,20009908,20009893,20009878,20009863
4287,20009984,20009969,20009954,20009939,20009924,20009909,20009894,20009879
4288,20010000,20009985,20009970,20009955,20009940,20009925,20009910,20009895
4289,20010016,20010001,20009986,20009971,20009956,20009941,20009926,20009911
4290,20010032,20010017,20010002,20009987,20009972,20009957,20009942,20009927
4291,20010048,20010033,20010018,20010003,20009988,20009973,20009958,20009943
4292,20010064,20010049,20010034,20010019,20010004,20009989,20009974,20009959
4293,20010080,20010065,20010050,20010035,20010020,20010005,20009990,20009975
4294,20010096,20010081,20010066,20010051,20010036,20010021,20010006,20009991
4295,20010112,20010097,20010082,20010067,20010052,20010037,20010022,20010007
4296,20010128,20010113,20010098,20010083,20010068,20010053,20010038,20010023
4297,20010144,20010129,20010114,20010099,20010084,20010069,20010054,20010039
4298,20010160,20010145,20010130,20010115,20010100,20010085,20010070,20010055
4299,20010176,20010161,20010146,20010131,20010116,20010101,20010086,20010071
4300,20010192,20010177,20010162,20010147,20010132,20010117,20010102,20010087
4301,20010208,20010193,20010178,20010163,20010148,20010133,20010118,20010103
4302,20010224,20010209,20010194,20010179,20010164,20010149,20010134,20010119
4303,20010240,20010225,20010210,20010195,20010180,20010165,20010150,20010135
4304,20010256,20010241,20010226,20010211,20010196,20010181,20010166,20010151
4305,20010272,20010257,20010242,20010227,20010212,20010197,20010182,20010167
4306,20010288,20010273,20010258,20010243,20010228,20010213,20010198,20010183
4307,20010304,20010289,20010274,20010259,20010244,20010229,20010214,20010199
4308,20010320,20010305,20010290,20010275,20010260,20010245,20010230,20010215
4309,20010336,20010321,20010306,20010291,20010276,20010261,20010246,20010231
4310,20010352,20010337,20010322,20010307,20010292,20010277,20010262,20010247
4311,20010368,20010353,20010338,20010323,20010308,20010293,20010278,20010263
4312,20010384,20010369,20010354,20010339,20010324,20010309,20010294,20010279
4313,20010400,20010385,20010370,20010355,20010340,20010325,20010310,20010295
4314,20010416,20010401,20010386,20010371,20010356,20010341,20010326,20010311
4315,20010432,20010417,20010402,20010387,20010372,20010357,20010342,20010327
4316,20010448,20010433,20010418,20010403,20010388,20010373,20010358,20010343
4317,20010464,20010449,20010434,20010419,20010404,20010389,20010374,20010359
4318,20010480,20010465,20010450,20010435,20010420,20010405,20010390,20010375
4319,20010496,20010481,20010466,20010451,20010436,20010421,20010406,20010391
4320,20010512,20010497,20010482,20010467,20010452,20010437,20010422,20010407
4321,20010528,20010513,20010498,20010483,20010468,20010453,20010438,20010423
4322,20010544,20010529,20010514,20010499,20010484,20010469,20010454,20010439
4323,20010560,20010545,20010530,20010515,20010500,20010485,20010470,20010455
4324,20010576,20010561,20010546,20010531,20010516,20010501,20010486,20010471
4325,20010592,20010577,20010562,20010547,20010532,20010517,20010502,20010487
4326,20010608,20010593,20010578,20010563,20010548,20010533,20010518,20010503
4327,20010624,20010609,20010594,20010579,20010564,20010549,20010534,20010519
4328,20010640,20010625,20010610,20010595,20010580,20010565,20010550,20010535
4329,20010656,20010641,20010626,20010611,20010596,20010581,20010566,20010551
4330,20010672,20010657,20010642,20010627,20010612,20010597,20010582,20010567
4331,20010688,20010673,20010658,20010643,20010628,20010613,20010598,20010583
4332,20010704,20010689,20010674,20010659,20010644,20010629,20010614,20010599
4333,20010720,20010705,20010690,20010675,20010660,20010645,20010630,20010615
4334,20010736,20010721,20010706,20010691,20010676,20010661,20010646,20010631
4335,20010752,20010737,20010722,20010707,20010692,20010677,20010662,20010647
4336,20010768,20010753,20010738,20010723,20010708,20010693,20010678,20010663
4337,20010784,20010769,20010754,20010739,20010724,20010709,20010694,20010679
4338,20010800,20010785,20010770,20010755,20010740,20010725,20010710,20010695
4339,20010816,20010801,20010786,20010771,20010756,20010741,20010726,20010711
4340,20010832,20010817,20010802,20010787,20010772,20010757,20010742,20010727
4341,20010848,20010833,20010818,20010803,20010788,20010773,20010758,20010743
4342,20010864,20010849,20010834,20010819,20010804,20010789,20010774,20010759
4343,20010880,20010865,20010850,20010835,20010820,20010805,20010790,20010775
4344,20010896,20010881,20010866,20010851,20010836,20010821,20010806,20010791
4345,20010912,20010897,20010882,20010867,20010852,20010837,20010822,20010807
4346,20010928,20010913,20010898,20010883,20010868,20010853,20010838,20010823
4347,20010944,20010929,20010914,20010899,20010884,20010869,20010854,20010839
4348,20010960,20010945,20010930,20010915,20010900,20010885,20010870,20010855
4349,20010976,20010961,20010946,20010931,20010916,20010901,20010886,20010871
4350,20010992,20010977,20010962,20010947,20010932,20010917,20010902,20010887
4351,20011008,20010993,20010978,20010963,20010948,20010933,20010918,20010903
4352,20011024,20011009,20010994,20010979,20010964,20010949,20010934,20010919
4353,20011040,20011025,20011010,20010995,20010980,20010965,20010950,20010935
4354,20011056,20011041,20011026,20011011,20010996,20010981,20010966,20010951
4355,20011072,20011057,20011042,20011027,20011012,20010997,20010982,20010967
4356,20011088,20011073,20011058,20011043,20011028,20011013,20010998,20010983
4357,20011104,20011089,20011074,20011059,20011044,20011029,20011014,20010999
4358,20011120,20011105,20011090,20011075,20011060,20011045,20011030,20011015
4359,20011136,20011121,20011106,20011091,20011076,20011061,20011046,20011031
4360,20011152,20011137,20011122,20011107,20011092,20011077,20011062,20011047
4361,20011168,20011153,20011138,20011123,20011108,20011093,20011078,20011063
4362,20011184,20011169,20011154,20011139,20011124,20011109,20011094,20011079
4363,20011200,20011185,20011170,20011155,20011140,20011125,20011110,20011095
4364,20011216,20011201,20011186,20011171,20011156,20011141,20011126,20011111
4365,20011232,20011217,20011202,20011187,20011172,20011157,20011142,20011127
4366,20011248,20011233,20011218,20011203,20011188,20011173,20011158,20011143
4367,20011264,20011249,20011234,20011219,20011204,20011189,20011174,20011159
4368,20011280,20011265,20011250,20011235,20011220,20011205,20011190,20011175
4369,20011296,20011281,20011266,20011251,20011236,20011221,20011206,20011191
4370,20011312,20011297,20011282,20011267,20011252,20011237,20011222,20011207
4371,20011328,20011313,20011298,20011283,20011268,20011253,20011238,20011223
4372,20011344,20011329,20011314,20011299,20011284,20011269,20011254,20011239
4373,20011360,20011345,20011330,20011315,20011300,20011285,20011270,20011255
4374,20011376,20011361,20011346,20011331,20011316,20011301,20011286,20011271
4375,20011392,20011377,20011362,20011347,20011332,20011317,20011302,20011287
4376,20011408,20011393,20011378,20011363,20011348,20011333,20011318,20011303
4377,20011424,20011409,20011394,20011379,20011364,20011349,20011334,20011319
4378,20011440,20011425,20011410,20011395,20011380,20011365,20011350,20011335
4379,20011456,20011441,20011426,20011411,20011396,20011381,20011366,20011351
4380,20011472,20011457,20011442,20011427,20011412,20011397,20011382,20011367
4381,20011488,20011473,20011458,20011443,20011428,20011413,20011398,20011383
4382,20011504,20011489,20011474,20011459,20011444,20011429,20011414,20011399
4383,20011520,20011505,20011490,20011475,20011460,20011445,20011430,20011415
4384,20011536,20011521,20011506,20011491,20011476,20011461,20011446,20011431
4385,20011552,20011537,20011522,20011507,20011492,20011477,20011462,20011447
4386,20011568,20011553,20011538,20011523,20011508,20011493,20011478,20011463
4387,20011584,20011569,20011554,20011539,20011524,20011509,20011494,20011479
4388,20011600,20011585,20011570,20011555,20011540,20011525,20011510,20011495
4389,20011616,20011601,20011586,20011571,20011556,20011541,20011526,20011511
4390,20011632,20011617,20011602,20011587,20011572,20011557,20011542,20011527
4391,20011648,20011633,20011618,20011603,20011588,20011573,20011558,20011543
4392,20011664,20011649,20011634,20011619,20011604,20011589,20011574,20011559
4393,20011680,20011665,20011650,20011635,20011620,20011605,20011590,20011575
4394,20011696,20011681,20011666,20011651,20011636,20011621,20011606,20011591
4395,20011712,20011697,20011682,20011667,20011652,20011637,20011622,20011607
4396,20011728,20011713,20011698,20011683,20011668,20011653,20011638,20011623
4397,20011744,20011729,20011714,20011699,20011684,20011669,20011654,20011639
4398,20011760,20011745,20011730,20011715,20011700,20011685,20011670,20011655
4399,20011776,20011761,20011746,20011731,20011716,20011701,20011686,20011671
4400,20011792,20011777,20011762,20011747,20011732,20011717,20011702,20011687
4401,20011808,20011793,20011778,20011763,20011748,20011733,20011718,20011703
4402,20011824,20011809,20011794,20011779,20011764,20011749,20011734,20011719
4403,20011840,20011825,20011810,20011795,20011780,20011765,20011750,20011735
4404,20011856,20011841,20011826,20011811,20011796,20011781,20011766,20011751
4405,20011872,20011857,20011842,20011827,20011812,20011797,20011782,20011767
4406,20011888,20011873,20011858,20011843,20011828,20011813,20011798,20011783
4407,20011904,20011889,20011874,20011859,20011844,20011829,20011814,20011799
4408,20011920,20011905,20011890,20011875,20011860,20011845,20011830,20011815
4409,20011936,20011921,20011906,20011891,20011876,20011861,20011846,20011831
4410,20011952,20011937,20011922,20011907,20011892,20011877,20011862,20011847
4411,20011968,20011953,20011938,20011923,20011908,20011893,20011878,20011863
4412,20011984,20011969,20011954,20011939,20011924,20011909,20011894,20011879
4413,20012000,20011985,20011970,20011955,20011940,20011925,20011910,20011895
4414,20012016,20012001,20011986,20011971,20011956,20011941,20011926,20011911
4415,20012032,20012017,20012002,20011987,20011972,20011957,20011942,20011927
4416,20012048,20012033,20012018,20012003,20011988,20011973,20011958,20011943
4417,20012064,20012049,20012034,20012019,20012004,20011989,20011974,20011959
4418,20012080,20012065,20012050,20012035,20012020,20012005,20011990,20011975
4419,20012096,20012081,20012066,20012051,20012036,20012021,20012006,20011991
4420,20012112,20012097,20012082,20012067,20012052,20012037,20012022,20012007
4421,20012128,20012113,20012098,20012083,20012068,20012053,20012038,20012023
4422,20012144,20012129,20012114,20012099,20012084,20012069,20012054,20012039
4423,20012160,20012145,20012130,20012115,20012100,20012085,20012070,20012055
4424,20012176,20012161,20012146,20012131,20012116,20012101,20012086,20012071
4425,20012192,20012177,20012162,20012147,20012132,20012117,20012102,20012087
4426,20012208,20012193,20012178,20012163,20012148,20012133,20012118,20012103
4427,20012224,20012209,20012194,20012179,20012164,20012149,20012134,20012119
4428,20012240,20012225,20012210,20012195,20012180,20012165,20012150,20012135
4429,20012256,20012241,20012226,20012211,20012196,20012181,20012166,20012151
4430,20012272,20012257,20012242,20012227,20012212,20012197,20012182,20012167
4431,20012288,20012273,20012258,20012243,20012228,20012213,20012198,20012183
4432,20012304,20012289,20012274,20012259,20012244,20012229,20012214,20012199
4433,20012320,20012305,20012290,20012275,20012260,20012245,20012230,20012215
4434,20012336,20012321,20012306,20012291,20012276,20012261,20012246,20012231
4435,20012352,20012337,20012322,20012307,20012292,20012277,20012262,20012247
4436,20012368,20012353,20012338,20012323,20012308,20012293,20012278,20012263
4437,20012384,20012369,20012354,20012339,20012324,20012309,20012294,20012279
4438,20012400,20012385,20012370,20012355,20012340,20012325,20012310,20012295
4439,20012416,20012401,20012386,20012371,20012356,20012341,20012326,20012311
4440,20012432,20012417,20012402,20012387,20012372,20012357,20012342,20012327
4441,20012448,20012433,20012418,20012403,20012388,20012373,20012358,20012343
4442,20012464,20012449,20012434,20012419,20012404,20012389,20012374,20012359
4443,20012480,20012465,20012450,20012435,20012420,20012405,20012390,20012375
4444,20012496,20012481,20012466,20012451,20012436,20012421,20012406,20012391
4445,20012512,20012497,20012482,20012467,20012452,20012437,20012422,20012407
4446,20012528,20012513,20012498,20012483,20012468,20012453,20012438,20012423
4447,20012544,20012529,20012514,20012499,20012484,20012469,20012454,20012439
4448,20012560,20012545,20012530,20012515,20012500,20012485,20012470,20012455
4449,20012576,20012561,20012546,20012531,20012516,20012501,20012486,20012471
4450,20012592,20012577,20012562,20012547,20012532,20012517,20012502,20012487
4451,20012608,20012593,20012578,20012563,20012548,20012533,20012518,20012503
4452,20012624,20012609,20012594,20012579,20012564,20012549,20012534,20012519
4453,20012640,20012625,20012610,20012595,20012580,20012565,20012550,20012535
4454,20012656,20012641,20012626,20012611,20012596,20012581,20012566,20012551
4455,20012672,20012657,20012642,20012627,20012612,20012597,20012582,20012567
4456,20012688,20012673,20012658,20012643,20012628,20012613,20012598,20012583
4457,20012704,20012689,20012674,20012659,20012644,20012629,20012614,20012599
4458,20012720,20012705,20012690,20012675,20012660,20012645,20012630,20012615
4459,20012736,20012721,20012706,20012691,20012676,20012661,20012646,20012631
4460,20012752,20012737,20012722,20012707,20012692,20012677,20012662,20012647
4461,20012768,20012753,20012738,20012723,20012708,20012693,20012678,20012663
4462,20012784,20012769,20012754,20012739,20012724,20012709,20012694,20012679
4463,20012800,20012785,20012770,20012755,20012740,20012725,20012710,20012695
4464,20012816,20012801,20012786,20012771,20012756,20012741,20012726,20012711
4465,20012832,20012817,20012802,20012787,20012772,20012757,20012742,20012727
4466,20012848,20012833,20012818,20012803,20012788,20012773,20012758,20012743
4467,20012864,20012849,20012834,20012819,20012804,20012789,20012774,20012759
4468,20012880,20012865,20012850,20012835,20012820,20012805,20012790,20012775
4469,20012896,20012881,20012866,20012851,20012836,20012821,20012806,20012791
4470,20012912,20012897,20012882,20012867,20012852,20012837,20012822,20012807
4471,20012928,20012913,20012898,20012883,20012868,20012853,20012838,20012823
4472,20012944,20012929,20012914,20012899,20012884,20012869,20012854,20012839
4473,20012960,20012945,20012930,20012915,20012900,20012885,20012870,20012855
4474,20012976,20012961,20012946,20012931,20012916,20012901,20012886,20012871
4475,20012992,20012977,20012962,20012947,20012932,20012917,20012902,20012887
4476,20013008,20012993,20012978,20012963,20012948,20012933,20012918,20012903
4477,20013024,20013009,20012994,20012979,20012964,20012949,20012934,20012919
4478,20013040,20013025,20013010,20012995,20012980,20012965,20012950,20012935
4479,20013056,20013041,20013026,20013011,20012996,20012981,20012966,20012951
4480,20013072,20013057,20013042,20013027,20013012,20012997,20012982,20012967
4481,20013088,20013073,20013058,20013043,20013028,20013013,20012998,20012983
4482,20013104,20013089,20013074,20013059,20013044,20013029,20013014,20012999
4483,20013120,20013105,20013090,20013075,20013060,20013045,20013030,20013015
4484,20013136,20013121,20013106,20013091,20013076,20013061,20013046,20013031
4485,20013152,20013137,20013122,20013107,20013092,20013077,20013062,20013047
4486,20013168,20013153,20013138,20013123,20013108,20013093,20013078,20013063
4487,20013184,20013169,20013154,20013139,20013124,20013109,20013094,20013079
4488,20013200,20013185,20013170,20013155,20013140,20013125,20013110,20013095
4489,20013216,20013201,20013186,20013171,20013156,20013141,20013126,20013111
4490,20013232,20013217,20013202,20013187,20013172,20013157,20013142,20013127
4491,20013248,20013233,20013218,20013203,20013188,20013173,20013158,20013143
4492,20013264,20013249,20013234,20013219,20013204,20013189,20013174,20013159
4493,20013280,20013265,20013250,20013235,20013220,20013205,20013190,20013175
4494,20013296,20013281,20013266,20013251,20013236,20013221,20013206,20013191
4495,20013312,20013297,20013282,20013267,20013252,20013237,20013222,20013207
4496,20013328,20013313,20013298,20013283,20013268,20013253,20013238,20013223
4497,20013344,20013329,20013314,20013299,20013284,20013269,20013254,20013239
4498,20013360,20013345,20013330,20013315,20013300,20013285,20013270,20013255
4499,20013376,20013361,20013346,20013331,20013316,20013301,20013286,20013271
4500,20013392,20013377,20013362,20013347,20013332,20013317,20013302,20013287
4501,20013408,20013393,20013378,20013363,20013348,20013333,20013318,20013303
4502,20013424,20013409,20013394,20013379,20013364,20013349,20013334,20013319
4503,20013440,20013425,20013410,20013395,20013380,20013365,20013350,20013335
4504,20013456,20013441,20013426,20013411,20013396,20013381,20013366,20013351
4505,20013472,20013457,20013442,20013427,20013412,20013397,20013382,20013367
4506,20013488,20013473,20013458,20013443,20013428,20013413,20013398,20013383
4507,20013504,20013489,20013474,20013459,20013444,20013429,20013414,20013399
4508,20013520,20013505,20013490,20013475,20013460,20013445,20013430,20013415
4509,20013536,20013521,20013506,20013491,20013476,20013461,20013446,20013431
4510,20013552,20013537,20013522,20013507,20013492,20013477,20013462,20013447
4511,20013568,20013553,20013538,20013523,20013508,20013493,20013478,20013463
4512,20013584,20013569,20013554,20013539,20013524,20013509,20013494,20013479
4513,20013600,20013585,20013570,20013555,20013540,20013525,20013510,20013495
4514,20013616,20013601,20013586,20013571,20013556,20013541,20013526,20013511
4515,20013632,20013617,20013602,20013587,20013572,20013557,20013542,20013527
4516,20013648,20013633,20013618,20013603,20013588,20013573,20013558,20013543
4517,20013664,20013649,20013634,20013619,20013604,20013589,20013574,20013559
4518,20013680,20013665,20013650,20013635,20013620,20013605,20013590,20013575
4519,20013696,20013681,20013666,20013651,20013636,20013621,20013606,20013591
4520,20013712,20013697,20013682,20013667,20013652,20013637,20013622,20013607
4521,20013728,20013713,20013698,20013683,20013668,20013653,20013638,20013623
4522,20013744,20013729,20013714,20013699,20013684,20013669,20013654,20013639
4523,20013760,20013745,20013730,20013715,20013700,20013685,20013670,20013655
4524,20013776,20013761,20013746,20013731,20013716,20013701,20013686,20013671
4525,20013792,20013777,20013762,20013747,20013732,20013717,20013702,20013687
4526,20013808,20013793,20013778,20013763,20013748,20013733,20013718,20013703
4527,20013824,20013809,20013794,20013779,20013764,20013749,20013734,20013719
4528,20013840,20013825,20013810,20013795,20013780,20013765,20013750,20013735
4529,20013856,20013841,20013826,20013811,20013796,20013781,20013766,20013751
4530,20013872,20013857,20013842,20013827,20013812,20013797,20013782,20013767
4531,20013888,20013873,20013858,20013843,20013828,20013813,20013798,20013783
4532,20013904,20013889,20013874,20013859,20013844,20013829,20013814,20013799
4533,20013920,20013905,20013890,20013875,20013860,20013845,20013830,20013815
4534,20013936,20013921,20013906,20013891,20013876,20013861,20013846,20013831
4535,20013952,20013937,20013922,20013907,20013892,20013877,20013862,20013847
4536,20013968,20013953,20013938,20013923,20013908,20013893,20013878,20013863
4537,20013984,20013969,20013954,20013939,20013924,20013909,20013894,20013879
4538,20014000,20013985,20013970,20013955,20013940,20013925,20013910,20013895
4539,20014016,20014001,20013986,20013971,20013956,20013941,20013926,20013911
4540,20014032,20014017,20014002,20013987,20013972,20013957,20013942,20013927
4541,20014048,20014033,20014018,20014003,20013988,20013973,20013958,20013943
4542,20014064,20014049,20014034,20014019,20014004,20013989,20013974,20013959
4543,20014080,20014065,20014050,20014035,20014020,20014005,20013990,20013975
4544,20014096,20014081,20014066,20014051,20014036,20014021,20014006,20013991
4545,20014112,20014097,20014082,20014067,20014052,20014037,20014022,20014007
4546,20014128,20014113,20014098,20014083,20014068,20014053,20014038,20014023
4547,20014144,20014129,20014114,20014099,20014084,20014069,20014054,20014039
4548,20014160,20014145,20014130,20014115,20014100,20014085,20014070,20014055
4549,20014176,20014161,20014146,20014131,20014116,20014101,20014086,20014071
4550,20014192,20014177,20014162,20014147,20014132,20014117,20014102,20014087
4551,20014208,20014193,20014178,20014163,20014148,20014133,20014118,20014103
4552,20014224,20014209,20014194,20014179,20014164,20014149,20014134,20014119
4553,20014240,20014225,20014210,20014195,20014180,20014165,20014150,20014135
4554,20014256,20014241,20014226,20014211,20014196,20014181,20014166,20014151
4555,20014272,20014257,20014242,20014227,20014212,20014197,20014182,20014167
4556,20014288,20014273,20014258,20014243,20014228,20014213,20014198,20014183
4557,20014304,20014289,20014274,20014259,20014244,20014229,20014214,20014199
4558,20014320,20014305,20014290,20014275,20014260,20014245,20014230,20014215
4559,20014336,20014321,20014306,20014291,20014276,20014261,20014246,20014231
4560,20014352,20014337,20014322,20014307,20014292,20014277,20014262,20014247
4561,20014368,20014353,20014338,20014323,20014308,20014293,20014278,20014263
4562,20014384,20014369,20014354,20014339,20014324,20014309,20014294,20014279
4563,-1,20014385,20014370,20014355,20014340,20014325,20014310,20014295
4564,-1,-1,20014386,20014371,20014356,20014341,20014326,20014311
4565,-1,-1,-1,20014387,20014372,20014357,20014342,20014327
4566,-1,-1,-1,-1,20014388,20014373,20014358,20014343
4567,-1,-1,-1,-1,-1,20014389,20014374,20014359
4568,-1,-1,-1,-1,-1,-1,20014390,20014375
4569,-1,-1,-1,-1,-1,-1,-1,20014391
4570,-1,-1,-1,-1,-1,-1,-1,-1
4571,-1,-1,-1,-1,-1,-1,-1,-1
4572,-1,-1,-1,-1,-1,-1,-1,-1
4573,-1,-1,-1,-1,-1,-1,-1,-1
4574,-1,-1,-1,-1,-1,-1,-1,-1
4575,-1,-1,-1,-1,-1,-1,-1,-1
4576,-1,-1,-1,-1,-1,-1,-1,-1
4577,20000000,-1,-1,-1,-1,-1,-1,-1
4578,20000016,20000001,-1,-1,-1,-1,-1,-1
4579,20000032,20000017,20000002,-1,-1,-1,-1,-1
4580,20000048,20000033,20000018,20000003,-1,-1,-1,-1
4581,20000064,20000049,20000034,20000019,20000004,-1,-1,-1
4582,20000080,20000065,20000050,20000035,20000020,20000005,-1,-1
4583,20000096,20000081,20000066,20000051,20000036,20000021,20000006,-1
4584,20000112,20000097,20000082,20000067,20000052,20000037,20000022,20000007
4585,20000128,20000113,20000098,20000083,20000068,20000053,20000038,20000023
4586,20000144,20000129,20000114,20000099,20000084,20000069,20000054,20000039
4587,20000160,20000145,20000130,20000115,20000100,20000085,20000070,20000055
4588,20000176,20000161,20000146,20000131,20000116,20000101,20000086,20000071
4589,20000192,20000177,20000162,20000147,20000132,20000117,20000102,20000087
4590,20000208,20000193,20000178,20000163,20000148,20000133,20000118,20000103
4591,20000224,20000209,20000194,20000179,20000164,20000149,20000134,20000119
4592,20000240,20000225,20000210,20000195,20000180,20000165,20000150,20000135
4593,20000256,20000241,20000226,20000211,20000196,20000181,20000166,20000151
4594,20000272,20000257,20000242,20000227,20000212,20000197,20000182,20000167
4595,20000288,20000273,20000258,20000243,20000228,20000213,20000198,20000183
4596,20000304,20000289,20000274,20000259,20000244,20000229,20000214,20000199
4597,20000320,20000305,20000290,20000275,20000260,20000245,20000230,20000215
4598,20000336,20000321,20000306,20000291,20000276,20000261,20000246,20000231
4599,20000352,20000337,20000322,20000307,20000292,20000277,20000262,20000247
4600,20000368,20000353,20000338,20000323,20000308,20000293,20000278,20000263
4601,20000384,20000369,20000354,20000339,20000324,20000309,20000294,20000279
4602,20000400,20000385,20000370,20000355,20000340,20000325,20000310,20000295
4603,20000416,20000401,20000386,20000371,20000356,20000341,20000326,20000311
4604,20000432,20000417,20000402,20000387,20000372,20000357,20000342,20000327
4605,20000448,20000433,20000418,20000403,20000388,20000373,20000358,20000343
4606,20000464,20000449,20000434,20000419,20000404,20000389,20000374,20000359
4607,20000480,20000465,20000450,20000435,20000420,20000405,20000390,20000375
4608,20000496,20000481,20000466,20000451,20000436,20000421,20000406,20000391
4609,20000512,20000497,20000482,20000467,20000452,20000437,20000422,20000407
4610,20000528,20000513,20000498,20000483,20000468,20000453,20000438,20000423
4611,20000544,20000529,20000514,20000499,20000484,20000469,20000454,20000439
4612,20000560,20000545,20000530,20000515,20000500,20000485,20000470,20000455
4613,20000576,20000561,20000546,20000531,20000516,20000501,20000486,20000471
4614,20000592,20000577,20000562,20000547,20000532,20000517,20000502,20000487
4615,20000608,20000593,20000578,20000563,20000548,20000533,20000518,20000503
4616,20000624,20000609,20000594,20000579,20000564,20000549,20000534,20000519
4617,20000640,20000625,20000610,20000595,20000580,20000565,20000550,20000535
4618,20000656,20000641,20000626,20000611,20000596,20000581,20000566,20000551
4619,20000672,20000657,20000642,20000627,20000612,20000597,20000582,20000567
4620,20000688,20000673,20000658,20000643,20000628,20000613,20000598,20000583
4621,20000704,20000689,20000674,20000659,20000644,20000629,20000614,20000599
4622,20000720,20000705,20000690,20000675,20000660,20000645,20000630,20000615
4623,20000736,20000721,20000706,20000691,20000676,20000661,20000646,20000631
4624,20000752,20000737,20000722,20000707,20000692,20000677,20000662,20000647
4625,20000768,20000753,20000738,20000723,20000708,20000693,20000678,20000663
4626,20000784,20000769,20000754,20000739,20000724,20000709,20000694,20000679
4627,20000800,20000785,20000770,20000755,20000740,20000725,20000710,20000695
4628,20000816,20000801,20000786,20000771,20000756,20000741,20000726,20000711
4629,20000832,20000817,20000802,20000787,20000772,20000757,20000742,20000727
4630,20000848,20000833,20000818,20000803,20000788,20000773,20000758,20000743
4631,20000864,20000849,20000834,20000819,20000804,20000789,20000774,20000759
4632,20000880,20000865,20000850,20000835,20000820,20000805,20000790,20000775
4633,20000896,20000881,20000866,20000851,20000836,20000821,20000806,20000791
4634,20000912,20000897,20000882,20000867,20000852,20000837,20000822,20000807
4635,20000928,20000913,20000898,20000883,20000868,20000853,20000838,20000823
4636,20000944,20000929,20000914,20000899,20000884,20000869,20000854,20000839
4637,20000960,20000945,20000930,20000915,20000900,20000885,20000870,20000855
4638,20000976,20000961,20000946,20000931,20000916,20000901,20000886,20000871
4639,20000992,20000977,20000962,20000947,20000932,20000917,20000902,20000887
4640,20001008,20000993,20000978,20000963,20000948,20000933,20000918,20000903
4641,20001024,20001009,20000994,20000979,20000964,20000949,20000934,20000919
4642,20001040,20001025,20001010,20000995,20000980,20000965,20000950,20000935
4643,20001056,20001041,20001026,20001011,20000996,20000981,20000966,20000951
4644,20001072,20001057,20001042,20001027,20001012,20000997,20000982,20000967
4645,20001088,20001073,20001058,20001043,20001028,20001013,20000998,20000983
4646,20001104,20001089,20001074,20001059,20001044,20001029,20001014,20000999
4647,20001120,20001105,20001090,20001075,20001060,20001045,20001030,20001015
4648,20001136,20001121,20001106,20001091,20001076,20001061,20001046,20001031
4649,20001152,20001137,20001122,20001107,20001092,20001077,20001062,20001047
4650,20001168,20001153,20001138,20001123,20001108,20001093,20001078,20001063
4651,20001184,20001169,20001154,20001139,20001124,20001109,20001094,20001079
4652,20001200,20001185,20001170,20001155,20001140,20001125,20001110,20001095
4653,20001216,20001201,20001186,20001171,20001156,20001141,20001126,20001111
4654,20001232,20001217,20001202,20001187,20001172,20001157,20001142,20001127
4655,20001248,20001233,20001218,20001203,20001188,20001173,20001158,20001143
4656,20001264,20001249,20001234,20001219,20001204,20001189,20001174,20001159
4657,20001280,20001265,20001250,20001235,20001220,20001205,20001190,20001175
4658,20001296,20001281,20001266,20001251,20001236,20001221,20001206,20001191
4659,20001312,20001297,20001282,20001267,20001252,20001237,20001222,20001207
4660,20001328,20001313,20001298,20001283,20001268,20001253,20001238,20001223
4661,20001344,20001329,20001314,20001299,20001284,20001269,20001254,20001239
4662,20001360,20001345,20001330,20001315,20001300,20001285,20001270,20001255
4663,20001376,20001361,20001346,20001331,20001316,20001301,20001286,20001271
4664,20001392,20001377,20001362,20001347,20001332,20001317,20001302,20001287
4665,20001408,20001393,20001378,20001363,20001348,20001333,20001318,20001303
4666,20001424,20001409,20001394,20001379,20001364,20001349,20001334,20001319
4667,20001440,20001425,20001410,20001395,20001380,20001365,20001350,20001335
4668,20001456,20001441,20001426,20001411,20001396,20001381,20001366,20001351
4669,20001472,20001457,20001442,20001427,20001412,20001397,20001382,20001367
4670,20001488,20001473,20001458,20001443,20001428,20001413,20001398,20001383
4671,20001504,20001489,20001474,20001459,20001444,20001429,20001414,20001399
4672,20001520,20001505,20001490,20001475,20001460,20001445,20001430,20001415
4673,20001536,20001521,20001506,20001491,20001476,20001461,20001446,20001431
4674,20001552,20001537,20001522,20001507,20001492,20001477,20001462,20001447
4675,20001568,20001553,20001538,20001523,20001508,20001493,20001478,20001463
4676,20001584,20001569,20001554,20001539,20001524,20001509,20001494,20001479
4677,20001600,20001585,20001570,20001555,20001540,20001525,20001510,20001495
4678,20001616,20001601,20001586,20001571,20001556,20001541,20001526,20001511
4679,20001632,20001617,20001602,20001587,20001572,20001557,20001542,20001527
4680,20001648,20001633,20001618,20001603,20001588,20001573,20001558,20001543
4681,20001664,20001649,20001634,20001619,20001604,20001589,20001574,20001559
4682,20001680,20001665,20001650,20001635,20001620,20001605,20001590,20001575
4683,20001696,20001681,20001666,20001651,20001636,20001621,20001606,20001591
4684,20001712,20001697,20001682,20001667,20001652,20001637,20001622,20001607
4685,20001728,20001713,20001698,20001683,20001668,20001653,20001638,20001623
4686,20001744,20001729,20001714,20001699,20001684,20001669,20001654,20001639
4687,20001760,20001745,20001730,20001715,20001700,20001685,20001670,20001655
4688,20001776,20001761,20001746,20001731,20001716,20001701,20001686,20001671
4689,20001792,20001777,20001762,20001747,20001732,20001717,20001702,20001687
4690,20001808,20001793,20001778,20001763,20001748,20001733,20001718,20001703
4691,20001824,20001809,20001794,20001779,20001764,20001749,20001734,20001719
4692,20001840,20001825,20001810,20001795,20001780,20001765,20001750,20001735
4693,20001856,20001841,20001826,20001811,20001796,20001781,20001766,20001751
4694,20001872,20001857,20001842,20001827,20001812,20001797,20001782,20001767
4695,20001888,20001873,20001858,20001843,20001828,20001813,20001798,20001783
4696,20001904,20001889,20001874,20001859,20001844,20001829,20001814,20001799
4697,20001920,20001905,20001890,20001875,20001860,20001845,20001830,20001815
4698,20001936,20001921,20001906,20001891,20001876,20001861,20001846,20001831
4699,20001952,20001937,20001922,20001907,20001892,20001877,20001862,20001847
4700,20001968,20001953,20001938,20001923,20001908,20001893,20001878,20001863
4701,20001984,20001969,20001954,20001939,20001924,20001909,20001894,20001879
4702,20002000,20001985,20001970,20001955,20001940,20001925,20001910,20001895
4703,20002016,20002001,20001986,20001971,20001956,20001941,20001926,20001911
4704,20002032,20002017,20002002,20001987,20001972,20001957,20001942,20001927
4705,20002048,20002033,20002018,20002003,20001988,20001973,20001958,20001943
4706,20002064,20002049,20002034,20002019,20002004,20001989,20001974,20001959
4707,20002080,20002065,20002050,20002035,20002020,20002005,20001990,20001975
4708,20002096,20002081,20002066,20002051,20002036,20002021,20002006,20001991
4709,20002112,20002097,20002082,20002067,20002052,20002037,20002022,20002007
4710,20002128,20002113,20002098,20002083,20002068,20002053,20002038,20002023
4711,20002144,20002129,20002114,20002099,20002084,20002069,20002054,20002039
4712,20002160,20002145,20002130,20002115,20002100,20002085,20002070,20002055
4713,20002176,20002161,20002146,20002131,20002116,20002101,20002086,20002071
4714,20002192,20002177,20002162,20002147,20002132,20002117,20002102,20002087
4715,20002208,20002193,20002178,20002163,20002148,20002133,20002118,20002103
4716,20002224,20002209,20002194,20002179,20002164,20002149,20002134,20002119
4717,20002240,20002225,20002210,20002195,20002180,20002165,20002150,20002135
4718,20002256,20002241,20002226,20002211,20002196,20002181,20002166,20002151
4719,20002272,20002257,20002242,20002227,20002212,20002197,20002182,20002167
4720,20002288,20002273,20002258,20002243,20002228,20002213,20002198,20002183
4721,20002304,20002289,20002274,20002259,20002244,20002229,20002214,20002199
4722,20002320,20002305,20002290,20002275,20002260,20002245,20002230,20002215
4723,20002336,20002321,20002306,20002291,20002276,20002261,20002246,20002231
4724,20002352,20002337,20002322,20002307,20002292,20002277,20002262,20002247
4725,20002368,20002353,20002338,20002323,20002308,20002293,20002278,20002263
4726,20002384,20002369,20002354,20002339,20002324,20002309,20002294,20002279
4727,20002400,20002385,20002370,20002355,20002340,20002325,20002310,20002295
4728,20002416,20002401,20002386,20002371,20002356,20002341,20002326,20002311
4729,20002432,20002417,20002402,20002387,20002372,20002357,20002342,20002327
4730,20002448,20002433,20002418,20002403,20002388,20002373,20002358,20002343
4731,20002464,20002449,20002434,20002419,20002404,20002389,20002374,20002359
4732,20002480,20002465,20002450,20002435,20002420,20002405,20002390,20002375
4733,20002496,20002481,20002466,20002451,20002436,20002421,20002406,20002391
4734,20002512,20002497,20002482,20002467,20002452,20002437,20002422,20002407
4735,20002528,20002513,20002498,20002483,20002468,20002453,20002438,20002423
4736,20002544,20002529,20002514,20002499,20002484,20002469,20002454,20002439
4737,20002560,20002545,20002530,20002515,20002500,20002485,20002470,20002455
4738,20002576,20002561,20002546,20002531,20002516,20002501,20002486,20002471
4739,20002592,20002577,20002562,20002547,20002532,20002517,20002502,20002487
4740,20002608,20002593,20002578,20002563,20002548,20002533,20002518,20002503
4741,20002624,20002609,20002594,20002579,20002564,20002549,20002534,20002519
4742,20002640,20002625,20002610,20002595,20002580,20002565,20002550,20002535
4743,20002656,20002641,20002626,20002611,20002596,20002581,20002566,20002551
4744,20002672,20002657,20002642,20002627,20002612,20002597,20002582,20002567
4745,20002688,20002673,20002658,20002643,20002628,20002613,20002598,20002583
4746,20002704,20002689,20002674,20002659,20002644,20002629,20002614,20002599
4747,20002720,20002705,20002690,20002675,20002660,20002645,20002630,20002615
4748,20002736,20002721,20002706,20002691,20002676,20002661,20002646,20002631
4749,20002752,20002737,20002722,20002707,20002692,20002677,20002662,20002647
4750,20002768,20002753,20002738,20002723,20002708,20002693,20002678,20002663
4751,20002784,20002769,20002754,20002739,20002724,20002709,20002694,20002679
4752,20002800,20002785,20002770,20002755,20002740,20002725,20002710,20002695
4753,20002816,20002801,20002786,20002771,20002756,20002741,20002726,20002711
4754,20002832,20002817,20002802,20002787,20002772,20002757,20002742,20002727
4755,20002848,20002833,20002818,20002803,20002788,20002773,20002758,20002743
4756,20002864,20002849,20002834,20002819,20002804,20002789,20002774,20002759
4757,20002880,20002865,20002850,20002835,20002820,20002805,20002790,20002775
4758,20002896,20002881,20002866,20002851,20002836,20002821,20002806,20002791
4759,20002912,20002897,20002882,20002867,20002852,20002837,20002822,20002807
4760,20002928,20002913,20002898,20002883,20002868,20002853,20002838,20002823
4761,20002944,20002929,20002914,20002899,20002884,20002869,20002854,20002839
4762,20002960,20002945,20002930,20002915,20002900,20002885,20002870,20002855
4763,20002976,20002961,20002946,20002931,20002916,20002901,20002886,20002871
4764,20002992,20002977,20002962,20002947,20002932,20002917,20002902,20002887
4765,20003008,20002993,20002978,20002963,20002948,20002933,20002918,20002903
4766,20003024,20003009,20002994,20002979,20002964,20002949,20002934,20002919
4767,20003040,20003025,20003010,20002995,20002980,20002965,20002950,20002935
4768,20003056,20003041,20003026,20003011,20002996,20002981,20002966,20002951
4769,20003072,20003057,20003042,20003027,20003012,20002997,20002982,20002967
4770,20003088,20003073,20003058,20003043,20003028,20003013,20002998,20002983
4771,20003104,20003089,20003074,20003059,20003044,20003029,20003014,20002999
4772,20003120,20003105,20003090,20003075,20003060,20003045,20003030,20003015
4773,20003136,20003121,20003106,20003091,20003076,20003061,20003046,20003031
4774,20003152,20003137,20003122,20003107,20003092,20003077,20003062,20003047
4775,20003168,20003153,20003138,20003123,20003108,20003093,20003078,20003063
4776,20003184,20003169,20003154,20003139,20003124,20003109,20003094,20003079
4777,20003200,20003185,20003170,20003155,20003140,20003125,20003110,20003095
4778,20003216,20003201,20003186,20003171,20003156,20003141,20003126,20003111
4779,20003232,20003217,20003202,20003187,20003172,20003157,20003142,20003127
4780,20003248,20003233,20003218,20003203,20003188,20003173,20003158,20003143
4781,20003264,20003249,20003234,20003219,20003204,20003189,20003174,20003159
4782,20003280,20003265,20003250,20003235,20003220,20003205,20003190,20003175
4783,20003296,20003281,20003266,20003251,20003236,20003221,20003206,20003191
4784,20003312,20003297,20003282,20003267,20003252,20003237,20003222,20003207
4785,20003328,20003313,20003298,20003283,20003268,20003253,20003238,20003223
4786,20003344,20003329,20003314,20003299,20003284,20003269,20003254,20003239
4787,20003360,20003345,20003330,20003315,20003300,20003285,20003270,20003255
4788,20003376,20003361,20003346,20003331,20003316,20003301,20003286,20003271
4789,20003392,20003377,20003362,20003347,20003332,20003317,20003302,20003287
4790,20003408,20003393,20003378,20003363,20003348,20003333,20003318,20003303
4791,20003424,20003409,20003394,20003379,20003364,20003349,20003334,20003319
4792,20003440,20003425,20003410,20003395,20003380,20003365,20003350,20003335
4793,20003456,20003441,20003426,20003411,20003396,20003381,20003366,20003351
4794,20003472,20003457,20003442,20003427,20003412,20003397,20003382,20003367
4795,20003488,20003473,20003458,20003443,20003428,20003413,20003398,20003383
4796,20003504,20003489,20003474,20003459,20003444,20003429,20003414,20003399
4797,20003520,20003505,20003490,20003475,20003460,20003445,20003430,20003415
4798,20003536,20003521,20003506,20003491,20003476,20003461,20003446,20003431
4799,20003552,20003537,20003522,20003507,20003492,20003477,20003462,20003447
4800,20003568,20003553,20003538,20003523,20003508,20003493,20003478,20003463
4801,20003584,20003569,20003554,20003539,20003524,20003509,20003494,20003479
4802,20003600,20003585,20003570,20003555,20003540,20003525,20003510,20003495
4803,20003616,20003601,20003586,20003571,20003556,20003541,20003526,20003511
4804,20003632,20003617,20003602,20003587,20003572,20003557,20003542,20003527
4805,20003648,20003633,20003618,20003603,20003588,20003573,20003558,20003543
4806,20003664,20003649,20003634,20003619,20003604,20003589,20003574,20003559
4807,20003680,20003665,20003650,20003635,20003620,20003605,20003590,20003575
4808,20003696,20003681,20003666,20003651,20003636,20003621,20003606,20003591
4809,20003712,20003697,20003682,20003667,20003652,20003637,20003622,20003607
4810,20003728,20003713,20003698,20003683,20003668,20003653,20003638,20003623
4811,20003744,20003729,20003714,20003699,20003684,20003669,20003654,20003639
4812,20003760,20003745,20003730,20003715,20003700,20003685,20003670,20003655
4813,20003776,20003761,20003746,20003731,20003716,20003701,20003686,20003671
4814,20003792,20003777,20003762,20003747,20003732,20003717,20003702,20003687
4815,20003808,20003793,20003778,20003763,20003748,20003733,20003718,20003703
4816,20003824,20003809,20003794,20003779,20003764,20003749,20003734,20003719
4817,20003840,20003825,20003810,20003795,20003780,20003765,20003750,20003735
4818,20003856,20003841,20003826,20003811,20003796,20003781,20003766,20003751
4819,20003872,20003857,20003842,20003827,20003812,20003797,20003782,20003767
4820,20003888,20003873,20003858,20003843,20003828,20003813,20003798,20003783
4821,20003904,20003889,20003874,20003859,20003844,20003829,20003814,20003799
4822,20003920,20003905,20003890,20003875,20003860,20003845,20003830,20003815
4823,20003936,20003921,20003906,20003891,20003876,20003861,20003846,20003831
4824,20003952,20003937,20003922,20003907,20003892,20003877,20003862,20003847
4825,20003968,20003953,20003938,20003923,20003908,20003893,20003878,20003863
4826,20003984,20003969,20003954,20003939,20003924,20003909,20003894,20003879
4827,20004000,20003985,20003970,20003955,20003940,20003925,20003910,20003895
4828,20004016,20004001,20003986,20003971,20003956,20003941,20003926,20003911
4829,20004032,20004017,20004002,20003987,20003972,20003957,20003942,20003927
4830,20004048,20004033,20004018,20004003,20003988,20003973,20003958,20003943
4831,20004064,20004049,20004034,20004019,20004004,20003989,20003974,20003959
4832,20004080,20004065,20004050,20004035,20004020,20004005,20003990,20003975
4833,20004096,20004081,20004066,20004051,20004036,20004021,20004006,20003991
4834,20004112,20004097,20004082,20004067,20004052,20004037,20004022,20004007
4835,20004128,20004113,20004098,20004083,20004068,20004053,20004038,20004023
4836,20004144,20004129,20004114,20004099,20004084,20004069,20004054,20004039
4837,20004160,20004145,20004130,20004115,20004100,20004085,20004070,20004055
4838,20004176,20004161,20004146,20004131,20004116,20004101,20004086,20004071
4839,20004192,20004177,20004162,20004147,20004132,20004117,20004102,20004087
4840,20004208,20004193,20004178,20004163,20004148,20004133,20004118,20004103
4841,20004224,20004209,20004194,20004179,20004164,20004149,20004134,20004119
4842,20004240,20004225,20004210,20004195,20004180,20004165,20004150,20004135
4843,20004256,20004241,20004226,20004211,20004196,20004181,20004166,20004151
4844,20004272,20004257,20004242,20004227,20004212,20004197,20004182,20004167
4845,20004288,20004273,20004258,20004243,20004228,20004213,20004198,20004183
4846,20004304,20004289,20004274,20004259,20004244,20004229,20004214,20004199
4847,20004320,20004305,20004290,20004275,20004260,20004245,20004230,20004215
4848,20004336,20004321,20004306,20004291,20004276,20004261,20004246,20004231
4849,20004352,20004337,20004322,20004307,20004292,20004277,20004262,20004247
4850,20004368,20004353,20004338,20004323,20004308,20004293,20004278,20004263
4851,20004384,20004369,20004354,20004339,20004324,20004309,20004294,20004279
4852,20004400,20004385,20004370,20004355,20004340,20004325,20004310,20004295
4853,20004416,20004401,20004386,20004371,20004356,20004341,20004326,20004311
4854,20004432,20004417,20004402,20004387,20004372,20004357,20004342,20004327
4855,20004448,20004433,20004418,20004403,20004388,20004373,20004358,20004343
4856,20004464,20004449,20004434,20004419,20004404,20004389,20004374,20004359
4857,20004480,20004465,20004450,20004435,20004420,20004405,20004390,20004375
4858,20004496,20004481,20004466,20004451,20004436,20004421,20004406,20004391
4859,20004512,20004497,20004482,20004467,20004452,20004437,20004422,20004407
4860,20004528,20004513,20004498,20004483,20004468,20004453,20004438,20004423
4861,20004544,20004529,20004514,20004499,20004484,20004469,20004454,20004439
4862,20004560,20004545,20004530,20004515,20004500,20004485,20004470,20004455
4863,20004576,20004561,20004546,20004531,20004516,20004501,20004486,20004471
4864,20004592,20004577,20004562,20004547,20004532,20004517,20004502,20004487
4865,20004608,20004593,20004578,20004563,20004548,20004533,20004518,20004503
4866,20004624,20004609,20004594,20004579,20004564,20004549,20004534,20004519
4867,20004640,20004625,20004610,20004595,20004580,20004565,20004550,20004535
4868,20004656,20004641,20004626,20004611,20004596,20004581,20004566,20004551
4869,20004672,20004657,20004642,20004627,20004612,20004597,20004582,20004567
4870,20004688,20004673,20004658,20004643,20004628,20004613,20004598,20004583
4871,20004704,20004689,20004674,20004659,20004644,20004629,20004614,20004599
4872,20004720,20004705,20004690,20004675,20004660,20004645,20004630,20004615
4873,20004736,20004721,20004706,20004691,20004676,20004661,20004646,20004631
4874,20004752,20004737,20004722,20004707,20004692,20004677,20004662,20004647
4875,20004768,20004753,20004738,20004723,20004708,20004693,20004678,20004663
4876,20004784,20004769,20004754,20004739,20004724,20004709,20004694,20004679
4877,20004800,20004785,20004770,20004755,20004740,20004725,20004710,20004695
4878,20004816,20004801,20004786,20004771,20004756,20004741,20004726,20004711
4879,20004832,20004817,20004802,20004787,20004772,20004757,20004742,20004727
4880,20004848,20004833,20004818,20004803,20004788,20004773,20004758,20004743
4881,20004864,20004849,20004834,20004819,20004804,20004789,20004774,20004759
4882,20004880,20004865,20004850,20004835,20004820,20004805,20004790,20004775
4883,20004896,20004881,20004866,20004851,20004836,20004821,20004806,20004791
4884,20004912,20004897,20004882,20004867,20004852,20004837,20004822,20004807
4885,20004928,20004913,20004898,20004883,20004868,20004853,20004838,20004823
4886,20004944,20004929,20004914,20004899,20004884,20004869,20004854,20004839
4887,20004960,20004945,20004930,20004915,20004900,20004885,20004870,20004855
4888,20004976,20004961,20004946,20004931,20004916,20004901,20004886,20004871
4889,20004992,20004977,20004962,20004947,20004932,20004917,20004902,20004887
4890,20005008,20004993,20004978,20004963,20004948,20004933,20004918,20004903
4891,20005024,20005009,20004994,20004979,20004964,20004949,20004934,20004919
4892,20005040,20005025,20005010,20004995,20004980,20004965,20004950,20004935
4893,20005056,20005041,20005026,20005011,20004996,20004981,20004966,20004951
4894,20005072,20005057,20005042,20005027,20005012,20004997,20004982,20004967
4895,20005088,20005073,20005058,20005043,20005028,20005013,20004998,20004983
4896,20005104,20005089,20005074,20005059,20005044,20005029,20005014,20004999
4897,20005120,20005105,20005090,20005075,20005060,20005045,20005030,20005015
4898,20005136,20005121,20005106,20005091,20005076,20005061,20005046,20005031
4899,20005152,20005137,20005122,20005107,20005092,20005077,20005062,20005047
4900,20005168,20005153,20005138,20005123,20005108,20005093,20005078,20005063
4901,20005184,20005169,20005154,20005139,20005124,20005109,20005094,20005079
4902,20005200,20005185,20005170,20005155,20005140,20005125,20005110,20005095
4903,20005216,20005201,20005186,20005171,20005156,20005141,20005126,20005111
4904,20005232,20005217,20005202,20005187,20005172,20005157,20005142,20005127
4905,20005248,20005233,20005218,20005203,20005188,20005173,20005158,20005143
4906,20005264,20005249,20005234,20005219,20005204,20005189,20005174,20005159
4907,20005280,20005265,20005250,20005235,20005220,20005205,20005190,20005175
4908,20005296,20005281,20005266,20005251,20005236,20005221,20005206,20005191
4909,20005312,20005297,20005282,20005267,20005252,20005237,20005222,20005207
4910,20005328,20005313,20005298,20005283,20005268,20005253,20005238,20005223
4911,20005344,20005329,20005314,20005299,20005284,20005269,20005254,20005239
4912,20005360,20005345,20005330,20005315,20005300,20005285,20005270,20005255
4913,20005376,20005361,20005346,20005331,20005316,20005301,20005286,20005271
4914,20005392,20005377,20005362,20005347,20005332,20005317,20005302,20005287
4915,20005408,20005393,20005378,20005363,20005348,20005333,20005318,20005303
4916,20005424,20005409,20005394,20005379,20005364,20005349,20005334,20005319
4917,20005440,20005425,20005410,20005395,20005380,20005365,20005350,20005335
4918,20005456,20005441,20005426,20005411,20005396,20005381,20005366,20005351
4919,20005472,20005457,20005442,20005427,20005412,20005397,20005382,20005367
4920,20005488,20005473,20005458,20005443,20005428,20005413,20005398,20005383
4921,20005504,20005489,20005474,20005459,20005444,20005429,20005414,20005399
4922,20005520,20005505,20005490,20005475,20005460,20005445,20005430,20005415
4923,20005536,20005521,20005506,20005491,20005476,20005461,20005446,20005431
4924,20005552,20005537,20005522,20005507,20005492,20005477,20005462,20005447
4925,20005568,20005553,20005538,20005523,20005508,20005493,20005478,20005463
4926,20005584,20005569,20005554,20005539,20005524,20005509,20005494,20005479
4927,20005600,20005585,20005570,20005555,20005540,20005525,20005510,20005495
4928,20005616,20005601,20005586,20005571,20005556,20005541,20005526,20005511
4929,20005632,20005617,20005602,20005587,20005572,20005557,20005542,20005527
4930,20005648,20005633,20005618,20005603,20005588,20005573,20005558,20005543
4931,20005664,20005649,20005634,20005619,20005604,20005589,20005574,20005559
4932,20005680,20005665,20005650,20005635,20005620,20005605,20005590,20005575
4933,20005696,20005681,20005666,20005651,20005636,20005621,20005606,20005591
4934,20005712,20005697,20005682,20005667,20005652,20005637,20005622,20005607
4935,20005728,20005713,20005698,20005683,20005668,20005653,20005638,20005623
4936,20005744,20005729,20005714,20005699,20005684,20005669,20005654,20005639
4937,20005760,20005745,20005730,20005715,20005700,20005685,20005670,20005655
4938,20005776,20005761,20005746,20005731,20005716,20005701,20005686,20005671
4939,20005792,20005777,20005762,20005747,20005732,20005717,20005702,20005687
4940,20005808,20005793,20005778,20005763,20005748,20005733,20005718,20005703
4941,20005824,20005809,20005794,20005779,20005764,20005749,20005734,20005719
4942,20005840,20005825,20005810,20005795,20005780,20005765,20005750,20005735
4943,20005856,20005841,20005826,20005811,20005796,20005781,20005766,20005751
4944,20005872,20005857,20005842,20005827,20005812,20005797,20005782,20005767
4945,20005888,20005873,20005858,20005843,20005828,20005813,20005798,20005783
4946,20005904,20005889,20005874,20005859,20005844,20005829,20005814,20005799
4947,20005920,20005905,20005890,20005875,20005860,20005845,20005830,20005815
4948,20005936,20005921,20005906,20005891,20005876,20005861,20005846,20005831
4949,20005952,20005937,20005922,20005907,20005892,20005877,20005862,20005847
4950,20005968,20005953,20005938,20005923,20005908,20005893,20005878,20005863
4951,20005984,20005969,20005954,20005939,20005924,20005909,20005894,20005879
4952,20006000,20005985,20005970,20005955,20005940,20005925,20005910,20005895
4953,20006016,20006001,20005986,20005971,20005956,20005941,20005926,20005911
4954,20006032,20006017,20006002,20005987,20005972,20005957,20005942,20005927
4955,20006048,20006033,20006018,20006003,20005988,20005973,20005958,20005943
4956,20006064,20006049,20006034,20006019,20006004,20005989,20005974,20005959
4957,20006080,20006065,20006050,20006035,20006020,20006005,20005990,20005975
4958,20006096,20006081,20006066,20006051,20006036,20006021,20006006,20005991
4959,20006112,20006097,20006082,20006067,20006052,20006037,20006022,20006007
4960,20006128,20006113,20006098,20006083,20006068,20006053,20006038,20006023
4961,20006144,20006129,20006114,20006099,20006084,20006069,20006054,20006039
4962,20006160,20006145,20006130,20006115,20006100,20006085,20006070,20006055
4963,20006176,20006161,20006146,20006131,20006116,20006101,20006086,20006071
4964,20006192,20006177,20006162,20006147,20006132,20006117,20006102,20006087
4965,20006208,20006193,20006178,20006163,20006148,20006133,20006118,20006103
4966,20006224,20006209,20006194,20006179,20006164,20006149,20006134,20006119
4967,20006240,20006225,20006210,20006195,20006180,20006165,20006150,20006135
4968,20006256,20006241,20006226,20006211,20006196,20006181,20006166,20006151
4969,20006272,20006257,20006242,20006227,20006212,20006197,20006182,20006167
4970,20006288,20006273,20006258,20006243,20006228,20006213,20006198,20006183
4971,20006304,20006289,20006274,20006259,20006244,20006229,20006214,20006199
4972,20006320,20006305,20006290,20006275,20006260,20006245,20006230,20006215
4973,20006336,20006321,20006306,20006291,20006276,20006261,20006246,20006231
4974,20006352,20006337,20006322,20006307,20006292,20006277,20006262,20006247
4975,20006368,20006353,20006338,20006323,20006308,20006293,20006278,20006263
4976,20006384,20006369,20006354,20006339,20006324,20006309,20006294,20006279
4977,20006400,20006385,20006370,20006355,20006340,20006325,20006310,20006295
4978,20006416,20006401,20006386,20006371,20006356,20006341,20006326,20006311
4979,20006432,20006417,20006402,20006387,20006372,20006357,20006342,20006327
4980,20006448,20006433,20006418,20006403,20006388,20006373,20006358,20006343
4981,20006464,20006449,20006434,20006419,20006404,20006389,20006374,20006359
4982,20006480,20006465,20006450,20006435,20006420,20006405,20006390,20006375
4983,20006496,20006481,20006466,20006451,20006436,20006421,20006406,20006391
4984,20006512,20006497,20006482,20006467,20006452,20006437,20006422,20006407
4985,20006528,20006513,20006498,20006483,20006468,20006453,20006438,20006423
4986,20006544,20006529,20006514,20006499,20006484,20006469,20006454,20006439
4987,20006560,20006545,20006530,20006515,20006500,20006485,20006470,20006455
4988,20006576,20006561,20006546,20006531,20006516,20006501,20006486,20006471
4989,20006592,20006577,20006562,20006547,20006532,20006517,20006502,20006487
4990,20006608,20006593,20006578,20006563,20006548,20006533,20006518,20006503
4991,20006624,20006609,20006594,20006579,20006564,20006549,20006534,20006519
4992,20006640,20006625,20006610,20006595,20006580,20006565,20006550,20006535
4993,20006656,20006641,20006626,20006611,20006596,20006581,20006566,20006551
4994,20006672,20006657,20006642,20006627,20006612,20006597,20006582,20006567
4995,20006688,20006673,20006658,20006643,20006628,20006613,20006598,20006583
4996,20006704,20006689,20006674,20006659,20006644,20006629,20006614,20006599
4997,20006720,20006705,20006690,20006675,20006660,20006645,20006630,20006615
4998,20006736,20006721,20006706,20006691,20006676,20006661,20006646,20006631
4999,20006752,20006737,20006722,20006707,20006692,20006677,20006662,20006647
5000,20006768,20006753,20006738,20006723,20006708,20006693,20006678,20006663
5001,20006784,20006769,20006754,20006739,20006724,20006709,20006694,20006679
5002,20006800,20006785,20006770,20006755,20006740,20006725,20006710,20006695
5003,20006816,20006801,20006786,20006771,20006756,20006741,20006726,20006711
5004,20006832,20006817,20006802,20006787,20006772,20006757,20006742,20006727
5005,20006848,20006833,20006818,20006803,20006788,20006773,20006758,20006743
5006,20006864,20006849,20006834,20006819,20006804,20006789,20006774,20006759
5007,20006880,20006865,20006850,20006835,20006820,20006805,20006790,20006775
5008,20006896,20006881,20006866,20006851,20006836,20006821,20006806,20006791
5009,20006912,20006897,20006882,20006867,20006852,20006837,20006822,20006807
5010,20006928,20006913,20006898,20006883,20006868,20006853,20006838,20006823
5011,20006944,20006929,20006914,20006899,20006884,20006869,20006854,20006839
5012,20006960,20006945,20006930,20006915,20006900,20006885,20006870,20006855
5013,20006976,20006961,20006946,20006931,20006916,20006901,20006886,20006871
5014,20006992,20006977,20006962,20006947,20006932,20006917,20006902,20006887
5015,20007008,20006993,20006978,20006963,20006948,20006933,20006918,20006903
5016,20007024,20007009,20006994,20006979,20006964,20006949,20006934,20006919
5017,20007040,20007025,20007010,20006995,20006980,20006965,20006950,20006935
5018,20007056,20007041,20007026,20007011,20006996,20006981,20006966,20006951
5019,20007072,20007057,20007042,20007027,20007012,20006997,20006982,20006967
5020,20007088,20007073,20007058,20007043,20007028,20007013,20006998,20006983
5021,20007104,20007089,20007074,20007059,20007044,20007029,20007014,20006999
5022,20007120,20007105,20007090,20007075,20007060,20007045,20007030,20007015
5023,20007136,20007121,20007106,20007091,20007076,20007061,20007046,20007031
5024,20007152,20007137,20007122,20007107,20007092,20007077,20007062,20007047
5025,20007168,20007153,20007138,20007123,20007108,20007093,20007078,20007063
5026,20007184,20007169,20007154,20007139,20007124,20007109,20007094,20007079
5027,20007200,20007185,20007170,20007155,20007140,20007125,20007110,20007095
5028,20007216,20007201,20007186,20007171,20007156,20007141,20007126,20007111
5029,20007232,20007217,20007202,20007187,20007172,20007157,20007142,20007127
5030,20007248,20007233,20007218,20007203,20007188,20007173,20007158,20007143
5031,20007264,20007249,20007234,20007219,20007204,20007189,20007174,20007159
5032,20007280,20007265,20007250,20007235,20007220,20007205,20007190,20007175
5033,20007296,20007281,20007266,20007251,20007236,20007221,20007206,20007191
5034,20007312,20007297,20007282,20007267,20007252,20007237,20007222,20007207
5035,20007328,20007313,20007298,20007283,20007268,20007253,20007238,20007223
5036,20007344,20007329,20007314,20007299,20007284,20007269,20007254,20007239
5037,20007360,20007345,20007330,20007315,20007300,20007285,20007270,20007255
5038,20007376,20007361,20007346,20007331,20007316,20007301,20007286,20007271
5039,20007392,20007377,20007362,20007347,20007332,20007317,20007302,20007287
5040,20007408,20007393,20007378,20007363,20007348,20007333,20007318,20007303
5041,20007424,20007409,20007394,20007379,20007364,20007349,20007334,20007319
5042,20007440,20007425,20007410,20007395,20007380,20007365,20007350,20007335
5043,20007456,20007441,20007426,20007411,20007396,20007381,20007366,20007351
5044,20007472,20007457,20007442,20007427,20007412,20007397,20007382,20007367
5045,20007488,20007473,20007458,20007443,20007428,20007413,20007398,20007383
5046,20007504,20007489,20007474,20007459,20007444,20007429,20007414,20007399
5047,20007520,20007505,20007490,20007475,20007460,20007445,20007430,20007415
5048,20007536,20007521,20007506,20007491,20007476,20007461,20007446,20007431
5049,20007552,20007537,20007522,20007507,20007492,20007477,20007462,20007447
5050,20007568,20007553,20007538,20007523,20007508,20007493,20007478,20007463
5051,20007584,20007569,20007554,20007539,20007524,20007509,20007494,20007479
5052,20007600,20007585,20007570,20007555,20007540,20007525,20007510,20007495
5053,20007616,20007601,20007586,20007571,20007556,20007541,20007526,20007511
5054,20007632,20007617,20007602,20007587,20007572,20007557,20007542,20007527
5055,20007648,20007633,20007618,20007603,20007588,20007573,20007558,20007543
5056,20007664,20007649,20007634,20007619,20007604,20007589,20007574,20007559
5057,20007680,20007665,20007650,20007635,20007620,20007605,20007590,20007575
5058,20007696,20007681,20007666,20007651,20007636,20007621,20007606,20007591
5059,20007712,20007697,20007682,20007667,20007652,20007637,20007622,20007607
5060,20007728,20007713,20007698,20007683,20007668,20007653,20007638,20007623
5061,20007744,20007729,20007714,20007699,20007684,20007669,20007654,20007639
5062,20007760,20007745,20007730,20007715,20007700,20007685,20007670,20007655
5063,20007776,20007761,20007746,20007731,20007716,20007701,20007686,20007671
5064,20007792,20007777,20007762,20007747,20007732,20007717,20007702,20007687
5065,20007808,20007793,20007778,20007763,20007748,20007733,20007718,20007703
5066,20007824,20007809,20007794,20007779,20007764,20007749,20007734,20007719
5067,20007840,20007825,20007810,20007795,20007780,20007765,20007750,20007735
5068,20007856,20007841,20007826,20007811,20007796,20007781,20007766,20007751
5069,20007872,20007857,20007842,20007827,20007812,20007797,20007782,20007767
5070,20007888,20007873,20007858,20007843,20007828,20007813,20007798,20007783
5071,20007904,20007889,20007874,20007859,20007844,20007829,20007814,20007799
5072,20007920,20007905,20007890,20007875,20007860,20007845,20007830,20007815
5073,20007936,20007921,20007906,20007891,20007876,20007861,20007846,20007831
5074,20007952,20007937,20007922,20007907,20007892,20007877,20007862,20007847
5075,20007968,20007953,20007938,20007923,20007908,20007893,20007878,20007863
5076,20007984,20007969,20007954,20007939,20007924,20007909,20007894,20007879
5077,20008000,20007985,20007970,20007955,20007940,20007925,20007910,20007895
5078,20008016,20008001,20007986,20007971,20007956,20007941,20007926,20007911
5079,20008032,20008017,20008002,20007987,20007972,20007957,20007942,20007927
5080,20008048,20008033,20008018,20008003,20007988,20007973,20007958,20007943
5081,20008064,20008049,20008034,20008019,20008004,20007989,20007974,20007959
5082,20008080,20008065,20008050,20008035,20008020,20008005,20007990,20007975
5083,20008096,20008081,20008066,20008051,20008036,20008021,20008006,20007991
5084,20008112,20008097,20008082,20008067,20008052,20008037,20008022,20008007
5085,20008128,20008113,20008098,20008083,20008068,20008053,20008038,20008023
5086,20008144,20008129,20008114,20008099,20008084,20008069,20008054,20008039
5087,20008160,20008145,20008130,20008115,20008100,20008085,20008070,20008055
5088,20008176,20008161,20008146,20008131,20008116,20008101,20008086,20008071
5089,20008192,20008177,20008162,20008147,20008132,20008117,20008102,20008087
5090,20008208,20008193,20008178,20008163,20008148,20008133,20008118,20008103
5091,20008224,20008209,20008194,20008179,20008164,20008149,20008134,20008119
5092,20008240,20008225,20008210,20008195,20008180,20008165,20008150,20008135
5093,20008256,20008241,20008226,20008211,20008196,20008181,20008166,20008151
5094,20008272,20008257,20008242,20008227,20008212,20008197,20008182,20008167
5095,20008288,20008273,20008258,20008243,20008228,20008213,20008198,20008183
5096,20008304,20008289,20008274,20008259,20008244,20008229,20008214,20008199
5097,20008320,20008305,20008290,20008275,20008260,20008245,20008230,20008215
5098,20008336,20008321,20008306,20008291,20008276,20008261,20008246,20008231
5099,20008352,20008337,20008322,20008307,20008292,20008277,20008262,20008247
5100,20008368,20008353,20008338,20008323,20008308,20008293,20008278,20008263
5101,20008384,20008369,20008354,20008339,20008324,20008309,20008294,20008279
5102,20008400,20008385,20008370,20008355,20008340,20008325,20008310,20008295
5103,20008416,20008401,20008386,20008371,20008356,20008341,20008326,20008311
5104,20008432,20008417,20008402,20008387,20008372,20008357,20008342,20008327
5105,20008448,20008433,20008418,20008403,20008388,20008373,20008358,20008343
5106,20008464,20008449,20008434,20008419,20008404,20008389,20008374,20008359
5107,20008480,20008465,20008450,20008435,20008420,20008405,20008390,20008375
5108,20008496,20008481,20008466,20008451,20008436,20008421,20008406,20008391
5109,20008512,20008497,20008482,20008467,20008452,20008437,20008422,20008407
5110,20008528,20008513,20008498,20008483,20008468,20008453,20008438,20008423
5111,20008544,20008529,20008514,20008499,20008484,20008469,20008454,20008439
5112,20008560,20008545,20008530,20008515,20008500,20008485,20008470,20008455
5113,20008576,20008561,20008546,20008531,20008516,20008501,20008486,20008471
5114,20008592,20008577,20008562,20008547,20008532,20008517,20008502,20008487
5115,20008608,20008593,20008578,20008563,20008548,20008533,20008518,20008503
5116,20008624,20008609,20008594,20008579,20008564,20008549,20008534,20008519
5117,20008640,20008625,20008610,20008595,20008580,20008565,20008550,20008535
5118,20008656,20008641,20008626,20008611,20008596,20008581,20008566,20008551
5119,20008672,20008657,20008642,20008627,20008612,20008597,20008582,20008567
5120,20008688,20008673,20008658,20008643,20008628,20008613,20008598,20008583
5121,20008704,20008689,20008674,20008659,20008644,20008629,20008614,20008599
5122,20008720,20008705,20008690,20008675,20008660,20008645,20008630,20008615
5123,20008736,20008721,20008706,20008691,20008676,20008661,20008646,20008631
5124,20008752,20008737,20008722,20008707,20008692,20008677,20008662,20008647
5125,20008768,20008753,20008738,20008723,20008708,20008693,20008678,20008663
5126,20008784,20008769,20008754,20008739,20008724,20008709,20008694,20008679
5127,20008800,20008785,20008770,20008755,20008740,20008725,20008710,20008695
5128,20008816,20008801,20008786,20008771,20008756,20008741,20008726,20008711
5129,20008832,20008817,20008802,20008787,20008772,20008757,20008742,20008727
5130,20008848,20008833,20008818,20008803,20008788,20008773,20008758,20008743
5131,20008864,20008849,20008834,20008819,20008804,20008789,20008774,20008759
5132,20008880,20008865,20008850,20008835,20008820,20008805,20008790,20008775
5133,20008896,20008881,20008866,20008851,20008836,20008821,20008806,20008791
5134,20008912,20008897,20008882,20008867,20008852,20008837,20008822,20008807
5135,20008928,20008913,20008898,20008883,20008868,20008853,20008838,20008823
5136,20008944,20008929,20008914,20008899,20008884,20008869,20008854,20008839
5137,20008960,20008945,20008930,20008915,20008900,20008885,20008870,20008855
5138,20008976,20008961,20008946,20008931,20008916,20008901,20008886,20008871
5139,20008992,20008977,20008962,20008947,20008932,20008917,20008902,20008887
5140,20009008,20008993,20008978,20008963,20008948,20008933,20008918,20008903
5141,20009024,20009009,20008994,20008979,20008964,20008949,20008934,20008919
5142,20009040,20009025,20009010,20008995,20008980,20008965,20008950,20008935
5143,20009056,20009041,20009026,20009011,20008996,20008981,20008966,20008951
5144,20009072,20009057,20009042,20009027,20009012,20008997,20008982,20008967
5145,20009088,20009073,20009058,20009043,20009028,20009013,20008998,20008983
5146,20009104,20009089,20009074,20009059,20009044,20009029,20009014,20008999
5147,20009120,20009105,20009090,20009075,20009060,20009045,20009030,20009015
5148,20009136,20009121,20009106,20009091,20009076,20009061,20009046,20009031
5149,20009152,20009137,20009122,20009107,20009092,20009077,20009062,20009047
5150,20009168,20009153,20009138,20009123,20009108,20009093,20009078,20009063
5151,20009184,20009169,20009154,20009139,20009124,20009109,20009094,20009079
5152,20009200,20009185,20009170,20009155,20009140,20009125,20009110,20009095
5153,20009216,20009201,20009186,20009171,20009156,20009141,20009126,20009111
5154,20009232,20009217,20009202,20009187,20009172,20009157,20009142,20009127
5155,20009248,20009233,20009218,20009203,20009188,20009173,20009158,20009143
5156,20009264,20009249,20009234,20009219,20009204,20009189,20009174,20009159
5157,20009280,20009265,20009250,20009235,20009220,20009205,20009190,20009175
5158,20009296,20009281,20009266,20009251,20009236,20009221,20009206,20009191
5159,20009312,20009297,20009282,20009267,20009252,20009237,20009222,20009207
5160,20009328,20009313,20009298,20009283,20009268,20009253,20009238,20009223
5161,20009344,20009329,20009314,20009299,20009284,20009269,20009254,20009239
5162,20009360,20009345,20009330,20009315,20009300,20009285,20009270,20009255
5163,20009376,20009361,20009346,20009331,20009316,20009301,20009286,20009271
5164,20009392,20009377,20009362,20009347,20009332,20009317,20009302,20009287
5165,20009408,20009393,20009378,20009363,20009348,20009333,20009318,20009303
5166,20009424,20009409,20009394,20009379,20009364,20009349,20009334,20009319
5167,20009440,20009425,20009410,20009395,20009380,20009365,20009350,20009335
5168,20009456,20009441,20009426,20009411,20009396,20009381,20009366,20009351
5169,20009472,20009457,20009442,20009427,20009412,20009397,20009382,20009367
5170,20009488,20009473,20009458,20009443,20009428,20009413,20009398,20009383
5171,20009504,20009489,20009474,20009459,20009444,20009429,20009414,20009399
5172,20009520,20009505,20009490,20009475,20009460,20009445,20009430,20009415
5173,20009536,20009521,20009506,20009491,20009476,20009461,20009446,20009431
5174,20009552,20009537,20009522,20009507,20009492,20009477,20009462,20009447
5175,20009568,20009553,20009538,20009523,20009508,20009493,20009478,20009463
5176,20009584,20009569,20009554,20009539,20009524,20009509,20009494,20009479
5177,20009600,20009585,20009570,20009555,20009540,20009525,20009510,20009495
5178,20009616,20009601,20009586,20009571,20009556,20009541,20009526,20009511
5179,20009632,20009617,20009602,20009587,20009572,20009557,20009542,20009527
5180,20009648,20009633,20009618,20009603,20009588,20009573,20009558,20009543
5181,20009664,20009649,20009634,20009619,20009604,20009589,20009574,20009559
5182,20009680,20009665,20009650,20009635,20009620,20009605,20009590,20009575
5183,20009696,20009681,20009666,20009651,20009636,20009621,20009606,20009591
5184,20009712,20009697,20009682,20009667,20009652,20009637,20009622,20009607
5185,20009728,20009713,20009698,20009683,20009668,20009653,20009638,20009623
5186,20009744,20009729,20009714,20009699,20009684,20009669,20009654,20009639
5187,20009760,20009745,20009730,20009715,20009700,20009685,20009670,20009655
5188,20009776,20009761,20009746,20009731,20009716,20009701,20009686,20009671
5189,20009792,20009777,20009762,20009747,20009732,20009717,20009702,20009687
5190,20009808,20009793,20009778,20009763,20009748,20009733,20009718,20009703
5191,20009824,20009809,20009794,20009779,20009764,20009749,20009734,20009719
5192,20009840,20009825,20009810,20009795,20009780,20009765,20009750,20009735
5193,20009856,20009841,20009826,20009811,20009796,20009781,20009766,20009751
5194,20009872,20009857,20009842,20009827,20009812,20009797,20009782,20009767
5195,20009888,20009873,20009858,20009843,20009828,20009813,20009798,20009783
5196,20009904,20009889,20009874,20009859,20009844,20009829,20009814,20009799
5197,20009920,20009905,20009890,20009875,20009860,20009845,20009830,20009815
5198,20009936,20009921,20009906,20009891,20009876,20009861,20009846,20009831
5199,20009952,20009937,20009922,20009907,20009892,20009877,20009862,20009847
5200,20009968,20009953,20009938,20009923,20009908,20009893,20009878,20009863
5201,20009984,20009969,20009954,20009939,20009924,20009909,20009894,20009879
5202,20010000,20009985,20009970,20009955,20009940,20009925,20009910,20009895
5203,20010016,20010001,20009986,20009971,20009956,20009941,20009926,20009911
5204,20010032,20010017,20010002,20009987,20009972,20009957,20009942,20009927
5205,20010048,20010033,20010018,20010003,20009988,20009973,20009958,20009943
5206,20010064,20010049,20010034,20010019,20010004,20009989,20009974,20009959
5207,20010080,20010065,20010050,20010035,20010020,20010005,20009990,20009975
5208,20010096,20010081,20010066,20010051,20010036,20010021,20010006,20009991
5209,20010112,20010097,20010082,20010067,20010052,20010037,20010022,20010007
5210,20010128,20010113,20010098,20010083,20010068,20010053,20010038,20010023
5211,20010144,20010129,20010114,20010099,20010084,20010069,20010054,20010039
5212,20010160,20010145,20010130,20010115,20010100,20010085,20010070,20010055
5213,20010176,20010161,20010146,20010131,20010116,20010101,20010086,20010071
5214,20010192,20010177,20010162,20010147,20010132,20010117,20010102,20010087
5215,20010208,20010193,20010178,20010163,20010148,20010133,20010118,20010103
5216,20010224,20010209,20010194,20010179,20010164,20010149,20010134,20010119
5217,20010240,20010225,20010210,20010195,20010180,20010165,20010150,20010135
5218,20010256,20010241,20010226,20010211,20010196,20010181,20010166,20010151
5219,20010272,20010257,20010242,20010227,20010212,20010197,20010182,20010167
5220,20010288,20010273,20010258,20010243,20010228,20010213,20010198,20010183
5221,20010304,20010289,20010274,20010259,20010244,20010229,20010214,20010199
5222,20010320,20010305,20010290,20010275,20010260,20010245,20010230,20010215
5223,20010336,20010321,20010306,20010291,20010276,20010261,20010246,20010231
5224,20010352,20010337,20010322,20010307,20010292,20010277,20010262,20010247
5225,20010368,20010353,20010338,20010323,20010308,20010293,20010278,20010263
5226,20010384,20010369,20010354,20010339,20010324,20010309,20010294,20010279
5227,20010400,20010385,20010370,20010355,20010340,20010325,20010310,20010295
5228,20010416,20010401,20010386,20010371,20010356,20010341,20010326,20010311
5229,20010432,20010417,20010402,20010387,20010372,20010357,20010342,20010327
5230,20010448,20010433,20010418,20010403,20010388,20010373,20010358,20010343
5231,20010464,20010449,20010434,20010419,20010404,20010389,20010374,20010359
5232,20010480,20010465,20010450,20010435,20010420,20010405,20010390,20010375
5233,20010496,20010481,20010466,20010451,20010436,20010421,20010406,20010391
5234,20010512,20010497,20010482,20010467,20010452,20010437,20010422,20010407
5235,20010528,20010513,20010498,20010483,20010468,20010453,20010438,20010423
5236,20010544,20010529,20010514,20010499,20010484,20010469,20010454,20010439
5237,20010560,20010545,20010530,20010515,20010500,20010485,20010470,20010455
5238,20010576,20010561,20010546,20010531,20010516,20010501,20010486,20010471
5239,20010592,20010577,20010562,20010547,20010532,20010517,20010502,20010487
5240,20010608,20010593,20010578,20010563,20010548,20010533,20010518,20010503
5241,20010624,20010609,20010594,20010579,20010564,20010549,20010534,20010519
5242,20010640,20010625,20010610,20010595,20010580,20010565,20010550,20010535
5243,20010656,20010641,20010626,20010611,20010596,20010581,20010566,20010551
5244,20010672,20010657,20010642,20010627,20010612,20010597,20010582,20010567
5245,20010688,20010673,20010658,20010643,20010628,20010613,20010598,20010583
5246,20010704,20010689,20010674,20010659,20010644,20010629,20010614,20010599
5247,20010720,20010705,20010690,20010675,20010660,20010645,20010630,20010615
5248,20010736,20010721,20010706,20010691,20010676,20010661,20010646,20010631
5249,20010752,20010737,20010722,20010707,20010692,20010677,20010662,20010647
5250,20010768,20010753,20010738,20010723,20010708,20010693,20010678,20010663
5251,20010784,20010769,20010754,20010739,20010724,20010709,20010694,20010679
5252,20010800,20010785,20010770,20010755,20010740,20010725,20010710,20010695
5253,20010816,20010801,20010786,20010771,20010756,20010741,20010726,20010711
5254,20010832,20010817,20010802,20010787,20010772,20010757,20010742,20010727
5255,20010848,20010833,20010818,20010803,20010788,20010773,20010758,20010743
5256,20010864,20010849,20010834,20010819,20010804,20010789,20010774,20010759
5257,20010880,20010865,20010850,20010835,20010820,20010805,20010790,20010775
5258,20010896,20010881,20010866,20010851,20010836,20010821,20010806,20010791
5259,20010912,20010897,20010882,20010867,20010852,20010837,20010822,20010807
5260,20010928,20010913,20010898,20010883,20010868,20010853,20010838,20010823
5261,20010944,20010929,20010914,20010899,20010884,20010869,20010854,20010839
5262,20010960,20010945,20010930,20010915,20010900,20010885,20010870,20010855
5263,20010976,20010961,20010946,20010931,20010916,20010901,20010886,20010871
5264,20010992,20010977,20010962,20010947,20010932,20010917,20010902,20010887
5265,20011008,20010993,20010978,20010963,20010948,20010933,20010918,20010903
5266,20011024,20011009,20010994,20010979,20010964,20010949,20010934,20010919
5267,20011040,20011025,20011010,20010995,20010980,20010965,20010950,20010935
5268,20011056,20011041,20011026,20011011,20010996,20010981,20010966,20010951
5269,20011072,20011057,20011042,20011027,20011012,20010997,20010982,20010967
5270,20011088,20011073,20011058,20011043,20011028,20011013,20010998,20010983
5271,20011104,20011089,20011074,20011059,20011044,20011029,20011014,20010999
5272,20011120,20011105,20011090,20011075,20011060,20011045,20011030,20011015
5273,20011136,20011121,20011106,20011091,20011076,20011061,20011046,20011031
5274,20011152,20011137,20011122,20011107,20011092,20011077,20011062,20011047
5275,20011168,20011153,20011138,20011123,20011108,20011093,20011078,20011063
5276,20011184,20011169,20011154,20011139,20011124,20011109,20011094,20011079
5277,20011200,20011185,20011170,20011155,20011140,20011125,20011110,20011095
5278,20011216,20011201,20011186,20011171,20011156,20011141,20011126,20011111
5279,20011232,20011217,20011202,20011187,20011172,20011157,20011142,20011127
5280,20011248,20011233,20011218,20011203,20011188,20011173,20011158,20011143
5281,20011264,20011249,20011234,20011219,20011204,20011189,20011174,20011159
5282,20011280,20011265,20011250,20011235,20011220,20011205,20011190,20011175
5283,20011296,20011281,20011266,20011251,20011236,20011221,20011206,20011191
5284,20011312,20011297,20011282,20011267,20011252,20011237,20011222,20011207
5285,20011328,20011313,20011298,20011283,20011268,20011253,20011238,20011223
5286,20011344,20011329,20011314,20011299,20011284,20011269,20011254,20011239
5287,20011360,20011345,20011330,20011315,20011300,20011285,20011270,20011255
5288,20011376,20011361,20011346,20011331,20011316,20011301,20011286,20011271
5289,20011392,20011377,20011362,20011347,20011332,20011317,20011302,20011287
5290,20011408,20011393,20011378,20011363,20011348,20011333,20011318,20011303
5291,20011424,20011409,20011394,20011379,20011364,20011349,20011334,20011319
5292,20011440,20011425,20011410,20011395,20011380,20011365,20011350,20011335
5293,20011456,20011441,20011426,20011411,20011396,20011381,20011366,20011351
5294,20011472,20011457,20011442,20011427,20011412,20011397,20011382,20011367
5295,20011488,20011473,20011458,20011443,20011428,20011413,20011398,20011383
5296,20011504,20011489,20011474,20011459,20011444,20011429,20011414,20011399
5297,20011520,20011505,20011490,20011475,20011460,20011445,20011430,20011415
5298,20011536,20011521,20011506,20011491,20011476,20011461,20011446,20011431
5299,20011552,20011537,20011522,20011507,20011492,20011477,20011462,20011447
5300,20011568,20011553,20011538,20011523,20011508,20011493,20011478,20011463
5301,20011584,20011569,20011554,20011539,20011524,20011509,20011494,20011479
5302,20011600,20011585,20011570,20011555,20011540,20011525,20011510,20011495
5303,20011616,20011601,20011586,20011571,20011556,20011541,20011526,20011511
5304,20011632,20011617,20011602,20011587,20011572,20011557,20011542,20011527
5305,20011648,20011633,20011618,20011603,20011588,20011573,20011558,20011543
5306,20011664,20011649,20011634,20011619,20011604,20011589,20011574,20011559
5307,20011680,20011665,20011650,20011635,20011620,20011605,20011590,20011575
5308,20011696,20011681,20011666,20011651,20011636,20011621,20011606,20011591
5309,20011712,20011697,20011682,20011667,20011652,20011637,20011622,20011607
5310,20011728,20011713,20011698,20011683,20011668,20011653,20011638,20011623
5311,20011744,20011729,20011714,20011699,20011684,20011669,20011654,20011639
5312,20011760,20011745,20011730,20011715,20011700,20011685,20011670,20011655
5313,20011776,20011761,20011746,20011731,20011716,20011701,20011686,20011671
5314,20011792,20011777,20011762,20011747,20011732,20011717,20011702,20011687
5315,20011808,20011793,20011778,20011763,20011748,20011733,20011718,20011703
5316,20011824,20011809,20011794,20011779,20011764,20011749,20011734,20011719
5317,20011840,20011825,20011810,20011795,20011780,20011765,20011750,20011735
5318,20011856,20011841,20011826,20011811,20011796,20011781,20011766,20011751
5319,20011872,20011857,20011842,20011827,20011812,20011797,20011782,20011767
5320,20011888,20011873,20011858,20011843,20011828,20011813,20011798,20011783
5321,20011904,20011889,20011874,20011859,20011844,20011829,20011814,20011799
5322,20011920,20011905,20011890,20011875,20011860,20011845,20011830,20011815
5323,20011936,20011921,20011906,20011891,20011876,20011861,20011846,20011831
5324,20011952,20011937,20011922,20011907,20011892,20011877,20011862,20011847
5325,20011968,20011953,20011938,20011923,20011908,20011893,20011878,20011863
5326,20011984,20011969,20011954,20011939,20011924,20011909,20011894,20011879
5327,20012000,20011985,20011970,20011955,20011940,20011925,20011910,20011895
5328,20012016,20012001,20011986,20011971,20011956,20011941,20011926,20011911
5329,20012032,20012017,20012002,20011987,20011972,20011957,20011942,20011927
5330,20012048,20012033,20012018,20012003,20011988,20011973,20011958,20011943
5331,20012064,20012049,20012034,20012019,20012004,20011989,20011974,20011959
5332,20012080,20012065,20012050,20012035,20012020,20012005,20011990,20011975
5333,20012096,20012081,20012066,20012051,20012036,20012021,20012006,20011991
5334,20012112,20012097,20012082,20012067,20012052,20012037,20012022,20012007
5335,20012128,20012113,20012098,20012083,20012068,20012053,20012038,20012023
5336,20012144,20012129,20012114,20012099,20012084,20012069,20012054,20012039
5337,20012160,20012145,20012130,20012115,20012100,20012085,20012070,20012055
5338,20012176,20012161,20012146,20012131,20012116,20012101,20012086,20012071
5339,20012192,20012177,20012162,20012147,20012132,20012117,20012102,20012087
5340,20012208,20012193,20012178,20012163,20012148,20012133,20012118,20012103
5341,20012224,20012209,20012194,20012179,20012164,20012149,20012134,20012119
5342,20012240,20012225,20012210,20012195,20012180,20012165,20012150,20012135
5343,20012256,20012241,20012226,20012211,20012196,20012181,20012166,20012151
5344,20012272,20012257,20012242,20012227,20012212,20012197,20012182,20012167
5345,20012288,20012273,20012258,20012243,20012228,20012213,20012198,20012183
5346,20012304,20012289,20012274,20012259,20012244,20012229,20012214,20012199
5347,20012320,20012305,20012290,20012275,20012260,20012245,20012230,20012215
5348,20012336,20012321,20012306,20012291,20012276,20012261,20012246,20012231
5349,20012352,20012337,20012322,20012307,20012292,20012277,20012262,20012247
5350,20012368,20012353,20012338,20012323,20012308,20012293,20012278,20012263
5351,20012384,20012369,20012354,20012339,20012324,20012309,20012294,20012279
5352,20012400,20012385,20012370,20012355,20012340,20012325,20012310,20012295
5353,20012416,20012401,20012386,20012371,20012356,20012341,20012326,20012311
5354,20012432,20012417,20012402,20012387,20012372,20012357,20012342,20012327
5355,20012448,20012433,20012418,20012403,20012388,20012373,20012358,20012343
5356,20012464,20012449,20012434,20012419,20012404,20012389,20012374,20012359
5357,20012480,20012465,20012450,20012435,20012420,20012405,20012390,20012375
5358,20012496,20012481,20012466,20012451,20012436,20012421,20012406,20012391
5359,20012512,20012497,20012482,20012467,20012452,20012437,20012422,20012407
5360,20012528,20012513,20012498,20012483,20012468,20012453,20012438,20012423
5361,20012544,20012529,20012514,20012499,20012484,20012469,20012454,20012439
5362,20012560,20012545,20012530,20012515,20012500,20012485,20012470,20012455
5363,20012576,20012561,20012546,20012531,20012516,20012501,20012486,20012471
5364,20012592,20012577,20012562,20012547,20012532,20012517,20012502,20012487
5365,20012608,20012593,20012578,20012563,20012548,20012533,20012518,20012503
5366,20012624,20012609,20012594,20012579,20012564,20012549,20012534,20012519
5367,20012640,20012625,20012610,20012595,20012580,20012565,20012550,20012535
5368,20012656,20012641,20012626,20012611,20012596,20012581,20012566,20012551
5369,20012672,20012657,20012642,20012627,20012612,20012597,20012582,20012567
5370,20012688,20012673,20012658,20012643,20012628,20012613,20012598,20012583
5371,20012704,20012689,20012674,20012659,20012644,20012629,20012614,20012599
5372,20012720,20012705,20012690,20012675,20012660,20012645,20012630,20012615
5373,20012736,20012721,20012706,20012691,20012676,20012661,20012646,20012631
5374,20012752,20012737,20012722,20012707,20012692,20012677,20012662,20012647
5375,20012768,20012753,20012738,20012723,20012708,20012693,20012678,20012663
5376,20012784,20012769,20012754,20012739,20012724,20012709,20012694,20012679
5377,20012800,20012785,20012770,20012755,20012740,20012725,20012710,20012695
5378,20012816,20012801,20012786,20012771,20012756,20012741,20012726,20012711
5379,20012832,20012817,20012802,20012787,20012772,20012757,20012742,20012727
5380,20012848,20012833,20012818,20012803,20012788,20012773,20012758,20012743
5381,20012864,20012849,20012834,20012819,20012804,20012789,20012774,20012759
5382,20012880,20012865,20012850,20012835,20012820,20012805,20012790,20012775
5383,20012896,20012881,20012866,20012851,20012836,20012821,20012806,20012791
5384,20012912,20012897,20012882,20012867,20012852,20012837,20012822,20012807
5385,20012928,20012913,20012898,20012883,20012868,20012853,20012838,20012823
5386,20012944,20012929,20012914,20012899,20012884,20012869,20012854,20012839
5387,20012960,20012945,20012930,20012915,20012900,20012885,20012870,20012855
5388,20012976,20012961,20012946,20012931,20012916,20012901,20012886,20012871
5389,20012992,20012977,20012962,20012947,20012932,20012917,20012902,20012887
5390,20013008,20012993,20012978,20012963,20012948,20012933,20012918,20012903
5391,20013024,20013009,20012994,20012979,20012964,20012949,20012934,20012919
5392,20013040,20013025,20013010,20012995,20012980,20012965,20012950,20012935
5393,20013056,20013041,20013026,20013011,20012996,20012981,20012966,20012951
5394,20013072,20013057,20013042,20013027,20013012,20012997,20012982,20012967
5395,20013088,20013073,20013058,20013043,20013028,20013013,20012998,20012983
5396,20013104,20013089,20013074,20013059,20013044,20013029,20013014,20012999
5397,20013120,20013105,20013090,20013075,20013060,20013045,20013030,20013015
5398,20013136,20013121,20013106,20013091,20013076,20013061,20013046,20013031
5399,20013152,20013137,20013122,20013107,20013092,20013077,20013062,20013047
5400,20013168,20013153,20013138,20013123,20013108,20013093,20013078,20013063
5401,20013184,20013169,20013154,20013139,20013124,20013109,20013094,20013079
5402,20013200,20013185,20013170,20013155,20013140,20013125,20013110,20013095
5403,20013216,20013201,20013186,20013171,20013156,20013141,20013126,20013111
5404,20013232,20013217,20013202,20013187,20013172,20013157,20013142,20013127
5405,20013248,20013233,20013218,20013203,20013188,20013173,20013158,20013143
5406,20013264,20013249,20013234,20013219,20013204,20013189,20013174,20013159
5407,20013280,20013265,20013250,20013235,20013220,20013205,20013190,20013175
5408,20013296,20013281,20013266,20013251,20013236,20013221,20013206,20013191
5409,20013312,20013297,20013282,20013267,20013252,20013237,20013222,20013207
5410,20013328,20013313,20013298,20013283,20013268,20013253,20013238,20013223
5411,20013344,20013329,20013314,20013299,20013284,20013269,20013254,20013239
5412,20013360,20013345,20013330,20013315,20013300,20013285,20013270,20013255
5413,20013376,20013361,20013346,20013331,20013316,20013301,20013286,20013271
5414,20013392,20013377,20013362,20013347,20013332,20013317,20013302,20013287
5415,20013408,20013393,20013378,20013363,20013348,20013333,20013318,20013303
5416,20013424,20013409,20013394,20013379,20013364,20013349,20013334,20013319
5417,20013440,20013425,20013410,20013395,20013380,20013365,20013350,20013335
5418,20013456,20013441,20013426,20013411,20013396,20013381,20013366,20013351
5419,20013472,20013457,20013442,20013427,20013412,20013397,20013382,20013367
5420,20013488,20013473,20013458,20013443,20013428,20013413,20013398,20013383
5421,20013504,20013489,20013474,20013459,20013444,20013429,20013414,20013399
5422,20013520,20013505,20013490,20013475,20013460,20013445,20013430,20013415
5423,20013536,20013521,20013506,20013491,20013476,20013461,20013446,20013431
5424,20013552,20013537,20013522,20013507,20013492,20013477,20013462,20013447
5425,20013568,20013553,20013538,20013523,20013508,20013493,20013478,20013463
5426,20013584,20013569,20013554,20013539,20013524,20013509,20013494,20013479
5427,20013600,20013585,20013570,20013555,20013540,20013525,20013510,20013495
5428,20013616,20013601,20013586,20013571,20013556,20013541,20013526,20013511
5429,20013632,20013617,20013602,20013587,20013572,20013557,20013542,20013527
5430,20013648,20013633,20013618,20013603,20013588,20013573,20013558,20013543
5431,20013664,20013649,20013634,20013619,20013604,20013589,20013574,20013559
5432,20013680,20013665,20013650,20013635,20013620,20013605,20013590,20013575
5433,20013696,20013681,20013666,20013651,20013636,20013621,20013606,20013591
5434,20013712,20013697,20013682,20013667,20013652,20013637,20013622,20013607
5435,20013728,20013713,20013698,20013683,20013668,20013653,20013638,20013623
5436,20013744,20013729,20013714,20013699,20013684,20013669,20013654,20013639
5437,20013760,20013745,20013730,20013715,20013700,20013685,20013670,20013655
5438,20013776,20013761,20013746,20013731,20013716,20013701,20013686,20013671
5439,20013792,20013777,20013762,20013747,20013732,20013717,20013702,20013687
5440,20013808,20013793,20013778,20013763,20013748,20013733,20013718,20013703
5441,20013824,20013809,20013794,20013779,20013764,20013749,20013734,20013719
5442,20013840,20013825,20013810,20013795,20013780,20013765,20013750,20013735
5443,20013856,20013841,20013826,20013811,20013796,20013781,20013766,20013751
5444,20013872,20013857,20013842,20013827,20013812,20013797,20013782,20013767
5445,20013888,20013873,20013858,20013843,20013828,20013813,20013798,20013783
5446,20013904,20013889,20013874,20013859,20013844,20013829,20013814,20013799
5447,20013920,20013905,20013890,20013875,20013860,20013845,20013830,20013815
5448,20013936,20013921,20013906,20013891,20013876,20013861,20013846,20013831
5449,20013952,20013937,20013922,20013907,20013892,20013877,20013862,20013847
5450,20013968,20013953,20013938,20013923,20013908,20013893,20013878,20013863
5451,20013984,20013969,20013954,20013939,20013924,20013909,20013894,20013879
5452,20014000,20013985,20013970,20013955,20013940,20013925,20013910,20013895
5453,20014016,20014001,20013986,20013971,20013956,20013941,20013926,20013911
5454,20014032,20014017,20014002,20013987,20013972,20013957,20013942,20013927
5455,20014048,20014033,20014018,20014003,20013988,20013973,20013958,20013943
5456,20014064,20014049,20014034,20014019,20014004,20013989,20013974,20013959
5457,20014080,20014065,20014050,20014035,20014020,20014005,20013990,20013975
5458,20014096,20014081,20014066,20014051,20014036,20014021,20014006,20013991
5459,20014112,20014097,20014082,20014067,20014052,20014037,20014022,20014007
5460,20014128,20014113,20014098,20014083,20014068,20014053,20014038,20014023
5461,20014144,20014129,20014114,20014099,20014084,20014069,20014054,20014039
5462,20014160,20014145,20014130,20014115,20014100,20014085,20014070,20014055
5463,20014176,20014161,20014146,20014131,20014116,20014101,20014086,20014071
5464,20014192,20014177,20014162,20014147,20014132,20014117,20014102,20014087
5465,20014208,20014193,20014178,20014163,20014148,20014133,20014118,20014103
5466,20014224,20014209,20014194,20014179,20014164,20014149,20014134,20014119
5467,20014240,20014225,20014210,20014195,20014180,20014165,20014150,20014135
5468,20014256,20014241,20014226,20014211,20014196,20014181,20014166,20014151
5469,20014272,20014257,20014242,20014227,20014212,20014197,20014182,20014167
5470,20014288,20014273,20014258,20014243,20014228,20014213,20014198,20014183
5471,20014304,20014289,20014274,20014259,20014244,20014229,20014214,20014199
5472,20014320,20014305,20014290,20014275,20014260,20014245,20014230,20014215
5473,20014336,20014321,20014306,20014291,20014276,20014261,20014246,20014231
5474,20014352,20014337,20014322,20014307,20014292,20014277,20014262,20014247
5475,20014368,20014353,20014338,20014323,20014308,20014293,20014278,20014263
5476,20014384,20014369,20014354,20014339,20014324,20014309,20014294,20014279
5477,-1,20014385,20014370,20014355,20014340,20014325,20014310,20014295
5478,-1,-1,20014386,20014371,20014356,20014341,20014326,20014311
5479,-1,-1,-1,20014387,20014372,20014357,20014342,20014327
5480,-1,-1,-1,-1,20014388,20014373,20014358,20014343
5481,-1,-1,-1,-1,-1,20014389,20014374,20014359
5482,-1,-1,-1,-1,-1,-1,20014390,20014375
5483,-1,-1,-1,-1,-1,-1,-1,20014391
5484,-1,-1,-1,-1,-1,-1,-1,-1
5485,-1,-1,-1,-1,-1,-1,-1,-1
5486,-1,-1,-1,-1,-1,-1,-1,-1
5487,-1,-1,-1,-1,-1,-1,-1,-1
5488,-1,-1,-1,-1,-1,-1,-1,-1
5489,-1,-1,-1,-1,-1,-1,-1,-1
5490,-1,-1,-1,-1,-1,-1,-1,-1
5491,20000000,-1,-1,-1,-1,-1,-1,-1
5492,20000016,20000001,-1,-1,-1,-1,-1,-1
5493,20000032,20000017,20000002,-1,-1,-1,-1,-1
5494,20000048,20000033,20000018,20000003,-1,-1,-1,-1
5495,20000064,20000049,20000034,20000019,20000004,-1,-1,-1
5496,20000080,20000065,20000050,20000035,20000020,20000005,-1,-1
5497,20000096,20000081,20000066,20000051,20000036,20000021,20000006,-1
5498,20000112,20000097,20000082,20000067,20000052,20000037,20000022,20000007
5499,20000128,20000113,20000098,20000083,20000068,20000053,20000038,20000023
5500,20000144,20000129,20000114,20000099,20000084,20000069,20000054,20000039
5501,20000160,20000145,20000130,20000115,20000100,20000085,20000070,20000055
5502,20000176,20000161,20000146,20000131,20000116,20000101,20000086,20000071
5503,20000192,20000177,20000162,20000147,20000132,20000117,20000102,20000087
5504,20000208,20000193,20000178,20000163,20000148,20000133,20000118,20000103
5505,20000224,20000209,20000194,20000179,20000164,20000149,20000134,20000119
5506,20000240,20000225,20000210,20000195,20000180,20000165,20000150,20000135
5507,20000256,20000241,20000226,20000211,20000196,20000181,20000166,20000151
5508,20000272,20000257,20000242,20000227,20000212,20000197,20000182,20000167
5509,20000288,20000273,20000258,20000243,20000228,20000213,20000198,20000183
5510,20000304,20000289,20000274,20000259,20000244,20000229,20000214,20000199
5511,20000320,20000305,20000290,20000275,20000260,20000245,20000230,20000215
5512,20000336,20000321,20000306,20000291,20000276,20000261,20000246,20000231
5513,20000352,20000337,20000322,20000307,20000292,20000277,20000262,20000247
5514,20000368,20000353,20000338,20000323,20000308,20000293,20000278,20000263
5515,20000384,20000369,20000354,20000339,20000324,20000309,20000294,20000279
5516,20000400,20000385,20000370,20000355,20000340,20000325,20000310,20000295
5517,20000416,20000401,20000386,20000371,20000356,20000341,20000326,20000311
5518,20000432,20000417,20000402,20000387,20000372,20000357,20000342,20000327
5519,20000448,20000433,20000418,20000403,20000388,20000373,20000358,20000343
5520,20000464,20000449,20000434,20000419,20000404,20000389,20000374,20000359
5521,20000480,20000465,20000450,20000435,20000420,20000405,20000390,20000375
5522,20000496,20000481,20000466,20000451,20000436,20000421,20000406,20000391
5523,20000512,20000497,20000482,20000467,20000452,20000437,20000422,20000407
5524,20000528,20000513,20000498,20000483,20000468,20000453,20000438,20000423
5525,20000544,20000529,20000514,20000499,20000484,20000469,20000454,20000439
5526,20000560,20000545,20000530,20000515,20000500,20000485,20000470,20000455
5527,20000576,20000561,20000546,20000531,20000516,20000501,20000486,20000471
5528,20000592,20000577,20000562,20000547,20000532,20000517,20000502,20000487
5529,20000608,20000593,20000578,20000563,20000548,20000533,20000518,20000503
5530,20000624,20000609,20000594,20000579,20000564,20000549,20000534,20000519
5531,20000640,20000625,20000610,20000595,20000580,20000565,20000550,20000535
5532,20000656,20000641,20000626,20000611,20000596,20000581,20000566,20000551
5533,20000672,20000657,20000642,20000627,20000612,20000597,20000582,20000567
5534,20000688,20000673,20000658,20000643,20000628,20000613,20000598,20000583
5535,20000704,20000689,20000674,20000659,20000644,20000629,20000614,20000599
5536,20000720,20000705,20000690,20000675,20000660,20000645,20000630,20000615
5537,20000736,20000721,20000706,20000691,20000676,20000661,20000646,20000631
5538,20000752,20000737,20000722,20000707,20000692,20000677,20000662,20000647
5539,20000768,20000753,20000738,20000723,20000708,20000693,20000678,20000663
5540,20000784,20000769,20000754,20000739,20000724,20000709,20000694,20000679
5541,20000800,20000785,20000770,20000755,20000740,20000725,20000710,20000695
5542,20000816,20000801,20000786,20000771,20000756,20000741,20000726,20000711
5543,20000832,20000817,20000802,20000787,20000772,20000757,20000742,20000727
5544,20000848,20000833,20000818,20000803,20000788,20000773,20000758,20000743
5545,20000864,20000849,20000834,20000819,20000804,20000789,20000774,20000759
5546,20000880,20000865,20000850,20000835,20000820,20000805,20000790,20000775
5547,20000896,20000881,20000866,20000851,20000836,20000821,20000806,20000791
5548,20000912,20000897,20000882,20000867,20000852,20000837,20000822,20000807
5549,20000928,20000913,20000898,20000883,20000868,20000853,20000838,20000823
5550,20000944,20000929,20000914,20000899,20000884,20000869,20000854,20000839
5551,20000960,20000945,20000930,20000915,20000900,20000885,20000870,20000855
5552,20000976,20000961,20000946,20000931,20000916,20000901,20000886,20000871
5553,20000992,20000977,20000962,20000947,20000932,20000917,20000902,20000887
5554,20001008,20000993,20000978,20000963,20000948,20000933,20000918,20000903
5555,20001024,20001009,20000994,20000979,20000964,20000949,20000934,20000919
5556,20001040,20001025,20001010,20000995,20000980,20000965,20000950,20000935
5557,20001056,20001041,20001026,20001011,20000996,20000981,20000966,20000951
5558,20001072,20001057,20001042,20001027,20001012,20000997,20000982,20000967
5559,20001088,20001073,20001058,20001043,20001028,20001013,20000998,20000983
5560,20001104,20001089,20001074,20001059,20001044,20001029,20001014,20000999
5561,20001120,20001105,20001090,20001075,20001060,20001045,20001030,20001015
5562,20001136,20001121,20001106,20001091,20001076,20001061,20001046,20001031
5563,20001152,20001137,20001122,20001107,20001092,20001077,20001062,20001047
5564,20001168,20001153,20001138,20001123,20001108,20001093,20001078,20001063
5565,20001184,20001169,20001154,20001139,20001124,20001109,20001094,20001079
5566,20001200,20001185,20001170,20001155,20001140,20001125,20001110,20001095
5567,20001216,20001201,20001186,20001171,20001156,20001141,20001126,20001111
5568,20001232,20001217,20001202,20001187,20001172,20001157,20001142,20001127
5569,20001248,20001233,20001218,20001203,20001188,20001173,20001158,20001143
5570,20001264,20001249,20001234,20001219,20001204,20001189,20001174,20001159
5571,20001280,20001265,20001250,20001235,20001220,20001205,20001190,20001175
5572,20001296,20001281,20001266,20001251,20001236,20001221,20001206,20001191
5573,20001312,20001297,20001282,20001267,20001252,20001237,20001222,20001207
5574,20001328,20001313,20001298,20001283,20001268,20001253,20001238,20001223
5575,20001344,20001329,20001314,20001299,20001284,20001269,20001254,20001239
5576,20001360,20001345,20001330,20001315,20001300,20001285,20001270,20001255
5577,20001376,20001361,20001346,20001331,20001316,20001301,20001286,20001271
5578,20001392,20001377,20001362,20001347,20001332,20001317,20001302,20001287
5579,20001408,20001393,20001378,20001363,20001348,20001333,20001318,20001303
5580,20001424,20001409,20001394,20001379,20001364,20001349,20001334,20001319
5581,20001440,20001425,20001410,20001395,20001380,20001365,20001350,20001335
5582,20001456,20001441,20001426,20001411,20001396,20001381,20001366,20001351
5583,20001472,20001457,20001442,20001427,20001412,20001397,20001382,20001367
5584,20001488,20001473,20001458,20001443,20001428,20001413,20001398,20001383
5585,20001504,20001489,20001474,20001459,20001444,20001429,20001414,20001399
5586,20001520,20001505,20001490,20001475,20001460,20001445,20001430,20001415
5587,20001536,20001521,20001506,20001491,20001476,20001461,20001446,20001431
5588,20001552,20001537,20001522,20001507,20001492,20001477,20001462,20001447
5589,20001568,20001553,20001538,20001523,20001508,20001493,20001478,20001463
5590,20001584,20001569,20001554,20001539,20001524,20001509,20001494,20001479
5591,20001600,20001585,20001570,20001555,20001540,20001525,20001510,20001495
5592,20001616,20001601,20001586,20001571,20001556,20001541,20001526,20001511
5593,20001632,20001617,20001602,20001587,20001572,20001557,20001542,20001527
5594,20001648,20001633,20001618,20001603,20001588,20001573,20001558,20001543
5595,20001664,20001649,20001634,20001619,20001604,20001589,20001574,20001559
5596,20001680,20001665,20001650,20001635,20001620,20001605,20001590,20001575
5597,20001696,20001681,20001666,20001651,20001636,20001621,20001606,20001591
5598,20001712,20001697,20001682,20001667,20001652,20001637,20001622,20001607
5599,20001728,20001713,20001698,20001683,20001668,20001653,20001638,20001623
5600,20001744,20001729,20001714,20001699,20001684,20001669,20001654,20001639
5601,20001760,20001745,20001730,20001715,20001700,20001685,20001670,20001655
5602,20001776,20001761,20001746,20001731,20001716,20001701,20001686,20001671
5603,20001792,20001777,20001762,20001747,20001732,20001717,20001702,20001687
5604,20001808,20001793,20001778,20001763,20001748,20001733,20001718,20001703
5605,20001824,20001809,20001794,20001779,20001764,20001749,20001734,20001719
5606,20001840,20001825,20001810,20001795,20001780,20001765,20001750,20001735
5607,20001856,20001841,20001826,20001811,20001796,20001781,20001766,20001751
5608,20001872,20001857,20001842,20001827,20001812,20001797,20001782,20001767
5609,20001888,20001873,20001858,20001843,20001828,20001813,20001798,20001783
5610,20001904,20001889,20001874,20001859,20001844,20001829,20001814,20001799
5611,20001920,20001905,20001890,20001875,20001860,20001845,20001830,20001815
5612,20001936,20001921,20001906,20001891,20001876,20001861,20001846,20001831
5613,20001952,20001937,20001922,20001907,20001892,20001877,20001862,20001847
5614,20001968,20001953,20001938,20001923,20001908,20001893,20001878,20001863
5615,20001984,20001969,20001954,20001939,20001924,20001909,20001894,20001879
5616,20002000,20001985,20001970,20001955,20001940,20001925,20001910,20001895
5617,20002016,20002001,20001986,20001971,20001956,20001941,20001926,20001911
5618,20002032,20002017,20002002,20001987,20001972,20001957,20001942,20001927
5619,20002048,20002033,20002018,20002003,20001988,20001973,20001958,20001943
5620,20002064,20002049,20002034,20002019,20002004,20001989,20001974,20001959
5621,20002080,20002065,20002050,20002035,20002020,20002005,20001990,20001975
5622,20002096,20002081,20002066,20002051,20002036,20002021,20002006,20001991
5623,20002112,20002097,20002082,20002067,20002052,20002037,20002022,20002007
5624,20002128,20002113,20002098,20002083,20002068,20002053,20002038,20002023
5625,20002144,20002129,20002114,20002099,20002084,20002069,20002054,20002039
5626,20002160,20002145,20002130,20002115,20002100,20002085,20002070,20002055
5627,20002176,20002161,20002146,20002131,20002116,20002101,20002086,20002071
5628,20002192,20002177,20002162,20002147,20002132,20002117,20002102,20002087
5629,20002208,20002193,20002178,20002163,20002148,20002133,20002118,20002103
5630,20002224,20002209,20002194,20002179,20002164,20002149,20002134,20002119
5631,20002240,20002225,20002210,20002195,20002180,20002165,20002150,20002135
5632,20002256,20002241,20002226,20002211,20002196,20002181,20002166,20002151
5633,20002272,20002257,20002242,20002227,20002212,20002197,20002182,20002167
5634,20002288,20002273,20002258,20002243,20002228,20002213,20002198,20002183
5635,20002304,20002289,20002274,20002259,20002244,20002229,20002214,20002199
5636,20002320,20002305,20002290,20002275,20002260,20002245,20002230,20002215
5637,20002336,20002321,20002306,20002291,20002276,20002261,20002246,20002231
5638,20002352,20002337,20002322,20002307,20002292,20002277,20002262,20002247
5639,20002368,20002353,20002338,20002323,20002308,20002293,20002278,20002263
5640,20002384,20002369,20002354,20002339,20002324,20002309,20002294,20002279
5641,20002400,20002385,20002370,20002355,20002340,20002325,20002310,20002295
5642,20002416,20002401,20002386,20002371,20002356,20002341,20002326,20002311
5643,20002432,20002417,20002402,20002387,20002372,20002357,20002342,20002327
5644,20002448,20002433,20002418,20002403,20002388,20002373,20002358,20002343
5645,20002464,20002449,20002434,20002419,20002404,20002389,20002374,20002359
5646,20002480,20002465,20002450,20002435,20002420,20002405,20002390,20002375
5647,20002496,20002481,20002466,20002451,20002436,20002421,20002406,20002391
5648,20002512,20002497,20002482,20002467,20002452,20002437,20002422,20002407
5649,20002528,20002513,20002498,20002483,20002468,20002453,20002438,20002423
5650,20002544,20002529,20002514,20002499,20002484,20002469,20002454,20002439
5651,20002560,20002545,20002530,20002515,20002500,20002485,20002470,20002455
5652,20002576,20002561,20002546,20002531,20002516,20002501,20002486,20002471
5653,20002592,20002577,20002562,20002547,20002532,20002517,20002502,20002487
5654,20002608,20002593,20002578,20002563,20002548,20002533,20002518,20002503
5655,20002624,20002609,20002594,20002579,20002564,20002549,20002534,20002519
5656,20002640,20002625,20002610,20002595,20002580,20002565,20002550,20002535
5657,20002656,20002641,20002626,20002611,20002596,20002581,20002566,20002551
5658,20002672,20002657,20002642,20002627,20002612,20002597,20002582,20002567
5659,20002688,20002673,20002658,20002643,20002628,20002613,20002598,20002583
5660,20002704,20002689,20002674,20002659,20002644,20002629,20002614,20002599
5661,20002720,20002705,20002690,20002675,20002660,20002645,20002630,20002615
5662,20002736,20002721,20002706,20002691,20002676,20002661,20002646,20002631
5663,20002752,20002737,20002722,20002707,20002692,20002677,20002662,20002647
5664,20002768,20002753,20002738,20002723,20002708,20002693,20002678,20002663
5665,20002784,20002769,20002754,20002739,20002724,20002709,20002694,20002679
5666,20002800,20002785,20002770,20002755,20002740,20002725,20002710,20002695
5667,20002816,20002801,20002786,20002771,20002756,20002741,20002726,20002711
5668,20002832,20002817,20002802,20002787,20002772,20002757,20002742,20002727
5669,20002848,20002833,20002818,20002803,20002788,20002773,20002758,20002743
5670,20002864,20002849,20002834,20002819,20002804,20002789,20002774,20002759
5671,20002880,20002865,20002850,20002835,20002820,20002805,20002790,20002775
5672,20002896,20002881,20002866,20002851,20002836,20002821,20002806,20002791
5673,20002912,20002897,20002882,20002867,20002852,20002837,20002822,20002807
5674,20002928,20002913,20002898,20002883,20002868,20002853,20002838,20002823
5675,20002944,20002929,20002914,20002899,20002884,20002869,20002854,20002839
5676,20002960,20002945,20002930,20002915,20002900,20002885,20002870,20002855
5677,20002976,20002961,20002946,20002931,20002916,20002901,20002886,20002871
5678,20002992,20002977,20002962,20002947,20002932,20002917,20002902,20002887
5679,20003008,20002993,20002978,20002963,20002948,20002933,20002918,20002903
5680,20003024,20003009,20002994,20002979,20002964,20002949,20002934,20002919
5681,20003040,20003025,20003010,20002995,20002980,20002965,20002950,20002935
5682,20003056,20003041,20003026,20003011,20002996,20002981,20002966,20002951
5683,20003072,20003057,20003042,20003027,20003012,20002997,20002982,20002967
5684,20003088,20003073,20003058,20003043,20003028,20003013,20002998,20002983
5685,20003104,20003089,20003074,20003059,20003044,20003029,20003014,20002999
5686,20003120,20003105,20003090,20003075,20003060,20003045,20003030,20003015
5687,20003136,20003121,20003106,20003091,20003076,20003061,20003046,20003031
5688,20003152,20003137,20003122,20003107,20003092,20003077,20003062,20003047
5689,20003168,20003153,20003138,20003123,20003108,20003093,20003078,20003063
5690,20003184,20003169,20003154,20003139,20003124,20003109,20003094,20003079
5691,20003200,20003185,20003170,20003155,20003140,20003125,20003110,20003095
5692,20003216,20003201,20003186,20003171,20003156,20003141,20003126,20003111
5693,20003232,20003217,20003202,20003187,20003172,20003157,20003142,20003127
5694,20003248,20003233,20003218,20003203,20003188,20003173,20003158,20003143
5695,20003264,20003249,20003234,20003219,20003204,20003189,20003174,20003159
5696,20003280,20003265,20003250,20003235,20003220,20003205,20003190,20003175
5697,20003296,20003281,20003266,20003251,20003236,20003221,20003206,20003191
5698,20003312,20003297,20003282,20003267,20003252,20003237,20003222,20003207
5699,20003328,20003313,20003298,20003283,20003268,20003253,20003238,20003223
5700,20003344,20003329,20003314,20003299,20003284,20003269,20003254,20003239
5701,20003360,20003345,20003330,20003315,20003300,20003285,20003270,20003255
5702,20003376,20003361,20003346,20003331,20003316,20003301,20003286,20003271
5703,20003392,20003377,20003362,20003347,20003332,20003317,20003302,20003287
5704,20003408,20003393,20003378,20003363,20003348,20003333,20003318,20003303
5705,20003424,20003409,20003394,20003379,20003364,20003349,20003334,20003319
5706,20003440,20003425,20003410,20003395,20003380,20003365,20003350,20003335
5707,20003456,20003441,20003426,20003411,20003396,20003381,20003366,20003351
5708,20003472,20003457,20003442,20003427,20003412,20003397,20003382,20003367
5709,20003488,20003473,20003458,20003443,20003428,20003413,20003398,20003383
5710,20003504,20003489,20003474,20003459,20003444,20003429,20003414,20003399
5711,20003520,20003505,20003490,20003475,20003460,20003445,20003430,20003415
5712,20003536,20003521,20003506,20003491,20003476,20003461,20003446,20003431
5713,20003552,20003537,20003522,20003507,20003492,20003477,20003462,20003447
5714,20003568,20003553,20003538,20003523,20003508,20003493,20003478,20003463
5715,20003584,20003569,20003554,20003539,20003524,20003509,20003494,20003479
5716,20003600,20003585,20003570,20003555,20003540,20003525,20003510,20003495
5717,20003616,20003601,20003586,20003571,20003556,20003541,20003526,20003511
5718,20003632,20003617,20003602,20003587,20003572,20003557,20003542,20003527
5719,20003648,20003633,20003618,20003603,20003588,20003573,20003558,20003543
5720,20003664,20003649,20003634,20003619,20003604,20003589,20003574,20003559
5721,20003680,20003665,20003650,20003635,20003620,20003605,20003590,20003575
5722,20003696,20003681,20003666,20003651,20003636,20003621,20003606,20003591
5723,20003712,20003697,20003682,20003667,20003652,20003637,20003622,20003607
5724,20003728,20003713,20003698,20003683,20003668,20003653,20003638,20003623
5725,20003744,20003729,20003714,20003699,20003684,20003669,20003654,20003639
5726,20003760,20003745,20003730,20003715,20003700,20003685,20003670,20003655
5727,20003776,20003761,20003746,20003731,20003716,20003701,20003686,20003671
5728,20003792,20003777,20003762,20003747,20003732,20003717,20003702,20003687
5729,20003808,20003793,20003778,20003763,20003748,20003733,20003718,20003703
5730,20003824,20003809,20003794,20003779,20003764,20003749,20003734,20003719
5731,20003840,20003825,20003810,20003795,20003780,20003765,20003750,20003735
5732,20003856,20003841,20003826,20003811,20003796,20003781,20003766,20003751
5733,20003872,20003857,20003842,20003827,20003812,20003797,20003782,20003767
5734,20003888,20003873,20003858,20003843,20003828,20003813,20003798,20003783
5735,20003904,20003889,20003874,20003859,20003844,20003829,20003814,20003799
5736,20003920,20003905,20003890,20003875,20003860,20003845,20003830,20003815
5737,20003936,20003921,20003906,20003891,20003876,20003861,20003846,20003831
5738,20003952,20003937,20003922,20003907,20003892,20003877,20003862,20003847
5739,20003968,20003953,20003938,20003923,20003908,20003893,20003878,20003863
5740,20003984,20003969,20003954,20003939,20003924,20003909,20003894,20003879
5741,20004000,20003985,20003970,20003955,20003940,20003925,20003910,20003895
5742,20004016,20004001,20003986,20003971,20003956,20003941,20003926,20003911
5743,20004032,20004017,20004002,20003987,20003972,20003957,20003942,20003927
5744,20004048,20004033,20004018,20004003,20003988,20003973,20003958,20003943
5745,20004064,20004049,20004034,20004019,20004004,20003989,20003974,20003959
5746,20004080,20004065,20004050,20004035,20004020,20004005,20003990,20003975
5747,20004096,20004081,20004066,20004051,20004036,20004021,20004006,20003991
5748,20004112,20004097,20004082,20004067,20004052,20004037,20004022,20004007
5749,20004128,20004113,20004098,20004083,20004068,20004053,20004038,20004023
5750,20004144,20004129,20004114,20004099,20004084,20004069,20004054,20004039
5751,20004160,20004145,20004130,20004115,20004100,20004085,20004070,20004055
5752,20004176,20004161,20004146,20004131,20004116,20004101,20004086,20004071
5753,20004192,20004177,20004162,20004147,20004132,20004117,20004102,20004087
5754,20004208,20004193,20004178,20004163,20004148,20004133,20004118,20004103
5755,20004224,20004209,20004194,20004179,20004164,20004149,20004134,20004119
5756,20004240,20004225,20004210,20004195,20004180,20004165,20004150,20004135
5757,20004256,20004241,20004226,20004211,20004196,20004181,20004166,20004151
5758,20004272,20004257,20004242,20004227,20004212,20004197,20004182,20004167
5759,20004288,20004273,20004258,20004243,20004228,20004213,20004198,20004183
5760,20004304,20004289,20004274,20004259,20004244,20004229,20004214,20004199
5761,20004320,20004305,20004290,20004275,20004260,20004245,20004230,20004215
5762,20004336,20004321,20004306,20004291,20004276,20004261,20004246,20004231
5763,20004352,20004337,20004322,20004307,20004292,20004277,20004262,20004247
5764,20004368,20004353,20004338,20004323,20004308,20004293,20004278,20004263
5765,20004384,20004369,20004354,20004339,20004324,20004309,20004294,20004279
5766,20004400,20004385,20004370,20004355,20004340,20004325,20004310,20004295
5767,20004416,20004401,20004386,20004371,20004356,20004341,20004326,20004311
5768,20004432,20004417,20004402,20004387,20004372,20004357,20004342,20004327
5769,20004448,20004433,20004418,20004403,20004388,20004373,20004358,20004343
5770,20004464,20004449,20004434,20004419,20004404,20004389,20004374,20004359
5771,20004480,20004465,20004450,20004435,20004420,20004405,20004390,20004375
5772,20004496,20004481,20004466,20004451,20004436,20004421,20004406,20004391
5773,20004512,20004497,20004482,20004467,20004452,20004437,20004422,20004407
5774,20004528,20004513,20004498,20004483,20004468,20004453,20004438,20004423
5775,20004544,20004529,20004514,20004499,20004484,20004469,20004454,20004439
5776,20004560,20004545,20004530,20004515,20004500,20004485,20004470,20004455
5777,20004576,20004561,20004546,20004531,20004516,20004501,20004486,20004471
5778,20004592,20004577,20004562,20004547,20004532,20004517,20004502,20004487
5779,20004608,20004593,20004578,20004563,20004548,20004533,20004518,20004503
5780,20004624,20004609,20004594,20004579,20004564,20004549,20004534,20004519
5781,20004640,20004625,20004610,20004595,20004580,20004565,20004550,20004535
5782,20004656,20004641,20004626,20004611,20004596,20004581,20004566,20004551
5783,20004672,20004657,20004642,20004627,20004612,20004597,20004582,20004567
5784,20004688,20004673,20004658,20004643,20004628,20004613,20004598,20004583
5785,20004704,20004689,20004674,20004659,20004644,20004629,20004614,20004599
5786,20004720,20004705,20004690,20004675,20004660,20004645,20004630,20004615
5787,20004736,20004721,20004706,20004691,20004676,20004661,20004646,20004631
5788,20004752,20004737,20004722,20004707,20004692,20004677,20004662,20004647
5789,20004768,20004753,20004738,20004723,20004708,20004693,20004678,20004663
5790,20004784,20004769,20004754,20004739,20004724,20004709,20004694,20004679
5791,20004800,20004785,20004770,20004755,20004740,20004725,20004710,20004695
5792,20004816,20004801,20004786,20004771,20004756,20004741,20004726,20004711
5793,20004832,20004817,20004802,20004787,20004772,20004757,20004742,20004727
5794,20004848,20004833,20004818,20004803,20004788,20004773,20004758,20004743
5795,20004864,20004849,20004834,20004819,20004804,20004789,20004774,20004759
5796,20004880,20004865,20004850,20004835,20004820,20004805,20004790,20004775
5797,20004896,20004881,20004866,20004851,20004836,20004821,20004806,20004791
5798,20004912,20004897,20004882,20004867,20004852,20004837,20004822,20004807
5799,20004928,20004913,20004898,20004883,20004868,20004853,20004838,20004823
5800,20004944,20004929,20004914,20004899,20004884,20004869,20004854,20004839
5801,20004960,20004945,20004930,20004915,20004900,20004885,20004870,20004855
5802,20004976,20004961,20004946,20004931,20004916,20004901,20004886,20004871
5803,20004992,20004977,20004962,20004947,20004932,20004917,20004902,20004887
5804,20005008,20004993,20004978,20004963,20004948,20004933,20004918,20004903
5805,20005024,20005009,20004994,20004979,20004964,20004949,20004934,20004919
5806,20005040,20005025,20005010,20004995,20004980,20004965,20004950,20004935
5807,20005056,20005041,20005026,20005011,20004996,20004981,20004966,20004951
5808,20005072,20005057,20005042,20005027,20005012,20004997,20004982,20004967
5809,20005088,20005073,20005058,20005043,20005028,20005013,20004998,20004983
5810,20005104,20005089,20005074,20005059,20005044,20005029,20005014,20004999
5811,20005120,20005105,20005090,20005075,20005060,20005045,20005030,20005015
5812,20005136,20005121,20005106,20005091,20005076,20005061,20005046,20005031
5813,20005152,20005137,20005122,20005107,20005092,20005077,20005062,20005047
5814,20005168,20005153,20005138,20005123,20005108,20005093,20005078,20005063
5815,20005184,20005169,20005154,20005139,20005124,20005109,20005094,20005079
5816,20005200,20005185,20005170,20005155,20005140,20005125,20005110,20005095
5817,20005216,20005201,20005186,20005171,20005156,20005141,20005126,20005111
5818,20005232,20005217,20005202,20005187,20005172,20005157,20005142,20005127
5819,20005248,20005233,20005218,20005203,20005188,20005173,20005158,20005143
5820,20005264,20005249,20005234,20005219,20005204,20005189,20005174,20005159
5821,20005280,20005265,20005250,20005235,20005220,20005205,20005190,20005175
5822,20005296,20005281,20005266,20005251,20005236,20005221,20005206,20005191
5823,20005312,20005297,20005282,20005267,20005252,20005237,20005222,20005207
5824,20005328,20005313,20005298,20005283,20005268,20005253,20005238,20005223
5825,20005344,20005329,20005314,20005299,20005284,20005269,20005254,20005239
5826,20005360,20005345,20005330,20005315,20005300,20005285,20005270,20005255
5827,20005376,20005361,20005346,20005331,20005316,20005301,20005286,20005271
5828,20005392,20005377,20005362,20005347,20005332,20005317,20005302,20005287
5829,20005408,20005393,20005378,20005363,20005348,20005333,20005318,20005303
5830,20005424,20005409,20005394,20005379,20005364,20005349,20005334,20005319
5831,20005440,20005425,20005410,20005395,20005380,20005365,20005350,20005335
5832,20005456,20005441,20005426,20005411,20005396,20005381,20005366,20005351
5833,20005472,20005457,20005442,20005427,20005412,20005397,20005382,20005367
5834,20005488,20005473,20005458,20005443,20005428,20005413,20005398,20005383
5835,20005504,20005489,20005474,20005459,20005444,20005429,20005414,20005399
5836,20005520,20005505,20005490,20005475,20005460,20005445,20005430,20005415
5837,20005536,20005521,20005506,20005491,20005476,20005461,20005446,20005431
5838,20005552,20005537,20005522,20005507,20005492,20005477,20005462,20005447
5839,20005568,20005553,20005538,20005523,20005508,20005493,20005478,20005463
5840,20005584,20005569,20005554,20005539,20005524,20005509,20005494,20005479
5841,20005600,20005585,20005570,20005555,20005540,20005525,20005510,20005495
5842,20005616,20005601,20005586,20005571,20005556,20005541,20005526,20005511
5843,20005632,20005617,20005602,20005587,20005572,20005557,20005542,20005527
5844,20005648,20005633,20005618,20005603,20005588,20005573,20005558,20005543
5845,20005664,20005649,20005634,20005619,20005604,20005589,20005574,20005559
5846,20005680,20005665,20005650,20005635,20005620,20005605,20005590,20005575
5847,20005696,20005681,20005666,20005651,20005636,20005621,20005606,20005591
5848,20005712,20005697,20005682,20005667,20005652,20005637,20005622,20005607
5849,20005728,20005713,20005698,20005683,20005668,20005653,20005638,20005623
5850,20005744,20005729,20005714,20005699,20005684,20005669,20005654,20005639
5851,20005760,20005745,20005730,20005715,20005700,20005685,20005670,20005655
5852,20005776,20005761,20005746,20005731,20005716,20005701,20005686,20005671
5853,20005792,20005777,20005762,20005747,20005732,20005717,20005702,20005687
5854,20005808,20005793,20005778,20005763,20005748,20005733,20005718,20005703
5855,20005824,20005809,20005794,20005779,20005764,20005749,20005734,20005719
5856,20005840,20005825,20005810,20005795,20005780,20005765,20005750,20005735
5857,20005856,20005841,20005826,20005811,20005796,20005781,20005766,20005751
5858,20005872,20005857,20005842,20005827,20005812,20005797,20005782,20005767
5859,20005888,20005873,20005858,20005843,20005828,20005813,20005798,20005783
5860,20005904,20005889,20005874,20005859,20005844,20005829,20005814,20005799
5861,20005920,20005905,20005890,20005875,20005860,20005845,20005830,20005815
5862,20005936,20005921,20005906,20005891,20005876,20005861,20005846,20005831
5863,20005952,20005937,20005922,20005907,20005892,20005877,20005862,20005847
5864,20005968,20005953,20005938,20005923,20005908,20005893,20005878,20005863
5865,20005984,20005969,20005954,20005939,20005924,20005909,20005894,20005879
5866,20006000,20005985,20005970,20005955,20005940,20005925,20005910,20005895
5867,20006016,20006001,20005986,20005971,20005956,20005941,20005926,20005911
5868,20006032,20006017,20006002,20005987,20005972,20005957,20005942,20005927
5869,20006048,20006033,20006018,20006003,20005988,20005973,20005958,20005943
5870,20006064,20006049,20006034,20006019,20006004,20005989,20005974,20005959
5871,20006080,20006065,20006050,20006035,20006020,20006005,20005990,20005975
5872,20006096,20006081,20006066,20006051,20006036,20006021,20006006,20005991
5873,20006112,20006097,20006082,20006067,20006052,20006037,20006022,20006007
5874,20006128,20006113,20006098,20006083,20006068,20006053,20006038,20006023
5875,20006144,20006129,20006114,20006099,20006084,20006069,20006054,20006039
5876,20006160,20006145,20006130,20006115,20006100,20006085,20006070,20006055
5877,20006176,20006161,20006146,20006131,20006116,20006101,20006086,20006071
5878,20006192,20006177,20006162,20006147,20006132,20006117,20006102,20006087
5879,20006208,20006193,20006178,20006163,20006148,20006133,20006118,20006103
5880,20006224,20006209,20006194,20006179,20006164,20006149,20006134,20006119
5881,20006240,20006225,20006210,20006195,20006180,20006165,20006150,20006135
5882,20006256,20006241,20006226,20006211,20006196,20006181,20006166,20006151
5883,20006272,20006257,20006242,20006227,20006212,20006197,20006182,20006167
5884,20006288,20006273,20006258,20006243,20006228,20006213,20006198,20006183
5885,20006304,20006289,20006274,20006259,20006244,20006229,20006214,20006199
5886,20006320,20006305,20006290,20006275,20006260,20006245,20006230,20006215
5887,20006336,20006321,20006306,20006291,20006276,20006261,20006246,20006231
5888,20006352,20006337,20006322,20006307,20006292,20006277,20006262,20006247
5889,20006368,20006353,20006338,20006323,20006308,20006293,20006278,20006263
5890,20006384,20006369,20006354,20006339,20006324,20006309,20006294,20006279
5891,20006400,20006385,20006370,20006355,20006340,20006325,20006310,20006295
5892,20006416,20006401,20006386,20006371,20006356,20006341,20006326,20006311
5893,20006432,20006417,20006402,20006387,20006372,20006357,20006342,20006327
5894,20006448,20006433,20006418,20006403,20006388,20006373,20006358,20006343
5895,20006464,20006449,20006434,20006419,20006404,20006389,20006374,20006359
5896,20006480,20006465,20006450,20006435,20006420,20006405,20006390,20006375
5897,20006496,20006481,20006466,20006451,20006436,20006421,20006406,20006391
5898,20006512,20006497,20006482,20006467,20006452,20006437,20006422,20006407
5899,20006528,20006513,20006498,20006483,20006468,20006453,20006438,20006423
5900,20006544,20006529,20006514,20006499,20006484,20006469,20006454,20006439
5901,20006560,20006545,20006530,20006515,20006500,20006485,20006470,20006455
5902,20006576,20006561,20006546,20006531,20006516,20006501,20006486,20006471
5903,20006592,20006577,20006562,20006547,20006532,20006517,20006502,20006487
5904,20006608,20006593,20006578,20006563,20006548,20006533,20006518,20006503
5905,20006624,20006609,20006594,20006579,20006564,20006549,20006534,20006519
5906,20006640,20006625,20006610,20006595,20006580,20006565,20006550,20006535
5907,20006656,20006641,20006626,20006611,20006596,20006581,20006566,20006551
5908,20006672,20006657,20006642,20006627,20006612,20006597,20006582,20006567
5909,20006688,20006673,20006658,20006643,20006628,20006613,20006598,20006583
5910,20006704,20006689,20006674,20006659,20006644,20006629,20006614,20006599
5911,20006720,20006705,20006690,20006675,20006660,20006645,20006630,20006615
5912,20006736,20006721,20006706,20006691,20006676,20006661,20006646,20006631
5913,20006752,20006737,20006722,20006707,20006692,20006677,20006662,20006647
5914,20006768,20006753,20006738,20006723,20006708,20006693,20006678,20006663
5915,20006784,20006769,20006754,20006739,20006724,20006709,20006694,20006679
5916,20006800,20006785,20006770,20006755,20006740,20006725,20006710,20006695
5917,20006816,20006801,20006786,20006771,20006756,20006741,20006726,20006711
5918,20006832,20006817,20006802,20006787,20006772,20006757,20006742,20006727
5919,20006848,20006833,20006818,20006803,20006788,20006773,20006758,20006743
5920,20006864,20006849,20006834,20006819,20006804,20006789,20006774,20006759
5921,20006880,20006865,20006850,20006835,20006820,20006805,20006790,20006775
5922,20006896,20006881,20006866,20006851,20006836,20006821,20006806,20006791
5923,20006912,20006897,20006882,20006867,20006852,20006837,20006822,20006807
5924,20006928,20006913,20006898,20006883,20006868,20006853,20006838,20006823
5925,20006944,20006929,20006914,20006899,20006884,20006869,20006854,20006839
5926,20006960,20006945,20006930,20006915,20006900,20006885,20006870,20006855
5927,20006976,20006961,20006946,20006931,20006916,20006901,20006886,20006871
5928,20006992,20006977,20006962,20006947,20006932,20006917,20006902,20006887
5929,20007008,20006993,20006978,20006963,20006948,20006933,20006918,20006903
5930,20007024,20007009,20006994,20006979,20006964,20006949,20006934,20006919
5931,20007040,20007025,20007010,20006995,20006980,20006965,20006950,20006935
5932,20007056,20007041,20007026,20007011,20006996,20006981,20006966,20006951
5933,20007072,20007057,20007042,20007027,20007012,20006997,20006982,20006967
5934,20007088,20007073,20007058,20007043,20007028,20007013,20006998,20006983
5935,20007104,20007089,20007074,20007059,20007044,20007029,20007014,20006999
5936,20007120,20007105,20007090,20007075,20007060,20007045,20007030,20007015
5937,20007136,20007121,20007106,20007091,20007076,20007061,20007046,20007031
5938,20007152,20007137,20007122,20007107,20007092,20007077,20007062,20007047
5939,20007168,20007153,20007138,20007123,20007108,20007093,20007078,20007063
5940,20007184,20007169,20007154,20007139,20007124,20007109,20007094,20007079
5941,20007200,20007185,20007170,20007155,20007140,20007125,20007110,20007095
5942,20007216,20007201,20007186,20007171,20007156,20007141,20007126,20007111
5943,20007232,20007217,20007202,20007187,20007172,20007157,20007142,20007127
5944,20007248,20007233,20007218,20007203,20007188,20007173,20007158,20007143
5945,20007264,20007249,20007234,20007219,20007204,20007189,20007174,20007159
5946,20007280,20007265,20007250,20007235,20007220,20007205,20007190,20007175
5947,20007296,20007281,20007266,20007251,20007236,20007221,20007206,20007191
5948,20007312,20007297,20007282,20007267,20007252,20007237,20007222,20007207
5949,20007328,20007313,20007298,20007283,20007268,20007253,20007238,20007223
5950,20007344,20007329,20007314,20007299,20007284,20007269,20007254,20007239
5951,20007360,20007345,20007330,20007315,20007300,20007285,20007270,20007255
5952,20007376,20007361,20007346,20007331,20007316,20007301,20007286,20007271
5953,20007392,20007377,20007362,20007347,20007332,20007317,20007302,20007287
5954,20007408,20007393,20007378,20007363,20007348,20007333,20007318,20007303
5955,20007424,20007409,20007394,20007379,20007364,20007349,20007334,20007319
5956,20007440,20007425,20007410,20007395,20007380,20007365,20007350,20007335
5957,20007456,20007441,20007426,20007411,20007396,20007381,20007366,20007351
5958,20007472,20007457,20007442,20007427,20007412,20007397,20007382,20007367
5959,20007488,20007473,20007458,20007443,20007428,20007413,20007398,20007383
5960,20007504,20007489,20007474,20007459,20007444,20007429,20007414,20007399
5961,20007520,20007505,20007490,20007475,20007460,20007445,20007430,20007415
5962,20007536,20007521,20007506,20007491,20007476,20007461,20007446,20007431
5963,20007552,20007537,20007522,20007507,20007492,20007477,20007462,20007447
5964,20007568,20007553,20007538,20007523,20007508,20007493,20007478,20007463
5965,20007584,20007569,20007554,20007539,20007524,20007509,20007494,20007479
5966,20007600,20007585,20007570,20007555,20007540,20007525,20007510,20007495
5967,20007616,20007601,20007586,20007571,20007556,20007541,20007526,20007511
5968,20007632,20007617,20007602,20007587,20007572,20007557,20007542,20007527
5969,20007648,20007633,20007618,20007603,20007588,20007573,20007558,20007543
5970,20007664,20007649,20007634,20007619,20007604,20007589,20007574,20007559
5971,20007680,20007665,20007650,20007635,20007620,20007605,20007590,20007575
5972,20007696,20007681,20007666,20007651,20007636,20007621,20007606,20007591
5973,20007712,20007697,20007682,20007667,20007652,20007637,20007622,20007607
5974,20007728,20007713,20007698,20007683,20007668,20007653,20007638,20007623
5975,20007744,20007729,20007714,20007699,20007684,20007669,20007654,20007639
5976,20007760,20007745,20007730,20007715,20007700,20007685,20007670,20007655
5977,20007776,20007761,20007746,20007731,20007716,20007701,20007686,20007671
5978,20007792,20007777,20007762,20007747,20007732,20007717,20007702,20007687
5979,20007808,20007793,20007778,20007763,20007748,20007733,20007718,20007703
5980,20007824,20007809,20007794,20007779,20007764,20007749,20007734,20007719
5981,20007840,20007825,20007810,20007795,20007780,20007765,20007750,20007735
5982,20007856,20007841,20007826,20007811,20007796,20007781,20007766,20007751
5983,20007872,20007857,20007842,20007827,20007812,20007797,20007782,20007767
5984,20007888,20007873,20007858,20007843,20007828,20007813,20007798,20007783
5985,20007904,20007889,20007874,20007859,20007844,20007829,20007814,20007799
5986,20007920,20007905,20007890,20007875,20007860,20007845,20007830,20007815
5987,20007936,20007921,20007906,20007891,20007876,20007861,20007846,20007831
5988,20007952,20007937,20007922,20007907,20007892,20007877,20007862,20007847
5989,20007968,20007953,20007938,20007923,20007908,20007893,20007878,20007863
5990,20007984,20007969,20007954,20007939,20007924,20007909,20007894,20007879
5991,20008000,20007985,20007970,20007955,20007940,20007925,20007910,20007895
5992,20008016,20008001,20007986,20007971,20007956,20007941,20007926,20007911
5993,20008032,20008017,20008002,20007987,20007972,20007957,20007942,20007927
5994,20008048,20008033,20008018,20008003,20007988,20007973,20007958,20007943
5995,20008064,20008049,20008034,20008019,20008004,20007989,20007974,20007959
5996,20008080,20008065,20008050,20008035,20008020,20008005,20007990,20007975
5997,20008096,20008081,20008066,20008051,20008036,20008021,20008006,20007991
5998,20008112,20008097,20008082,20008067,20008052,20008037,20008022,20008007
5999,20008128,20008113,20008098,20008083,20008068,20008053,20008038,20008023
6000,20008144,20008129,20008114,20008099,20008084,20008069,20008054,20008039
6001,20008160,20008145,20008130,20008115,20008100,20008085,20008070,20008055
6002,20008176,20008161,20008146,20008131,20008116,20008101,20008086,20008071
6003,20008192,20008177,20008162,20008147,20008132,20008117,20008102,20008087
6004,20008208,20008193,20008178,20008163,20008148,20008133,20008118,20008103
6005,20008224,20008209,20008194,20008179,20008164,20008149,20008134,20008119
6006,20008240,20008225,20008210,20008195,20008180,20008165,20008150,20008135
6007,20008256,20008241,20008226,20008211,20008196,20008181,20008166,20008151
6008,20008272,20008257,20008242,20008227,20008212,20008197,20008182,20008167
6009,20008288,20008273,20008258,20008243,20008228,20008213,20008198,20008183
6010,20008304,20008289,20008274,20008259,20008244,20008229,20008214,20008199
6011,20008320,20008305,20008290,20008275,20008260,20008245,20008230,20008215
6012,20008336,20008321,20008306,20008291,20008276,20008261,20008246,20008231
6013,20008352,20008337,20008322,20008307,20008292,20008277,20008262,20008247
6014,20008368,20008353,20008338,20008323,20008308,20008293,20008278,20008263
6015,20008384,20008369,20008354,20008339,20008324,20008309,20008294,20008279
6016,20008400,20008385,20008370,20008355,20008340,20008325,20008310,20008295
6017,20008416,20008401,20008386,20008371,20008356,20008341,20008326,20008311
6018,20008432,20008417,20008402,20008387,20008372,20008357,20008342,20008327
6019,20008448,20008433,20008418,20008403,20008388,20008373,20008358,20008343
6020,20008464,20008449,20008434,20008419,20008404,20008389,20008374,20008359
6021,20008480,20008465,20008450,20008435,20008420,20008405,20008390,20008375
6022,20008496,20008481,20008466,20008451,20008436,20008421,20008406,20008391
6023,20008512,20008497,20008482,20008467,20008452,20008437,20008422,20008407
6024,20008528,20008513,20008498,20008483,20008468,20008453,20008438,20008423
6025,20008544,20008529,20008514,20008499,20008484,20008469,20008454,20008439
6026,20008560,20008545,20008530,20008515,20008500,20008485,20008470,20008455
6027,20008576,20008561,20008546,20008531,20008516,20008501,20008486,20008471
6028,20008592,20008577,20008562,20008547,20008532,20008517,20008502,20008487
6029,20008608,20008593,20008578,20008563,20008548,20008533,20008518,20008503
6030,20008624,20008609,20008594,20008579,20008564,20008549,20008534,20008519
6031,20008640,20008625,20008610,20008595,20008580,20008565,20008550,20008535
6032,20008656,20008641,20008626,20008611,20008596,20008581,20008566,20008551
6033,20008672,20008657,20008642,20008627,20008612,20008597,20008582,20008567
6034,20008688,20008673,20008658,20008643,20008628,20008613,20008598,20008583
6035,20008704,20008689,20008674,20008659,20008644,20008629,20008614,20008599
6036,20008720,20008705,20008690,20008675,20008660,20008645,20008630,20008615
6037,20008736,20008721,20008706,20008691,20008676,20008661,20008646,20008631
6038,20008752,20008737,20008722,20008707,20008692,20008677,20008662,20008647
6039,20008768,20008753,20008738,20008723,20008708,20008693,20008678,20008663
6040,20008784,20008769,20008754,20008739,20008724,20008709,20008694,20008679
6041,20008800,20008785,20008770,20008755,20008740,20008725,20008710,20008695
6042,20008816,20008801,20008786,20008771,20008756,20008741,20008726,20008711
6043,20008832,20008817,20008802,20008787,20008772,20008757,20008742,20008727
6044,20008848,20008833,20008818,20008803,20008788,20008773,20008758,20008743
6045,20008864,20008849,20008834,20008819,20008804,20008789,20008774,20008759
6046,20008880,20008865,20008850,20008835,20008820,20008805,20008790,20008775
6047,20008896,20008881,20008866,20008851,20008836,20008821,20008806,20008791
6048,20008912,20008897,20008882,20008867,20008852,20008837,20008822,20008807
6049,20008928,20008913,20008898,20008883,20008868,20008853,20008838,20008823
6050,20008944,20008929,20008914,20008899,20008884,20008869,20008854,20008839
6051,20008960,20008945,20008930,20008915,20008900,20008885,20008870,20008855
6052,20008976,20008961,20008946,20008931,20008916,20008901,20008886,20008871
6053,20008992,20008977,20008962,20008947,20008932,20008917,20008902,20008887
6054,20009008,20008993,20008978,20008963,20008948,20008933,20008918,20008903
6055,20009024,20009009,20008994,20008979,20008964,20008949,20008934,20008919
6056,20009040,20009025,20009010,20008995,20008980,20008965,20008950,20008935
6057,20009056,20009041,20009026,20009011,20008996,20008981,20008966,20008951
6058,20009072,20009057,20009042,20009027,20009012,20008997,20008982,20008967
6059,20009088,20009073,20009058,20009043,20009028,20009013,20008998,20008983
6060,20009104,20009089,20009074,20009059,20009044,20009029,20009014,20008999
6061,20009120,20009105,20009090,20009075,20009060,20009045,20009030,20009015
6062,20009136,20009121,20009106,20009091,20009076,20009061,20009046,20009031
6063,20009152,20009137,20009122,20009107,20009092,20009077,20009062,20009047
6064,20009168,20009153,20009138,20009123,20009108,20009093,20009078,20009063
6065,20009184,20009169,20009154,20009139,20009124,20009109,20009094,20009079
6066,20009200,20009185,20009170,20009155,20009140,20009125,20009110,20009095
6067,20009216,20009201,20009186,20009171,20009156,20009141,20009126,20009111
6068,20009232,20009217,20009202,20009187,20009172,20009157,20009142,20009127
6069,20009248,20009233,20009218,20009203,20009188,20009173,20009158,20009143
6070,20009264,20009249,20009234,20009219,20009204,20009189,20009174,20009159
6071,20009280,20009265,20009250,20009235,20009220,20009205,20009190,20009175
6072,20009296,20009281,20009266,20009251,20009236,20009221,20009206,20009191
6073,20009312,20009297,20009282,20009267,20009252,20009237,20009222,20009207
6074,20009328,20009313,20009298,20009283,20009268,20009253,20009238,20009223
6075,20009344,20009329,20009314,20009299,20009284,20009269,20009254,20009239
6076,20009360,20009345,20009330,20009315,20009300,20009285,20009270,20009255
6077,20009376,20009361,20009346,20009331,20009316,20009301,20009286,20009271
6078,20009392,20009377,20009362,20009347,20009332,20009317,20009302,20009287
6079,20009408,20009393,20009378,20009363,20009348,20009333,20009318,20009303
6080,20009424,20009409,20009394,20009379,20009364,20009349,20009334,20009319
6081,20009440,20009425,20009410,20009395,20009380,20009365,20009350,20009335
6082,20009456,20009441,20009426,20009411,20009396,20009381,20009366,20009351
6083,20009472,20009457,20009442,20009427,20009412,20009397,20009382,20009367
6084,20009488,20009473,20009458,20009443,20009428,20009413,20009398,20009383
6085,20009504,20009489,20009474,20009459,20009444,20009429,20009414,20009399
6086,20009520,20009505,20009490,20009475,20009460,20009445,20009430,20009415
6087,20009536,20009521,20009506,20009491,20009476,20009461,20009446,20009431
6088,20009552,20009537,20009522,20009507,20009492,20009477,20009462,20009447
6089,20009568,20009553,20009538,20009523,20009508,20009493,20009478,20009463
6090,20009584,20009569,20009554,20009539,20009524,20009509,20009494,20009479
6091,20009600,20009585,20009570,20009555,20009540,20009525,20009510,20009495
6092,20009616,20009601,20009586,20009571,20009556,20009541,20009526,20009511
6093,20009632,20009617,20009602,20009587,20009572,20009557,20009542,20009527
6094,20009648,20009633,20009618,20009603,20009588,20009573,20009558,20009543
6095,20009664,20009649,20009634,20009619,20009604,20009589,20009574,20009559
6096,20009680,20009665,20009650,20009635,20009620,20009605,20009590,20009575
6097,20009696,20009681,20009666,20009651,20009636,20009621,20009606,20009591
6098,20009712,20009697,20009682,20009667,20009652,20009637,20009622,20009607
6099,20009728,20009713,20009698,20009683,20009668,20009653,20009638,20009623
6100,20009744,20009729,20009714,20009699,20009684,20009669,20009654,20009639
6101,20009760,20009745,20009730,20009715,20009700,20009685,20009670,20009655
6102,20009776,20009761,20009746,20009731,20009716,20009701,20009686,20009671
6103,20009792,20009777,20009762,20009747,20009732,20009717,20009702,20009687
6104,20009808,20009793,20009778,20009763,20009748,20009733,20009718,20009703
6105,20009824,20009809,20009794,20009779,20009764,20009749,20009734,20009719
6106,20009840,20009825,20009810,20009795,20009780,20009765,20009750,20009735
6107,20009856,20009841,20009826,20009811,20009796,20009781,20009766,20009751
6108,20009872,20009857,20009842,20009827,20009812,20009797,20009782,20009767
6109,20009888,20009873,20009858,20009843,20009828,20009813,20009798,20009783
6110,20009904,20009889,20009874,20009859,20009844,20009829,20009814,20009799
6111,20009920,20009905,20009890,20009875,20009860,20009845,20009830,20009815
6112,20009936,20009921,20009906,20009891,20009876,20009861,20009846,20009831
6113,20009952,20009937,20009922,20009907,20009892,20009877,20009862,20009847
6114,20009968,20009953,20009938,20009923,20009908,20009893,20009878,20009863
6115,20009984,20009969,20009954,20009939,20009924,20009909,20009894,20009879
6116,20010000,20009985,20009970,20009955,20009940,20009925,20009910,20009895
6117,20010016,20010001,20009986,20009971,20009956,20009941,20009926,20009911
6118,20010032,20010017,20010002,20009987,20009972,20009957,20009942,20009927
6119,20010048,20010033,20010018,20010003,20009988,20009973,20009958,20009943
6120,20010064,20010049,20010034,20010019,20010004,20009989,20009974,20009959
6121,20010080,20010065,20010050,20010035,20010020,20010005,20009990,20009975
6122,20010096,20010081,20010066,20010051,20010036,20010021,20010006,20009991
6123,20010112,20010097,20010082,20010067,20010052,20010037,20010022,20010007
6124,20010128,20010113,20010098,20010083,20010068,20010053,20010038,20010023
6125,20010144,20010129,20010114,20010099,20010084,20010069,20010054,20010039
6126,20010160,20010145,20010130,20010115,20010100,20010085,20010070,20010055
6127,20010176,20010161,20010146,20010131,20010116,20010101,20010086,20010071
6128,20010192,20010177,20010162,20010147,20010132,20010117,20010102,20010087
6129,20010208,20010193,20010178,20010163,20010148,20010133,20010118,20010103
6130,20010224,20010209,20010194,20010179,20010164,20010149,20010134,20010119
6131,20010240,20010225,20010210,20010195,20010180,20010165,20010150,20010135
6132,20010256,20010241,20010226,20010211,20010196,20010181,20010166,20010151
6133,20010272,20010257,20010242,20010227,20010212,20010197,20010182,20010167
6134,20010288,20010273,20010258,20010243,20010228,20010213,20010198,20010183
6135,20010304,20010289,20010274,20010259,20010244,20010229,20010214,20010199
6136,20010320,20010305,20010290,20010275,20010260,20010245,20010230,20010215
6137,20010336,20010321,20010306,20010291,20010276,20010261,20010246,20010231
6138,20010352,20010337,20010322,20010307,20010292,20010277,20010262,20010247
6139,20010368,20010353,20010338,20010323,20010308,20010293,20010278,20010263
6140,20010384,20010369,20010354,20010339,20010324,20010309,20010294,20010279
6141,20010400,20010385,20010370,20010355,20010340,20010325,20010310,20010295
6142,20010416,20010401,20010386,20010371,20010356,20010341,20010326,20010311
6143,20010432,20010417,20010402,20010387,20010372,20010357,20010342,20010327
6144,20010448,20010433,20010418,20010403,20010388,20010373,20010358,20010343
6145,20010464,20010449,20010434,20010419,20010404,20010389,20010374,20010359
6146,20010480,20010465,20010450,20010435,20010420,20010405,20010390,20010375
6147,20010496,20010481,20010466,20010451,20010436,20010421,20010406,20010391
6148,20010512,20010497,20010482,20010467,20010452,20010437,20010422,20010407
6149,20010528,20010513,20010498,20010483,20010468,20010453,20010438,20010423
6150,20010544,20010529,20010514,20010499,20010484,20010469,20010454,20010439
6151,20010560,20010545,20010530,20010515,20010500,20010485,20010470,20010455
6152,20010576,20010561,20010546,20010531,20010516,20010501,20010486,20010471
6153,20010592,20010577,20010562,20010547,20010532,20010517,20010502,20010487
6154,20010608,20010593,20010578,20010563,20010548,20010533,20010518,20010503
6155,20010624,20010609,20010594,20010579,20010564,20010549,20010534,20010519
6156,20010640,20010625,20010610,20010595,20010580,20010565,20010550,20010535
6157,20010656,20010641,20010626,20010611,20010596,20010581,20010566,20010551
6158,20010672,20010657,20010642,20010627,20010612,20010597,20010582,20010567
6159,20010688,20010673,20010658,20010643,20010628,20010613,20010598,20010583
6160,20010704,20010689,20010674,20010659,20010644,20010629,20010614,20010599
6161,20010720,20010705,20010690,20010675,20010660,20010645,20010630,20010615
6162,20010736,20010721,20010706,20010691,20010676,20010661,20010646,20010631
6163,20010752,20010737,20010722,20010707,20010692,20010677,20010662,20010647
6164,20010768,20010753,20010738,20010723,20010708,20010693,20010678,20010663
6165,20010784,20010769,20010754,20010739,20010724,20010709,20010694,20010679
6166,20010800,20010785,20010770,20010755,20010740,20010725,20010710,20010695
6167,20010816,20010801,20010786,20010771,20010756,20010741,20010726,20010711
6168,20010832,20010817,20010802,20010787,20010772,20010757,20010742,20010727
6169,20010848,20010833,20010818,20010803,20010788,20010773,20010758,20010743
6170,20010864,20010849,20010834,20010819,20010804,20010789,20010774,20010759
6171,20010880,20010865,20010850,20010835,20010820,20010805,20010790,20010775
6172,20010896,20010881,20010866,20010851,20010836,20010821,20010806,20010791
6173,20010912,20010897,20010882,20010867,20010852,20010837,20010822,20010807
6174,20010928,20010913,20010898,20010883,20010868,20010853,20010838,20010823
6175,20010944,20010929,20010914,20010899,20010884,20010869,20010854,20010839
6176,20010960,20010945,20010930,20010915,20010900,20010885,20010870,20010855
6177,20010976,20010961,20010946,20010931,20010916,20010901,20010886,20010871
6178,20010992,20010977,20010962,20010947,20010932,20010917,20010902,20010887
6179,20011008,20010993,20010978,20010963,20010948,20010933,20010918,20010903
6180,20011024,20011009,20010994,20010979,20010964,20010949,20010934,20010919
6181,20011040,20011025,20011010,20010995,20010980,20010965,20010950,20010935
6182,20011056,20011041,20011026,20011011,20010996,20010981,20010966,20010951
6183,20011072,20011057,20011042,20011027,20011012,20010997,20010982,20010967
6184,20011088,20011073,20011058,20011043,20011028,20011013,20010998,20010983
6185,20011104,20011089,20011074,20011059,20011044,20011029,20011014,20010999
6186,20011120,20011105,20011090,20011075,20011060,20011045,20011030,20011015
6187,20011136,20011121,20011106,20011091,20011076,20011061,20011046,20011031
6188,20011152,20011137,20011122,20011107,20011092,20011077,20011062,20011047
6189,20011168,20011153,20011138,20011123,20011108,20011093,20011078,20011063
6190,20011184,20011169,20011154,20011139,20011124,20011109,20011094,20011079
6191,20011200,20011185,20011170,20011155,20011140,20011125,20011110,20011095
6192,20011216,20011201,20011186,20011171,20011156,20011141,20011126,20011111
6193,20011232,20011217,20011202,20011187,20011172,20011157,20011142,20011127
6194,20011248,20011233,20011218,20011203,20011188,20011173,20011158,20011143
6195,20011264,20011249,20011234,20011219,20011204,20011189,20011174,20011159
6196,20011280,20011265,20011250,20011235,20011220,20011205,20011190,20011175
6197,20011296,20011281,20011266,20011251,20011236,20011221,20011206,20011191
6198,20011312,20011297,20011282,20011267,20011252,20011237,20011222,20011207
6199,20011328,20011313,20011298,20011283,20011268,20011253,20011238,20011223
6200,20011344,20011329,20011314,20011299,20011284,20011269,20011254,20011239
6201,20011360,20011345,20011330,20011315,20011300,20011285,20011270,20011255
6202,20011376,20011361,20011346,20011331,20011316,20011301,20011286,20011271
6203,20011392,20011377,20011362,20011347,20011332,20011317,20011302,20011287
6204,20011408,20011393,20011378,20011363,20011348,20011333,20011318,20011303
6205,20011424,20011409,20011394,20011379,20011364,20011349,20011334,20011319
6206,20011440,20011425,20011410,20011395,20011380,20011365,20011350,20011335
6207,20011456,20011441,20011426,20011411,20011396,20011381,20011366,20011351
6208,20011472,20011457,20011442,20011427,20011412,20011397,20011382,20011367
6209,20011488,20011473,20011458,20011443,20011428,20011413,20011398,20011383
6210,20011504,20011489,20011474,20011459,20011444,20011429,20011414,20011399
6211,20011520,20011505,20011490,20011475,20011460,20011445,20011430,20011415
6212,20011536,20011521,20011506,20011491,20011476,20011461,20011446,20011431
6213,20011552,20011537,20011522,20011507,20011492,20011477,20011462,20011447
6214,20011568,20011553,20011538,20011523,20011508,20011493,20011478,20011463
6215,20011584,20011569,20011554,20011539,20011524,20011509,20011494,20011479
6216,20011600,20011585,20011570,20011555,20011540,20011525,20011510,20011495
6217,20011616,20011601,20011586,20011571,20011556,20011541,20011526,20011511
6218,20011632,20011617,20011602,20011587,20011572,20011557,20011542,20011527
6219,20011648,20011633,20011618,20011603,20011588,20011573,20011558,20011543
6220,20011664,20011649,20011634,20011619,20011604,20011589,20011574,20011559
6221,20011680,20011665,20011650,20011635,20011620,20011605,20011590,20011575
6222,20011696,20011681,20011666,20011651,20011636,20011621,20011606,20011591
6223,20011712,20011697,20011682,20011667,20011652,20011637,20011622,20011607
6224,20011728,20011713,20011698,20011683,20011668,20011653,20011638,20011623
6225,20011744,20011729,20011714,20011699,20011684,20011669,20011654,20011639
6226,20011760,20011745,20011730,20011715,20011700,20011685,20011670,20011655
6227,20011776,20011761,20011746,20011731,20011716,20011701,20011686,20011671
6228,20011792,20011777,20011762,20011747,20011732,20011717,20011702,20011687
6229,20011808,20011793,20011778,20011763,20011748,20011733,20011718,20011703
6230,20011824,20011809,20011794,20011779,20011764,20011749,20011734,20011719
6231,20011840,20011825,20011810,20011795,20011780,20011765,20011750,20011735
6232,20011856,20011841,20011826,20011811,20011796,20011781,20011766,20011751
6233,20011872,20011857,20011842,20011827,20011812,20011797,20011782,20011767
6234,20011888,20011873,20011858,20011843,20011828,20011813,20011798,20011783
6235,20011904,20011889,20011874,20011859,20011844,20011829,20011814,20011799
6236,20011920,20011905,20011890,20011875,20011860,20011845,20011830,20011815
6237,20011936,20011921,20011906,20011891,20011876,20011861,20011846,20011831
6238,20011952,20011937,20011922,20011907,20011892,20011877,20011862,20011847
6239,20011968,20011953,20011938,20011923,20011908,20011893,20011878,20011863
6240,20011984,20011969,20011954,20011939,20011924,20011909,20011894,20011879
6241,20012000,20011985,20011970,20011955,20011940,20011925,20011910,20011895
6242,20012016,20012001,20011986,20011971,20011956,20011941,20011926,20011911
6243,20012032,20012017,20012002,20011987,20011972,20011957,20011942,20011927
6244,20012048,20012033,20012018,20012003,20011988,20011973,20011958,20011943
6245,20012064,20012049,20012034,20012019,20012004,20011989,20011974,20011959
6246,20012080,20012065,20012050,20012035,20012020,20012005,20011990,20011975
6247,20012096,20012081,20012066,20012051,20012036,20012021,20012006,20011991
6248,20012112,20012097,20012082,20012067,20012052,20012037,20012022,20012007
6249,20012128,20012113,20012098,20012083,20012068,20012053,20012038,20012023
6250,20012144,20012129,20012114,20012099,20012084,20012069,20012054,20012039
6251,20012160,20012145,20012130,20012115,20012100,20012085,20012070,20012055
6252,20012176,20012161,20012146,20012131,20012116,20012101,20012086,20012071
6253,20012192,20012177,20012162,20012147,20012132,20012117,20012102,20012087
6254,20012208,20012193,20012178,20012163,20012148,20012133,20012118,20012103
6255,20012224,20012209,20012194,20012179,20012164,20012149,20012134,20012119
6256,20012240,20012225,20012210,20012195,20012180,20012165,20012150,20012135
6257,20012256,20012241,20012226,20012211,20012196,20012181,20012166,20012151
6258,20012272,20012257,20012242,20012227,20012212,20012197,20012182,20012167
6259,20012288,20012273,20012258,20012243,20012228,20012213,20012198,20012183
6260,20012304,20012289,20012274,20012259,20012244,20012229,20012214,20012199
6261,20012320,20012305,20012290,20012275,20012260,20012245,20012230,20012215
6262,20012336,20012321,20012306,20012291,20012276,20012261,20012246,20012231
6263,20012352,20012337,20012322,20012307,20012292,20012277,20012262,20012247
6264,20012368,20012353,20012338,20012323,20012308,20012293,20012278,20012263
6265,20012384,20012369,20012354,20012339,20012324,20012309,20012294,20012279
6266,20012400,20012385,20012370,20012355,20012340,20012325,20012310,20012295
6267,20012416,20012401,20012386,20012371,20012356,20012341,20012326,20012311
6268,20012432,20012417,20012402,20012387,20012372,20012357,20012342,20012327
6269,20012448,20012433,20012418,20012403,20012388,20012373,20012358,20012343
6270,20012464,20012449,20012434,20012419,20012404,20012389,20012374,20012359
6271,20012480,20012465,20012450,20012435,20012420,20012405,20012390,20012375
6272,20012496,20012481,20012466,20012451,20012436,20012421,20012406,20012391
6273,20012512,20012497,20012482,20012467,20012452,20012437,20012422,20012407
6274,20012528,20012513,20012498,20012483,20012468,20012453,20012438,20012423
6275,20012544,20012529,20012514,20012499,20012484,20012469,20012454,20012439
6276,20012560,20012545,20012530,20012515,20012500,20012485,20012470,20012455
6277,20012576,20012561,20012546,20012531,20012516,20012501,20012486,20012471
6278,20012592,20012577,20012562,20012547,20012532,20012517,20012502,20012487
6279,20012608,20012593,20012578,20012563,20012548,20012533,20012518,20012503
6280,20012624,20012609,20012594,20012579,20012564,20012549,20012534,20012519
6281,20012640,20012625,20012610,20012595,20012580,20012565,20012550,20012535
6282,20012656,20012641,20012626,20012611,20012596,20012581,20012566,20012551
6283,20012672,20012657,20012642,20012627,20012612,20012597,20012582,20012567
6284,20012688,20012673,20012658,20012643,20012628,20012613,20012598,20012583
6285,20012704,20012689,20012674,20012659,20012644,20012629,20012614,20012599
6286,20012720,20012705,20012690,20012675,20012660,20012645,20012630,20012615
6287,20012736,20012721,20012706,20012691,20012676,20012661,20012646,20012631
6288,20012752,20012737,20012722,20012707,20012692,20012677,20012662,20012647
6289,20012768,20012753,20012738,20012723,20012708,20012693,20012678,20012663
6290,20012784,20012769,20012754,20012739,20012724,20012709,20012694,20012679
6291,20012800,20012785,20012770,20012755,20012740,20012725,20012710,20012695
6292,20012816,20012801,20012786,20012771,20012756,20012741,20012726,20012711
6293,20012832,20012817,20012802,20012787,20012772,20012757,20012742,20012727
6294,20012848,20012833,20012818,20012803,20012788,20012773,20012758,20012743
6295,20012864,20012849,20012834,20012819,20012804,20012789,20012774,20012759
6296,20012880,20012865,20012850,20012835,20012820,20012805,20012790,20012775
6297,20012896,20012881,20012866,20012851,20012836,20012821,20012806,20012791
6298,20012912,20012897,20012882,20012867,20012852,20012837,20012822,20012807
6299,20012928,20012913,20012898,20012883,20012868,20012853,20012838,20012823
6300,20012944,20012929,20012914,20012899,20012884,20012869,20012854,20012839
6301,20012960,20012945,20012930,20012915,20012900,20012885,20012870,20012855
6302,20012976,20012961,20012946,20012931,20012916,20012901,20012886,20012871
6303,20012992,20012977,20012962,20012947,20012932,20012917,20012902,20012887
6304,20013008,20012993,20012978,20012963,20012948,20012933,20012918,20012903
6305,20013024,20013009,20012994,20012979,20012964,20012949,20012934,20012919
6306,20013040,20013025,20013010,20012995,20012980,20012965,20012950,20012935
6307,20013056,20013041,20013026,20013011,20012996,20012981,20012966,20012951
6308,20013072,20013057,20013042,20013027,20013012,20012997,20012982,20012967
6309,20013088,20013073,20013058,20013043,20013028,20013013,20012998,20012983
6310,20013104,20013089,20013074,20013059,20013044,20013029,20013014,20012999
6311,20013120,20013105,20013090,20013075,20013060,20013045,20013030,20013015
6312,20013136,20013121,20013106,20013091,20013076,20013061,20013046,20013031
6313,20013152,20013137,20013122,20013107,20013092,20013077,20013062,20013047
6314,20013168,20013153,20013138,20013123,20013108,20013093,20013078,20013063
6315,20013184,20013169,20013154,20013139,20013124,20013109,20013094,20013079
6316,20013200,20013185,20013170,20013155,20013140,20013125,20013110,20013095
6317,20013216,20013201,20013186,20013171,20013156,20013141,20013126,20013111
6318,20013232,20013217,20013202,20013187,20013172,20013157,20013142,20013127
6319,20013248,20013233,20013218,20013203,20013188,20013173,20013158,20013143
6320,20013264,20013249,20013234,20013219,20013204,20013189,20013174,20013159
6321,20013280,20013265,20013250,20013235,20013220,20013205,20013190,20013175
6322,20013296,20013281,20013266,20013251,20013236,20013221,20013206,20013191
6323,20013312,20013297,20013282,20013267,20013252,20013237,20013222,20013207
6324,20013328,20013313,20013298,20013283,20013268,20013253,20013238,20013223
6325,20013344,20013329,20013314,20013299,20013284,20013269,20013254,20013239
6326,20013360,20013345,20013330,20013315,20013300,20013285,20013270,20013255
6327,20013376,20013361,20013346,20013331,20013316,20013301,20013286,20013271
6328,20013392,20013377,20013362,20013347,20013332,20013317,20013302,20013287
6329,20013408,20013393,20013378,20013363,20013348,20013333,20013318,20013303
6330,20013424,20013409,20013394,20013379,20013364,20013349,20013334,20013319
6331,20013440,20013425,20013410,20013395,20013380,20013365,20013350,20013335
6332,20013456,20013441,20013426,20013411,20013396,20013381,20013366,20013351
6333,20013472,20013457,20013442,20013427,20013412,20013397,20013382,20013367
6334,20013488,20013473,20013458,20013443,20013428,20013413,20013398,20013383
6335,20013504,20013489,20013474,20013459,20013444,20013429,20013414,20013399
6336,20013520,20013505,20013490,20013475,20013460,20013445,20013430,20013415
6337,20013536,20013521,20013506,20013491,20013476,20013461,20013446,20013431
6338,20013552,20013537,20013522,20013507,20013492,20013477,20013462,20013447
6339,20013568,20013553,20013538,20013523,20013508,20013493,20013478,20013463
6340,20013584,20013569,20013554,20013539,20013524,20013509,20013494,20013479
6341,20013600,20013585,20013570,20013555,20013540,20013525,20013510,20013495
6342,20013616,20013601,20013586,20013571,20013556,20013541,20013526,20013511
6343,20013632,20013617,20013602,20013587,20013572,20013557,20013542,20013527
6344,20013648,20013633,20013618,20013603,20013588,20013573,20013558,20013543
6345,20013664,20013649,20013634,20013619,20013604,20013589,20013574,20013559
6346,20013680,20013665,20013650,20013635,20013620,20013605,20013590,20013575
6347,20013696,20013681,20013666,20013651,20013636,20013621,20013606,20013591
6348,20013712,20013697,20013682,20013667,20013652,20013637,20013622,20013607
6349,20013728,20013713,20013698,20013683,20013668,20013653,20013638,20013623
6350,20013744,20013729,20013714,20013699,20013684,20013669,20013654,20013639
6351,20013760,20013745,20013730,20013715,20013700,20013685,20013670,20013655
6352,20013776,20013761,20013746,20013731,20013716,20013701,20013686,20013671
6353,20013792,20013777,20013762,20013747,20013732,20013717,20013702,20013687
6354,20013808,20013793,20013778,20013763,20013748,20013733,20013718,20013703
6355,20013824,20013809,20013794,20013779,20013764,20013749,20013734,20013719
6356,20013840,20013825,20013810,20013795,20013780,20013765,20013750,20013735
6357,20013856,20013841,20013826,20013811,20013796,20013781,20013766,20013751
6358,20013872,20013857,20013842,20013827,20013812,20013797,20013782,20013767
6359,20013888,20013873,20013858,20013843,20013828,20013813,20013798,20013783
6360,20013904,20013889,20013874,20013859,20013844,20013829,20013814,20013799
6361,20013920,20013905,20013890,20013875,20013860,20013845,20013830,20013815
6362,20013936,20013921,20013906,20013891,20013876,20013861,20013846,20013831
6363,20013952,20013937,20013922,20013907,20013892,20013877,20013862,20013847
6364,20013968,20013953,20013938,20013923,20013908,20013893,20013878,20013863
6365,20013984,20013969,20013954,20013939,20013924,20013909,20013894,20013879
6366,20014000,20013985,20013970,20013955,20013940,20013925,20013910,20013895
6367,20014016,20014001,20013986,20013971,20013956,20013941,20013926,20013911
6368,20014032,20014017,20014002,20013987,20013972,20013957,20013942,20013927
6369,20014048,20014033,20014018,20014003,20013988,20013973,20013958,20013943
6370,20014064,20014049,20014034,20014019,20014004,20013989,20013974,20013959
6371,20014080,20014065,20014050,20014035,20014020,20014005,20013990,20013975
6372,20014096,20014081,20014066,20014051,20014036,20014021,20014006,20013991
6373,20014112,20014097,20014082,20014067,20014052,20014037,20014022,20014007
6374,20014128,20014113,20014098,20014083,20014068,20014053,20014038,20014023
6375,20014144,20014129,20014114,20014099,20014084,20014069,20014054,20014039
6376,20014160,20014145,20014130,20014115,20014100,20014085,20014070,20014055
6377,20014176,20014161,20014146,20014131,20014116,20014101,20014086,20014071
6378,20014192,20014177,20014162,20014147,20014132,20014117,20014102,20014087
6379,20014208,20014193,20014178,20014163,20014148,20014133,20014118,20014103
6380,20014224,20014209,20014194,20014179,20014164,20014149,20014134,20014119
6381,20014240,20014225,20014210,20014195,20014180,20014165,20014150,20014135
6382,20014256,20014241,20014226,20014211,20014196,20014181,20014166,20014151
6383,20014272,20014257,20014242,20014227,20014212,20014197,20014182,20014167
6384,20014288,20014273,20014258,20014243,20014228,20014213,20014198,20014183
6385,20014304,20014289,20014274,20014259,20014244,20014229,20014214,20014199
6386,20014320,20014305,20014290,20014275,20014260,20014245,20014230,20014215
6387,20014336,20014321,20014306,20014291,20014276,20014261,20014246,20014231
6388,20014352,20014337,20014322,20014307,20014292,20014277,20014262,20014247
6389,20014368,20014353,20014338,20014323,20014308,20014293,20014278,20014263
6390,20014384,20014369,20014354,20014339,20014324,20014309,20014294,20014279
6391,-1,20014385,20014370,20014355,20014340,20014325,20014310,20014295
6392,-1,-1,20014386,20014371,20014356,20014341,20014326,20014311
6393,-1,-1,-1,20014387,20014372,20014357,20014342,20014327
6394,-1,-1,-1,-1,20014388,20014373,20014358,20014343
6395,-1,-1,-1,-1,-1,20014389,20014374,20014359
6396,-1,-1,-1,-1,-1,-1,20014390,20014375
6397,-1,-1,-1,-1,-1,-1,-1,20014391
6398,-1,-1,-1,-1,-1,-1,-1,-1
6399,-1,-1,-1,-1,-1,-1,-1,-1
6400,-1,-1,-1,-1,-1,-1,-1,-1
6401,-1,-1,-1,-1,-1,-1,-1,-1
6402,-1,-1,-1,-1,-1,-1,-1,-1
6403,-1,-1,-1,-1,-1,-1,-1,-1
6404,-1,-1,-1,-1,-1,-1,-1,-1
6405,20000008,-1,-1,-1,-1,-1,-1,-1
6406,20000024,20000009,-1,-1,-1,-1,-1,-1
6407,20000040,20000025,20000010,-1,-1,-1,-1,-1
6408,20000056,20000041,20000026,20000011,-1,-1,-1,-1
6409,20000072,20000057,20000042,20000027,20000012,-1,-1,-1
6410,20000088,20000073,20000058,20000043,20000028,20000013,-1,-1
6411,20000104,20000089,20000074,20000059,20000044,20000029,20000014,-1
6412,20000120,20000105,20000090,20000075,20000060,20000045,20000030,20000015
6413,20000136,20000121,20000106,20000091,20000076,20000061,20000046,20000031
6414,20000152,20000137,20000122,20000107,20000092,20000077,20000062,20000047
6415,20000168,20000153,20000138,20000123,20000108,20000093,20000078,20000063
6416,20000184,20000169,20000154,20000139,20000124,20000109,20000094,20000079
6417,20000200,20000185,20000170,20000155,20000140,20000125,20000110,20000095
6418,20000216,20000201,20000186,20000171,20000156,20000141,20000126,20000111
6419,20000232,20000217,20000202,20000187,20000172,20000157,20000142,20000127
6420,20000248,20000233,20000218,20000203,20000188,20000173,20000158,20000143
6421,20000264,20000249,20000234,20000219,20000204,20000189,20000174,20000159
6422,20000280,20000265,20000250,20000235,20000220,20000205,20000190,20000175
6423,20000296,20000281,20000266,20000251,20000236,20000221,20000206,20000191
6424,20000312,20000297,20000282,20000267,20000252,20000237,20000222,20000207
6425,20000328,20000313,20000298,20000283,20000268,20000253,20000238,20000223
6426,20000344,20000329,20000314,20000299,20000284,20000269,20000254,20000239
6427,20000360,20000345,20000330,20000315,20000300,20000285,20000270,20000255
6428,20000376,20000361,20000346,20000331,20000316,20000301,20000286,20000271
6429,20000392,20000377,20000362,20000347,20000332,20000317,20000302,20000287
6430,20000408,20000393,20000378,20000363,20000348,20000333,20000318,20000303
6431,20000424,20000409,20000394,20000379,20000364,20000349,20000334,20000319
6432,20000440,20000425,20000410,20000395,20000380,20000365,20000350,20000335
6433,20000456,20000441,20000426,20000411,20000396,20000381,20000366,20000351
6434,20000472,20000457,20000442,20000427,20000412,20000397,20000382,20000367
6435,20000488,20000473,20000458,20000443,20000428,20000413,20000398,20000383
6436,20000504,20000489,20000474,20000459,20000444,20000429,20000414,20000399
6437,20000520,20000505,20000490,20000475,20000460,20000445,20000430,20000415
6438,20000536,20000521,20000506,20000491,20000476,20000461,20000446,20000431
6439,20000552,20000537,20000522,20000507,20000492,20000477,20000462,20000447
6440,20000568,20000553,20000538,20000523,20000508,20000493,20000478,20000463
6441,20000584,20000569,20000554,20000539,20000524,20000509,20000494,20000479
6442,20000600,20000585,20000570,20000555,20000540,20000525,20000510,20000495
6443,20000616,20000601,20000586,20000571,20000556,20000541,20000526,20000511
6444,20000632,20000617,20000602,20000587,20000572,20000557,20000542,20000527
6445,20000648,20000633,20000618,20000603,20000588,20000573,20000558,20000543
6446,20000664,20000649,20000634,20000619,20000604,20000589,20000574,20000559
6447,20000680,20000665,20000650,20000635,20000620,20000605,20000590,20000575
6448,20000696,20000681,20000666,20000651,20000636,20000621,20000606,20000591
6449,20000712,20000697,20000682,20000667,20000652,20000637,20000622,20000607
6450,20000728,20000713,20000698,20000683,20000668,20000653,20000638,20000623
6451,20000744,20000729,20000714,20000699,20000684,20000669,20000654,20000639
6452,20000760,20000745,20000730,20000715,20000700,20000685,20000670,20000655
6453,20000776,20000761,20000746,20000731,20000716,20000701,20000686,20000671
6454,20000792,20000777,20000762,20000747,20000732,20000717,20000702,20000687
6455,20000808,20000793,20000778,20000763,20000748,20000733,20000718,20000703
6456,20000824,20000809,20000794,20000779,20000764,20000749,20000734,20000719
6457,20000840,20000825,20000810,20000795,20000780,20000765,20000750,20000735
6458,20000856,20000841,20000826,20000811,20000796,20000781,20000766,20000751
6459,20000872,20000857,20000842,20000827,20000812,20000797,20000782,20000767
6460,20000888,20000873,20000858,20000843,20000828,20000813,20000798,20000783
6461,20000904,20000889,20000874,20000859,20000844,20000829,20000814,20000799
6462,20000920,20000905,20000890,20000875,20000860,20000845,20000830,20000815
6463,20000936,20000921,20000906,20000891,20000876,20000861,20000846,20000831
6464,20000952,20000937,20000922,20000907,20000892,20000877,20000862,20000847
6465,20000968,20000953,20000938,20000923,20000908,20000893,20000878,20000863
6466,20000984,20000969,20000954,20000939,20000924,20000909,20000894,20000879
6467,20001000,20000985,20000970,20000955,20000940,20000925,20000910,20000895
6468,20001016,20001001,20000986,20000971,20000956,20000941,20000926,20000911
6469,20001032,20001017,20001002,20000987,20000972,20000957,20000942,20000927
6470,20001048,20001033,20001018,20001003,20000988,20000973,20000958,20000943
6471,20001064,20001049,20001034,20001019,20001004,20000989,20000974,20000959
6472,20001080,20001065,20001050,20001035,20001020,20001005,20000990,20000975
6473,20001096,20001081,20001066,20001051,20001036,20001021,20001006,20000991
6474,20001112,20001097,20001082,20001067,20001052,20001037,20001022,20001007
6475,20001128,20001113,20001098,20001083,20001068,20001053,20001038,20001023
6476,20001144,20001129,20001114,20001099,20001084,20001069,20001054,20001039
6477,20001160,20001145,20001130,20001115,20001100,20001085,20001070,20001055
6478,20001176,20001161,20001146,20001131,20001116,20001101,20001086,20001071
6479,20001192,20001177,20001162,20001147,20001132,20001117,20001102,20001087
6480,20001208,20001193,20001178,20001163,20001148,20001133,20001118,20001103
6481,20001224,20001209,20001194,20001179,20001164,20001149,20001134,20001119
6482,20001240,20001225,20001210,20001195,20001180,20001165,20001150,20001135
6483,20001256,20001241,20001226,20001211,20001196,20001181,20001166,20001151
6484,20001272,20001257,20001242,20001227,20001212,20001197,20001182,20001167
6485,20001288,20001273,20001258,20001243,20001228,20001213,20001198,20001183
6486,20001304,20001289,20001274,20001259,20001244,20001229,20001214,20001199
6487,20001320,20001305,20001290,20001275,20001260,20001245,20001230,20001215
6488,20001336,20001321,20001306,20001291,20001276,20001261,20001246,20001231
6489,20001352,20001337,20001322,20001307,20001292,20001277,20001262,20001247
6490,20001368,20001353,20001338,20001323,20001308,20001293,20001278,20001263
6491,20001384,20001369,20001354,20001339,20001324,20001309,20001294,20001279
6492,20001400,20001385,20001370,20001355,20001340,20001325,20001310,20001295
6493,20001416,20001401,20001386,20001371,20001356,20001341,20001326,20001311
6494,20001432,20001417,20001402,20001387,20001372,20001357,20001342,20001327
6495,20001448,20001433,20001418,20001403,20001388,20001373,20001358,20001343
6496,20001464,20001449,20001434,20001419,20001404,20001389,20001374,20001359
6497,20001480,20001465,20001450,20001435,20001420,20001405,20001390,20001375
6498,20001496,20001481,20001466,20001451,20001436,20001421,20001406,20001391
6499,20001512,20001497,20001482,20001467,20001452,20001437,20001422,20001407
6500,20001528,20001513,20001498,20001483,20001468,20001453,20001438,20001423
6501,20001544,20001529,20001514,20001499,20001484,20001469,20001454,20001439
6502,20001560,20001545,20001530,20001515,20001500,20001485,20001470,20001455
6503,20001576,20001561,20001546,20001531,20001516,20001501,20001486,20001471
6504,20001592,20001577,20001562,20001547,20001532,20001517,20001502,20001487
6505,20001608,20001593,20001578,20001563,20001548,20001533,20001518,20001503
6506,20001624,20001609,20001594,20001579,20001564,20001549,20001534,20001519
6507,20001640,20001625,20001610,20001595,20001580,20001565,20001550,20001535
6508,20001656,20001641,20001626,20001611,20001596,20001581,20001566,20001551
6509,20001672,20001657,20001642,20001627,20001612,20001597,20001582,20001567
6510,20001688,20001673,20001658,20001643,20001628,20001613,20001598,20001583
6511,20001704,20001689,20001674,20001659,20001644,20001629,20001614,20001599
6512,20001720,20001705,20001690,20001675,20001660,20001645,20001630,20001615
6513,20001736,20001721,20001706,20001691,20001676,20001661,20001646,20001631
6514,20001752,20001737,20001722,20001707,20001692,20001677,20001662,20001647
6515,20001768,20001753,20001738,20001723,20001708,20001693,20001678,20001663
6516,20001784,20001769,20001754,20001739,20001724,20001709,20001694,20001679
6517,20001800,20001785,20001770,20001755,20001740,20001725,20001710,20001695
6518,20001816,20001801,20001786,20001771,20001756,20001741,20001726,20001711
6519,20001832,20001817,20001802,20001787,20001772,20001757,20001742,20001727
6520,20001848,20001833,20001818,20001803,20001788,20001773,20001758,20001743
6521,20001864,20001849,20001834,20001819,20001804,20001789,20001774,20001759
6522,20001880,20001865,20001850,20001835,20001820,20001805,20001790,20001775
6523,20001896,20001881,20001866,20001851,20001836,20001821,20001806,20001791
6524,20001912,20001897,20001882,20001867,20001852,20001837,20001822,20001807
6525,20001928,20001913,20001898,20001883,20001868,20001853,20001838,20001823
6526,20001944,20001929,20001914,20001899,20001884,20001869,20001854,20001839
6527,20001960,20001945,20001930,20001915,20001900,20001885,20001870,20001855
6528,20001976,20001961,20001946,20001931,20001916,20001901,20001886,20001871
6529,20001992,20001977,20001962,20001947,20001932,20001917,20001902,20001887
6530,20002008,20001993,20001978,20001963,20001948,20001933,20001918,20001903
6531,20002024,20002009,20001994,20001979,20001964,20001949,20001934,20001919
6532,20002040,20002025,20002010,20001995,20001980,20001965,20001950,20001935
6533,20002056,20002041,20002026,20002011,20001996,20001981,20001966,20001951
6534,20002072,20002057,20002042,20002027,20002012,20001997,20001982,20001967
6535,20002088,20002073,20002058,20002043,20002028,20002013,20001998,20001983
6536,20002104,20002089,20002074,20002059,20002044,20002029,20002014,20001999
6537,20002120,20002105,20002090,20002075,20002060,20002045,20002030,20002015
6538,20002136,20002121,20002106,20002091,20002076,20002061,20002046,20002031
6539,20002152,20002137,20002122,20002107,20002092,20002077,20002062,20002047
6540,20002168,20002153,20002138,20002123,20002108,20002093,20002078,20002063
6541,20002184,20002169,20002154,20002139,20002124,20002109,20002094,20002079
6542,20002200,20002185,20002170,20002155,20002140,20002125,20002110,20002095
6543,20002216,20002201,20002186,20002171,20002156,20002141,20002126,20002111
6544,20002232,20002217,20002202,20002187,20002172,20002157,20002142,20002127
6545,20002248,20002233,20002218,20002203,20002188,20002173,20002158,20002143
6546,20002264,20002249,20002234,20002219,20002204,20002189,20002174,20002159
6547,20002280,20002265,20002250,20002235,20002220,20002205,20002190,20002175
6548,20002296,20002281,20002266,20002251,20002236,20002221,20002206,20002191
6549,20002312,20002297,20002282,20002267,20002252,20002237,20002222,20002207
6550,20002328,20002313,20002298,20002283,20002268,20002253,20002238,20002223
6551,20002344,20002329,20002314,20002299,20002284,20002269,20002254,20002239
6552,20002360,20002345,20002330,20002315,20002300,20002285,20002270,20002255
6553,20002376,20002361,20002346,20002331,20002316,20002301,20002286,20002271
6554,20002392,20002377,20002362,20002347,20002332,20002317,20002302,20002287
6555,20002408,20002393,20002378,20002363,20002348,20002333,20002318,20002303
6556,20002424,20002409,20002394,20002379,20002364,20002349,20002334,20002319
6557,20002440,20002425,20002410,20002395,20002380,20002365,20002350,20002335
6558,20002456,20002441,20002426,20002411,20002396,20002381,20002366,20002351
6559,20002472,20002457,20002442,20002427,20002412,20002397,20002382,20002367
6560,20002488,20002473,20002458,20002443,20002428,20002413,20002398,20002383
6561,20002504,20002489,20002474,20002459,20002444,20002429,20002414,20002399
6562,20002520,20002505,20002490,20002475,20002460,20002445,20002430,20002415
6563,20002536,20002521,20002506,20002491,20002476,20002461,20002446,20002431
6564,20002552,20002537,20002522,20002507,20002492,20002477,20002462,20002447
6565,20002568,20002553,20002538,20002523,20002508,20002493,20002478,20002463
6566,20002584,20002569,20002554,20002539,20002524,20002509,20002494,20002479
6567,20002600,20002585,20002570,20002555,20002540,20002525,20002510,20002495
6568,20002616,20002601,20002586,20002571,20002556,20002541,20002526,20002511
6569,20002632,20002617,20002602,20002587,20002572,20002557,20002542,20002527
6570,20002648,20002633,20002618,20002603,20002588,20002573,20002558,20002543
6571,20002664,20002649,20002634,20002619,20002604,20002589,20002574,20002559
6572,20002680,20002665,20002650,20002635,20002620,20002605,20002590,20002575
6573,20002696,20002681,20002666,20002651,20002636,20002621,20002606,20002591
6574,20002712,20002697,20002682,20002667,20002652,20002637,20002622,20002607
6575,20002728,20002713,20002698,20002683,20002668,20002653,20002638,20002623
6576,20002744,20002729,20002714,20002699,20002684,20002669,20002654,20002639
6577,20002760,20002745,20002730,20002715,20002700,20002685,20002670,20002655
6578,20002776,20002761,20002746,20002731,20002716,20002701,20002686,20002671
6579,20002792,20002777,20002762,20002747,20002732,20002717,20002702,20002687
6580,20002808,20002793,20002778,20002763,20002748,20002733,20002718,20002703
6581,20002824,20002809,20002794,20002779,20002764,20002749,20002734,20002719
6582,20002840,20002825,20002810,20002795,20002780,20002765,20002750,20002735
6583,20002856,20002841,20002826,20002811,20002796,20002781,20002766,20002751
6584,20002872,20002857,20002842,20002827,20002812,20002797,20002782,20002767
6585,20002888,20002873,20002858,20002843,20002828,20002813,20002798,20002783
6586,20002904,20002889,20002874,20002859,20002844,20002829,20002814,20002799
6587,20002920,20002905,20002890,20002875,20002860,20002845,20002830,20002815
6588,20002936,20002921,20002906,20002891,20002876,20002861,20002846,20002831
6589,20002952,20002937,20002922,20002907,20002892,20002877,20002862,20002847
6590,20002968,20002953,20002938,20002923,20002908,20002893,20002878,20002863
6591,20002984,20002969,20002954,20002939,20002924,20002909,20002894,20002879
6592,20003000,20002985,20002970,20002955,20002940,20002925,20002910,20002895
6593,20003016,20003001,20002986,20002971,20002956,20002941,20002926,20002911
6594,20003032,20003017,20003002,20002987,20002972,20002957,20002942,20002927
6595,20003048,20003033,20003018,20003003,20002988,20002973,20002958,20002943
6596,20003064,20003049,20003034,20003019,20003004,20002989,20002974,20002959
6597,20003080,20003065,20003050,20003035,20003020,20003005,20002990,20002975
6598,20003096,20003081,20003066,20003051,20003036,20003021,20003006,20002991
6599,20003112,20003097,20003082,20003067,20003052,20003037,20003022,20003007
6600,20003128,20003113,20003098,20003083,20003068,20003053,20003038,20003023
6601,20003144,20003129,20003114,20003099,20003084,20003069,20003054,20003039
6602,20003160,20003145,20003130,20003115,20003100,20003085,20003070,20003055
6603,20003176,20003161,20003146,20003131,20003116,20003101,20003086,20003071
6604,20003192,20003177,20003162,20003147,20003132,20003117,20003102,20003087
6605,20003208,20003193,20003178,20003163,20003148,20003133,20003118,20003103
6606,20003224,20003209,20003194,20003179,20003164,20003149,20003134,20003119
6607,20003240,20003225,20003210,20003195,20003180,20003165,20003150,20003135
6608,20003256,20003241,20003226,20003211,20003196,20003181,20003166,20003151
6609,20003272,20003257,20003242,20003227,20003212,20003197,20003182,20003167
6610,20003288,20003273,20003258,20003243,20003228,20003213,20003198,20003183
6611,20003304,20003289,20003274,20003259,20003244,20003229,20003214,20003199
6612,20003320,20003305,20003290,20003275,20003260,20003245,20003230,20003215
6613,20003336,20003321,20003306,20003291,20003276,20003261,20003246,20003231
6614,20003352,20003337,20003322,20003307,20003292,20003277,20003262,20003247
6615,20003368,20003353,20003338,20003323,20003308,20003293,20003278,20003263
6616,20003384,20003369,20003354,20003339,20003324,20003309,20003294,20003279
6617,20003400,20003385,20003370,20003355,20003340,20003325,20003310,20003295
6618,20003416,20003401,20003386,20003371,20003356,20003341,20003326,20003311
6619,20003432,20003417,20003402,20003387,20003372,20003357,20003342,20003327
6620,20003448,20003433,20003418,20003403,20003388,20003373,20003358,20003343
6621,20003464,20003449,20003434,20003419,20003404,20003389,20003374,20003359
6622,20003480,20003465,20003450,20003435,20003420,20003405,20003390,20003375
6623,20003496,20003481,20003466,20003451,20003436,20003421,20003406,20003391
6624,20003512,20003497,20003482,20003467,20003452,20003437,20003422,20003407
6625,20003528,20003513,20003498,20003483,20003468,20003453,20003438,20003423
6626,20003544,20003529,20003514,20003499,20003484,20003469,20003454,20003439
6627,20003560,20003545,20003530,20003515,20003500,20003485,20003470,20003455
6628,20003576,20003561,20003546,20003531,20003516,20003501,20003486,20003471
6629,20003592,20003577,20003562,20003547,20003532,20003517,20003502,20003487
6630,20003608,20003593,20003578,20003563,20003548,20003533,20003518,20003503
6631,20003624,20003609,20003594,20003579,20003564,20003549,20003534,20003519
6632,20003640,20003625,20003610,20003595,20003580,20003565,20003550,20003535
6633,20003656,20003641,20003626,20003611,20003596,20003581,20003566,20003551
6634,20003672,20003657,20003642,20003627,20003612,20003597,20003582,20003567
6635,20003688,20003673,20003658,20003643,20003628,20003613,20003598,20003583
6636,20003704,20003689,20003674,20003659,20003644,20003629,20003614,20003599
6637,20003720,20003705,20003690,20003675,20003660,20003645,20003630,20003615
6638,20003736,20003721,20003706,20003691,20003676,20003661,20003646,20003631
6639,20003752,20003737,20003722,20003707,20003692,20003677,20003662,20003647
6640,20003768,20003753,20003738,20003723,20003708,20003693,20003678,20003663
6641,20003784,20003769,20003754,20003739,20003724,20003709,20003694,20003679
6642,20003800,20003785,20003770,20003755,20003740,20003725,20003710,20003695
6643,20003816,20003801,20003786,20003771,20003756,20003741,20003726,20003711
6644,20003832,20003817,20003802,20003787,20003772,20003757,20003742,20003727
6645,20003848,20003833,20003818,20003803,20003788,20003773,20003758,20003743
6646,20003864,20003849,20003834,20003819,20003804,20003789,20003774,20003759
6647,20003880,20003865,20003850,20003835,20003820,20003805,20003790,20003775
6648,20003896,20003881,20003866,20003851,20003836,20003821,20003806,20003791
6649,20003912,20003897,20003882,20003867,20003852,20003837,20003822,20003807
6650,20003928,20003913,20003898,20003883,20003868,20003853,20003838,20003823
6651,20003944,20003929,20003914,20003899,20003884,20003869,20003854,20003839
6652,20003960,20003945,20003930,20003915,20003900,20003885,20003870,20003855
6653,20003976,20003961,20003946,20003931,20003916,20003901,20003886,20003871
6654,20003992,20003977,20003962,20003947,20003932,20003917,20003902,20003887
6655,20004008,20003993,20003978,20003963,20003948,20003933,20003918,20003903
6656,20004024,20004009,20003994,20003979,20003964,20003949,20003934,20003919
6657,20004040,20004025,20004010,20003995,20003980,20003965,20003950,20003935
6658,20004056,20004041,20004026,20004011,20003996,20003981,20003966,20003951
6659,20004072,20004057,20004042,20004027,20004012,20003997,20003982,20003967
6660,20004088,20004073,20004058,20004043,20004028,20004013,20003998,20003983
6661,20004104,20004089,20004074,20004059,20004044,20004029,20004014,20003999
6662,20004120,20004105,20004090,20004075,20004060,20004045,20004030,20004015
6663,20004136,20004121,20004106,20004091,20004076,20004061,20004046,20004031
6664,20004152,20004137,20004122,20004107,20004092,20004077,20004062,20004047
6665,20004168,20004153,20004138,20004123,20004108,20004093,20004078,20004063
6666,20004184,20004169,20004154,20004139,20004124,20004109,20004094,20004079
6667,20004200,20004185,20004170,20004155,20004140,20004125,20004110,20004095
6668,20004216,20004201,20004186,20004171,20004156,20004141,20004126,20004111
6669,20004232,20004217,20004202,20004187,20004172,20004157,20004142,20004127
6670,20004248,20004233,20004218,20004203,20004188,20004173,20004158,20004143
6671,20004264,20004249,20004234,20004219,20004204,20004189,20004174,20004159
6672,20004280,20004265,20004250,20004235,20004220,20004205,20004190,20004175
6673,20004296,20004281,20004266,20004251,20004236,20004221,20004206,20004191
6674,20004312,20004297,20004282,20004267,20004252,20004237,20004222,20004207
6675,20004328,20004313,20004298,20004283,20004268,20004253,20004238,20004223
6676,20004344,20004329,20004314,20004299,20004284,20004269,20004254,20004239
6677,20004360,20004345,20004330,20004315,20004300,20004285,20004270,20004255
6678,20004376,20004361,20004346,20004331,20004316,20004301,20004286,20004271
6679,20004392,20004377,20004362,20004347,20004332,20004317,20004302,20004287
6680,20004408,20004393,20004378,20004363,20004348,20004333,20004318,20004303
6681,20004424,20004409,20004394,20004379,20004364,20004349,20004334,20004319
6682,20004440,20004425,20004410,20004395,20004380,20004365,20004350,20004335
6683,20004456,20004441,20004426,20004411,20004396,20004381,20004366,20004351
6684,20004472,20004457,20004442,20004427,20004412,20004397,20004382,20004367
6685,20004488,20004473,20004458,20004443,20004428,20004413,20004398,20004383
6686,20004504,20004489,20004474,20004459,20004444,20004429,20004414,20004399
6687,20004520,20004505,20004490,20004475,20004460,20004445,20004430,20004415
6688,20004536,20004521,20004506,20004491,20004476,20004461,20004446,20004431
6689,20004552,20004537,20004522,20004507,20004492,20004477,20004462,20004447
6690,20004568,20004553,20004538,20004523,20004508,20004493,20004478,20004463
6691,20004584,20004569,20004554,20004539,20004524,20004509,20004494,20004479
6692,20004600,20004585,20004570,20004555,20004540,20004525,20004510,20004495
6693,20004616,20004601,20004586,20004571,20004556,20004541,20004526,20004511
6694,20004632,20004617,20004602,20004587,20004572,20004557,20004542,20004527
6695,20004648,20004633,20004618,20004603,20004588,20004573,20004558,20004543
6696,20004664,20004649,20004634,20004619,20004604,20004589,20004574,20004559
6697,20004680,20004665,20004650,20004635,20004620,20004605,20004590,20004575
6698,20004696,20004681,20004666,20004651,20004636,20004621,20004606,20004591
6699,20004712,20004697,20004682,20004667,20004652,20004637,20004622,20004607
6700,20004728,20004713,20004698,20004683,20004668,20004653,20004638,20004623
6701,20004744,20004729,20004714,20004699,20004684,20004669,20004654,20004639
6702,20004760,20004745,20004730,20004715,20004700,20004685,20004670,20004655
6703,20004776,20004761,20004746,20004731,20004716,20004701,20004686,20004671
6704,20004792,20004777,20004762,20004747,20004732,20004717,20004702,20004687
6705,20004808,20004793,20004778,20004763,20004748,20004733,20004718,20004703
6706,20004824,20004809,20004794,20004779,20004764,20004749,20004734,20004719
6707,20004840,20004825,20004810,20004795,20004780,20004765,20004750,20004735
6708,20004856,20004841,20004826,20004811,20004796,20004781,20004766,20004751
6709,20004872,20004857,20004842,20004827,20004812,20004797,20004782,20004767
6710,20004888,20004873,20004858,20004843,20004828,20004813,20004798,20004783
6711,20004904,20004889,20004874,20004859,20004844,20004829,20004814,20004799
6712,20004920,20004905,20004890,20004875,20004860,20004845,20004830,20004815
6713,20004936,20004921,20004906,20004891,20004876,20004861,20004846,20004831
6714,20004952,20004937,20004922,20004907,20004892,20004877,20004862,20004847
6715,20004968,20004953,20004938,20004923,20004908,20004893,20004878,20004863
6716,20004984,20004969,20004954,20004939,20004924,20004909,20004894,20004879
6717,20005000,20004985,20004970,20004955,20004940,20004925,20004910,20004895
6718,20005016,20005001,20004986,20004971,20004956,20004941,20004926,20004911
6719,20005032,20005017,20005002,20004987,20004972,20004957,20004942,20004927
6720,20005048,20005033,20005018,20005003,20004988,20004973,20004958,20004943
6721,20005064,20005049,20005034,20005019,20005004,20004989,20004974,20004959
6722,20005080,20005065,20005050,20005035,20005020,20005005,20004990,20004975
6723,20005096,20005081,20005066,20005051,20005036,20005021,20005006,20004991
6724,20005112,20005097,20005082,20005067,20005052,20005037,20005022,20005007
6725,20005128,20005113,20005098,20005083,20005068,20005053,20005038,20005023
6726,20005144,20005129,20005114,20005099,20005084,20005069,20005054,20005039
6727,20005160,20005145,20005130,20005115,20005100,20005085,20005070,20005055
6728,20005176,20005161,20005146,20005131,20005116,20005101,20005086,20005071
6729,20005192,20005177,20005162,20005147,20005132,20005117,20005102,20005087
6730,20005208,20005193,20005178,20005163,20005148,20005133,20005118,20005103
6731,20005224,20005209,20005194,20005179,20005164,20005149,20005134,20005119
6732,20005240,20005225,20005210,20005195,20005180,20005165,20005150,20005135
6733,20005256,20005241,20005226,20005211,20005196,20005181,20005166,20005151
6734,20005272,20005257,20005242,20005227,20005212,20005197,20005182,20005167
6735,20005288,20005273,20005258,20005243,20005228,20005213,20005198,20005183
6736,20005304,20005289,20005274,20005259,20005244,20005229,20005214,20005199
6737,20005320,20005305,20005290,20005275,20005260,20005245,20005230,20005215
6738,20005336,20005321,20005306,20005291,20005276,20005261,20005246,20005231
6739,20005352,20005337,20005322,20005307,20005292,20005277,20005262,20005247
6740,20005368,20005353,20005338,20005323,20005308,20005293,20005278,20005263
6741,20005384,20005369,20005354,20005339,20005324,20005309,20005294,20005279
6742,20005400,20005385,20005370,20005355,20005340,20005325,20005310,20005295
6743,20005416,20005401,20005386,20005371,20005356,20005341,20005326,20005311
6744,20005432,20005417,20005402,20005387,20005372,20005357,20005342,20005327
6745,20005448,20005433,20005418,20005403,20005388,20005373,20005358,20005343
6746,20005464,20005449,20005434,20005419,20005404,20005389,20005374,20005359
6747,20005480,20005465,20005450,20005435,20005420,20005405,20005390,20005375
6748,20005496,20005481,20005466,20005451,20005436,20005421,20005406,20005391
6749,20005512,20005497,20005482,20005467,20005452,20005437,20005422,20005407
6750,20005528,20005513,20005498,20005483,20005468,20005453,20005438,20005423
6751,20005544,20005529,20005514,20005499,20005484,20005469,20005454,20005439
6752,20005560,20005545,20005530,20005515,20005500,20005485,20005470,20005455
6753,20005576,20005561,20005546,20005531,20005516,20005501,20005486,20005471
6754,20005592,20005577,20005562,20005547,20005532,20005517,20005502,20005487
6755,20005608,20005593,20005578,20005563,20005548,20005533,20005518,20005503
6756,20005624,20005609,20005594,20005579,20005564,20005549,20005534,20005519
6757,20005640,20005625,20005610,20005595,20005580,20005565,20005550,20005535
6758,20005656,20005641,20005626,20005611,20005596,20005581,20005566,20005551
6759,20005672,20005657,20005642,20005627,20005612,20005597,20005582,20005567
6760,20005688,20005673,20005658,20005643,20005628,20005613,20005598,20005583
6761,20005704,20005689,20005674,20005659,20005644,20005629,20005614,20005599
6762,20005720,20005705,20005690,20005675,20005660,20005645,20005630,20005615
6763,20005736,20005721,20005706,20005691,20005676,20005661,20005646,20005631
6764,20005752,20005737,20005722,20005707,20005692,20005677,20005662,20005647
6765,20005768,20005753,20005738,20005723,20005708,20005693,20005678,20005663
6766,20005784,20005769,20005754,20005739,20005724,20005709,20005694,20005679
6767,20005800,20005785,20005770,20005755,20005740,20005725,20005710,20005695
6768,20005816,20005801,20005786,20005771,20005756,20005741,20005726,20005711
6769,20005832,20005817,20005802,20005787,20005772,20005757,20005742,20005727
6770,20005848,20005833,20005818,20005803,20005788,20005773,20005758,20005743
6771,20005864,20005849,20005834,20005819,20005804,20005789,20005774,20005759
6772,20005880,20005865,20005850,20005835,20005820,20005805,20005790,20005775
6773,20005896,20005881,20005866,20005851,20005836,20005821,20005806,20005791
6774,20005912,20005897,20005882,20005867,20005852,20005837,20005822,20005807
6775,20005928,20005913,20005898,20005883,20005868,20005853,20005838,20005823
6776,20005944,20005929,20005914,20005899,20005884,20005869,20005854,20005839
6777,20005960,20005945,20005930,20005915,20005900,20005885,20005870,20005855
6778,20005976,20005961,20005946,20005931,20005916,20005901,20005886,20005871
6779,20005992,20005977,20005962,20005947,20005932,20005917,20005902,20005887
6780,20006008,20005993,20005978,20005963,20005948,20005933,20005918,20005903
6781,20006024,20006009,20005994,20005979,20005964,20005949,20005934,20005919
6782,20006040,20006025,20006010,20005995,20005980,20005965,20005950,20005935
6783,20006056,20006041,20006026,20006011,20005996,20005981,20005966,20005951
6784,20006072,20006057,20006042,20006027,20006012,20005997,20005982,20005967
6785,20006088,20006073,20006058,20006043,20006028,20006013,20005998,20005983
6786,20006104,20006089,20006074,20006059,20006044,20006029,20006014,20005999
6787,20006120,20006105,20006090,20006075,20006060,20006045,20006030,20006015
6788,20006136,20006121,20006106,20006091,20006076,20006061,20006046,20006031
6789,20006152,20006137,20006122,20006107,20006092,20006077,20006062,20006047
6790,20006168,20006153,20006138,20006123,20006108,20006093,20006078,20006063
6791,20006184,20006169,20006154,20006139,20006124,20006109,20006094,20006079
6792,20006200,20006185,20006170,20006155,20006140,20006125,20006110,20006095
6793,20006216,20006201,20006186,20006171,20006156,20006141,20006126,20006111
6794,20006232,20006217,20006202,20006187,20006172,20006157,20006142,20006127
6795,20006248,20006233,20006218,20006203,20006188,20006173,20006158,20006143
6796,20006264,20006249,20006234,20006219,20006204,20006189,20006174,20006159
6797,20006280,20006265,20006250,20006235,20006220,20006205,20006190,20006175
6798,20006296,20006281,20006266,20006251,20006236,20006221,20006206,20006191
6799,20006312,20006297,20006282,20006267,20006252,20006237,20006222,20006207
6800,20006328,20006313,20006298,20006283,20006268,20006253,20006238,20006223
6801,20006344,20006329,20006314,20006299,20006284,20006269,20006254,20006239
6802,20006360,20006345,20006330,20006315,20006300,20006285,20006270,20006255
6803,20006376,20006361,20006346,20006331,20006316,20006301,20006286,20006271
6804,20006392,20006377,20006362,20006347,20006332,20006317,20006302,20006287
6805,20006408,20006393,20006378,20006363,20006348,20006333,20006318,20006303
6806,20006424,20006409,20006394,20006379,20006364,20006349,20006334,20006319
6807,20006440,20006425,20006410,20006395,20006380,20006365,20006350,20006335
6808,20006456,20006441,20006426,20006411,20006396,20006381,20006366,20006351
6809,20006472,20006457,20006442,20006427,20006412,20006397,20006382,20006367
6810,20006488,20006473,20006458,20006443,20006428,20006413,20006398,20006383
6811,20006504,20006489,20006474,20006459,20006444,20006429,20006414,20006399
6812,20006520,20006505,20006490,20006475,20006460,20006445,20006430,20006415
6813,20006536,20006521,20006506,20006491,20006476,20006461,20006446,20006431
6814,20006552,20006537,20006522,20006507,20006492,20006477,20006462,20006447
6815,20006568,20006553,20006538,20006523,20006508,20006493,20006478,20006463
6816,20006584,20006569,20006554,20006539,20006524,20006509,20006494,20006479
6817,20006600,20006585,20006570,20006555,20006540,20006525,20006510,20006495
6818,20006616,20006601,20006586,20006571,20006556,20006541,20006526,20006511
6819,20006632,20006617,20006602,20006587,20006572,20006557,20006542,20006527
6820,20006648,20006633,20006618,20006603,20006588,20006573,20006558,20006543
6821,20006664,20006649,20006634,20006619,20006604,20006589,20006574,20006559
6822,20006680,20006665,20006650,20006635,20006620,20006605,20006590,20006575
6823,20006696,20006681,20006666,20006651,20006636,20006621,20006606,20006591
6824,20006712,20006697,20006682,20006667,20006652,20006637,20006622,20006607
6825,20006728,20006713,20006698,20006683,20006668,20006653,20006638,20006623
6826,20006744,20006729,20006714,20006699,20006684,20006669,20006654,20006639
6827,20006760,20006745,20006730,20006715,20006700,20006685,20006670,20006655
6828,20006776,20006761,20006746,20006731,20006716,20006701,20006686,20006671
6829,20006792,20006777,20006762,20006747,20006732,20006717,20006702,20006687
6830,20006808,20006793,20006778,20006763,20006748,20006733,20006718,20006703
6831,20006824,20006809,20006794,20006779,20006764,20006749,20006734,20006719
6832,20006840,20006825,20006810,20006795,20006780,20006765,20006750,20006735
6833,20006856,20006841,20006826,20006811,20006796,20006781,20006766,20006751
6834,20006872,20006857,20006842,20006827,20006812,20006797,20006782,20006767
6835,20006888,20006873,20006858,20006843,20006828,20006813,20006798,20006783
6836,20006904,20006889,20006874,20006859,20006844,20006829,20006814,20006799
6837,20006920,20006905,20006890,20006875,20006860,20006845,20006830,20006815
6838,20006936,20006921,20006906,20006891,20006876,20006861,20006846,20006831
6839,20006952,20006937,20006922,20006907,20006892,20006877,20006862,20006847
6840,20006968,20006953,20006938,20006923,20006908,20006893,20006878,20006863
6841,20006984,20006969,20006954,20006939,20006924,20006909,20006894,20006879
6842,20007000,20006985,20006970,20006955,20006940,20006925,20006910,20006895
6843,20007016,20007001,20006986,20006971,20006956,20006941,20006926,20006911
6844,20007032,20007017,20007002,20006987,20006972,20006957,20006942,20006927
6845,20007048,20007033,20007018,20007003,20006988,20006973,20006958,20006943
6846,20007064,20007049,20007034,20007019,20007004,20006989,20006974,20006959
6847,20007080,20007065,20007050,20007035,20007020,20007005,20006990,20006975
6848,20007096,20007081,20007066,20007051,20007036,20007021,20007006,20006991
6849,20007112,20007097,20007082,20007067,20007052,20007037,20007022,20007007
6850,20007128,20007113,20007098,20007083,20007068,20007053,20007038,20007023
6851,20007144,20007129,20007114,20007099,20007084,20007069,20007054,20007039
6852,20007160,20007145,20007130,20007115,20007100,20007085,20007070,20007055
6853,20007176,20007161,20007146,20007131,20007116,20007101,20007086,20007071
6854,20007192,20007177,20007162,20007147,20007132,20007117,20007102,20007087
6855,20007208,20007193,20007178,20007163,20007148,20007133,20007118,20007103
6856,20007224,20007209,20007194,20007179,20007164,20007149,20007134,20007119
6857,20007240,20007225,20007210,20007195,20007180,20007165,20007150,20007135
6858,20007256,20007241,20007226,20007211,20007196,20007181,20007166,20007151
6859,20007272,20007257,20007242,20007227,20007212,20007197,20007182,20007167
6860,20007288,20007273,20007258,20007243,20007228,20007213,20007198,20007183
6861,20007304,20007289,20007274,20007259,20007244,20007229,20007214,20007199
6862,20007320,20007305,20007290,20007275,20007260,20007245,20007230,20007215
6863,20007336,20007321,20007306,20007291,20007276,20007261,20007246,20007231
6864,20007352,20007337,20007322,20007307,20007292,20007277,20007262,20007247
6865,20007368,20007353,20007338,20007323,20007308,20007293,20007278,20007263
6866,20007384,20007369,20007354,20007339,20007324,20007309,20007294,20007279
6867,20007400,20007385,20007370,20007355,20007340,20007325,20007310,20007295
6868,20007416,20007401,20007386,20007371,20007356,20007341,20007326,20007311
6869,20007432,20007417,20007402,20007387,20007372,20007357,20007342,20007327
6870,20007448,20007433,20007418,20007403,20007388,20007373,20007358,20007343
6871,20007464,20007449,20007434,20007419,20007404,20007389,20007374,20007359
6872,20007480,20007465,20007450,20007435,20007420,20007405,20007390,20007375
6873,20007496,20007481,20007466,20007451,20007436,20007421,20007406,20007391
6874,20007512,20007497,20007482,20007467,20007452,20007437,20007422,20007407
6875,20007528,20007513,20007498,20007483,20007468,20007453,20007438,20007423
6876,20007544,20007529,20007514,20007499,20007484,20007469,20007454,20007439
6877,20007560,20007545,20007530,20007515,20007500,20007485,20007470,20007455
6878,20007576,20007561,20007546,20007531,20007516,20007501,20007486,20007471
6879,20007592,20007577,20007562,20007547,20007532,20007517,20007502,20007487
6880,20007608,20007593,20007578,20007563,20007548,20007533,20007518,20007503
6881,20007624,20007609,20007594,20007579,20007564,20007549,20007534,20007519
6882,20007640,20007625,20007610,20007595,20007580,20007565,20007550,20007535
6883,20007656,20007641,20007626,20007611,20007596,20007581,20007566,20007551
6884,20007672,20007657,20007642,20007627,20007612,20007597,20007582,20007567
6885,20007688,20007673,20007658,20007643,20007628,20007613,20007598,20007583
6886,20007704,20007689,20007674,20007659,20007644,20007629,20007614,20007599
6887,20007720,20007705,20007690,20007675,20007660,20007645,20007630,20007615
6888,20007736,20007721,20007706,20007691,20007676,20007661,20007646,20007631
6889,20007752,20007737,20007722,20007707,20007692,20007677,20007662,20007647
6890,20007768,20007753,20007738,20007723,20007708,20007693,20007678,20007663
6891,20007784,20007769,20007754,20007739,20007724,20007709,20007694,20007679
6892,20007800,20007785,20007770,20007755,20007740,20007725,20007710,20007695
6893,20007816,20007801,20007786,20007771,20007756,20007741,20007726,20007711
6894,20007832,20007817,20007802,20007787,20007772,20007757,20007742,20007727
6895,20007848,20007833,20007818,20007803,20007788,20007773,20007758,20007743
6896,20007864,20007849,20007834,20007819,20007804,20007789,20007774,20007759
6897,20007880,20007865,20007850,20007835,20007820,20007805,20007790,20007775
6898,20007896,20007881,20007866,20007851,20007836,20007821,20007806,20007791
6899,20007912,20007897,20007882,20007867,20007852,20007837,20007822,20007807
6900,20007928,20007913,20007898,20007883,20007868,20007853,20007838,20007823
6901,20007944,20007929,20007914,20007899,20007884,20007869,20007854,20007839
6902,20007960,20007945,20007930,20007915,20007900,20007885,20007870,20007855
6903,20007976,20007961,20007946,20007931,20007916,20007901,20007886,20007871
6904,20007992,20007977,20007962,20007947,20007932,20007917,20007902,20007887
6905,20008008,20007993,20007978,20007963,20007948,20007933,20007918,20007903
6906,20008024,20008009,20007994,20007979,20007964,20007949,20007934,20007919
6907,20008040,20008025,20008010,20007995,20007980,20007965,20007950,20007935
6908,20008056,20008041,20008026,20008011,20007996,20007981,20007966,20007951
6909,20008072,20008057,20008042,20008027,20008012,20007997,20007982,20007967
6910,20008088,20008073,20008058,20008043,20008028,20008013,20007998,20007983
6911,20008104,20008089,20008074,20008059,20008044,20008029,20008014,20007999
6912,20008120,20008105,20008090,20008075,20008060,20008045,20008030,20008015
6913,20008136,20008121,20008106,20008091,20008076,20008061,20008046,20008031
6914,20008152,20008137,20008122,20008107,20008092,20008077,20008062,20008047
6915,20008168,20008153,20008138,20008123,20008108,20008093,20008078,20008063
6916,20008184,20008169,20008154,20008139,20008124,20008109,20008094,20008079
6917,20008200,20008185,20008170,20008155,20008140,20008125,20008110,20008095
6918,20008216,20008201,20008186,20008171,20008156,20008141,20008126,20008111
6919,20008232,20008217,20008202,20008187,20008172,20008157,20008142,20008127
6920,20008248,20008233,20008218,20008203,20008188,20008173,20008158,20008143
6921,20008264,20008249,20008234,20008219,20008204,20008189,20008174,20008159
6922,20008280,20008265,20008250,20008235,20008220,20008205,20008190,20008175
6923,20008296,20008281,20008266,20008251,20008236,20008221,20008206,20008191
6924,20008312,20008297,20008282,20008267,20008252,20008237,20008222,20008207
6925,20008328,20008313,20008298,20008283,20008268,20008253,20008238,20008223
6926,20008344,20008329,20008314,20008299,20008284,20008269,20008254,20008239
6927,20008360,20008345,20008330,20008315,20008300,20008285,20008270,20008255
6928,20008376,20008361,20008346,20008331,20008316,20008301,20008286,20008271
6929,20008392,20008377,20008362,20008347,20008332,20008317,20008302,20008287
6930,20008408,20008393,20008378,20008363,20008348,20008333,20008318,20008303
6931,20008424,20008409,20008394,20008379,20008364,20008349,20008334,20008319
6932,20008440,20008425,20008410,20008395,20008380,20008365,20008350,20008335
6933,20008456,20008441,20008426,20008411,20008396,20008381,20008366,20008351
6934,20008472,20008457,20008442,20008427,20008412,20008397,20008382,20008367
6935,20008488,20008473,20008458,20008443,20008428,20008413,20008398,20008383
6936,20008504,20008489,20008474,20008459,20008444,20008429,20008414,20008399
6937,20008520,20008505,20008490,20008475,20008460,20008445,20008430,20008415
6938,20008536,20008521,20008506,20008491,20008476,20008461,20008446,20008431
6939,20008552,20008537,20008522,20008507,20008492,20008477,20008462,20008447
6940,20008568,20008553,20008538,20008523,20008508,20008493,20008478,20008463
6941,20008584,20008569,20008554,20008539,20008524,20008509,20008494,20008479
6942,20008600,20008585,20008570,20008555,20008540,20008525,20008510,20008495
6943,20008616,20008601,20008586,20008571,20008556,20008541,20008526,20008511
6944,20008632,20008617,20008602,20008587,20008572,20008557,20008542,20008527
6945,20008648,20008633,20008618,20008603,20008588,20008573,20008558,20008543
6946,20008664,20008649,20008634,20008619,20008604,20008589,20008574,20008559
6947,20008680,20008665,20008650,20008635,20008620,20008605,20008590,20008575
6948,20008696,20008681,20008666,20008651,20008636,20008621,20008606,20008591
6949,20008712,20008697,20008682,20008667,20008652,20008637,20008622,20008607
6950,20008728,20008713,20008698,20008683,20008668,20008653,20008638,20008623
6951,20008744,20008729,20008714,20008699,20008684,20008669,20008654,20008639
6952,20008760,20008745,20008730,20008715,20008700,20008685,20008670,20008655
6953,20008776,20008761,20008746,20008731,20008716,20008701,20008686,20008671
6954,20008792,20008777,20008762,20008747,20008732,20008717,20008702,20008687
6955,20008808,20008793,20008778,20008763,20008748,20008733,20008718,20008703
6956,20008824,20008809,20008794,20008779,20008764,20008749,20008734,20008719
6957,20008840,20008825,20008810,20008795,20008780,20008765,20008750,20008735
6958,20008856,20008841,20008826,20008811,20008796,20008781,20008766,20008751
6959,20008872,20008857,20008842,20008827,20008812,20008797,20008782,20008767
6960,20008888,20008873,20008858,20008843,20008828,20008813,20008798,20008783
6961,20008904,20008889,20008874,20008859,20008844,20008829,20008814,20008799
6962,20008920,20008905,20008890,20008875,20008860,20008845,20008830,20008815
6963,20008936,20008921,20008906,20008891,20008876,20008861,20008846,20008831
6964,20008952,20008937,20008922,20008907,20008892,20008877,20008862,20008847
6965,20008968,20008953,20008938,20008923,20008908,20008893,20008878,20008863
6966,20008984,20008969,20008954,20008939,20008924,20008909,20008894,20008879
6967,20009000,20008985,20008970,20008955,20008940,20008925,20008910,20008895
6968,20009016,20009001,20008986,20008971,20008956,20008941,20008926,20008911
6969,20009032,20009017,20009002,20008987,20008972,20008957,20008942,20008927
6970,20009048,20009033,20009018,20009003,20008988,20008973,20008958,20008943
6971,20009064,20009049,20009034,20009019,20009004,20008989,20008974,20008959
6972,20009080,20009065,20009050,20009035,20009020,20009005,20008990,20008975
6973,20009096,20009081,20009066,20009051,20009036,20009021,20009006,20008991
6974,20009112,20009097,20009082,20009067,20009052,20009037,20009022,20009007
6975,20009128,20009113,20009098,20009083,20009068,20009053,20009038,20009023
6976,20009144,20009129,20009114,20009099,20009084,20009069,20009054,20009039
6977,20009160,20009145,20009130,20009115,20009100,20009085,20009070,20009055
6978,20009176,20009161,20009146,20009131,20009116,20009101,20009086,20009071
6979,20009192,20009177,20009162,20009147,20009132,20009117,20009102,20009087
6980,20009208,20009193,20009178,20009163,20009148,20009133,20009118,20009103
6981,20009224,20009209,20009194,20009179,20009164,20009149,20009134,20009119
6982,20009240,20009225,20009210,20009195,20009180,20009165,20009150,20009135
6983,20009256,20009241,20009226,20009211,20009196,20009181,20009166,20009151
6984,20009272,20009257,20009242,20009227,20009212,20009197,20009182,20009167
6985,20009288,20009273,20009258,20009243,20009228,20009213,20009198,20009183
6986,20009304,20009289,20009274,20009259,20009244,20009229,20009214,20009199
6987,20009320,20009305,20009290,20009275,20009260,20009245,20009230,20009215
6988,20009336,20009321,20009306,20009291,20009276,20009261,20009246,20009231
6989,20009352,20009337,20009322,20009307,20009292,20009277,20009262,20009247
6990,20009368,20009353,20009338,20009323,20009308,20009293,20009278,20009263
6991,20009384,20009369,20009354,20009339,20009324,20009309,20009294,20009279
6992,20009400,20009385,20009370,20009355,20009340,20009325,20009310,20009295
6993,20009416,20009401,20009386,20009371,20009356,20009341,20009326,20009311
6994,20009432,20009417,20009402,20009387,20009372,20009357,20009342,20009327
6995,20009448,20009433,20009418,20009403,20009388,20009373,20009358,20009343
6996,20009464,20009449,20009434,20009419,20009404,20009389,20009374,20009359
6997,20009480,20009465,20009450,20009435,20009420,20009405,20009390,20009375
6998,20009496,20009481,20009466,20009451,20009436,20009421,20009406,20009391
6999,20009512,20009497,20009482,20009467,20009452,20009437,20009422,20009407
7000,20009528,20009513,20009498,20009483,20009468,20009453,20009438,20009423
7001,20009544,20009529,20009514,20009499,20009484,20009469,20009454,20009439
7002,20009560,20009545,20009530,20009515,20009500,20009485,20009470,20009455
7003,20009576,20009561,20009546,20009531,20009516,20009501,20009486,20009471
7004,20009592,20009577,20009562,20009547,20009532,20009517,20009502,20009487
7005,20009608,20009593,20009578,20009563,20009548,20009533,20009518,20009503
7006,20009624,20009609,20009594,20009579,20009564,20009549,20009534,20009519
7007,20009640,20009625,20009610,20009595,20009580,20009565,20009550,20009535
7008,20009656,20009641,20009626,20009611,20009596,20009581,20009566,20009551
7009,20009672,20009657,20009642,20009627,20009612,20009597,20009582,20009567
7010,20009688,20009673,20009658,20009643,20009628,20009613,20009598,20009583
7011,20009704,20009689,20009674,20009659,20009644,20009629,20009614,20009599
7012,20009720,20009705,20009690,20009675,20009660,20009645,20009630,20009615
7013,20009736,20009721,20009706,20009691,20009676,20009661,20009646,20009631
7014,20009752,20009737,20009722,20009707,20009692,20009677,20009662,20009647
7015,20009768,20009753,20009738,20009723,20009708,20009693,20009678,20009663
7016,20009784,20009769,20009754,20009739,20009724,20009709,20009694,20009679
7017,20009800,20009785,20009770,20009755,20009740,20009725,20009710,20009695
7018,20009816,20009801,20009786,20009771,20009756,20009741,20009726,20009711
7019,20009832,20009817,20009802,20009787,20009772,20009757,20009742,20009727
7020,20009848,20009833,20009818,20009803,20009788,20009773,20009758,20009743
7021,20009864,20009849,20009834,20009819,20009804,20009789,20009774,20009759
7022,20009880,20009865,20009850,20009835,20009820,20009805,20009790,20009775
7023,20009896,20009881,20009866,20009851,20009836,20009821,20009806,20009791
7024,20009912,20009897,20009882,20009867,20009852,20009837,20009822,20009807
7025,20009928,20009913,20009898,20009883,20009868,20009853,20009838,20009823
7026,20009944,20009929,20009914,20009899,20009884,20009869,20009854,20009839
7027,20009960,20009945,20009930,20009915,20009900,20009885,20009870,20009855
7028,20009976,20009961,20009946,20009931,20009916,20009901,20009886,20009871
7029,20009992,20009977,20009962,20009947,20009932,20009917,20009902,20009887
7030,20010008,20009993,20009978,20009963,20009948,20009933,20009918,20009903
7031,20010024,20010009,20009994,20009979,20009964,20009949,20009934,20009919
7032,20010040,20010025,20010010,20009995,20009980,20009965,20009950,20009935
7033,20010056,20010041,20010026,20010011,20009996,20009981,20009966,20009951
7034,20010072,20010057,20010042,20010027,20010012,20009997,20009982,20009967
7035,20010088,20010073,20010058,20010043,20010028,20010013,20009998,20009983
7036,20010104,20010089,20010074,20010059,20010044,20010029,20010014,20009999
7037,20010120,20010105,20010090,20010075,20010060,20010045,20010030,20010015
7038,20010136,20010121,20010106,20010091,20010076,20010061,20010046,20010031
7039,20010152,20010137,20010122,20010107,20010092,20010077,20010062,20010047
7040,20010168,20010153,20010138,20010123,20010108,20010093,20010078,20010063
7041,20010184,20010169,20010154,20010139,20010124,20010109,20010094,20010079
7042,20010200,20010185,20010170,20010155,20010140,20010125,20010110,20010095
7043,20010216,20010201,20010186,20010171,20010156,20010141,20010126,20010111
7044,20010232,20010217,20010202,20010187,20010172,20010157,20010142,20010127
7045,20010248,20010233,20010218,20010203,20010188,20010173,20010158,20010143
7046,20010264,20010249,20010234,20010219,20010204,20010189,20010174,20010159
7047,20010280,20010265,20010250,20010235,20010220,20010205,20010190,20010175
7048,20010296,20010281,20010266,20010251,20010236,20010221,20010206,20010191
7049,20010312,20010297,20010282,20010267,20010252,20010237,20010222,20010207
7050,20010328,20010313,20010298,20010283,20010268,20010253,20010238,20010223
7051,20010344,20010329,20010314,20010299,20010284,20010269,20010254,20010239
7052,20010360,20010345,20010330,20010315,20010300,20010285,20010270,20010255
7053,20010376,20010361,20010346,20010331,20010316,20010301,20010286,20010271
7054,20010392,20010377,20010362,20010347,20010332,20010317,20010302,20010287
7055,20010408,20010393,20010378,20010363,20010348,20010333,20010318,20010303
7056,20010424,20010409,20010394,20010379,20010364,20010349,20010334,20010319
7057,20010440,20010425,20010410,20010395,20010380,20010365,20010350,20010335
7058,20010456,20010441,20010426,20010411,20010396,20010381,20010366,20010351
7059,20010472,20010457,20010442,20010427,20010412,20010397,20010382,20010367
7060,20010488,20010473,20010458,20010443,20010428,20010413,20010398,20010383
7061,20010504,20010489,20010474,20010459,20010444,20010429,20010414,20010399
7062,20010520,20010505,20010490,20010475,20010460,20010445,20010430,20010415
7063,20010536,20010521,20010506,20010491,20010476,20010461,20010446,20010431
7064,20010552,20010537,20010522,20010507,20010492,20010477,20010462,20010447
7065,20010568,20010553,20010538,20010523,20010508,20010493,20010478,20010463
7066,20010584,20010569,20010554,20010539,20010524,20010509,20010494,20010479
7067,20010600,20010585,20010570,20010555,20010540,20010525,20010510,20010495
7068,20010616,20010601,20010586,20010571,20010556,20010541,20010526,20010511
7069,20010632,20010617,20010602,20010587,20010572,20010557,20010542,20010527
7070,20010648,20010633,20010618,20010603,20010588,20010573,20010558,20010543
7071,20010664,20010649,20010634,20010619,20010604,20010589,20010574,20010559
7072,20010680,20010665,20010650,20010635,20010620,20010605,20010590,20010575
7073,20010696,20010681,20010666,20010651,20010636,20010621,20010606,20010591
7074,20010712,20010697,20010682,20010667,20010652,20010637,20010622,20010607
7075,20010728,20010713,20010698,20010683,20010668,20010653,20010638,20010623
7076,20010744,20010729,20010714,20010699,20010684,20010669,20010654,20010639
7077,20010760,20010745,20010730,20010715,20010700,20010685,20010670,20010655
7078,20010776,20010761,20010746,20010731,20010716,20010701,20010686,20010671
7079,20010792,20010777,20010762,20010747,20010732,20010717,20010702,20010687
7080,20010808,20010793,20010778,20010763,20010748,20010733,20010718,20010703
7081,20010824,20010809,20010794,20010779,20010764,20010749,20010734,20010719
7082,20010840,20010825,20010810,20010795,20010780,20010765,20010750,20010735
7083,20010856,20010841,20010826,20010811,20010796,20010781,20010766,20010751
7084,20010872,20010857,20010842,20010827,20010812,20010797,20010782,20010767
7085,20010888,20010873,20010858,20010843,20010828,20010813,20010798,20010783
7086,20010904,20010889,20010874,20010859,20010844,20010829,20010814,20010799
7087,20010920,20010905,20010890,20010875,20010860,20010845,20010830,20010815
7088,20010936,20010921,20010906,20010891,20010876,20010861,20010846,20010831
7089,20010952,20010937,20010922,20010907,20010892,20010877,20010862,20010847
7090,20010968,20010953,20010938,20010923,20010908,20010893,20010878,20010863
7091,20010984,20010969,20010954,20010939,20010924,20010909,20010894,20010879
7092,20011000,20010985,20010970,20010955,20010940,20010925,20010910,20010895
7093,20011016,20011001,20010986,20010971,20010956,20010941,20010926,20010911
7094,20011032,20011017,20011002,20010987,20010972,20010957,20010942,20010927
7095,20011048,20011033,20011018,20011003,20010988,20010973,20010958,20010943
7096,20011064,20011049,20011034,20011019,20011004,20010989,20010974,20010959
7097,20011080,20011065,20011050,20011035,20011020,20011005,20010990,20010975
7098,20011096,20011081,20011066,20011051,20011036,20011021,20011006,20010991
7099,20011112,20011097,20011082,20011067,20011052,20011037,20011022,20011007
7100,20011128,20011113,20011098,20011083,20011068,20011053,20011038,20011023
7101,20011144,20011129,20011114,20011099,20011084,20011069,20011054,20011039
7102,20011160,20011145,20011130,20011115,20011100,20011085,20011070,20011055
7103,20011176,20011161,20011146,20011131,20011116,20011101,20011086,20011071
7104,20011192,20011177,20011162,20011147,20011132,20011117,20011102,20011087
7105,20011208,20011193,20011178,20011163,20011148,20011133,20011118,20011103
7106,20011224,20011209,20011194,20011179,20011164,20011149,20011134,20011119
7107,20011240,20011225,20011210,20011195,20011180,20011165,20011150,20011135
7108,20011256,20011241,20011226,20011211,20011196,20011181,20011166,20011151
7109,20011272,20011257,20011242,20011227,20011212,20011197,20011182,20011167
7110,20011288,20011273,20011258,20011243,20011228,20011213,20011198,20011183
7111,20011304,20011289,20011274,20011259,20011244,20011229,20011214,20011199
7112,20011320,20011305,20011290,20011275,20011260,20011245,20011230,20011215
7113,20011336,20011321,20011306,20011291,20011276,20011261,20011246,20011231
7114,20011352,20011337,20011322,20011307,20011292,20011277,20011262,20011247
7115,20011368,20011353,20011338,20011323,20011308,20011293,20011278,20011263
7116,20011384,20011369,20011354,20011339,20011324,20011309,20011294,20011279
7117,20011400,20011385,20011370,20011355,20011340,20011325,20011310,20011295
7118,20011416,20011401,20011386,20011371,20011356,20011341,20011326,20011311
7119,20011432,20011417,20011402,20011387,20011372,20011357,20011342,20011327
7120,20011448,20011433,20011418,20011403,20011388,20011373,20011358,20011343
7121,20011464,20011449,20011434,20011419,20011404,20011389,20011374,20011359
7122,20011480,20011465,20011450,20011435,20011420,20011405,20011390,20011375
7123,20011496,20011481,20011466,20011451,20011436,20011421,20011406,20011391
7124,20011512,20011497,20011482,20011467,20011452,20011437,20011422,20011407
7125,20011528,20011513,20011498,20011483,20011468,20011453,20011438,20011423
7126,20011544,20011529,20011514,20011499,20011484,20011469,20011454,20011439
7127,20011560,20011545,20011530,20011515,20011500,20011485,20011470,20011455
7128,20011576,20011561,20011546,20011531,20011516,20011501,20011486,20011471
7129,20011592,20011577,20011562,20011547,20011532,20011517,20011502,20011487
7130,20011608,20011593,20011578,20011563,20011548,20011533,20011518,20011503
7131,20011624,20011609,20011594,20011579,20011564,20011549,20011534,20011519
7132,20011640,20011625,20011610,20011595,20011580,20011565,20011550,20011535
7133,20011656,20011641,20011626,20011611,20011596,20011581,20011566,20011551
7134,20011672,20011657,20011642,20011627,20011612,20011597,20011582,20011567
7135,20011688,20011673,20011658,20011643,20011628,20011613,20011598,20011583
7136,20011704,20011689,20011674,20011659,20011644,20011629,20011614,20011599
7137,20011720,20011705,20011690,20011675,20011660,20011645,20011630,20011615
7138,20011736,20011721,20011706,20011691,20011676,20011661,20011646,20011631
7139,20011752,20011737,20011722,20011707,20011692,20011677,20011662,20011647
7140,20011768,20011753,20011738,20011723,20011708,20011693,20011678,20011663
7141,20011784,20011769,20011754,20011739,20011724,20011709,20011694,20011679
7142,20011800,20011785,20011770,20011755,20011740,20011725,20011710,20011695
7143,20011816,20011801,20011786,20011771,20011756,20011741,20011726,20011711
7144,20011832,20011817,20011802,20011787,20011772,20011757,20011742,20011727
7145,20011848,20011833,20011818,20011803,20011788,20011773,20011758,20011743
7146,20011864,20011849,20011834,20011819,20011804,20011789,20011774,20011759
7147,20011880,20011865,20011850,20011835,20011820,20011805,20011790,20011775
7148,20011896,20011881,20011866,20011851,20011836,20011821,20011806,20011791
7149,20011912,20011897,20011882,20011867,20011852,20011837,20011822,20011807
7150,20011928,20011913,20011898,20011883,20011868,20011853,20011838,20011823
7151,20011944,20011929,20011914,20011899,20011884,20011869,20011854,20011839
7152,20011960,20011945,20011930,20011915,20011900,20011885,20011870,20011855
7153,20011976,20011961,20011946,20011931,20011916,20011901,20011886,20011871
7154,20011992,20011977,20011962,20011947,20011932,20011917,20011902,20011887
7155,20012008,20011993,20011978,20011963,20011948,20011933,20011918,20011903
7156,20012024,20012009,20011994,20011979,20011964,20011949,20011934,20011919
7157,20012040,20012025,20012010,20011995,20011980,20011965,20011950,20011935
7158,20012056,20012041,20012026,20012011,20011996,20011981,20011966,20011951
7159,20012072,20012057,20012042,20012027,20012012,20011997,20011982,20011967
7160,20012088,20012073,20012058,20012043,20012028,20012013,20011998,20011983
7161,20012104,20012089,20012074,20012059,20012044,20012029,20012014,20011999
7162,20012120,20012105,20012090,20012075,20012060,20012045,20012030,20012015
7163,20012136,20012121,20012106,20012091,20012076,20012061,20012046,20012031
7164,20012152,20012137,20012122,20012107,20012092,20012077,20012062,20012047
7165,20012168,20012153,20012138,20012123,20012108,20012093,20012078,20012063
7166,20012184,20012169,20012154,20012139,20012124,20012109,20012094,20012079
7167,20012200,20012185,20012170,20012155,20012140,20012125,20012110,20012095
7168,20012216,20012201,20012186,20012171,20012156,20012141,20012126,20012111
7169,20012232,20012217,20012202,20012187,20012172,20012157,20012142,20012127
7170,20012248,20012233,20012218,20012203,20012188,20012173,20012158,20012143
7171,20012264,20012249,20012234,20012219,20012204,20012189,20012174,20012159
7172,20012280,20012265,20012250,20012235,20012220,20012205,20012190,20012175
7173,20012296,20012281,20012266,20012251,20012236,20012221,20012206,20012191
7174,20012312,20012297,20012282,20012267,20012252,20012237,20012222,20012207
7175,20012328,20012313,20012298,20012283,20012268,20012253,20012238,20012223
7176,20012344,20012329,20012314,20012299,20012284,20012269,20012254,20012239
7177,20012360,20012345,20012330,20012315,20012300,20012285,20012270,20012255
7178,20012376,20012361,20012346,20012331,20012316,20012301,20012286,20012271
7179,20012392,20012377,20012362,20012347,20012332,20012317,20012302,20012287
7180,20012408,20012393,20012378,20012363,20012348,20012333,20012318,20012303
7181,20012424,20012409,20012394,20012379,20012364,20012349,20012334,20012319
7182,20012440,20012425,20012410,20012395,20012380,20012365,20012350,20012335
7183,20012456,20012441,20012426,20012411,20012396,20012381,20012366,20012351
7184,20012472,20012457,20012442,20012427,20012412,20012397,20012382,20012367
7185,20012488,20012473,20012458,20012443,20012428,20012413,20012398,20012383
7186,20012504,20012489,20012474,20012459,20012444,20012429,20012414,20012399
7187,20012520,20012505,20012490,20012475,20012460,20012445,20012430,20012415
7188,20012536,20012521,20012506,20012491,20012476,20012461,20012446,20012431
7189,20012552,20012537,20012522,20012507,20012492,20012477,20012462,20012447
7190,20012568,20012553,20012538,20012523,20012508,20012493,20012478,20012463
7191,20012584,20012569,20012554,20012539,20012524,20012509,20012494,20012479
7192,20012600,20012585,20012570,20012555,20012540,20012525,20012510,20012495
7193,20012616,20012601,20012586,20012571,20012556,20012541,20012526,20012511
7194,20012632,20012617,20012602,20012587,20012572,20012557,20012542,20012527
7195,20012648,20012633,20012618,20012603,20012588,20012573,20012558,20012543
7196,20012664,20012649,20012634,20012619,20012604,20012589,20012574,20012559
7197,20012680,20012665,20012650,20012635,20012620,20012605,20012590,20012575
7198,20012696,20012681,20012666,20012651,20012636,20012621,20012606,20012591
7199,20012712,20012697,20012682,20012667,20012652,20012637,20012622,20012607
7200,20012728,20012713,20012698,20012683,20012668,20012653,20012638,20012623
7201,20012744,20012729,20012714,20012699,20012684,20012669,20012654,20012639
7202,20012760,20012745,20012730,20012715,20012700,20012685,20012670,20012655
7203,20012776,20012761,20012746,20012731,20012716,20012701,20012686,20012671
7204,20012792,20012777,20012762,20012747,20012732,20012717,20012702,20012687
7205,20012808,20012793,20012778,20012763,20012748,20012733,20012718,20012703
7206,20012824,20012809,20012794,20012779,20012764,20012749,20012734,20012719
7207,20012840,20012825,20012810,20012795,20012780,20012765,20012750,20012735
7208,20012856,20012841,20012826,20012811,20012796,20012781,20012766,20012751
7209,20012872,20012857,20012842,20012827,20012812,20012797,20012782,20012767
7210,20012888,20012873,20012858,20012843,20012828,20012813,20012798,20012783
7211,20012904,20012889,20012874,20012859,20012844,20012829,20012814,20012799
7212,20012920,20012905,20012890,20012875,20012860,20012845,20012830,20012815
7213,20012936,20012921,20012906,20012891,20012876,20012861,20012846,20012831
7214,20012952,20012937,20012922,20012907,20012892,20012877,20012862,20012847
7215,20012968,20012953,20012938,20012923,20012908,20012893,20012878,20012863
7216,20012984,20012969,20012954,20012939,20012924,20012909,20012894,20012879
7217,20013000,20012985,20012970,20012955,20012940,20012925,20012910,20012895
7218,20013016,20013001,20012986,20012971,20012956,20012941,20012926,20012911
7219,20013032,20013017,20013002,20012987,20012972,20012957,20012942,20012927
7220,20013048,20013033,20013018,20013003,20012988,20012973,20012958,20012943
7221,20013064,20013049,20013034,20013019,20013004,20012989,20012974,20012959
7222,20013080,20013065,20013050,20013035,20013020,20013005,20012990,20012975
7223,20013096,20013081,20013066,20013051,20013036,20013021,20013006,20012991
7224,20013112,20013097,20013082,20013067,20013052,20013037,20013022,20013007
7225,20013128,20013113,20013098,20013083,20013068,20013053,20013038,20013023
7226,20013144,20013129,20013114,20013099,20013084,20013069,20013054,20013039
7227,20013160,20013145,20013130,20013115,20013100,20013085,20013070,20013055
7228,20013176,20013161,20013146,20013131,20013116,20013101,20013086,20013071
7229,20013192,20013177,20013162,20013147,20013132,20013117,20013102,20013087
7230,20013208,20013193,20013178,20013163,20013148,20013133,20013118,20013103
7231,20013224,20013209,20013194,20013179,20013164,20013149,20013134,20013119
7232,20013240,20013225,20013210,20013195,20013180,20013165,20013150,20013135
7233,20013256,20013241,20013226,20013211,20013196,20013181,20013166,20013151
7234,20013272,20013257,20013242,20013227,20013212,20013197,20013182,20013167
7235,20013288,20013273,20013258,20013243,20013228,20013213,20013198,20013183
7236,20013304,20013289,20013274,20013259,20013244,20013229,20013214,20013199
7237,20013320,20013305,20013290,20013275,20013260,20013245,20013230,20013215
7238,20013336,20013321,20013306,20013291,20013276,20013261,20013246,20013231
7239,20013352,20013337,20013322,20013307,20013292,20013277,20013262,20013247
7240,20013368,20013353,20013338,20013323,20013308,20013293,20013278,20013263
7241,20013384,20013369,20013354,20013339,20013324,20013309,20013294,20013279
7242,20013400,20013385,20013370,20013355,20013340,20013325,20013310,20013295
7243,20013416,20013401,20013386,20013371,20013356,20013341,20013326,20013311
7244,20013432,20013417,20013402,20013387,20013372,20013357,20013342,20013327
7245,20013448,20013433,20013418,20013403,20013388,20013373,20013358,20013343
7246,20013464,20013449,20013434,20013419,20013404,20013389,20013374,20013359
7247,20013480,20013465,20013450,20013435,20013420,20013405,20013390,20013375
7248,20013496,20013481,20013466,20013451,20013436,20013421,20013406,20013391
7249,20013512,20013497,20013482,20013467,20013452,20013437,20013422,20013407
7250,20013528,20013513,20013498,20013483,20013468,20013453,20013438,20013423
7251,20013544,20013529,20013514,20013499,20013484,20013469,20013454,20013439
7252,20013560,20013545,20013530,20013515,20013500,20013485,20013470,20013455
7253,20013576,20013561,20013546,20013531,20013516,20013501,20013486,20013471
7254,20013592,20013577,20013562,20013547,20013532,20013517,20013502,20013487
7255,20013608,20013593,20013578,20013563,20013548,20013533,20013518,20013503
7256,20013624,20013609,20013594,20013579,20013564,20013549,20013534,20013519
7257,20013640,20013625,20013610,20013595,20013580,20013565,20013550,20013535
7258,20013656,20013641,20013626,20013611,20013596,20013581,20013566,20013551
7259,20013672,20013657,20013642,20013627,20013612,20013597,20013582,20013567
7260,20013688,20013673,20013658,20013643,20013628,20013613,20013598,20013583
7261,20013704,20013689,20013674,20013659,20013644,20013629,20013614,20013599
7262,20013720,20013705,20013690,20013675,20013660,20013645,20013630,20013615
7263,20013736,20013721,20013706,20013691,20013676,20013661,20013646,20013631
7264,20013752,20013737,20013722,20013707,20013692,20013677,20013662,20013647
7265,20013768,20013753,20013738,20013723,20013708,20013693,20013678,20013663
7266,20013784,20013769,20013754,20013739,20013724,20013709,20013694,20013679
7267,20013800,20013785,20013770,20013755,20013740,20013725,20013710,20013695
7268,20013816,20013801,20013786,20013771,20013756,20013741,20013726,20013711
7269,20013832,20013817,20013802,20013787,20013772,20013757,20013742,20013727
7270,20013848,20013833,20013818,20013803,20013788,20013773,20013758,20013743
7271,20013864,20013849,20013834,20013819,20013804,20013789,20013774,20013759
7272,20013880,20013865,20013850,20013835,20013820,20013805,20013790,20013775
7273,20013896,20013881,20013866,20013851,20013836,20013821,20013806,20013791
7274,20013912,20013897,20013882,20013867,20013852,20013837,20013822,20013807
7275,20013928,20013913,20013898,20013883,20013868,20013853,20013838,20013823
7276,20013944,20013929,20013914,20013899,20013884,20013869,20013854,20013839
7277,20013960,20013945,20013930,20013915,20013900,20013885,20013870,20013855
7278,20013976,20013961,20013946,20013931,20013916,20013901,20013886,20013871
7279,20013992,20013977,20013962,20013947,20013932,20013917,20013902,20013887
7280,20014008,20013993,20013978,20013963,20013948,20013933,20013918,20013903
7281,20014024,20014009,20013994,20013979,20013964,20013949,20013934,20013919
7282,20014040,20014025,20014010,20013995,20013980,20013965,20013950,20013935
7283,20014056,20014041,20014026,20014011,20013996,20013981,20013966,20013951
7284,20014072,20014057,20014042,20014027,20014012,20013997,20013982,20013967
7285,20014088,20014073,20014058,20014043,20014028,20014013,20013998,20013983
7286,20014104,20014089,20014074,20014059,20014044,20014029,20014014,20013999
7287,20014120,20014105,20014090,20014075,20014060,20014045,20014030,20014015
7288,20014136,20014121,20014106,20014091,20014076,20014061,20014046,20014031
7289,20014152,20014137,20014122,20014107,20014092,20014077,20014062,20014047
7290,20014168,20014153,20014138,20014123,20014108,20014093,20014078,20014063
7291,20014184,20014169,20014154,20014139,20014124,20014109,20014094,20014079
7292,20014200,20014185,20014170,20014155,20014140,20014125,20014110,20014095
7293,20014216,20014201,20014186,20014171,20014156,20014141,20014126,20014111
7294,20014232,20014217,20014202,20014187,20014172,20014157,20014142,20014127
7295,20014248,20014233,20014218,20014203,20014188,20014173,20014158,20014143
7296,20014264,20014249,20014234,20014219,20014204,20014189,20014174,20014159
7297,20014280,20014265,20014250,20014235,20014220,20014205,20014190,20014175
7298,20014296,20014281,20014266,20014251,20014236,20014221,20014206,20014191
7299,20014312,20014297,20014282,20014267,20014252,20014237,20014222,20014207
7300,20014328,20014313,20014298,20014283,20014268,20014253,20014238,20014223
7301,20014344,20014329,20014314,20014299,20014284,20014269,20014254,20014239
7302,20014360,20014345,20014330,20014315,20014300,20014285,20014270,20014255
7303,20014376,20014361,20014346,20014331,20014316,20014301,20014286,20014271
7304,20014392,20014377,20014362,20014347,20014332,20014317,20014302,20014287
7305,-1,20014393,20014378,20014363,20014348,20014333,20014318,20014303
7306,-1,-1,20014394,20014379,20014364,20014349,20014334,20014319
7307,-1,-1,-1,20014395,20014380,20014365,20014350,20014335
7308,-1,-1,-1,-1,20014396,20014381,20014366,20014351
7309,-1,-1,-1,-1,-1,20014397,20014382,20014367
7310,-1,-1,-1,-1,-1,-1,20014398,20014383
7311,-1,-1,-1,-1,-1,-1,-1,20014399
7312,-1,-1,-1,-1,-1,-1,-1,-1
7313,-1,-1,-1,-1,-1,-1,-1,-1
7314,-1,-1,-1,-1,-1,-1,-1,-1
7315,-1,-1,-1,-1,-1,-1,-1,-1
7316,-1,-1,-1,-1,-1,-1,-1,-1
7317,-1,-1,-1,-1,-1,-1,-1,-1
7318,-1,-1,-1,-1,-1,-1,-1,-1
7319,20000008,-1,-1,-1,-1,-1,-1,-1
7320,20000024,20000009,-1,-1,-1,-1,-1,-1
7321,20000040,20000025,20000010,-1,-1,-1,-1,-1
7322,20000056,20000041,20000026,20000011,-1,-1,-1,-1
7323,20000072,20000057,20000042,20000027,20000012,-1,-1,-1
7324,20000088,20000073,20000058,20000043,20000028,20000013,-1,-1
7325,20000104,20000089,20000074,20000059,20000044,20000029,20000014,-1
7326,20000120,20000105,20000090,20000075,20000060,20000045,20000030,20000015
7327,20000136,20000121,20000106,20000091,20000076,20000061,20000046,20000031
7328,20000152,20000137,20000122,20000107,20000092,20000077,20000062,20000047
7329,20000168,20000153,20000138,20000123,20000108,20000093,20000078,20000063
7330,20000184,20000169,20000154,20000139,20000124,20000109,20000094,20000079
7331,20000200,20000185,20000170,20000155,20000140,20000125,20000110,20000095
7332,20000216,20000201,20000186,20000171,20000156,20000141,20000126,20000111
7333,20000232,20000217,20000202,20000187,20000172,20000157,20000142,20000127
7334,20000248,20000233,20000218,20000203,20000188,20000173,20000158,20000143
7335,20000264,20000249,20000234,20000219,20000204,20000189,20000174,20000159
7336,20000280,20000265,20000250,20000235,20000220,20000205,20000190,20000175
7337,20000296,20000281,20000266,20000251,20000236,20000221,20000206,20000191
7338,20000312,20000297,20000282,20000267,20000252,20000237,20000222,20000207
7339,20000328,20000313,20000298,20000283,20000268,20000253,20000238,20000223
7340,20000344,20000329,20000314,20000299,20000284,20000269,20000254,20000239
7341,20000360,20000345,20000330,20000315,20000300,20000285,20000270,20000255
7342,20000376,20000361,20000346,20000331,20000316,20000301,20000286,20000271
7343,20000392,20000377,20000362,20000347,20000332,20000317,20000302,20000287
7344,20000408,20000393,20000378,20000363,20000348,20000333,20000318,20000303
7345,20000424,20000409,20000394,20000379,20000364,20000349,20000334,20000319
7346,20000440,20000425,20000410,20000395,20000380,20000365,20000350,20000335
7347,20000456,20000441,20000426,20000411,20000396,20000381,20000366,20000351
7348,20000472,20000457,20000442,20000427,20000412,20000397,20000382,20000367
7349,20000488,20000473,20000458,20000443,20000428,20000413,20000398,20000383
7350,20000504,20000489,20000474,20000459,20000444,20000429,20000414,20000399
7351,20000520,20000505,20000490,20000475,20000460,20000445,20000430,20000415
7352,20000536,20000521,20000506,20000491,20000476,20000461,20000446,20000431
7353,20000552,20000537,20000522,20000507,20000492,20000477,20000462,20000447
7354,20000568,20000553,20000538,20000523,20000508,20000493,20000478,20000463
7355,20000584,20000569,20000554,20000539,20000524,20000509,20000494,20000479
7356,20000600,20000585,20000570,20000555,20000540,20000525,20000510,20000495
7357,20000616,20000601,20000586,20000571,20000556,20000541,20000526,20000511
7358,20000632,20000617,20000602,20000587,20000572,20000557,20000542,20000527
7359,20000648,20000633,20000618,20000603,20000588,20000573,20000558,20000543
7360,20000664,20000649,20000634,20000619,20000604,20000589,20000574,20000559
7361,20000680,20000665,20000650,20000635,20000620,20000605,20000590,20000575
7362,20000696,20000681,20000666,20000651,20000636,20000621,20000606,20000591
7363,20000712,20000697,20000682,20000667,20000652,20000637,20000622,20000607
7364,20000728,20000713,20000698,20000683,20000668,20000653,20000638,20000623
7365,20000744,20000729,20000714,20000699,20000684,20000669,20000654,20000639
7366,20000760,20000745,20000730,20000715,20000700,20000685,20000670,20000655
7367,20000776,20000761,20000746,20000731,20000716,20000701,20000686,20000671
7368,20000792,20000777,20000762,20000747,20000732,20000717,20000702,20000687
7369,20000808,20000793,20000778,20000763,20000748,20000733,20000718,20000703
7370,20000824,20000809,20000794,20000779,20000764,20000749,20000734,20000719
7371,20000840,20000825,20000810,20000795,20000780,20000765,20000750,20000735
7372,20000856,20000841,20000826,20000811,20000796,20000781,20000766,20000751
7373,20000872,20000857,20000842,20000827,20000812,20000797,20000782,20000767
7374,20000888,20000873,20000858,20000843,20000828,20000813,20000798,20000783
7375,20000904,20000889,20000874,20000859,20000844,20000829,20000814,20000799
7376,20000920,20000905,20000890,20000875,20000860,20000845,20000830,20000815
7377,20000936,20000921,20000906,20000891,20000876,20000861,20000846,20000831
7378,20000952,20000937,20000922,20000907,20000892,20000877,20000862,20000847
7379,20000968,20000953,20000938,20000923,20000908,20000893,20000878,20000863
7380,20000984,20000969,20000954,20000939,20000924,20000909,20000894,20000879
7381,20001000,20000985,20000970,20000955,20000940,20000925,20000910,20000895
7382,20001016,20001001,20000986,20000971,20000956,20000941,20000926,20000911
7383,20001032,20001017,20001002,20000987,20000972,20000957,20000942,20000927
7384,20001048,20001033,20001018,20001003,20000988,20000973,20000958,20000943
7385,20001064,20001049,20001034,20001019,20001004,20000989,20000974,20000959
7386,20001080,20001065,20001050,20001035,20001020,20001005,20000990,20000975
7387,20001096,20001081,20001066,20001051,20001036,20001021,20001006,20000991
7388,20001112,20001097,20001082,20001067,20001052,20001037,20001022,20001007
7389,20001128,20001113,20001098,20001083,20001068,20001053,20001038,20001023
7390,20001144,20001129,20001114,20001099,20001084,20001069,20001054,20001039
7391,20001160,20001145,20001130,20001115,20001100,20001085,20001070,20001055
7392,20001176,20001161,20001146,20001131,20001116,20001101,20001086,20001071
7393,20001192,20001177,20001162,20001147,20001132,20001117,20001102,20001087
7394,20001208,20001193,20001178,20001163,20001148,20001133,20001118,20001103
7395,20001224,20001209,20001194,20001179,20001164,20001149,20001134,20001119
7396,20001240,20001225,20001210,20001195,20001180,20001165,20001150,20001135
7397,20001256,20001241,20001226,20001211,20001196,20001181,20001166,20001151
7398,20001272,20001257,20001242,20001227,20001212,20001197,20001182,20001167
7399,20001288,20001273,20001258,20001243,20001228,20001213,20001198,20001183
7400,20001304,20001289,20001274,20001259,20001244,20001229,20001214,20001199
7401,20001320,20001305,20001290,20001275,20001260,20001245,20001230,20001215
7402,20001336,20001321,20001306,20001291,20001276,20001261,20001246,20001231
7403,20001352,20001337,20001322,20001307,20001292,20001277,20001262,20001247
7404,20001368,20001353,20001338,20001323,20001308,20001293,20001278,20001263
7405,20001384,20001369,20001354,20001339,20001324,20001309,20001294,20001279
7406,20001400,20001385,20001370,20001355,20001340,20001325,20001310,20001295
7407,20001416,20001401,20001386,20001371,20001356,20001341,20001326,20001311
7408,20001432,20001417,20001402,20001387,20001372,20001357,20001342,20001327
7409,20001448,20001433,20001418,20001403,20001388,20001373,20001358,20001343
7410,20001464,20001449,20001434,20001419,20001404,20001389,20001374,20001359
7411,20001480,20001465,20001450,20001435,20001420,20001405,20001390,20001375
7412,20001496,20001481,20001466,20001451,20001436,20001421,20001406,20001391
7413,20001512,20001497,20001482,20001467,20001452,20001437,20001422,20001407
7414,20001528,20001513,20001498,20001483,20001468,20001453,20001438,20001423
7415,20001544,20001529,20001514,20001499,20001484,20001469,20001454,20001439
7416,20001560,20001545,20001530,20001515,20001500,20001485,20001470,20001455
7417,20001576,20001561,20001546,20001531,20001516,20001501,20001486,20001471
7418,20001592,20001577,20001562,20001547,20001532,20001517,20001502,20001487
7419,20001608,20001593,20001578,20001563,20001548,20001533,20001518,20001503
7420,20001624,20001609,20001594,20001579,20001564,20001549,20001534,20001519
7421,20001640,20001625,20001610,20001595,20001580,20001565,20001550,20001535
7422,20001656,20001641,20001626,20001611,20001596,20001581,20001566,20001551
7423,20001672,20001657,20001642,20001627,20001612,20001597,20001582,20001567
7424,20001688,20001673,20001658,20001643,20001628,20001613,20001598,20001583
7425,20001704,20001689,20001674,20001659,20001644,20001629,20001614,20001599
7426,20001720,20001705,20001690,20001675,20001660,20001645,20001630,20001615
7427,20001736,20001721,20001706,20001691,20001676,20001661,20001646,20001631
7428,20001752,20001737,20001722,20001707,20001692,20001677,20001662,20001647
7429,20001768,20001753,20001738,20001723,20001708,20001693,20001678,20001663
7430,20001784,20001769,20001754,20001739,20001724,20001709,20001694,20001679
7431,20001800,20001785,20001770,20001755,20001740,20001725,20001710,20001695
7432,20001816,20001801,20001786,20001771,20001756,20001741,20001726,20001711
7433,20001832,20001817,20001802,20001787,20001772,20001757,20001742,20001727
7434,20001848,20001833,20001818,20001803,20001788,20001773,20001758,20001743
7435,20001864,20001849,20001834,20001819,20001804,20001789,20001774,20001759
7436,20001880,20001865,20001850,20001835,20001820,20001805,20001790,20001775
7437,20001896,20001881,20001866,20001851,20001836,20001821,20001806,20001791
7438,20001912,20001897,20001882,20001867,20001852,20001837,20001822,20001807
7439,20001928,20001913,20001898,20001883,20001868,20001853,20001838,20001823
7440,20001944,20001929,20001914,20001899,20001884,20001869,20001854,20001839
7441,20001960,20001945,20001930,20001915,20001900,20001885,20001870,20001855
7442,20001976,20001961,20001946,20001931,20001916,20001901,20001886,20001871
7443,20001992,20001977,20001962,20001947,20001932,20001917,20001902,20001887
7444,20002008,20001993,20001978,20001963,20001948,20001933,20001918,20001903
7445,20002024,20002009,20001994,20001979,20001964,20001949,20001934,20001919
7446,20002040,20002025,20002010,20001995,20001980,20001965,20001950,20001935
7447,20002056,20002041,20002026,20002011,20001996,20001981,20001966,20001951
7448,20002072,20002057,20002042,20002027,20002012,20001997,20001982,20001967
7449,20002088,20002073,20002058,20002043,20002028,20002013,20001998,20001983
7450,20002104,20002089,20002074,20002059,20002044,20002029,20002014,20001999
7451,20002120,20002105,20002090,20002075,20002060,20002045,20002030,20002015
7452,20002136,20002121,20002106,20002091,20002076,20002061,20002046,20002031
7453,20002152,20002137,20002122,20002107,20002092,20002077,20002062,20002047
7454,20002168,20002153,20002138,20002123,20002108,20002093,20002078,20002063
7455,20002184,20002169,20002154,20002139,20002124,20002109,20002094,20002079
7456,20002200,20002185,20002170,20002155,20002140,20002125,20002110,20002095
7457,20002216,20002201,20002186,20002171,20002156,20002141,20002126,20002111
7458,20002232,20002217,20002202,20002187,20002172,20002157,20002142,20002127
7459,20002248,20002233,20002218,20002203,20002188,20002173,20002158,20002143
7460,20002264,20002249,20002234,20002219,20002204,20002189,20002174,20002159
7461,20002280,20002265,20002250,20002235,20002220,20002205,20002190,20002175
7462,20002296,20002281,20002266,20002251,20002236,20002221,20002206,20002191
7463,20002312,20002297,20002282,20002267,20002252,20002237,20002222,20002207
7464,20002328,20002313,20002298,20002283,20002268,20002253,20002238,20002223
7465,20002344,20002329,20002314,20002299,20002284,20002269,20002254,20002239
7466,20002360,20002345,20002330,20002315,20002300,20002285,20002270,20002255
7467,20002376,20002361,20002346,20002331,20002316,20002301,20002286,20002271
7468,20002392,20002377,20002362,20002347,20002332,20002317,20002302,20002287
7469,20002408,20002393,20002378,20002363,20002348,20002333,20002318,20002303
7470,20002424,20002409,20002394,20002379,20002364,20002349,20002334,20002319
7471,20002440,20002425,20002410,20002395,20002380,20002365,20002350,20002335
7472,20002456,20002441,20002426,20002411,20002396,20002381,20002366,20002351
7473,20002472,20002457,20002442,20002427,20002412,20002397,20002382,20002367
7474,20002488,20002473,20002458,20002443,20002428,20002413,20002398,20002383
7475,20002504,20002489,20002474,20002459,20002444,20002429,20002414,20002399
7476,20002520,20002505,20002490,20002475,20002460,20002445,20002430,20002415
7477,20002536,20002521,20002506,20002491,20002476,20002461,20002446,20002431
7478,20002552,20002537,20002522,20002507,20002492,20002477,20002462,20002447
7479,20002568,20002553,20002538,20002523,20002508,20002493,20002478,20002463
7480,20002584,20002569,20002554,20002539,20002524,20002509,20002494,20002479
7481,20002600,20002585,20002570,20002555,20002540,20002525,20002510,20002495
7482,20002616,20002601,20002586,20002571,20002556,20002541,20002526,20002511
7483,20002632,20002617,20002602,20002587,20002572,20002557,20002542,20002527
7484,20002648,20002633,20002618,20002603,20002588,20002573,20002558,20002543
7485,20002664,20002649,20002634,20002619,20002604,20002589,20002574,20002559
7486,20002680,20002665,20002650,20002635,20002620,20002605,20002590,20002575
7487,20002696,20002681,20002666,20002651,20002636,20002621,20002606,20002591
7488,20002712,20002697,20002682,20002667,20002652,20002637,20002622,20002607
7489,20002728,20002713,20002698,20002683,20002668,20002653,20002638,20002623
7490,20002744,20002729,20002714,20002699,20002684,20002669,20002654,20002639
7491,20002760,20002745,20002730,20002715,20002700,20002685,20002670,20002655
7492,20002776,20002761,20002746,20002731,20002716,20002701,20002686,20002671
7493,20002792,20002777,20002762,20002747,20002732,20002717,20002702,20002687
7494,20002808,20002793,20002778,20002763,20002748,20002733,20002718,20002703
7495,20002824,20002809,20002794,20002779,20002764,20002749,20002734,20002719
7496,20002840,20002825,20002810,20002795,20002780,20002765,20002750,20002735
7497,20002856,20002841,20002826,20002811,20002796,20002781,20002766,20002751
7498,20002872,20002857,20002842,20002827,20002812,20002797,20002782,20002767
7499,20002888,20002873,20002858,20002843,20002828,20002813,20002798,20002783
7500,20002904,20002889,20002874,20002859,20002844,20002829,20002814,20002799
7501,20002920,20002905,20002890,20002875,20002860,20002845,20002830,20002815
7502,20002936,20002921,20002906,20002891,20002876,20002861,20002846,20002831
7503,20002952,20002937,20002922,20002907,20002892,20002877,20002862,20002847
7504,20002968,20002953,20002938,20002923,20002908,20002893,20002878,20002863
7505,20002984,20002969,20002954,20002939,20002924,20002909,20002894,20002879
7506,20003000,20002985,20002970,20002955,20002940,20002925,20002910,20002895
7507,20003016,20003001,20002986,20002971,20002956,20002941,20002926,20002911
7508,20003032,20003017,20003002,20002987,20002972,20002957,20002942,20002927
7509,20003048,20003033,20003018,20003003,20002988,20002973,20002958,20002943
7510,20003064,20003049,20003034,20003019,20003004,20002989,20002974,20002959
7511,20003080,20003065,20003050,20003035,20003020,20003005,20002990,20002975
7512,20003096,20003081,20003066,20003051,20003036,20003021,20003006,20002991
7513,20003112,20003097,20003082,20003067,20003052,20003037,20003022,20003007
7514,20003128,20003113,20003098,20003083,20003068,20003053,20003038,20003023
7515,20003144,20003129,20003114,20003099,20003084,20003069,20003054,20003039
7516,20003160,20003145,20003130,20003115,20003100,20003085,20003070,20003055
7517,20003176,20003161,20003146,20003131,20003116,20003101,20003086,20003071
7518,20003192,20003177,20003162,20003147,20003132,20003117,20003102,20003087
7519,20003208,20003193,20003178,20003163,20003148,20003133,20003118,20003103
7520,20003224,20003209,20003194,20003179,20003164,20003149,20003134,20003119
7521,20003240,20003225,20003210,20003195,20003180,20003165,20003150,20003135
7522,20003256,20003241,20003226,20003211,20003196,20003181,20003166,20003151
7523,20003272,20003257,20003242,20003227,20003212,20003197,20003182,20003167
7524,20003288,20003273,20003258,20003243,20003228,20003213,20003198,20003183
7525,20003304,20003289,20003274,20003259,20003244,20003229,20003214,20003199
7526,20003320,20003305,20003290,20003275,20003260,20003245,20003230,20003215
7527,20003336,20003321,20003306,20003291,20003276,20003261,20003246,20003231
7528,20003352,20003337,20003322,20003307,20003292,20003277,20003262,20003247
7529,20003368,20003353,20003338,20003323,20003308,20003293,20003278,20003263
7530,20003384,20003369,20003354,20003339,20003324,20003309,20003294,20003279
7531,20003400,20003385,20003370,20003355,20003340,20003325,20003310,20003295
7532,20003416,20003401,20003386,20003371,20003356,20003341,20003326,20003311
7533,20003432,20003417,20003402,20003387,20003372,20003357,20003342,20003327
7534,20003448,20003433,20003418,20003403,20003388,20003373,20003358,20003343
7535,20003464,20003449,20003434,20003419,20003404,20003389,20003374,20003359
7536,20003480,20003465,20003450,20003435,20003420,20003405,20003390,20003375
7537,20003496,20003481,20003466,20003451,20003436,20003421,20003406,20003391
7538,20003512,20003497,20003482,20003467,20003452,20003437,20003422,20003407
7539,20003528,20003513,20003498,20003483,20003468,20003453,20003438,20003423
7540,20003544,20003529,20003514,20003499,20003484,20003469,20003454,20003439
7541,20003560,20003545,20003530,20003515,20003500,20003485,20003470,20003455
7542,20003576,20003561,20003546,20003531,20003516,20003501,20003486,20003471
7543,20003592,20003577,20003562,20003547,20003532,20003517,20003502,20003487
7544,20003608,20003593,20003578,20003563,20003548,20003533,20003518,20003503
7545,20003624,20003609,20003594,20003579,20003564,20003549,20003534,20003519
7546,20003640,20003625,20003610,20003595,20003580,20003565,20003550,20003535
7547,20003656,20003641,20003626,20003611,20003596,20003581,20003566,20003551
7548,20003672,20003657,20003642,20003627,20003612,20003597,20003582,20003567
7549,20003688,20003673,20003658,20003643,20003628,20003613,20003598,20003583
7550,20003704,20003689,20003674,20003659,20003644,20003629,20003614,20003599
7551,20003720,20003705,20003690,20003675,20003660,20003645,20003630,20003615
7552,20003736,20003721,20003706,20003691,20003676,20003661,20003646,20003631
7553,20003752,20003737,20003722,20003707,20003692,20003677,20003662,20003647
7554,20003768,20003753,20003738,20003723,20003708,20003693,20003678,20003663
7555,20003784,20003769,20003754,20003739,20003724,20003709,20003694,20003679
7556,20003800,20003785,20003770,20003755,20003740,20003725,20003710,20003695
7557,20003816,20003801,20003786,20003771,20003756,20003741,20003726,20003711
7558,20003832,20003817,20003802,20003787,20003772,20003757,20003742,20003727
7559,20003848,20003833,20003818,20003803,20003788,20003773,20003758,20003743
7560,20003864,20003849,20003834,20003819,20003804,20003789,20003774,20003759
7561,20003880,20003865,20003850,20003835,20003820,20003805,20003790,20003775
7562,20003896,20003881,20003866,20003851,20003836,20003821,20003806,20003791
7563,20003912,20003897,20003882,20003867,20003852,20003837,20003822,20003807
7564,20003928,20003913,20003898,20003883,20003868,20003853,20003838,20003823
7565,20003944,20003929,20003914,20003899,20003884,20003869,20003854,20003839
7566,20003960,20003945,20003930,20003915,20003900,20003885,20003870,20003855
7567,20003976,20003961,20003946,20003931,20003916,20003901,20003886,20003871
7568,20003992,20003977,20003962,20003947,20003932,20003917,20003902,20003887
7569,20004008,20003993,20003978,20003963,20003948,20003933,20003918,20003903
7570,20004024,20004009,20003994,20003979,20003964,20003949,20003934,20003919
7571,20004040,20004025,20004010,20003995,20003980,20003965,20003950,20003935
7572,20004056,20004041,20004026,20004011,20003996,20003981,20003966,20003951
7573,20004072,20004057,20004042,20004027,20004012,20003997,20003982,20003967
7574,20004088,20004073,20004058,20004043,20004028,20004013,20003998,20003983
7575,20004104,20004089,20004074,20004059,20004044,20004029,20004014,20003999
7576,20004120,20004105,20004090,20004075,20004060,20004045,20004030,20004015
7577,20004136,20004121,20004106,20004091,20004076,20004061,20004046,20004031
7578,20004152,20004137,20004122,20004107,20004092,20004077,20004062,20004047
7579,20004168,20004153,20004138,20004123,20004108,20004093,20004078,20004063
7580,20004184,20004169,20004154,20004139,20004124,20004109,20004094,20004079
7581,20004200,20004185,20004170,20004155,20004140,20004125,20004110,20004095
7582,20004216,20004201,20004186,20004171,20004156,20004141,20004126,20004111
7583,20004232,20004217,20004202,20004187,20004172,20004157,20004142,20004127
7584,20004248,20004233,20004218,20004203,20004188,20004173,20004158,20004143
7585,20004264,20004249,20004234,20004219,20004204,20004189,20004174,20004159
7586,20004280,20004265,20004250,20004235,20004220,20004205,20004190,20004175
7587,20004296,20004281,20004266,20004251,20004236,20004221,20004206,20004191
7588,20004312,20004297,20004282,20004267,20004252,20004237,20004222,20004207
7589,20004328,20004313,20004298,20004283,20004268,20004253,20004238,20004223
7590,20004344,20004329,20004314,20004299,20004284,20004269,20004254,20004239
7591,20004360,20004345,20004330,20004315,20004300,20004285,20004270,20004255
7592,20004376,20004361,20004346,20004331,20004316,20004301,20004286,20004271
7593,20004392,20004377,20004362,20004347,20004332,20004317,20004302,20004287
7594,20004408,20004393,20004378,20004363,20004348,20004333,20004318,20004303
7595,20004424,20004409,20004394,20004379,20004364,20004349,20004334,20004319
7596,20004440,20004425,20004410,20004395,20004380,20004365,20004350,20004335
7597,20004456,20004441,20004426,20004411,20004396,20004381,20004366,20004351
7598,20004472,20004457,20004442,20004427,20004412,20004397,20004382,20004367
7599,20004488,20004473,20004458,20004443,20004428,20004413,20004398,20004383
7600,20004504,20004489,20004474,20004459,20004444,20004429,20004414,20004399
7601,20004520,20004505,20004490,20004475,20004460,20004445,20004430,20004415
7602,20004536,20004521,20004506,20004491,20004476,20004461,20004446,20004431
7603,20004552,20004537,20004522,20004507,20004492,20004477,20004462,20004447
7604,20004568,20004553,20004538,20004523,20004508,20004493,20004478,20004463
7605,20004584,20004569,20004554,20004539,20004524,20004509,20004494,20004479
7606,20004600,20004585,20004570,20004555,20004540,20004525,20004510,20004495
7607,20004616,20004601,20004586,20004571,20004556,20004541,20004526,20004511
7608,20004632,20004617,20004602,20004587,20004572,20004557,20004542,20004527
7609,20004648,20004633,20004618,20004603,20004588,20004573,20004558,20004543
7610,20004664,20004649,20004634,20004619,20004604,20004589,20004574,20004559
7611,20004680,20004665,20004650,20004635,20004620,20004605,20004590,20004575
7612,20004696,20004681,20004666,20004651,20004636,20004621,20004606,20004591
7613,20004712,20004697,20004682,20004667,20004652,20004637,20004622,20004607
7614,20004728,20004713,20004698,20004683,20004668,20004653,20004638,20004623
7615,20004744,20004729,20004714,20004699,20004684,20004669,20004654,20004639
7616,20004760,20004745,20004730,20004715,20004700,20004685,20004670,20004655
7617,20004776,20004761,20004746,20004731,20004716,20004701,20004686,20004671
7618,20004792,20004777,20004762,20004747,20004732,20004717,20004702,20004687
7619,20004808,20004793,20004778,20004763,20004748,20004733,20004718,20004703
7620,20004824,20004809,20004794,20004779,20004764,20004749,20004734,20004719
7621,20004840,20004825,20004810,20004795,20004780,20004765,20004750,20004735
7622,20004856,20004841,20004826,20004811,20004796,20004781,20004766,20004751
7623,20004872,20004857,20004842,20004827,20004812,20004797,20004782,20004767
7624,20004888,20004873,20004858,20004843,20004828,20004813,20004798,20004783
7625,20004904,20004889,20004874,20004859,20004844,20004829,20004814,20004799
7626,20004920,20004905,20004890,20004875,20004860,20004845,20004830,20004815
7627,20004936,20004921,20004906,20004891,20004876,20004861,20004846,20004831
7628,20004952,20004937,20004922,20004907,20004892,20004877,20004862,20004847
7629,20004968,20004953,20004938,20004923,20004908,20004893,20004878,20004863
7630,20004984,20004969,20004954,20004939,20004924,20004909,20004894,20004879
7631,20005000,20004985,20004970,20004955,20004940,20004925,20004910,20004895
7632,20005016,20005001,20004986,20004971,20004956,20004941,20004926,20004911
7633,20005032,20005017,20005002,20004987,20004972,20004957,20004942,20004927
7634,20005048,20005033,20005018,20005003,20004988,20004973,20004958,20004943
7635,20005064,20005049,20005034,20005019,20005004,20004989,20004974,20004959
7636,20005080,20005065,20005050,20005035,20005020,20005005,20004990,20004975
7637,20005096,20005081,20005066,20005051,20005036,20005021,20005006,20004991
7638,20005112,20005097,20005082,20005067,20005052,20005037,20005022,20005007
7639,20005128,20005113,20005098,20005083,20005068,20005053,20005038,20005023
7640,20005144,20005129,20005114,20005099,20005084,20005069,20005054,20005039
7641,20005160,20005145,20005130,20005115,20005100,20005085,20005070,20005055
7642,20005176,20005161,20005146,20005131,20005116,20005101,20005086,20005071
7643,20005192,20005177,20005162,20005147,20005132,20005117,20005102,20005087
7644,20005208,20005193,20005178,20005163,20005148,20005133,20005118,20005103
7645,20005224,20005209,20005194,20005179,20005164,20005149,20005134,20005119
7646,20005240,20005225,20005210,20005195,20005180,20005165,20005150,20005135
7647,20005256,20005241,20005226,20005211,20005196,20005181,20005166,20005151
7648,20005272,20005257,20005242,20005227,20005212,20005197,20005182,20005167
7649,20005288,20005273,20005258,20005243,20005228,20005213,20005198,20005183
7650,20005304,20005289,20005274,20005259,20005244,20005229,20005214,20005199
7651,20005320,20005305,20005290,20005275,20005260,20005245,20005230,20005215
7652,20005336,20005321,20005306,20005291,20005276,20005261,20005246,20005231
7653,20005352,20005337,20005322,20005307,20005292,20005277,20005262,20005247
7654,20005368,20005353,20005338,20005323,20005308,20005293,20005278,20005263
7655,20005384,20005369,20005354,20005339,20005324,20005309,20005294,20005279
7656,20005400,20005385,20005370,20005355,20005340,20005325,20005310,20005295
7657,20005416,20005401,20005386,20005371,20005356,20005341,20005326,20005311
7658,20005432,20005417,20005402,20005387,20005372,20005357,20005342,20005327
7659,20005448,20005433,20005418,20005403,20005388,20005373,20005358,20005343
7660,20005464,20005449,20005434,20005419,20005404,20005389,20005374,20005359
7661,20005480,20005465,20005450,20005435,20005420,20005405,20005390,20005375
7662,20005496,20005481,20005466,20005451,20005436,20005421,20005406,20005391
7663,20005512,20005497,20005482,20005467,20005452,20005437,20005422,20005407
7664,20005528,20005513,20005498,20005483,20005468,20005453,20005438,20005423
7665,20005544,20005529,20005514,20005499,20005484,20005469,20005454,20005439
7666,20005560,20005545,20005530,20005515,20005500,20005485,20005470,20005455
7667,20005576,20005561,20005546,20005531,20005516,20005501,20005486,20005471
7668,20005592,20005577,20005562,20005547,20005532,20005517,20005502,20005487
7669,20005608,20005593,20005578,20005563,20005548,20005533,20005518,20005503
7670,20005624,20005609,20005594,20005579,20005564,20005549,20005534,20005519
7671,20005640,20005625,20005610,20005595,20005580,20005565,20005550,20005535
7672,20005656,20005641,20005626,20005611,20005596,20005581,20005566,20005551
7673,20005672,20005657,20005642,20005627,20005612,20005597,20005582,20005567
7674,20005688,20005673,20005658,20005643,20005628,20005613,20005598,20005583
7675,20005704,20005689,20005674,20005659,20005644,20005629,20005614,20005599
7676,20005720,20005705,20005690,20005675,20005660,20005645,20005630,20005615
7677,20005736,20005721,20005706,20005691,20005676,20005661,20005646,20005631
7678,20005752,20005737,20005722,20005707,20005692,20005677,20005662,20005647
7679,20005768,20005753,20005738,20005723,20005708,20005693,20005678,20005663
7680,20005784,20005769,20005754,20005739,20005724,20005709,20005694,20005679
7681,20005800,20005785,20005770,20005755,20005740,20005725,20005710,20005695
7682,20005816,20005801,20005786,20005771,20005756,20005741,20005726,20005711
7683,20005832,20005817,20005802,20005787,20005772,20005757,20005742,20005727
7684,20005848,20005833,20005818,20005803,20005788,20005773,20005758,20005743
7685,20005864,20005849,20005834,20005819,20005804,20005789,20005774,20005759
7686,20005880,20005865,20005850,20005835,20005820,20005805,20005790,20005775
7687,20005896,20005881,20005866,20005851,20005836,20005821,20005806,20005791
7688,20005912,20005897,20005882,20005867,20005852,20005837,20005822,20005807
7689,20005928,20005913,20005898,20005883,20005868,20005853,20005838,20005823
7690,20005944,20005929,20005914,20005899,20005884,20005869,20005854,20005839
7691,20005960,20005945,20005930,20005915,20005900,20005885,20005870,20005855
7692,20005976,20005961,20005946,20005931,20005916,20005901,20005886,20005871
7693,20005992,20005977,20005962,20005947,20005932,20005917,20005902,20005887
7694,20006008,20005993,20005978,20005963,20005948,20005933,20005918,20005903
7695,20006024,20006009,20005994,20005979,20005964,20005949,20005934,20005919
7696,20006040,20006025,20006010,20005995,20005980,20005965,20005950,20005935
7697,20006056,20006041,20006026,20006011,20005996,20005981,20005966,20005951
7698,20006072,20006057,20006042,20006027,20006012,20005997,20005982,20005967
7699,20006088,20006073,20006058,20006043,20006028,20006013,20005998,20005983
7700,20006104,20006089,20006074,20006059,20006044,20006029,20006014,20005999
7701,20006120,20006105,20006090,20006075,20006060,20006045,20006030,20006015
7702,20006136,20006121,20006106,20006091,20006076,20006061,20006046,20006031
7703,20006152,20006137,20006122,20006107,20006092,20006077,20006062,20006047
7704,20006168,20006153,20006138,20006123,20006108,20006093,20006078,20006063
7705,20006184,20006169,20006154,20006139,20006124,20006109,20006094,20006079
7706,20006200,20006185,20006170,20006155,20006140,20006125,20006110,20006095
7707,20006216,20006201,20006186,20006171,20006156,20006141,20006126,20006111
7708,20006232,20006217,20006202,20006187,20006172,20006157,20006142,20006127
7709,20006248,20006233,20006218,20006203,20006188,20006173,20006158,20006143
7710,20006264,20006249,20006234,20006219,20006204,20006189,20006174,20006159
7711,20006280,20006265,20006250,20006235,20006220,20006205,20006190,20006175
7712,20006296,20006281,20006266,20006251,20006236,20006221,20006206,20006191
7713,20006312,20006297,20006282,20006267,20006252,20006237,20006222,20006207
7714,20006328,20006313,20006298,20006283,20006268,20006253,20006238,20006223
7715,20006344,20006329,20006314,20006299,20006284,20006269,20006254,20006239
7716,20006360,20006345,20006330,20006315,20006300,20006285,20006270,20006255
7717,20006376,20006361,20006346,20006331,20006316,20006301,20006286,20006271
7718,20006392,20006377,20006362,20006347,20006332,20006317,20006302,20006287
7719,20006408,20006393,20006378,20006363,20006348,20006333,20006318,20006303
7720,20006424,20006409,20006394,20006379,20006364,20006349,20006334,20006319
7721,20006440,20006425,20006410,20006395,20006380,20006365,20006350,20006335
7722,20006456,20006441,20006426,20006411,20006396,20006381,20006366,20006351
7723,20006472,20006457,20006442,20006427,20006412,20006397,20006382,20006367
7724,20006488,20006473,20006458,20006443,20006428,20006413,20006398,20006383
7725,20006504,20006489,20006474,20006459,20006444,20006429,20006414,20006399
7726,20006520,20006505,20006490,20006475,20006460,20006445,20006430,20006415
7727,20006536,20006521,20006506,20006491,20006476,20006461,20006446,20006431
7728,20006552,20006537,20006522,20006507,20006492,20006477,20006462,20006447
7729,20006568,20006553,20006538,20006523,20006508,20006493,20006478,20006463
7730,20006584,20006569,20006554,20006539,20006524,20006509,20006494,20006479
7731,20006600,20006585,20006570,20006555,20006540,20006525,20006510,20006495
7732,20006616,20006601,20006586,20006571,20006556,20006541,20006526,20006511
7733,20006632,20006617,20006602,20006587,20006572,20006557,20006542,20006527
7734,20006648,20006633,20006618,20006603,20006588,20006573,20006558,20006543
7735,20006664,20006649,20006634,20006619,20006604,20006589,20006574,20006559
7736,20006680,20006665,20006650,20006635,20006620,20006605,20006590,20006575
7737,20006696,20006681,20006666,20006651,20006636,20006621,20006606,20006591
7738,20006712,20006697,20006682,20006667,20006652,20006637,20006622,20006607
7739,20006728,20006713,20006698,20006683,20006668,20006653,20006638,20006623
7740,20006744,20006729,20006714,20006699,20006684,20006669,20006654,20006639
7741,20006760,20006745,20006730,20006715,20006700,20006685,20006670,20006655
7742,20006776,20006761,20006746,20006731,20006716,20006701,20006686,20006671
7743,20006792,20006777,20006762,20006747,20006732,20006717,20006702,20006687
7744,20006808,20006793,20006778,20006763,20006748,20006733,20006718,20006703
7745,20006824,20006809,20006794,20006779,20006764,20006749,20006734,20006719
7746,20006840,20006825,20006810,20006795,20006780,20006765,20006750,20006735
7747,20006856,20006841,20006826,20006811,20006796,20006781,20006766,20006751
7748,20006872,20006857,20006842,20006827,20006812,20006797,20006782,20006767
7749,20006888,20006873,20006858,20006843,20006828,20006813,20006798,20006783
7750,20006904,20006889,20006874,20006859,20006844,20006829,20006814,20006799
7751,20006920,20006905,20006890,20006875,20006860,20006845,20006830,20006815
7752,20006936,20006921,20006906,20006891,20006876,20006861,20006846,20006831
7753,20006952,20006937,20006922,20006907,20006892,20006877,20006862,20006847
7754,20006968,20006953,20006938,20006923,20006908,20006893,20006878,20006863
7755,20006984,20006969,20006954,20006939,20006924,20006909,20006894,20006879
7756,20007000,20006985,20006970,20006955,20006940,20006925,20006910,20006895
7757,20007016,20007001,20006986,20006971,20006956,20006941,20006926,20006911
7758,20007032,20007017,20007002,20006987,20006972,20006957,20006942,20006927
7759,20007048,20007033,20007018,20007003,20006988,20006973,20006958,20006943
7760,20007064,20007049,20007034,20007019,20007004,20006989,20006974,20006959
7761,20007080,20007065,20007050,20007035,20007020,20007005,20006990,20006975
7762,20007096,20007081,20007066,20007051,20007036,20007021,20007006,20006991
7763,20007112,20007097,20007082,20007067,20007052,20007037,20007022,20007007
7764,20007128,20007113,20007098,20007083,20007068,20007053,20007038,20007023
7765,20007144,20007129,20007114,20007099,20007084,20007069,20007054,20007039
7766,20007160,20007145,20007130,20007115,20007100,20007085,20007070,20007055
7767,20007176,20007161,20007146,20007131,20007116,20007101,20007086,20007071
7768,20007192,20007177,20007162,20007147,20007132,20007117,20007102,20007087
7769,20007208,20007193,20007178,20007163,20007148,20007133,20007118,20007103
7770,20007224,20007209,20007194,20007179,20007164,20007149,20007134,20007119
7771,20007240,20007225,20007210,20007195,20007180,20007165,20007150,20007135
7772,20007256,20007241,20007226,20007211,20007196,20007181,20007166,20007151
7773,20007272,20007257,20007242,20007227,20007212,20007197,20007182,20007167
7774,20007288,20007273,20007258,20007243,20007228,20007213,20007198,20007183
7775,20007304,20007289,20007274,20007259,20007244,20007229,20007214,20007199
7776,20007320,20007305,20007290,20007275,20007260,20007245,20007230,20007215
7777,20007336,20007321,20007306,20007291,20007276,20007261,20007246,20007231
7778,20007352,20007337,20007322,20007307,20007292,20007277,20007262,20007247
7779,20007368,20007353,20007338,20007323,20007308,20007293,20007278,20007263
7780,20007384,20007369,20007354,20007339,20007324,20007309,20007294,20007279
7781,20007400,20007385,20007370,20007355,20007340,20007325,20007310,20007295
7782,20007416,20007401,20007386,20007371,20007356,20007341,20007326,20007311
7783,20007432,20007417,20007402,20007387,20007372,20007357,20007342,20007327
7784,20007448,20007433,20007418,20007403,20007388,20007373,20007358,20007343
7785,20007464,20007449,20007434,20007419,20007404,20007389,20007374,20007359
7786,20007480,20007465,20007450,20007435,20007420,20007405,20007390,20007375
7787,20007496,20007481,20007466,20007451,20007436,20007421,20007406,20007391
7788,20007512,20007497,20007482,20007467,20007452,20007437,20007422,20007407
7789,20007528,20007513,20007498,20007483,20007468,20007453,20007438,20007423
7790,20007544,20007529,20007514,20007499,20007484,20007469,20007454,20007439
7791,20007560,20007545,20007530,20007515,20007500,20007485,20007470,20007455
7792,20007576,20007561,20007546,20007531,20007516,20007501,20007486,20007471
7793,20007592,20007577,20007562,20007547,20007532,20007517,20007502,20007487
7794,20007608,20007593,20007578,20007563,20007548,20007533,20007518,20007503
7795,20007624,20007609,20007594,20007579,20007564,20007549,20007534,20007519
7796,20007640,20007625,20007610,20007595,20007580,20007565,20007550,20007535
7797,20007656,20007641,20007626,20007611,20007596,20007581,20007566,20007551
7798,20007672,20007657,20007642,20007627,20007612,20007597,20007582,20007567
7799,20007688,20007673,20007658,20007643,20007628,20007613,20007598,20007583
7800,20007704,20007689,20007674,20007659,20007644,20007629,20007614,20007599
7801,20007720,20007705,20007690,20007675,20007660,20007645,20007630,20007615
7802,20007736,20007721,20007706,20007691,20007676,20007661,20007646,20007631
7803,20007752,20007737,20007722,20007707,20007692,20007677,20007662,20007647
7804,20007768,20007753,20007738,20007723,20007708,20007693,20007678,20007663
7805,20007784,20007769,20007754,20007739,20007724,20007709,20007694,20007679
7806,20007800,20007785,20007770,20007755,20007740,20007725,20007710,20007695
7807,20007816,20007801,20007786,20007771,20007756,20007741,20007726,20007711
7808,20007832,20007817,20007802,20007787,20007772,20007757,20007742,20007727
7809,20007848,20007833,20007818,20007803,20007788,20007773,20007758,20007743
7810,20007864,20007849,20007834,20007819,20007804,20007789,20007774,20007759
7811,20007880,20007865,20007850,20007835,20007820,20007805,20007790,20007775
7812,20007896,20007881,20007866,20007851,20007836,20007821,20007806,20007791
7813,20007912,20007897,20007882,20007867,20007852,20007837,20007822,20007807
7814,20007928,20007913,20007898,20007883,20007868,20007853,20007838,20007823
7815,20007944,20007929,20007914,20007899,20007884,20007869,20007854,20007839
7816,20007960,20007945,20007930,20007915,20007900,20007885,20007870,20007855
7817,20007976,20007961,20007946,20007931,20007916,20007901,20007886,20007871
7818,20007992,20007977,20007962,20007947,20007932,20007917,20007902,20007887
7819,20008008,20007993,20007978,20007963,20007948,20007933,20007918,20007903
7820,20008024,20008009,20007994,20007979,20007964,20007949,20007934,20007919
7821,20008040,20008025,20008010,20007995,20007980,20007965,20007950,20007935
7822,20008056,20008041,20008026,20008011,20007996,20007981,20007966,20007951
7823,20008072,20008057,20008042,20008027,20008012,20007997,20007982,20007967
7824,20008088,20008073,20008058,20008043,20008028,20008013,20007998,20007983
7825,20008104,20008089,20008074,20008059,20008044,20008029,20008014,20007999
7826,20008120,20008105,20008090,20008075,20008060,20008045,20008030,20008015
7827,20008136,20008121,20008106,20008091,20008076,20008061,20008046,20008031
7828,20008152,20008137,20008122,20008107,20008092,20008077,20008062,20008047
7829,20008168,20008153,20008138,20008123,20008108,20008093,20008078,20008063
7830,20008184,20008169,20008154,20008139,20008124,20008109,20008094,20008079
7831,20008200,20008185,20008170,20008155,20008140,20008125,20008110,20008095
7832,20008216,20008201,20008186,20008171,20008156,20008141,20008126,20008111
7833,20008232,20008217,20008202,20008187,20008172,20008157,20008142,20008127
7834,20008248,20008233,20008218,20008203,20008188,20008173,20008158,20008143
7835,20008264,20008249,20008234,20008219,20008204,20008189,20008174,20008159
7836,20008280,20008265,20008250,20008235,20008220,20008205,20008190,20008175
7837,20008296,20008281,20008266,20008251,20008236,20008221,20008206,20008191
7838,20008312,20008297,20008282,20008267,20008252,20008237,20008222,20008207
7839,20008328,20008313,20008298,20008283,20008268,20008253,20008238,20008223
7840,20008344,20008329,20008314,20008299,20008284,20008269,20008254,20008239
7841,20008360,20008345,20008330,20008315,20008300,20008285,20008270,20008255
7842,20008376,20008361,20008346,20008331,20008316,20008301,20008286,20008271
7843,20008392,20008377,20008362,20008347,20008332,20008317,20008302,20008287
7844,20008408,20008393,20008378,20008363,20008348,20008333,20008318,20008303
7845,20008424,20008409,20008394,20008379,20008364,20008349,20008334,20008319
7846,20008440,20008425,20008410,20008395,20008380,20008365,20008350,20008335
7847,20008456,20008441,20008426,20008411,20008396,20008381,20008366,20008351
7848,20008472,20008457,20008442,20008427,20008412,20008397,20008382,20008367
7849,20008488,20008473,20008458,20008443,20008428,20008413,20008398,20008383
7850,20008504,20008489,20008474,20008459,20008444,20008429,20008414,20008399
7851,20008520,20008505,20008490,20008475,20008460,20008445,20008430,20008415
7852,20008536,20008521,20008506,20008491,20008476,20008461,20008446,20008431
7853,20008552,20008537,20008522,20008507,20008492,20008477,20008462,20008447
7854,20008568,20008553,20008538,20008523,20008508,20008493,20008478,20008463
7855,20008584,20008569,20008554,20008539,20008524,20008509,20008494,20008479
7856,20008600,20008585,20008570,20008555,20008540,20008525,20008510,20008495
7857,20008616,20008601,20008586,20008571,20008556,20008541,20008526,20008511
7858,20008632,20008617,20008602,20008587,20008572,20008557,20008542,20008527
7859,20008648,20008633,20008618,20008603,20008588,20008573,20008558,20008543
7860,20008664,20008649,20008634,20008619,20008604,20008589,20008574,20008559
7861,20008680,20008665,20008650,20008635,20008620,20008605,20008590,20008575
7862,20008696,20008681,20008666,20008651,20008636,20008621,20008606,20008591
7863,20008712,20008697,20008682,20008667,20008652,20008637,20008622,20008607
7864,20008728,20008713,20008698,20008683,20008668,20008653,20008638,20008623
7865,20008744,20008729,20008714,20008699,20008684,20008669,20008654,20008639
7866,20008760,20008745,20008730,20008715,20008700,20008685,20008670,20008655
7867,20008776,20008761,20008746,20008731,20008716,20008701,20008686,20008671
7868,20008792,20008777,20008762,20008747,20008732,20008717,20008702,20008687
7869,20008808,20008793,20008778,20008763,20008748,20008733,20008718,20008703
7870,20008824,20008809,20008794,20008779,20008764,20008749,20008734,20008719
7871,20008840,20008825,20008810,20008795,20008780,20008765,20008750,20008735
7872,20008856,20008841,20008826,20008811,20008796,20008781,20008766,20008751
7873,20008872,20008857,20008842,20008827,20008812,20008797,20008782,20008767
7874,20008888,20008873,20008858,20008843,20008828,20008813,20008798,20008783
7875,20008904,20008889,20008874,20008859,20008844,20008829,20008814,20008799
7876,20008920,20008905,20008890,20008875,20008860,20008845,20008830,20008815
7877,20008936,20008921,20008906,20008891,20008876,20008861,20008846,20008831
7878,20008952,20008937,20008922,20008907,20008892,20008877,20008862,20008847
7879,20008968,20008953,20008938,20008923,20008908,20008893,20008878,20008863
7880,20008984,20008969,20008954,20008939,20008924,20008909,20008894,20008879
7881,20009000,20008985,20008970,20008955,20008940,20008925,20008910,20008895
7882,20009016,20009001,20008986,20008971,20008956,20008941,20008926,20008911
7883,20009032,20009017,20009002,20008987,20008972,20008957,20008942,20008927
7884,20009048,20009033,20009018,20009003,20008988,20008973,20008958,20008943
7885,20009064,20009049,20009034,20009019,20009004,20008989,20008974,20008959
7886,20009080,20009065,20009050,20009035,20009020,20009005,20008990,20008975
7887,20009096,20009081,20009066,20009051,20009036,20009021,20009006,20008991
7888,20009112,20009097,20009082,20009067,20009052,20009037,20009022,20009007
7889,20009128,20009113,20009098,20009083,20009068,20009053,20009038,20009023
7890,20009144,20009129,20009114,20009099,20009084,20009069,20009054,20009039
7891,20009160,20009145,20009130,20009115,20009100,20009085,20009070,20009055
7892,20009176,20009161,20009146,20009131,20009116,20009101,20009086,20009071
7893,20009192,20009177,20009162,20009147,20009132,20009117,20009102,20009087
7894,20009208,20009193,20009178,20009163,20009148,20009133,20009118,20009103
7895,20009224,20009209,20009194,20009179,20009164,20009149,20009134,20009119
7896,20009240,20009225,20009210,20009195,20009180,20009165,20009150,20009135
7897,20009256,20009241,20009226,20009211,20009196,20009181,20009166,20009151
7898,20009272,20009257,20009242,20009227,20009212,20009197,20009182,20009167
7899,20009288,20009273,20009258,20009243,20009228,20009213,20009198,20009183
7900,20009304,20009289,20009274,20009259,20009244,20009229,20009214,20009199
7901,20009320,20009305,20009290,20009275,20009260,20009245,20009230,20009215
7902,20009336,20009321,20009306,20009291,20009276,20009261,20009246,20009231
7903,20009352,20009337,20009322,20009307,20009292,20009277,20009262,20009247
7904,20009368,20009353,20009338,20009323,20009308,20009293,20009278,20009263
7905,20009384,20009369,20009354,20009339,20009324,20009309,20009294,20009279
7906,20009400,20009385,20009370,20009355,20009340,20009325,20009310,20009295
7907,20009416,20009401,20009386,20009371,20009356,20009341,20009326,20009311
7908,20009432,20009417,20009402,20009387,20009372,20009357,20009342,20009327
7909,20009448,20009433,20009418,20009403,20009388,20009373,20009358,20009343
7910,20009464,20009449,20009434,20009419,20009404,20009389,20009374,20009359
7911,20009480,20009465,20009450,20009435,20009420,20009405,20009390,20009375
7912,20009496,20009481,20009466,20009451,20009436,20009421,20009406,20009391
7913,20009512,20009497,20009482,20009467,20009452,20009437,20009422,20009407
7914,20009528,20009513,20009498,20009483,20009468,20009453,20009438,20009423
7915,20009544,20009529,20009514,20009499,20009484,20009469,20009454,20009439
7916,20009560,20009545,20009530,20009515,20009500,20009485,20009470,20009455
7917,20009576,20009561,20009546,20009531,20009516,20009501,20009486,20009471
7918,20009592,20009577,20009562,20009547,20009532,20009517,20009502,20009487
7919,20009608,20009593,20009578,20009563,20009548,20009533,20009518,20009503
7920,20009624,20009609,20009594,20009579,20009564,20009549,20009534,20009519
7921,20009640,20009625,20009610,20009595,20009580,20009565,20009550,20009535
7922,20009656,20009641,20009626,20009611,20009596,20009581,20009566,20009551
7923,20009672,20009657,20009642,20009627,20009612,20009597,20009582,20009567
7924,20009688,20009673,20009658,20009643,20009628,20009613,20009598,20009583
7925,20009704,20009689,20009674,20009659,20009644,20009629,20009614,20009599
7926,20009720,20009705,20009690,20009675,20009660,20009645,20009630,20009615
7927,20009736,20009721,20009706,20009691,20009676,20009661,20009646,20009631
7928,20009752,20009737,20009722,20009707,20009692,20009677,20009662,20009647
7929,20009768,20009753,20009738,20009723,20009708,20009693,20009678,20009663
7930,20009784,20009769,20009754,20009739,20009724,20009709,20009694,20009679
7931,20009800,20009785,20009770,20009755,20009740,20009725,20009710,20009695
7932,20009816,20009801,20009786,20009771,20009756,20009741,20009726,20009711
7933,20009832,20009817,20009802,20009787,20009772,20009757,20009742,20009727
7934,20009848,20009833,20009818,20009803,20009788,20009773,20009758,20009743
7935,20009864,20009849,20009834,20009819,20009804,20009789,20009774,20009759
7936,20009880,20009865,20009850,20009835,20009820,20009805,20009790,20009775
7937,20009896,20009881,20009866,20009851,20009836,20009821,20009806,20009791
7938,20009912,20009897,20009882,20009867,20009852,20009837,20009822,20009807
7939,20009928,20009913,20009898,20009883,20009868,20009853,20009838,20009823
7940,20009944,20009929,20009914,20009899,20009884,20009869,20009854,20009839
7941,20009960,20009945,20009930,20009915,20009900,20009885,20009870,20009855
7942,20009976,20009961,20009946,20009931,20009916,20009901,20009886,20009871
7943,20009992,20009977,20009962,20009947,20009932,20009917,20009902,20009887
7944,20010008,20009993,20009978,20009963,20009948,20009933,20009918,20009903
7945,20010024,20010009,20009994,20009979,20009964,20009949,20009934,20009919
7946,20010040,20010025,20010010,20009995,20009980,20009965,20009950,20009935
7947,20010056,20010041,20010026,20010011,20009996,20009981,20009966,20009951
7948,20010072,20010057,20010042,20010027,20010012,20009997,20009982,20009967
7949,20010088,20010073,20010058,20010043,20010028,20010013,20009998,20009983
7950,20010104,20010089,20010074,20010059,20010044,20010029,20010014,20009999
7951,20010120,20010105,20010090,20010075,20010060,20010045,20010030,20010015
7952,20010136,20010121,20010106,20010091,20010076,20010061,20010046,20010031
7953,20010152,20010137,20010122,20010107,20010092,20010077,20010062,20010047
7954,20010168,20010153,20010138,20010123,20010108,20010093,20010078,20010063
7955,20010184,20010169,20010154,20010139,20010124,20010109,20010094,20010079
7956,20010200,20010185,20010170,20010155,20010140,20010125,20010110,20010095
7957,20010216,20010201,20010186,20010171,20010156,20010141,20010126,20010111
7958,20010232,20010217,20010202,20010187,20010172,20010157,20010142,20010127
7959,20010248,20010233,20010218,20010203,20010188,20010173,20010158,20010143
7960,20010264,20010249,20010234,20010219,20010204,20010189,20010174,20010159
7961,20010280,20010265,20010250,20010235,20010220,20010205,20010190,20010175
7962,20010296,20010281,20010266,20010251,20010236,20010221,20010206,20010191
7963,20010312,20010297,20010282,20010267,20010252,20010237,20010222,20010207
7964,20010328,20010313,20010298,20010283,20010268,20010253,20010238,20010223
7965,20010344,20010329,20010314,20010299,20010284,20010269,20010254,20010239
7966,20010360,20010345,20010330,20010315,20010300,20010285,20010270,20010255
7967,20010376,20010361,20010346,20010331,20010316,20010301,20010286,20010271
7968,20010392,20010377,20010362,20010347,20010332,20010317,20010302,20010287
7969,20010408,20010393,20010378,20010363,20010348,20010333,20010318,20010303
7970,20010424,20010409,20010394,20010379,20010364,20010349,20010334,20010319
7971,20010440,20010425,20010410,20010395,20010380,20010365,20010350,20010335
7972,20010456,20010441,20010426,20010411,20010396,20010381,20010366,20010351
7973,20010472,20010457,20010442,20010427,20010412,20010397,20010382,20010367
7974,20010488,20010473,20010458,20010443,20010428,20010413,20010398,20010383
7975,20010504,20010489,20010474,20010459,20010444,20010429,20010414,20010399
7976,20010520,20010505,20010490,20010475,20010460,20010445,20010430,20010415
7977,20010536,20010521,20010506,20010491,20010476,20010461,20010446,20010431
7978,20010552,20010537,20010522,20010507,20010492,20010477,20010462,20010447
7979,20010568,20010553,20010538,20010523,20010508,20010493,20010478,20010463
7980,20010584,20010569,20010554,20010539,20010524,20010509,20010494,20010479
7981,20010600,20010585,20010570,20010555,20010540,20010525,20010510,20010495
7982,20010616,20010601,20010586,20010571,20010556,20010541,20010526,20010511
7983,20010632,20010617,20010602,20010587,20010572,20010557,20010542,20010527
7984,20010648,20010633,20010618,20010603,20010588,20010573,20010558,20010543
7985,20010664,20010649,20010634,20010619,20010604,20010589,20010574,20010559
7986,20010680,20010665,20010650,20010635,20010620,20010605,20010590,20010575
7987,20010696,20010681,20010666,20010651,20010636,20010621,20010606,20010591
7988,20010712,20010697,20010682,20010667,20010652,20010637,20010622,20010607
7989,20010728,20010713,20010698,20010683,20010668,20010653,20010638,20010623
7990,20010744,20010729,20010714,20010699,20010684,20010669,20010654,20010639
7991,20010760,20010745,20010730,20010715,20010700,20010685,20010670,20010655
7992,20010776,20010761,20010746,20010731,20010716,20010701,20010686,20010671
7993,20010792,20010777,20010762,20010747,20010732,20010717,20010702,20010687
7994,20010808,20010793,20010778,20010763,20010748,20010733,20010718,20010703
7995,20010824,20010809,20010794,20010779,20010764,20010749,20010734,20010719
7996,20010840,20010825,20010810,20010795,20010780,20010765,20010750,20010735
7997,20010856,20010841,20010826,20010811,20010796,20010781,20010766,20010751
7998,20010872,20010857,20010842,20010827,20010812,20010797,20010782,20010767
7999,20010888,20010873,20010858,20010843,20010828,20010813,20010798,20010783
8000,20010904,20010889,20010874,20010859,20010844,20010829,20010814,20010799
8001,20010920,20010905,20010890,20010875,20010860,20010845,20010830,20010815
8002,20010936,20010921,20010906,20010891,20010876,20010861,20010846,20010831
8003,20010952,20010937,20010922,20010907,20010892,20010877,20010862,20010847
8004,20010968,20010953,20010938,20010923,20010908,20010893,20010878,20010863
8005,20010984,20010969,20010954,20010939,20010924,20010909,20010894,20010879
8006,20011000,20010985,20010970,20010955,20010940,20010925,20010910,20010895
8007,20011016,20011001,20010986,20010971,20010956,20010941,20010926,20010911
8008,20011032,20011017,20011002,20010987,20010972,20010957,20010942,20010927
8009,20011048,20011033,20011018,20011003,20010988,20010973,20010958,20010943
8010,20011064,20011049,20011034,20011019,20011004,20010989,20010974,20010959
8011,20011080,20011065,20011050,20011035,20011020,20011005,20010990,20010975
8012,20011096,20011081,20011066,20011051,20011036,20011021,20011006,20010991
8013,20011112,20011097,20011082,20011067,20011052,20011037,20011022,20011007
8014,20011128,20011113,20011098,20011083,20011068,20011053,20011038,20011023
8015,20011144,20011129,20011114,20011099,20011084,20011069,20011054,20011039
8016,20011160,20011145,20011130,20011115,20011100,20011085,20011070,20011055
8017,20011176,20011161,20011146,20011131,20011116,20011101,20011086,20011071
8018,20011192,20011177,20011162,20011147,20011132,20011117,20011102,20011087
8019,20011208,20011193,20011178,20011163,20011148,20011133,20011118,20011103
8020,20011224,20011209,20011194,20011179,20011164,20011149,20011134,20011119
8021,20011240,20011225,20011210,20011195,20011180,20011165,20011150,20011135
8022,20011256,20011241,20011226,20011211,20011196,20011181,20011166,20011151
8023,20011272,20011257,20011242,20011227,20011212,20011197,20011182,20011167
8024,20011288,20011273,20011258,20011243,20011228,20011213,20011198,20011183
8025,20011304,20011289,20011274,20011259,20011244,20011229,20011214,20011199
8026,20011320,20011305,20011290,20011275,20011260,20011245,20011230,20011215
8027,20011336,20011321,20011306,20011291,20011276,20011261,20011246,20011231
8028,20011352,20011337,20011322,20011307,20011292,20011277,20011262,20011247
8029,20011368,20011353,20011338,20011323,20011308,20011293,20011278,20011263
8030,20011384,20011369,20011354,20011339,20011324,20011309,20011294,20011279
8031,20011400,20011385,20011370,20011355,20011340,20011325,20011310,20011295
8032,20011416,20011401,20011386,20011371,20011356,20011341,20011326,20011311
8033,20011432,20011417,20011402,20011387,20011372,20011357,20011342,20011327
8034,20011448,20011433,20011418,20011403,20011388,20011373,20011358,20011343
8035,20011464,20011449,20011434,20011419,20011404,20011389,20011374,20011359
8036,20011480,20011465,20011450,20011435,20011420,20011405,20011390,20011375
8037,20011496,20011481,20011466,20011451,20011436,20011421,20011406,20011391
8038,20011512,20011497,20011482,20011467,20011452,20011437,20011422,20011407
8039,20011528,20011513,20011498,20011483,20011468,20011453,20011438,20011423
8040,20011544,20011529,20011514,20011499,20011484,20011469,20011454,20011439
8041,20011560,20011545,20011530,20011515,20011500,20011485,20011470,20011455
8042,20011576,20011561,20011546,20011531,20011516,20011501,20011486,20011471
8043,20011592,20011577,20011562,20011547,20011532,20011517,20011502,20011487
8044,20011608,20011593,20011578,20011563,20011548,20011533,20011518,20011503
8045,20011624,20011609,20011594,20011579,20011564,20011549,20011534,20011519
8046,20011640,20011625,20011610,20011595,20011580,20011565,20011550,20011535
8047,20011656,20011641,20011626,20011611,20011596,20011581,20011566,20011551
8048,20011672,20011657,20011642,20011627,20011612,20011597,20011582,20011567
8049,20011688,20011673,20011658,20011643,20011628,20011613,20011598,20011583
8050,20011704,20011689,20011674,20011659,20011644,20011629,20011614,20011599
8051,20011720,20011705,20011690,20011675,20011660,20011645,20011630,20011615
8052,20011736,20011721,20011706,20011691,20011676,20011661,20011646,20011631
8053,20011752,20011737,20011722,20011707,20011692,20011677,20011662,20011647
8054,20011768,20011753,20011738,20011723,20011708,20011693,20011678,20011663
8055,20011784,20011769,20011754,20011739,20011724,20011709,20011694,20011679
8056,20011800,20011785,20011770,20011755,20011740,20011725,20011710,20011695
8057,20011816,20011801,20011786,20011771,20011756,20011741,20011726,20011711
8058,20011832,20011817,20011802,20011787,20011772,20011757,20011742,20011727
8059,20011848,20011833,20011818,20011803,20011788,20011773,20011758,20011743
8060,20011864,20011849,20011834,20011819,20011804,20011789,20011774,20011759
8061,20011880,20011865,20011850,20011835,20011820,20011805,20011790,20011775
8062,20011896,20011881,20011866,20011851,20011836,20011821,20011806,20011791
8063,20011912,20011897,20011882,20011867,20011852,20011837,20011822,20011807
8064,20011928,20011913,20011898,20011883,20011868,20011853,20011838,20011823
8065,20011944,20011929,20011914,20011899,20011884,20011869,20011854,20011839
8066,20011960,20011945,20011930,20011915,20011900,20011885,20011870,20011855
8067,20011976,20011961,20011946,20011931,20011916,20011901,20011886,20011871
8068,20011992,20011977,20011962,20011947,20011932,20011917,20011902,20011887
8069,20012008,20011993,20011978,20011963,20011948,20011933,20011918,20011903
8070,20012024,20012009,20011994,20011979,20011964,20011949,20011934,20011919
8071,20012040,20012025,20012010,20011995,20011980,20011965,20011950,20011935
8072,20012056,20012041,20012026,20012011,20011996,20011981,20011966,20011951
8073,20012072,20012057,20012042,20012027,20012012,20011997,20011982,20011967
8074,20012088,20012073,20012058,20012043,20012028,20012013,20011998,20011983
8075,20012104,20012089,20012074,20012059,20012044,20012029,20012014,20011999
8076,20012120,20012105,20012090,20012075,20012060,20012045,20012030,20012015
8077,20012136,20012121,20012106,20012091,20012076,20012061,20012046,20012031
8078,20012152,20012137,20012122,20012107,20012092,20012077,20012062,20012047
8079,20012168,20012153,20012138,20012123,20012108,20012093,20012078,20012063
8080,20012184,20012169,20012154,20012139,20012124,20012109,20012094,20012079
8081,20012200,20012185,20012170,20012155,20012140,20012125,20012110,20012095
8082,20012216,20012201,20012186,20012171,20012156,20012141,20012126,20012111
8083,20012232,20012217,20012202,20012187,20012172,20012157,20012142,20012127
8084,20012248,20012233,20012218,20012203,20012188,20012173,20012158,20012143
8085,20012264,20012249,20012234,20012219,20012204,20012189,20012174,20012159
8086,20012280,20012265,20012250,20012235,20012220,20012205,20012190,20012175
8087,20012296,20012281,20012266,20012251,20012236,20012221,20012206,20012191
8088,20012312,20012297,20012282,20012267,20012252,20012237,20012222,20012207
8089,20012328,20012313,20012298,20012283,20012268,20012253,20012238,20012223
8090,20012344,20012329,20012314,20012299,20012284,20012269,20012254,20012239
8091,20012360,20012345,20012330,20012315,20012300,20012285,20012270,20012255
8092,20012376,20012361,20012346,20012331,20012316,20012301,20012286,20012271
8093,20012392,20012377,20012362,20012347,20012332,20012317,20012302,20012287
8094,20012408,20012393,20012378,20012363,20012348,20012333,20012318,20012303
8095,20012424,20012409,20012394,20012379,20012364,20012349,20012334,20012319
8096,20012440,20012425,20012410,20012395,20012380,20012365,20012350,20012335
8097,20012456,20012441,20012426,20012411,20012396,20012381,20012366,20012351
8098,20012472,20012457,20012442,20012427,20012412,20012397,20012382,20012367
8099,20012488,20012473,20012458,20012443,20012428,20012413,20012398,20012383
8100,20012504,20012489,20012474,20012459,20012444,20012429,20012414,20012399
8101,20012520,20012505,20012490,20012475,20012460,20012445,20012430,20012415
8102,20012536,20012521,20012506,20012491,20012476,20012461,20012446,20012431
8103,20012552,20012537,20012522,20012507,20012492,20012477,20012462,20012447
8104,20012568,20012553,20012538,20012523,20012508,20012493,20012478,20012463
8105,20012584,20012569,20012554,20012539,20012524,20012509,20012494,20012479
8106,20012600,20012585,20012570,20012555,20012540,20012525,20012510,20012495
8107,20012616,20012601,20012586,20012571,20012556,20012541,20012526,20012511
8108,20012632,20012617,20012602,20012587,20012572,20012557,20012542,20012527
8109,20012648,20012633,20012618,20012603,20012588,20012573,20012558,20012543
8110,20012664,20012649,20012634,20012619,20012604,20012589,20012574,20012559
8111,20012680,20012665,20012650,20012635,20012620,20012605,20012590,20012575
8112,20012696,20012681,20012666,20012651,20012636,20012621,20012606,20012591
8113,20012712,20012697,20012682,20012667,20012652,20012637,20012622,20012607
8114,20012728,20012713,20012698,20012683,20012668,20012653,20012638,20012623
8115,20012744,20012729,20012714,20012699,20012684,20012669,20012654,20012639
8116,20012760,20012745,20012730,20012715,20012700,20012685,20012670,20012655
8117,20012776,20012761,20012746,20012731,20012716,20012701,20012686,20012671
8118,20012792,20012777,20012762,20012747,20012732,20012717,20012702,20012687
8119,20012808,20012793,20012778,20012763,20012748,20012733,20012718,20012703
8120,20012824,20012809,20012794,20012779,20012764,20012749,20012734,20012719
8121,20012840,20012825,20012810,20012795,20012780,20012765,20012750,20012735
8122,20012856,20012841,20012826,20012811,20012796,20012781,20012766,20012751
8123,20012872,20012857,20012842,20012827,20012812,20012797,20012782,20012767
8124,20012888,20012873,20012858,20012843,20012828,20012813,20012798,20012783
8125,20012904,20012889,20012874,20012859,20012844,20012829,20012814,20012799
8126,20012920,20012905,20012890,20012875,20012860,20012845,20012830,20012815
8127,20012936,20012921,20012906,20012891,20012876,20012861,20012846,20012831
8128,20012952,20012937,20012922,20012907,20012892,20012877,20012862,20012847
8129,20012968,20012953,20012938,20012923,20012908,20012893,20012878,20012863
8130,20012984,20012969,20012954,20012939,20012924,20012909,20012894,20012879
8131,20013000,20012985,20012970,20012955,20012940,20012925,20012910,20012895
8132,20013016,20013001,20012986,20012971,20012956,20012941,20012926,20012911
8133,20013032,20013017,20013002,20012987,20012972,20012957,20012942,20012927
8134,20013048,20013033,20013018,20013003,20012988,20012973,20012958,20012943
8135,20013064,20013049,20013034,20013019,20013004,20012989,20012974,20012959
8136,20013080,20013065,20013050,20013035,20013020,20013005,20012990,20012975
8137,20013096,20013081,20013066,20013051,20013036,20013021,20013006,20012991
8138,20013112,20013097,20013082,20013067,20013052,20013037,20013022,20013007
8139,20013128,20013113,20013098,20013083,20013068,20013053,20013038,20013023
8140,20013144,20013129,20013114,20013099,20013084,20013069,20013054,20013039
8141,20013160,20013145,20013130,20013115,20013100,20013085,20013070,20013055
8142,20013176,20013161,20013146,20013131,20013116,20013101,20013086,20013071
8143,20013192,20013177,20013162,20013147,20013132,20013117,20013102,20013087
8144,20013208,20013193,20013178,20013163,20013148,20013133,20013118,20013103
8145,20013224,20013209,20013194,20013179,20013164,20013149,20013134,20013119
8146,20013240,20013225,20013210,20013195,20013180,20013165,20013150,20013135
8147,20013256,20013241,20013226,20013211,20013196,20013181,20013166,20013151
8148,20013272,20013257,20013242,20013227,20013212,20013197,20013182,20013167
8149,20013288,20013273,20013258,20013243,20013228,20013213,20013198,20013183
8150,20013304,20013289,20013274,20013259,20013244,20013229,20013214,20013199
8151,20013320,20013305,20013290,20013275,20013260,20013245,20013230,20013215
8152,20013336,20013321,20013306,20013291,20013276,20013261,20013246,20013231
8153,20013352,20013337,20013322,20013307,20013292,20013277,20013262,20013247
8154,20013368,20013353,20013338,20013323,20013308,20013293,20013278,20013263
8155,20013384,20013369,20013354,20013339,20013324,20013309,20013294,20013279
8156,20013400,20013385,20013370,20013355,20013340,20013325,20013310,20013295
8157,20013416,20013401,20013386,20013371,20013356,20013341,20013326,20013311
8158,20013432,20013417,20013402,20013387,20013372,20013357,20013342,20013327
8159,20013448,20013433,20013418,20013403,20013388,20013373,20013358,20013343
8160,20013464,20013449,20013434,20013419,20013404,20013389,20013374,20013359
8161,20013480,20013465,20013450,20013435,20013420,20013405,20013390,20013375
8162,20013496,20013481,20013466,20013451,20013436,20013421,20013406,20013391
8163,20013512,20013497,20013482,20013467,20013452,20013437,20013422,20013407
8164,20013528,20013513,20013498,20013483,20013468,20013453,20013438,20013423
8165,20013544,20013529,20013514,20013499,20013484,20013469,20013454,20013439
8166,20013560,20013545,20013530,20013515,20013500,20013485,20013470,20013455
8167,20013576,20013561,20013546,20013531,20013516,20013501,20013486,20013471
8168,20013592,20013577,20013562,20013547,20013532,20013517,20013502,20013487
8169,20013608,20013593,20013578,20013563,20013548,20013533,20013518,20013503
8170,20013624,20013609,20013594,20013579,20013564,20013549,20013534,20013519
8171,20013640,20013625,20013610,20013595,20013580,20013565,20013550,20013535
8172,20013656,20013641,20013626,20013611,20013596,20013581,20013566,20013551
8173,20013672,20013657,20013642,20013627,20013612,20013597,20013582,20013567
8174,20013688,20013673,20013658,20013643,20013628,20013613,20013598,20013583
8175,20013704,20013689,20013674,20013659,20013644,20013629,20013614,20013599
8176,20013720,20013705,20013690,20013675,20013660,20013645,20013630,20013615
8177,20013736,20013721,20013706,20013691,20013676,20013661,20013646,20013631
8178,20013752,20013737,20013722,20013707,20013692,20013677,20013662,20013647
8179,20013768,20013753,20013738,20013723,20013708,20013693,20013678,20013663
8180,20013784,20013769,20013754,20013739,20013724,20013709,20013694,20013679
8181,20013800,20013785,20013770,20013755,20013740,20013725,20013710,20013695
8182,20013816,20013801,20013786,20013771,20013756,20013741,20013726,20013711
8183,20013832,20013817,20013802,20013787,20013772,20013757,20013742,20013727
8184,20013848,20013833,20013818,20013803,20013788,20013773,20013758,20013743
8185,20013864,20013849,20013834,20013819,20013804,20013789,20013774,20013759
8186,20013880,20013865,20013850,20013835,20013820,20013805,20013790,20013775
8187,20013896,20013881,20013866,20013851,20013836,20013821,20013806,20013791
8188,20013912,20013897,20013882,20013867,20013852,20013837,20013822,20013807
8189,20013928,20013913,20013898,20013883,20013868,20013853,20013838,20013823
8190,20013944,20013929,20013914,20013899,20013884,20013869,20013854,20013839
8191,20013960,20013945,20013930,20013915,20013900,20013885,20013870,20013855
8192,20013976,20013961,20013946,20013931,20013916,20013901,20013886,20013871
8193,20013992,20013977,20013962,20013947,20013932,20013917,20013902,20013887
8194,20014008,20013993,20013978,20013963,20013948,20013933,20013918,20013903
8195,20014024,20014009,20013994,20013979,20013964,20013949,20013934,20013919
8196,20014040,20014025,20014010,20013995,20013980,20013965,20013950,20013935
8197,20014056,20014041,20014026,20014011,20013996,20013981,20013966,20013951
8198,20014072,20014057,20014042,20014027,20014012,20013997,20013982,20013967
8199,20014088,20014073,20014058,20014043,20014028,20014013,20013998,20013983
8200,20014104,20014089,20014074,20014059,20014044,20014029,20014014,20013999
8201,20014120,20014105,20014090,20014075,20014060,20014045,20014030,20014015
8202,20014136,20014121,20014106,20014091,20014076,20014061,20014046,20014031
8203,20014152,20014137,20014122,20014107,20014092,20014077,20014062,20014047
8204,20014168,20014153,20014138,20014123,20014108,20014093,20014078,20014063
8205,20014184,20014169,20014154,20014139,20014124,20014109,20014094,20014079
8206,20014200,20014185,20014170,20014155,20014140,20014125,20014110,20014095
8207,20014216,20014201,20014186,20014171,20014156,20014141,20014126,20014111
8208,20014232,20014217,20014202,20014187,20014172,20014157,20014142,20014127
8209,20014248,20014233,20014218,20014203,20014188,20014173,20014158,20014143
8210,20014264,20014249,20014234,20014219,20014204,20014189,20014174,20014159
8211,20014280,20014265,20014250,20014235,20014220,20014205,20014190,20014175
8212,20014296,20014281,20014266,20014251,20014236,20014221,20014206,20014191
8213,20014312,20014297,20014282,20014267,20014252,20014237,20014222,20014207
8214,20014328,20014313,20014298,20014283,20014268,20014253,20014238,20014223
8215,20014344,20014329,20014314,20014299,20014284,20014269,20014254,20014239
8216,20014360,20014345,20014330,20014315,20014300,20014285,20014270,20014255
8217,20014376,20014361,20014346,20014331,20014316,20014301,20014286,20014271
8218,20014392,20014377,20014362,20014347,20014332,20014317,20014302,20014287
8219,-1,20014393,20014378,20014363,20014348,20014333,20014318,20014303
8220,-1,-1,20014394,20014379,20014364,20014349,20014334,20014319
8221,-1,-1,-1,20014395,20014380,20014365,20014350,20014335
8222,-1,-1,-1,-1,20014396,20014381,20014366,20014351
8223,-1,-1,-1,-1,-1,20014397,20014382,20014367
8224,-1,-1,-1,-1,-1,-1,20014398,20014383
8225,-1,-1,-1,-1,-1,-1,-1,20014399
8226,-1,-1,-1,-1,-1,-1,-1,-1
8227,-1,-1,-1,-1,-1,-1,-1,-1
8228,-1,-1,-1,-1,-1,-1,-1,-1
8229,-1,-1,-1,-1,-1,-1,-1,-1
8230,-1,-1,-1,-1,-1,-1,-1,-1
8231,-1,-1,-1,-1,-1,-1,-1,-1
8232,-1,-1,-1,-1,-1,-1,-1,-1
8233,20000008,-1,-1,-1,-1,-1,-1,-1
8234,20000024,20000009,-1,-1,-1,-1,-1,-1
8235,20000040,20000025,20000010,-1,-1,-1,-1,-1
8236,20000056,20000041,20000026,20000011,-1,-1,-1,-1
8237,20000072,20000057,20000042,20000027,20000012,-1,-1,-1
8238,20000088,20000073,20000058,20000043,20000028,20000013,-1,-1
8239,20000104,20000089,20000074,20000059,20000044,20000029,20000014,-1
8240,20000120,20000105,20000090,20000075,20000060,20000045,20000030,20000015
8241,20000136,20000121,20000106,20000091,20000076,20000061,20000046,20000031
8242,20000152,20000137,20000122,20000107,20000092,20000077,20000062,20000047
8243,20000168,20000153,20000138,20000123,20000108,20000093,20000078,20000063
8244,20000184,20000169,20000154,20000139,20000124,20000109,20000094,20000079
8245,20000200,20000185,20000170,20000155,20000140,20000125,20000110,20000095
8246,20000216,20000201,20000186,20000171,20000156,20000141,20000126,20000111
8247,20000232,20000217,20000202,20000187,20000172,20000157,20000142,20000127
8248,20000248,20000233,20000218,20000203,20000188,20000173,20000158,20000143
8249,20000264,20000249,20000234,20000219,20000204,20000189,20000174,20000159
8250,20000280,20000265,20000250,20000235,20000220,20000205,20000190,20000175
8251,20000296,20000281,20000266,20000251,20000236,20000221,20000206,20000191
8252,20000312,20000297,20000282,20000267,20000252,20000237,20000222,20000207
8253,20000328,20000313,20000298,20000283,20000268,20000253,20000238,20000223
8254,20000344,20000329,20000314,20000299,20000284,20000269,20000254,20000239
8255,20000360,20000345,20000330,20000315,20000300,20000285,20000270,20000255
8256,20000376,20000361,20000346,20000331,20000316,20000301,20000286,20000271
8257,20000392,20000377,20000362,20000347,20000332,20000317,20000302,20000287
8258,20000408,20000393,20000378,20000363,20000348,20000333,20000318,20000303
8259,20000424,20000409,20000394,20000379,20000364,20000349,20000334,20000319
8260,20000440,20000425,20000410,20000395,20000380,20000365,20000350,20000335
8261,20000456,20000441,20000426,20000411,20000396,20000381,20000366,20000351
8262,20000472,20000457,20000442,20000427,20000412,20000397,20000382,20000367
8263,20000488,20000473,20000458,20000443,20000428,20000413,20000398,20000383
8264,20000504,20000489,20000474,20000459,20000444,20000429,20000414,20000399
8265,20000520,20000505,20000490,20000475,20000460,20000445,20000430,20000415
8266,20000536,20000521,20000506,20000491,20000476,20000461,20000446,20000431
8267,20000552,20000537,20000522,20000507,20000492,20000477,20000462,20000447
8268,20000568,20000553,20000538,20000523,20000508,20000493,20000478,20000463
8269,20000584,20000569,20000554,20000539,20000524,20000509,20000494,20000479
8270,20000600,20000585,20000570,20000555,20000540,20000525,20000510,20000495
8271,20000616,20000601,20000586,20000571,20000556,20000541,20000526,20000511
8272,20000632,20000617,20000602,20000587,20000572,20000557,20000542,20000527
8273,20000648,20000633,20000618,20000603,20000588,20000573,20000558,20000543
8274,20000664,20000649,20000634,20000619,20000604,20000589,20000574,20000559
8275,20000680,20000665,20000650,20000635,20000620,20000605,20000590,20000575
8276,20000696,20000681,20000666,20000651,20000636,20000621,20000606,20000591
8277,20000712,20000697,20000682,20000667,20000652,20000637,20000622,20000607
8278,20000728,20000713,20000698,20000683,20000668,20000653,20000638,20000623
8279,20000744,20000729,20000714,20000699,20000684,20000669,20000654,20000639
8280,20000760,20000745,20000730,20000715,20000700,20000685,20000670,20000655
8281,20000776,20000761,20000746,20000731,20000716,20000701,20000686,20000671
8282,20000792,20000777,20000762,20000747,20000732,20000717,20000702,20000687
8283,20000808,20000793,20000778,20000763,20000748,20000733,20000718,20000703
8284,20000824,20000809,20000794,20000779,20000764,20000749,20000734,20000719
8285,20000840,20000825,20000810,20000795,20000780,20000765,20000750,20000735
8286,20000856,20000841,20000826,20000811,20000796,20000781,20000766,20000751
8287,20000872,20000857,20000842,20000827,20000812,20000797,20000782,20000767
8288,20000888,20000873,20000858,20000843,20000828,20000813,20000798,20000783
8289,20000904,20000889,20000874,20000859,20000844,20000829,20000814,20000799
8290,20000920,20000905,20000890,20000875,20000860,20000845,20000830,20000815
8291,20000936,20000921,20000906,20000891,20000876,20000861,20000846,20000831
8292,20000952,20000937,20000922,20000907,20000892,20000877,20000862,20000847
8293,20000968,20000953,20000938,20000923,20000908,20000893,20000878,20000863
8294,20000984,20000969,20000954,20000939,20000924,20000909,20000894,20000879
8295,20001000,20000985,20000970,20000955,20000940,20000925,20000910,20000895
8296,20001016,20001001,20000986,20000971,20000956,20000941,20000926,20000911
8297,20001032,20001017,20001002,20000987,20000972,20000957,20000942,20000927
8298,20001048,20001033,20001018,20001003,20000988,20000973,20000958,20000943
8299,20001064,20001049,20001034,20001019,20001004,20000989,20000974,20000959
8300,20001080,20001065,20001050,20001035,20001020,20001005,20000990,20000975
8301,20001096,20001081,20001066,20001051,20001036,20001021,20001006,20000991
8302,20001112,20001097,20001082,20001067,20001052,20001037,20001022,20001007
8303,20001128,20001113,20001098,20001083,20001068,20001053,20001038,20001023
8304,20001144,20001129,20001114,20001099,20001084,20001069,20001054,20001039
8305,20001160,20001145,20001130,20001115,20001100,20001085,20001070,20001055
8306,20001176,20001161,20001146,20001131,20001116,20001101,20001086,20001071
8307,20001192,20001177,20001162,20001147,20001132,20001117,20001102,20001087
8308,20001208,20001193,20001178,20001163,20001148,20001133,20001118,20001103
8309,20001224,20001209,20001194,20001179,20001164,20001149,20001134,20001119
8310,20001240,20001225,20001210,20001195,20001180,20001165,20001150,20001135
8311,20001256,20001241,20001226,20001211,20001196,20001181,20001166,20001151
8312,20001272,20001257,20001242,20001227,20001212,20001197,20001182,20001167
8313,20001288,20001273,20001258,20001243,20001228,20001213,20001198,20001183
8314,20001304,20001289,20001274,20001259,20001244,20001229,20001214,20001199
8315,20001320,20001305,20001290,20001275,20001260,20001245,20001230,20001215
8316,20001336,20001321,20001306,20001291,20001276,20001261,20001246,20001231
8317,20001352,20001337,20001322,20001307,20001292,20001277,20001262,20001247
8318,20001368,20001353,20001338,20001323,20001308,20001293,20001278,20001263
8319,20001384,20001369,20001354,20001339,20001324,20001309,20001294,20001279
8320,20001400,20001385,20001370,20001355,20001340,20001325,20001310,20001295
8321,20001416,20001401,20001386,20001371,20001356,20001341,20001326,20001311
8322,20001432,20001417,20001402,20001387,20001372,20001357,20001342,20001327
8323,20001448,20001433,20001418,20001403,20001388,20001373,20001358,20001343
8324,20001464,20001449,20001434,20001419,20001404,20001389,20001374,20001359
8325,20001480,20001465,20001450,20001435,20001420,20001405,20001390,20001375
8326,20001496,20001481,20001466,20001451,20001436,20001421,20001406,20001391
8327,20001512,20001497,20001482,20001467,20001452,20001437,20001422,20001407
8328,20001528,20001513,20001498,20001483,20001468,20001453,20001438,20001423
8329,20001544,20001529,20001514,20001499,20001484,20001469,20001454,20001439
8330,20001560,20001545,20001530,20001515,20001500,20001485,20001470,20001455
8331,20001576,20001561,20001546,20001531,20001516,20001501,20001486,20001471
8332,20001592,20001577,20001562,20001547,20001532,20001517,20001502,20001487
8333,20001608,20001593,20001578,20001563,20001548,20001533,20001518,20001503
8334,20001624,20001609,20001594,20001579,20001564,20001549,20001534,20001519
8335,20001640,20001625,20001610,20001595,20001580,20001565,20001550,20001535
8336,20001656,20001641,20001626,20001611,20001596,20001581,20001566,20001551
8337,20001672,20001657,20001642,20001627,20001612,20001597,20001582,20001567
8338,20001688,20001673,20001658,20001643,20001628,20001613,20001598,20001583
8339,20001704,20001689,20001674,20001659,20001644,20001629,20001614,20001599
8340,20001720,20001705,20001690,20001675,20001660,20001645,20001630,20001615
8341,20001736,20001721,20001706,20001691,20001676,20001661,20001646,20001631
8342,20001752,20001737,20001722,20001707,20001692,20001677,20001662,20001647
8343,20001768,20001753,20001738,20001723,20001708,20001693,20001678,20001663
8344,20001784,20001769,20001754,20001739,20001724,20001709,20001694,20001679
8345,20001800,20001785,20001770,20001755,20001740,20001725,20001710,20001695
8346,20001816,20001801,20001786,20001771,20001756,20001741,20001726,20001711
8347,20001832,20001817,20001802,20001787,20001772,20001757,20001742,20001727
8348,20001848,20001833,20001818,20001803,20001788,20001773,20001758,20001743
8349,20001864,20001849,20001834,20001819,20001804,20001789,20001774,20001759
8350,20001880,20001865,20001850,20001835,20001820,20001805,20001790,20001775
8351,20001896,20001881,20001866,20001851,20001836,20001821,20001806,20001791
8352,20001912,20001897,20001882,20001867,20001852,20001837,20001822,20001807
8353,20001928,20001913,20001898,20001883,20001868,20001853,20001838,20001823
8354,20001944,20001929,20001914,20001899,20001884,20001869,20001854,20001839
8355,20001960,20001945,20001930,20001915,20001900,20001885,20001870,20001855
8356,20001976,20001961,20001946,20001931,20001916,20001901,20001886,20001871
8357,20001992,20001977,20001962,20001947,20001932,20001917,20001902,20001887
8358,20002008,20001993,20001978,20001963,20001948,20001933,20001918,20001903
8359,20002024,20002009,20001994,20001979,20001964,20001949,20001934,20001919
8360,20002040,20002025,20002010,20001995,20001980,20001965,20001950,20001935
8361,20002056,20002041,20002026,20002011,20001996,20001981,20001966,20001951
8362,20002072,20002057,20002042,20002027,20002012,20001997,20001982,20001967
8363,20002088,20002073,20002058,20002043,20002028,20002013,20001998,20001983
8364,20002104,20002089,20002074,20002059,20002044,20002029,20002014,20001999
8365,20002120,20002105,20002090,20002075,20002060,20002045,20002030,20002015
8366,20002136,20002121,20002106,20002091,20002076,20002061,20002046,20002031
8367,20002152,20002137,20002122,20002107,20002092,20002077,20002062,20002047
8368,20002168,20002153,20002138,20002123,20002108,20002093,20002078,20002063
8369,20002184,20002169,20002154,20002139,20002124,20002109,20002094,20002079
8370,20002200,20002185,20002170,20002155,20002140,20002125,20002110,20002095
8371,20002216,20002201,20002186,20002171,20002156,20002141,20002126,20002111
8372,20002232,20002217,20002202,20002187,20002172,20002157,20002142,20002127
8373,20002248,20002233,20002218,20002203,20002188,20002173,20002158,20002143
8374,20002264,20002249,20002234,20002219,20002204,20002189,20002174,20002159
8375,20002280,20002265,20002250,20002235,20002220,20002205,20002190,20002175
8376,20002296,20002281,20002266,20002251,20002236,20002221,20002206,20002191
8377,20002312,20002297,20002282,20002267,20002252,20002237,20002222,20002207
8378,20002328,20002313,20002298,20002283,20002268,20002253,20002238,20002223
8379,20002344,20002329,20002314,20002299,20002284,20002269,20002254,20002239
8380,20002360,20002345,20002330,20002315,20002300,20002285,20002270,20002255
8381,20002376,20002361,20002346,20002331,20002316,20002301,20002286,20002271
8382,20002392,20002377,20002362,20002347,20002332,20002317,20002302,20002287
8383,20002408,20002393,20002378,20002363,20002348,20002333,20002318,20002303
8384,20002424,20002409,20002394,20002379,20002364,20002349,20002334,20002319
8385,20002440,20002425,20002410,20002395,20002380,20002365,20002350,20002335
8386,20002456,20002441,20002426,20002411,20002396,20002381,20002366,20002351
8387,20002472,20002457,20002442,20002427,20002412,20002397,20002382,20002367
8388,20002488,20002473,20002458,20002443,20002428,20002413,20002398,20002383
8389,20002504,20002489,20002474,20002459,20002444,20002429,20002414,20002399
8390,20002520,20002505,20002490,20002475,20002460,20002445,20002430,20002415
8391,20002536,20002521,20002506,20002491,20002476,20002461,20002446,20002431
8392,20002552,20002537,20002522,20002507,20002492,20002477,20002462,20002447
8393,20002568,20002553,20002538,20002523,20002508,20002493,20002478,20002463
8394,20002584,20002569,20002554,20002539,20002524,20002509,20002494,20002479
8395,20002600,20002585,20002570,20002555,20002540,20002525,20002510,20002495
8396,20002616,20002601,20002586,20002571,20002556,20002541,20002526,20002511
8397,20002632,20002617,20002602,20002587,20002572,20002557,20002542,20002527
8398,20002648,20002633,20002618,20002603,20002588,20002573,20002558,20002543
8399,20002664,20002649,20002634,20002619,20002604,20002589,20002574,20002559
8400,20002680,20002665,20002650,20002635,20002620,20002605,20002590,20002575
8401,20002696,20002681,20002666,20002651,20002636,20002621,20002606,20002591
8402,20002712,20002697,20002682,20002667,20002652,20002637,20002622,20002607
8403,20002728,20002713,20002698,20002683,20002668,20002653,20002638,20002623
8404,20002744,20002729,20002714,20002699,20002684,20002669,20002654,20002639
8405,20002760,20002745,20002730,20002715,20002700,20002685,20002670,20002655
8406,20002776,20002761,20002746,20002731,20002716,20002701,20002686,20002671
8407,20002792,20002777,20002762,20002747,20002732,20002717,20002702,20002687
8408,20002808,20002793,20002778,20002763,20002748,20002733,20002718,20002703
8409,20002824,20002809,20002794,20002779,20002764,20002749,20002734,20002719
8410,20002840,20002825,20002810,20002795,20002780,20002765,20002750,20002735
8411,20002856,20002841,20002826,20002811,20002796,20002781,20002766,20002751
8412,20002872,20002857,20002842,20002827,20002812,20002797,20002782,20002767
8413,20002888,20002873,20002858,20002843,20002828,20002813,20002798,20002783
8414,20002904,20002889,20002874,20002859,20002844,20002829,20002814,20002799
8415,20002920,20002905,20002890,20002875,20002860,20002845,20002830,20002815
8416,20002936,20002921,20002906,20002891,20002876,20002861,20002846,20002831
8417,20002952,20002937,20002922,20002907,20002892,20002877,20002862,20002847
8418,20002968,20002953,20002938,20002923,20002908,20002893,20002878,20002863
8419,20002984,20002969,20002954,20002939,20002924,20002909,20002894,20002879
8420,20003000,20002985,20002970,20002955,20002940,20002925,20002910,20002895
8421,20003016,20003001,20002986,20002971,20002956,20002941,20002926,20002911
8422,20003032,20003017,20003002,20002987,20002972,20002957,20002942,20002927
8423,20003048,20003033,20003018,20003003,20002988,20002973,20002958,20002943
8424,20003064,20003049,20003034,20003019,20003004,20002989,20002974,20002959
8425,20003080,20003065,20003050,20003035,20003020,20003005,20002990,20002975
8426,20003096,20003081,20003066,20003051,20003036,20003021,20003006,20002991
8427,20003112,20003097,20003082,20003067,20003052,20003037,20003022,20003007
8428,20003128,20003113,20003098,20003083,20003068,20003053,20003038,20003023
8429,20003144,20003129,20003114,20003099,20003084,20003069,20003054,20003039
8430,20003160,20003145,20003130,20003115,20003100,20003085,20003070,20003055
8431,20003176,20003161,20003146,20003131,20003116,20003101,20003086,20003071
8432,20003192,20003177,20003162,20003147,20003132,20003117,20003102,20003087
8433,20003208,20003193,20003178,20003163,20003148,20003133,20003118,20003103
8434,20003224,20003209,20003194,20003179,20003164,20003149,20003134,20003119
8435,20003240,20003225,20003210,20003195,20003180,20003165,20003150,20003135
8436,20003256,20003241,20003226,20003211,20003196,20003181,20003166,20003151
8437,20003272,20003257,20003242,20003227,20003212,20003197,20003182,20003167
8438,20003288,20003273,20003258,20003243,20003228,20003213,20003198,20003183
8439,20003304,20003289,20003274,20003259,20003244,20003229,20003214,20003199
8440,20003320,20003305,20003290,20003275,20003260,20003245,20003230,20003215
8441,20003336,20003321,20003306,20003291,20003276,20003261,20003246,20003231
8442,20003352,20003337,20003322,20003307,20003292,20003277,20003262,20003247
8443,20003368,20003353,20003338,20003323,20003308,20003293,20003278,20003263
8444,20003384,20003369,20003354,20003339,20003324,20003309,20003294,20003279
8445,20003400,20003385,20003370,20003355,20003340,20003325,20003310,20003295
8446,20003416,20003401,20003386,20003371,20003356,20003341,20003326,20003311
8447,20003432,20003417,20003402,20003387,20003372,20003357,20003342,20003327
8448,20003448,20003433,20003418,20003403,20003388,20003373,20003358,20003343
8449,20003464,20003449,20003434,20003419,20003404,20003389,20003374,20003359
8450,20003480,20003465,20003450,20003435,20003420,20003405,20003390,20003375
8451,20003496,20003481,20003466,20003451,20003436,20003421,20003406,20003391
8452,20003512,20003497,20003482,20003467,20003452,20003437,20003422,20003407
8453,20003528,20003513,20003498,20003483,20003468,20003453,20003438,20003423
8454,20003544,20003529,20003514,20003499,20003484,20003469,20003454,20003439
8455,20003560,20003545,20003530,20003515,20003500,20003485,20003470,20003455
8456,20003576,20003561,20003546,20003531,20003516,20003501,20003486,20003471
8457,20003592,20003577,20003562,20003547,20003532,20003517,20003502,20003487
8458,20003608,20003593,20003578,20003563,20003548,20003533,20003518,20003503
8459,20003624,20003609,20003594,20003579,20003564,20003549,20003534,20003519
8460,20003640,20003625,20003610,20003595,20003580,20003565,20003550,20003535
8461,20003656,20003641,20003626,20003611,20003596,20003581,20003566,20003551
8462,20003672,20003657,20003642,20003627,20003612,20003597,20003582,20003567
8463,20003688,20003673,20003658,20003643,20003628,20003613,20003598,20003583
8464,20003704,20003689,20003674,20003659,20003644,20003629,20003614,20003599
8465,20003720,20003705,20003690,20003675,20003660,20003645,20003630,20003615
8466,20003736,20003721,20003706,20003691,20003676,20003661,20003646,20003631
8467,20003752,20003737,20003722,20003707,20003692,20003677,20003662,20003647
8468,20003768,20003753,20003738,20003723,20003708,20003693,20003678,20003663
8469,20003784,20003769,20003754,20003739,20003724,20003709,20003694,20003679
8470,20003800,20003785,20003770,20003755,20003740,20003725,20003710,20003695
8471,20003816,20003801,20003786,20003771,20003756,20003741,20003726,20003711
8472,20003832,20003817,20003802,20003787,20003772,20003757,20003742,20003727
8473,20003848,20003833,20003818,20003803,20003788,20003773,20003758,20003743
8474,20003864,20003849,20003834,20003819,20003804,20003789,20003774,20003759
8475,20003880,20003865,20003850,20003835,20003820,20003805,20003790,20003775
8476,20003896,20003881,20003866,20003851,20003836,20003821,20003806,20003791
8477,20003912,20003897,20003882,20003867,20003852,20003837,20003822,20003807
8478,20003928,20003913,20003898,20003883,20003868,20003853,20003838,20003823
8479,20003944,20003929,20003914,20003899,20003884,20003869,20003854,20003839
8480,20003960,20003945,20003930,20003915,20003900,20003885,20003870,20003855
8481,20003976,20003961,20003946,20003931,20003916,20003901,20003886,20003871
8482,20003992,20003977,20003962,20003947,20003932,20003917,20003902,20003887
8483,20004008,20003993,20003978,20003963,20003948,20003933,20003918,20003903
8484,20004024,20004009,20003994,20003979,20003964,20003949,20003934,20003919
8485,20004040,20004025,20004010,20003995,20003980,20003965,20003950,20003935
8486,20004056,20004041,20004026,20004011,20003996,20003981,20003966,20003951
8487,20004072,20004057,20004042,20004027,20004012,20003997,20003982,20003967
8488,20004088,20004073,20004058,20004043,20004028,20004013,20003998,20003983
8489,20004104,20004089,20004074,20004059,20004044,20004029,20004014,20003999
8490,20004120,20004105,20004090,20004075,20004060,20004045,20004030,20004015
8491,20004136,20004121,20004106,20004091,20004076,20004061,20004046,20004031
8492,20004152,20004137,20004122,20004107,20004092,20004077,20004062,20004047
8493,20004168,20004153,20004138,20004123,20004108,20004093,20004078,20004063
8494,20004184,20004169,20004154,20004139,20004124,20004109,20004094,20004079
8495,20004200,20004185,20004170,20004155,20004140,20004125,20004110,20004095
8496,20004216,20004201,20004186,20004171,20004156,20004141,20004126,20004111
8497,20004232,20004217,20004202,20004187,20004172,20004157,20004142,20004127
8498,20004248,20004233,20004218,20004203,20004188,20004173,20004158,20004143
8499,20004264,20004249,20004234,20004219,20004204,20004189,20004174,20004159
8500,20004280,20004265,20004250,20004235,20004220,20004205,20004190,20004175
8501,20004296,20004281,20004266,20004251,20004236,20004221,20004206,20004191
8502,20004312,20004297,20004282,20004267,20004252,20004237,20004222,20004207
8503,20004328,20004313,20004298,20004283,20004268,20004253,20004238,20004223
8504,20004344,20004329,20004314,20004299,20004284,20004269,20004254,20004239
8505,20004360,20004345,20004330,20004315,20004300,20004285,20004270,20004255
8506,20004376,20004361,20004346,20004331,20004316,20004301,20004286,20004271
8507,20004392,20004377,20004362,20004347,20004332,20004317,20004302,20004287
8508,20004408,20004393,20004378,20004363,20004348,20004333,20004318,20004303
8509,20004424,20004409,20004394,20004379,20004364,20004349,20004334,20004319
8510,20004440,20004425,20004410,20004395,20004380,20004365,20004350,20004335
8511,20004456,20004441,20004426,20004411,20004396,20004381,20004366,20004351
8512,20004472,20004457,20004442,20004427,20004412,20004397,20004382,20004367
8513,20004488,20004473,20004458,20004443,20004428,20004413,20004398,20004383
8514,20004504,20004489,20004474,20004459,20004444,20004429,20004414,20004399
8515,20004520,20004505,20004490,20004475,20004460,20004445,20004430,20004415
8516,20004536,20004521,20004506,20004491,20004476,20004461,20004446,20004431
8517,20004552,20004537,20004522,20004507,20004492,20004477,20004462,20004447
8518,20004568,20004553,20004538,20004523,20004508,20004493,20004478,20004463
8519,20004584,20004569,20004554,20004539,20004524,20004509,20004494,20004479
8520,20004600,20004585,20004570,20004555,20004540,20004525,20004510,20004495
8521,20004616,20004601,20004586,20004571,20004556,20004541,20004526,20004511
8522,20004632,20004617,20004602,20004587,20004572,20004557,20004542,20004527
8523,20004648,20004633,20004618,20004603,20004588,20004573,20004558,20004543
8524,20004664,20004649,20004634,20004619,20004604,20004589,20004574,20004559
8525,20004680,20004665,20004650,20004635,20004620,20004605,20004590,20004575
8526,20004696,20004681,20004666,20004651,20004636,20004621,20004606,20004591
8527,20004712,20004697,20004682,20004667,20004652,20004637,20004622,20004607
8528,20004728,20004713,20004698,20004683,20004668,20004653,20004638,20004623
8529,20004744,20004729,20004714,20004699,20004684,20004669,20004654,20004639
8530,20004760,20004745,20004730,20004715,20004700,20004685,20004670,20004655
8531,20004776,20004761,20004746,20004731,20004716,20004701,20004686,20004671
8532,20004792,20004777,20004762,20004747,20004732,20004717,20004702,20004687
8533,20004808,20004793,20004778,20004763,20004748,20004733,20004718,20004703
8534,20004824,20004809,20004794,20004779,20004764,20004749,20004734,20004719
8535,20004840,20004825,20004810,20004795,20004780,20004765,20004750,20004735
8536,20004856,20004841,20004826,20004811,20004796,20004781,20004766,20004751
8537,20004872,20004857,20004842,20004827,20004812,20004797,20004782,20004767
8538,20004888,20004873,20004858,20004843,20004828,20004813,20004798,20004783
8539,20004904,20004889,20004874,20004859,20004844,20004829,20004814,20004799
8540,20004920,20004905,20004890,20004875,20004860,20004845,20004830,20004815
8541,20004936,20004921,20004906,20004891,20004876,20004861,20004846,20004831
8542,20004952,20004937,20004922,20004907,20004892,20004877,20004862,20004847
8543,20004968,20004953,20004938,20004923,20004908,20004893,20004878,20004863
8544,20004984,20004969,20004954,20004939,20004924,20004909,20004894,20004879
8545,20005000,20004985,20004970,20004955,20004940,20004925,20004910,20004895
8546,20005016,20005001,20004986,20004971,20004956,20004941,20004926,20004911
8547,20005032,20005017,20005002,20004987,20004972,20004957,20004942,20004927
8548,20005048,20005033,20005018,20005003,20004988,20004973,20004958,20004943
8549,20005064,20005049,20005034,20005019,20005004,20004989,20004974,20004959
8550,20005080,20005065,20005050,20005035,20005020,20005005,20004990,20004975
8551,20005096,20005081,20005066,20005051,20005036,20005021,20005006,20004991
8552,20005112,20005097,20005082,20005067,20005052,20005037,20005022,20005007
8553,20005128,20005113,20005098,20005083,20005068,20005053,20005038,20005023
8554,20005144,20005129,20005114,20005099,20005084,20005069,20005054,20005039
8555,20005160,20005145,20005130,20005115,20005100,20005085,20005070,20005055
8556,20005176,20005161,20005146,20005131,20005116,20005101,20005086,20005071
8557,20005192,20005177,20005162,20005147,20005132,20005117,20005102,20005087
8558,20005208,20005193,20005178,20005163,20005148,20005133,20005118,20005103
8559,20005224,20005209,20005194,20005179,20005164,20005149,20005134,20005119
8560,20005240,20005225,20005210,20005195,20005180,20005165,20005150,20005135
8561,20005256,20005241,20005226,20005211,20005196,20005181,20005166,20005151
8562,20005272,20005257,20005242,20005227,20005212,20005197,20005182,20005167
8563,20005288,20005273,20005258,20005243,20005228,20005213,20005198,20005183
8564,20005304,20005289,20005274,20005259,20005244,20005229,20005214,20005199
8565,20005320,20005305,20005290,20005275,20005260,20005245,20005230,20005215
8566,20005336,20005321,20005306,20005291,20005276,20005261,20005246,20005231
8567,20005352,20005337,20005322,20005307,20005292,20005277,20005262,20005247
8568,20005368,20005353,20005338,20005323,20005308,20005293,20005278,20005263
8569,20005384,20005369,20005354,20005339,20005324,20005309,20005294,20005279
8570,20005400,20005385,20005370,20005355,20005340,20005325,20005310,20005295
8571,20005416,20005401,20005386,20005371,20005356,20005341,20005326,20005311
8572,20005432,20005417,20005402,20005387,20005372,20005357,20005342,20005327
8573,20005448,20005433,20005418,20005403,20005388,20005373,20005358,20005343
8574,20005464,20005449,20005434,20005419,20005404,20005389,20005374,20005359
8575,20005480,20005465,20005450,20005435,20005420,20005405,20005390,20005375
8576,20005496,20005481,20005466,20005451,20005436,20005421,20005406,20005391
8577,20005512,20005497,20005482,20005467,20005452,20005437,20005422,20005407
8578,20005528,20005513,20005498,20005483,20005468,20005453,20005438,20005423
8579,20005544,20005529,20005514,20005499,20005484,20005469,20005454,20005439
8580,20005560,20005545,20005530,20005515,20005500,20005485,20005470,20005455
8581,20005576,20005561,20005546,20005531,20005516,20005501,20005486,20005471
8582,20005592,20005577,20005562,20005547,20005532,20005517,20005502,20005487
8583,20005608,20005593,20005578,20005563,20005548,20005533,20005518,20005503
8584,20005624,20005609,20005594,20005579,20005564,20005549,20005534,20005519
8585,20005640,20005625,20005610,20005595,20005580,20005565,20005550,20005535
8586,20005656,20005641,20005626,20005611,20005596,20005581,20005566,20005551
8587,20005672,20005657,20005642,20005627,20005612,20005597,20005582,20005567
8588,20005688,20005673,20005658,20005643,20005628,20005613,20005598,20005583
8589,20005704,20005689,20005674,20005659,20005644,20005629,20005614,20005599
8590,20005720,20005705,20005690,20005675,20005660,20005645,20005630,20005615
8591,20005736,20005721,20005706,20005691,20005676,20005661,20005646,20005631
8592,20005752,20005737,20005722,20005707,20005692,20005677,20005662,20005647
8593,20005768,20005753,20005738,20005723,20005708,20005693,20005678,20005663
8594,20005784,20005769,20005754,20005739,20005724,20005709,20005694,20005679
8595,20005800,20005785,20005770,20005755,20005740,20005725,20005710,20005695
8596,20005816,20005801,20005786,20005771,20005756,20005741,20005726,20005711
8597,20005832,20005817,20005802,20005787,20005772,20005757,20005742,20005727
8598,20005848,20005833,20005818,20005803,20005788,20005773,20005758,20005743
8599,20005864,20005849,20005834,20005819,20005804,20005789,20005774,20005759
8600,20005880,20005865,20005850,20005835,20005820,20005805,20005790,20005775
8601,20005896,20005881,20005866,20005851,20005836,20005821,20005806,20005791
8602,20005912,20005897,20005882,20005867,20005852,20005837,20005822,20005807
8603,20005928,20005913,20005898,20005883,20005868,20005853,20005838,20005823
8604,20005944,20005929,20005914,20005899,20005884,20005869,20005854,20005839
8605,20005960,20005945,20005930,20005915,20005900,20005885,20005870,20005855
8606,20005976,20005961,20005946,20005931,20005916,20005901,20005886,20005871
8607,20005992,20005977,20005962,20005947,20005932,20005917,20005902,20005887
8608,20006008,20005993,20005978,20005963,20005948,20005933,20005918,20005903
8609,20006024,20006009,20005994,20005979,20005964,20005949,20005934,20005919
8610,20006040,20006025,20006010,20005995,20005980,20005965,20005950,20005935
8611,20006056,20006041,20006026,20006011,20005996,20005981,20005966,20005951
8612,20006072,20006057,20006042,20006027,20006012,20005997,20005982,20005967
8613,20006088,20006073,20006058,20006043,20006028,20006013,20005998,20005983
8614,20006104,20006089,20006074,20006059,20006044,20006029,20006014,20005999
8615,20006120,20006105,20006090,20006075,20006060,20006045,20006030,20006015
8616,20006136,20006121,20006106,20006091,20006076,20006061,20006046,20006031
8617,20006152,20006137,20006122,20006107,20006092,20006077,20006062,20006047
8618,20006168,20006153,20006138,20006123,20006108,20006093,20006078,20006063
8619,20006184,20006169,20006154,20006139,20006124,20006109,20006094,20006079
8620,20006200,20006185,20006170,20006155,20006140,20006125,20006110,20006095
8621,20006216,20006201,20006186,20006171,20006156,20006141,20006126,20006111
8622,20006232,20006217,20006202,20006187,20006172,20006157,20006142,20006127
8623,20006248,20006233,20006218,20006203,20006188,20006173,20006158,20006143
8624,20006264,20006249,20006234,20006219,20006204,20006189,20006174,20006159
8625,20006280,20006265,20006250,20006235,20006220,20006205,20006190,20006175
8626,20006296,20006281,20006266,20006251,20006236,20006221,20006206,20006191
8627,20006312,20006297,20006282,20006267,20006252,20006237,20006222,20006207
8628,20006328,20006313,20006298,20006283,20006268,20006253,20006238,20006223
8629,20006344,20006329,20006314,20006299,20006284,20006269,20006254,20006239
8630,20006360,20006345,20006330,20006315,20006300,20006285,20006270,20006255
8631,20006376,20006361,20006346,20006331,20006316,20006301,20006286,20006271
8632,20006392,20006377,20006362,20006347,20006332,20006317,20006302,20006287
8633,20006408,20006393,20006378,20006363,20006348,20006333,20006318,20006303
8634,20006424,20006409,20006394,20006379,20006364,20006349,20006334,20006319
8635,20006440,20006425,20006410,20006395,20006380,20006365,20006350,20006335
8636,20006456,20006441,20006426,20006411,20006396,20006381,20006366,20006351
8637,20006472,20006457,20006442,20006427,20006412,20006397,20006382,20006367
8638,20006488,20006473,20006458,20006443,20006428,20006413,20006398,20006383
8639,20006504,20006489,20006474,20006459,20006444,20006429,20006414,20006399
8640,20006520,20006505,20006490,20006475,20006460,20006445,20006430,20006415
8641,20006536,20006521,20006506,20006491,20006476,20006461,20006446,20006431
8642,20006552,20006537,20006522,20006507,20006492,20006477,20006462,20006447
8643,20006568,20006553,20006538,20006523,20006508,20006493,20006478,20006463
8644,20006584,20006569,20006554,20006539,20006524,20006509,20006494,20006479
8645,20006600,20006585,20006570,20006555,20006540,20006525,20006510,20006495
8646,20006616,20006601,20006586,20006571,20006556,20006541,20006526,20006511
8647,20006632,20006617,20006602,20006587,20006572,20006557,20006542,20006527
8648,20006648,20006633,20006618,20006603,20006588,20006573,20006558,20006543
8649,20006664,20006649,20006634,20006619,20006604,20006589,20006574,20006559
8650,20006680,20006665,20006650,20006635,20006620,20006605,20006590,20006575
8651,20006696,20006681,20006666,20006651,20006636,20006621,20006606,20006591
8652,20006712,20006697,20006682,20006667,20006652,20006637,20006622,20006607
8653,20006728,20006713,20006698,20006683,20006668,20006653,20006638,20006623
8654,20006744,20006729,20006714,20006699,20006684,20006669,20006654,20006639
8655,20006760,20006745,20006730,20006715,20006700,20006685,20006670,20006655
8656,20006776,20006761,20006746,20006731,20006716,20006701,20006686,20006671
8657,20006792,20006777,20006762,20006747,20006732,20006717,20006702,20006687
8658,20006808,20006793,20006778,20006763,20006748,20006733,20006718,20006703
8659,20006824,20006809,20006794,20006779,20006764,20006749,20006734,20006719
8660,20006840,20006825,20006810,20006795,20006780,20006765,20006750,20006735
8661,20006856,20006841,20006826,20006811,20006796,20006781,20006766,20006751
8662,20006872,20006857,20006842,20006827,20006812,20006797,20006782,20006767
8663,20006888,20006873,20006858,20006843,20006828,20006813,20006798,20006783
8664,20006904,20006889,20006874,20006859,20006844,20006829,20006814,20006799
8665,20006920,20006905,20006890,20006875,20006860,20006845,20006830,20006815
8666,20006936,20006921,20006906,20006891,20006876,20006861,20006846,20006831
8667,20006952,20006937,20006922,20006907,20006892,20006877,20006862,20006847
8668,20006968,20006953,20006938,20006923,20006908,20006893,20006878,20006863
8669,20006984,20006969,20006954,20006939,20006924,20006909,20006894,20006879
8670,20007000,20006985,20006970,20006955,20006940,20006925,20006910,20006895
8671,20007016,20007001,20006986,20006971,20006956,20006941,20006926,20006911
8672,20007032,20007017,20007002,20006987,20006972,20006957,20006942,20006927
8673,20007048,20007033,20007018,20007003,20006988,20006973,20006958,20006943
8674,20007064,20007049,20007034,20007019,20007004,20006989,20006974,20006959
8675,20007080,20007065,20007050,20007035,20007020,20007005,20006990,20006975
8676,20007096,20007081,20007066,20007051,20007036,20007021,20007006,20006991
8677,20007112,20007097,20007082,20007067,20007052,20007037,20007022,20007007
8678,20007128,20007113,20007098,20007083,20007068,20007053,20007038,20007023
8679,20007144,20007129,20007114,20007099,20007084,20007069,20007054,20007039
8680,20007160,20007145,20007130,20007115,20007100,20007085,20007070,20007055
8681,20007176,20007161,20007146,20007131,20007116,20007101,20007086,20007071
8682,20007192,20007177,20007162,20007147,20007132,20007117,20007102,20007087
8683,20007208,20007193,20007178,20007163,20007148,20007133,20007118,20007103
8684,20007224,20007209,20007194,20007179,20007164,20007149,20007134,20007119
8685,20007240,20007225,20007210,20007195,20007180,20007165,20007150,20007135
8686,20007256,20007241,20007226,20007211,20007196,20007181,20007166,20007151
8687,20007272,20007257,20007242,20007227,20007212,20007197,20007182,20007167
8688,20007288,20007273,20007258,20007243,20007228,20007213,20007198,20007183
8689,20007304,20007289,20007274,20007259,20007244,20007229,20007214,20007199
8690,20007320,20007305,20007290,20007275,20007260,20007245,20007230,20007215
8691,20007336,20007321,20007306,20007291,20007276,20007261,20007246,20007231
8692,20007352,20007337,20007322,20007307,20007292,20007277,20007262,20007247
8693,20007368,20007353,20007338,20007323,20007308,20007293,20007278,20007263
8694,20007384,20007369,20007354,20007339,20007324,20007309,20007294,20007279
8695,20007400,20007385,20007370,20007355,20007340,20007325,20007310,20007295
8696,20007416,20007401,20007386,20007371,20007356,20007341,20007326,20007311
8697,20007432,20007417,20007402,20007387,20007372,20007357,20007342,20007327
8698,20007448,20007433,20007418,20007403,20007388,20007373,20007358,20007343
8699,20007464,20007449,20007434,20007419,20007404,20007389,20007374,20007359
8700,20007480,20007465,20007450,20007435,20007420,20007405,20007390,20007375
8701,20007496,20007481,20007466,20007451,20007436,20007421,20007406,20007391
8702,20007512,20007497,20007482,20007467,20007452,20007437,20007422,20007407
8703,20007528,20007513,20007498,20007483,20007468,20007453,20007438,20007423
8704,20007544,20007529,20007514,20007499,20007484,20007469,20007454,20007439
8705,20007560,20007545,20007530,20007515,20007500,20007485,20007470,20007455
8706,20007576,20007561,20007546,20007531,20007516,20007501,20007486,20007471
8707,20007592,20007577,20007562,20007547,20007532,20007517,20007502,20007487
8708,20007608,20007593,20007578,20007563,20007548,20007533,20007518,20007503
8709,20007624,20007609,20007594,20007579,20007564,20007549,20007534,20007519
8710,20007640,20007625,20007610,20007595,20007580,20007565,20007550,20007535
8711,20007656,20007641,20007626,20007611,20007596,20007581,20007566,20007551
8712,20007672,20007657,20007642,20007627,20007612,20007597,20007582,20007567
8713,20007688,20007673,20007658,20007643,20007628,20007613,20007598,20007583
8714,20007704,20007689,20007674,20007659,20007644,20007629,20007614,20007599
8715,20007720,20007705,20007690,20007675,20007660,20007645,20007630,20007615
8716,20007736,20007721,20007706,20007691,20007676,20007661,20007646,20007631
8717,20007752,20007737,20007722,20007707,20007692,20007677,20007662,20007647
8718,20007768,20007753,20007738,20007723,20007708,20007693,20007678,20007663
8719,20007784,20007769,20007754,20007739,20007724,20007709,20007694,20007679
8720,20007800,20007785,20007770,20007755,20007740,20007725,20007710,20007695
8721,20007816,20007801,20007786,20007771,20007756,20007741,20007726,20007711
8722,20007832,20007817,20007802,20007787,20007772,20007757,20007742,20007727
8723,20007848,20007833,20007818,20007803,20007788,20007773,20007758,20007743
8724,20007864,20007849,20007834,20007819,20007804,20007789,20007774,20007759
8725,20007880,20007865,20007850,20007835,20007820,20007805,20007790,20007775
8726,20007896,20007881,20007866,20007851,20007836,20007821,20007806,20007791
8727,20007912,20007897,20007882,20007867,20007852,20007837,20007822,20007807
8728,20007928,20007913,20007898,20007883,20007868,20007853,20007838,20007823
8729,20007944,20007929,20007914,20007899,20007884,20007869,20007854,20007839
8730,20007960,20007945,20007930,20007915,20007900,20007885,20007870,20007855
8731,20007976,20007961,20007946,20007931,20007916,20007901,20007886,20007871
8732,20007992,20007977,20007962,20007947,20007932,20007917,20007902,20007887
8733,20008008,20007993,20007978,20007963,20007948,20007933,20007918,20007903
8734,20008024,20008009,20007994,20007979,20007964,20007949,20007934,20007919
8735,20008040,20008025,20008010,20007995,20007980,20007965,20007950,20007935
8736,20008056,20008041,20008026,20008011,20007996,20007981,20007966,20007951
8737,20008072,20008057,20008042,20008027,20008012,20007997,20007982,20007967
8738,20008088,20008073,20008058,20008043,20008028,20008013,20007998,20007983
8739,20008104,20008089,20008074,20008059,20008044,20008029,20008014,20007999
8740,20008120,20008105,20008090,20008075,20008060,20008045,20008030,20008015
8741,20008136,20008121,20008106,20008091,20008076,20008061,20008046,20008031
8742,20008152,20008137,20008122,20008107,20008092,20008077,20008062,20008047
8743,20008168,20008153,20008138,20008123,20008108,20008093,20008078,20008063
8744,20008184,20008169,20008154,20008139,20008124,20008109,20008094,20008079
8745,20008200,20008185,20008170,20008155,20008140,20008125,20008110,20008095
8746,20008216,20008201,20008186,20008171,20008156,20008141,20008126,20008111
8747,20008232,20008217,20008202,20008187,20008172,20008157,20008142,20008127
8748,20008248,20008233,20008218,20008203,20008188,20008173,20008158,20008143
8749,20008264,20008249,20008234,20008219,20008204,20008189,20008174,20008159
8750,20008280,20008265,20008250,20008235,20008220,20008205,20008190,20008175
8751,20008296,20008281,20008266,20008251,20008236,20008221,20008206,20008191
8752,20008312,20008297,20008282,20008267,20008252,20008237,20008222,20008207
8753,20008328,20008313,20008298,20008283,20008268,20008253,20008238,20008223
8754,20008344,20008329,20008314,20008299,20008284,20008269,20008254,20008239
8755,20008360,20008345,20008330,20008315,20008300,20008285,20008270,20008255
8756,20008376,20008361,20008346,20008331,20008316,20008301,20008286,20008271
8757,20008392,20008377,20008362,20008347,20008332,20008317,20008302,20008287
8758,20008408,20008393,20008378,20008363,20008348,20008333,20008318,20008303
8759,20008424,20008409,20008394,20008379,20008364,20008349,20008334,20008319
8760,20008440,20008425,20008410,20008395,20008380,20008365,20008350,20008335
8761,20008456,20008441,20008426,20008411,20008396,20008381,20008366,20008351
8762,20008472,20008457,20008442,20008427,20008412,20008397,20008382,20008367
8763,20008488,20008473,20008458,20008443,20008428,20008413,20008398,20008383
8764,20008504,20008489,20008474,20008459,20008444,20008429,20008414,20008399
8765,20008520,20008505,20008490,20008475,20008460,20008445,20008430,20008415
8766,20008536,20008521,20008506,20008491,20008476,20008461,20008446,20008431
8767,20008552,20008537,20008522,20008507,20008492,20008477,20008462,20008447
8768,20008568,20008553,20008538,20008523,20008508,20008493,20008478,20008463
8769,20008584,20008569,20008554,20008539,20008524,20008509,20008494,20008479
8770,20008600,20008585,20008570,20008555,20008540,20008525,20008510,20008495
8771,20008616,20008601,20008586,20008571,20008556,20008541,20008526,20008511
8772,20008632,20008617,20008602,20008587,20008572,20008557,20008542,20008527
8773,20008648,20008633,20008618,20008603,20008588,20008573,20008558,20008543
8774,20008664,20008649,20008634,20008619,20008604,20008589,20008574,20008559
8775,20008680,20008665,20008650,20008635,20008620,20008605,20008590,20008575
8776,20008696,20008681,20008666,20008651,20008636,20008621,20008606,20008591
8777,20008712,20008697,20008682,20008667,20008652,20008637,20008622,20008607
8778,20008728,20008713,20008698,20008683,20008668,20008653,20008638,20008623
8779,20008744,20008729,20008714,20008699,20008684,20008669,20008654,20008639
8780,20008760,20008745,20008730,20008715,20008700,20008685,20008670,20008655
8781,20008776,20008761,20008746,20008731,20008716,20008701,20008686,20008671
8782,20008792,20008777,20008762,20008747,20008732,20008717,20008702,20008687
8783,20008808,20008793,20008778,20008763,20008748,20008733,20008718,20008703
8784,20008824,20008809,20008794,20008779,20008764,20008749,20008734,20008719
8785,20008840,20008825,20008810,20008795,20008780,20008765,20008750,20008735
8786,20008856,20008841,20008826,20008811,20008796,20008781,20008766,20008751
8787,20008872,20008857,20008842,20008827,20008812,20008797,20008782,20008767
8788,20008888,20008873,20008858,20008843,20008828,20008813,20008798,20008783
8789,20008904,20008889,20008874,20008859,20008844,20008829,20008814,20008799
8790,20008920,20008905,20008890,20008875,20008860,20008845,20008830,20008815
8791,20008936,20008921,20008906,20008891,20008876,20008861,20008846,20008831
8792,20008952,20008937,20008922,20008907,20008892,20008877,20008862,20008847
8793,20008968,20008953,20008938,20008923,20008908,20008893,20008878,20008863
8794,20008984,20008969,20008954,20008939,20008924,20008909,20008894,20008879
8795,20009000,20008985,20008970,20008955,20008940,20008925,20008910,20008895
8796,20009016,20009001,20008986,20008971,20008956,20008941,20008926,20008911
8797,20009032,20009017,20009002,20008987,20008972,20008957,20008942,20008927
8798,20009048,20009033,20009018,20009003,20008988,20008973,20008958,20008943
8799,20009064,20009049,20009034,20009019,20009004,20008989,20008974,20008959
8800,20009080,20009065,20009050,20009035,20009020,20009005,20008990,20008975
8801,20009096,20009081,20009066,20009051,20009036,20009021,20009006,20008991
8802,20009112,20009097,20009082,20009067,20009052,20009037,20009022,20009007
8803,20009128,20009113,20009098,20009083,20009068,20009053,20009038,20009023
8804,20009144,20009129,20009114,20009099,20009084,20009069,20009054,20009039
8805,20009160,20009145,20009130,20009115,20009100,20009085,20009070,20009055
8806,20009176,20009161,20009146,20009131,20009116,20009101,20009086,20009071
8807,20009192,20009177,20009162,20009147,20009132,20009117,20009102,20009087
8808,20009208,20009193,20009178,20009163,20009148,20009133,20009118,20009103
8809,20009224,20009209,20009194,20009179,20009164,20009149,20009134,20009119
8810,20009240,20009225,20009210,20009195,20009180,20009165,20009150,20009135
8811,20009256,20009241,20009226,20009211,20009196,20009181,20009166,20009151
8812,20009272,20009257,20009242,20009227,20009212,20009197,20009182,20009167
8813,20009288,20009273,20009258,20009243,20009228,20009213,20009198,20009183
8814,20009304,20009289,20009274,20009259,20009244,20009229,20009214,20009199
8815,20009320,20009305,20009290,20009275,20009260,20009245,20009230,20009215
8816,20009336,20009321,20009306,20009291,20009276,20009261,20009246,20009231
8817,20009352,20009337,20009322,20009307,20009292,20009277,20009262,20009247
8818,20009368,20009353,20009338,20009323,20009308,20009293,20009278,20009263
8819,20009384,20009369,20009354,20009339,20009324,20009309,20009294,20009279
8820,20009400,20009385,20009370,20009355,20009340,20009325,20009310,20009295
8821,20009416,20009401,20009386,20009371,20009356,20009341,20009326,20009311
8822,20009432,20009417,20009402,20009387,20009372,20009357,20009342,20009327
8823,20009448,20009433,20009418,20009403,20009388,20009373,20009358,20009343
8824,20009464,20009449,20009434,20009419,20009404,20009389,20009374,20009359
8825,20009480,20009465,20009450,20009435,20009420,20009405,20009390,20009375
8826,20009496,20009481,20009466,20009451,20009436,20009421,20009406,20009391
8827,20009512,20009497,20009482,20009467,20009452,20009437,20009422,20009407
8828,20009528,20009513,20009498,20009483,20009468,20009453,20009438,20009423
8829,20009544,20009529,20009514,20009499,20009484,20009469,20009454,20009439
8830,20009560,20009545,20009530,20009515,20009500,20009485,20009470,20009455
8831,20009576,20009561,20009546,20009531,20009516,20009501,20009486,20009471
8832,20009592,20009577,20009562,20009547,20009532,20009517,20009502,20009487
8833,20009608,20009593,20009578,20009563,20009548,20009533,20009518,20009503
8834,20009624,20009609,20009594,20009579,20009564,20009549,20009534,20009519
8835,20009640,20009625,20009610,20009595,20009580,20009565,20009550,20009535
8836,20009656,20009641,20009626,20009611,20009596,20009581,20009566,20009551
8837,20009672,20009657,20009642,20009627,20009612,20009597,20009582,20009567
8838,20009688,20009673,20009658,20009643,20009628,20009613,20009598,20009583
8839,20009704,20009689,20009674,20009659,20009644,20009629,20009614,20009599
8840,20009720,20009705,20009690,20009675,20009660,20009645,20009630,20009615
8841,20009736,20009721,20009706,20009691,20009676,20009661,20009646,20009631
8842,20009752,20009737,20009722,20009707,20009692,20009677,20009662,20009647
8843,20009768,20009753,20009738,20009723,20009708,20009693,20009678,20009663
8844,20009784,20009769,20009754,20009739,20009724,20009709,20009694,20009679
8845,20009800,20009785,20009770,20009755,20009740,20009725,20009710,20009695
8846,20009816,20009801,20009786,20009771,20009756,20009741,20009726,20009711
8847,20009832,20009817,20009802,20009787,20009772,20009757,20009742,20009727
8848,20009848,20009833,20009818,20009803,20009788,20009773,20009758,20009743
8849,20009864,20009849,20009834,20009819,20009804,20009789,20009774,20009759
8850,20009880,20009865,20009850,20009835,20009820,20009805,20009790,20009775
8851,20009896,20009881,20009866,20009851,20009836,20009821,20009806,20009791
8852,20009912,20009897,20009882,20009867,20009852,20009837,20009822,20009807
8853,20009928,20009913,20009898,20009883,20009868,20009853,20009838,20009823
8854,20009944,20009929,20009914,20009899,20009884,20009869,20009854,20009839
8855,20009960,20009945,20009930,20009915,20009900,20009885,20009870,20009855
8856,20009976,20009961,20009946,20009931,20009916,20009901,20009886,20009871
8857,20009992,20009977,20009962,20009947,20009932,20009917,20009902,20009887
8858,20010008,20009993,20009978,20009963,20009948,20009933,20009918,20009903
8859,20010024,20010009,20009994,20009979,20009964,20009949,20009934,20009919
8860,20010040,20010025,20010010,20009995,20009980,20009965,20009950,20009935
8861,20010056,20010041,20010026,20010011,20009996,20009981,20009966,20009951
8862,20010072,20010057,20010042,20010027,20010012,20009997,20009982,20009967
8863,20010088,20010073,20010058,20010043,20010028,20010013,20009998,20009983
8864,20010104,20010089,20010074,20010059,20010044,20010029,20010014,20009999
8865,20010120,20010105,20010090,20010075,20010060,20010045,20010030,20010015
8866,20010136,20010121,20010106,20010091,20010076,20010061,20010046,20010031
8867,20010152,20010137,20010122,20010107,20010092,20010077,20010062,20010047
8868,20010168,20010153,20010138,20010123,20010108,20010093,20010078,20010063
8869,20010184,20010169,20010154,20010139,20010124,20010109,20010094,20010079
8870,20010200,20010185,20010170,20010155,20010140,20010125,20010110,20010095
8871,20010216,20010201,20010186,20010171,20010156,20010141,20010126,20010111
8872,20010232,20010217,20010202,20010187,20010172,20010157,20010142,20010127
8873,20010248,20010233,20010218,20010203,20010188,20010173,20010158,20010143
8874,20010264,20010249,20010234,20010219,20010204,20010189,20010174,20010159
8875,20010280,20010265,20010250,20010235,20010220,20010205,20010190,20010175
8876,20010296,20010281,20010266,20010251,20010236,20010221,20010206,20010191
8877,20010312,20010297,20010282,20010267,20010252,20010237,20010222,20010207
8878,20010328,20010313,20010298,20010283,20010268,20010253,20010238,20010223
8879,20010344,20010329,20010314,20010299,20010284,20010269,20010254,20010239
8880,20010360,20010345,20010330,20010315,20010300,20010285,20010270,20010255
8881,20010376,20010361,20010346,20010331,20010316,20010301,20010286,20010271
8882,20010392,20010377,20010362,20010347,20010332,20010317,20010302,20010287
8883,20010408,20010393,20010378,20010363,20010348,20010333,20010318,20010303
8884,20010424,20010409,20010394,20010379,20010364,20010349,20010334,20010319
8885,20010440,20010425,20010410,20010395,20010380,20010365,20010350,20010335
8886,20010456,20010441,20010426,20010411,20010396,20010381,20010366,20010351
8887,20010472,20010457,20010442,20010427,20010412,20010397,20010382,20010367
8888,20010488,20010473,20010458,20010443,20010428,20010413,20010398,20010383
8889,20010504,20010489,20010474,20010459,20010444,20010429,20010414,20010399
8890,20010520,20010505,20010490,20010475,20010460,20010445,20010430,20010415
8891,20010536,20010521,20010506,20010491,20010476,20010461,20010446,20010431
8892,20010552,20010537,20010522,20010507,20010492,20010477,20010462,20010447
8893,20010568,20010553,20010538,20010523,20010508,20010493,20010478,20010463
8894,20010584,20010569,20010554,20010539,20010524,20010509,20010494,20010479
8895,20010600,20010585,20010570,20010555,20010540,20010525,20010510,20010495
8896,20010616,20010601,20010586,20010571,20010556,20010541,20010526,20010511
8897,20010632,20010617,20010602,20010587,20010572,20010557,20010542,20010527
8898,20010648,20010633,20010618,20010603,20010588,20010573,20010558,20010543
8899,20010664,20010649,20010634,20010619,20010604,20010589,20010574,20010559
8900,20010680,20010665,20010650,20010635,20010620,20010605,20010590,20010575
8901,20010696,20010681,20010666,20010651,20010636,20010621,20010606,20010591
8902,20010712,20010697,20010682,20010667,20010652,20010637,20010622,20010607
8903,20010728,20010713,20010698,20010683,20010668,20010653,20010638,20010623
8904,20010744,20010729,20010714,20010699,20010684,20010669,20010654,20010639
8905,20010760,20010745,20010730,20010715,20010700,20010685,20010670,20010655
8906,20010776,20010761,20010746,20010731,20010716,20010701,20010686,20010671
8907,20010792,20010777,20010762,20010747,20010732,20010717,20010702,20010687
8908,20010808,20010793,20010778,20010763,20010748,20010733,20010718,20010703
8909,20010824,20010809,20010794,20010779,20010764,20010749,20010734,20010719
8910,20010840,20010825,20010810,20010795,20010780,20010765,20010750,20010735
8911,20010856,20010841,20010826,20010811,20010796,20010781,20010766,20010751
8912,20010872,20010857,20010842,20010827,20010812,20010797,20010782,20010767
8913,20010888,20010873,20010858,20010843,20010828,20010813,20010798,20010783
8914,20010904,20010889,20010874,20010859,20010844,20010829,20010814,20010799
8915,20010920,20010905,20010890,20010875,20010860,20010845,20010830,20010815
8916,20010936,20010921,20010906,20010891,20010876,20010861,20010846,20010831
8917,20010952,20010937,20010922,20010907,20010892,20010877,20010862,20010847
8918,20010968,20010953,20010938,20010923,20010908,20010893,20010878,20010863
8919,20010984,20010969,20010954,20010939,20010924,20010909,20010894,20010879
8920,20011000,20010985,20010970,20010955,20010940,20010925,20010910,20010895
8921,20011016,20011001,20010986,20010971,20010956,20010941,20010926,20010911
8922,20011032,20011017,20011002,20010987,20010972,20010957,20010942,20010927
8923,20011048,20011033,20011018,20011003,20010988,20010973,20010958,20010943
8924,20011064,20011049,20011034,20011019,20011004,20010989,20010974,20010959
8925,20011080,20011065,20011050,20011035,20011020,20011005,20010990,20010975
8926,20011096,20011081,20011066,20011051,20011036,20011021,20011006,20010991
8927,20011112,20011097,20011082,20011067,20011052,20011037,20011022,20011007
8928,20011128,20011113,20011098,20011083,20011068,20011053,20011038,20011023
8929,20011144,20011129,20011114,20011099,20011084,20011069,20011054,20011039
8930,20011160,20011145,20011130,20011115,20011100,20011085,20011070,20011055
8931,20011176,20011161,20011146,20011131,20011116,20011101,20011086,20011071
8932,20011192,20011177,20011162,20011147,20011132,20011117,20011102,20011087
8933,20011208,20011193,20011178,20011163,20011148,20011133,20011118,20011103
8934,20011224,20011209,20011194,20011179,20011164,20011149,20011134,20011119
8935,20011240,20011225,20011210,20011195,20011180,20011165,20011150,20011135
8936,20011256,20011241,20011226,20011211,20011196,20011181,20011166,20011151
8937,20011272,20011257,20011242,20011227,20011212,20011197,20011182,20011167
8938,20011288,20011273,20011258,20011243,20011228,20011213,20011198,20011183
8939,20011304,20011289,20011274,20011259,20011244,20011229,20011214,20011199
8940,20011320,20011305,20011290,20011275,20011260,20011245,20011230,20011215
8941,20011336,20011321,20011306,20011291,20011276,20011261,20011246,20011231
8942,20011352,20011337,20011322,20011307,20011292,20011277,20011262,20011247
8943,20011368,20011353,20011338,20011323,20011308,20011293,20011278,20011263
8944,20011384,20011369,20011354,20011339,20011324,20011309,20011294,20011279
8945,20011400,20011385,20011370,20011355,20011340,20011325,20011310,20011295
8946,20011416,20011401,20011386,20011371,20011356,20011341,20011326,20011311
8947,20011432,20011417,20011402,20011387,20011372,20011357,20011342,20011327
8948,20011448,20011433,20011418,20011403,20011388,20011373,20011358,20011343
8949,20011464,20011449,20011434,20011419,20011404,20011389,20011374,20011359
8950,20011480,20011465,20011450,20011435,20011420,20011405,20011390,20011375
8951,20011496,20011481,20011466,20011451,20011436,20011421,20011406,20011391
8952,20011512,20011497,20011482,20011467,20011452,20011437,20011422,20011407
8953,20011528,20011513,20011498,20011483,20011468,20011453,20011438,20011423
8954,20011544,20011529,20011514,20011499,20011484,20011469,20011454,20011439
8955,20011560,20011545,20011530,20011515,20011500,20011485,20011470,20011455
8956,20011576,20011561,20011546,20011531,20011516,20011501,20011486,20011471
8957,20011592,20011577,20011562,20011547,20011532,20011517,20011502,20011487
8958,20011608,20011593,20011578,20011563,20011548,20011533,20011518,20011503
8959,20011624,20011609,20011594,20011579,20011564,20011549,20011534,20011519
8960,20011640,20011625,20011610,20011595,20011580,20011565,20011550,20011535
8961,20011656,20011641,20011626,20011611,20011596,20011581,20011566,20011551
8962,20011672,20011657,20011642,20011627,20011612,20011597,20011582,20011567
8963,20011688,20011673,20011658,20011643,20011628,20011613,20011598,20011583
8964,20011704,20011689,20011674,20011659,20011644,20011629,20011614,20011599
8965,20011720,20011705,20011690,20011675,20011660,20011645,20011630,20011615
8966,20011736,20011721,20011706,20011691,20011676,20011661,20011646,20011631
8967,20011752,20011737,20011722,20011707,20011692,20011677,20011662,20011647
8968,20011768,20011753,20011738,20011723,20011708,20011693,20011678,20011663
8969,20011784,20011769,20011754,20011739,20011724,20011709,20011694,20011679
8970,20011800,20011785,20011770,20011755,20011740,20011725,20011710,20011695
8971,20011816,20011801,20011786,20011771,20011756,20011741,20011726,20011711
8972,20011832,20011817,20011802,20011787,20011772,20011757,20011742,20011727
8973,20011848,20011833,20011818,20011803,20011788,20011773,20011758,20011743
8974,20011864,20011849,20011834,20011819,20011804,20011789,20011774,20011759
8975,20011880,20011865,20011850,20011835,20011820,20011805,20011790,20011775
8976,20011896,20011881,20011866,20011851,20011836,20011821,20011806,20011791
8977,20011912,20011897,20011882,20011867,20011852,20011837,20011822,20011807
8978,20011928,20011913,20011898,20011883,20011868,20011853,20011838,20011823
8979,20011944,20011929,20011914,20011899,20011884,20011869,20011854,20011839
8980,20011960,20011945,20011930,20011915,20011900,20011885,20011870,20011855
8981,20011976,20011961,20011946,20011931,20011916,20011901,20011886,20011871
8982,20011992,20011977,20011962,20011947,20011932,20011917,20011902,20011887
8983,20012008,20011993,20011978,20011963,20011948,20011933,20011918,20011903
8984,20012024,20012009,20011994,20011979,20011964,20011949,20011934,20011919
8985,20012040,20012025,20012010,20011995,20011980,20011965,20011950,20011935
8986,20012056,20012041,20012026,20012011,20011996,20011981,20011966,20011951
8987,20012072,20012057,20012042,20012027,20012012,20011997,20011982,20011967
8988,20012088,20012073,20012058,20012043,20012028,20012013,20011998,20011983
8989,20012104,20012089,20012074,20012059,20012044,20012029,20012014,20011999
8990,20012120,20012105,20012090,20012075,20012060,20012045,20012030,20012015
8991,20012136,20012121,20012106,20012091,20012076,20012061,20012046,20012031
8992,20012152,20012137,20012122,20012107,20012092,20012077,20012062,20012047
8993,20012168,20012153,20012138,20012123,20012108,20012093,20012078,20012063
8994,20012184,20012169,20012154,20012139,20012124,20012109,20012094,20012079
8995,20012200,20012185,20012170,20012155,20012140,20012125,20012110,20012095
8996,20012216,20012201,20012186,20012171,20012156,20012141,20012126,20012111
8997,20012232,20012217,20012202,20012187,20012172,20012157,20012142,20012127
8998,20012248,20012233,20012218,20012203,20012188,20012173,20012158,20012143
8999,20012264,20012249,20012234,20012219,20012204,20012189,20012174,20012159
9000,20012280,20012265,20012250,20012235,20012220,20012205,20012190,20012175
9001,20012296,20012281,20012266,20012251,20012236,20012221,20012206,20012191
9002,20012312,20012297,20012282,20012267,20012252,20012237,20012222,20012207
9003,20012328,20012313,20012298,20012283,20012268,20012253,20012238,20012223
9004,20012344,20012329,20012314,20012299,20012284,20012269,20012254,20012239
9005,20012360,20012345,20012330,20012315,20012300,20012285,20012270,20012255
9006,20012376,20012361,20012346,20012331,20012316,20012301,20012286,20012271
9007,20012392,20012377,20012362,20012347,20012332,20012317,20012302,20012287
9008,20012408,20012393,20012378,20012363,20012348,20012333,20012318,20012303
9009,20012424,20012409,20012394,20012379,20012364,20012349,20012334,20012319
9010,20012440,20012425,20012410,20012395,20012380,20012365,20012350,20012335
9011,20012456,20012441,20012426,20012411,20012396,20012381,20012366,20012351
9012,20012472,20012457,20012442,20012427,20012412,20012397,20012382,20012367
9013,20012488,20012473,20012458,20012443,20012428,20012413,20012398,20012383
9014,20012504,20012489,20012474,20012459,20012444,20012429,20012414,20012399
9015,20012520,20012505,20012490,20012475,20012460,20012445,20012430,20012415
9016,20012536,20012521,20012506,20012491,20012476,20012461,20012446,20012431
9017,20012552,20012537,20012522,20012507,20012492,20012477,20012462,20012447
9018,20012568,20012553,20012538,20012523,20012508,20012493,20012478,20012463
9019,20012584,20012569,20012554,20012539,20012524,20012509,20012494,20012479
9020,20012600,20012585,20012570,20012555,20012540,20012525,20012510,20012495
9021,20012616,20012601,20012586,20012571,20012556,20012541,20012526,20012511
9022,20012632,20012617,20012602,20012587,20012572,20012557,20012542,20012527
9023,20012648,20012633,20012618,20012603,20012588,20012573,20012558,20012543
9024,20012664,20012649,20012634,20012619,20012604,20012589,20012574,20012559
9025,20012680,20012665,20012650,20012635,20012620,20012605,20012590,20012575
9026,20012696,20012681,20012666,20012651,20012636,20012621,20012606,20012591
9027,20012712,20012697,20012682,20012667,20012652,20012637,20012622,20012607
9028,20012728,20012713,20012698,20012683,20012668,20012653,20012638,20012623
9029,20012744,20012729,20012714,20012699,20012684,20012669,20012654,20012639
9030,20012760,20012745,20012730,20012715,20012700,20012685,20012670,20012655
9031,20012776,20012761,20012746,20012731,20012716,20012701,20012686,20012671
9032,20012792,20012777,20012762,20012747,20012732,20012717,20012702,20012687
9033,20012808,20012793,20012778,20012763,20012748,20012733,20012718,20012703
9034,20012824,20012809,20012794,20012779,20012764,20012749,20012734,20012719
9035,20012840,20012825,20012810,20012795,20012780,20012765,20012750,20012735
9036,20012856,20012841,20012826,20012811,20012796,20012781,20012766,20012751
9037,20012872,20012857,20012842,20012827,20012812,20012797,20012782,20012767
9038,20012888,20012873,20012858,20012843,20012828,20012813,20012798,20012783
9039,20012904,20012889,20012874,20012859,20012844,20012829,20012814,20012799
9040,20012920,20012905,20012890,20012875,20012860,20012845,20012830,20012815
9041,20012936,20012921,20012906,20012891,20012876,20012861,20012846,20012831
9042,20012952,20012937,20012922,20012907,20012892,20012877,20012862,20012847
9043,20012968,20012953,20012938,20012923,20012908,20012893,20012878,20012863
9044,20012984,20012969,20012954,20012939,20012924,20012909,20012894,20012879
9045,20013000,20012985,20012970,20012955,20012940,20012925,20012910,20012895
9046,20013016,20013001,20012986,20012971,20012956,20012941,20012926,20012911
9047,20013032,20013017,20013002,20012987,20012972,20012957,20012942,20012927
9048,20013048,20013033,20013018,20013003,20012988,20012973,20012958,20012943
9049,20013064,20013049,20013034,20013019,20013004,20012989,20012974,20012959
9050,20013080,20013065,20013050,20013035,20013020,20013005,20012990,20012975
9051,20013096,20013081,20013066,20013051,20013036,20013021,20013006,20012991
9052,20013112,20013097,20013082,20013067,20013052,20013037,20013022,20013007
9053,20013128,20013113,20013098,20013083,20013068,20013053,20013038,20013023
9054,20013144,20013129,20013114,20013099,20013084,20013069,20013054,20013039
9055,20013160,20013145,20013130,20013115,20013100,20013085,20013070,20013055
9056,20013176,20013161,20013146,20013131,20013116,20013101,20013086,20013071
9057,20013192,20013177,20013162,20013147,20013132,20013117,20013102,20013087
9058,20013208,20013193,20013178,20013163,20013148,20013133,20013118,20013103
9059,20013224,20013209,20013194,20013179,20013164,20013149,20013134,20013119
9060,20013240,20013225,20013210,20013195,20013180,20013165,20013150,20013135
9061,20013256,20013241,20013226,20013211,20013196,20013181,20013166,20013151
9062,20013272,20013257,20013242,20013227,20013212,20013197,20013182,20013167
9063,20013288,20013273,20013258,20013243,20013228,20013213,20013198,20013183
9064,20013304,20013289,20013274,20013259,20013244,20013229,20013214,20013199
9065,20013320,20013305,20013290,20013275,20013260,20013245,20013230,20013215
9066,20013336,20013321,20013306,20013291,20013276,20013261,20013246,20013231
9067,20013352,20013337,20013322,20013307,20013292,20013277,20013262,20013247
9068,20013368,20013353,20013338,20013323,20013308,20013293,20013278,20013263
9069,20013384,20013369,20013354,20013339,20013324,20013309,20013294,20013279
9070,20013400,20013385,20013370,20013355,20013340,20013325,20013310,20013295
9071,20013416,20013401,20013386,20013371,20013356,20013341,20013326,20013311
9072,20013432,20013417,20013402,20013387,20013372,20013357,20013342,20013327
9073,20013448,20013433,20013418,20013403,20013388,20013373,20013358,20013343
9074,20013464,20013449,20013434,20013419,20013404,20013389,20013374,20013359
9075,20013480,20013465,20013450,20013435,20013420,20013405,20013390,20013375
9076,20013496,20013481,20013466,20013451,20013436,20013421,20013406,20013391
9077,20013512,20013497,20013482,20013467,20013452,20013437,20013422,20013407
9078,20013528,20013513,20013498,20013483,20013468,20013453,20013438,20013423
9079,20013544,20013529,20013514,20013499,20013484,20013469,20013454,20013439
9080,20013560,20013545,20013530,20013515,20013500,20013485,20013470,20013455
9081,20013576,20013561,20013546,20013531,20013516,20013501,20013486,20013471
9082,20013592,20013577,20013562,20013547,20013532,20013517,20013502,20013487
9083,20013608,20013593,20013578,20013563,20013548,20013533,20013518,20013503
9084,20013624,20013609,20013594,20013579,20013564,20013549,20013534,20013519
9085,20013640,20013625,20013610,20013595,20013580,20013565,20013550,20013535
9086,20013656,20013641,20013626,20013611,20013596,20013581,20013566,20013551
9087,20013672,20013657,20013642,20013627,20013612,20013597,20013582,20013567
9088,20013688,20013673,20013658,20013643,20013628,20013613,20013598,20013583
9089,20013704,20013689,20013674,20013659,20013644,20013629,20013614,20013599
9090,20013720,20013705,20013690,20013675,20013660,20013645,20013630,20013615
9091,20013736,20013721,20013706,20013691,20013676,20013661,20013646,20013631
9092,20013752,20013737,20013722,20013707,20013692,20013677,20013662,20013647
9093,20013768,20013753,20013738,20013723,20013708,20013693,20013678,20013663
9094,20013784,20013769,20013754,20013739,20013724,20013709,20013694,20013679
9095,20013800,20013785,20013770,20013755,20013740,20013725,20013710,20013695
9096,20013816,20013801,20013786,20013771,20013756,20013741,20013726,20013711
9097,20013832,20013817,20013802,20013787,20013772,20013757,20013742,20013727
9098,20013848,20013833,20013818,20013803,20013788,20013773,20013758,20013743
9099,20013864,20013849,20013834,20013819,20013804,20013789,20013774,20013759
9100,20013880,20013865,20013850,20013835,20013820,20013805,20013790,20013775
9101,20013896,20013881,20013866,20013851,20013836,20013821,20013806,20013791
9102,20013912,20013897,20013882,20013867,20013852,20013837,20013822,20013807
9103,20013928,20013913,20013898,20013883,20013868,20013853,20013838,20013823
9104,20013944,20013929,20013914,20013899,20013884,20013869,20013854,20013839
9105,20013960,20013945,20013930,20013915,20013900,20013885,20013870,20013855
9106,20013976,20013961,20013946,20013931,20013916,20013901,20013886,20013871
9107,20013992,20013977,20013962,20013947,20013932,20013917,20013902,20013887
9108,20014008,20013993,20013978,20013963,20013948,20013933,20013918,20013903
9109,20014024,20014009,20013994,20013979,20013964,20013949,20013934,20013919
9110,20014040,20014025,20014010,20013995,20013980,20013965,20013950,20013935
9111,20014056,20014041,20014026,20014011,20013996,20013981,20013966,20013951
9112,20014072,20014057,20014042,20014027,20014012,20013997,20013982,20013967
9113,20014088,20014073,20014058,20014043,20014028,20014013,20013998,20013983
9114,20014104,20014089,20014074,20014059,20014044,20014029,20014014,20013999
9115,20014120,20014105,20014090,20014075,20014060,20014045,20014030,20014015
9116,20014136,20014121,20014106,20014091,20014076,20014061,20014046,20014031
9117,20014152,20014137,20014122,20014107,20014092,20014077,20014062,20014047
9118,20014168,20014153,20014138,20014123,20014108,20014093,20014078,20014063
9119,20014184,20014169,20014154,20014139,20014124,20014109,20014094,20014079
9120,20014200,20014185,20014170,20014155,20014140,20014125,20014110,20014095
9121,20014216,20014201,20014186,20014171,20014156,20014141,20014126,20014111
9122,20014232,20014217,20014202,20014187,20014172,20014157,20014142,20014127
9123,20014248,20014233,20014218,20014203,20014188,20014173,20014158,20014143
9124,20014264,20014249,20014234,20014219,20014204,20014189,20014174,20014159
9125,20014280,20014265,20014250,20014235,20014220,20014205,20014190,20014175
9126,20014296,20014281,20014266,20014251,20014236,20014221,20014206,20014191
9127,20014312,20014297,20014282,20014267,20014252,20014237,20014222,20014207
9128,20014328,20014313,20014298,20014283,20014268,20014253,20014238,20014223
9129,20014344,20014329,20014314,20014299,20014284,20014269,20014254,20014239
9130,20014360,20014345,20014330,20014315,20014300,20014285,20014270,20014255
9131,20014376,20014361,20014346,20014331,20014316,20014301,20014286,20014271
9132,20014392,20014377,20014362,20014347,20014332,20014317,20014302,20014287
9133,-1,20014393,20014378,20014363,20014348,20014333,20014318,20014303
9134,-1,-1,20014394,20014379,20014364,20014349,20014334,20014319
9135,-1,-1,-1,20014395,20014380,20014365,20014350,20014335
9136,-1,-1,-1,-1,20014396,20014381,20014366,20014351
9137,-1,-1,-1,-1,-1,20014397,20014382,20014367
9138,-1,-1,-1,-1,-1,-1,20014398,20014383
9139,-1,-1,-1,-1,-1,-1,-1,20014399
9140,-1,-1,-1,-1,-1,-1,-1,-1
9141,-1,-1,-1,-1,-1,-1,-1,-1
9142,-1,-1,-1,-1,-1,-1,-1,-1
9143,-1,-1,-1,-1,-1,-1,-1,-1
9144,-1,-1,-1,-1,-1,-1,-1,-1
9145,-1,-1,-1,-1,-1,-1,-1,-1
9146,-1,-1,-1,-1,-1,-1,-1,-1
9147,20000008,-1,-1,-1,-1,-1,-1,-1
9148,20000024,20000009,-1,-1,-1,-1,-1,-1
9149,20000040,20000025,20000010,-1,-1,-1,-1,-1
9150,20000056,20000041,20000026,20000011,-1,-1,-1,-1
9151,20000072,20000057,20000042,20000027,20000012,-1,-1,-1
9152,20000088,20000073,20000058,20000043,20000028,20000013,-1,-1
9153,20000104,20000089,20000074,20000059,20000044,20000029,20000014,-1
9154,20000120,20000105,20000090,20000075,20000060,20000045,20000030,20000015
9155,20000136,20000121,20000106,20000091,20000076,20000061,20000046,20000031
9156,20000152,20000137,20000122,20000107,20000092,20000077,20000062,20000047
9157,20000168,20000153,20000138,20000123,20000108,20000093,20000078,20000063
9158,20000184,20000169,20000154,20000139,20000124,20000109,20000094,20000079
9159,20000200,20000185,20000170,20000155,20000140,20000125,20000110,20000095
9160,20000216,20000201,20000186,20000171,20000156,20000141,20000126,20000111
9161,20000232,20000217,20000202,20000187,20000172,20000157,20000142,20000127
9162,20000248,20000233,20000218,20000203,20000188,20000173,20000158,20000143
9163,20000264,20000249,20000234,20000219,20000204,20000189,20000174,20000159
9164,20000280,20000265,20000250,20000235,20000220,20000205,20000190,20000175
9165,20000296,20000281,20000266,20000251,20000236,20000221,20000206,20000191
9166,20000312,20000297,20000282,20000267,20000252,20000237,20000222,20000207
9167,20000328,20000313,20000298,20000283,20000268,20000253,20000238,20000223
9168,20000344,20000329,20000314,20000299,20000284,20000269,20000254,20000239
9169,20000360,20000345,20000330,20000315,20000300,20000285,20000270,20000255
9170,20000376,20000361,20000346,20000331,20000316,20000301,20000286,20000271
9171,20000392,20000377,20000362,20000347,20000332,20000317,20000302,20000287
9172,20000408,20000393,20000378,20000363,20000348,20000333,20000318,20000303
9173,20000424,20000409,20000394,20000379,20000364,20000349,20000334,20000319
9174,20000440,20000425,20000410,20000395,20000380,20000365,20000350,20000335
9175,20000456,20000441,20000426,20000411,20000396,20000381,20000366,20000351
9176,20000472,20000457,20000442,20000427,20000412,20000397,20000382,20000367
9177,20000488,20000473,20000458,20000443,20000428,20000413,20000398,20000383
9178,20000504,20000489,20000474,20000459,20000444,20000429,20000414,20000399
9179,20000520,20000505,20000490,20000475,20000460,20000445,20000430,20000415
9180,20000536,20000521,20000506,20000491,20000476,20000461,20000446,20000431
9181,20000552,20000537,20000522,20000507,20000492,20000477,20000462,20000447
9182,20000568,20000553,20000538,20000523,20000508,20000493,20000478,20000463
9183,20000584,20000569,20000554,20000539,20000524,20000509,20000494,20000479
9184,20000600,20000585,20000570,20000555,20000540,20000525,20000510,20000495
9185,20000616,20000601,20000586,20000571,20000556,20000541,20000526,20000511
9186,20000632,20000617,20000602,20000587,20000572,20000557,20000542,20000527
9187,20000648,20000633,20000618,20000603,20000588,20000573,20000558,20000543
9188,20000664,20000649,20000634,20000619,20000604,20000589,20000574,20000559
9189,20000680,20000665,20000650,20000635,20000620,20000605,20000590,20000575
9190,20000696,20000681,20000666,20000651,20000636,20000621,20000606,20000591
9191,20000712,20000697,20000682,20000667,20000652,20000637,20000622,20000607
9192,20000728,20000713,20000698,20000683,20000668,20000653,20000638,20000623
9193,20000744,20000729,20000714,20000699,20000684,20000669,20000654,20000639
9194,20000760,20000745,20000730,20000715,20000700,20000685,20000670,20000655
9195,20000776,20000761,20000746,20000731,20000716,20000701,20000686,20000671
9196,20000792,20000777,20000762,20000747,20000732,20000717,20000702,20000687
9197,20000808,20000793,20000778,20000763,20000748,20000733,20000718,20000703
9198,20000824,20000809,20000794,20000779,20000764,20000749,20000734,20000719
9199,20000840,20000825,20000810,20000795,20000780,20000765,20000750,20000735
9200,20000856,20000841,20000826,20000811,20000796,20000781,20000766,20000751
9201,20000872,20000857,20000842,20000827,20000812,20000797,20000782,20000767
9202,20000888,20000873,20000858,20000843,20000828,20000813,20000798,20000783
9203,20000904,20000889,20000874,20000859,20000844,20000829,20000814,20000799
9204,20000920,20000905,20000890,20000875,20000860,20000845,20000830,20000815
9205,20000936,20000921,20000906,20000891,20000876,20000861,20000846,20000831
9206,20000952,20000937,20000922,20000907,20000892,20000877,20000862,20000847
9207,20000968,20000953,20000938,20000923,20000908,20000893,20000878,20000863
9208,20000984,20000969,20000954,20000939,20000924,20000909,20000894,20000879
9209,20001000,20000985,20000970,20000955,20000940,20000925,20000910,20000895
9210,20001016,20001001,20000986,20000971,20000956,20000941,20000926,20000911
9211,20001032,20001017,20001002,20000987,20000972,20000957,20000942,20000927
9212,20001048,20001033,20001018,20001003,20000988,20000973,20000958,20000943
9213,20001064,20001049,20001034,20001019,20001004,20000989,20000974,20000959
9214,20001080,20001065,20001050,20001035,20001020,20001005,20000990,20000975
9215,20001096,20001081,20001066,20001051,20001036,20001021,20001006,20000991
9216,20001112,20001097,20001082,20001067,20001052,20001037,20001022,20001007
9217,20001128,20001113,20001098,20001083,20001068,20001053,20001038,20001023
9218,20001144,20001129,20001114,20001099,20001084,20001069,20001054,20001039
9219,20001160,20001145,20001130,20001115,20001100,20001085,20001070,20001055
9220,20001176,20001161,20001146,20001131,20001116,20001101,20001086,20001071
9221,20001192,20001177,20001162,20001147,20001132,20001117,20001102,20001087
9222,20001208,20001193,20001178,20001163,20001148,20001133,20001118,20001103
9223,20001224,20001209,20001194,20001179,20001164,20001149,20001134,20001119
9224,20001240,20001225,20001210,20001195,20001180,20001165,20001150,20001135
9225,20001256,20001241,20001226,20001211,20001196,20001181,20001166,20001151
9226,20001272,20001257,20001242,20001227,20001212,20001197,20001182,20001167
9227,20001288,20001273,20001258,20001243,20001228,20001213,20001198,20001183
9228,20001304,20001289,20001274,20001259,20001244,20001229,20001214,20001199
9229,20001320,20001305,20001290,20001275,20001260,20001245,20001230,20001215
9230,20001336,20001321,20001306,20001291,20001276,20001261,20001246,20001231
9231,20001352,20001337,20001322,20001307,20001292,20001277,20001262,20001247
9232,20001368,20001353,20001338,20001323,20001308,20001293,20001278,20001263
9233,20001384,20001369,20001354,20001339,20001324,20001309,20001294,20001279
9234,20001400,20001385,20001370,20001355,20001340,20001325,20001310,20001295
9235,20001416,20001401,20001386,20001371,20001356,20001341,20001326,20001311
9236,20001432,20001417,20001402,20001387,20001372,20001357,20001342,20001327
9237,20001448,20001433,20001418,20001403,20001388,20001373,20001358,20001343
9238,20001464,20001449,20001434,20001419,20001404,20001389,20001374,20001359
9239,20001480,20001465,20001450,20001435,20001420,20001405,20001390,20001375
9240,20001496,20001481,20001466,20001451,20001436,20001421,20001406,20001391
9241,20001512,20001497,20001482,20001467,20001452,20001437,20001422,20001407
9242,20001528,20001513,20001498,20001483,20001468,20001453,20001438,20001423
9243,20001544,20001529,20001514,20001499,20001484,20001469,20001454,20001439
9244,20001560,20001545,20001530,20001515,20001500,20001485,20001470,20001455
9245,20001576,20001561,20001546,20001531,20001516,20001501,20001486,20001471
9246,20001592,20001577,20001562,20001547,20001532,20001517,20001502,20001487
9247,20001608,20001593,20001578,20001563,20001548,20001533,20001518,20001503
9248,20001624,20001609,20001594,20001579,20001564,20001549,20001534,20001519
9249,20001640,20001625,20001610,20001595,20001580,20001565,20001550,20001535
9250,20001656,20001641,20001626,20001611,20001596,20001581,20001566,20001551
9251,20001672,20001657,20001642,20001627,20001612,20001597,20001582,20001567
9252,20001688,20001673,20001658,20001643,20001628,20001613,20001598,20001583
9253,20001704,20001689,20001674,20001659,20001644,20001629,20001614,20001599
9254,20001720,20001705,20001690,20001675,20001660,20001645,20001630,20001615
9255,20001736,20001721,20001706,20001691,20001676,20001661,20001646,20001631
9256,20001752,20001737,20001722,20001707,20001692,20001677,20001662,20001647
9257,20001768,20001753,20001738,20001723,20001708,20001693,20001678,20001663
9258,20001784,20001769,20001754,20001739,20001724,20001709,20001694,20001679
9259,20001800,20001785,20001770,20001755,20001740,20001725,20001710,20001695
9260,20001816,20001801,20001786,20001771,20001756,20001741,20001726,20001711
9261,20001832,20001817,20001802,20001787,20001772,20001757,20001742,20001727
9262,20001848,20001833,20001818,20001803,20001788,20001773,20001758,20001743
9263,20001864,20001849,20001834,20001819,20001804,20001789,20001774,20001759
9264,20001880,20001865,20001850,20001835,20001820,20001805,20001790,20001775
9265,20001896,20001881,20001866,20001851,20001836,20001821,20001806,20001791
9266,20001912,20001897,20001882,20001867,20001852,20001837,20001822,20001807
9267,20001928,20001913,20001898,20001883,20001868,20001853,20001838,20001823
9268,20001944,20001929,20001914,20001899,20001884,20001869,20001854,20001839
9269,20001960,20001945,20001930,20001915,20001900,20001885,20001870,20001855
9270,20001976,20001961,20001946,20001931,20001916,20001901,20001886,20001871
9271,20001992,20001977,20001962,20001947,20001932,20001917,20001902,20001887
9272,20002008,20001993,20001978,20001963,20001948,20001933,20001918,20001903
9273,20002024,20002009,20001994,20001979,20001964,20001949,20001934,20001919
9274,20002040,20002025,20002010,20001995,20001980,20001965,20001950,20001935
9275,20002056,20002041,20002026,20002011,20001996,20001981,20001966,20001951
9276,20002072,20002057,20002042,20002027,20002012,20001997,20001982,20001967
9277,20002088,20002073,20002058,20002043,20002028,20002013,20001998,20001983
9278,20002104,20002089,20002074,20002059,20002044,20002029,20002014,20001999
9279,20002120,20002105,20002090,20002075,20002060,20002045,20002030,20002015
9280,20002136,20002121,20002106,20002091,20002076,20002061,20002046,20002031
9281,20002152,20002137,20002122,20002107,20002092,20002077,20002062,20002047
9282,20002168,20002153,20002138,20002123,20002108,20002093,20002078,20002063
9283,20002184,20002169,20002154,20002139,20002124,20002109,20002094,20002079
9284,20002200,20002185,20002170,20002155,20002140,20002125,20002110,20002095
9285,20002216,20002201,20002186,20002171,20002156,20002141,20002126,20002111
9286,20002232,20002217,20002202,20002187,20002172,20002157,20002142,20002127
9287,20002248,20002233,20002218,20002203,20002188,20002173,20002158,20002143
9288,20002264,20002249,20002234,20002219,20002204,20002189,20002174,20002159
9289,20002280,20002265,20002250,20002235,20002220,20002205,20002190,20002175
9290,20002296,20002281,20002266,20002251,20002236,20002221,20002206,20002191
9291,20002312,20002297,20002282,20002267,20002252,20002237,20002222,20002207
9292,20002328,20002313,20002298,20002283,20002268,20002253,20002238,20002223
9293,20002344,20002329,20002314,20002299,20002284,20002269,20002254,20002239
9294,20002360,20002345,20002330,20002315,20002300,20002285,20002270,20002255
9295,20002376,20002361,20002346,20002331,20002316,20002301,20002286,20002271
9296,20002392,20002377,20002362,20002347,20002332,20002317,20002302,20002287
9297,20002408,20002393,20002378,20002363,20002348,20002333,20002318,20002303
9298,20002424,20002409,20002394,20002379,20002364,20002349,20002334,20002319
9299,20002440,20002425,20002410,20002395,20002380,20002365,20002350,20002335
9300,20002456,20002441,20002426,20002411,20002396,20002381,20002366,20002351
9301,20002472,20002457,20002442,20002427,20002412,20002397,20002382,20002367
9302,20002488,20002473,20002458,20002443,20002428,20002413,20002398,20002383
9303,20002504,20002489,20002474,20002459,20002444,20002429,20002414,20002399
9304,20002520,20002505,20002490,20002475,20002460,20002445,20002430,20002415
9305,20002536,20002521,20002506,20002491,20002476,20002461,20002446,20002431
9306,20002552,20002537,20002522,20002507,20002492,20002477,20002462,20002447
9307,20002568,20002553,20002538,20002523,20002508,20002493,20002478,20002463
9308,20002584,20002569,20002554,20002539,20002524,20002509,20002494,20002479
9309,20002600,20002585,20002570,20002555,20002540,20002525,20002510,20002495
9310,20002616,20002601,20002586,20002571,20002556,20002541,20002526,20002511
9311,20002632,20002617,20002602,20002587,20002572,20002557,20002542,20002527
9312,20002648,20002633,20002618,20002603,20002588,20002573,20002558,20002543
9313,20002664,20002649,20002634,20002619,20002604,20002589,20002574,20002559
9314,20002680,20002665,20002650,20002635,20002620,20002605,20002590,20002575
9315,20002696,20002681,20002666,20002651,20002636,20002621,20002606,20002591
9316,20002712,20002697,20002682,20002667,20002652,20002637,20002622,20002607
9317,20002728,20002713,20002698,20002683,20002668,20002653,20002638,20002623
9318,20002744,20002729,20002714,20002699,20002684,20002669,20002654,20002639
9319,20002760,20002745,20002730,20002715,20002700,20002685,20002670,20002655
9320,20002776,20002761,20002746,20002731,20002716,20002701,20002686,20002671
9321,20002792,20002777,20002762,20002747,20002732,20002717,20002702,20002687
9322,20002808,20002793,20002778,20002763,20002748,20002733,20002718,20002703
9323,20002824,20002809,20002794,20002779,20002764,20002749,20002734,20002719
9324,20002840,20002825,20002810,20002795,20002780,20002765,20002750,20002735
9325,20002856,20002841,20002826,20002811,20002796,20002781,20002766,20002751
9326,20002872,20002857,20002842,20002827,20002812,20002797,20002782,20002767
9327,20002888,20002873,20002858,20002843,20002828,20002813,20002798,20002783
9328,20002904,20002889,20002874,20002859,20002844,20002829,20002814,20002799
9329,20002920,20002905,20002890,20002875,20002860,20002845,20002830,20002815
9330,20002936,20002921,20002906,20002891,20002876,20002861,20002846,20002831
9331,20002952,20002937,20002922,20002907,20002892,20002877,20002862,20002847
9332,20002968,20002953,20002938,20002923,20002908,20002893,20002878,20002863
9333,20002984,20002969,20002954,20002939,20002924,20002909,20002894,20002879
9334,20003000,20002985,20002970,20002955,20002940,20002925,20002910,20002895
9335,20003016,20003001,20002986,20002971,20002956,20002941,20002926,20002911
9336,20003032,20003017,20003002,20002987,20002972,20002957,20002942,20002927
9337,20003048,20003033,20003018,20003003,20002988,20002973,20002958,20002943
9338,20003064,20003049,20003034,20003019,20003004,20002989,20002974,20002959
9339,20003080,20003065,20003050,20003035,20003020,20003005,20002990,20002975
9340,20003096,20003081,20003066,20003051,20003036,20003021,20003006,20002991
9341,20003112,20003097,20003082,20003067,20003052,20003037,20003022,20003007
9342,20003128,20003113,20003098,20003083,20003068,20003053,20003038,20003023
9343,20003144,20003129,20003114,20003099,20003084,20003069,20003054,20003039
9344,20003160,20003145,20003130,20003115,20003100,20003085,20003070,20003055
9345,20003176,20003161,20003146,20003131,20003116,20003101,20003086,20003071
9346,20003192,20003177,20003162,20003147,20003132,20003117,20003102,20003087
9347,20003208,20003193,20003178,20003163,20003148,20003133,20003118,20003103
9348,20003224,20003209,20003194,20003179,20003164,20003149,20003134,20003119
9349,20003240,20003225,20003210,20003195,20003180,20003165,20003150,20003135
9350,20003256,20003241,20003226,20003211,20003196,20003181,20003166,20003151
9351,20003272,20003257,20003242,20003227,20003212,20003197,20003182,20003167
9352,20003288,20003273,20003258,20003243,20003228,20003213,20003198,20003183
9353,20003304,20003289,20003274,20003259,20003244,20003229,20003214,20003199
9354,20003320,20003305,20003290,20003275,20003260,20003245,20003230,20003215
9355,20003336,20003321,20003306,20003291,20003276,20003261,20003246,20003231
9356,20003352,20003337,20003322,20003307,20003292,20003277,20003262,20003247
9357,20003368,20003353,20003338,20003323,20003308,20003293,20003278,20003263
9358,20003384,20003369,20003354,20003339,20003324,20003309,20003294,20003279
9359,20003400,20003385,20003370,20003355,20003340,20003325,20003310,20003295
9360,20003416,20003401,20003386,20003371,20003356,20003341,20003326,20003311
9361,20003432,20003417,20003402,20003387,20003372,20003357,20003342,20003327
9362,20003448,20003433,20003418,20003403,20003388,20003373,20003358,20003343
9363,20003464,20003449,20003434,20003419,20003404,20003389,20003374,20003359
9364,20003480,20003465,20003450,20003435,20003420,20003405,20003390,20003375
9365,20003496,20003481,20003466,20003451,20003436,20003421,20003406,20003391
9366,20003512,20003497,20003482,20003467,20003452,20003437,20003422,20003407
9367,20003528,20003513,20003498,20003483,20003468,20003453,20003438,20003423
9368,20003544,20003529,20003514,20003499,20003484,20003469,20003454,20003439
9369,20003560,20003545,20003530,20003515,20003500,20003485,20003470,20003455
9370,20003576,20003561,20003546,20003531,20003516,20003501,20003486,20003471
9371,20003592,20003577,20003562,20003547,20003532,20003517,20003502,20003487
9372,20003608,20003593,20003578,20003563,20003548,20003533,20003518,20003503
9373,20003624,20003609,20003594,20003579,20003564,20003549,20003534,20003519
9374,20003640,20003625,20003610,20003595,20003580,20003565,20003550,20003535
9375,20003656,20003641,20003626,20003611,20003596,20003581,20003566,20003551
9376,20003672,20003657,20003642,20003627,20003612,20003597,20003582,20003567
9377,20003688,20003673,20003658,20003643,20003628,20003613,20003598,20003583
9378,20003704,20003689,20003674,20003659,20003644,20003629,20003614,20003599
9379,20003720,20003705,20003690,20003675,20003660,20003645,20003630,20003615
9380,20003736,20003721,20003706,20003691,20003676,20003661,20003646,20003631
9381,20003752,20003737,20003722,20003707,20003692,20003677,20003662,20003647
9382,20003768,20003753,20003738,20003723,20003708,20003693,20003678,20003663
9383,20003784,20003769,20003754,20003739,20003724,20003709,20003694,20003679
9384,20003800,20003785,20003770,20003755,20003740,20003725,20003710,20003695
9385,20003816,20003801,20003786,20003771,20003756,20003741,20003726,20003711
9386,20003832,20003817,20003802,20003787,20003772,20003757,20003742,20003727
9387,20003848,20003833,20003818,20003803,20003788,20003773,20003758,20003743
9388,20003864,20003849,20003834,20003819,20003804,20003789,20003774,20003759
9389,20003880,20003865,20003850,20003835,20003820,20003805,20003790,20003775
9390,20003896,20003881,20003866,20003851,20003836,20003821,20003806,20003791
9391,20003912,20003897,20003882,20003867,20003852,20003837,20003822,20003807
9392,20003928,20003913,20003898,20003883,20003868,20003853,20003838,20003823
9393,20003944,20003929,20003914,20003899,20003884,20003869,20003854,20003839
9394,20003960,20003945,20003930,20003915,20003900,20003885,20003870,20003855
9395,20003976,20003961,20003946,20003931,20003916,20003901,20003886,20003871
9396,20003992,20003977,20003962,20003947,20003932,20003917,20003902,20003887
9397,20004008,20003993,20003978,20003963,20003948,20003933,20003918,20003903
9398,20004024,20004009,20003994,20003979,20003964,20003949,20003934,20003919
9399,20004040,20004025,20004010,20003995,20003980,20003965,20003950,20003935
9400,20004056,20004041,20004026,20004011,20003996,20003981,20003966,20003951
9401,20004072,20004057,20004042,20004027,20004012,20003997,20003982,20003967
9402,20004088,20004073,20004058,20004043,20004028,20004013,20003998,20003983
9403,20004104,20004089,20004074,20004059,20004044,20004029,20004014,20003999
9404,20004120,20004105,20004090,20004075,20004060,20004045,20004030,20004015
9405,20004136,20004121,20004106,20004091,20004076,20004061,20004046,20004031
9406,20004152,20004137,20004122,20004107,20004092,20004077,20004062,20004047
9407,20004168,20004153,20004138,20004123,20004108,20004093,20004078,20004063
9408,20004184,20004169,20004154,20004139,20004124,20004109,20004094,20004079
9409,20004200,20004185,20004170,20004155,20004140,20004125,20004110,20004095
9410,20004216,20004201,20004186,20004171,20004156,20004141,20004126,20004111
9411,20004232,20004217,20004202,20004187,20004172,20004157,20004142,20004127
9412,20004248,20004233,20004218,20004203,20004188,20004173,20004158,20004143
9413,20004264,20004249,20004234,20004219,20004204,20004189,20004174,20004159
9414,20004280,20004265,20004250,20004235,20004220,20004205,20004190,20004175
9415,20004296,20004281,20004266,20004251,20004236,20004221,20004206,20004191
9416,20004312,20004297,20004282,20004267,20004252,20004237,20004222,20004207
9417,20004328,20004313,20004298,20004283,20004268,20004253,20004238,20004223
9418,20004344,20004329,20004314,20004299,20004284,20004269,20004254,20004239
9419,20004360,20004345,20004330,20004315,20004300,20004285,20004270,20004255
9420,20004376,20004361,20004346,20004331,20004316,20004301,20004286,20004271
9421,20004392,20004377,20004362,20004347,20004332,20004317,20004302,20004287
9422,20004408,20004393,20004378,20004363,20004348,20004333,20004318,20004303
9423,20004424,20004409,20004394,20004379,20004364,20004349,20004334,20004319
9424,20004440,20004425,20004410,20004395,20004380,20004365,20004350,20004335
9425,20004456,20004441,20004426,20004411,20004396,20004381,20004366,20004351
9426,20004472,20004457,20004442,20004427,20004412,20004397,20004382,20004367
9427,20004488,20004473,20004458,20004443,20004428,20004413,20004398,20004383
9428,20004504,20004489,20004474,20004459,20004444,20004429,20004414,20004399
9429,20004520,20004505,20004490,20004475,20004460,20004445,20004430,20004415
9430,20004536,20004521,20004506,20004491,20004476,20004461,20004446,20004431
9431,20004552,20004537,20004522,20004507,20004492,20004477,20004462,20004447
9432,20004568,20004553,20004538,20004523,20004508,20004493,20004478,20004463
9433,20004584,20004569,20004554,20004539,20004524,20004509,20004494,20004479
9434,20004600,20004585,20004570,20004555,20004540,20004525,20004510,20004495
9435,20004616,20004601,20004586,20004571,20004556,20004541,20004526,20004511
9436,20004632,20004617,20004602,20004587,20004572,20004557,20004542,20004527
9437,20004648,20004633,20004618,20004603,20004588,20004573,20004558,20004543
9438,20004664,20004649,20004634,20004619,20004604,20004589,20004574,20004559
9439,20004680,20004665,20004650,20004635,20004620,20004605,20004590,20004575
9440,20004696,20004681,20004666,20004651,20004636,20004621,20004606,20004591
9441,20004712,20004697,20004682,20004667,20004652,20004637,20004622,20004607
9442,20004728,20004713,20004698,20004683,20004668,20004653,20004638,20004623
9443,20004744,20004729,20004714,20004699,20004684,20004669,20004654,20004639
9444,20004760,20004745,20004730,20004715,20004700,20004685,20004670,20004655
9445,20004776,20004761,20004746,20004731,20004716,20004701,20004686,20004671
9446,20004792,20004777,20004762,20004747,20004732,20004717,20004702,20004687
9447,20004808,20004793,20004778,20004763,20004748,20004733,20004718,20004703
9448,20004824,20004809,20004794,20004779,20004764,20004749,20004734,20004719
9449,20004840,20004825,20004810,20004795,20004780,20004765,20004750,20004735
9450,20004856,20004841,20004826,20004811,20004796,20004781,20004766,20004751
9451,20004872,20004857,20004842,20004827,20004812,20004797,20004782,20004767
9452,20004888,20004873,20004858,20004843,20004828,20004813,20004798,20004783
9453,20004904,20004889,20004874,20004859,20004844,20004829,20004814,20004799
9454,20004920,20004905,20004890,20004875,20004860,20004845,20004830,20004815
9455,20004936,20004921,20004906,20004891,20004876,20004861,20004846,20004831
9456,20004952,20004937,20004922,20004907,20004892,20004877,20004862,20004847
9457,20004968,20004953,20004938,20004923,20004908,20004893,20004878,20004863
9458,20004984,20004969,20004954,20004939,20004924,20004909,20004894,20004879
9459,20005000,20004985,20004970,20004955,20004940,20004925,20004910,20004895
9460,20005016,20005001,20004986,20004971,20004956,20004941,20004926,20004911
9461,20005032,20005017,20005002,20004987,20004972,20004957,20004942,20004927
9462,20005048,20005033,20005018,20005003,20004988,20004973,20004958,20004943
9463,20005064,20005049,20005034,20005019,20005004,20004989,20004974,20004959
9464,20005080,20005065,20005050,20005035,20005020,20005005,20004990,20004975
9465,20005096,20005081,20005066,20005051,20005036,20005021,20005006,20004991
9466,20005112,20005097,20005082,20005067,20005052,20005037,20005022,20005007
9467,20005128,20005113,20005098,20005083,20005068,20005053,20005038,20005023
9468,20005144,20005129,20005114,20005099,20005084,20005069,20005054,20005039
9469,20005160,20005145,20005130,20005115,20005100,20005085,20005070,20005055
9470,20005176,20005161,20005146,20005131,20005116,20005101,20005086,20005071
9471,20005192,20005177,20005162,20005147,20005132,20005117,20005102,20005087
9472,20005208,20005193,20005178,20005163,20005148,20005133,20005118,20005103
9473,20005224,20005209,20005194,20005179,20005164,20005149,20005134,20005119
9474,20005240,20005225,20005210,20005195,20005180,20005165,20005150,20005135
9475,20005256,20005241,20005226,20005211,20005196,20005181,20005166,20005151
9476,20005272,20005257,20005242,20005227,20005212,20005197,20005182,20005167
9477,20005288,20005273,20005258,20005243,20005228,20005213,20005198,20005183
9478,20005304,20005289,20005274,20005259,20005244,20005229,20005214,20005199
9479,20005320,20005305,20005290,20005275,20005260,20005245,20005230,20005215
9480,20005336,20005321,20005306,20005291,20005276,20005261,20005246,20005231
9481,20005352,20005337,20005322,20005307,20005292,20005277,20005262,20005247
9482,20005368,20005353,20005338,20005323,20005308,20005293,20005278,20005263
9483,20005384,20005369,20005354,20005339,20005324,20005309,20005294,20005279
9484,20005400,20005385,20005370,20005355,20005340,20005325,20005310,20005295
9485,20005416,20005401,20005386,20005371,20005356,20005341,20005326,20005311
9486,20005432,20005417,20005402,20005387,20005372,20005357,20005342,20005327
9487,20005448,20005433,20005418,20005403,20005388,20005373,20005358,20005343
9488,20005464,20005449,20005434,20005419,20005404,20005389,20005374,20005359
9489,20005480,20005465,20005450,20005435,20005420,20005405,20005390,20005375
9490,20005496,20005481,20005466,20005451,20005436,20005421,20005406,20005391
9491,20005512,20005497,20005482,20005467,20005452,20005437,20005422,20005407
9492,20005528,20005513,20005498,20005483,20005468,20005453,20005438,20005423
9493,20005544,20005529,20005514,20005499,20005484,20005469,20005454,20005439
9494,20005560,20005545,20005530,20005515,20005500,20005485,20005470,20005455
9495,20005576,20005561,20005546,20005531,20005516,20005501,20005486,20005471
9496,20005592,20005577,20005562,20005547,20005532,20005517,20005502,20005487
9497,20005608,20005593,20005578,20005563,20005548,20005533,20005518,20005503
9498,20005624,20005609,20005594,20005579,20005564,20005549,20005534,20005519
9499,20005640,20005625,20005610,20005595,20005580,20005565,20005550,20005535
9500,20005656,20005641,20005626,20005611,20005596,20005581,20005566,20005551
9501,20005672,20005657,20005642,20005627,20005612,20005597,20005582,20005567
9502,20005688,20005673,20005658,20005643,20005628,20005613,20005598,20005583
9503,20005704,20005689,20005674,20005659,20005644,20005629,20005614,20005599
9504,20005720,20005705,20005690,20005675,20005660,20005645,20005630,20005615
9505,20005736,20005721,20005706,20005691,20005676,20005661,20005646,20005631
9506,20005752,20005737,20005722,20005707,20005692,20005677,20005662,20005647
9507,20005768,20005753,20005738,20005723,20005708,20005693,20005678,20005663
9508,20005784,20005769,20005754,20005739,20005724,20005709,20005694,20005679
9509,20005800,20005785,20005770,20005755,20005740,20005725,20005710,20005695
9510,20005816,20005801,20005786,20005771,20005756,20005741,20005726,20005711
9511,20005832,20005817,20005802,20005787,20005772,20005757,20005742,20005727
9512,20005848,20005833,20005818,20005803,20005788,20005773,20005758,20005743
9513,20005864,20005849,20005834,20005819,20005804,20005789,20005774,20005759
9514,20005880,20005865,20005850,20005835,20005820,20005805,20005790,20005775
9515,20005896,20005881,20005866,20005851,20005836,20005821,20005806,20005791
9516,20005912,20005897,20005882,20005867,20005852,20005837,20005822,20005807
9517,20005928,20005913,20005898,20005883,20005868,20005853,20005838,20005823
9518,20005944,20005929,20005914,20005899,20005884,20005869,20005854,20005839
9519,20005960,20005945,20005930,20005915,20005900,20005885,20005870,20005855
9520,20005976,20005961,20005946,20005931,20005916,20005901,20005886,20005871
9521,20005992,20005977,20005962,20005947,20005932,20005917,20005902,20005887
9522,20006008,20005993,20005978,20005963,20005948,20005933,20005918,20005903
9523,20006024,20006009,20005994,20005979,20005964,20005949,20005934,20005919
9524,20006040,20006025,20006010,20005995,20005980,20005965,20005950,20005935
9525,20006056,20006041,20006026,20006011,20005996,20005981,20005966,20005951
9526,20006072,20006057,20006042,20006027,20006012,20005997,20005982,20005967
9527,20006088,20006073,20006058,20006043,20006028,20006013,20005998,20005983
9528,20006104,20006089,20006074,20006059,20006044,20006029,20006014,20005999
9529,20006120,20006105,20006090,20006075,20006060,20006045,20006030,20006015
9530,20006136,20006121,20006106,20006091,20006076,20006061,20006046,20006031
9531,20006152,20006137,20006122,20006107,20006092,20006077,20006062,20006047
9532,20006168,20006153,20006138,20006123,20006108,20006093,20006078,20006063
9533,20006184,20006169,20006154,20006139,20006124,20006109,20006094,20006079
9534,20006200,20006185,20006170,20006155,20006140,20006125,20006110,20006095
9535,20006216,20006201,20006186,20006171,20006156,20006141,20006126,20006111
9536,20006232,20006217,20006202,20006187,20006172,20006157,20006142,20006127
9537,20006248,20006233,20006218,20006203,20006188,20006173,20006158,20006143
9538,20006264,20006249,20006234,20006219,20006204,20006189,20006174,20006159
9539,20006280,20006265,20006250,20006235,20006220,20006205,20006190,20006175
9540,20006296,20006281,20006266,20006251,20006236,20006221,20006206,20006191
9541,20006312,20006297,20006282,20006267,20006252,20006237,20006222,20006207
9542,20006328,20006313,20006298,20006283,20006268,20006253,20006238,20006223
9543,20006344,20006329,20006314,20006299,20006284,20006269,20006254,20006239
9544,20006360,20006345,20006330,20006315,20006300,20006285,20006270,20006255
9545,20006376,20006361,20006346,20006331,20006316,20006301,20006286,20006271
9546,20006392,20006377,20006362,20006347,20006332,20006317,20006302,20006287
9547,20006408,20006393,20006378,20006363,20006348,20006333,20006318,20006303
9548,20006424,20006409,20006394,20006379,20006364,20006349,20006334,20006319
9549,20006440,20006425,20006410,20006395,20006380,20006365,20006350,20006335
9550,20006456,20006441,20006426,20006411,20006396,20006381,20006366,20006351
9551,20006472,20006457,20006442,20006427,20006412,20006397,20006382,20006367
9552,20006488,20006473,20006458,20006443,20006428,20006413,20006398,20006383
9553,20006504,20006489,20006474,20006459,20006444,20006429,20006414,20006399
9554,20006520,20006505,20006490,20006475,20006460,20006445,20006430,20006415
9555,20006536,20006521,20006506,20006491,20006476,20006461,20006446,20006431
9556,20006552,20006537,20006522,20006507,20006492,20006477,20006462,20006447
9557,20006568,20006553,20006538,20006523,20006508,20006493,20006478,20006463
9558,20006584,20006569,20006554,20006539,20006524,20006509,20006494,20006479
9559,20006600,20006585,20006570,20006555,20006540,20006525,20006510,20006495
9560,20006616,20006601,20006586,20006571,20006556,20006541,20006526,20006511
9561,20006632,20006617,20006602,20006587,20006572,20006557,20006542,20006527
9562,20006648,20006633,20006618,20006603,20006588,20006573,20006558,20006543
9563,20006664,20006649,20006634,20006619,20006604,20006589,20006574,20006559
9564,20006680,20006665,20006650,20006635,20006620,20006605,20006590,20006575
9565,20006696,20006681,20006666,20006651,20006636,20006621,20006606,20006591
9566,20006712,20006697,20006682,20006667,20006652,20006637,20006622,20006607
9567,20006728,20006713,20006698,20006683,20006668,20006653,20006638,20006623
9568,20006744,20006729,20006714,20006699,20006684,20006669,20006654,20006639
9569,20006760,20006745,20006730,20006715,20006700,20006685,20006670,20006655
9570,20006776,20006761,20006746,20006731,20006716,20006701,20006686,20006671
9571,20006792,20006777,20006762,20006747,20006732,20006717,20006702,20006687
9572,20006808,20006793,20006778,20006763,20006748,20006733,20006718,20006703
9573,20006824,20006809,20006794,20006779,20006764,20006749,20006734,20006719
9574,20006840,20006825,20006810,20006795,20006780,20006765,20006750,20006735
9575,20006856,20006841,20006826,20006811,20006796,20006781,20006766,20006751
9576,20006872,20006857,20006842,20006827,20006812,20006797,20006782,20006767
9577,20006888,20006873,20006858,20006843,20006828,20006813,20006798,20006783
9578,20006904,20006889,20006874,20006859,20006844,20006829,20006814,20006799
9579,20006920,20006905,20006890,20006875,20006860,20006845,20006830,20006815
9580,20006936,20006921,20006906,20006891,20006876,20006861,20006846,20006831
9581,20006952,20006937,20006922,20006907,20006892,20006877,20006862,20006847
9582,20006968,20006953,20006938,20006923,20006908,20006893,20006878,20006863
9583,20006984,20006969,20006954,20006939,20006924,20006909,20006894,20006879
9584,20007000,20006985,20006970,20006955,20006940,20006925,20006910,20006895
9585,20007016,20007001,20006986,20006971,20006956,20006941,20006926,20006911
9586,20007032,20007017,20007002,20006987,20006972,20006957,20006942,20006927
9587,20007048,20007033,20007018,20007003,20006988,20006973,20006958,20006943
9588,20007064,20007049,20007034,20007019,20007004,20006989,20006974,20006959
9589,20007080,20007065,20007050,20007035,20007020,20007005,20006990,20006975
9590,20007096,20007081,20007066,20007051,20007036,20007021,20007006,20006991
9591,20007112,20007097,20007082,20007067,20007052,20007037,20007022,20007007
9592,20007128,20007113,20007098,20007083,20007068,20007053,20007038,20007023
9593,20007144,20007129,20007114,20007099,20007084,20007069,20007054,20007039
9594,20007160,20007145,20007130,20007115,20007100,20007085,20007070,20007055
9595,20007176,20007161,20007146,20007131,20007116,20007101,20007086,20007071
9596,20007192,20007177,20007162,20007147,20007132,20007117,20007102,20007087
9597,20007208,20007193,20007178,20007163,20007148,20007133,20007118,20007103
9598,20007224,20007209,20007194,20007179,20007164,20007149,20007134,20007119
9599,20007240,20007225,20007210,20007195,20007180,20007165,20007150,20007135
9600,20007256,20007241,20007226,20007211,20007196,20007181,20007166,20007151
9601,20007272,20007257,20007242,20007227,20007212,20007197,20007182,20007167
9602,20007288,20007273,20007258,20007243,20007228,20007213,20007198,20007183
9603,20007304,20007289,20007274,20007259,20007244,20007229,20007214,20007199
9604,20007320,20007305,20007290,20007275,20007260,20007245,20007230,20007215
9605,20007336,20007321,20007306,20007291,20007276,20007261,20007246,20007231
9606,20007352,20007337,20007322,20007307,20007292,20007277,20007262,20007247
9607,20007368,20007353,20007338,20007323,20007308,20007293,20007278,20007263
9608,20007384,20007369,20007354,20007339,20007324,20007309,20007294,20007279
9609,20007400,20007385,20007370,20007355,20007340,20007325,20007310,20007295
9610,20007416,20007401,20007386,20007371,20007356,20007341,20007326,20007311
9611,20007432,20007417,20007402,20007387,20007372,20007357,20007342,20007327
9612,20007448,20007433,20007418,20007403,20007388,20007373,20007358,20007343
9613,20007464,20007449,20007434,20007419,20007404,20007389,20007374,20007359
9614,20007480,20007465,20007450,20007435,20007420,20007405,20007390,20007375
9615,20007496,20007481,20007466,20007451,20007436,20007421,20007406,20007391
9616,20007512,20007497,20007482,20007467,20007452,20007437,20007422,20007407
9617,20007528,20007513,20007498,20007483,20007468,20007453,20007438,20007423
9618,20007544,20007529,20007514,20007499,20007484,20007469,20007454,20007439
9619,20007560,20007545,20007530,20007515,20007500,20007485,20007470,20007455
9620,20007576,20007561,20007546,20007531,20007516,20007501,20007486,20007471
9621,20007592,20007577,20007562,20007547,20007532,20007517,20007502,20007487
9622,20007608,20007593,20007578,20007563,20007548,20007533,20007518,20007503
9623,20007624,20007609,20007594,20007579,20007564,20007549,20007534,20007519
9624,20007640,20007625,20007610,20007595,20007580,20007565,20007550,20007535
9625,20007656,20007641,20007626,20007611,20007596,20007581,20007566,20007551
9626,20007672,20007657,20007642,20007627,20007612,20007597,20007582,20007567
9627,20007688,20007673,20007658,20007643,20007628,20007613,20007598,20007583
9628,20007704,20007689,20007674,20007659,20007644,20007629,20007614,20007599
9629,20007720,20007705,20007690,20007675,20007660,20007645,20007630,20007615
9630,20007736,20007721,20007706,20007691,20007676,20007661,20007646,20007631
9631,20007752,20007737,20007722,20007707,20007692,20007677,20007662,20007647
9632,20007768,20007753,20007738,20007723,20007708,20007693,20007678,20007663
9633,20007784,20007769,20007754,20007739,20007724,20007709,20007694,20007679
9634,20007800,20007785,20007770,20007755,20007740,20007725,20007710,20007695
9635,20007816,20007801,20007786,20007771,20007756,20007741,20007726,20007711
9636,20007832,20007817,20007802,20007787,20007772,20007757,20007742,20007727
9637,20007848,20007833,20007818,20007803,20007788,20007773,20007758,20007743
9638,20007864,20007849,20007834,20007819,20007804,20007789,20007774,20007759
9639,20007880,20007865,20007850,20007835,20007820,20007805,20007790,20007775
9640,20007896,20007881,20007866,20007851,20007836,20007821,20007806,20007791
9641,20007912,20007897,20007882,20007867,20007852,20007837,20007822,20007807
9642,20007928,20007913,20007898,20007883,20007868,20007853,20007838,20007823
9643,20007944,20007929,20007914,20007899,20007884,20007869,20007854,20007839
9644,20007960,20007945,20007930,20007915,20007900,20007885,20007870,20007855
9645,20007976,20007961,20007946,20007931,20007916,20007901,20007886,20007871
9646,20007992,20007977,20007962,20007947,20007932,20007917,20007902,20007887
9647,20008008,20007993,20007978,20007963,20007948,20007933,20007918,20007903
9648,20008024,20008009,20007994,20007979,20007964,20007949,20007934,20007919
9649,20008040,20008025,20008010,20007995,20007980,20007965,20007950,20007935
9650,20008056,20008041,20008026,20008011,20007996,20007981,20007966,20007951
9651,20008072,20008057,20008042,20008027,20008012,20007997,20007982,20007967
9652,20008088,20008073,20008058,20008043,20008028,20008013,20007998,20007983
9653,20008104,20008089,20008074,20008059,20008044,20008029,20008014,20007999
9654,20008120,20008105,20008090,20008075,20008060,20008045,20008030,20008015
9655,20008136,20008121,20008106,20008091,20008076,20008061,20008046,20008031
9656,20008152,20008137,20008122,20008107,20008092,20008077,20008062,20008047
9657,20008168,20008153,20008138,20008123,20008108,20008093,20008078,20008063
9658,20008184,20008169,20008154,20008139,20008124,20008109,20008094,20008079
9659,20008200,20008185,20008170,20008155,20008140,20008125,20008110,20008095
9660,20008216,20008201,20008186,20008171,20008156,20008141,20008126,20008111
9661,20008232,20008217,20008202,20008187,20008172,20008157,20008142,20008127
9662,20008248,20008233,20008218,20008203,20008188,20008173,20008158,20008143
9663,20008264,20008249,20008234,20008219,20008204,20008189,20008174,20008159
9664,20008280,20008265,20008250,20008235,20008220,20008205,20008190,20008175
9665,20008296,20008281,20008266,20008251,20008236,20008221,20008206,20008191
9666,20008312,20008297,20008282,20008267,20008252,20008237,20008222,20008207
9667,20008328,20008313,20008298,20008283,20008268,20008253,20008238,20008223
9668,20008344,20008329,20008314,20008299,20008284,20008269,20008254,20008239
9669,20008360,20008345,20008330,20008315,20008300,20008285,20008270,20008255
9670,20008376,20008361,20008346,20008331,20008316,20008301,20008286,20008271
9671,20008392,20008377,20008362,20008347,20008332,20008317,20008302,20008287
9672,20008408,20008393,20008378,20008363,20008348,20008333,20008318,20008303
9673,20008424,20008409,20008394,20008379,20008364,20008349,20008334,20008319
9674,20008440,20008425,20008410,20008395,20008380,20008365,20008350,20008335
9675,20008456,20008441,20008426,20008411,20008396,20008381,20008366,20008351
9676,20008472,20008457,20008442,20008427,20008412,20008397,20008382,20008367
9677,20008488,20008473,20008458,20008443,20008428,20008413,20008398,20008383
9678,20008504,20008489,20008474,20008459,20008444,20008429,20008414,20008399
9679,20008520,20008505,20008490,20008475,20008460,20008445,20008430,20008415
9680,20008536,20008521,20008506,20008491,20008476,20008461,20008446,20008431
9681,20008552,20008537,20008522,20008507,20008492,20008477,20008462,20008447
9682,20008568,20008553,20008538,20008523,20008508,20008493,20008478,20008463
9683,20008584,20008569,20008554,20008539,20008524,20008509,20008494,20008479
9684,20008600,20008585,20008570,20008555,20008540,20008525,20008510,20008495
9685,20008616,20008601,20008586,20008571,20008556,20008541,20008526,20008511
9686,20008632,20008617,20008602,20008587,20008572,20008557,20008542,20008527
9687,20008648,20008633,20008618,20008603,20008588,20008573,20008558,20008543
9688,20008664,20008649,20008634,20008619,20008604,20008589,20008574,20008559
9689,20008680,20008665,20008650,20008635,20008620,20008605,20008590,20008575
9690,20008696,20008681,20008666,20008651,20008636,20008621,20008606,20008591
9691,20008712,20008697,20008682,20008667,20008652,20008637,20008622,20008607
9692,20008728,20008713,20008698,20008683,20008668,20008653,20008638,20008623
9693,20008744,20008729,20008714,20008699,20008684,20008669,20008654,20008639
9694,20008760,20008745,20008730,20008715,20008700,20008685,20008670,20008655
9695,20008776,20008761,20008746,20008731,20008716,20008701,20008686,20008671
9696,20008792,20008777,20008762,20008747,20008732,20008717,20008702,20008687
9697,20008808,20008793,20008778,20008763,20008748,20008733,20008718,20008703
9698,20008824,20008809,20008794,20008779,20008764,20008749,20008734,20008719
9699,20008840,20008825,20008810,20008795,20008780,20008765,20008750,20008735
9700,20008856,20008841,20008826,20008811,20008796,20008781,20008766,20008751
9701,20008872,20008857,20008842,20008827,20008812,20008797,20008782,20008767
9702,20008888,20008873,20008858,20008843,20008828,20008813,20008798,20008783
9703,20008904,20008889,20008874,20008859,20008844,20008829,20008814,20008799
9704,20008920,20008905,20008890,20008875,20008860,20008845,20008830,20008815
9705,20008936,20008921,20008906,20008891,20008876,20008861,20008846,20008831
9706,20008952,20008937,20008922,20008907,20008892,20008877,20008862,20008847
9707,20008968,20008953,20008938,20008923,20008908,20008893,20008878,20008863
9708,20008984,20008969,20008954,20008939,20008924,20008909,20008894,20008879
9709,20009000,20008985,20008970,20008955,20008940,20008925,20008910,20008895
9710,20009016,20009001,20008986,20008971,20008956,20008941,20008926,20008911
9711,20009032,20009017,20009002,20008987,20008972,20008957,20008942,20008927
9712,20009048,20009033,20009018,20009003,20008988,20008973,20008958,20008943
9713,20009064,20009049,20009034,20009019,20009004,20008989,20008974,20008959
9714,20009080,20009065,20009050,20009035,20009020,20009005,20008990,20008975
9715,20009096,20009081,20009066,20009051,20009036,20009021,20009006,20008991
9716,20009112,20009097,20009082,20009067,20009052,20009037,20009022,20009007
9717,20009128,20009113,20009098,20009083,20009068,20009053,20009038,20009023
9718,20009144,20009129,20009114,20009099,20009084,20009069,20009054,20009039
9719,20009160,20009145,20009130,20009115,20009100,20009085,20009070,20009055
9720,20009176,20009161,20009146,20009131,20009116,20009101,20009086,20009071
9721,20009192,20009177,20009162,20009147,20009132,20009117,20009102,20009087
9722,20009208,20009193,20009178,20009163,20009148,20009133,20009118,20009103
9723,20009224,20009209,20009194,20009179,20009164,20009149,20009134,20009119
9724,20009240,20009225,20009210,20009195,20009180,20009165,20009150,20009135
9725,20009256,20009241,20009226,20009211,20009196,20009181,20009166,20009151
9726,20009272,20009257,20009242,20009227,20009212,20009197,20009182,20009167
9727,20009288,20009273,20009258,20009243,20009228,20009213,20009198,20009183
9728,20009304,20009289,20009274,20009259,20009244,20009229,20009214,20009199
9729,20009320,20009305,20009290,20009275,20009260,20009245,20009230,20009215
9730,20009336,20009321,20009306,20009291,20009276,20009261,20009246,20009231
9731,20009352,20009337,20009322,20009307,20009292,20009277,20009262,20009247
9732,20009368,20009353,20009338,20009323,20009308,20009293,20009278,20009263
9733,20009384,20009369,20009354,20009339,20009324,20009309,20009294,20009279
9734,20009400,20009385,20009370,20009355,20009340,20009325,20009310,20009295
9735,20009416,20009401,20009386,20009371,20009356,20009341,20009326,20009311
9736,20009432,20009417,20009402,20009387,20009372,20009357,20009342,20009327
9737,20009448,20009433,20009418,20009403,20009388,20009373,20009358,20009343
9738,20009464,20009449,20009434,20009419,20009404,20009389,20009374,20009359
9739,20009480,20009465,20009450,20009435,20009420,20009405,20009390,20009375
9740,20009496,20009481,20009466,20009451,20009436,20009421,20009406,20009391
9741,20009512,20009497,20009482,20009467,20009452,20009437,20009422,20009407
9742,20009528,20009513,20009498,20009483,20009468,20009453,20009438,20009423
9743,20009544,20009529,20009514,20009499,20009484,20009469,20009454,20009439
9744,20009560,20009545,20009530,20009515,20009500,20009485,20009470,20009455
9745,20009576,20009561,20009546,20009531,20009516,20009501,20009486,20009471
9746,20009592,20009577,20009562,20009547,20009532,20009517,20009502,20009487
9747,20009608,20009593,20009578,20009563,20009548,20009533,20009518,20009503
9748,20009624,20009609,20009594,20009579,20009564,20009549,20009534,20009519
9749,20009640,20009625,20009610,20009595,20009580,20009565,20009550,20009535
9750,20009656,20009641,20009626,20009611,20009596,20009581,20009566,20009551
9751,20009672,20009657,20009642,20009627,20009612,20009597,20009582,20009567
9752,20009688,20009673,20009658,20009643,20009628,20009613,20009598,20009583
9753,20009704,20009689,20009674,20009659,20009644,20009629,20009614,20009599
9754,20009720,20009705,20009690,20009675,20009660,20009645,20009630,20009615
9755,20009736,20009721,20009706,20009691,20009676,20009661,20009646,20009631
9756,20009752,20009737,20009722,20009707,20009692,20009677,20009662,20009647
9757,20009768,20009753,20009738,20009723,20009708,20009693,20009678,20009663
9758,20009784,20009769,20009754,20009739,20009724,20009709,20009694,20009679
9759,20009800,20009785,20009770,20009755,20009740,20009725,20009710,20009695
9760,20009816,20009801,20009786,20009771,20009756,20009741,20009726,20009711
9761,20009832,20009817,20009802,20009787,20009772,20009757,20009742,20009727
9762,20009848,20009833,20009818,20009803,20009788,20009773,20009758,20009743
9763,20009864,20009849,20009834,20009819,20009804,20009789,20009774,20009759
9764,20009880,20009865,20009850,20009835,20009820,20009805,20009790,20009775
9765,20009896,20009881,20009866,20009851,20009836,20009821,20009806,20009791
9766,20009912,20009897,20009882,20009867,20009852,20009837,20009822,20009807
9767,20009928,20009913,20009898,20009883,20009868,20009853,20009838,20009823
9768,20009944,20009929,20009914,20009899,20009884,20009869,20009854,20009839
9769,20009960,20009945,20009930,20009915,20009900,20009885,20009870,20009855
9770,20009976,20009961,20009946,20009931,20009916,20009901,20009886,20009871
9771,20009992,20009977,20009962,20009947,20009932,20009917,20009902,20009887
9772,20010008,20009993,20009978,20009963,20009948,20009933,20009918,20009903
9773,20010024,20010009,20009994,20009979,20009964,20009949,20009934,20009919
9774,20010040,20010025,20010010,20009995,20009980,20009965,20009950,20009935
9775,20010056,20010041,20010026,20010011,20009996,20009981,20009966,20009951
9776,20010072,20010057,20010042,20010027,20010012,20009997,20009982,20009967
9777,20010088,20010073,20010058,20010043,20010028,20010013,20009998,20009983
9778,20010104,20010089,20010074,20010059,20010044,20010029,20010014,20009999
9779,20010120,20010105,20010090,20010075,20010060,20010045,20010030,20010015
9780,20010136,20010121,20010106,20010091,20010076,20010061,20010046,20010031
9781,20010152,20010137,20010122,20010107,20010092,20010077,20010062,20010047
9782,20010168,20010153,20010138,20010123,20010108,20010093,20010078,20010063
9783,20010184,20010169,20010154,20010139,20010124,20010109,20010094,20010079
9784,20010200,20010185,20010170,20010155,20010140,20010125,20010110,20010095
9785,20010216,20010201,20010186,20010171,20010156,20010141,20010126,20010111
9786,20010232,20010217,20010202,20010187,20010172,20010157,20010142,20010127
9787,20010248,20010233,20010218,20010203,20010188,20010173,20010158,20010143
9788,20010264,20010249,20010234,20010219,20010204,20010189,20010174,20010159
9789,20010280,20010265,20010250,20010235,20010220,20010205,20010190,20010175
9790,20010296,20010281,20010266,20010251,20010236,20010221,20010206,20010191
9791,20010312,20010297,20010282,20010267,20010252,20010237,20010222,20010207
9792,20010328,20010313,20010298,20010283,20010268,20010253,20010238,20010223
9793,20010344,20010329,20010314,20010299,20010284,20010269,20010254,20010239
9794,20010360,20010345,20010330,20010315,20010300,20010285,20010270,20010255
9795,20010376,20010361,20010346,20010331,20010316,20010301,20010286,20010271
9796,20010392,20010377,20010362,20010347,20010332,20010317,20010302,20010287
9797,20010408,20010393,20010378,20010363,20010348,20010333,20010318,20010303
9798,20010424,20010409,20010394,20010379,20010364,20010349,20010334,20010319
9799,20010440,20010425,20010410,20010395,20010380,20010365,20010350,20010335
9800,20010456,20010441,20010426,20010411,20010396,20010381,20010366,20010351
9801,20010472,20010457,20010442,20010427,20010412,20010397,20010382,20010367
9802,20010488,20010473,20010458,20010443,20010428,20010413,20010398,20010383
9803,20010504,20010489,20010474,20010459,20010444,20010429,20010414,20010399
9804,20010520,20010505,20010490,20010475,20010460,20010445,20010430,20010415
9805,20010536,20010521,20010506,20010491,20010476,20010461,20010446,20010431
9806,20010552,20010537,20010522,20010507,20010492,20010477,20010462,20010447
9807,20010568,20010553,20010538,20010523,20010508,20010493,20010478,20010463
9808,20010584,20010569,20010554,20010539,20010524,20010509,20010494,20010479
9809,20010600,20010585,20010570,20010555,20010540,20010525,20010510,20010495
9810,20010616,20010601,20010586,20010571,20010556,20010541,20010526,20010511
9811,20010632,20010617,20010602,20010587,20010572,20010557,20010542,20010527
9812,20010648,20010633,20010618,20010603,20010588,20010573,20010558,20010543
9813,20010664,20010649,20010634,20010619,20010604,20010589,20010574,20010559
9814,20010680,20010665,20010650,20010635,20010620,20010605,20010590,20010575
9815,20010696,20010681,20010666,20010651,20010636,20010621,20010606,20010591
9816,20010712,20010697,20010682,20010667,20010652,20010637,20010622,20010607
9817,20010728,20010713,20010698,20010683,20010668,20010653,20010638,20010623
9818,20010744,20010729,20010714,20010699,20010684,20010669,20010654,20010639
9819,20010760,20010745,20010730,20010715,20010700,20010685,20010670,20010655
9820,20010776,20010761,20010746,20010731,20010716,20010701,20010686,20010671
9821,20010792,20010777,20010762,20010747,20010732,20010717,20010702,20010687
9822,20010808,20010793,20010778,20010763,20010748,20010733,20010718,20010703
9823,20010824,20010809,20010794,20010779,20010764,20010749,20010734,20010719
9824,20010840,20010825,20010810,20010795,20010780,20010765,20010750,20010735
9825,20010856,20010841,20010826,20010811,20010796,20010781,20010766,20010751
9826,20010872,20010857,20010842,20010827,20010812,20010797,20010782,20010767
9827,20010888,20010873,20010858,20010843,20010828,20010813,20010798,20010783
9828,20010904,20010889,20010874,20010859,20010844,20010829,20010814,20010799
9829,20010920,20010905,20010890,20010875,20010860,20010845,20010830,20010815
9830,20010936,20010921,20010906,20010891,20010876,20010861,20010846,20010831
9831,20010952,20010937,20010922,20010907,20010892,20010877,20010862,20010847
9832,20010968,20010953,20010938,20010923,20010908,20010893,20010878,20010863
9833,20010984,20010969,20010954,20010939,20010924,20010909,20010894,20010879
9834,20011000,20010985,20010970,20010955,20010940,20010925,20010910,20010895
9835,20011016,20011001,20010986,20010971,20010956,20010941,20010926,20010911
9836,20011032,20011017,20011002,20010987,20010972,20010957,20010942,20010927
9837,20011048,20011033,20011018,20011003,20010988,20010973,20010958,20010943
9838,20011064,20011049,20011034,20011019,20011004,20010989,20010974,20010959
9839,20011080,20011065,20011050,20011035,20011020,20011005,20010990,20010975
9840,20011096,20011081,20011066,20011051,20011036,20011021,20011006,20010991
9841,20011112,20011097,20011082,20011067,20011052,20011037,20011022,20011007
9842,20011128,20011113,20011098,20011083,20011068,20011053,20011038,20011023
9843,20011144,20011129,20011114,20011099,20011084,20011069,20011054,20011039
9844,20011160,20011145,20011130,20011115,20011100,20011085,20011070,20011055
9845,20011176,20011161,20011146,20011131,20011116,20011101,20011086,20011071
9846,20011192,20011177,20011162,20011147,20011132,20011117,20011102,20011087
9847,20011208,20011193,20011178,20011163,20011148,20011133,20011118,20011103
9848,20011224,20011209,20011194,20011179,20011164,20011149,20011134,20011119
9849,20011240,20011225,20011210,20011195,20011180,20011165,20011150,20011135
9850,20011256,20011241,20011226,20011211,20011196,20011181,20011166,20011151
9851,20011272,20011257,20011242,20011227,20011212,20011197,20011182,20011167
9852,20011288,20011273,20011258,20011243,20011228,20011213,20011198,20011183
9853,20011304,20011289,20011274,20011259,20011244,20011229,20011214,20011199
9854,20011320,20011305,20011290,20011275,20011260,20011245,20011230,20011215
9855,20011336,20011321,20011306,20011291,20011276,20011261,20011246,20011231
9856,20011352,20011337,20011322,20011307,20011292,20011277,20011262,20011247
9857,20011368,20011353,20011338,20011323,20011308,20011293,20011278,20011263
9858,20011384,20011369,20011354,20011339,20011324,20011309,20011294,20011279
9859,20011400,20011385,20011370,20011355,20011340,20011325,20011310,20011295
9860,20011416,20011401,20011386,20011371,20011356,20011341,20011326,20011311
9861,20011432,20011417,20011402,20011387,20011372,20011357,20011342,20011327
9862,20011448,20011433,20011418,20011403,20011388,20011373,20011358,20011343
9863,20011464,20011449,20011434,20011419,20011404,20011389,20011374,20011359
9864,20011480,20011465,20011450,20011435,20011420,20011405,20011390,20011375
9865,20011496,20011481,20011466,20011451,20011436,20011421,20011406,20011391
9866,20011512,20011497,20011482,20011467,20011452,20011437,20011422,20011407
9867,20011528,20011513,20011498,20011483,20011468,20011453,20011438,20011423
9868,20011544,20011529,20011514,20011499,20011484,20011469,20011454,20011439
9869,20011560,20011545,20011530,20011515,20011500,20011485,20011470,20011455
9870,20011576,20011561,20011546,20011531,20011516,20011501,20011486,20011471
9871,20011592,20011577,20011562,20011547,20011532,20011517,20011502,20011487
9872,20011608,20011593,20011578,20011563,20011548,20011533,20011518,20011503
9873,20011624,20011609,20011594,20011579,20011564,20011549,20011534,20011519
9874,20011640,20011625,20011610,20011595,20011580,20011565,20011550,20011535
9875,20011656,20011641,20011626,20011611,20011596,20011581,20011566,20011551
9876,20011672,20011657,20011642,20011627,20011612,20011597,20011582,20011567
9877,20011688,20011673,20011658,20011643,20011628,20011613,20011598,20011583
9878,20011704,20011689,20011674,20011659,20011644,20011629,20011614,20011599
9879,20011720,20011705,20011690,20011675,20011660,20011645,20011630,20011615
9880,20011736,20011721,20011706,20011691,20011676,20011661,20011646,20011631
9881,20011752,20011737,20011722,20011707,20011692,20011677,20011662,20011647
9882,20011768,20011753,20011738,20011723,20011708,20011693,20011678,20011663
9883,20011784,20011769,20011754,20011739,20011724,20011709,20011694,20011679
9884,20011800,20011785,20011770,20011755,20011740,20011725,20011710,20011695
9885,20011816,20011801,20011786,20011771,20011756,20011741,20011726,20011711
9886,20011832,20011817,20011802,20011787,20011772,20011757,20011742,20011727
9887,20011848,20011833,20011818,20011803,20011788,20011773,20011758,20011743
9888,20011864,20011849,20011834,20011819,20011804,20011789,20011774,20011759
9889,20011880,20011865,20011850,20011835,20011820,20011805,20011790,20011775
9890,20011896,20011881,20011866,20011851,20011836,20011821,20011806,20011791
9891,20011912,20011897,20011882,20011867,20011852,20011837,20011822,20011807
9892,20011928,20011913,20011898,20011883,20011868,20011853,20011838,20011823
9893,20011944,20011929,20011914,20011899,20011884,20011869,20011854,20011839
9894,20011960,20011945,20011930,20011915,20011900,20011885,20011870,20011855
9895,20011976,20011961,20011946,20011931,20011916,20011901,20011886,20011871
9896,20011992,20011977,20011962,20011947,20011932,20011917,20011902,20011887
9897,20012008,20011993,20011978,20011963,20011948,20011933,20011918,20011903
9898,20012024,20012009,20011994,20011979,20011964,20011949,20011934,20011919
9899,20012040,20012025,20012010,20011995,20011980,20011965,20011950,20011935
9900,20012056,20012041,20012026,20012011,20011996,20011981,20011966,20011951
9901,20012072,20012057,20012042,20012027,20012012,20011997,20011982,20011967
9902,20012088,20012073,20012058,20012043,20012028,20012013,20011998,20011983
9903,20012104,20012089,20012074,20012059,20012044,20012029,20012014,20011999
9904,20012120,20012105,20012090,20012075,20012060,20012045,20012030,20012015
9905,20012136,20012121,20012106,20012091,20012076,20012061,20012046,20012031
9906,20012152,20012137,20012122,20012107,20012092,20012077,20012062,20012047
9907,20012168,20012153,20012138,20012123,20012108,20012093,20012078,20012063
9908,20012184,20012169,20012154,20012139,20012124,20012109,20012094,20012079
9909,20012200,20012185,20012170,20012155,20012140,20012125,20012110,20012095
9910,20012216,20012201,20012186,20012171,20012156,20012141,20012126,20012111
9911,20012232,20012217,20012202,20012187,20012172,20012157,20012142,20012127
9912,20012248,20012233,20012218,20012203,20012188,20012173,20012158,20012143
9913,20012264,20012249,20012234,20012219,20012204,20012189,20012174,20012159
9914,20012280,20012265,20012250,20012235,20012220,20012205,20012190,20012175
9915,20012296,20012281,20012266,20012251,20012236,20012221,20012206,20012191
9916,20012312,20012297,20012282,20012267,20012252,20012237,20012222,20012207
9917,20012328,20012313,20012298,20012283,20012268,20012253,20012238,20012223
9918,20012344,20012329,20012314,20012299,20012284,20012269,20012254,20012239
9919,20012360,20012345,20012330,20012315,20012300,20012285,20012270,20012255
9920,20012376,20012361,20012346,20012331,20012316,20012301,20012286,20012271
9921,20012392,20012377,20012362,20012347,20012332,20012317,20012302,20012287
9922,20012408,20012393,20012378,20012363,20012348,20012333,20012318,20012303
9923,20012424,20012409,20012394,20012379,20012364,20012349,20012334,20012319
9924,20012440,20012425,20012410,20012395,20012380,20012365,20012350,20012335
9925,20012456,20012441,20012426,20012411,20012396,20012381,20012366,20012351
9926,20012472,20012457,20012442,20012427,20012412,20012397,20012382,20012367
9927,20012488,20012473,20012458,20012443,20012428,20012413,20012398,20012383
9928,20012504,20012489,20012474,20012459,20012444,20012429,20012414,20012399
9929,20012520,20012505,20012490,20012475,20012460,20012445,20012430,20012415
9930,20012536,20012521,20012506,20012491,20012476,20012461,20012446,20012431
9931,20012552,20012537,20012522,20012507,20012492,20012477,20012462,20012447
9932,20012568,20012553,20012538,20012523,20012508,20012493,20012478,20012463
9933,20012584,20012569,20012554,20012539,20012524,20012509,20012494,20012479
9934,20012600,20012585,20012570,20012555,20012540,20012525,20012510,20012495
9935,20012616,20012601,20012586,20012571,20012556,20012541,20012526,20012511
9936,20012632,20012617,20012602,20012587,20012572,20012557,20012542,20012527
9937,20012648,20012633,20012618,20012603,20012588,20012573,20012558,20012543
9938,20012664,20012649,20012634,20012619,20012604,20012589,20012574,20012559
9939,20012680,20012665,20012650,20012635,20012620,20012605,20012590,20012575
9940,20012696,20012681,20012666,20012651,20012636,20012621,20012606,20012591
9941,20012712,20012697,20012682,20012667,20012652,20012637,20012622,20012607
9942,20012728,20012713,20012698,20012683,20012668,20012653,20012638,20012623
9943,20012744,20012729,20012714,20012699,20012684,20012669,20012654,20012639
9944,20012760,20012745,20012730,20012715,20012700,20012685,20012670,20012655
9945,20012776,20012761,20012746,20012731,20012716,20012701,20012686,20012671
9946,20012792,20012777,20012762,20012747,20012732,20012717,20012702,20012687
9947,20012808,20012793,20012778,20012763,20012748,20012733,20012718,20012703
9948,20012824,20012809,20012794,20012779,20012764,20012749,20012734,20012719
9949,20012840,20012825,20012810,20012795,20012780,20012765,20012750,20012735
9950,20012856,20012841,20012826,20012811,20012796,20012781,20012766,20012751
9951,20012872,20012857,20012842,20012827,20012812,20012797,20012782,20012767
9952,20012888,20012873,20012858,20012843,20012828,20012813,20012798,20012783
9953,20012904,20012889,20012874,20012859,20012844,20012829,20012814,20012799
9954,20012920,20012905,20012890,20012875,20012860,20012845,20012830,20012815
9955,20012936,20012921,20012906,20012891,20012876,20012861,20012846,20012831
9956,20012952,20012937,20012922,20012907,20012892,20012877,20012862,20012847
9957,20012968,20012953,20012938,20012923,20012908,20012893,20012878,20012863
9958,20012984,20012969,20012954,20012939,20012924,20012909,20012894,20012879
9959,20013000,20012985,20012970,20012955,20012940,20012925,20012910,20012895
9960,20013016,20013001,20012986,20012971,20012956,20012941,20012926,20012911
9961,20013032,20013017,20013002,20012987,20012972,20012957,20012942,20012927
9962,20013048,20013033,20013018,20013003,20012988,20012973,20012958,20012943
9963,20013064,20013049,20013034,20013019,20013004,20012989,20012974,20012959
9964,20013080,20013065,20013050,20013035,20013020,20013005,20012990,20012975
9965,20013096,20013081,20013066,20013051,20013036,20013021,20013006,20012991
9966,20013112,20013097,20013082,20013067,20013052,20013037,20013022,20013007
9967,20013128,20013113,20013098,20013083,20013068,20013053,20013038,20013023
9968,20013144,20013129,20013114,20013099,20013084,20013069,20013054,20013039
9969,20013160,20013145,20013130,20013115,20013100,20013085,20013070,20013055
9970,20013176,20013161,20013146,20013131,20013116,20013101,20013086,20013071
9971,20013192,20013177,20013162,20013147,20013132,20013117,20013102,20013087
9972,20013208,20013193,20013178,20013163,20013148,20013133,20013118,20013103
9973,20013224,20013209,20013194,20013179,20013164,20013149,20013134,20013119
9974,20013240,20013225,20013210,20013195,20013180,20013165,20013150,20013135
9975,20013256,20013241,20013226,20013211,20013196,20013181,20013166,20013151
9976,20013272,20013257,20013242,20013227,20013212,20013197,20013182,20013167
9977,20013288,20013273,20013258,20013243,20013228,20013213,20013198,20013183
9978,20013304,20013289,20013274,20013259,20013244,20013229,20013214,20013199
9979,20013320,20013305,20013290,20013275,20013260,20013245,20013230,20013215
9980,20013336,20013321,20013306,20013291,20013276,20013261,20013246,20013231
9981,20013352,20013337,20013322,20013307,20013292,20013277,20013262,20013247
9982,20013368,20013353,20013338,20013323,20013308,20013293,20013278,20013263
9983,20013384,20013369,20013354,20013339,20013324,20013309,20013294,20013279
9984,20013400,20013385,20013370,20013355,20013340,20013325,20013310,20013295
9985,20013416,20013401,20013386,20013371,20013356,20013341,20013326,20013311
9986,20013432,20013417,20013402,20013387,20013372,20013357,20013342,20013327
9987,20013448,20013433,20013418,20013403,20013388,20013373,20013358,20013343
9988,20013464,20013449,20013434,20013419,20013404,20013389,20013374,20013359
9989,20013480,20013465,20013450,20013435,20013420,20013405,20013390,20013375
9990,20013496,20013481,20013466,20013451,20013436,20013421,20013406,20013391
9991,20013512,20013497,20013482,20013467,20013452,20013437,20013422,20013407
9992,20013528,20013513,20013498,20013483,20013468,20013453,20013438,20013423
9993,20013544,20013529,20013514,20013499,20013484,20013469,20013454,20013439
9994,20013560,20013545,20013530,20013515,20013500,20013485,20013470,20013455
9995,20013576,20013561,20013546,20013531,20013516,20013501,20013486,20013471
9996,20013592,20013577,20013562,20013547,20013532,20013517,20013502,20013487
9997,20013608,20013593,20013578,20013563,20013548,20013533,20013518,20013503
9998,20013624,20013609,20013594,20013579,20013564,20013549,20013534,20013519
9999,20013640,20013625,20013610,20013595,20013580,20013565,20013550,20013535
10000,20013656,20013641,20013626,20013611,20013596,20013581,20013566,20013551
10001,20013672,20013657,20013642,20013627,20013612,20013597,20013582,20013567
10002,20013688,20013673,20013658,20013643,20013628,20013613,20013598,20013583
10003,20013704,20013689,20013674,20013659,20013644,20013629,20013614,20013599
10004,20013720,20013705,20013690,20013675,20013660,20013645,20013630,20013615
10005,20013736,20013721,20013706,20013691,20013676,20013661,20013646,20013631
10006,20013752,20013737,20013722,20013707,20013692,20013677,20013662,20013647
10007,20013768,20013753,20013738,20013723,20013708,20013693,20013678,20013663
10008,20013784,20013769,20013754,20013739,20013724,20013709,20013694,20013679
10009,20013800,20013785,20013770,20013755,20013740,20013725,20013710,20013695
10010,20013816,20013801,20013786,20013771,20013756,20013741,20013726,20013711
10011,20013832,20013817,20013802,20013787,20013772,20013757,20013742,20013727
10012,20013848,20013833,20013818,20013803,20013788,20013773,20013758,20013743
10013,20013864,20013849,20013834,20013819,20013804,20013789,20013774,20013759
10014,20013880,20013865,20013850,20013835,20013820,20013805,20013790,20013775
10015,20013896,20013881,20013866,20013851,20013836,20013821,20013806,20013791
10016,20013912,20013897,20013882,20013867,20013852,20013837,20013822,20013807
10017,20013928,20013913,20013898,20013883,20013868,20013853,20013838,20013823
10018,20013944,20013929,20013914,20013899,20013884,20013869,20013854,20013839
10019,20013960,20013945,20013930,20013915,20013900,20013885,20013870,20013855
10020,20013976,20013961,20013946,20013931,20013916,20013901,20013886,20013871
10021,20013992,20013977,20013962,20013947,20013932,20013917,20013902,20013887
10022,20014008,20013993,20013978,20013963,20013948,20013933,20013918,20013903
10023,20014024,20014009,20013994,20013979,20013964,20013949,20013934,20013919
10024,20014040,20014025,20014010,20013995,20013980,20013965,20013950,20013935
10025,20014056,20014041,20014026,20014011,20013996,20013981,20013966,20013951
10026,20014072,20014057,20014042,20014027,20014012,20013997,20013982,20013967
10027,20014088,20014073,20014058,20014043,20014028,20014013,20013998,20013983
10028,20014104,20014089,20014074,20014059,20014044,20014029,20014014,20013999
10029,20014120,20014105,20014090,20014075,20014060,20014045,20014030,20014015
10030,20014136,20014121,20014106,20014091,20014076,20014061,20014046,20014031
10031,20014152,20014137,20014122,20014107,20014092,20014077,20014062,20014047
10032,20014168,20014153,20014138,20014123,20014108,20014093,20014078,20014063
10033,20014184,20014169,20014154,20014139,20014124,20014109,20014094,20014079
10034,20014200,20014185,20014170,20014155,20014140,20014125,20014110,20014095
10035,20014216,20014201,20014186,20014171,20014156,20014141,20014126,20014111
10036,20014232,20014217,20014202,20014187,20014172,20014157,20014142,20014127
10037,20014248,20014233,20014218,20014203,20014188,20014173,20014158,20014143
10038,20014264,20014249,20014234,20014219,20014204,20014189,20014174,20014159
10039,20014280,20014265,20014250,20014235,20014220,20014205,20014190,20014175
10040,20014296,20014281,20014266,20014251,20014236,20014221,20014206,20014191
10041,20014312,20014297,20014282,20014267,20014252,20014237,20014222,20014207
10042,20014328,20014313,20014298,20014283,20014268,20014253,20014238,20014223
10043,20014344,20014329,20014314,20014299,20014284,20014269,20014254,20014239
10044,20014360,20014345,20014330,20014315,20014300,20014285,20014270,20014255
10045,20014376,20014361,20014346,20014331,20014316,20014301,20014286,20014271
10046,20014392,20014377,20014362,20014347,20014332,20014317,20014302,20014287
10047,-1,20014393,20014378,20014363,20014348,20014333,20014318,20014303
10048,-1,-1,20014394,20014379,20014364,20014349,20014334,20014319
10049,-1,-1,-1,20014395,20014380,20014365,20014350,20014335
10050,-1,-1,-1,-1,20014396,20014381,20014366,20014351
10051,-1,-1,-1,-1,-1,20014397,20014382,20014367
10052,-1,-1,-1,-1,-1,-1,20014398,20014383
10053,-1,-1,-1,-1,-1,-1,-1,20014399
10054,-1,-1,-1,-1,-1,-1,-1,-1
10055,-1,-1,-1,-1,-1,-1,-1,-1
10056,-1,-1,-1,-1,-1,-1,-1,-1
10057,-1,-1,-1,-1,-1,-1,-1,-1
10058,-1,-1,-1,-1,-1,-1,-1,-1
10059,-1,-1,-1,-1,-1,-1,-1,-1
10060,-1,-1,-1,-1,-1,-1,-1,-1
10061,20000008,-1,-1,-1,-1,-1,-1,-1
10062,20000024,20000009,-1,-1,-1,-1,-1,-1
10063,20000040,20000025,20000010,-1,-1,-1,-1,-1
10064,20000056,20000041,20000026,20000011,-1,-1,-1,-1
10065,20000072,20000057,20000042,20000027,20000012,-1,-1,-1
10066,20000088,20000073,20000058,20000043,20000028,20000013,-1,-1
10067,20000104,20000089,20000074,20000059,20000044,20000029,20000014,-1
10068,20000120,20000105,20000090,20000075,20000060,20000045,20000030,20000015
10069,20000136,20000121,20000106,20000091,20000076,20000061,20000046,20000031
10070,20000152,20000137,20000122,20000107,20000092,20000077,20000062,20000047
10071,20000168,20000153,20000138,20000123,20000108,20000093,20000078,20000063
10072,20000184,20000169,20000154,20000139,20000124,20000109,20000094,20000079
10073,20000200,20000185,20000170,20000155,20000140,20000125,20000110,20000095
10074,20000216,20000201,20000186,20000171,20000156,20000141,20000126,20000111
10075,20000232,20000217,20000202,20000187,20000172,20000157,20000142,20000127
10076,20000248,20000233,20000218,20000203,20000188,20000173,20000158,20000143
10077,20000264,20000249,20000234,20000219,20000204,20000189,20000174,20000159
10078,20000280,20000265,20000250,20000235,20000220,20000205,20000190,20000175
10079,20000296,20000281,20000266,20000251,20000236,20000221,20000206,20000191
10080,20000312,20000297,20000282,20000267,20000252,20000237,20000222,20000207
10081,20000328,20000313,20000298,20000283,20000268,20000253,20000238,20000223
10082,20000344,20000329,20000314,20000299,20000284,20000269,20000254,20000239
10083,20000360,20000345,20000330,20000315,20000300,20000285,20000270,20000255
10084,20000376,20000361,20000346,20000331,20000316,20000301,20000286,20000271
10085,20000392,20000377,20000362,20000347,20000332,20000317,20000302,20000287
10086,20000408,20000393,20000378,20000363,20000348,20000333,20000318,20000303
10087,20000424,20000409,20000394,20000379,20000364,20000349,20000334,20000319
10088,20000440,20000425,20000410,20000395,20000380,20000365,20000350,20000335
10089,20000456,20000441,20000426,20000411,20000396,20000381,20000366,20000351
10090,20000472,20000457,20000442,20000427,20000412,20000397,20000382,20000367
10091,20000488,20000473,20000458,20000443,20000428,20000413,20000398,20000383
10092,20000504,20000489,20000474,20000459,20000444,20000429,20000414,20000399
10093,20000520,20000505,20000490,20000475,20000460,20000445,20000430,20000415
10094,20000536,20000521,20000506,20000491,20000476,20000461,20000446,20000431
10095,20000552,20000537,20000522,20000507,20000492,20000477,20000462,20000447
10096,20000568,20000553,20000538,20000523,20000508,20000493,20000478,20000463
10097,20000584,20000569,20000554,20000539,20000524,20000509,20000494,20000479
10098,20000600,20000585,20000570,20000555,20000540,20000525,20000510,20000495
10099,20000616,20000601,20000586,20000571,20000556,20000541,20000526,20000511
10100,20000632,20000617,20000602,20000587,20000572,20000557,20000542,20000527
10101,20000648,20000633,20000618,20000603,20000588,20000573,20000558,20000543
10102,20000664,20000649,20000634,20000619,20000604,20000589,20000574,20000559
10103,20000680,20000665,20000650,20000635,20000620,20000605,20000590,20000575
10104,20000696,20000681,20000666,20000651,20000636,20000621,20000606,20000591
10105,20000712,20000697,20000682,20000667,20000652,20000637,20000622,20000607
10106,20000728,20000713,20000698,20000683,20000668,20000653,20000638,20000623
10107,20000744,20000729,20000714,20000699,20000684,20000669,20000654,20000639
10108,20000760,20000745,20000730,20000715,20000700,20000685,20000670,20000655
10109,20000776,20000761,20000746,20000731,20000716,20000701,20000686,20000671
10110,20000792,20000777,20000762,20000747,20000732,20000717,20000702,20000687
10111,20000808,20000793,20000778,20000763,20000748,20000733,20000718,20000703
10112,20000824,20000809,20000794,20000779,20000764,20000749,20000734,20000719
10113,20000840,20000825,20000810,20000795,20000780,20000765,20000750,20000735
10114,20000856,20000841,20000826,20000811,20000796,20000781,20000766,20000751
10115,20000872,20000857,20000842,20000827,20000812,20000797,20000782,20000767
10116,20000888,20000873,20000858,20000843,20000828,20000813,20000798,20000783
10117,20000904,20000889,20000874,20000859,20000844,20000829,20000814,20000799
10118,20000920,20000905,20000890,20000875,20000860,20000845,20000830,20000815
10119,20000936,20000921,20000906,20000891,20000876,20000861,20000846,20000831
10120,20000952,20000937,20000922,20000907,20000892,20000877,20000862,20000847
10121,20000968,20000953,20000938,20000923,20000908,20000893,20000878,20000863
10122,20000984,20000969,20000954,20000939,20000924,20000909,20000894,20000879
10123,20001000,20000985,20000970,20000955,20000940,20000925,20000910,20000895
10124,20001016,20001001,20000986,20000971,20000956,20000941,20000926,20000911
10125,20001032,20001017,20001002,20000987,20000972,20000957,20000942,20000927
10126,20001048,20001033,20001018,20001003,20000988,20000973,20000958,20000943
10127,20001064,20001049,20001034,20001019,20001004,20000989,20000974,20000959
10128,20001080,20001065,20001050,20001035,20001020,20001005,20000990,20000975
10129,20001096,20001081,20001066,20001051,20001036,20001021,20001006,20000991
10130,20001112,20001097,20001082,20001067,20001052,20001037,20001022,20001007
10131,20001128,20001113,20001098,20001083,20001068,20001053,20001038,20001023
10132,20001144,20001129,20001114,20001099,20001084,20001069,20001054,20001039
10133,20001160,20001145,20001130,20001115,20001100,20001085,20001070,20001055
10134,20001176,20001161,20001146,20001131,20001116,20001101,20001086,20001071
10135,20001192,20001177,20001162,20001147,20001132,20001117,20001102,20001087
10136,20001208,20001193,20001178,20001163,20001148,20001133,20001118,20001103
10137,20001224,20001209,20001194,20001179,20001164,20001149,20001134,20001119
10138,20001240,20001225,20001210,20001195,20001180,20001165,20001150,20001135
10139,20001256,20001241,20001226,20001211,20001196,20001181,20001166,20001151
10140,20001272,20001257,20001242,20001227,20001212,20001197,20001182,20001167
10141,20001288,20001273,20001258,20001243,20001228,20001213,20001198,20001183
10142,20001304,20001289,20001274,20001259,20001244,20001229,20001214,20001199
10143,20001320,20001305,20001290,20001275,20001260,20001245,20001230,20001215
10144,20001336,20001321,20001306,20001291,20001276,20001261,20001246,20001231
10145,20001352,20001337,20001322,20001307,20001292,20001277,20001262,20001247
10146,20001368,20001353,20001338,20001323,20001308,20001293,20001278,20001263
10147,20001384,20001369,20001354,20001339,20001324,20001309,20001294,20001279
10148,20001400,20001385,20001370,20001355,20001340,20001325,20001310,20001295
10149,20001416,20001401,20001386,20001371,20001356,20001341,20001326,20001311
10150,20001432,20001417,20001402,20001387,20001372,20001357,20001342,20001327
10151,20001448,20001433,20001418,20001403,20001388,20001373,20001358,20001343
10152,20001464,20001449,20001434,20001419,20001404,20001389,20001374,20001359
10153,20001480,20001465,20001450,20001435,20001420,20001405,20001390,20001375
10154,20001496,20001481,20001466,20001451,20001436,20001421,20001406,20001391
10155,20001512,20001497,20001482,20001467,20001452,20001437,20001422,20001407
10156,20001528,20001513,20001498,20001483,20001468,20001453,20001438,20001423
10157,20001544,20001529,20001514,20001499,20001484,20001469,20001454,20001439
10158,20001560,20001545,20001530,20001515,20001500,20001485,20001470,20001455
10159,20001576,20001561,20001546,20001531,20001516,20001501,20001486,20001471
10160,20001592,20001577,20001562,20001547,20001532,20001517,20001502,20001487
10161,20001608,20001593,20001578,20001563,20001548,20001533,20001518,20001503
10162,20001624,20001609,20001594,20001579,20001564,20001549,20001534,20001519
10163,20001640,20001625,20001610,20001595,20001580,20001565,20001550,20001535
10164,20001656,20001641,20001626,20001611,20001596,20001581,20001566,20001551
10165,20001672,20001657,20001642,20001627,20001612,20001597,20001582,20001567
10166,20001688,20001673,20001658,20001643,20001628,20001613,20001598,20001583
10167,20001704,20001689,20001674,20001659,20001644,20001629,20001614,20001599
10168,20001720,20001705,20001690,20001675,20001660,20001645,20001630,20001615
10169,20001736,20001721,20001706,20001691,20001676,20001661,20001646,20001631
10170,20001752,20001737,20001722,20001707,20001692,20001677,20001662,20001647
10171,20001768,20001753,20001738,20001723,20001708,20001693,20001678,20001663
10172,20001784,20001769,20001754,20001739,20001724,20001709,20001694,20001679
10173,20001800,20001785,20001770,20001755,20001740,20001725,20001710,20001695
10174,20001816,20001801,20001786,20001771,20001756,20001741,20001726,20001711
10175,20001832,20001817,20001802,20001787,20001772,20001757,20001742,20001727
10176,20001848,20001833,20001818,20001803,20001788,20001773,20001758,20001743
10177,20001864,20001849,20001834,20001819,20001804,20001789,20001774,20001759
10178,20001880,20001865,20001850,20001835,20001820,20001805,20001790,20001775
10179,20001896,20001881,20001866,20001851,20001836,20001821,20001806,20001791
10180,20001912,20001897,20001882,20001867,20001852,20001837,20001822,20001807
10181,20001928,20001913,20001898,20001883,20001868,20001853,20001838,20001823
10182,20001944,20001929,20001914,20001899,20001884,20001869,20001854,20001839
10183,20001960,20001945,20001930,20001915,20001900,20001885,20001870,20001855
10184,20001976,20001961,20001946,20001931,20001916,20001901,20001886,20001871
10185,20001992,20001977,20001962,20001947,20001932,20001917,20001902,20001887
10186,20002008,20001993,20001978,20001963,20001948,20001933,20001918,20001903
10187,20002024,20002009,20001994,20001979,20001964,20001949,20001934,20001919
10188,20002040,20002025,20002010,20001995,20001980,20001965,20001950,20001935
10189,20002056,20002041,20002026,20002011,20001996,20001981,20001966,20001951
10190,20002072,20002057,20002042,20002027,20002012,20001997,20001982,20001967
10191,20002088,20002073,20002058,20002043,20002028,20002013,20001998,20001983
10192,20002104,20002089,20002074,20002059,20002044,20002029,20002014,20001999
10193,20002120,20002105,20002090,20002075,20002060,20002045,20002030,20002015
10194,20002136,20002121,20002106,20002091,20002076,20002061,20002046,20002031
10195,20002152,20002137,20002122,20002107,20002092,20002077,20002062,20002047
10196,20002168,20002153,20002138,20002123,20002108,20002093,20002078,20002063
10197,20002184,20002169,20002154,20002139,20002124,20002109,20002094,20002079
10198,20002200,20002185,20002170,20002155,20002140,20002125,20002110,20002095
10199,20002216,20002201,20002186,20002171,20002156,20002141,20002126,20002111
10200,20002232,20002217,20002202,20002187,20002172,20002157,20002142,20002127
10201,20002248,20002233,20002218,20002203,20002188,20002173,20002158,20002143
10202,20002264,20002249,20002234,20002219,20002204,20002189,20002174,20002159
10203,20002280,20002265,20002250,20002235,20002220,20002205,20002190,20002175
10204,20002296,20002281,20002266,20002251,20002236,20002221,20002206,20002191
10205,20002312,20002297,20002282,20002267,20002252,20002237,20002222,20002207
10206,20002328,20002313,20002298,20002283,20002268,20002253,20002238,20002223
10207,20002344,20002329,20002314,20002299,20002284,20002269,20002254,20002239
10208,20002360,20002345,20002330,20002315,20002300,20002285,20002270,20002255
10209,20002376,20002361,20002346,20002331,20002316,20002301,20002286,20002271
10210,20002392,20002377,20002362,20002347,20002332,20002317,20002302,20002287
10211,20002408,20002393,20002378,20002363,20002348,20002333,20002318,20002303
10212,20002424,20002409,20002394,20002379,20002364,20002349,20002334,20002319
10213,20002440,20002425,20002410,20002395,20002380,20002365,20002350,20002335
10214,20002456,20002441,20002426,20002411,20002396,20002381,20002366,20002351
10215,20002472,20002457,20002442,20002427,20002412,20002397,20002382,20002367
10216,20002488,20002473,20002458,20002443,20002428,20002413,20002398,20002383
10217,20002504,20002489,20002474,20002459,20002444,20002429,20002414,20002399
10218,20002520,20002505,20002490,20002475,20002460,20002445,20002430,20002415
10219,20002536,20002521,20002506,20002491,20002476,20002461,20002446,20002431
10220,20002552,20002537,20002522,20002507,20002492,20002477,20002462,20002447
10221,20002568,20002553,20002538,20002523,20002508,20002493,20002478,20002463
10222,20002584,20002569,20002554,20002539,20002524,20002509,20002494,20002479
10223,20002600,20002585,20002570,20002555,20002540,20002525,20002510,20002495
10224,20002616,20002601,20002586,20002571,20002556,20002541,20002526,20002511
10225,20002632,20002617,20002602,20002587,20002572,20002557,20002542,20002527
10226,20002648,20002633,20002618,20002603,20002588,20002573,20002558,20002543
10227,20002664,20002649,20002634,20002619,20002604,20002589,20002574,20002559
10228,20002680,20002665,20002650,20002635,20002620,20002605,20002590,20002575
10229,20002696,20002681,20002666,20002651,20002636,20002621,20002606,20002591
10230,20002712,20002697,20002682,20002667,20002652,20002637,20002622,20002607
10231,20002728,20002713,20002698,20002683,20002668,20002653,20002638,20002623
10232,20002744,20002729,20002714,20002699,20002684,20002669,20002654,20002639
10233,20002760,20002745,20002730,20002715,20002700,20002685,20002670,20002655
10234,20002776,20002761,20002746,20002731,20002716,20002701,20002686,20002671
10235,20002792,20002777,20002762,20002747,20002732,20002717,20002702,20002687
10236,20002808,20002793,20002778,20002763,20002748,20002733,20002718,20002703
10237,20002824,20002809,20002794,20002779,20002764,20002749,20002734,20002719
10238,20002840,20002825,20002810,20002795,20002780,20002765,20002750,20002735
10239,20002856,20002841,20002826,20002811,20002796,20002781,20002766,20002751
10240,20002872,20002857,20002842,20002827,20002812,20002797,20002782,20002767
10241,20002888,20002873,20002858,20002843,20002828,20002813,20002798,20002783
10242,20002904,20002889,20002874,20002859,20002844,20002829,20002814,20002799
10243,20002920,20002905,20002890,20002875,20002860,20002845,20002830,20002815
10244,20002936,20002921,20002906,20002891,20002876,20002861,20002846,20002831
10245,20002952,20002937,20002922,20002907,20002892,20002877,20002862,20002847
10246,20002968,20002953,20002938,20002923,20002908,20002893,20002878,20002863
10247,20002984,20002969,20002954,20002939,20002924,20002909,20002894,20002879
10248,20003000,20002985,20002970,20002955,20002940,20002925,20002910,20002895
10249,20003016,20003001,20002986,20002971,20002956,20002941,20002926,20002911
10250,20003032,20003017,20003002,20002987,20002972,20002957,20002942,20002927
10251,20003048,20003033,20003018,20003003,20002988,20002973,20002958,20002943
10252,20003064,20003049,20003034,20003019,20003004,20002989,20002974,20002959
10253,20003080,20003065,20003050,20003035,20003020,20003005,20002990,20002975
10254,20003096,20003081,20003066,20003051,20003036,20003021,20003006,20002991
10255,20003112,20003097,20003082,20003067,20003052,20003037,20003022,20003007
10256,20003128,20003113,20003098,20003083,20003068,20003053,20003038,20003023
10257,20003144,20003129,20003114,20003099,20003084,20003069,20003054,20003039
10258,20003160,20003145,20003130,20003115,20003100,20003085,20003070,20003055
10259,20003176,20003161,20003146,20003131,20003116,20003101,20003086,20003071
10260,20003192,20003177,20003162,20003147,20003132,20003117,20003102,20003087
10261,20003208,20003193,20003178,20003163,20003148,20003133,20003118,20003103
10262,20003224,20003209,20003194,20003179,20003164,20003149,20003134,20003119
10263,20003240,20003225,20003210,20003195,20003180,20003165,20003150,20003135
10264,20003256,20003241,20003226,20003211,20003196,20003181,20003166,20003151
10265,20003272,20003257,20003242,20003227,20003212,20003197,20003182,20003167
10266,20003288,20003273,20003258,20003243,20003228,20003213,20003198,20003183
10267,20003304,20003289,20003274,20003259,20003244,20003229,20003214,20003199
10268,20003320,20003305,20003290,20003275,20003260,20003245,20003230,20003215
10269,20003336,20003321,20003306,20003291,20003276,20003261,20003246,20003231
10270,20003352,20003337,20003322,20003307,20003292,20003277,20003262,20003247
10271,20003368,20003353,20003338,20003323,20003308,20003293,20003278,20003263
10272,20003384,20003369,20003354,20003339,20003324,20003309,20003294,20003279
10273,20003400,20003385,20003370,20003355,20003340,20003325,20003310,20003295
10274,20003416,20003401,20003386,20003371,20003356,20003341,20003326,20003311
10275,20003432,20003417,20003402,20003387,20003372,20003357,20003342,20003327
10276,20003448,20003433,20003418,20003403,20003388,20003373,20003358,20003343
10277,20003464,20003449,20003434,20003419,20003404,20003389,20003374,20003359
10278,20003480,20003465,20003450,20003435,20003420,20003405,20003390,20003375
10279,20003496,20003481,20003466,20003451,20003436,20003421,20003406,20003391
10280,20003512,20003497,20003482,20003467,20003452,20003437,20003422,20003407
10281,20003528,20003513,20003498,20003483,20003468,20003453,20003438,20003423
10282,20003544,20003529,20003514,20003499,20003484,20003469,20003454,20003439
10283,20003560,20003545,20003530,20003515,20003500,20003485,20003470,20003455
10284,20003576,20003561,20003546,20003531,20003516,20003501,20003486,20003471
10285,20003592,20003577,20003562,20003547,20003532,20003517,20003502,20003487
10286,20003608,20003593,20003578,20003563,20003548,20003533,20003518,20003503
10287,20003624,20003609,20003594,20003579,20003564,20003549,20003534,20003519
10288,20003640,20003625,20003610,20003595,20003580,20003565,20003550,20003535
10289,20003656,20003641,20003626,20003611,20003596,20003581,20003566,20003551
10290,20003672,20003657,20003642,20003627,20003612,20003597,20003582,20003567
10291,20003688,20003673,20003658,20003643,20003628,20003613,20003598,20003583
10292,20003704,20003689,20003674,20003659,20003644,20003629,20003614,20003599
10293,20003720,20003705,20003690,20003675,20003660,20003645,20003630,20003615
10294,20003736,20003721,20003706,20003691,20003676,20003661,20003646,20003631
10295,20003752,20003737,20003722,20003707,20003692,20003677,20003662,20003647
10296,20003768,20003753,20003738,20003723,20003708,20003693,20003678,20003663
10297,20003784,20003769,20003754,20003739,20003724,20003709,20003694,20003679
10298,20003800,20003785,20003770,20003755,20003740,20003725,20003710,20003695
10299,20003816,20003801,20003786,20003771,20003756,20003741,20003726,20003711
10300,20003832,20003817,20003802,20003787,20003772,20003757,20003742,20003727
10301,20003848,20003833,20003818,20003803,20003788,20003773,20003758,20003743
10302,20003864,20003849,20003834,20003819,20003804,20003789,20003774,20003759
10303,20003880,20003865,20003850,20003835,20003820,20003805,20003790,20003775
10304,20003896,20003881,20003866,20003851,20003836,20003821,20003806,20003791
10305,20003912,20003897,20003882,20003867,20003852,20003837,20003822,20003807
10306,20003928,20003913,20003898,20003883,20003868,20003853,20003838,20003823
10307,20003944,20003929,20003914,20003899,20003884,20003869,20003854,20003839
10308,20003960,20003945,20003930,20003915,20003900,20003885,20003870,20003855
10309,20003976,20003961,20003946,20003931,20003916,20003901,20003886,20003871
10310,20003992,20003977,20003962,20003947,20003932,20003917,20003902,20003887
10311,20004008,20003993,20003978,20003963,20003948,20003933,20003918,20003903
10312,20004024,20004009,20003994,20003979,20003964,20003949,20003934,20003919
10313,20004040,20004025,20004010,20003995,20003980,20003965,20003950,20003935
10314,20004056,20004041,20004026,20004011,20003996,20003981,20003966,20003951
10315,20004072,20004057,20004042,20004027,20004012,20003997,20003982,20003967
10316,20004088,20004073,20004058,20004043,20004028,20004013,20003998,20003983
10317,20004104,20004089,20004074,20004059,20004044,20004029,20004014,20003999
10318,20004120,20004105,20004090,20004075,20004060,20004045,20004030,20004015
10319,20004136,20004121,20004106,20004091,20004076,20004061,20004046,20004031
10320,20004152,20004137,20004122,20004107,20004092,20004077,20004062,20004047
10321,20004168,20004153,20004138,20004123,20004108,20004093,20004078,20004063
10322,20004184,20004169,20004154,20004139,20004124,20004109,20004094,20004079
10323,20004200,20004185,20004170,20004155,20004140,20004125,20004110,20004095
10324,20004216,20004201,20004186,20004171,20004156,20004141,20004126,20004111
10325,20004232,20004217,20004202,20004187,20004172,20004157,20004142,20004127
10326,20004248,20004233,20004218,20004203,20004188,20004173,20004158,20004143
10327,20004264,20004249,20004234,20004219,20004204,20004189,20004174,20004159
10328,20004280,20004265,20004250,20004235,20004220,20004205,20004190,20004175
10329,20004296,20004281,20004266,20004251,20004236,20004221,20004206,20004191
10330,20004312,20004297,20004282,20004267,20004252,20004237,20004222,20004207
10331,20004328,20004313,20004298,20004283,20004268,20004253,20004238,20004223
10332,20004344,20004329,20004314,20004299,20004284,20004269,20004254,20004239
10333,20004360,20004345,20004330,20004315,20004300,20004285,20004270,20004255
10334,20004376,20004361,20004346,20004331,20004316,20004301,20004286,20004271
10335,20004392,20004377,20004362,20004347,20004332,20004317,20004302,20004287
10336,20004408,20004393,20004378,20004363,20004348,20004333,20004318,20004303
10337,20004424,20004409,20004394,20004379,20004364,20004349,20004334,20004319
10338,20004440,20004425,20004410,20004395,20004380,20004365,20004350,20004335
10339,20004456,20004441,20004426,20004411,20004396,20004381,20004366,20004351
10340,20004472,20004457,20004442,20004427,20004412,20004397,20004382,20004367
10341,20004488,20004473,20004458,20004443,20004428,20004413,20004398,20004383
10342,20004504,20004489,20004474,20004459,20004444,20004429,20004414,20004399
10343,20004520,20004505,20004490,20004475,20004460,20004445,20004430,20004415
10344,20004536,20004521,20004506,20004491,20004476,20004461,20004446,20004431
10345,20004552,20004537,20004522,20004507,20004492,20004477,20004462,20004447
10346,20004568,20004553,20004538,20004523,20004508,20004493,20004478,20004463
10347,20004584,20004569,20004554,20004539,20004524,20004509,20004494,20004479
10348,20004600,20004585,20004570,20004555,20004540,20004525,20004510,20004495
10349,20004616,20004601,20004586,20004571,20004556,20004541,20004526,20004511
10350,20004632,20004617,20004602,20004587,20004572,20004557,20004542,20004527
10351,20004648,20004633,20004618,20004603,20004588,20004573,20004558,20004543
10352,20004664,20004649,20004634,20004619,20004604,20004589,20004574,20004559
10353,20004680,20004665,20004650,20004635,20004620,20004605,20004590,20004575
10354,20004696,20004681,20004666,20004651,20004636,20004621,20004606,20004591
10355,20004712,20004697,20004682,20004667,20004652,20004637,20004622,20004607
10356,20004728,20004713,20004698,20004683,20004668,20004653,20004638,20004623
10357,20004744,20004729,20004714,20004699,20004684,20004669,20004654,20004639
10358,20004760,20004745,20004730,20004715,20004700,20004685,20004670,20004655
10359,20004776,20004761,20004746,20004731,20004716,20004701,20004686,20004671
10360,20004792,20004777,20004762,20004747,20004732,20004717,20004702,20004687
10361,20004808,20004793,20004778,20004763,20004748,20004733,20004718,20004703
10362,20004824,20004809,20004794,20004779,20004764,20004749,20004734,20004719
10363,20004840,20004825,20004810,20004795,20004780,20004765,20004750,20004735
10364,20004856,20004841,20004826,20004811,20004796,20004781,20004766,20004751
10365,20004872,20004857,20004842,20004827,20004812,20004797,20004782,20004767
10366,20004888,20004873,20004858,20004843,20004828,20004813,20004798,20004783
10367,20004904,20004889,20004874,20004859,20004844,20004829,20004814,20004799
10368,20004920,20004905,20004890,20004875,20004860,20004845,20004830,20004815
10369,20004936,20004921,20004906,20004891,20004876,20004861,20004846,20004831
10370,20004952,20004937,20004922,20004907,20004892,20004877,20004862,20004847
10371,20004968,20004953,20004938,20004923,20004908,20004893,20004878,20004863
10372,20004984,20004969,20004954,20004939,20004924,20004909,20004894,20004879
10373,20005000,20004985,20004970,20004955,20004940,20004925,20004910,20004895
10374,20005016,20005001,20004986,20004971,20004956,20004941,20004926,20004911
10375,20005032,20005017,20005002,20004987,20004972,20004957,20004942,20004927
10376,20005048,20005033,20005018,20005003,20004988,20004973,20004958,20004943
10377,20005064,20005049,20005034,20005019,20005004,20004989,20004974,20004959
10378,20005080,20005065,20005050,20005035,20005020,20005005,20004990,20004975
10379,20005096,20005081,20005066,20005051,20005036,20005021,20005006,20004991
10380,20005112,20005097,20005082,20005067,20005052,20005037,20005022,20005007
10381,20005128,20005113,20005098,20005083,20005068,20005053,20005038,20005023
10382,20005144,20005129,20005114,20005099,20005084,20005069,20005054,20005039
10383,20005160,20005145,20005130,20005115,20005100,20005085,20005070,20005055
10384,20005176,20005161,20005146,20005131,20005116,20005101,20005086,20005071
10385,20005192,20005177,20005162,20005147,20005132,20005117,20005102,20005087
10386,20005208,20005193,20005178,20005163,20005148,20005133,20005118,20005103
10387,20005224,20005209,20005194,20005179,20005164,20005149,20005134,20005119
10388,20005240,20005225,20005210,20005195,20005180,20005165,20005150,20005135
10389,20005256,20005241,20005226,20005211,20005196,20005181,20005166,20005151
10390,20005272,20005257,20005242,20005227,20005212,20005197,20005182,20005167
10391,20005288,20005273,20005258,20005243,20005228,20005213,20005198,20005183
10392,20005304,20005289,20005274,20005259,20005244,20005229,20005214,20005199
10393,20005320,20005305,20005290,20005275,20005260,20005245,20005230,20005215
10394,20005336,20005321,20005306,20005291,20005276,20005261,20005246,20005231
10395,20005352,20005337,20005322,20005307,20005292,20005277,20005262,20005247
10396,20005368,20005353,20005338,20005323,20005308,20005293,20005278,20005263
10397,20005384,20005369,20005354,20005339,20005324,20005309,20005294,20005279
10398,20005400,20005385,20005370,20005355,20005340,20005325,20005310,20005295
10399,20005416,20005401,20005386,20005371,20005356,20005341,20005326,20005311
10400,20005432,20005417,20005402,20005387,20005372,20005357,20005342,20005327
10401,20005448,20005433,20005418,20005403,20005388,20005373,20005358,20005343
10402,20005464,20005449,20005434,20005419,20005404,20005389,20005374,20005359
10403,20005480,20005465,20005450,20005435,20005420,20005405,20005390,20005375
10404,20005496,20005481,20005466,20005451,20005436,20005421,20005406,20005391
10405,20005512,20005497,20005482,20005467,20005452,20005437,20005422,20005407
10406,20005528,20005513,20005498,20005483,20005468,20005453,20005438,20005423
10407,20005544,20005529,20005514,20005499,20005484,20005469,20005454,20005439
10408,20005560,20005545,20005530,20005515,20005500,20005485,20005470,20005455
10409,20005576,20005561,20005546,20005531,20005516,20005501,20005486,20005471
10410,20005592,20005577,20005562,20005547,20005532,20005517,20005502,20005487
10411,20005608,20005593,20005578,20005563,20005548,20005533,20005518,20005503
10412,20005624,20005609,20005594,20005579,20005564,20005549,20005534,20005519
10413,20005640,20005625,20005610,20005595,20005580,20005565,20005550,20005535
10414,20005656,20005641,20005626,20005611,20005596,20005581,20005566,20005551
10415,20005672,20005657,20005642,20005627,20005612,20005597,20005582,20005567
10416,20005688,20005673,20005658,20005643,20005628,20005613,20005598,20005583
10417,20005704,20005689,20005674,20005659,20005644,20005629,20005614,20005599
10418,20005720,20005705,20005690,20005675,20005660,20005645,20005630,20005615
10419,20005736,20005721,20005706,20005691,20005676,20005661,20005646,20005631
10420,20005752,20005737,20005722,20005707,20005692,20005677,20005662,20005647
10421,20005768,20005753,20005738,20005723,20005708,20005693,20005678,20005663
10422,20005784,20005769,20005754,20005739,20005724,20005709,20005694,20005679
10423,20005800,20005785,20005770,20005755,20005740,20005725,20005710,20005695
10424,20005816,20005801,20005786,20005771,20005756,20005741,20005726,20005711
10425,20005832,20005817,20005802,20005787,20005772,20005757,20005742,20005727
10426,20005848,20005833,20005818,20005803,20005788,20005773,20005758,20005743
10427,20005864,20005849,20005834,20005819,20005804,20005789,20005774,20005759
10428,20005880,20005865,20005850,20005835,20005820,20005805,20005790,20005775
10429,20005896,20005881,20005866,20005851,20005836,20005821,20005806,20005791
10430,20005912,20005897,20005882,20005867,20005852,20005837,20005822,20005807
10431,20005928,20005913,20005898,20005883,20005868,20005853,20005838,20005823
10432,20005944,20005929,20005914,20005899,20005884,20005869,20005854,20005839
10433,20005960,20005945,20005930,20005915,20005900,20005885,20005870,20005855
10434,20005976,20005961,20005946,20005931,20005916,20005901,20005886,20005871
10435,20005992,20005977,20005962,20005947,20005932,20005917,20005902,20005887
10436,20006008,20005993,20005978,20005963,20005948,20005933,20005918,20005903
10437,20006024,20006009,20005994,20005979,20005964,20005949,20005934,20005919
10438,20006040,20006025,20006010,20005995,20005980,20005965,20005950,20005935
10439,20006056,20006041,20006026,20006011,20005996,20005981,20005966,20005951
10440,20006072,20006057,20006042,20006027,20006012,20005997,20005982,20005967
10441,20006088,20006073,20006058,20006043,20006028,20006013,20005998,20005983
10442,20006104,20006089,20006074,20006059,20006044,20006029,20006014,20005999
10443,20006120,20006105,20006090,20006075,20006060,20006045,20006030,20006015
10444,20006136,20006121,20006106,20006091,20006076,20006061,20006046,20006031
10445,20006152,20006137,20006122,20006107,20006092,20006077,20006062,20006047
10446,20006168,20006153,20006138,20006123,20006108,20006093,20006078,20006063
10447,20006184,20006169,20006154,20006139,20006124,20006109,20006094,20006079
10448,20006200,20006185,20006170,20006155,20006140,20006125,20006110,20006095
10449,20006216,20006201,20006186,20006171,20006156,20006141,20006126,20006111
10450,20006232,20006217,20006202,20006187,20006172,20006157,20006142,20006127
10451,20006248,20006233,20006218,20006203,20006188,20006173,20006158,20006143
10452,20006264,20006249,20006234,20006219,20006204,20006189,20006174,20006159
10453,20006280,20006265,20006250,20006235,20006220,20006205,20006190,20006175
10454,20006296,20006281,20006266,20006251,20006236,20006221,20006206,20006191
10455,20006312,20006297,20006282,20006267,20006252,20006237,20006222,20006207
10456,20006328,20006313,20006298,20006283,20006268,20006253,20006238,20006223
10457,20006344,20006329,20006314,20006299,20006284,20006269,20006254,20006239
10458,20006360,20006345,20006330,20006315,20006300,20006285,20006270,20006255
10459,20006376,20006361,20006346,20006331,20006316,20006301,20006286,20006271
10460,20006392,20006377,20006362,20006347,20006332,20006317,20006302,20006287
10461,20006408,20006393,20006378,20006363,20006348,20006333,20006318,20006303
10462,20006424,20006409,20006394,20006379,20006364,20006349,20006334,20006319
10463,20006440,20006425,20006410,20006395,20006380,20006365,20006350,20006335
10464,20006456,20006441,20006426,20006411,20006396,20006381,20006366,20006351
10465,20006472,20006457,20006442,20006427,20006412,20006397,20006382,20006367
10466,20006488,20006473,20006458,20006443,20006428,20006413,20006398,20006383
10467,20006504,20006489,20006474,20006459,20006444,20006429,20006414,20006399
10468,20006520,20006505,20006490,20006475,20006460,20006445,20006430,20006415
10469,20006536,20006521,20006506,20006491,20006476,20006461,20006446,20006431
10470,20006552,20006537,20006522,20006507,20006492,20006477,20006462,20006447
10471,20006568,20006553,20006538,20006523,20006508,20006493,20006478,20006463
10472,20006584,20006569,20006554,20006539,20006524,20006509,20006494,20006479
10473,20006600,20006585,20006570,20006555,20006540,20006525,20006510,20006495
10474,20006616,20006601,20006586,20006571,20006556,20006541,20006526,20006511
10475,20006632,20006617,20006602,20006587,20006572,20006557,20006542,20006527
10476,20006648,20006633,20006618,20006603,20006588,20006573,20006558,20006543
10477,20006664,20006649,20006634,20006619,20006604,20006589,20006574,20006559
10478,20006680,20006665,20006650,20006635,20006620,20006605,20006590,20006575
10479,20006696,20006681,20006666,20006651,20006636,20006621,20006606,20006591
10480,20006712,20006697,20006682,20006667,20006652,20006637,20006622,20006607
10481,20006728,20006713,20006698,20006683,20006668,20006653,20006638,20006623
10482,20006744,20006729,20006714,20006699,20006684,20006669,20006654,20006639
10483,20006760,20006745,20006730,20006715,20006700,20006685,20006670,20006655
10484,20006776,20006761,20006746,20006731,20006716,20006701,20006686,20006671
10485,20006792,20006777,20006762,20006747,20006732,20006717,20006702,20006687
10486,20006808,20006793,20006778,20006763,20006748,20006733,20006718,20006703
10487,20006824,20006809,20006794,20006779,20006764,20006749,20006734,20006719
10488,20006840,20006825,20006810,20006795,20006780,20006765,20006750,20006735
10489,20006856,20006841,20006826,20006811,20006796,20006781,20006766,20006751
10490,20006872,20006857,20006842,20006827,20006812,20006797,20006782,20006767
10491,20006888,20006873,20006858,20006843,20006828,20006813,20006798,20006783
10492,20006904,20006889,20006874,20006859,20006844,20006829,20006814,20006799
10493,20006920,20006905,20006890,20006875,20006860,20006845,20006830,20006815
10494,20006936,20006921,20006906,20006891,20006876,20006861,20006846,20006831
10495,20006952,20006937,20006922,20006907,20006892,20006877,20006862,20006847
10496,20006968,20006953,20006938,20006923,20006908,20006893,20006878,20006863
10497,20006984,20006969,20006954,20006939,20006924,20006909,20006894,20006879
10498,20007000,20006985,20006970,20006955,20006940,20006925,20006910,20006895
10499,20007016,20007001,20006986,20006971,20006956,20006941,20006926,20006911
10500,20007032,20007017,20007002,20006987,20006972,20006957,20006942,20006927
10501,20007048,20007033,20007018,20007003,20006988,20006973,20006958,20006943
10502,20007064,20007049,20007034,20007019,20007004,20006989,20006974,20006959
10503,20007080,20007065,20007050,20007035,20007020,20007005,20006990,20006975
10504,20007096,20007081,20007066,20007051,20007036,20007021,20007006,20006991
10505,20007112,20007097,20007082,20007067,20007052,20007037,20007022,20007007
10506,20007128,20007113,20007098,20007083,20007068,20007053,20007038,20007023
10507,20007144,20007129,20007114,20007099,20007084,20007069,20007054,20007039
10508,20007160,20007145,20007130,20007115,20007100,20007085,20007070,20007055
10509,20007176,20007161,20007146,20007131,20007116,20007101,20007086,20007071
10510,20007192,20007177,20007162,20007147,20007132,20007117,20007102,20007087
10511,20007208,20007193,20007178,20007163,20007148,20007133,20007118,20007103
10512,20007224,20007209,20007194,20007179,20007164,20007149,20007134,20007119
10513,20007240,20007225,20007210,20007195,20007180,20007165,20007150,20007135
10514,20007256,20007241,20007226,20007211,20007196,20007181,20007166,20007151
10515,20007272,20007257,20007242,20007227,20007212,20007197,20007182,20007167
10516,20007288,20007273,20007258,20007243,20007228,20007213,20007198,20007183
10517,20007304,20007289,20007274,20007259,20007244,20007229,20007214,20007199
10518,20007320,20007305,20007290,20007275,20007260,20007245,20007230,20007215
10519,20007336,20007321,20007306,20007291,20007276,20007261,20007246,20007231
10520,20007352,20007337,20007322,20007307,20007292,20007277,20007262,20007247
10521,20007368,20007353,20007338,20007323,20007308,20007293,20007278,20007263
10522,20007384,20007369,20007354,20007339,20007324,20007309,20007294,20007279
10523,20007400,20007385,20007370,20007355,20007340,20007325,20007310,20007295
10524,20007416,20007401,20007386,20007371,20007356,20007341,20007326,20007311
10525,20007432,20007417,20007402,20007387,20007372,20007357,20007342,20007327
10526,20007448,20007433,20007418,20007403,20007388,20007373,20007358,20007343
10527,20007464,20007449,20007434,20007419,20007404,20007389,20007374,20007359
10528,20007480,20007465,20007450,20007435,20007420,20007405,20007390,20007375
10529,20007496,20007481,20007466,20007451,20007436,20007421,20007406,20007391
10530,20007512,20007497,20007482,20007467,20007452,20007437,20007422,20007407
10531,20007528,20007513,20007498,20007483,20007468,20007453,20007438,20007423
10532,20007544,20007529,20007514,20007499,20007484,20007469,20007454,20007439
10533,20007560,20007545,20007530,20007515,20007500,20007485,20007470,20007455
10534,20007576,20007561,20007546,20007531,20007516,20007501,20007486,20007471
10535,20007592,20007577,20007562,20007547,20007532,20007517,20007502,20007487
10536,20007608,20007593,20007578,20007563,20007548,20007533,20007518,20007503
10537,20007624,20007609,20007594,20007579,20007564,20007549,20007534,20007519
10538,20007640,20007625,20007610,20007595,20007580,20007565,20007550,20007535
10539,20007656,20007641,20007626,20007611,20007596,20007581,20007566,20007551
10540,20007672,20007657,20007642,20007627,20007612,20007597,20007582,20007567
10541,20007688,20007673,20007658,20007643,20007628,20007613,20007598,20007583
10542,20007704,20007689,20007674,20007659,20007644,20007629,20007614,20007599
10543,20007720,20007705,20007690,20007675,20007660,20007645,20007630,20007615
10544,20007736,20007721,20007706,20007691,20007676,20007661,20007646,20007631
10545,20007752,20007737,20007722,20007707,20007692,20007677,20007662,20007647
10546,20007768,20007753,20007738,20007723,20007708,20007693,20007678,20007663
10547,20007784,20007769,20007754,20007739,20007724,20007709,20007694,20007679
10548,20007800,20007785,20007770,20007755,20007740,20007725,20007710,20007695
10549,20007816,20007801,20007786,20007771,20007756,20007741,20007726,20007711
10550,20007832,20007817,20007802,20007787,20007772,20007757,20007742,20007727
10551,20007848,20007833,20007818,20007803,20007788,20007773,20007758,20007743
10552,20007864,20007849,20007834,20007819,20007804,20007789,20007774,20007759
10553,20007880,20007865,20007850,20007835,20007820,20007805,20007790,20007775
10554,20007896,20007881,20007866,20007851,20007836,20007821,20007806,20007791
10555,20007912,20007897,20007882,20007867,20007852,20007837,20007822,20007807
10556,20007928,20007913,20007898,20007883,20007868,20007853,20007838,20007823
10557,20007944,20007929,20007914,20007899,20007884,20007869,20007854,20007839
10558,20007960,20007945,20007930,20007915,20007900,20007885,20007870,20007855
10559,20007976,20007961,20007946,20007931,20007916,20007901,20007886,20007871
10560,20007992,20007977,20007962,20007947,20007932,20007917,20007902,20007887
10561,20008008,20007993,20007978,20007963,20007948,20007933,20007918,20007903
10562,20008024,20008009,20007994,20007979,20007964,20007949,20007934,20007919
10563,20008040,20008025,20008010,20007995,20007980,20007965,20007950,20007935
10564,20008056,20008041,20008026,20008011,20007996,20007981,20007966,20007951
10565,20008072,20008057,20008042,20008027,20008012,20007997,20007982,20007967
10566,20008088,20008073,20008058,20008043,20008028,20008013,20007998,20007983
10567,20008104,20008089,20008074,20008059,20008044,20008029,20008014,20007999
10568,20008120,20008105,20008090,20008075,20008060,20008045,20008030,20008015
10569,20008136,20008121,20008106,20008091,20008076,20008061,20008046,20008031
10570,20008152,20008137,20008122,20008107,20008092,20008077,20008062,20008047
10571,20008168,20008153,20008138,20008123,20008108,20008093,20008078,20008063
10572,20008184,20008169,20008154,20008139,20008124,20008109,20008094,20008079
10573,20008200,20008185,20008170,20008155,20008140,20008125,20008110,20008095
10574,20008216,20008201,20008186,20008171,20008156,20008141,20008126,20008111
10575,20008232,20008217,20008202,20008187,20008172,20008157,20008142,20008127
10576,20008248,20008233,20008218,20008203,20008188,20008173,20008158,20008143
10577,20008264,20008249,20008234,20008219,20008204,20008189,20008174,20008159
10578,20008280,20008265,20008250,20008235,20008220,20008205,20008190,20008175
10579,20008296,20008281,20008266,20008251,20008236,20008221,20008206,20008191
10580,20008312,20008297,20008282,20008267,20008252,20008237,20008222,20008207
10581,20008328,20008313,20008298,20008283,20008268,20008253,20008238,20008223
10582,20008344,20008329,20008314,20008299,20008284,20008269,20008254,20008239
10583,20008360,20008345,20008330,20008315,20008300,20008285,20008270,20008255
10584,20008376,20008361,20008346,20008331,20008316,20008301,20008286,20008271
10585,20008392,20008377,20008362,20008347,20008332,20008317,20008302,20008287
10586,20008408,20008393,20008378,20008363,20008348,20008333,20008318,20008303
10587,20008424,20008409,20008394,20008379,20008364,20008349,20008334,20008319
10588,20008440,20008425,20008410,20008395,20008380,20008365,20008350,20008335
10589,20008456,20008441,20008426,20008411,20008396,20008381,20008366,20008351
10590,20008472,20008457,20008442,20008427,20008412,20008397,20008382,20008367
10591,20008488,20008473,20008458,20008443,20008428,20008413,20008398,20008383
10592,20008504,20008489,20008474,20008459,20008444,20008429,20008414,20008399
10593,20008520,20008505,20008490,20008475,20008460,20008445,20008430,20008415
10594,20008536,20008521,20008506,20008491,20008476,20008461,20008446,20008431
10595,20008552,20008537,20008522,20008507,20008492,20008477,20008462,20008447
10596,20008568,20008553,20008538,20008523,20008508,20008493,20008478,20008463
10597,20008584,20008569,20008554,20008539,20008524,20008509,20008494,20008479
10598,20008600,20008585,20008570,20008555,20008540,20008525,20008510,20008495
10599,20008616,20008601,20008586,20008571,20008556,20008541,20008526,20008511
10600,20008632,20008617,20008602,20008587,20008572,20008557,20008542,20008527
10601,20008648,20008633,20008618,20008603,20008588,20008573,20008558,20008543
10602,20008664,20008649,20008634,20008619,20008604,20008589,20008574,20008559
10603,20008680,20008665,20008650,20008635,20008620,20008605,20008590,20008575
10604,20008696,20008681,20008666,20008651,20008636,20008621,20008606,20008591
10605,20008712,20008697,20008682,20008667,20008652,20008637,20008622,20008607
10606,20008728,20008713,20008698,20008683,20008668,20008653,20008638,20008623
10607,20008744,20008729,20008714,20008699,20008684,20008669,20008654,20008639
10608,20008760,20008745,20008730,20008715,20008700,20008685,20008670,20008655
10609,20008776,20008761,20008746,20008731,20008716,20008701,20008686,20008671
10610,20008792,20008777,20008762,20008747,20008732,20008717,20008702,20008687
10611,20008808,20008793,20008778,20008763,20008748,20008733,20008718,20008703
10612,20008824,20008809,20008794,20008779,20008764,20008749,20008734,20008719
10613,20008840,20008825,20008810,20008795,20008780,20008765,20008750,20008735
10614,20008856,20008841,20008826,20008811,20008796,20008781,20008766,20008751
10615,20008872,20008857,20008842,20008827,20008812,20008797,20008782,20008767
10616,20008888,20008873,20008858,20008843,20008828,20008813,20008798,20008783
10617,20008904,20008889,20008874,20008859,20008844,20008829,20008814,20008799
10618,20008920,20008905,20008890,20008875,20008860,20008845,20008830,20008815
10619,20008936,20008921,20008906,20008891,20008876,20008861,20008846,20008831
10620,20008952,20008937,20008922,20008907,20008892,20008877,20008862,20008847
10621,20008968,20008953,20008938,20008923,20008908,20008893,20008878,20008863
10622,20008984,20008969,20008954,20008939,20008924,20008909,20008894,20008879
10623,20009000,20008985,20008970,20008955,20008940,20008925,20008910,20008895
10624,20009016,20009001,20008986,20008971,20008956,20008941,20008926,20008911
10625,20009032,20009017,20009002,20008987,20008972,20008957,20008942,20008927
10626,20009048,20009033,20009018,20009003,20008988,20008973,20008958,20008943
10627,20009064,20009049,20009034,20009019,20009004,20008989,20008974,20008959
10628,20009080,20009065,20009050,20009035,20009020,20009005,20008990,20008975
10629,20009096,20009081,20009066,20009051,20009036,20009021,20009006,20008991
10630,20009112,20009097,20009082,20009067,20009052,20009037,20009022,20009007
10631,20009128,20009113,20009098,20009083,20009068,20009053,20009038,20009023
10632,20009144,20009129,20009114,20009099,20009084,20009069,20009054,20009039
10633,20009160,20009145,20009130,20009115,20009100,20009085,20009070,20009055
10634,20009176,20009161,20009146,20009131,20009116,20009101,20009086,20009071
10635,20009192,20009177,20009162,20009147,20009132,20009117,20009102,20009087
10636,20009208,20009193,20009178,20009163,20009148,20009133,20009118,20009103
10637,20009224,20009209,20009194,20009179,20009164,20009149,20009134,20009119
10638,20009240,20009225,20009210,20009195,20009180,20009165,20009150,20009135
10639,20009256,20009241,20009226,20009211,20009196,20009181,20009166,20009151
10640,20009272,20009257,20009242,20009227,20009212,20009197,20009182,20009167
10641,20009288,20009273,20009258,20009243,20009228,20009213,20009198,20009183
10642,20009304,20009289,20009274,20009259,20009244,20009229,20009214,20009199
10643,20009320,20009305,20009290,20009275,20009260,20009245,20009230,20009215
10644,20009336,20009321,20009306,20009291,20009276,20009261,20009246,20009231
10645,20009352,20009337,20009322,20009307,20009292,20009277,20009262,20009247
10646,20009368,20009353,20009338,20009323,20009308,20009293,20009278,20009263
10647,20009384,20009369,20009354,20009339,20009324,20009309,20009294,20009279
10648,20009400,20009385,20009370,20009355,20009340,20009325,20009310,20009295
10649,20009416,20009401,20009386,20009371,20009356,20009341,20009326,20009311
10650,20009432,20009417,20009402,20009387,20009372,20009357,20009342,20009327
10651,20009448,20009433,20009418,20009403,20009388,20009373,20009358,20009343
10652,20009464,20009449,20009434,20009419,20009404,20009389,20009374,20009359
10653,20009480,20009465,20009450,20009435,20009420,20009405,20009390,20009375
10654,20009496,20009481,20009466,20009451,20009436,20009421,20009406,20009391
10655,20009512,20009497,20009482,20009467,20009452,20009437,20009422,20009407
10656,20009528,20009513,20009498,20009483,20009468,20009453,20009438,20009423
10657,20009544,20009529,20009514,20009499,20009484,20009469,20009454,20009439
10658,20009560,20009545,20009530,20009515,20009500,20009485,20009470,20009455
10659,20009576,20009561,20009546,20009531,20009516,20009501,20009486,20009471
10660,20009592,20009577,20009562,20009547,20009532,20009517,20009502,20009487
10661,20009608,20009593,20009578,20009563,20009548,20009533,20009518,20009503
10662,20009624,20009609,20009594,20009579,20009564,20009549,20009534,20009519
10663,20009640,20009625,20009610,20009595,20009580,20009565,20009550,20009535
10664,20009656,20009641,20009626,20009611,20009596,20009581,20009566,20009551
10665,20009672,20009657,20009642,20009627,20009612,20009597,20009582,20009567
10666,20009688,20009673,20009658,20009643,20009628,20009613,20009598,20009583
10667,20009704,20009689,20009674,20009659,20009644,20009629,20009614,20009599
10668,20009720,20009705,20009690,20009675,20009660,20009645,20009630,20009615
10669,20009736,20009721,20009706,20009691,20009676,20009661,20009646,20009631
10670,20009752,20009737,20009722,20009707,20009692,20009677,20009662,20009647
10671,20009768,20009753,20009738,20009723,20009708,20009693,20009678,20009663
10672,20009784,20009769,20009754,20009739,20009724,20009709,20009694,20009679
10673,20009800,20009785,20009770,20009755,20009740,20009725,20009710,20009695
10674,20009816,20009801,20009786,20009771,20009756,20009741,20009726,20009711
10675,20009832,20009817,20009802,20009787,20009772,20009757,20009742,20009727
10676,20009848,20009833,20009818,20009803,20009788,20009773,20009758,20009743
10677,20009864,20009849,20009834,20009819,20009804,20009789,20009774,20009759
10678,20009880,20009865,20009850,20009835,20009820,20009805,20009790,20009775
10679,20009896,20009881,20009866,20009851,20009836,20009821,20009806,20009791
10680,20009912,20009897,20009882,20009867,20009852,20009837,20009822,20009807
10681,20009928,20009913,20009898,20009883,20009868,20009853,20009838,20009823
10682,20009944,20009929,20009914,20009899,20009884,20009869,20009854,20009839
10683,20009960,20009945,20009930,20009915,20009900,20009885,20009870,20009855
10684,20009976,20009961,20009946,20009931,20009916,20009901,20009886,20009871
10685,20009992,20009977,20009962,20009947,20009932,20009917,20009902,20009887
10686,20010008,20009993,20009978,20009963,20009948,20009933,20009918,20009903
10687,20010024,20010009,20009994,20009979,20009964,20009949,20009934,20009919
10688,20010040,20010025,20010010,20009995,20009980,20009965,20009950,20009935
10689,20010056,20010041,20010026,20010011,20009996,20009981,20009966,20009951
10690,20010072,20010057,20010042,20010027,20010012,20009997,20009982,20009967
10691,20010088,20010073,20010058,20010043,20010028,20010013,20009998,20009983
10692,20010104,20010089,20010074,20010059,20010044,20010029,20010014,20009999
10693,20010120,20010105,20010090,20010075,20010060,20010045,20010030,20010015
10694,20010136,20010121,20010106,20010091,20010076,20010061,20010046,20010031
10695,20010152,20010137,20010122,20010107,20010092,20010077,20010062,20010047
10696,20010168,20010153,20010138,20010123,20010108,20010093,20010078,20010063
10697,20010184,20010169,20010154,20010139,20010124,20010109,20010094,20010079
10698,20010200,20010185,20010170,20010155,20010140,20010125,20010110,20010095
10699,20010216,20010201,20010186,20010171,20010156,20010141,20010126,20010111
10700,20010232,20010217,20010202,20010187,20010172,20010157,20010142,20010127
10701,20010248,20010233,20010218,20010203,20010188,20010173,20010158,20010143
10702,20010264,20010249,20010234,20010219,20010204,20010189,20010174,20010159
10703,20010280,20010265,20010250,20010235,20010220,20010205,20010190,20010175
10704,20010296,20010281,20010266,20010251,20010236,20010221,20010206,20010191
10705,20010312,20010297,20010282,20010267,20010252,20010237,20010222,20010207
10706,20010328,20010313,20010298,20010283,20010268,20010253,20010238,20010223
10707,20010344,20010329,20010314,20010299,20010284,20010269,20010254,20010239
10708,20010360,20010345,20010330,20010315,20010300,20010285,20010270,20010255
10709,20010376,20010361,20010346,20010331,20010316,20010301,20010286,20010271
10710,20010392,20010377,20010362,20010347,20010332,20010317,20010302,20010287
10711,20010408,20010393,20010378,20010363,20010348,20010333,20010318,20010303
10712,20010424,20010409,20010394,20010379,20010364,20010349,20010334,20010319
10713,20010440,20010425,20010410,20010395,20010380,20010365,20010350,20010335
10714,20010456,20010441,20010426,20010411,20010396,20010381,20010366,20010351
10715,20010472,20010457,20010442,20010427,20010412,20010397,20010382,20010367
10716,20010488,20010473,20010458,20010443,20010428,20010413,20010398,20010383
10717,20010504,20010489,20010474,20010459,20010444,20010429,20010414,20010399
10718,20010520,20010505,20010490,20010475,20010460,20010445,20010430,20010415
10719,20010536,20010521,20010506,20010491,20010476,20010461,20010446,20010431
10720,20010552,20010537,20010522,20010507,20010492,20010477,20010462,20010447
10721,20010568,20010553,20010538,20010523,20010508,20010493,20010478,20010463
10722,20010584,20010569,20010554,20010539,20010524,20010509,20010494,20010479
10723,20010600,20010585,20010570,20010555,20010540,20010525,20010510,20010495
10724,20010616,20010601,20010586,20010571,20010556,20010541,20010526,20010511
10725,20010632,20010617,20010602,20010587,20010572,20010557,20010542,20010527
10726,20010648,20010633,20010618,20010603,20010588,20010573,20010558,20010543
10727,20010664,20010649,20010634,20010619,20010604,20010589,20010574,20010559
10728,20010680,20010665,20010650,20010635,20010620,20010605,20010590,20010575
10729,20010696,20010681,20010666,20010651,20010636,20010621,20010606,20010591
10730,20010712,20010697,20010682,20010667,20010652,20010637,20010622,20010607
10731,20010728,20010713,20010698,20010683,20010668,20010653,20010638,20010623
10732,20010744,20010729,20010714,20010699,20010684,20010669,20010654,20010639
10733,20010760,20010745,20010730,20010715,20010700,20010685,20010670,20010655
10734,20010776,20010761,20010746,20010731,20010716,20010701,20010686,20010671
10735,20010792,20010777,20010762,20010747,20010732,20010717,20010702,20010687
10736,20010808,20010793,20010778,20010763,20010748,20010733,20010718,20010703
10737,20010824,20010809,20010794,20010779,20010764,20010749,20010734,20010719
10738,20010840,20010825,20010810,20010795,20010780,20010765,20010750,20010735
10739,20010856,20010841,20010826,20010811,20010796,20010781,20010766,20010751
10740,20010872,20010857,20010842,20010827,20010812,20010797,20010782,20010767
10741,20010888,20010873,20010858,20010843,20010828,20010813,20010798,20010783
10742,20010904,20010889,20010874,20010859,20010844,20010829,20010814,20010799
10743,20010920,20010905,20010890,20010875,20010860,20010845,20010830,20010815
10744,20010936,20010921,20010906,20010891,20010876,20010861,20010846,20010831
10745,20010952,20010937,20010922,20010907,20010892,20010877,20010862,20010847
10746,20010968,20010953,20010938,20010923,20010908,20010893,20010878,20010863
10747,20010984,20010969,20010954,20010939,20010924,20010909,20010894,20010879
10748,20011000,20010985,20010970,20010955,20010940,20010925,20010910,20010895
10749,20011016,20011001,20010986,20010971,20010956,20010941,20010926,20010911
10750,20011032,20011017,20011002,20010987,20010972,20010957,20010942,20010927
10751,20011048,20011033,20011018,20011003,20010988,20010973,20010958,20010943
10752,20011064,20011049,20011034,20011019,20011004,20010989,20010974,20010959
10753,20011080,20011065,20011050,20011035,20011020,20011005,20010990,20010975
10754,20011096,20011081,20011066,20011051,20011036,20011021,20011006,20010991
10755,20011112,20011097,20011082,20011067,20011052,20011037,20011022,20011007
10756,20011128,20011113,20011098,20011083,20011068,20011053,20011038,20011023
10757,20011144,20011129,20011114,20011099,20011084,20011069,20011054,20011039
10758,20011160,20011145,20011130,20011115,20011100,20011085,20011070,20011055
10759,20011176,20011161,20011146,20011131,20011116,20011101,20011086,20011071
10760,20011192,20011177,20011162,20011147,20011132,20011117,20011102,20011087
10761,20011208,20011193,20011178,20011163,20011148,20011133,20011118,20011103
10762,20011224,20011209,20011194,20011179,20011164,20011149,20011134,20011119
10763,20011240,20011225,20011210,20011195,20011180,20011165,20011150,20011135
10764,20011256,20011241,20011226,20011211,20011196,20011181,20011166,20011151
10765,20011272,20011257,20011242,20011227,20011212,20011197,20011182,20011167
10766,20011288,20011273,20011258,20011243,20011228,20011213,20011198,20011183
10767,20011304,20011289,20011274,20011259,20011244,20011229,20011214,20011199
10768,20011320,20011305,20011290,20011275,20011260,20011245,20011230,20011215
10769,20011336,20011321,20011306,20011291,20011276,20011261,20011246,20011231
10770,20011352,20011337,20011322,20011307,20011292,20011277,20011262,20011247
10771,20011368,20011353,20011338,20011323,20011308,20011293,20011278,20011263
10772,20011384,20011369,20011354,20011339,20011324,20011309,20011294,20011279
10773,20011400,20011385,20011370,20011355,20011340,20011325,20011310,20011295
10774,20011416,20011401,20011386,20011371,20011356,20011341,20011326,20011311
10775,20011432,20011417,20011402,20011387,20011372,20011357,20011342,20011327
10776,20011448,20011433,20011418,20011403,20011388,20011373,20011358,20011343
10777,20011464,20011449,20011434,20011419,20011404,20011389,20011374,20011359
10778,20011480,20011465,20011450,20011435,20011420,20011405,20011390,20011375
10779,20011496,20011481,20011466,20011451,20011436,20011421,20011406,20011391
10780,20011512,20011497,20011482,20011467,20011452,20011437,20011422,20011407
10781,20011528,20011513,20011498,20011483,20011468,20011453,20011438,20011423
10782,20011544,20011529,20011514,20011499,20011484,20011469,20011454,20011439
10783,20011560,20011545,20011530,20011515,20011500,20011485,20011470,20011455
10784,20011576,20011561,20011546,20011531,20011516,20011501,20011486,20011471
10785,20011592,20011577,20011562,20011547,20011532,20011517,20011502,20011487
10786,20011608,20011593,20011578,20011563,20011548,20011533,20011518,20011503
10787,20011624,20011609,20011594,20011579,20011564,20011549,20011534,20011519
10788,20011640,20011625,20011610,20011595,20011580,20011565,20011550,20011535
10789,20011656,20011641,20011626,20011611,20011596,20011581,20011566,20011551
10790,20011672,20011657,20011642,20011627,20011612,20011597,20011582,20011567
10791,20011688,20011673,20011658,20011643,20011628,20011613,20011598,20011583
10792,20011704,20011689,20011674,20011659,20011644,20011629,20011614,20011599
10793,20011720,20011705,20011690,20011675,20011660,20011645,20011630,20011615
10794,20011736,20011721,20011706,20011691,20011676,20011661,20011646,20011631
10795,20011752,20011737,20011722,20011707,20011692,20011677,20011662,20011647
10796,20011768,20011753,20011738,20011723,20011708,20011693,20011678,20011663
10797,20011784,20011769,20011754,20011739,20011724,20011709,20011694,20011679
10798,20011800,20011785,20011770,20011755,20011740,20011725,20011710,20011695
10799,20011816,20011801,20011786,20011771,20011756,20011741,20011726,20011711
10800,20011832,20011817,20011802,20011787,20011772,20011757,20011742,20011727
10801,20011848,20011833,20011818,20011803,20011788,20011773,20011758,20011743
10802,20011864,20011849,20011834,20011819,20011804,20011789,20011774,20011759
10803,20011880,20011865,20011850,20011835,20011820,20011805,20011790,20011775
10804,20011896,20011881,20011866,20011851,20011836,20011821,20011806,20011791
10805,20011912,20011897,20011882,20011867,20011852,20011837,20011822,20011807
10806,20011928,20011913,20011898,20011883,20011868,20011853,20011838,20011823
10807,20011944,20011929,20011914,20011899,20011884,20011869,20011854,20011839
10808,20011960,20011945,20011930,20011915,20011900,20011885,20011870,20011855
10809,20011976,20011961,20011946,20011931,20011916,20011901,20011886,20011871
10810,20011992,20011977,20011962,20011947,20011932,20011917,20011902,20011887
10811,20012008,20011993,20011978,20011963,20011948,20011933,20011918,20011903
10812,20012024,20012009,20011994,20011979,20011964,20011949,20011934,20011919
10813,20012040,20012025,20012010,20011995,20011980,20011965,20011950,20011935
10814,20012056,20012041,20012026,20012011,20011996,20011981,20011966,20011951
10815,20012072,20012057,20012042,20012027,20012012,20011997,20011982,20011967
10816,20012088,20012073,20012058,20012043,20012028,20012013,20011998,20011983
10817,20012104,20012089,20012074,20012059,20012044,20012029,20012014,20011999
10818,20012120,20012105,20012090,20012075,20012060,20012045,20012030,20012015
10819,20012136,20012121,20012106,20012091,20012076,20012061,20012046,20012031
10820,20012152,20012137,20012122,20012107,20012092,20012077,20012062,20012047
10821,20012168,20012153,20012138,20012123,20012108,20012093,20012078,20012063
10822,20012184,20012169,20012154,20012139,20012124,20012109,20012094,20012079
10823,20012200,20012185,20012170,20012155,20012140,20012125,20012110,20012095
10824,20012216,20012201,20012186,20012171,20012156,20012141,20012126,20012111
10825,20012232,20012217,20012202,20012187,20012172,20012157,20012142,20012127
10826,20012248,20012233,20012218,20012203,20012188,20012173,20012158,20012143
10827,20012264,20012249,20012234,20012219,20012204,20012189,20012174,20012159
10828,20012280,20012265,20012250,20012235,20012220,20012205,20012190,20012175
10829,20012296,20012281,20012266,20012251,20012236,20012221,20012206,20012191
10830,20012312,20012297,20012282,20012267,20012252,20012237,20012222,20012207
10831,20012328,20012313,20012298,20012283,20012268,20012253,20012238,20012223
10832,20012344,20012329,20012314,20012299,20012284,20012269,20012254,20012239
10833,20012360,20012345,20012330,20012315,20012300,20012285,20012270,20012255
10834,20012376,20012361,20012346,20012331,20012316,20012301,20012286,20012271
10835,20012392,20012377,20012362,20012347,20012332,20012317,20012302,20012287
10836,20012408,20012393,20012378,20012363,20012348,20012333,20012318,20012303
10837,20012424,20012409,20012394,20012379,20012364,20012349,20012334,20012319
10838,20012440,20012425,20012410,20012395,20012380,20012365,20012350,20012335
10839,20012456,20012441,20012426,20012411,20012396,20012381,20012366,20012351
10840,20012472,20012457,20012442,20012427,20012412,20012397,20012382,20012367
10841,20012488,20012473,20012458,20012443,20012428,20012413,20012398,20012383
10842,20012504,20012489,20012474,20012459,20012444,20012429,20012414,20012399
10843,20012520,20012505,20012490,20012475,20012460,20012445,20012430,20012415
10844,20012536,20012521,20012506,20012491,20012476,20012461,20012446,20012431
10845,20012552,20012537,20012522,20012507,20012492,20012477,20012462,20012447
10846,20012568,20012553,20012538,20012523,20012508,20012493,20012478,20012463
10847,20012584,20012569,20012554,20012539,20012524,20012509,20012494,20012479
10848,20012600,20012585,20012570,20012555,20012540,20012525,20012510,20012495
10849,20012616,20012601,20012586,20012571,20012556,20012541,20012526,20012511
10850,20012632,20012617,20012602,20012587,20012572,20012557,20012542,20012527
10851,20012648,20012633,20012618,20012603,20012588,20012573,20012558,20012543
10852,20012664,20012649,20012634,20012619,20012604,20012589,20012574,20012559
10853,20012680,20012665,20012650,20012635,20012620,20012605,20012590,20012575
10854,20012696,20012681,20012666,20012651,20012636,20012621,20012606,20012591
10855,20012712,20012697,20012682,20012667,20012652,20012637,20012622,20012607
10856,20012728,20012713,20012698,20012683,20012668,20012653,20012638,20012623
10857,20012744,20012729,20012714,20012699,20012684,20012669,20012654,20012639
10858,20012760,20012745,20012730,20012715,20012700,20012685,20012670,20012655
10859,20012776,20012761,20012746,20012731,20012716,20012701,20012686,20012671
10860,20012792,20012777,20012762,20012747,20012732,20012717,20012702,20012687
10861,20012808,20012793,20012778,20012763,20012748,20012733,20012718,20012703
10862,20012824,20012809,20012794,20012779,20012764,20012749,20012734,20012719
10863,20012840,20012825,20012810,20012795,20012780,20012765,20012750,20012735
10864,20012856,20012841,20012826,20012811,20012796,20012781,20012766,20012751
10865,20012872,20012857,20012842,20012827,20012812,20012797,20012782,20012767
10866,20012888,20012873,20012858,20012843,20012828,20012813,20012798,20012783
10867,20012904,20012889,20012874,20012859,20012844,20012829,20012814,20012799
10868,20012920,20012905,20012890,20012875,20012860,20012845,20012830,20012815
10869,20012936,20012921,20012906,20012891,20012876,20012861,20012846,20012831
10870,20012952,20012937,20012922,20012907,20012892,20012877,20012862,20012847
10871,20012968,20012953,20012938,20012923,20012908,20012893,20012878,20012863
10872,20012984,20012969,20012954,20012939,20012924,20012909,20012894,20012879
10873,20013000,20012985,20012970,20012955,20012940,20012925,20012910,20012895
10874,20013016,20013001,20012986,20012971,20012956,20012941,20012926,20012911
10875,20013032,20013017,20013002,20012987,20012972,20012957,20012942,20012927
10876,20013048,20013033,20013018,20013003,20012988,20012973,20012958,20012943
10877,20013064,20013049,20013034,20013019,20013004,20012989,20012974,20012959
10878,20013080,20013065,20013050,20013035,20013020,20013005,20012990,20012975
10879,20013096,20013081,20013066,20013051,20013036,20013021,20013006,20012991
10880,20013112,20013097,20013082,20013067,20013052,20013037,20013022,20013007
10881,20013128,20013113,20013098,20013083,20013068,20013053,20013038,20013023
10882,20013144,20013129,20013114,20013099,20013084,20013069,20013054,20013039
10883,20013160,20013145,20013130,20013115,20013100,20013085,20013070,20013055
10884,20013176,20013161,20013146,20013131,20013116,20013101,20013086,20013071
10885,20013192,20013177,20013162,20013147,20013132,20013117,20013102,20013087
10886,20013208,20013193,20013178,20013163,20013148,20013133,20013118,20013103
10887,20013224,20013209,20013194,20013179,20013164,20013149,20013134,20013119
10888,20013240,20013225,20013210,20013195,20013180,20013165,20013150,20013135
10889,20013256,20013241,20013226,20013211,20013196,20013181,20013166,20013151
10890,20013272,20013257,20013242,20013227,20013212,20013197,20013182,20013167
10891,20013288,20013273,20013258,20013243,20013228,20013213,20013198,20013183
10892,20013304,20013289,20013274,20013259,20013244,20013229,20013214,20013199
10893,20013320,20013305,20013290,20013275,20013260,20013245,20013230,20013215
10894,20013336,20013321,20013306,20013291,20013276,20013261,20013246,20013231
10895,20013352,20013337,20013322,20013307,20013292,20013277,20013262,20013247
10896,20013368,20013353,20013338,20013323,20013308,20013293,20013278,20013263
10897,20013384,20013369,20013354,20013339,20013324,20013309,20013294,20013279
10898,20013400,20013385,20013370,20013355,20013340,20013325,20013310,20013295
10899,20013416,20013401,20013386,20013371,20013356,20013341,20013326,20013311
10900,20013432,20013417,20013402,20013387,20013372,20013357,20013342,20013327
10901,20013448,20013433,20013418,20013403,20013388,20013373,20013358,20013343
10902,20013464,20013449,20013434,20013419,20013404,20013389,20013374,20013359
10903,20013480,20013465,20013450,20013435,20013420,20013405,20013390,20013375
10904,20013496,20013481,20013466,20013451,20013436,20013421,20013406,20013391
10905,20013512,20013497,20013482,20013467,20013452,20013437,20013422,20013407
10906,20013528,20013513,20013498,20013483,20013468,20013453,20013438,20013423
10907,20013544,20013529,20013514,20013499,20013484,20013469,20013454,20013439
10908,20013560,20013545,20013530,20013515,20013500,20013485,20013470,20013455
10909,20013576,20013561,20013546,20013531,20013516,20013501,20013486,20013471
10910,20013592,20013577,20013562,20013547,20013532,20013517,20013502,20013487
10911,20013608,20013593,20013578,20013563,20013548,20013533,20013518,20013503
10912,20013624,20013609,20013594,20013579,20013564,20013549,20013534,20013519
10913,20013640,20013625,20013610,20013595,20013580,20013565,20013550,20013535
10914,20013656,20013641,20013626,20013611,20013596,20013581,20013566,20013551
10915,20013672,20013657,20013642,20013627,20013612,20013597,20013582,20013567
10916,20013688,20013673,20013658,20013643,20013628,20013613,20013598,20013583
10917,20013704,20013689,20013674,20013659,20013644,20013629,20013614,20013599
10918,20013720,20013705,20013690,20013675,20013660,20013645,20013630,20013615
10919,20013736,20013721,20013706,20013691,20013676,20013661,20013646,20013631
10920,20013752,20013737,20013722,20013707,20013692,20013677,20013662,20013647
10921,20013768,20013753,20013738,20013723,20013708,20013693,20013678,20013663
10922,20013784,20013769,20013754,20013739,20013724,20013709,20013694,20013679
10923,20013800,20013785,20013770,20013755,20013740,20013725,20013710,20013695
10924,20013816,20013801,20013786,20013771,20013756,20013741,20013726,20013711
10925,20013832,20013817,20013802,20013787,20013772,20013757,20013742,20013727
10926,20013848,20013833,20013818,20013803,20013788,20013773,20013758,20013743
10927,20013864,20013849,20013834,20013819,20013804,20013789,20013774,20013759
10928,20013880,20013865,20013850,20013835,20013820,20013805,20013790,20013775
10929,20013896,20013881,20013866,20013851,20013836,20013821,20013806,20013791
10930,20013912,20013897,20013882,20013867,20013852,20013837,20013822,20013807
10931,20013928,20013913,20013898,20013883,20013868,20013853,20013838,20013823
10932,20013944,20013929,20013914,20013899,20013884,20013869,20013854,20013839
10933,20013960,20013945,20013930,20013915,20013900,20013885,20013870,20013855
10934,20013976,20013961,20013946,20013931,20013916,20013901,20013886,20013871
10935,20013992,20013977,20013962,20013947,20013932,20013917,20013902,20013887
10936,20014008,20013993,20013978,20013963,20013948,20013933,20013918,20013903
10937,20014024,20014009,20013994,20013979,20013964,20013949,20013934,20013919
10938,20014040,20014025,20014010,20013995,20013980,20013965,20013950,20013935
10939,20014056,20014041,20014026,20014011,20013996,20013981,20013966,20013951
10940,20014072,20014057,20014042,20014027,20014012,20013997,20013982,20013967
10941,20014088,20014073,20014058,20014043,20014028,20014013,20013998,20013983
10942,20014104,20014089,20014074,20014059,20014044,20014029,20014014,20013999
10943,20014120,20014105,20014090,20014075,20014060,20014045,20014030,20014015
10944,20014136,20014121,20014106,20014091,20014076,20014061,20014046,20014031
10945,20014152,20014137,20014122,20014107,20014092,20014077,20014062,20014047
10946,20014168,20014153,20014138,20014123,20014108,20014093,20014078,20014063
10947,20014184,20014169,20014154,20014139,20014124,20014109,20014094,20014079
10948,20014200,20014185,20014170,20014155,20014140,20014125,20014110,20014095
10949,20014216,20014201,20014186,20014171,20014156,20014141,20014126,20014111
10950,20014232,20014217,20014202,20014187,20014172,20014157,20014142,20014127
10951,20014248,20014233,20014218,20014203,20014188,20014173,20014158,20014143
10952,20014264,20014249,20014234,20014219,20014204,20014189,20014174,20014159
10953,20014280,20014265,20014250,20014235,20014220,20014205,20014190,20014175
10954,20014296,20014281,20014266,20014251,20014236,20014221,20014206,20014191
10955,20014312,20014297,20014282,20014267,20014252,20014237,20014222,20014207
10956,20014328,20014313,20014298,20014283,20014268,20014253,20014238,20014223
10957,20014344,20014329,20014314,20014299,20014284,20014269,20014254,20014239
10958,20014360,20014345,20014330,20014315,20014300,20014285,20014270,20014255
10959,20014376,20014361,20014346,20014331,20014316,20014301,20014286,20014271
10960,20014392,20014377,20014362,20014347,20014332,20014317,20014302,20014287
10961,-1,20014393,20014378,20014363,20014348,20014333,20014318,20014303
10962,-1,-1,20014394,20014379,20014364,20014349,20014334,20014319
10963,-1,-1,-1,20014395,20014380,20014365,20014350,20014335
10964,-1,-1,-1,-1,20014396,20014381,20014366,20014351
10965,-1,-1,-1,-1,-1,20014397,20014382,20014367
10966,-1,-1,-1,-1,-1,-1,20014398,20014383
10967,-1,-1,-1,-1,-1,-1,-1,20014399
10968,-1,-1,-1,-1,-1,-1,-1,-1
10969,-1,-1,-1,-1,-1,-1,-1,-1
10970,-1,-1,-1,-1,-1,-1,-1,-1
10971,-1,-1,-1,-1,-1,-1,-1,-1
10972,-1,-1,-1,-1,-1,-1,-1,-1
10973,-1,-1,-1,-1,-1,-1,-1,-1
10974,-1,-1,-1,-1,-1,-1,-1,-1
10975,20000008,-1,-1,-1,-1,-1,-1,-1
10976,20000024,20000009,-1,-1,-1,-1,-1,-1
10977,20000040,20000025,20000010,-1,-1,-1,-1,-1
10978,20000056,20000041,20000026,20000011,-1,-1,-1,-1
10979,20000072,20000057,20000042,20000027,20000012,-1,-1,-1
10980,20000088,20000073,20000058,20000043,20000028,20000013,-1,-1
10981,20000104,20000089,20000074,20000059,20000044,20000029,20000014,-1
10982,20000120,20000105,20000090,20000075,20000060,20000045,20000030,20000015
10983,20000136,20000121,20000106,20000091,20000076,20000061,20000046,20000031
10984,20000152,20000137,20000122,20000107,20000092,20000077,20000062,20000047
10985,20000168,20000153,20000138,20000123,20000108,20000093,20000078,20000063
10986,20000184,20000169,20000154,20000139,20000124,20000109,20000094,20000079
10987,20000200,20000185,20000170,20000155,20000140,20000125,20000110,20000095
10988,20000216,20000201,20000186,20000171,20000156,20000141,20000126,20000111
10989,20000232,20000217,20000202,20000187,20000172,20000157,20000142,20000127
10990,20000248,20000233,20000218,20000203,20000188,20000173,20000158,20000143
10991,20000264,20000249,20000234,20000219,20000204,20000189,20000174,20000159
10992,20000280,20000265,20000250,20000235,20000220,20000205,20000190,20000175
10993,20000296,20000281,20000266,20000251,20000236,20000221,20000206,20000191
10994,20000312,20000297,20000282,20000267,20000252,20000237,20000222,20000207
10995,20000328,20000313,20000298,20000283,20000268,20000253,20000238,20000223
10996,20000344,20000329,20000314,20000299,20000284,20000269,20000254,20000239
10997,20000360,20000345,20000330,20000315,20000300,20000285,20000270,20000255
10998,20000376,20000361,20000346,20000331,20000316,20000301,20000286,20000271
10999,20000392,20000377,20000362,20000347,20000332,20000317,20000302,20000287
11000,20000408,20000393,20000378,20000363,20000348,20000333,20000318,20000303
11001,20000424,20000409,20000394,20000379,20000364,20000349,20000334,20000319
11002,20000440,20000425,20000410,20000395,20000380,20000365,20000350,20000335
11003,20000456,20000441,20000426,20000411,20000396,20000381,20000366,20000351
11004,20000472,20000457,20000442,20000427,20000412,20000397,20000382,20000367
11005,20000488,20000473,20000458,20000443,20000428,20000413,20000398,20000383
11006,20000504,20000489,20000474,20000459,20000444,20000429,20000414,20000399
11007,20000520,20000505,20000490,20000475,20000460,20000445,20000430,20000415
11008,20000536,20000521,20000506,20000491,20000476,20000461,20000446,20000431
11009,20000552,20000537,20000522,20000507,20000492,20000477,20000462,20000447
11010,20000568,20000553,20000538,20000523,20000508,20000493,20000478,20000463
11011,20000584,20000569,20000554,20000539,20000524,20000509,20000494,20000479
11012,20000600,20000585,20000570,20000555,20000540,20000525,20000510,20000495
11013,20000616,20000601,20000586,20000571,20000556,20000541,20000526,20000511
11014,20000632,20000617,20000602,20000587,20000572,20000557,20000542,20000527
11015,20000648,20000633,20000618,20000603,20000588,20000573,20000558,20000543
11016,20000664,20000649,20000634,20000619,20000604,20000589,20000574,20000559
11017,20000680,20000665,20000650,20000635,20000620,20000605,20000590,20000575
11018,20000696,20000681,20000666,20000651,20000636,20000621,20000606,20000591
11019,20000712,20000697,20000682,20000667,20000652,20000637,20000622,20000607
11020,20000728,20000713,20000698,20000683,20000668,20000653,20000638,20000623
11021,20000744,20000729,20000714,20000699,20000684,20000669,20000654,20000639
11022,20000760,20000745,20000730,20000715,20000700,20000685,20000670,20000655
11023,20000776,20000761,20000746,20000731,20000716,20000701,20000686,20000671
11024,20000792,20000777,20000762,20000747,20000732,20000717,20000702,20000687
11025,20000808,20000793,20000778,20000763,20000748,20000733,20000718,20000703
11026,20000824,20000809,20000794,20000779,20000764,20000749,20000734,20000719
11027,20000840,20000825,20000810,20000795,20000780,20000765,20000750,20000735
11028,20000856,20000841,20000826,20000811,20000796,20000781,20000766,20000751
11029,20000872,20000857,20000842,20000827,20000812,20000797,20000782,20000767
11030,20000888,20000873,20000858,20000843,20000828,20000813,20000798,20000783
11031,20000904,20000889,20000874,20000859,20000844,20000829,20000814,20000799
11032,20000920,20000905,20000890,20000875,20000860,20000845,20000830,20000815
11033,20000936,20000921,20000906,20000891,20000876,20000861,20000846,20000831
11034,20000952,20000937,20000922,20000907,20000892,20000877,20000862,20000847
11035,20000968,20000953,20000938,20000923,20000908,20000893,20000878,20000863
11036,20000984,20000969,20000954,20000939,20000924,20000909,20000894,20000879
11037,20001000,20000985,20000970,20000955,20000940,20000925,20000910,20000895
11038,20001016,20001001,20000986,20000971,20000956,20000941,20000926,20000911
11039,20001032,20001017,20001002,20000987,20000972,20000957,20000942,20000927
11040,20001048,20001033,20001018,20001003,20000988,20000973,20000958,20000943
11041,20001064,20001049,20001034,20001019,20001004,20000989,20000974,20000959
11042,20001080,20001065,20001050,20001035,20001020,20001005,20000990,20000975
11043,20001096,20001081,20001066,20001051,20001036,20001021,20001006,20000991
11044,20001112,20001097,20001082,20001067,20001052,20001037,20001022,20001007
11045,20001128,20001113,20001098,20001083,20001068,20001053,20001038,20001023
11046,20001144,20001129,20001114,20001099,20001084,20001069,20001054,20001039
11047,20001160,20001145,20001130,20001115,20001100,20001085,20001070,20001055
11048,20001176,20001161,20001146,20001131,20001116,20001101,20001086,20001071
11049,20001192,20001177,20001162,20001147,20001132,20001117,20001102,20001087
11050,20001208,20001193,20001178,20001163,20001148,20001133,20001118,20001103
11051,20001224,20001209,20001194,20001179,20001164,20001149,20001134,20001119
11052,20001240,20001225,20001210,20001195,20001180,20001165,20001150,20001135
11053,20001256,20001241,20001226,20001211,20001196,20001181,20001166,20001151
11054,20001272,20001257,20001242,20001227,20001212,20001197,20001182,20001167
11055,20001288,20001273,20001258,20001243,20001228,20001213,20001198,20001183
11056,20001304,20001289,20001274,20001259,20001244,20001229,20001214,20001199
11057,20001320,20001305,20001290,20001275,20001260,20001245,20001230,20001215
11058,20001336,20001321,20001306,20001291,20001276,20001261,20001246,20001231
11059,20001352,20001337,20001322,20001307,20001292,20001277,20001262,20001247
11060,20001368,20001353,20001338,20001323,20001308,20001293,20001278,20001263
11061,20001384,20001369,20001354,20001339,20001324,20001309,20001294,20001279
11062,20001400,20001385,20001370,20001355,20001340,20001325,20001310,20001295
11063,20001416,20001401,20001386,20001371,20001356,20001341,20001326,20001311
11064,20001432,20001417,20001402,20001387,20001372,20001357,20001342,20001327
11065,20001448,20001433,20001418,20001403,20001388,20001373,20001358,20001343
11066,20001464,20001449,20001434,20001419,20001404,20001389,20001374,20001359
11067,20001480,20001465,20001450,20001435,20001420,20001405,20001390,20001375
11068,20001496,20001481,20001466,20001451,20001436,20001421,20001406,20001391
11069,20001512,20001497,20001482,20001467,20001452,20001437,20001422,20001407
11070,20001528,20001513,20001498,20001483,20001468,20001453,20001438,20001423
11071,20001544,20001529,20001514,20001499,20001484,20001469,20001454,20001439
11072,20001560,20001545,20001530,20001515,20001500,20001485,20001470,20001455
11073,20001576,20001561,20001546,20001531,20001516,20001501,20001486,20001471
11074,20001592,20001577,20001562,20001547,20001532,20001517,20001502,20001487
11075,20001608,20001593,20001578,20001563,20001548,20001533,20001518,20001503
11076,20001624,20001609,20001594,20001579,20001564,20001549,20001534,20001519
11077,20001640,20001625,20001610,20001595,20001580,20001565,20001550,20001535
11078,20001656,20001641,20001626,20001611,20001596,20001581,20001566,20001551
11079,20001672,20001657,20001642,20001627,20001612,20001597,20001582,20001567
11080,20001688,20001673,20001658,20001643,20001628,20001613,20001598,20001583
11081,20001704,20001689,20001674,20001659,20001644,20001629,20001614,20001599
11082,20001720,20001705,20001690,20001675,20001660,20001645,20001630,20001615
11083,20001736,20001721,20001706,20001691,20001676,20001661,20001646,20001631
11084,20001752,20001737,20001722,20001707,20001692,20001677,20001662,20001647
11085,20001768,20001753,20001738,20001723,20001708,20001693,20001678,20001663
11086,20001784,20001769,20001754,20001739,20001724,20001709,20001694,20001679
11087,20001800,20001785,20001770,20001755,20001740,20001725,20001710,20001695
11088,20001816,20001801,20001786,20001771,20001756,20001741,20001726,20001711
11089,20001832,20001817,20001802,20001787,20001772,20001757,20001742,20001727
11090,20001848,20001833,20001818,20001803,20001788,20001773,20001758,20001743
11091,20001864,20001849,20001834,20001819,20001804,20001789,20001774,20001759
11092,20001880,20001865,20001850,20001835,20001820,20001805,20001790,20001775
11093,20001896,20001881,20001866,20001851,20001836,20001821,20001806,20001791
11094,20001912,20001897,20001882,20001867,20001852,20001837,20001822,20001807
11095,20001928,20001913,20001898,20001883,20001868,20001853,20001838,20001823
11096,20001944,20001929,20001914,20001899,20001884,20001869,20001854,20001839
11097,20001960,20001945,20001930,20001915,20001900,20001885,20001870,20001855
11098,20001976,20001961,20001946,20001931,20001916,20001901,20001886,20001871
11099,20001992,20001977,20001962,20001947,20001932,20001917,20001902,20001887
11100,20002008,20001993,20001978,20001963,20001948,20001933,20001918,20001903
11101,20002024,20002009,20001994,20001979,20001964,20001949,20001934,20001919
11102,20002040,20002025,20002010,20001995,20001980,20001965,20001950,20001935
11103,20002056,20002041,20002026,20002011,20001996,20001981,20001966,20001951
11104,20002072,20002057,20002042,20002027,20002012,20001997,20001982,20001967
11105,20002088,20002073,20002058,20002043,20002028,20002013,20001998,20001983
11106,20002104,20002089,20002074,20002059,20002044,20002029,20002014,20001999
11107,20002120,20002105,20002090,20002075,20002060,20002045,20002030,20002015
11108,20002136,20002121,20002106,20002091,20002076,20002061,20002046,20002031
11109,20002152,20002137,20002122,20002107,20002092,20002077,20002062,20002047
11110,20002168,20002153,20002138,20002123,20002108,20002093,20002078,20002063
11111,20002184,20002169,20002154,20002139,20002124,20002109,20002094,20002079
11112,20002200,20002185,20002170,20002155,20002140,20002125,20002110,20002095
11113,20002216,20002201,20002186,20002171,20002156,20002141,20002126,20002111
11114,20002232,20002217,20002202,20002187,20002172,20002157,20002142,20002127
11115,20002248,20002233,20002218,20002203,20002188,20002173,20002158,20002143
11116,20002264,20002249,20002234,20002219,20002204,20002189,20002174,20002159
11117,20002280,20002265,20002250,20002235,20002220,20002205,20002190,20002175
11118,20002296,20002281,20002266,20002251,20002236,20002221,20002206,20002191
11119,20002312,20002297,20002282,20002267,20002252,20002237,20002222,20002207
11120,20002328,20002313,20002298,20002283,20002268,20002253,20002238,20002223
11121,20002344,20002329,20002314,20002299,20002284,20002269,20002254,20002239
11122,20002360,20002345,20002330,20002315,20002300,20002285,20002270,20002255
11123,20002376,20002361,20002346,20002331,20002316,20002301,20002286,20002271
11124,20002392,20002377,20002362,20002347,20002332,20002317,20002302,20002287
11125,20002408,20002393,20002378,20002363,20002348,20002333,20002318,20002303
11126,20002424,20002409,20002394,20002379,20002364,20002349,20002334,20002319
11127,20002440,20002425,20002410,20002395,20002380,20002365,20002350,20002335
11128,20002456,20002441,20002426,20002411,20002396,20002381,20002366,20002351
11129,20002472,20002457,20002442,20002427,20002412,20002397,20002382,20002367
11130,20002488,20002473,20002458,20002443,20002428,20002413,20002398,20002383
11131,20002504,20002489,20002474,20002459,20002444,20002429,20002414,20002399
11132,20002520,20002505,20002490,20002475,20002460,20002445,20002430,20002415
11133,20002536,20002521,20002506,20002491,20002476,20002461,20002446,20002431
11134,20002552,20002537,20002522,20002507,20002492,20002477,20002462,20002447
11135,20002568,20002553,20002538,20002523,20002508,20002493,20002478,20002463
11136,20002584,20002569,20002554,20002539,20002524,20002509,20002494,20002479
11137,20002600,20002585,20002570,20002555,20002540,20002525,20002510,20002495
11138,20002616,20002601,20002586,20002571,20002556,20002541,20002526,20002511
11139,20002632,20002617,20002602,20002587,20002572,20002557,20002542,20002527
11140,20002648,20002633,20002618,20002603,20002588,20002573,20002558,20002543
11141,20002664,20002649,20002634,20002619,20002604,20002589,20002574,20002559
11142,20002680,20002665,20002650,20002635,20002620,20002605,20002590,20002575
11143,20002696,20002681,20002666,20002651,20002636,20002621,20002606,20002591
11144,20002712,20002697,20002682,20002667,20002652,20002637,20002622,20002607
11145,20002728,20002713,20002698,20002683,20002668,20002653,20002638,20002623
11146,20002744,20002729,20002714,20002699,20002684,20002669,20002654,20002639
11147,20002760,20002745,20002730,20002715,20002700,20002685,20002670,20002655
11148,20002776,20002761,20002746,20002731,20002716,20002701,20002686,20002671
11149,20002792,20002777,20002762,20002747,20002732,20002717,20002702,20002687
11150,20002808,20002793,20002778,20002763,20002748,20002733,20002718,20002703
11151,20002824,20002809,20002794,20002779,20002764,20002749,20002734,20002719
11152,20002840,20002825,20002810,20002795,20002780,20002765,20002750,20002735
11153,20002856,20002841,20002826,20002811,20002796,20002781,20002766,20002751
11154,20002872,20002857,20002842,20002827,20002812,20002797,20002782,20002767
11155,20002888,20002873,20002858,20002843,20002828,20002813,20002798,20002783
11156,20002904,20002889,20002874,20002859,20002844,20002829,20002814,20002799
11157,20002920,20002905,20002890,20002875,20002860,20002845,20002830,20002815
11158,20002936,20002921,20002906,20002891,20002876,20002861,20002846,20002831
11159,20002952,20002937,20002922,20002907,20002892,20002877,20002862,20002847
11160,20002968,20002953,20002938,20002923,20002908,20002893,20002878,20002863
11161,20002984,20002969,20002954,20002939,20002924,20002909,20002894,20002879
11162,20003000,20002985,20002970,20002955,20002940,20002925,20002910,20002895
11163,20003016,20003001,20002986,20002971,20002956,20002941,20002926,20002911
11164,20003032,20003017,20003002,20002987,20002972,20002957,20002942,20002927
11165,20003048,20003033,20003018,20003003,20002988,20002973,20002958,20002943
11166,20003064,20003049,20003034,20003019,20003004,20002989,20002974,20002959
11167,20003080,20003065,20003050,20003035,20003020,20003005,20002990,20002975
11168,20003096,20003081,20003066,20003051,20003036,20003021,20003006,20002991
11169,20003112,20003097,20003082,20003067,20003052,20003037,20003022,20003007
11170,20003128,20003113,20003098,20003083,20003068,20003053,20003038,20003023
11171,20003144,20003129,20003114,20003099,20003084,20003069,20003054,20003039
11172,20003160,20003145,20003130,20003115,20003100,20003085,20003070,20003055
11173,20003176,20003161,20003146,20003131,20003116,20003101,20003086,20003071
11174,20003192,20003177,20003162,20003147,20003132,20003117,20003102,20003087
11175,20003208,20003193,20003178,20003163,20003148,20003133,20003118,20003103
11176,20003224,20003209,20003194,20003179,20003164,20003149,20003134,20003119
11177,20003240,20003225,20003210,20003195,20003180,20003165,20003150,20003135
11178,20003256,20003241,20003226,20003211,20003196,20003181,20003166,20003151
11179,20003272,20003257,20003242,20003227,20003212,20003197,20003182,20003167
11180,20003288,20003273,20003258,20003243,20003228,20003213,20003198,20003183
11181,20003304,20003289,20003274,20003259,20003244,20003229,20003214,20003199
11182,20003320,20003305,20003290,20003275,20003260,20003245,20003230,20003215
11183,20003336,20003321,20003306,20003291,20003276,20003261,20003246,20003231
11184,20003352,20003337,20003322,20003307,20003292,20003277,20003262,20003247
11185,20003368,20003353,20003338,20003323,20003308,20003293,20003278,20003263
11186,20003384,20003369,20003354,20003339,20003324,20003309,20003294,20003279
11187,20003400,20003385,20003370,20003355,20003340,20003325,20003310,20003295
11188,20003416,20003401,20003386,20003371,20003356,20003341,20003326,20003311
11189,20003432,20003417,20003402,20003387,20003372,20003357,20003342,20003327
11190,20003448,20003433,20003418,20003403,20003388,20003373,20003358,20003343
11191,20003464,20003449,20003434,20003419,20003404,20003389,20003374,20003359
11192,20003480,20003465,20003450,20003435,20003420,20003405,20003390,20003375
11193,20003496,20003481,20003466,20003451,20003436,20003421,20003406,20003391
11194,20003512,20003497,20003482,20003467,20003452,20003437,20003422,20003407
11195,20003528,20003513,20003498,20003483,20003468,20003453,20003438,20003423
11196,20003544,20003529,20003514,20003499,20003484,20003469,20003454,20003439
11197,20003560,20003545,20003530,20003515,20003500,20003485,20003470,20003455
11198,20003576,20003561,20003546,20003531,20003516,20003501,20003486,20003471
11199,20003592,20003577,20003562,20003547,20003532,20003517,20003502,20003487
11200,20003608,20003593,20003578,20003563,20003548,20003533,20003518,20003503
11201,20003624,20003609,20003594,20003579,20003564,20003549,20003534,20003519
11202,20003640,20003625,20003610,20003595,20003580,20003565,20003550,20003535
11203,20003656,20003641,20003626,20003611,20003596,20003581,20003566,20003551
11204,20003672,20003657,20003642,20003627,20003612,20003597,20003582,20003567
11205,20003688,20003673,20003658,20003643,20003628,20003613,20003598,20003583
11206,20003704,20003689,20003674,20003659,20003644,20003629,20003614,20003599
11207,20003720,20003705,20003690,20003675,20003660,20003645,20003630,20003615
11208,20003736,20003721,20003706,20003691,20003676,20003661,20003646,20003631
11209,20003752,20003737,20003722,20003707,20003692,20003677,20003662,20003647
11210,20003768,20003753,20003738,20003723,20003708,20003693,20003678,20003663
11211,20003784,20003769,20003754,20003739,20003724,20003709,20003694,20003679
11212,20003800,20003785,20003770,20003755,20003740,20003725,20003710,20003695
11213,20003816,20003801,20003786,20003771,20003756,20003741,20003726,20003711
11214,20003832,20003817,20003802,20003787,20003772,20003757,20003742,20003727
11215,20003848,20003833,20003818,20003803,20003788,20003773,20003758,20003743
11216,20003864,20003849,20003834,20003819,20003804,20003789,20003774,20003759
11217,20003880,20003865,20003850,20003835,20003820,20003805,20003790,20003775
11218,20003896,20003881,20003866,20003851,20003836,20003821,20003806,20003791
11219,20003912,20003897,20003882,20003867,20003852,20003837,20003822,20003807
11220,20003928,20003913,20003898,20003883,20003868,20003853,20003838,20003823
11221,20003944,20003929,20003914,20003899,20003884,20003869,20003854,20003839
11222,20003960,20003945,20003930,20003915,20003900,20003885,20003870,20003855
11223,20003976,20003961,20003946,20003931,20003916,20003901,20003886,20003871
11224,20003992,20003977,20003962,20003947,20003932,20003917,20003902,20003887
11225,20004008,20003993,20003978,20003963,20003948,20003933,20003918,20003903
11226,20004024,20004009,20003994,20003979,20003964,20003949,20003934,20003919
11227,20004040,20004025,20004010,20003995,20003980,20003965,20003950,20003935
11228,20004056,20004041,20004026,20004011,20003996,20003981,20003966,20003951
11229,20004072,20004057,20004042,20004027,20004012,20003997,20003982,20003967
11230,20004088,20004073,20004058,20004043,20004028,20004013,20003998,20003983
11231,20004104,20004089,20004074,20004059,20004044,20004029,20004014,20003999
11232,20004120,20004105,20004090,20004075,20004060,20004045,20004030,20004015
11233,20004136,20004121,20004106,20004091,20004076,20004061,20004046,20004031
11234,20004152,20004137,20004122,20004107,20004092,20004077,20004062,20004047
11235,20004168,20004153,20004138,20004123,20004108,20004093,20004078,20004063
11236,20004184,20004169,20004154,20004139,20004124,20004109,20004094,20004079
11237,20004200,20004185,20004170,20004155,20004140,20004125,20004110,20004095
11238,20004216,20004201,20004186,20004171,20004156,20004141,20004126,20004111
11239,20004232,20004217,20004202,20004187,20004172,20004157,20004142,20004127
11240,20004248,20004233,20004218,20004203,20004188,20004173,20004158,20004143
11241,20004264,20004249,20004234,20004219,20004204,20004189,20004174,20004159
11242,20004280,20004265,20004250,20004235,20004220,20004205,20004190,20004175
11243,20004296,20004281,20004266,20004251,20004236,20004221,20004206,20004191
11244,20004312,20004297,20004282,20004267,20004252,20004237,20004222,20004207
11245,20004328,20004313,20004298,20004283,20004268,20004253,20004238,20004223
11246,20004344,20004329,20004314,20004299,20004284,20004269,20004254,20004239
11247,20004360,20004345,20004330,20004315,20004300,20004285,20004270,20004255
11248,20004376,20004361,20004346,20004331,20004316,20004301,20004286,20004271
11249,20004392,20004377,20004362,20004347,20004332,20004317,20004302,20004287
11250,20004408,20004393,20004378,20004363,20004348,20004333,20004318,20004303
11251,20004424,20004409,20004394,20004379,20004364,20004349,20004334,20004319
11252,20004440,20004425,20004410,20004395,20004380,20004365,20004350,20004335
11253,20004456,20004441,20004426,20004411,20004396,20004381,20004366,20004351
11254,20004472,20004457,20004442,20004427,20004412,20004397,20004382,20004367
11255,20004488,20004473,20004458,20004443,20004428,20004413,20004398,20004383
11256,20004504,20004489,20004474,20004459,20004444,20004429,20004414,20004399
11257,20004520,20004505,20004490,20004475,20004460,20004445,20004430,20004415
11258,20004536,20004521,20004506,20004491,20004476,20004461,20004446,20004431
11259,20004552,20004537,20004522,20004507,20004492,20004477,20004462,20004447
11260,20004568,20004553,20004538,20004523,20004508,20004493,20004478,20004463
11261,20004584,20004569,20004554,20004539,20004524,20004509,20004494,20004479
11262,20004600,20004585,20004570,20004555,20004540,20004525,20004510,20004495
11263,20004616,20004601,20004586,20004571,20004556,20004541,20004526,20004511
11264,20004632,20004617,20004602,20004587,20004572,20004557,20004542,20004527
11265,20004648,20004633,20004618,20004603,20004588,20004573,20004558,20004543
11266,20004664,20004649,20004634,20004619,20004604,20004589,20004574,20004559
11267,20004680,20004665,20004650,20004635,20004620,20004605,20004590,20004575
11268,20004696,20004681,20004666,20004651,20004636,20004621,20004606,20004591
11269,20004712,20004697,20004682,20004667,20004652,20004637,20004622,20004607
11270,20004728,20004713,20004698,20004683,20004668,20004653,20004638,20004623
11271,20004744,20004729,20004714,20004699,20004684,20004669,20004654,20004639
11272,20004760,20004745,20004730,20004715,20004700,20004685,20004670,20004655
11273,20004776,20004761,20004746,20004731,20004716,20004701,20004686,20004671
11274,20004792,20004777,20004762,20004747,20004732,20004717,20004702,20004687
11275,20004808,20004793,20004778,20004763,20004748,20004733,20004718,20004703
11276,20004824,20004809,20004794,20004779,20004764,20004749,20004734,20004719
11277,20004840,20004825,20004810,20004795,20004780,20004765,20004750,20004735
11278,20004856,20004841,20004826,20004811,20004796,20004781,20004766,20004751
11279,20004872,20004857,20004842,20004827,20004812,20004797,20004782,20004767
11280,20004888,20004873,20004858,20004843,20004828,20004813,20004798,20004783
11281,20004904,20004889,20004874,20004859,20004844,20004829,20004814,20004799
11282,20004920,20004905,20004890,20004875,20004860,20004845,20004830,20004815
11283,20004936,20004921,20004906,20004891,20004876,20004861,20004846,20004831
11284,20004952,20004937,20004922,20004907,20004892,20004877,20004862,20004847
11285,20004968,20004953,20004938,20004923,20004908,20004893,20004878,20004863
11286,20004984,20004969,20004954,20004939,20004924,20004909,20004894,20004879
11287,20005000,20004985,20004970,20004955,20004940,20004925,20004910,20004895
11288,20005016,20005001,20004986,20004971,20004956,20004941,20004926,20004911
11289,20005032,20005017,20005002,20004987,20004972,20004957,20004942,20004927
11290,20005048,20005033,20005018,20005003,20004988,20004973,20004958,20004943
11291,20005064,20005049,20005034,20005019,20005004,20004989,20004974,20004959
11292,20005080,20005065,20005050,20005035,20005020,20005005,20004990,20004975
11293,20005096,20005081,20005066,20005051,20005036,20005021,20005006,20004991
11294,20005112,20005097,20005082,20005067,20005052,20005037,20005022,20005007
11295,20005128,20005113,20005098,20005083,20005068,20005053,20005038,20005023
11296,20005144,20005129,20005114,20005099,20005084,20005069,20005054,20005039
11297,20005160,20005145,20005130,20005115,20005100,20005085,20005070,20005055
11298,20005176,20005161,20005146,20005131,20005116,20005101,20005086,20005071
11299,20005192,20005177,20005162,20005147,20005132,20005117,20005102,20005087
11300,20005208,20005193,20005178,20005163,20005148,20005133,20005118,20005103
11301,20005224,20005209,20005194,20005179,20005164,20005149,20005134,20005119
11302,20005240,20005225,20005210,20005195,20005180,20005165,20005150,20005135
11303,20005256,20005241,20005226,20005211,20005196,20005181,20005166,20005151
11304,20005272,20005257,20005242,20005227,20005212,20005197,20005182,20005167
11305,20005288,20005273,20005258,20005243,20005228,20005213,20005198,20005183
11306,20005304,20005289,20005274,20005259,20005244,20005229,20005214,20005199
11307,20005320,20005305,20005290,20005275,20005260,20005245,20005230,20005215
11308,20005336,20005321,20005306,20005291,20005276,20005261,20005246,20005231
11309,20005352,20005337,20005322,20005307,20005292,20005277,20005262,20005247
11310,20005368,20005353,20005338,20005323,20005308,20005293,20005278,20005263
11311,20005384,20005369,20005354,20005339,20005324,20005309,20005294,20005279
11312,20005400,20005385,20005370,20005355,20005340,20005325,20005310,20005295
11313,20005416,20005401,20005386,20005371,20005356,20005341,20005326,20005311
11314,20005432,20005417,20005402,20005387,20005372,20005357,20005342,20005327
11315,20005448,20005433,20005418,20005403,20005388,20005373,20005358,20005343
11316,20005464,20005449,20005434,20005419,20005404,20005389,20005374,20005359
11317,20005480,20005465,20005450,20005435,20005420,20005405,20005390,20005375
11318,20005496,20005481,20005466,20005451,20005436,20005421,20005406,20005391
11319,20005512,20005497,20005482,20005467,20005452,20005437,20005422,20005407
11320,20005528,20005513,20005498,20005483,20005468,20005453,20005438,20005423
11321,20005544,20005529,20005514,20005499,20005484,20005469,20005454,20005439
11322,20005560,20005545,20005530,20005515,20005500,20005485,20005470,20005455
11323,20005576,20005561,20005546,20005531,20005516,20005501,20005486,20005471
11324,20005592,20005577,20005562,20005547,20005532,20005517,20005502,20005487
11325,20005608,20005593,20005578,20005563,20005548,20005533,20005518,20005503
11326,20005624,20005609,20005594,20005579,20005564,20005549,20005534,20005519
11327,20005640,20005625,20005610,20005595,20005580,20005565,20005550,20005535
11328,20005656,20005641,20005626,20005611,20005596,20005581,20005566,20005551
11329,20005672,20005657,20005642,20005627,20005612,20005597,20005582,20005567
11330,20005688,20005673,20005658,20005643,20005628,20005613,20005598,20005583
11331,20005704,20005689,20005674,20005659,20005644,20005629,20005614,20005599
11332,20005720,20005705,20005690,20005675,20005660,20005645,20005630,20005615
11333,20005736,20005721,20005706,20005691,20005676,20005661,20005646,20005631
11334,20005752,20005737,20005722,20005707,20005692,20005677,20005662,20005647
11335,20005768,20005753,20005738,20005723,20005708,20005693,20005678,20005663
11336,20005784,20005769,20005754,20005739,20005724,20005709,20005694,20005679
11337,20005800,20005785,20005770,20005755,20005740,20005725,20005710,20005695
11338,20005816,20005801,20005786,20005771,20005756,20005741,20005726,20005711
11339,20005832,20005817,20005802,20005787,20005772,20005757,20005742,20005727
11340,20005848,20005833,20005818,20005803,20005788,20005773,20005758,20005743
11341,20005864,20005849,20005834,20005819,20005804,20005789,20005774,20005759
11342,20005880,20005865,20005850,20005835,20005820,20005805,20005790,20005775
11343,20005896,20005881,20005866,20005851,20005836,20005821,20005806,20005791
11344,20005912,20005897,20005882,20005867,20005852,20005837,20005822,20005807
11345,20005928,20005913,20005898,20005883,20005868,20005853,20005838,20005823
11346,20005944,20005929,20005914,20005899,20005884,20005869,20005854,20005839
11347,20005960,20005945,20005930,20005915,20005900,20005885,20005870,20005855
11348,20005976,20005961,20005946,20005931,20005916,20005901,20005886,20005871
11349,20005992,20005977,20005962,20005947,20005932,20005917,20005902,20005887
11350,20006008,20005993,20005978,20005963,20005948,20005933,20005918,20005903
11351,20006024,20006009,20005994,20005979,20005964,20005949,20005934,20005919
11352,20006040,20006025,20006010,20005995,20005980,20005965,20005950,20005935
11353,20006056,20006041,20006026,20006011,20005996,20005981,20005966,20005951
11354,20006072,20006057,20006042,20006027,20006012,20005997,20005982,20005967
11355,20006088,20006073,20006058,20006043,20006028,20006013,20005998,20005983
11356,20006104,20006089,20006074,20006059,20006044,20006029,20006014,20005999
11357,20006120,20006105,20006090,20006075,20006060,20006045,20006030,20006015
11358,20006136,20006121,20006106,20006091,20006076,20006061,20006046,20006031
11359,20006152,20006137,20006122,20006107,20006092,20006077,20006062,20006047
11360,20006168,20006153,20006138,20006123,20006108,20006093,20006078,20006063
11361,20006184,20006169,20006154,20006139,20006124,20006109,20006094,20006079
11362,20006200,20006185,20006170,20006155,20006140,20006125,20006110,20006095
11363,20006216,20006201,20006186,20006171,20006156,20006141,20006126,20006111
11364,20006232,20006217,20006202,20006187,20006172,20006157,20006142,20006127
11365,20006248,20006233,20006218,20006203,20006188,20006173,20006158,20006143
11366,20006264,20006249,20006234,20006219,20006204,20006189,20006174,20006159
11367,20006280,20006265,20006250,20006235,20006220,20006205,20006190,20006175
11368,20006296,20006281,20006266,20006251,20006236,20006221,20006206,20006191
11369,20006312,20006297,20006282,20006267,20006252,20006237,20006222,20006207
11370,20006328,20006313,20006298,20006283,20006268,20006253,20006238,20006223
11371,20006344,20006329,20006314,20006299,20006284,20006269,20006254,20006239
11372,20006360,20006345,20006330,20006315,20006300,20006285,20006270,20006255
11373,20006376,20006361,20006346,20006331,20006316,20006301,20006286,20006271
11374,20006392,20006377,20006362,20006347,20006332,20006317,20006302,20006287
11375,20006408,20006393,20006378,20006363,20006348,20006333,20006318,20006303
11376,20006424,20006409,20006394,20006379,20006364,20006349,20006334,20006319
11377,20006440,20006425,20006410,20006395,20006380,20006365,20006350,20006335
11378,20006456,20006441,20006426,20006411,20006396,20006381,20006366,20006351
11379,20006472,20006457,20006442,20006427,20006412,20006397,20006382,20006367
11380,20006488,20006473,20006458,20006443,20006428,20006413,20006398,20006383
11381,20006504,20006489,20006474,20006459,20006444,20006429,20006414,20006399
11382,20006520,20006505,20006490,20006475,20006460,20006445,20006430,20006415
11383,20006536,20006521,20006506,20006491,20006476,20006461,20006446,20006431
11384,20006552,20006537,20006522,20006507,20006492,20006477,20006462,20006447
11385,20006568,20006553,20006538,20006523,20006508,20006493,20006478,20006463
11386,20006584,20006569,20006554,20006539,20006524,20006509,20006494,20006479
11387,20006600,20006585,20006570,20006555,20006540,20006525,20006510,20006495
11388,20006616,20006601,20006586,20006571,20006556,20006541,20006526,20006511
11389,20006632,20006617,20006602,20006587,20006572,20006557,20006542,20006527
11390,20006648,20006633,20006618,20006603,20006588,20006573,20006558,20006543
11391,20006664,20006649,20006634,20006619,20006604,20006589,20006574,20006559
11392,20006680,20006665,20006650,20006635,20006620,20006605,20006590,20006575
11393,20006696,20006681,20006666,20006651,20006636,20006621,20006606,20006591
11394,20006712,20006697,20006682,20006667,20006652,20006637,20006622,20006607
11395,20006728,20006713,20006698,20006683,20006668,20006653,20006638,20006623
11396,20006744,20006729,20006714,20006699,20006684,20006669,20006654,20006639
11397,20006760,20006745,20006730,20006715,20006700,20006685,20006670,20006655
11398,20006776,20006761,20006746,20006731,20006716,20006701,20006686,20006671
11399,20006792,20006777,20006762,20006747,20006732,20006717,20006702,20006687
11400,20006808,20006793,20006778,20006763,20006748,20006733,20006718,20006703
11401,20006824,20006809,20006794,20006779,20006764,20006749,20006734,20006719
11402,20006840,20006825,20006810,20006795,20006780,20006765,20006750,20006735
11403,20006856,20006841,20006826,20006811,20006796,20006781,20006766,20006751
11404,20006872,20006857,20006842,20006827,20006812,20006797,20006782,20006767
11405,20006888,20006873,20006858,20006843,20006828,20006813,20006798,20006783
11406,20006904,20006889,20006874,20006859,20006844,20006829,20006814,20006799
11407,20006920,20006905,20006890,20006875,20006860,20006845,20006830,20006815
11408,20006936,20006921,20006906,20006891,20006876,20006861,20006846,20006831
11409,20006952,20006937,20006922,20006907,20006892,20006877,20006862,20006847
11410,20006968,20006953,20006938,20006923,20006908,20006893,20006878,20006863
11411,20006984,20006969,20006954,20006939,20006924,20006909,20006894,20006879
11412,20007000,20006985,20006970,20006955,20006940,20006925,20006910,20006895
11413,20007016,20007001,20006986,20006971,20006956,20006941,20006926,20006911
11414,20007032,20007017,20007002,20006987,20006972,20006957,20006942,20006927
11415,20007048,20007033,20007018,20007003,20006988,20006973,20006958,20006943
11416,20007064,20007049,20007034,20007019,20007004,20006989,20006974,20006959
11417,20007080,20007065,20007050,20007035,20007020,20007005,20006990,20006975
11418,20007096,20007081,20007066,20007051,20007036,20007021,20007006,20006991
11419,20007112,20007097,20007082,20007067,20007052,20007037,20007022,20007007
11420,20007128,20007113,20007098,20007083,20007068,20007053,20007038,20007023
11421,20007144,20007129,20007114,20007099,20007084,20007069,20007054,20007039
11422,20007160,20007145,20007130,20007115,20007100,20007085,20007070,20007055
11423,20007176,20007161,20007146,20007131,20007116,20007101,20007086,20007071
11424,20007192,20007177,20007162,20007147,20007132,20007117,20007102,20007087
11425,20007208,20007193,20007178,20007163,20007148,20007133,20007118,20007103
11426,20007224,20007209,20007194,20007179,20007164,20007149,20007134,20007119
11427,20007240,20007225,20007210,20007195,20007180,20007165,20007150,20007135
11428,20007256,20007241,20007226,20007211,20007196,20007181,20007166,20007151
11429,20007272,20007257,20007242,20007227,20007212,20007197,20007182,20007167
11430,20007288,20007273,20007258,20007243,20007228,20007213,20007198,20007183
11431,20007304,20007289,20007274,20007259,20007244,20007229,20007214,20007199
11432,20007320,20007305,20007290,20007275,20007260,20007245,20007230,20007215
11433,20007336,20007321,20007306,20007291,20007276,20007261,20007246,20007231
11434,20007352,20007337,20007322,20007307,20007292,20007277,20007262,20007247
11435,20007368,20007353,20007338,20007323,20007308,20007293,20007278,20007263
11436,20007384,20007369,20007354,20007339,20007324,20007309,20007294,20007279
11437,20007400,20007385,20007370,20007355,20007340,20007325,20007310,20007295
11438,20007416,20007401,20007386,20007371,20007356,20007341,20007326,20007311
11439,20007432,20007417,20007402,20007387,20007372,20007357,20007342,20007327
11440,20007448,20007433,20007418,20007403,20007388,20007373,20007358,20007343
11441,20007464,20007449,20007434,20007419,20007404,20007389,20007374,20007359
11442,20007480,20007465,20007450,20007435,20007420,20007405,20007390,20007375
11443,20007496,20007481,20007466,20007451,20007436,20007421,20007406,20007391
11444,20007512,20007497,20007482,20007467,20007452,20007437,20007422,20007407
11445,20007528,20007513,20007498,20007483,20007468,20007453,20007438,20007423
11446,20007544,20007529,20007514,20007499,20007484,20007469,20007454,20007439
11447,20007560,20007545,20007530,20007515,20007500,20007485,20007470,20007455
11448,20007576,20007561,20007546,20007531,20007516,20007501,20007486,20007471
11449,20007592,20007577,20007562,20007547,20007532,20007517,20007502,20007487
11450,20007608,20007593,20007578,20007563,20007548,20007533,20007518,20007503
11451,20007624,20007609,20007594,20007579,20007564,20007549,20007534,20007519
11452,20007640,20007625,20007610,20007595,20007580,20007565,20007550,20007535
11453,20007656,20007641,20007626,20007611,20007596,20007581,20007566,20007551
11454,20007672,20007657,20007642,20007627,20007612,20007597,20007582,20007567
11455,20007688,20007673,20007658,20007643,20007628,20007613,20007598,20007583
11456,20007704,20007689,20007674,20007659,20007644,20007629,20007614,20007599
11457,20007720,20007705,20007690,20007675,20007660,20007645,20007630,20007615
11458,20007736,20007721,20007706,20007691,20007676,20007661,20007646,20007631
11459,20007752,20007737,20007722,20007707,20007692,20007677,20007662,20007647
11460,20007768,20007753,20007738,20007723,20007708,20007693,20007678,20007663
11461,20007784,20007769,20007754,20007739,20007724,20007709,20007694,20007679
11462,20007800,20007785,20007770,20007755,20007740,20007725,20007710,20007695
11463,20007816,20007801,20007786,20007771,20007756,20007741,20007726,20007711
11464,20007832,20007817,20007802,20007787,20007772,20007757,20007742,20007727
11465,20007848,20007833,20007818,20007803,20007788,20007773,20007758,20007743
11466,20007864,20007849,20007834,20007819,20007804,20007789,20007774,20007759
11467,20007880,20007865,20007850,20007835,20007820,20007805,20007790,20007775
11468,20007896,20007881,20007866,20007851,20007836,20007821,20007806,20007791
11469,20007912,20007897,20007882,20007867,20007852,20007837,20007822,20007807
11470,20007928,20007913,20007898,20007883,20007868,20007853,20007838,20007823
11471,20007944,20007929,20007914,20007899,20007884,20007869,20007854,20007839
11472,20007960,20007945,20007930,20007915,20007900,20007885,20007870,20007855
11473,20007976,20007961,20007946,20007931,20007916,20007901,20007886,20007871
11474,20007992,20007977,20007962,20007947,20007932,20007917,20007902,20007887
11475,20008008,20007993,20007978,20007963,20007948,20007933,20007918,20007903
11476,20008024,20008009,20007994,20007979,20007964,20007949,20007934,20007919
11477,20008040,20008025,20008010,20007995,20007980,20007965,20007950,20007935
11478,20008056,20008041,20008026,20008011,20007996,20007981,20007966,20007951
11479,20008072,20008057,20008042,20008027,20008012,20007997,20007982,20007967
11480,20008088,20008073,20008058,20008043,20008028,20008013,20007998,20007983
11481,20008104,20008089,20008074,20008059,20008044,20008029,20008014,20007999
11482,20008120,20008105,20008090,20008075,20008060,20008045,20008030,20008015
11483,20008136,20008121,20008106,20008091,20008076,20008061,20008046,20008031
11484,20008152,20008137,20008122,20008107,20008092,20008077,20008062,20008047
11485,20008168,20008153,20008138,20008123,20008108,20008093,20008078,20008063
11486,20008184,20008169,20008154,20008139,20008124,20008109,20008094,20008079
11487,20008200,20008185,20008170,20008155,20008140,20008125,20008110,20008095
11488,20008216,20008201,20008186,20008171,20008156,20008141,20008126,20008111
11489,20008232,20008217,20008202,20008187,20008172,20008157,20008142,20008127
11490,20008248,20008233,20008218,20008203,20008188,20008173,20008158,20008143
11491,20008264,20008249,20008234,20008219,20008204,20008189,20008174,20008159
11492,20008280,20008265,20008250,20008235,20008220,20008205,20008190,20008175
11493,20008296,20008281,20008266,20008251,20008236,20008221,20008206,20008191
11494,20008312,20008297,20008282,20008267,20008252,20008237,20008222,20008207
11495,20008328,20008313,20008298,20008283,20008268,20008253,20008238,20008223
11496,20008344,20008329,20008314,20008299,20008284,20008269,20008254,20008239
11497,20008360,20008345,20008330,20008315,20008300,20008285,20008270,20008255
11498,20008376,20008361,20008346,20008331,20008316,20008301,20008286,20008271
11499,20008392,20008377,20008362,20008347,20008332,20008317,20008302,20008287
11500,20008408,20008393,20008378,20008363,20008348,20008333,20008318,20008303
11501,20008424,20008409,20008394,20008379,20008364,20008349,20008334,20008319
11502,20008440,20008425,20008410,20008395,20008380,20008365,20008350,20008335
11503,20008456,20008441,20008426,20008411,20008396,20008381,20008366,20008351
11504,20008472,20008457,20008442,20008427,20008412,20008397,20008382,20008367
11505,20008488,20008473,20008458,20008443,20008428,20008413,20008398,20008383
11506,20008504,20008489,20008474,20008459,20008444,20008429,20008414,20008399
11507,20008520,20008505,20008490,20008475,20008460,20008445,20008430,20008415
11508,20008536,20008521,20008506,20008491,20008476,20008461,20008446,20008431
11509,20008552,20008537,20008522,20008507,20008492,20008477,20008462,20008447
11510,20008568,20008553,20008538,20008523,20008508,20008493,20008478,20008463
11511,20008584,20008569,20008554,20008539,20008524,20008509,20008494,20008479
11512,20008600,20008585,20008570,20008555,20008540,20008525,20008510,20008495
11513,20008616,20008601,20008586,20008571,20008556,20008541,20008526,20008511
11514,20008632,20008617,20008602,20008587,20008572,20008557,20008542,20008527
11515,20008648,20008633,20008618,20008603,20008588,20008573,20008558,20008543
11516,20008664,20008649,20008634,20008619,20008604,20008589,20008574,20008559
11517,20008680,20008665,20008650,20008635,20008620,20008605,20008590,20008575
11518,20008696,20008681,20008666,20008651,20008636,20008621,20008606,20008591
11519,20008712,20008697,20008682,20008667,20008652,20008637,20008622,20008607
11520,20008728,20008713,20008698,20008683,20008668,20008653,20008638,20008623
11521,20008744,20008729,20008714,20008699,20008684,20008669,20008654,20008639
11522,20008760,20008745,20008730,20008715,20008700,20008685,20008670,20008655
11523,20008776,20008761,20008746,20008731,20008716,20008701,20008686,20008671
11524,20008792,20008777,20008762,20008747,20008732,20008717,20008702,20008687
11525,20008808,20008793,20008778,20008763,20008748,20008733,20008718,20008703
11526,20008824,20008809,20008794,20008779,20008764,20008749,20008734,20008719
11527,20008840,20008825,20008810,20008795,20008780,20008765,20008750,20008735
11528,20008856,20008841,20008826,20008811,20008796,20008781,20008766,20008751
11529,20008872,20008857,20008842,20008827,20008812,20008797,20008782,20008767
11530,20008888,20008873,20008858,20008843,20008828,20008813,20008798,20008783
11531,20008904,20008889,20008874,20008859,20008844,20008829,20008814,20008799
11532,20008920,20008905,20008890,20008875,20008860,20008845,20008830,20008815
11533,20008936,20008921,20008906,20008891,20008876,20008861,20008846,20008831
11534,20008952,20008937,20008922,20008907,20008892,20008877,20008862,20008847
11535,20008968,20008953,20008938,20008923,20008908,20008893,20008878,20008863
11536,20008984,20008969,20008954,20008939,20008924,20008909,20008894,20008879
11537,20009000,20008985,20008970,20008955,20008940,20008925,20008910,20008895
11538,20009016,20009001,20008986,20008971,20008956,20008941,20008926,20008911
11539,20009032,20009017,20009002,20008987,20008972,20008957,20008942,20008927
11540,20009048,20009033,20009018,20009003,20008988,20008973,20008958,20008943
11541,20009064,20009049,20009034,20009019,20009004,20008989,20008974,20008959
11542,20009080,20009065,20009050,20009035,20009020,20009005,20008990,20008975
11543,20009096,20009081,20009066,20009051,20009036,20009021,20009006,20008991
11544,20009112,20009097,20009082,20009067,20009052,20009037,20009022,20009007
11545,20009128,20009113,20009098,20009083,20009068,20009053,20009038,20009023
11546,20009144,20009129,20009114,20009099,20009084,20009069,20009054,20009039
11547,20009160,20009145,20009130,20009115,20009100,20009085,20009070,20009055
11548,20009176,20009161,20009146,20009131,20009116,20009101,20009086,20009071
11549,20009192,20009177,20009162,20009147,20009132,20009117,20009102,20009087
11550,20009208,20009193,20009178,20009163,20009148,20009133,20009118,20009103
11551,20009224,20009209,20009194,20009179,20009164,20009149,20009134,20009119
11552,20009240,20009225,20009210,20009195,20009180,20009165,20009150,20009135
11553,20009256,20009241,20009226,20009211,20009196,20009181,20009166,20009151
11554,20009272,20009257,20009242,20009227,20009212,20009197,20009182,20009167
11555,20009288,20009273,20009258,20009243,20009228,20009213,20009198,20009183
11556,20009304,20009289,20009274,20009259,20009244,20009229,20009214,20009199
11557,20009320,20009305,20009290,20009275,20009260,20009245,20009230,20009215
11558,20009336,20009321,20009306,20009291,20009276,20009261,20009246,20009231
11559,20009352,20009337,20009322,20009307,20009292,20009277,20009262,20009247
11560,20009368,20009353,20009338,20009323,20009308,20009293,20009278,20009263
11561,20009384,20009369,20009354,20009339,20009324,20009309,20009294,20009279
11562,20009400,20009385,20009370,20009355,20009340,20009325,20009310,20009295
11563,20009416,20009401,20009386,20009371,20009356,20009341,20009326,20009311
11564,20009432,20009417,20009402,20009387,20009372,20009357,20009342,20009327
11565,20009448,20009433,20009418,20009403,20009388,20009373,20009358,20009343
11566,20009464,20009449,20009434,20009419,20009404,20009389,20009374,20009359
11567,20009480,20009465,20009450,20009435,20009420,20009405,20009390,20009375
11568,20009496,20009481,20009466,20009451,20009436,20009421,20009406,20009391
11569,20009512,20009497,20009482,20009467,20009452,20009437,20009422,20009407
11570,20009528,20009513,20009498,20009483,20009468,20009453,20009438,20009423
11571,20009544,20009529,20009514,20009499,20009484,20009469,20009454,20009439
11572,20009560,20009545,20009530,20009515,20009500,20009485,20009470,20009455
11573,20009576,20009561,20009546,20009531,20009516,20009501,20009486,20009471
11574,20009592,20009577,20009562,20009547,20009532,20009517,20009502,20009487
11575,20009608,20009593,20009578,20009563,20009548,20009533,20009518,20009503
11576,20009624,20009609,20009594,20009579,20009564,20009549,20009534,20009519
11577,20009640,20009625,20009610,20009595,20009580,20009565,20009550,20009535
11578,20009656,20009641,20009626,20009611,20009596,20009581,20009566,20009551
11579,20009672,20009657,20009642,20009627,20009612,20009597,20009582,20009567
11580,20009688,20009673,20009658,20009643,20009628,20009613,20009598,20009583
11581,20009704,20009689,20009674,20009659,20009644,20009629,20009614,20009599
11582,20009720,20009705,20009690,20009675,20009660,20009645,20009630,20009615
11583,20009736,20009721,20009706,20009691,20009676,20009661,20009646,20009631
11584,20009752,20009737,20009722,20009707,20009692,20009677,20009662,20009647
11585,20009768,20009753,20009738,20009723,20009708,20009693,20009678,20009663
11586,20009784,20009769,20009754,20009739,20009724,20009709,20009694,20009679
11587,20009800,20009785,20009770,20009755,20009740,20009725,20009710,20009695
11588,20009816,20009801,20009786,20009771,20009756,20009741,20009726,20009711
11589,20009832,20009817,20009802,20009787,20009772,20009757,20009742,20009727
11590,20009848,20009833,20009818,20009803,20009788,20009773,20009758,20009743
11591,20009864,20009849,20009834,20009819,20009804,20009789,20009774,20009759
11592,20009880,20009865,20009850,20009835,20009820,20009805,20009790,20009775
11593,20009896,20009881,20009866,20009851,20009836,20009821,20009806,20009791
11594,20009912,20009897,20009882,20009867,20009852,20009837,20009822,20009807
11595,20009928,20009913,20009898,20009883,20009868,20009853,20009838,20009823
11596,20009944,20009929,20009914,20009899,20009884,20009869,20009854,20009839
11597,20009960,20009945,20009930,20009915,20009900,20009885,20009870,20009855
11598,20009976,20009961,20009946,20009931,20009916,20009901,20009886,20009871
11599,20009992,20009977,20009962,20009947,20009932,20009917,20009902,20009887
11600,20010008,20009993,20009978,20009963,20009948,20009933,20009918,20009903
11601,20010024,20010009,20009994,20009979,20009964,20009949,20009934,20009919
11602,20010040,20010025,20010010,20009995,20009980,20009965,20009950,20009935
11603,20010056,20010041,20010026,20010011,20009996,20009981,20009966,20009951
11604,20010072,20010057,20010042,20010027,20010012,20009997,20009982,20009967
11605,20010088,20010073,20010058,20010043,20010028,20010013,20009998,20009983
11606,20010104,20010089,20010074,20010059,20010044,20010029,20010014,20009999
11607,20010120,20010105,20010090,20010075,20010060,20010045,20010030,20010015
11608,20010136,20010121,20010106,20010091,20010076,20010061,20010046,20010031
11609,20010152,20010137,20010122,20010107,20010092,20010077,20010062,20010047
11610,20010168,20010153,20010138,20010123,20010108,20010093,20010078,20010063
11611,20010184,20010169,20010154,20010139,20010124,20010109,20010094,20010079
11612,20010200,20010185,20010170,20010155,20010140,20010125,20010110,20010095
11613,20010216,20010201,20010186,20010171,20010156,20010141,20010126,20010111
11614,20010232,20010217,20010202,20010187,20010172,20010157,20010142,20010127
11615,20010248,20010233,20010218,20010203,20010188,20010173,20010158,20010143
11616,20010264,20010249,20010234,20010219,20010204,20010189,20010174,20010159
11617,20010280,20010265,20010250,20010235,20010220,20010205,20010190,20010175
11618,20010296,20010281,20010266,20010251,20010236,20010221,20010206,20010191
11619,20010312,20010297,20010282,20010267,20010252,20010237,20010222,20010207
11620,20010328,20010313,20010298,20010283,20010268,20010253,20010238,20010223
11621,20010344,20010329,20010314,20010299,20010284,20010269,20010254,20010239
11622,20010360,20010345,20010330,20010315,20010300,20010285,20010270,20010255
11623,20010376,20010361,20010346,20010331,20010316,20010301,20010286,20010271
11624,20010392,20010377,20010362,20010347,20010332,20010317,20010302,20010287
11625,20010408,20010393,20010378,20010363,20010348,20010333,20010318,20010303
11626,20010424,20010409,20010394,20010379,20010364,20010349,20010334,20010319
11627,20010440,20010425,20010410,20010395,20010380,20010365,20010350,20010335
11628,20010456,20010441,20010426,20010411,20010396,20010381,20010366,20010351
11629,20010472,20010457,20010442,20010427,20010412,20010397,20010382,20010367
11630,20010488,20010473,20010458,20010443,20010428,20010413,20010398,20010383
11631,20010504,20010489,20010474,20010459,20010444,20010429,20010414,20010399
11632,20010520,20010505,20010490,20010475,20010460,20010445,20010430,20010415
11633,20010536,20010521,20010506,20010491,20010476,20010461,20010446,20010431
11634,20010552,20010537,20010522,20010507,20010492,20010477,20010462,20010447
11635,20010568,20010553,20010538,20010523,20010508,20010493,20010478,20010463
11636,20010584,20010569,20010554,20010539,20010524,20010509,20010494,20010479
11637,20010600,20010585,20010570,20010555,20010540,20010525,20010510,20010495
11638,20010616,20010601,20010586,20010571,20010556,20010541,20010526,20010511
11639,20010632,20010617,20010602,20010587,20010572,20010557,20010542,20010527
11640,20010648,20010633,20010618,20010603,20010588,20010573,20010558,20010543
11641,20010664,20010649,20010634,20010619,20010604,20010589,20010574,20010559
11642,20010680,20010665,20010650,20010635,20010620,20010605,20010590,20010575
11643,20010696,20010681,20010666,20010651,20010636,20010621,20010606,20010591
11644,20010712,20010697,20010682,20010667,20010652,20010637,20010622,20010607
11645,20010728,20010713,20010698,20010683,20010668,20010653,20010638,20010623
11646,20010744,20010729,20010714,20010699,20010684,20010669,20010654,20010639
11647,20010760,20010745,20010730,20010715,20010700,20010685,20010670,20010655
11648,20010776,20010761,20010746,20010731,20010716,20010701,20010686,20010671
11649,20010792,20010777,20010762,20010747,20010732,20010717,20010702,20010687
11650,20010808,20010793,20010778,20010763,20010748,20010733,20010718,20010703
11651,20010824,20010809,20010794,20010779,20010764,20010749,20010734,20010719
11652,20010840,20010825,20010810,20010795,20010780,20010765,20010750,20010735
11653,20010856,20010841,20010826,20010811,20010796,20010781,20010766,20010751
11654,20010872,20010857,20010842,20010827,20010812,20010797,20010782,20010767
11655,20010888,20010873,20010858,20010843,20010828,20010813,20010798,20010783
11656,20010904,20010889,20010874,20010859,20010844,20010829,20010814,20010799
11657,20010920,20010905,20010890,20010875,20010860,20010845,20010830,20010815
11658,20010936,20010921,20010906,20010891,20010876,20010861,20010846,20010831
11659,20010952,20010937,20010922,20010907,20010892,20010877,20010862,20010847
11660,20010968,20010953,20010938,20010923,20010908,20010893,20010878,20010863
11661,20010984,20010969,20010954,20010939,20010924,20010909,20010894,20010879
11662,20011000,20010985,20010970,20010955,20010940,20010925,20010910,20010895
11663,20011016,20011001,20010986,20010971,20010956,20010941,20010926,20010911
11664,20011032,20011017,20011002,20010987,20010972,20010957,20010942,20010927
11665,20011048,20011033,20011018,20011003,20010988,20010973,20010958,20010943
11666,20011064,20011049,20011034,20011019,20011004,20010989,20010974,20010959
11667,20011080,20011065,20011050,20011035,20011020,20011005,20010990,20010975
11668,20011096,20011081,20011066,20011051,20011036,20011021,20011006,20010991
11669,20011112,20011097,20011082,20011067,20011052,20011037,20011022,20011007
11670,20011128,20011113,20011098,20011083,20011068,20011053,20011038,20011023
11671,20011144,20011129,20011114,20011099,20011084,20011069,20011054,20011039
11672,20011160,20011145,20011130,20011115,20011100,20011085,20011070,20011055
11673,20011176,20011161,20011146,20011131,20011116,20011101,20011086,20011071
11674,20011192,20011177,20011162,20011147,20011132,20011117,20011102,20011087
11675,20011208,20011193,20011178,20011163,20011148,20011133,20011118,20011103
11676,20011224,20011209,20011194,20011179,20011164,20011149,20011134,20011119
11677,20011240,20011225,20011210,20011195,20011180,20011165,20011150,20011135
11678,20011256,20011241,20011226,20011211,20011196,20011181,20011166,20011151
11679,20011272,20011257,20011242,20011227,20011212,20011197,20011182,20011167
11680,20011288,20011273,20011258,20011243,20011228,20011213,20011198,20011183
11681,20011304,20011289,20011274,20011259,20011244,20011229,20011214,20011199
11682,20011320,20011305,20011290,20011275,20011260,20011245,20011230,20011215
11683,20011336,20011321,20011306,20011291,20011276,20011261,20011246,20011231
11684,20011352,20011337,20011322,20011307,20011292,20011277,20011262,20011247
11685,20011368,20011353,20011338,20011323,20011308,20011293,20011278,20011263
11686,20011384,20011369,20011354,20011339,20011324,20011309,20011294,20011279
11687,20011400,20011385,20011370,20011355,20011340,20011325,20011310,20011295
11688,20011416,20011401,20011386,20011371,20011356,20011341,20011326,20011311
11689,20011432,20011417,20011402,20011387,20011372,20011357,20011342,20011327
11690,20011448,20011433,20011418,20011403,20011388,20011373,20011358,20011343
11691,20011464,20011449,20011434,20011419,20011404,20011389,20011374,20011359
11692,20011480,20011465,20011450,20011435,20011420,20011405,20011390,20011375
11693,20011496,20011481,20011466,20011451,20011436,20011421,20011406,20011391
11694,20011512,20011497,20011482,20011467,20011452,20011437,20011422,20011407
11695,20011528,20011513,20011498,20011483,20011468,20011453,20011438,20011423
11696,20011544,20011529,20011514,20011499,20011484,20011469,20011454,20011439
11697,20011560,20011545,20011530,20011515,20011500,20011485,20011470,20011455
11698,20011576,20011561,20011546,20011531,20011516,20011501,20011486,20011471
11699,20011592,20011577,20011562,20011547,20011532,20011517,20011502,20011487
11700,20011608,20011593,20011578,20011563,20011548,20011533,20011518,20011503
11701,20011624,20011609,20011594,20011579,20011564,20011549,20011534,20011519
11702,20011640,20011625,20011610,20011595,20011580,20011565,20011550,20011535
11703,20011656,20011641,20011626,20011611,20011596,20011581,20011566,20011551
11704,20011672,20011657,20011642,20011627,20011612,20011597,20011582,20011567
11705,20011688,20011673,20011658,20011643,20011628,20011613,20011598,20011583
11706,20011704,20011689,20011674,20011659,20011644,20011629,20011614,20011599
11707,20011720,20011705,20011690,20011675,20011660,20011645,20011630,20011615
11708,20011736,20011721,20011706,20011691,20011676,20011661,20011646,20011631
11709,20011752,20011737,20011722,20011707,20011692,20011677,20011662,20011647
11710,20011768,20011753,20011738,20011723,20011708,20011693,20011678,20011663
11711,20011784,20011769,20011754,20011739,20011724,20011709,20011694,20011679
11712,20011800,20011785,20011770,20011755,20011740,20011725,20011710,20011695
11713,20011816,20011801,20011786,20011771,20011756,20011741,20011726,20011711
11714,20011832,20011817,20011802,20011787,20011772,20011757,20011742,20011727
11715,20011848,20011833,20011818,20011803,20011788,20011773,20011758,20011743
11716,20011864,20011849,20011834,20011819,20011804,20011789,20011774,20011759
11717,20011880,20011865,20011850,20011835,20011820,20011805,20011790,20011775
11718,20011896,20011881,20011866,20011851,20011836,20011821,20011806,20011791
11719,20011912,20011897,20011882,20011867,20011852,20011837,20011822,20011807
11720,20011928,20011913,20011898,20011883,20011868,20011853,20011838,20011823
11721,20011944,20011929,20011914,20011899,20011884,20011869,20011854,20011839
11722,20011960,20011945,20011930,20011915,20011900,20011885,20011870,20011855
11723,20011976,20011961,20011946,20011931,20011916,20011901,20011886,20011871
11724,20011992,20011977,20011962,20011947,20011932,20011917,20011902,20011887
11725,20012008,20011993,20011978,20011963,20011948,20011933,20011918,20011903
11726,20012024,20012009,20011994,20011979,20011964,20011949,20011934,20011919
11727,20012040,20012025,20012010,20011995,20011980,20011965,20011950,20011935
11728,20012056,20012041,20012026,20012011,20011996,20011981,20011966,20011951
11729,20012072,20012057,20012042,20012027,20012012,20011997,20011982,20011967
11730,20012088,20012073,20012058,20012043,20012028,20012013,20011998,20011983
11731,20012104,20012089,20012074,20012059,20012044,20012029,20012014,20011999
11732,20012120,20012105,20012090,20012075,20012060,20012045,20012030,20012015
11733,20012136,20012121,20012106,20012091,20012076,20012061,20012046,20012031
11734,20012152,20012137,20012122,20012107,20012092,20012077,20012062,20012047
11735,20012168,20012153,20012138,20012123,20012108,20012093,20012078,20012063
11736,20012184,20012169,20012154,20012139,20012124,20012109,20012094,20012079
11737,20012200,20012185,20012170,20012155,20012140,20012125,20012110,20012095
11738,20012216,20012201,20012186,20012171,20012156,20012141,20012126,20012111
11739,20012232,20012217,20012202,20012187,20012172,20012157,20012142,20012127
11740,20012248,20012233,20012218,20012203,20012188,20012173,20012158,20012143
11741,20012264,20012249,20012234,20012219,20012204,20012189,20012174,20012159
11742,20012280,20012265,20012250,20012235,20012220,20012205,20012190,20012175
11743,20012296,20012281,20012266,20012251,20012236,20012221,20012206,20012191
11744,20012312,20012297,20012282,20012267,20012252,20012237,20012222,20012207
11745,20012328,20012313,20012298,20012283,20012268,20012253,20012238,20012223
11746,20012344,20012329,20012314,20012299,20012284,20012269,20012254,20012239
11747,20012360,20012345,20012330,20012315,20012300,20012285,20012270,20012255
11748,20012376,20012361,20012346,20012331,20012316,20012301,20012286,20012271
11749,20012392,20012377,20012362,20012347,20012332,20012317,20012302,20012287
11750,20012408,20012393,20012378,20012363,20012348,20012333,20012318,20012303
11751,20012424,20012409,20012394,20012379,20012364,20012349,20012334,20012319
11752,20012440,20012425,20012410,20012395,20012380,20012365,20012350,20012335
11753,20012456,20012441,20012426,20012411,20012396,20012381,20012366,20012351
11754,20012472,20012457,20012442,20012427,20012412,20012397,20012382,20012367
11755,20012488,20012473,20012458,20012443,20012428,20012413,20012398,20012383
11756,20012504,20012489,20012474,20012459,20012444,20012429,20012414,20012399
11757,20012520,20012505,20012490,20012475,20012460,20012445,20012430,20012415
11758,20012536,20012521,20012506,20012491,20012476,20012461,20012446,20012431
11759,20012552,20012537,20012522,20012507,20012492,20012477,20012462,20012447
11760,20012568,20012553,20012538,20012523,20012508,20012493,20012478,20012463
11761,20012584,20012569,20012554,20012539,20012524,20012509,20012494,20012479
11762,20012600,20012585,20012570,20012555,20012540,20012525,20012510,20012495
11763,20012616,20012601,20012586,20012571,20012556,20012541,20012526,20012511
11764,20012632,20012617,20012602,20012587,20012572,20012557,20012542,20012527
11765,20012648,20012633,20012618,20012603,20012588,20012573,20012558,20012543
11766,20012664,20012649,20012634,20012619,20012604,20012589,20012574,20012559
11767,20012680,20012665,20012650,20012635,20012620,20012605,20012590,20012575
11768,20012696,20012681,20012666,20012651,20012636,20012621,20012606,20012591
11769,20012712,20012697,20012682,20012667,20012652,20012637,20012622,20012607
11770,20012728,20012713,20012698,20012683,20012668,20012653,20012638,20012623
11771,20012744,20012729,20012714,20012699,20012684,20012669,20012654,20012639
11772,20012760,20012745,20012730,20012715,20012700,20012685,20012670,20012655
11773,20012776,20012761,20012746,20012731,20012716,20012701,20012686,20012671
11774,20012792,20012777,20012762,20012747,20012732,20012717,20012702,20012687
11775,20012808,20012793,20012778,20012763,20012748,20012733,20012718,20012703
11776,20012824,20012809,20012794,20012779,20012764,20012749,20012734,20012719
11777,20012840,20012825,20012810,20012795,20012780,20012765,20012750,20012735
11778,20012856,20012841,20012826,20012811,20012796,20012781,20012766,20012751
11779,20012872,20012857,20012842,20012827,20012812,20012797,20012782,20012767
11780,20012888,20012873,20012858,20012843,20012828,20012813,20012798,20012783
11781,20012904,20012889,20012874,20012859,20012844,20012829,20012814,20012799
11782,20012920,20012905,20012890,20012875,20012860,20012845,20012830,20012815
11783,20012936,20012921,20012906,20012891,20012876,20012861,20012846,20012831
11784,20012952,20012937,20012922,20012907,20012892,20012877,20012862,20012847
11785,20012968,20012953,20012938,20012923,20012908,20012893,20012878,20012863
11786,20012984,20012969,20012954,20012939,20012924,20012909,20012894,20012879
11787,20013000,20012985,20012970,20012955,20012940,20012925,20012910,20012895
11788,20013016,20013001,20012986,20012971,20012956,20012941,20012926,20012911
11789,20013032,20013017,20013002,20012987,20012972,20012957,20012942,20012927
11790,20013048,20013033,20013018,20013003,20012988,20012973,20012958,20012943
11791,20013064,20013049,20013034,20013019,20013004,20012989,20012974,20012959
11792,20013080,20013065,20013050,20013035,20013020,20013005,20012990,20012975
11793,20013096,20013081,20013066,20013051,20013036,20013021,20013006,20012991
11794,20013112,20013097,20013082,20013067,20013052,20013037,20013022,20013007
11795,20013128,20013113,20013098,20013083,20013068,20013053,20013038,20013023
11796,20013144,20013129,20013114,20013099,20013084,20013069,20013054,20013039
11797,20013160,20013145,20013130,20013115,20013100,20013085,20013070,20013055
11798,20013176,20013161,20013146,20013131,20013116,20013101,20013086,20013071
11799,20013192,20013177,20013162,20013147,20013132,20013117,20013102,20013087
11800,20013208,20013193,20013178,20013163,20013148,20013133,20013118,20013103
11801,20013224,20013209,20013194,20013179,20013164,20013149,20013134,20013119
11802,20013240,20013225,20013210,20013195,20013180,20013165,20013150,20013135
11803,20013256,20013241,20013226,20013211,20013196,20013181,20013166,20013151
11804,20013272,20013257,20013242,20013227,20013212,20013197,20013182,20013167
11805,20013288,20013273,20013258,20013243,20013228,20013213,20013198,20013183
11806,20013304,20013289,20013274,20013259,20013244,20013229,20013214,20013199
11807,20013320,20013305,20013290,20013275,20013260,20013245,20013230,20013215
11808,20013336,20013321,20013306,20013291,20013276,20013261,20013246,20013231
11809,20013352,20013337,20013322,20013307,20013292,20013277,20013262,20013247
11810,20013368,20013353,20013338,20013323,20013308,20013293,20013278,20013263
11811,20013384,20013369,20013354,20013339,20013324,20013309,20013294,20013279
11812,20013400,20013385,20013370,20013355,20013340,20013325,20013310,20013295
11813,20013416,20013401,20013386,20013371,20013356,20013341,20013326,20013311
11814,20013432,20013417,20013402,20013387,20013372,20013357,20013342,20013327
11815,20013448,20013433,20013418,20013403,20013388,20013373,20013358,20013343
11816,20013464,20013449,20013434,20013419,20013404,20013389,20013374,20013359
11817,20013480,20013465,20013450,20013435,20013420,20013405,20013390,20013375
11818,20013496,20013481,20013466,20013451,20013436,20013421,20013406,20013391
11819,20013512,20013497,20013482,20013467,20013452,20013437,20013422,20013407
11820,20013528,20013513,20013498,20013483,20013468,20013453,20013438,20013423
11821,20013544,20013529,20013514,20013499,20013484,20013469,20013454,20013439
11822,20013560,20013545,20013530,20013515,20013500,20013485,20013470,20013455
11823,20013576,20013561,20013546,20013531,20013516,20013501,20013486,20013471
11824,20013592,20013577,20013562,20013547,20013532,20013517,20013502,20013487
11825,20013608,20013593,20013578,20013563,20013548,20013533,20013518,20013503
11826,20013624,20013609,20013594,20013579,20013564,20013549,20013534,20013519
11827,20013640,20013625,20013610,20013595,20013580,20013565,20013550,20013535
11828,20013656,20013641,20013626,20013611,20013596,20013581,20013566,20013551
11829,20013672,20013657,20013642,20013627,20013612,20013597,20013582,20013567
11830,20013688,20013673,20013658,20013643,20013628,20013613,20013598,20013583
11831,20013704,20013689,20013674,20013659,20013644,20013629,20013614,20013599
11832,20013720,20013705,20013690,20013675,20013660,20013645,20013630,20013615
11833,20013736,20013721,20013706,20013691,20013676,20013661,20013646,20013631
11834,20013752,20013737,20013722,20013707,20013692,20013677,20013662,20013647
11835,20013768,20013753,20013738,20013723,20013708,20013693,20013678,20013663
11836,20013784,20013769,20013754,20013739,20013724,20013709,20013694,20013679
11837,20013800,20013785,20013770,20013755,20013740,20013725,20013710,20013695
11838,20013816,20013801,20013786,20013771,20013756,20013741,20013726,20013711
11839,20013832,20013817,20013802,20013787,20013772,20013757,20013742,20013727
11840,20013848,20013833,20013818,20013803,20013788,20013773,20013758,20013743
11841,20013864,20013849,20013834,20013819,20013804,20013789,20013774,20013759
11842,20013880,20013865,20013850,20013835,20013820,20013805,20013790,20013775
11843,20013896,20013881,20013866,20013851,20013836,20013821,20013806,20013791
11844,20013912,20013897,20013882,20013867,20013852,20013837,20013822,20013807
11845,20013928,20013913,20013898,20013883,20013868,20013853,20013838,20013823
11846,20013944,20013929,20013914,20013899,20013884,20013869,20013854,20013839
11847,20013960,20013945,20013930,20013915,20013900,20013885,20013870,20013855
11848,20013976,20013961,20013946,20013931,20013916,20013901,20013886,20013871
11849,20013992,20013977,20013962,20013947,20013932,20013917,20013902,20013887
11850,20014008,20013993,20013978,20013963,20013948,20013933,20013918,20013903
11851,20014024,20014009,20013994,20013979,20013964,20013949,20013934,20013919
11852,20014040,20014025,20014010,20013995,20013980,20013965,20013950,20013935
11853,20014056,20014041,20014026,20014011,20013996,20013981,20013966,20013951
11854,20014072,20014057,20014042,20014027,20014012,20013997,20013982,20013967
11855,20014088,20014073,20014058,20014043,20014028,20014013,20013998,20013983
11856,20014104,20014089,20014074,20014059,20014044,20014029,20014014,20013999
11857,20014120,20014105,20014090,20014075,20014060,20014045,20014030,20014015
11858,20014136,20014121,20014106,20014091,20014076,20014061,20014046,20014031
11859,20014152,20014137,20014122,20014107,20014092,20014077,20014062,20014047
11860,20014168,20014153,20014138,20014123,20014108,20014093,20014078,20014063
11861,20014184,20014169,20014154,20014139,20014124,20014109,20014094,20014079
11862,20014200,20014185,20014170,20014155,20014140,20014125,20014110,20014095
11863,20014216,20014201,20014186,20014171,20014156,20014141,20014126,20014111
11864,20014232,20014217,20014202,20014187,20014172,20014157,20014142,20014127
11865,20014248,20014233,20014218,20014203,20014188,20014173,20014158,20014143
11866,20014264,20014249,20014234,20014219,20014204,20014189,20014174,20014159
11867,20014280,20014265,20014250,20014235,20014220,20014205,20014190,20014175
11868,20014296,20014281,20014266,20014251,20014236,20014221,20014206,20014191
11869,20014312,20014297,20014282,20014267,20014252,20014237,20014222,20014207
11870,20014328,20014313,20014298,20014283,20014268,20014253,20014238,20014223
11871,20014344,20014329,20014314,20014299,20014284,20014269,20014254,20014239
11872,20014360,20014345,20014330,20014315,20014300,20014285,20014270,20014255
11873,20014376,20014361,20014346,20014331,20014316,20014301,20014286,20014271
11874,20014392,20014377,20014362,20014347,20014332,20014317,20014302,20014287
11875,-1,20014393,20014378,20014363,20014348,20014333,20014318,20014303
11876,-1,-1,20014394,20014379,20014364,20014349,20014334,20014319
11877,-1,-1,-1,20014395,20014380,20014365,20014350,20014335
11878,-1,-1,-1,-1,20014396,20014381,20014366,20014351
11879,-1,-1,-1,-1,-1,20014397,20014382,20014367
11880,-1,-1,-1,-1,-1,-1,20014398,20014383
11881,-1,-1,-1,-1,-1,-1,-1,20014399
11882,-1,-1,-1,-1,-1,-1,-1,-1
11883,-1,-1,-1,-1,-1,-1,-1,-1
11884,-1,-1,-1,-1,-1,-1,-1,-1
11885,-1,-1,-1,-1,-1,-1,-1,-1
11886,-1,-1,-1,-1,-1,-1,-1,-1
11887,-1,-1,-1,-1,-1,-1,-1,-1
11888,-1,-1,-1,-1,-1,-1,-1,-1
11889,20000008,-1,-1,-1,-1,-1,-1,-1
11890,20000024,20000009,-1,-1,-1,-1,-1,-1
11891,20000040,20000025,20000010,-1,-1,-1,-1,-1
11892,20000056,20000041,20000026,20000011,-1,-1,-1,-1
11893,20000072,20000057,20000042,20000027,20000012,-1,-1,-1
11894,20000088,20000073,20000058,20000043,20000028,20000013,-1,-1
11895,20000104,20000089,20000074,20000059,20000044,20000029,20000014,-1
11896,20000120,20000105,20000090,20000075,20000060,20000045,20000030,20000015
11897,20000136,20000121,20000106,20000091,20000076,20000061,20000046,20000031
11898,20000152,20000137,20000122,20000107,20000092,20000077,20000062,20000047
11899,20000168,20000153,20000138,20000123,20000108,20000093,20000078,20000063
11900,20000184,20000169,20000154,20000139,20000124,20000109,20000094,20000079
11901,20000200,20000185,20000170,20000155,20000140,20000125,20000110,20000095
11902,20000216,20000201,20000186,20000171,20000156,20000141,20000126,20000111
11903,20000232,20000217,20000202,20000187,20000172,20000157,20000142,20000127
11904,20000248,20000233,20000218,20000203,20000188,20000173,20000158,20000143
11905,20000264,20000249,20000234,20000219,20000204,20000189,20000174,20000159
11906,20000280,20000265,20000250,20000235,20000220,20000205,20000190,20000175
11907,20000296,20000281,20000266,20000251,20000236,20000221,20000206,20000191
11908,20000312,20000297,20000282,20000267,20000252,20000237,20000222,20000207
11909,20000328,20000313,20000298,20000283,20000268,20000253,20000238,20000223
11910,20000344,20000329,20000314,20000299,20000284,20000269,20000254,20000239
11911,20000360,20000345,20000330,20000315,20000300,20000285,20000270,20000255
11912,20000376,20000361,20000346,20000331,20000316,20000301,20000286,20000271
11913,20000392,20000377,20000362,20000347,20000332,20000317,20000302,20000287
11914,20000408,20000393,20000378,20000363,20000348,20000333,20000318,20000303
11915,20000424,20000409,20000394,20000379,20000364,20000349,20000334,20000319
11916,20000440,20000425,20000410,20000395,20000380,20000365,20000350,20000335
11917,20000456,20000441,20000426,20000411,20000396,20000381,20000366,20000351
11918,20000472,20000457,20000442,20000427,20000412,20000397,20000382,20000367
11919,20000488,20000473,20000458,20000443,20000428,20000413,20000398,20000383
11920,20000504,20000489,20000474,20000459,20000444,20000429,20000414,20000399
11921,20000520,20000505,20000490,20000475,20000460,20000445,20000430,20000415
11922,20000536,20000521,20000506,20000491,20000476,20000461,20000446,20000431
11923,20000552,20000537,20000522,20000507,20000492,20000477,20000462,20000447
11924,20000568,20000553,20000538,20000523,20000508,20000493,20000478,20000463
11925,20000584,20000569,20000554,20000539,20000524,20000509,20000494,20000479
11926,20000600,20000585,20000570,20000555,20000540,20000525,20000510,20000495
11927,20000616,20000601,20000586,20000571,20000556,20000541,20000526,20000511
11928,20000632,20000617,20000602,20000587,20000572,20000557,20000542,20000527
11929,20000648,20000633,20000618,20000603,20000588,20000573,20000558,20000543
11930,20000664,20000649,20000634,20000619,20000604,20000589,20000574,20000559
11931,20000680,20000665,20000650,20000635,20000620,20000605,20000590,20000575
11932,20000696,20000681,20000666,20000651,20000636,20000621,20000606,20000591
11933,20000712,20000697,20000682,20000667,20000652,20000637,20000622,20000607
11934,20000728,20000713,20000698,20000683,20000668,20000653,20000638,20000623
11935,20000744,20000729,20000714,20000699,20000684,20000669,20000654,20000639
11936,20000760,20000745,20000730,20000715,20000700,20000685,20000670,20000655
11937,20000776,20000761,20000746,20000731,20000716,20000701,20000686,20000671
11938,20000792,20000777,20000762,20000747,20000732,20000717,20000702,20000687
11939,20000808,20000793,20000778,20000763,20000748,20000733,20000718,20000703
11940,20000824,20000809,20000794,20000779,20000764,20000749,20000734,20000719
11941,20000840,20000825,20000810,20000795,20000780,20000765,20000750,20000735
11942,20000856,20000841,20000826,20000811,20000796,20000781,20000766,20000751
11943,20000872,20000857,20000842,20000827,20000812,20000797,20000782,20000767
11944,20000888,20000873,20000858,20000843,20000828,20000813,20000798,20000783
11945,20000904,20000889,20000874,20000859,20000844,20000829,20000814,20000799
11946,20000920,20000905,20000890,20000875,20000860,20000845,20000830,20000815
11947,20000936,20000921,20000906,20000891,20000876,20000861,20000846,20000831
11948,20000952,20000937,20000922,20000907,20000892,20000877,20000862,20000847
11949,20000968,20000953,20000938,20000923,20000908,20000893,20000878,20000863
11950,20000984,20000969,20000954,20000939,20000924,20000909,20000894,20000879
11951,20001000,20000985,20000970,20000955,20000940,20000925,20000910,20000895
11952,20001016,20001001,20000986,20000971,20000956,20000941,20000926,20000911
11953,20001032,20001017,20001002,20000987,20000972,20000957,20000942,20000927
11954,20001048,20001033,20001018,20001003,20000988,20000973,20000958,20000943
11955,20001064,20001049,20001034,20001019,20001004,20000989,20000974,20000959
11956,20001080,20001065,20001050,20001035,20001020,20001005,20000990,20000975
11957,20001096,20001081,20001066,20001051,20001036,20001021,20001006,20000991
11958,20001112,20001097,20001082,20001067,20001052,20001037,20001022,20001007
11959,20001128,20001113,20001098,20001083,20001068,20001053,20001038,20001023
11960,20001144,20001129,20001114,20001099,20001084,20001069,20001054,20001039
11961,20001160,20001145,20001130,20001115,20001100,20001085,20001070,20001055
11962,20001176,20001161,20001146,20001131,20001116,20001101,20001086,20001071
11963,20001192,20001177,20001162,20001147,20001132,20001117,20001102,20001087
11964,20001208,20001193,20001178,20001163,20001148,20001133,20001118,20001103
11965,20001224,20001209,20001194,20001179,20001164,20001149,20001134,20001119
11966,20001240,20001225,20001210,20001195,20001180,20001165,20001150,20001135
11967,20001256,20001241,20001226,20001211,20001196,20001181,20001166,20001151
11968,20001272,20001257,20001242,20001227,20001212,20001197,20001182,20001167
11969,20001288,20001273,20001258,20001243,20001228,20001213,20001198,20001183
11970,20001304,20001289,20001274,20001259,20001244,20001229,20001214,20001199
11971,20001320,20001305,20001290,20001275,20001260,20001245,20001230,20001215
11972,20001336,20001321,20001306,20001291,20001276,20001261,20001246,20001231
11973,20001352,20001337,20001322,20001307,20001292,20001277,20001262,20001247
11974,20001368,20001353,20001338,20001323,20001308,20001293,20001278,20001263
11975,20001384,20001369,20001354,20001339,20001324,20001309,20001294,20001279
11976,20001400,20001385,20001370,20001355,20001340,20001325,20001310,20001295
11977,20001416,20001401,20001386,20001371,20001356,20001341,20001326,20001311
11978,20001432,20001417,20001402,20001387,20001372,20001357,20001342,20001327
11979,20001448,20001433,20001418,20001403,20001388,20001373,20001358,20001343
11980,20001464,20001449,20001434,20001419,20001404,20001389,20001374,20001359
11981,20001480,20001465,20001450,20001435,20001420,20001405,20001390,20001375
11982,20001496,20001481,20001466,20001451,20001436,20001421,20001406,20001391
11983,20001512,20001497,20001482,20001467,20001452,20001437,20001422,20001407
11984,20001528,20001513,20001498,20001483,20001468,20001453,20001438,20001423
11985,20001544,20001529,20001514,20001499,20001484,20001469,20001454,20001439
11986,20001560,20001545,20001530,20001515,20001500,20001485,20001470,20001455
11987,20001576,20001561,20001546,20001531,20001516,20001501,20001486,20001471
11988,20001592,20001577,20001562,20001547,20001532,20001517,20001502,20001487
11989,20001608,20001593,20001578,20001563,20001548,20001533,20001518,20001503
11990,20001624,20001609,20001594,20001579,20001564,20001549,20001534,20001519
11991,20001640,20001625,20001610,20001595,20001580,20001565,20001550,20001535
11992,20001656,20001641,20001626,20001611,20001596,20001581,20001566,20001551
11993,20001672,20001657,20001642,20001627,20001612,20001597,20001582,20001567
11994,20001688,20001673,20001658,20001643,20001628,20001613,20001598,20001583
11995,20001704,20001689,20001674,20001659,20001644,20001629,20001614,20001599
11996,20001720,20001705,20001690,20001675,20001660,20001645,20001630,20001615
11997,20001736,20001721,20001706,20001691,20001676,20001661,20001646,20001631
11998,20001752,20001737,20001722,20001707,20001692,20001677,20001662,20001647
11999,20001768,20001753,20001738,20001723,20001708,20001693,20001678,20001663
12000,20001784,20001769,20001754,20001739,20001724,20001709,20001694,20001679
12001,20001800,20001785,20001770,20001755,20001740,20001725,20001710,20001695
12002,20001816,20001801,20001786,20001771,20001756,20001741,20001726,20001711
12003,20001832,20001817,20001802,20001787,20001772,20001757,20001742,20001727
12004,20001848,20001833,20001818,20001803,20001788,20001773,20001758,20001743
12005,20001864,20001849,20001834,20001819,20001804,20001789,20001774,20001759
12006,20001880,20001865,20001850,20001835,20001820,20001805,20001790,20001775
12007,20001896,20001881,20001866,20001851,20001836,20001821,20001806,20001791
12008,20001912,20001897,20001882,20001867,20001852,20001837,20001822,20001807
12009,20001928,20001913,20001898,20001883,20001868,20001853,20001838,20001823
12010,20001944,20001929,20001914,20001899,20001884,20001869,20001854,20001839
12011,20001960,20001945,20001930,20001915,20001900,20001885,20001870,20001855
12012,20001976,20001961,20001946,20001931,20001916,20001901,20001886,20001871
12013,20001992,20001977,20001962,20001947,20001932,20001917,20001902,20001887
12014,20002008,20001993,20001978,20001963,20001948,20001933,20001918,20001903
12015,20002024,20002009,20001994,20001979,20001964,20001949,20001934,20001919
12016,20002040,20002025,20002010,20001995,20001980,20001965,20001950,20001935
12017,20002056,20002041,20002026,20002011,20001996,20001981,20001966,20001951
12018,20002072,20002057,20002042,20002027,20002012,20001997,20001982,20001967
12019,20002088,20002073,20002058,20002043,20002028,20002013,20001998,20001983
12020,20002104,20002089,20002074,20002059,20002044,20002029,20002014,20001999
12021,20002120,20002105,20002090,20002075,20002060,20002045,20002030,20002015
12022,20002136,20002121,20002106,20002091,20002076,20002061,20002046,20002031
12023,20002152,20002137,20002122,20002107,20002092,20002077,20002062,20002047
12024,20002168,20002153,20002138,20002123,20002108,20002093,20002078,20002063
12025,20002184,20002169,20002154,20002139,20002124,20002109,20002094,20002079
12026,20002200,20002185,20002170,20002155,20002140,20002125,20002110,20002095
12027,20002216,20002201,20002186,20002171,20002156,20002141,20002126,20002111
12028,20002232,20002217,20002202,20002187,20002172,20002157,20002142,20002127
12029,20002248,20002233,20002218,20002203,20002188,20002173,20002158,20002143
12030,20002264,20002249,20002234,20002219,20002204,20002189,20002174,20002159
12031,20002280,20002265,20002250,20002235,20002220,20002205,20002190,20002175
12032,20002296,20002281,20002266,20002251,20002236,20002221,20002206,20002191
12033,20002312,20002297,20002282,20002267,20002252,20002237,20002222,20002207
12034,20002328,20002313,20002298,20002283,20002268,20002253,20002238,20002223
12035,20002344,20002329,20002314,20002299,20002284,20002269,20002254,20002239
12036,20002360,20002345,20002330,20002315,20002300,20002285,20002270,20002255
12037,20002376,20002361,20002346,20002331,20002316,20002301,20002286,20002271
12038,20002392,20002377,20002362,20002347,20002332,20002317,20002302,20002287
12039,20002408,20002393,20002378,20002363,20002348,20002333,20002318,20002303
12040,20002424,20002409,20002394,20002379,20002364,20002349,20002334,20002319
12041,20002440,20002425,20002410,20002395,20002380,20002365,20002350,20002335
12042,20002456,20002441,20002426,20002411,20002396,20002381,20002366,20002351
12043,20002472,20002457,20002442,20002427,20002412,20002397,20002382,20002367
12044,20002488,20002473,20002458,20002443,20002428,20002413,20002398,20002383
12045,20002504,20002489,20002474,20002459,20002444,20002429,20002414,20002399
12046,20002520,20002505,20002490,20002475,20002460,20002445,20002430,20002415
12047,20002536,20002521,20002506,20002491,20002476,20002461,20002446,20002431
12048,20002552,20002537,20002522,20002507,20002492,20002477,20002462,20002447
12049,20002568,20002553,20002538,20002523,20002508,20002493,20002478,20002463
12050,20002584,20002569,20002554,20002539,20002524,20002509,20002494,20002479
12051,20002600,20002585,20002570,20002555,20002540,20002525,20002510,20002495
12052,20002616,20002601,20002586,20002571,20002556,20002541,20002526,20002511
12053,20002632,20002617,20002602,20002587,20002572,20002557,20002542,20002527
12054,20002648,20002633,20002618,20002603,20002588,20002573,20002558,20002543
12055,20002664,20002649,20002634,20002619,20002604,20002589,20002574,20002559
12056,20002680,20002665,20002650,20002635,20002620,20002605,20002590,20002575
12057,20002696,20002681,20002666,20002651,20002636,20002621,20002606,20002591
12058,20002712,20002697,20002682,20002667,20002652,20002637,20002622,20002607
12059,20002728,20002713,20002698,20002683,20002668,20002653,20002638,20002623
12060,20002744,20002729,20002714,20002699,20002684,20002669,20002654,20002639
12061,20002760,20002745,20002730,20002715,20002700,20002685,20002670,20002655
12062,20002776,20002761,20002746,20002731,20002716,20002701,20002686,20002671
12063,20002792,20002777,20002762,20002747,20002732,20002717,20002702,20002687
12064,20002808,20002793,20002778,20002763,20002748,20002733,20002718,20002703
12065,20002824,20002809,20002794,20002779,20002764,20002749,20002734,20002719
12066,20002840,20002825,20002810,20002795,20002780,20002765,20002750,20002735
12067,20002856,20002841,20002826,20002811,20002796,20002781,20002766,20002751
12068,20002872,20002857,20002842,20002827,20002812,20002797,20002782,20002767
12069,20002888,20002873,20002858,20002843,20002828,20002813,20002798,20002783
12070,20002904,20002889,20002874,20002859,20002844,20002829,20002814,20002799
12071,20002920,20002905,20002890,20002875,20002860,20002845,20002830,20002815
12072,20002936,20002921,20002906,20002891,20002876,20002861,20002846,20002831
12073,20002952,20002937,20002922,20002907,20002892,20002877,20002862,20002847
12074,20002968,20002953,20002938,20002923,20002908,20002893,20002878,20002863
12075,20002984,20002969,20002954,20002939,20002924,20002909,20002894,20002879
12076,20003000,20002985,20002970,20002955,20002940,20002925,20002910,20002895
12077,20003016,20003001,20002986,20002971,20002956,20002941,20002926,20002911
12078,20003032,20003017,20003002,20002987,20002972,20002957,20002942,20002927
12079,20003048,20003033,20003018,20003003,20002988,20002973,20002958,20002943
12080,20003064,20003049,20003034,20003019,20003004,20002989,20002974,20002959
12081,20003080,20003065,20003050,20003035,20003020,20003005,20002990,20002975
12082,20003096,20003081,20003066,20003051,20003036,20003021,20003006,20002991
12083,20003112,20003097,20003082,20003067,20003052,20003037,20003022,20003007
12084,20003128,20003113,20003098,20003083,20003068,20003053,20003038,20003023
12085,20003144,20003129,20003114,20003099,20003084,20003069,20003054,20003039
12086,20003160,20003145,20003130,20003115,20003100,20003085,20003070,20003055
12087,20003176,20003161,20003146,20003131,20003116,20003101,20003086,20003071
12088,20003192,20003177,20003162,20003147,20003132,20003117,20003102,20003087
12089,20003208,20003193,20003178,20003163,20003148,20003133,20003118,20003103
12090,20003224,20003209,20003194,20003179,20003164,20003149,20003134,20003119
12091,20003240,20003225,20003210,20003195,20003180,20003165,20003150,20003135
12092,20003256,20003241,20003226,20003211,20003196,20003181,20003166,20003151
12093,20003272,20003257,20003242,20003227,20003212,20003197,20003182,20003167
12094,20003288,20003273,20003258,20003243,20003228,20003213,20003198,20003183
12095,20003304,20003289,20003274,20003259,20003244,20003229,20003214,20003199
12096,20003320,20003305,20003290,20003275,20003260,20003245,20003230,20003215
12097,20003336,20003321,20003306,20003291,20003276,20003261,20003246,20003231
12098,20003352,20003337,20003322,20003307,20003292,20003277,20003262,20003247
12099,20003368,20003353,20003338,20003323,20003308,20003293,20003278,20003263
12100,20003384,20003369,20003354,20003339,20003324,20003309,20003294,20003279
12101,20003400,20003385,20003370,20003355,20003340,20003325,20003310,20003295
12102,20003416,20003401,20003386,20003371,20003356,20003341,20003326,20003311
12103,20003432,20003417,20003402,20003387,20003372,20003357,20003342,20003327
12104,20003448,20003433,20003418,20003403,20003388,20003373,20003358,20003343
12105,20003464,20003449,20003434,20003419,20003404,20003389,20003374,20003359
12106,20003480,20003465,20003450,20003435,20003420,20003405,20003390,20003375
12107,20003496,20003481,20003466,20003451,20003436,20003421,20003406,20003391
12108,20003512,20003497,20003482,20003467,20003452,20003437,20003422,20003407
12109,20003528,20003513,20003498,20003483,20003468,20003453,20003438,20003423
12110,20003544,20003529,20003514,20003499,20003484,20003469,20003454,20003439
12111,20003560,20003545,20003530,20003515,20003500,20003485,20003470,20003455
12112,20003576,20003561,20003546,20003531,20003516,20003501,20003486,20003471
12113,20003592,20003577,20003562,20003547,20003532,20003517,20003502,20003487
12114,20003608,20003593,20003578,20003563,20003548,20003533,20003518,20003503
12115,20003624,20003609,20003594,20003579,20003564,20003549,20003534,20003519
12116,20003640,20003625,20003610,20003595,20003580,20003565,20003550,20003535
12117,20003656,20003641,20003626,20003611,20003596,20003581,20003566,20003551
12118,20003672,20003657,20003642,20003627,20003612,20003597,20003582,20003567
12119,20003688,20003673,20003658,20003643,20003628,20003613,20003598,20003583
12120,20003704,20003689,20003674,20003659,20003644,20003629,20003614,20003599
12121,20003720,20003705,20003690,20003675,20003660,20003645,20003630,20003615
12122,20003736,20003721,20003706,20003691,20003676,20003661,20003646,20003631
12123,20003752,20003737,20003722,20003707,20003692,20003677,20003662,20003647
12124,20003768,20003753,20003738,20003723,20003708,20003693,20003678,20003663
12125,20003784,20003769,20003754,20003739,20003724,20003709,20003694,20003679
12126,20003800,20003785,20003770,20003755,20003740,20003725,20003710,20003695
12127,20003816,20003801,20003786,20003771,20003756,20003741,20003726,20003711
12128,20003832,20003817,20003802,20003787,20003772,20003757,20003742,20003727
12129,20003848,20003833,20003818,20003803,20003788,20003773,20003758,20003743
12130,20003864,20003849,20003834,20003819,20003804,20003789,20003774,20003759
12131,20003880,20003865,20003850,20003835,20003820,20003805,20003790,20003775
12132,20003896,20003881,20003866,20003851,20003836,20003821,20003806,20003791
12133,20003912,20003897,20003882,20003867,20003852,20003837,20003822,20003807
12134,20003928,20003913,20003898,20003883,20003868,20003853,20003838,20003823
12135,20003944,20003929,20003914,20003899,20003884,20003869,20003854,20003839
12136,20003960,20003945,20003930,20003915,20003900,20003885,20003870,20003855
12137,20003976,20003961,20003946,20003931,20003916,20003901,20003886,20003871
12138,20003992,20003977,20003962,20003947,20003932,20003917,20003902,20003887
12139,20004008,20003993,20003978,20003963,20003948,20003933,20003918,20003903
12140,20004024,20004009,20003994,20003979,20003964,20003949,20003934,20003919
12141,20004040,20004025,20004010,20003995,20003980,20003965,20003950,20003935
12142,20004056,20004041,20004026,20004011,20003996,20003981,20003966,20003951
12143,20004072,20004057,20004042,20004027,20004012,20003997,20003982,20003967
12144,20004088,20004073,20004058,20004043,20004028,20004013,20003998,20003983
12145,20004104,20004089,20004074,20004059,20004044,20004029,20004014,20003999
12146,20004120,20004105,20004090,20004075,20004060,20004045,20004030,20004015
12147,20004136,20004121,20004106,20004091,20004076,20004061,20004046,20004031
12148,20004152,20004137,20004122,20004107,20004092,20004077,20004062,20004047
12149,20004168,20004153,20004138,20004123,20004108,20004093,20004078,20004063
12150,20004184,20004169,20004154,20004139,20004124,20004109,20004094,20004079
12151,20004200,20004185,20004170,20004155,20004140,20004125,20004110,20004095
12152,20004216,20004201,20004186,20004171,20004156,20004141,20004126,20004111
12153,20004232,20004217,20004202,20004187,20004172,20004157,20004142,20004127
12154,20004248,20004233,20004218,20004203,20004188,20004173,20004158,20004143
12155,20004264,20004249,20004234,20004219,20004204,20004189,20004174,20004159
12156,20004280,20004265,20004250,20004235,20004220,20004205,20004190,20004175
12157,20004296,20004281,20004266,20004251,20004236,20004221,20004206,20004191
12158,20004312,20004297,20004282,20004267,20004252,20004237,20004222,20004207
12159,20004328,20004313,20004298,20004283,20004268,20004253,20004238,20004223
12160,20004344,20004329,20004314,20004299,20004284,20004269,20004254,20004239
12161,20004360,20004345,20004330,20004315,20004300,20004285,20004270,20004255
12162,20004376,20004361,20004346,20004331,20004316,20004301,20004286,20004271
12163,20004392,20004377,20004362,20004347,20004332,20004317,20004302,20004287
12164,20004408,20004393,20004378,20004363,20004348,20004333,20004318,20004303
12165,20004424,20004409,20004394,20004379,20004364,20004349,20004334,20004319
12166,20004440,20004425,20004410,20004395,20004380,20004365,20004350,20004335
12167,20004456,20004441,20004426,20004411,20004396,20004381,20004366,20004351
12168,20004472,20004457,20004442,20004427,20004412,20004397,20004382,20004367
12169,20004488,20004473,20004458,20004443,20004428,20004413,20004398,20004383
12170,20004504,20004489,20004474,20004459,20004444,20004429,20004414,20004399
12171,20004520,20004505,20004490,20004475,20004460,20004445,20004430,20004415
12172,20004536,20004521,20004506,20004491,20004476,20004461,20004446,20004431
12173,20004552,20004537,20004522,20004507,20004492,20004477,20004462,20004447
12174,20004568,20004553,20004538,20004523,20004508,20004493,20004478,20004463
12175,20004584,20004569,20004554,20004539,20004524,20004509,20004494,20004479
12176,20004600,20004585,20004570,20004555,20004540,20004525,20004510,20004495
12177,20004616,20004601,20004586,20004571,20004556,20004541,20004526,20004511
12178,20004632,20004617,20004602,20004587,20004572,20004557,20004542,20004527
12179,20004648,20004633,20004618,20004603,20004588,20004573,20004558,20004543
12180,20004664,20004649,20004634,20004619,20004604,20004589,20004574,20004559
12181,20004680,20004665,20004650,20004635,20004620,20004605,20004590,20004575
12182,20004696,20004681,20004666,20004651,20004636,20004621,20004606,20004591
12183,20004712,20004697,20004682,20004667,20004652,20004637,20004622,20004607
12184,20004728,20004713,20004698,20004683,20004668,20004653,20004638,20004623
12185,20004744,20004729,20004714,20004699,20004684,20004669,20004654,20004639
12186,20004760,20004745,20004730,20004715,20004700,20004685,20004670,20004655
12187,20004776,20004761,20004746,20004731,20004716,20004701,20004686,20004671
12188,20004792,20004777,20004762,20004747,20004732,20004717,20004702,20004687
12189,20004808,20004793,20004778,20004763,20004748,20004733,20004718,20004703
12190,20004824,20004809,20004794,20004779,20004764,20004749,20004734,20004719
12191,20004840,20004825,20004810,20004795,20004780,20004765,20004750,20004735
12192,20004856,20004841,20004826,20004811,20004796,20004781,20004766,20004751
12193,20004872,20004857,20004842,20004827,20004812,20004797,20004782,20004767
12194,20004888,20004873,20004858,20004843,20004828,20004813,20004798,20004783
12195,20004904,20004889,20004874,20004859,20004844,20004829,20004814,20004799
12196,20004920,20004905,20004890,20004875,20004860,20004845,20004830,20004815
12197,20004936,20004921,20004906,20004891,20004876,20004861,20004846,20004831
12198,20004952,20004937,20004922,20004907,20004892,20004877,20004862,20004847
12199,20004968,20004953,20004938,20004923,20004908,20004893,20004878,20004863
12200,20004984,20004969,20004954,20004939,20004924,20004909,20004894,20004879
12201,20005000,20004985,20004970,20004955,20004940,20004925,20004910,20004895
12202,20005016,20005001,20004986,20004971,20004956,20004941,20004926,20004911
12203,20005032,20005017,20005002,20004987,20004972,20004957,20004942,20004927
12204,20005048,20005033,20005018,20005003,20004988,20004973,20004958,20004943
12205,20005064,20005049,20005034,20005019,20005004,20004989,20004974,20004959
12206,20005080,20005065,20005050,20005035,20005020,20005005,20004990,20004975
12207,20005096,20005081,20005066,20005051,20005036,20005021,20005006,20004991
12208,20005112,20005097,20005082,20005067,20005052,20005037,20005022,20005007
12209,20005128,20005113,20005098,20005083,20005068,20005053,20005038,20005023
12210,20005144,20005129,20005114,20005099,20005084,20005069,20005054,20005039
12211,20005160,20005145,20005130,20005115,20005100,20005085,20005070,20005055
12212,20005176,20005161,20005146,20005131,20005116,20005101,20005086,20005071
12213,20005192,20005177,20005162,20005147,20005132,20005117,20005102,20005087
12214,20005208,20005193,20005178,20005163,20005148,20005133,20005118,20005103
12215,20005224,20005209,20005194,20005179,20005164,20005149,20005134,20005119
12216,20005240,20005225,20005210,20005195,20005180,20005165,20005150,20005135
12217,20005256,20005241,20005226,20005211,20005196,20005181,20005166,20005151
12218,20005272,20005257,20005242,20005227,20005212,20005197,20005182,20005167
12219,20005288,20005273,20005258,20005243,20005228,20005213,20005198,20005183
12220,20005304,20005289,20005274,20005259,20005244,20005229,20005214,20005199
12221,20005320,20005305,20005290,20005275,20005260,20005245,20005230,20005215
12222,20005336,20005321,20005306,20005291,20005276,20005261,20005246,20005231
12223,20005352,20005337,20005322,20005307,20005292,20005277,20005262,20005247
12224,20005368,20005353,20005338,20005323,20005308,20005293,20005278,20005263
12225,20005384,20005369,20005354,20005339,20005324,20005309,20005294,20005279
12226,20005400,20005385,20005370,20005355,20005340,20005325,20005310,20005295
12227,20005416,20005401,20005386,20005371,20005356,20005341,20005326,20005311
12228,20005432,20005417,20005402,20005387,20005372,20005357,20005342,20005327
12229,20005448,20005433,20005418,20005403,20005388,20005373,20005358,20005343
12230,20005464,20005449,20005434,20005419,20005404,20005389,20005374,20005359
12231,20005480,20005465,20005450,20005435,20005420,20005405,20005390,20005375
12232,20005496,20005481,20005466,20005451,20005436,20005421,20005406,20005391
12233,20005512,20005497,20005482,20005467,20005452,20005437,20005422,20005407
12234,20005528,20005513,20005498,20005483,20005468,20005453,20005438,20005423
12235,20005544,20005529,20005514,20005499,20005484,20005469,20005454,20005439
12236,20005560,20005545,20005530,20005515,20005500,20005485,20005470,20005455
12237,20005576,20005561,20005546,20005531,20005516,20005501,20005486,20005471
12238,20005592,20005577,20005562,20005547,20005532,20005517,20005502,20005487
12239,20005608,20005593,20005578,20005563,20005548,20005533,20005518,20005503
12240,20005624,20005609,20005594,20005579,20005564,20005549,20005534,20005519
12241,20005640,20005625,20005610,20005595,20005580,20005565,20005550,20005535
12242,20005656,20005641,20005626,20005611,20005596,20005581,20005566,20005551
12243,20005672,20005657,20005642,20005627,20005612,20005597,20005582,20005567
12244,20005688,20005673,20005658,20005643,20005628,20005613,20005598,20005583
12245,20005704,20005689,20005674,20005659,20005644,20005629,20005614,20005599
12246,20005720,20005705,20005690,20005675,20005660,20005645,20005630,20005615
12247,20005736,20005721,20005706,20005691,20005676,20005661,20005646,20005631
12248,20005752,20005737,20005722,20005707,20005692,20005677,20005662,20005647
12249,20005768,20005753,20005738,20005723,20005708,20005693,20005678,20005663
12250,20005784,20005769,20005754,20005739,20005724,20005709,20005694,20005679
12251,20005800,20005785,20005770,20005755,20005740,20005725,20005710,20005695
12252,20005816,20005801,20005786,20005771,20005756,20005741,20005726,20005711
12253,20005832,20005817,20005802,20005787,20005772,20005757,20005742,20005727
12254,20005848,20005833,20005818,20005803,20005788,20005773,20005758,20005743
12255,20005864,20005849,20005834,20005819,20005804,20005789,20005774,20005759
12256,20005880,20005865,20005850,20005835,20005820,20005805,20005790,20005775
12257,20005896,20005881,20005866,20005851,20005836,20005821,20005806,20005791
12258,20005912,20005897,20005882,20005867,20005852,20005837,20005822,20005807
12259,20005928,20005913,20005898,20005883,20005868,20005853,20005838,20005823
12260,20005944,20005929,20005914,20005899,20005884,20005869,20005854,20005839
12261,20005960,20005945,20005930,20005915,20005900,20005885,20005870,20005855
12262,20005976,20005961,20005946,20005931,20005916,20005901,20005886,20005871
12263,20005992,20005977,20005962,20005947,20005932,20005917,20005902,20005887
12264,20006008,20005993,20005978,20005963,20005948,20005933,20005918,20005903
12265,20006024,20006009,20005994,20005979,20005964,20005949,20005934,20005919
12266,20006040,20006025,20006010,20005995,20005980,20005965,20005950,20005935
12267,20006056,20006041,20006026,20006011,20005996,20005981,20005966,20005951
12268,20006072,20006057,20006042,20006027,20006012,20005997,20005982,20005967
12269,20006088,20006073,20006058,20006043,20006028,20006013,20005998,20005983
12270,20006104,20006089,20006074,20006059,20006044,20006029,20006014,20005999
12271,20006120,20006105,20006090,20006075,20006060,20006045,20006030,20006015
12272,20006136,20006121,20006106,20006091,20006076,20006061,20006046,20006031
12273,20006152,20006137,20006122,20006107,20006092,20006077,20006062,20006047
12274,20006168,20006153,20006138,20006123,20006108,20006093,20006078,20006063
12275,20006184,20006169,20006154,20006139,20006124,20006109,20006094,20006079
12276,20006200,20006185,20006170,20006155,20006140,20006125,20006110,20006095
12277,20006216,20006201,20006186,20006171,20006156,20006141,20006126,20006111
12278,20006232,20006217,20006202,20006187,20006172,20006157,20006142,20006127
12279,20006248,20006233,20006218,20006203,20006188,20006173,20006158,20006143
12280,20006264,20006249,20006234,20006219,20006204,20006189,20006174,20006159
12281,20006280,20006265,20006250,20006235,20006220,20006205,20006190,20006175
12282,20006296,20006281,20006266,20006251,20006236,20006221,20006206,20006191
12283,20006312,20006297,20006282,20006267,20006252,20006237,20006222,20006207
12284,20006328,20006313,20006298,20006283,20006268,20006253,20006238,20006223
12285,20006344,20006329,20006314,20006299,20006284,20006269,20006254,20006239
12286,20006360,20006345,20006330,20006315,20006300,20006285,20006270,20006255
12287,20006376,20006361,20006346,20006331,20006316,20006301,20006286,20006271
12288,20006392,20006377,20006362,20006347,20006332,20006317,20006302,20006287
12289,20006408,20006393,20006378,20006363,20006348,20006333,20006318,20006303
12290,20006424,20006409,20006394,20006379,20006364,20006349,20006334,20006319
12291,20006440,20006425,20006410,20006395,20006380,20006365,20006350,20006335
12292,20006456,20006441,20006426,20006411,20006396,20006381,20006366,20006351
12293,20006472,20006457,20006442,20006427,20006412,20006397,20006382,20006367
12294,20006488,20006473,20006458,20006443,20006428,20006413,20006398,20006383
12295,20006504,20006489,20006474,20006459,20006444,20006429,20006414,20006399
12296,20006520,20006505,20006490,20006475,20006460,20006445,20006430,20006415
12297,20006536,20006521,20006506,20006491,20006476,20006461,20006446,20006431
12298,20006552,20006537,20006522,20006507,20006492,20006477,20006462,20006447
12299,20006568,20006553,20006538,20006523,20006508,20006493,20006478,20006463
12300,20006584,20006569,20006554,20006539,20006524,20006509,20006494,20006479
12301,20006600,20006585,20006570,20006555,20006540,20006525,20006510,20006495
12302,20006616,20006601,20006586,20006571,20006556,20006541,20006526,20006511
12303,20006632,20006617,20006602,20006587,20006572,20006557,20006542,20006527
12304,20006648,20006633,20006618,20006603,20006588,20006573,20006558,20006543
12305,20006664,20006649,20006634,20006619,20006604,20006589,20006574,20006559
12306,20006680,20006665,20006650,20006635,20006620,20006605,20006590,20006575
12307,20006696,20006681,20006666,20006651,20006636,20006621,20006606,20006591
12308,20006712,20006697,20006682,20006667,20006652,20006637,20006622,20006607
12309,20006728,20006713,20006698,20006683,20006668,20006653,20006638,20006623
12310,20006744,20006729,20006714,20006699,20006684,20006669,20006654,20006639
12311,20006760,20006745,20006730,20006715,20006700,20006685,20006670,20006655
12312,20006776,20006761,20006746,20006731,20006716,20006701,20006686,20006671
12313,20006792,20006777,20006762,20006747,20006732,20006717,20006702,20006687
12314,20006808,20006793,20006778,20006763,20006748,20006733,20006718,20006703
12315,20006824,20006809,20006794,20006779,20006764,20006749,20006734,20006719
12316,20006840,20006825,20006810,20006795,20006780,20006765,20006750,20006735
12317,20006856,20006841,20006826,20006811,20006796,20006781,20006766,20006751
12318,20006872,20006857,20006842,20006827,20006812,20006797,20006782,20006767
12319,20006888,20006873,20006858,20006843,20006828,20006813,20006798,20006783
12320,20006904,20006889,20006874,20006859,20006844,20006829,20006814,20006799
12321,20006920,20006905,20006890,20006875,20006860,20006845,20006830,20006815
12322,20006936,20006921,20006906,20006891,20006876,20006861,20006846,20006831
12323,20006952,20006937,20006922,20006907,20006892,20006877,20006862,20006847
12324,20006968,20006953,20006938,20006923,20006908,20006893,20006878,20006863
12325,20006984,20006969,20006954,20006939,20006924,20006909,20006894,20006879
12326,20007000,20006985,20006970,20006955,20006940,20006925,20006910,20006895
12327,20007016,20007001,20006986,20006971,20006956,20006941,20006926,20006911
12328,20007032,20007017,20007002,20006987,20006972,20006957,20006942,20006927
12329,20007048,20007033,20007018,20007003,20006988,20006973,20006958,20006943
12330,20007064,20007049,20007034,20007019,20007004,20006989,20006974,20006959
12331,20007080,20007065,20007050,20007035,20007020,20007005,20006990,20006975
12332,20007096,20007081,20007066,20007051,20007036,20007021,20007006,20006991
12333,20007112,20007097,20007082,20007067,20007052,20007037,20007022,20007007
12334,20007128,20007113,20007098,20007083,20007068,20007053,20007038,20007023
12335,20007144,20007129,20007114,20007099,20007084,20007069,20007054,20007039
12336,20007160,20007145,20007130,20007115,20007100,20007085,20007070,20007055
12337,20007176,20007161,20007146,20007131,20007116,20007101,20007086,20007071
12338,20007192,20007177,20007162,20007147,20007132,20007117,20007102,20007087
12339,20007208,20007193,20007178,20007163,20007148,20007133,20007118,20007103
12340,20007224,20007209,20007194,20007179,20007164,20007149,20007134,20007119
12341,20007240,20007225,20007210,20007195,20007180,20007165,20007150,20007135
12342,20007256,20007241,20007226,20007211,20007196,20007181,20007166,20007151
12343,20007272,20007257,20007242,20007227,20007212,20007197,20007182,20007167
12344,20007288,20007273,20007258,20007243,20007228,20007213,20007198,20007183
12345,20007304,20007289,20007274,20007259,20007244,20007229,20007214,20007199
12346,20007320,20007305,20007290,20007275,20007260,20007245,20007230,20007215
12347,20007336,20007321,20007306,20007291,20007276,20007261,20007246,20007231
12348,20007352,20007337,20007322,20007307,20007292,20007277,20007262,20007247
12349,20007368,20007353,20007338,20007323,20007308,20007293,20007278,20007263
12350,20007384,20007369,20007354,20007339,20007324,20007309,20007294,20007279
12351,20007400,20007385,20007370,20007355,20007340,20007325,20007310,20007295
12352,20007416,20007401,20007386,20007371,20007356,20007341,20007326,20007311
12353,20007432,20007417,20007402,20007387,20007372,20007357,20007342,20007327
12354,20007448,20007433,20007418,20007403,20007388,20007373,20007358,20007343
12355,20007464,20007449,20007434,20007419,20007404,20007389,20007374,20007359
12356,20007480,20007465,20007450,20007435,20007420,20007405,20007390,20007375
12357,20007496,20007481,20007466,20007451,20007436,20007421,20007406,20007391
12358,20007512,20007497,20007482,20007467,20007452,20007437,20007422,20007407
12359,20007528,20007513,20007498,20007483,20007468,20007453,20007438,20007423
12360,20007544,20007529,20007514,20007499,20007484,20007469,20007454,20007439
12361,20007560,20007545,20007530,20007515,20007500,20007485,20007470,20007455
12362,20007576,20007561,20007546,20007531,20007516,20007501,20007486,20007471
12363,20007592,20007577,20007562,20007547,20007532,20007517,20007502,20007487
12364,20007608,20007593,20007578,20007563,20007548,20007533,20007518,20007503
12365,20007624,20007609,20007594,20007579,20007564,20007549,20007534,20007519
12366,20007640,20007625,20007610,20007595,20007580,20007565,20007550,20007535
12367,20007656,20007641,20007626,20007611,20007596,20007581,20007566,20007551
12368,20007672,20007657,20007642,20007627,20007612,20007597,20007582,20007567
12369,20007688,20007673,20007658,20007643,20007628,20007613,20007598,20007583
12370,20007704,20007689,20007674,20007659,20007644,20007629,20007614,20007599
12371,20007720,20007705,20007690,20007675,20007660,20007645,20007630,20007615
12372,20007736,20007721,20007706,20007691,20007676,20007661,20007646,20007631
12373,20007752,20007737,20007722,20007707,20007692,20007677,20007662,20007647
12374,20007768,20007753,20007738,20007723,20007708,20007693,20007678,20007663
12375,20007784,20007769,20007754,20007739,20007724,20007709,20007694,20007679
12376,20007800,20007785,20007770,20007755,20007740,20007725,20007710,20007695
12377,20007816,20007801,20007786,20007771,20007756,20007741,20007726,20007711
12378,20007832,20007817,20007802,20007787,20007772,20007757,20007742,20007727
12379,20007848,20007833,20007818,20007803,20007788,20007773,20007758,20007743
12380,20007864,20007849,20007834,20007819,20007804,20007789,20007774,20007759
12381,20007880,20007865,20007850,20007835,20007820,20007805,20007790,20007775
12382,20007896,20007881,20007866,20007851,20007836,20007821,20007806,20007791
12383,20007912,20007897,20007882,20007867,20007852,20007837,20007822,20007807
12384,20007928,20007913,20007898,20007883,20007868,20007853,20007838,20007823
12385,20007944,20007929,20007914,20007899,20007884,20007869,20007854,20007839
12386,20007960,20007945,20007930,20007915,20007900,20007885,20007870,20007855
12387,20007976,20007961,20007946,20007931,20007916,20007901,20007886,20007871
12388,20007992,20007977,20007962,20007947,20007932,20007917,20007902,20007887
12389,20008008,20007993,20007978,20007963,20007948,20007933,20007918,20007903
12390,20008024,20008009,20007994,20007979,20007964,20007949,20007934,20007919
12391,20008040,20008025,20008010,20007995,20007980,20007965,20007950,20007935
12392,20008056,20008041,20008026,20008011,20007996,20007981,20007966,20007951
12393,20008072,20008057,20008042,20008027,20008012,20007997,20007982,20007967
12394,20008088,20008073,20008058,20008043,20008028,20008013,20007998,20007983
12395,20008104,20008089,20008074,20008059,20008044,20008029,20008014,20007999
12396,20008120,20008105,20008090,20008075,20008060,20008045,20008030,20008015
12397,20008136,20008121,20008106,20008091,20008076,20008061,20008046,20008031
12398,20008152,20008137,20008122,20008107,20008092,20008077,20008062,20008047
12399,20008168,20008153,20008138,20008123,20008108,20008093,20008078,20008063
12400,20008184,20008169,20008154,20008139,20008124,20008109,20008094,20008079
12401,20008200,20008185,20008170,20008155,20008140,20008125,20008110,20008095
12402,20008216,20008201,20008186,20008171,20008156,20008141,20008126,20008111
12403,20008232,20008217,20008202,20008187,20008172,20008157,20008142,20008127
12404,20008248,20008233,20008218,20008203,20008188,20008173,20008158,20008143
12405,20008264,20008249,20008234,20008219,20008204,20008189,20008174,20008159
12406,20008280,20008265,20008250,20008235,20008220,20008205,20008190,20008175
12407,20008296,20008281,20008266,20008251,20008236,20008221,20008206,20008191
12408,20008312,20008297,20008282,20008267,20008252,20008237,20008222,20008207
12409,20008328,20008313,20008298,20008283,20008268,20008253,20008238,20008223
12410,20008344,20008329,20008314,20008299,20008284,20008269,20008254,20008239
12411,20008360,20008345,20008330,20008315,20008300,20008285,20008270,20008255
12412,20008376,20008361,20008346,20008331,20008316,20008301,20008286,20008271
12413,20008392,20008377,20008362,20008347,20008332,20008317,20008302,20008287
12414,20008408,20008393,20008378,20008363,20008348,20008333,20008318,20008303
12415,20008424,20008409,20008394,20008379,20008364,20008349,20008334,20008319
12416,20008440,20008425,20008410,20008395,20008380,20008365,20008350,20008335
12417,20008456,20008441,20008426,20008411,20008396,20008381,20008366,20008351
12418,20008472,20008457,20008442,20008427,20008412,20008397,20008382,20008367
12419,20008488,20008473,20008458,20008443,20008428,20008413,20008398,20008383
12420,20008504,20008489,20008474,20008459,20008444,20008429,20008414,20008399
12421,20008520,20008505,20008490,20008475,20008460,20008445,20008430,20008415
12422,20008536,20008521,20008506,20008491,20008476,20008461,20008446,20008431
12423,20008552,20008537,20008522,20008507,20008492,20008477,20008462,20008447
12424,20008568,20008553,20008538,20008523,20008508,20008493,20008478,20008463
12425,20008584,20008569,20008554,20008539,20008524,20008509,20008494,20008479
12426,20008600,20008585,20008570,20008555,20008540,20008525,20008510,20008495
12427,20008616,20008601,20008586,20008571,20008556,20008541,20008526,20008511
12428,20008632,20008617,20008602,20008587,20008572,20008557,20008542,20008527
12429,20008648,20008633,20008618,20008603,20008588,20008573,20008558,20008543
12430,20008664,20008649,20008634,20008619,20008604,20008589,20008574,20008559
12431,20008680,20008665,20008650,20008635,20008620,20008605,20008590,20008575
12432,20008696,20008681,20008666,20008651,20008636,20008621,20008606,20008591
12433,20008712,20008697,20008682,20008667,20008652,20008637,20008622,20008607
12434,20008728,20008713,20008698,20008683,20008668,20008653,20008638,20008623
12435,20008744,20008729,20008714,20008699,20008684,20008669,20008654,20008639
12436,20008760,20008745,20008730,20008715,20008700,20008685,20008670,20008655
12437,20008776,20008761,20008746,20008731,20008716,20008701,20008686,20008671
12438,20008792,20008777,20008762,20008747,20008732,20008717,20008702,20008687
12439,20008808,20008793,20008778,20008763,20008748,20008733,20008718,20008703
12440,20008824,20008809,20008794,20008779,20008764,20008749,20008734,20008719
12441,20008840,20008825,20008810,20008795,20008780,20008765,20008750,20008735
12442,20008856,20008841,20008826,20008811,20008796,20008781,20008766,20008751
12443,20008872,20008857,20008842,20008827,20008812,20008797,20008782,20008767
12444,20008888,20008873,20008858,20008843,20008828,20008813,20008798,20008783
12445,20008904,20008889,20008874,20008859,20008844,20008829,20008814,20008799
12446,20008920,20008905,20008890,20008875,20008860,20008845,20008830,20008815
12447,20008936,20008921,20008906,20008891,20008876,20008861,20008846,20008831
12448,20008952,20008937,20008922,20008907,20008892,20008877,20008862,20008847
12449,20008968,20008953,20008938,20008923,20008908,20008893,20008878,20008863
12450,20008984,20008969,20008954,20008939,20008924,20008909,20008894,20008879
12451,20009000,20008985,20008970,20008955,20008940,20008925,20008910,20008895
12452,20009016,20009001,20008986,20008971,20008956,20008941,20008926,20008911
12453,20009032,20009017,20009002,20008987,20008972,20008957,20008942,20008927
12454,20009048,20009033,20009018,20009003,20008988,20008973,20008958,20008943
12455,20009064,20009049,20009034,20009019,20009004,20008989,20008974,20008959
12456,20009080,20009065,20009050,20009035,20009020,20009005,20008990,20008975
12457,20009096,20009081,20009066,20009051,20009036,20009021,20009006,20008991
12458,20009112,20009097,20009082,20009067,20009052,20009037,20009022,20009007
12459,20009128,20009113,20009098,20009083,20009068,20009053,20009038,20009023
12460,20009144,20009129,20009114,20009099,20009084,20009069,20009054,20009039
12461,20009160,20009145,20009130,20009115,20009100,20009085,20009070,20009055
12462,20009176,20009161,20009146,20009131,20009116,20009101,20009086,20009071
12463,20009192,20009177,20009162,20009147,20009132,20009117,20009102,20009087
12464,20009208,20009193,20009178,20009163,20009148,20009133,20009118,20009103
12465,20009224,20009209,20009194,20009179,20009164,20009149,20009134,20009119
12466,20009240,20009225,20009210,20009195,20009180,20009165,20009150,20009135
12467,20009256,20009241,20009226,20009211,20009196,20009181,20009166,20009151
12468,20009272,20009257,20009242,20009227,20009212,20009197,20009182,20009167
12469,20009288,20009273,20009258,20009243,20009228,20009213,20009198,20009183
12470,20009304,20009289,20009274,20009259,20009244,20009229,20009214,20009199
12471,20009320,20009305,20009290,20009275,20009260,20009245,20009230,20009215
12472,20009336,20009321,20009306,20009291,20009276,20009261,20009246,20009231
12473,20009352,20009337,20009322,20009307,20009292,20009277,20009262,20009247
12474,20009368,20009353,20009338,20009323,20009308,20009293,20009278,20009263
12475,20009384,20009369,20009354,20009339,20009324,20009309,20009294,20009279
12476,20009400,20009385,20009370,20009355,20009340,20009325,20009310,20009295
12477,20009416,20009401,20009386,20009371,20009356,20009341,20009326,20009311
12478,20009432,20009417,20009402,20009387,20009372,20009357,20009342,20009327
12479,20009448,20009433,20009418,20009403,20009388,20009373,20009358,20009343
12480,20009464,20009449,20009434,20009419,20009404,20009389,20009374,20009359
12481,20009480,20009465,20009450,20009435,20009420,20009405,20009390,20009375
12482,20009496,20009481,20009466,20009451,20009436,20009421,20009406,20009391
12483,20009512,20009497,20009482,20009467,20009452,20009437,20009422,20009407
12484,20009528,20009513,20009498,20009483,20009468,20009453,20009438,20009423
12485,20009544,20009529,20009514,20009499,20009484,20009469,20009454,20009439
12486,20009560,20009545,20009530,20009515,20009500,20009485,20009470,20009455
12487,20009576,20009561,20009546,20009531,20009516,20009501,20009486,20009471
12488,20009592,20009577,20009562,20009547,20009532,20009517,20009502,20009487
12489,20009608,20009593,20009578,20009563,20009548,20009533,20009518,20009503
12490,20009624,20009609,20009594,20009579,20009564,20009549,20009534,20009519
12491,20009640,20009625,20009610,20009595,20009580,20009565,20009550,20009535
12492,20009656,20009641,20009626,20009611,20009596,20009581,20009566,20009551
12493,20009672,20009657,20009642,20009627,20009612,20009597,20009582,20009567
12494,20009688,20009673,20009658,20009643,20009628,20009613,20009598,20009583
12495,20009704,20009689,20009674,20009659,20009644,20009629,20009614,20009599
12496,20009720,20009705,20009690,20009675,20009660,20009645,20009630,20009615
12497,20009736,20009721,20009706,20009691,20009676,20009661,20009646,20009631
12498,20009752,20009737,20009722,20009707,20009692,20009677,20009662,20009647
12499,20009768,20009753,20009738,20009723,20009708,20009693,20009678,20009663
12500,20009784,20009769,20009754,20009739,20009724,20009709,20009694,20009679
12501,20009800,20009785,20009770,20009755,20009740,20009725,20009710,20009695
12502,20009816,20009801,20009786,20009771,20009756,20009741,20009726,20009711
12503,20009832,20009817,20009802,20009787,20009772,20009757,20009742,20009727
12504,20009848,20009833,20009818,20009803,20009788,20009773,20009758,20009743
12505,20009864,20009849,20009834,20009819,20009804,20009789,20009774,20009759
12506,20009880,20009865,20009850,20009835,20009820,20009805,20009790,20009775
12507,20009896,20009881,20009866,20009851,20009836,20009821,20009806,20009791
12508,20009912,20009897,20009882,20009867,20009852,20009837,20009822,20009807
12509,20009928,20009913,20009898,20009883,20009868,20009853,20009838,20009823
12510,20009944,20009929,20009914,20009899,20009884,20009869,20009854,20009839
12511,20009960,20009945,20009930,20009915,20009900,20009885,20009870,20009855
12512,20009976,20009961,20009946,20009931,20009916,20009901,20009886,20009871
12513,20009992,20009977,20009962,20009947,20009932,20009917,20009902,20009887
12514,20010008,20009993,20009978,20009963,20009948,20009933,20009918,20009903
12515,20010024,20010009,20009994,20009979,20009964,20009949,20009934,20009919
12516,20010040,20010025,20010010,20009995,20009980,20009965,20009950,20009935
12517,20010056,20010041,20010026,20010011,20009996,20009981,20009966,20009951
12518,20010072,20010057,20010042,20010027,20010012,20009997,20009982,20009967
12519,20010088,20010073,20010058,20010043,20010028,20010013,20009998,20009983
12520,20010104,20010089,20010074,20010059,20010044,20010029,20010014,20009999
12521,20010120,20010105,20010090,20010075,20010060,20010045,20010030,20010015
12522,20010136,20010121,20010106,20010091,20010076,20010061,20010046,20010031
12523,20010152,20010137,20010122,20010107,20010092,20010077,20010062,20010047
12524,20010168,20010153,20010138,20010123,20010108,20010093,20010078,20010063
12525,20010184,20010169,20010154,20010139,20010124,20010109,20010094,20010079
12526,20010200,20010185,20010170,20010155,20010140,20010125,20010110,20010095
12527,20010216,20010201,20010186,20010171,20010156,20010141,20010126,20010111
12528,20010232,20010217,20010202,20010187,20010172,20010157,20010142,20010127
12529,20010248,20010233,20010218,20010203,20010188,20010173,20010158,20010143
12530,20010264,20010249,20010234,20010219,20010204,20010189,20010174,20010159
12531,20010280,20010265,20010250,20010235,20010220,20010205,20010190,20010175
12532,20010296,20010281,20010266,20010251,20010236,20010221,20010206,20010191
12533,20010312,20010297,20010282,20010267,20010252,20010237,20010222,20010207
12534,20010328,20010313,20010298,20010283,20010268,20010253,20010238,20010223
12535,20010344,20010329,20010314,20010299,20010284,20010269,20010254,20010239
12536,20010360,20010345,20010330,20010315,20010300,20010285,20010270,20010255
12537,20010376,20010361,20010346,20010331,20010316,20010301,20010286,20010271
12538,20010392,20010377,20010362,20010347,20010332,20010317,20010302,20010287
12539,20010408,20010393,20010378,20010363,20010348,20010333,20010318,20010303
12540,20010424,20010409,20010394,20010379,20010364,20010349,20010334,20010319
12541,20010440,20010425,20010410,20010395,20010380,20010365,20010350,20010335
12542,20010456,20010441,20010426,20010411,20010396,20010381,20010366,20010351
12543,20010472,20010457,20010442,20010427,20010412,20010397,20010382,20010367
12544,20010488,20010473,20010458,20010443,20010428,20010413,20010398,20010383
12545,20010504,20010489,20010474,20010459,20010444,20010429,20010414,20010399
12546,20010520,20010505,20010490,20010475,20010460,20010445,20010430,20010415
12547,20010536,20010521,20010506,20010491,20010476,20010461,20010446,20010431
12548,20010552,20010537,20010522,20010507,20010492,20010477,20010462,20010447
12549,20010568,20010553,20010538,20010523,20010508,20010493,20010478,20010463
12550,20010584,20010569,20010554,20010539,20010524,20010509,20010494,20010479
12551,20010600,20010585,20010570,20010555,20010540,20010525,20010510,20010495
12552,20010616,20010601,20010586,20010571,20010556,20010541,20010526,20010511
12553,20010632,20010617,20010602,20010587,20010572,20010557,20010542,20010527
12554,20010648,20010633,20010618,20010603,20010588,20010573,20010558,20010543
12555,20010664,20010649,20010634,20010619,20010604,20010589,20010574,20010559
12556,20010680,20010665,20010650,20010635,20010620,20010605,20010590,20010575
12557,20010696,20010681,20010666,20010651,20010636,20010621,20010606,20010591
12558,20010712,20010697,20010682,20010667,20010652,20010637,20010622,20010607
12559,20010728,20010713,20010698,20010683,20010668,20010653,20010638,20010623
12560,20010744,20010729,20010714,20010699,20010684,20010669,20010654,20010639
12561,20010760,20010745,20010730,20010715,20010700,20010685,20010670,20010655
12562,20010776,20010761,20010746,20010731,20010716,20010701,20010686,20010671
12563,20010792,20010777,20010762,20010747,20010732,20010717,20010702,20010687
12564,20010808,20010793,20010778,20010763,20010748,20010733,20010718,20010703
12565,20010824,20010809,20010794,20010779,20010764,20010749,20010734,20010719
12566,20010840,20010825,20010810,20010795,20010780,20010765,20010750,20010735
12567,20010856,20010841,20010826,20010811,20010796,20010781,20010766,20010751
12568,20010872,20010857,20010842,20010827,20010812,20010797,20010782,20010767
12569,20010888,20010873,20010858,20010843,20010828,20010813,20010798,20010783
12570,20010904,20010889,20010874,20010859,20010844,20010829,20010814,20010799
12571,20010920,20010905,20010890,20010875,20010860,20010845,20010830,20010815
12572,20010936,20010921,20010906,20010891,20010876,20010861,20010846,20010831
12573,20010952,20010937,20010922,20010907,20010892,20010877,20010862,20010847
12574,20010968,20010953,20010938,20010923,20010908,20010893,20010878,20010863
12575,20010984,20010969,20010954,20010939,20010924,20010909,20010894,20010879
12576,20011000,20010985,20010970,20010955,20010940,20010925,20010910,20010895
12577,20011016,20011001,20010986,20010971,20010956,20010941,20010926,20010911
12578,20011032,20011017,20011002,20010987,20010972,20010957,20010942,20010927
12579,20011048,20011033,20011018,20011003,20010988,20010973,20010958,20010943
12580,20011064,20011049,20011034,20011019,20011004,20010989,20010974,20010959
12581,20011080,20011065,20011050,20011035,20011020,20011005,20010990,20010975
12582,20011096,20011081,20011066,20011051,20011036,20011021,20011006,20010991
12583,20011112,20011097,20011082,20011067,20011052,20011037,20011022,20011007
12584,20011128,20011113,20011098,20011083,20011068,20011053,20011038,20011023
12585,20011144,20011129,20011114,20011099,20011084,20011069,20011054,20011039
12586,20011160,20011145,20011130,20011115,20011100,20011085,20011070,20011055
12587,20011176,20011161,20011146,20011131,20011116,20011101,20011086,20011071
12588,20011192,20011177,20011162,20011147,20011132,20011117,20011102,20011087
12589,20011208,20011193,20011178,20011163,20011148,20011133,20011118,20011103
12590,20011224,20011209,20011194,20011179,20011164,20011149,20011134,20011119
12591,20011240,20011225,20011210,20011195,20011180,20011165,20011150,20011135
12592,20011256,20011241,20011226,20011211,20011196,20011181,20011166,20011151
12593,20011272,20011257,20011242,20011227,20011212,20011197,20011182,20011167
12594,20011288,20011273,20011258,20011243,20011228,20011213,20011198,20011183
12595,20011304,20011289,20011274,20011259,20011244,20011229,20011214,20011199
12596,20011320,20011305,20011290,20011275,20011260,20011245,20011230,20011215
12597,20011336,20011321,20011306,20011291,20011276,20011261,20011246,20011231
12598,20011352,20011337,20011322,20011307,20011292,20011277,20011262,20011247
12599,20011368,20011353,20011338,20011323,20011308,20011293,20011278,20011263
12600,20011384,20011369,20011354,20011339,20011324,20011309,20011294,20011279
12601,20011400,20011385,20011370,20011355,20011340,20011325,20011310,20011295
12602,20011416,20011401,20011386,20011371,20011356,20011341,20011326,20011311
12603,20011432,20011417,20011402,20011387,20011372,20011357,20011342,20011327
12604,20011448,20011433,20011418,20011403,20011388,20011373,20011358,20011343
12605,20011464,20011449,20011434,20011419,20011404,20011389,20011374,20011359
12606,20011480,20011465,20011450,20011435,20011420,20011405,20011390,20011375
12607,20011496,20011481,20011466,20011451,20011436,20011421,20011406,20011391
12608,20011512,20011497,20011482,20011467,20011452,20011437,20011422,20011407
12609,20011528,20011513,20011498,20011483,20011468,20011453,20011438,20011423
12610,20011544,20011529,20011514,20011499,20011484,20011469,20011454,20011439
12611,20011560,20011545,20011530,20011515,20011500,20011485,20011470,20011455
12612,20011576,20011561,20011546,20011531,20011516,20011501,20011486,20011471
12613,20011592,20011577,20011562,20011547,20011532,20011517,20011502,20011487
12614,20011608,20011593,20011578,20011563,20011548,20011533,20011518,20011503
12615,20011624,20011609,20011594,20011579,20011564,20011549,20011534,20011519
12616,20011640,20011625,20011610,20011595,20011580,20011565,20011550,20011535
12617,20011656,20011641,20011626,20011611,20011596,20011581,20011566,20011551
12618,20011672,20011657,20011642,20011627,20011612,20011597,20011582,20011567
12619,20011688,20011673,20011658,20011643,20011628,20011613,20011598,20011583
12620,20011704,20011689,20011674,20011659,20011644,20011629,20011614,20011599
12621,20011720,20011705,20011690,20011675,20011660,20011645,20011630,20011615
12622,20011736,20011721,20011706,20011691,20011676,20011661,20011646,20011631
12623,20011752,20011737,20011722,20011707,20011692,20011677,20011662,20011647
12624,20011768,20011753,20011738,20011723,20011708,20011693,20011678,20011663
12625,20011784,20011769,20011754,20011739,20011724,20011709,20011694,20011679
12626,20011800,20011785,20011770,20011755,20011740,20011725,20011710,20011695
12627,20011816,20011801,20011786,20011771,20011756,20011741,20011726,20011711
12628,20011832,20011817,20011802,20011787,20011772,20011757,20011742,20011727
12629,20011848,20011833,20011818,20011803,20011788,20011773,20011758,20011743
12630,20011864,20011849,20011834,20011819,20011804,20011789,20011774,20011759
12631,20011880,20011865,20011850,20011835,20011820,20011805,20011790,20011775
12632,20011896,20011881,20011866,20011851,20011836,20011821,20011806,20011791
12633,20011912,20011897,20011882,20011867,20011852,20011837,20011822,20011807
12634,20011928,20011913,20011898,20011883,20011868,20011853,20011838,20011823
12635,20011944,20011929,20011914,20011899,20011884,20011869,20011854,20011839
12636,20011960,20011945,20011930,20011915,20011900,20011885,20011870,20011855
12637,20011976,20011961,20011946,20011931,20011916,20011901,20011886,20011871
12638,20011992,20011977,20011962,20011947,20011932,20011917,20011902,20011887
12639,20012008,20011993,20011978,20011963,20011948,20011933,20011918,20011903
12640,20012024,20012009,20011994,20011979,20011964,20011949,20011934,20011919
12641,20012040,20012025,20012010,20011995,20011980,20011965,20011950,20011935
12642,20012056,20012041,20012026,20012011,20011996,20011981,20011966,20011951
12643,20012072,20012057,20012042,20012027,20012012,20011997,20011982,20011967
12644,20012088,20012073,20012058,20012043,20012028,20012013,20011998,20011983
12645,20012104,20012089,20012074,20012059,20012044,20012029,20012014,20011999
12646,20012120,20012105,20012090,20012075,20012060,20012045,20012030,20012015
12647,20012136,20012121,20012106,20012091,20012076,20012061,20012046,20012031
12648,20012152,20012137,20012122,20012107,20012092,20012077,20012062,20012047
12649,20012168,20012153,20012138,20012123,20012108,20012093,20012078,20012063
12650,20012184,20012169,20012154,20012139,20012124,20012109,20012094,20012079
12651,20012200,20012185,20012170,20012155,20012140,20012125,20012110,20012095
12652,20012216,20012201,20012186,20012171,20012156,20012141,20012126,20012111
12653,20012232,20012217,20012202,20012187,20012172,20012157,20012142,20012127
12654,20012248,20012233,20012218,20012203,20012188,20012173,20012158,20012143
12655,20012264,20012249,20012234,20012219,20012204,20012189,20012174,20012159
12656,20012280,20012265,20012250,20012235,20012220,20012205,20012190,20012175
12657,20012296,20012281,20012266,20012251,20012236,20012221,20012206,20012191
12658,20012312,20012297,20012282,20012267,20012252,20012237,20012222,20012207
12659,20012328,20012313,20012298,20012283,20012268,20012253,20012238,20012223
12660,20012344,20012329,20012314,20012299,20012284,20012269,20012254,20012239
12661,20012360,20012345,20012330,20012315,20012300,20012285,20012270,20012255
12662,20012376,20012361,20012346,20012331,20012316,20012301,20012286,20012271
12663,20012392,20012377,20012362,20012347,20012332,20012317,20012302,20012287
12664,20012408,20012393,20012378,20012363,20012348,20012333,20012318,20012303
12665,20012424,20012409,20012394,20012379,20012364,20012349,20012334,20012319
12666,20012440,20012425,20012410,20012395,20012380,20012365,20012350,20012335
12667,20012456,20012441,20012426,20012411,20012396,20012381,20012366,20012351
12668,20012472,20012457,20012442,20012427,20012412,20012397,20012382,20012367
12669,20012488,20012473,20012458,20012443,20012428,20012413,20012398,20012383
12670,20012504,20012489,20012474,20012459,20012444,20012429,20012414,20012399
12671,20012520,20012505,20012490,20012475,20012460,20012445,20012430,20012415
12672,20012536,20012521,20012506,20012491,20012476,20012461,20012446,20012431
12673,20012552,20012537,20012522,20012507,20012492,20012477,20012462,20012447
12674,20012568,20012553,20012538,20012523,20012508,20012493,20012478,20012463
12675,20012584,20012569,20012554,20012539,20012524,20012509,20012494,20012479
12676,20012600,20012585,20012570,20012555,20012540,20012525,20012510,20012495
12677,20012616,20012601,20012586,20012571,20012556,20012541,20012526,20012511
12678,20012632,20012617,20012602,20012587,20012572,20012557,20012542,20012527
12679,20012648,20012633,20012618,20012603,20012588,20012573,20012558,20012543
12680,20012664,20012649,20012634,20012619,20012604,20012589,20012574,20012559
12681,20012680,20012665,20012650,20012635,20012620,20012605,20012590,20012575
12682,20012696,20012681,20012666,20012651,20012636,20012621,20012606,20012591
12683,20012712,20012697,20012682,20012667,20012652,20012637,20012622,20012607
12684,20012728,20012713,20012698,20012683,20012668,20012653,20012638,20012623
12685,20012744,20012729,20012714,20012699,20012684,20012669,20012654,20012639
12686,20012760,20012745,20012730,20012715,20012700,20012685,20012670,20012655
12687,20012776,20012761,20012746,20012731,20012716,20012701,20012686,20012671
12688,20012792,20012777,20012762,20012747,20012732,20012717,20012702,20012687
12689,20012808,20012793,20012778,20012763,20012748,20012733,20012718,20012703
12690,20012824,20012809,20012794,20012779,20012764,20012749,20012734,20012719
12691,20012840,20012825,20012810,20012795,20012780,20012765,20012750,20012735
12692,20012856,20012841,20012826,20012811,20012796,20012781,20012766,20012751
12693,20012872,20012857,20012842,20012827,20012812,20012797,20012782,20012767
12694,20012888,20012873,20012858,20012843,20012828,20012813,20012798,20012783
12695,20012904,20012889,20012874,20012859,20012844,20012829,20012814,20012799
12696,20012920,20012905,20012890,20012875,20012860,20012845,20012830,20012815
12697,20012936,20012921,20012906,20012891,20012876,20012861,20012846,20012831
12698,20012952,20012937,20012922,20012907,20012892,20012877,20012862,20012847
12699,20012968,20012953,20012938,20012923,20012908,20012893,20012878,20012863
12700,20012984,20012969,20012954,20012939,20012924,20012909,20012894,20012879
12701,20013000,20012985,20012970,20012955,20012940,20012925,20012910,20012895
12702,20013016,20013001,20012986,20012971,20012956,20012941,20012926,20012911
12703,20013032,20013017,20013002,20012987,20012972,20012957,20012942,20012927
12704,20013048,20013033,20013018,20013003,20012988,20012973,20012958,20012943
12705,20013064,20013049,20013034,20013019,20013004,20012989,20012974,20012959
12706,20013080,20013065,20013050,20013035,20013020,20013005,20012990,20012975
12707,20013096,20013081,20013066,20013051,20013036,20013021,20013006,20012991
12708,20013112,20013097,20013082,20013067,20013052,20013037,20013022,20013007
12709,20013128,20013113,20013098,20013083,20013068,20013053,20013038,20013023
12710,20013144,20013129,20013114,20013099,20013084,20013069,20013054,20013039
12711,20013160,20013145,20013130,20013115,20013100,20013085,20013070,20013055
12712,20013176,20013161,20013146,20013131,20013116,20013101,20013086,20013071
12713,20013192,20013177,20013162,20013147,20013132,20013117,20013102,20013087
12714,20013208,20013193,20013178,20013163,20013148,20013133,20013118,20013103
12715,20013224,20013209,20013194,20013179,20013164,20013149,20013134,20013119
12716,20013240,20013225,20013210,20013195,20013180,20013165,20013150,20013135
12717,20013256,20013241,20013226,20013211,20013196,20013181,20013166,20013151
12718,20013272,20013257,20013242,20013227,20013212,20013197,20013182,20013167
12719,20013288,20013273,20013258,20013243,20013228,20013213,20013198,20013183
12720,20013304,20013289,20013274,20013259,20013244,20013229,20013214,20013199
12721,20013320,20013305,20013290,20013275,20013260,20013245,20013230,20013215
12722,20013336,20013321,20013306,20013291,20013276,20013261,20013246,20013231
12723,20013352,20013337,20013322,20013307,20013292,20013277,20013262,20013247
12724,20013368,20013353,20013338,20013323,20013308,20013293,20013278,20013263
12725,20013384,20013369,20013354,20013339,20013324,20013309,20013294,20013279
12726,20013400,20013385,20013370,20013355,20013340,20013325,20013310,20013295
12727,20013416,20013401,20013386,20013371,20013356,20013341,20013326,20013311
12728,20013432,20013417,20013402,20013387,20013372,20013357,20013342,20013327
12729,20013448,20013433,20013418,20013403,20013388,20013373,20013358,20013343
12730,20013464,20013449,20013434,20013419,20013404,20013389,20013374,20013359
12731,20013480,20013465,20013450,20013435,20013420,20013405,20013390,20013375
12732,20013496,20013481,20013466,20013451,20013436,20013421,20013406,20013391
12733,20013512,20013497,20013482,20013467,20013452,20013437,20013422,20013407
12734,20013528,20013513,20013498,20013483,20013468,20013453,20013438,20013423
12735,20013544,20013529,20013514,20013499,20013484,20013469,20013454,20013439
12736,20013560,20013545,20013530,20013515,20013500,20013485,20013470,20013455
12737,20013576,20013561,20013546,20013531,20013516,20013501,20013486,20013471
12738,20013592,20013577,20013562,20013547,20013532,20013517,20013502,20013487
12739,20013608,20013593,20013578,20013563,20013548,20013533,20013518,20013503
12740,20013624,20013609,20013594,20013579,20013564,20013549,20013534,20013519
12741,20013640,20013625,20013610,20013595,20013580,20013565,20013550,20013535
12742,20013656,20013641,20013626,20013611,20013596,20013581,20013566,20013551
12743,20013672,20013657,20013642,20013627,20013612,20013597,20013582,20013567
12744,20013688,20013673,20013658,20013643,20013628,20013613,20013598,20013583
12745,20013704,20013689,20013674,20013659,20013644,20013629,20013614,20013599
12746,20013720,20013705,20013690,20013675,20013660,20013645,20013630,20013615
12747,20013736,20013721,20013706,20013691,20013676,20013661,20013646,20013631
12748,20013752,20013737,20013722,20013707,20013692,20013677,20013662,20013647
12749,20013768,20013753,20013738,20013723,20013708,20013693,20013678,20013663
12750,20013784,20013769,20013754,20013739,20013724,20013709,20013694,20013679
12751,20013800,20013785,20013770,20013755,20013740,20013725,20013710,20013695
12752,20013816,20013801,20013786,20013771,20013756,20013741,20013726,20013711
12753,20013832,20013817,20013802,20013787,20013772,20013757,20013742,20013727
12754,20013848,20013833,20013818,20013803,20013788,20013773,20013758,20013743
12755,20013864,20013849,20013834,20013819,20013804,20013789,20013774,20013759
12756,20013880,20013865,20013850,20013835,20013820,20013805,20013790,20013775
12757,20013896,20013881,20013866,20013851,20013836,20013821,20013806,20013791
12758,20013912,20013897,20013882,20013867,20013852,20013837,20013822,20013807
12759,20013928,20013913,20013898,20013883,20013868,20013853,20013838,20013823
12760,20013944,20013929,20013914,20013899,20013884,20013869,20013854,20013839
12761,20013960,20013945,20013930,20013915,20013900,20013885,20013870,20013855
12762,20013976,20013961,20013946,20013931,20013916,20013901,20013886,20013871
12763,20013992,20013977,20013962,20013947,20013932,20013917,20013902,20013887
12764,20014008,20013993,20013978,20013963,20013948,20013933,20013918,20013903
12765,20014024,20014009,20013994,20013979,20013964,20013949,20013934,20013919
12766,20014040,20014025,20014010,20013995,20013980,20013965,20013950,20013935
12767,20014056,20014041,20014026,20014011,20013996,20013981,20013966,20013951
12768,20014072,20014057,20014042,20014027,20014012,20013997,20013982,20013967
12769,20014088,20014073,20014058,20014043,20014028,20014013,20013998,20013983
12770,20014104,20014089,20014074,20014059,20014044,20014029,20014014,20013999
12771,20014120,20014105,20014090,20014075,20014060,20014045,20014030,20014015
12772,20014136,20014121,20014106,20014091,20014076,20014061,20014046,20014031
12773,20014152,20014137,20014122,20014107,20014092,20014077,20014062,20014047
12774,20014168,20014153,20014138,20014123,20014108,20014093,20014078,20014063
12775,20014184,20014169,20014154,20014139,20014124,20014109,20014094,20014079
12776,20014200,20014185,20014170,20014155,20014140,20014125,20014110,20014095
12777,20014216,20014201,20014186,20014171,20014156,20014141,20014126,20014111
12778,20014232,20014217,20014202,20014187,20014172,20014157,20014142,20014127
12779,20014248,20014233,20014218,20014203,20014188,20014173,20014158,20014143
12780,20014264,20014249,20014234,20014219,20014204,20014189,20014174,20014159
12781,20014280,20014265,20014250,20014235,20014220,20014205,20014190,20014175
12782,20014296,20014281,20014266,20014251,20014236,20014221,20014206,20014191
12783,20014312,20014297,20014282,20014267,20014252,20014237,20014222,20014207
12784,20014328,20014313,20014298,20014283,20014268,20014253,20014238,20014223
12785,20014344,20014329,20014314,20014299,20014284,20014269,20014254,20014239
12786,20014360,20014345,20014330,20014315,20014300,20014285,20014270,20014255
12787,20014376,20014361,20014346,20014331,20014316,20014301,20014286,20014271
12788,20014392,20014377,20014362,20014347,20014332,20014317,20014302,20014287
12789,-1,20014393,20014378,20014363,20014348,20014333,20014318,20014303
12790,-1,-1,20014394,20014379,20014364,20014349,20014334,20014319
12791,-1,-1,-1,20014395,20014380,20014365,20014350,20014335
12792,-1,-1,-1,-1,20014396,20014381,20014366,20014351
12793,-1,-1,-1,-1,-1,20014397,20014382,20014367
12794,-1,-1,-1,-1,-1,-1,20014398,20014383
12795,-1,-1,-1,-1,-1,-1,-1,20014399
